cluster_id,size,strategy_id,market,timeframe,direction,family
EURUSD_H1_1,80,SQX-EURUSD-H1-0face05f9beb,EURUSD,H1,LONG,Trend+Volatility+Structure
EURUSD_H1_1,80,SQX-EURUSD-H1-0ff30f8030f2,EURUSD,H1,LONG,Trend+Volatility+Structure
EURUSD_H1_1,80,SQX-EURUSD-H1-158b165eb132,EURUSD,H1,LONG,Trend+Momentum+Volatility+Structure
EURUSD_H1_1,80,SQX-EURUSD-H1-1a7ebfcf53d5,EURUSD,H1,LONG,Trend+Volatility+Structure
EURUSD_H1_1,80,SQX-EURUSD-H1-35730a0c5b13,EURUSD,H1,LONG,Trend+Volatility+Structure
EURUSD_H1_1,80,SQX-EURUSD-H1-369cb03c33cf,EURUSD,H1,LONG,Trend+Volatility+Structure
EURUSD_H1_1,80,SQX-EURUSD-H1-371397b6d636,EURUSD,H1,LONG,Trend+Volatility+Structure
EURUSD_H1_1,80,SQX-EURUSD-H1-3845266e4399,EURUSD,H1,LONG,Trend+Volatility+Structure
EURUSD_H1_1,80,SQX-EURUSD-H1-3c2d38e3d884,EURUSD,H1,LONG,Trend+Volatility+Structure
EURUSD_H1_1,80,SQX-EURUSD-H1-3eb205f70ccd,EURUSD,H1,LONG,Trend+Volatility+Structure
EURUSD_H1_1,80,SQX-EURUSD-H1-3fd7cd6dc1e6,EURUSD,H1,LONG,Trend+Volatility+Structure
EURUSD_H1_1,80,SQX-EURUSD-H1-4314d5992ce8,EURUSD,H1,LONG,Trend+Volatility+Structure
EURUSD_H1_1,80,SQX-EURUSD-H1-473b5ddd5c2c,EURUSD,H1,LONG,Trend+Volatility+Structure
EURUSD_H1_1,80,SQX-EURUSD-H1-5062d75b5317,EURUSD,H1,LONG,Trend+Volatility+Structure
EURUSD_H1_1,80,SQX-EURUSD-H1-512975c608b1,EURUSD,H1,LONG,Trend+Volatility+Structure
EURUSD_H1_1,80,SQX-EURUSD-H1-52254ad805dd,EURUSD,H1,LONG,Trend+Volatility+Structure
EURUSD_H1_1,80,SQX-EURUSD-H1-52a79ad95ab8,EURUSD,H1,LONG,Trend+Volatility+Structure
EURUSD_H1_1,80,SQX-EURUSD-H1-538b1d01082b,EURUSD,H1,LONG,Trend+Volatility+Structure
EURUSD_H1_1,80,SQX-EURUSD-H1-54a70ed9ea8c,EURUSD,H1,LONG,Trend+Volatility+Structure
EURUSD_H1_1,80,SQX-EURUSD-H1-572f34392ebd,EURUSD,H1,LONG,Trend+Volatility+Structure
EURUSD_H1_1,80,SQX-EURUSD-H1-57fad502f8e3,EURUSD,H1,LONG,Trend+Momentum+Volatility+Structure
EURUSD_H1_1,80,SQX-EURUSD-H1-5c2d11431949,EURUSD,H1,LONG,Trend+Volatility+Structure
EURUSD_H1_1,80,SQX-EURUSD-H1-5e8878fede9b,EURUSD,H1,LONG,Trend+Momentum+Volatility+Structure
EURUSD_H1_1,80,SQX-EURUSD-H1-6657987df993,EURUSD,H1,LONG,Trend+Volatility+Structure
EURUSD_H1_1,80,SQX-EURUSD-H1-698cb6ee8d81,EURUSD,H1,LONG,Trend+Volatility+Structure
EURUSD_H1_1,80,SQX-EURUSD-H1-6a61f3437187,EURUSD,H1,LONG,Trend+Volatility+Structure
EURUSD_H1_1,80,SQX-EURUSD-H1-6c74e8fded4e,EURUSD,H1,LONG,Trend+Volatility+Structure
EURUSD_H1_1,80,SQX-EURUSD-H1-6ee27de01d48,EURUSD,H1,LONG,Trend+Volatility+Structure
EURUSD_H1_1,80,SQX-EURUSD-H1-7134c6906e05,EURUSD,H1,LONG,Trend+Volatility+Structure
EURUSD_H1_1,80,SQX-EURUSD-H1-72998dd6a402,EURUSD,H1,LONG,Trend+Volatility+Structure
EURUSD_H1_1,80,SQX-EURUSD-H1-739c06e86eed,EURUSD,H1,LONG,Trend+Volatility+Structure
EURUSD_H1_1,80,SQX-EURUSD-H1-749c789d154e,EURUSD,H1,LONG,Trend+Volatility+Structure
EURUSD_H1_1,80,SQX-EURUSD-H1-7bd216c88706,EURUSD,H1,LONG,Trend+Volatility+Structure
EURUSD_H1_1,80,SQX-EURUSD-H1-820a34ef19e1,EURUSD,H1,LONG,Trend+Volatility+Structure
EURUSD_H1_1,80,SQX-EURUSD-H1-829846fbbb7a,EURUSD,H1,LONG,Trend+Volatility+Structure
EURUSD_H1_1,80,SQX-EURUSD-H1-84baac17c749,EURUSD,H1,LONG,Trend+Volatility+Structure
EURUSD_H1_1,80,SQX-EURUSD-H1-891cc9ed75da,EURUSD,H1,LONG,Trend+Volatility+Structure
EURUSD_H1_1,80,SQX-EURUSD-H1-8aecad29d141,EURUSD,H1,LONG,Trend+Momentum+Volatility+Structure
EURUSD_H1_1,80,SQX-EURUSD-H1-8e055c198662,EURUSD,H1,LONG,Trend+Momentum+Volatility+Structure
EURUSD_H1_1,80,SQX-EURUSD-H1-8e583a958d1e,EURUSD,H1,LONG,Trend+Volatility+Structure
EURUSD_H1_1,80,SQX-EURUSD-H1-92aa94a684dc,EURUSD,H1,LONG,Trend+Volatility+Structure
EURUSD_H1_1,80,SQX-EURUSD-H1-93676ee54ff8,EURUSD,H1,LONG,Trend+Volatility+Structure
EURUSD_H1_1,80,SQX-EURUSD-H1-989b7c1e7d7e,EURUSD,H1,LONG,Trend+Volatility+Structure
EURUSD_H1_1,80,SQX-EURUSD-H1-9be49ca363f1,EURUSD,H1,LONG,Trend+Volatility+Structure
EURUSD_H1_1,80,SQX-EURUSD-H1-9d08f7aae283,EURUSD,H1,LONG,Trend+Volatility+Structure
EURUSD_H1_1,80,SQX-EURUSD-H1-9d48905dcb43,EURUSD,H1,LONG,Trend+Volatility+Structure
EURUSD_H1_1,80,SQX-EURUSD-H1-9e253c0eaa68,EURUSD,H1,LONG,Trend+Momentum+Volatility+Structure
EURUSD_H1_1,80,SQX-EURUSD-H1-a53501d95e1a,EURUSD,H1,LONG,Trend+Volatility+Structure
EURUSD_H1_1,80,SQX-EURUSD-H1-a55790d4e8eb,EURUSD,H1,LONG,Trend+Volatility+Structure
EURUSD_H1_1,80,SQX-EURUSD-H1-a964eb2b0622,EURUSD,H1,LONG,Trend+Momentum+Volatility+Structure
EURUSD_H1_1,80,SQX-EURUSD-H1-ac630c7878af,EURUSD,H1,LONG,Trend+Volatility+Structure
EURUSD_H1_1,80,SQX-EURUSD-H1-ac800cb7b57d,EURUSD,H1,LONG,Trend+Volatility+Structure
EURUSD_H1_1,80,SQX-EURUSD-H1-b04855947152,EURUSD,H1,LONG,Trend+Volatility+Structure
EURUSD_H1_1,80,SQX-EURUSD-H1-b0a89dea5f4e,EURUSD,H1,LONG,Trend+Volatility+Structure
EURUSD_H1_1,80,SQX-EURUSD-H1-b1367830484c,EURUSD,H1,LONG,Trend+Volatility+Structure
EURUSD_H1_1,80,SQX-EURUSD-H1-b21e1a255268,EURUSD,H1,LONG,Trend+Volatility+Structure
EURUSD_H1_1,80,SQX-EURUSD-H1-b430bf0d3b50,EURUSD,H1,LONG,Trend+Momentum+Volatility+Structure
EURUSD_H1_1,80,SQX-EURUSD-H1-b4f2268d98e1,EURUSD,H1,LONG,Trend+Volatility+Structure
EURUSD_H1_1,80,SQX-EURUSD-H1-b9139bca06c0,EURUSD,H1,LONG,Trend+Volatility+Structure
EURUSD_H1_1,80,SQX-EURUSD-H1-bb0d20a7c141,EURUSD,H1,LONG,Trend+Volatility+Structure
EURUSD_H1_1,80,SQX-EURUSD-H1-c3d3c852999d,EURUSD,H1,LONG,Trend+Volatility+Structure
EURUSD_H1_1,80,SQX-EURUSD-H1-c6d8625a4a1e,EURUSD,H1,LONG,Trend+Volatility+Structure
EURUSD_H1_1,80,SQX-EURUSD-H1-ca5a10b690e7,EURUSD,H1,LONG,Trend+Volatility+Structure
EURUSD_H1_1,80,SQX-EURUSD-H1-ce4f646aef03,EURUSD,H1,LONG,Trend+Momentum+Volatility+Structure
EURUSD_H1_1,80,SQX-EURUSD-H1-ce9f7fc2a8e2,EURUSD,H1,LONG,Trend+Volatility+Structure
EURUSD_H1_1,80,SQX-EURUSD-H1-d0a460d3557a,EURUSD,H1,LONG,Trend+Volatility+Structure
EURUSD_H1_1,80,SQX-EURUSD-H1-d516ab90dae8,EURUSD,H1,LONG,Trend+Volatility+Structure
EURUSD_H1_1,80,SQX-EURUSD-H1-dcc6a596d35f,EURUSD,H1,LONG,Trend+Volatility+Structure
EURUSD_H1_1,80,SQX-EURUSD-H1-e0d0ce898b3c,EURUSD,H1,LONG,Trend+Momentum+Volatility+Structure
EURUSD_H1_1,80,SQX-EURUSD-H1-e1230d425a84,EURUSD,H1,LONG,Trend+Volatility+Structure
EURUSD_H1_1,80,SQX-EURUSD-H1-e34f5f26c53a,EURUSD,H1,LONG,Trend+Volatility+Structure
EURUSD_H1_1,80,SQX-EURUSD-H1-e39644c18cad,EURUSD,H1,LONG,Trend+Volatility+Structure
EURUSD_H1_1,80,SQX-EURUSD-H1-e4dc380a0d8b,EURUSD,H1,LONG,Trend+Volatility+Structure
EURUSD_H1_1,80,SQX-EURUSD-H1-e70f66edbbee,EURUSD,H1,LONG,Trend+Momentum+Volatility+Structure
EURUSD_H1_1,80,SQX-EURUSD-H1-e7f30f047440,EURUSD,H1,LONG,Trend+Momentum+Volatility+Structure
EURUSD_H1_1,80,SQX-EURUSD-H1-f59dfce21203,EURUSD,H1,LONG,Trend+Volatility+Structure
EURUSD_H1_1,80,SQX-EURUSD-H1-f6a42924f5a9,EURUSD,H1,LONG,Trend+Volatility+Structure
EURUSD_H1_1,80,SQX-EURUSD-H1-f808a4edd862,EURUSD,H1,LONG,Trend+Volatility+Structure
EURUSD_H1_1,80,SQX-EURUSD-H1-f94d049b2649,EURUSD,H1,LONG,Trend+Volatility+Structure
EURUSD_H1_1,80,SQX-EURUSD-H1-fbb364bd664d,EURUSD,H1,LONG,Trend+Volatility+Structure
EURUSD_H1_2,41,SQX-EURUSD-H1-06b8adc57277,EURUSD,H1,LONG,Trend+Structure
EURUSD_H1_2,41,SQX-EURUSD-H1-131746b3cabf,EURUSD,H1,LONG,Trend+Momentum+Structure
EURUSD_H1_2,41,SQX-EURUSD-H1-2076fc80bade,EURUSD,H1,LONG,Trend+Structure
EURUSD_H1_2,41,SQX-EURUSD-H1-22cea93c59c5,EURUSD,H1,LONG,Trend+Structure
EURUSD_H1_2,41,SQX-EURUSD-H1-2487bb181093,EURUSD,H1,LONG,Trend+Structure
EURUSD_H1_2,41,SQX-EURUSD-H1-27d83bb94abc,EURUSD,H1,LONG,Trend+Volatility+Structure
EURUSD_H1_2,41,SQX-EURUSD-H1-2febc7e396a0,EURUSD,H1,LONG,Trend+Momentum+Structure
EURUSD_H1_2,41,SQX-EURUSD-H1-370d541c9887,EURUSD,H1,LONG,Trend+Structure
EURUSD_H1_2,41,SQX-EURUSD-H1-4a06e47591f8,EURUSD,H1,LONG,Trend+Structure
EURUSD_H1_2,41,SQX-EURUSD-H1-5506ce33b6a0,EURUSD,H1,LONG,Trend+Structure
EURUSD_H1_2,41,SQX-EURUSD-H1-598503395b60,EURUSD,H1,LONG,Trend+Structure
EURUSD_H1_2,41,SQX-EURUSD-H1-5c9fa439c871,EURUSD,H1,LONG,Trend+Structure
EURUSD_H1_2,41,SQX-EURUSD-H1-6034b7f0b31b,EURUSD,H1,LONG,Trend+Structure
EURUSD_H1_2,41,SQX-EURUSD-H1-6062eada2d73,EURUSD,H1,LONG,Trend+Structure
EURUSD_H1_2,41,SQX-EURUSD-H1-64a3cfafd0a5,EURUSD,H1,LONG,Trend+Structure
EURUSD_H1_2,41,SQX-EURUSD-H1-66daa776ee00,EURUSD,H1,LONG,Trend+Structure
EURUSD_H1_2,41,SQX-EURUSD-H1-72df4708f871,EURUSD,H1,LONG,Trend+Momentum+Structure
EURUSD_H1_2,41,SQX-EURUSD-H1-7ec826623413,EURUSD,H1,LONG,Trend+Momentum+Structure
EURUSD_H1_2,41,SQX-EURUSD-H1-8360b82a83a3,EURUSD,H1,LONG,Trend+Volatility+Structure
EURUSD_H1_2,41,SQX-EURUSD-H1-89d8f67a85a8,EURUSD,H1,LONG,Trend+Structure
EURUSD_H1_2,41,SQX-EURUSD-H1-923d4f63e735,EURUSD,H1,LONG,Trend+Volatility+Structure
EURUSD_H1_2,41,SQX-EURUSD-H1-98874968f11c,EURUSD,H1,LONG,Trend+Structure
EURUSD_H1_2,41,SQX-EURUSD-H1-ad25c6886105,EURUSD,H1,LONG,Trend+Structure
EURUSD_H1_2,41,SQX-EURUSD-H1-b27f87da9e57,EURUSD,H1,LONG,Trend+Structure
EURUSD_H1_2,41,SQX-EURUSD-H1-b5303f38dcd7,EURUSD,H1,LONG,Trend+Structure
EURUSD_H1_2,41,SQX-EURUSD-H1-b609e146a880,EURUSD,H1,LONG,Trend+Momentum+Structure
EURUSD_H1_2,41,SQX-EURUSD-H1-b79071682e13,EURUSD,H1,LONG,Trend+Structure
EURUSD_H1_2,41,SQX-EURUSD-H1-b9afd3814342,EURUSD,H1,LONG,Trend+Structure
EURUSD_H1_2,41,SQX-EURUSD-H1-bdda0f45fb60,EURUSD,H1,LONG,Trend+Structure
EURUSD_H1_2,41,SQX-EURUSD-H1-be2837e65461,EURUSD,H1,LONG,Trend+Structure
EURUSD_H1_2,41,SQX-EURUSD-H1-d42f4d565d55,EURUSD,H1,LONG,Trend+Volatility+Structure
EURUSD_H1_2,41,SQX-EURUSD-H1-dd29f429178e,EURUSD,H1,LONG,Trend+Structure
EURUSD_H1_2,41,SQX-EURUSD-H1-ddd71b6a3187,EURUSD,H1,LONG,Trend+Volatility+Structure
EURUSD_H1_2,41,SQX-EURUSD-H1-e4973683fc1f,EURUSD,H1,LONG,Trend+Structure
EURUSD_H1_2,41,SQX-EURUSD-H1-e717c30b333d,EURUSD,H1,LONG,Trend+Structure
EURUSD_H1_2,41,SQX-EURUSD-H1-ea36d3fb05eb,EURUSD,H1,LONG,Trend+Momentum+Structure
EURUSD_H1_2,41,SQX-EURUSD-H1-ec563f616230,EURUSD,H1,LONG,Trend+Structure
EURUSD_H1_2,41,SQX-EURUSD-H1-f7b7ec5a6d8d,EURUSD,H1,LONG,Trend+Structure
EURUSD_H1_2,41,SQX-EURUSD-H1-f871ed945c64,EURUSD,H1,LONG,Trend+Structure
EURUSD_H1_2,41,SQX-EURUSD-H1-f95a3d05fbc2,EURUSD,H1,LONG,Trend+Momentum+Structure
EURUSD_H1_2,41,SQX-EURUSD-H1-fd931d6dfe42,EURUSD,H1,LONG,Trend+Structure
EURUSD_H1_3,31,SQX-EURUSD-H1-077240f1e16a,EURUSD,H1,LONG,Trend
EURUSD_H1_3,31,SQX-EURUSD-H1-0a970a724deb,EURUSD,H1,LONG,Trend+Volatility
EURUSD_H1_3,31,SQX-EURUSD-H1-0cb18a584472,EURUSD,H1,LONG,Trend+Volatility
EURUSD_H1_3,31,SQX-EURUSD-H1-0e3f764afbaa,EURUSD,H1,LONG,Trend
EURUSD_H1_3,31,SQX-EURUSD-H1-2e6f075bd38f,EURUSD,H1,LONG,Trend
EURUSD_H1_3,31,SQX-EURUSD-H1-361be0def27d,EURUSD,H1,LONG,Trend+Volatility
EURUSD_H1_3,31,SQX-EURUSD-H1-384542c8f164,EURUSD,H1,LONG,Trend+Volatility
EURUSD_H1_3,31,SQX-EURUSD-H1-3b452e004d32,EURUSD,H1,LONG,Trend
EURUSD_H1_3,31,SQX-EURUSD-H1-42fd19b285f5,EURUSD,H1,LONG,Trend+Volatility
EURUSD_H1_3,31,SQX-EURUSD-H1-439080f15f63,EURUSD,H1,LONG,Trend
EURUSD_H1_3,31,SQX-EURUSD-H1-4ce070534e0d,EURUSD,H1,LONG,Trend+Volatility
EURUSD_H1_3,31,SQX-EURUSD-H1-51aa7a77dd1a,EURUSD,H1,LONG,Trend+Volatility
EURUSD_H1_3,31,SQX-EURUSD-H1-55e08103dca5,EURUSD,H1,LONG,Trend+Volatility
EURUSD_H1_3,31,SQX-EURUSD-H1-57047d7f1b99,EURUSD,H1,LONG,Trend+Volatility
EURUSD_H1_3,31,SQX-EURUSD-H1-5a99a5fabd67,EURUSD,H1,LONG,Trend+Volatility
EURUSD_H1_3,31,SQX-EURUSD-H1-8c17c9b18ffc,EURUSD,H1,LONG,Trend+Momentum
EURUSD_H1_3,31,SQX-EURUSD-H1-8db9b490a1e5,EURUSD,H1,LONG,Trend+Volatility
EURUSD_H1_3,31,SQX-EURUSD-H1-8eb722604747,EURUSD,H1,LONG,Trend+Volatility
EURUSD_H1_3,31,SQX-EURUSD-H1-990df6439ff7,EURUSD,H1,LONG,Trend+Volatility
EURUSD_H1_3,31,SQX-EURUSD-H1-a83aabae04d5,EURUSD,H1,LONG,Trend+Volatility
EURUSD_H1_3,31,SQX-EURUSD-H1-b0fd10e03a30,EURUSD,H1,LONG,Trend+Volatility
EURUSD_H1_3,31,SQX-EURUSD-H1-b95dd97f5407,EURUSD,H1,LONG,Trend
EURUSD_H1_3,31,SQX-EURUSD-H1-bacda6508e28,EURUSD,H1,LONG,Trend+Volatility
EURUSD_H1_3,31,SQX-EURUSD-H1-c7eaf12ed385,EURUSD,H1,LONG,Trend
EURUSD_H1_3,31,SQX-EURUSD-H1-cf0c647ab596,EURUSD,H1,LONG,Trend+Volatility
EURUSD_H1_3,31,SQX-EURUSD-H1-d0f0b49cc9fa,EURUSD,H1,LONG,Trend
EURUSD_H1_3,31,SQX-EURUSD-H1-d681eb58b12e,EURUSD,H1,LONG,Trend
EURUSD_H1_3,31,SQX-EURUSD-H1-d7c065638e6c,EURUSD,H1,LONG,Trend
EURUSD_H1_3,31,SQX-EURUSD-H1-e99251ae0ddb,EURUSD,H1,LONG,Trend
EURUSD_H1_3,31,SQX-EURUSD-H1-f29ef03191b9,EURUSD,H1,LONG,Trend+Volatility
EURUSD_H1_3,31,SQX-EURUSD-H1-fa0aa5f9dc40,EURUSD,H1,LONG,Trend
EURUSD_H1_4,21,SQX-EURUSD-H1-1f8704101e3f,EURUSD,H1,LONG,Trend
EURUSD_H1_4,21,SQX-EURUSD-H1-34f7eecfcce1,EURUSD,H1,LONG,Trend
EURUSD_H1_4,21,SQX-EURUSD-H1-39c4c5a96491,EURUSD,H1,LONG,Trend
EURUSD_H1_4,21,SQX-EURUSD-H1-3ab0fb6301bd,EURUSD,H1,LONG,Trend
EURUSD_H1_4,21,SQX-EURUSD-H1-3b7905800864,EURUSD,H1,LONG,Trend
EURUSD_H1_4,21,SQX-EURUSD-H1-3e37eb82cae7,EURUSD,H1,LONG,Trend+Volatility
EURUSD_H1_4,21,SQX-EURUSD-H1-475310712cbd,EURUSD,H1,LONG,Trend+Volatility
EURUSD_H1_4,21,SQX-EURUSD-H1-4cbb2e7bf12e,EURUSD,H1,LONG,Trend+Volatility
EURUSD_H1_4,21,SQX-EURUSD-H1-516ce946f826,EURUSD,H1,LONG,Trend
EURUSD_H1_4,21,SQX-EURUSD-H1-539f9c0de9ad,EURUSD,H1,LONG,Trend+Volatility
EURUSD_H1_4,21,SQX-EURUSD-H1-6327cc0d1916,EURUSD,H1,LONG,Trend+Volatility
EURUSD_H1_4,21,SQX-EURUSD-H1-81d57f6e1fd5,EURUSD,H1,LONG,Trend
EURUSD_H1_4,21,SQX-EURUSD-H1-875e3a36f357,EURUSD,H1,LONG,Trend
EURUSD_H1_4,21,SQX-EURUSD-H1-975567036c5f,EURUSD,H1,LONG,Trend
EURUSD_H1_4,21,SQX-EURUSD-H1-a09a43204a5f,EURUSD,H1,LONG,Trend+Momentum
EURUSD_H1_4,21,SQX-EURUSD-H1-cb4723f1a7a2,EURUSD,H1,LONG,Trend
EURUSD_H1_4,21,SQX-EURUSD-H1-daa7de5fcabc,EURUSD,H1,LONG,Trend+Momentum
EURUSD_H1_4,21,SQX-EURUSD-H1-dd77ac948343,EURUSD,H1,LONG,Trend
EURUSD_H1_4,21,SQX-EURUSD-H1-e35349d0960c,EURUSD,H1,LONG,Trend
EURUSD_H1_4,21,SQX-EURUSD-H1-ea5590b46cd9,EURUSD,H1,LONG,Trend
EURUSD_H1_4,21,SQX-EURUSD-H1-fcb6343f36af,EURUSD,H1,LONG,Trend
EURUSD_H1_5,21,SQX-EURUSD-H1-0ad1d2420c57,EURUSD,H1,LONG,Momentum+Volatility+Structure
EURUSD_H1_5,21,SQX-EURUSD-H1-203aeabca0bb,EURUSD,H1,LONG,Trend+Momentum+Structure
EURUSD_H1_5,21,SQX-EURUSD-H1-24b778855848,EURUSD,H1,LONG,Momentum+Volatility+Structure
EURUSD_H1_5,21,SQX-EURUSD-H1-34137af247e1,EURUSD,H1,LONG,Momentum+Structure
EURUSD_H1_5,21,SQX-EURUSD-H1-3e30ffd5de26,EURUSD,H1,LONG,Momentum+Structure
EURUSD_H1_5,21,SQX-EURUSD-H1-42a07eb18e25,EURUSD,H1,LONG,Trend+Momentum+Structure
EURUSD_H1_5,21,SQX-EURUSD-H1-4304077af3dd,EURUSD,H1,LONG,Trend+Momentum+Structure
EURUSD_H1_5,21,SQX-EURUSD-H1-4e90a7333ea5,EURUSD,H1,LONG,Trend+Momentum+Structure
EURUSD_H1_5,21,SQX-EURUSD-H1-566894eab97a,EURUSD,H1,LONG,Trend+Momentum+Structure
EURUSD_H1_5,21,SQX-EURUSD-H1-58777750737b,EURUSD,H1,LONG,Trend+Momentum+Structure
EURUSD_H1_5,21,SQX-EURUSD-H1-5ffa46af3b4c,EURUSD,H1,LONG,Momentum+Volatility+Structure
EURUSD_H1_5,21,SQX-EURUSD-H1-6fadd5e31bc5,EURUSD,H1,LONG,Trend+Momentum+Structure
EURUSD_H1_5,21,SQX-EURUSD-H1-901e5959c905,EURUSD,H1,LONG,Momentum+Volatility+Structure
EURUSD_H1_5,21,SQX-EURUSD-H1-96b0c14c9b1d,EURUSD,H1,LONG,Momentum+Structure
EURUSD_H1_5,21,SQX-EURUSD-H1-b8e92f02bf1e,EURUSD,H1,LONG,Momentum+Volatility+Structure
EURUSD_H1_5,21,SQX-EURUSD-H1-cba538ed1c13,EURUSD,H1,LONG,Momentum+Structure
EURUSD_H1_5,21,SQX-EURUSD-H1-cc888f180122,EURUSD,H1,LONG,Trend+Momentum+Volatility+Structure
EURUSD_H1_5,21,SQX-EURUSD-H1-d31fd557d2f5,EURUSD,H1,LONG,Trend+Momentum+Structure
EURUSD_H1_5,21,SQX-EURUSD-H1-d3cae3e83972,EURUSD,H1,LONG,Momentum+Volatility+Structure
EURUSD_H1_5,21,SQX-EURUSD-H1-ec1f6fe3e1cc,EURUSD,H1,LONG,Trend+Momentum+Structure
EURUSD_H1_5,21,SQX-EURUSD-H1-fd83c19c9f7d,EURUSD,H1,LONG,Momentum+Volatility+Structure
EURUSD_H1_6,13,SQX-EURUSD-H1-10a3727708e1,EURUSD,H1,SHORT,Trend+Momentum
EURUSD_H1_6,13,SQX-EURUSD-H1-17941bcc6770,EURUSD,H1,SHORT,Trend+Momentum
EURUSD_H1_6,13,SQX-EURUSD-H1-24f140fcc451,EURUSD,H1,SHORT,Trend+Momentum
EURUSD_H1_6,13,SQX-EURUSD-H1-328238254ad7,EURUSD,H1,SHORT,Trend+Momentum
EURUSD_H1_6,13,SQX-EURUSD-H1-418b43d7f0e2,EURUSD,H1,SHORT,Trend+Momentum
EURUSD_H1_6,13,SQX-EURUSD-H1-47ee34e3b220,EURUSD,H1,SHORT,Trend+Momentum
EURUSD_H1_6,13,SQX-EURUSD-H1-616fb4d0697a,EURUSD,H1,SHORT,Trend+Momentum
EURUSD_H1_6,13,SQX-EURUSD-H1-68bbfad5365b,EURUSD,H1,SHORT,Trend+Momentum+Volatility
EURUSD_H1_6,13,SQX-EURUSD-H1-84212d291fe1,EURUSD,H1,SHORT,Trend+Momentum
EURUSD_H1_6,13,SQX-EURUSD-H1-88a2163df02c,EURUSD,H1,SHORT,Trend+Momentum
EURUSD_H1_6,13,SQX-EURUSD-H1-d971ec06a6b1,EURUSD,H1,SHORT,Trend+Momentum
EURUSD_H1_6,13,SQX-EURUSD-H1-ef8915d12b7d,EURUSD,H1,SHORT,Trend+Momentum
EURUSD_H1_6,13,SQX-EURUSD-H1-f90f771dc10d,EURUSD,H1,SHORT,Trend+Momentum
EURUSD_H1_7,12,SQX-EURUSD-H1-358712f233c0,EURUSD,H1,LONG,Trend+Structure
EURUSD_H1_7,12,SQX-EURUSD-H1-49699b2078a9,EURUSD,H1,LONG,Trend+Structure
EURUSD_H1_7,12,SQX-EURUSD-H1-5ca1c284dc7b,EURUSD,H1,LONG,Trend+Structure
EURUSD_H1_7,12,SQX-EURUSD-H1-96abb3b6dd5c,EURUSD,H1,LONG,Trend+Volatility+Structure
EURUSD_H1_7,12,SQX-EURUSD-H1-a307b7717018,EURUSD,H1,LONG,Trend+Structure
EURUSD_H1_7,12,SQX-EURUSD-H1-cc499d183443,EURUSD,H1,LONG,Trend+Structure
EURUSD_H1_7,12,SQX-EURUSD-H1-d62e83e3d158,EURUSD,H1,LONG,Trend+Structure
EURUSD_H1_7,12,SQX-EURUSD-H1-dce4546fb682,EURUSD,H1,LONG,Trend+Structure
EURUSD_H1_7,12,SQX-EURUSD-H1-e31504d3f273,EURUSD,H1,LONG,Trend+Structure
EURUSD_H1_7,12,SQX-EURUSD-H1-e6ac6961f611,EURUSD,H1,LONG,Trend+Volatility+Structure
EURUSD_H1_7,12,SQX-EURUSD-H1-fa60110e5598,EURUSD,H1,LONG,Trend+Volatility+Structure
EURUSD_H1_7,12,SQX-EURUSD-H1-fe6c34d45b03,EURUSD,H1,LONG,Trend+Structure
EURUSD_H1_8,10,SQX-EURUSD-H1-197c4374906d,EURUSD,H1,LONG,Trend+Momentum
EURUSD_H1_8,10,SQX-EURUSD-H1-1a77c5cc9760,EURUSD,H1,LONG,Trend+Momentum
EURUSD_H1_8,10,SQX-EURUSD-H1-25f74587aa8e,EURUSD,H1,LONG,Trend+Momentum
EURUSD_H1_8,10,SQX-EURUSD-H1-36523e935412,EURUSD,H1,LONG,Trend+Momentum
EURUSD_H1_8,10,SQX-EURUSD-H1-7994c67ccc08,EURUSD,H1,LONG,Trend+Momentum
EURUSD_H1_8,10,SQX-EURUSD-H1-7ec358140498,EURUSD,H1,LONG,Trend+Momentum
EURUSD_H1_8,10,SQX-EURUSD-H1-979391a86355,EURUSD,H1,LONG,Trend+Momentum
EURUSD_H1_8,10,SQX-EURUSD-H1-b464dda5e52f,EURUSD,H1,LONG,Trend+Momentum
EURUSD_H1_8,10,SQX-EURUSD-H1-daa4ee85d427,EURUSD,H1,LONG,Trend+Momentum
EURUSD_H1_8,10,SQX-EURUSD-H1-e4c9f03dd059,EURUSD,H1,LONG,Trend+Momentum
EURUSD_H1_9,9,SQX-EURUSD-H1-0cf3f9e99e7a,EURUSD,H1,LONG,Trend+Volatility+Structure
EURUSD_H1_9,9,SQX-EURUSD-H1-205822005c66,EURUSD,H1,LONG,Trend+Volatility+Structure
EURUSD_H1_9,9,SQX-EURUSD-H1-679cd1b5e132,EURUSD,H1,LONG,Trend+Volatility+Structure
EURUSD_H1_9,9,SQX-EURUSD-H1-6a444f776904,EURUSD,H1,LONG,Trend+Volatility+Structure
EURUSD_H1_9,9,SQX-EURUSD-H1-8cf25b2fc0bc,EURUSD,H1,LONG,Trend+Volatility+Structure
EURUSD_H1_9,9,SQX-EURUSD-H1-9896f0961559,EURUSD,H1,LONG,Trend+Volatility+Structure
EURUSD_H1_9,9,SQX-EURUSD-H1-a3c6d6d8762b,EURUSD,H1,LONG,Trend+Volatility+Structure
EURUSD_H1_9,9,SQX-EURUSD-H1-dd563c38d420,EURUSD,H1,LONG,Trend+Volatility+Structure
EURUSD_H1_9,9,SQX-EURUSD-H1-f008c0bcb4d2,EURUSD,H1,LONG,Trend+Volatility+Structure
EURUSD_H1_10,8,SQX-EURUSD-H1-19800ce7d954,EURUSD,H1,LONG,Trend+Volatility+Structure
EURUSD_H1_10,8,SQX-EURUSD-H1-2a9e754e53ef,EURUSD,H1,LONG,Trend+Volatility+Structure
EURUSD_H1_10,8,SQX-EURUSD-H1-36af9de8679b,EURUSD,H1,LONG,Trend+Volatility+Structure
EURUSD_H1_10,8,SQX-EURUSD-H1-46a99d84d438,EURUSD,H1,LONG,Trend+Volatility+Structure
EURUSD_H1_10,8,SQX-EURUSD-H1-710ca39a42c6,EURUSD,H1,LONG,Trend+Volatility+Structure
EURUSD_H1_10,8,SQX-EURUSD-H1-80fd8b4275ea,EURUSD,H1,LONG,Trend+Volatility+Structure
EURUSD_H1_10,8,SQX-EURUSD-H1-82b392de195f,EURUSD,H1,LONG,Trend+Volatility+Structure
EURUSD_H1_10,8,SQX-EURUSD-H1-d821baa0c211,EURUSD,H1,LONG,Trend+Momentum+Volatility+Structure
EURUSD_H1_11,8,SQX-EURUSD-H1-3f79e0d18ae5,EURUSD,H1,LONG,Trend+Volatility+Structure
EURUSD_H1_11,8,SQX-EURUSD-H1-547e68b337a2,EURUSD,H1,LONG,Trend+Volatility+Structure
EURUSD_H1_11,8,SQX-EURUSD-H1-7f010d94bdbf,EURUSD,H1,LONG,Trend+Volatility+Structure
EURUSD_H1_11,8,SQX-EURUSD-H1-87bf91a23ab7,EURUSD,H1,LONG,Trend+Volatility+Structure
EURUSD_H1_11,8,SQX-EURUSD-H1-89c3fdf2dd14,EURUSD,H1,LONG,Trend+Volatility+Structure
EURUSD_H1_11,8,SQX-EURUSD-H1-95efb2691239,EURUSD,H1,LONG,Trend+Volatility+Structure
EURUSD_H1_11,8,SQX-EURUSD-H1-e5d2aef76fcd,EURUSD,H1,LONG,Trend+Volatility+Structure
EURUSD_H1_11,8,SQX-EURUSD-H1-f8921fc4b6f6,EURUSD,H1,LONG,Trend+Volatility+Structure
EURUSD_H1_12,7,SQX-EURUSD-H1-0352cb108015,EURUSD,H1,LONG,Trend+Structure
EURUSD_H1_12,7,SQX-EURUSD-H1-067bff494563,EURUSD,H1,LONG,Trend+Structure
EURUSD_H1_12,7,SQX-EURUSD-H1-123ba425e756,EURUSD,H1,LONG,Trend+Structure
EURUSD_H1_12,7,SQX-EURUSD-H1-3ab486fa1a59,EURUSD,H1,LONG,Trend+Volatility+Structure
EURUSD_H1_12,7,SQX-EURUSD-H1-94bed4dc4430,EURUSD,H1,LONG,Trend+Volatility+Structure
EURUSD_H1_12,7,SQX-EURUSD-H1-e41b773f6fc4,EURUSD,H1,LONG,Trend+Structure
EURUSD_H1_12,7,SQX-EURUSD-H1-e474a5d812d8,EURUSD,H1,LONG,Trend+Structure
EURUSD_H1_13,7,SQX-EURUSD-H1-1bdfb75b3092,EURUSD,H1,LONG,Trend+Structure
EURUSD_H1_13,7,SQX-EURUSD-H1-8151e604b264,EURUSD,H1,LONG,Trend+Structure
EURUSD_H1_13,7,SQX-EURUSD-H1-83bca7c5f7c9,EURUSD,H1,LONG,Trend+Structure
EURUSD_H1_13,7,SQX-EURUSD-H1-9da7851696d0,EURUSD,H1,LONG,Trend+Structure
EURUSD_H1_13,7,SQX-EURUSD-H1-ac7fe65ebfc2,EURUSD,H1,LONG,Trend+Structure
EURUSD_H1_13,7,SQX-EURUSD-H1-afdf10a5120d,EURUSD,H1,LONG,Trend+Structure
EURUSD_H1_13,7,SQX-EURUSD-H1-d19bb6d8a854,EURUSD,H1,LONG,Trend+Structure
EURUSD_H1_14,7,SQX-EURUSD-H1-4c5f2833ce74,EURUSD,H1,SHORT,Trend+Momentum+Volatility+Structure
EURUSD_H1_14,7,SQX-EURUSD-H1-5bd15214c835,EURUSD,H1,SHORT,Trend+Momentum+Structure
EURUSD_H1_14,7,SQX-EURUSD-H1-5d3411852e93,EURUSD,H1,SHORT,Trend+Momentum+Structure
EURUSD_H1_14,7,SQX-EURUSD-H1-5e159ed630db,EURUSD,H1,SHORT,Momentum+Structure
EURUSD_H1_14,7,SQX-EURUSD-H1-8457fc5353f1,EURUSD,H1,SHORT,Trend+Momentum+Structure
EURUSD_H1_14,7,SQX-EURUSD-H1-8a1e572038f9,EURUSD,H1,SHORT,Trend+Momentum+Structure
EURUSD_H1_14,7,SQX-EURUSD-H1-f0e425abb703,EURUSD,H1,SHORT,Trend+Momentum+Structure
EURUSD_H1_15,6,SQX-EURUSD-H1-01e2b1075d0c,EURUSD,H1,SHORT,Trend+Structure
EURUSD_H1_15,6,SQX-EURUSD-H1-2a41636292ad,EURUSD,H1,SHORT,Trend+Structure
EURUSD_H1_15,6,SQX-EURUSD-H1-3ba4daf2ae10,EURUSD,H1,SHORT,Trend+Structure
EURUSD_H1_15,6,SQX-EURUSD-H1-5a3619ccecca,EURUSD,H1,SHORT,Trend+Structure
EURUSD_H1_15,6,SQX-EURUSD-H1-9402ed3d63d4,EURUSD,H1,SHORT,Trend+Structure
EURUSD_H1_15,6,SQX-EURUSD-H1-c74ab4505596,EURUSD,H1,SHORT,Trend+Structure
EURUSD_H1_16,6,SQX-EURUSD-H1-06f9d744d523,EURUSD,H1,SHORT,Trend+Momentum
EURUSD_H1_16,6,SQX-EURUSD-H1-188536fd6a8e,EURUSD,H1,SHORT,Trend+Momentum+Volatility
EURUSD_H1_16,6,SQX-EURUSD-H1-39389d7c8ab2,EURUSD,H1,SHORT,Trend+Momentum
EURUSD_H1_16,6,SQX-EURUSD-H1-55cda95db373,EURUSD,H1,SHORT,Trend+Momentum
EURUSD_H1_16,6,SQX-EURUSD-H1-8633b4e7ea14,EURUSD,H1,SHORT,Trend+Momentum
EURUSD_H1_16,6,SQX-EURUSD-H1-d637472ec118,EURUSD,H1,SHORT,Trend+Momentum
EURUSD_H1_17,6,SQX-EURUSD-H1-094902684d1e,EURUSD,H1,LONG,Trend
EURUSD_H1_17,6,SQX-EURUSD-H1-3236d9367215,EURUSD,H1,LONG,Trend+Volatility
EURUSD_H1_17,6,SQX-EURUSD-H1-73c8115adb63,EURUSD,H1,LONG,Trend
EURUSD_H1_17,6,SQX-EURUSD-H1-dd2b5280ef2b,EURUSD,H1,LONG,Trend
EURUSD_H1_17,6,SQX-EURUSD-H1-f84c902ddfec,EURUSD,H1,LONG,Trend+Volatility
EURUSD_H1_17,6,SQX-EURUSD-H1-ff25c6371a24,EURUSD,H1,LONG,Trend+Volatility
EURUSD_H1_18,6,SQX-EURUSD-H1-2a0c08e9c9c0,EURUSD,H1,SHORT,Trend+Volatility+Structure
EURUSD_H1_18,6,SQX-EURUSD-H1-2a1286ed9a17,EURUSD,H1,SHORT,Trend+Volatility+Structure
EURUSD_H1_18,6,SQX-EURUSD-H1-69b6d86d09a9,EURUSD,H1,SHORT,Trend+Volatility+Structure
EURUSD_H1_18,6,SQX-EURUSD-H1-88a4aac38bc2,EURUSD,H1,SHORT,Volatility+Structure
EURUSD_H1_18,6,SQX-EURUSD-H1-f88810ecc5b7,EURUSD,H1,SHORT,Volatility+Structure
EURUSD_H1_18,6,SQX-EURUSD-H1-fe634b22e35e,EURUSD,H1,SHORT,Momentum+Volatility+Structure
EURUSD_H1_19,5,SQX-EURUSD-H1-13c3166f4e84,EURUSD,H1,LONG,Trend+Volatility
EURUSD_H1_19,5,SQX-EURUSD-H1-2d142d60e9bf,EURUSD,H1,LONG,Trend+Volatility
EURUSD_H1_19,5,SQX-EURUSD-H1-82bbec3e953e,EURUSD,H1,LONG,Trend+Volatility
EURUSD_H1_19,5,SQX-EURUSD-H1-9f5ffc29dd1e,EURUSD,H1,LONG,Trend+Volatility
EURUSD_H1_19,5,SQX-EURUSD-H1-b9b354ebd1e9,EURUSD,H1,LONG,Trend+Volatility
EURUSD_H1_20,4,SQX-EURUSD-H1-114cfae8a03c,EURUSD,H1,LONG,Trend+Volatility
EURUSD_H1_20,4,SQX-EURUSD-H1-2f594feb1a84,EURUSD,H1,LONG,Trend+Momentum+Volatility
EURUSD_H1_20,4,SQX-EURUSD-H1-9da1dddc5068,EURUSD,H1,LONG,Trend+Volatility
EURUSD_H1_20,4,SQX-EURUSD-H1-b1ae692a80dc,EURUSD,H1,LONG,Trend
EURUSD_H1_21,4,SQX-EURUSD-H1-158c00a006f6,EURUSD,H1,LONG,Trend+Volatility
EURUSD_H1_21,4,SQX-EURUSD-H1-2677aa40d059,EURUSD,H1,LONG,Trend+Volatility
EURUSD_H1_21,4,SQX-EURUSD-H1-636bd54fe25d,EURUSD,H1,LONG,Trend+Momentum+Volatility
EURUSD_H1_21,4,SQX-EURUSD-H1-6efd7c1474ac,EURUSD,H1,LONG,Trend+Volatility
EURUSD_H1_22,4,SQX-EURUSD-H1-4f655a76b26e,EURUSD,H1,LONG,Trend+Momentum+Volatility
EURUSD_H1_22,4,SQX-EURUSD-H1-b9055017440c,EURUSD,H1,LONG,Trend+Volatility
EURUSD_H1_22,4,SQX-EURUSD-H1-e3163f9250c8,EURUSD,H1,LONG,Trend+Volatility
EURUSD_H1_22,4,SQX-EURUSD-H1-fe3a817e114b,EURUSD,H1,LONG,Trend+Volatility
EURUSD_H1_23,4,SQX-EURUSD-H1-559ba7945c63,EURUSD,H1,SHORT,Trend+Momentum+Structure
EURUSD_H1_23,4,SQX-EURUSD-H1-73f2fc6ba7b5,EURUSD,H1,SHORT,Momentum+Structure
EURUSD_H1_23,4,SQX-EURUSD-H1-86054a9edaae,EURUSD,H1,SHORT,Trend+Momentum+Structure
EURUSD_H1_23,4,SQX-EURUSD-H1-d6c63f313e8f,EURUSD,H1,SHORT,Momentum+Structure
EURUSD_H1_24,4,SQX-EURUSD-H1-671c62165eff,EURUSD,H1,LONG,Trend+Momentum+Volatility+Structure
EURUSD_H1_24,4,SQX-EURUSD-H1-72f5855abb95,EURUSD,H1,LONG,Trend+Volatility+Structure
EURUSD_H1_24,4,SQX-EURUSD-H1-a010fa1ffee5,EURUSD,H1,LONG,Trend+Volatility+Structure
EURUSD_H1_24,4,SQX-EURUSD-H1-cc05e25de8bc,EURUSD,H1,LONG,Trend+Momentum+Volatility+Structure
EURUSD_H1_25,3,SQX-EURUSD-H1-01cf244517e3,EURUSD,H1,LONG,Trend+Volatility
EURUSD_H1_25,3,SQX-EURUSD-H1-4244ab862b14,EURUSD,H1,LONG,Trend+Volatility
EURUSD_H1_25,3,SQX-EURUSD-H1-cb4137c7da4a,EURUSD,H1,LONG,Trend+Volatility
EURUSD_H1_26,3,SQX-EURUSD-H1-03108e7ed03e,EURUSD,H1,LONG,Trend+Volatility
EURUSD_H1_26,3,SQX-EURUSD-H1-565f075d8015,EURUSD,H1,LONG,Trend+Momentum+Volatility
EURUSD_H1_26,3,SQX-EURUSD-H1-7d1c55b7f0f2,EURUSD,H1,LONG,Trend+Volatility
EURUSD_H1_27,3,SQX-EURUSD-H1-16714df19d2d,EURUSD,H1,LONG,Trend+Volatility
EURUSD_H1_27,3,SQX-EURUSD-H1-70a04b20fdb0,EURUSD,H1,LONG,Trend+Volatility
EURUSD_H1_27,3,SQX-EURUSD-H1-7d1f91c5d8ce,EURUSD,H1,LONG,Trend+Volatility
EURUSD_H1_28,3,SQX-EURUSD-H1-40e170a6283e,EURUSD,H1,LONG,Trend
EURUSD_H1_28,3,SQX-EURUSD-H1-44a869d860cc,EURUSD,H1,LONG,Trend
EURUSD_H1_28,3,SQX-EURUSD-H1-9bf1aa5f1770,EURUSD,H1,LONG,Trend
EURUSD_H1_29,3,SQX-EURUSD-H1-42fdc065103b,EURUSD,H1,SHORT,Trend+Momentum+Structure
EURUSD_H1_29,3,SQX-EURUSD-H1-558be161d00a,EURUSD,H1,SHORT,Trend+Momentum+Structure
EURUSD_H1_29,3,SQX-EURUSD-H1-97719951ab23,EURUSD,H1,SHORT,Trend+Momentum+Structure
EURUSD_H1_30,3,SQX-EURUSD-H1-4d3519fc2752,EURUSD,H1,LONG,Trend+Volatility+Structure
EURUSD_H1_30,3,SQX-EURUSD-H1-51c879643c42,EURUSD,H1,LONG,Trend+Volatility+Structure
EURUSD_H1_30,3,SQX-EURUSD-H1-97fced286529,EURUSD,H1,LONG,Trend+Volatility+Structure
EURUSD_H1_31,3,SQX-EURUSD-H1-581ff2b8c6d6,EURUSD,H1,LONG,Trend+Structure
EURUSD_H1_31,3,SQX-EURUSD-H1-5ef337b19948,EURUSD,H1,LONG,Trend+Structure
EURUSD_H1_31,3,SQX-EURUSD-H1-b529ab30376e,EURUSD,H1,LONG,Trend+Structure
EURUSD_H1_32,3,SQX-EURUSD-H1-b1a20f7b7360,EURUSD,H1,SHORT,Trend+Momentum+Structure
EURUSD_H1_32,3,SQX-EURUSD-H1-c9e2e58e1912,EURUSD,H1,SHORT,Trend+Momentum+Structure
EURUSD_H1_32,3,SQX-EURUSD-H1-da824b6a0237,EURUSD,H1,SHORT,Trend+Momentum+Structure
EURUSD_H1_33,3,SQX-EURUSD-H1-02fcd68fb830,EURUSD,H1,LONG,Trend+Momentum
EURUSD_H1_33,3,SQX-EURUSD-H1-277e259c9969,EURUSD,H1,LONG,Trend+Momentum
EURUSD_H1_33,3,SQX-EURUSD-H1-303039bce7c6,EURUSD,H1,LONG,Trend+Momentum
EURUSD_H1_34,3,SQX-EURUSD-H1-26e2263f8378,EURUSD,H1,LONG,Trend+Momentum
EURUSD_H1_34,3,SQX-EURUSD-H1-bc044225e47b,EURUSD,H1,LONG,Trend+Momentum
EURUSD_H1_34,3,SQX-EURUSD-H1-cecc385ab6d5,EURUSD,H1,LONG,Trend+Momentum
EURUSD_H1_35,3,SQX-EURUSD-H1-851752d2bcbe,EURUSD,H1,LONG,Trend+Volatility+Structure
EURUSD_H1_35,3,SQX-EURUSD-H1-b1f3c456374e,EURUSD,H1,LONG,Trend+Volatility+Structure
EURUSD_H1_35,3,SQX-EURUSD-H1-c00a5226a94e,EURUSD,H1,LONG,Trend+Volatility+Structure
EURUSD_H1_36,2,SQX-EURUSD-H1-13c733a9a999,EURUSD,H1,LONG,Trend+Volatility
EURUSD_H1_36,2,SQX-EURUSD-H1-25163eba2644,EURUSD,H1,LONG,Trend+Volatility
EURUSD_H1_37,2,SQX-EURUSD-H1-1434c1bd71f3,EURUSD,H1,LONG,Trend+Volatility+Structure
EURUSD_H1_37,2,SQX-EURUSD-H1-5675c0ce7496,EURUSD,H1,LONG,Trend+Structure
EURUSD_H1_38,2,SQX-EURUSD-H1-15494de8e062,EURUSD,H1,LONG,Trend+Structure
EURUSD_H1_38,2,SQX-EURUSD-H1-7a49ff46999c,EURUSD,H1,LONG,Trend+Structure
EURUSD_H1_39,2,SQX-EURUSD-H1-179e25663cf8,EURUSD,H1,LONG,Trend+Momentum
EURUSD_H1_39,2,SQX-EURUSD-H1-64b99c240d39,EURUSD,H1,LONG,Trend+Momentum
EURUSD_H1_40,2,SQX-EURUSD-H1-1a4ad68fc49e,EURUSD,H1,LONG,Trend+Volatility
EURUSD_H1_40,2,SQX-EURUSD-H1-22aa62739c15,EURUSD,H1,LONG,Trend+Volatility
EURUSD_H1_41,2,SQX-EURUSD-H1-283fcd6081b1,EURUSD,H1,SHORT,Trend+Momentum
EURUSD_H1_41,2,SQX-EURUSD-H1-8c85f90166e9,EURUSD,H1,SHORT,Trend+Momentum
EURUSD_H1_42,2,SQX-EURUSD-H1-2f3a73f2a35d,EURUSD,H1,LONG,Trend+Volatility
EURUSD_H1_42,2,SQX-EURUSD-H1-444fc019ac42,EURUSD,H1,LONG,Trend+Volatility
EURUSD_H1_43,2,SQX-EURUSD-H1-34765fd40692,EURUSD,H1,LONG,Trend+Volatility
EURUSD_H1_43,2,SQX-EURUSD-H1-9b95fc850ee9,EURUSD,H1,LONG,Trend+Volatility
EURUSD_H1_44,2,SQX-EURUSD-H1-3fd54ffb1ef7,EURUSD,H1,LONG,Trend+Structure
EURUSD_H1_44,2,SQX-EURUSD-H1-a922ed2a179b,EURUSD,H1,LONG,Trend+Structure
EURUSD_H1_45,2,SQX-EURUSD-H1-4c92b8eb8610,EURUSD,H1,SHORT,Trend+Volatility+Structure
EURUSD_H1_45,2,SQX-EURUSD-H1-5c580574fed1,EURUSD,H1,SHORT,Trend+Momentum+Structure
EURUSD_H1_46,2,SQX-EURUSD-H1-6195bc6ce9c9,EURUSD,H1,SHORT,Trend+Volatility
EURUSD_H1_46,2,SQX-EURUSD-H1-e9c2a75966ee,EURUSD,H1,SHORT,Volatility
EURUSD_H1_47,2,SQX-EURUSD-H1-6d015d5c210a,EURUSD,H1,SHORT,Trend+Momentum+Structure
EURUSD_H1_47,2,SQX-EURUSD-H1-aa0c16416bc3,EURUSD,H1,SHORT,Trend+Momentum+Structure
EURUSD_H1_48,2,SQX-EURUSD-H1-6debe5a13229,EURUSD,H1,LONG,Trend+Structure
EURUSD_H1_48,2,SQX-EURUSD-H1-e4a3306c2383,EURUSD,H1,LONG,Trend+Structure
EURUSD_H1_49,2,SQX-EURUSD-H1-7130a2195ba2,EURUSD,H1,SHORT,Momentum+Volatility+Structure
EURUSD_H1_49,2,SQX-EURUSD-H1-b820f5620a81,EURUSD,H1,SHORT,Momentum+Volatility+Structure
EURUSD_H1_50,2,SQX-EURUSD-H1-7518615a06f9,EURUSD,H1,SHORT,Trend+Momentum+Structure
EURUSD_H1_50,2,SQX-EURUSD-H1-90a814fbd612,EURUSD,H1,SHORT,Trend+Momentum+Structure
EURUSD_H1_51,2,SQX-EURUSD-H1-7ee74584933b,EURUSD,H1,LONG,Trend+Volatility
EURUSD_H1_51,2,SQX-EURUSD-H1-dace7b8fb714,EURUSD,H1,LONG,Trend
EURUSD_H1_52,2,SQX-EURUSD-H1-7ef5e224d510,EURUSD,H1,LONG,Trend+Momentum+Volatility+Structure
EURUSD_H1_52,2,SQX-EURUSD-H1-fcaa55bd5da8,EURUSD,H1,LONG,Trend+Momentum+Volatility+Structure
EURUSD_H1_53,2,SQX-EURUSD-H1-869d1d3412d0,EURUSD,H1,LONG,Trend+Structure
EURUSD_H1_53,2,SQX-EURUSD-H1-969a1c3be33c,EURUSD,H1,LONG,Trend+Structure
EURUSD_H1_54,2,SQX-EURUSD-H1-a27691004dcc,EURUSD,H1,LONG,Trend+Structure
EURUSD_H1_54,2,SQX-EURUSD-H1-c58ce890bfac,EURUSD,H1,LONG,Trend+Structure
EURUSD_H1_55,2,SQX-EURUSD-H1-ac5da82211be,EURUSD,H1,SHORT,Momentum+Volatility+Structure
EURUSD_H1_55,2,SQX-EURUSD-H1-edb18b3102f4,EURUSD,H1,SHORT,Momentum+Structure
EURUSD_H1_56,2,SQX-EURUSD-H1-c560042b7607,EURUSD,H1,LONG,Trend+Volatility
EURUSD_H1_56,2,SQX-EURUSD-H1-d6cb00b2b1a1,EURUSD,H1,LONG,Trend+Volatility
EURUSD_H1_57,2,SQX-EURUSD-H1-cbd27b75d03c,EURUSD,H1,LONG,Trend+Volatility+Structure
EURUSD_H1_57,2,SQX-EURUSD-H1-f54f17cd0290,EURUSD,H1,LONG,Trend+Volatility+Structure
EURUSD_H1_58,2,SQX-EURUSD-H1-d577420639fe,EURUSD,H1,LONG,Trend+Structure
EURUSD_H1_58,2,SQX-EURUSD-H1-e9194190629e,EURUSD,H1,LONG,Trend+Structure
EURUSD_H1_59,2,SQX-EURUSD-H1-d8b6428d055a,EURUSD,H1,LONG,Trend+Volatility
EURUSD_H1_59,2,SQX-EURUSD-H1-f72ae1fb9a3a,EURUSD,H1,LONG,Trend+Volatility
EURUSD_H1_60,2,SQX-EURUSD-H1-f0bca6cc408a,EURUSD,H1,LONG,Trend+Volatility
EURUSD_H1_60,2,SQX-EURUSD-H1-f4bd16300c4e,EURUSD,H1,LONG,Trend+Volatility
EURUSD_H1_61,2,SQX-EURUSD-H1-fc34938d48e6,EURUSD,H1,LONG,Momentum+Structure
EURUSD_H1_61,2,SQX-EURUSD-H1-fd0bc415d375,EURUSD,H1,LONG,Trend+Momentum+Structure
EURUSD_H1_62,2,SQX-EURUSD-H1-0c8db70dd3fa,EURUSD,H1,LONG,Trend+Volatility+Structure
EURUSD_H1_62,2,SQX-EURUSD-H1-46c37a43827e,EURUSD,H1,LONG,Trend+Volatility+Structure
EURUSD_H1_63,2,SQX-EURUSD-H1-34837179935f,EURUSD,H1,LONG,Trend+Momentum+Structure
EURUSD_H1_63,2,SQX-EURUSD-H1-46300579bf05,EURUSD,H1,LONG,Trend+Momentum+Structure
EURUSD_H1_64,2,SQX-EURUSD-H1-372c150106fb,EURUSD,H1,LONG,Trend+Volatility+Structure
EURUSD_H1_64,2,SQX-EURUSD-H1-eb54ee7951de,EURUSD,H1,LONG,Trend+Volatility+Structure
EURUSD_H1_65,2,SQX-EURUSD-H1-3db6147fa5bd,EURUSD,H1,LONG,Trend+Momentum+Volatility+Structure
EURUSD_H1_65,2,SQX-EURUSD-H1-43fcc0f83aa8,EURUSD,H1,LONG,Momentum+Structure
EURUSD_H1_66,2,SQX-EURUSD-H1-3f246d024a6d,EURUSD,H1,LONG,Trend+Volatility+Structure
EURUSD_H1_66,2,SQX-EURUSD-H1-63696db839ee,EURUSD,H1,LONG,Trend+Volatility+Structure
EURUSD_H1_67,2,SQX-EURUSD-H1-4f4c0ee63d25,EURUSD,H1,LONG,Trend+Volatility+Structure
EURUSD_H1_67,2,SQX-EURUSD-H1-a3c15d55a9bf,EURUSD,H1,LONG,Trend+Volatility+Structure
EURUSD_H1_68,2,SQX-EURUSD-H1-552c41676519,EURUSD,H1,LONG,Trend+Momentum+Volatility+Structure
EURUSD_H1_68,2,SQX-EURUSD-H1-6a4fad485e4d,EURUSD,H1,LONG,Trend+Momentum+Volatility+Structure
EURUSD_H1_69,2,SQX-EURUSD-H1-6edd59636707,EURUSD,H1,LONG,Volatility+Structure
EURUSD_H1_69,2,SQX-EURUSD-H1-84a1aac55b6f,EURUSD,H1,LONG,Volatility+Structure
EURUSD_H1_70,2,SQX-EURUSD-H1-8f01d93d3023,EURUSD,H1,LONG,Trend+Volatility+Structure
EURUSD_H1_70,2,SQX-EURUSD-H1-e9b4b9b0f927,EURUSD,H1,LONG,Trend+Volatility+Structure
EURUSD_H1_71,2,SQX-EURUSD-H1-9832d990694a,EURUSD,H1,LONG,Momentum+Structure
EURUSD_H1_71,2,SQX-EURUSD-H1-9e03d3604d47,EURUSD,H1,LONG,Trend+Momentum+Structure
EURUSD_H1_72,1,SQX-EURUSD-H1-0013ac89b4f3,EURUSD,H1,SHORT,Momentum+Structure
EURUSD_H1_73,1,SQX-EURUSD-H1-00b5e588bd2c,EURUSD,H1,LONG,Trend+Momentum+Volatility
EURUSD_H1_74,1,SQX-EURUSD-H1-00e893637732,EURUSD,H1,LONG,Trend+Volatility+Structure
EURUSD_H1_75,1,SQX-EURUSD-H1-0111672429ea,EURUSD,H1,LONG,Trend+Momentum+Structure
EURUSD_H1_76,1,SQX-EURUSD-H1-023c37a63f5b,EURUSD,H1,LONG,Trend+Structure
EURUSD_H1_77,1,SQX-EURUSD-H1-029d3007d846,EURUSD,H1,SHORT,Momentum+Structure
EURUSD_H1_78,1,SQX-EURUSD-H1-0339aca2e3b7,EURUSD,H1,LONG,Trend
EURUSD_H1_79,1,SQX-EURUSD-H1-034d76555858,EURUSD,H1,LONG,Trend+Volatility
EURUSD_H1_80,1,SQX-EURUSD-H1-03c478feb649,EURUSD,H1,LONG,Trend+Volatility+Structure
EURUSD_H1_81,1,SQX-EURUSD-H1-060cc78d9d4e,EURUSD,H1,LONG,Trend+Momentum+Structure
EURUSD_H1_82,1,SQX-EURUSD-H1-064b98d7b182,EURUSD,H1,LONG,Trend+Structure
EURUSD_H1_83,1,SQX-EURUSD-H1-065452edaa49,EURUSD,H1,SHORT,Trend+Volatility+Structure
EURUSD_H1_84,1,SQX-EURUSD-H1-0769495fa72f,EURUSD,H1,SHORT,Momentum+Volatility
EURUSD_H1_85,1,SQX-EURUSD-H1-079c95141e8b,EURUSD,H1,SHORT,Trend+Momentum+Structure
EURUSD_H1_86,1,SQX-EURUSD-H1-0874ad0876d4,EURUSD,H1,SHORT,Trend+Momentum+Volatility+Structure
EURUSD_H1_87,1,SQX-EURUSD-H1-08b86e687b3e,EURUSD,H1,LONG,Trend+Momentum+Volatility
EURUSD_H1_88,1,SQX-EURUSD-H1-08c818646515,EURUSD,H1,LONG,Trend+Momentum+Structure
EURUSD_H1_89,1,SQX-EURUSD-H1-08d11bde5f90,EURUSD,H1,SHORT,Momentum+Volatility+Structure
EURUSD_H1_90,1,SQX-EURUSD-H1-08d13fe8fd54,EURUSD,H1,SHORT,Volatility+Structure
EURUSD_H1_91,1,SQX-EURUSD-H1-09d11ee2983e,EURUSD,H1,SHORT,Trend+Momentum+Structure
EURUSD_H1_92,1,SQX-EURUSD-H1-09f9c488eaa8,EURUSD,H1,LONG,Trend+Momentum+Structure
EURUSD_H1_93,1,SQX-EURUSD-H1-0aa5e832e36f,EURUSD,H1,LONG,Trend+Momentum+Volatility
EURUSD_H1_94,1,SQX-EURUSD-H1-0cdda9817d13,EURUSD,H1,SHORT,Trend+Momentum+Volatility
EURUSD_H1_95,1,SQX-EURUSD-H1-0cf1e730245f,EURUSD,H1,SHORT,Trend+Momentum
EURUSD_H1_96,1,SQX-EURUSD-H1-0e1973f3a546,EURUSD,H1,SHORT,Momentum+Volatility
EURUSD_H1_97,1,SQX-EURUSD-H1-0f0a324770c8,EURUSD,H1,LONG,Trend+Momentum+Structure
EURUSD_H1_98,1,SQX-EURUSD-H1-0f17f0203d02,EURUSD,H1,LONG,Trend+Momentum+Structure
EURUSD_H1_99,1,SQX-EURUSD-H1-1041cc21f517,EURUSD,H1,LONG,Momentum+Volatility+Structure
EURUSD_H1_100,1,SQX-EURUSD-H1-10629e52dc25,EURUSD,H1,SHORT,Momentum+Volatility
EURUSD_H1_101,1,SQX-EURUSD-H1-108300962057,EURUSD,H1,LONG,Trend
EURUSD_H1_102,1,SQX-EURUSD-H1-1120b72fe430,EURUSD,H1,SHORT,Trend
EURUSD_H1_103,1,SQX-EURUSD-H1-124cda7fbbde,EURUSD,H1,LONG,Trend+Momentum+Structure
EURUSD_H1_104,1,SQX-EURUSD-H1-12ba8bafa870,EURUSD,H1,LONG,Momentum+Volatility+Structure
EURUSD_H1_105,1,SQX-EURUSD-H1-1320ad51f2e8,EURUSD,H1,LONG,Trend+Momentum+Volatility+Structure
EURUSD_H1_106,1,SQX-EURUSD-H1-1468ee9f5559,EURUSD,H1,LONG,Trend+Volatility+Structure
EURUSD_H1_107,1,SQX-EURUSD-H1-155cce033e50,EURUSD,H1,LONG,Trend+Momentum+Volatility
EURUSD_H1_108,1,SQX-EURUSD-H1-15a2a8027b47,EURUSD,H1,SHORT,Trend+Momentum+Structure
EURUSD_H1_109,1,SQX-EURUSD-H1-15ea2fed1318,EURUSD,H1,LONG,Trend+Structure
EURUSD_H1_110,1,SQX-EURUSD-H1-163245ce8a9e,EURUSD,H1,SHORT,Trend+Momentum+Volatility
EURUSD_H1_111,1,SQX-EURUSD-H1-16ab46e81702,EURUSD,H1,SHORT,Trend+Momentum+Structure
EURUSD_H1_112,1,SQX-EURUSD-H1-16f0f6251e4f,EURUSD,H1,LONG,Trend+Momentum+Volatility+Structure
EURUSD_H1_113,1,SQX-EURUSD-H1-17416388a94a,EURUSD,H1,SHORT,Momentum+Volatility
EURUSD_H1_114,1,SQX-EURUSD-H1-181f6de71e9a,EURUSD,H1,SHORT,Trend+Momentum+Volatility+Structure
EURUSD_H1_115,1,SQX-EURUSD-H1-18f0cdcf85b0,EURUSD,H1,LONG,Trend+Volatility+Structure
EURUSD_H1_116,1,SQX-EURUSD-H1-191e69db0928,EURUSD,H1,LONG,Trend+Structure
EURUSD_H1_117,1,SQX-EURUSD-H1-19dfba054afc,EURUSD,H1,LONG,Trend+Structure
EURUSD_H1_118,1,SQX-EURUSD-H1-1bfb848ab3e4,EURUSD,H1,LONG,Trend+Momentum+Structure
EURUSD_H1_119,1,SQX-EURUSD-H1-1c5c8bcf5c34,EURUSD,H1,SHORT,Trend+Volatility+Structure
EURUSD_H1_120,1,SQX-EURUSD-H1-1e5406ea8079,EURUSD,H1,LONG,Trend+Momentum+Volatility
EURUSD_H1_121,1,SQX-EURUSD-H1-1f5806520bdd,EURUSD,H1,LONG,Trend+Momentum
EURUSD_H1_122,1,SQX-EURUSD-H1-1f9586424c7e,EURUSD,H1,SHORT,Trend+Momentum+Structure
EURUSD_H1_123,1,SQX-EURUSD-H1-1fced1ebb55f,EURUSD,H1,LONG,Trend
EURUSD_H1_124,1,SQX-EURUSD-H1-203b0b0f75bb,EURUSD,H1,LONG,Trend+Momentum+Structure
EURUSD_H1_125,1,SQX-EURUSD-H1-20464c687059,EURUSD,H1,SHORT,Trend+Volatility+Structure
EURUSD_H1_126,1,SQX-EURUSD-H1-2082b0e4a1a2,EURUSD,H1,LONG,Trend+Volatility
EURUSD_H1_127,1,SQX-EURUSD-H1-20dc08aaf9b2,EURUSD,H1,LONG,Trend+Momentum+Structure
EURUSD_H1_128,1,SQX-EURUSD-H1-20fcfe96625a,EURUSD,H1,SHORT,Trend+Momentum+Structure
EURUSD_H1_129,1,SQX-EURUSD-H1-21e4d7fab033,EURUSD,H1,LONG,Trend
EURUSD_H1_130,1,SQX-EURUSD-H1-2281c19e5b32,EURUSD,H1,SHORT,Trend+Momentum+Volatility+Structure
EURUSD_H1_131,1,SQX-EURUSD-H1-23728fb80854,EURUSD,H1,LONG,Momentum+Volatility+Structure
EURUSD_H1_132,1,SQX-EURUSD-H1-2443104fecc6,EURUSD,H1,LONG,Trend+Momentum
EURUSD_H1_133,1,SQX-EURUSD-H1-2457b7869194,EURUSD,H1,SHORT,Trend+Volatility+Structure
EURUSD_H1_134,1,SQX-EURUSD-H1-2526450e4b39,EURUSD,H1,SHORT,Trend+Momentum+Structure
EURUSD_H1_135,1,SQX-EURUSD-H1-2586bf3992b7,EURUSD,H1,LONG,Trend+Momentum+Volatility+Structure
EURUSD_H1_136,1,SQX-EURUSD-H1-261a79d341c7,EURUSD,H1,SHORT,Trend+Momentum+Volatility
EURUSD_H1_137,1,SQX-EURUSD-H1-263f9ca07aeb,EURUSD,H1,LONG,Trend+Momentum+Volatility+Structure
EURUSD_H1_138,1,SQX-EURUSD-H1-26fa6dee30af,EURUSD,H1,LONG,Trend+Volatility
EURUSD_H1_139,1,SQX-EURUSD-H1-270133b4f138,EURUSD,H1,LONG,Trend+Momentum+Structure
EURUSD_H1_140,1,SQX-EURUSD-H1-2741a9e19797,EURUSD,H1,LONG,Trend+Volatility
EURUSD_H1_141,1,SQX-EURUSD-H1-28923f00c7a5,EURUSD,H1,SHORT,Trend+Volatility+Structure
EURUSD_H1_142,1,SQX-EURUSD-H1-28c61d5e36e2,EURUSD,H1,LONG,Trend+Volatility+Structure
EURUSD_H1_143,1,SQX-EURUSD-H1-299a9b61f8fc,EURUSD,H1,LONG,Trend+Momentum
EURUSD_H1_144,1,SQX-EURUSD-H1-29b7fe29a2a7,EURUSD,H1,LONG,Trend+Volatility
EURUSD_H1_145,1,SQX-EURUSD-H1-2b1be85429a0,EURUSD,H1,LONG,Trend
EURUSD_H1_146,1,SQX-EURUSD-H1-2c027e662d4a,EURUSD,H1,SHORT,Momentum+Volatility+Structure
EURUSD_H1_147,1,SQX-EURUSD-H1-2cc7f0fdfd4c,EURUSD,H1,SHORT,Momentum+Volatility
EURUSD_H1_148,1,SQX-EURUSD-H1-2cf46d00aff6,EURUSD,H1,SHORT,Momentum
EURUSD_H1_149,1,SQX-EURUSD-H1-2db135842ec7,EURUSD,H1,LONG,Trend+Momentum+Structure
EURUSD_H1_150,1,SQX-EURUSD-H1-2def96f6e6cd,EURUSD,H1,LONG,Trend+Volatility
EURUSD_H1_151,1,SQX-EURUSD-H1-2e1d7ac930aa,EURUSD,H1,LONG,Trend+Volatility
EURUSD_H1_152,1,SQX-EURUSD-H1-2e38839470b1,EURUSD,H1,LONG,Trend+Volatility
EURUSD_H1_153,1,SQX-EURUSD-H1-31236e3f4e5e,EURUSD,H1,SHORT,Trend+Volatility+Structure
EURUSD_H1_154,1,SQX-EURUSD-H1-3140c502ecd1,EURUSD,H1,SHORT,Trend+Volatility+Structure
EURUSD_H1_155,1,SQX-EURUSD-H1-3387aa9e1f5f,EURUSD,H1,LONG,Trend+Structure
EURUSD_H1_156,1,SQX-EURUSD-H1-34fc79a56c86,EURUSD,H1,LONG,Trend+Volatility
EURUSD_H1_157,1,SQX-EURUSD-H1-36aca5ad6ef3,EURUSD,H1,LONG,Volatility+Structure
EURUSD_H1_158,1,SQX-EURUSD-H1-36ebc9638bdd,EURUSD,H1,LONG,Trend+Momentum
EURUSD_H1_159,1,SQX-EURUSD-H1-3741dfdb30a6,EURUSD,H1,LONG,Trend+Volatility
EURUSD_H1_160,1,SQX-EURUSD-H1-37b4b99dcf98,EURUSD,H1,SHORT,Momentum+Structure
EURUSD_H1_161,1,SQX-EURUSD-H1-3a0cc89d6060,EURUSD,H1,LONG,Trend+Volatility+Structure
EURUSD_H1_162,1,SQX-EURUSD-H1-3ac5f1b46cb7,EURUSD,H1,LONG,Trend+Structure
EURUSD_H1_163,1,SQX-EURUSD-H1-3e4ebd4208e9,EURUSD,H1,SHORT,Momentum+Volatility+Structure
EURUSD_H1_164,1,SQX-EURUSD-H1-40d6d40cbcec,EURUSD,H1,SHORT,Trend+Momentum
EURUSD_H1_165,1,SQX-EURUSD-H1-417fe2e34c63,EURUSD,H1,LONG,Trend+Structure
EURUSD_H1_166,1,SQX-EURUSD-H1-41bdebc42b1a,EURUSD,H1,SHORT,Trend+Structure
EURUSD_H1_167,1,SQX-EURUSD-H1-42b4737c1d2b,EURUSD,H1,LONG,Trend+Structure
EURUSD_H1_168,1,SQX-EURUSD-H1-42ddacef3596,EURUSD,H1,LONG,Trend+Volatility
EURUSD_H1_169,1,SQX-EURUSD-H1-4332ed3ac0ba,EURUSD,H1,SHORT,Trend+Momentum+Structure
EURUSD_H1_170,1,SQX-EURUSD-H1-44074ee58871,EURUSD,H1,LONG,Trend+Volatility
EURUSD_H1_171,1,SQX-EURUSD-H1-446a3f68d902,EURUSD,H1,SHORT,Trend+Volatility+Structure
EURUSD_H1_172,1,SQX-EURUSD-H1-450d8961bc5b,EURUSD,H1,LONG,Trend+Structure
EURUSD_H1_173,1,SQX-EURUSD-H1-4595a18707d1,EURUSD,H1,LONG,Trend+Volatility+Structure
EURUSD_H1_174,1,SQX-EURUSD-H1-46dfebca8875,EURUSD,H1,LONG,Trend+Volatility
EURUSD_H1_175,1,SQX-EURUSD-H1-475183288bee,EURUSD,H1,SHORT,Trend+Structure
EURUSD_H1_176,1,SQX-EURUSD-H1-47f26362353f,EURUSD,H1,SHORT,Trend+Momentum
EURUSD_H1_177,1,SQX-EURUSD-H1-49a4ddbaf297,EURUSD,H1,LONG,Trend+Momentum
EURUSD_H1_178,1,SQX-EURUSD-H1-4b4653d7f739,EURUSD,H1,SHORT,Trend+Momentum+Structure
EURUSD_H1_179,1,SQX-EURUSD-H1-4b97935c8b9b,EURUSD,H1,SHORT,Trend+Momentum+Structure
EURUSD_H1_180,1,SQX-EURUSD-H1-4c8d1b264c89,EURUSD,H1,SHORT,Momentum+Structure
EURUSD_H1_181,1,SQX-EURUSD-H1-4f1397e90858,EURUSD,H1,LONG,Trend+Volatility+Structure
EURUSD_H1_182,1,SQX-EURUSD-H1-50b0a35d4883,EURUSD,H1,SHORT,Trend+Volatility+Structure
EURUSD_H1_183,1,SQX-EURUSD-H1-50ee2d509e02,EURUSD,H1,LONG,Trend+Momentum+Structure
EURUSD_H1_184,1,SQX-EURUSD-H1-52d577bd0dce,EURUSD,H1,LONG,Trend+Volatility+Structure
EURUSD_H1_185,1,SQX-EURUSD-H1-52dbf07821e7,EURUSD,H1,LONG,Trend+Momentum+Structure
EURUSD_H1_186,1,SQX-EURUSD-H1-52f3aff4ec00,EURUSD,H1,LONG,Trend+Structure
EURUSD_H1_187,1,SQX-EURUSD-H1-53449fddd638,EURUSD,H1,SHORT,Momentum+Structure
EURUSD_H1_188,1,SQX-EURUSD-H1-538684dd847c,EURUSD,H1,SHORT,Momentum+Volatility+Structure
EURUSD_H1_189,1,SQX-EURUSD-H1-53c56e7dec6e,EURUSD,H1,SHORT,Trend+Momentum+Structure
EURUSD_H1_190,1,SQX-EURUSD-H1-549282c4c79c,EURUSD,H1,LONG,Momentum+Volatility+Structure
EURUSD_H1_191,1,SQX-EURUSD-H1-5538b72039c6,EURUSD,H1,SHORT,Trend+Volatility+Structure
EURUSD_H1_192,1,SQX-EURUSD-H1-56775f9849d1,EURUSD,H1,SHORT,Trend+Momentum+Structure
EURUSD_H1_193,1,SQX-EURUSD-H1-575b3b11a83c,EURUSD,H1,LONG,Trend+Structure
EURUSD_H1_194,1,SQX-EURUSD-H1-58706fc266e9,EURUSD,H1,SHORT,Trend+Structure
EURUSD_H1_195,1,SQX-EURUSD-H1-5931d4fe04ff,EURUSD,H1,SHORT,Momentum+Structure
EURUSD_H1_196,1,SQX-EURUSD-H1-59d9b5d3a639,EURUSD,H1,LONG,Trend+Volatility+Structure
EURUSD_H1_197,1,SQX-EURUSD-H1-5a259287cf82,EURUSD,H1,LONG,Trend+Volatility
EURUSD_H1_198,1,SQX-EURUSD-H1-5a6ef568ab48,EURUSD,H1,SHORT,Trend+Momentum+Structure
EURUSD_H1_199,1,SQX-EURUSD-H1-5aafb2bf7c1e,EURUSD,H1,LONG,Trend+Volatility+Structure
EURUSD_H1_200,1,SQX-EURUSD-H1-5bbe3b96918a,EURUSD,H1,LONG,Trend+Volatility
EURUSD_H1_201,1,SQX-EURUSD-H1-5bc355af338c,EURUSD,H1,LONG,Trend
EURUSD_H1_202,1,SQX-EURUSD-H1-5bd2bebcff74,EURUSD,H1,LONG,Trend+Momentum
EURUSD_H1_203,1,SQX-EURUSD-H1-5d130ea13293,EURUSD,H1,LONG,Trend+Momentum+Volatility+Structure
EURUSD_H1_204,1,SQX-EURUSD-H1-5ec048585c9f,EURUSD,H1,LONG,Trend
EURUSD_H1_205,1,SQX-EURUSD-H1-5fb7d637ae10,EURUSD,H1,LONG,Trend+Structure
EURUSD_H1_206,1,SQX-EURUSD-H1-604d8aba4561,EURUSD,H1,LONG,Trend+Structure
EURUSD_H1_207,1,SQX-EURUSD-H1-60a20163bc01,EURUSD,H1,LONG,Momentum+Volatility+Structure
EURUSD_H1_208,1,SQX-EURUSD-H1-60c702034720,EURUSD,H1,SHORT,Trend+Momentum+Structure
EURUSD_H1_209,1,SQX-EURUSD-H1-61036d4d447d,EURUSD,H1,SHORT,Trend+Volatility+Structure
EURUSD_H1_210,1,SQX-EURUSD-H1-625552a4a100,EURUSD,H1,LONG,Trend+Momentum+Structure
EURUSD_H1_211,1,SQX-EURUSD-H1-63403164f0e9,EURUSD,H1,SHORT,Trend+Volatility+Structure
EURUSD_H1_212,1,SQX-EURUSD-H1-636292a9084a,EURUSD,H1,LONG,Trend+Structure
EURUSD_H1_213,1,SQX-EURUSD-H1-653186237cdd,EURUSD,H1,SHORT,Trend+Structure
EURUSD_H1_214,1,SQX-EURUSD-H1-65d4d7f94cea,EURUSD,H1,LONG,Trend+Volatility+Structure
EURUSD_H1_215,1,SQX-EURUSD-H1-65e9b9a48ae7,EURUSD,H1,SHORT,Trend+Momentum+Structure
EURUSD_H1_216,1,SQX-EURUSD-H1-661e9674a87a,EURUSD,H1,SHORT,Trend+Momentum+Structure
EURUSD_H1_217,1,SQX-EURUSD-H1-6682b7a6ec07,EURUSD,H1,LONG,Trend+Structure
EURUSD_H1_218,1,SQX-EURUSD-H1-66892d22603d,EURUSD,H1,LONG,Trend+Momentum+Structure
EURUSD_H1_219,1,SQX-EURUSD-H1-66bc7a18ffd9,EURUSD,H1,LONG,Trend+Volatility+Structure
EURUSD_H1_220,1,SQX-EURUSD-H1-66c2d947647b,EURUSD,H1,SHORT,Volatility+Structure
EURUSD_H1_221,1,SQX-EURUSD-H1-6711935dcfe7,EURUSD,H1,LONG,Trend+Volatility
EURUSD_H1_222,1,SQX-EURUSD-H1-68567f217ec0,EURUSD,H1,SHORT,Trend+Volatility+Structure
EURUSD_H1_223,1,SQX-EURUSD-H1-686178e1eefa,EURUSD,H1,SHORT,Trend+Volatility
EURUSD_H1_224,1,SQX-EURUSD-H1-68e5d9a6a950,EURUSD,H1,SHORT,Trend+Volatility+Structure
EURUSD_H1_225,1,SQX-EURUSD-H1-68f48fb5ddd3,EURUSD,H1,LONG,Trend+Volatility
EURUSD_H1_226,1,SQX-EURUSD-H1-6b93dd70235b,EURUSD,H1,SHORT,Momentum+Volatility+Structure
EURUSD_H1_227,1,SQX-EURUSD-H1-6bd793f3cb4d,EURUSD,H1,LONG,Trend+Structure
EURUSD_H1_228,1,SQX-EURUSD-H1-6c71fb3cdef1,EURUSD,H1,LONG,Momentum+Structure
EURUSD_H1_229,1,SQX-EURUSD-H1-6c90ce23cc32,EURUSD,H1,LONG,Trend+Volatility
EURUSD_H1_230,1,SQX-EURUSD-H1-6cbb02745bd9,EURUSD,H1,LONG,Trend+Volatility
EURUSD_H1_231,1,SQX-EURUSD-H1-6e24e0c850d8,EURUSD,H1,LONG,Trend+Volatility
EURUSD_H1_232,1,SQX-EURUSD-H1-6e3330d4618b,EURUSD,H1,LONG,Trend+Momentum
EURUSD_H1_233,1,SQX-EURUSD-H1-6ea2b855d7eb,EURUSD,H1,SHORT,Trend+Momentum
EURUSD_H1_234,1,SQX-EURUSD-H1-6f9fc7d95114,EURUSD,H1,SHORT,Volatility+Structure
EURUSD_H1_235,1,SQX-EURUSD-H1-6fa8173ea02b,EURUSD,H1,LONG,Trend+Momentum
EURUSD_H1_236,1,SQX-EURUSD-H1-6fb78b5c74b8,EURUSD,H1,LONG,Trend+Volatility+Structure
EURUSD_H1_237,1,SQX-EURUSD-H1-6fc289442272,EURUSD,H1,SHORT,Trend+Structure
EURUSD_H1_238,1,SQX-EURUSD-H1-700dffb75939,EURUSD,H1,SHORT,Trend+Momentum+Volatility
EURUSD_H1_239,1,SQX-EURUSD-H1-7104054d9ea5,EURUSD,H1,LONG,Trend+Structure
EURUSD_H1_240,1,SQX-EURUSD-H1-716759dae661,EURUSD,H1,LONG,Trend+Structure
EURUSD_H1_241,1,SQX-EURUSD-H1-71e7481bd93d,EURUSD,H1,LONG,Trend+Volatility+Structure
EURUSD_H1_242,1,SQX-EURUSD-H1-72d3c91cc8ac,EURUSD,H1,LONG,Trend+Structure
EURUSD_H1_243,1,SQX-EURUSD-H1-747f47b4225e,EURUSD,H1,LONG,Trend+Volatility+Structure
EURUSD_H1_244,1,SQX-EURUSD-H1-74c740462511,EURUSD,H1,LONG,Trend+Momentum+Volatility+Structure
EURUSD_H1_245,1,SQX-EURUSD-H1-76aaf90310d1,EURUSD,H1,LONG,Trend+Volatility+Structure
EURUSD_H1_246,1,SQX-EURUSD-H1-76e02f003e1a,EURUSD,H1,SHORT,Trend+Volatility+Structure
EURUSD_H1_247,1,SQX-EURUSD-H1-775fd46d4eec,EURUSD,H1,SHORT,Momentum+Volatility+Structure
EURUSD_H1_248,1,SQX-EURUSD-H1-780ba1072863,EURUSD,H1,LONG,Trend+Volatility
EURUSD_H1_249,1,SQX-EURUSD-H1-781c0e252bec,EURUSD,H1,SHORT,Momentum+Structure
EURUSD_H1_250,1,SQX-EURUSD-H1-795d64dca480,EURUSD,H1,LONG,Trend+Volatility+Structure
EURUSD_H1_251,1,SQX-EURUSD-H1-7a7b33ea339e,EURUSD,H1,LONG,Trend+Volatility
EURUSD_H1_252,1,SQX-EURUSD-H1-7accecb39ba4,EURUSD,H1,LONG,Trend+Structure
EURUSD_H1_253,1,SQX-EURUSD-H1-7ad8d4a4dc85,EURUSD,H1,SHORT,Trend+Volatility
EURUSD_H1_254,1,SQX-EURUSD-H1-7af7212b487b,EURUSD,H1,LONG,Trend+Momentum
EURUSD_H1_255,1,SQX-EURUSD-H1-7bd37b4c8188,EURUSD,H1,LONG,Momentum+Volatility
EURUSD_H1_256,1,SQX-EURUSD-H1-7c0a310043f9,EURUSD,H1,LONG,Trend+Momentum
EURUSD_H1_257,1,SQX-EURUSD-H1-7c5f3ad3e114,EURUSD,H1,LONG,Trend+Structure
EURUSD_H1_258,1,SQX-EURUSD-H1-7dab68989462,EURUSD,H1,LONG,Momentum+Volatility+Structure
EURUSD_H1_259,1,SQX-EURUSD-H1-7de8cc7e65b5,EURUSD,H1,LONG,Trend+Momentum
EURUSD_H1_260,1,SQX-EURUSD-H1-7e6c48173c44,EURUSD,H1,LONG,Trend+Momentum+Volatility+Structure
EURUSD_H1_261,1,SQX-EURUSD-H1-7eaf20c203bf,EURUSD,H1,LONG,Trend+Momentum+Volatility
EURUSD_H1_262,1,SQX-EURUSD-H1-7fdeb5c6e5e9,EURUSD,H1,LONG,Trend+Momentum
EURUSD_H1_263,1,SQX-EURUSD-H1-823b24db13b8,EURUSD,H1,LONG,Trend+Volatility
EURUSD_H1_264,1,SQX-EURUSD-H1-84032d3e79ed,EURUSD,H1,LONG,Trend
EURUSD_H1_265,1,SQX-EURUSD-H1-855e4b54a1b9,EURUSD,H1,SHORT,Trend+Volatility+Structure
EURUSD_H1_266,1,SQX-EURUSD-H1-86949df9fa9d,EURUSD,H1,SHORT,Volatility+Structure
EURUSD_H1_267,1,SQX-EURUSD-H1-869bbd297395,EURUSD,H1,SHORT,Trend+Volatility+Structure
EURUSD_H1_268,1,SQX-EURUSD-H1-86cfdf7958ae,EURUSD,H1,SHORT,Momentum+Volatility+Structure
EURUSD_H1_269,1,SQX-EURUSD-H1-86de7c283d31,EURUSD,H1,LONG,Trend+Structure
EURUSD_H1_270,1,SQX-EURUSD-H1-88ca390f64d5,EURUSD,H1,LONG,Trend+Volatility+Structure
EURUSD_H1_271,1,SQX-EURUSD-H1-89e5be386fc4,EURUSD,H1,SHORT,Trend+Momentum+Structure
EURUSD_H1_272,1,SQX-EURUSD-H1-89ed2452ce12,EURUSD,H1,SHORT,Momentum+Volatility+Structure
EURUSD_H1_273,1,SQX-EURUSD-H1-8a846a6fbb0c,EURUSD,H1,SHORT,Momentum
EURUSD_H1_274,1,SQX-EURUSD-H1-8aa3e468c0ca,EURUSD,H1,SHORT,Trend+Momentum+Structure
EURUSD_H1_275,1,SQX-EURUSD-H1-8b1bead8b8e5,EURUSD,H1,SHORT,Momentum+Structure
EURUSD_H1_276,1,SQX-EURUSD-H1-8b7a77cec3d6,EURUSD,H1,SHORT,Volatility+Structure
EURUSD_H1_277,1,SQX-EURUSD-H1-8baee7ae7ea9,EURUSD,H1,LONG,Trend+Volatility
EURUSD_H1_278,1,SQX-EURUSD-H1-8c261fce1248,EURUSD,H1,LONG,Trend+Volatility
EURUSD_H1_279,1,SQX-EURUSD-H1-8d153983d227,EURUSD,H1,LONG,Trend+Momentum+Volatility
EURUSD_H1_280,1,SQX-EURUSD-H1-8d4f33f3bb74,EURUSD,H1,LONG,Trend+Momentum+Volatility
EURUSD_H1_281,1,SQX-EURUSD-H1-8d859848f49a,EURUSD,H1,LONG,Trend+Volatility
EURUSD_H1_282,1,SQX-EURUSD-H1-8e1b2f86cb4d,EURUSD,H1,SHORT,Trend+Volatility+Structure
EURUSD_H1_283,1,SQX-EURUSD-H1-8f7f12dcf2b0,EURUSD,H1,SHORT,Momentum+Volatility+Structure
EURUSD_H1_284,1,SQX-EURUSD-H1-8fd301949ca1,EURUSD,H1,LONG,Trend+Volatility+Structure
EURUSD_H1_285,1,SQX-EURUSD-H1-8febfe78a470,EURUSD,H1,LONG,Trend+Structure
EURUSD_H1_286,1,SQX-EURUSD-H1-9077c1ecf3e5,EURUSD,H1,LONG,Volatility+Structure
EURUSD_H1_287,1,SQX-EURUSD-H1-907ac76a66b4,EURUSD,H1,SHORT,Trend+Structure
EURUSD_H1_288,1,SQX-EURUSD-H1-90a7a6829b63,EURUSD,H1,LONG,Momentum+Structure
EURUSD_H1_289,1,SQX-EURUSD-H1-917829c6a56f,EURUSD,H1,LONG,Trend+Volatility
EURUSD_H1_290,1,SQX-EURUSD-H1-91f6ff083cd8,EURUSD,H1,SHORT,Volatility
EURUSD_H1_291,1,SQX-EURUSD-H1-92ae7b8e0660,EURUSD,H1,SHORT,Trend+Volatility+Structure
EURUSD_H1_292,1,SQX-EURUSD-H1-931f318cfa30,EURUSD,H1,LONG,Trend+Momentum
EURUSD_H1_293,1,SQX-EURUSD-H1-9329e5d3881e,EURUSD,H1,SHORT,Momentum+Volatility+Structure
EURUSD_H1_294,1,SQX-EURUSD-H1-93402408e179,EURUSD,H1,SHORT,Trend+Momentum+Volatility
EURUSD_H1_295,1,SQX-EURUSD-H1-93601d2d4da0,EURUSD,H1,LONG,Trend+Structure
EURUSD_H1_296,1,SQX-EURUSD-H1-9440ebe67cf0,EURUSD,H1,SHORT,Volatility+Structure
EURUSD_H1_297,1,SQX-EURUSD-H1-9450524fa1d8,EURUSD,H1,SHORT,Trend+Momentum+Structure
EURUSD_H1_298,1,SQX-EURUSD-H1-95626121613f,EURUSD,H1,SHORT,Trend+Momentum+Volatility
EURUSD_H1_299,1,SQX-EURUSD-H1-956852d26573,EURUSD,H1,SHORT,Momentum+Volatility+Structure
EURUSD_H1_300,1,SQX-EURUSD-H1-958c03214359,EURUSD,H1,SHORT,Trend+Momentum
EURUSD_H1_301,1,SQX-EURUSD-H1-95d63e0f2898,EURUSD,H1,LONG,Trend+Momentum
EURUSD_H1_302,1,SQX-EURUSD-H1-9653036e667a,EURUSD,H1,LONG,Trend+Volatility
EURUSD_H1_303,1,SQX-EURUSD-H1-9676dec4dcb5,EURUSD,H1,LONG,Trend
EURUSD_H1_304,1,SQX-EURUSD-H1-971aae4b00d0,EURUSD,H1,LONG,Trend+Structure
EURUSD_H1_305,1,SQX-EURUSD-H1-98aa128342fc,EURUSD,H1,LONG,Trend+Momentum+Volatility+Structure
EURUSD_H1_306,1,SQX-EURUSD-H1-98e9d2ff6bf8,EURUSD,H1,SHORT,Momentum+Volatility
EURUSD_H1_307,1,SQX-EURUSD-H1-99c9c484aff3,EURUSD,H1,SHORT,Trend+Momentum+Structure
EURUSD_H1_308,1,SQX-EURUSD-H1-9a25e0fa6b59,EURUSD,H1,LONG,Trend+Momentum
EURUSD_H1_309,1,SQX-EURUSD-H1-9b28f0349cf4,EURUSD,H1,LONG,Trend+Volatility+Structure
EURUSD_H1_310,1,SQX-EURUSD-H1-9c177ec46051,EURUSD,H1,SHORT,Momentum+Structure
EURUSD_H1_311,1,SQX-EURUSD-H1-9c6b6ffb0928,EURUSD,H1,SHORT,Trend+Momentum
EURUSD_H1_312,1,SQX-EURUSD-H1-9c7b62939881,EURUSD,H1,LONG,Volatility+Structure
EURUSD_H1_313,1,SQX-EURUSD-H1-9d0d0b1e2464,EURUSD,H1,SHORT,Trend+Momentum
EURUSD_H1_314,1,SQX-EURUSD-H1-9ec8c21797a0,EURUSD,H1,SHORT,Trend+Momentum+Volatility
EURUSD_H1_315,1,SQX-EURUSD-H1-a101ef8fabf6,EURUSD,H1,SHORT,Trend+Momentum+Structure
EURUSD_H1_316,1,SQX-EURUSD-H1-a13ec32a3291,EURUSD,H1,LONG,Trend+Structure
EURUSD_H1_317,1,SQX-EURUSD-H1-a18d86c3075c,EURUSD,H1,LONG,Trend
EURUSD_H1_318,1,SQX-EURUSD-H1-a267bbe350f4,EURUSD,H1,LONG,Trend
EURUSD_H1_319,1,SQX-EURUSD-H1-a296af347523,EURUSD,H1,LONG,Trend+Volatility
EURUSD_H1_320,1,SQX-EURUSD-H1-a2e7ee472a55,EURUSD,H1,LONG,Trend+Momentum+Volatility
EURUSD_H1_321,1,SQX-EURUSD-H1-a497de5c1782,EURUSD,H1,SHORT,Momentum+Volatility
EURUSD_H1_322,1,SQX-EURUSD-H1-a57d3d73b955,EURUSD,H1,LONG,Trend+Structure
EURUSD_H1_323,1,SQX-EURUSD-H1-a5a04246e3f6,EURUSD,H1,LONG,Trend+Volatility
EURUSD_H1_324,1,SQX-EURUSD-H1-a8921d22a0ae,EURUSD,H1,LONG,Trend+Volatility
EURUSD_H1_325,1,SQX-EURUSD-H1-a95adbc35874,EURUSD,H1,SHORT,Trend+Volatility+Structure
EURUSD_H1_326,1,SQX-EURUSD-H1-a97b19046db7,EURUSD,H1,LONG,Trend+Structure
EURUSD_H1_327,1,SQX-EURUSD-H1-a9aab93fd106,EURUSD,H1,LONG,Trend+Volatility
EURUSD_H1_328,1,SQX-EURUSD-H1-aa9af7eb4f41,EURUSD,H1,LONG,Trend+Momentum+Structure
EURUSD_H1_329,1,SQX-EURUSD-H1-ab8415f464cf,EURUSD,H1,SHORT,Trend+Structure
EURUSD_H1_330,1,SQX-EURUSD-H1-acefa4aa221f,EURUSD,H1,LONG,Trend+Volatility+Structure
EURUSD_H1_331,1,SQX-EURUSD-H1-ad391518f47f,EURUSD,H1,LONG,Trend+Structure
EURUSD_H1_332,1,SQX-EURUSD-H1-ad4f5f44e946,EURUSD,H1,SHORT,Trend+Momentum+Structure
EURUSD_H1_333,1,SQX-EURUSD-H1-ad67863d6bed,EURUSD,H1,LONG,Trend+Structure
EURUSD_H1_334,1,SQX-EURUSD-H1-ae25e30b1d56,EURUSD,H1,SHORT,Trend+Structure
EURUSD_H1_335,1,SQX-EURUSD-H1-b0d08ab310ca,EURUSD,H1,SHORT,Trend
EURUSD_H1_336,1,SQX-EURUSD-H1-b10a171ec0d5,EURUSD,H1,SHORT,Trend+Momentum
EURUSD_H1_337,1,SQX-EURUSD-H1-b20f49f4f3fb,EURUSD,H1,LONG,Trend+Momentum+Structure
EURUSD_H1_338,1,SQX-EURUSD-H1-b357ee4d1cd0,EURUSD,H1,LONG,Trend+Volatility+Structure
EURUSD_H1_339,1,SQX-EURUSD-H1-b492ef882a43,EURUSD,H1,LONG,Trend+Volatility
EURUSD_H1_340,1,SQX-EURUSD-H1-b4aa536f5a6c,EURUSD,H1,SHORT,Trend+Momentum+Volatility+Structure
EURUSD_H1_341,1,SQX-EURUSD-H1-b4cee12f7f18,EURUSD,H1,SHORT,Trend+Volatility+Structure
EURUSD_H1_342,1,SQX-EURUSD-H1-b5b70f9f761d,EURUSD,H1,LONG,Trend+Momentum+Structure
EURUSD_H1_343,1,SQX-EURUSD-H1-b5dda05df98a,EURUSD,H1,LONG,Trend+Momentum+Volatility
EURUSD_H1_344,1,SQX-EURUSD-H1-b62496b85be6,EURUSD,H1,SHORT,Trend+Momentum+Volatility+Structure
EURUSD_H1_345,1,SQX-EURUSD-H1-b66a6a29f104,EURUSD,H1,LONG,Trend
EURUSD_H1_346,1,SQX-EURUSD-H1-b75063efbad1,EURUSD,H1,SHORT,Trend+Volatility+Structure
EURUSD_H1_347,1,SQX-EURUSD-H1-b767bbecaca3,EURUSD,H1,SHORT,Trend+Momentum+Volatility+Structure
EURUSD_H1_348,1,SQX-EURUSD-H1-b7b20ae19fd5,EURUSD,H1,LONG,Momentum+Volatility+Structure
EURUSD_H1_349,1,SQX-EURUSD-H1-b80474d179a8,EURUSD,H1,SHORT,Trend+Momentum
EURUSD_H1_350,1,SQX-EURUSD-H1-b86b4656bff5,EURUSD,H1,SHORT,Trend+Momentum
EURUSD_H1_351,1,SQX-EURUSD-H1-b8f8f8f3ce3b,EURUSD,H1,SHORT,Trend+Volatility+Structure
EURUSD_H1_352,1,SQX-EURUSD-H1-b9a28b1576e1,EURUSD,H1,LONG,Trend+Structure
EURUSD_H1_353,1,SQX-EURUSD-H1-b9c0602a17ea,EURUSD,H1,SHORT,Momentum+Volatility+Structure
EURUSD_H1_354,1,SQX-EURUSD-H1-ba324af786f2,EURUSD,H1,SHORT,Momentum+Volatility
EURUSD_H1_355,1,SQX-EURUSD-H1-ba706de80905,EURUSD,H1,LONG,Trend+Structure
EURUSD_H1_356,1,SQX-EURUSD-H1-bbccf1a39b17,EURUSD,H1,LONG,Trend+Momentum+Structure
EURUSD_H1_357,1,SQX-EURUSD-H1-bcf7a9b9c943,EURUSD,H1,LONG,Trend
EURUSD_H1_358,1,SQX-EURUSD-H1-bd535cdc9023,EURUSD,H1,SHORT,Trend+Momentum+Structure
EURUSD_H1_359,1,SQX-EURUSD-H1-bdc6d699e26f,EURUSD,H1,LONG,Volatility+Structure
EURUSD_H1_360,1,SQX-EURUSD-H1-be90850bc5de,EURUSD,H1,LONG,Trend+Volatility+Structure
EURUSD_H1_361,1,SQX-EURUSD-H1-bf07d5a3355c,EURUSD,H1,SHORT,Trend+Momentum+Structure
EURUSD_H1_362,1,SQX-EURUSD-H1-bfbb3a1e2129,EURUSD,H1,LONG,Trend+Structure
EURUSD_H1_363,1,SQX-EURUSD-H1-bfd8cb7060a1,EURUSD,H1,LONG,Trend+Momentum+Volatility
EURUSD_H1_364,1,SQX-EURUSD-H1-bfe97b32ebb1,EURUSD,H1,LONG,Trend+Volatility+Structure
EURUSD_H1_365,1,SQX-EURUSD-H1-c14e0b7f34bb,EURUSD,H1,LONG,Trend
EURUSD_H1_366,1,SQX-EURUSD-H1-c190492447e2,EURUSD,H1,SHORT,Trend+Volatility+Structure
EURUSD_H1_367,1,SQX-EURUSD-H1-c3030a9200bb,EURUSD,H1,LONG,Trend+Structure
EURUSD_H1_368,1,SQX-EURUSD-H1-c369d020a475,EURUSD,H1,SHORT,Momentum+Structure
EURUSD_H1_369,1,SQX-EURUSD-H1-c5c9e73b84b4,EURUSD,H1,SHORT,Trend+Structure
EURUSD_H1_370,1,SQX-EURUSD-H1-c6dbf7dd861b,EURUSD,H1,SHORT,Trend+Momentum
EURUSD_H1_371,1,SQX-EURUSD-H1-c76304652863,EURUSD,H1,SHORT,Trend+Volatility+Structure
EURUSD_H1_372,1,SQX-EURUSD-H1-c77029002374,EURUSD,H1,LONG,Momentum+Volatility
EURUSD_H1_373,1,SQX-EURUSD-H1-c82e2fe63593,EURUSD,H1,LONG,Trend+Volatility+Structure
EURUSD_H1_374,1,SQX-EURUSD-H1-c8fbea22514b,EURUSD,H1,LONG,Trend+Volatility+Structure
EURUSD_H1_375,1,SQX-EURUSD-H1-cb88566aa53d,EURUSD,H1,LONG,Trend+Momentum+Volatility
EURUSD_H1_376,1,SQX-EURUSD-H1-cc6cbb6de3c3,EURUSD,H1,LONG,Trend+Structure
EURUSD_H1_377,1,SQX-EURUSD-H1-cc8da47ed06b,EURUSD,H1,LONG,Trend+Volatility+Structure
EURUSD_H1_378,1,SQX-EURUSD-H1-cd395b7e625e,EURUSD,H1,SHORT,Momentum+Volatility+Structure
EURUSD_H1_379,1,SQX-EURUSD-H1-cdd7d499036b,EURUSD,H1,SHORT,Trend+Momentum
EURUSD_H1_380,1,SQX-EURUSD-H1-ce56546e088d,EURUSD,H1,LONG,Trend
EURUSD_H1_381,1,SQX-EURUSD-H1-ce782118404d,EURUSD,H1,LONG,Trend+Structure
EURUSD_H1_382,1,SQX-EURUSD-H1-ce7a7791ffe4,EURUSD,H1,LONG,Trend+Volatility
EURUSD_H1_383,1,SQX-EURUSD-H1-cea95c04967b,EURUSD,H1,LONG,Trend+Momentum+Volatility
EURUSD_H1_384,1,SQX-EURUSD-H1-cef51844b0ef,EURUSD,H1,LONG,Trend+Momentum
EURUSD_H1_385,1,SQX-EURUSD-H1-cf7103798cf1,EURUSD,H1,LONG,Trend+Volatility+Structure
EURUSD_H1_386,1,SQX-EURUSD-H1-d34567c66fcf,EURUSD,H1,LONG,Trend+Structure
EURUSD_H1_387,1,SQX-EURUSD-H1-d399572e9d62,EURUSD,H1,SHORT,Momentum
EURUSD_H1_388,1,SQX-EURUSD-H1-d3abe45585bf,EURUSD,H1,LONG,Trend+Momentum+Volatility+Structure
EURUSD_H1_389,1,SQX-EURUSD-H1-d451036e2f12,EURUSD,H1,LONG,Trend+Momentum+Volatility
EURUSD_H1_390,1,SQX-EURUSD-H1-d530eb6a9b9b,EURUSD,H1,LONG,Trend+Momentum
EURUSD_H1_391,1,SQX-EURUSD-H1-d54ba5fe274c,EURUSD,H1,LONG,Volatility+Structure
EURUSD_H1_392,1,SQX-EURUSD-H1-d57594b5075b,EURUSD,H1,LONG,Trend+Volatility
EURUSD_H1_393,1,SQX-EURUSD-H1-d645daf5d397,EURUSD,H1,SHORT,Momentum+Volatility
EURUSD_H1_394,1,SQX-EURUSD-H1-d872ded5de95,EURUSD,H1,LONG,Trend+Structure
EURUSD_H1_395,1,SQX-EURUSD-H1-d8a1a5ddef3a,EURUSD,H1,SHORT,Momentum+Volatility+Structure
EURUSD_H1_396,1,SQX-EURUSD-H1-d9f02e063fb0,EURUSD,H1,LONG,Trend+Momentum+Structure
EURUSD_H1_397,1,SQX-EURUSD-H1-d9f1191ff037,EURUSD,H1,LONG,Trend+Volatility+Structure
EURUSD_H1_398,1,SQX-EURUSD-H1-da436ac0a98c,EURUSD,H1,SHORT,Trend+Momentum
EURUSD_H1_399,1,SQX-EURUSD-H1-da798608f6f6,EURUSD,H1,SHORT,Trend+Volatility+Structure
EURUSD_H1_400,1,SQX-EURUSD-H1-dc24906eff1c,EURUSD,H1,LONG,Trend+Structure
EURUSD_H1_401,1,SQX-EURUSD-H1-dc8dc2d50136,EURUSD,H1,LONG,Trend+Volatility+Structure
EURUSD_H1_402,1,SQX-EURUSD-H1-dce15650e0f6,EURUSD,H1,SHORT,Trend+Momentum
EURUSD_H1_403,1,SQX-EURUSD-H1-dd2a0ba60170,EURUSD,H1,LONG,Trend+Volatility+Structure
EURUSD_H1_404,1,SQX-EURUSD-H1-dd712225d15a,EURUSD,H1,LONG,Trend+Volatility+Structure
EURUSD_H1_405,1,SQX-EURUSD-H1-ddd51306b6be,EURUSD,H1,LONG,Trend+Volatility+Structure
EURUSD_H1_406,1,SQX-EURUSD-H1-de1d30befac9,EURUSD,H1,SHORT,Trend+Momentum
EURUSD_H1_407,1,SQX-EURUSD-H1-df34ccb7c2bb,EURUSD,H1,SHORT,Trend+Momentum+Volatility
EURUSD_H1_408,1,SQX-EURUSD-H1-df689b3778cc,EURUSD,H1,LONG,Trend+Volatility
EURUSD_H1_409,1,SQX-EURUSD-H1-df750514bcbf,EURUSD,H1,SHORT,Trend+Momentum+Volatility
EURUSD_H1_410,1,SQX-EURUSD-H1-e16054889d90,EURUSD,H1,SHORT,Trend+Momentum+Structure
EURUSD_H1_411,1,SQX-EURUSD-H1-e1b7115c24e4,EURUSD,H1,LONG,Trend+Volatility
EURUSD_H1_412,1,SQX-EURUSD-H1-e2b5678793bc,EURUSD,H1,SHORT,Momentum+Volatility+Structure
EURUSD_H1_413,1,SQX-EURUSD-H1-e2e3ce85109e,EURUSD,H1,LONG,Trend+Momentum
EURUSD_H1_414,1,SQX-EURUSD-H1-e3577cf3213b,EURUSD,H1,LONG,Trend+Momentum+Structure
EURUSD_H1_415,1,SQX-EURUSD-H1-e40fc3185701,EURUSD,H1,LONG,Trend
EURUSD_H1_416,1,SQX-EURUSD-H1-e6737d391b7b,EURUSD,H1,LONG,Trend+Structure
EURUSD_H1_417,1,SQX-EURUSD-H1-e77a25f9b936,EURUSD,H1,LONG,Trend+Volatility
EURUSD_H1_418,1,SQX-EURUSD-H1-e79547542399,EURUSD,H1,SHORT,Trend+Structure
EURUSD_H1_419,1,SQX-EURUSD-H1-e824af23356d,EURUSD,H1,LONG,Trend+Momentum
EURUSD_H1_420,1,SQX-EURUSD-H1-e87374d4adb7,EURUSD,H1,LONG,Trend+Volatility+Structure
EURUSD_H1_421,1,SQX-EURUSD-H1-ea25c5d372a8,EURUSD,H1,SHORT,Trend+Volatility+Structure
EURUSD_H1_422,1,SQX-EURUSD-H1-ea883cb3afe8,EURUSD,H1,LONG,Trend+Momentum+Volatility
EURUSD_H1_423,1,SQX-EURUSD-H1-eaf7dc3a9542,EURUSD,H1,LONG,Trend+Momentum+Volatility
EURUSD_H1_424,1,SQX-EURUSD-H1-ecc09a09e306,EURUSD,H1,LONG,Trend
EURUSD_H1_425,1,SQX-EURUSD-H1-ed9cd13effba,EURUSD,H1,LONG,Momentum+Structure
EURUSD_H1_426,1,SQX-EURUSD-H1-ee282a62c43d,EURUSD,H1,LONG,Trend+Momentum+Volatility
EURUSD_H1_427,1,SQX-EURUSD-H1-effec3eb07f0,EURUSD,H1,LONG,Momentum+Volatility+Structure
EURUSD_H1_428,1,SQX-EURUSD-H1-f1858ad42898,EURUSD,H1,SHORT,Momentum
EURUSD_H1_429,1,SQX-EURUSD-H1-f18c04ac1bf4,EURUSD,H1,LONG,Momentum+Volatility+Structure
EURUSD_H1_430,1,SQX-EURUSD-H1-f1e07f4e7ce9,EURUSD,H1,SHORT,Trend+Momentum+Volatility
EURUSD_H1_431,1,SQX-EURUSD-H1-f2037be9183d,EURUSD,H1,SHORT,Trend+Momentum+Structure
EURUSD_H1_432,1,SQX-EURUSD-H1-f2601cbbd61d,EURUSD,H1,LONG,Structure
EURUSD_H1_433,1,SQX-EURUSD-H1-f31502ecb7f3,EURUSD,H1,SHORT,Trend+Momentum+Structure
EURUSD_H1_434,1,SQX-EURUSD-H1-f396e8a5be30,EURUSD,H1,SHORT,Trend+Volatility
EURUSD_H1_435,1,SQX-EURUSD-H1-f4499f78ac42,EURUSD,H1,LONG,Trend+Volatility+Structure
EURUSD_H1_436,1,SQX-EURUSD-H1-f47b50db4fc0,EURUSD,H1,LONG,Trend+Volatility
EURUSD_H1_437,1,SQX-EURUSD-H1-f485eda82eaa,EURUSD,H1,SHORT,Trend+Momentum+Volatility
EURUSD_H1_438,1,SQX-EURUSD-H1-f5d1eabfe42b,EURUSD,H1,LONG,Trend+Volatility
EURUSD_H1_439,1,SQX-EURUSD-H1-f6004d4c225d,EURUSD,H1,LONG,Trend+Momentum+Volatility
EURUSD_H1_440,1,SQX-EURUSD-H1-f63615d78741,EURUSD,H1,SHORT,Momentum+Volatility+Structure
EURUSD_H1_441,1,SQX-EURUSD-H1-f68356254454,EURUSD,H1,LONG,Trend+Structure
EURUSD_H1_442,1,SQX-EURUSD-H1-f6d46acf78b7,EURUSD,H1,LONG,Volatility
EURUSD_H1_443,1,SQX-EURUSD-H1-f85a5e516afd,EURUSD,H1,LONG,Trend+Structure
EURUSD_H1_444,1,SQX-EURUSD-H1-f91bf5197751,EURUSD,H1,SHORT,Momentum+Volatility+Structure
EURUSD_H1_445,1,SQX-EURUSD-H1-f9287297c5c7,EURUSD,H1,SHORT,Trend+Momentum+Structure
EURUSD_H1_446,1,SQX-EURUSD-H1-f9b8975bbc5e,EURUSD,H1,LONG,Trend+Momentum+Volatility
EURUSD_H1_447,1,SQX-EURUSD-H1-f9ff6d84344a,EURUSD,H1,LONG,Trend+Structure
EURUSD_H1_448,1,SQX-EURUSD-H1-fadb111ec5e1,EURUSD,H1,SHORT,Momentum+Volatility+Structure
EURUSD_H1_449,1,SQX-EURUSD-H1-fb84dceca9f7,EURUSD,H1,SHORT,Trend
EURUSD_H1_450,1,SQX-EURUSD-H1-fb943e6c010c,EURUSD,H1,LONG,Trend+Volatility+Structure
EURUSD_H1_451,1,SQX-EURUSD-H1-fbcbad2a6329,EURUSD,H1,SHORT,Trend+Volatility+Structure
EURUSD_H1_452,1,SQX-EURUSD-H1-fc0d3632add3,EURUSD,H1,LONG,Trend+Momentum+Volatility+Structure
EURUSD_H1_453,1,SQX-EURUSD-H1-fd0c8387e667,EURUSD,H1,LONG,Trend+Momentum
EURUSD_H1_454,1,SQX-EURUSD-H1-fd1ac112c67f,EURUSD,H1,SHORT,Trend+Volatility+Structure
EURUSD_H1_455,1,SQX-EURUSD-H1-fdbea404e789,EURUSD,H1,SHORT,Trend+Momentum+Structure
EURUSD_H1_456,1,SQX-EURUSD-H1-ffbdd24952b3,EURUSD,H1,LONG,Trend+Volatility
EURUSD_H1_457,1,SQX-EURUSD-H1-0483e60ae32c,EURUSD,H1,LONG,Trend+Volatility
EURUSD_H1_458,1,SQX-EURUSD-H1-062e6757fa2a,EURUSD,H1,LONG,Trend+Structure
EURUSD_H1_459,1,SQX-EURUSD-H1-07862d1ea899,EURUSD,H1,LONG,Trend+Volatility
EURUSD_H1_460,1,SQX-EURUSD-H1-08a5043aa47e,EURUSD,H1,LONG,Trend+Momentum+Volatility+Structure
EURUSD_H1_461,1,SQX-EURUSD-H1-090974972527,EURUSD,H1,LONG,Trend+Volatility
EURUSD_H1_462,1,SQX-EURUSD-H1-0cc329175f76,EURUSD,H1,LONG,Momentum+Structure
EURUSD_H1_463,1,SQX-EURUSD-H1-0ce131003cd9,EURUSD,H1,LONG,Trend+Volatility+Structure
EURUSD_H1_464,1,SQX-EURUSD-H1-0d25df8e4665,EURUSD,H1,SHORT,Momentum
EURUSD_H1_465,1,SQX-EURUSD-H1-10fa08beccb2,EURUSD,H1,LONG,Trend+Volatility
EURUSD_H1_466,1,SQX-EURUSD-H1-11718da8190d,EURUSD,H1,LONG,Trend+Momentum
EURUSD_H1_467,1,SQX-EURUSD-H1-135e0b8dffcb,EURUSD,H1,SHORT,Momentum+Volatility+Structure
EURUSD_H1_468,1,SQX-EURUSD-H1-13649a86e51c,EURUSD,H1,LONG,Trend+Volatility+Structure
EURUSD_H1_469,1,SQX-EURUSD-H1-13836d347b0a,EURUSD,H1,LONG,Momentum+Volatility+Structure
EURUSD_H1_470,1,SQX-EURUSD-H1-153dd2ef1d03,EURUSD,H1,LONG,Trend+Volatility+Structure
EURUSD_H1_471,1,SQX-EURUSD-H1-1739a3c8c89e,EURUSD,H1,SHORT,Momentum+Structure
EURUSD_H1_472,1,SQX-EURUSD-H1-19f355400d8d,EURUSD,H1,LONG,Volatility+Structure
EURUSD_H1_473,1,SQX-EURUSD-H1-1aec29d68b5c,EURUSD,H1,LONG,Trend+Volatility+Structure
EURUSD_H1_474,1,SQX-EURUSD-H1-1e013a2765fa,EURUSD,H1,LONG,Trend+Momentum+Volatility+Structure
EURUSD_H1_475,1,SQX-EURUSD-H1-1f2d1ee4cb99,EURUSD,H1,LONG,Trend+Momentum
EURUSD_H1_476,1,SQX-EURUSD-H1-1fa84514015c,EURUSD,H1,LONG,Trend+Volatility
EURUSD_H1_477,1,SQX-EURUSD-H1-1fe679a3797c,EURUSD,H1,LONG,Momentum+Volatility+Structure
EURUSD_H1_478,1,SQX-EURUSD-H1-2f7c1974c2f4,EURUSD,H1,LONG,Trend+Structure
EURUSD_H1_479,1,SQX-EURUSD-H1-33e906703b5c,EURUSD,H1,LONG,Trend+Momentum
EURUSD_H1_480,1,SQX-EURUSD-H1-345f32b79da4,EURUSD,H1,LONG,Trend+Momentum
EURUSD_H1_481,1,SQX-EURUSD-H1-350a31bd0d70,EURUSD,H1,LONG,Trend+Volatility+Structure
EURUSD_H1_482,1,SQX-EURUSD-H1-369a2b5ec58b,EURUSD,H1,LONG,Trend+Volatility
EURUSD_H1_483,1,SQX-EURUSD-H1-38da065771f4,EURUSD,H1,LONG,Trend+Momentum+Volatility
EURUSD_H1_484,1,SQX-EURUSD-H1-38f9c6b7eb7a,EURUSD,H1,LONG,Trend+Momentum+Structure
EURUSD_H1_485,1,SQX-EURUSD-H1-3b3122e9b351,EURUSD,H1,SHORT,Trend+Momentum
EURUSD_H1_486,1,SQX-EURUSD-H1-3ca23319843c,EURUSD,H1,LONG,Momentum+Volatility+Structure
EURUSD_H1_487,1,SQX-EURUSD-H1-3e7c5f3e5eb4,EURUSD,H1,LONG,Trend+Momentum
EURUSD_H1_488,1,SQX-EURUSD-H1-3f580203806e,EURUSD,H1,LONG,Momentum+Volatility+Structure
EURUSD_H1_489,1,SQX-EURUSD-H1-4074c4ecb40e,EURUSD,H1,LONG,Trend+Momentum+Volatility
EURUSD_H1_490,1,SQX-EURUSD-H1-429fdb59f8c0,EURUSD,H1,LONG,Trend+Structure
EURUSD_H1_491,1,SQX-EURUSD-H1-442f48cea597,EURUSD,H1,LONG,Trend+Volatility+Structure
EURUSD_H1_492,1,SQX-EURUSD-H1-4475d6ceab97,EURUSD,H1,LONG,Trend+Volatility
EURUSD_H1_493,1,SQX-EURUSD-H1-485d617c4ea6,EURUSD,H1,LONG,Trend+Volatility+Structure
EURUSD_H1_494,1,SQX-EURUSD-H1-4aeff9d3440a,EURUSD,H1,LONG,Trend+Momentum+Volatility
EURUSD_H1_495,1,SQX-EURUSD-H1-4d0bff5627b5,EURUSD,H1,LONG,Trend+Volatility+Structure
EURUSD_H1_496,1,SQX-EURUSD-H1-4e13d96c1184,EURUSD,H1,LONG,Trend+Volatility+Structure
EURUSD_H1_497,1,SQX-EURUSD-H1-4e6bc90f2491,EURUSD,H1,LONG,Trend+Volatility+Structure
EURUSD_H1_498,1,SQX-EURUSD-H1-4f80f14a15c9,EURUSD,H1,LONG,Trend+Volatility+Structure
EURUSD_H1_499,1,SQX-EURUSD-H1-531018853538,EURUSD,H1,SHORT,Trend+Volatility+Structure
EURUSD_H1_500,1,SQX-EURUSD-H1-53606865c2e1,EURUSD,H1,LONG,Trend+Momentum+Structure
EURUSD_H1_501,1,SQX-EURUSD-H1-53effafce255,EURUSD,H1,LONG,Volatility+Structure
EURUSD_H1_502,1,SQX-EURUSD-H1-57705dbf2bfc,EURUSD,H1,SHORT,Volatility+Structure
EURUSD_H1_503,1,SQX-EURUSD-H1-5ae041108ad2,EURUSD,H1,LONG,Trend+Volatility+Structure
EURUSD_H1_504,1,SQX-EURUSD-H1-5bdb2239e2a8,EURUSD,H1,SHORT,Trend+Momentum
EURUSD_H1_505,1,SQX-EURUSD-H1-5fa865a5bb49,EURUSD,H1,LONG,Volatility+Structure
EURUSD_H1_506,1,SQX-EURUSD-H1-611b3b7f3ac5,EURUSD,H1,LONG,Momentum
EURUSD_H1_507,1,SQX-EURUSD-H1-6251572aa138,EURUSD,H1,LONG,Momentum+Volatility
EURUSD_H1_508,1,SQX-EURUSD-H1-652a60544943,EURUSD,H1,LONG,Trend+Volatility+Structure
EURUSD_H1_509,1,SQX-EURUSD-H1-67c3d7c55420,EURUSD,H1,LONG,Trend+Volatility
EURUSD_H1_510,1,SQX-EURUSD-H1-6a49da518859,EURUSD,H1,LONG,Volatility+Structure
EURUSD_H1_511,1,SQX-EURUSD-H1-6a607622e599,EURUSD,H1,LONG,Trend+Volatility+Structure
EURUSD_H1_512,1,SQX-EURUSD-H1-6d1cb5fa1910,EURUSD,H1,LONG,Trend+Volatility+Structure
EURUSD_H1_513,1,SQX-EURUSD-H1-6da13131360c,EURUSD,H1,LONG,Trend+Volatility+Structure
EURUSD_H1_514,1,SQX-EURUSD-H1-72117c60425a,EURUSD,H1,LONG,Volatility+Structure
EURUSD_H1_515,1,SQX-EURUSD-H1-73e8c8d13e4d,EURUSD,H1,LONG,Trend+Volatility+Structure
EURUSD_H1_516,1,SQX-EURUSD-H1-7baf5973fbf5,EURUSD,H1,LONG,Trend+Volatility+Structure
EURUSD_H1_517,1,SQX-EURUSD-H1-8240f1d11629,EURUSD,H1,SHORT,Trend+Momentum+Volatility
EURUSD_H1_518,1,SQX-EURUSD-H1-833995ddfdc2,EURUSD,H1,LONG,Momentum+Structure
EURUSD_H1_519,1,SQX-EURUSD-H1-83bd706925b3,EURUSD,H1,LONG,Trend+Momentum+Volatility
EURUSD_H1_520,1,SQX-EURUSD-H1-87bf0430e684,EURUSD,H1,LONG,Trend+Volatility+Structure
EURUSD_H1_521,1,SQX-EURUSD-H1-88642025d435,EURUSD,H1,LONG,Trend+Momentum+Volatility+Structure
EURUSD_H1_522,1,SQX-EURUSD-H1-896139c06bc6,EURUSD,H1,LONG,Trend+Momentum+Structure
EURUSD_H1_523,1,SQX-EURUSD-H1-8a852ecc4915,EURUSD,H1,LONG,Trend
EURUSD_H1_524,1,SQX-EURUSD-H1-8adb1050ff7f,EURUSD,H1,LONG,Volatility+Structure
EURUSD_H1_525,1,SQX-EURUSD-H1-8c612685bf6b,EURUSD,H1,LONG,Trend+Volatility+Structure
EURUSD_H1_526,1,SQX-EURUSD-H1-8c8278fa6294,EURUSD,H1,SHORT,Trend+Momentum
EURUSD_H1_527,1,SQX-EURUSD-H1-8f506668a4b7,EURUSD,H1,LONG,Trend+Momentum+Structure
EURUSD_H1_528,1,SQX-EURUSD-H1-91ffbe2c53bf,EURUSD,H1,LONG,Momentum+Volatility
EURUSD_H1_529,1,SQX-EURUSD-H1-9244a5ee73dc,EURUSD,H1,LONG,Trend+Momentum+Volatility
EURUSD_H1_530,1,SQX-EURUSD-H1-954cc00fd34f,EURUSD,H1,LONG,Trend+Volatility+Structure
EURUSD_H1_531,1,SQX-EURUSD-H1-9bdf8baf62aa,EURUSD,H1,SHORT,Trend+Momentum+Volatility
EURUSD_H1_532,1,SQX-EURUSD-H1-9cad3e9d6641,EURUSD,H1,LONG,Trend+Momentum
EURUSD_H1_533,1,SQX-EURUSD-H1-9e8a4bdbffdb,EURUSD,H1,SHORT,Trend+Momentum
EURUSD_H1_534,1,SQX-EURUSD-H1-9ff926eaed9b,EURUSD,H1,LONG,Trend+Volatility
EURUSD_H1_535,1,SQX-EURUSD-H1-a216d827affa,EURUSD,H1,LONG,Trend+Structure
EURUSD_H1_536,1,SQX-EURUSD-H1-a3072fe29d2c,EURUSD,H1,LONG,Volatility+Structure
EURUSD_H1_537,1,SQX-EURUSD-H1-a52de99b2844,EURUSD,H1,LONG,Trend+Volatility
EURUSD_H1_538,1,SQX-EURUSD-H1-a7a8a012a8d4,EURUSD,H1,LONG,Trend+Momentum+Volatility+Structure
EURUSD_H1_539,1,SQX-EURUSD-H1-a8a83bea5123,EURUSD,H1,LONG,Trend+Volatility+Structure
EURUSD_H1_540,1,SQX-EURUSD-H1-acd591c74de6,EURUSD,H1,LONG,Trend+Momentum
EURUSD_H1_541,1,SQX-EURUSD-H1-ad6596dab86a,EURUSD,H1,LONG,Trend+Volatility+Structure
EURUSD_H1_542,1,SQX-EURUSD-H1-b589cae5815b,EURUSD,H1,SHORT,Trend+Momentum+Volatility
EURUSD_H1_543,1,SQX-EURUSD-H1-b712445edfcb,EURUSD,H1,LONG,Trend+Volatility+Structure
EURUSD_H1_544,1,SQX-EURUSD-H1-b802bca59fa3,EURUSD,H1,LONG,Momentum+Volatility+Structure
EURUSD_H1_545,1,SQX-EURUSD-H1-b8c16181c43d,EURUSD,H1,LONG,Trend+Volatility+Structure
EURUSD_H1_546,1,SQX-EURUSD-H1-b964cf5ed95e,EURUSD,H1,LONG,Trend+Momentum+Volatility+Structure
EURUSD_H1_547,1,SQX-EURUSD-H1-ba72e2acc449,EURUSD,H1,LONG,Trend+Momentum+Structure
EURUSD_H1_548,1,SQX-EURUSD-H1-bd8d39808e9a,EURUSD,H1,LONG,Trend+Momentum+Volatility
EURUSD_H1_549,1,SQX-EURUSD-H1-c05efd2814bf,EURUSD,H1,LONG,Trend+Volatility
EURUSD_H1_550,1,SQX-EURUSD-H1-c52622e89f38,EURUSD,H1,LONG,Trend+Momentum+Structure
EURUSD_H1_551,1,SQX-EURUSD-H1-c66a02a98817,EURUSD,H1,LONG,Momentum+Volatility+Structure
EURUSD_H1_552,1,SQX-EURUSD-H1-c745c47f8ea1,EURUSD,H1,LONG,Trend+Volatility+Structure
EURUSD_H1_553,1,SQX-EURUSD-H1-c78f25534622,EURUSD,H1,LONG,Trend+Volatility+Structure
EURUSD_H1_554,1,SQX-EURUSD-H1-c816d0bfa6e0,EURUSD,H1,LONG,Trend+Volatility+Structure
EURUSD_H1_555,1,SQX-EURUSD-H1-c84455ebcca4,EURUSD,H1,LONG,Trend+Momentum+Volatility
EURUSD_H1_556,1,SQX-EURUSD-H1-c88c9729b342,EURUSD,H1,LONG,Trend+Momentum+Volatility+Structure
EURUSD_H1_557,1,SQX-EURUSD-H1-cbf4e682b20e,EURUSD,H1,LONG,Trend+Volatility+Structure
EURUSD_H1_558,1,SQX-EURUSD-H1-cca5e4e5c50c,EURUSD,H1,SHORT,Volatility
EURUSD_H1_559,1,SQX-EURUSD-H1-cf8f40d6efe9,EURUSD,H1,LONG,Trend+Volatility
EURUSD_H1_560,1,SQX-EURUSD-H1-cfccfa2a93f2,EURUSD,H1,LONG,Momentum+Volatility
EURUSD_H1_561,1,SQX-EURUSD-H1-d05437e23984,EURUSD,H1,LONG,Trend+Momentum+Volatility+Structure
EURUSD_H1_562,1,SQX-EURUSD-H1-d13b245cc26e,EURUSD,H1,SHORT,Trend+Momentum
EURUSD_H1_563,1,SQX-EURUSD-H1-d1cea698bff7,EURUSD,H1,SHORT,Momentum+Volatility+Structure
EURUSD_H1_564,1,SQX-EURUSD-H1-d2ee977abced,EURUSD,H1,LONG,Volatility+Structure
EURUSD_H1_565,1,SQX-EURUSD-H1-d3b4c1add43b,EURUSD,H1,LONG,Momentum+Volatility+Structure
EURUSD_H1_566,1,SQX-EURUSD-H1-d3e7d0341650,EURUSD,H1,LONG,Trend+Volatility+Structure
EURUSD_H1_567,1,SQX-EURUSD-H1-d489c37d4820,EURUSD,H1,LONG,Trend+Volatility+Structure
EURUSD_H1_568,1,SQX-EURUSD-H1-d6292473bed5,EURUSD,H1,LONG,Trend+Volatility
EURUSD_H1_569,1,SQX-EURUSD-H1-d7b50290ddf3,EURUSD,H1,LONG,Trend+Volatility+Structure
EURUSD_H1_570,1,SQX-EURUSD-H1-d81b966d70c2,EURUSD,H1,LONG,Trend+Volatility+Structure
EURUSD_H1_571,1,SQX-EURUSD-H1-d84c2319ce78,EURUSD,H1,LONG,Trend+Volatility
EURUSD_H1_572,1,SQX-EURUSD-H1-d9b89f49a9da,EURUSD,H1,LONG,Trend+Momentum+Structure
EURUSD_H1_573,1,SQX-EURUSD-H1-da876c50b766,EURUSD,H1,SHORT,Volatility+Structure
EURUSD_H1_574,1,SQX-EURUSD-H1-dba5b72ad5ef,EURUSD,H1,LONG,Trend+Volatility+Structure
EURUSD_H1_575,1,SQX-EURUSD-H1-dbebc3ffcdad,EURUSD,H1,LONG,Trend+Momentum+Structure
EURUSD_H1_576,1,SQX-EURUSD-H1-dc0cc8a79a2f,EURUSD,H1,SHORT,Trend+Structure
EURUSD_H1_577,1,SQX-EURUSD-H1-e3302c89186b,EURUSD,H1,LONG,Trend+Momentum
EURUSD_H1_578,1,SQX-EURUSD-H1-e65223e10174,EURUSD,H1,LONG,Trend+Momentum+Volatility+Structure
EURUSD_H1_579,1,SQX-EURUSD-H1-e9839744e438,EURUSD,H1,LONG,Momentum+Volatility+Structure
EURUSD_H1_580,1,SQX-EURUSD-H1-eaaaa2c450b3,EURUSD,H1,LONG,Momentum+Volatility
EURUSD_H1_581,1,SQX-EURUSD-H1-eb6e4bf7cfe4,EURUSD,H1,LONG,Trend+Volatility+Structure
EURUSD_H1_582,1,SQX-EURUSD-H1-ebc509d675bf,EURUSD,H1,LONG,Trend+Volatility+Structure
EURUSD_H1_583,1,SQX-EURUSD-H1-ebd675ba086c,EURUSD,H1,LONG,Trend+Volatility
EURUSD_H1_584,1,SQX-EURUSD-H1-ef8e4b7914ab,EURUSD,H1,LONG,Trend+Momentum+Structure
EURUSD_H1_585,1,SQX-EURUSD-H1-f0b3fd431c16,EURUSD,H1,LONG,Volatility+Structure
EURUSD_H1_586,1,SQX-EURUSD-H1-f102d6141f5a,EURUSD,H1,LONG,Trend+Structure
EURUSD_H1_587,1,SQX-EURUSD-H1-f25a0e98b24b,EURUSD,H1,LONG,Trend+Volatility+Structure
EURUSD_H1_588,1,SQX-EURUSD-H1-f6b9ba9ef563,EURUSD,H1,LONG,Trend+Volatility+Structure
EURUSD_H1_589,1,SQX-EURUSD-H1-fba66e93f3d3,EURUSD,H1,LONG,Trend+Momentum+Volatility
EURUSD_H1_590,1,SQX-EURUSD-H1-ffd4dfde5c3e,EURUSD,H1,LONG,Trend+Volatility+Structure
EURUSD_H4_1,46,SQX-EURUSD-H4-01004c72b41a,EURUSD,H4,LONG,Trend+Structure
EURUSD_H4_1,46,SQX-EURUSD-H4-0d37b832debe,EURUSD,H4,LONG,Momentum+Volatility+Structure
EURUSD_H4_1,46,SQX-EURUSD-H4-0f9cc6f1a17d,EURUSD,H4,LONG,Trend+Structure
EURUSD_H4_1,46,SQX-EURUSD-H4-12a8e671c537,EURUSD,H4,LONG,Trend+Volatility+Structure
EURUSD_H4_1,46,SQX-EURUSD-H4-179de2f98c5c,EURUSD,H4,LONG,Momentum+Structure
EURUSD_H4_1,46,SQX-EURUSD-H4-21082be72f58,EURUSD,H4,LONG,Trend+Structure
EURUSD_H4_1,46,SQX-EURUSD-H4-213304adb43a,EURUSD,H4,LONG,Trend+Volatility+Structure
EURUSD_H4_1,46,SQX-EURUSD-H4-22b45567bf7d,EURUSD,H4,LONG,Trend+Structure
EURUSD_H4_1,46,SQX-EURUSD-H4-23e0c1c6b4b0,EURUSD,H4,LONG,Trend+Structure
EURUSD_H4_1,46,SQX-EURUSD-H4-2e32693f783c,EURUSD,H4,LONG,Trend+Structure
EURUSD_H4_1,46,SQX-EURUSD-H4-348c41ecd59d,EURUSD,H4,LONG,Trend+Structure
EURUSD_H4_1,46,SQX-EURUSD-H4-40b55ebdddbc,EURUSD,H4,LONG,Momentum+Structure
EURUSD_H4_1,46,SQX-EURUSD-H4-41670b5a87af,EURUSD,H4,LONG,Volatility+Structure
EURUSD_H4_1,46,SQX-EURUSD-H4-41a4833e2ba0,EURUSD,H4,LONG,Momentum+Structure
EURUSD_H4_1,46,SQX-EURUSD-H4-471ddeeca3cd,EURUSD,H4,LONG,Momentum+Structure
EURUSD_H4_1,46,SQX-EURUSD-H4-523d811c4894,EURUSD,H4,LONG,Trend+Volatility+Structure
EURUSD_H4_1,46,SQX-EURUSD-H4-5ee147a3217a,EURUSD,H4,LONG,Trend+Structure
EURUSD_H4_1,46,SQX-EURUSD-H4-60f30255fbe6,EURUSD,H4,LONG,Trend+Structure
EURUSD_H4_1,46,SQX-EURUSD-H4-618f6e3a772c,EURUSD,H4,LONG,Trend+Structure
EURUSD_H4_1,46,SQX-EURUSD-H4-63a85366177e,EURUSD,H4,LONG,Trend+Structure
EURUSD_H4_1,46,SQX-EURUSD-H4-66adb1727b43,EURUSD,H4,LONG,Trend+Structure
EURUSD_H4_1,46,SQX-EURUSD-H4-6c144846b784,EURUSD,H4,LONG,Momentum+Structure
EURUSD_H4_1,46,SQX-EURUSD-H4-6d9aeafb91fe,EURUSD,H4,LONG,Momentum+Structure
EURUSD_H4_1,46,SQX-EURUSD-H4-7a5f3e28027b,EURUSD,H4,LONG,Trend+Volatility+Structure
EURUSD_H4_1,46,SQX-EURUSD-H4-7f7799ead365,EURUSD,H4,LONG,Trend+Structure
EURUSD_H4_1,46,SQX-EURUSD-H4-889ce9cabcf9,EURUSD,H4,LONG,Trend+Structure
EURUSD_H4_1,46,SQX-EURUSD-H4-9e5cc98172f3,EURUSD,H4,LONG,Trend+Structure
EURUSD_H4_1,46,SQX-EURUSD-H4-9f7514137475,EURUSD,H4,LONG,Trend+Structure
EURUSD_H4_1,46,SQX-EURUSD-H4-a579f9d0c54d,EURUSD,H4,LONG,Momentum+Structure
EURUSD_H4_1,46,SQX-EURUSD-H4-a98a568dfa1f,EURUSD,H4,LONG,Trend+Structure
EURUSD_H4_1,46,SQX-EURUSD-H4-b12d3f02f5f1,EURUSD,H4,LONG,Trend+Momentum+Structure
EURUSD_H4_1,46,SQX-EURUSD-H4-b5188643dc6f,EURUSD,H4,LONG,Trend+Volatility+Structure
EURUSD_H4_1,46,SQX-EURUSD-H4-c9754b464271,EURUSD,H4,LONG,Volatility+Structure
EURUSD_H4_1,46,SQX-EURUSD-H4-cfde39bf85e1,EURUSD,H4,LONG,Trend+Momentum+Structure
EURUSD_H4_1,46,SQX-EURUSD-H4-d2228d8ddf92,EURUSD,H4,LONG,Trend+Momentum+Structure
EURUSD_H4_1,46,SQX-EURUSD-H4-d8c850219c0e,EURUSD,H4,LONG,Trend+Structure
EURUSD_H4_1,46,SQX-EURUSD-H4-dbea477f0566,EURUSD,H4,LONG,Trend+Structure
EURUSD_H4_1,46,SQX-EURUSD-H4-df6e5b95864d,EURUSD,H4,LONG,Trend+Structure
EURUSD_H4_1,46,SQX-EURUSD-H4-e00284dd8595,EURUSD,H4,LONG,Momentum+Volatility+Structure
EURUSD_H4_1,46,SQX-EURUSD-H4-e46c482d9933,EURUSD,H4,LONG,Trend+Structure
EURUSD_H4_1,46,SQX-EURUSD-H4-e590e2de98c4,EURUSD,H4,LONG,Trend+Structure
EURUSD_H4_1,46,SQX-EURUSD-H4-ec6409e6dc3c,EURUSD,H4,LONG,Momentum+Structure
EURUSD_H4_1,46,SQX-EURUSD-H4-f11cd49ffe30,EURUSD,H4,LONG,Trend+Structure
EURUSD_H4_1,46,SQX-EURUSD-H4-f8f76c6b634d,EURUSD,H4,LONG,Trend+Structure
EURUSD_H4_1,46,SQX-EURUSD-H4-fad04f994a00,EURUSD,H4,LONG,Trend+Structure
EURUSD_H4_1,46,SQX-EURUSD-H4-fedc68f62a26,EURUSD,H4,LONG,Trend+Structure
EURUSD_H4_2,33,SQX-EURUSD-H4-054abc433164,EURUSD,H4,LONG,Trend+Volatility
EURUSD_H4_2,33,SQX-EURUSD-H4-0e7f4cbe9339,EURUSD,H4,LONG,Trend+Momentum+Volatility
EURUSD_H4_2,33,SQX-EURUSD-H4-11cc16a3ebf6,EURUSD,H4,LONG,Momentum+Volatility
EURUSD_H4_2,33,SQX-EURUSD-H4-14d012ea8a99,EURUSD,H4,LONG,Trend+Momentum+Volatility
EURUSD_H4_2,33,SQX-EURUSD-H4-1a05a8615b4a,EURUSD,H4,LONG,Trend+Volatility
EURUSD_H4_2,33,SQX-EURUSD-H4-217424960abf,EURUSD,H4,LONG,Trend+Volatility
EURUSD_H4_2,33,SQX-EURUSD-H4-3a7f560250aa,EURUSD,H4,LONG,Trend+Momentum+Volatility
EURUSD_H4_2,33,SQX-EURUSD-H4-409d6751e7a1,EURUSD,H4,LONG,Trend+Volatility
EURUSD_H4_2,33,SQX-EURUSD-H4-411266098c36,EURUSD,H4,LONG,Trend
EURUSD_H4_2,33,SQX-EURUSD-H4-4abe54cbcc34,EURUSD,H4,LONG,Trend+Volatility
EURUSD_H4_2,33,SQX-EURUSD-H4-4e926c5f7534,EURUSD,H4,LONG,Trend+Volatility
EURUSD_H4_2,33,SQX-EURUSD-H4-4ee329fba470,EURUSD,H4,LONG,Trend+Volatility
EURUSD_H4_2,33,SQX-EURUSD-H4-517177f1997e,EURUSD,H4,LONG,Trend+Volatility
EURUSD_H4_2,33,SQX-EURUSD-H4-592363de88db,EURUSD,H4,LONG,Trend+Volatility
EURUSD_H4_2,33,SQX-EURUSD-H4-5be078d2d8f6,EURUSD,H4,LONG,Trend+Momentum+Volatility
EURUSD_H4_2,33,SQX-EURUSD-H4-68ac55bead6f,EURUSD,H4,LONG,Trend+Volatility
EURUSD_H4_2,33,SQX-EURUSD-H4-70732b549fed,EURUSD,H4,LONG,Trend+Momentum
EURUSD_H4_2,33,SQX-EURUSD-H4-8628536463b6,EURUSD,H4,LONG,Trend+Volatility
EURUSD_H4_2,33,SQX-EURUSD-H4-885c7b75fb7f,EURUSD,H4,LONG,Trend+Momentum+Volatility
EURUSD_H4_2,33,SQX-EURUSD-H4-9092a0370218,EURUSD,H4,LONG,Trend+Volatility
EURUSD_H4_2,33,SQX-EURUSD-H4-96843a2d503f,EURUSD,H4,LONG,Trend+Momentum+Volatility
EURUSD_H4_2,33,SQX-EURUSD-H4-a352a9184581,EURUSD,H4,LONG,Trend
EURUSD_H4_2,33,SQX-EURUSD-H4-a711a2d9dc20,EURUSD,H4,LONG,Trend+Volatility
EURUSD_H4_2,33,SQX-EURUSD-H4-b103454ea22e,EURUSD,H4,LONG,Trend
EURUSD_H4_2,33,SQX-EURUSD-H4-b2c3aea3f014,EURUSD,H4,LONG,Trend+Momentum+Volatility
EURUSD_H4_2,33,SQX-EURUSD-H4-b7ae9bf2ee6a,EURUSD,H4,LONG,Trend+Volatility
EURUSD_H4_2,33,SQX-EURUSD-H4-bdb2ed881b86,EURUSD,H4,LONG,Trend+Momentum+Volatility
EURUSD_H4_2,33,SQX-EURUSD-H4-c1ded2ddba7e,EURUSD,H4,LONG,Trend+Volatility
EURUSD_H4_2,33,SQX-EURUSD-H4-d9a06820c2a1,EURUSD,H4,LONG,Trend+Volatility
EURUSD_H4_2,33,SQX-EURUSD-H4-e2281d338832,EURUSD,H4,LONG,Trend+Volatility
EURUSD_H4_2,33,SQX-EURUSD-H4-e7a4465dbf10,EURUSD,H4,LONG,Trend+Momentum+Volatility
EURUSD_H4_2,33,SQX-EURUSD-H4-ec73c02a5415,EURUSD,H4,LONG,Trend+Volatility+Structure
EURUSD_H4_2,33,SQX-EURUSD-H4-f77fa2895ff8,EURUSD,H4,LONG,Trend+Volatility
EURUSD_H4_3,29,SQX-EURUSD-H4-18eeb4a97dfa,EURUSD,H4,LONG,Trend+Structure
EURUSD_H4_3,29,SQX-EURUSD-H4-24b596ba7268,EURUSD,H4,LONG,Trend+Volatility+Structure
EURUSD_H4_3,29,SQX-EURUSD-H4-24cbe3ad9b32,EURUSD,H4,LONG,Trend+Momentum+Structure
EURUSD_H4_3,29,SQX-EURUSD-H4-2b31a6a4a92f,EURUSD,H4,LONG,Trend+Volatility+Structure
EURUSD_H4_3,29,SQX-EURUSD-H4-2ec63f4e7881,EURUSD,H4,LONG,Trend+Volatility+Structure
EURUSD_H4_3,29,SQX-EURUSD-H4-5071b18ece0c,EURUSD,H4,LONG,Trend+Structure
EURUSD_H4_3,29,SQX-EURUSD-H4-50d66a626794,EURUSD,H4,LONG,Trend+Structure
EURUSD_H4_3,29,SQX-EURUSD-H4-64d72bd0602f,EURUSD,H4,LONG,Trend+Structure
EURUSD_H4_3,29,SQX-EURUSD-H4-726c79769537,EURUSD,H4,LONG,Trend+Momentum+Structure
EURUSD_H4_3,29,SQX-EURUSD-H4-78a4e553c6e0,EURUSD,H4,LONG,Trend+Structure
EURUSD_H4_3,29,SQX-EURUSD-H4-80d69f510f9f,EURUSD,H4,LONG,Trend+Structure
EURUSD_H4_3,29,SQX-EURUSD-H4-8580454fe8b2,EURUSD,H4,LONG,Trend+Structure
EURUSD_H4_3,29,SQX-EURUSD-H4-8df5385cf47c,EURUSD,H4,LONG,Trend+Momentum+Structure
EURUSD_H4_3,29,SQX-EURUSD-H4-95e0ece73944,EURUSD,H4,LONG,Trend+Structure
EURUSD_H4_3,29,SQX-EURUSD-H4-9a8cd787194b,EURUSD,H4,LONG,Trend+Momentum+Structure
EURUSD_H4_3,29,SQX-EURUSD-H4-a22a0df56d4d,EURUSD,H4,LONG,Trend+Volatility+Structure
EURUSD_H4_3,29,SQX-EURUSD-H4-a5d584be3dc0,EURUSD,H4,LONG,Trend+Volatility+Structure
EURUSD_H4_3,29,SQX-EURUSD-H4-a64524405eff,EURUSD,H4,LONG,Trend+Structure
EURUSD_H4_3,29,SQX-EURUSD-H4-a6bfcb4a97cb,EURUSD,H4,LONG,Trend+Structure
EURUSD_H4_3,29,SQX-EURUSD-H4-a81ebce1d477,EURUSD,H4,LONG,Trend+Momentum+Structure
EURUSD_H4_3,29,SQX-EURUSD-H4-b65cf183d7e5,EURUSD,H4,LONG,Trend+Volatility+Structure
EURUSD_H4_3,29,SQX-EURUSD-H4-b8690b79d130,EURUSD,H4,LONG,Trend+Structure
EURUSD_H4_3,29,SQX-EURUSD-H4-bdd092958984,EURUSD,H4,LONG,Trend+Structure
EURUSD_H4_3,29,SQX-EURUSD-H4-c15325df3500,EURUSD,H4,LONG,Trend+Structure
EURUSD_H4_3,29,SQX-EURUSD-H4-cbb9f610ffff,EURUSD,H4,LONG,Trend+Structure
EURUSD_H4_3,29,SQX-EURUSD-H4-d44768abff60,EURUSD,H4,LONG,Trend+Momentum+Structure
EURUSD_H4_3,29,SQX-EURUSD-H4-dee5f569031b,EURUSD,H4,LONG,Trend+Structure
EURUSD_H4_3,29,SQX-EURUSD-H4-e127efb8057b,EURUSD,H4,LONG,Trend+Structure
EURUSD_H4_3,29,SQX-EURUSD-H4-e90b256b6113,EURUSD,H4,LONG,Trend+Momentum+Structure
EURUSD_H4_4,21,SQX-EURUSD-H4-0b7650a0e617,EURUSD,H4,SHORT,Trend
EURUSD_H4_4,21,SQX-EURUSD-H4-1318f865ab8e,EURUSD,H4,SHORT,Trend
EURUSD_H4_4,21,SQX-EURUSD-H4-15f6abf718eb,EURUSD,H4,SHORT,Trend+Momentum
EURUSD_H4_4,21,SQX-EURUSD-H4-4d3fd9706d7f,EURUSD,H4,SHORT,Trend
EURUSD_H4_4,21,SQX-EURUSD-H4-64856de7dc2e,EURUSD,H4,SHORT,Trend+Momentum
EURUSD_H4_4,21,SQX-EURUSD-H4-71ba2497cb8c,EURUSD,H4,SHORT,Trend
EURUSD_H4_4,21,SQX-EURUSD-H4-7d135e1c4853,EURUSD,H4,SHORT,Trend+Momentum
EURUSD_H4_4,21,SQX-EURUSD-H4-80252c2d7100,EURUSD,H4,SHORT,Trend+Momentum
EURUSD_H4_4,21,SQX-EURUSD-H4-889f2a84daa8,EURUSD,H4,SHORT,Trend
EURUSD_H4_4,21,SQX-EURUSD-H4-96e51eb6f14a,EURUSD,H4,SHORT,Trend+Momentum+Volatility
EURUSD_H4_4,21,SQX-EURUSD-H4-a62b216c4e31,EURUSD,H4,SHORT,Trend
EURUSD_H4_4,21,SQX-EURUSD-H4-b8ff42740f2c,EURUSD,H4,SHORT,Trend
EURUSD_H4_4,21,SQX-EURUSD-H4-d6e64a211e51,EURUSD,H4,SHORT,Trend+Momentum
EURUSD_H4_4,21,SQX-EURUSD-H4-dfed9c13fb9f,EURUSD,H4,SHORT,Trend+Volatility
EURUSD_H4_4,21,SQX-EURUSD-H4-e00792d346d0,EURUSD,H4,SHORT,Trend
EURUSD_H4_4,21,SQX-EURUSD-H4-e0c7e526ea1c,EURUSD,H4,SHORT,Trend
EURUSD_H4_4,21,SQX-EURUSD-H4-e0d4d1555a77,EURUSD,H4,SHORT,Trend
EURUSD_H4_4,21,SQX-EURUSD-H4-e0f515d96997,EURUSD,H4,SHORT,Trend
EURUSD_H4_4,21,SQX-EURUSD-H4-e44e707e2a1c,EURUSD,H4,SHORT,Trend+Volatility
EURUSD_H4_4,21,SQX-EURUSD-H4-ee0dbfe4b240,EURUSD,H4,SHORT,Trend
EURUSD_H4_4,21,SQX-EURUSD-H4-eebbf681ceb0,EURUSD,H4,SHORT,Trend
EURUSD_H4_5,13,SQX-EURUSD-H4-6627d64c8b35,EURUSD,H4,SHORT,Trend+Volatility+Structure
EURUSD_H4_5,13,SQX-EURUSD-H4-66846161c50d,EURUSD,H4,SHORT,Trend+Volatility+Structure
EURUSD_H4_5,13,SQX-EURUSD-H4-78e20687e31c,EURUSD,H4,SHORT,Trend+Volatility+Structure
EURUSD_H4_5,13,SQX-EURUSD-H4-8cdfcfe51e6a,EURUSD,H4,SHORT,Trend+Volatility+Structure
EURUSD_H4_5,13,SQX-EURUSD-H4-a4b89fb29a83,EURUSD,H4,SHORT,Trend+Volatility+Structure
EURUSD_H4_5,13,SQX-EURUSD-H4-b0117cc74884,EURUSD,H4,SHORT,Trend+Volatility+Structure
EURUSD_H4_5,13,SQX-EURUSD-H4-ba213af1d86b,EURUSD,H4,SHORT,Trend+Volatility+Structure
EURUSD_H4_5,13,SQX-EURUSD-H4-be5ef9b90107,EURUSD,H4,SHORT,Trend+Volatility+Structure
EURUSD_H4_5,13,SQX-EURUSD-H4-d0be1c9c3f81,EURUSD,H4,SHORT,Trend+Volatility+Structure
EURUSD_H4_5,13,SQX-EURUSD-H4-d23063e99b6c,EURUSD,H4,SHORT,Trend+Volatility+Structure
EURUSD_H4_5,13,SQX-EURUSD-H4-d2c3adb68d67,EURUSD,H4,SHORT,Trend+Volatility+Structure
EURUSD_H4_5,13,SQX-EURUSD-H4-d4f4638dc8f4,EURUSD,H4,SHORT,Trend+Volatility+Structure
EURUSD_H4_5,13,SQX-EURUSD-H4-d6ed6d10407a,EURUSD,H4,SHORT,Trend+Volatility+Structure
EURUSD_H4_6,8,SQX-EURUSD-H4-04a5475e7738,EURUSD,H4,LONG,Momentum+Structure
EURUSD_H4_6,8,SQX-EURUSD-H4-09b092c8b5ea,EURUSD,H4,LONG,Momentum+Structure
EURUSD_H4_6,8,SQX-EURUSD-H4-1fbe5f19f810,EURUSD,H4,LONG,Momentum+Structure
EURUSD_H4_6,8,SQX-EURUSD-H4-6032ec0cdad4,EURUSD,H4,LONG,Structure
EURUSD_H4_6,8,SQX-EURUSD-H4-62c92ee9df62,EURUSD,H4,LONG,Structure
EURUSD_H4_6,8,SQX-EURUSD-H4-6e278fb4f273,EURUSD,H4,LONG,Trend+Volatility+Structure
EURUSD_H4_6,8,SQX-EURUSD-H4-6f6ea0373fb9,EURUSD,H4,LONG,Momentum+Volatility+Structure
EURUSD_H4_6,8,SQX-EURUSD-H4-e52404bfdb7a,EURUSD,H4,LONG,Structure
EURUSD_H4_7,7,SQX-EURUSD-H4-2bb7845a4e74,EURUSD,H4,LONG,Trend
EURUSD_H4_7,7,SQX-EURUSD-H4-7f8f62323ba4,EURUSD,H4,LONG,Trend+Momentum+Volatility
EURUSD_H4_7,7,SQX-EURUSD-H4-8e33b5845079,EURUSD,H4,LONG,Trend+Volatility
EURUSD_H4_7,7,SQX-EURUSD-H4-f0968f75b58a,EURUSD,H4,LONG,Trend+Momentum
EURUSD_H4_7,7,SQX-EURUSD-H4-f1ad8028c509,EURUSD,H4,LONG,Trend+Momentum
EURUSD_H4_7,7,SQX-EURUSD-H4-f824b0b9909d,EURUSD,H4,LONG,Trend+Momentum
EURUSD_H4_7,7,SQX-EURUSD-H4-f96cbaae0a73,EURUSD,H4,LONG,Trend
EURUSD_H4_8,6,SQX-EURUSD-H4-0647cf9e2482,EURUSD,H4,LONG,Volatility
EURUSD_H4_8,6,SQX-EURUSD-H4-0a76420afcf7,EURUSD,H4,LONG,Volatility
EURUSD_H4_8,6,SQX-EURUSD-H4-1d1c4798beeb,EURUSD,H4,LONG,Trend+Volatility
EURUSD_H4_8,6,SQX-EURUSD-H4-310188c1441f,EURUSD,H4,LONG,Volatility
EURUSD_H4_8,6,SQX-EURUSD-H4-7c15e09601e2,EURUSD,H4,LONG,Momentum+Volatility
EURUSD_H4_8,6,SQX-EURUSD-H4-af8382dded66,EURUSD,H4,LONG,Trend+Volatility
EURUSD_H4_9,6,SQX-EURUSD-H4-30130451b25d,EURUSD,H4,SHORT,Trend+Volatility
EURUSD_H4_9,6,SQX-EURUSD-H4-60de51664ea0,EURUSD,H4,SHORT,Trend+Volatility
EURUSD_H4_9,6,SQX-EURUSD-H4-6806c571c47d,EURUSD,H4,SHORT,Trend
EURUSD_H4_9,6,SQX-EURUSD-H4-88330431f8e8,EURUSD,H4,SHORT,Trend
EURUSD_H4_9,6,SQX-EURUSD-H4-8cd612ad1aa9,EURUSD,H4,SHORT,Trend+Volatility
EURUSD_H4_9,6,SQX-EURUSD-H4-fbdc0722048f,EURUSD,H4,SHORT,Trend
EURUSD_H4_10,6,SQX-EURUSD-H4-4a7f955a122d,EURUSD,H4,LONG,Trend
EURUSD_H4_10,6,SQX-EURUSD-H4-6fb86443fed3,EURUSD,H4,LONG,Trend
EURUSD_H4_10,6,SQX-EURUSD-H4-8fe7016635b7,EURUSD,H4,LONG,Trend
EURUSD_H4_10,6,SQX-EURUSD-H4-c3961c12f927,EURUSD,H4,LONG,Trend
EURUSD_H4_10,6,SQX-EURUSD-H4-f447fd4f89e2,EURUSD,H4,LONG,Trend
EURUSD_H4_10,6,SQX-EURUSD-H4-f89abb63df50,EURUSD,H4,LONG,Trend
EURUSD_H4_11,5,SQX-EURUSD-H4-176263c658aa,EURUSD,H4,SHORT,Volatility+Structure
EURUSD_H4_11,5,SQX-EURUSD-H4-1d824052fd7a,EURUSD,H4,SHORT,Volatility
EURUSD_H4_11,5,SQX-EURUSD-H4-9f4559f97740,EURUSD,H4,SHORT,Trend+Volatility
EURUSD_H4_11,5,SQX-EURUSD-H4-bf36f7fd2b7e,EURUSD,H4,SHORT,Trend+Volatility
EURUSD_H4_11,5,SQX-EURUSD-H4-f625a47ac13a,EURUSD,H4,SHORT,Volatility
EURUSD_H4_12,5,SQX-EURUSD-H4-3e403204ee6a,EURUSD,H4,LONG,Trend+Volatility
EURUSD_H4_12,5,SQX-EURUSD-H4-4daade79c328,EURUSD,H4,LONG,Trend+Momentum+Volatility
EURUSD_H4_12,5,SQX-EURUSD-H4-87512f10af4e,EURUSD,H4,LONG,Trend+Volatility
EURUSD_H4_12,5,SQX-EURUSD-H4-a5f40910245e,EURUSD,H4,LONG,Trend+Momentum+Volatility
EURUSD_H4_12,5,SQX-EURUSD-H4-f15940d38ea8,EURUSD,H4,LONG,Trend+Momentum+Volatility
EURUSD_H4_13,5,SQX-EURUSD-H4-62c6c1c6994f,EURUSD,H4,SHORT,Trend+Momentum
EURUSD_H4_13,5,SQX-EURUSD-H4-7d06b3b0f370,EURUSD,H4,SHORT,Trend+Momentum
EURUSD_H4_13,5,SQX-EURUSD-H4-8ba4bc5fd01c,EURUSD,H4,SHORT,Trend+Momentum
EURUSD_H4_13,5,SQX-EURUSD-H4-e86efaa5c1ba,EURUSD,H4,SHORT,Trend+Momentum
EURUSD_H4_13,5,SQX-EURUSD-H4-fd7725958b87,EURUSD,H4,SHORT,Trend+Momentum
EURUSD_H4_14,4,SQX-EURUSD-H4-00a390d04135,EURUSD,H4,SHORT,Trend
EURUSD_H4_14,4,SQX-EURUSD-H4-0a795e3032d0,EURUSD,H4,SHORT,Trend
EURUSD_H4_14,4,SQX-EURUSD-H4-296b411aa2e9,EURUSD,H4,SHORT,Trend+Momentum
EURUSD_H4_14,4,SQX-EURUSD-H4-9e8d726df5fb,EURUSD,H4,SHORT,Trend
EURUSD_H4_15,4,SQX-EURUSD-H4-0973871f0dd4,EURUSD,H4,SHORT,Trend+Momentum+Volatility+Structure
EURUSD_H4_15,4,SQX-EURUSD-H4-251e1cbecb94,EURUSD,H4,SHORT,Trend+Volatility+Structure
EURUSD_H4_15,4,SQX-EURUSD-H4-a5898d913206,EURUSD,H4,SHORT,Trend+Momentum+Volatility+Structure
EURUSD_H4_15,4,SQX-EURUSD-H4-c3bc1692a427,EURUSD,H4,SHORT,Trend+Volatility+Structure
EURUSD_H4_16,4,SQX-EURUSD-H4-323a9679c2d4,EURUSD,H4,SHORT,Momentum+Volatility+Structure
EURUSD_H4_16,4,SQX-EURUSD-H4-33dadafe03e7,EURUSD,H4,SHORT,Trend+Momentum+Volatility+Structure
EURUSD_H4_16,4,SQX-EURUSD-H4-461de91250bc,EURUSD,H4,SHORT,Trend+Momentum+Volatility+Structure
EURUSD_H4_16,4,SQX-EURUSD-H4-91a5c2c7a7ac,EURUSD,H4,SHORT,Trend+Momentum+Structure
EURUSD_H4_17,4,SQX-EURUSD-H4-356e99fcf5f7,EURUSD,H4,SHORT,Trend+Momentum+Structure
EURUSD_H4_17,4,SQX-EURUSD-H4-58e50c2b56c3,EURUSD,H4,SHORT,Trend+Momentum+Structure
EURUSD_H4_17,4,SQX-EURUSD-H4-983bf6aaa034,EURUSD,H4,SHORT,Trend+Momentum+Structure
EURUSD_H4_17,4,SQX-EURUSD-H4-a56431265ef3,EURUSD,H4,SHORT,Trend+Momentum+Structure
EURUSD_H4_18,3,SQX-EURUSD-H4-0d0fbb909b9d,EURUSD,H4,LONG,Momentum+Structure
EURUSD_H4_18,3,SQX-EURUSD-H4-5a0cd9838303,EURUSD,H4,LONG,Momentum+Structure
EURUSD_H4_18,3,SQX-EURUSD-H4-db1861b8cf7d,EURUSD,H4,LONG,Trend+Momentum+Structure
EURUSD_H4_19,3,SQX-EURUSD-H4-0fcc9ff6544a,EURUSD,H4,LONG,Trend+Volatility+Structure
EURUSD_H4_19,3,SQX-EURUSD-H4-1a2458d88578,EURUSD,H4,LONG,Trend+Momentum+Volatility+Structure
EURUSD_H4_19,3,SQX-EURUSD-H4-9873e09319e3,EURUSD,H4,LONG,Trend+Volatility+Structure
EURUSD_H4_20,3,SQX-EURUSD-H4-183b180e3dff,EURUSD,H4,LONG,Trend+Volatility+Structure
EURUSD_H4_20,3,SQX-EURUSD-H4-c34c7186d5f8,EURUSD,H4,LONG,Trend+Structure
EURUSD_H4_20,3,SQX-EURUSD-H4-c7ede45af5a1,EURUSD,H4,LONG,Trend+Structure
EURUSD_H4_21,3,SQX-EURUSD-H4-18c3e325db36,EURUSD,H4,LONG,Volatility+Structure
EURUSD_H4_21,3,SQX-EURUSD-H4-599397aa5db3,EURUSD,H4,LONG,Volatility+Structure
EURUSD_H4_21,3,SQX-EURUSD-H4-699037598564,EURUSD,H4,LONG,Volatility+Structure
EURUSD_H4_22,3,SQX-EURUSD-H4-18da2e7562c8,EURUSD,H4,LONG,Trend+Volatility
EURUSD_H4_22,3,SQX-EURUSD-H4-6153f06bbc16,EURUSD,H4,LONG,Volatility
EURUSD_H4_22,3,SQX-EURUSD-H4-6b79e9e4f3bc,EURUSD,H4,LONG,Volatility
EURUSD_H4_23,3,SQX-EURUSD-H4-2c86b6f59ff9,EURUSD,H4,LONG,Momentum+Structure
EURUSD_H4_23,3,SQX-EURUSD-H4-86ba46a09c34,EURUSD,H4,LONG,Trend+Momentum+Structure
EURUSD_H4_23,3,SQX-EURUSD-H4-ecbd03267b90,EURUSD,H4,LONG,Momentum+Structure
EURUSD_H4_24,3,SQX-EURUSD-H4-6a97487b8615,EURUSD,H4,SHORT,Momentum+Structure
EURUSD_H4_24,3,SQX-EURUSD-H4-ae8e499179b7,EURUSD,H4,SHORT,Momentum+Structure
EURUSD_H4_24,3,SQX-EURUSD-H4-e62efc9711bf,EURUSD,H4,SHORT,Trend+Momentum+Structure
EURUSD_H4_25,3,SQX-EURUSD-H4-915fa9306aab,EURUSD,H4,SHORT,Trend+Volatility+Structure
EURUSD_H4_25,3,SQX-EURUSD-H4-ba289ec85401,EURUSD,H4,SHORT,Trend+Volatility+Structure
EURUSD_H4_25,3,SQX-EURUSD-H4-e23305913967,EURUSD,H4,SHORT,Trend+Volatility+Structure
EURUSD_H4_26,3,SQX-EURUSD-H4-a4457e75b895,EURUSD,H4,SHORT,Trend+Volatility
EURUSD_H4_26,3,SQX-EURUSD-H4-c0946b421c33,EURUSD,H4,SHORT,Trend+Volatility
EURUSD_H4_26,3,SQX-EURUSD-H4-f718aa97daa1,EURUSD,H4,SHORT,Trend+Volatility
EURUSD_H4_27,2,SQX-EURUSD-H4-02b948bea76e,EURUSD,H4,LONG,Trend+Momentum+Volatility+Structure
EURUSD_H4_27,2,SQX-EURUSD-H4-71460bb9203a,EURUSD,H4,LONG,Trend+Momentum+Structure
EURUSD_H4_28,2,SQX-EURUSD-H4-111dcc137a33,EURUSD,H4,LONG,Trend+Volatility
EURUSD_H4_28,2,SQX-EURUSD-H4-959e3ba410a2,EURUSD,H4,LONG,Trend+Volatility
EURUSD_H4_29,2,SQX-EURUSD-H4-158c6b8fa867,EURUSD,H4,SHORT,Trend+Volatility
EURUSD_H4_29,2,SQX-EURUSD-H4-e83fc8f0a48a,EURUSD,H4,SHORT,Trend+Volatility
EURUSD_H4_30,2,SQX-EURUSD-H4-1cb51508f7b0,EURUSD,H4,LONG,Momentum+Structure
EURUSD_H4_30,2,SQX-EURUSD-H4-b0d18d995275,EURUSD,H4,LONG,Momentum+Structure
EURUSD_H4_31,2,SQX-EURUSD-H4-1d6990d39327,EURUSD,H4,SHORT,Trend+Volatility+Structure
EURUSD_H4_31,2,SQX-EURUSD-H4-b5a9af4a96ad,EURUSD,H4,SHORT,Momentum+Volatility+Structure
EURUSD_H4_32,2,SQX-EURUSD-H4-1efab471dfe0,EURUSD,H4,LONG,Trend+Volatility
EURUSD_H4_32,2,SQX-EURUSD-H4-cf3c27a49854,EURUSD,H4,LONG,Trend+Volatility
EURUSD_H4_33,2,SQX-EURUSD-H4-22270448e509,EURUSD,H4,SHORT,Trend+Volatility
EURUSD_H4_33,2,SQX-EURUSD-H4-2f645eff1fe1,EURUSD,H4,SHORT,Trend+Volatility
EURUSD_H4_34,2,SQX-EURUSD-H4-23d8212cec6c,EURUSD,H4,SHORT,Trend+Momentum+Structure
EURUSD_H4_34,2,SQX-EURUSD-H4-2e5e0dc1f186,EURUSD,H4,SHORT,Trend+Structure
EURUSD_H4_35,2,SQX-EURUSD-H4-24a5c83c7728,EURUSD,H4,LONG,Trend+Momentum+Volatility
EURUSD_H4_35,2,SQX-EURUSD-H4-483e2f3b1e9f,EURUSD,H4,LONG,Momentum
EURUSD_H4_36,2,SQX-EURUSD-H4-27512eda7104,EURUSD,H4,LONG,Trend+Volatility+Structure
EURUSD_H4_36,2,SQX-EURUSD-H4-6e2dc7305a76,EURUSD,H4,LONG,Trend+Volatility+Structure
EURUSD_H4_37,2,SQX-EURUSD-H4-281a1bbe20ed,EURUSD,H4,LONG,Trend+Momentum
EURUSD_H4_37,2,SQX-EURUSD-H4-37dd039a0b46,EURUSD,H4,LONG,Trend
EURUSD_H4_38,2,SQX-EURUSD-H4-2c744d4fc3f5,EURUSD,H4,LONG,Momentum+Structure
EURUSD_H4_38,2,SQX-EURUSD-H4-fb1d7eb09222,EURUSD,H4,LONG,Momentum+Structure
EURUSD_H4_39,2,SQX-EURUSD-H4-2d3dacbc2de6,EURUSD,H4,LONG,Trend+Structure
EURUSD_H4_39,2,SQX-EURUSD-H4-42e01e39e7ce,EURUSD,H4,LONG,Trend+Structure
EURUSD_H4_40,2,SQX-EURUSD-H4-2e6d7e359ed7,EURUSD,H4,SHORT,Trend+Volatility+Structure
EURUSD_H4_40,2,SQX-EURUSD-H4-e453e6a3b9d5,EURUSD,H4,SHORT,Trend+Volatility+Structure
EURUSD_H4_41,2,SQX-EURUSD-H4-2f390cbaf1a4,EURUSD,H4,SHORT,Structure
EURUSD_H4_41,2,SQX-EURUSD-H4-4499c1144fc0,EURUSD,H4,SHORT,Volatility+Structure
EURUSD_H4_42,2,SQX-EURUSD-H4-2f398e21241d,EURUSD,H4,LONG,Volatility+Structure
EURUSD_H4_42,2,SQX-EURUSD-H4-cb3359417be7,EURUSD,H4,LONG,Trend+Volatility+Structure
EURUSD_H4_43,2,SQX-EURUSD-H4-329c7ceca164,EURUSD,H4,LONG,Trend+Momentum
EURUSD_H4_43,2,SQX-EURUSD-H4-99e441a3daaa,EURUSD,H4,LONG,Trend+Momentum
EURUSD_H4_44,2,SQX-EURUSD-H4-3605d2f36e37,EURUSD,H4,LONG,Trend+Volatility
EURUSD_H4_44,2,SQX-EURUSD-H4-e94dd6b71caf,EURUSD,H4,LONG,Trend+Momentum
EURUSD_H4_45,2,SQX-EURUSD-H4-384d183a5756,EURUSD,H4,LONG,Structure
EURUSD_H4_45,2,SQX-EURUSD-H4-821c9db29725,EURUSD,H4,LONG,Structure
EURUSD_H4_46,2,SQX-EURUSD-H4-3c5f664f2f9d,EURUSD,H4,LONG,Trend
EURUSD_H4_46,2,SQX-EURUSD-H4-7fbbee21fada,EURUSD,H4,LONG,Trend+Momentum
EURUSD_H4_47,2,SQX-EURUSD-H4-3cbde5bfb22b,EURUSD,H4,LONG,Trend+Momentum+Volatility
EURUSD_H4_47,2,SQX-EURUSD-H4-86b89a127497,EURUSD,H4,LONG,Trend+Volatility
EURUSD_H4_48,2,SQX-EURUSD-H4-4d3d41d54629,EURUSD,H4,LONG,Momentum+Volatility+Structure
EURUSD_H4_48,2,SQX-EURUSD-H4-874c85200f3b,EURUSD,H4,LONG,Momentum+Structure
EURUSD_H4_49,2,SQX-EURUSD-H4-51db71d898dc,EURUSD,H4,LONG,Trend+Structure
EURUSD_H4_49,2,SQX-EURUSD-H4-5bc71414aa2a,EURUSD,H4,LONG,Trend+Momentum+Structure
EURUSD_H4_50,2,SQX-EURUSD-H4-574155f4eb85,EURUSD,H4,LONG,Trend+Structure
EURUSD_H4_50,2,SQX-EURUSD-H4-b99634e097f1,EURUSD,H4,LONG,Trend+Structure
EURUSD_H4_51,2,SQX-EURUSD-H4-5a0618e3ee87,EURUSD,H4,LONG,Trend+Momentum+Volatility
EURUSD_H4_51,2,SQX-EURUSD-H4-bc4b642ca400,EURUSD,H4,LONG,Trend+Volatility
EURUSD_H4_52,2,SQX-EURUSD-H4-5befd4d94948,EURUSD,H4,LONG,Trend+Structure
EURUSD_H4_52,2,SQX-EURUSD-H4-7e7ec9164a9f,EURUSD,H4,LONG,Trend+Structure
EURUSD_H4_53,2,SQX-EURUSD-H4-68f62b45d602,EURUSD,H4,LONG,Trend+Momentum+Volatility
EURUSD_H4_53,2,SQX-EURUSD-H4-ecf0b3077083,EURUSD,H4,LONG,Trend+Momentum+Volatility
EURUSD_H4_54,2,SQX-EURUSD-H4-6ae005ed0e31,EURUSD,H4,SHORT,Trend
EURUSD_H4_54,2,SQX-EURUSD-H4-c5f9f6f7422b,EURUSD,H4,SHORT,Trend
EURUSD_H4_55,2,SQX-EURUSD-H4-6af7421c89bd,EURUSD,H4,SHORT,Momentum+Volatility+Structure
EURUSD_H4_55,2,SQX-EURUSD-H4-7346548eb92e,EURUSD,H4,SHORT,Momentum+Volatility
EURUSD_H4_56,2,SQX-EURUSD-H4-7423eb409164,EURUSD,H4,LONG,Trend+Structure
EURUSD_H4_56,2,SQX-EURUSD-H4-acabf348f05a,EURUSD,H4,LONG,Trend+Structure
EURUSD_H4_57,2,SQX-EURUSD-H4-78f87b03fec6,EURUSD,H4,LONG,Trend+Structure
EURUSD_H4_57,2,SQX-EURUSD-H4-87de4478dbc3,EURUSD,H4,LONG,Trend+Structure
EURUSD_H4_58,2,SQX-EURUSD-H4-7fd106444e9f,EURUSD,H4,LONG,Momentum+Volatility
EURUSD_H4_58,2,SQX-EURUSD-H4-dd7599520f62,EURUSD,H4,LONG,Momentum+Volatility
EURUSD_H4_59,2,SQX-EURUSD-H4-842b3ed35931,EURUSD,H4,LONG,Momentum+Volatility+Structure
EURUSD_H4_59,2,SQX-EURUSD-H4-f91a72adb7b3,EURUSD,H4,LONG,Momentum+Structure
EURUSD_H4_60,2,SQX-EURUSD-H4-872eee05fac3,EURUSD,H4,LONG,Trend+Volatility
EURUSD_H4_60,2,SQX-EURUSD-H4-e2ae94ad6612,EURUSD,H4,LONG,Trend+Momentum+Volatility
EURUSD_H4_61,2,SQX-EURUSD-H4-8c6ac6ba6179,EURUSD,H4,SHORT,Momentum+Structure
EURUSD_H4_61,2,SQX-EURUSD-H4-fe760e1cadbe,EURUSD,H4,SHORT,Momentum+Structure
EURUSD_H4_62,2,SQX-EURUSD-H4-979c78e884a1,EURUSD,H4,SHORT,Volatility
EURUSD_H4_62,2,SQX-EURUSD-H4-a2c91ea70973,EURUSD,H4,SHORT,Volatility
EURUSD_H4_63,2,SQX-EURUSD-H4-9904636c2204,EURUSD,H4,SHORT,Trend
EURUSD_H4_63,2,SQX-EURUSD-H4-aa64aeb2a69a,EURUSD,H4,SHORT,Trend+Momentum
EURUSD_H4_64,2,SQX-EURUSD-H4-aaff06885f01,EURUSD,H4,LONG,Trend+Structure
EURUSD_H4_64,2,SQX-EURUSD-H4-f088c19b8bf3,EURUSD,H4,LONG,Trend+Structure
EURUSD_H4_65,2,SQX-EURUSD-H4-af176e4aebd8,EURUSD,H4,LONG,Trend+Momentum+Volatility+Structure
EURUSD_H4_65,2,SQX-EURUSD-H4-fc14bd7b76eb,EURUSD,H4,LONG,Momentum+Structure
EURUSD_H4_66,2,SQX-EURUSD-H4-b40481c54941,EURUSD,H4,SHORT,Trend
EURUSD_H4_66,2,SQX-EURUSD-H4-dd846e0010c4,EURUSD,H4,SHORT,Trend
EURUSD_H4_67,2,SQX-EURUSD-H4-b5cbd84a5c35,EURUSD,H4,LONG,Trend+Momentum+Volatility+Structure
EURUSD_H4_67,2,SQX-EURUSD-H4-bd637d3b4692,EURUSD,H4,LONG,Trend+Volatility+Structure
EURUSD_H4_68,2,SQX-EURUSD-H4-b92afbc7bb8b,EURUSD,H4,LONG,Trend+Momentum+Volatility
EURUSD_H4_68,2,SQX-EURUSD-H4-febe00881155,EURUSD,H4,LONG,Trend+Momentum+Volatility
EURUSD_H4_69,2,SQX-EURUSD-H4-b9e34cbc79e6,EURUSD,H4,SHORT,Trend+Momentum
EURUSD_H4_69,2,SQX-EURUSD-H4-ba8aabdb7081,EURUSD,H4,SHORT,Trend+Momentum
EURUSD_H4_70,2,SQX-EURUSD-H4-ee4a0d38ac02,EURUSD,H4,LONG,Momentum+Structure
EURUSD_H4_70,2,SQX-EURUSD-H4-f566257192ec,EURUSD,H4,LONG,Momentum+Structure
EURUSD_H4_71,1,SQX-EURUSD-H4-00077ceaf526,EURUSD,H4,LONG,Momentum+Structure
EURUSD_H4_72,1,SQX-EURUSD-H4-0051dcd92bb8,EURUSD,H4,LONG,Momentum+Volatility
EURUSD_H4_73,1,SQX-EURUSD-H4-00fe14ae91a7,EURUSD,H4,LONG,Trend+Momentum
EURUSD_H4_74,1,SQX-EURUSD-H4-028a50e900d7,EURUSD,H4,LONG,Structure
EURUSD_H4_75,1,SQX-EURUSD-H4-03af141f6686,EURUSD,H4,LONG,Trend+Volatility+Structure
EURUSD_H4_76,1,SQX-EURUSD-H4-044812d6f87b,EURUSD,H4,SHORT,Trend
EURUSD_H4_77,1,SQX-EURUSD-H4-0528f209c821,EURUSD,H4,SHORT,Momentum+Volatility+Structure
EURUSD_H4_78,1,SQX-EURUSD-H4-0617fd482e21,EURUSD,H4,LONG,Trend+Momentum
EURUSD_H4_79,1,SQX-EURUSD-H4-0659931aaa96,EURUSD,H4,SHORT,Trend+Momentum+Structure
EURUSD_H4_80,1,SQX-EURUSD-H4-0722bd271072,EURUSD,H4,LONG,Momentum+Structure
EURUSD_H4_81,1,SQX-EURUSD-H4-0742e6c77104,EURUSD,H4,SHORT,Trend+Momentum+Structure
EURUSD_H4_82,1,SQX-EURUSD-H4-095e641338a0,EURUSD,H4,SHORT,Trend+Structure
EURUSD_H4_83,1,SQX-EURUSD-H4-0a956452d513,EURUSD,H4,SHORT,Trend+Momentum+Volatility+Structure
EURUSD_H4_84,1,SQX-EURUSD-H4-0aaa8e30bdc5,EURUSD,H4,LONG,Trend+Structure
EURUSD_H4_85,1,SQX-EURUSD-H4-0b67882d26ab,EURUSD,H4,LONG,Momentum+Volatility
EURUSD_H4_86,1,SQX-EURUSD-H4-0b79d1983252,EURUSD,H4,SHORT,Structure
EURUSD_H4_87,1,SQX-EURUSD-H4-0bdd43dfa23d,EURUSD,H4,LONG,Structure
EURUSD_H4_88,1,SQX-EURUSD-H4-0ebd48a6d838,EURUSD,H4,LONG,Trend+Volatility+Structure
EURUSD_H4_89,1,SQX-EURUSD-H4-0ff34829411d,EURUSD,H4,SHORT,Momentum+Structure
EURUSD_H4_90,1,SQX-EURUSD-H4-10216a7479e4,EURUSD,H4,LONG,Momentum+Structure
EURUSD_H4_91,1,SQX-EURUSD-H4-116bd073bde5,EURUSD,H4,LONG,Structure
EURUSD_H4_92,1,SQX-EURUSD-H4-11ec4e9d9a8e,EURUSD,H4,LONG,Trend+Volatility
EURUSD_H4_93,1,SQX-EURUSD-H4-122a1979916b,EURUSD,H4,LONG,Volatility+Structure
EURUSD_H4_94,1,SQX-EURUSD-H4-128ec51b1f87,EURUSD,H4,SHORT,Trend+Momentum+Structure
EURUSD_H4_95,1,SQX-EURUSD-H4-13a3f96ceeed,EURUSD,H4,SHORT,Trend+Momentum+Volatility
EURUSD_H4_96,1,SQX-EURUSD-H4-13ff914893df,EURUSD,H4,LONG,Trend+Volatility
EURUSD_H4_97,1,SQX-EURUSD-H4-14522d2bf4b1,EURUSD,H4,SHORT,Momentum+Structure
EURUSD_H4_98,1,SQX-EURUSD-H4-154be34b4440,EURUSD,H4,SHORT,Momentum+Volatility
EURUSD_H4_99,1,SQX-EURUSD-H4-15b5e5fa5fc9,EURUSD,H4,LONG,Volatility
EURUSD_H4_100,1,SQX-EURUSD-H4-167fd134b762,EURUSD,H4,LONG,Trend+Volatility+Structure
EURUSD_H4_101,1,SQX-EURUSD-H4-1701f6575e41,EURUSD,H4,LONG,Trend+Volatility+Structure
EURUSD_H4_102,1,SQX-EURUSD-H4-173783443abf,EURUSD,H4,LONG,Trend+Momentum+Structure
EURUSD_H4_103,1,SQX-EURUSD-H4-176580149c61,EURUSD,H4,SHORT,Momentum+Volatility+Structure
EURUSD_H4_104,1,SQX-EURUSD-H4-181604ec77bd,EURUSD,H4,LONG,Trend
EURUSD_H4_105,1,SQX-EURUSD-H4-18767c34ae84,EURUSD,H4,LONG,Momentum+Volatility+Structure
EURUSD_H4_106,1,SQX-EURUSD-H4-1894ff139a4e,EURUSD,H4,LONG,Momentum+Structure
EURUSD_H4_107,1,SQX-EURUSD-H4-19191c74a687,EURUSD,H4,LONG,Momentum+Volatility+Structure
EURUSD_H4_108,1,SQX-EURUSD-H4-19fdc6079273,EURUSD,H4,LONG,Momentum+Volatility+Structure
EURUSD_H4_109,1,SQX-EURUSD-H4-1a48ecd69557,EURUSD,H4,LONG,Momentum+Volatility+Structure
EURUSD_H4_110,1,SQX-EURUSD-H4-1abf716ae3a7,EURUSD,H4,LONG,Volatility+Structure
EURUSD_H4_111,1,SQX-EURUSD-H4-1b16dcea74b7,EURUSD,H4,LONG,Trend+Momentum+Volatility+Structure
EURUSD_H4_112,1,SQX-EURUSD-H4-1b38d468a8cc,EURUSD,H4,LONG,Trend+Momentum+Structure
EURUSD_H4_113,1,SQX-EURUSD-H4-1c72c93e03d2,EURUSD,H4,SHORT,Trend
EURUSD_H4_114,1,SQX-EURUSD-H4-1c87e2e06bee,EURUSD,H4,LONG,Trend+Structure
EURUSD_H4_115,1,SQX-EURUSD-H4-1ceb0091d6b4,EURUSD,H4,LONG,Trend+Volatility+Structure
EURUSD_H4_116,1,SQX-EURUSD-H4-1d6bd2a24e93,EURUSD,H4,LONG,Trend+Volatility
EURUSD_H4_117,1,SQX-EURUSD-H4-1ebf4fd65b2d,EURUSD,H4,LONG,Trend+Volatility
EURUSD_H4_118,1,SQX-EURUSD-H4-1f219986fc66,EURUSD,H4,LONG,Momentum+Structure
EURUSD_H4_119,1,SQX-EURUSD-H4-1ff386229bb3,EURUSD,H4,LONG,Volatility+Structure
EURUSD_H4_120,1,SQX-EURUSD-H4-20100801b9fd,EURUSD,H4,LONG,Trend+Volatility+Structure
EURUSD_H4_121,1,SQX-EURUSD-H4-206228b27cbb,EURUSD,H4,LONG,Structure
EURUSD_H4_122,1,SQX-EURUSD-H4-237f2333454d,EURUSD,H4,LONG,Momentum
EURUSD_H4_123,1,SQX-EURUSD-H4-25686729c3d3,EURUSD,H4,LONG,Trend+Structure
EURUSD_H4_124,1,SQX-EURUSD-H4-260d35b688c9,EURUSD,H4,LONG,Trend+Structure
EURUSD_H4_125,1,SQX-EURUSD-H4-27b760881d20,EURUSD,H4,SHORT,Trend+Volatility+Structure
EURUSD_H4_126,1,SQX-EURUSD-H4-28d7f25fb151,EURUSD,H4,LONG,Trend+Volatility+Structure
EURUSD_H4_127,1,SQX-EURUSD-H4-2a3c1dde9cb3,EURUSD,H4,LONG,Trend+Momentum+Structure
EURUSD_H4_128,1,SQX-EURUSD-H4-2a9240fd5e1b,EURUSD,H4,LONG,Volatility
EURUSD_H4_129,1,SQX-EURUSD-H4-2ae79c48696e,EURUSD,H4,SHORT,Momentum+Volatility
EURUSD_H4_130,1,SQX-EURUSD-H4-2bb1fed50a55,EURUSD,H4,LONG,Trend+Momentum+Volatility
EURUSD_H4_131,1,SQX-EURUSD-H4-2bcd53aad1b2,EURUSD,H4,LONG,Volatility+Structure
EURUSD_H4_132,1,SQX-EURUSD-H4-2c731741e955,EURUSD,H4,LONG,Trend+Volatility+Structure
EURUSD_H4_133,1,SQX-EURUSD-H4-2d72dff91d00,EURUSD,H4,LONG,Momentum+Volatility+Structure
EURUSD_H4_134,1,SQX-EURUSD-H4-2e1ae569c00c,EURUSD,H4,LONG,Trend+Volatility+Structure
EURUSD_H4_135,1,SQX-EURUSD-H4-302d183a4bf0,EURUSD,H4,SHORT,Trend
EURUSD_H4_136,1,SQX-EURUSD-H4-3042769064e9,EURUSD,H4,LONG,Trend+Momentum
EURUSD_H4_137,1,SQX-EURUSD-H4-30824160c62b,EURUSD,H4,LONG,Trend
EURUSD_H4_138,1,SQX-EURUSD-H4-3111583f963d,EURUSD,H4,SHORT,Trend+Structure
EURUSD_H4_139,1,SQX-EURUSD-H4-311e329fa4c7,EURUSD,H4,LONG,Trend+Momentum
EURUSD_H4_140,1,SQX-EURUSD-H4-315a2aba3d34,EURUSD,H4,LONG,Momentum+Structure
EURUSD_H4_141,1,SQX-EURUSD-H4-3180abde0002,EURUSD,H4,LONG,Trend+Momentum+Volatility+Structure
EURUSD_H4_142,1,SQX-EURUSD-H4-32317ed5f1cc,EURUSD,H4,LONG,Structure
EURUSD_H4_143,1,SQX-EURUSD-H4-32d4d14b9dc5,EURUSD,H4,LONG,Trend+Volatility
EURUSD_H4_144,1,SQX-EURUSD-H4-337caed8df94,EURUSD,H4,LONG,Momentum+Volatility+Structure
EURUSD_H4_145,1,SQX-EURUSD-H4-33f65f9ef61a,EURUSD,H4,LONG,Trend+Momentum+Volatility+Structure
EURUSD_H4_146,1,SQX-EURUSD-H4-3407ae9999be,EURUSD,H4,LONG,Trend+Momentum
EURUSD_H4_147,1,SQX-EURUSD-H4-347759a74e64,EURUSD,H4,SHORT,Trend+Momentum
EURUSD_H4_148,1,SQX-EURUSD-H4-34a94a01f1c8,EURUSD,H4,LONG,Trend+Momentum+Structure
EURUSD_H4_149,1,SQX-EURUSD-H4-34b1a1a858b3,EURUSD,H4,LONG,Trend+Volatility
EURUSD_H4_150,1,SQX-EURUSD-H4-350f686b1bf8,EURUSD,H4,LONG,Trend+Volatility
EURUSD_H4_151,1,SQX-EURUSD-H4-35c7d1ff8c13,EURUSD,H4,LONG,Trend+Momentum
EURUSD_H4_152,1,SQX-EURUSD-H4-3614c5ab0727,EURUSD,H4,LONG,Trend+Volatility
EURUSD_H4_153,1,SQX-EURUSD-H4-3739a6ae62b1,EURUSD,H4,LONG,Trend+Structure
EURUSD_H4_154,1,SQX-EURUSD-H4-37c99de84e46,EURUSD,H4,LONG,Trend+Volatility+Structure
EURUSD_H4_155,1,SQX-EURUSD-H4-386c0e7aac65,EURUSD,H4,LONG,Momentum+Structure
EURUSD_H4_156,1,SQX-EURUSD-H4-38f40b2c188f,EURUSD,H4,LONG,Trend+Volatility
EURUSD_H4_157,1,SQX-EURUSD-H4-3aa5d1b8362b,EURUSD,H4,SHORT,Trend+Momentum+Structure
EURUSD_H4_158,1,SQX-EURUSD-H4-3cdea982dcf6,EURUSD,H4,LONG,Trend+Structure
EURUSD_H4_159,1,SQX-EURUSD-H4-3eb3a9b34fca,EURUSD,H4,SHORT,Trend+Momentum+Volatility+Structure
EURUSD_H4_160,1,SQX-EURUSD-H4-3f952aabd1a0,EURUSD,H4,LONG,Trend+Momentum+Volatility
EURUSD_H4_161,1,SQX-EURUSD-H4-3fae429ed4e7,EURUSD,H4,LONG,Trend+Momentum
EURUSD_H4_162,1,SQX-EURUSD-H4-407f6edc603d,EURUSD,H4,LONG,Trend+Volatility
EURUSD_H4_163,1,SQX-EURUSD-H4-40885cf6fa13,EURUSD,H4,LONG,Trend+Momentum+Structure
EURUSD_H4_164,1,SQX-EURUSD-H4-409ecf310ce0,EURUSD,H4,LONG,Trend+Volatility
EURUSD_H4_165,1,SQX-EURUSD-H4-40a6b83251b8,EURUSD,H4,LONG,Trend+Momentum+Structure
EURUSD_H4_166,1,SQX-EURUSD-H4-4104cef25d4f,EURUSD,H4,LONG,Momentum+Volatility+Structure
EURUSD_H4_167,1,SQX-EURUSD-H4-416c755aa132,EURUSD,H4,SHORT,Trend+Momentum+Volatility
EURUSD_H4_168,1,SQX-EURUSD-H4-41842433051a,EURUSD,H4,LONG,Volatility+Structure
EURUSD_H4_169,1,SQX-EURUSD-H4-4258fd57443f,EURUSD,H4,SHORT,Trend+Volatility
EURUSD_H4_170,1,SQX-EURUSD-H4-431f626dcb5c,EURUSD,H4,SHORT,Trend+Momentum+Volatility
EURUSD_H4_171,1,SQX-EURUSD-H4-437f7673bc1d,EURUSD,H4,LONG,Trend+Volatility
EURUSD_H4_172,1,SQX-EURUSD-H4-438a4ba76231,EURUSD,H4,LONG,Trend+Volatility+Structure
EURUSD_H4_173,1,SQX-EURUSD-H4-43926d8e9b3b,EURUSD,H4,LONG,Momentum
EURUSD_H4_174,1,SQX-EURUSD-H4-439930cebeeb,EURUSD,H4,SHORT,Trend+Momentum
EURUSD_H4_175,1,SQX-EURUSD-H4-448eedf8852d,EURUSD,H4,LONG,Trend+Momentum+Volatility
EURUSD_H4_176,1,SQX-EURUSD-H4-4500f4c7ae4d,EURUSD,H4,LONG,Trend+Momentum+Volatility
EURUSD_H4_177,1,SQX-EURUSD-H4-453798d8b950,EURUSD,H4,LONG,Trend+Volatility+Structure
EURUSD_H4_178,1,SQX-EURUSD-H4-45b3348f3609,EURUSD,H4,LONG,Momentum+Volatility+Structure
EURUSD_H4_179,1,SQX-EURUSD-H4-45ba8372de22,EURUSD,H4,LONG,Trend+Volatility
EURUSD_H4_180,1,SQX-EURUSD-H4-46423704a295,EURUSD,H4,LONG,Trend+Volatility
EURUSD_H4_181,1,SQX-EURUSD-H4-4805f8522709,EURUSD,H4,LONG,Trend+Volatility
EURUSD_H4_182,1,SQX-EURUSD-H4-48228a1c33dc,EURUSD,H4,LONG,Volatility+Structure
EURUSD_H4_183,1,SQX-EURUSD-H4-486107444bea,EURUSD,H4,LONG,Trend+Momentum+Volatility+Structure
EURUSD_H4_184,1,SQX-EURUSD-H4-4898aef0cc4a,EURUSD,H4,LONG,Trend+Volatility
EURUSD_H4_185,1,SQX-EURUSD-H4-48eeca2c78ba,EURUSD,H4,LONG,Momentum+Volatility
EURUSD_H4_186,1,SQX-EURUSD-H4-49c6615bd83e,EURUSD,H4,LONG,Trend+Momentum+Volatility
EURUSD_H4_187,1,SQX-EURUSD-H4-4a98f9f912b9,EURUSD,H4,LONG,Structure
EURUSD_H4_188,1,SQX-EURUSD-H4-4b0d453a95b9,EURUSD,H4,LONG,Structure
EURUSD_H4_189,1,SQX-EURUSD-H4-4badf3f0a0fb,EURUSD,H4,LONG,Trend+Structure
EURUSD_H4_190,1,SQX-EURUSD-H4-4bbfc8690384,EURUSD,H4,LONG,Momentum+Structure
EURUSD_H4_191,1,SQX-EURUSD-H4-4c872ec696d1,EURUSD,H4,LONG,Momentum+Volatility
EURUSD_H4_192,1,SQX-EURUSD-H4-4d06de49a185,EURUSD,H4,SHORT,Trend+Structure
EURUSD_H4_193,1,SQX-EURUSD-H4-4dbfb71a0328,EURUSD,H4,LONG,Momentum+Volatility+Structure
EURUSD_H4_194,1,SQX-EURUSD-H4-4f53ea275d34,EURUSD,H4,LONG,Volatility+Structure
EURUSD_H4_195,1,SQX-EURUSD-H4-4f76fd7d7017,EURUSD,H4,LONG,Volatility+Structure
EURUSD_H4_196,1,SQX-EURUSD-H4-4f8837a443b9,EURUSD,H4,LONG,Trend+Volatility+Structure
EURUSD_H4_197,1,SQX-EURUSD-H4-4f93c83b75d3,EURUSD,H4,SHORT,Trend+Volatility
EURUSD_H4_198,1,SQX-EURUSD-H4-4fdd8e9c1d8f,EURUSD,H4,LONG,Trend+Momentum+Volatility
EURUSD_H4_199,1,SQX-EURUSD-H4-515aa921f1c7,EURUSD,H4,LONG,Trend+Volatility+Structure
EURUSD_H4_200,1,SQX-EURUSD-H4-515c3b1b5515,EURUSD,H4,LONG,Trend+Structure
EURUSD_H4_201,1,SQX-EURUSD-H4-517a631feaf7,EURUSD,H4,LONG,Momentum+Structure
EURUSD_H4_202,1,SQX-EURUSD-H4-51a9c76b3d62,EURUSD,H4,LONG,Trend+Momentum+Structure
EURUSD_H4_203,1,SQX-EURUSD-H4-51c45306d08d,EURUSD,H4,LONG,Trend+Structure
EURUSD_H4_204,1,SQX-EURUSD-H4-5208948a65e6,EURUSD,H4,SHORT,Trend+Volatility
EURUSD_H4_205,1,SQX-EURUSD-H4-522f23c6f3eb,EURUSD,H4,LONG,Volatility+Structure
EURUSD_H4_206,1,SQX-EURUSD-H4-53229f1a7079,EURUSD,H4,LONG,Trend+Structure
EURUSD_H4_207,1,SQX-EURUSD-H4-540ba0e20521,EURUSD,H4,LONG,Trend+Volatility
EURUSD_H4_208,1,SQX-EURUSD-H4-543f077431fa,EURUSD,H4,LONG,Volatility+Structure
EURUSD_H4_209,1,SQX-EURUSD-H4-54d2eb8279fd,EURUSD,H4,LONG,Trend+Structure
EURUSD_H4_210,1,SQX-EURUSD-H4-55f683e470f1,EURUSD,H4,LONG,Trend+Momentum+Structure
EURUSD_H4_211,1,SQX-EURUSD-H4-565816fc4457,EURUSD,H4,LONG,Momentum+Structure
EURUSD_H4_212,1,SQX-EURUSD-H4-57d2f44c67b2,EURUSD,H4,LONG,Trend+Momentum
EURUSD_H4_213,1,SQX-EURUSD-H4-57f8e6a88cde,EURUSD,H4,LONG,Momentum+Volatility+Structure
EURUSD_H4_214,1,SQX-EURUSD-H4-586dd03a6478,EURUSD,H4,LONG,Trend+Momentum
EURUSD_H4_215,1,SQX-EURUSD-H4-58deb1c2b002,EURUSD,H4,LONG,Momentum+Structure
EURUSD_H4_216,1,SQX-EURUSD-H4-590636b9bc9a,EURUSD,H4,LONG,Trend+Volatility+Structure
EURUSD_H4_217,1,SQX-EURUSD-H4-5bf8986c8f01,EURUSD,H4,SHORT,Trend+Momentum+Volatility+Structure
EURUSD_H4_218,1,SQX-EURUSD-H4-5cdd2ef6a7d0,EURUSD,H4,LONG,Trend+Structure
EURUSD_H4_219,1,SQX-EURUSD-H4-5e4f06b04826,EURUSD,H4,SHORT,Trend+Structure
EURUSD_H4_220,1,SQX-EURUSD-H4-5e705f028b3a,EURUSD,H4,LONG,Trend+Volatility+Structure
EURUSD_H4_221,1,SQX-EURUSD-H4-5ec3ee7e0f40,EURUSD,H4,SHORT,Trend+Momentum+Volatility
EURUSD_H4_222,1,SQX-EURUSD-H4-5ee5ea4a1703,EURUSD,H4,LONG,Volatility+Structure
EURUSD_H4_223,1,SQX-EURUSD-H4-5f406617390b,EURUSD,H4,SHORT,Trend
EURUSD_H4_224,1,SQX-EURUSD-H4-60400a499ac3,EURUSD,H4,LONG,Trend+Momentum+Volatility
EURUSD_H4_225,1,SQX-EURUSD-H4-605addab8f3f,EURUSD,H4,LONG,Momentum+Volatility
EURUSD_H4_226,1,SQX-EURUSD-H4-607b23986b08,EURUSD,H4,LONG,Momentum+Structure
EURUSD_H4_227,1,SQX-EURUSD-H4-61fb6978b66f,EURUSD,H4,LONG,Trend+Structure
EURUSD_H4_228,1,SQX-EURUSD-H4-6244ccc1a94a,EURUSD,H4,LONG,Momentum+Volatility
EURUSD_H4_229,1,SQX-EURUSD-H4-625c9e9c8655,EURUSD,H4,LONG,Trend+Momentum+Volatility
EURUSD_H4_230,1,SQX-EURUSD-H4-626d8010c310,EURUSD,H4,LONG,Momentum+Structure
EURUSD_H4_231,1,SQX-EURUSD-H4-6327558f0a0d,EURUSD,H4,LONG,Trend+Structure
EURUSD_H4_232,1,SQX-EURUSD-H4-634ce1c9020f,EURUSD,H4,LONG,Momentum+Volatility+Structure
EURUSD_H4_233,1,SQX-EURUSD-H4-63c1e6355013,EURUSD,H4,LONG,Trend+Volatility
EURUSD_H4_234,1,SQX-EURUSD-H4-642ddee9b17d,EURUSD,H4,LONG,Trend+Momentum
EURUSD_H4_235,1,SQX-EURUSD-H4-6522a26ed10e,EURUSD,H4,LONG,Momentum+Volatility+Structure
EURUSD_H4_236,1,SQX-EURUSD-H4-65534306537c,EURUSD,H4,LONG,Momentum+Volatility
EURUSD_H4_237,1,SQX-EURUSD-H4-6561f91606e3,EURUSD,H4,LONG,Volatility+Structure
EURUSD_H4_238,1,SQX-EURUSD-H4-672f9c8bdd58,EURUSD,H4,LONG,Trend
EURUSD_H4_239,1,SQX-EURUSD-H4-6731e665f4ff,EURUSD,H4,LONG,Trend
EURUSD_H4_240,1,SQX-EURUSD-H4-67f8694fe626,EURUSD,H4,SHORT,Trend+Momentum
EURUSD_H4_241,1,SQX-EURUSD-H4-68256b9894d9,EURUSD,H4,SHORT,Trend+Momentum+Volatility
EURUSD_H4_242,1,SQX-EURUSD-H4-68b3c73684de,EURUSD,H4,LONG,Trend+Volatility
EURUSD_H4_243,1,SQX-EURUSD-H4-69fefce86adb,EURUSD,H4,LONG,Momentum+Structure
EURUSD_H4_244,1,SQX-EURUSD-H4-6c37ec2d2322,EURUSD,H4,LONG,Trend+Structure
EURUSD_H4_245,1,SQX-EURUSD-H4-6c398c6b6e5b,EURUSD,H4,SHORT,Trend+Volatility+Structure
EURUSD_H4_246,1,SQX-EURUSD-H4-6c57caf028f0,EURUSD,H4,LONG,Trend+Momentum+Volatility
EURUSD_H4_247,1,SQX-EURUSD-H4-6c69fd99e202,EURUSD,H4,LONG,Trend+Momentum+Structure
EURUSD_H4_248,1,SQX-EURUSD-H4-6ca065071aaf,EURUSD,H4,LONG,Trend+Momentum+Volatility
EURUSD_H4_249,1,SQX-EURUSD-H4-6cf78576ea13,EURUSD,H4,LONG,Momentum+Volatility+Structure
EURUSD_H4_250,1,SQX-EURUSD-H4-6d0b2fc735a8,EURUSD,H4,SHORT,Trend+Momentum
EURUSD_H4_251,1,SQX-EURUSD-H4-6d1c2bb99926,EURUSD,H4,SHORT,Trend+Volatility+Structure
EURUSD_H4_252,1,SQX-EURUSD-H4-6d4a28ac5009,EURUSD,H4,LONG,Trend+Structure
EURUSD_H4_253,1,SQX-EURUSD-H4-6dc079111758,EURUSD,H4,LONG,Trend+Momentum
EURUSD_H4_254,1,SQX-EURUSD-H4-6ee9ac9bf4bc,EURUSD,H4,SHORT,Trend
EURUSD_H4_255,1,SQX-EURUSD-H4-6f924a1b56f1,EURUSD,H4,LONG,Momentum+Structure
EURUSD_H4_256,1,SQX-EURUSD-H4-6fd8efce62fd,EURUSD,H4,SHORT,Momentum+Volatility
EURUSD_H4_257,1,SQX-EURUSD-H4-6ff52da89d83,EURUSD,H4,SHORT,Trend+Structure
EURUSD_H4_258,1,SQX-EURUSD-H4-7101fa4c32e0,EURUSD,H4,SHORT,Trend
EURUSD_H4_259,1,SQX-EURUSD-H4-71b2f204484e,EURUSD,H4,LONG,Trend+Momentum+Volatility
EURUSD_H4_260,1,SQX-EURUSD-H4-71c07c74749c,EURUSD,H4,LONG,Trend+Volatility+Structure
EURUSD_H4_261,1,SQX-EURUSD-H4-71ccad632aec,EURUSD,H4,LONG,Trend+Momentum+Volatility
EURUSD_H4_262,1,SQX-EURUSD-H4-720e53ea0aeb,EURUSD,H4,LONG,Trend+Momentum+Volatility
EURUSD_H4_263,1,SQX-EURUSD-H4-726cb22d96d9,EURUSD,H4,LONG,Trend+Momentum+Volatility
EURUSD_H4_264,1,SQX-EURUSD-H4-72bf756f670d,EURUSD,H4,SHORT,Trend
EURUSD_H4_265,1,SQX-EURUSD-H4-7372c6dc3d45,EURUSD,H4,LONG,Trend+Structure
EURUSD_H4_266,1,SQX-EURUSD-H4-7383a046ac02,EURUSD,H4,LONG,Momentum+Structure
EURUSD_H4_267,1,SQX-EURUSD-H4-73b35087e8a7,EURUSD,H4,LONG,Momentum+Volatility
EURUSD_H4_268,1,SQX-EURUSD-H4-73d1a5cf54fb,EURUSD,H4,LONG,Trend+Volatility+Structure
EURUSD_H4_269,1,SQX-EURUSD-H4-76e3a374e59f,EURUSD,H4,SHORT,Trend
EURUSD_H4_270,1,SQX-EURUSD-H4-772651bbeb16,EURUSD,H4,LONG,Trend+Momentum+Structure
EURUSD_H4_271,1,SQX-EURUSD-H4-7772c6408dc0,EURUSD,H4,LONG,Trend+Structure
EURUSD_H4_272,1,SQX-EURUSD-H4-778243f42696,EURUSD,H4,SHORT,Trend+Volatility+Structure
EURUSD_H4_273,1,SQX-EURUSD-H4-77add4c9358e,EURUSD,H4,LONG,Trend+Momentum+Structure
EURUSD_H4_274,1,SQX-EURUSD-H4-791d23fd9fa8,EURUSD,H4,LONG,Trend+Volatility
EURUSD_H4_275,1,SQX-EURUSD-H4-793a62e6ef7b,EURUSD,H4,SHORT,Trend+Volatility
EURUSD_H4_276,1,SQX-EURUSD-H4-798090df6e0a,EURUSD,H4,LONG,Trend+Volatility
EURUSD_H4_277,1,SQX-EURUSD-H4-79cf4e700432,EURUSD,H4,LONG,Momentum+Volatility+Structure
EURUSD_H4_278,1,SQX-EURUSD-H4-79e042575fb3,EURUSD,H4,LONG,Trend+Structure
EURUSD_H4_279,1,SQX-EURUSD-H4-7a7670414c62,EURUSD,H4,LONG,Trend+Structure
EURUSD_H4_280,1,SQX-EURUSD-H4-7b0b14358625,EURUSD,H4,SHORT,Trend
EURUSD_H4_281,1,SQX-EURUSD-H4-7b3948d91b6c,EURUSD,H4,LONG,Trend+Volatility
EURUSD_H4_282,1,SQX-EURUSD-H4-7c4859c0d42a,EURUSD,H4,SHORT,Trend
EURUSD_H4_283,1,SQX-EURUSD-H4-7d283972c192,EURUSD,H4,SHORT,Trend
EURUSD_H4_284,1,SQX-EURUSD-H4-7e3031709857,EURUSD,H4,LONG,Trend+Volatility+Structure
EURUSD_H4_285,1,SQX-EURUSD-H4-7e5c0971d71e,EURUSD,H4,SHORT,Trend+Momentum+Structure
EURUSD_H4_286,1,SQX-EURUSD-H4-7f9528db8745,EURUSD,H4,LONG,Trend
EURUSD_H4_287,1,SQX-EURUSD-H4-81e2e5e84da0,EURUSD,H4,LONG,Trend
EURUSD_H4_288,1,SQX-EURUSD-H4-824ff52ae5df,EURUSD,H4,LONG,Trend+Volatility
EURUSD_H4_289,1,SQX-EURUSD-H4-84afe5e0862b,EURUSD,H4,SHORT,Trend+Momentum+Volatility+Structure
EURUSD_H4_290,1,SQX-EURUSD-H4-8570a55be3e1,EURUSD,H4,LONG,Structure
EURUSD_H4_291,1,SQX-EURUSD-H4-861639be41d7,EURUSD,H4,LONG,Volatility+Structure
EURUSD_H4_292,1,SQX-EURUSD-H4-86771ed886c9,EURUSD,H4,LONG,Momentum+Volatility+Structure
EURUSD_H4_293,1,SQX-EURUSD-H4-87ece2e83c71,EURUSD,H4,LONG,Momentum+Structure
EURUSD_H4_294,1,SQX-EURUSD-H4-87f9bd312b5b,EURUSD,H4,LONG,Trend+Momentum
EURUSD_H4_295,1,SQX-EURUSD-H4-887166710e32,EURUSD,H4,LONG,Trend+Volatility
EURUSD_H4_296,1,SQX-EURUSD-H4-88a9717f4ef1,EURUSD,H4,LONG,Volatility+Structure
EURUSD_H4_297,1,SQX-EURUSD-H4-89073fa28dbb,EURUSD,H4,LONG,Momentum+Volatility
EURUSD_H4_298,1,SQX-EURUSD-H4-89179bdab6b5,EURUSD,H4,SHORT,Trend+Momentum+Structure
EURUSD_H4_299,1,SQX-EURUSD-H4-895040d94a17,EURUSD,H4,LONG,Momentum+Structure
EURUSD_H4_300,1,SQX-EURUSD-H4-8bca74a4deb8,EURUSD,H4,LONG,Structure
EURUSD_H4_301,1,SQX-EURUSD-H4-8bdbd170ee77,EURUSD,H4,LONG,Momentum+Volatility
EURUSD_H4_302,1,SQX-EURUSD-H4-8c3ceb6d38c9,EURUSD,H4,LONG,Momentum
EURUSD_H4_303,1,SQX-EURUSD-H4-8c6703ae1119,EURUSD,H4,LONG,Momentum+Volatility
EURUSD_H4_304,1,SQX-EURUSD-H4-8cfaa4e44da4,EURUSD,H4,LONG,Momentum+Volatility
EURUSD_H4_305,1,SQX-EURUSD-H4-8d114e4f522f,EURUSD,H4,LONG,Trend+Momentum+Volatility
EURUSD_H4_306,1,SQX-EURUSD-H4-8d890a205f73,EURUSD,H4,LONG,Trend+Volatility+Structure
EURUSD_H4_307,1,SQX-EURUSD-H4-8de43219fb13,EURUSD,H4,LONG,Momentum+Volatility
EURUSD_H4_308,1,SQX-EURUSD-H4-8e2ec8cb9d2d,EURUSD,H4,SHORT,Trend
EURUSD_H4_309,1,SQX-EURUSD-H4-8f85de805317,EURUSD,H4,LONG,Trend+Momentum+Volatility
EURUSD_H4_310,1,SQX-EURUSD-H4-902a35bc0fe6,EURUSD,H4,LONG,Momentum+Volatility
EURUSD_H4_311,1,SQX-EURUSD-H4-90a92227c01a,EURUSD,H4,LONG,Volatility+Structure
EURUSD_H4_312,1,SQX-EURUSD-H4-91241356f39c,EURUSD,H4,LONG,Momentum+Volatility
EURUSD_H4_313,1,SQX-EURUSD-H4-917d590c4161,EURUSD,H4,LONG,Trend+Volatility
EURUSD_H4_314,1,SQX-EURUSD-H4-91b4299615d6,EURUSD,H4,LONG,Momentum+Volatility
EURUSD_H4_315,1,SQX-EURUSD-H4-92a673a47264,EURUSD,H4,LONG,Trend+Momentum+Volatility
EURUSD_H4_316,1,SQX-EURUSD-H4-9374efb137c0,EURUSD,H4,LONG,Structure
EURUSD_H4_317,1,SQX-EURUSD-H4-974b1a21db61,EURUSD,H4,LONG,Momentum+Volatility
EURUSD_H4_318,1,SQX-EURUSD-H4-97cbe73a832d,EURUSD,H4,LONG,Trend+Volatility+Structure
EURUSD_H4_319,1,SQX-EURUSD-H4-988221e6c0bf,EURUSD,H4,LONG,Momentum+Volatility+Structure
EURUSD_H4_320,1,SQX-EURUSD-H4-98d754840b05,EURUSD,H4,LONG,Momentum+Volatility
EURUSD_H4_321,1,SQX-EURUSD-H4-995178527913,EURUSD,H4,LONG,Trend+Momentum+Structure
EURUSD_H4_322,1,SQX-EURUSD-H4-995a60dd4708,EURUSD,H4,SHORT,Momentum+Volatility
EURUSD_H4_323,1,SQX-EURUSD-H4-99730ec465dc,EURUSD,H4,SHORT,Trend
EURUSD_H4_324,1,SQX-EURUSD-H4-99a2917ba702,EURUSD,H4,SHORT,Trend+Momentum+Structure
EURUSD_H4_325,1,SQX-EURUSD-H4-9a060ac46a1d,EURUSD,H4,LONG,Momentum+Structure
EURUSD_H4_326,1,SQX-EURUSD-H4-9a2c1cb4812f,EURUSD,H4,LONG,Momentum+Volatility
EURUSD_H4_327,1,SQX-EURUSD-H4-9b369b5dfe44,EURUSD,H4,SHORT,Trend+Structure
EURUSD_H4_328,1,SQX-EURUSD-H4-9b539afe3b16,EURUSD,H4,LONG,Trend
EURUSD_H4_329,1,SQX-EURUSD-H4-9b8bfe801e8e,EURUSD,H4,SHORT,Trend+Momentum+Volatility+Structure
EURUSD_H4_330,1,SQX-EURUSD-H4-9b8cc2354f44,EURUSD,H4,LONG,Trend+Structure
EURUSD_H4_331,1,SQX-EURUSD-H4-9bde386c999a,EURUSD,H4,SHORT,Trend+Momentum+Structure
EURUSD_H4_332,1,SQX-EURUSD-H4-9bf11fb6541d,EURUSD,H4,LONG,Trend+Structure
EURUSD_H4_333,1,SQX-EURUSD-H4-9bf900f1c4b6,EURUSD,H4,LONG,Momentum+Structure
EURUSD_H4_334,1,SQX-EURUSD-H4-9c9420194175,EURUSD,H4,LONG,Momentum+Structure
EURUSD_H4_335,1,SQX-EURUSD-H4-9db1f7125293,EURUSD,H4,LONG,Trend+Volatility+Structure
EURUSD_H4_336,1,SQX-EURUSD-H4-a009bd5f7a6f,EURUSD,H4,LONG,Momentum+Volatility
EURUSD_H4_337,1,SQX-EURUSD-H4-a165ef0ec121,EURUSD,H4,LONG,Trend+Momentum+Structure
EURUSD_H4_338,1,SQX-EURUSD-H4-a2636a9b8a7c,EURUSD,H4,LONG,Momentum+Structure
EURUSD_H4_339,1,SQX-EURUSD-H4-a2f75243c81a,EURUSD,H4,LONG,Momentum+Structure
EURUSD_H4_340,1,SQX-EURUSD-H4-a34e3502f342,EURUSD,H4,SHORT,Volatility
EURUSD_H4_341,1,SQX-EURUSD-H4-a55d60e9b30d,EURUSD,H4,LONG,Trend+Momentum+Structure
EURUSD_H4_342,1,SQX-EURUSD-H4-a5ea0d73f20e,EURUSD,H4,SHORT,Trend
EURUSD_H4_343,1,SQX-EURUSD-H4-a67db293b4ed,EURUSD,H4,LONG,Trend+Momentum+Volatility
EURUSD_H4_344,1,SQX-EURUSD-H4-a7f0fc81e350,EURUSD,H4,SHORT,Momentum+Volatility
EURUSD_H4_345,1,SQX-EURUSD-H4-a895e3c55a77,EURUSD,H4,SHORT,Trend+Structure
EURUSD_H4_346,1,SQX-EURUSD-H4-a895faf8224e,EURUSD,H4,LONG,Trend+Momentum+Volatility+Structure
EURUSD_H4_347,1,SQX-EURUSD-H4-a95c9dd07a0c,EURUSD,H4,LONG,Trend+Volatility+Structure
EURUSD_H4_348,1,SQX-EURUSD-H4-a97b2c68c2a5,EURUSD,H4,LONG,Momentum+Volatility+Structure
EURUSD_H4_349,1,SQX-EURUSD-H4-aa7bbe36a09a,EURUSD,H4,LONG,Trend
EURUSD_H4_350,1,SQX-EURUSD-H4-aab2503afde4,EURUSD,H4,LONG,Momentum+Volatility+Structure
EURUSD_H4_351,1,SQX-EURUSD-H4-ab7d282f97a0,EURUSD,H4,SHORT,Trend+Momentum+Structure
EURUSD_H4_352,1,SQX-EURUSD-H4-ab9b83d699bc,EURUSD,H4,LONG,Structure
EURUSD_H4_353,1,SQX-EURUSD-H4-ac93b4c41606,EURUSD,H4,SHORT,Trend+Momentum
EURUSD_H4_354,1,SQX-EURUSD-H4-ad21bbe954ab,EURUSD,H4,SHORT,Trend+Momentum
EURUSD_H4_355,1,SQX-EURUSD-H4-ad2cea7a06b2,EURUSD,H4,LONG,Trend+Momentum+Volatility
EURUSD_H4_356,1,SQX-EURUSD-H4-ad9b601a11c3,EURUSD,H4,SHORT,Trend+Volatility+Structure
EURUSD_H4_357,1,SQX-EURUSD-H4-ae8e12879152,EURUSD,H4,LONG,Momentum+Structure
EURUSD_H4_358,1,SQX-EURUSD-H4-aeb0a64cf83b,EURUSD,H4,SHORT,Trend+Momentum+Structure
EURUSD_H4_359,1,SQX-EURUSD-H4-aecad18f0d6f,EURUSD,H4,LONG,Momentum+Structure
EURUSD_H4_360,1,SQX-EURUSD-H4-aed173f58947,EURUSD,H4,LONG,Momentum+Volatility
EURUSD_H4_361,1,SQX-EURUSD-H4-aef284c68ccb,EURUSD,H4,LONG,Trend+Momentum
EURUSD_H4_362,1,SQX-EURUSD-H4-b039ba5ce373,EURUSD,H4,LONG,Trend+Volatility+Structure
EURUSD_H4_363,1,SQX-EURUSD-H4-b18682cbcf42,EURUSD,H4,LONG,Momentum+Structure
EURUSD_H4_364,1,SQX-EURUSD-H4-b1d48c6c4342,EURUSD,H4,SHORT,Trend+Momentum
EURUSD_H4_365,1,SQX-EURUSD-H4-b2713a9e3893,EURUSD,H4,SHORT,Trend+Structure
EURUSD_H4_366,1,SQX-EURUSD-H4-b3998165e267,EURUSD,H4,SHORT,Trend+Momentum+Structure
EURUSD_H4_367,1,SQX-EURUSD-H4-b4440c5a4a2a,EURUSD,H4,LONG,Trend+Momentum
EURUSD_H4_368,1,SQX-EURUSD-H4-b50ca459d433,EURUSD,H4,LONG,Momentum+Structure
EURUSD_H4_369,1,SQX-EURUSD-H4-b52414d2de5b,EURUSD,H4,LONG,Structure
EURUSD_H4_370,1,SQX-EURUSD-H4-b5691c686d91,EURUSD,H4,LONG,Trend+Momentum+Volatility
EURUSD_H4_371,1,SQX-EURUSD-H4-b56f91265c4a,EURUSD,H4,LONG,Trend+Volatility+Structure
EURUSD_H4_372,1,SQX-EURUSD-H4-b6c0ab215871,EURUSD,H4,LONG,Momentum
EURUSD_H4_373,1,SQX-EURUSD-H4-b7263099c092,EURUSD,H4,LONG,Structure
EURUSD_H4_374,1,SQX-EURUSD-H4-b7a27da5659a,EURUSD,H4,SHORT,Trend
EURUSD_H4_375,1,SQX-EURUSD-H4-b7c9cd501c19,EURUSD,H4,LONG,Trend+Volatility+Structure
EURUSD_H4_376,1,SQX-EURUSD-H4-b9bbbeb5f86b,EURUSD,H4,SHORT,Trend
EURUSD_H4_377,1,SQX-EURUSD-H4-b9de0652825a,EURUSD,H4,LONG,Trend
EURUSD_H4_378,1,SQX-EURUSD-H4-ba7a06b1fe0e,EURUSD,H4,LONG,Trend+Momentum
EURUSD_H4_379,1,SQX-EURUSD-H4-bb36580abd54,EURUSD,H4,LONG,Momentum
EURUSD_H4_380,1,SQX-EURUSD-H4-bbe7e0165ffb,EURUSD,H4,LONG,Trend+Structure
EURUSD_H4_381,1,SQX-EURUSD-H4-bc2ea701ca21,EURUSD,H4,LONG,Trend+Volatility
EURUSD_H4_382,1,SQX-EURUSD-H4-bcd3328a80ca,EURUSD,H4,LONG,Trend+Momentum
EURUSD_H4_383,1,SQX-EURUSD-H4-bcf919c93624,EURUSD,H4,LONG,Trend+Momentum+Structure
EURUSD_H4_384,1,SQX-EURUSD-H4-bd09de84e1e1,EURUSD,H4,LONG,Trend+Structure
EURUSD_H4_385,1,SQX-EURUSD-H4-bde477964548,EURUSD,H4,LONG,Trend+Structure
EURUSD_H4_386,1,SQX-EURUSD-H4-bec9c5cd8a52,EURUSD,H4,LONG,Trend+Structure
EURUSD_H4_387,1,SQX-EURUSD-H4-c08cb57780c7,EURUSD,H4,SHORT,Trend
EURUSD_H4_388,1,SQX-EURUSD-H4-c0bd138eb154,EURUSD,H4,LONG,Trend+Momentum
EURUSD_H4_389,1,SQX-EURUSD-H4-c12b269e15e3,EURUSD,H4,SHORT,Trend+Volatility+Structure
EURUSD_H4_390,1,SQX-EURUSD-H4-c1b1eba77406,EURUSD,H4,LONG,Trend+Momentum+Structure
EURUSD_H4_391,1,SQX-EURUSD-H4-c1e1e546d978,EURUSD,H4,LONG,Momentum+Volatility
EURUSD_H4_392,1,SQX-EURUSD-H4-c213f324f82a,EURUSD,H4,LONG,Volatility+Structure
EURUSD_H4_393,1,SQX-EURUSD-H4-c26c7f738d0d,EURUSD,H4,LONG,Momentum+Volatility+Structure
EURUSD_H4_394,1,SQX-EURUSD-H4-c35ab1311446,EURUSD,H4,LONG,Trend
EURUSD_H4_395,1,SQX-EURUSD-H4-c47714382942,EURUSD,H4,LONG,Trend+Momentum+Volatility
EURUSD_H4_396,1,SQX-EURUSD-H4-c6d37f5be790,EURUSD,H4,LONG,Trend+Structure
EURUSD_H4_397,1,SQX-EURUSD-H4-c73e08dd810d,EURUSD,H4,LONG,Trend+Momentum
EURUSD_H4_398,1,SQX-EURUSD-H4-c746333edaeb,EURUSD,H4,LONG,Momentum
EURUSD_H4_399,1,SQX-EURUSD-H4-c7e15c815307,EURUSD,H4,LONG,Trend+Momentum
EURUSD_H4_400,1,SQX-EURUSD-H4-ca7cf886b3d6,EURUSD,H4,LONG,Trend+Momentum+Structure
EURUSD_H4_401,1,SQX-EURUSD-H4-cb79862f32f2,EURUSD,H4,LONG,Trend+Momentum+Structure
EURUSD_H4_402,1,SQX-EURUSD-H4-cbdf61732ca4,EURUSD,H4,SHORT,Volatility+Structure
EURUSD_H4_403,1,SQX-EURUSD-H4-cc31693666a7,EURUSD,H4,LONG,Trend+Momentum+Volatility+Structure
EURUSD_H4_404,1,SQX-EURUSD-H4-cc8f15e3abb3,EURUSD,H4,LONG,Trend+Momentum+Volatility
EURUSD_H4_405,1,SQX-EURUSD-H4-ccb9697a3ac9,EURUSD,H4,LONG,Trend+Volatility
EURUSD_H4_406,1,SQX-EURUSD-H4-ccffdc810a52,EURUSD,H4,LONG,Trend+Volatility
EURUSD_H4_407,1,SQX-EURUSD-H4-cd48a2fce56b,EURUSD,H4,LONG,Momentum+Volatility
EURUSD_H4_408,1,SQX-EURUSD-H4-cd9d39a94885,EURUSD,H4,LONG,Momentum+Structure
EURUSD_H4_409,1,SQX-EURUSD-H4-cf76a725350c,EURUSD,H4,LONG,Trend
EURUSD_H4_410,1,SQX-EURUSD-H4-d03aa01b0910,EURUSD,H4,LONG,Trend+Volatility
EURUSD_H4_411,1,SQX-EURUSD-H4-d161d6c81309,EURUSD,H4,LONG,Structure
EURUSD_H4_412,1,SQX-EURUSD-H4-d1b4bb3d197b,EURUSD,H4,SHORT,Volatility+Structure
EURUSD_H4_413,1,SQX-EURUSD-H4-d42236994f3e,EURUSD,H4,LONG,Trend+Momentum+Structure
EURUSD_H4_414,1,SQX-EURUSD-H4-d42369ce6496,EURUSD,H4,LONG,Trend+Volatility+Structure
EURUSD_H4_415,1,SQX-EURUSD-H4-d4e5d4ca65d3,EURUSD,H4,LONG,Momentum+Volatility+Structure
EURUSD_H4_416,1,SQX-EURUSD-H4-d58186c19cf4,EURUSD,H4,LONG,Trend+Volatility
EURUSD_H4_417,1,SQX-EURUSD-H4-d6b8fd55ae5d,EURUSD,H4,LONG,Volatility
EURUSD_H4_418,1,SQX-EURUSD-H4-d8715429fb9b,EURUSD,H4,LONG,Trend+Volatility+Structure
EURUSD_H4_419,1,SQX-EURUSD-H4-d8bbdcad500c,EURUSD,H4,LONG,Trend+Volatility
EURUSD_H4_420,1,SQX-EURUSD-H4-d9e6d0786211,EURUSD,H4,LONG,Trend+Momentum+Volatility
EURUSD_H4_421,1,SQX-EURUSD-H4-dc11990b3af0,EURUSD,H4,LONG,Trend+Momentum
EURUSD_H4_422,1,SQX-EURUSD-H4-dcc1437b7ba7,EURUSD,H4,LONG,Structure
EURUSD_H4_423,1,SQX-EURUSD-H4-dd5f28ce6ac0,EURUSD,H4,LONG,Momentum+Structure
EURUSD_H4_424,1,SQX-EURUSD-H4-dd882d801388,EURUSD,H4,SHORT,Momentum
EURUSD_H4_425,1,SQX-EURUSD-H4-ddce89e44313,EURUSD,H4,LONG,Trend+Momentum
EURUSD_H4_426,1,SQX-EURUSD-H4-de57676b3a42,EURUSD,H4,LONG,Momentum+Volatility+Structure
EURUSD_H4_427,1,SQX-EURUSD-H4-e017d55dcdb9,EURUSD,H4,LONG,Trend+Momentum+Volatility
EURUSD_H4_428,1,SQX-EURUSD-H4-e02340288650,EURUSD,H4,SHORT,Momentum+Volatility
EURUSD_H4_429,1,SQX-EURUSD-H4-e04c58612720,EURUSD,H4,LONG,Trend+Momentum
EURUSD_H4_430,1,SQX-EURUSD-H4-e0b8555ad36f,EURUSD,H4,SHORT,Trend+Momentum+Volatility
EURUSD_H4_431,1,SQX-EURUSD-H4-e0e0d8e8a05e,EURUSD,H4,LONG,Trend+Momentum+Structure
EURUSD_H4_432,1,SQX-EURUSD-H4-e255046d2c4f,EURUSD,H4,LONG,Trend+Momentum
EURUSD_H4_433,1,SQX-EURUSD-H4-e344dcd4f73b,EURUSD,H4,LONG,Momentum+Structure
EURUSD_H4_434,1,SQX-EURUSD-H4-e3d706baedb0,EURUSD,H4,LONG,Trend+Structure
EURUSD_H4_435,1,SQX-EURUSD-H4-e431932c750c,EURUSD,H4,LONG,Momentum+Volatility
EURUSD_H4_436,1,SQX-EURUSD-H4-e47a270a69dc,EURUSD,H4,LONG,Momentum+Structure
EURUSD_H4_437,1,SQX-EURUSD-H4-e4ed205126a4,EURUSD,H4,SHORT,Momentum+Volatility+Structure
EURUSD_H4_438,1,SQX-EURUSD-H4-e5f081859288,EURUSD,H4,SHORT,Trend+Momentum+Structure
EURUSD_H4_439,1,SQX-EURUSD-H4-e6d74836d103,EURUSD,H4,LONG,Trend+Momentum+Volatility
EURUSD_H4_440,1,SQX-EURUSD-H4-e72050f3841a,EURUSD,H4,LONG,Trend+Momentum+Volatility
EURUSD_H4_441,1,SQX-EURUSD-H4-e86ec505701b,EURUSD,H4,SHORT,Trend+Volatility+Structure
EURUSD_H4_442,1,SQX-EURUSD-H4-e96f0cac5e2e,EURUSD,H4,LONG,Trend+Momentum+Volatility+Structure
EURUSD_H4_443,1,SQX-EURUSD-H4-e9f06823d655,EURUSD,H4,LONG,Trend+Momentum
EURUSD_H4_444,1,SQX-EURUSD-H4-e9f7ecf49688,EURUSD,H4,SHORT,Trend
EURUSD_H4_445,1,SQX-EURUSD-H4-eac2dc6fb859,EURUSD,H4,LONG,Momentum+Volatility
EURUSD_H4_446,1,SQX-EURUSD-H4-ebbcb9d73e45,EURUSD,H4,LONG,Momentum+Structure
EURUSD_H4_447,1,SQX-EURUSD-H4-ecc295ed935b,EURUSD,H4,LONG,Momentum+Structure
EURUSD_H4_448,1,SQX-EURUSD-H4-ecd170bfe029,EURUSD,H4,LONG,Trend+Momentum+Volatility
EURUSD_H4_449,1,SQX-EURUSD-H4-ed62bc15fd28,EURUSD,H4,LONG,Trend+Momentum+Structure
EURUSD_H4_450,1,SQX-EURUSD-H4-ed90fc17c0eb,EURUSD,H4,LONG,Trend+Momentum+Structure
EURUSD_H4_451,1,SQX-EURUSD-H4-eefccd9a21f9,EURUSD,H4,SHORT,Trend+Momentum+Volatility+Structure
EURUSD_H4_452,1,SQX-EURUSD-H4-ef7b3c7a1092,EURUSD,H4,SHORT,Trend+Momentum+Volatility
EURUSD_H4_453,1,SQX-EURUSD-H4-ef7bb6e2ee3e,EURUSD,H4,LONG,Momentum+Volatility
EURUSD_H4_454,1,SQX-EURUSD-H4-f010b6ade2d0,EURUSD,H4,LONG,Trend+Structure
EURUSD_H4_455,1,SQX-EURUSD-H4-f075eaec7c0b,EURUSD,H4,SHORT,Momentum+Structure
EURUSD_H4_456,1,SQX-EURUSD-H4-f08105cec652,EURUSD,H4,LONG,Trend
EURUSD_H4_457,1,SQX-EURUSD-H4-f143e3b1a1f5,EURUSD,H4,LONG,Trend+Momentum
EURUSD_H4_458,1,SQX-EURUSD-H4-f1adf94f6816,EURUSD,H4,LONG,Trend+Momentum
EURUSD_H4_459,1,SQX-EURUSD-H4-f1d79951ba6f,EURUSD,H4,LONG,Momentum+Volatility+Structure
EURUSD_H4_460,1,SQX-EURUSD-H4-f1f5e954a4ac,EURUSD,H4,SHORT,Trend+Volatility
EURUSD_H4_461,1,SQX-EURUSD-H4-f2d1f1586e4e,EURUSD,H4,SHORT,Momentum+Volatility+Structure
EURUSD_H4_462,1,SQX-EURUSD-H4-f453a77151a8,EURUSD,H4,LONG,Trend+Structure
EURUSD_H4_463,1,SQX-EURUSD-H4-f62c28dc2dba,EURUSD,H4,LONG,Trend+Momentum+Volatility+Structure
EURUSD_H4_464,1,SQX-EURUSD-H4-f69d2a489c29,EURUSD,H4,LONG,Momentum+Volatility
EURUSD_H4_465,1,SQX-EURUSD-H4-f69f9291d765,EURUSD,H4,LONG,Trend+Momentum+Volatility
EURUSD_H4_466,1,SQX-EURUSD-H4-f6c52643afec,EURUSD,H4,LONG,Trend
EURUSD_H4_467,1,SQX-EURUSD-H4-f6e775aeaecd,EURUSD,H4,SHORT,Trend+Momentum
EURUSD_H4_468,1,SQX-EURUSD-H4-f7e1fb46b57d,EURUSD,H4,SHORT,Trend+Volatility+Structure
EURUSD_H4_469,1,SQX-EURUSD-H4-fad15896cc0c,EURUSD,H4,LONG,Trend+Structure
EURUSD_H4_470,1,SQX-EURUSD-H4-fb00f2de65af,EURUSD,H4,SHORT,Trend+Momentum+Volatility+Structure
EURUSD_H4_471,1,SQX-EURUSD-H4-fc58d00af900,EURUSD,H4,LONG,Trend+Volatility+Structure
EURUSD_H4_472,1,SQX-EURUSD-H4-fea51750795c,EURUSD,H4,LONG,Trend+Momentum+Volatility
EURUSD_H4_473,1,SQX-EURUSD-H4-feba0bd6b4ab,EURUSD,H4,LONG,Trend+Structure
EURUSD_H4_474,1,SQX-EURUSD-H4-ff61e40fc4c7,EURUSD,H4,LONG,Momentum+Volatility
EURUSD_H4_475,1,SQX-EURUSD-H4-ffbfd3e6a7b3,EURUSD,H4,LONG,Momentum+Structure
EURUSD_H4_476,1,SQX-EURUSD-H4-70df5d12cadb,EURUSD,H4,LONG,Volatility+Structure
EURUSD_H4_477,1,SQX-EURUSD-H4-75d6a9ab7eaf,EURUSD,H4,LONG,Trend+Momentum+Volatility+Structure
EURUSD_H4_478,1,SQX-EURUSD-H4-d40a64ca1c5a,EURUSD,H4,LONG,Trend+Volatility
EURUSD_H4_479,1,SQX-EURUSD-H4-dbe258e28984,EURUSD,H4,LONG,Structure
EURUSD_M15_1,10,SQX-EURUSD-M15-0e0a635fd0ce,EURUSD,M15,LONG,Momentum
EURUSD_M15_1,10,SQX-EURUSD-M15-15e10f0656df,EURUSD,M15,LONG,Momentum
EURUSD_M15_1,10,SQX-EURUSD-M15-421834ff3df8,EURUSD,M15,LONG,Momentum+Volatility+Structure
EURUSD_M15_1,10,SQX-EURUSD-M15-4888fc28b587,EURUSD,M15,LONG,Momentum
EURUSD_M15_1,10,SQX-EURUSD-M15-9aedb99280d1,EURUSD,M15,LONG,Momentum+Volatility
EURUSD_M15_1,10,SQX-EURUSD-M15-a21a74dfdcea,EURUSD,M15,LONG,Trend+Momentum+Volatility
EURUSD_M15_1,10,SQX-EURUSD-M15-af1b5bb8f83f,EURUSD,M15,LONG,Trend+Momentum
EURUSD_M15_1,10,SQX-EURUSD-M15-b6b5aa9ea460,EURUSD,M15,LONG,Momentum+Volatility
EURUSD_M15_1,10,SQX-EURUSD-M15-eb1949c49928,EURUSD,M15,LONG,Trend+Momentum
EURUSD_M15_1,10,SQX-EURUSD-M15-fba04efc93d3,EURUSD,M15,LONG,Momentum+Structure
EURUSD_M15_2,3,SQX-EURUSD-M15-96d0631aca91,EURUSD,M15,LONG,Trend+Momentum+Structure
EURUSD_M15_2,3,SQX-EURUSD-M15-bb18920116a3,EURUSD,M15,LONG,Trend+Momentum+Structure
EURUSD_M15_2,3,SQX-EURUSD-M15-bb5fce664a97,EURUSD,M15,LONG,Momentum+Structure
EURUSD_M15_3,2,SQX-EURUSD-M15-34f615aa7c4e,EURUSD,M15,LONG,Trend+Structure
EURUSD_M15_3,2,SQX-EURUSD-M15-711cf01caa5c,EURUSD,M15,LONG,Trend+Structure
EURUSD_M15_4,2,SQX-EURUSD-M15-3967822b9780,EURUSD,M15,LONG,Trend+Volatility+Structure
EURUSD_M15_4,2,SQX-EURUSD-M15-de004efbaa06,EURUSD,M15,LONG,Trend+Volatility+Structure
EURUSD_M15_5,2,SQX-EURUSD-M15-6c896803a655,EURUSD,M15,LONG,Momentum+Structure
EURUSD_M15_5,2,SQX-EURUSD-M15-e4c32f4e4fb6,EURUSD,M15,LONG,Trend+Momentum+Structure
EURUSD_M15_6,2,SQX-EURUSD-M15-ae84be5f51c1,EURUSD,M15,LONG,Trend+Volatility+Structure
EURUSD_M15_6,2,SQX-EURUSD-M15-e090a2e315c5,EURUSD,M15,LONG,Trend+Volatility+Structure
EURUSD_M15_7,1,SQX-EURUSD-M15-02be3b0267fa,EURUSD,M15,LONG,Momentum+Structure
EURUSD_M15_8,1,SQX-EURUSD-M15-087a124811ab,EURUSD,M15,LONG,Trend+Structure
EURUSD_M15_9,1,SQX-EURUSD-M15-0f9392a7fd69,EURUSD,M15,LONG,Trend+Structure
EURUSD_M15_10,1,SQX-EURUSD-M15-0fb0620e11a1,EURUSD,M15,SHORT,Trend+Volatility
EURUSD_M15_11,1,SQX-EURUSD-M15-21acbf262d41,EURUSD,M15,LONG,Trend+Volatility+Structure
EURUSD_M15_12,1,SQX-EURUSD-M15-22bd156884e7,EURUSD,M15,LONG,Trend+Momentum
EURUSD_M15_13,1,SQX-EURUSD-M15-23608604272f,EURUSD,M15,SHORT,Momentum+Volatility+Structure
EURUSD_M15_14,1,SQX-EURUSD-M15-239e7b921b2a,EURUSD,M15,LONG,Momentum
EURUSD_M15_15,1,SQX-EURUSD-M15-2634a3b96fcd,EURUSD,M15,SHORT,Trend+Structure
EURUSD_M15_16,1,SQX-EURUSD-M15-271bf511c38f,EURUSD,M15,LONG,Trend+Momentum+Structure
EURUSD_M15_17,1,SQX-EURUSD-M15-285f39959113,EURUSD,M15,SHORT,Trend+Volatility+Structure
EURUSD_M15_18,1,SQX-EURUSD-M15-2ba3bfb72c52,EURUSD,M15,LONG,Momentum
EURUSD_M15_19,1,SQX-EURUSD-M15-304c0f49d4f8,EURUSD,M15,LONG,Trend+Momentum
EURUSD_M15_20,1,SQX-EURUSD-M15-43103c4c5a5c,EURUSD,M15,LONG,Trend+Structure
EURUSD_M15_21,1,SQX-EURUSD-M15-43230d2bd3b3,EURUSD,M15,LONG,Trend+Momentum
EURUSD_M15_22,1,SQX-EURUSD-M15-4591e1422274,EURUSD,M15,LONG,Momentum+Volatility+Structure
EURUSD_M15_23,1,SQX-EURUSD-M15-46d4d41b78bb,EURUSD,M15,SHORT,Volatility+Structure
EURUSD_M15_24,1,SQX-EURUSD-M15-49f93e67563c,EURUSD,M15,LONG,Trend+Momentum
EURUSD_M15_25,1,SQX-EURUSD-M15-4ed4952cb375,EURUSD,M15,LONG,Volatility+Structure
EURUSD_M15_26,1,SQX-EURUSD-M15-527507d3dd88,EURUSD,M15,LONG,Trend+Momentum+Volatility+Structure
EURUSD_M15_27,1,SQX-EURUSD-M15-57cfb04ba26c,EURUSD,M15,LONG,Volatility+Structure
EURUSD_M15_28,1,SQX-EURUSD-M15-5ce43d80adb6,EURUSD,M15,SHORT,Trend+Momentum+Structure
EURUSD_M15_29,1,SQX-EURUSD-M15-618766c80a95,EURUSD,M15,LONG,Momentum+Structure
EURUSD_M15_30,1,SQX-EURUSD-M15-672bbba33702,EURUSD,M15,LONG,Momentum+Volatility+Structure
EURUSD_M15_31,1,SQX-EURUSD-M15-67d91a010e17,EURUSD,M15,LONG,Trend+Structure
EURUSD_M15_32,1,SQX-EURUSD-M15-6e37b8614300,EURUSD,M15,LONG,Trend+Momentum+Structure
EURUSD_M15_33,1,SQX-EURUSD-M15-6f8f81388a6b,EURUSD,M15,LONG,Momentum+Structure
EURUSD_M15_34,1,SQX-EURUSD-M15-7e8092c049f4,EURUSD,M15,LONG,Trend+Momentum+Structure
EURUSD_M15_35,1,SQX-EURUSD-M15-7fb0e487450d,EURUSD,M15,LONG,Trend+Structure
EURUSD_M15_36,1,SQX-EURUSD-M15-8507217fce51,EURUSD,M15,SHORT,Momentum+Volatility+Structure
EURUSD_M15_37,1,SQX-EURUSD-M15-8af5ca3239e8,EURUSD,M15,LONG,Volatility+Structure
EURUSD_M15_38,1,SQX-EURUSD-M15-8b54ca918eaa,EURUSD,M15,LONG,Trend+Volatility+Structure
EURUSD_M15_39,1,SQX-EURUSD-M15-8bcec71afe0d,EURUSD,M15,LONG,Trend+Structure
EURUSD_M15_40,1,SQX-EURUSD-M15-8f0047d8b024,EURUSD,M15,SHORT,Trend+Momentum+Volatility
EURUSD_M15_41,1,SQX-EURUSD-M15-8fd76978f53f,EURUSD,M15,LONG,Trend+Volatility+Structure
EURUSD_M15_42,1,SQX-EURUSD-M15-93760df917fa,EURUSD,M15,LONG,Trend+Momentum+Volatility
EURUSD_M15_43,1,SQX-EURUSD-M15-9623970a209f,EURUSD,M15,LONG,Trend+Structure
EURUSD_M15_44,1,SQX-EURUSD-M15-99acb086cabf,EURUSD,M15,LONG,Trend+Momentum+Structure
EURUSD_M15_45,1,SQX-EURUSD-M15-9a78b7cf1a96,EURUSD,M15,LONG,Trend+Volatility
EURUSD_M15_46,1,SQX-EURUSD-M15-9b3fcfc4d8ce,EURUSD,M15,LONG,Momentum+Structure
EURUSD_M15_47,1,SQX-EURUSD-M15-a37c492b94c2,EURUSD,M15,LONG,Volatility+Structure
EURUSD_M15_48,1,SQX-EURUSD-M15-a54250d65cb9,EURUSD,M15,LONG,Trend
EURUSD_M15_49,1,SQX-EURUSD-M15-a6f70d3489f3,EURUSD,M15,LONG,Trend+Momentum+Structure
EURUSD_M15_50,1,SQX-EURUSD-M15-a985f7f3f05c,EURUSD,M15,SHORT,Trend+Volatility+Structure
EURUSD_M15_51,1,SQX-EURUSD-M15-ace99232e738,EURUSD,M15,SHORT,Trend+Momentum+Volatility+Structure
EURUSD_M15_52,1,SQX-EURUSD-M15-addcc45a5d1f,EURUSD,M15,LONG,Trend+Momentum+Structure
EURUSD_M15_53,1,SQX-EURUSD-M15-b34d7e3b8f87,EURUSD,M15,LONG,Trend+Momentum+Structure
EURUSD_M15_54,1,SQX-EURUSD-M15-b36d81d39901,EURUSD,M15,LONG,Trend+Structure
EURUSD_M15_55,1,SQX-EURUSD-M15-b45e86ce81ef,EURUSD,M15,LONG,Momentum
EURUSD_M15_56,1,SQX-EURUSD-M15-bee70dc56859,EURUSD,M15,LONG,Trend+Structure
EURUSD_M15_57,1,SQX-EURUSD-M15-c2e980e0524a,EURUSD,M15,LONG,Momentum+Structure
EURUSD_M15_58,1,SQX-EURUSD-M15-c98f4fb77cdd,EURUSD,M15,SHORT,Trend+Volatility+Structure
EURUSD_M15_59,1,SQX-EURUSD-M15-cb18522d31ba,EURUSD,M15,SHORT,Trend+Momentum+Structure
EURUSD_M15_60,1,SQX-EURUSD-M15-cbe7a25ca829,EURUSD,M15,LONG,Momentum
EURUSD_M15_61,1,SQX-EURUSD-M15-cc470cf9284c,EURUSD,M15,LONG,Trend+Structure
EURUSD_M15_62,1,SQX-EURUSD-M15-dd0b46c24c88,EURUSD,M15,LONG,Momentum+Structure
EURUSD_M15_63,1,SQX-EURUSD-M15-dd71f76d3bc2,EURUSD,M15,LONG,Momentum
EURUSD_M15_64,1,SQX-EURUSD-M15-de7dffa4a76b,EURUSD,M15,SHORT,Trend+Volatility
EURUSD_M15_65,1,SQX-EURUSD-M15-eb6790fe8efd,EURUSD,M15,LONG,Trend+Momentum+Structure
EURUSD_M15_66,1,SQX-EURUSD-M15-f42b0cf2a161,EURUSD,M15,SHORT,Trend+Volatility+Structure
EURUSD_M15_67,1,SQX-EURUSD-M15-f684b8ec6a37,EURUSD,M15,LONG,Trend
EURUSD_M15_68,1,SQX-EURUSD-M15-f9521240a7d7,EURUSD,M15,LONG,Trend+Momentum
EURUSD_M15_69,1,SQX-EURUSD-M15-fe2b76beca20,EURUSD,M15,LONG,Trend+Momentum
GBPUSD_H1_1,6,SQX-GBPUSD-H1-07584777e8b6,GBPUSD,H1,LONG,Momentum+Volatility+Structure
GBPUSD_H1_1,6,SQX-GBPUSD-H1-44fdfc22ef5c,GBPUSD,H1,LONG,Momentum+Volatility+Structure
GBPUSD_H1_1,6,SQX-GBPUSD-H1-56d3d1706157,GBPUSD,H1,LONG,Momentum+Volatility+Structure
GBPUSD_H1_1,6,SQX-GBPUSD-H1-6c2fcd988fe2,GBPUSD,H1,LONG,Momentum+Volatility+Structure
GBPUSD_H1_1,6,SQX-GBPUSD-H1-c89b175f25f0,GBPUSD,H1,LONG,Volatility+Structure
GBPUSD_H1_1,6,SQX-GBPUSD-H1-e05d4905b294,GBPUSD,H1,LONG,Momentum+Volatility+Structure
GBPUSD_H1_2,4,SQX-GBPUSD-H1-51e9bc4e77af,GBPUSD,H1,LONG,Momentum+Structure
GBPUSD_H1_2,4,SQX-GBPUSD-H1-5570eced76f2,GBPUSD,H1,LONG,Trend+Momentum+Volatility+Structure
GBPUSD_H1_2,4,SQX-GBPUSD-H1-8302f42ba9a3,GBPUSD,H1,LONG,Trend+Momentum+Structure
GBPUSD_H1_2,4,SQX-GBPUSD-H1-babc0258b69b,GBPUSD,H1,LONG,Momentum+Volatility+Structure
GBPUSD_H1_3,3,SQX-GBPUSD-H1-1bbafe7dc994,GBPUSD,H1,SHORT,Trend+Momentum+Structure
GBPUSD_H1_3,3,SQX-GBPUSD-H1-686eca419a7e,GBPUSD,H1,SHORT,Momentum+Structure
GBPUSD_H1_3,3,SQX-GBPUSD-H1-d0cc2c75bc28,GBPUSD,H1,SHORT,Momentum+Structure
GBPUSD_H1_4,3,SQX-GBPUSD-H1-24cc21accf79,GBPUSD,H1,LONG,Trend+Volatility
GBPUSD_H1_4,3,SQX-GBPUSD-H1-370f095e5d43,GBPUSD,H1,LONG,Trend+Volatility
GBPUSD_H1_4,3,SQX-GBPUSD-H1-447ef8cc8e23,GBPUSD,H1,LONG,Trend+Momentum+Volatility
GBPUSD_H1_5,3,SQX-GBPUSD-H1-732d3d02248b,GBPUSD,H1,LONG,Trend+Momentum+Volatility
GBPUSD_H1_5,3,SQX-GBPUSD-H1-994d20f88edb,GBPUSD,H1,LONG,Trend+Momentum+Volatility
GBPUSD_H1_5,3,SQX-GBPUSD-H1-cd7e71667b4f,GBPUSD,H1,LONG,Trend+Momentum+Volatility
GBPUSD_H1_6,2,SQX-GBPUSD-H1-05696ffb4950,GBPUSD,H1,SHORT,Momentum+Structure
GBPUSD_H1_6,2,SQX-GBPUSD-H1-f019dd43058f,GBPUSD,H1,SHORT,Momentum+Structure
GBPUSD_H1_7,2,SQX-GBPUSD-H1-22795c5d2de0,GBPUSD,H1,LONG,Momentum+Structure
GBPUSD_H1_7,2,SQX-GBPUSD-H1-95c30056f4fc,GBPUSD,H1,LONG,Trend+Momentum+Structure
GBPUSD_H1_8,2,SQX-GBPUSD-H1-29bffed2baeb,GBPUSD,H1,LONG,Volatility+Structure
GBPUSD_H1_8,2,SQX-GBPUSD-H1-f3f6cdf9ff4c,GBPUSD,H1,LONG,Volatility+Structure
GBPUSD_H1_9,2,SQX-GBPUSD-H1-2bc2df2f234f,GBPUSD,H1,LONG,Momentum+Structure
GBPUSD_H1_9,2,SQX-GBPUSD-H1-79ef3cc593eb,GBPUSD,H1,LONG,Momentum+Volatility+Structure
GBPUSD_H1_10,2,SQX-GBPUSD-H1-2d98f7e8d4ae,GBPUSD,H1,LONG,Momentum+Volatility+Structure
GBPUSD_H1_10,2,SQX-GBPUSD-H1-617f20bfac27,GBPUSD,H1,LONG,Momentum+Volatility+Structure
GBPUSD_H1_11,2,SQX-GBPUSD-H1-3a1dd6a997c3,GBPUSD,H1,LONG,Volatility
GBPUSD_H1_11,2,SQX-GBPUSD-H1-4d72cb28e120,GBPUSD,H1,LONG,Volatility
GBPUSD_H1_12,2,SQX-GBPUSD-H1-567352a262fb,GBPUSD,H1,LONG,Trend+Momentum
GBPUSD_H1_12,2,SQX-GBPUSD-H1-c121446b7143,GBPUSD,H1,LONG,Trend+Momentum+Volatility
GBPUSD_H1_13,2,SQX-GBPUSD-H1-7633b62d89fc,GBPUSD,H1,SHORT,Volatility+Structure
GBPUSD_H1_13,2,SQX-GBPUSD-H1-91514e346cad,GBPUSD,H1,SHORT,Volatility+Structure
GBPUSD_H1_14,2,SQX-GBPUSD-H1-a0b1becff0c2,GBPUSD,H1,LONG,Momentum+Volatility+Structure
GBPUSD_H1_14,2,SQX-GBPUSD-H1-bfc7eb9bc3e4,GBPUSD,H1,LONG,Trend+Momentum+Volatility+Structure
GBPUSD_H1_15,2,SQX-GBPUSD-H1-b38acfdd2d3f,GBPUSD,H1,LONG,Trend+Momentum
GBPUSD_H1_15,2,SQX-GBPUSD-H1-ca25044969b6,GBPUSD,H1,LONG,Trend+Momentum
GBPUSD_H1_16,1,SQX-GBPUSD-H1-00d2afce42fa,GBPUSD,H1,LONG,Momentum+Volatility+Structure
GBPUSD_H1_17,1,SQX-GBPUSD-H1-018edb0efb77,GBPUSD,H1,LONG,Volatility
GBPUSD_H1_18,1,SQX-GBPUSD-H1-01907320a9ba,GBPUSD,H1,SHORT,Momentum+Volatility+Structure
GBPUSD_H1_19,1,SQX-GBPUSD-H1-02c264d2b382,GBPUSD,H1,LONG,Trend+Momentum+Volatility
GBPUSD_H1_20,1,SQX-GBPUSD-H1-03025094349f,GBPUSD,H1,LONG,Trend+Structure
GBPUSD_H1_21,1,SQX-GBPUSD-H1-0530c6665189,GBPUSD,H1,SHORT,Trend+Volatility
GBPUSD_H1_22,1,SQX-GBPUSD-H1-09a60536e651,GBPUSD,H1,SHORT,Trend
GBPUSD_H1_23,1,SQX-GBPUSD-H1-0c50ab2f12dd,GBPUSD,H1,SHORT,Momentum+Volatility
GBPUSD_H1_24,1,SQX-GBPUSD-H1-0cd4a8a29ace,GBPUSD,H1,SHORT,Trend+Volatility+Structure
GBPUSD_H1_25,1,SQX-GBPUSD-H1-0ec6befc9ee7,GBPUSD,H1,SHORT,Volatility+Structure
GBPUSD_H1_26,1,SQX-GBPUSD-H1-0fffe05029e4,GBPUSD,H1,LONG,Trend+Momentum+Structure
GBPUSD_H1_27,1,SQX-GBPUSD-H1-10db91a072f6,GBPUSD,H1,SHORT,Volatility+Structure
GBPUSD_H1_28,1,SQX-GBPUSD-H1-115c36d89ef0,GBPUSD,H1,LONG,Volatility+Structure
GBPUSD_H1_29,1,SQX-GBPUSD-H1-12c7c0825683,GBPUSD,H1,SHORT,Trend+Momentum
GBPUSD_H1_30,1,SQX-GBPUSD-H1-176f6682c7ca,GBPUSD,H1,SHORT,Trend+Volatility
GBPUSD_H1_31,1,SQX-GBPUSD-H1-17f915a161fb,GBPUSD,H1,LONG,Trend+Momentum+Volatility
GBPUSD_H1_32,1,SQX-GBPUSD-H1-19d67c2fef9a,GBPUSD,H1,LONG,Trend+Momentum+Structure
GBPUSD_H1_33,1,SQX-GBPUSD-H1-1a634575f697,GBPUSD,H1,LONG,Volatility+Structure
GBPUSD_H1_34,1,SQX-GBPUSD-H1-1e99698414ee,GBPUSD,H1,SHORT,Trend+Volatility
GBPUSD_H1_35,1,SQX-GBPUSD-H1-1f68e337d593,GBPUSD,H1,SHORT,Trend+Volatility
GBPUSD_H1_36,1,SQX-GBPUSD-H1-31cfd6949c26,GBPUSD,H1,SHORT,Trend+Volatility+Structure
GBPUSD_H1_37,1,SQX-GBPUSD-H1-331fdc5aa340,GBPUSD,H1,LONG,Momentum+Volatility+Structure
GBPUSD_H1_38,1,SQX-GBPUSD-H1-3517f16a1544,GBPUSD,H1,LONG,Trend+Volatility+Structure
GBPUSD_H1_39,1,SQX-GBPUSD-H1-3530df9fb14f,GBPUSD,H1,SHORT,Momentum+Volatility
GBPUSD_H1_40,1,SQX-GBPUSD-H1-3639cd48f5dc,GBPUSD,H1,LONG,Volatility+Structure
GBPUSD_H1_41,1,SQX-GBPUSD-H1-37291e5d8bbb,GBPUSD,H1,LONG,Momentum+Volatility+Structure
GBPUSD_H1_42,1,SQX-GBPUSD-H1-3b0aa999930a,GBPUSD,H1,LONG,Trend+Structure
GBPUSD_H1_43,1,SQX-GBPUSD-H1-3c491b3f9690,GBPUSD,H1,LONG,Trend+Momentum+Structure
GBPUSD_H1_44,1,SQX-GBPUSD-H1-3df3032ee661,GBPUSD,H1,LONG,Volatility+Structure
GBPUSD_H1_45,1,SQX-GBPUSD-H1-3e00e227ad66,GBPUSD,H1,LONG,Trend+Momentum
GBPUSD_H1_46,1,SQX-GBPUSD-H1-3e778eafae25,GBPUSD,H1,LONG,Trend+Structure
GBPUSD_H1_47,1,SQX-GBPUSD-H1-40be17b77c35,GBPUSD,H1,LONG,Volatility
GBPUSD_H1_48,1,SQX-GBPUSD-H1-4290feae0d8c,GBPUSD,H1,LONG,Trend+Volatility+Structure
GBPUSD_H1_49,1,SQX-GBPUSD-H1-44e75e298706,GBPUSD,H1,SHORT,Volatility+Structure
GBPUSD_H1_50,1,SQX-GBPUSD-H1-45901501a621,GBPUSD,H1,SHORT,Trend+Volatility
GBPUSD_H1_51,1,SQX-GBPUSD-H1-47c5c1f4687b,GBPUSD,H1,SHORT,Momentum+Volatility+Structure
GBPUSD_H1_52,1,SQX-GBPUSD-H1-4cada3963339,GBPUSD,H1,LONG,Momentum+Volatility+Structure
GBPUSD_H1_53,1,SQX-GBPUSD-H1-4e2188814ae1,GBPUSD,H1,LONG,Trend+Structure
GBPUSD_H1_54,1,SQX-GBPUSD-H1-4f9abfaf87f6,GBPUSD,H1,SHORT,Trend+Momentum
GBPUSD_H1_55,1,SQX-GBPUSD-H1-4fd1f32bc610,GBPUSD,H1,LONG,Momentum+Volatility+Structure
GBPUSD_H1_56,1,SQX-GBPUSD-H1-50defe3f165b,GBPUSD,H1,LONG,Trend+Momentum+Volatility+Structure
GBPUSD_H1_57,1,SQX-GBPUSD-H1-548d00899333,GBPUSD,H1,LONG,Trend+Momentum
GBPUSD_H1_58,1,SQX-GBPUSD-H1-55412ec3d527,GBPUSD,H1,LONG,Momentum+Structure
GBPUSD_H1_59,1,SQX-GBPUSD-H1-56a450608044,GBPUSD,H1,LONG,Trend+Momentum+Volatility+Structure
GBPUSD_H1_60,1,SQX-GBPUSD-H1-572d66ab5b98,GBPUSD,H1,LONG,Trend+Momentum+Structure
GBPUSD_H1_61,1,SQX-GBPUSD-H1-5815c146e5ca,GBPUSD,H1,LONG,Trend+Momentum+Volatility
GBPUSD_H1_62,1,SQX-GBPUSD-H1-5aab9246c406,GBPUSD,H1,LONG,Trend+Momentum+Volatility
GBPUSD_H1_63,1,SQX-GBPUSD-H1-5d2d06caaef6,GBPUSD,H1,LONG,Trend+Momentum+Volatility
GBPUSD_H1_64,1,SQX-GBPUSD-H1-5e165160b599,GBPUSD,H1,LONG,Momentum+Volatility+Structure
GBPUSD_H1_65,1,SQX-GBPUSD-H1-5e1b76528d25,GBPUSD,H1,LONG,Momentum+Structure
GBPUSD_H1_66,1,SQX-GBPUSD-H1-5e68032b0526,GBPUSD,H1,LONG,Trend+Volatility
GBPUSD_H1_67,1,SQX-GBPUSD-H1-618994a37d05,GBPUSD,H1,LONG,Trend+Momentum+Structure
GBPUSD_H1_68,1,SQX-GBPUSD-H1-619685127468,GBPUSD,H1,LONG,Volatility+Structure
GBPUSD_H1_69,1,SQX-GBPUSD-H1-629f44527548,GBPUSD,H1,SHORT,Trend+Volatility+Structure
GBPUSD_H1_70,1,SQX-GBPUSD-H1-6762d8b548e5,GBPUSD,H1,LONG,Volatility+Structure
GBPUSD_H1_71,1,SQX-GBPUSD-H1-67aa1605cf34,GBPUSD,H1,LONG,Trend+Momentum+Volatility
GBPUSD_H1_72,1,SQX-GBPUSD-H1-693947f2d7a6,GBPUSD,H1,SHORT,Trend+Volatility+Structure
GBPUSD_H1_73,1,SQX-GBPUSD-H1-69706b69c55c,GBPUSD,H1,LONG,Trend+Volatility
GBPUSD_H1_74,1,SQX-GBPUSD-H1-6b5e65ff3ef8,GBPUSD,H1,LONG,Trend+Volatility
GBPUSD_H1_75,1,SQX-GBPUSD-H1-6ca62e8d2c4f,GBPUSD,H1,LONG,Momentum+Structure
GBPUSD_H1_76,1,SQX-GBPUSD-H1-6cad01e7cd8a,GBPUSD,H1,LONG,Momentum+Volatility+Structure
GBPUSD_H1_77,1,SQX-GBPUSD-H1-6da8a63bef18,GBPUSD,H1,LONG,Trend+Structure
GBPUSD_H1_78,1,SQX-GBPUSD-H1-6f3feba4191d,GBPUSD,H1,LONG,Trend+Momentum+Volatility
GBPUSD_H1_79,1,SQX-GBPUSD-H1-6fa7bd9bdcdb,GBPUSD,H1,LONG,Trend+Momentum+Volatility
GBPUSD_H1_80,1,SQX-GBPUSD-H1-6ff974de098f,GBPUSD,H1,SHORT,Trend+Structure
GBPUSD_H1_81,1,SQX-GBPUSD-H1-71ae01ee81eb,GBPUSD,H1,LONG,Momentum+Structure
GBPUSD_H1_82,1,SQX-GBPUSD-H1-71f5b42b4159,GBPUSD,H1,LONG,Trend+Momentum+Structure
GBPUSD_H1_83,1,SQX-GBPUSD-H1-72263dffed62,GBPUSD,H1,SHORT,Volatility+Structure
GBPUSD_H1_84,1,SQX-GBPUSD-H1-72a1035d0d7b,GBPUSD,H1,LONG,Trend+Structure
GBPUSD_H1_85,1,SQX-GBPUSD-H1-76e92d80df8e,GBPUSD,H1,LONG,Trend+Momentum+Structure
GBPUSD_H1_86,1,SQX-GBPUSD-H1-7950206b7dd4,GBPUSD,H1,LONG,Volatility+Structure
GBPUSD_H1_87,1,SQX-GBPUSD-H1-7a4144aed3fe,GBPUSD,H1,SHORT,Trend+Momentum+Volatility
GBPUSD_H1_88,1,SQX-GBPUSD-H1-7b2a3498a29d,GBPUSD,H1,SHORT,Momentum+Structure
GBPUSD_H1_89,1,SQX-GBPUSD-H1-7e13743310fd,GBPUSD,H1,LONG,Trend+Volatility+Structure
GBPUSD_H1_90,1,SQX-GBPUSD-H1-7eb41f81e13a,GBPUSD,H1,SHORT,Trend
GBPUSD_H1_91,1,SQX-GBPUSD-H1-803199d29130,GBPUSD,H1,LONG,Momentum+Structure
GBPUSD_H1_92,1,SQX-GBPUSD-H1-815b76b389b8,GBPUSD,H1,LONG,Trend+Momentum+Volatility
GBPUSD_H1_93,1,SQX-GBPUSD-H1-824d4be9afe4,GBPUSD,H1,LONG,Structure
GBPUSD_H1_94,1,SQX-GBPUSD-H1-8455b0c3dbde,GBPUSD,H1,LONG,Momentum
GBPUSD_H1_95,1,SQX-GBPUSD-H1-85118d80d099,GBPUSD,H1,LONG,Momentum+Volatility+Structure
GBPUSD_H1_96,1,SQX-GBPUSD-H1-872151067930,GBPUSD,H1,LONG,Trend+Momentum+Structure
GBPUSD_H1_97,1,SQX-GBPUSD-H1-8893a4f7c0a1,GBPUSD,H1,LONG,Trend+Volatility+Structure
GBPUSD_H1_98,1,SQX-GBPUSD-H1-88cf9573337c,GBPUSD,H1,LONG,Trend+Momentum+Structure
GBPUSD_H1_99,1,SQX-GBPUSD-H1-8bd73966c2d4,GBPUSD,H1,SHORT,Trend+Volatility+Structure
GBPUSD_H1_100,1,SQX-GBPUSD-H1-8ce0aa0be105,GBPUSD,H1,SHORT,Trend+Volatility
GBPUSD_H1_101,1,SQX-GBPUSD-H1-8cfdfc266d62,GBPUSD,H1,LONG,Trend+Volatility
GBPUSD_H1_102,1,SQX-GBPUSD-H1-8d56aebb390d,GBPUSD,H1,LONG,Volatility+Structure
GBPUSD_H1_103,1,SQX-GBPUSD-H1-8e9a73745a06,GBPUSD,H1,LONG,Trend+Volatility+Structure
GBPUSD_H1_104,1,SQX-GBPUSD-H1-8ea98b983f9e,GBPUSD,H1,LONG,Trend+Momentum+Structure
GBPUSD_H1_105,1,SQX-GBPUSD-H1-8f84965198c7,GBPUSD,H1,LONG,Trend+Volatility+Structure
GBPUSD_H1_106,1,SQX-GBPUSD-H1-8fba8bc4abbb,GBPUSD,H1,LONG,Trend+Momentum+Structure
GBPUSD_H1_107,1,SQX-GBPUSD-H1-8ff80b9623c8,GBPUSD,H1,LONG,Momentum+Volatility+Structure
GBPUSD_H1_108,1,SQX-GBPUSD-H1-9437ef1b936c,GBPUSD,H1,LONG,Trend+Volatility+Structure
GBPUSD_H1_109,1,SQX-GBPUSD-H1-9462246372e0,GBPUSD,H1,SHORT,Trend+Structure
GBPUSD_H1_110,1,SQX-GBPUSD-H1-94ddd421c336,GBPUSD,H1,LONG,Trend+Momentum+Volatility
GBPUSD_H1_111,1,SQX-GBPUSD-H1-95e24ebec3dd,GBPUSD,H1,LONG,Trend+Momentum+Volatility+Structure
GBPUSD_H1_112,1,SQX-GBPUSD-H1-967410ffdcec,GBPUSD,H1,LONG,Trend+Structure
GBPUSD_H1_113,1,SQX-GBPUSD-H1-9685d1204224,GBPUSD,H1,LONG,Trend+Momentum+Volatility+Structure
GBPUSD_H1_114,1,SQX-GBPUSD-H1-97c9a84eaec2,GBPUSD,H1,LONG,Structure
GBPUSD_H1_115,1,SQX-GBPUSD-H1-993145b33f82,GBPUSD,H1,LONG,Trend+Volatility
GBPUSD_H1_116,1,SQX-GBPUSD-H1-9962ac750d69,GBPUSD,H1,LONG,Trend+Volatility
GBPUSD_H1_117,1,SQX-GBPUSD-H1-9984ad7e87e4,GBPUSD,H1,LONG,Momentum+Structure
GBPUSD_H1_118,1,SQX-GBPUSD-H1-9a7674dd8fb8,GBPUSD,H1,SHORT,Trend+Volatility+Structure
GBPUSD_H1_119,1,SQX-GBPUSD-H1-9d0121b5c2a6,GBPUSD,H1,LONG,Trend+Volatility+Structure
GBPUSD_H1_120,1,SQX-GBPUSD-H1-9d3229cf28a3,GBPUSD,H1,LONG,Momentum+Structure
GBPUSD_H1_121,1,SQX-GBPUSD-H1-9dbf98b7fb33,GBPUSD,H1,SHORT,Momentum+Structure
GBPUSD_H1_122,1,SQX-GBPUSD-H1-9eff6b466cc9,GBPUSD,H1,LONG,Trend+Volatility
GBPUSD_H1_123,1,SQX-GBPUSD-H1-9f4e574d366e,GBPUSD,H1,LONG,Volatility+Structure
GBPUSD_H1_124,1,SQX-GBPUSD-H1-a0e64098d70d,GBPUSD,H1,SHORT,Trend+Momentum+Volatility
GBPUSD_H1_125,1,SQX-GBPUSD-H1-a2ab9cfc0af8,GBPUSD,H1,LONG,Trend+Momentum
GBPUSD_H1_126,1,SQX-GBPUSD-H1-a37589602a16,GBPUSD,H1,LONG,Trend+Volatility
GBPUSD_H1_127,1,SQX-GBPUSD-H1-a5089d979059,GBPUSD,H1,LONG,Volatility+Structure
GBPUSD_H1_128,1,SQX-GBPUSD-H1-a556f0e2b796,GBPUSD,H1,SHORT,Momentum+Volatility+Structure
GBPUSD_H1_129,1,SQX-GBPUSD-H1-a961659881cd,GBPUSD,H1,LONG,Momentum+Volatility+Structure
GBPUSD_H1_130,1,SQX-GBPUSD-H1-ac52590f93e8,GBPUSD,H1,LONG,Trend+Volatility+Structure
GBPUSD_H1_131,1,SQX-GBPUSD-H1-b3b634470fde,GBPUSD,H1,LONG,Momentum+Volatility+Structure
GBPUSD_H1_132,1,SQX-GBPUSD-H1-b82f6c8e7c2f,GBPUSD,H1,LONG,Momentum+Structure
GBPUSD_H1_133,1,SQX-GBPUSD-H1-b84166bdee23,GBPUSD,H1,LONG,Trend+Momentum+Volatility+Structure
GBPUSD_H1_134,1,SQX-GBPUSD-H1-b9b01ae4ba11,GBPUSD,H1,SHORT,Trend+Structure
GBPUSD_H1_135,1,SQX-GBPUSD-H1-bbc0bc6066a0,GBPUSD,H1,LONG,Volatility+Structure
GBPUSD_H1_136,1,SQX-GBPUSD-H1-bbee9f0c4df9,GBPUSD,H1,LONG,Momentum+Volatility+Structure
GBPUSD_H1_137,1,SQX-GBPUSD-H1-bc36f0c78854,GBPUSD,H1,SHORT,Trend+Volatility
GBPUSD_H1_138,1,SQX-GBPUSD-H1-beb20f16ebc3,GBPUSD,H1,SHORT,Volatility+Structure
GBPUSD_H1_139,1,SQX-GBPUSD-H1-bf56f40bf049,GBPUSD,H1,SHORT,Trend+Momentum+Volatility+Structure
GBPUSD_H1_140,1,SQX-GBPUSD-H1-c02c8beb04dc,GBPUSD,H1,SHORT,Volatility+Structure
GBPUSD_H1_141,1,SQX-GBPUSD-H1-c038ce89254e,GBPUSD,H1,LONG,Trend+Volatility+Structure
GBPUSD_H1_142,1,SQX-GBPUSD-H1-c45554ea3554,GBPUSD,H1,LONG,Trend+Volatility
GBPUSD_H1_143,1,SQX-GBPUSD-H1-c5e9e4318d73,GBPUSD,H1,LONG,Trend+Volatility
GBPUSD_H1_144,1,SQX-GBPUSD-H1-c7229793a9b8,GBPUSD,H1,SHORT,Trend+Volatility
GBPUSD_H1_145,1,SQX-GBPUSD-H1-cae4cd76d0bc,GBPUSD,H1,LONG,Trend+Momentum+Volatility+Structure
GBPUSD_H1_146,1,SQX-GBPUSD-H1-ccbe6d073a53,GBPUSD,H1,LONG,Momentum+Volatility+Structure
GBPUSD_H1_147,1,SQX-GBPUSD-H1-cd421d538c3e,GBPUSD,H1,LONG,Momentum+Structure
GBPUSD_H1_148,1,SQX-GBPUSD-H1-cfd7d1857ce9,GBPUSD,H1,LONG,Trend+Structure
GBPUSD_H1_149,1,SQX-GBPUSD-H1-d1d72cd2ea61,GBPUSD,H1,LONG,Trend+Volatility+Structure
GBPUSD_H1_150,1,SQX-GBPUSD-H1-d2e04fb5f87b,GBPUSD,H1,LONG,Momentum+Volatility+Structure
GBPUSD_H1_151,1,SQX-GBPUSD-H1-d2eb6d3be97d,GBPUSD,H1,LONG,Momentum+Volatility+Structure
GBPUSD_H1_152,1,SQX-GBPUSD-H1-d310df83dc0c,GBPUSD,H1,LONG,Trend+Momentum
GBPUSD_H1_153,1,SQX-GBPUSD-H1-d3842df1a66d,GBPUSD,H1,SHORT,Momentum+Volatility+Structure
GBPUSD_H1_154,1,SQX-GBPUSD-H1-d3e83b0268ff,GBPUSD,H1,SHORT,Trend+Volatility+Structure
GBPUSD_H1_155,1,SQX-GBPUSD-H1-d6bc6c51c18e,GBPUSD,H1,LONG,Trend+Structure
GBPUSD_H1_156,1,SQX-GBPUSD-H1-d73e9a105cc9,GBPUSD,H1,SHORT,Trend+Volatility
GBPUSD_H1_157,1,SQX-GBPUSD-H1-d85003fc952e,GBPUSD,H1,SHORT,Trend+Volatility+Structure
GBPUSD_H1_158,1,SQX-GBPUSD-H1-da40dda9f822,GBPUSD,H1,LONG,Volatility+Structure
GBPUSD_H1_159,1,SQX-GBPUSD-H1-db59613e8212,GBPUSD,H1,LONG,Trend+Momentum+Volatility
GBPUSD_H1_160,1,SQX-GBPUSD-H1-dc9a1cfe6263,GBPUSD,H1,SHORT,Trend+Momentum+Volatility+Structure
GBPUSD_H1_161,1,SQX-GBPUSD-H1-de4b46ff7ee5,GBPUSD,H1,SHORT,Trend+Volatility
GBPUSD_H1_162,1,SQX-GBPUSD-H1-dfd7e73651a3,GBPUSD,H1,LONG,Trend+Momentum+Volatility
GBPUSD_H1_163,1,SQX-GBPUSD-H1-dfebb35f5e36,GBPUSD,H1,SHORT,Trend+Momentum+Structure
GBPUSD_H1_164,1,SQX-GBPUSD-H1-e037aadfe7c0,GBPUSD,H1,LONG,Trend+Momentum+Structure
GBPUSD_H1_165,1,SQX-GBPUSD-H1-e0c7057be482,GBPUSD,H1,SHORT,Trend+Momentum
GBPUSD_H1_166,1,SQX-GBPUSD-H1-e13bfbf599ae,GBPUSD,H1,LONG,Trend+Momentum+Structure
GBPUSD_H1_167,1,SQX-GBPUSD-H1-e42f0f09b23a,GBPUSD,H1,LONG,Trend+Volatility
GBPUSD_H1_168,1,SQX-GBPUSD-H1-e4b584ce0db9,GBPUSD,H1,LONG,Trend+Momentum+Volatility+Structure
GBPUSD_H1_169,1,SQX-GBPUSD-H1-e4d34fd240f9,GBPUSD,H1,SHORT,Trend+Momentum+Volatility
GBPUSD_H1_170,1,SQX-GBPUSD-H1-e742afca9134,GBPUSD,H1,LONG,Trend+Momentum
GBPUSD_H1_171,1,SQX-GBPUSD-H1-e8afc1216ae7,GBPUSD,H1,LONG,Volatility+Structure
GBPUSD_H1_172,1,SQX-GBPUSD-H1-e987707613ac,GBPUSD,H1,SHORT,Trend+Volatility+Structure
GBPUSD_H1_173,1,SQX-GBPUSD-H1-e9fc3e9c0128,GBPUSD,H1,SHORT,Trend+Structure
GBPUSD_H1_174,1,SQX-GBPUSD-H1-ed4d7abc8c68,GBPUSD,H1,SHORT,Trend
GBPUSD_H1_175,1,SQX-GBPUSD-H1-ed781cfa6ba5,GBPUSD,H1,LONG,Volatility+Structure
GBPUSD_H1_176,1,SQX-GBPUSD-H1-edab32a66b77,GBPUSD,H1,SHORT,Trend+Volatility
GBPUSD_H1_177,1,SQX-GBPUSD-H1-ef83cd377276,GBPUSD,H1,LONG,Trend+Momentum+Structure
GBPUSD_H1_178,1,SQX-GBPUSD-H1-f0581bdad199,GBPUSD,H1,LONG,Trend+Momentum+Volatility
GBPUSD_H1_179,1,SQX-GBPUSD-H1-f1593af209a1,GBPUSD,H1,LONG,Volatility
GBPUSD_H1_180,1,SQX-GBPUSD-H1-f37d3d2f318e,GBPUSD,H1,SHORT,Trend+Volatility
GBPUSD_H1_181,1,SQX-GBPUSD-H1-f4e180e46a5e,GBPUSD,H1,LONG,Volatility+Structure
GBPUSD_H1_182,1,SQX-GBPUSD-H1-f76ca4b8605b,GBPUSD,H1,LONG,Volatility+Structure
GBPUSD_H1_183,1,SQX-GBPUSD-H1-f88f83593458,GBPUSD,H1,LONG,Volatility+Structure
GBPUSD_H1_184,1,SQX-GBPUSD-H1-fc3968e908ab,GBPUSD,H1,SHORT,Trend
GBPUSD_H1_185,1,SQX-GBPUSD-H1-fd1f0a98ca8e,GBPUSD,H1,LONG,Trend+Structure
GBPUSD_H1_186,1,SQX-GBPUSD-H1-fd62b92b3210,GBPUSD,H1,LONG,Trend+Momentum+Volatility+Structure
GBPUSD_H1_187,1,SQX-GBPUSD-H1-fd9ff372b6bc,GBPUSD,H1,LONG,Trend+Volatility+Structure
GBPUSD_H1_188,1,SQX-GBPUSD-H1-ff60d45bb975,GBPUSD,H1,LONG,Trend+Volatility
GBPUSD_H4_1,63,SQX-GBPUSD-H4-01f7ec0c6f08,GBPUSD,H4,SHORT,Volatility
GBPUSD_H4_1,63,SQX-GBPUSD-H4-020b17f5ec1b,GBPUSD,H4,SHORT,Trend+Momentum+Volatility
GBPUSD_H4_1,63,SQX-GBPUSD-H4-04de54ac9457,GBPUSD,H4,SHORT,Momentum+Volatility
GBPUSD_H4_1,63,SQX-GBPUSD-H4-0688c64f5e5e,GBPUSD,H4,SHORT,Momentum+Volatility
GBPUSD_H4_1,63,SQX-GBPUSD-H4-0b36adb62039,GBPUSD,H4,SHORT,Volatility
GBPUSD_H4_1,63,SQX-GBPUSD-H4-12672762c79b,GBPUSD,H4,SHORT,Volatility+Structure
GBPUSD_H4_1,63,SQX-GBPUSD-H4-12d78ceb88a6,GBPUSD,H4,SHORT,Momentum+Volatility
GBPUSD_H4_1,63,SQX-GBPUSD-H4-150f18bbda71,GBPUSD,H4,SHORT,Trend+Volatility
GBPUSD_H4_1,63,SQX-GBPUSD-H4-2eb2edceafca,GBPUSD,H4,SHORT,Volatility
GBPUSD_H4_1,63,SQX-GBPUSD-H4-4d6aa85c296c,GBPUSD,H4,SHORT,Trend+Volatility
GBPUSD_H4_1,63,SQX-GBPUSD-H4-541a595c28b1,GBPUSD,H4,SHORT,Volatility
GBPUSD_H4_1,63,SQX-GBPUSD-H4-555206229a8b,GBPUSD,H4,SHORT,Momentum+Volatility
GBPUSD_H4_1,63,SQX-GBPUSD-H4-58997ebbaba3,GBPUSD,H4,SHORT,Trend+Volatility
GBPUSD_H4_1,63,SQX-GBPUSD-H4-64809b7d2fc3,GBPUSD,H4,SHORT,Trend+Momentum+Volatility
GBPUSD_H4_1,63,SQX-GBPUSD-H4-674dc7fcbbc2,GBPUSD,H4,SHORT,Momentum+Volatility
GBPUSD_H4_1,63,SQX-GBPUSD-H4-6a65c9cea8dc,GBPUSD,H4,SHORT,Volatility
GBPUSD_H4_1,63,SQX-GBPUSD-H4-6bb4f8546175,GBPUSD,H4,SHORT,Volatility+Structure
GBPUSD_H4_1,63,SQX-GBPUSD-H4-6d4c2eec55cf,GBPUSD,H4,SHORT,Trend+Volatility
GBPUSD_H4_1,63,SQX-GBPUSD-H4-6ef39cdf3fa2,GBPUSD,H4,SHORT,Momentum+Volatility
GBPUSD_H4_1,63,SQX-GBPUSD-H4-733c51f960af,GBPUSD,H4,SHORT,Momentum+Volatility
GBPUSD_H4_1,63,SQX-GBPUSD-H4-73a05863df67,GBPUSD,H4,SHORT,Trend+Volatility
GBPUSD_H4_1,63,SQX-GBPUSD-H4-74be0eba8066,GBPUSD,H4,SHORT,Momentum+Volatility
GBPUSD_H4_1,63,SQX-GBPUSD-H4-751484042dbb,GBPUSD,H4,SHORT,Volatility
GBPUSD_H4_1,63,SQX-GBPUSD-H4-75dd42835463,GBPUSD,H4,SHORT,Trend+Volatility
GBPUSD_H4_1,63,SQX-GBPUSD-H4-7747c1281440,GBPUSD,H4,SHORT,Volatility
GBPUSD_H4_1,63,SQX-GBPUSD-H4-7c8357929982,GBPUSD,H4,SHORT,Trend+Volatility
GBPUSD_H4_1,63,SQX-GBPUSD-H4-807eca33a7d0,GBPUSD,H4,SHORT,Trend+Volatility+Structure
GBPUSD_H4_1,63,SQX-GBPUSD-H4-86eba4e68bb5,GBPUSD,H4,SHORT,Volatility
GBPUSD_H4_1,63,SQX-GBPUSD-H4-877218787c7c,GBPUSD,H4,SHORT,Trend+Volatility
GBPUSD_H4_1,63,SQX-GBPUSD-H4-8a346e6061ae,GBPUSD,H4,SHORT,Momentum+Volatility
GBPUSD_H4_1,63,SQX-GBPUSD-H4-95a658e26388,GBPUSD,H4,SHORT,Volatility
GBPUSD_H4_1,63,SQX-GBPUSD-H4-978ac31d8298,GBPUSD,H4,SHORT,Momentum+Volatility
GBPUSD_H4_1,63,SQX-GBPUSD-H4-9b74f0396062,GBPUSD,H4,SHORT,Volatility+Structure
GBPUSD_H4_1,63,SQX-GBPUSD-H4-9da401f0956a,GBPUSD,H4,SHORT,Trend+Momentum+Volatility
GBPUSD_H4_1,63,SQX-GBPUSD-H4-9df9a0b20fb9,GBPUSD,H4,SHORT,Volatility
GBPUSD_H4_1,63,SQX-GBPUSD-H4-a3dcb225c7e5,GBPUSD,H4,SHORT,Volatility
GBPUSD_H4_1,63,SQX-GBPUSD-H4-a7100f204e91,GBPUSD,H4,SHORT,Trend+Volatility
GBPUSD_H4_1,63,SQX-GBPUSD-H4-b10d3a56b9e1,GBPUSD,H4,SHORT,Trend+Volatility
GBPUSD_H4_1,63,SQX-GBPUSD-H4-b4a252da3ff3,GBPUSD,H4,SHORT,Volatility
GBPUSD_H4_1,63,SQX-GBPUSD-H4-b7d1de552f51,GBPUSD,H4,SHORT,Momentum+Volatility+Structure
GBPUSD_H4_1,63,SQX-GBPUSD-H4-bd556d7dde39,GBPUSD,H4,SHORT,Trend+Momentum+Volatility
GBPUSD_H4_1,63,SQX-GBPUSD-H4-bd5e2fefdcf0,GBPUSD,H4,SHORT,Trend+Momentum+Volatility
GBPUSD_H4_1,63,SQX-GBPUSD-H4-bea5942793d3,GBPUSD,H4,SHORT,Volatility+Structure
GBPUSD_H4_1,63,SQX-GBPUSD-H4-c04f950c3046,GBPUSD,H4,SHORT,Momentum+Volatility
GBPUSD_H4_1,63,SQX-GBPUSD-H4-c0d2eb048e1f,GBPUSD,H4,SHORT,Momentum+Volatility+Structure
GBPUSD_H4_1,63,SQX-GBPUSD-H4-c1198def3e73,GBPUSD,H4,SHORT,Trend+Volatility
GBPUSD_H4_1,63,SQX-GBPUSD-H4-c9188886d0d7,GBPUSD,H4,SHORT,Trend+Momentum+Volatility+Structure
GBPUSD_H4_1,63,SQX-GBPUSD-H4-c93ec4c21225,GBPUSD,H4,SHORT,Momentum+Volatility
GBPUSD_H4_1,63,SQX-GBPUSD-H4-cd80ea3bfc31,GBPUSD,H4,SHORT,Volatility
GBPUSD_H4_1,63,SQX-GBPUSD-H4-d1f31ea9d748,GBPUSD,H4,SHORT,Momentum+Volatility
GBPUSD_H4_1,63,SQX-GBPUSD-H4-dc08aed38cb0,GBPUSD,H4,SHORT,Trend+Volatility
GBPUSD_H4_1,63,SQX-GBPUSD-H4-ddb54dbb47f1,GBPUSD,H4,SHORT,Volatility+Structure
GBPUSD_H4_1,63,SQX-GBPUSD-H4-dfe642c2abf4,GBPUSD,H4,SHORT,Volatility
GBPUSD_H4_1,63,SQX-GBPUSD-H4-e2ab88ff8274,GBPUSD,H4,SHORT,Trend+Momentum+Volatility
GBPUSD_H4_1,63,SQX-GBPUSD-H4-e31eb356eebf,GBPUSD,H4,SHORT,Trend+Volatility
GBPUSD_H4_1,63,SQX-GBPUSD-H4-e7958e7353fc,GBPUSD,H4,SHORT,Trend+Volatility
GBPUSD_H4_1,63,SQX-GBPUSD-H4-ecd180c14c13,GBPUSD,H4,SHORT,Trend+Volatility
GBPUSD_H4_1,63,SQX-GBPUSD-H4-ed9700688375,GBPUSD,H4,SHORT,Volatility
GBPUSD_H4_1,63,SQX-GBPUSD-H4-f876c899e11e,GBPUSD,H4,SHORT,Volatility+Structure
GBPUSD_H4_1,63,SQX-GBPUSD-H4-f8a459cf0071,GBPUSD,H4,SHORT,Volatility
GBPUSD_H4_1,63,SQX-GBPUSD-H4-faf1f6a67cbe,GBPUSD,H4,SHORT,Volatility
GBPUSD_H4_1,63,SQX-GBPUSD-H4-fc6b554ca01d,GBPUSD,H4,SHORT,Trend+Momentum+Volatility
GBPUSD_H4_1,63,SQX-GBPUSD-H4-ff9acbb9ed17,GBPUSD,H4,SHORT,Volatility+Structure
GBPUSD_H4_2,20,SQX-GBPUSD-H4-0ac4f1de9e72,GBPUSD,H4,LONG,Trend+Momentum+Structure
GBPUSD_H4_2,20,SQX-GBPUSD-H4-124b3afbe113,GBPUSD,H4,LONG,Trend+Momentum+Structure
GBPUSD_H4_2,20,SQX-GBPUSD-H4-2560ec84a66a,GBPUSD,H4,LONG,Trend+Structure
GBPUSD_H4_2,20,SQX-GBPUSD-H4-37bdc40e1c80,GBPUSD,H4,LONG,Trend+Momentum+Structure
GBPUSD_H4_2,20,SQX-GBPUSD-H4-3cf0dad5d069,GBPUSD,H4,LONG,Trend+Momentum+Structure
GBPUSD_H4_2,20,SQX-GBPUSD-H4-4798502986a5,GBPUSD,H4,LONG,Trend+Structure
GBPUSD_H4_2,20,SQX-GBPUSD-H4-4f7ab47df8a6,GBPUSD,H4,LONG,Trend+Momentum+Structure
GBPUSD_H4_2,20,SQX-GBPUSD-H4-50145fce138f,GBPUSD,H4,LONG,Trend+Momentum+Structure
GBPUSD_H4_2,20,SQX-GBPUSD-H4-644a35b6b12b,GBPUSD,H4,LONG,Trend+Structure
GBPUSD_H4_2,20,SQX-GBPUSD-H4-76641787dc02,GBPUSD,H4,LONG,Trend+Structure
GBPUSD_H4_2,20,SQX-GBPUSD-H4-8259999111d7,GBPUSD,H4,LONG,Trend+Momentum+Structure
GBPUSD_H4_2,20,SQX-GBPUSD-H4-90ee0629b54f,GBPUSD,H4,LONG,Trend+Structure
GBPUSD_H4_2,20,SQX-GBPUSD-H4-921f915fbb71,GBPUSD,H4,LONG,Trend+Momentum+Structure
GBPUSD_H4_2,20,SQX-GBPUSD-H4-9569583b20ba,GBPUSD,H4,LONG,Trend+Structure
GBPUSD_H4_2,20,SQX-GBPUSD-H4-b0b49e4baecb,GBPUSD,H4,LONG,Trend+Momentum+Structure
GBPUSD_H4_2,20,SQX-GBPUSD-H4-ca9304db4838,GBPUSD,H4,LONG,Trend+Momentum+Structure
GBPUSD_H4_2,20,SQX-GBPUSD-H4-d23905c3aca0,GBPUSD,H4,LONG,Trend+Momentum+Structure
GBPUSD_H4_2,20,SQX-GBPUSD-H4-e2b600949950,GBPUSD,H4,LONG,Trend+Momentum+Structure
GBPUSD_H4_2,20,SQX-GBPUSD-H4-e41d0e6a6ef0,GBPUSD,H4,LONG,Trend+Momentum+Structure
GBPUSD_H4_2,20,SQX-GBPUSD-H4-e8577a67417b,GBPUSD,H4,LONG,Trend+Momentum+Structure
GBPUSD_H4_3,12,SQX-GBPUSD-H4-0921a95fba9b,GBPUSD,H4,LONG,Momentum+Volatility
GBPUSD_H4_3,12,SQX-GBPUSD-H4-359d7fa5b401,GBPUSD,H4,LONG,Momentum+Volatility
GBPUSD_H4_3,12,SQX-GBPUSD-H4-460e1a9b1ec0,GBPUSD,H4,LONG,Momentum+Volatility
GBPUSD_H4_3,12,SQX-GBPUSD-H4-46ec9f613da0,GBPUSD,H4,LONG,Volatility
GBPUSD_H4_3,12,SQX-GBPUSD-H4-51a3beb97aba,GBPUSD,H4,LONG,Momentum+Volatility
GBPUSD_H4_3,12,SQX-GBPUSD-H4-647767e0c0f8,GBPUSD,H4,LONG,Momentum+Volatility
GBPUSD_H4_3,12,SQX-GBPUSD-H4-650b06de8912,GBPUSD,H4,LONG,Momentum+Volatility
GBPUSD_H4_3,12,SQX-GBPUSD-H4-861fa7b9c537,GBPUSD,H4,LONG,Momentum+Volatility
GBPUSD_H4_3,12,SQX-GBPUSD-H4-b9fc725b6653,GBPUSD,H4,LONG,Momentum+Volatility
GBPUSD_H4_3,12,SQX-GBPUSD-H4-ba32da4dbbca,GBPUSD,H4,LONG,Momentum+Volatility
GBPUSD_H4_3,12,SQX-GBPUSD-H4-d38e87ba3787,GBPUSD,H4,LONG,Volatility
GBPUSD_H4_3,12,SQX-GBPUSD-H4-e0da65971f0b,GBPUSD,H4,LONG,Momentum+Volatility
GBPUSD_H4_4,10,SQX-GBPUSD-H4-12130c18313c,GBPUSD,H4,LONG,Trend+Structure
GBPUSD_H4_4,10,SQX-GBPUSD-H4-39dad41dfeee,GBPUSD,H4,LONG,Trend+Structure
GBPUSD_H4_4,10,SQX-GBPUSD-H4-4d0e07f11805,GBPUSD,H4,LONG,Trend+Structure
GBPUSD_H4_4,10,SQX-GBPUSD-H4-624b156a319d,GBPUSD,H4,LONG,Trend+Momentum+Structure
GBPUSD_H4_4,10,SQX-GBPUSD-H4-6cfd336446a1,GBPUSD,H4,LONG,Trend+Structure
GBPUSD_H4_4,10,SQX-GBPUSD-H4-7c8433475cfb,GBPUSD,H4,LONG,Trend+Momentum+Structure
GBPUSD_H4_4,10,SQX-GBPUSD-H4-7dc30e5ca058,GBPUSD,H4,LONG,Trend+Structure
GBPUSD_H4_4,10,SQX-GBPUSD-H4-8b1008bccb19,GBPUSD,H4,LONG,Trend+Momentum+Structure
GBPUSD_H4_4,10,SQX-GBPUSD-H4-9f4e1ae4f968,GBPUSD,H4,LONG,Trend+Structure
GBPUSD_H4_4,10,SQX-GBPUSD-H4-b149d2cdb926,GBPUSD,H4,LONG,Trend+Momentum+Structure
GBPUSD_H4_5,8,SQX-GBPUSD-H4-634f3a323f50,GBPUSD,H4,LONG,Trend+Momentum+Structure
GBPUSD_H4_5,8,SQX-GBPUSD-H4-68dc6d9fb356,GBPUSD,H4,LONG,Trend+Momentum+Structure
GBPUSD_H4_5,8,SQX-GBPUSD-H4-837192a6dffa,GBPUSD,H4,LONG,Trend+Momentum+Structure
GBPUSD_H4_5,8,SQX-GBPUSD-H4-adb44d594f73,GBPUSD,H4,LONG,Trend+Momentum+Structure
GBPUSD_H4_5,8,SQX-GBPUSD-H4-b2fa0713c0f3,GBPUSD,H4,LONG,Trend+Momentum+Structure
GBPUSD_H4_5,8,SQX-GBPUSD-H4-cc1ef5401e69,GBPUSD,H4,LONG,Trend+Momentum+Structure
GBPUSD_H4_5,8,SQX-GBPUSD-H4-e6e045566459,GBPUSD,H4,LONG,Trend+Momentum+Structure
GBPUSD_H4_5,8,SQX-GBPUSD-H4-f3f370ea8db2,GBPUSD,H4,LONG,Trend+Momentum+Structure
GBPUSD_H4_6,7,SQX-GBPUSD-H4-116d69abc73c,GBPUSD,H4,LONG,Trend+Structure
GBPUSD_H4_6,7,SQX-GBPUSD-H4-2d282088a762,GBPUSD,H4,LONG,Trend+Structure
GBPUSD_H4_6,7,SQX-GBPUSD-H4-4fc652f4d4fe,GBPUSD,H4,LONG,Trend+Momentum+Structure
GBPUSD_H4_6,7,SQX-GBPUSD-H4-7bad8224d5d4,GBPUSD,H4,LONG,Trend+Structure
GBPUSD_H4_6,7,SQX-GBPUSD-H4-b86a134e87b8,GBPUSD,H4,LONG,Trend+Structure
GBPUSD_H4_6,7,SQX-GBPUSD-H4-dd2fe33cca2a,GBPUSD,H4,LONG,Trend+Momentum+Structure
GBPUSD_H4_6,7,SQX-GBPUSD-H4-e745577de3a2,GBPUSD,H4,LONG,Trend+Momentum+Structure
GBPUSD_H4_7,7,SQX-GBPUSD-H4-54571bb139a4,GBPUSD,H4,LONG,Trend+Momentum+Volatility+Structure
GBPUSD_H4_7,7,SQX-GBPUSD-H4-5b0301a97dc2,GBPUSD,H4,LONG,Trend+Volatility+Structure
GBPUSD_H4_7,7,SQX-GBPUSD-H4-6a769ad98fdb,GBPUSD,H4,LONG,Trend+Momentum+Volatility+Structure
GBPUSD_H4_7,7,SQX-GBPUSD-H4-83fdc9181ed1,GBPUSD,H4,LONG,Trend+Momentum+Volatility+Structure
GBPUSD_H4_7,7,SQX-GBPUSD-H4-dbc0457a0d0f,GBPUSD,H4,LONG,Trend+Momentum+Volatility+Structure
GBPUSD_H4_7,7,SQX-GBPUSD-H4-dbcfb9dd224d,GBPUSD,H4,LONG,Trend+Momentum+Volatility+Structure
GBPUSD_H4_7,7,SQX-GBPUSD-H4-ecb65776abed,GBPUSD,H4,LONG,Trend+Volatility+Structure
GBPUSD_H4_8,6,SQX-GBPUSD-H4-1a3b17b23e81,GBPUSD,H4,LONG,Trend+Volatility
GBPUSD_H4_8,6,SQX-GBPUSD-H4-3a30cb2ce86c,GBPUSD,H4,LONG,Trend+Volatility
GBPUSD_H4_8,6,SQX-GBPUSD-H4-62003262a9d3,GBPUSD,H4,LONG,Trend+Momentum+Volatility
GBPUSD_H4_8,6,SQX-GBPUSD-H4-c8f512752ded,GBPUSD,H4,LONG,Trend+Momentum+Volatility
GBPUSD_H4_8,6,SQX-GBPUSD-H4-d974320554e1,GBPUSD,H4,LONG,Trend+Momentum+Volatility
GBPUSD_H4_8,6,SQX-GBPUSD-H4-e17084381880,GBPUSD,H4,LONG,Trend+Volatility
GBPUSD_H4_9,6,SQX-GBPUSD-H4-63385d858ae6,GBPUSD,H4,LONG,Trend+Momentum+Volatility
GBPUSD_H4_9,6,SQX-GBPUSD-H4-6d62c77bb8a9,GBPUSD,H4,LONG,Trend+Momentum+Volatility
GBPUSD_H4_9,6,SQX-GBPUSD-H4-7327b30bcade,GBPUSD,H4,LONG,Trend+Momentum+Volatility
GBPUSD_H4_9,6,SQX-GBPUSD-H4-8421b4e1363a,GBPUSD,H4,LONG,Trend+Momentum+Volatility
GBPUSD_H4_9,6,SQX-GBPUSD-H4-f2b8e121fd28,GBPUSD,H4,LONG,Trend+Momentum+Volatility
GBPUSD_H4_9,6,SQX-GBPUSD-H4-fe96cf230822,GBPUSD,H4,LONG,Trend+Momentum+Volatility
GBPUSD_H4_10,5,SQX-GBPUSD-H4-27d75052da35,GBPUSD,H4,LONG,Trend+Volatility+Structure
GBPUSD_H4_10,5,SQX-GBPUSD-H4-825f9d31ae86,GBPUSD,H4,LONG,Trend+Volatility+Structure
GBPUSD_H4_10,5,SQX-GBPUSD-H4-cc83ce1c7f38,GBPUSD,H4,LONG,Trend+Momentum+Volatility+Structure
GBPUSD_H4_10,5,SQX-GBPUSD-H4-d934aabb2eba,GBPUSD,H4,LONG,Trend+Momentum+Volatility+Structure
GBPUSD_H4_10,5,SQX-GBPUSD-H4-fec13612fbc3,GBPUSD,H4,LONG,Trend+Volatility+Structure
GBPUSD_H4_11,5,SQX-GBPUSD-H4-50e5e6c66cc0,GBPUSD,H4,LONG,Trend+Momentum+Volatility
GBPUSD_H4_11,5,SQX-GBPUSD-H4-5a1dc31477c5,GBPUSD,H4,LONG,Trend+Volatility
GBPUSD_H4_11,5,SQX-GBPUSD-H4-775ebc01c1f8,GBPUSD,H4,LONG,Trend+Volatility
GBPUSD_H4_11,5,SQX-GBPUSD-H4-91e832ab02f5,GBPUSD,H4,LONG,Trend+Momentum+Volatility
GBPUSD_H4_11,5,SQX-GBPUSD-H4-cd8644f3bc38,GBPUSD,H4,LONG,Trend+Volatility
GBPUSD_H4_12,4,SQX-GBPUSD-H4-16eb682c8757,GBPUSD,H4,SHORT,Trend+Volatility
GBPUSD_H4_12,4,SQX-GBPUSD-H4-7ea940d5ed21,GBPUSD,H4,SHORT,Trend+Volatility
GBPUSD_H4_12,4,SQX-GBPUSD-H4-e12cc9b2b3db,GBPUSD,H4,SHORT,Trend+Volatility
GBPUSD_H4_12,4,SQX-GBPUSD-H4-f9d6bc372876,GBPUSD,H4,SHORT,Trend+Volatility
GBPUSD_H4_13,4,SQX-GBPUSD-H4-17178a128e57,GBPUSD,H4,LONG,Trend+Momentum+Structure
GBPUSD_H4_13,4,SQX-GBPUSD-H4-77f9af2c0ce7,GBPUSD,H4,LONG,Trend+Momentum+Structure
GBPUSD_H4_13,4,SQX-GBPUSD-H4-d9219ab35de4,GBPUSD,H4,LONG,Trend+Momentum+Structure
GBPUSD_H4_13,4,SQX-GBPUSD-H4-d9ffb0bc2ca8,GBPUSD,H4,LONG,Trend+Momentum+Structure
GBPUSD_H4_14,4,SQX-GBPUSD-H4-17bd6e0c08ca,GBPUSD,H4,LONG,Trend+Volatility+Structure
GBPUSD_H4_14,4,SQX-GBPUSD-H4-6946b97f7bbf,GBPUSD,H4,LONG,Trend+Volatility+Structure
GBPUSD_H4_14,4,SQX-GBPUSD-H4-9c9d59119c42,GBPUSD,H4,LONG,Trend+Volatility+Structure
GBPUSD_H4_14,4,SQX-GBPUSD-H4-a29af442a8fa,GBPUSD,H4,LONG,Trend+Momentum+Volatility+Structure
GBPUSD_H4_15,4,SQX-GBPUSD-H4-3a9a21ead14e,GBPUSD,H4,SHORT,Trend+Volatility
GBPUSD_H4_15,4,SQX-GBPUSD-H4-5da512d9bd9f,GBPUSD,H4,SHORT,Momentum+Volatility
GBPUSD_H4_15,4,SQX-GBPUSD-H4-9b5f2d8ecc70,GBPUSD,H4,SHORT,Trend+Volatility
GBPUSD_H4_15,4,SQX-GBPUSD-H4-c45fd719c19a,GBPUSD,H4,SHORT,Trend+Volatility
GBPUSD_H4_16,4,SQX-GBPUSD-H4-7333354e6a23,GBPUSD,H4,LONG,Trend+Momentum+Volatility+Structure
GBPUSD_H4_16,4,SQX-GBPUSD-H4-896aff4ef81e,GBPUSD,H4,LONG,Trend+Volatility+Structure
GBPUSD_H4_16,4,SQX-GBPUSD-H4-9148339fb643,GBPUSD,H4,LONG,Trend+Momentum+Volatility+Structure
GBPUSD_H4_16,4,SQX-GBPUSD-H4-973a3f2d45c3,GBPUSD,H4,LONG,Trend+Momentum+Volatility+Structure
GBPUSD_H4_17,4,SQX-GBPUSD-H4-736ea10cedce,GBPUSD,H4,LONG,Trend+Momentum+Structure
GBPUSD_H4_17,4,SQX-GBPUSD-H4-764d8af43431,GBPUSD,H4,LONG,Trend+Momentum+Structure
GBPUSD_H4_17,4,SQX-GBPUSD-H4-77766346bbcb,GBPUSD,H4,LONG,Trend+Structure
GBPUSD_H4_17,4,SQX-GBPUSD-H4-d049c3936bfa,GBPUSD,H4,LONG,Trend+Momentum+Structure
GBPUSD_H4_18,3,SQX-GBPUSD-H4-0ca8d0ed2f9d,GBPUSD,H4,LONG,Trend+Momentum+Volatility+Structure
GBPUSD_H4_18,3,SQX-GBPUSD-H4-8b1a4205fb7f,GBPUSD,H4,LONG,Trend+Momentum+Volatility+Structure
GBPUSD_H4_18,3,SQX-GBPUSD-H4-d608525506fd,GBPUSD,H4,LONG,Trend+Momentum+Volatility+Structure
GBPUSD_H4_19,3,SQX-GBPUSD-H4-2215cb441342,GBPUSD,H4,LONG,Trend+Momentum+Volatility
GBPUSD_H4_19,3,SQX-GBPUSD-H4-22ef289fb60c,GBPUSD,H4,LONG,Trend+Momentum+Volatility
GBPUSD_H4_19,3,SQX-GBPUSD-H4-522a71ab75b3,GBPUSD,H4,LONG,Trend+Volatility
GBPUSD_H4_20,3,SQX-GBPUSD-H4-2be6b0910ea6,GBPUSD,H4,LONG,Trend+Structure
GBPUSD_H4_20,3,SQX-GBPUSD-H4-cc4ac0175f48,GBPUSD,H4,LONG,Trend+Structure
GBPUSD_H4_20,3,SQX-GBPUSD-H4-d170af68d2cc,GBPUSD,H4,LONG,Trend+Momentum+Structure
GBPUSD_H4_21,3,SQX-GBPUSD-H4-34d7969b6864,GBPUSD,H4,LONG,Trend+Momentum+Volatility+Structure
GBPUSD_H4_21,3,SQX-GBPUSD-H4-38f6b8b94de5,GBPUSD,H4,LONG,Trend+Volatility+Structure
GBPUSD_H4_21,3,SQX-GBPUSD-H4-dca294a63feb,GBPUSD,H4,LONG,Trend+Momentum+Volatility+Structure
GBPUSD_H4_22,3,SQX-GBPUSD-H4-499096581547,GBPUSD,H4,LONG,Trend+Volatility
GBPUSD_H4_22,3,SQX-GBPUSD-H4-c82c206c0ca6,GBPUSD,H4,LONG,Trend+Volatility
GBPUSD_H4_22,3,SQX-GBPUSD-H4-e2e695b19042,GBPUSD,H4,LONG,Trend+Volatility
GBPUSD_H4_23,3,SQX-GBPUSD-H4-52038eb249a6,GBPUSD,H4,LONG,Trend+Momentum
GBPUSD_H4_23,3,SQX-GBPUSD-H4-60947d41d0b1,GBPUSD,H4,LONG,Trend+Momentum
GBPUSD_H4_23,3,SQX-GBPUSD-H4-90179bba835e,GBPUSD,H4,LONG,Trend+Momentum
GBPUSD_H4_24,3,SQX-GBPUSD-H4-67bd6209593e,GBPUSD,H4,LONG,Trend+Momentum+Volatility+Structure
GBPUSD_H4_24,3,SQX-GBPUSD-H4-813e97d8b781,GBPUSD,H4,LONG,Trend+Volatility+Structure
GBPUSD_H4_24,3,SQX-GBPUSD-H4-f896b96ee720,GBPUSD,H4,LONG,Trend+Momentum+Volatility+Structure
GBPUSD_H4_25,3,SQX-GBPUSD-H4-6a7ddba782dd,GBPUSD,H4,LONG,Trend+Momentum+Volatility+Structure
GBPUSD_H4_25,3,SQX-GBPUSD-H4-7c6e21cbfb2b,GBPUSD,H4,LONG,Trend+Momentum+Volatility+Structure
GBPUSD_H4_25,3,SQX-GBPUSD-H4-9b77e20faf7a,GBPUSD,H4,LONG,Trend+Momentum+Volatility+Structure
GBPUSD_H4_26,3,SQX-GBPUSD-H4-98b42d043cf3,GBPUSD,H4,LONG,Trend+Volatility
GBPUSD_H4_26,3,SQX-GBPUSD-H4-a07479ab565d,GBPUSD,H4,LONG,Trend+Volatility
GBPUSD_H4_26,3,SQX-GBPUSD-H4-e55a13566bbb,GBPUSD,H4,LONG,Trend+Volatility
GBPUSD_H4_27,2,SQX-GBPUSD-H4-0299af7dc9ec,GBPUSD,H4,SHORT,Trend+Volatility
GBPUSD_H4_27,2,SQX-GBPUSD-H4-7f479dafd487,GBPUSD,H4,SHORT,Trend+Momentum+Volatility
GBPUSD_H4_28,2,SQX-GBPUSD-H4-0fbc76f5c995,GBPUSD,H4,SHORT,Trend+Momentum
GBPUSD_H4_28,2,SQX-GBPUSD-H4-859dc3f69d69,GBPUSD,H4,SHORT,Trend+Momentum
GBPUSD_H4_29,2,SQX-GBPUSD-H4-12a6cdedd2a2,GBPUSD,H4,SHORT,Trend+Structure
GBPUSD_H4_29,2,SQX-GBPUSD-H4-4eecea462595,GBPUSD,H4,SHORT,Trend+Structure
GBPUSD_H4_30,2,SQX-GBPUSD-H4-195bc4c7dbc4,GBPUSD,H4,LONG,Trend+Momentum
GBPUSD_H4_30,2,SQX-GBPUSD-H4-fb75f934ab19,GBPUSD,H4,LONG,Trend+Momentum
GBPUSD_H4_31,2,SQX-GBPUSD-H4-1c25bdf788df,GBPUSD,H4,SHORT,Momentum
GBPUSD_H4_31,2,SQX-GBPUSD-H4-fb5ef6ef903d,GBPUSD,H4,SHORT,Momentum
GBPUSD_H4_32,2,SQX-GBPUSD-H4-206567913f20,GBPUSD,H4,LONG,Trend+Momentum+Structure
GBPUSD_H4_32,2,SQX-GBPUSD-H4-f837e3ebb693,GBPUSD,H4,LONG,Trend+Momentum+Structure
GBPUSD_H4_33,2,SQX-GBPUSD-H4-22b5d12377ae,GBPUSD,H4,SHORT,Trend+Volatility
GBPUSD_H4_33,2,SQX-GBPUSD-H4-7d2e19f17ef6,GBPUSD,H4,SHORT,Trend+Volatility
GBPUSD_H4_34,2,SQX-GBPUSD-H4-27afa04ba9af,GBPUSD,H4,LONG,Trend+Momentum+Structure
GBPUSD_H4_34,2,SQX-GBPUSD-H4-89f1c8e6e622,GBPUSD,H4,LONG,Trend+Momentum+Structure
GBPUSD_H4_35,2,SQX-GBPUSD-H4-3154f7017be1,GBPUSD,H4,SHORT,Volatility+Structure
GBPUSD_H4_35,2,SQX-GBPUSD-H4-ce90b8c8a1a6,GBPUSD,H4,SHORT,Trend+Momentum+Volatility+Structure
GBPUSD_H4_36,2,SQX-GBPUSD-H4-32d613a77c59,GBPUSD,H4,LONG,Trend+Volatility+Structure
GBPUSD_H4_36,2,SQX-GBPUSD-H4-91fc21e539c3,GBPUSD,H4,LONG,Trend+Volatility+Structure
GBPUSD_H4_37,2,SQX-GBPUSD-H4-3b34f2899be5,GBPUSD,H4,LONG,Trend+Structure
GBPUSD_H4_37,2,SQX-GBPUSD-H4-5973a745d7e9,GBPUSD,H4,LONG,Trend+Structure
GBPUSD_H4_38,2,SQX-GBPUSD-H4-50885da01ac8,GBPUSD,H4,LONG,Trend+Volatility+Structure
GBPUSD_H4_38,2,SQX-GBPUSD-H4-cdc60bbbf1c0,GBPUSD,H4,LONG,Trend+Structure
GBPUSD_H4_39,2,SQX-GBPUSD-H4-5a69f9cc9fc2,GBPUSD,H4,LONG,Trend+Momentum
GBPUSD_H4_39,2,SQX-GBPUSD-H4-9464687a0531,GBPUSD,H4,LONG,Trend+Momentum
GBPUSD_H4_40,2,SQX-GBPUSD-H4-7e5cd897aca0,GBPUSD,H4,LONG,Momentum+Volatility
GBPUSD_H4_40,2,SQX-GBPUSD-H4-f73f705ade99,GBPUSD,H4,LONG,Momentum+Volatility
GBPUSD_H4_41,2,SQX-GBPUSD-H4-84231755acc3,GBPUSD,H4,LONG,Momentum+Volatility+Structure
GBPUSD_H4_41,2,SQX-GBPUSD-H4-ec8b5408ab12,GBPUSD,H4,LONG,Momentum+Structure
GBPUSD_H4_42,2,SQX-GBPUSD-H4-87785858d4b6,GBPUSD,H4,LONG,Momentum+Structure
GBPUSD_H4_42,2,SQX-GBPUSD-H4-d6363b356350,GBPUSD,H4,LONG,Momentum+Structure
GBPUSD_H4_43,2,SQX-GBPUSD-H4-884e61b2a48f,GBPUSD,H4,SHORT,Volatility+Structure
GBPUSD_H4_43,2,SQX-GBPUSD-H4-ffdd411fb9b9,GBPUSD,H4,SHORT,Momentum+Volatility+Structure
GBPUSD_H4_44,2,SQX-GBPUSD-H4-9417c634265e,GBPUSD,H4,LONG,Momentum+Volatility+Structure
GBPUSD_H4_44,2,SQX-GBPUSD-H4-e8458741f09c,GBPUSD,H4,LONG,Volatility+Structure
GBPUSD_H4_45,2,SQX-GBPUSD-H4-954827de4e97,GBPUSD,H4,LONG,Trend+Momentum+Structure
GBPUSD_H4_45,2,SQX-GBPUSD-H4-98da7a6b08c7,GBPUSD,H4,LONG,Trend+Momentum+Structure
GBPUSD_H4_46,2,SQX-GBPUSD-H4-a25066e7dd38,GBPUSD,H4,LONG,Trend+Momentum+Structure
GBPUSD_H4_46,2,SQX-GBPUSD-H4-a9a5fadd0762,GBPUSD,H4,LONG,Trend+Momentum+Structure
GBPUSD_H4_47,2,SQX-GBPUSD-H4-a67736ed1131,GBPUSD,H4,LONG,Momentum+Volatility+Structure
GBPUSD_H4_47,2,SQX-GBPUSD-H4-b629e5861825,GBPUSD,H4,LONG,Trend+Momentum+Structure
GBPUSD_H4_48,2,SQX-GBPUSD-H4-ac4efa4781f6,GBPUSD,H4,LONG,Trend+Momentum+Structure
GBPUSD_H4_48,2,SQX-GBPUSD-H4-e204efb7c85e,GBPUSD,H4,LONG,Trend+Momentum+Structure
GBPUSD_H4_49,2,SQX-GBPUSD-H4-ba46a33760af,GBPUSD,H4,LONG,Momentum+Structure
GBPUSD_H4_49,2,SQX-GBPUSD-H4-d371de9570f1,GBPUSD,H4,LONG,Momentum+Structure
GBPUSD_H4_50,1,SQX-GBPUSD-H4-014e72a08b0a,GBPUSD,H4,LONG,Trend+Momentum+Structure
GBPUSD_H4_51,1,SQX-GBPUSD-H4-04c217922efe,GBPUSD,H4,LONG,Momentum+Structure
GBPUSD_H4_52,1,SQX-GBPUSD-H4-05bb56c5ebed,GBPUSD,H4,LONG,Trend+Momentum+Volatility
GBPUSD_H4_53,1,SQX-GBPUSD-H4-0609a514a512,GBPUSD,H4,LONG,Trend+Momentum+Volatility
GBPUSD_H4_54,1,SQX-GBPUSD-H4-096a6f73739e,GBPUSD,H4,LONG,Trend+Volatility+Structure
GBPUSD_H4_55,1,SQX-GBPUSD-H4-0b466ca90baa,GBPUSD,H4,LONG,Momentum+Volatility+Structure
GBPUSD_H4_56,1,SQX-GBPUSD-H4-0e7a78f70ace,GBPUSD,H4,LONG,Trend+Momentum+Volatility
GBPUSD_H4_57,1,SQX-GBPUSD-H4-0f2c44b2e0cc,GBPUSD,H4,LONG,Structure
GBPUSD_H4_58,1,SQX-GBPUSD-H4-0f5a2401d458,GBPUSD,H4,LONG,Trend+Momentum
GBPUSD_H4_59,1,SQX-GBPUSD-H4-0ffb1368a37f,GBPUSD,H4,LONG,Trend+Volatility+Structure
GBPUSD_H4_60,1,SQX-GBPUSD-H4-119a2d069a78,GBPUSD,H4,SHORT,Trend+Momentum+Structure
GBPUSD_H4_61,1,SQX-GBPUSD-H4-12b0bc23ffc7,GBPUSD,H4,LONG,Trend+Momentum+Volatility+Structure
GBPUSD_H4_62,1,SQX-GBPUSD-H4-12ccb3d78711,GBPUSD,H4,LONG,Trend+Momentum
GBPUSD_H4_63,1,SQX-GBPUSD-H4-13efc9777bfa,GBPUSD,H4,LONG,Trend+Momentum+Volatility
GBPUSD_H4_64,1,SQX-GBPUSD-H4-15ec821a5e6a,GBPUSD,H4,LONG,Momentum+Volatility+Structure
GBPUSD_H4_65,1,SQX-GBPUSD-H4-163f9845700b,GBPUSD,H4,LONG,Momentum+Volatility+Structure
GBPUSD_H4_66,1,SQX-GBPUSD-H4-16e3fcfb0d41,GBPUSD,H4,SHORT,Volatility
GBPUSD_H4_67,1,SQX-GBPUSD-H4-17cbb111e8b3,GBPUSD,H4,SHORT,Trend+Momentum+Volatility
GBPUSD_H4_68,1,SQX-GBPUSD-H4-17f2d44ddd6c,GBPUSD,H4,SHORT,Trend+Momentum+Volatility
GBPUSD_H4_69,1,SQX-GBPUSD-H4-17fb4672f41d,GBPUSD,H4,SHORT,Trend+Momentum+Structure
GBPUSD_H4_70,1,SQX-GBPUSD-H4-1a09a25e3a29,GBPUSD,H4,LONG,Trend+Momentum+Structure
GBPUSD_H4_71,1,SQX-GBPUSD-H4-1a6f7f2e54b4,GBPUSD,H4,LONG,Structure
GBPUSD_H4_72,1,SQX-GBPUSD-H4-1aa6eecb2654,GBPUSD,H4,LONG,Trend+Momentum
GBPUSD_H4_73,1,SQX-GBPUSD-H4-1b0f95b3b1f6,GBPUSD,H4,LONG,Trend+Momentum+Structure
GBPUSD_H4_74,1,SQX-GBPUSD-H4-1b61eb828f17,GBPUSD,H4,LONG,Momentum+Volatility
GBPUSD_H4_75,1,SQX-GBPUSD-H4-1d712a3b5932,GBPUSD,H4,LONG,Trend+Momentum
GBPUSD_H4_76,1,SQX-GBPUSD-H4-1d999ce9dd10,GBPUSD,H4,LONG,Volatility+Structure
GBPUSD_H4_77,1,SQX-GBPUSD-H4-1e7ca8f6ef82,GBPUSD,H4,LONG,Momentum+Structure
GBPUSD_H4_78,1,SQX-GBPUSD-H4-1ec24ec873cb,GBPUSD,H4,LONG,Trend+Momentum+Structure
GBPUSD_H4_79,1,SQX-GBPUSD-H4-1f6db839c442,GBPUSD,H4,SHORT,Trend+Momentum+Volatility
GBPUSD_H4_80,1,SQX-GBPUSD-H4-201759924a23,GBPUSD,H4,SHORT,Momentum+Structure
GBPUSD_H4_81,1,SQX-GBPUSD-H4-20a23f9f9bed,GBPUSD,H4,LONG,Trend+Momentum+Volatility
GBPUSD_H4_82,1,SQX-GBPUSD-H4-20f061250350,GBPUSD,H4,LONG,Trend+Volatility
GBPUSD_H4_83,1,SQX-GBPUSD-H4-2105743de73d,GBPUSD,H4,LONG,Trend+Momentum+Volatility
GBPUSD_H4_84,1,SQX-GBPUSD-H4-23b1cad80a4b,GBPUSD,H4,SHORT,Trend+Momentum+Structure
GBPUSD_H4_85,1,SQX-GBPUSD-H4-263ad71b8fa6,GBPUSD,H4,LONG,Trend+Volatility+Structure
GBPUSD_H4_86,1,SQX-GBPUSD-H4-26df7aa330dd,GBPUSD,H4,LONG,Trend+Structure
GBPUSD_H4_87,1,SQX-GBPUSD-H4-2849595c917f,GBPUSD,H4,LONG,Trend+Volatility+Structure
GBPUSD_H4_88,1,SQX-GBPUSD-H4-284c3718f6e9,GBPUSD,H4,SHORT,Trend+Momentum
GBPUSD_H4_89,1,SQX-GBPUSD-H4-28b967edb218,GBPUSD,H4,LONG,Trend+Volatility+Structure
GBPUSD_H4_90,1,SQX-GBPUSD-H4-29cea55446ca,GBPUSD,H4,LONG,Trend+Momentum+Structure
GBPUSD_H4_91,1,SQX-GBPUSD-H4-2a56f8e4c36d,GBPUSD,H4,LONG,Momentum+Volatility+Structure
GBPUSD_H4_92,1,SQX-GBPUSD-H4-2db708bd9602,GBPUSD,H4,SHORT,Momentum+Volatility+Structure
GBPUSD_H4_93,1,SQX-GBPUSD-H4-31e06b13b379,GBPUSD,H4,LONG,Momentum+Volatility+Structure
GBPUSD_H4_94,1,SQX-GBPUSD-H4-334983e40467,GBPUSD,H4,SHORT,Trend+Momentum+Volatility
GBPUSD_H4_95,1,SQX-GBPUSD-H4-348baf8cccd7,GBPUSD,H4,LONG,Trend+Momentum
GBPUSD_H4_96,1,SQX-GBPUSD-H4-371a4efa6b43,GBPUSD,H4,LONG,Trend+Momentum+Volatility+Structure
GBPUSD_H4_97,1,SQX-GBPUSD-H4-3827c3731777,GBPUSD,H4,LONG,Trend+Momentum+Volatility
GBPUSD_H4_98,1,SQX-GBPUSD-H4-393bf3e6a0c7,GBPUSD,H4,LONG,Trend+Volatility+Structure
GBPUSD_H4_99,1,SQX-GBPUSD-H4-3a772210d1e6,GBPUSD,H4,SHORT,Trend+Volatility
GBPUSD_H4_100,1,SQX-GBPUSD-H4-3ccc11e9bad0,GBPUSD,H4,LONG,Trend+Momentum+Structure
GBPUSD_H4_101,1,SQX-GBPUSD-H4-3cf05fd99039,GBPUSD,H4,LONG,Trend+Momentum
GBPUSD_H4_102,1,SQX-GBPUSD-H4-3d604342f89a,GBPUSD,H4,LONG,Volatility+Structure
GBPUSD_H4_103,1,SQX-GBPUSD-H4-3df9b7d8a210,GBPUSD,H4,LONG,Momentum+Structure
GBPUSD_H4_104,1,SQX-GBPUSD-H4-3e2a438c741a,GBPUSD,H4,SHORT,Trend+Momentum
GBPUSD_H4_105,1,SQX-GBPUSD-H4-3e92bc5a5ea7,GBPUSD,H4,LONG,Trend+Structure
GBPUSD_H4_106,1,SQX-GBPUSD-H4-43bb25e5129c,GBPUSD,H4,LONG,Momentum+Volatility+Structure
GBPUSD_H4_107,1,SQX-GBPUSD-H4-43cc354006f4,GBPUSD,H4,LONG,Trend+Momentum
GBPUSD_H4_108,1,SQX-GBPUSD-H4-44506c7dc897,GBPUSD,H4,LONG,Momentum+Volatility+Structure
GBPUSD_H4_109,1,SQX-GBPUSD-H4-4462bfc32f9e,GBPUSD,H4,LONG,Trend+Momentum+Structure
GBPUSD_H4_110,1,SQX-GBPUSD-H4-47336111d6d0,GBPUSD,H4,LONG,Trend+Momentum+Volatility+Structure
GBPUSD_H4_111,1,SQX-GBPUSD-H4-47b12b81d78b,GBPUSD,H4,LONG,Trend+Momentum+Volatility+Structure
GBPUSD_H4_112,1,SQX-GBPUSD-H4-47c52a78c0c3,GBPUSD,H4,LONG,Trend+Momentum
GBPUSD_H4_113,1,SQX-GBPUSD-H4-48228388b702,GBPUSD,H4,SHORT,Momentum+Volatility+Structure
GBPUSD_H4_114,1,SQX-GBPUSD-H4-4845fcc09eb9,GBPUSD,H4,LONG,Trend+Structure
GBPUSD_H4_115,1,SQX-GBPUSD-H4-48a1032c144b,GBPUSD,H4,LONG,Trend+Momentum
GBPUSD_H4_116,1,SQX-GBPUSD-H4-49b428933d8d,GBPUSD,H4,SHORT,Volatility+Structure
GBPUSD_H4_117,1,SQX-GBPUSD-H4-4af5168b1030,GBPUSD,H4,LONG,Volatility+Structure
GBPUSD_H4_118,1,SQX-GBPUSD-H4-4b70a222b29e,GBPUSD,H4,LONG,Trend+Volatility+Structure
GBPUSD_H4_119,1,SQX-GBPUSD-H4-4b79dd55746c,GBPUSD,H4,LONG,Trend+Momentum+Volatility
GBPUSD_H4_120,1,SQX-GBPUSD-H4-4c0439a18724,GBPUSD,H4,LONG,Trend+Momentum+Structure
GBPUSD_H4_121,1,SQX-GBPUSD-H4-4c670e81cb4b,GBPUSD,H4,SHORT,Trend+Volatility
GBPUSD_H4_122,1,SQX-GBPUSD-H4-4c83011c3d38,GBPUSD,H4,SHORT,Trend+Volatility+Structure
GBPUSD_H4_123,1,SQX-GBPUSD-H4-4ec25c909455,GBPUSD,H4,LONG,Volatility
GBPUSD_H4_124,1,SQX-GBPUSD-H4-4fa4fc6b9401,GBPUSD,H4,LONG,Trend+Momentum+Volatility+Structure
GBPUSD_H4_125,1,SQX-GBPUSD-H4-514315c910de,GBPUSD,H4,LONG,Momentum+Structure
GBPUSD_H4_126,1,SQX-GBPUSD-H4-531e82f81866,GBPUSD,H4,LONG,Trend+Volatility
GBPUSD_H4_127,1,SQX-GBPUSD-H4-537a9d09afe5,GBPUSD,H4,LONG,Trend+Momentum+Structure
GBPUSD_H4_128,1,SQX-GBPUSD-H4-5385bb8360ec,GBPUSD,H4,SHORT,Trend+Momentum
GBPUSD_H4_129,1,SQX-GBPUSD-H4-53c624021cc1,GBPUSD,H4,LONG,Trend+Momentum+Volatility
GBPUSD_H4_130,1,SQX-GBPUSD-H4-544310690e6b,GBPUSD,H4,LONG,Trend+Momentum+Volatility+Structure
GBPUSD_H4_131,1,SQX-GBPUSD-H4-5446b522efb5,GBPUSD,H4,LONG,Trend+Momentum+Volatility+Structure
GBPUSD_H4_132,1,SQX-GBPUSD-H4-5520f9210526,GBPUSD,H4,LONG,Trend+Momentum+Structure
GBPUSD_H4_133,1,SQX-GBPUSD-H4-5be695053aa1,GBPUSD,H4,LONG,Momentum+Volatility
GBPUSD_H4_134,1,SQX-GBPUSD-H4-5d61955b2000,GBPUSD,H4,SHORT,Trend+Momentum+Volatility+Structure
GBPUSD_H4_135,1,SQX-GBPUSD-H4-5e05f9a67f23,GBPUSD,H4,SHORT,Momentum+Volatility
GBPUSD_H4_136,1,SQX-GBPUSD-H4-620d25c1d4b3,GBPUSD,H4,LONG,Trend+Structure
GBPUSD_H4_137,1,SQX-GBPUSD-H4-62d2b26ae3fb,GBPUSD,H4,LONG,Trend+Momentum+Structure
GBPUSD_H4_138,1,SQX-GBPUSD-H4-641ee07208ce,GBPUSD,H4,LONG,Trend+Momentum+Structure
GBPUSD_H4_139,1,SQX-GBPUSD-H4-6434f188f1a7,GBPUSD,H4,LONG,Momentum+Structure
GBPUSD_H4_140,1,SQX-GBPUSD-H4-646905b1f56b,GBPUSD,H4,SHORT,Momentum+Structure
GBPUSD_H4_141,1,SQX-GBPUSD-H4-654c60385d4c,GBPUSD,H4,LONG,Momentum+Volatility
GBPUSD_H4_142,1,SQX-GBPUSD-H4-65a5f34077f9,GBPUSD,H4,LONG,Trend+Volatility
GBPUSD_H4_143,1,SQX-GBPUSD-H4-65a7150a900b,GBPUSD,H4,LONG,Trend+Volatility+Structure
GBPUSD_H4_144,1,SQX-GBPUSD-H4-65dc27e3cf8c,GBPUSD,H4,SHORT,Volatility+Structure
GBPUSD_H4_145,1,SQX-GBPUSD-H4-67967294f6df,GBPUSD,H4,LONG,Trend+Volatility+Structure
GBPUSD_H4_146,1,SQX-GBPUSD-H4-6849dc9bc8fd,GBPUSD,H4,LONG,Trend+Momentum
GBPUSD_H4_147,1,SQX-GBPUSD-H4-6b817074d925,GBPUSD,H4,LONG,Trend+Structure
GBPUSD_H4_148,1,SQX-GBPUSD-H4-6ca4ebb8a25a,GBPUSD,H4,SHORT,Trend+Momentum+Volatility
GBPUSD_H4_149,1,SQX-GBPUSD-H4-6e8245c14be5,GBPUSD,H4,LONG,Trend+Momentum+Structure
GBPUSD_H4_150,1,SQX-GBPUSD-H4-7025a6cd0c55,GBPUSD,H4,LONG,Trend+Momentum+Structure
GBPUSD_H4_151,1,SQX-GBPUSD-H4-7257aeb9cb5b,GBPUSD,H4,SHORT,Trend+Momentum+Volatility
GBPUSD_H4_152,1,SQX-GBPUSD-H4-72a1a4aa53f1,GBPUSD,H4,SHORT,Momentum+Structure
GBPUSD_H4_153,1,SQX-GBPUSD-H4-73fbe7e369e3,GBPUSD,H4,LONG,Trend+Momentum+Volatility+Structure
GBPUSD_H4_154,1,SQX-GBPUSD-H4-745443de3d4f,GBPUSD,H4,SHORT,Momentum+Volatility
GBPUSD_H4_155,1,SQX-GBPUSD-H4-78e5c3852386,GBPUSD,H4,LONG,Volatility+Structure
GBPUSD_H4_156,1,SQX-GBPUSD-H4-7997890afc6e,GBPUSD,H4,SHORT,Momentum+Volatility+Structure
GBPUSD_H4_157,1,SQX-GBPUSD-H4-7a0cf795a293,GBPUSD,H4,LONG,Volatility+Structure
GBPUSD_H4_158,1,SQX-GBPUSD-H4-7a4659b75bda,GBPUSD,H4,LONG,Trend+Structure
GBPUSD_H4_159,1,SQX-GBPUSD-H4-7a614e882880,GBPUSD,H4,SHORT,Momentum+Volatility+Structure
GBPUSD_H4_160,1,SQX-GBPUSD-H4-7b4c624c2a15,GBPUSD,H4,LONG,Trend+Momentum+Volatility
GBPUSD_H4_161,1,SQX-GBPUSD-H4-7ca39afb6116,GBPUSD,H4,LONG,Momentum+Volatility+Structure
GBPUSD_H4_162,1,SQX-GBPUSD-H4-7ce452ede0a7,GBPUSD,H4,LONG,Momentum+Structure
GBPUSD_H4_163,1,SQX-GBPUSD-H4-7d08fe276d56,GBPUSD,H4,LONG,Momentum+Structure
GBPUSD_H4_164,1,SQX-GBPUSD-H4-7e422655f7fe,GBPUSD,H4,SHORT,Trend+Volatility
GBPUSD_H4_165,1,SQX-GBPUSD-H4-80606a3865f6,GBPUSD,H4,LONG,Trend+Momentum+Volatility
GBPUSD_H4_166,1,SQX-GBPUSD-H4-80696141cdf0,GBPUSD,H4,LONG,Momentum+Structure
GBPUSD_H4_167,1,SQX-GBPUSD-H4-808e63e70873,GBPUSD,H4,LONG,Momentum+Volatility+Structure
GBPUSD_H4_168,1,SQX-GBPUSD-H4-80a012230b66,GBPUSD,H4,LONG,Trend+Momentum
GBPUSD_H4_169,1,SQX-GBPUSD-H4-8142ac3d0613,GBPUSD,H4,LONG,Momentum+Volatility
GBPUSD_H4_170,1,SQX-GBPUSD-H4-8194df766e88,GBPUSD,H4,LONG,Momentum+Volatility
GBPUSD_H4_171,1,SQX-GBPUSD-H4-819b76479951,GBPUSD,H4,SHORT,Momentum+Volatility
GBPUSD_H4_172,1,SQX-GBPUSD-H4-81d7d4486b63,GBPUSD,H4,LONG,Trend+Volatility+Structure
GBPUSD_H4_173,1,SQX-GBPUSD-H4-84636b231551,GBPUSD,H4,LONG,Momentum+Structure
GBPUSD_H4_174,1,SQX-GBPUSD-H4-86cf50804853,GBPUSD,H4,SHORT,Volatility+Structure
GBPUSD_H4_175,1,SQX-GBPUSD-H4-891d77189fdc,GBPUSD,H4,LONG,Trend+Volatility+Structure
GBPUSD_H4_176,1,SQX-GBPUSD-H4-89a4b9cfdcc4,GBPUSD,H4,SHORT,Trend+Volatility+Structure
GBPUSD_H4_177,1,SQX-GBPUSD-H4-8a1dc6051e6d,GBPUSD,H4,SHORT,Trend+Momentum+Volatility
GBPUSD_H4_178,1,SQX-GBPUSD-H4-8a30266ed76a,GBPUSD,H4,LONG,Trend+Volatility+Structure
GBPUSD_H4_179,1,SQX-GBPUSD-H4-8b198e1ac689,GBPUSD,H4,LONG,Momentum+Structure
GBPUSD_H4_180,1,SQX-GBPUSD-H4-8ba9fa928c48,GBPUSD,H4,LONG,Volatility+Structure
GBPUSD_H4_181,1,SQX-GBPUSD-H4-8d1c94de4044,GBPUSD,H4,LONG,Momentum+Volatility+Structure
GBPUSD_H4_182,1,SQX-GBPUSD-H4-8da4208c0b26,GBPUSD,H4,LONG,Momentum+Structure
GBPUSD_H4_183,1,SQX-GBPUSD-H4-8dd93fbf099d,GBPUSD,H4,LONG,Trend+Momentum+Structure
GBPUSD_H4_184,1,SQX-GBPUSD-H4-8fe684adeb17,GBPUSD,H4,LONG,Trend+Momentum+Volatility+Structure
GBPUSD_H4_185,1,SQX-GBPUSD-H4-9073c37acc6f,GBPUSD,H4,LONG,Trend+Momentum+Structure
GBPUSD_H4_186,1,SQX-GBPUSD-H4-912c20ec4ae1,GBPUSD,H4,LONG,Trend+Momentum
GBPUSD_H4_187,1,SQX-GBPUSD-H4-9244babca913,GBPUSD,H4,LONG,Volatility+Structure
GBPUSD_H4_188,1,SQX-GBPUSD-H4-92920c1ac58c,GBPUSD,H4,LONG,Trend+Momentum
GBPUSD_H4_189,1,SQX-GBPUSD-H4-9446fa2844ab,GBPUSD,H4,SHORT,Trend+Volatility
GBPUSD_H4_190,1,SQX-GBPUSD-H4-94f640e78c16,GBPUSD,H4,LONG,Trend+Momentum+Volatility
GBPUSD_H4_191,1,SQX-GBPUSD-H4-950d2f77a3a9,GBPUSD,H4,LONG,Trend+Momentum
GBPUSD_H4_192,1,SQX-GBPUSD-H4-968ef83aac8b,GBPUSD,H4,LONG,Volatility
GBPUSD_H4_193,1,SQX-GBPUSD-H4-979b458cb210,GBPUSD,H4,LONG,Trend+Structure
GBPUSD_H4_194,1,SQX-GBPUSD-H4-9896795af178,GBPUSD,H4,LONG,Momentum+Volatility+Structure
GBPUSD_H4_195,1,SQX-GBPUSD-H4-9ba2589e66fc,GBPUSD,H4,LONG,Momentum+Volatility+Structure
GBPUSD_H4_196,1,SQX-GBPUSD-H4-9ccd26ab2d1f,GBPUSD,H4,LONG,Momentum+Volatility+Structure
GBPUSD_H4_197,1,SQX-GBPUSD-H4-9ceda038ba6b,GBPUSD,H4,SHORT,Trend+Momentum
GBPUSD_H4_198,1,SQX-GBPUSD-H4-9e5ed806e616,GBPUSD,H4,LONG,Volatility+Structure
GBPUSD_H4_199,1,SQX-GBPUSD-H4-a0b91466d1ff,GBPUSD,H4,SHORT,Trend+Momentum
GBPUSD_H4_200,1,SQX-GBPUSD-H4-a0cdac35938d,GBPUSD,H4,LONG,Momentum+Volatility
GBPUSD_H4_201,1,SQX-GBPUSD-H4-a0dc0928671d,GBPUSD,H4,LONG,Trend+Momentum+Structure
GBPUSD_H4_202,1,SQX-GBPUSD-H4-a25a4397e594,GBPUSD,H4,LONG,Volatility+Structure
GBPUSD_H4_203,1,SQX-GBPUSD-H4-a281872281eb,GBPUSD,H4,LONG,Trend+Structure
GBPUSD_H4_204,1,SQX-GBPUSD-H4-a4026054b639,GBPUSD,H4,SHORT,Trend+Momentum
GBPUSD_H4_205,1,SQX-GBPUSD-H4-a5c1daba7dec,GBPUSD,H4,SHORT,Trend+Volatility+Structure
GBPUSD_H4_206,1,SQX-GBPUSD-H4-a5c2a525b540,GBPUSD,H4,SHORT,Momentum+Volatility+Structure
GBPUSD_H4_207,1,SQX-GBPUSD-H4-a694c18eb135,GBPUSD,H4,LONG,Trend+Momentum+Volatility+Structure
GBPUSD_H4_208,1,SQX-GBPUSD-H4-a6be6cb8461e,GBPUSD,H4,SHORT,Trend+Volatility
GBPUSD_H4_209,1,SQX-GBPUSD-H4-a841451103ed,GBPUSD,H4,SHORT,Trend+Momentum+Structure
GBPUSD_H4_210,1,SQX-GBPUSD-H4-a9d7a5074f6e,GBPUSD,H4,LONG,Momentum+Volatility
GBPUSD_H4_211,1,SQX-GBPUSD-H4-aa0ec6d4e26e,GBPUSD,H4,LONG,Momentum+Volatility+Structure
GBPUSD_H4_212,1,SQX-GBPUSD-H4-ab5677da021d,GBPUSD,H4,LONG,Trend+Momentum+Volatility+Structure
GBPUSD_H4_213,1,SQX-GBPUSD-H4-abd419de8047,GBPUSD,H4,LONG,Trend+Volatility
GBPUSD_H4_214,1,SQX-GBPUSD-H4-ad8bfadc2ed5,GBPUSD,H4,SHORT,Trend+Momentum
GBPUSD_H4_215,1,SQX-GBPUSD-H4-aed294a00544,GBPUSD,H4,SHORT,Trend
GBPUSD_H4_216,1,SQX-GBPUSD-H4-af67a6da91b3,GBPUSD,H4,LONG,Structure
GBPUSD_H4_217,1,SQX-GBPUSD-H4-b06794d4b35e,GBPUSD,H4,SHORT,Trend+Volatility+Structure
GBPUSD_H4_218,1,SQX-GBPUSD-H4-b18ad5669f06,GBPUSD,H4,LONG,Trend+Momentum+Volatility+Structure
GBPUSD_H4_219,1,SQX-GBPUSD-H4-b219780e6fe7,GBPUSD,H4,LONG,Momentum+Volatility+Structure
GBPUSD_H4_220,1,SQX-GBPUSD-H4-b4b19815b2fb,GBPUSD,H4,LONG,Trend+Volatility+Structure
GBPUSD_H4_221,1,SQX-GBPUSD-H4-b62598772ca0,GBPUSD,H4,LONG,Trend+Momentum+Volatility+Structure
GBPUSD_H4_222,1,SQX-GBPUSD-H4-b6f62ceae948,GBPUSD,H4,SHORT,Momentum+Volatility+Structure
GBPUSD_H4_223,1,SQX-GBPUSD-H4-b88ab082665a,GBPUSD,H4,LONG,Volatility+Structure
GBPUSD_H4_224,1,SQX-GBPUSD-H4-bab0f5c9e1fe,GBPUSD,H4,LONG,Structure
GBPUSD_H4_225,1,SQX-GBPUSD-H4-bb53306ab4c5,GBPUSD,H4,SHORT,Momentum+Structure
GBPUSD_H4_226,1,SQX-GBPUSD-H4-bbbd3af41a2d,GBPUSD,H4,SHORT,Momentum+Volatility
GBPUSD_H4_227,1,SQX-GBPUSD-H4-bcb09a0e5c49,GBPUSD,H4,SHORT,Momentum+Volatility+Structure
GBPUSD_H4_228,1,SQX-GBPUSD-H4-bd04c6360864,GBPUSD,H4,SHORT,Trend+Momentum+Volatility+Structure
GBPUSD_H4_229,1,SQX-GBPUSD-H4-bd1322bda8c2,GBPUSD,H4,LONG,Trend+Volatility
GBPUSD_H4_230,1,SQX-GBPUSD-H4-bf6ddefccb65,GBPUSD,H4,SHORT,Trend+Volatility
GBPUSD_H4_231,1,SQX-GBPUSD-H4-c1f3dc422c85,GBPUSD,H4,LONG,Structure
GBPUSD_H4_232,1,SQX-GBPUSD-H4-c2cb9b9c8440,GBPUSD,H4,LONG,Momentum+Volatility+Structure
GBPUSD_H4_233,1,SQX-GBPUSD-H4-c30fc5a2d7fc,GBPUSD,H4,LONG,Trend+Structure
GBPUSD_H4_234,1,SQX-GBPUSD-H4-c347c4e4722d,GBPUSD,H4,LONG,Trend+Momentum+Structure
GBPUSD_H4_235,1,SQX-GBPUSD-H4-c522f9cea35d,GBPUSD,H4,LONG,Momentum+Structure
GBPUSD_H4_236,1,SQX-GBPUSD-H4-c5ebc1018267,GBPUSD,H4,LONG,Trend+Momentum+Structure
GBPUSD_H4_237,1,SQX-GBPUSD-H4-c6c75d32abe5,GBPUSD,H4,LONG,Trend+Structure
GBPUSD_H4_238,1,SQX-GBPUSD-H4-c6e77fb5a27e,GBPUSD,H4,SHORT,Momentum+Volatility+Structure
GBPUSD_H4_239,1,SQX-GBPUSD-H4-c72dfdeb8ab3,GBPUSD,H4,LONG,Momentum+Structure
GBPUSD_H4_240,1,SQX-GBPUSD-H4-c7bcad34d845,GBPUSD,H4,LONG,Trend+Momentum+Volatility
GBPUSD_H4_241,1,SQX-GBPUSD-H4-cc667ed0abca,GBPUSD,H4,LONG,Trend+Structure
GBPUSD_H4_242,1,SQX-GBPUSD-H4-d10bd2b55046,GBPUSD,H4,LONG,Momentum+Structure
GBPUSD_H4_243,1,SQX-GBPUSD-H4-d15bf9eaade8,GBPUSD,H4,SHORT,Trend+Volatility
GBPUSD_H4_244,1,SQX-GBPUSD-H4-d1c3ad8de650,GBPUSD,H4,LONG,Trend+Momentum+Volatility+Structure
GBPUSD_H4_245,1,SQX-GBPUSD-H4-d54063c45a02,GBPUSD,H4,SHORT,Trend+Momentum+Volatility
GBPUSD_H4_246,1,SQX-GBPUSD-H4-d54df9ddd440,GBPUSD,H4,LONG,Trend+Momentum+Volatility
GBPUSD_H4_247,1,SQX-GBPUSD-H4-d75d7b80d593,GBPUSD,H4,LONG,Trend+Volatility+Structure
GBPUSD_H4_248,1,SQX-GBPUSD-H4-d7b142022601,GBPUSD,H4,LONG,Trend+Momentum
GBPUSD_H4_249,1,SQX-GBPUSD-H4-d7ee871baad2,GBPUSD,H4,LONG,Trend+Momentum
GBPUSD_H4_250,1,SQX-GBPUSD-H4-da71e1ff5024,GBPUSD,H4,LONG,Momentum+Volatility
GBPUSD_H4_251,1,SQX-GBPUSD-H4-def655ccb6eb,GBPUSD,H4,SHORT,Momentum+Volatility+Structure
GBPUSD_H4_252,1,SQX-GBPUSD-H4-e0295df60645,GBPUSD,H4,SHORT,Volatility+Structure
GBPUSD_H4_253,1,SQX-GBPUSD-H4-e071d308267f,GBPUSD,H4,SHORT,Volatility+Structure
GBPUSD_H4_254,1,SQX-GBPUSD-H4-e20455e88906,GBPUSD,H4,SHORT,Trend
GBPUSD_H4_255,1,SQX-GBPUSD-H4-e23d836b4312,GBPUSD,H4,LONG,Trend+Volatility+Structure
GBPUSD_H4_256,1,SQX-GBPUSD-H4-e26e16908e5f,GBPUSD,H4,LONG,Volatility+Structure
GBPUSD_H4_257,1,SQX-GBPUSD-H4-e3455a820d0b,GBPUSD,H4,LONG,Trend+Momentum+Volatility
GBPUSD_H4_258,1,SQX-GBPUSD-H4-e4c0087558b7,GBPUSD,H4,LONG,Trend+Structure
GBPUSD_H4_259,1,SQX-GBPUSD-H4-e6c42fb4a523,GBPUSD,H4,SHORT,Volatility+Structure
GBPUSD_H4_260,1,SQX-GBPUSD-H4-e84ebd70f1ba,GBPUSD,H4,SHORT,Trend+Volatility
GBPUSD_H4_261,1,SQX-GBPUSD-H4-e8da118139bc,GBPUSD,H4,LONG,Trend+Structure
GBPUSD_H4_262,1,SQX-GBPUSD-H4-eae72d6ffa7b,GBPUSD,H4,SHORT,Momentum+Volatility+Structure
GBPUSD_H4_263,1,SQX-GBPUSD-H4-eb64dd15b5d4,GBPUSD,H4,LONG,Trend+Structure
GBPUSD_H4_264,1,SQX-GBPUSD-H4-eb7ec708b93c,GBPUSD,H4,LONG,Trend+Momentum
GBPUSD_H4_265,1,SQX-GBPUSD-H4-ebe092cae4a5,GBPUSD,H4,SHORT,Volatility
GBPUSD_H4_266,1,SQX-GBPUSD-H4-ee14e515c630,GBPUSD,H4,SHORT,Trend+Structure
GBPUSD_H4_267,1,SQX-GBPUSD-H4-ef52d282d105,GBPUSD,H4,SHORT,Momentum+Volatility
GBPUSD_H4_268,1,SQX-GBPUSD-H4-f0f30296a582,GBPUSD,H4,LONG,Momentum+Structure
GBPUSD_H4_269,1,SQX-GBPUSD-H4-f1adc2d64bc7,GBPUSD,H4,LONG,Trend+Momentum+Structure
GBPUSD_H4_270,1,SQX-GBPUSD-H4-f2a117373b2e,GBPUSD,H4,LONG,Trend+Momentum+Volatility
GBPUSD_H4_271,1,SQX-GBPUSD-H4-f4b71238b944,GBPUSD,H4,LONG,Trend+Momentum
GBPUSD_H4_272,1,SQX-GBPUSD-H4-f67b9a989e1e,GBPUSD,H4,SHORT,Trend+Volatility
GBPUSD_H4_273,1,SQX-GBPUSD-H4-f69e08b890b8,GBPUSD,H4,LONG,Trend+Momentum+Structure
GBPUSD_H4_274,1,SQX-GBPUSD-H4-f7f3b8059aa3,GBPUSD,H4,LONG,Trend+Momentum+Structure
GBPUSD_H4_275,1,SQX-GBPUSD-H4-f82ddf8974cc,GBPUSD,H4,LONG,Trend+Momentum+Structure
GBPUSD_H4_276,1,SQX-GBPUSD-H4-f845361e30d8,GBPUSD,H4,SHORT,Momentum+Structure
GBPUSD_H4_277,1,SQX-GBPUSD-H4-f8a5a814e418,GBPUSD,H4,LONG,Momentum+Volatility
GBPUSD_H4_278,1,SQX-GBPUSD-H4-fb6d0a5ea604,GBPUSD,H4,SHORT,Momentum+Structure
GBPUSD_H4_279,1,SQX-GBPUSD-H4-fdb9a25cce99,GBPUSD,H4,LONG,Trend+Momentum+Structure
GBPUSD_H4_280,1,SQX-GBPUSD-H4-fdda6da3a1b1,GBPUSD,H4,LONG,Momentum+Structure
GBPUSD_H4_281,1,SQX-GBPUSD-H4-fe875e42e048,GBPUSD,H4,SHORT,Momentum+Volatility+Structure
GBPUSD_H4_282,1,SQX-GBPUSD-H4-fed18b8516c2,GBPUSD,H4,LONG,Trend+Momentum+Structure
GBPUSD_H4_283,1,SQX-GBPUSD-H4-ff6bc2820fad,GBPUSD,H4,LONG,Trend+Momentum+Structure
GBPUSD_H4_284,1,SQX-GBPUSD-H4-ffa4f4a8b943,GBPUSD,H4,LONG,Trend+Momentum+Structure
GBPUSD_M15_1,14,SQX-GBPUSD-M15-0967899b3aa2,GBPUSD,M15,SHORT,Trend+Momentum
GBPUSD_M15_1,14,SQX-GBPUSD-M15-1c620d99cb30,GBPUSD,M15,SHORT,Momentum+Volatility
GBPUSD_M15_1,14,SQX-GBPUSD-M15-3767f30e8cf3,GBPUSD,M15,SHORT,Trend+Momentum+Volatility
GBPUSD_M15_1,14,SQX-GBPUSD-M15-4cc2f06efc74,GBPUSD,M15,SHORT,Trend+Momentum
GBPUSD_M15_1,14,SQX-GBPUSD-M15-5128931c20f5,GBPUSD,M15,SHORT,Trend+Momentum+Volatility
GBPUSD_M15_1,14,SQX-GBPUSD-M15-57f8324d8e94,GBPUSD,M15,SHORT,Momentum+Volatility
GBPUSD_M15_1,14,SQX-GBPUSD-M15-983c8ff37ce7,GBPUSD,M15,SHORT,Trend+Momentum
GBPUSD_M15_1,14,SQX-GBPUSD-M15-a472fc16a9b9,GBPUSD,M15,SHORT,Momentum+Volatility+Structure
GBPUSD_M15_1,14,SQX-GBPUSD-M15-ad7fc2bc0146,GBPUSD,M15,SHORT,Trend+Momentum
GBPUSD_M15_1,14,SQX-GBPUSD-M15-b460478ff676,GBPUSD,M15,SHORT,Trend+Momentum
GBPUSD_M15_1,14,SQX-GBPUSD-M15-bcf36ad86144,GBPUSD,M15,SHORT,Trend+Momentum+Structure
GBPUSD_M15_1,14,SQX-GBPUSD-M15-cce5afe86741,GBPUSD,M15,SHORT,Momentum+Structure
GBPUSD_M15_1,14,SQX-GBPUSD-M15-e14ad303cc49,GBPUSD,M15,SHORT,Momentum
GBPUSD_M15_1,14,SQX-GBPUSD-M15-eda678322f42,GBPUSD,M15,SHORT,Momentum+Volatility
GBPUSD_M15_2,13,SQX-GBPUSD-M15-0a4c54dde68a,GBPUSD,M15,SHORT,Trend+Momentum+Structure
GBPUSD_M15_2,13,SQX-GBPUSD-M15-1c3c11476e14,GBPUSD,M15,SHORT,Trend+Momentum+Volatility
GBPUSD_M15_2,13,SQX-GBPUSD-M15-68a242c78dc0,GBPUSD,M15,SHORT,Trend+Momentum
GBPUSD_M15_2,13,SQX-GBPUSD-M15-a744f7afbc35,GBPUSD,M15,SHORT,Trend+Momentum+Structure
GBPUSD_M15_2,13,SQX-GBPUSD-M15-a7d5f5ca2dae,GBPUSD,M15,SHORT,Momentum+Structure
GBPUSD_M15_2,13,SQX-GBPUSD-M15-aef34d57d874,GBPUSD,M15,SHORT,Trend+Momentum
GBPUSD_M15_2,13,SQX-GBPUSD-M15-cb8d9df9197e,GBPUSD,M15,SHORT,Momentum+Volatility
GBPUSD_M15_2,13,SQX-GBPUSD-M15-df342dae8369,GBPUSD,M15,SHORT,Momentum+Structure
GBPUSD_M15_2,13,SQX-GBPUSD-M15-e39606e54fee,GBPUSD,M15,SHORT,Momentum
GBPUSD_M15_2,13,SQX-GBPUSD-M15-ef8623153e10,GBPUSD,M15,SHORT,Momentum+Structure
GBPUSD_M15_2,13,SQX-GBPUSD-M15-f1ddfe6469ed,GBPUSD,M15,SHORT,Trend+Momentum
GBPUSD_M15_2,13,SQX-GBPUSD-M15-f659a4e352ac,GBPUSD,M15,SHORT,Trend+Momentum
GBPUSD_M15_2,13,SQX-GBPUSD-M15-fb04ce605d2d,GBPUSD,M15,SHORT,Trend+Momentum+Structure
GBPUSD_M15_3,3,SQX-GBPUSD-M15-3dc329f967f1,GBPUSD,M15,SHORT,Trend+Momentum+Structure
GBPUSD_M15_3,3,SQX-GBPUSD-M15-9adffcf199ac,GBPUSD,M15,SHORT,Trend+Momentum+Volatility
GBPUSD_M15_3,3,SQX-GBPUSD-M15-bddf36d0b9d1,GBPUSD,M15,SHORT,Trend+Momentum+Volatility
GBPUSD_M15_4,2,SQX-GBPUSD-M15-073654d2bf5d,GBPUSD,M15,SHORT,Momentum+Structure
GBPUSD_M15_4,2,SQX-GBPUSD-M15-cbaf3c1c15d1,GBPUSD,M15,SHORT,Trend+Momentum+Structure
GBPUSD_M15_5,2,SQX-GBPUSD-M15-07c437ab57dd,GBPUSD,M15,SHORT,Trend+Momentum+Structure
GBPUSD_M15_5,2,SQX-GBPUSD-M15-a6d2de0d2faa,GBPUSD,M15,SHORT,Trend+Momentum
GBPUSD_M15_6,2,SQX-GBPUSD-M15-0eed1640cb37,GBPUSD,M15,SHORT,Momentum
GBPUSD_M15_6,2,SQX-GBPUSD-M15-fed825092f6f,GBPUSD,M15,SHORT,Trend+Momentum
GBPUSD_M15_7,2,SQX-GBPUSD-M15-34d990f3d8be,GBPUSD,M15,SHORT,Trend+Momentum+Volatility+Structure
GBPUSD_M15_7,2,SQX-GBPUSD-M15-ccf5c21e3992,GBPUSD,M15,SHORT,Trend+Momentum+Volatility
GBPUSD_M15_8,2,SQX-GBPUSD-M15-3735e5b4f553,GBPUSD,M15,SHORT,Trend+Momentum
GBPUSD_M15_8,2,SQX-GBPUSD-M15-cca0c5655f72,GBPUSD,M15,SHORT,Trend+Momentum
GBPUSD_M15_9,2,SQX-GBPUSD-M15-4fea6eabd745,GBPUSD,M15,SHORT,Momentum+Structure
GBPUSD_M15_9,2,SQX-GBPUSD-M15-9414240b479d,GBPUSD,M15,SHORT,Momentum+Structure
GBPUSD_M15_10,2,SQX-GBPUSD-M15-583dc0b33760,GBPUSD,M15,SHORT,Momentum+Structure
GBPUSD_M15_10,2,SQX-GBPUSD-M15-987fe0b6376a,GBPUSD,M15,SHORT,Momentum+Structure
GBPUSD_M15_11,2,SQX-GBPUSD-M15-5ee905ebab73,GBPUSD,M15,SHORT,Momentum+Structure
GBPUSD_M15_11,2,SQX-GBPUSD-M15-a541af6d7341,GBPUSD,M15,SHORT,Momentum
GBPUSD_M15_12,2,SQX-GBPUSD-M15-67f5e43b03ca,GBPUSD,M15,SHORT,Trend+Momentum
GBPUSD_M15_12,2,SQX-GBPUSD-M15-98dca2795559,GBPUSD,M15,SHORT,Trend+Momentum
GBPUSD_M15_13,2,SQX-GBPUSD-M15-78a16fad49fb,GBPUSD,M15,SHORT,Trend+Momentum+Structure
GBPUSD_M15_13,2,SQX-GBPUSD-M15-8516b2d62a3d,GBPUSD,M15,SHORT,Trend+Momentum
GBPUSD_M15_14,2,SQX-GBPUSD-M15-8f22601bf17b,GBPUSD,M15,SHORT,Trend+Momentum+Volatility
GBPUSD_M15_14,2,SQX-GBPUSD-M15-c36a8e1a57db,GBPUSD,M15,SHORT,Trend+Momentum
GBPUSD_M15_15,2,SQX-GBPUSD-M15-a770896a4595,GBPUSD,M15,SHORT,Trend+Momentum+Volatility
GBPUSD_M15_15,2,SQX-GBPUSD-M15-e1d247b020a4,GBPUSD,M15,SHORT,Momentum+Structure
GBPUSD_M15_16,2,SQX-GBPUSD-M15-c0b531924d6f,GBPUSD,M15,SHORT,Trend+Momentum
GBPUSD_M15_16,2,SQX-GBPUSD-M15-f8eff8abab92,GBPUSD,M15,SHORT,Trend+Momentum+Volatility
GBPUSD_M15_17,1,SQX-GBPUSD-M15-0246ff594f28,GBPUSD,M15,SHORT,Trend+Momentum+Structure
GBPUSD_M15_18,1,SQX-GBPUSD-M15-032122a09f25,GBPUSD,M15,SHORT,Trend+Momentum+Volatility+Structure
GBPUSD_M15_19,1,SQX-GBPUSD-M15-0714aafb4a32,GBPUSD,M15,SHORT,Structure
GBPUSD_M15_20,1,SQX-GBPUSD-M15-07d7d3648517,GBPUSD,M15,LONG,Trend+Momentum+Structure
GBPUSD_M15_21,1,SQX-GBPUSD-M15-086c40128d39,GBPUSD,M15,SHORT,Trend+Volatility+Structure
GBPUSD_M15_22,1,SQX-GBPUSD-M15-0a38a3ed405a,GBPUSD,M15,SHORT,Momentum+Structure
GBPUSD_M15_23,1,SQX-GBPUSD-M15-0aececb07798,GBPUSD,M15,SHORT,Trend+Structure
GBPUSD_M15_24,1,SQX-GBPUSD-M15-0de5082b5474,GBPUSD,M15,SHORT,Trend+Momentum
GBPUSD_M15_25,1,SQX-GBPUSD-M15-0e190c3f03e4,GBPUSD,M15,LONG,Trend+Volatility
GBPUSD_M15_26,1,SQX-GBPUSD-M15-136bd627ab14,GBPUSD,M15,SHORT,Trend+Volatility+Structure
GBPUSD_M15_27,1,SQX-GBPUSD-M15-145fab1abbc7,GBPUSD,M15,SHORT,Trend+Momentum
GBPUSD_M15_28,1,SQX-GBPUSD-M15-173099fc0d73,GBPUSD,M15,SHORT,Trend+Momentum+Structure
GBPUSD_M15_29,1,SQX-GBPUSD-M15-1aa1f6ce6eec,GBPUSD,M15,SHORT,Trend+Momentum
GBPUSD_M15_30,1,SQX-GBPUSD-M15-1eebb34f53ca,GBPUSD,M15,SHORT,Trend+Momentum+Structure
GBPUSD_M15_31,1,SQX-GBPUSD-M15-22e5b1d45949,GBPUSD,M15,LONG,Trend+Momentum
GBPUSD_M15_32,1,SQX-GBPUSD-M15-263c3b03a972,GBPUSD,M15,LONG,Trend+Momentum
GBPUSD_M15_33,1,SQX-GBPUSD-M15-27bf9daffdee,GBPUSD,M15,SHORT,Momentum+Volatility
GBPUSD_M15_34,1,SQX-GBPUSD-M15-284e8402be86,GBPUSD,M15,LONG,Trend+Momentum
GBPUSD_M15_35,1,SQX-GBPUSD-M15-2b3192a76eb8,GBPUSD,M15,SHORT,Trend+Volatility+Structure
GBPUSD_M15_36,1,SQX-GBPUSD-M15-2bf8e4c14cdf,GBPUSD,M15,LONG,Momentum+Volatility+Structure
GBPUSD_M15_37,1,SQX-GBPUSD-M15-377facfd1627,GBPUSD,M15,LONG,Momentum+Volatility+Structure
GBPUSD_M15_38,1,SQX-GBPUSD-M15-380e88db1bb4,GBPUSD,M15,SHORT,Trend+Momentum
GBPUSD_M15_39,1,SQX-GBPUSD-M15-429a88e0f440,GBPUSD,M15,SHORT,Trend+Momentum
GBPUSD_M15_40,1,SQX-GBPUSD-M15-4502e4cbbd66,GBPUSD,M15,SHORT,Momentum+Structure
GBPUSD_M15_41,1,SQX-GBPUSD-M15-485ce9a37739,GBPUSD,M15,SHORT,Trend+Momentum
GBPUSD_M15_42,1,SQX-GBPUSD-M15-4c18cb358226,GBPUSD,M15,LONG,Momentum+Volatility+Structure
GBPUSD_M15_43,1,SQX-GBPUSD-M15-4ea24262c100,GBPUSD,M15,SHORT,Trend+Momentum+Structure
GBPUSD_M15_44,1,SQX-GBPUSD-M15-507161c95316,GBPUSD,M15,SHORT,Trend+Momentum
GBPUSD_M15_45,1,SQX-GBPUSD-M15-534a395007c9,GBPUSD,M15,SHORT,Trend+Momentum
GBPUSD_M15_46,1,SQX-GBPUSD-M15-58a64e782e32,GBPUSD,M15,SHORT,Volatility+Structure
GBPUSD_M15_47,1,SQX-GBPUSD-M15-5b005b0b3a76,GBPUSD,M15,SHORT,Trend+Momentum
GBPUSD_M15_48,1,SQX-GBPUSD-M15-5d0cabf443b1,GBPUSD,M15,SHORT,Trend+Momentum
GBPUSD_M15_49,1,SQX-GBPUSD-M15-663a829e1d6c,GBPUSD,M15,SHORT,Trend+Momentum+Structure
GBPUSD_M15_50,1,SQX-GBPUSD-M15-6646ebaadb94,GBPUSD,M15,SHORT,Trend+Momentum+Structure
GBPUSD_M15_51,1,SQX-GBPUSD-M15-6cd6ba719b8c,GBPUSD,M15,SHORT,Momentum+Structure
GBPUSD_M15_52,1,SQX-GBPUSD-M15-70e7fee6a946,GBPUSD,M15,SHORT,Trend+Momentum
GBPUSD_M15_53,1,SQX-GBPUSD-M15-78d4c39087df,GBPUSD,M15,SHORT,Momentum+Structure
GBPUSD_M15_54,1,SQX-GBPUSD-M15-7c8edf949a50,GBPUSD,M15,SHORT,Trend+Momentum
GBPUSD_M15_55,1,SQX-GBPUSD-M15-8033cd0f4d6f,GBPUSD,M15,SHORT,Trend+Momentum+Volatility
GBPUSD_M15_56,1,SQX-GBPUSD-M15-80be6089d2a9,GBPUSD,M15,SHORT,Trend+Momentum+Volatility
GBPUSD_M15_57,1,SQX-GBPUSD-M15-85eb65bb1572,GBPUSD,M15,SHORT,Trend+Momentum
GBPUSD_M15_58,1,SQX-GBPUSD-M15-9294af3400f9,GBPUSD,M15,SHORT,Momentum
GBPUSD_M15_59,1,SQX-GBPUSD-M15-9433a47d8094,GBPUSD,M15,SHORT,Momentum+Volatility+Structure
GBPUSD_M15_60,1,SQX-GBPUSD-M15-986112e138b3,GBPUSD,M15,LONG,Trend+Volatility+Structure
GBPUSD_M15_61,1,SQX-GBPUSD-M15-9e29d9d79233,GBPUSD,M15,SHORT,Trend+Momentum+Volatility
GBPUSD_M15_62,1,SQX-GBPUSD-M15-9f467c10f3f2,GBPUSD,M15,SHORT,Momentum+Volatility+Structure
GBPUSD_M15_63,1,SQX-GBPUSD-M15-acdc8a4e32c2,GBPUSD,M15,SHORT,Momentum+Volatility
GBPUSD_M15_64,1,SQX-GBPUSD-M15-ad9ca9ad3e1e,GBPUSD,M15,SHORT,Trend+Momentum
GBPUSD_M15_65,1,SQX-GBPUSD-M15-b6201884666c,GBPUSD,M15,SHORT,Structure
GBPUSD_M15_66,1,SQX-GBPUSD-M15-b68df5bbe537,GBPUSD,M15,SHORT,Momentum
GBPUSD_M15_67,1,SQX-GBPUSD-M15-bb96b7956aaa,GBPUSD,M15,SHORT,Trend+Momentum
GBPUSD_M15_68,1,SQX-GBPUSD-M15-bd404db3d0f3,GBPUSD,M15,SHORT,Trend+Momentum
GBPUSD_M15_69,1,SQX-GBPUSD-M15-c53a47781eeb,GBPUSD,M15,SHORT,Momentum+Structure
GBPUSD_M15_70,1,SQX-GBPUSD-M15-c94b85b5066e,GBPUSD,M15,SHORT,Trend+Momentum+Volatility+Structure
GBPUSD_M15_71,1,SQX-GBPUSD-M15-cb65587b877a,GBPUSD,M15,LONG,Volatility+Structure
GBPUSD_M15_72,1,SQX-GBPUSD-M15-cb997b74dd2c,GBPUSD,M15,SHORT,Trend+Momentum
GBPUSD_M15_73,1,SQX-GBPUSD-M15-cd36ae57e3e3,GBPUSD,M15,SHORT,Trend+Momentum
GBPUSD_M15_74,1,SQX-GBPUSD-M15-cdc718c1710e,GBPUSD,M15,SHORT,Trend+Momentum+Volatility+Structure
GBPUSD_M15_75,1,SQX-GBPUSD-M15-d12452d47cdc,GBPUSD,M15,SHORT,Momentum+Structure
GBPUSD_M15_76,1,SQX-GBPUSD-M15-d752511cb439,GBPUSD,M15,SHORT,Trend+Momentum+Structure
GBPUSD_M15_77,1,SQX-GBPUSD-M15-dd980e8d1688,GBPUSD,M15,LONG,Momentum+Structure
GBPUSD_M15_78,1,SQX-GBPUSD-M15-e8fcd73fc2eb,GBPUSD,M15,SHORT,Trend+Momentum
GBPUSD_M15_79,1,SQX-GBPUSD-M15-ea177b862d87,GBPUSD,M15,LONG,Trend+Volatility+Structure
GBPUSD_M15_80,1,SQX-GBPUSD-M15-ed3ecd1043c3,GBPUSD,M15,SHORT,Trend+Momentum
GBPUSD_M15_81,1,SQX-GBPUSD-M15-f2f158e6e1b9,GBPUSD,M15,SHORT,Momentum+Volatility+Structure
GBPUSD_M15_82,1,SQX-GBPUSD-M15-f477c4d078f4,GBPUSD,M15,SHORT,Momentum+Volatility+Structure
GBPUSD_M15_83,1,SQX-GBPUSD-M15-f84ad56eca8d,GBPUSD,M15,SHORT,Momentum+Volatility+Structure
GBPUSD_M15_84,1,SQX-GBPUSD-M15-fa31bef3db96,GBPUSD,M15,SHORT,Momentum+Structure
GBPUSD_M15_85,1,SQX-GBPUSD-M15-fa789dc04272,GBPUSD,M15,LONG,Trend+Momentum+Volatility
GBPUSD_M15_86,1,SQX-GBPUSD-M15-fd129ba0bbe4,GBPUSD,M15,LONG,Trend+Momentum
GBPUSD_M15_87,1,SQX-GBPUSD-M15-feb1123fa957,GBPUSD,M15,SHORT,Trend+Momentum
NZDUSD_H1_1,1,SQX-NZDUSD-H1-804ce5da5b7f,NZDUSD,H1,LONG,Trend+Volatility+Structure
NZDUSD_H1_2,1,SQX-NZDUSD-H1-caebfc4a9768,NZDUSD,H1,SHORT,Volatility
NZDUSD_H1_3,1,SQX-NZDUSD-H1-fae841cf010d,NZDUSD,H1,LONG,Trend+Structure
NZDUSD_H4_1,9,SQX-NZDUSD-H4-0353ae6465fb,NZDUSD,H4,LONG,Trend+Volatility+Structure
NZDUSD_H4_1,9,SQX-NZDUSD-H4-3cb29451a1d4,NZDUSD,H4,LONG,Trend+Structure
NZDUSD_H4_1,9,SQX-NZDUSD-H4-5803b084df37,NZDUSD,H4,LONG,Trend+Momentum+Structure
NZDUSD_H4_1,9,SQX-NZDUSD-H4-642e53f8a37e,NZDUSD,H4,LONG,Trend+Momentum+Structure
NZDUSD_H4_1,9,SQX-NZDUSD-H4-7c9ec76ca458,NZDUSD,H4,LONG,Trend+Momentum+Structure
NZDUSD_H4_1,9,SQX-NZDUSD-H4-a54b977987a8,NZDUSD,H4,LONG,Trend+Momentum+Structure
NZDUSD_H4_1,9,SQX-NZDUSD-H4-b3e9d70c3d76,NZDUSD,H4,LONG,Trend+Momentum+Structure
NZDUSD_H4_1,9,SQX-NZDUSD-H4-c7a5e0591f45,NZDUSD,H4,LONG,Trend+Structure
NZDUSD_H4_1,9,SQX-NZDUSD-H4-fbba1ae497f0,NZDUSD,H4,LONG,Trend+Structure
NZDUSD_H4_2,8,SQX-NZDUSD-H4-1c2577ba22e3,NZDUSD,H4,LONG,Trend+Momentum
NZDUSD_H4_2,8,SQX-NZDUSD-H4-1e0457b4fe39,NZDUSD,H4,LONG,Trend
NZDUSD_H4_2,8,SQX-NZDUSD-H4-657fba1125c7,NZDUSD,H4,LONG,Trend
NZDUSD_H4_2,8,SQX-NZDUSD-H4-8564f9562f7a,NZDUSD,H4,LONG,Trend
NZDUSD_H4_2,8,SQX-NZDUSD-H4-aa846bc34aa7,NZDUSD,H4,LONG,Trend
NZDUSD_H4_2,8,SQX-NZDUSD-H4-b2ade8ec3548,NZDUSD,H4,LONG,Trend
NZDUSD_H4_2,8,SQX-NZDUSD-H4-c1d27b7987b9,NZDUSD,H4,LONG,Trend
NZDUSD_H4_2,8,SQX-NZDUSD-H4-e5a49a52336a,NZDUSD,H4,LONG,Trend
NZDUSD_H4_3,6,SQX-NZDUSD-H4-093b539c9a36,NZDUSD,H4,LONG,Trend+Structure
NZDUSD_H4_3,6,SQX-NZDUSD-H4-76871499b397,NZDUSD,H4,LONG,Trend+Structure
NZDUSD_H4_3,6,SQX-NZDUSD-H4-9d51232f7912,NZDUSD,H4,LONG,Trend+Momentum+Volatility+Structure
NZDUSD_H4_3,6,SQX-NZDUSD-H4-cca6e00d25ab,NZDUSD,H4,LONG,Trend+Structure
NZDUSD_H4_3,6,SQX-NZDUSD-H4-e5d58d092541,NZDUSD,H4,LONG,Trend+Structure
NZDUSD_H4_3,6,SQX-NZDUSD-H4-f3e25fe32355,NZDUSD,H4,LONG,Trend+Structure
NZDUSD_H4_4,6,SQX-NZDUSD-H4-1fc130695759,NZDUSD,H4,LONG,Trend+Structure
NZDUSD_H4_4,6,SQX-NZDUSD-H4-88b5d858e3b3,NZDUSD,H4,LONG,Trend+Momentum+Structure
NZDUSD_H4_4,6,SQX-NZDUSD-H4-93fe90f87e46,NZDUSD,H4,LONG,Trend+Volatility+Structure
NZDUSD_H4_4,6,SQX-NZDUSD-H4-c9b30b8b3202,NZDUSD,H4,LONG,Trend+Momentum+Structure
NZDUSD_H4_4,6,SQX-NZDUSD-H4-d5e5d90d8f97,NZDUSD,H4,LONG,Trend+Momentum+Structure
NZDUSD_H4_4,6,SQX-NZDUSD-H4-e5b4e621043f,NZDUSD,H4,LONG,Trend+Momentum+Structure
NZDUSD_H4_5,4,SQX-NZDUSD-H4-0e0199cba2c3,NZDUSD,H4,LONG,Trend+Momentum+Volatility
NZDUSD_H4_5,4,SQX-NZDUSD-H4-78aff9e71f6e,NZDUSD,H4,LONG,Trend+Momentum+Volatility
NZDUSD_H4_5,4,SQX-NZDUSD-H4-a66da370c20f,NZDUSD,H4,LONG,Trend+Momentum+Volatility
NZDUSD_H4_5,4,SQX-NZDUSD-H4-aca28c03c84b,NZDUSD,H4,LONG,Trend+Momentum+Volatility
NZDUSD_H4_6,3,SQX-NZDUSD-H4-38c674cea0b5,NZDUSD,H4,LONG,Trend
NZDUSD_H4_6,3,SQX-NZDUSD-H4-f16373159336,NZDUSD,H4,LONG,Trend
NZDUSD_H4_6,3,SQX-NZDUSD-H4-f9e5fadc30f4,NZDUSD,H4,LONG,Trend
NZDUSD_H4_7,3,SQX-NZDUSD-H4-63170d817fdf,NZDUSD,H4,LONG,Trend+Structure
NZDUSD_H4_7,3,SQX-NZDUSD-H4-a5e13e70ac3b,NZDUSD,H4,LONG,Trend+Structure
NZDUSD_H4_7,3,SQX-NZDUSD-H4-f3d6ad5ad23e,NZDUSD,H4,LONG,Trend+Structure
NZDUSD_H4_8,2,SQX-NZDUSD-H4-06e118b2fc6c,NZDUSD,H4,LONG,Trend+Momentum+Structure
NZDUSD_H4_8,2,SQX-NZDUSD-H4-f89694fca597,NZDUSD,H4,LONG,Trend+Momentum+Structure
NZDUSD_H4_9,2,SQX-NZDUSD-H4-0a98c4a0e93b,NZDUSD,H4,LONG,Trend+Momentum+Volatility
NZDUSD_H4_9,2,SQX-NZDUSD-H4-53a5eccf2f98,NZDUSD,H4,LONG,Trend+Momentum+Volatility
NZDUSD_H4_10,2,SQX-NZDUSD-H4-2352efa5be45,NZDUSD,H4,LONG,Structure
NZDUSD_H4_10,2,SQX-NZDUSD-H4-3007852e1ad7,NZDUSD,H4,LONG,Structure
NZDUSD_H4_11,2,SQX-NZDUSD-H4-5c222616e818,NZDUSD,H4,LONG,Volatility+Structure
NZDUSD_H4_11,2,SQX-NZDUSD-H4-833ad4dfab9c,NZDUSD,H4,LONG,Volatility+Structure
NZDUSD_H4_12,2,SQX-NZDUSD-H4-720358c61e4b,NZDUSD,H4,LONG,Structure
NZDUSD_H4_12,2,SQX-NZDUSD-H4-eee9cec32422,NZDUSD,H4,LONG,Structure
NZDUSD_H4_13,2,SQX-NZDUSD-H4-76ac8b31ebd5,NZDUSD,H4,LONG,Trend+Structure
NZDUSD_H4_13,2,SQX-NZDUSD-H4-e84938cd013c,NZDUSD,H4,LONG,Trend+Structure
NZDUSD_H4_14,2,SQX-NZDUSD-H4-972f293a0faa,NZDUSD,H4,LONG,Trend+Momentum+Structure
NZDUSD_H4_14,2,SQX-NZDUSD-H4-eb1b6b8d2ec4,NZDUSD,H4,LONG,Trend+Structure
NZDUSD_H4_15,2,SQX-NZDUSD-H4-9cdfc2054ba5,NZDUSD,H4,LONG,Trend+Momentum+Volatility
NZDUSD_H4_15,2,SQX-NZDUSD-H4-f669ca502274,NZDUSD,H4,LONG,Trend+Volatility
NZDUSD_H4_16,2,SQX-NZDUSD-H4-a999a350c8b6,NZDUSD,H4,LONG,Trend+Momentum+Volatility
NZDUSD_H4_16,2,SQX-NZDUSD-H4-d9937552864a,NZDUSD,H4,LONG,Trend+Volatility
NZDUSD_H4_17,1,SQX-NZDUSD-H4-054b2eadf234,NZDUSD,H4,LONG,Trend+Volatility+Structure
NZDUSD_H4_18,1,SQX-NZDUSD-H4-060964884b15,NZDUSD,H4,LONG,Volatility+Structure
NZDUSD_H4_19,1,SQX-NZDUSD-H4-06dfc7312506,NZDUSD,H4,LONG,Trend+Momentum
NZDUSD_H4_20,1,SQX-NZDUSD-H4-078bf2c50442,NZDUSD,H4,LONG,Trend+Volatility
NZDUSD_H4_21,1,SQX-NZDUSD-H4-0e522a76bd6c,NZDUSD,H4,LONG,Trend+Structure
NZDUSD_H4_22,1,SQX-NZDUSD-H4-1577536724fb,NZDUSD,H4,SHORT,Momentum+Volatility
NZDUSD_H4_23,1,SQX-NZDUSD-H4-1874eb758162,NZDUSD,H4,LONG,Trend+Momentum+Structure
NZDUSD_H4_24,1,SQX-NZDUSD-H4-1d699c4bd1be,NZDUSD,H4,LONG,Momentum+Volatility
NZDUSD_H4_25,1,SQX-NZDUSD-H4-215bb3cdbbf3,NZDUSD,H4,LONG,Trend+Momentum
NZDUSD_H4_26,1,SQX-NZDUSD-H4-2a2cd5141a80,NZDUSD,H4,LONG,Trend+Volatility
NZDUSD_H4_27,1,SQX-NZDUSD-H4-316ce6c20c37,NZDUSD,H4,LONG,Trend+Momentum+Structure
NZDUSD_H4_28,1,SQX-NZDUSD-H4-372d503b1dea,NZDUSD,H4,LONG,Trend+Momentum
NZDUSD_H4_29,1,SQX-NZDUSD-H4-3774fd526764,NZDUSD,H4,LONG,Trend+Volatility+Structure
NZDUSD_H4_30,1,SQX-NZDUSD-H4-3a62a8a86614,NZDUSD,H4,LONG,Momentum+Structure
NZDUSD_H4_31,1,SQX-NZDUSD-H4-3ea5b0a42edb,NZDUSD,H4,LONG,Trend+Momentum+Structure
NZDUSD_H4_32,1,SQX-NZDUSD-H4-46da417e0573,NZDUSD,H4,LONG,Momentum+Structure
NZDUSD_H4_33,1,SQX-NZDUSD-H4-4afaa1d90eab,NZDUSD,H4,LONG,Trend+Structure
NZDUSD_H4_34,1,SQX-NZDUSD-H4-4b6a92f09de4,NZDUSD,H4,LONG,Trend+Momentum+Structure
NZDUSD_H4_35,1,SQX-NZDUSD-H4-4c9ecbee095a,NZDUSD,H4,LONG,Trend+Structure
NZDUSD_H4_36,1,SQX-NZDUSD-H4-523876129cd2,NZDUSD,H4,LONG,Trend+Volatility+Structure
NZDUSD_H4_37,1,SQX-NZDUSD-H4-53f26a8724aa,NZDUSD,H4,LONG,Trend+Structure
NZDUSD_H4_38,1,SQX-NZDUSD-H4-56e53bf0e0ed,NZDUSD,H4,SHORT,Volatility+Structure
NZDUSD_H4_39,1,SQX-NZDUSD-H4-585303a349e0,NZDUSD,H4,LONG,Momentum+Structure
NZDUSD_H4_40,1,SQX-NZDUSD-H4-6606804f853a,NZDUSD,H4,LONG,Momentum+Structure
NZDUSD_H4_41,1,SQX-NZDUSD-H4-6bda27db46f4,NZDUSD,H4,LONG,Trend+Momentum+Volatility
NZDUSD_H4_42,1,SQX-NZDUSD-H4-72357b006b8c,NZDUSD,H4,LONG,Trend+Momentum+Volatility+Structure
NZDUSD_H4_43,1,SQX-NZDUSD-H4-784007b3d530,NZDUSD,H4,LONG,Trend+Momentum+Structure
NZDUSD_H4_44,1,SQX-NZDUSD-H4-7c1633edf9e0,NZDUSD,H4,LONG,Momentum+Structure
NZDUSD_H4_45,1,SQX-NZDUSD-H4-7e4ce20bdfb6,NZDUSD,H4,LONG,Trend+Momentum+Structure
NZDUSD_H4_46,1,SQX-NZDUSD-H4-819403bb7420,NZDUSD,H4,LONG,Trend+Volatility+Structure
NZDUSD_H4_47,1,SQX-NZDUSD-H4-8310b10a820d,NZDUSD,H4,LONG,Trend+Momentum+Volatility+Structure
NZDUSD_H4_48,1,SQX-NZDUSD-H4-84948748a507,NZDUSD,H4,LONG,Trend+Volatility+Structure
NZDUSD_H4_49,1,SQX-NZDUSD-H4-8763e7043ed9,NZDUSD,H4,LONG,Trend+Momentum+Structure
NZDUSD_H4_50,1,SQX-NZDUSD-H4-883800047d8b,NZDUSD,H4,LONG,Trend+Momentum+Volatility
NZDUSD_H4_51,1,SQX-NZDUSD-H4-89ab48a9dc64,NZDUSD,H4,LONG,Momentum+Structure
NZDUSD_H4_52,1,SQX-NZDUSD-H4-8e034ff65cef,NZDUSD,H4,LONG,Trend+Momentum+Structure
NZDUSD_H4_53,1,SQX-NZDUSD-H4-9c39848392a8,NZDUSD,H4,LONG,Momentum+Structure
NZDUSD_H4_54,1,SQX-NZDUSD-H4-a152a3cd7198,NZDUSD,H4,LONG,Trend+Volatility+Structure
NZDUSD_H4_55,1,SQX-NZDUSD-H4-a39f454ccb8b,NZDUSD,H4,LONG,Trend+Structure
NZDUSD_H4_56,1,SQX-NZDUSD-H4-a5e35f8ed812,NZDUSD,H4,SHORT,Momentum+Volatility
NZDUSD_H4_57,1,SQX-NZDUSD-H4-ac850c6658d3,NZDUSD,H4,LONG,Trend+Momentum+Volatility+Structure
NZDUSD_H4_58,1,SQX-NZDUSD-H4-ae291660fd0a,NZDUSD,H4,LONG,Trend+Momentum+Structure
NZDUSD_H4_59,1,SQX-NZDUSD-H4-b212ae0185ac,NZDUSD,H4,LONG,Trend+Momentum
NZDUSD_H4_60,1,SQX-NZDUSD-H4-b474107b0acf,NZDUSD,H4,LONG,Momentum+Structure
NZDUSD_H4_61,1,SQX-NZDUSD-H4-b5b4c37f289f,NZDUSD,H4,LONG,Trend+Momentum+Volatility+Structure
NZDUSD_H4_62,1,SQX-NZDUSD-H4-b9434b4552c6,NZDUSD,H4,LONG,Trend+Momentum
NZDUSD_H4_63,1,SQX-NZDUSD-H4-bcb9864ff2ec,NZDUSD,H4,LONG,Trend+Structure
NZDUSD_H4_64,1,SQX-NZDUSD-H4-bfe5892c7101,NZDUSD,H4,SHORT,Momentum+Volatility
NZDUSD_H4_65,1,SQX-NZDUSD-H4-c32dde90c494,NZDUSD,H4,LONG,Volatility+Structure
NZDUSD_H4_66,1,SQX-NZDUSD-H4-c553e565469e,NZDUSD,H4,LONG,Trend+Volatility
NZDUSD_H4_67,1,SQX-NZDUSD-H4-cd864abd50ae,NZDUSD,H4,LONG,Momentum+Structure
NZDUSD_H4_68,1,SQX-NZDUSD-H4-d1442c0822af,NZDUSD,H4,LONG,Trend+Volatility
NZDUSD_H4_69,1,SQX-NZDUSD-H4-d24c365314fd,NZDUSD,H4,LONG,Trend+Volatility
NZDUSD_H4_70,1,SQX-NZDUSD-H4-d412afbcd28a,NZDUSD,H4,LONG,Trend+Momentum
NZDUSD_H4_71,1,SQX-NZDUSD-H4-d95640fbade1,NZDUSD,H4,LONG,Trend+Momentum+Structure
NZDUSD_H4_72,1,SQX-NZDUSD-H4-dc475d88081a,NZDUSD,H4,LONG,Momentum+Structure
NZDUSD_H4_73,1,SQX-NZDUSD-H4-e0a6844a2149,NZDUSD,H4,LONG,Momentum+Structure
NZDUSD_H4_74,1,SQX-NZDUSD-H4-e6702126e23a,NZDUSD,H4,LONG,Trend+Momentum+Volatility
NZDUSD_H4_75,1,SQX-NZDUSD-H4-ed4249b2654e,NZDUSD,H4,LONG,Trend+Structure
NZDUSD_H4_76,1,SQX-NZDUSD-H4-f118fc0035ae,NZDUSD,H4,LONG,Trend+Momentum+Volatility
NZDUSD_H4_77,1,SQX-NZDUSD-H4-f81ed83bb96d,NZDUSD,H4,LONG,Momentum+Structure
USDCAD_H1_1,2,SQX-USDCAD-H1-0bdccd3cceb3,USDCAD,H1,LONG,Trend+Momentum
USDCAD_H1_1,2,SQX-USDCAD-H1-78032cd133a7,USDCAD,H1,LONG,Trend+Momentum
USDCAD_H1_2,1,SQX-USDCAD-H1-0669697fde19,USDCAD,H1,SHORT,Momentum+Volatility
USDCAD_H1_3,1,SQX-USDCAD-H1-090063223be1,USDCAD,H1,LONG,Trend+Momentum
USDCAD_H1_4,1,SQX-USDCAD-H1-0afb0f65d127,USDCAD,H1,LONG,Trend+Momentum+Structure
USDCAD_H1_5,1,SQX-USDCAD-H1-0cbe2d5478fe,USDCAD,H1,LONG,Trend+Volatility
USDCAD_H1_6,1,SQX-USDCAD-H1-102a737959d5,USDCAD,H1,LONG,Trend+Momentum+Volatility
USDCAD_H1_7,1,SQX-USDCAD-H1-113a6baa50fe,USDCAD,H1,LONG,Trend+Structure
USDCAD_H1_8,1,SQX-USDCAD-H1-342b83b215fe,USDCAD,H1,LONG,Trend+Momentum+Volatility+Structure
USDCAD_H1_9,1,SQX-USDCAD-H1-3cf0c8822e6d,USDCAD,H1,LONG,Momentum+Volatility+Structure
USDCAD_H1_10,1,SQX-USDCAD-H1-4624e12febcd,USDCAD,H1,LONG,Trend+Structure
USDCAD_H1_11,1,SQX-USDCAD-H1-463ca719454c,USDCAD,H1,LONG,Trend+Momentum+Structure
USDCAD_H1_12,1,SQX-USDCAD-H1-4a395bf1b1a8,USDCAD,H1,LONG,Trend
USDCAD_H1_13,1,SQX-USDCAD-H1-58a283936cfa,USDCAD,H1,LONG,Trend+Momentum+Volatility
USDCAD_H1_14,1,SQX-USDCAD-H1-5e9580ca71d0,USDCAD,H1,SHORT,Momentum+Structure
USDCAD_H1_15,1,SQX-USDCAD-H1-629b3944f2cc,USDCAD,H1,LONG,Momentum+Structure
USDCAD_H1_16,1,SQX-USDCAD-H1-639d1d12e7e5,USDCAD,H1,LONG,Trend+Momentum+Structure
USDCAD_H1_17,1,SQX-USDCAD-H1-645842dc501e,USDCAD,H1,SHORT,Trend+Momentum+Volatility
USDCAD_H1_18,1,SQX-USDCAD-H1-6bcc15abebe1,USDCAD,H1,LONG,Volatility+Structure
USDCAD_H1_19,1,SQX-USDCAD-H1-71df16c25433,USDCAD,H1,LONG,Structure
USDCAD_H1_20,1,SQX-USDCAD-H1-7e615d9efa46,USDCAD,H1,LONG,Trend+Volatility+Structure
USDCAD_H1_21,1,SQX-USDCAD-H1-7ffdb30340d1,USDCAD,H1,LONG,Trend+Momentum+Volatility
USDCAD_H1_22,1,SQX-USDCAD-H1-83894a168431,USDCAD,H1,LONG,Trend+Momentum+Volatility+Structure
USDCAD_H1_23,1,SQX-USDCAD-H1-8a049aad274d,USDCAD,H1,LONG,Trend+Volatility+Structure
USDCAD_H1_24,1,SQX-USDCAD-H1-96f1f8b9767f,USDCAD,H1,LONG,Volatility+Structure
USDCAD_H1_25,1,SQX-USDCAD-H1-98cae985c87c,USDCAD,H1,LONG,Trend
USDCAD_H1_26,1,SQX-USDCAD-H1-9f00a0a66174,USDCAD,H1,LONG,Trend+Volatility+Structure
USDCAD_H1_27,1,SQX-USDCAD-H1-a088f52be587,USDCAD,H1,LONG,Trend+Volatility
USDCAD_H1_28,1,SQX-USDCAD-H1-af58cfb08b93,USDCAD,H1,SHORT,Momentum+Volatility
USDCAD_H1_29,1,SQX-USDCAD-H1-b44980ef141e,USDCAD,H1,LONG,Momentum+Volatility+Structure
USDCAD_H1_30,1,SQX-USDCAD-H1-b497f79a1a4e,USDCAD,H1,LONG,Volatility+Structure
USDCAD_H1_31,1,SQX-USDCAD-H1-b65401c86263,USDCAD,H1,LONG,Trend+Momentum+Structure
USDCAD_H1_32,1,SQX-USDCAD-H1-b686e102d9a7,USDCAD,H1,LONG,Trend+Momentum+Volatility+Structure
USDCAD_H1_33,1,SQX-USDCAD-H1-b79c0dbb0d3b,USDCAD,H1,LONG,Momentum+Volatility+Structure
USDCAD_H1_34,1,SQX-USDCAD-H1-bd7b2971668c,USDCAD,H1,LONG,Trend+Momentum+Structure
USDCAD_H1_35,1,SQX-USDCAD-H1-c23c45f96c99,USDCAD,H1,LONG,Trend+Momentum+Structure
USDCAD_H1_36,1,SQX-USDCAD-H1-c4080b553f30,USDCAD,H1,LONG,Trend+Momentum
USDCAD_H1_37,1,SQX-USDCAD-H1-c5868199f644,USDCAD,H1,SHORT,Momentum+Volatility+Structure
USDCAD_H1_38,1,SQX-USDCAD-H1-d24bbd68848b,USDCAD,H1,LONG,Trend+Momentum+Volatility+Structure
USDCAD_H1_39,1,SQX-USDCAD-H1-dbcafc74fd9b,USDCAD,H1,LONG,Momentum+Volatility+Structure
USDCAD_H1_40,1,SQX-USDCAD-H1-df0013ff8bec,USDCAD,H1,LONG,Volatility+Structure
USDCAD_H1_41,1,SQX-USDCAD-H1-e6b2e8913273,USDCAD,H1,LONG,Volatility+Structure
USDCAD_H1_42,1,SQX-USDCAD-H1-f31a65bc607d,USDCAD,H1,LONG,Trend+Momentum+Structure
USDCAD_H1_43,1,SQX-USDCAD-H1-f43c990b80f5,USDCAD,H1,LONG,Trend+Momentum+Volatility+Structure
USDCAD_H4_1,16,SQX-USDCAD-H4-0e2a56eee1bb,USDCAD,H4,SHORT,Trend+Structure
USDCAD_H4_1,16,SQX-USDCAD-H4-14ff19ec9678,USDCAD,H4,SHORT,Trend+Structure
USDCAD_H4_1,16,SQX-USDCAD-H4-1744ed5c91de,USDCAD,H4,SHORT,Trend+Structure
USDCAD_H4_1,16,SQX-USDCAD-H4-3ffc8b06dafa,USDCAD,H4,SHORT,Trend+Structure
USDCAD_H4_1,16,SQX-USDCAD-H4-5c84e2ced879,USDCAD,H4,SHORT,Volatility+Structure
USDCAD_H4_1,16,SQX-USDCAD-H4-5f5d1c0e1426,USDCAD,H4,SHORT,Trend+Structure
USDCAD_H4_1,16,SQX-USDCAD-H4-6cb51cf715d0,USDCAD,H4,SHORT,Trend+Structure
USDCAD_H4_1,16,SQX-USDCAD-H4-81eae2682859,USDCAD,H4,SHORT,Trend+Structure
USDCAD_H4_1,16,SQX-USDCAD-H4-8346fcf2431b,USDCAD,H4,SHORT,Trend+Structure
USDCAD_H4_1,16,SQX-USDCAD-H4-88e19044b603,USDCAD,H4,SHORT,Trend+Structure
USDCAD_H4_1,16,SQX-USDCAD-H4-c3d748c2506c,USDCAD,H4,SHORT,Trend+Structure
USDCAD_H4_1,16,SQX-USDCAD-H4-cdd3d0195e81,USDCAD,H4,SHORT,Trend+Structure
USDCAD_H4_1,16,SQX-USDCAD-H4-ea3844208c0a,USDCAD,H4,SHORT,Trend+Structure
USDCAD_H4_1,16,SQX-USDCAD-H4-eefab559fe03,USDCAD,H4,SHORT,Trend+Structure
USDCAD_H4_1,16,SQX-USDCAD-H4-fadac9268de9,USDCAD,H4,SHORT,Trend+Structure
USDCAD_H4_1,16,SQX-USDCAD-H4-ff2161768364,USDCAD,H4,SHORT,Trend+Structure
USDCAD_H4_2,15,SQX-USDCAD-H4-08d5897004e0,USDCAD,H4,SHORT,Trend+Structure
USDCAD_H4_2,15,SQX-USDCAD-H4-11db6fcbbc48,USDCAD,H4,SHORT,Trend+Structure
USDCAD_H4_2,15,SQX-USDCAD-H4-17c52c277841,USDCAD,H4,SHORT,Trend+Structure
USDCAD_H4_2,15,SQX-USDCAD-H4-2c54f4b51706,USDCAD,H4,SHORT,Trend+Structure
USDCAD_H4_2,15,SQX-USDCAD-H4-2d741c20e0fa,USDCAD,H4,SHORT,Trend+Structure
USDCAD_H4_2,15,SQX-USDCAD-H4-3f0b72c2045d,USDCAD,H4,SHORT,Trend+Structure
USDCAD_H4_2,15,SQX-USDCAD-H4-5bd1a3479d70,USDCAD,H4,SHORT,Trend+Structure
USDCAD_H4_2,15,SQX-USDCAD-H4-6ffbf9d5016a,USDCAD,H4,SHORT,Trend+Structure
USDCAD_H4_2,15,SQX-USDCAD-H4-76038e853e85,USDCAD,H4,SHORT,Trend+Structure
USDCAD_H4_2,15,SQX-USDCAD-H4-76d47d6f5a4f,USDCAD,H4,SHORT,Trend+Structure
USDCAD_H4_2,15,SQX-USDCAD-H4-7902e9055485,USDCAD,H4,SHORT,Trend+Structure
USDCAD_H4_2,15,SQX-USDCAD-H4-7f74af85a952,USDCAD,H4,SHORT,Trend+Structure
USDCAD_H4_2,15,SQX-USDCAD-H4-d07ab74786bd,USDCAD,H4,SHORT,Trend+Structure
USDCAD_H4_2,15,SQX-USDCAD-H4-f0caf12038d9,USDCAD,H4,SHORT,Trend+Structure
USDCAD_H4_2,15,SQX-USDCAD-H4-f712c3f3f30d,USDCAD,H4,SHORT,Trend+Structure
USDCAD_H4_3,8,SQX-USDCAD-H4-1df01b669d51,USDCAD,H4,SHORT,Trend+Momentum
USDCAD_H4_3,8,SQX-USDCAD-H4-42cdf7d9a738,USDCAD,H4,SHORT,Trend+Momentum
USDCAD_H4_3,8,SQX-USDCAD-H4-79c3ad5c7dfa,USDCAD,H4,SHORT,Trend+Momentum
USDCAD_H4_3,8,SQX-USDCAD-H4-7d2127aa35ea,USDCAD,H4,SHORT,Trend+Momentum
USDCAD_H4_3,8,SQX-USDCAD-H4-8a7b6a279e9b,USDCAD,H4,SHORT,Trend+Momentum
USDCAD_H4_3,8,SQX-USDCAD-H4-ac4b753b317a,USDCAD,H4,SHORT,Trend+Momentum
USDCAD_H4_3,8,SQX-USDCAD-H4-bac4db35d403,USDCAD,H4,SHORT,Trend+Momentum
USDCAD_H4_3,8,SQX-USDCAD-H4-d53f9f0fd6aa,USDCAD,H4,SHORT,Trend+Momentum
USDCAD_H4_4,4,SQX-USDCAD-H4-4d6d0cb28560,USDCAD,H4,SHORT,Trend+Momentum+Structure
USDCAD_H4_4,4,SQX-USDCAD-H4-59833634a8ee,USDCAD,H4,SHORT,Trend+Structure
USDCAD_H4_4,4,SQX-USDCAD-H4-614e36803732,USDCAD,H4,SHORT,Trend+Structure
USDCAD_H4_4,4,SQX-USDCAD-H4-dcf626895c3d,USDCAD,H4,SHORT,Trend+Structure
USDCAD_H4_5,3,SQX-USDCAD-H4-4c49353b1ceb,USDCAD,H4,LONG,Trend
USDCAD_H4_5,3,SQX-USDCAD-H4-544307ecae75,USDCAD,H4,LONG,Trend
USDCAD_H4_5,3,SQX-USDCAD-H4-91c26f2d84ef,USDCAD,H4,LONG,Trend
USDCAD_H4_6,3,SQX-USDCAD-H4-91e74821a7c3,USDCAD,H4,LONG,Trend+Momentum+Structure
USDCAD_H4_6,3,SQX-USDCAD-H4-b8002d76daa2,USDCAD,H4,LONG,Trend+Momentum+Structure
USDCAD_H4_6,3,SQX-USDCAD-H4-d790b7e2a7b0,USDCAD,H4,LONG,Trend+Momentum+Volatility+Structure
USDCAD_H4_7,2,SQX-USDCAD-H4-11b5aa17f931,USDCAD,H4,SHORT,Structure
USDCAD_H4_7,2,SQX-USDCAD-H4-9cc0751fb409,USDCAD,H4,SHORT,Structure
USDCAD_H4_8,2,SQX-USDCAD-H4-17b6709820f4,USDCAD,H4,SHORT,Trend+Volatility+Structure
USDCAD_H4_8,2,SQX-USDCAD-H4-ec891673b117,USDCAD,H4,SHORT,Trend+Volatility+Structure
USDCAD_H4_9,2,SQX-USDCAD-H4-1e51f98db2de,USDCAD,H4,LONG,Trend+Momentum+Structure
USDCAD_H4_9,2,SQX-USDCAD-H4-b1a956483e0e,USDCAD,H4,LONG,Trend+Structure
USDCAD_H4_10,2,SQX-USDCAD-H4-2560d5a75bf1,USDCAD,H4,LONG,Structure
USDCAD_H4_10,2,SQX-USDCAD-H4-e09b7e27d306,USDCAD,H4,LONG,Structure
USDCAD_H4_11,2,SQX-USDCAD-H4-35ddf607329f,USDCAD,H4,LONG,Volatility+Structure
USDCAD_H4_11,2,SQX-USDCAD-H4-de8dc9c84b00,USDCAD,H4,LONG,Volatility+Structure
USDCAD_H4_12,2,SQX-USDCAD-H4-3e17a05193d6,USDCAD,H4,SHORT,Momentum+Structure
USDCAD_H4_12,2,SQX-USDCAD-H4-6f3e810b73bd,USDCAD,H4,SHORT,Momentum+Structure
USDCAD_H4_13,2,SQX-USDCAD-H4-4d4e06bee004,USDCAD,H4,SHORT,Momentum+Structure
USDCAD_H4_13,2,SQX-USDCAD-H4-bcd031c1dcdf,USDCAD,H4,SHORT,Momentum+Volatility+Structure
USDCAD_H4_14,2,SQX-USDCAD-H4-4fa944958677,USDCAD,H4,LONG,Momentum+Structure
USDCAD_H4_14,2,SQX-USDCAD-H4-eca6fad6cd80,USDCAD,H4,LONG,Momentum+Structure
USDCAD_H4_15,2,SQX-USDCAD-H4-5b43ec246407,USDCAD,H4,LONG,Trend
USDCAD_H4_15,2,SQX-USDCAD-H4-86dec45afdb5,USDCAD,H4,LONG,Trend
USDCAD_H4_16,2,SQX-USDCAD-H4-823acd4e656a,USDCAD,H4,SHORT,Trend+Volatility
USDCAD_H4_16,2,SQX-USDCAD-H4-942de2990277,USDCAD,H4,SHORT,Trend+Volatility
USDCAD_H4_17,2,SQX-USDCAD-H4-82fa69d86750,USDCAD,H4,LONG,Trend+Momentum
USDCAD_H4_17,2,SQX-USDCAD-H4-aa7e6a45722f,USDCAD,H4,LONG,Trend+Momentum
USDCAD_H4_18,2,SQX-USDCAD-H4-88ed7c8e0d6b,USDCAD,H4,LONG,Trend
USDCAD_H4_18,2,SQX-USDCAD-H4-8b0edb086a54,USDCAD,H4,LONG,Trend
USDCAD_H4_19,2,SQX-USDCAD-H4-a1dfe942bb24,USDCAD,H4,LONG,Trend+Momentum+Volatility
USDCAD_H4_19,2,SQX-USDCAD-H4-de4edf760fed,USDCAD,H4,LONG,Trend
USDCAD_H4_20,2,SQX-USDCAD-H4-b051520e291b,USDCAD,H4,SHORT,Trend+Volatility
USDCAD_H4_20,2,SQX-USDCAD-H4-e7b070856a5a,USDCAD,H4,SHORT,Trend+Momentum+Volatility
USDCAD_H4_21,2,SQX-USDCAD-H4-cfbdcc67b184,USDCAD,H4,LONG,Trend
USDCAD_H4_21,2,SQX-USDCAD-H4-e5cfcd4f360d,USDCAD,H4,LONG,Trend
USDCAD_H4_22,1,SQX-USDCAD-H4-00d08a8a2e2f,USDCAD,H4,SHORT,Trend+Momentum+Structure
USDCAD_H4_23,1,SQX-USDCAD-H4-01861cceef28,USDCAD,H4,LONG,Trend+Volatility+Structure
USDCAD_H4_24,1,SQX-USDCAD-H4-0241ae7b325a,USDCAD,H4,LONG,Trend+Structure
USDCAD_H4_25,1,SQX-USDCAD-H4-033c9061f87f,USDCAD,H4,LONG,Momentum+Structure
USDCAD_H4_26,1,SQX-USDCAD-H4-03726b4d68d5,USDCAD,H4,LONG,Trend+Volatility
USDCAD_H4_27,1,SQX-USDCAD-H4-0431f5bfff00,USDCAD,H4,SHORT,Volatility+Structure
USDCAD_H4_28,1,SQX-USDCAD-H4-049638c38b59,USDCAD,H4,LONG,Trend+Momentum
USDCAD_H4_29,1,SQX-USDCAD-H4-0a23b2373e78,USDCAD,H4,LONG,Trend+Volatility
USDCAD_H4_30,1,SQX-USDCAD-H4-0b50292bf6f4,USDCAD,H4,LONG,Trend+Momentum
USDCAD_H4_31,1,SQX-USDCAD-H4-0bc228d1c51d,USDCAD,H4,LONG,Trend+Momentum+Structure
USDCAD_H4_32,1,SQX-USDCAD-H4-0e3f9056b847,USDCAD,H4,SHORT,Trend+Momentum+Structure
USDCAD_H4_33,1,SQX-USDCAD-H4-0f0b04c783db,USDCAD,H4,SHORT,Momentum+Structure
USDCAD_H4_34,1,SQX-USDCAD-H4-10bac10c6a17,USDCAD,H4,LONG,Trend+Volatility
USDCAD_H4_35,1,SQX-USDCAD-H4-146e102b266b,USDCAD,H4,LONG,Trend+Momentum+Structure
USDCAD_H4_36,1,SQX-USDCAD-H4-14c5bfae5b5e,USDCAD,H4,SHORT,Momentum+Volatility
USDCAD_H4_37,1,SQX-USDCAD-H4-16943583ecf9,USDCAD,H4,SHORT,Trend+Structure
USDCAD_H4_38,1,SQX-USDCAD-H4-17d62e285f99,USDCAD,H4,LONG,Trend
USDCAD_H4_39,1,SQX-USDCAD-H4-1acb44f825e0,USDCAD,H4,LONG,Trend
USDCAD_H4_40,1,SQX-USDCAD-H4-1b88cbff3c24,USDCAD,H4,LONG,Trend+Momentum+Structure
USDCAD_H4_41,1,SQX-USDCAD-H4-1bfa82963c34,USDCAD,H4,SHORT,Trend+Momentum+Structure
USDCAD_H4_42,1,SQX-USDCAD-H4-1c1960c626b6,USDCAD,H4,LONG,Trend+Momentum
USDCAD_H4_43,1,SQX-USDCAD-H4-1d7cad316253,USDCAD,H4,LONG,Trend+Structure
USDCAD_H4_44,1,SQX-USDCAD-H4-1e5d44ebb742,USDCAD,H4,SHORT,Trend+Structure
USDCAD_H4_45,1,SQX-USDCAD-H4-213c99e2161b,USDCAD,H4,SHORT,Trend+Volatility+Structure
USDCAD_H4_46,1,SQX-USDCAD-H4-2162145dec55,USDCAD,H4,SHORT,Trend+Volatility+Structure
USDCAD_H4_47,1,SQX-USDCAD-H4-25dda7833130,USDCAD,H4,LONG,Trend+Momentum+Structure
USDCAD_H4_48,1,SQX-USDCAD-H4-2655197aaf9d,USDCAD,H4,LONG,Trend+Momentum+Structure
USDCAD_H4_49,1,SQX-USDCAD-H4-279ebcab5713,USDCAD,H4,LONG,Trend+Momentum+Structure
USDCAD_H4_50,1,SQX-USDCAD-H4-29b2cd5507be,USDCAD,H4,SHORT,Structure
USDCAD_H4_51,1,SQX-USDCAD-H4-29dbd4a5e45b,USDCAD,H4,SHORT,Trend+Momentum+Structure
USDCAD_H4_52,1,SQX-USDCAD-H4-2c314124675a,USDCAD,H4,SHORT,Momentum+Structure
USDCAD_H4_53,1,SQX-USDCAD-H4-2e8284ff1ce6,USDCAD,H4,LONG,Momentum+Structure
USDCAD_H4_54,1,SQX-USDCAD-H4-3062b4c8bcb9,USDCAD,H4,LONG,Trend+Momentum
USDCAD_H4_55,1,SQX-USDCAD-H4-326893d7943d,USDCAD,H4,LONG,Trend+Volatility+Structure
USDCAD_H4_56,1,SQX-USDCAD-H4-32a4560d3e54,USDCAD,H4,SHORT,Trend+Volatility+Structure
USDCAD_H4_57,1,SQX-USDCAD-H4-3518a1952483,USDCAD,H4,LONG,Volatility+Structure
USDCAD_H4_58,1,SQX-USDCAD-H4-35751ab6dd43,USDCAD,H4,SHORT,Trend+Structure
USDCAD_H4_59,1,SQX-USDCAD-H4-36d9c2cca548,USDCAD,H4,SHORT,Momentum+Volatility+Structure
USDCAD_H4_60,1,SQX-USDCAD-H4-3d980f3e84c8,USDCAD,H4,SHORT,Trend+Momentum+Structure
USDCAD_H4_61,1,SQX-USDCAD-H4-3e24fc14c725,USDCAD,H4,SHORT,Momentum
USDCAD_H4_62,1,SQX-USDCAD-H4-3e85a59d8c1a,USDCAD,H4,LONG,Trend
USDCAD_H4_63,1,SQX-USDCAD-H4-41a360c38d2a,USDCAD,H4,SHORT,Trend+Momentum+Volatility+Structure
USDCAD_H4_64,1,SQX-USDCAD-H4-432fe0f96aad,USDCAD,H4,LONG,Momentum
USDCAD_H4_65,1,SQX-USDCAD-H4-45065183015f,USDCAD,H4,SHORT,Volatility+Structure
USDCAD_H4_66,1,SQX-USDCAD-H4-45e282e77d58,USDCAD,H4,LONG,Trend+Volatility+Structure
USDCAD_H4_67,1,SQX-USDCAD-H4-494cf4de5dd0,USDCAD,H4,SHORT,Trend+Momentum+Structure
USDCAD_H4_68,1,SQX-USDCAD-H4-4bb60f338cf8,USDCAD,H4,SHORT,Momentum+Volatility+Structure
USDCAD_H4_69,1,SQX-USDCAD-H4-4d41a944ebef,USDCAD,H4,LONG,Trend+Momentum+Volatility
USDCAD_H4_70,1,SQX-USDCAD-H4-4db89558ade3,USDCAD,H4,SHORT,Volatility+Structure
USDCAD_H4_71,1,SQX-USDCAD-H4-4dfc79f45bf8,USDCAD,H4,SHORT,Trend+Momentum+Volatility+Structure
USDCAD_H4_72,1,SQX-USDCAD-H4-4f034e2c7c01,USDCAD,H4,SHORT,Trend+Momentum+Structure
USDCAD_H4_73,1,SQX-USDCAD-H4-5006da0fb663,USDCAD,H4,SHORT,Trend+Momentum
USDCAD_H4_74,1,SQX-USDCAD-H4-562d5a1d736b,USDCAD,H4,LONG,Volatility+Structure
USDCAD_H4_75,1,SQX-USDCAD-H4-5851037e3860,USDCAD,H4,SHORT,Momentum+Volatility+Structure
USDCAD_H4_76,1,SQX-USDCAD-H4-59054b5d7e40,USDCAD,H4,LONG,Trend+Momentum
USDCAD_H4_77,1,SQX-USDCAD-H4-5905795cef1e,USDCAD,H4,SHORT,Momentum+Structure
USDCAD_H4_78,1,SQX-USDCAD-H4-5925f8f8eaf3,USDCAD,H4,LONG,Trend
USDCAD_H4_79,1,SQX-USDCAD-H4-59fc3bbbeb1a,USDCAD,H4,LONG,Trend+Structure
USDCAD_H4_80,1,SQX-USDCAD-H4-5cb4119103e2,USDCAD,H4,LONG,Trend
USDCAD_H4_81,1,SQX-USDCAD-H4-5d103db330fd,USDCAD,H4,LONG,Trend+Momentum
USDCAD_H4_82,1,SQX-USDCAD-H4-5e9c68b5bf6a,USDCAD,H4,SHORT,Trend+Volatility+Structure
USDCAD_H4_83,1,SQX-USDCAD-H4-5ed5ae736630,USDCAD,H4,LONG,Trend+Volatility
USDCAD_H4_84,1,SQX-USDCAD-H4-603e70ff697a,USDCAD,H4,SHORT,Trend+Volatility+Structure
USDCAD_H4_85,1,SQX-USDCAD-H4-615843ee10d5,USDCAD,H4,SHORT,Trend+Momentum+Volatility
USDCAD_H4_86,1,SQX-USDCAD-H4-62885943594d,USDCAD,H4,LONG,Trend+Volatility+Structure
USDCAD_H4_87,1,SQX-USDCAD-H4-6595c15faa3c,USDCAD,H4,LONG,Trend
USDCAD_H4_88,1,SQX-USDCAD-H4-65abf5963ef3,USDCAD,H4,SHORT,Structure
USDCAD_H4_89,1,SQX-USDCAD-H4-690881ab49b9,USDCAD,H4,LONG,Structure
USDCAD_H4_90,1,SQX-USDCAD-H4-6c87db32b17a,USDCAD,H4,LONG,Trend
USDCAD_H4_91,1,SQX-USDCAD-H4-6e1697600bc8,USDCAD,H4,LONG,Trend+Momentum
USDCAD_H4_92,1,SQX-USDCAD-H4-6e9140e27c0a,USDCAD,H4,SHORT,Momentum+Structure
USDCAD_H4_93,1,SQX-USDCAD-H4-6ec8e195cb01,USDCAD,H4,LONG,Trend
USDCAD_H4_94,1,SQX-USDCAD-H4-6f6a2bfb30bd,USDCAD,H4,LONG,Trend+Momentum+Structure
USDCAD_H4_95,1,SQX-USDCAD-H4-703c7df8f642,USDCAD,H4,SHORT,Momentum+Structure
USDCAD_H4_96,1,SQX-USDCAD-H4-711e3e2b06fa,USDCAD,H4,SHORT,Trend+Momentum+Volatility
USDCAD_H4_97,1,SQX-USDCAD-H4-76deae20144d,USDCAD,H4,LONG,Momentum+Structure
USDCAD_H4_98,1,SQX-USDCAD-H4-7a7d2b7d79da,USDCAD,H4,SHORT,Momentum+Volatility+Structure
USDCAD_H4_99,1,SQX-USDCAD-H4-7d9737f45cc7,USDCAD,H4,LONG,Structure
USDCAD_H4_100,1,SQX-USDCAD-H4-7e17ee33593e,USDCAD,H4,SHORT,Momentum
USDCAD_H4_101,1,SQX-USDCAD-H4-82c1bed08b7a,USDCAD,H4,SHORT,Trend+Momentum+Volatility+Structure
USDCAD_H4_102,1,SQX-USDCAD-H4-82c5ca16a093,USDCAD,H4,LONG,Trend+Momentum
USDCAD_H4_103,1,SQX-USDCAD-H4-8395e023a8fb,USDCAD,H4,LONG,Trend+Structure
USDCAD_H4_104,1,SQX-USDCAD-H4-8425bfe5c168,USDCAD,H4,SHORT,Trend+Volatility+Structure
USDCAD_H4_105,1,SQX-USDCAD-H4-865f38a1d4e4,USDCAD,H4,LONG,Trend+Structure
USDCAD_H4_106,1,SQX-USDCAD-H4-8a1b8385a99e,USDCAD,H4,SHORT,Momentum+Volatility+Structure
USDCAD_H4_107,1,SQX-USDCAD-H4-8ac1a9583abe,USDCAD,H4,SHORT,Trend+Structure
USDCAD_H4_108,1,SQX-USDCAD-H4-8bb6d2c57c5a,USDCAD,H4,SHORT,Trend+Momentum+Volatility+Structure
USDCAD_H4_109,1,SQX-USDCAD-H4-8c649923269e,USDCAD,H4,LONG,Volatility+Structure
USDCAD_H4_110,1,SQX-USDCAD-H4-906e6b0b102e,USDCAD,H4,LONG,Trend+Momentum
USDCAD_H4_111,1,SQX-USDCAD-H4-921c87793d5d,USDCAD,H4,SHORT,Volatility+Structure
USDCAD_H4_112,1,SQX-USDCAD-H4-928a79afb956,USDCAD,H4,SHORT,Trend+Momentum+Structure
USDCAD_H4_113,1,SQX-USDCAD-H4-92ebe3ccd33a,USDCAD,H4,LONG,Trend+Volatility+Structure
USDCAD_H4_114,1,SQX-USDCAD-H4-930431ff0717,USDCAD,H4,SHORT,Trend+Volatility
USDCAD_H4_115,1,SQX-USDCAD-H4-95199d5c9cf7,USDCAD,H4,LONG,Trend+Volatility
USDCAD_H4_116,1,SQX-USDCAD-H4-9757c41d37bc,USDCAD,H4,LONG,Trend+Momentum+Volatility+Structure
USDCAD_H4_117,1,SQX-USDCAD-H4-980f647e09e4,USDCAD,H4,LONG,Trend+Structure
USDCAD_H4_118,1,SQX-USDCAD-H4-983b1087697e,USDCAD,H4,LONG,Trend+Momentum+Structure
USDCAD_H4_119,1,SQX-USDCAD-H4-98f839279833,USDCAD,H4,LONG,Trend+Volatility
USDCAD_H4_120,1,SQX-USDCAD-H4-9a3b6977cbc0,USDCAD,H4,SHORT,Momentum+Structure
USDCAD_H4_121,1,SQX-USDCAD-H4-9c03e0620b40,USDCAD,H4,SHORT,Trend+Structure
USDCAD_H4_122,1,SQX-USDCAD-H4-9ecb23fc1e8f,USDCAD,H4,LONG,Momentum+Volatility
USDCAD_H4_123,1,SQX-USDCAD-H4-9f0d0cd628c5,USDCAD,H4,LONG,Momentum+Structure
USDCAD_H4_124,1,SQX-USDCAD-H4-a16b1d923cec,USDCAD,H4,LONG,Trend
USDCAD_H4_125,1,SQX-USDCAD-H4-a2809b1a8dc8,USDCAD,H4,LONG,Trend+Structure
USDCAD_H4_126,1,SQX-USDCAD-H4-a2d608a034d6,USDCAD,H4,SHORT,Structure
USDCAD_H4_127,1,SQX-USDCAD-H4-a6c4fa4f3ebf,USDCAD,H4,LONG,Momentum+Volatility+Structure
USDCAD_H4_128,1,SQX-USDCAD-H4-a8f9d725f246,USDCAD,H4,SHORT,Trend+Momentum+Volatility
USDCAD_H4_129,1,SQX-USDCAD-H4-aa5f7d24bcaa,USDCAD,H4,LONG,Trend+Momentum+Structure
USDCAD_H4_130,1,SQX-USDCAD-H4-aa7f54bffe57,USDCAD,H4,LONG,Momentum+Volatility+Structure
USDCAD_H4_131,1,SQX-USDCAD-H4-ab344d6fba1b,USDCAD,H4,LONG,Trend+Volatility+Structure
USDCAD_H4_132,1,SQX-USDCAD-H4-ad5d93a3ffac,USDCAD,H4,LONG,Trend+Momentum
USDCAD_H4_133,1,SQX-USDCAD-H4-ae9593b2c60c,USDCAD,H4,LONG,Trend+Volatility
USDCAD_H4_134,1,SQX-USDCAD-H4-af4bb956ab11,USDCAD,H4,LONG,Trend+Momentum
USDCAD_H4_135,1,SQX-USDCAD-H4-b8dc184400d1,USDCAD,H4,LONG,Trend+Momentum+Volatility+Structure
USDCAD_H4_136,1,SQX-USDCAD-H4-be1b30e1c629,USDCAD,H4,SHORT,Trend+Volatility+Structure
USDCAD_H4_137,1,SQX-USDCAD-H4-bedc5e93b2fe,USDCAD,H4,LONG,Trend
USDCAD_H4_138,1,SQX-USDCAD-H4-bf811690a1de,USDCAD,H4,SHORT,Trend+Momentum+Structure
USDCAD_H4_139,1,SQX-USDCAD-H4-c301ab015777,USDCAD,H4,LONG,Volatility+Structure
USDCAD_H4_140,1,SQX-USDCAD-H4-c439f7dee4fe,USDCAD,H4,LONG,Trend+Momentum+Volatility
USDCAD_H4_141,1,SQX-USDCAD-H4-c4f635924bd1,USDCAD,H4,SHORT,Trend+Structure
USDCAD_H4_142,1,SQX-USDCAD-H4-c6f59117c3e1,USDCAD,H4,SHORT,Trend+Momentum+Volatility
USDCAD_H4_143,1,SQX-USDCAD-H4-c7d71c5f2c7d,USDCAD,H4,LONG,Trend
USDCAD_H4_144,1,SQX-USDCAD-H4-c80af6855684,USDCAD,H4,SHORT,Structure
USDCAD_H4_145,1,SQX-USDCAD-H4-c87fc83f5ba5,USDCAD,H4,LONG,Trend
USDCAD_H4_146,1,SQX-USDCAD-H4-c9275581bfd1,USDCAD,H4,LONG,Trend+Momentum
USDCAD_H4_147,1,SQX-USDCAD-H4-c9b6c137cc3f,USDCAD,H4,LONG,Trend
USDCAD_H4_148,1,SQX-USDCAD-H4-cd8fecd0e2cb,USDCAD,H4,LONG,Trend+Structure
USDCAD_H4_149,1,SQX-USDCAD-H4-d0bcfcef3895,USDCAD,H4,LONG,Trend+Volatility
USDCAD_H4_150,1,SQX-USDCAD-H4-d157ab511c12,USDCAD,H4,LONG,Trend+Structure
USDCAD_H4_151,1,SQX-USDCAD-H4-d20ab26149ae,USDCAD,H4,SHORT,Trend+Volatility+Structure
USDCAD_H4_152,1,SQX-USDCAD-H4-d31cc6e1052c,USDCAD,H4,SHORT,Trend+Momentum+Volatility+Structure
USDCAD_H4_153,1,SQX-USDCAD-H4-d562f6d8b533,USDCAD,H4,SHORT,Momentum+Volatility
USDCAD_H4_154,1,SQX-USDCAD-H4-d5a4bc093563,USDCAD,H4,SHORT,Trend+Momentum
USDCAD_H4_155,1,SQX-USDCAD-H4-d72552edffb7,USDCAD,H4,LONG,Trend
USDCAD_H4_156,1,SQX-USDCAD-H4-d878272aa2f2,USDCAD,H4,LONG,Trend+Volatility+Structure
USDCAD_H4_157,1,SQX-USDCAD-H4-d8a6e1741e12,USDCAD,H4,LONG,Trend+Momentum+Structure
USDCAD_H4_158,1,SQX-USDCAD-H4-d9015a31e753,USDCAD,H4,SHORT,Trend+Volatility+Structure
USDCAD_H4_159,1,SQX-USDCAD-H4-d92f1f3b9192,USDCAD,H4,LONG,Trend+Volatility
USDCAD_H4_160,1,SQX-USDCAD-H4-d9910e956a06,USDCAD,H4,LONG,Trend+Volatility
USDCAD_H4_161,1,SQX-USDCAD-H4-dba0ce0f044e,USDCAD,H4,LONG,Trend+Structure
USDCAD_H4_162,1,SQX-USDCAD-H4-df00e0d4ba84,USDCAD,H4,SHORT,Momentum+Structure
USDCAD_H4_163,1,SQX-USDCAD-H4-e0236d3b9199,USDCAD,H4,SHORT,Momentum+Volatility+Structure
USDCAD_H4_164,1,SQX-USDCAD-H4-e16ba4bf60c9,USDCAD,H4,SHORT,Trend+Structure
USDCAD_H4_165,1,SQX-USDCAD-H4-e705599bd7b3,USDCAD,H4,SHORT,Momentum+Structure
USDCAD_H4_166,1,SQX-USDCAD-H4-e7507f4908f6,USDCAD,H4,SHORT,Trend+Volatility+Structure
USDCAD_H4_167,1,SQX-USDCAD-H4-e9effc518104,USDCAD,H4,LONG,Trend+Volatility
USDCAD_H4_168,1,SQX-USDCAD-H4-eadfe6241245,USDCAD,H4,SHORT,Trend+Structure
USDCAD_H4_169,1,SQX-USDCAD-H4-ef1901820619,USDCAD,H4,LONG,Trend+Momentum
USDCAD_H4_170,1,SQX-USDCAD-H4-f0d447e8abdc,USDCAD,H4,LONG,Volatility+Structure
USDCAD_H4_171,1,SQX-USDCAD-H4-f1abf6b64aa0,USDCAD,H4,LONG,Structure
USDCAD_H4_172,1,SQX-USDCAD-H4-f466b8002e69,USDCAD,H4,SHORT,Momentum+Volatility+Structure
USDCAD_H4_173,1,SQX-USDCAD-H4-f47ef3a8f49a,USDCAD,H4,LONG,Momentum+Volatility+Structure
USDCAD_H4_174,1,SQX-USDCAD-H4-f596182ae688,USDCAD,H4,LONG,Trend+Momentum
USDCAD_H4_175,1,SQX-USDCAD-H4-f71c704294a7,USDCAD,H4,SHORT,Momentum+Volatility+Structure
USDCAD_H4_176,1,SQX-USDCAD-H4-f77fabd8e6a0,USDCAD,H4,LONG,Trend+Momentum+Volatility+Structure
USDCAD_H4_177,1,SQX-USDCAD-H4-f7bd4614873b,USDCAD,H4,LONG,Trend+Structure
USDCAD_H4_178,1,SQX-USDCAD-H4-f917e3e08091,USDCAD,H4,LONG,Trend
USDCAD_H4_179,1,SQX-USDCAD-H4-f948e5cc718e,USDCAD,H4,LONG,Trend
USDCAD_H4_180,1,SQX-USDCAD-H4-f98653cfc683,USDCAD,H4,SHORT,Volatility+Structure
USDCAD_H4_181,1,SQX-USDCAD-H4-fc7667e5775d,USDCAD,H4,SHORT,Volatility+Structure
USDCAD_H4_182,1,SQX-USDCAD-H4-fdc0545416d0,USDCAD,H4,LONG,Trend+Volatility
USDCHF_H1_1,1,SQX-USDCHF-H1-109919fc7a65,USDCHF,H1,SHORT,Trend+Volatility+Structure
USDCHF_H1_2,1,SQX-USDCHF-H1-3c4f0caacc63,USDCHF,H1,LONG,Momentum+Volatility
USDCHF_H1_3,1,SQX-USDCHF-H1-4de5886e0a82,USDCHF,H1,LONG,Trend+Momentum
USDCHF_H1_4,1,SQX-USDCHF-H1-6af4825eb706,USDCHF,H1,LONG,Trend+Momentum
USDCHF_H1_5,1,SQX-USDCHF-H1-7156fae47004,USDCHF,H1,LONG,Trend+Momentum+Volatility
USDCHF_H1_6,1,SQX-USDCHF-H1-73d669e565d9,USDCHF,H1,LONG,Trend+Volatility+Structure
USDCHF_H1_7,1,SQX-USDCHF-H1-cafd94f9af94,USDCHF,H1,LONG,Trend+Momentum
USDCHF_H1_8,1,SQX-USDCHF-H1-ffac523bd191,USDCHF,H1,SHORT,Momentum+Structure
USDCHF_H4_1,32,SQX-USDCHF-H4-0a2f2c2de19f,USDCHF,H4,SHORT,Trend+Momentum+Volatility
USDCHF_H4_1,32,SQX-USDCHF-H4-0c2d90244631,USDCHF,H4,SHORT,Trend+Momentum+Volatility
USDCHF_H4_1,32,SQX-USDCHF-H4-0e62b68014e2,USDCHF,H4,SHORT,Trend+Momentum+Volatility
USDCHF_H4_1,32,SQX-USDCHF-H4-0fdfd27a5196,USDCHF,H4,SHORT,Trend+Momentum+Volatility
USDCHF_H4_1,32,SQX-USDCHF-H4-168e8294d36b,USDCHF,H4,SHORT,Trend+Momentum
USDCHF_H4_1,32,SQX-USDCHF-H4-267281f36f08,USDCHF,H4,SHORT,Trend+Momentum
USDCHF_H4_1,32,SQX-USDCHF-H4-2b58861dbb28,USDCHF,H4,SHORT,Trend+Momentum
USDCHF_H4_1,32,SQX-USDCHF-H4-2c0178318fc0,USDCHF,H4,SHORT,Trend+Momentum+Volatility
USDCHF_H4_1,32,SQX-USDCHF-H4-2f0db175f5d2,USDCHF,H4,SHORT,Trend+Momentum+Volatility
USDCHF_H4_1,32,SQX-USDCHF-H4-34ccd373d7e4,USDCHF,H4,SHORT,Trend+Momentum+Volatility
USDCHF_H4_1,32,SQX-USDCHF-H4-456cc13ddd97,USDCHF,H4,SHORT,Trend+Momentum+Volatility
USDCHF_H4_1,32,SQX-USDCHF-H4-4b4b76c89ab4,USDCHF,H4,SHORT,Trend+Momentum+Volatility
USDCHF_H4_1,32,SQX-USDCHF-H4-4fa580b5715d,USDCHF,H4,SHORT,Trend+Momentum
USDCHF_H4_1,32,SQX-USDCHF-H4-508418362461,USDCHF,H4,SHORT,Trend+Momentum
USDCHF_H4_1,32,SQX-USDCHF-H4-523550dbe416,USDCHF,H4,SHORT,Trend+Momentum+Volatility
USDCHF_H4_1,32,SQX-USDCHF-H4-6be1f84f5191,USDCHF,H4,SHORT,Trend+Momentum+Volatility
USDCHF_H4_1,32,SQX-USDCHF-H4-727c596eb564,USDCHF,H4,SHORT,Trend+Momentum
USDCHF_H4_1,32,SQX-USDCHF-H4-76b7c42db24d,USDCHF,H4,SHORT,Trend+Momentum+Volatility
USDCHF_H4_1,32,SQX-USDCHF-H4-786885cb0715,USDCHF,H4,SHORT,Trend+Momentum+Volatility
USDCHF_H4_1,32,SQX-USDCHF-H4-85236697efc7,USDCHF,H4,SHORT,Trend+Momentum+Volatility
USDCHF_H4_1,32,SQX-USDCHF-H4-92190e384227,USDCHF,H4,SHORT,Trend+Momentum+Volatility
USDCHF_H4_1,32,SQX-USDCHF-H4-9536127787d1,USDCHF,H4,SHORT,Trend+Momentum+Volatility
USDCHF_H4_1,32,SQX-USDCHF-H4-99bea5bebd48,USDCHF,H4,SHORT,Trend+Momentum+Volatility
USDCHF_H4_1,32,SQX-USDCHF-H4-a236fb6a0f6c,USDCHF,H4,SHORT,Trend+Momentum+Volatility
USDCHF_H4_1,32,SQX-USDCHF-H4-b40f146adec4,USDCHF,H4,SHORT,Trend+Momentum+Volatility
USDCHF_H4_1,32,SQX-USDCHF-H4-c9a4385a02db,USDCHF,H4,SHORT,Trend+Momentum+Volatility
USDCHF_H4_1,32,SQX-USDCHF-H4-cf6f6b4fa866,USDCHF,H4,SHORT,Trend+Momentum
USDCHF_H4_1,32,SQX-USDCHF-H4-d29080b453a3,USDCHF,H4,SHORT,Trend+Momentum+Volatility
USDCHF_H4_1,32,SQX-USDCHF-H4-df33790208b7,USDCHF,H4,SHORT,Trend+Momentum+Volatility
USDCHF_H4_1,32,SQX-USDCHF-H4-e3b53908d6c0,USDCHF,H4,SHORT,Trend+Momentum+Volatility
USDCHF_H4_1,32,SQX-USDCHF-H4-f56a1864c8f9,USDCHF,H4,SHORT,Trend+Momentum+Volatility
USDCHF_H4_1,32,SQX-USDCHF-H4-fefef28c0cf8,USDCHF,H4,SHORT,Trend+Momentum+Volatility
USDCHF_H4_2,24,SQX-USDCHF-H4-08b4e30b4a25,USDCHF,H4,SHORT,Trend+Momentum+Volatility
USDCHF_H4_2,24,SQX-USDCHF-H4-0cbe502919ee,USDCHF,H4,SHORT,Trend+Momentum
USDCHF_H4_2,24,SQX-USDCHF-H4-0ceab5ca1c5c,USDCHF,H4,SHORT,Trend+Momentum+Volatility
USDCHF_H4_2,24,SQX-USDCHF-H4-1d1c3a8ef8c1,USDCHF,H4,SHORT,Trend+Momentum+Volatility
USDCHF_H4_2,24,SQX-USDCHF-H4-207ec50a2b74,USDCHF,H4,SHORT,Trend+Momentum+Volatility
USDCHF_H4_2,24,SQX-USDCHF-H4-20ce79265a92,USDCHF,H4,SHORT,Trend+Momentum
USDCHF_H4_2,24,SQX-USDCHF-H4-243d84a44678,USDCHF,H4,SHORT,Trend+Momentum+Volatility
USDCHF_H4_2,24,SQX-USDCHF-H4-435fe2fb6e32,USDCHF,H4,SHORT,Trend+Momentum+Volatility
USDCHF_H4_2,24,SQX-USDCHF-H4-54e6b99ca399,USDCHF,H4,SHORT,Trend+Momentum
USDCHF_H4_2,24,SQX-USDCHF-H4-5d4881435200,USDCHF,H4,SHORT,Trend+Momentum
USDCHF_H4_2,24,SQX-USDCHF-H4-8995e440c24e,USDCHF,H4,SHORT,Trend+Momentum+Volatility
USDCHF_H4_2,24,SQX-USDCHF-H4-8c771d32ee81,USDCHF,H4,SHORT,Trend+Momentum+Volatility
USDCHF_H4_2,24,SQX-USDCHF-H4-90072485bb87,USDCHF,H4,SHORT,Trend+Momentum
USDCHF_H4_2,24,SQX-USDCHF-H4-96ae5ef40f66,USDCHF,H4,SHORT,Trend+Momentum
USDCHF_H4_2,24,SQX-USDCHF-H4-9a48c76d5333,USDCHF,H4,SHORT,Trend+Momentum
USDCHF_H4_2,24,SQX-USDCHF-H4-9f9620c73b03,USDCHF,H4,SHORT,Trend+Momentum
USDCHF_H4_2,24,SQX-USDCHF-H4-b107c9e82c52,USDCHF,H4,SHORT,Trend+Momentum+Volatility
USDCHF_H4_2,24,SQX-USDCHF-H4-b203dbe3ac8c,USDCHF,H4,SHORT,Trend+Momentum+Volatility
USDCHF_H4_2,24,SQX-USDCHF-H4-b2988fcce9e4,USDCHF,H4,SHORT,Trend+Momentum+Volatility
USDCHF_H4_2,24,SQX-USDCHF-H4-b91534d8edfe,USDCHF,H4,SHORT,Trend+Momentum+Volatility
USDCHF_H4_2,24,SQX-USDCHF-H4-d57c324d170a,USDCHF,H4,SHORT,Trend+Momentum+Volatility
USDCHF_H4_2,24,SQX-USDCHF-H4-e9ecc2bdfc33,USDCHF,H4,SHORT,Trend+Momentum+Volatility
USDCHF_H4_2,24,SQX-USDCHF-H4-faa903960005,USDCHF,H4,SHORT,Trend+Momentum
USDCHF_H4_2,24,SQX-USDCHF-H4-fdbf8ae90d8d,USDCHF,H4,SHORT,Trend+Momentum
USDCHF_H4_3,22,SQX-USDCHF-H4-01c40ff838e0,USDCHF,H4,SHORT,Trend+Momentum+Structure
USDCHF_H4_3,22,SQX-USDCHF-H4-1aafc786e2ca,USDCHF,H4,SHORT,Trend+Momentum+Structure
USDCHF_H4_3,22,SQX-USDCHF-H4-25321fc4f5a7,USDCHF,H4,SHORT,Trend+Momentum+Structure
USDCHF_H4_3,22,SQX-USDCHF-H4-29a971a7a81b,USDCHF,H4,SHORT,Trend+Momentum+Structure
USDCHF_H4_3,22,SQX-USDCHF-H4-3f72054488e1,USDCHF,H4,SHORT,Trend+Momentum+Structure
USDCHF_H4_3,22,SQX-USDCHF-H4-5f162f42aaa8,USDCHF,H4,SHORT,Trend+Momentum+Structure
USDCHF_H4_3,22,SQX-USDCHF-H4-62680b85107b,USDCHF,H4,SHORT,Trend+Momentum+Structure
USDCHF_H4_3,22,SQX-USDCHF-H4-6a110ec68b3a,USDCHF,H4,SHORT,Trend+Momentum+Structure
USDCHF_H4_3,22,SQX-USDCHF-H4-70952fdc8bec,USDCHF,H4,SHORT,Trend+Momentum+Structure
USDCHF_H4_3,22,SQX-USDCHF-H4-7253a12f513c,USDCHF,H4,SHORT,Trend+Momentum+Structure
USDCHF_H4_3,22,SQX-USDCHF-H4-7b3887c9008d,USDCHF,H4,SHORT,Trend+Momentum+Structure
USDCHF_H4_3,22,SQX-USDCHF-H4-7fd37207f41e,USDCHF,H4,SHORT,Trend+Momentum+Structure
USDCHF_H4_3,22,SQX-USDCHF-H4-8ecb488a80a9,USDCHF,H4,SHORT,Trend+Momentum+Structure
USDCHF_H4_3,22,SQX-USDCHF-H4-9f67d127bc12,USDCHF,H4,SHORT,Trend+Momentum+Structure
USDCHF_H4_3,22,SQX-USDCHF-H4-a5810d99b4ac,USDCHF,H4,SHORT,Trend+Momentum+Structure
USDCHF_H4_3,22,SQX-USDCHF-H4-cf142c776be4,USDCHF,H4,SHORT,Trend+Momentum+Structure
USDCHF_H4_3,22,SQX-USDCHF-H4-d8eaceb12f61,USDCHF,H4,SHORT,Trend+Momentum+Structure
USDCHF_H4_3,22,SQX-USDCHF-H4-dc0d08d4422c,USDCHF,H4,SHORT,Trend+Structure
USDCHF_H4_3,22,SQX-USDCHF-H4-e77380d80e7e,USDCHF,H4,SHORT,Trend+Momentum+Structure
USDCHF_H4_3,22,SQX-USDCHF-H4-e9f1502950fb,USDCHF,H4,SHORT,Trend+Momentum+Structure
USDCHF_H4_3,22,SQX-USDCHF-H4-ef676ca36e6c,USDCHF,H4,SHORT,Trend+Momentum+Structure
USDCHF_H4_3,22,SQX-USDCHF-H4-f7da3e768448,USDCHF,H4,SHORT,Trend+Momentum+Structure
USDCHF_H4_4,13,SQX-USDCHF-H4-05da742c3a05,USDCHF,H4,SHORT,Trend+Momentum+Structure
USDCHF_H4_4,13,SQX-USDCHF-H4-0b9d7d7a4fc8,USDCHF,H4,SHORT,Trend+Momentum+Volatility+Structure
USDCHF_H4_4,13,SQX-USDCHF-H4-104b8606e931,USDCHF,H4,SHORT,Trend+Momentum+Structure
USDCHF_H4_4,13,SQX-USDCHF-H4-170a2ff88288,USDCHF,H4,SHORT,Momentum+Volatility+Structure
USDCHF_H4_4,13,SQX-USDCHF-H4-3676bb5f06b7,USDCHF,H4,SHORT,Trend+Momentum+Structure
USDCHF_H4_4,13,SQX-USDCHF-H4-37617cc48994,USDCHF,H4,SHORT,Trend+Momentum+Structure
USDCHF_H4_4,13,SQX-USDCHF-H4-5c0bfb5e1263,USDCHF,H4,SHORT,Trend+Momentum+Structure
USDCHF_H4_4,13,SQX-USDCHF-H4-5e0a24d444ca,USDCHF,H4,SHORT,Trend+Momentum+Structure
USDCHF_H4_4,13,SQX-USDCHF-H4-797441ba7a3d,USDCHF,H4,SHORT,Trend+Momentum+Volatility+Structure
USDCHF_H4_4,13,SQX-USDCHF-H4-7cbc63016113,USDCHF,H4,SHORT,Trend+Momentum+Structure
USDCHF_H4_4,13,SQX-USDCHF-H4-85a79c88fc29,USDCHF,H4,SHORT,Trend+Momentum+Structure
USDCHF_H4_4,13,SQX-USDCHF-H4-98773046af3b,USDCHF,H4,SHORT,Trend+Momentum+Structure
USDCHF_H4_4,13,SQX-USDCHF-H4-d538797525e7,USDCHF,H4,SHORT,Trend+Momentum+Structure
USDCHF_H4_5,9,SQX-USDCHF-H4-0b2bfc06c2ce,USDCHF,H4,SHORT,Trend+Momentum+Volatility
USDCHF_H4_5,9,SQX-USDCHF-H4-21277e695c32,USDCHF,H4,SHORT,Trend+Momentum+Volatility
USDCHF_H4_5,9,SQX-USDCHF-H4-489137b27642,USDCHF,H4,SHORT,Trend+Momentum+Volatility
USDCHF_H4_5,9,SQX-USDCHF-H4-5a6f87c42710,USDCHF,H4,SHORT,Trend+Momentum+Volatility
USDCHF_H4_5,9,SQX-USDCHF-H4-615b15c6a605,USDCHF,H4,SHORT,Trend+Momentum+Volatility
USDCHF_H4_5,9,SQX-USDCHF-H4-673ded89ed52,USDCHF,H4,SHORT,Trend+Momentum+Volatility
USDCHF_H4_5,9,SQX-USDCHF-H4-6a3c9521752a,USDCHF,H4,SHORT,Trend+Momentum+Volatility
USDCHF_H4_5,9,SQX-USDCHF-H4-9d594d9e52df,USDCHF,H4,SHORT,Trend+Momentum+Volatility
USDCHF_H4_5,9,SQX-USDCHF-H4-f935565212a7,USDCHF,H4,SHORT,Trend+Momentum+Volatility
USDCHF_H4_6,8,SQX-USDCHF-H4-168274629db4,USDCHF,H4,SHORT,Trend+Momentum+Volatility
USDCHF_H4_6,8,SQX-USDCHF-H4-5261b16154ea,USDCHF,H4,SHORT,Trend+Momentum
USDCHF_H4_6,8,SQX-USDCHF-H4-897698c24628,USDCHF,H4,SHORT,Trend+Momentum
USDCHF_H4_6,8,SQX-USDCHF-H4-a7e9e7e18dc0,USDCHF,H4,SHORT,Trend
USDCHF_H4_6,8,SQX-USDCHF-H4-c4bc319a9b8f,USDCHF,H4,SHORT,Trend+Momentum
USDCHF_H4_6,8,SQX-USDCHF-H4-c6a0da3a3c7b,USDCHF,H4,SHORT,Trend
USDCHF_H4_6,8,SQX-USDCHF-H4-c7325ef5a62c,USDCHF,H4,SHORT,Trend+Momentum
USDCHF_H4_6,8,SQX-USDCHF-H4-f0071a06b7f7,USDCHF,H4,SHORT,Trend+Momentum
USDCHF_H4_7,8,SQX-USDCHF-H4-2defd45a51bd,USDCHF,H4,SHORT,Momentum+Structure
USDCHF_H4_7,8,SQX-USDCHF-H4-6bd036e8aaff,USDCHF,H4,SHORT,Momentum+Structure
USDCHF_H4_7,8,SQX-USDCHF-H4-6ea10b560a8d,USDCHF,H4,SHORT,Momentum+Structure
USDCHF_H4_7,8,SQX-USDCHF-H4-827bede7bbcd,USDCHF,H4,SHORT,Momentum+Structure
USDCHF_H4_7,8,SQX-USDCHF-H4-9181bb27eed0,USDCHF,H4,SHORT,Momentum+Structure
USDCHF_H4_7,8,SQX-USDCHF-H4-a955c0be46ba,USDCHF,H4,SHORT,Momentum+Structure
USDCHF_H4_7,8,SQX-USDCHF-H4-d6ec3522fadf,USDCHF,H4,SHORT,Momentum+Structure
USDCHF_H4_7,8,SQX-USDCHF-H4-f69db260b7a4,USDCHF,H4,SHORT,Momentum+Structure
USDCHF_H4_8,7,SQX-USDCHF-H4-4dc2c507d2a8,USDCHF,H4,SHORT,Trend+Momentum+Structure
USDCHF_H4_8,7,SQX-USDCHF-H4-5f789f837f9a,USDCHF,H4,SHORT,Trend+Momentum+Structure
USDCHF_H4_8,7,SQX-USDCHF-H4-8bdc89cf937e,USDCHF,H4,SHORT,Trend+Momentum+Structure
USDCHF_H4_8,7,SQX-USDCHF-H4-a21f0b888089,USDCHF,H4,SHORT,Trend+Momentum+Structure
USDCHF_H4_8,7,SQX-USDCHF-H4-c1c0878484cb,USDCHF,H4,SHORT,Trend+Momentum+Structure
USDCHF_H4_8,7,SQX-USDCHF-H4-c21f5607e381,USDCHF,H4,SHORT,Trend+Momentum+Structure
USDCHF_H4_8,7,SQX-USDCHF-H4-c566a958b4d2,USDCHF,H4,SHORT,Trend+Momentum+Structure
USDCHF_H4_9,6,SQX-USDCHF-H4-0ada945a3f76,USDCHF,H4,SHORT,Trend+Momentum
USDCHF_H4_9,6,SQX-USDCHF-H4-18d1f6448647,USDCHF,H4,SHORT,Trend+Momentum
USDCHF_H4_9,6,SQX-USDCHF-H4-3a3af77dbe1a,USDCHF,H4,SHORT,Trend+Momentum
USDCHF_H4_9,6,SQX-USDCHF-H4-737f4b303b5e,USDCHF,H4,SHORT,Trend+Momentum
USDCHF_H4_9,6,SQX-USDCHF-H4-ab6f002d0dc8,USDCHF,H4,SHORT,Trend+Momentum
USDCHF_H4_9,6,SQX-USDCHF-H4-d85a818e450a,USDCHF,H4,SHORT,Trend+Momentum
USDCHF_H4_10,6,SQX-USDCHF-H4-38d597e206fe,USDCHF,H4,SHORT,Trend+Momentum
USDCHF_H4_10,6,SQX-USDCHF-H4-602e4fab8e6c,USDCHF,H4,SHORT,Trend+Momentum
USDCHF_H4_10,6,SQX-USDCHF-H4-6470a27641d0,USDCHF,H4,SHORT,Trend+Momentum
USDCHF_H4_10,6,SQX-USDCHF-H4-bf95cc1d53c5,USDCHF,H4,SHORT,Trend+Momentum
USDCHF_H4_10,6,SQX-USDCHF-H4-de7ca74ad561,USDCHF,H4,SHORT,Trend+Momentum
USDCHF_H4_10,6,SQX-USDCHF-H4-f2869358ddc1,USDCHF,H4,SHORT,Trend+Momentum
USDCHF_H4_11,5,SQX-USDCHF-H4-057343dc185c,USDCHF,H4,SHORT,Trend+Momentum
USDCHF_H4_11,5,SQX-USDCHF-H4-2febb6e574c1,USDCHF,H4,SHORT,Trend+Momentum
USDCHF_H4_11,5,SQX-USDCHF-H4-befc6e5855f3,USDCHF,H4,SHORT,Trend+Momentum+Volatility
USDCHF_H4_11,5,SQX-USDCHF-H4-ca3a6f07117f,USDCHF,H4,SHORT,Trend+Momentum
USDCHF_H4_11,5,SQX-USDCHF-H4-e9221cbb5fef,USDCHF,H4,SHORT,Trend+Momentum
USDCHF_H4_12,5,SQX-USDCHF-H4-1c4a69aa5d09,USDCHF,H4,SHORT,Trend+Momentum+Structure
USDCHF_H4_12,5,SQX-USDCHF-H4-80cc02746e9e,USDCHF,H4,SHORT,Trend+Momentum+Structure
USDCHF_H4_12,5,SQX-USDCHF-H4-8df458535354,USDCHF,H4,SHORT,Trend+Momentum+Structure
USDCHF_H4_12,5,SQX-USDCHF-H4-a8592377a291,USDCHF,H4,SHORT,Trend+Momentum+Structure
USDCHF_H4_12,5,SQX-USDCHF-H4-e7577415d5e3,USDCHF,H4,SHORT,Trend+Momentum+Structure
USDCHF_H4_13,5,SQX-USDCHF-H4-2a05091118d8,USDCHF,H4,SHORT,Trend+Momentum+Volatility
USDCHF_H4_13,5,SQX-USDCHF-H4-773987e7e753,USDCHF,H4,SHORT,Trend+Momentum
USDCHF_H4_13,5,SQX-USDCHF-H4-baebebfa7b06,USDCHF,H4,SHORT,Trend+Momentum+Volatility
USDCHF_H4_13,5,SQX-USDCHF-H4-d4ececbae0b9,USDCHF,H4,SHORT,Trend+Momentum+Volatility
USDCHF_H4_13,5,SQX-USDCHF-H4-eac8c1ef0429,USDCHF,H4,SHORT,Momentum+Volatility
USDCHF_H4_14,5,SQX-USDCHF-H4-34ff0847e61c,USDCHF,H4,SHORT,Trend+Momentum+Structure
USDCHF_H4_14,5,SQX-USDCHF-H4-6ee48f0f11d7,USDCHF,H4,SHORT,Trend+Momentum+Structure
USDCHF_H4_14,5,SQX-USDCHF-H4-8a1b74759456,USDCHF,H4,SHORT,Trend+Momentum+Structure
USDCHF_H4_14,5,SQX-USDCHF-H4-a0fe4524af26,USDCHF,H4,SHORT,Trend+Momentum+Structure
USDCHF_H4_14,5,SQX-USDCHF-H4-a17a39a6cf24,USDCHF,H4,SHORT,Trend+Momentum+Structure
USDCHF_H4_15,5,SQX-USDCHF-H4-44a14d8f5f66,USDCHF,H4,SHORT,Trend+Volatility+Structure
USDCHF_H4_15,5,SQX-USDCHF-H4-4d18c419b195,USDCHF,H4,SHORT,Momentum+Structure
USDCHF_H4_15,5,SQX-USDCHF-H4-6ce09f73d36d,USDCHF,H4,SHORT,Volatility+Structure
USDCHF_H4_15,5,SQX-USDCHF-H4-c82ac7736660,USDCHF,H4,SHORT,Momentum+Structure
USDCHF_H4_15,5,SQX-USDCHF-H4-f525b0a7c7b2,USDCHF,H4,SHORT,Momentum+Structure
USDCHF_H4_16,5,SQX-USDCHF-H4-51f904c25a9c,USDCHF,H4,SHORT,Trend+Volatility
USDCHF_H4_16,5,SQX-USDCHF-H4-5374b2a0dcf2,USDCHF,H4,SHORT,Trend+Volatility
USDCHF_H4_16,5,SQX-USDCHF-H4-b0282a9fde7e,USDCHF,H4,SHORT,Trend+Volatility
USDCHF_H4_16,5,SQX-USDCHF-H4-b9a4a073290a,USDCHF,H4,SHORT,Trend+Volatility
USDCHF_H4_16,5,SQX-USDCHF-H4-e6ba547d9c40,USDCHF,H4,SHORT,Trend+Volatility
USDCHF_H4_17,4,SQX-USDCHF-H4-08da5199e2e7,USDCHF,H4,SHORT,Trend+Momentum+Structure
USDCHF_H4_17,4,SQX-USDCHF-H4-43c952f15712,USDCHF,H4,SHORT,Trend+Momentum+Structure
USDCHF_H4_17,4,SQX-USDCHF-H4-47f8779a96fd,USDCHF,H4,SHORT,Trend+Momentum+Structure
USDCHF_H4_17,4,SQX-USDCHF-H4-6a2b77895b3e,USDCHF,H4,SHORT,Trend+Momentum+Structure
USDCHF_H4_18,4,SQX-USDCHF-H4-09615acb148f,USDCHF,H4,SHORT,Trend+Momentum+Volatility
USDCHF_H4_18,4,SQX-USDCHF-H4-99302c12491d,USDCHF,H4,SHORT,Trend+Momentum+Volatility
USDCHF_H4_18,4,SQX-USDCHF-H4-9d1388d75882,USDCHF,H4,SHORT,Trend+Momentum+Volatility
USDCHF_H4_18,4,SQX-USDCHF-H4-9f5193e7d38d,USDCHF,H4,SHORT,Trend+Momentum+Volatility
USDCHF_H4_19,4,SQX-USDCHF-H4-1b1a3b78bd3e,USDCHF,H4,SHORT,Trend+Momentum+Structure
USDCHF_H4_19,4,SQX-USDCHF-H4-57b832c2a28b,USDCHF,H4,SHORT,Trend+Momentum+Structure
USDCHF_H4_19,4,SQX-USDCHF-H4-beec5d653247,USDCHF,H4,SHORT,Momentum+Structure
USDCHF_H4_19,4,SQX-USDCHF-H4-d41dc6ef5000,USDCHF,H4,SHORT,Momentum+Structure
USDCHF_H4_20,4,SQX-USDCHF-H4-1fb6410b37ef,USDCHF,H4,SHORT,Trend+Momentum+Volatility
USDCHF_H4_20,4,SQX-USDCHF-H4-4495bb20023c,USDCHF,H4,SHORT,Trend+Momentum+Volatility
USDCHF_H4_20,4,SQX-USDCHF-H4-ae537b685413,USDCHF,H4,SHORT,Trend+Momentum+Volatility
USDCHF_H4_20,4,SQX-USDCHF-H4-bd14889e1a7d,USDCHF,H4,SHORT,Trend+Momentum
USDCHF_H4_21,4,SQX-USDCHF-H4-3507d57c0652,USDCHF,H4,SHORT,Trend+Volatility
USDCHF_H4_21,4,SQX-USDCHF-H4-48a792cdf50b,USDCHF,H4,SHORT,Trend+Volatility
USDCHF_H4_21,4,SQX-USDCHF-H4-5577a93296c3,USDCHF,H4,SHORT,Trend+Volatility
USDCHF_H4_21,4,SQX-USDCHF-H4-6c51fe98119e,USDCHF,H4,SHORT,Trend+Volatility
USDCHF_H4_22,4,SQX-USDCHF-H4-3af80778e31a,USDCHF,H4,SHORT,Trend+Momentum+Volatility
USDCHF_H4_22,4,SQX-USDCHF-H4-4b14f18af7c1,USDCHF,H4,SHORT,Trend+Momentum+Volatility
USDCHF_H4_22,4,SQX-USDCHF-H4-8ddcfc2a2243,USDCHF,H4,SHORT,Trend+Momentum+Volatility
USDCHF_H4_22,4,SQX-USDCHF-H4-fdc44ed55c14,USDCHF,H4,SHORT,Trend+Volatility
USDCHF_H4_23,4,SQX-USDCHF-H4-6217c2ce702d,USDCHF,H4,SHORT,Momentum+Volatility
USDCHF_H4_23,4,SQX-USDCHF-H4-64701f171e07,USDCHF,H4,SHORT,Momentum+Volatility
USDCHF_H4_23,4,SQX-USDCHF-H4-763586a268f1,USDCHF,H4,SHORT,Momentum+Volatility
USDCHF_H4_23,4,SQX-USDCHF-H4-d92d06eb836e,USDCHF,H4,SHORT,Momentum+Volatility
USDCHF_H4_24,4,SQX-USDCHF-H4-88d281c01fb1,USDCHF,H4,SHORT,Trend+Momentum+Volatility
USDCHF_H4_24,4,SQX-USDCHF-H4-b354f28b9d86,USDCHF,H4,SHORT,Trend+Momentum+Volatility
USDCHF_H4_24,4,SQX-USDCHF-H4-b5d9a14d8060,USDCHF,H4,SHORT,Trend+Momentum+Volatility
USDCHF_H4_24,4,SQX-USDCHF-H4-d357e24a0f4b,USDCHF,H4,SHORT,Trend+Momentum+Volatility
USDCHF_H4_25,3,SQX-USDCHF-H4-032e7e632756,USDCHF,H4,SHORT,Momentum+Structure
USDCHF_H4_25,3,SQX-USDCHF-H4-88bca5447625,USDCHF,H4,SHORT,Momentum+Structure
USDCHF_H4_25,3,SQX-USDCHF-H4-ad80281bd900,USDCHF,H4,SHORT,Momentum+Structure
USDCHF_H4_26,3,SQX-USDCHF-H4-0b3e5c459db1,USDCHF,H4,SHORT,Trend+Momentum+Volatility
USDCHF_H4_26,3,SQX-USDCHF-H4-5b6a144ac449,USDCHF,H4,SHORT,Trend+Momentum+Volatility
USDCHF_H4_26,3,SQX-USDCHF-H4-d0cb9a6bb4ed,USDCHF,H4,SHORT,Trend+Momentum+Volatility
USDCHF_H4_27,3,SQX-USDCHF-H4-138f60cbd129,USDCHF,H4,SHORT,Momentum+Structure
USDCHF_H4_27,3,SQX-USDCHF-H4-25dd0ad18917,USDCHF,H4,SHORT,Momentum+Structure
USDCHF_H4_27,3,SQX-USDCHF-H4-4ba37e69802e,USDCHF,H4,SHORT,Momentum+Structure
USDCHF_H4_28,3,SQX-USDCHF-H4-1c94cbf817bb,USDCHF,H4,SHORT,Trend+Momentum+Volatility
USDCHF_H4_28,3,SQX-USDCHF-H4-3b3173a69dad,USDCHF,H4,SHORT,Trend+Momentum+Volatility
USDCHF_H4_28,3,SQX-USDCHF-H4-e8bb1163e120,USDCHF,H4,SHORT,Trend+Momentum+Volatility
USDCHF_H4_29,3,SQX-USDCHF-H4-28d59bfc9118,USDCHF,H4,SHORT,Trend+Structure
USDCHF_H4_29,3,SQX-USDCHF-H4-468df3d8aa0c,USDCHF,H4,SHORT,Trend+Momentum+Structure
USDCHF_H4_29,3,SQX-USDCHF-H4-a4254d592258,USDCHF,H4,SHORT,Trend+Structure
USDCHF_H4_30,3,SQX-USDCHF-H4-4836a921e824,USDCHF,H4,SHORT,Trend+Momentum
USDCHF_H4_30,3,SQX-USDCHF-H4-791dedfeb8f7,USDCHF,H4,SHORT,Trend+Momentum
USDCHF_H4_30,3,SQX-USDCHF-H4-ec2de2b1aada,USDCHF,H4,SHORT,Trend+Momentum
USDCHF_H4_31,3,SQX-USDCHF-H4-7124f3b22bb8,USDCHF,H4,SHORT,Trend+Momentum+Structure
USDCHF_H4_31,3,SQX-USDCHF-H4-9207fe2ce0ec,USDCHF,H4,SHORT,Trend+Momentum+Structure
USDCHF_H4_31,3,SQX-USDCHF-H4-f2c2ea39c99f,USDCHF,H4,SHORT,Momentum+Volatility+Structure
USDCHF_H4_32,3,SQX-USDCHF-H4-82320b157c3f,USDCHF,H4,SHORT,Trend+Momentum+Volatility
USDCHF_H4_32,3,SQX-USDCHF-H4-aa4ae22f2e8d,USDCHF,H4,SHORT,Trend+Momentum+Volatility
USDCHF_H4_32,3,SQX-USDCHF-H4-fec2f565cae2,USDCHF,H4,SHORT,Trend+Momentum+Volatility
USDCHF_H4_33,3,SQX-USDCHF-H4-9b912579605b,USDCHF,H4,SHORT,Trend+Momentum
USDCHF_H4_33,3,SQX-USDCHF-H4-a2015211a298,USDCHF,H4,SHORT,Trend
USDCHF_H4_33,3,SQX-USDCHF-H4-c6c020d4103d,USDCHF,H4,SHORT,Trend+Momentum+Volatility
USDCHF_H4_34,2,SQX-USDCHF-H4-00c7bb65f066,USDCHF,H4,SHORT,Trend+Momentum+Volatility+Structure
USDCHF_H4_34,2,SQX-USDCHF-H4-4e2b114af600,USDCHF,H4,SHORT,Trend+Volatility+Structure
USDCHF_H4_35,2,SQX-USDCHF-H4-03132bfc2788,USDCHF,H4,SHORT,Trend+Momentum+Volatility
USDCHF_H4_35,2,SQX-USDCHF-H4-e4e5d49562d2,USDCHF,H4,SHORT,Trend+Momentum+Volatility
USDCHF_H4_36,2,SQX-USDCHF-H4-0a93129268a3,USDCHF,H4,SHORT,Trend+Momentum+Volatility
USDCHF_H4_36,2,SQX-USDCHF-H4-9eb006a4413a,USDCHF,H4,SHORT,Trend+Volatility
USDCHF_H4_37,2,SQX-USDCHF-H4-0bdb65670e29,USDCHF,H4,SHORT,Trend+Volatility+Structure
USDCHF_H4_37,2,SQX-USDCHF-H4-ab32adc6f6c7,USDCHF,H4,SHORT,Trend+Momentum+Volatility+Structure
USDCHF_H4_38,2,SQX-USDCHF-H4-17d97612f928,USDCHF,H4,SHORT,Trend+Momentum+Volatility
USDCHF_H4_38,2,SQX-USDCHF-H4-1b1d44275bad,USDCHF,H4,SHORT,Trend+Momentum+Volatility
USDCHF_H4_39,2,SQX-USDCHF-H4-18ca575d25ec,USDCHF,H4,SHORT,Trend+Momentum+Volatility
USDCHF_H4_39,2,SQX-USDCHF-H4-7b3fcf8cd974,USDCHF,H4,SHORT,Trend+Momentum+Volatility
USDCHF_H4_40,2,SQX-USDCHF-H4-19e2788fd283,USDCHF,H4,SHORT,Trend+Momentum+Volatility
USDCHF_H4_40,2,SQX-USDCHF-H4-878e40821bbf,USDCHF,H4,SHORT,Trend+Momentum+Volatility
USDCHF_H4_41,2,SQX-USDCHF-H4-1be369420234,USDCHF,H4,SHORT,Trend+Momentum+Volatility
USDCHF_H4_41,2,SQX-USDCHF-H4-a340e02f5083,USDCHF,H4,SHORT,Trend+Momentum+Volatility
USDCHF_H4_42,2,SQX-USDCHF-H4-225d695d06ab,USDCHF,H4,SHORT,Trend+Momentum+Volatility
USDCHF_H4_42,2,SQX-USDCHF-H4-499db18f78cb,USDCHF,H4,SHORT,Trend+Momentum+Volatility
USDCHF_H4_43,2,SQX-USDCHF-H4-263bc9946f57,USDCHF,H4,SHORT,Momentum+Volatility
USDCHF_H4_43,2,SQX-USDCHF-H4-c29a6264cc2e,USDCHF,H4,SHORT,Momentum+Volatility
USDCHF_H4_44,2,SQX-USDCHF-H4-297a5412ee48,USDCHF,H4,SHORT,Trend+Structure
USDCHF_H4_44,2,SQX-USDCHF-H4-d22bad1f5f84,USDCHF,H4,SHORT,Trend+Structure
USDCHF_H4_45,2,SQX-USDCHF-H4-29fefb8118f7,USDCHF,H4,SHORT,Momentum+Structure
USDCHF_H4_45,2,SQX-USDCHF-H4-9c3133f9a3ce,USDCHF,H4,SHORT,Momentum+Structure
USDCHF_H4_46,2,SQX-USDCHF-H4-2a6fe03af03f,USDCHF,H4,SHORT,Trend+Momentum+Volatility
USDCHF_H4_46,2,SQX-USDCHF-H4-d9038505d108,USDCHF,H4,SHORT,Trend+Momentum
USDCHF_H4_47,2,SQX-USDCHF-H4-2e89ad018220,USDCHF,H4,SHORT,Momentum+Volatility
USDCHF_H4_47,2,SQX-USDCHF-H4-c3f7d2933e34,USDCHF,H4,SHORT,Momentum+Volatility
USDCHF_H4_48,2,SQX-USDCHF-H4-47b87cbb537a,USDCHF,H4,SHORT,Trend+Momentum+Structure
USDCHF_H4_48,2,SQX-USDCHF-H4-d4cb48dab342,USDCHF,H4,SHORT,Trend+Momentum+Structure
USDCHF_H4_49,2,SQX-USDCHF-H4-51ca4c41d57a,USDCHF,H4,SHORT,Momentum+Structure
USDCHF_H4_49,2,SQX-USDCHF-H4-d4dc35f3a114,USDCHF,H4,SHORT,Momentum+Volatility+Structure
USDCHF_H4_50,2,SQX-USDCHF-H4-54170bb4442a,USDCHF,H4,SHORT,Trend+Momentum+Structure
USDCHF_H4_50,2,SQX-USDCHF-H4-d69297b4f97d,USDCHF,H4,SHORT,Trend+Momentum+Structure
USDCHF_H4_51,2,SQX-USDCHF-H4-5da1cef8c49c,USDCHF,H4,SHORT,Trend+Momentum
USDCHF_H4_51,2,SQX-USDCHF-H4-e34a46c26a44,USDCHF,H4,SHORT,Trend+Momentum
USDCHF_H4_52,2,SQX-USDCHF-H4-604ac8361c90,USDCHF,H4,SHORT,Trend+Momentum+Volatility
USDCHF_H4_52,2,SQX-USDCHF-H4-6d7ad90f05d1,USDCHF,H4,SHORT,Trend+Momentum+Volatility
USDCHF_H4_53,2,SQX-USDCHF-H4-60d69c9517a7,USDCHF,H4,SHORT,Trend+Momentum+Volatility
USDCHF_H4_53,2,SQX-USDCHF-H4-d1df06617608,USDCHF,H4,SHORT,Trend+Volatility
USDCHF_H4_54,2,SQX-USDCHF-H4-6682135a7f46,USDCHF,H4,SHORT,Momentum+Structure
USDCHF_H4_54,2,SQX-USDCHF-H4-94c10d02ab7d,USDCHF,H4,SHORT,Trend+Momentum+Structure
USDCHF_H4_55,2,SQX-USDCHF-H4-6a6c040195b9,USDCHF,H4,SHORT,Trend+Momentum
USDCHF_H4_55,2,SQX-USDCHF-H4-bbf5ea3e03ad,USDCHF,H4,SHORT,Trend
USDCHF_H4_56,2,SQX-USDCHF-H4-6cd5326bce99,USDCHF,H4,SHORT,Momentum+Volatility+Structure
USDCHF_H4_56,2,SQX-USDCHF-H4-9f874645dbe9,USDCHF,H4,SHORT,Momentum+Volatility+Structure
USDCHF_H4_57,2,SQX-USDCHF-H4-6ce7de0e06b2,USDCHF,H4,SHORT,Trend+Momentum+Structure
USDCHF_H4_57,2,SQX-USDCHF-H4-f86ec5fee3c1,USDCHF,H4,SHORT,Trend+Momentum+Structure
USDCHF_H4_58,2,SQX-USDCHF-H4-761a5c955ce9,USDCHF,H4,SHORT,Trend+Volatility
USDCHF_H4_58,2,SQX-USDCHF-H4-fdff97365805,USDCHF,H4,SHORT,Trend+Momentum+Volatility
USDCHF_H4_59,2,SQX-USDCHF-H4-779c418572f6,USDCHF,H4,SHORT,Trend
USDCHF_H4_59,2,SQX-USDCHF-H4-e66ebc7b5d76,USDCHF,H4,SHORT,Trend
USDCHF_H4_60,2,SQX-USDCHF-H4-780d08574619,USDCHF,H4,SHORT,Trend
USDCHF_H4_60,2,SQX-USDCHF-H4-edc447f37a60,USDCHF,H4,SHORT,Trend
USDCHF_H4_61,2,SQX-USDCHF-H4-82053faf3a71,USDCHF,H4,SHORT,Trend+Structure
USDCHF_H4_61,2,SQX-USDCHF-H4-dd552f44b563,USDCHF,H4,SHORT,Trend+Structure
USDCHF_H4_62,2,SQX-USDCHF-H4-8c41ebb48375,USDCHF,H4,SHORT,Trend+Momentum
USDCHF_H4_62,2,SQX-USDCHF-H4-ac79e580a41a,USDCHF,H4,SHORT,Trend+Momentum
USDCHF_H4_63,2,SQX-USDCHF-H4-8db7a7201bf9,USDCHF,H4,SHORT,Trend+Momentum+Structure
USDCHF_H4_63,2,SQX-USDCHF-H4-e6bdc360e87e,USDCHF,H4,SHORT,Trend+Momentum+Structure
USDCHF_H4_64,2,SQX-USDCHF-H4-91cf5c235f70,USDCHF,H4,SHORT,Trend+Volatility
USDCHF_H4_64,2,SQX-USDCHF-H4-f1e6097124b2,USDCHF,H4,SHORT,Trend+Momentum+Volatility
USDCHF_H4_65,2,SQX-USDCHF-H4-af2e4e88e580,USDCHF,H4,SHORT,Trend+Momentum
USDCHF_H4_65,2,SQX-USDCHF-H4-b380e62e53d0,USDCHF,H4,SHORT,Trend+Momentum+Volatility
USDCHF_H4_66,2,SQX-USDCHF-H4-be9af08140e5,USDCHF,H4,SHORT,Momentum+Structure
USDCHF_H4_66,2,SQX-USDCHF-H4-e678a0b949fa,USDCHF,H4,SHORT,Momentum+Structure
USDCHF_H4_67,2,SQX-USDCHF-H4-c42bf288e58b,USDCHF,H4,SHORT,Trend+Momentum
USDCHF_H4_67,2,SQX-USDCHF-H4-fccf7c080283,USDCHF,H4,SHORT,Trend
USDCHF_H4_68,2,SQX-USDCHF-H4-c58da44df231,USDCHF,H4,SHORT,Trend+Momentum+Volatility
USDCHF_H4_68,2,SQX-USDCHF-H4-e97f27d7a4f4,USDCHF,H4,SHORT,Trend+Momentum+Volatility
USDCHF_H4_69,2,SQX-USDCHF-H4-cebd191b9ce6,USDCHF,H4,SHORT,Momentum+Structure
USDCHF_H4_69,2,SQX-USDCHF-H4-d68a9f4a04a1,USDCHF,H4,SHORT,Momentum+Structure
USDCHF_H4_70,2,SQX-USDCHF-H4-d02000ce6014,USDCHF,H4,SHORT,Trend+Momentum+Structure
USDCHF_H4_70,2,SQX-USDCHF-H4-f5bdddc933c1,USDCHF,H4,SHORT,Trend+Momentum+Structure
USDCHF_H4_71,1,SQX-USDCHF-H4-000f3805ea7e,USDCHF,H4,SHORT,Momentum+Volatility
USDCHF_H4_72,1,SQX-USDCHF-H4-00cd588352af,USDCHF,H4,SHORT,Trend+Momentum
USDCHF_H4_73,1,SQX-USDCHF-H4-020895e2e8bb,USDCHF,H4,SHORT,Trend+Structure
USDCHF_H4_74,1,SQX-USDCHF-H4-023261dfcade,USDCHF,H4,SHORT,Momentum+Volatility+Structure
USDCHF_H4_75,1,SQX-USDCHF-H4-033ee4ab2884,USDCHF,H4,SHORT,Trend+Volatility
USDCHF_H4_76,1,SQX-USDCHF-H4-03986a1e76f4,USDCHF,H4,SHORT,Trend+Structure
USDCHF_H4_77,1,SQX-USDCHF-H4-039f0033bc44,USDCHF,H4,SHORT,Trend+Momentum+Structure
USDCHF_H4_78,1,SQX-USDCHF-H4-05269916cb61,USDCHF,H4,SHORT,Trend+Momentum
USDCHF_H4_79,1,SQX-USDCHF-H4-075d9121e7fd,USDCHF,H4,SHORT,Trend+Momentum+Structure
USDCHF_H4_80,1,SQX-USDCHF-H4-07685f451154,USDCHF,H4,SHORT,Momentum+Volatility
USDCHF_H4_81,1,SQX-USDCHF-H4-077893d41acd,USDCHF,H4,SHORT,Trend+Momentum+Volatility
USDCHF_H4_82,1,SQX-USDCHF-H4-083909d7a78b,USDCHF,H4,SHORT,Trend+Momentum
USDCHF_H4_83,1,SQX-USDCHF-H4-086adbad076d,USDCHF,H4,SHORT,Trend+Momentum+Structure
USDCHF_H4_84,1,SQX-USDCHF-H4-08a4c5a78ee0,USDCHF,H4,SHORT,Trend+Momentum
USDCHF_H4_85,1,SQX-USDCHF-H4-08dfb5032869,USDCHF,H4,SHORT,Trend+Momentum
USDCHF_H4_86,1,SQX-USDCHF-H4-08e65f5127b8,USDCHF,H4,SHORT,Momentum+Volatility
USDCHF_H4_87,1,SQX-USDCHF-H4-0a7fb34719d9,USDCHF,H4,SHORT,Trend+Volatility+Structure
USDCHF_H4_88,1,SQX-USDCHF-H4-0af11b077582,USDCHF,H4,SHORT,Momentum+Volatility
USDCHF_H4_89,1,SQX-USDCHF-H4-0b7309347b12,USDCHF,H4,SHORT,Trend+Momentum
USDCHF_H4_90,1,SQX-USDCHF-H4-0ba32eb52087,USDCHF,H4,SHORT,Momentum+Volatility+Structure
USDCHF_H4_91,1,SQX-USDCHF-H4-0bbae1194024,USDCHF,H4,SHORT,Momentum+Structure
USDCHF_H4_92,1,SQX-USDCHF-H4-0f0bca8647ef,USDCHF,H4,SHORT,Trend+Structure
USDCHF_H4_93,1,SQX-USDCHF-H4-0f1f01526152,USDCHF,H4,SHORT,Trend+Momentum+Structure
USDCHF_H4_94,1,SQX-USDCHF-H4-0f5c1f0dd43a,USDCHF,H4,SHORT,Trend+Momentum
USDCHF_H4_95,1,SQX-USDCHF-H4-0f72f92ada70,USDCHF,H4,SHORT,Momentum+Volatility
USDCHF_H4_96,1,SQX-USDCHF-H4-0f92a03b5a5c,USDCHF,H4,SHORT,Momentum+Volatility
USDCHF_H4_97,1,SQX-USDCHF-H4-12305f1f41f8,USDCHF,H4,SHORT,Trend+Momentum
USDCHF_H4_98,1,SQX-USDCHF-H4-129518c31b54,USDCHF,H4,SHORT,Trend+Momentum
USDCHF_H4_99,1,SQX-USDCHF-H4-19d8042714e3,USDCHF,H4,SHORT,Trend+Momentum+Volatility+Structure
USDCHF_H4_100,1,SQX-USDCHF-H4-1acff5ecbd38,USDCHF,H4,SHORT,Volatility
USDCHF_H4_101,1,SQX-USDCHF-H4-1c4bc9037ca4,USDCHF,H4,SHORT,Trend+Momentum+Volatility
USDCHF_H4_102,1,SQX-USDCHF-H4-1d8bc158d4fd,USDCHF,H4,SHORT,Trend+Momentum+Volatility+Structure
USDCHF_H4_103,1,SQX-USDCHF-H4-1e5c5e460b23,USDCHF,H4,SHORT,Trend+Momentum+Volatility
USDCHF_H4_104,1,SQX-USDCHF-H4-1fb1d47bcfdf,USDCHF,H4,SHORT,Momentum+Volatility+Structure
USDCHF_H4_105,1,SQX-USDCHF-H4-1fdeedfe897c,USDCHF,H4,SHORT,Trend+Momentum+Volatility
USDCHF_H4_106,1,SQX-USDCHF-H4-21815e8b1c26,USDCHF,H4,SHORT,Trend+Momentum+Volatility
USDCHF_H4_107,1,SQX-USDCHF-H4-2246b0e0ea28,USDCHF,H4,SHORT,Trend+Momentum
USDCHF_H4_108,1,SQX-USDCHF-H4-246d8de16f90,USDCHF,H4,SHORT,Trend+Momentum+Structure
USDCHF_H4_109,1,SQX-USDCHF-H4-28e923068717,USDCHF,H4,SHORT,Trend+Structure
USDCHF_H4_110,1,SQX-USDCHF-H4-2a84c47fa5d1,USDCHF,H4,SHORT,Trend+Momentum+Volatility
USDCHF_H4_111,1,SQX-USDCHF-H4-2afd60591b29,USDCHF,H4,SHORT,Trend+Momentum+Structure
USDCHF_H4_112,1,SQX-USDCHF-H4-2c1374d7a87c,USDCHF,H4,SHORT,Momentum+Structure
USDCHF_H4_113,1,SQX-USDCHF-H4-2ddbee641368,USDCHF,H4,SHORT,Momentum+Structure
USDCHF_H4_114,1,SQX-USDCHF-H4-2f0fa95dd10a,USDCHF,H4,SHORT,Trend+Momentum+Volatility+Structure
USDCHF_H4_115,1,SQX-USDCHF-H4-2f2a1e9e2e3c,USDCHF,H4,SHORT,Momentum+Structure
USDCHF_H4_116,1,SQX-USDCHF-H4-2f3a480fc5e3,USDCHF,H4,SHORT,Trend+Momentum+Volatility
USDCHF_H4_117,1,SQX-USDCHF-H4-2f7eb589a2c2,USDCHF,H4,SHORT,Momentum+Volatility
USDCHF_H4_118,1,SQX-USDCHF-H4-306ae9ecee9a,USDCHF,H4,SHORT,Trend
USDCHF_H4_119,1,SQX-USDCHF-H4-33cae061804e,USDCHF,H4,SHORT,Trend+Momentum+Volatility
USDCHF_H4_120,1,SQX-USDCHF-H4-34ab3d68fff7,USDCHF,H4,SHORT,Momentum+Volatility
USDCHF_H4_121,1,SQX-USDCHF-H4-3543da8bac77,USDCHF,H4,SHORT,Momentum+Volatility
USDCHF_H4_122,1,SQX-USDCHF-H4-37b6b95d61f9,USDCHF,H4,SHORT,Trend+Momentum+Structure
USDCHF_H4_123,1,SQX-USDCHF-H4-3931f058b2bd,USDCHF,H4,SHORT,Momentum+Structure
USDCHF_H4_124,1,SQX-USDCHF-H4-3a4c40875242,USDCHF,H4,SHORT,Structure
USDCHF_H4_125,1,SQX-USDCHF-H4-3aa1e7bca25a,USDCHF,H4,SHORT,Momentum+Volatility
USDCHF_H4_126,1,SQX-USDCHF-H4-3aad77c3516d,USDCHF,H4,SHORT,Momentum+Volatility
USDCHF_H4_127,1,SQX-USDCHF-H4-3add9fe0145b,USDCHF,H4,SHORT,Trend+Volatility
USDCHF_H4_128,1,SQX-USDCHF-H4-3b4d9476c558,USDCHF,H4,SHORT,Trend+Momentum+Structure
USDCHF_H4_129,1,SQX-USDCHF-H4-4062ee7547dc,USDCHF,H4,SHORT,Trend+Momentum+Volatility
USDCHF_H4_130,1,SQX-USDCHF-H4-42012ae9b7b4,USDCHF,H4,SHORT,Trend+Momentum+Volatility
USDCHF_H4_131,1,SQX-USDCHF-H4-42ad17f9fa1b,USDCHF,H4,LONG,Trend+Volatility
USDCHF_H4_132,1,SQX-USDCHF-H4-44c9b9c73a60,USDCHF,H4,SHORT,Momentum+Structure
USDCHF_H4_133,1,SQX-USDCHF-H4-463c41e47161,USDCHF,H4,SHORT,Trend+Momentum+Volatility
USDCHF_H4_134,1,SQX-USDCHF-H4-4733fdfb6b35,USDCHF,H4,SHORT,Volatility
USDCHF_H4_135,1,SQX-USDCHF-H4-473e24f83914,USDCHF,H4,SHORT,Trend+Volatility
USDCHF_H4_136,1,SQX-USDCHF-H4-4bec125fa9fd,USDCHF,H4,SHORT,Momentum+Structure
USDCHF_H4_137,1,SQX-USDCHF-H4-4c32c32e3da3,USDCHF,H4,SHORT,Momentum+Structure
USDCHF_H4_138,1,SQX-USDCHF-H4-4f4e780dafb0,USDCHF,H4,SHORT,Momentum+Structure
USDCHF_H4_139,1,SQX-USDCHF-H4-50d9148211e2,USDCHF,H4,SHORT,Trend+Momentum+Structure
USDCHF_H4_140,1,SQX-USDCHF-H4-530e0653799f,USDCHF,H4,SHORT,Trend+Volatility+Structure
USDCHF_H4_141,1,SQX-USDCHF-H4-535de1bdc639,USDCHF,H4,SHORT,Trend+Momentum+Structure
USDCHF_H4_142,1,SQX-USDCHF-H4-539e33bd31b3,USDCHF,H4,SHORT,Trend
USDCHF_H4_143,1,SQX-USDCHF-H4-55f00e0d9549,USDCHF,H4,SHORT,Trend+Momentum+Structure
USDCHF_H4_144,1,SQX-USDCHF-H4-57820f0bb6cf,USDCHF,H4,SHORT,Trend
USDCHF_H4_145,1,SQX-USDCHF-H4-5a0fdf0d6785,USDCHF,H4,SHORT,Trend+Momentum+Structure
USDCHF_H4_146,1,SQX-USDCHF-H4-5b57abde105b,USDCHF,H4,SHORT,Trend+Momentum+Structure
USDCHF_H4_147,1,SQX-USDCHF-H4-5b98d9e0614c,USDCHF,H4,SHORT,Trend+Momentum+Volatility
USDCHF_H4_148,1,SQX-USDCHF-H4-5ca46145e4d6,USDCHF,H4,SHORT,Trend+Momentum
USDCHF_H4_149,1,SQX-USDCHF-H4-5e0b88b7d2a7,USDCHF,H4,SHORT,Trend+Momentum+Structure
USDCHF_H4_150,1,SQX-USDCHF-H4-5e6cf5c363f1,USDCHF,H4,SHORT,Trend+Momentum+Volatility
USDCHF_H4_151,1,SQX-USDCHF-H4-605ee79e2f91,USDCHF,H4,SHORT,Momentum+Structure
USDCHF_H4_152,1,SQX-USDCHF-H4-6065f5d695b5,USDCHF,H4,SHORT,Trend+Momentum
USDCHF_H4_153,1,SQX-USDCHF-H4-614f03b9e564,USDCHF,H4,SHORT,Momentum
USDCHF_H4_154,1,SQX-USDCHF-H4-6157500a4d45,USDCHF,H4,SHORT,Trend+Momentum
USDCHF_H4_155,1,SQX-USDCHF-H4-61d636c1de5f,USDCHF,H4,SHORT,Momentum+Structure
USDCHF_H4_156,1,SQX-USDCHF-H4-6205a1a298a5,USDCHF,H4,SHORT,Trend+Momentum
USDCHF_H4_157,1,SQX-USDCHF-H4-621e86eccdd3,USDCHF,H4,SHORT,Trend+Momentum+Structure
USDCHF_H4_158,1,SQX-USDCHF-H4-62c6e1d027cb,USDCHF,H4,SHORT,Trend+Momentum+Volatility
USDCHF_H4_159,1,SQX-USDCHF-H4-63554d04f550,USDCHF,H4,SHORT,Trend+Structure
USDCHF_H4_160,1,SQX-USDCHF-H4-63a93588ac05,USDCHF,H4,SHORT,Momentum+Volatility
USDCHF_H4_161,1,SQX-USDCHF-H4-643a7c1b2bc4,USDCHF,H4,SHORT,Trend+Momentum+Structure
USDCHF_H4_162,1,SQX-USDCHF-H4-650f733977b3,USDCHF,H4,SHORT,Momentum
USDCHF_H4_163,1,SQX-USDCHF-H4-67ef5bc7e915,USDCHF,H4,SHORT,Trend+Momentum
USDCHF_H4_164,1,SQX-USDCHF-H4-6869269d6b2f,USDCHF,H4,SHORT,Trend+Momentum
USDCHF_H4_165,1,SQX-USDCHF-H4-6a829bb6852e,USDCHF,H4,SHORT,Trend+Structure
USDCHF_H4_166,1,SQX-USDCHF-H4-6bfc735c4a71,USDCHF,H4,SHORT,Trend+Structure
USDCHF_H4_167,1,SQX-USDCHF-H4-6ca931c02c41,USDCHF,H4,SHORT,Trend+Momentum
USDCHF_H4_168,1,SQX-USDCHF-H4-6d0b650eccca,USDCHF,H4,SHORT,Trend+Volatility+Structure
USDCHF_H4_169,1,SQX-USDCHF-H4-6d0c2b85c63e,USDCHF,H4,SHORT,Trend+Momentum+Structure
USDCHF_H4_170,1,SQX-USDCHF-H4-6d7c87864eff,USDCHF,H4,SHORT,Trend+Momentum
USDCHF_H4_171,1,SQX-USDCHF-H4-6dcbf954f63b,USDCHF,H4,SHORT,Trend
USDCHF_H4_172,1,SQX-USDCHF-H4-7007a94ca363,USDCHF,H4,SHORT,Trend+Momentum
USDCHF_H4_173,1,SQX-USDCHF-H4-70b8f23f1fc6,USDCHF,H4,SHORT,Trend+Momentum+Volatility+Structure
USDCHF_H4_174,1,SQX-USDCHF-H4-7179b296c0f6,USDCHF,H4,SHORT,Momentum+Volatility+Structure
USDCHF_H4_175,1,SQX-USDCHF-H4-739789585e6f,USDCHF,H4,SHORT,Momentum+Structure
USDCHF_H4_176,1,SQX-USDCHF-H4-73d0dab1c61a,USDCHF,H4,SHORT,Trend
USDCHF_H4_177,1,SQX-USDCHF-H4-74f4e1c5d0fa,USDCHF,H4,SHORT,Trend+Volatility
USDCHF_H4_178,1,SQX-USDCHF-H4-754446e7f21d,USDCHF,H4,SHORT,Trend+Momentum
USDCHF_H4_179,1,SQX-USDCHF-H4-7597fd3392ec,USDCHF,H4,SHORT,Trend+Structure
USDCHF_H4_180,1,SQX-USDCHF-H4-75f3cd865621,USDCHF,H4,SHORT,Volatility+Structure
USDCHF_H4_181,1,SQX-USDCHF-H4-764b7a6acc4e,USDCHF,H4,SHORT,Trend+Momentum
USDCHF_H4_182,1,SQX-USDCHF-H4-76c28fa593d3,USDCHF,H4,SHORT,Volatility+Structure
USDCHF_H4_183,1,SQX-USDCHF-H4-77fda5dab580,USDCHF,H4,SHORT,Momentum+Volatility
USDCHF_H4_184,1,SQX-USDCHF-H4-78a8c2bf719f,USDCHF,H4,SHORT,Volatility+Structure
USDCHF_H4_185,1,SQX-USDCHF-H4-797e6ff9d5ac,USDCHF,H4,SHORT,Trend+Momentum+Volatility+Structure
USDCHF_H4_186,1,SQX-USDCHF-H4-799333795d80,USDCHF,H4,SHORT,Trend+Momentum
USDCHF_H4_187,1,SQX-USDCHF-H4-7bb7f2957cc6,USDCHF,H4,LONG,Trend+Momentum+Volatility
USDCHF_H4_188,1,SQX-USDCHF-H4-7bce0e129a9e,USDCHF,H4,SHORT,Momentum+Volatility
USDCHF_H4_189,1,SQX-USDCHF-H4-7bf8f658beb1,USDCHF,H4,SHORT,Trend+Momentum+Volatility
USDCHF_H4_190,1,SQX-USDCHF-H4-7cbca580e91a,USDCHF,H4,SHORT,Trend+Momentum
USDCHF_H4_191,1,SQX-USDCHF-H4-7cfd352c3fc6,USDCHF,H4,SHORT,Momentum+Volatility
USDCHF_H4_192,1,SQX-USDCHF-H4-7dfdbeeb7837,USDCHF,H4,SHORT,Trend+Momentum+Structure
USDCHF_H4_193,1,SQX-USDCHF-H4-7e398b965f02,USDCHF,H4,SHORT,Trend+Momentum+Structure
USDCHF_H4_194,1,SQX-USDCHF-H4-7fc5400dfef9,USDCHF,H4,SHORT,Trend+Momentum+Structure
USDCHF_H4_195,1,SQX-USDCHF-H4-8088e30e7f05,USDCHF,H4,SHORT,Trend+Structure
USDCHF_H4_196,1,SQX-USDCHF-H4-811bba7a7f05,USDCHF,H4,SHORT,Momentum+Volatility
USDCHF_H4_197,1,SQX-USDCHF-H4-8193437f0848,USDCHF,H4,SHORT,Momentum+Structure
USDCHF_H4_198,1,SQX-USDCHF-H4-82a66754a3ca,USDCHF,H4,SHORT,Trend+Momentum
USDCHF_H4_199,1,SQX-USDCHF-H4-83837b238839,USDCHF,H4,SHORT,Volatility+Structure
USDCHF_H4_200,1,SQX-USDCHF-H4-842b33cad2c4,USDCHF,H4,SHORT,Trend+Momentum+Structure
USDCHF_H4_201,1,SQX-USDCHF-H4-86499e05af8f,USDCHF,H4,SHORT,Trend+Momentum
USDCHF_H4_202,1,SQX-USDCHF-H4-8af749694609,USDCHF,H4,SHORT,Momentum+Structure
USDCHF_H4_203,1,SQX-USDCHF-H4-8b1d22803669,USDCHF,H4,SHORT,Trend+Momentum+Volatility
USDCHF_H4_204,1,SQX-USDCHF-H4-8cc3019b3c42,USDCHF,H4,SHORT,Structure
USDCHF_H4_205,1,SQX-USDCHF-H4-8ccd7bf14212,USDCHF,H4,SHORT,Trend+Momentum+Volatility
USDCHF_H4_206,1,SQX-USDCHF-H4-8dfe925533c8,USDCHF,H4,SHORT,Trend+Volatility+Structure
USDCHF_H4_207,1,SQX-USDCHF-H4-8e52e0b3771d,USDCHF,H4,SHORT,Trend
USDCHF_H4_208,1,SQX-USDCHF-H4-8e7b4dfe9dce,USDCHF,H4,LONG,Trend+Momentum
USDCHF_H4_209,1,SQX-USDCHF-H4-902cec9cc7b4,USDCHF,H4,SHORT,Trend+Volatility+Structure
USDCHF_H4_210,1,SQX-USDCHF-H4-916e1b229f03,USDCHF,H4,SHORT,Momentum+Structure
USDCHF_H4_211,1,SQX-USDCHF-H4-93d4e02e7304,USDCHF,H4,SHORT,Trend+Momentum+Structure
USDCHF_H4_212,1,SQX-USDCHF-H4-9437a60dcf2e,USDCHF,H4,SHORT,Volatility+Structure
USDCHF_H4_213,1,SQX-USDCHF-H4-944f9fcad8cc,USDCHF,H4,SHORT,Trend+Momentum+Volatility+Structure
USDCHF_H4_214,1,SQX-USDCHF-H4-95ff54b812f5,USDCHF,H4,SHORT,Trend+Momentum
USDCHF_H4_215,1,SQX-USDCHF-H4-96d214302143,USDCHF,H4,SHORT,Momentum+Structure
USDCHF_H4_216,1,SQX-USDCHF-H4-9b169ce88995,USDCHF,H4,SHORT,Momentum+Structure
USDCHF_H4_217,1,SQX-USDCHF-H4-9b5abf1fd4a4,USDCHF,H4,SHORT,Trend+Momentum+Volatility+Structure
USDCHF_H4_218,1,SQX-USDCHF-H4-9c617f8793f7,USDCHF,H4,SHORT,Momentum+Volatility
USDCHF_H4_219,1,SQX-USDCHF-H4-9e88b74cc3a0,USDCHF,H4,SHORT,Trend+Momentum+Structure
USDCHF_H4_220,1,SQX-USDCHF-H4-9ef100f7fa41,USDCHF,H4,SHORT,Trend+Momentum+Volatility
USDCHF_H4_221,1,SQX-USDCHF-H4-9fcef96b0fcc,USDCHF,H4,SHORT,Trend+Momentum+Structure
USDCHF_H4_222,1,SQX-USDCHF-H4-a0ae4aaefa6c,USDCHF,H4,SHORT,Momentum+Structure
USDCHF_H4_223,1,SQX-USDCHF-H4-a277f537e634,USDCHF,H4,SHORT,Trend+Momentum+Structure
USDCHF_H4_224,1,SQX-USDCHF-H4-a2f61eaecf06,USDCHF,H4,SHORT,Trend
USDCHF_H4_225,1,SQX-USDCHF-H4-a3a18cab841a,USDCHF,H4,LONG,Trend+Momentum+Volatility+Structure
USDCHF_H4_226,1,SQX-USDCHF-H4-a3e04d1a14c3,USDCHF,H4,SHORT,Trend+Momentum+Structure
USDCHF_H4_227,1,SQX-USDCHF-H4-a65b0b2caee9,USDCHF,H4,SHORT,Momentum+Volatility+Structure
USDCHF_H4_228,1,SQX-USDCHF-H4-a71b8db5d5b6,USDCHF,H4,SHORT,Trend+Momentum+Structure
USDCHF_H4_229,1,SQX-USDCHF-H4-a7865e55320e,USDCHF,H4,SHORT,Volatility+Structure
USDCHF_H4_230,1,SQX-USDCHF-H4-a948067ff365,USDCHF,H4,SHORT,Trend
USDCHF_H4_231,1,SQX-USDCHF-H4-a960a3e2e469,USDCHF,H4,SHORT,Trend+Volatility+Structure
USDCHF_H4_232,1,SQX-USDCHF-H4-aa935c799cae,USDCHF,H4,SHORT,Trend+Momentum+Volatility
USDCHF_H4_233,1,SQX-USDCHF-H4-ab4d5bd70b27,USDCHF,H4,SHORT,Trend+Volatility
USDCHF_H4_234,1,SQX-USDCHF-H4-ac36dabb1fb1,USDCHF,H4,SHORT,Trend+Momentum+Structure
USDCHF_H4_235,1,SQX-USDCHF-H4-ae1ce4b5384a,USDCHF,H4,SHORT,Trend+Momentum+Volatility
USDCHF_H4_236,1,SQX-USDCHF-H4-ae6d9aa8ab5c,USDCHF,H4,SHORT,Trend+Volatility
USDCHF_H4_237,1,SQX-USDCHF-H4-af0ae04a4a49,USDCHF,H4,SHORT,Trend+Momentum+Structure
USDCHF_H4_238,1,SQX-USDCHF-H4-af574133954c,USDCHF,H4,SHORT,Momentum+Structure
USDCHF_H4_239,1,SQX-USDCHF-H4-af5f21269d35,USDCHF,H4,SHORT,Trend+Momentum+Volatility
USDCHF_H4_240,1,SQX-USDCHF-H4-b095159cb714,USDCHF,H4,SHORT,Trend+Structure
USDCHF_H4_241,1,SQX-USDCHF-H4-b09e989894c1,USDCHF,H4,SHORT,Trend+Momentum+Volatility
USDCHF_H4_242,1,SQX-USDCHF-H4-b0cb08cbcd05,USDCHF,H4,SHORT,Trend+Momentum
USDCHF_H4_243,1,SQX-USDCHF-H4-b0d3a61b929d,USDCHF,H4,SHORT,Trend+Volatility
USDCHF_H4_244,1,SQX-USDCHF-H4-b17a4083d216,USDCHF,H4,SHORT,Trend+Momentum+Volatility
USDCHF_H4_245,1,SQX-USDCHF-H4-b1befa08a499,USDCHF,H4,SHORT,Trend+Momentum+Volatility
USDCHF_H4_246,1,SQX-USDCHF-H4-b2a9e80f17ad,USDCHF,H4,SHORT,Trend+Momentum+Structure
USDCHF_H4_247,1,SQX-USDCHF-H4-b4a9f3281087,USDCHF,H4,SHORT,Trend+Momentum
USDCHF_H4_248,1,SQX-USDCHF-H4-b5240170448d,USDCHF,H4,SHORT,Trend+Momentum+Structure
USDCHF_H4_249,1,SQX-USDCHF-H4-b545afd7ae74,USDCHF,H4,SHORT,Trend+Momentum+Structure
USDCHF_H4_250,1,SQX-USDCHF-H4-b79f2fb9c00d,USDCHF,H4,LONG,Momentum+Structure
USDCHF_H4_251,1,SQX-USDCHF-H4-b86a877d51dc,USDCHF,H4,SHORT,Trend+Momentum+Structure
USDCHF_H4_252,1,SQX-USDCHF-H4-b90350acec55,USDCHF,H4,SHORT,Trend+Momentum
USDCHF_H4_253,1,SQX-USDCHF-H4-ba364af684a5,USDCHF,H4,SHORT,Trend+Volatility
USDCHF_H4_254,1,SQX-USDCHF-H4-ba63592b18dd,USDCHF,H4,SHORT,Trend+Momentum+Structure
USDCHF_H4_255,1,SQX-USDCHF-H4-ba759d878dc3,USDCHF,H4,SHORT,Momentum+Structure
USDCHF_H4_256,1,SQX-USDCHF-H4-bb19dce403f8,USDCHF,H4,SHORT,Trend+Momentum+Volatility
USDCHF_H4_257,1,SQX-USDCHF-H4-bc6201412ec3,USDCHF,H4,SHORT,Momentum+Volatility
USDCHF_H4_258,1,SQX-USDCHF-H4-bc6f26317a76,USDCHF,H4,SHORT,Structure
USDCHF_H4_259,1,SQX-USDCHF-H4-bddc1526a124,USDCHF,H4,SHORT,Trend+Momentum
USDCHF_H4_260,1,SQX-USDCHF-H4-bfbe733015a8,USDCHF,H4,SHORT,Trend+Volatility+Structure
USDCHF_H4_261,1,SQX-USDCHF-H4-c005669bbad5,USDCHF,H4,SHORT,Trend+Momentum+Volatility+Structure
USDCHF_H4_262,1,SQX-USDCHF-H4-c01c1e507758,USDCHF,H4,SHORT,Trend+Momentum
USDCHF_H4_263,1,SQX-USDCHF-H4-c0899aef1ad5,USDCHF,H4,SHORT,Trend+Momentum
USDCHF_H4_264,1,SQX-USDCHF-H4-c0bb52ba5921,USDCHF,H4,SHORT,Trend+Momentum
USDCHF_H4_265,1,SQX-USDCHF-H4-c1190f484c00,USDCHF,H4,SHORT,Trend+Momentum+Structure
USDCHF_H4_266,1,SQX-USDCHF-H4-c12889e5fc47,USDCHF,H4,SHORT,Trend+Momentum+Structure
USDCHF_H4_267,1,SQX-USDCHF-H4-c15d4c4d72e8,USDCHF,H4,SHORT,Trend+Momentum+Structure
USDCHF_H4_268,1,SQX-USDCHF-H4-c288dcf27631,USDCHF,H4,SHORT,Trend
USDCHF_H4_269,1,SQX-USDCHF-H4-c2d652c7a54b,USDCHF,H4,SHORT,Trend+Momentum+Volatility
USDCHF_H4_270,1,SQX-USDCHF-H4-c5793c6fa936,USDCHF,H4,SHORT,Trend+Momentum+Structure
USDCHF_H4_271,1,SQX-USDCHF-H4-c6c6c9ebff8c,USDCHF,H4,SHORT,Trend+Volatility+Structure
USDCHF_H4_272,1,SQX-USDCHF-H4-c8ba36fc2a1a,USDCHF,H4,SHORT,Volatility+Structure
USDCHF_H4_273,1,SQX-USDCHF-H4-c9d2d59fed31,USDCHF,H4,SHORT,Momentum+Volatility+Structure
USDCHF_H4_274,1,SQX-USDCHF-H4-ca4ca2a00656,USDCHF,H4,SHORT,Trend+Momentum
USDCHF_H4_275,1,SQX-USDCHF-H4-cb85bbb4b30a,USDCHF,H4,SHORT,Trend+Volatility+Structure
USDCHF_H4_276,1,SQX-USDCHF-H4-cd37b9df4aea,USDCHF,H4,SHORT,Trend+Momentum
USDCHF_H4_277,1,SQX-USDCHF-H4-ce6c2863a068,USDCHF,H4,SHORT,Trend+Momentum+Volatility+Structure
USDCHF_H4_278,1,SQX-USDCHF-H4-cf906db7d3bc,USDCHF,H4,SHORT,Trend+Momentum+Volatility
USDCHF_H4_279,1,SQX-USDCHF-H4-cff643c73e43,USDCHF,H4,LONG,Trend+Momentum
USDCHF_H4_280,1,SQX-USDCHF-H4-d14425eb9e0a,USDCHF,H4,SHORT,Trend+Momentum+Structure
USDCHF_H4_281,1,SQX-USDCHF-H4-d2b170a86139,USDCHF,H4,SHORT,Trend+Momentum+Volatility
USDCHF_H4_282,1,SQX-USDCHF-H4-d2c09503c98e,USDCHF,H4,SHORT,Trend+Momentum+Volatility
USDCHF_H4_283,1,SQX-USDCHF-H4-d357d6755cc9,USDCHF,H4,SHORT,Trend+Momentum+Volatility
USDCHF_H4_284,1,SQX-USDCHF-H4-d4ee9cad6ae8,USDCHF,H4,SHORT,Momentum+Volatility
USDCHF_H4_285,1,SQX-USDCHF-H4-d5481a869226,USDCHF,H4,SHORT,Trend+Momentum+Volatility
USDCHF_H4_286,1,SQX-USDCHF-H4-d6147f2adcf5,USDCHF,H4,SHORT,Trend+Momentum+Structure
USDCHF_H4_287,1,SQX-USDCHF-H4-d6575f964a1d,USDCHF,H4,SHORT,Trend+Momentum
USDCHF_H4_288,1,SQX-USDCHF-H4-d7645646710a,USDCHF,H4,SHORT,Trend+Momentum+Structure
USDCHF_H4_289,1,SQX-USDCHF-H4-d8a3108c2dea,USDCHF,H4,SHORT,Volatility+Structure
USDCHF_H4_290,1,SQX-USDCHF-H4-d9df131cf302,USDCHF,H4,LONG,Trend+Volatility+Structure
USDCHF_H4_291,1,SQX-USDCHF-H4-da845f29e341,USDCHF,H4,SHORT,Trend+Momentum+Structure
USDCHF_H4_292,1,SQX-USDCHF-H4-dab2932711d6,USDCHF,H4,SHORT,Momentum
USDCHF_H4_293,1,SQX-USDCHF-H4-dad5211a0782,USDCHF,H4,SHORT,Trend+Structure
USDCHF_H4_294,1,SQX-USDCHF-H4-db9ae03f9559,USDCHF,H4,SHORT,Trend
USDCHF_H4_295,1,SQX-USDCHF-H4-e18821a1b8b3,USDCHF,H4,SHORT,Trend+Momentum
USDCHF_H4_296,1,SQX-USDCHF-H4-e2560bc7c358,USDCHF,H4,SHORT,Trend+Structure
USDCHF_H4_297,1,SQX-USDCHF-H4-e313f5f6f33d,USDCHF,H4,SHORT,Trend+Volatility
USDCHF_H4_298,1,SQX-USDCHF-H4-e31e0317af0c,USDCHF,H4,SHORT,Momentum+Volatility+Structure
USDCHF_H4_299,1,SQX-USDCHF-H4-e3a84b566e32,USDCHF,H4,SHORT,Trend+Momentum
USDCHF_H4_300,1,SQX-USDCHF-H4-e4a57ab0bf1a,USDCHF,H4,SHORT,Momentum+Volatility
USDCHF_H4_301,1,SQX-USDCHF-H4-e64fe4126962,USDCHF,H4,SHORT,Trend+Momentum
USDCHF_H4_302,1,SQX-USDCHF-H4-e7714d11f935,USDCHF,H4,SHORT,Volatility+Structure
USDCHF_H4_303,1,SQX-USDCHF-H4-e8f1630018c9,USDCHF,H4,SHORT,Trend
USDCHF_H4_304,1,SQX-USDCHF-H4-e8fd3cd4b29f,USDCHF,H4,SHORT,Trend
USDCHF_H4_305,1,SQX-USDCHF-H4-e9ab9201da50,USDCHF,H4,SHORT,Momentum+Volatility+Structure
USDCHF_H4_306,1,SQX-USDCHF-H4-ec18f67beec9,USDCHF,H4,SHORT,Trend+Volatility
USDCHF_H4_307,1,SQX-USDCHF-H4-ec8f25f84642,USDCHF,H4,SHORT,Momentum+Volatility+Structure
USDCHF_H4_308,1,SQX-USDCHF-H4-eca6b1f0cdda,USDCHF,H4,SHORT,Trend+Momentum+Structure
USDCHF_H4_309,1,SQX-USDCHF-H4-f02c0312c5b1,USDCHF,H4,SHORT,Trend+Momentum+Volatility
USDCHF_H4_310,1,SQX-USDCHF-H4-f0ca7e7a1419,USDCHF,H4,SHORT,Trend+Momentum
USDCHF_H4_311,1,SQX-USDCHF-H4-f32cf84dde28,USDCHF,H4,SHORT,Momentum
USDCHF_H4_312,1,SQX-USDCHF-H4-f33c6653f078,USDCHF,H4,SHORT,Trend+Momentum
USDCHF_H4_313,1,SQX-USDCHF-H4-f3500c19b583,USDCHF,H4,SHORT,Trend+Momentum
USDCHF_H4_314,1,SQX-USDCHF-H4-f38c468b362a,USDCHF,H4,SHORT,Trend+Structure
USDCHF_H4_315,1,SQX-USDCHF-H4-f530e8eecc06,USDCHF,H4,SHORT,Trend+Momentum+Volatility+Structure
USDCHF_H4_316,1,SQX-USDCHF-H4-f5d3c447839c,USDCHF,H4,SHORT,Momentum
USDCHF_H4_317,1,SQX-USDCHF-H4-f6c87c7c0b04,USDCHF,H4,SHORT,Trend+Momentum+Volatility
USDCHF_H4_318,1,SQX-USDCHF-H4-f70dea706580,USDCHF,H4,SHORT,Trend+Momentum
USDCHF_H4_319,1,SQX-USDCHF-H4-f7149e08b4d3,USDCHF,H4,SHORT,Trend+Momentum+Volatility
USDCHF_H4_320,1,SQX-USDCHF-H4-f7203fa7a3c8,USDCHF,H4,SHORT,Trend+Momentum+Volatility
USDCHF_H4_321,1,SQX-USDCHF-H4-f79e4fbc8c08,USDCHF,H4,SHORT,Trend+Momentum
USDCHF_H4_322,1,SQX-USDCHF-H4-f8a0704b32c3,USDCHF,H4,SHORT,Trend+Momentum
USDCHF_H4_323,1,SQX-USDCHF-H4-f98831c73976,USDCHF,H4,SHORT,Momentum+Structure
USDCHF_H4_324,1,SQX-USDCHF-H4-f9f2ee2214b3,USDCHF,H4,SHORT,Momentum+Volatility
USDCHF_H4_325,1,SQX-USDCHF-H4-fa032ecd56d5,USDCHF,H4,SHORT,Momentum+Volatility
USDCHF_H4_326,1,SQX-USDCHF-H4-fa6a4b6823ac,USDCHF,H4,SHORT,Trend+Volatility+Structure
USDCHF_H4_327,1,SQX-USDCHF-H4-faff98d6aea5,USDCHF,H4,SHORT,Momentum+Volatility+Structure
USDCHF_H4_328,1,SQX-USDCHF-H4-fb4b39ad4880,USDCHF,H4,SHORT,Trend
USDCHF_H4_329,1,SQX-USDCHF-H4-fcf7b4640832,USDCHF,H4,SHORT,Trend+Momentum+Structure
USDCHF_H4_330,1,SQX-USDCHF-H4-fe564178b401,USDCHF,H4,SHORT,Trend+Momentum+Structure
USDCHF_H4_331,1,SQX-USDCHF-H4-fe850c1d9dec,USDCHF,H4,SHORT,Momentum+Volatility
USDCHF_H4_332,1,SQX-USDCHF-H4-fe868ad95a79,USDCHF,H4,LONG,Trend+Momentum
USDCHF_H4_333,1,SQX-USDCHF-H4-ff1d175827d0,USDCHF,H4,SHORT,Momentum+Structure
USDCHF_H4_334,1,SQX-USDCHF-H4-ffbe2066aa4c,USDCHF,H4,SHORT,Trend+Momentum+Structure
USDJPY_H1_1,31,SQX-USDJPY-H1-14b282d3c524,USDJPY,H1,LONG,Trend+Volatility
USDJPY_H1_1,31,SQX-USDJPY-H1-1c6172af2764,USDJPY,H1,LONG,Trend+Volatility
USDJPY_H1_1,31,SQX-USDJPY-H1-228d36948bb8,USDJPY,H1,LONG,Trend+Volatility
USDJPY_H1_1,31,SQX-USDJPY-H1-2c4570fe28ef,USDJPY,H1,LONG,Trend+Volatility
USDJPY_H1_1,31,SQX-USDJPY-H1-33f27b8c8151,USDJPY,H1,LONG,Trend+Momentum+Volatility
USDJPY_H1_1,31,SQX-USDJPY-H1-44e025a5e428,USDJPY,H1,LONG,Trend+Volatility
USDJPY_H1_1,31,SQX-USDJPY-H1-44f990ea3f6e,USDJPY,H1,LONG,Trend+Volatility
USDJPY_H1_1,31,SQX-USDJPY-H1-467345e0ffef,USDJPY,H1,LONG,Trend+Momentum+Volatility
USDJPY_H1_1,31,SQX-USDJPY-H1-5d7596c61157,USDJPY,H1,LONG,Trend+Volatility
USDJPY_H1_1,31,SQX-USDJPY-H1-65fa27ab92a9,USDJPY,H1,LONG,Trend+Volatility
USDJPY_H1_1,31,SQX-USDJPY-H1-6789dd00cd8e,USDJPY,H1,LONG,Trend+Volatility
USDJPY_H1_1,31,SQX-USDJPY-H1-741c7eb1c964,USDJPY,H1,LONG,Trend+Momentum+Volatility
USDJPY_H1_1,31,SQX-USDJPY-H1-75445042a11f,USDJPY,H1,LONG,Trend+Volatility
USDJPY_H1_1,31,SQX-USDJPY-H1-7e3bac1ff68b,USDJPY,H1,LONG,Trend+Volatility
USDJPY_H1_1,31,SQX-USDJPY-H1-9213a59753de,USDJPY,H1,LONG,Trend+Volatility
USDJPY_H1_1,31,SQX-USDJPY-H1-957d0e570e25,USDJPY,H1,LONG,Trend+Volatility
USDJPY_H1_1,31,SQX-USDJPY-H1-99247359e501,USDJPY,H1,LONG,Trend+Volatility
USDJPY_H1_1,31,SQX-USDJPY-H1-a49a5b750ce6,USDJPY,H1,LONG,Trend+Volatility
USDJPY_H1_1,31,SQX-USDJPY-H1-a4ddf92e2341,USDJPY,H1,LONG,Trend+Volatility
USDJPY_H1_1,31,SQX-USDJPY-H1-a5f92f20dddb,USDJPY,H1,LONG,Trend+Volatility
USDJPY_H1_1,31,SQX-USDJPY-H1-a70e75ce29d0,USDJPY,H1,LONG,Trend+Volatility
USDJPY_H1_1,31,SQX-USDJPY-H1-aa6e548e4031,USDJPY,H1,LONG,Trend+Volatility
USDJPY_H1_1,31,SQX-USDJPY-H1-bff59002fa80,USDJPY,H1,LONG,Trend+Volatility
USDJPY_H1_1,31,SQX-USDJPY-H1-c388e017917d,USDJPY,H1,LONG,Trend+Volatility
USDJPY_H1_1,31,SQX-USDJPY-H1-d2dd27428ec7,USDJPY,H1,LONG,Trend+Momentum+Volatility
USDJPY_H1_1,31,SQX-USDJPY-H1-d9b09fd29e4f,USDJPY,H1,LONG,Trend+Volatility
USDJPY_H1_1,31,SQX-USDJPY-H1-dee2d4c5a04b,USDJPY,H1,LONG,Trend+Volatility
USDJPY_H1_1,31,SQX-USDJPY-H1-ec4f5511ec88,USDJPY,H1,LONG,Trend+Volatility
USDJPY_H1_1,31,SQX-USDJPY-H1-f1ec11e0499e,USDJPY,H1,LONG,Trend+Volatility
USDJPY_H1_1,31,SQX-USDJPY-H1-f20001fa72e6,USDJPY,H1,LONG,Trend+Volatility
USDJPY_H1_1,31,SQX-USDJPY-H1-f61f9ae20107,USDJPY,H1,LONG,Trend+Volatility
USDJPY_H1_2,21,SQX-USDJPY-H1-0b288360bc01,USDJPY,H1,LONG,Momentum+Volatility
USDJPY_H1_2,21,SQX-USDJPY-H1-2508672f8f86,USDJPY,H1,LONG,Volatility+Structure
USDJPY_H1_2,21,SQX-USDJPY-H1-2d72fe9144ba,USDJPY,H1,LONG,Trend+Volatility
USDJPY_H1_2,21,SQX-USDJPY-H1-33a8707224bb,USDJPY,H1,LONG,Momentum+Volatility
USDJPY_H1_2,21,SQX-USDJPY-H1-3cfb42ab68d2,USDJPY,H1,LONG,Trend+Momentum+Volatility
USDJPY_H1_2,21,SQX-USDJPY-H1-64fcfe13cad6,USDJPY,H1,LONG,Volatility
USDJPY_H1_2,21,SQX-USDJPY-H1-66232d476eb8,USDJPY,H1,LONG,Momentum+Volatility
USDJPY_H1_2,21,SQX-USDJPY-H1-6c3d771fe1fd,USDJPY,H1,LONG,Momentum+Volatility
USDJPY_H1_2,21,SQX-USDJPY-H1-8e42148f838b,USDJPY,H1,LONG,Volatility
USDJPY_H1_2,21,SQX-USDJPY-H1-95bb87bfa586,USDJPY,H1,LONG,Momentum+Volatility
USDJPY_H1_2,21,SQX-USDJPY-H1-9d709204967a,USDJPY,H1,LONG,Volatility
USDJPY_H1_2,21,SQX-USDJPY-H1-a0cf96a0607a,USDJPY,H1,LONG,Momentum+Volatility
USDJPY_H1_2,21,SQX-USDJPY-H1-a2ce1e503673,USDJPY,H1,LONG,Volatility
USDJPY_H1_2,21,SQX-USDJPY-H1-a6b1c63d7990,USDJPY,H1,LONG,Trend+Volatility
USDJPY_H1_2,21,SQX-USDJPY-H1-a75770a28a64,USDJPY,H1,LONG,Volatility
USDJPY_H1_2,21,SQX-USDJPY-H1-b23fefac2b93,USDJPY,H1,LONG,Momentum+Volatility
USDJPY_H1_2,21,SQX-USDJPY-H1-baac7304c464,USDJPY,H1,LONG,Momentum+Volatility
USDJPY_H1_2,21,SQX-USDJPY-H1-c0fd377832c9,USDJPY,H1,LONG,Momentum+Volatility
USDJPY_H1_2,21,SQX-USDJPY-H1-c37ec61cc4fe,USDJPY,H1,LONG,Trend+Volatility
USDJPY_H1_2,21,SQX-USDJPY-H1-ddf3501ec9d6,USDJPY,H1,LONG,Trend+Momentum+Volatility
USDJPY_H1_2,21,SQX-USDJPY-H1-ed479e724b3a,USDJPY,H1,LONG,Trend+Volatility
USDJPY_H1_3,18,SQX-USDJPY-H1-02adefd3f5af,USDJPY,H1,LONG,Volatility+Structure
USDJPY_H1_3,18,SQX-USDJPY-H1-1eb32755cd36,USDJPY,H1,LONG,Trend+Volatility
USDJPY_H1_3,18,SQX-USDJPY-H1-5c699fcae004,USDJPY,H1,LONG,Volatility
USDJPY_H1_3,18,SQX-USDJPY-H1-66c63ea61504,USDJPY,H1,LONG,Volatility
USDJPY_H1_3,18,SQX-USDJPY-H1-677c7419ca87,USDJPY,H1,LONG,Volatility+Structure
USDJPY_H1_3,18,SQX-USDJPY-H1-7538e7787e46,USDJPY,H1,LONG,Trend+Volatility
USDJPY_H1_3,18,SQX-USDJPY-H1-7f5cffcac7cc,USDJPY,H1,LONG,Volatility
USDJPY_H1_3,18,SQX-USDJPY-H1-81e1a68607b9,USDJPY,H1,LONG,Momentum+Volatility
USDJPY_H1_3,18,SQX-USDJPY-H1-8f447100d29f,USDJPY,H1,LONG,Momentum+Volatility
USDJPY_H1_3,18,SQX-USDJPY-H1-99d64aa5d916,USDJPY,H1,LONG,Volatility+Structure
USDJPY_H1_3,18,SQX-USDJPY-H1-a89fd62ee2da,USDJPY,H1,LONG,Momentum+Volatility
USDJPY_H1_3,18,SQX-USDJPY-H1-b07545b08ac9,USDJPY,H1,LONG,Volatility
USDJPY_H1_3,18,SQX-USDJPY-H1-bea56a50cd5d,USDJPY,H1,LONG,Volatility+Structure
USDJPY_H1_3,18,SQX-USDJPY-H1-c15a105ae30d,USDJPY,H1,LONG,Trend+Momentum+Volatility
USDJPY_H1_3,18,SQX-USDJPY-H1-cb1ed428d7b6,USDJPY,H1,LONG,Trend+Volatility
USDJPY_H1_3,18,SQX-USDJPY-H1-d345162ce1c8,USDJPY,H1,LONG,Trend+Volatility
USDJPY_H1_3,18,SQX-USDJPY-H1-d5f0e4038888,USDJPY,H1,LONG,Trend+Volatility
USDJPY_H1_3,18,SQX-USDJPY-H1-fcf1a9ccdc48,USDJPY,H1,LONG,Volatility+Structure
USDJPY_H1_4,15,SQX-USDJPY-H1-5de1d29ba0ae,USDJPY,H1,LONG,Trend+Momentum
USDJPY_H1_4,15,SQX-USDJPY-H1-64debf377671,USDJPY,H1,LONG,Trend+Momentum
USDJPY_H1_4,15,SQX-USDJPY-H1-734e3b608808,USDJPY,H1,LONG,Trend+Momentum
USDJPY_H1_4,15,SQX-USDJPY-H1-7b39e65e7e33,USDJPY,H1,LONG,Trend+Momentum
USDJPY_H1_4,15,SQX-USDJPY-H1-7d0ae434c385,USDJPY,H1,LONG,Trend+Momentum
USDJPY_H1_4,15,SQX-USDJPY-H1-c701d21ce5a5,USDJPY,H1,LONG,Trend+Momentum
USDJPY_H1_4,15,SQX-USDJPY-H1-cb440cf9dc08,USDJPY,H1,LONG,Trend+Momentum
USDJPY_H1_4,15,SQX-USDJPY-H1-d0b832a7cbd4,USDJPY,H1,LONG,Trend+Momentum
USDJPY_H1_4,15,SQX-USDJPY-H1-d30825f47af1,USDJPY,H1,LONG,Trend+Momentum
USDJPY_H1_4,15,SQX-USDJPY-H1-dba9ce6bdd1d,USDJPY,H1,LONG,Trend+Momentum
USDJPY_H1_4,15,SQX-USDJPY-H1-dc02abaf4ca2,USDJPY,H1,LONG,Trend+Momentum
USDJPY_H1_4,15,SQX-USDJPY-H1-e144dce3b5f5,USDJPY,H1,LONG,Trend+Momentum
USDJPY_H1_4,15,SQX-USDJPY-H1-e51d173af8c1,USDJPY,H1,LONG,Trend+Momentum
USDJPY_H1_4,15,SQX-USDJPY-H1-e8de1889a9e4,USDJPY,H1,LONG,Trend+Momentum
USDJPY_H1_4,15,SQX-USDJPY-H1-f08d46b475aa,USDJPY,H1,LONG,Trend+Momentum
USDJPY_H1_5,13,SQX-USDJPY-H1-0801a23fd11c,USDJPY,H1,LONG,Momentum+Volatility
USDJPY_H1_5,13,SQX-USDJPY-H1-2be916f18f38,USDJPY,H1,LONG,Momentum
USDJPY_H1_5,13,SQX-USDJPY-H1-2d6d4feca25c,USDJPY,H1,LONG,Momentum+Structure
USDJPY_H1_5,13,SQX-USDJPY-H1-3350e05f4e84,USDJPY,H1,LONG,Momentum
USDJPY_H1_5,13,SQX-USDJPY-H1-4e772635fd95,USDJPY,H1,LONG,Momentum+Structure
USDJPY_H1_5,13,SQX-USDJPY-H1-7a4577fb23db,USDJPY,H1,LONG,Trend+Momentum
USDJPY_H1_5,13,SQX-USDJPY-H1-9072152f7893,USDJPY,H1,LONG,Momentum
USDJPY_H1_5,13,SQX-USDJPY-H1-9ba16d6150e6,USDJPY,H1,LONG,Trend+Momentum+Volatility
USDJPY_H1_5,13,SQX-USDJPY-H1-c9c46ee36767,USDJPY,H1,LONG,Momentum
USDJPY_H1_5,13,SQX-USDJPY-H1-d8097f24f744,USDJPY,H1,LONG,Momentum
USDJPY_H1_5,13,SQX-USDJPY-H1-e869edf58a28,USDJPY,H1,LONG,Momentum+Volatility
USDJPY_H1_5,13,SQX-USDJPY-H1-ee454bf366bd,USDJPY,H1,LONG,Momentum
USDJPY_H1_5,13,SQX-USDJPY-H1-ef1dd1f8cdc8,USDJPY,H1,LONG,Trend+Momentum
USDJPY_H1_6,11,SQX-USDJPY-H1-0e1efceebdf3,USDJPY,H1,LONG,Trend+Momentum+Volatility
USDJPY_H1_6,11,SQX-USDJPY-H1-41e796f30ae3,USDJPY,H1,LONG,Volatility
USDJPY_H1_6,11,SQX-USDJPY-H1-632d71b69ee7,USDJPY,H1,LONG,Trend+Volatility
USDJPY_H1_6,11,SQX-USDJPY-H1-92d395676ef7,USDJPY,H1,LONG,Trend+Volatility
USDJPY_H1_6,11,SQX-USDJPY-H1-97f4eb745c79,USDJPY,H1,LONG,Trend+Volatility+Structure
USDJPY_H1_6,11,SQX-USDJPY-H1-a1a96a8d5acc,USDJPY,H1,LONG,Momentum+Volatility+Structure
USDJPY_H1_6,11,SQX-USDJPY-H1-a5387744bfde,USDJPY,H1,LONG,Volatility
USDJPY_H1_6,11,SQX-USDJPY-H1-b976a7d59117,USDJPY,H1,LONG,Volatility
USDJPY_H1_6,11,SQX-USDJPY-H1-bfe8ba560390,USDJPY,H1,LONG,Volatility+Structure
USDJPY_H1_6,11,SQX-USDJPY-H1-c2238c2aef7f,USDJPY,H1,LONG,Volatility
USDJPY_H1_6,11,SQX-USDJPY-H1-c9696c5dfcbd,USDJPY,H1,LONG,Volatility+Structure
USDJPY_H1_7,10,SQX-USDJPY-H1-559112b1f73e,USDJPY,H1,LONG,Trend+Momentum+Volatility
USDJPY_H1_7,10,SQX-USDJPY-H1-565f5b9e3480,USDJPY,H1,LONG,Trend+Momentum+Volatility
USDJPY_H1_7,10,SQX-USDJPY-H1-696ac15f679a,USDJPY,H1,LONG,Trend+Volatility
USDJPY_H1_7,10,SQX-USDJPY-H1-73e0fbf5c395,USDJPY,H1,LONG,Trend+Volatility
USDJPY_H1_7,10,SQX-USDJPY-H1-765fcf6f29cd,USDJPY,H1,LONG,Trend+Volatility
USDJPY_H1_7,10,SQX-USDJPY-H1-b3aa6e757217,USDJPY,H1,LONG,Trend+Volatility
USDJPY_H1_7,10,SQX-USDJPY-H1-bd6f0a71715a,USDJPY,H1,LONG,Trend+Volatility
USDJPY_H1_7,10,SQX-USDJPY-H1-c0364e7ef23b,USDJPY,H1,LONG,Trend+Volatility
USDJPY_H1_7,10,SQX-USDJPY-H1-c21e81501c9c,USDJPY,H1,LONG,Trend+Volatility
USDJPY_H1_7,10,SQX-USDJPY-H1-fce7c96cd4a8,USDJPY,H1,LONG,Trend+Momentum+Volatility
USDJPY_H1_8,7,SQX-USDJPY-H1-08ef85386bcb,USDJPY,H1,LONG,Trend+Momentum+Volatility
USDJPY_H1_8,7,SQX-USDJPY-H1-135d24c510b1,USDJPY,H1,LONG,Trend+Momentum+Volatility
USDJPY_H1_8,7,SQX-USDJPY-H1-56d3c4a1c2c5,USDJPY,H1,LONG,Trend+Momentum+Volatility
USDJPY_H1_8,7,SQX-USDJPY-H1-76a1d48c10ec,USDJPY,H1,LONG,Trend+Momentum+Volatility
USDJPY_H1_8,7,SQX-USDJPY-H1-816605b4cda4,USDJPY,H1,LONG,Trend+Momentum+Volatility
USDJPY_H1_8,7,SQX-USDJPY-H1-bc672a27b309,USDJPY,H1,LONG,Trend+Momentum+Volatility
USDJPY_H1_8,7,SQX-USDJPY-H1-cd5fa67f3ca4,USDJPY,H1,LONG,Trend+Momentum+Volatility
USDJPY_H1_9,7,SQX-USDJPY-H1-ab88e34d7692,USDJPY,H1,LONG,Trend+Volatility
USDJPY_H1_9,7,SQX-USDJPY-H1-ace520349d29,USDJPY,H1,LONG,Trend+Momentum+Volatility
USDJPY_H1_9,7,SQX-USDJPY-H1-b7acbde114b0,USDJPY,H1,LONG,Momentum+Volatility
USDJPY_H1_9,7,SQX-USDJPY-H1-caacd268a044,USDJPY,H1,LONG,Volatility
USDJPY_H1_9,7,SQX-USDJPY-H1-d63e802f0452,USDJPY,H1,LONG,Momentum+Volatility
USDJPY_H1_9,7,SQX-USDJPY-H1-dadca63cf37a,USDJPY,H1,LONG,Trend+Momentum+Volatility
USDJPY_H1_9,7,SQX-USDJPY-H1-edd67ea64d4f,USDJPY,H1,LONG,Trend+Volatility
USDJPY_H1_10,6,SQX-USDJPY-H1-0a3d0b993e24,USDJPY,H1,LONG,Trend+Momentum
USDJPY_H1_10,6,SQX-USDJPY-H1-0d4bb9f5e9e6,USDJPY,H1,LONG,Trend+Momentum
USDJPY_H1_10,6,SQX-USDJPY-H1-3276b6003ab5,USDJPY,H1,LONG,Trend+Momentum
USDJPY_H1_10,6,SQX-USDJPY-H1-73a417b9a7c6,USDJPY,H1,LONG,Trend+Momentum
USDJPY_H1_10,6,SQX-USDJPY-H1-8efb18e7b065,USDJPY,H1,LONG,Trend+Momentum
USDJPY_H1_10,6,SQX-USDJPY-H1-e1c1b586169f,USDJPY,H1,LONG,Trend+Momentum
USDJPY_H1_11,6,SQX-USDJPY-H1-0ce9a19820e8,USDJPY,H1,LONG,Volatility
USDJPY_H1_11,6,SQX-USDJPY-H1-480be1a2b5d3,USDJPY,H1,LONG,Trend+Volatility
USDJPY_H1_11,6,SQX-USDJPY-H1-739807a2764d,USDJPY,H1,LONG,Momentum+Volatility
USDJPY_H1_11,6,SQX-USDJPY-H1-933e0cf8b9ca,USDJPY,H1,LONG,Trend+Volatility
USDJPY_H1_11,6,SQX-USDJPY-H1-a46ea4cbaab2,USDJPY,H1,LONG,Trend+Momentum+Volatility
USDJPY_H1_11,6,SQX-USDJPY-H1-c7662d32527d,USDJPY,H1,LONG,Trend+Volatility
USDJPY_H1_12,6,SQX-USDJPY-H1-24159ea9c91b,USDJPY,H1,LONG,Trend+Momentum
USDJPY_H1_12,6,SQX-USDJPY-H1-71580f8b0031,USDJPY,H1,LONG,Trend+Structure
USDJPY_H1_12,6,SQX-USDJPY-H1-87c1366209ff,USDJPY,H1,LONG,Trend+Volatility
USDJPY_H1_12,6,SQX-USDJPY-H1-a6dc24147162,USDJPY,H1,LONG,Trend
USDJPY_H1_12,6,SQX-USDJPY-H1-f04dcb0710a5,USDJPY,H1,LONG,Trend+Volatility
USDJPY_H1_12,6,SQX-USDJPY-H1-f97ac0e5cb89,USDJPY,H1,LONG,Trend+Momentum+Structure
USDJPY_H1_13,6,SQX-USDJPY-H1-3ca619abdf3c,USDJPY,H1,LONG,Momentum
USDJPY_H1_13,6,SQX-USDJPY-H1-874167cf5cca,USDJPY,H1,LONG,Momentum
USDJPY_H1_13,6,SQX-USDJPY-H1-9cd673c7ea22,USDJPY,H1,LONG,Momentum+Volatility
USDJPY_H1_13,6,SQX-USDJPY-H1-a7050dafc819,USDJPY,H1,LONG,Momentum
USDJPY_H1_13,6,SQX-USDJPY-H1-bf1d1b96a6d9,USDJPY,H1,LONG,Momentum
USDJPY_H1_13,6,SQX-USDJPY-H1-d12d3b1450f5,USDJPY,H1,LONG,Momentum
USDJPY_H1_14,6,SQX-USDJPY-H1-530854d2f49d,USDJPY,H1,LONG,Momentum
USDJPY_H1_14,6,SQX-USDJPY-H1-6580a37aa185,USDJPY,H1,LONG,Momentum
USDJPY_H1_14,6,SQX-USDJPY-H1-9b3ba9236836,USDJPY,H1,LONG,Momentum
USDJPY_H1_14,6,SQX-USDJPY-H1-a5d3e68eb151,USDJPY,H1,LONG,Momentum
USDJPY_H1_14,6,SQX-USDJPY-H1-b35a95dcc396,USDJPY,H1,LONG,Momentum+Volatility+Structure
USDJPY_H1_14,6,SQX-USDJPY-H1-e230015ce24c,USDJPY,H1,LONG,Momentum+Structure
USDJPY_H1_15,5,SQX-USDJPY-H1-1ced42bc8cb2,USDJPY,H1,LONG,Trend+Momentum+Volatility
USDJPY_H1_15,5,SQX-USDJPY-H1-362942d8c469,USDJPY,H1,LONG,Trend+Momentum
USDJPY_H1_15,5,SQX-USDJPY-H1-625cb72aaf95,USDJPY,H1,LONG,Trend+Momentum
USDJPY_H1_15,5,SQX-USDJPY-H1-715e3a8c87e5,USDJPY,H1,LONG,Trend+Momentum
USDJPY_H1_15,5,SQX-USDJPY-H1-d9ab3628f360,USDJPY,H1,LONG,Trend+Momentum
USDJPY_H1_16,5,SQX-USDJPY-H1-3cb29a24b291,USDJPY,H1,LONG,Trend+Volatility
USDJPY_H1_16,5,SQX-USDJPY-H1-4a4b84769401,USDJPY,H1,LONG,Trend+Momentum+Volatility
USDJPY_H1_16,5,SQX-USDJPY-H1-8359f1ce7ec0,USDJPY,H1,LONG,Trend+Volatility
USDJPY_H1_16,5,SQX-USDJPY-H1-ae8c5c0ea304,USDJPY,H1,LONG,Trend+Volatility
USDJPY_H1_16,5,SQX-USDJPY-H1-c28591898c17,USDJPY,H1,LONG,Trend+Volatility
USDJPY_H1_17,5,SQX-USDJPY-H1-43d614af5bd2,USDJPY,H1,LONG,Trend+Volatility
USDJPY_H1_17,5,SQX-USDJPY-H1-5a27b53fa4bb,USDJPY,H1,LONG,Trend+Momentum+Volatility
USDJPY_H1_17,5,SQX-USDJPY-H1-616e79f43fcf,USDJPY,H1,LONG,Trend+Momentum+Volatility
USDJPY_H1_17,5,SQX-USDJPY-H1-a4985fa34050,USDJPY,H1,LONG,Trend+Momentum+Volatility
USDJPY_H1_17,5,SQX-USDJPY-H1-d3a681639179,USDJPY,H1,LONG,Trend+Momentum+Volatility
USDJPY_H1_18,5,SQX-USDJPY-H1-44830588d7c3,USDJPY,H1,LONG,Trend
USDJPY_H1_18,5,SQX-USDJPY-H1-6982c080f48a,USDJPY,H1,LONG,Trend
USDJPY_H1_18,5,SQX-USDJPY-H1-9c06524231b7,USDJPY,H1,LONG,Trend
USDJPY_H1_18,5,SQX-USDJPY-H1-b1a252d4afd5,USDJPY,H1,LONG,Trend
USDJPY_H1_18,5,SQX-USDJPY-H1-b4ad48506afb,USDJPY,H1,LONG,Trend+Volatility
USDJPY_H1_19,4,SQX-USDJPY-H1-0645992a8b4a,USDJPY,H1,SHORT,Volatility+Structure
USDJPY_H1_19,4,SQX-USDJPY-H1-1f2259be7f33,USDJPY,H1,SHORT,Volatility+Structure
USDJPY_H1_19,4,SQX-USDJPY-H1-affa105f9a06,USDJPY,H1,SHORT,Momentum+Volatility+Structure
USDJPY_H1_19,4,SQX-USDJPY-H1-c5f3b6ff977d,USDJPY,H1,SHORT,Trend+Volatility+Structure
USDJPY_H1_20,4,SQX-USDJPY-H1-0a0f2915641a,USDJPY,H1,LONG,Volatility
USDJPY_H1_20,4,SQX-USDJPY-H1-9456f4626639,USDJPY,H1,LONG,Trend+Volatility
USDJPY_H1_20,4,SQX-USDJPY-H1-b260fda7e264,USDJPY,H1,LONG,Trend+Volatility
USDJPY_H1_20,4,SQX-USDJPY-H1-e5afa3aaab15,USDJPY,H1,LONG,Trend+Momentum+Volatility
USDJPY_H1_21,4,SQX-USDJPY-H1-1cd33dafe640,USDJPY,H1,LONG,Volatility+Structure
USDJPY_H1_21,4,SQX-USDJPY-H1-94140e34a62d,USDJPY,H1,LONG,Volatility+Structure
USDJPY_H1_21,4,SQX-USDJPY-H1-9ae04e25a9bb,USDJPY,H1,LONG,Volatility+Structure
USDJPY_H1_21,4,SQX-USDJPY-H1-d81c60682319,USDJPY,H1,LONG,Volatility+Structure
USDJPY_H1_22,4,SQX-USDJPY-H1-1f6bf3d43c5f,USDJPY,H1,LONG,Trend+Volatility+Structure
USDJPY_H1_22,4,SQX-USDJPY-H1-c1ee8470db77,USDJPY,H1,LONG,Trend+Volatility+Structure
USDJPY_H1_22,4,SQX-USDJPY-H1-d1f0852e2a9d,USDJPY,H1,LONG,Trend+Volatility+Structure
USDJPY_H1_22,4,SQX-USDJPY-H1-f99468fd4b43,USDJPY,H1,LONG,Trend+Volatility+Structure
USDJPY_H1_23,4,SQX-USDJPY-H1-3df22a53e0bd,USDJPY,H1,LONG,Trend+Volatility
USDJPY_H1_23,4,SQX-USDJPY-H1-b23f255c5227,USDJPY,H1,LONG,Trend+Momentum+Volatility
USDJPY_H1_23,4,SQX-USDJPY-H1-cddf50aec596,USDJPY,H1,LONG,Trend+Volatility
USDJPY_H1_23,4,SQX-USDJPY-H1-dc932cf46f6a,USDJPY,H1,LONG,Trend+Volatility
USDJPY_H1_24,4,SQX-USDJPY-H1-517a5b32abce,USDJPY,H1,LONG,Trend+Volatility
USDJPY_H1_24,4,SQX-USDJPY-H1-655f0ad46e5f,USDJPY,H1,LONG,Trend+Volatility
USDJPY_H1_24,4,SQX-USDJPY-H1-7d110c39d28d,USDJPY,H1,LONG,Trend+Volatility
USDJPY_H1_24,4,SQX-USDJPY-H1-b2df2b86fc0f,USDJPY,H1,LONG,Trend+Volatility
USDJPY_H1_25,4,SQX-USDJPY-H1-d1191eb0581d,USDJPY,H1,LONG,Momentum
USDJPY_H1_25,4,SQX-USDJPY-H1-e2eafc3678e9,USDJPY,H1,LONG,Momentum
USDJPY_H1_25,4,SQX-USDJPY-H1-e3d158cfb084,USDJPY,H1,LONG,Trend+Momentum
USDJPY_H1_25,4,SQX-USDJPY-H1-ef9944ae90bd,USDJPY,H1,LONG,Trend+Momentum
USDJPY_H1_26,3,SQX-USDJPY-H1-026ad043dfac,USDJPY,H1,LONG,Momentum
USDJPY_H1_26,3,SQX-USDJPY-H1-5a2806df9f68,USDJPY,H1,LONG,Momentum
USDJPY_H1_26,3,SQX-USDJPY-H1-af482a49de81,USDJPY,H1,LONG,Momentum
USDJPY_H1_27,3,SQX-USDJPY-H1-0d77f88f9f2d,USDJPY,H1,LONG,Momentum+Volatility
USDJPY_H1_27,3,SQX-USDJPY-H1-25651d7e771b,USDJPY,H1,LONG,Momentum+Volatility
USDJPY_H1_27,3,SQX-USDJPY-H1-59b460bd157a,USDJPY,H1,LONG,Momentum+Volatility
USDJPY_H1_28,3,SQX-USDJPY-H1-13449468a657,USDJPY,H1,LONG,Volatility
USDJPY_H1_28,3,SQX-USDJPY-H1-8b8ca0e7b481,USDJPY,H1,LONG,Volatility
USDJPY_H1_28,3,SQX-USDJPY-H1-94f59fb89d35,USDJPY,H1,LONG,Momentum+Volatility
USDJPY_H1_29,3,SQX-USDJPY-H1-13fd12f53133,USDJPY,H1,LONG,Trend+Momentum+Volatility+Structure
USDJPY_H1_29,3,SQX-USDJPY-H1-3284bcdf033a,USDJPY,H1,LONG,Trend+Volatility+Structure
USDJPY_H1_29,3,SQX-USDJPY-H1-ac55e2374d5b,USDJPY,H1,LONG,Trend+Volatility+Structure
USDJPY_H1_30,3,SQX-USDJPY-H1-1421f235a833,USDJPY,H1,LONG,Trend+Volatility
USDJPY_H1_30,3,SQX-USDJPY-H1-389d98dc9745,USDJPY,H1,LONG,Trend+Volatility
USDJPY_H1_30,3,SQX-USDJPY-H1-8ed12236066c,USDJPY,H1,LONG,Trend+Volatility
USDJPY_H1_31,3,SQX-USDJPY-H1-146abd7694dd,USDJPY,H1,LONG,Trend
USDJPY_H1_31,3,SQX-USDJPY-H1-858a3c0f1a5c,USDJPY,H1,LONG,Trend
USDJPY_H1_31,3,SQX-USDJPY-H1-b0e9c30959a8,USDJPY,H1,LONG,Trend
USDJPY_H1_32,3,SQX-USDJPY-H1-17e9224696e4,USDJPY,H1,LONG,Volatility
USDJPY_H1_32,3,SQX-USDJPY-H1-6e5f5babd15e,USDJPY,H1,LONG,Momentum+Volatility
USDJPY_H1_32,3,SQX-USDJPY-H1-d9ef737b2183,USDJPY,H1,LONG,Volatility
USDJPY_H1_33,3,SQX-USDJPY-H1-25b86615038a,USDJPY,H1,LONG,Trend+Volatility
USDJPY_H1_33,3,SQX-USDJPY-H1-2d31b2908ca4,USDJPY,H1,LONG,Trend+Volatility
USDJPY_H1_33,3,SQX-USDJPY-H1-f57dc73ccb14,USDJPY,H1,LONG,Trend+Volatility
USDJPY_H1_34,3,SQX-USDJPY-H1-26140098ecaa,USDJPY,H1,LONG,Trend+Volatility
USDJPY_H1_34,3,SQX-USDJPY-H1-ae4e9e1a9d0b,USDJPY,H1,LONG,Trend+Volatility
USDJPY_H1_34,3,SQX-USDJPY-H1-cb92537aff21,USDJPY,H1,LONG,Trend+Volatility
USDJPY_H1_35,3,SQX-USDJPY-H1-2b3639d875c0,USDJPY,H1,LONG,Trend+Volatility+Structure
USDJPY_H1_35,3,SQX-USDJPY-H1-99a6fb93e270,USDJPY,H1,LONG,Trend+Volatility+Structure
USDJPY_H1_35,3,SQX-USDJPY-H1-d25f0e5d7433,USDJPY,H1,LONG,Trend+Volatility+Structure
USDJPY_H1_36,3,SQX-USDJPY-H1-311bb96fb2cf,USDJPY,H1,LONG,Volatility+Structure
USDJPY_H1_36,3,SQX-USDJPY-H1-ab4729ea5d6a,USDJPY,H1,LONG,Trend+Volatility+Structure
USDJPY_H1_36,3,SQX-USDJPY-H1-f76df40edd34,USDJPY,H1,LONG,Volatility+Structure
USDJPY_H1_37,3,SQX-USDJPY-H1-38e44c8fad6f,USDJPY,H1,LONG,Volatility
USDJPY_H1_37,3,SQX-USDJPY-H1-74865c1af169,USDJPY,H1,LONG,Volatility
USDJPY_H1_37,3,SQX-USDJPY-H1-99fa0c9b68b6,USDJPY,H1,LONG,Momentum+Volatility
USDJPY_H1_38,3,SQX-USDJPY-H1-3912bd7434a3,USDJPY,H1,LONG,Trend+Momentum
USDJPY_H1_38,3,SQX-USDJPY-H1-99bcffbc9b07,USDJPY,H1,LONG,Momentum
USDJPY_H1_38,3,SQX-USDJPY-H1-b108c7b6c5ab,USDJPY,H1,LONG,Momentum
USDJPY_H1_39,3,SQX-USDJPY-H1-3dcd06b9b0b7,USDJPY,H1,LONG,Momentum
USDJPY_H1_39,3,SQX-USDJPY-H1-7318af02c685,USDJPY,H1,LONG,Momentum
USDJPY_H1_39,3,SQX-USDJPY-H1-f7f3b7ae71ca,USDJPY,H1,LONG,Momentum+Volatility
USDJPY_H1_40,3,SQX-USDJPY-H1-3f96ed46d4a1,USDJPY,H1,LONG,Trend+Volatility+Structure
USDJPY_H1_40,3,SQX-USDJPY-H1-41876aca80c2,USDJPY,H1,LONG,Trend+Volatility+Structure
USDJPY_H1_40,3,SQX-USDJPY-H1-6b018da98503,USDJPY,H1,LONG,Trend+Volatility+Structure
USDJPY_H1_41,3,SQX-USDJPY-H1-441a36ec2edf,USDJPY,H1,LONG,Momentum+Volatility
USDJPY_H1_41,3,SQX-USDJPY-H1-a586fafe8497,USDJPY,H1,LONG,Momentum+Volatility
USDJPY_H1_41,3,SQX-USDJPY-H1-da4cbabaeed4,USDJPY,H1,LONG,Momentum+Volatility
USDJPY_H1_42,3,SQX-USDJPY-H1-488f78005e56,USDJPY,H1,LONG,Momentum
USDJPY_H1_42,3,SQX-USDJPY-H1-a9e33e2926b7,USDJPY,H1,LONG,Momentum
USDJPY_H1_42,3,SQX-USDJPY-H1-f6fc981530fd,USDJPY,H1,LONG,Momentum
USDJPY_H1_43,3,SQX-USDJPY-H1-65290ae7c5b5,USDJPY,H1,LONG,Volatility
USDJPY_H1_43,3,SQX-USDJPY-H1-b651c1e279cc,USDJPY,H1,LONG,Volatility
USDJPY_H1_43,3,SQX-USDJPY-H1-fe9e6f71d94d,USDJPY,H1,LONG,Volatility
USDJPY_H1_44,3,SQX-USDJPY-H1-65da55f6b477,USDJPY,H1,LONG,Momentum+Volatility
USDJPY_H1_44,3,SQX-USDJPY-H1-880a03d871fb,USDJPY,H1,LONG,Momentum+Volatility
USDJPY_H1_44,3,SQX-USDJPY-H1-bcb120dc2f52,USDJPY,H1,LONG,Momentum+Volatility
USDJPY_H1_45,3,SQX-USDJPY-H1-6823439d7ae6,USDJPY,H1,LONG,Momentum+Structure
USDJPY_H1_45,3,SQX-USDJPY-H1-aef3584b5698,USDJPY,H1,LONG,Structure
USDJPY_H1_45,3,SQX-USDJPY-H1-cd6c9356fefe,USDJPY,H1,LONG,Structure
USDJPY_H1_46,3,SQX-USDJPY-H1-6c85f887b398,USDJPY,H1,LONG,Trend+Momentum+Volatility
USDJPY_H1_46,3,SQX-USDJPY-H1-e3785ff50f50,USDJPY,H1,LONG,Trend+Momentum+Volatility
USDJPY_H1_46,3,SQX-USDJPY-H1-f169c128d7bf,USDJPY,H1,LONG,Trend+Volatility
USDJPY_H1_47,3,SQX-USDJPY-H1-7d701c4f1f13,USDJPY,H1,LONG,Trend+Momentum+Volatility
USDJPY_H1_47,3,SQX-USDJPY-H1-8a8a979e20b7,USDJPY,H1,LONG,Trend+Volatility
USDJPY_H1_47,3,SQX-USDJPY-H1-f39f8e8fa14b,USDJPY,H1,LONG,Trend+Volatility
USDJPY_H1_48,3,SQX-USDJPY-H1-96d5934fad0d,USDJPY,H1,LONG,Volatility
USDJPY_H1_48,3,SQX-USDJPY-H1-cb8f98842d97,USDJPY,H1,LONG,Volatility
USDJPY_H1_48,3,SQX-USDJPY-H1-dd7f96cf30b4,USDJPY,H1,LONG,Volatility
USDJPY_H1_49,2,SQX-USDJPY-H1-050844aa2a64,USDJPY,H1,LONG,Trend+Momentum+Volatility
USDJPY_H1_49,2,SQX-USDJPY-H1-b43439540914,USDJPY,H1,LONG,Momentum+Volatility
USDJPY_H1_50,2,SQX-USDJPY-H1-07100e7a9c7f,USDJPY,H1,LONG,Trend+Momentum+Structure
USDJPY_H1_50,2,SQX-USDJPY-H1-fefff480b5e9,USDJPY,H1,LONG,Trend+Momentum+Structure
USDJPY_H1_51,2,SQX-USDJPY-H1-0b698e8983ee,USDJPY,H1,LONG,Trend+Momentum+Volatility
USDJPY_H1_51,2,SQX-USDJPY-H1-9c6581078982,USDJPY,H1,LONG,Trend+Momentum+Structure
USDJPY_H1_52,2,SQX-USDJPY-H1-0d04b602d3c0,USDJPY,H1,LONG,Trend+Momentum+Structure
USDJPY_H1_52,2,SQX-USDJPY-H1-f2eb4f57e985,USDJPY,H1,LONG,Trend+Momentum+Structure
USDJPY_H1_53,2,SQX-USDJPY-H1-0d8b7d8c5a0b,USDJPY,H1,LONG,Momentum+Volatility
USDJPY_H1_53,2,SQX-USDJPY-H1-1e28ad0d7191,USDJPY,H1,LONG,Momentum+Volatility
USDJPY_H1_54,2,SQX-USDJPY-H1-0e1bf9c628a4,USDJPY,H1,LONG,Momentum
USDJPY_H1_54,2,SQX-USDJPY-H1-42f6ffa30456,USDJPY,H1,LONG,Momentum
USDJPY_H1_55,2,SQX-USDJPY-H1-10cc934fb12e,USDJPY,H1,LONG,Trend+Momentum+Structure
USDJPY_H1_55,2,SQX-USDJPY-H1-b6e9594b2eeb,USDJPY,H1,LONG,Trend+Momentum+Structure
USDJPY_H1_56,2,SQX-USDJPY-H1-11061ea25d05,USDJPY,H1,LONG,Momentum+Structure
USDJPY_H1_56,2,SQX-USDJPY-H1-cf537f96d7e4,USDJPY,H1,LONG,Momentum+Structure
USDJPY_H1_57,2,SQX-USDJPY-H1-16d77665b9a3,USDJPY,H1,LONG,Trend+Volatility+Structure
USDJPY_H1_57,2,SQX-USDJPY-H1-1c4fb2e7dc68,USDJPY,H1,LONG,Trend+Momentum+Volatility+Structure
USDJPY_H1_58,2,SQX-USDJPY-H1-16f15f558064,USDJPY,H1,LONG,Volatility+Structure
USDJPY_H1_58,2,SQX-USDJPY-H1-9d7d5530daf4,USDJPY,H1,LONG,Momentum+Volatility+Structure
USDJPY_H1_59,2,SQX-USDJPY-H1-1e0740771b7d,USDJPY,H1,LONG,Trend+Momentum
USDJPY_H1_59,2,SQX-USDJPY-H1-cec70de75cab,USDJPY,H1,LONG,Momentum
USDJPY_H1_60,2,SQX-USDJPY-H1-1eb079dcd990,USDJPY,H1,LONG,Momentum+Volatility
USDJPY_H1_60,2,SQX-USDJPY-H1-3af094d73847,USDJPY,H1,LONG,Trend+Volatility
USDJPY_H1_61,2,SQX-USDJPY-H1-21961055d107,USDJPY,H1,LONG,Volatility
USDJPY_H1_61,2,SQX-USDJPY-H1-c045b0c9ab3f,USDJPY,H1,LONG,Momentum+Volatility
USDJPY_H1_62,2,SQX-USDJPY-H1-21ed5f8847af,USDJPY,H1,LONG,Volatility+Structure
USDJPY_H1_62,2,SQX-USDJPY-H1-be7bc079d8ce,USDJPY,H1,LONG,Volatility
USDJPY_H1_63,2,SQX-USDJPY-H1-226cb8e78a84,USDJPY,H1,LONG,Momentum
USDJPY_H1_63,2,SQX-USDJPY-H1-a2bd5e36a02e,USDJPY,H1,LONG,Trend+Momentum
USDJPY_H1_64,2,SQX-USDJPY-H1-26dd4a15ceca,USDJPY,H1,LONG,Trend+Volatility+Structure
USDJPY_H1_64,2,SQX-USDJPY-H1-37b7576cd16f,USDJPY,H1,LONG,Momentum+Volatility+Structure
USDJPY_H1_65,2,SQX-USDJPY-H1-27a778c4eef8,USDJPY,H1,LONG,Trend+Volatility+Structure
USDJPY_H1_65,2,SQX-USDJPY-H1-ca36d0d92ff6,USDJPY,H1,LONG,Trend+Volatility+Structure
USDJPY_H1_66,2,SQX-USDJPY-H1-2b69d0a9808d,USDJPY,H1,LONG,Trend+Momentum+Volatility
USDJPY_H1_66,2,SQX-USDJPY-H1-a2895d80cf24,USDJPY,H1,LONG,Trend+Momentum+Volatility
USDJPY_H1_67,2,SQX-USDJPY-H1-2de5443a5859,USDJPY,H1,LONG,Momentum+Volatility
USDJPY_H1_67,2,SQX-USDJPY-H1-a7aae29438c3,USDJPY,H1,LONG,Volatility
USDJPY_H1_68,2,SQX-USDJPY-H1-2ec1a615974c,USDJPY,H1,LONG,Trend+Volatility
USDJPY_H1_68,2,SQX-USDJPY-H1-4b91d3f25440,USDJPY,H1,LONG,Trend+Volatility
USDJPY_H1_69,2,SQX-USDJPY-H1-30c1e817dcff,USDJPY,H1,LONG,Trend+Volatility
USDJPY_H1_69,2,SQX-USDJPY-H1-a0a3c8855f07,USDJPY,H1,LONG,Trend+Volatility
USDJPY_H1_70,2,SQX-USDJPY-H1-319c4dd618c7,USDJPY,H1,LONG,Trend+Volatility+Structure
USDJPY_H1_70,2,SQX-USDJPY-H1-b822c0f9f170,USDJPY,H1,LONG,Trend+Volatility+Structure
USDJPY_H1_71,2,SQX-USDJPY-H1-3ba73dd45ef1,USDJPY,H1,LONG,Volatility
USDJPY_H1_71,2,SQX-USDJPY-H1-bb43bef6b786,USDJPY,H1,LONG,Momentum+Volatility
USDJPY_H1_72,2,SQX-USDJPY-H1-3e987ff3af06,USDJPY,H1,LONG,Trend+Momentum
USDJPY_H1_72,2,SQX-USDJPY-H1-565ddffc98ad,USDJPY,H1,LONG,Trend
USDJPY_H1_73,2,SQX-USDJPY-H1-40204346f475,USDJPY,H1,LONG,Momentum
USDJPY_H1_73,2,SQX-USDJPY-H1-d788896754ea,USDJPY,H1,LONG,Momentum+Volatility
USDJPY_H1_74,2,SQX-USDJPY-H1-40bde6b4dfd2,USDJPY,H1,LONG,Trend+Momentum+Volatility
USDJPY_H1_74,2,SQX-USDJPY-H1-5ad8ba89e042,USDJPY,H1,LONG,Trend+Momentum+Volatility
USDJPY_H1_75,2,SQX-USDJPY-H1-41b9bdbc89a6,USDJPY,H1,LONG,Momentum+Structure
USDJPY_H1_75,2,SQX-USDJPY-H1-64a6554f480e,USDJPY,H1,LONG,Trend+Momentum+Volatility+Structure
USDJPY_H1_76,2,SQX-USDJPY-H1-429674385d27,USDJPY,H1,LONG,Trend+Volatility+Structure
USDJPY_H1_76,2,SQX-USDJPY-H1-5512a751bb6a,USDJPY,H1,LONG,Volatility+Structure
USDJPY_H1_77,2,SQX-USDJPY-H1-432ca0ea6ef4,USDJPY,H1,LONG,Trend+Volatility+Structure
USDJPY_H1_77,2,SQX-USDJPY-H1-88d9bdbc029e,USDJPY,H1,LONG,Volatility+Structure
USDJPY_H1_78,2,SQX-USDJPY-H1-4465d2cc7949,USDJPY,H1,LONG,Trend+Momentum
USDJPY_H1_78,2,SQX-USDJPY-H1-f84aa06da2a7,USDJPY,H1,LONG,Trend+Momentum
USDJPY_H1_79,2,SQX-USDJPY-H1-45ab517bf236,USDJPY,H1,LONG,Trend+Structure
USDJPY_H1_79,2,SQX-USDJPY-H1-cb681a1119ad,USDJPY,H1,LONG,Trend+Structure
USDJPY_H1_80,2,SQX-USDJPY-H1-4801b377dec2,USDJPY,H1,LONG,Trend+Volatility
USDJPY_H1_80,2,SQX-USDJPY-H1-e32f4a7c5de6,USDJPY,H1,LONG,Trend+Volatility
USDJPY_H1_81,2,SQX-USDJPY-H1-4ee784bef0d6,USDJPY,H1,LONG,Trend+Momentum
USDJPY_H1_81,2,SQX-USDJPY-H1-5321e2ead6a0,USDJPY,H1,LONG,Trend+Momentum
USDJPY_H1_82,2,SQX-USDJPY-H1-593bf600ea2c,USDJPY,H1,LONG,Trend
USDJPY_H1_82,2,SQX-USDJPY-H1-dc80bfc8afe8,USDJPY,H1,LONG,Trend+Momentum
USDJPY_H1_83,2,SQX-USDJPY-H1-59b65600b644,USDJPY,H1,LONG,Trend+Momentum
USDJPY_H1_83,2,SQX-USDJPY-H1-6ce268a899fb,USDJPY,H1,LONG,Trend+Momentum
USDJPY_H1_84,2,SQX-USDJPY-H1-5dd4706d5340,USDJPY,H1,SHORT,Momentum+Volatility
USDJPY_H1_84,2,SQX-USDJPY-H1-6100d54a5eca,USDJPY,H1,SHORT,Trend+Momentum+Volatility
USDJPY_H1_85,2,SQX-USDJPY-H1-5e074d32563f,USDJPY,H1,LONG,Volatility+Structure
USDJPY_H1_85,2,SQX-USDJPY-H1-e4bca16920f6,USDJPY,H1,LONG,Trend+Volatility+Structure
USDJPY_H1_86,2,SQX-USDJPY-H1-5ef115ff28ce,USDJPY,H1,SHORT,Trend+Volatility
USDJPY_H1_86,2,SQX-USDJPY-H1-b4d4437d8a75,USDJPY,H1,SHORT,Volatility
USDJPY_H1_87,2,SQX-USDJPY-H1-62db5548ff5d,USDJPY,H1,LONG,Trend+Volatility+Structure
USDJPY_H1_87,2,SQX-USDJPY-H1-d83b4adf165f,USDJPY,H1,LONG,Trend+Volatility+Structure
USDJPY_H1_88,2,SQX-USDJPY-H1-6b5a204a93df,USDJPY,H1,LONG,Trend+Momentum+Structure
USDJPY_H1_88,2,SQX-USDJPY-H1-f9dd756bc9e8,USDJPY,H1,LONG,Trend+Structure
USDJPY_H1_89,2,SQX-USDJPY-H1-6b64617d6447,USDJPY,H1,SHORT,Momentum+Structure
USDJPY_H1_89,2,SQX-USDJPY-H1-954f5e81ca45,USDJPY,H1,SHORT,Momentum+Structure
USDJPY_H1_90,2,SQX-USDJPY-H1-6f0efd8c8a40,USDJPY,H1,LONG,Trend+Volatility+Structure
USDJPY_H1_90,2,SQX-USDJPY-H1-c3937a855955,USDJPY,H1,LONG,Trend+Volatility+Structure
USDJPY_H1_91,2,SQX-USDJPY-H1-719924339dc5,USDJPY,H1,SHORT,Momentum+Volatility+Structure
USDJPY_H1_91,2,SQX-USDJPY-H1-9e2d2e05ed76,USDJPY,H1,SHORT,Trend+Volatility+Structure
USDJPY_H1_92,2,SQX-USDJPY-H1-74e3de7c0914,USDJPY,H1,LONG,Trend+Momentum
USDJPY_H1_92,2,SQX-USDJPY-H1-7e8885b01b7b,USDJPY,H1,LONG,Trend+Momentum
USDJPY_H1_93,2,SQX-USDJPY-H1-7a6e699825f2,USDJPY,H1,SHORT,Trend+Volatility
USDJPY_H1_93,2,SQX-USDJPY-H1-a47d6fcee44f,USDJPY,H1,SHORT,Trend+Volatility
USDJPY_H1_94,2,SQX-USDJPY-H1-8399bef4eed5,USDJPY,H1,LONG,Trend+Volatility
USDJPY_H1_94,2,SQX-USDJPY-H1-a635e6c73c52,USDJPY,H1,LONG,Trend+Volatility
USDJPY_H1_95,2,SQX-USDJPY-H1-83fe61b02405,USDJPY,H1,LONG,Trend+Momentum+Volatility
USDJPY_H1_95,2,SQX-USDJPY-H1-adc2d73f6f64,USDJPY,H1,LONG,Trend+Momentum+Volatility
USDJPY_H1_96,2,SQX-USDJPY-H1-89717511c5d6,USDJPY,H1,LONG,Volatility
USDJPY_H1_96,2,SQX-USDJPY-H1-98d7979b27c7,USDJPY,H1,LONG,Momentum+Volatility
USDJPY_H1_97,2,SQX-USDJPY-H1-9139e24e5711,USDJPY,H1,LONG,Trend+Momentum+Volatility
USDJPY_H1_97,2,SQX-USDJPY-H1-d8d6f34748f6,USDJPY,H1,LONG,Momentum+Volatility+Structure
USDJPY_H1_98,2,SQX-USDJPY-H1-941de8ab20de,USDJPY,H1,LONG,Volatility
USDJPY_H1_98,2,SQX-USDJPY-H1-d37f33de30e6,USDJPY,H1,LONG,Volatility
USDJPY_H1_99,2,SQX-USDJPY-H1-96bcbb610744,USDJPY,H1,LONG,Volatility
USDJPY_H1_99,2,SQX-USDJPY-H1-ad5f8e71d514,USDJPY,H1,LONG,Volatility
USDJPY_H1_100,2,SQX-USDJPY-H1-96bd1c63bbb2,USDJPY,H1,LONG,Trend
USDJPY_H1_100,2,SQX-USDJPY-H1-b5c4c3a7583e,USDJPY,H1,LONG,Trend+Momentum+Volatility
USDJPY_H1_101,2,SQX-USDJPY-H1-9d97db55aa80,USDJPY,H1,SHORT,Momentum+Volatility
USDJPY_H1_101,2,SQX-USDJPY-H1-c52b95fca43f,USDJPY,H1,SHORT,Trend+Volatility
USDJPY_H1_102,2,SQX-USDJPY-H1-a9a97c8ff64f,USDJPY,H1,LONG,Momentum+Volatility+Structure
USDJPY_H1_102,2,SQX-USDJPY-H1-ec3238659aa2,USDJPY,H1,LONG,Momentum+Structure
USDJPY_H1_103,2,SQX-USDJPY-H1-b904d97b80c3,USDJPY,H1,LONG,Volatility+Structure
USDJPY_H1_103,2,SQX-USDJPY-H1-cd8295a6e159,USDJPY,H1,LONG,Volatility+Structure
USDJPY_H1_104,2,SQX-USDJPY-H1-c53d56166089,USDJPY,H1,SHORT,Trend+Momentum+Volatility+Structure
USDJPY_H1_104,2,SQX-USDJPY-H1-e9a130e210de,USDJPY,H1,SHORT,Volatility+Structure
USDJPY_H1_105,2,SQX-USDJPY-H1-c54068809996,USDJPY,H1,LONG,Trend+Momentum+Volatility
USDJPY_H1_105,2,SQX-USDJPY-H1-f3d273395844,USDJPY,H1,LONG,Trend+Momentum+Volatility
USDJPY_H1_106,2,SQX-USDJPY-H1-ee319999831b,USDJPY,H1,SHORT,Momentum+Volatility+Structure
USDJPY_H1_106,2,SQX-USDJPY-H1-f7fae6de9af7,USDJPY,H1,SHORT,Momentum+Structure
USDJPY_H1_107,1,SQX-USDJPY-H1-013f8b070e4b,USDJPY,H1,LONG,Trend+Volatility+Structure
USDJPY_H1_108,1,SQX-USDJPY-H1-02a3883714ea,USDJPY,H1,LONG,Trend+Volatility+Structure
USDJPY_H1_109,1,SQX-USDJPY-H1-02f53a461f4f,USDJPY,H1,LONG,Momentum+Volatility+Structure
USDJPY_H1_110,1,SQX-USDJPY-H1-0324d5e9ccb5,USDJPY,H1,LONG,Momentum+Volatility
USDJPY_H1_111,1,SQX-USDJPY-H1-032e906c9185,USDJPY,H1,LONG,Momentum+Volatility
USDJPY_H1_112,1,SQX-USDJPY-H1-0330d366264e,USDJPY,H1,LONG,Trend+Volatility+Structure
USDJPY_H1_113,1,SQX-USDJPY-H1-041cc01fca20,USDJPY,H1,LONG,Trend+Volatility+Structure
USDJPY_H1_114,1,SQX-USDJPY-H1-048b70ee9b08,USDJPY,H1,SHORT,Momentum+Volatility+Structure
USDJPY_H1_115,1,SQX-USDJPY-H1-04ae53b77208,USDJPY,H1,LONG,Momentum+Volatility+Structure
USDJPY_H1_116,1,SQX-USDJPY-H1-04b34435fdae,USDJPY,H1,LONG,Momentum+Structure
USDJPY_H1_117,1,SQX-USDJPY-H1-0529cac9d032,USDJPY,H1,SHORT,Trend+Volatility
USDJPY_H1_118,1,SQX-USDJPY-H1-053aff9ce007,USDJPY,H1,LONG,Trend+Volatility+Structure
USDJPY_H1_119,1,SQX-USDJPY-H1-059136636aa8,USDJPY,H1,LONG,Trend+Volatility+Structure
USDJPY_H1_120,1,SQX-USDJPY-H1-05be9110b52c,USDJPY,H1,LONG,Trend+Volatility+Structure
USDJPY_H1_121,1,SQX-USDJPY-H1-05e3088041f7,USDJPY,H1,LONG,Momentum+Volatility+Structure
USDJPY_H1_122,1,SQX-USDJPY-H1-07a4458a8179,USDJPY,H1,LONG,Volatility
USDJPY_H1_123,1,SQX-USDJPY-H1-07f87f6e4478,USDJPY,H1,LONG,Trend+Structure
USDJPY_H1_124,1,SQX-USDJPY-H1-083ef80c5cf1,USDJPY,H1,LONG,Momentum+Volatility
USDJPY_H1_125,1,SQX-USDJPY-H1-08a81e3610d4,USDJPY,H1,LONG,Trend+Momentum+Volatility
USDJPY_H1_126,1,SQX-USDJPY-H1-090103439b71,USDJPY,H1,SHORT,Momentum+Volatility+Structure
USDJPY_H1_127,1,SQX-USDJPY-H1-0911a55151fb,USDJPY,H1,SHORT,Trend+Momentum+Volatility+Structure
USDJPY_H1_128,1,SQX-USDJPY-H1-09bb4070d2da,USDJPY,H1,LONG,Volatility+Structure
USDJPY_H1_129,1,SQX-USDJPY-H1-09e5002b9ffc,USDJPY,H1,LONG,Momentum+Structure
USDJPY_H1_130,1,SQX-USDJPY-H1-0a16fdd2a27a,USDJPY,H1,LONG,Volatility+Structure
USDJPY_H1_131,1,SQX-USDJPY-H1-0a5061bfd793,USDJPY,H1,SHORT,Volatility+Structure
USDJPY_H1_132,1,SQX-USDJPY-H1-0b16f67116b2,USDJPY,H1,LONG,Momentum+Volatility
USDJPY_H1_133,1,SQX-USDJPY-H1-0ba6d6fb01fc,USDJPY,H1,LONG,Trend+Momentum+Structure
USDJPY_H1_134,1,SQX-USDJPY-H1-0becbd814e40,USDJPY,H1,LONG,Trend+Momentum+Volatility
USDJPY_H1_135,1,SQX-USDJPY-H1-0c62291fc3df,USDJPY,H1,LONG,Momentum+Volatility
USDJPY_H1_136,1,SQX-USDJPY-H1-0c6691bac287,USDJPY,H1,LONG,Momentum+Volatility
USDJPY_H1_137,1,SQX-USDJPY-H1-0ceaa8067aa4,USDJPY,H1,LONG,Trend+Momentum+Volatility
USDJPY_H1_138,1,SQX-USDJPY-H1-0d0942fc0e06,USDJPY,H1,LONG,Momentum+Structure
USDJPY_H1_139,1,SQX-USDJPY-H1-0e05bd56d8ac,USDJPY,H1,LONG,Trend+Momentum+Volatility
USDJPY_H1_140,1,SQX-USDJPY-H1-0e747d03ee73,USDJPY,H1,LONG,Trend+Volatility+Structure
USDJPY_H1_141,1,SQX-USDJPY-H1-0ebb7ed23bf3,USDJPY,H1,LONG,Momentum+Volatility
USDJPY_H1_142,1,SQX-USDJPY-H1-0ed8b1473f53,USDJPY,H1,LONG,Trend+Momentum
USDJPY_H1_143,1,SQX-USDJPY-H1-0f524ec46798,USDJPY,H1,LONG,Momentum+Volatility+Structure
USDJPY_H1_144,1,SQX-USDJPY-H1-0f63a314c246,USDJPY,H1,LONG,Trend+Volatility+Structure
USDJPY_H1_145,1,SQX-USDJPY-H1-0f7b74539603,USDJPY,H1,LONG,Trend+Volatility
USDJPY_H1_146,1,SQX-USDJPY-H1-10352fed93f7,USDJPY,H1,LONG,Trend+Momentum+Volatility
USDJPY_H1_147,1,SQX-USDJPY-H1-109b9c7cf14d,USDJPY,H1,LONG,Volatility+Structure
USDJPY_H1_148,1,SQX-USDJPY-H1-10a03090f7ff,USDJPY,H1,LONG,Trend+Volatility
USDJPY_H1_149,1,SQX-USDJPY-H1-117d92843fb9,USDJPY,H1,LONG,Trend+Momentum+Structure
USDJPY_H1_150,1,SQX-USDJPY-H1-118408391073,USDJPY,H1,LONG,Trend+Volatility
USDJPY_H1_151,1,SQX-USDJPY-H1-11a087ff68ef,USDJPY,H1,SHORT,Trend+Momentum+Structure
USDJPY_H1_152,1,SQX-USDJPY-H1-12a9af324ef5,USDJPY,H1,LONG,Momentum+Volatility
USDJPY_H1_153,1,SQX-USDJPY-H1-12c1681f0df4,USDJPY,H1,LONG,Trend+Volatility+Structure
USDJPY_H1_154,1,SQX-USDJPY-H1-12ea52beedb7,USDJPY,H1,LONG,Trend
USDJPY_H1_155,1,SQX-USDJPY-H1-13ccfe7fc208,USDJPY,H1,LONG,Trend+Volatility
USDJPY_H1_156,1,SQX-USDJPY-H1-13e170b02ce7,USDJPY,H1,LONG,Volatility+Structure
USDJPY_H1_157,1,SQX-USDJPY-H1-13fdb6224866,USDJPY,H1,LONG,Volatility
USDJPY_H1_158,1,SQX-USDJPY-H1-146694bc9cf7,USDJPY,H1,LONG,Trend+Momentum+Structure
USDJPY_H1_159,1,SQX-USDJPY-H1-149860ac424d,USDJPY,H1,LONG,Trend
USDJPY_H1_160,1,SQX-USDJPY-H1-14bf89349634,USDJPY,H1,LONG,Trend+Volatility
USDJPY_H1_161,1,SQX-USDJPY-H1-14c11d3822c2,USDJPY,H1,LONG,Momentum+Volatility+Structure
USDJPY_H1_162,1,SQX-USDJPY-H1-14f163eba928,USDJPY,H1,SHORT,Trend+Momentum
USDJPY_H1_163,1,SQX-USDJPY-H1-1506fc57b700,USDJPY,H1,LONG,Trend+Volatility+Structure
USDJPY_H1_164,1,SQX-USDJPY-H1-15bc225748de,USDJPY,H1,LONG,Structure
USDJPY_H1_165,1,SQX-USDJPY-H1-1630617cde27,USDJPY,H1,LONG,Trend+Momentum+Volatility
USDJPY_H1_166,1,SQX-USDJPY-H1-16bfb01bc63e,USDJPY,H1,LONG,Trend+Volatility
USDJPY_H1_167,1,SQX-USDJPY-H1-16c563cdcd77,USDJPY,H1,LONG,Volatility+Structure
USDJPY_H1_168,1,SQX-USDJPY-H1-17ddc0a9d553,USDJPY,H1,SHORT,Trend+Volatility+Structure
USDJPY_H1_169,1,SQX-USDJPY-H1-1868fbc08f5e,USDJPY,H1,LONG,Volatility
USDJPY_H1_170,1,SQX-USDJPY-H1-18bf94f32b94,USDJPY,H1,LONG,Trend+Volatility
USDJPY_H1_171,1,SQX-USDJPY-H1-197e58ea4a0d,USDJPY,H1,LONG,Momentum+Volatility+Structure
USDJPY_H1_172,1,SQX-USDJPY-H1-19b936ae9321,USDJPY,H1,LONG,Momentum+Structure
USDJPY_H1_173,1,SQX-USDJPY-H1-19bbd8b5742a,USDJPY,H1,LONG,Trend+Momentum+Volatility+Structure
USDJPY_H1_174,1,SQX-USDJPY-H1-19c1b5dc6127,USDJPY,H1,LONG,Trend+Momentum
USDJPY_H1_175,1,SQX-USDJPY-H1-1a468bb5e69d,USDJPY,H1,LONG,Trend+Momentum+Volatility
USDJPY_H1_176,1,SQX-USDJPY-H1-1a97917f80a8,USDJPY,H1,LONG,Trend+Volatility
USDJPY_H1_177,1,SQX-USDJPY-H1-1a99acb92e69,USDJPY,H1,LONG,Trend+Momentum+Volatility
USDJPY_H1_178,1,SQX-USDJPY-H1-1ad1ec6d26c6,USDJPY,H1,LONG,Momentum+Volatility+Structure
USDJPY_H1_179,1,SQX-USDJPY-H1-1ada1ebc44be,USDJPY,H1,LONG,Trend+Volatility+Structure
USDJPY_H1_180,1,SQX-USDJPY-H1-1b36718c1523,USDJPY,H1,LONG,Trend+Momentum+Volatility
USDJPY_H1_181,1,SQX-USDJPY-H1-1d031a7d8ec7,USDJPY,H1,LONG,Trend+Volatility
USDJPY_H1_182,1,SQX-USDJPY-H1-1d0b1dcb45f9,USDJPY,H1,LONG,Momentum+Volatility+Structure
USDJPY_H1_183,1,SQX-USDJPY-H1-1d28bf3e04bd,USDJPY,H1,LONG,Trend+Momentum+Volatility
USDJPY_H1_184,1,SQX-USDJPY-H1-1d5487430ce2,USDJPY,H1,LONG,Trend+Momentum+Structure
USDJPY_H1_185,1,SQX-USDJPY-H1-1d629327df29,USDJPY,H1,LONG,Volatility+Structure
USDJPY_H1_186,1,SQX-USDJPY-H1-1d7499cb04c2,USDJPY,H1,LONG,Trend+Volatility
USDJPY_H1_187,1,SQX-USDJPY-H1-1f1be4f1ad96,USDJPY,H1,LONG,Momentum+Volatility
USDJPY_H1_188,1,SQX-USDJPY-H1-1f226c9bf0b2,USDJPY,H1,LONG,Momentum
USDJPY_H1_189,1,SQX-USDJPY-H1-1fe12b05440d,USDJPY,H1,LONG,Trend+Momentum+Volatility
USDJPY_H1_190,1,SQX-USDJPY-H1-200af48b3b43,USDJPY,H1,LONG,Trend+Momentum+Volatility
USDJPY_H1_191,1,SQX-USDJPY-H1-202495ac3395,USDJPY,H1,LONG,Trend+Momentum+Volatility
USDJPY_H1_192,1,SQX-USDJPY-H1-2032ecec5521,USDJPY,H1,LONG,Trend+Momentum+Volatility+Structure
USDJPY_H1_193,1,SQX-USDJPY-H1-205105eaa09d,USDJPY,H1,LONG,Momentum+Volatility
USDJPY_H1_194,1,SQX-USDJPY-H1-20d883d11d97,USDJPY,H1,LONG,Trend+Volatility
USDJPY_H1_195,1,SQX-USDJPY-H1-218a15609d56,USDJPY,H1,LONG,Volatility
USDJPY_H1_196,1,SQX-USDJPY-H1-21944720825b,USDJPY,H1,LONG,Momentum+Volatility+Structure
USDJPY_H1_197,1,SQX-USDJPY-H1-2252b2ddb7a0,USDJPY,H1,LONG,Trend+Volatility+Structure
USDJPY_H1_198,1,SQX-USDJPY-H1-2277dff5181f,USDJPY,H1,LONG,Trend+Volatility+Structure
USDJPY_H1_199,1,SQX-USDJPY-H1-22a74d5471d3,USDJPY,H1,LONG,Momentum+Volatility
USDJPY_H1_200,1,SQX-USDJPY-H1-22ea92ab0b40,USDJPY,H1,LONG,Trend+Volatility
USDJPY_H1_201,1,SQX-USDJPY-H1-234edf1eb6f1,USDJPY,H1,LONG,Momentum+Volatility
USDJPY_H1_202,1,SQX-USDJPY-H1-23cc3ba06f81,USDJPY,H1,LONG,Trend+Momentum+Volatility+Structure
USDJPY_H1_203,1,SQX-USDJPY-H1-24a23b77f337,USDJPY,H1,LONG,Momentum
USDJPY_H1_204,1,SQX-USDJPY-H1-24b16a2e5202,USDJPY,H1,LONG,Momentum+Volatility
USDJPY_H1_205,1,SQX-USDJPY-H1-2528f1dcb192,USDJPY,H1,LONG,Trend+Momentum+Volatility+Structure
USDJPY_H1_206,1,SQX-USDJPY-H1-258ebb6fc601,USDJPY,H1,LONG,Trend+Structure
USDJPY_H1_207,1,SQX-USDJPY-H1-263539a50611,USDJPY,H1,LONG,Trend+Momentum+Volatility
USDJPY_H1_208,1,SQX-USDJPY-H1-273e6bd41d1d,USDJPY,H1,SHORT,Trend+Volatility+Structure
USDJPY_H1_209,1,SQX-USDJPY-H1-27f633d332ff,USDJPY,H1,LONG,Trend+Momentum+Volatility+Structure
USDJPY_H1_210,1,SQX-USDJPY-H1-27f784b6db57,USDJPY,H1,LONG,Volatility
USDJPY_H1_211,1,SQX-USDJPY-H1-285983de64fe,USDJPY,H1,SHORT,Volatility+Structure
USDJPY_H1_212,1,SQX-USDJPY-H1-28f54aa35736,USDJPY,H1,LONG,Momentum+Volatility
USDJPY_H1_213,1,SQX-USDJPY-H1-296ccc15f5c2,USDJPY,H1,LONG,Trend+Volatility
USDJPY_H1_214,1,SQX-USDJPY-H1-299b803e9d96,USDJPY,H1,LONG,Trend+Momentum+Structure
USDJPY_H1_215,1,SQX-USDJPY-H1-29e49f9da72f,USDJPY,H1,LONG,Trend+Momentum
USDJPY_H1_216,1,SQX-USDJPY-H1-2a6e38d91662,USDJPY,H1,LONG,Trend+Volatility
USDJPY_H1_217,1,SQX-USDJPY-H1-2ab258cdd10d,USDJPY,H1,LONG,Trend+Momentum+Volatility
USDJPY_H1_218,1,SQX-USDJPY-H1-2b029f561e72,USDJPY,H1,LONG,Volatility
USDJPY_H1_219,1,SQX-USDJPY-H1-2b0456bf3929,USDJPY,H1,LONG,Trend+Volatility+Structure
USDJPY_H1_220,1,SQX-USDJPY-H1-2b15dd499b4c,USDJPY,H1,LONG,Trend+Momentum+Structure
USDJPY_H1_221,1,SQX-USDJPY-H1-2ba7c93f5bf6,USDJPY,H1,LONG,Momentum+Volatility+Structure
USDJPY_H1_222,1,SQX-USDJPY-H1-2c3a70369b40,USDJPY,H1,LONG,Volatility+Structure
USDJPY_H1_223,1,SQX-USDJPY-H1-2c43ef369a44,USDJPY,H1,LONG,Trend+Momentum+Volatility+Structure
USDJPY_H1_224,1,SQX-USDJPY-H1-2c4db23a5869,USDJPY,H1,LONG,Momentum+Volatility+Structure
USDJPY_H1_225,1,SQX-USDJPY-H1-2ca46f8a2c23,USDJPY,H1,LONG,Trend+Momentum+Structure
USDJPY_H1_226,1,SQX-USDJPY-H1-2e14880c3000,USDJPY,H1,LONG,Trend+Volatility+Structure
USDJPY_H1_227,1,SQX-USDJPY-H1-2e369c58772f,USDJPY,H1,LONG,Volatility+Structure
USDJPY_H1_228,1,SQX-USDJPY-H1-2e43955219dc,USDJPY,H1,LONG,Trend+Volatility
USDJPY_H1_229,1,SQX-USDJPY-H1-303c01643981,USDJPY,H1,LONG,Trend+Momentum+Structure
USDJPY_H1_230,1,SQX-USDJPY-H1-304cafadb787,USDJPY,H1,SHORT,Momentum+Volatility
USDJPY_H1_231,1,SQX-USDJPY-H1-30b80e11dfb8,USDJPY,H1,LONG,Trend+Momentum+Volatility+Structure
USDJPY_H1_232,1,SQX-USDJPY-H1-30f1596ecf89,USDJPY,H1,LONG,Trend+Volatility
USDJPY_H1_233,1,SQX-USDJPY-H1-3128f6f97b83,USDJPY,H1,LONG,Trend+Momentum+Structure
USDJPY_H1_234,1,SQX-USDJPY-H1-31661a0b2946,USDJPY,H1,LONG,Volatility
USDJPY_H1_235,1,SQX-USDJPY-H1-31bfb97771e8,USDJPY,H1,LONG,Trend+Momentum+Structure
USDJPY_H1_236,1,SQX-USDJPY-H1-330c67c70c9d,USDJPY,H1,LONG,Momentum+Volatility
USDJPY_H1_237,1,SQX-USDJPY-H1-3330b1303d9d,USDJPY,H1,LONG,Trend+Volatility+Structure
USDJPY_H1_238,1,SQX-USDJPY-H1-3389f66c6331,USDJPY,H1,LONG,Trend+Volatility+Structure
USDJPY_H1_239,1,SQX-USDJPY-H1-33a3b59a90e1,USDJPY,H1,LONG,Momentum+Volatility+Structure
USDJPY_H1_240,1,SQX-USDJPY-H1-33a55e093ed9,USDJPY,H1,LONG,Trend+Volatility
USDJPY_H1_241,1,SQX-USDJPY-H1-33c3bf4686a8,USDJPY,H1,SHORT,Trend+Volatility+Structure
USDJPY_H1_242,1,SQX-USDJPY-H1-346f0e3220eb,USDJPY,H1,LONG,Volatility
USDJPY_H1_243,1,SQX-USDJPY-H1-355edfbb70ca,USDJPY,H1,LONG,Trend+Volatility
USDJPY_H1_244,1,SQX-USDJPY-H1-35e896e56313,USDJPY,H1,LONG,Volatility+Structure
USDJPY_H1_245,1,SQX-USDJPY-H1-3746ad464e0b,USDJPY,H1,LONG,Trend
USDJPY_H1_246,1,SQX-USDJPY-H1-377534e7ab6c,USDJPY,H1,LONG,Trend+Momentum+Volatility+Structure
USDJPY_H1_247,1,SQX-USDJPY-H1-37fa59d86b4b,USDJPY,H1,SHORT,Trend+Volatility
USDJPY_H1_248,1,SQX-USDJPY-H1-37fa8f3c331b,USDJPY,H1,SHORT,Trend+Momentum
USDJPY_H1_249,1,SQX-USDJPY-H1-3809b4e51f88,USDJPY,H1,LONG,Trend+Momentum+Volatility+Structure
USDJPY_H1_250,1,SQX-USDJPY-H1-380fdf6d8edc,USDJPY,H1,LONG,Trend+Volatility+Structure
USDJPY_H1_251,1,SQX-USDJPY-H1-3823e78d2027,USDJPY,H1,LONG,Volatility+Structure
USDJPY_H1_252,1,SQX-USDJPY-H1-382a2f09604e,USDJPY,H1,LONG,Trend+Volatility
USDJPY_H1_253,1,SQX-USDJPY-H1-3a221c932124,USDJPY,H1,LONG,Momentum
USDJPY_H1_254,1,SQX-USDJPY-H1-3a5957afde24,USDJPY,H1,LONG,Momentum+Volatility
USDJPY_H1_255,1,SQX-USDJPY-H1-3accec6fdcb6,USDJPY,H1,LONG,Momentum+Volatility+Structure
USDJPY_H1_256,1,SQX-USDJPY-H1-3ada2de77f7f,USDJPY,H1,LONG,Trend+Momentum+Volatility+Structure
USDJPY_H1_257,1,SQX-USDJPY-H1-3b584edc3835,USDJPY,H1,LONG,Trend+Momentum
USDJPY_H1_258,1,SQX-USDJPY-H1-3b82f9543189,USDJPY,H1,LONG,Trend+Momentum+Structure
USDJPY_H1_259,1,SQX-USDJPY-H1-3c6554b63340,USDJPY,H1,LONG,Volatility+Structure
USDJPY_H1_260,1,SQX-USDJPY-H1-3cd548a0c9dc,USDJPY,H1,LONG,Momentum+Volatility+Structure
USDJPY_H1_261,1,SQX-USDJPY-H1-3d8d07b60b2d,USDJPY,H1,LONG,Momentum+Volatility
USDJPY_H1_262,1,SQX-USDJPY-H1-3e263c30c8cc,USDJPY,H1,LONG,Trend+Structure
USDJPY_H1_263,1,SQX-USDJPY-H1-3e738afecf4c,USDJPY,H1,SHORT,Trend+Volatility+Structure
USDJPY_H1_264,1,SQX-USDJPY-H1-3ea93588e26b,USDJPY,H1,LONG,Momentum+Volatility
USDJPY_H1_265,1,SQX-USDJPY-H1-3f625edc70ae,USDJPY,H1,LONG,Momentum+Volatility+Structure
USDJPY_H1_266,1,SQX-USDJPY-H1-3fb402e65c58,USDJPY,H1,LONG,Trend+Volatility+Structure
USDJPY_H1_267,1,SQX-USDJPY-H1-40358e1360e0,USDJPY,H1,LONG,Trend+Volatility
USDJPY_H1_268,1,SQX-USDJPY-H1-407bf699f4e6,USDJPY,H1,LONG,Trend+Structure
USDJPY_H1_269,1,SQX-USDJPY-H1-4096c5d5a6cb,USDJPY,H1,LONG,Trend+Volatility+Structure
USDJPY_H1_270,1,SQX-USDJPY-H1-40fe993bb4b2,USDJPY,H1,LONG,Volatility+Structure
USDJPY_H1_271,1,SQX-USDJPY-H1-412e4c3f75ee,USDJPY,H1,LONG,Trend+Momentum+Structure
USDJPY_H1_272,1,SQX-USDJPY-H1-413408436e11,USDJPY,H1,LONG,Volatility
USDJPY_H1_273,1,SQX-USDJPY-H1-4173594411e4,USDJPY,H1,LONG,Volatility+Structure
USDJPY_H1_274,1,SQX-USDJPY-H1-4180417dc62c,USDJPY,H1,LONG,Trend+Volatility+Structure
USDJPY_H1_275,1,SQX-USDJPY-H1-418ccea621ee,USDJPY,H1,LONG,Trend+Momentum
USDJPY_H1_276,1,SQX-USDJPY-H1-41a0705e893f,USDJPY,H1,LONG,Trend+Momentum+Structure
USDJPY_H1_277,1,SQX-USDJPY-H1-41c8fed318f6,USDJPY,H1,LONG,Trend+Volatility+Structure
USDJPY_H1_278,1,SQX-USDJPY-H1-421fe3fbce8e,USDJPY,H1,LONG,Trend+Momentum+Volatility+Structure
USDJPY_H1_279,1,SQX-USDJPY-H1-42436ff66700,USDJPY,H1,LONG,Trend+Volatility
USDJPY_H1_280,1,SQX-USDJPY-H1-4248b5b83d22,USDJPY,H1,SHORT,Trend+Volatility
USDJPY_H1_281,1,SQX-USDJPY-H1-425ac4baf5cf,USDJPY,H1,LONG,Trend+Momentum+Volatility
USDJPY_H1_282,1,SQX-USDJPY-H1-42a612c94a3f,USDJPY,H1,LONG,Momentum+Structure
USDJPY_H1_283,1,SQX-USDJPY-H1-42ec3c610053,USDJPY,H1,LONG,Trend+Momentum+Structure
USDJPY_H1_284,1,SQX-USDJPY-H1-42ffaf7697fa,USDJPY,H1,LONG,Trend+Volatility+Structure
USDJPY_H1_285,1,SQX-USDJPY-H1-43101b1a2026,USDJPY,H1,LONG,Momentum+Structure
USDJPY_H1_286,1,SQX-USDJPY-H1-44b2b32e2711,USDJPY,H1,LONG,Trend+Volatility
USDJPY_H1_287,1,SQX-USDJPY-H1-44b5f3416838,USDJPY,H1,LONG,Momentum+Structure
USDJPY_H1_288,1,SQX-USDJPY-H1-4516348855d1,USDJPY,H1,SHORT,Trend+Momentum+Structure
USDJPY_H1_289,1,SQX-USDJPY-H1-469746ab6b71,USDJPY,H1,LONG,Trend+Momentum+Volatility
USDJPY_H1_290,1,SQX-USDJPY-H1-46b049f5131e,USDJPY,H1,LONG,Trend+Volatility
USDJPY_H1_291,1,SQX-USDJPY-H1-46ef215651ab,USDJPY,H1,LONG,Trend+Momentum+Structure
USDJPY_H1_292,1,SQX-USDJPY-H1-47fcdca545f0,USDJPY,H1,LONG,Trend+Momentum+Volatility
USDJPY_H1_293,1,SQX-USDJPY-H1-480173f65235,USDJPY,H1,LONG,Trend+Volatility+Structure
USDJPY_H1_294,1,SQX-USDJPY-H1-48276f2440cf,USDJPY,H1,LONG,Momentum+Volatility+Structure
USDJPY_H1_295,1,SQX-USDJPY-H1-48b11c5970ca,USDJPY,H1,SHORT,Trend+Volatility
USDJPY_H1_296,1,SQX-USDJPY-H1-48da9c26ae88,USDJPY,H1,LONG,Trend+Momentum+Structure
USDJPY_H1_297,1,SQX-USDJPY-H1-49e4d50986da,USDJPY,H1,LONG,Trend+Momentum+Structure
USDJPY_H1_298,1,SQX-USDJPY-H1-4a81578e53d3,USDJPY,H1,LONG,Trend+Volatility+Structure
USDJPY_H1_299,1,SQX-USDJPY-H1-4ab8df2fa2c7,USDJPY,H1,LONG,Momentum+Volatility+Structure
USDJPY_H1_300,1,SQX-USDJPY-H1-4ac7c7373029,USDJPY,H1,SHORT,Trend+Structure
USDJPY_H1_301,1,SQX-USDJPY-H1-4b1f050d19d5,USDJPY,H1,LONG,Volatility+Structure
USDJPY_H1_302,1,SQX-USDJPY-H1-4b858414f18c,USDJPY,H1,LONG,Trend+Momentum
USDJPY_H1_303,1,SQX-USDJPY-H1-4bcb4c342f17,USDJPY,H1,LONG,Volatility
USDJPY_H1_304,1,SQX-USDJPY-H1-4bd17f9677b8,USDJPY,H1,LONG,Trend+Momentum+Volatility
USDJPY_H1_305,1,SQX-USDJPY-H1-4cd348c212f6,USDJPY,H1,LONG,Trend+Volatility+Structure
USDJPY_H1_306,1,SQX-USDJPY-H1-4d6b80eb5383,USDJPY,H1,LONG,Trend+Momentum+Structure
USDJPY_H1_307,1,SQX-USDJPY-H1-4f4530608444,USDJPY,H1,LONG,Trend+Structure
USDJPY_H1_308,1,SQX-USDJPY-H1-4f98e78eb12d,USDJPY,H1,LONG,Trend+Momentum+Volatility
USDJPY_H1_309,1,SQX-USDJPY-H1-50362e08611c,USDJPY,H1,LONG,Trend
USDJPY_H1_310,1,SQX-USDJPY-H1-50b63fafe534,USDJPY,H1,LONG,Volatility+Structure
USDJPY_H1_311,1,SQX-USDJPY-H1-50bcefe68fff,USDJPY,H1,LONG,Volatility+Structure
USDJPY_H1_312,1,SQX-USDJPY-H1-50f02d637987,USDJPY,H1,LONG,Trend+Momentum+Volatility+Structure
USDJPY_H1_313,1,SQX-USDJPY-H1-510c78580861,USDJPY,H1,LONG,Momentum+Volatility
USDJPY_H1_314,1,SQX-USDJPY-H1-5176167edcd4,USDJPY,H1,LONG,Trend+Volatility+Structure
USDJPY_H1_315,1,SQX-USDJPY-H1-51a98d59c1c4,USDJPY,H1,LONG,Trend+Volatility
USDJPY_H1_316,1,SQX-USDJPY-H1-51dacb24092c,USDJPY,H1,LONG,Momentum+Volatility
USDJPY_H1_317,1,SQX-USDJPY-H1-520491870560,USDJPY,H1,LONG,Trend+Volatility
USDJPY_H1_318,1,SQX-USDJPY-H1-5297d0689b25,USDJPY,H1,LONG,Momentum+Volatility
USDJPY_H1_319,1,SQX-USDJPY-H1-530ac30fac11,USDJPY,H1,LONG,Volatility+Structure
USDJPY_H1_320,1,SQX-USDJPY-H1-531530846517,USDJPY,H1,LONG,Trend+Momentum+Structure
USDJPY_H1_321,1,SQX-USDJPY-H1-538091287e0e,USDJPY,H1,LONG,Volatility+Structure
USDJPY_H1_322,1,SQX-USDJPY-H1-5395a114eb26,USDJPY,H1,LONG,Momentum+Volatility
USDJPY_H1_323,1,SQX-USDJPY-H1-539914b17bbf,USDJPY,H1,LONG,Trend+Momentum+Structure
USDJPY_H1_324,1,SQX-USDJPY-H1-53a486cf1834,USDJPY,H1,LONG,Trend+Momentum
USDJPY_H1_325,1,SQX-USDJPY-H1-550e0e0a3df5,USDJPY,H1,SHORT,Momentum+Structure
USDJPY_H1_326,1,SQX-USDJPY-H1-5527f1bd0ede,USDJPY,H1,LONG,Momentum
USDJPY_H1_327,1,SQX-USDJPY-H1-5582d8894ba7,USDJPY,H1,LONG,Momentum+Volatility+Structure
USDJPY_H1_328,1,SQX-USDJPY-H1-5601f140a084,USDJPY,H1,LONG,Trend+Volatility
USDJPY_H1_329,1,SQX-USDJPY-H1-5705941582f3,USDJPY,H1,LONG,Momentum+Volatility
USDJPY_H1_330,1,SQX-USDJPY-H1-578976bf15fc,USDJPY,H1,LONG,Trend+Momentum
USDJPY_H1_331,1,SQX-USDJPY-H1-57dbe0f4e52c,USDJPY,H1,SHORT,Trend+Structure
USDJPY_H1_332,1,SQX-USDJPY-H1-57ea2e4e70b3,USDJPY,H1,LONG,Trend+Momentum
USDJPY_H1_333,1,SQX-USDJPY-H1-587061da4185,USDJPY,H1,LONG,Trend+Volatility
USDJPY_H1_334,1,SQX-USDJPY-H1-58d9b26c5ca3,USDJPY,H1,LONG,Trend+Volatility+Structure
USDJPY_H1_335,1,SQX-USDJPY-H1-590627408137,USDJPY,H1,LONG,Volatility+Structure
USDJPY_H1_336,1,SQX-USDJPY-H1-5910b98a6c86,USDJPY,H1,LONG,Trend+Volatility
USDJPY_H1_337,1,SQX-USDJPY-H1-59378b378075,USDJPY,H1,LONG,Trend+Momentum+Volatility
USDJPY_H1_338,1,SQX-USDJPY-H1-5b2e7684436f,USDJPY,H1,LONG,Trend+Volatility
USDJPY_H1_339,1,SQX-USDJPY-H1-5c0de68962d1,USDJPY,H1,LONG,Momentum+Volatility+Structure
USDJPY_H1_340,1,SQX-USDJPY-H1-5c8fa1080327,USDJPY,H1,LONG,Trend+Structure
USDJPY_H1_341,1,SQX-USDJPY-H1-5c944d33292c,USDJPY,H1,LONG,Structure
USDJPY_H1_342,1,SQX-USDJPY-H1-5c9e0a0a5f1d,USDJPY,H1,LONG,Volatility+Structure
USDJPY_H1_343,1,SQX-USDJPY-H1-5da8b24c6fc2,USDJPY,H1,LONG,Trend+Momentum+Volatility
USDJPY_H1_344,1,SQX-USDJPY-H1-5e625a68eeb4,USDJPY,H1,LONG,Trend+Volatility+Structure
USDJPY_H1_345,1,SQX-USDJPY-H1-5e7e2e4bf294,USDJPY,H1,LONG,Trend+Momentum+Volatility+Structure
USDJPY_H1_346,1,SQX-USDJPY-H1-5f936e33afff,USDJPY,H1,LONG,Trend+Momentum+Structure
USDJPY_H1_347,1,SQX-USDJPY-H1-5fcbe4002f11,USDJPY,H1,LONG,Trend+Momentum
USDJPY_H1_348,1,SQX-USDJPY-H1-60395db2a9fe,USDJPY,H1,SHORT,Trend
USDJPY_H1_349,1,SQX-USDJPY-H1-605157313921,USDJPY,H1,LONG,Volatility+Structure
USDJPY_H1_350,1,SQX-USDJPY-H1-6080c2817460,USDJPY,H1,LONG,Trend+Momentum+Volatility
USDJPY_H1_351,1,SQX-USDJPY-H1-60a32e23828c,USDJPY,H1,LONG,Trend+Volatility
USDJPY_H1_352,1,SQX-USDJPY-H1-60e071e87c1c,USDJPY,H1,LONG,Volatility+Structure
USDJPY_H1_353,1,SQX-USDJPY-H1-6146db1651c0,USDJPY,H1,LONG,Momentum+Volatility
USDJPY_H1_354,1,SQX-USDJPY-H1-61e915b89d98,USDJPY,H1,LONG,Trend+Momentum
USDJPY_H1_355,1,SQX-USDJPY-H1-621906c907dd,USDJPY,H1,SHORT,Volatility+Structure
USDJPY_H1_356,1,SQX-USDJPY-H1-623c36935d5f,USDJPY,H1,LONG,Trend+Structure
USDJPY_H1_357,1,SQX-USDJPY-H1-62a431655f2f,USDJPY,H1,LONG,Trend+Volatility
USDJPY_H1_358,1,SQX-USDJPY-H1-633e99b0308e,USDJPY,H1,LONG,Volatility+Structure
USDJPY_H1_359,1,SQX-USDJPY-H1-635386c0d564,USDJPY,H1,SHORT,Trend+Momentum+Structure
USDJPY_H1_360,1,SQX-USDJPY-H1-63d3c8877c12,USDJPY,H1,LONG,Trend+Momentum+Volatility
USDJPY_H1_361,1,SQX-USDJPY-H1-640cd294c40a,USDJPY,H1,LONG,Trend
USDJPY_H1_362,1,SQX-USDJPY-H1-65963d3ab7aa,USDJPY,H1,SHORT,Volatility+Structure
USDJPY_H1_363,1,SQX-USDJPY-H1-659eeb541de8,USDJPY,H1,LONG,Trend+Volatility
USDJPY_H1_364,1,SQX-USDJPY-H1-65d3571b6c86,USDJPY,H1,LONG,Volatility+Structure
USDJPY_H1_365,1,SQX-USDJPY-H1-65f6d2070594,USDJPY,H1,LONG,Trend+Volatility+Structure
USDJPY_H1_366,1,SQX-USDJPY-H1-66cf669c5af1,USDJPY,H1,LONG,Momentum+Volatility+Structure
USDJPY_H1_367,1,SQX-USDJPY-H1-67805bd9b093,USDJPY,H1,LONG,Trend+Momentum+Structure
USDJPY_H1_368,1,SQX-USDJPY-H1-67f8798327b7,USDJPY,H1,LONG,Trend+Volatility
USDJPY_H1_369,1,SQX-USDJPY-H1-681b13fea2d5,USDJPY,H1,LONG,Trend+Momentum+Structure
USDJPY_H1_370,1,SQX-USDJPY-H1-689d0678d4a3,USDJPY,H1,LONG,Trend+Volatility
USDJPY_H1_371,1,SQX-USDJPY-H1-68c3a9e16164,USDJPY,H1,LONG,Momentum+Structure
USDJPY_H1_372,1,SQX-USDJPY-H1-68cca0647462,USDJPY,H1,LONG,Trend
USDJPY_H1_373,1,SQX-USDJPY-H1-692944c39359,USDJPY,H1,LONG,Momentum+Volatility
USDJPY_H1_374,1,SQX-USDJPY-H1-6930b4c170ff,USDJPY,H1,LONG,Trend+Momentum+Volatility
USDJPY_H1_375,1,SQX-USDJPY-H1-693d963f562a,USDJPY,H1,LONG,Trend+Momentum+Structure
USDJPY_H1_376,1,SQX-USDJPY-H1-6941e07165db,USDJPY,H1,LONG,Trend+Volatility
USDJPY_H1_377,1,SQX-USDJPY-H1-696ed01142cb,USDJPY,H1,LONG,Momentum+Volatility+Structure
USDJPY_H1_378,1,SQX-USDJPY-H1-697ea7eeab40,USDJPY,H1,SHORT,Trend+Momentum+Volatility
USDJPY_H1_379,1,SQX-USDJPY-H1-69c2a0d4a108,USDJPY,H1,LONG,Trend+Volatility
USDJPY_H1_380,1,SQX-USDJPY-H1-6c8cf6041fad,USDJPY,H1,LONG,Trend+Volatility
USDJPY_H1_381,1,SQX-USDJPY-H1-6d028b26134a,USDJPY,H1,LONG,Momentum+Volatility+Structure
USDJPY_H1_382,1,SQX-USDJPY-H1-6d3c10e537af,USDJPY,H1,LONG,Volatility+Structure
USDJPY_H1_383,1,SQX-USDJPY-H1-6d62d7cf49af,USDJPY,H1,LONG,Trend+Volatility
USDJPY_H1_384,1,SQX-USDJPY-H1-6d6a349f64c2,USDJPY,H1,LONG,Trend+Volatility+Structure
USDJPY_H1_385,1,SQX-USDJPY-H1-6dcf0b036d5a,USDJPY,H1,LONG,Trend+Volatility+Structure
USDJPY_H1_386,1,SQX-USDJPY-H1-6e472d5a7ab3,USDJPY,H1,LONG,Volatility+Structure
USDJPY_H1_387,1,SQX-USDJPY-H1-6e85310e5725,USDJPY,H1,LONG,Volatility+Structure
USDJPY_H1_388,1,SQX-USDJPY-H1-6f25a85f4ff9,USDJPY,H1,LONG,Trend+Volatility+Structure
USDJPY_H1_389,1,SQX-USDJPY-H1-6f8a6290789f,USDJPY,H1,LONG,Momentum+Volatility+Structure
USDJPY_H1_390,1,SQX-USDJPY-H1-703b1be92051,USDJPY,H1,SHORT,Momentum+Structure
USDJPY_H1_391,1,SQX-USDJPY-H1-7127655a7229,USDJPY,H1,LONG,Trend+Momentum
USDJPY_H1_392,1,SQX-USDJPY-H1-712f7ba1ff94,USDJPY,H1,LONG,Trend+Volatility+Structure
USDJPY_H1_393,1,SQX-USDJPY-H1-71a2b65ad322,USDJPY,H1,LONG,Trend+Volatility+Structure
USDJPY_H1_394,1,SQX-USDJPY-H1-7242d2d411e7,USDJPY,H1,LONG,Momentum+Volatility
USDJPY_H1_395,1,SQX-USDJPY-H1-72880a7d209f,USDJPY,H1,LONG,Momentum+Structure
USDJPY_H1_396,1,SQX-USDJPY-H1-72b9a60aab37,USDJPY,H1,LONG,Trend+Volatility
USDJPY_H1_397,1,SQX-USDJPY-H1-72bc17c2f147,USDJPY,H1,LONG,Momentum+Structure
USDJPY_H1_398,1,SQX-USDJPY-H1-7320ef060557,USDJPY,H1,LONG,Trend+Momentum
USDJPY_H1_399,1,SQX-USDJPY-H1-73acf0e01b21,USDJPY,H1,LONG,Trend+Momentum
USDJPY_H1_400,1,SQX-USDJPY-H1-73b172e93d2c,USDJPY,H1,LONG,Trend+Structure
USDJPY_H1_401,1,SQX-USDJPY-H1-73e09e738612,USDJPY,H1,LONG,Trend+Momentum+Volatility+Structure
USDJPY_H1_402,1,SQX-USDJPY-H1-7430892da9e4,USDJPY,H1,SHORT,Structure
USDJPY_H1_403,1,SQX-USDJPY-H1-7451a8432616,USDJPY,H1,SHORT,Trend+Momentum+Structure
USDJPY_H1_404,1,SQX-USDJPY-H1-74bd496fed1b,USDJPY,H1,LONG,Trend+Momentum
USDJPY_H1_405,1,SQX-USDJPY-H1-74bfb6af4dc6,USDJPY,H1,LONG,Trend+Momentum+Volatility
USDJPY_H1_406,1,SQX-USDJPY-H1-755e8ad32d9d,USDJPY,H1,LONG,Momentum+Volatility
USDJPY_H1_407,1,SQX-USDJPY-H1-75a098938169,USDJPY,H1,LONG,Trend+Momentum
USDJPY_H1_408,1,SQX-USDJPY-H1-76d692ae68d4,USDJPY,H1,SHORT,Trend+Structure
USDJPY_H1_409,1,SQX-USDJPY-H1-77264ef91780,USDJPY,H1,LONG,Trend+Momentum
USDJPY_H1_410,1,SQX-USDJPY-H1-7766515e3248,USDJPY,H1,SHORT,Trend+Momentum
USDJPY_H1_411,1,SQX-USDJPY-H1-77878157ad7b,USDJPY,H1,SHORT,Volatility+Structure
USDJPY_H1_412,1,SQX-USDJPY-H1-78082b762256,USDJPY,H1,LONG,Momentum+Volatility
USDJPY_H1_413,1,SQX-USDJPY-H1-7aa0cf31136c,USDJPY,H1,LONG,Trend+Momentum+Volatility
USDJPY_H1_414,1,SQX-USDJPY-H1-7b7ddc386cc8,USDJPY,H1,LONG,Volatility+Structure
USDJPY_H1_415,1,SQX-USDJPY-H1-7b8030fc57e8,USDJPY,H1,LONG,Trend+Volatility
USDJPY_H1_416,1,SQX-USDJPY-H1-7bb7531c75b4,USDJPY,H1,SHORT,Momentum+Volatility+Structure
USDJPY_H1_417,1,SQX-USDJPY-H1-7c74c568bfa0,USDJPY,H1,LONG,Trend+Volatility+Structure
USDJPY_H1_418,1,SQX-USDJPY-H1-7e27d243c22d,USDJPY,H1,LONG,Trend+Volatility+Structure
USDJPY_H1_419,1,SQX-USDJPY-H1-7e819e2c1120,USDJPY,H1,LONG,Trend+Volatility
USDJPY_H1_420,1,SQX-USDJPY-H1-7e9daa980f94,USDJPY,H1,LONG,Trend+Structure
USDJPY_H1_421,1,SQX-USDJPY-H1-7f1bd51375a3,USDJPY,H1,LONG,Trend+Momentum
USDJPY_H1_422,1,SQX-USDJPY-H1-7f6332fa58c9,USDJPY,H1,SHORT,Trend+Structure
USDJPY_H1_423,1,SQX-USDJPY-H1-7f9e0c1fd92d,USDJPY,H1,LONG,Trend+Momentum+Volatility+Structure
USDJPY_H1_424,1,SQX-USDJPY-H1-7faac70e7410,USDJPY,H1,SHORT,Momentum+Volatility+Structure
USDJPY_H1_425,1,SQX-USDJPY-H1-7fda71969ea7,USDJPY,H1,LONG,Trend+Volatility+Structure
USDJPY_H1_426,1,SQX-USDJPY-H1-7fdc90be83e8,USDJPY,H1,LONG,Trend
USDJPY_H1_427,1,SQX-USDJPY-H1-7ff070f3b56e,USDJPY,H1,LONG,Trend+Volatility
USDJPY_H1_428,1,SQX-USDJPY-H1-80744fb42360,USDJPY,H1,LONG,Trend
USDJPY_H1_429,1,SQX-USDJPY-H1-80e00337efdb,USDJPY,H1,LONG,Trend+Momentum+Volatility
USDJPY_H1_430,1,SQX-USDJPY-H1-81781b0ab2b1,USDJPY,H1,LONG,Trend+Momentum
USDJPY_H1_431,1,SQX-USDJPY-H1-818803de36e6,USDJPY,H1,LONG,Trend+Volatility
USDJPY_H1_432,1,SQX-USDJPY-H1-81a6ebeabb5e,USDJPY,H1,SHORT,Momentum
USDJPY_H1_433,1,SQX-USDJPY-H1-823becdbc077,USDJPY,H1,LONG,Trend+Momentum+Volatility+Structure
USDJPY_H1_434,1,SQX-USDJPY-H1-8255ad59afb5,USDJPY,H1,LONG,Momentum+Structure
USDJPY_H1_435,1,SQX-USDJPY-H1-8256ce01cd48,USDJPY,H1,LONG,Trend+Structure
USDJPY_H1_436,1,SQX-USDJPY-H1-826b1dbe0699,USDJPY,H1,LONG,Volatility
USDJPY_H1_437,1,SQX-USDJPY-H1-83393f5b302c,USDJPY,H1,LONG,Trend+Momentum
USDJPY_H1_438,1,SQX-USDJPY-H1-848813d63040,USDJPY,H1,LONG,Momentum+Volatility
USDJPY_H1_439,1,SQX-USDJPY-H1-848a3d34b506,USDJPY,H1,LONG,Momentum+Volatility+Structure
USDJPY_H1_440,1,SQX-USDJPY-H1-85021377b007,USDJPY,H1,LONG,Trend+Momentum+Volatility+Structure
USDJPY_H1_441,1,SQX-USDJPY-H1-85dab79bfc48,USDJPY,H1,LONG,Trend+Momentum+Volatility+Structure
USDJPY_H1_442,1,SQX-USDJPY-H1-861970878939,USDJPY,H1,LONG,Trend+Momentum+Volatility
USDJPY_H1_443,1,SQX-USDJPY-H1-86a4c6e11045,USDJPY,H1,LONG,Trend+Momentum+Structure
USDJPY_H1_444,1,SQX-USDJPY-H1-86b304a6c841,USDJPY,H1,LONG,Momentum+Volatility+Structure
USDJPY_H1_445,1,SQX-USDJPY-H1-878f41401f28,USDJPY,H1,LONG,Volatility+Structure
USDJPY_H1_446,1,SQX-USDJPY-H1-8864f8b4d349,USDJPY,H1,LONG,Trend+Momentum
USDJPY_H1_447,1,SQX-USDJPY-H1-8872527e6751,USDJPY,H1,LONG,Trend+Volatility+Structure
USDJPY_H1_448,1,SQX-USDJPY-H1-88f7d1888e9a,USDJPY,H1,LONG,Trend+Structure
USDJPY_H1_449,1,SQX-USDJPY-H1-8a2ac44589ef,USDJPY,H1,LONG,Momentum+Volatility
USDJPY_H1_450,1,SQX-USDJPY-H1-8a9a68e82f97,USDJPY,H1,LONG,Momentum+Volatility
USDJPY_H1_451,1,SQX-USDJPY-H1-8aa365795688,USDJPY,H1,SHORT,Momentum+Structure
USDJPY_H1_452,1,SQX-USDJPY-H1-8ae823abd8e4,USDJPY,H1,LONG,Trend+Momentum+Volatility
USDJPY_H1_453,1,SQX-USDJPY-H1-8b0eb054e349,USDJPY,H1,LONG,Trend+Volatility+Structure
USDJPY_H1_454,1,SQX-USDJPY-H1-8b114e8359f3,USDJPY,H1,LONG,Momentum+Volatility
USDJPY_H1_455,1,SQX-USDJPY-H1-8b8b51d7a4d5,USDJPY,H1,LONG,Trend+Momentum
USDJPY_H1_456,1,SQX-USDJPY-H1-8bbf9ec2278c,USDJPY,H1,LONG,Volatility
USDJPY_H1_457,1,SQX-USDJPY-H1-8bdeb5dedabe,USDJPY,H1,LONG,Trend+Structure
USDJPY_H1_458,1,SQX-USDJPY-H1-8c62af9ee6dc,USDJPY,H1,SHORT,Trend+Volatility+Structure
USDJPY_H1_459,1,SQX-USDJPY-H1-8cbab732e299,USDJPY,H1,LONG,Trend+Volatility+Structure
USDJPY_H1_460,1,SQX-USDJPY-H1-8d140d34c569,USDJPY,H1,LONG,Trend+Volatility+Structure
USDJPY_H1_461,1,SQX-USDJPY-H1-8d5db4615b45,USDJPY,H1,LONG,Trend+Volatility+Structure
USDJPY_H1_462,1,SQX-USDJPY-H1-8e7b94a09c81,USDJPY,H1,LONG,Momentum+Volatility
USDJPY_H1_463,1,SQX-USDJPY-H1-8ecef34ea665,USDJPY,H1,LONG,Trend+Structure
USDJPY_H1_464,1,SQX-USDJPY-H1-8efd40c05ed6,USDJPY,H1,LONG,Trend+Structure
USDJPY_H1_465,1,SQX-USDJPY-H1-8fd001c332d5,USDJPY,H1,LONG,Trend+Momentum+Volatility
USDJPY_H1_466,1,SQX-USDJPY-H1-902b9376b8a6,USDJPY,H1,LONG,Momentum+Volatility
USDJPY_H1_467,1,SQX-USDJPY-H1-90a073016cce,USDJPY,H1,SHORT,Momentum+Volatility+Structure
USDJPY_H1_468,1,SQX-USDJPY-H1-90b503a6c185,USDJPY,H1,LONG,Trend+Volatility
USDJPY_H1_469,1,SQX-USDJPY-H1-918657a6ba6e,USDJPY,H1,LONG,Momentum
USDJPY_H1_470,1,SQX-USDJPY-H1-91e4d059db76,USDJPY,H1,LONG,Momentum+Volatility+Structure
USDJPY_H1_471,1,SQX-USDJPY-H1-91e855796373,USDJPY,H1,LONG,Volatility+Structure
USDJPY_H1_472,1,SQX-USDJPY-H1-924f3785431d,USDJPY,H1,LONG,Trend+Structure
USDJPY_H1_473,1,SQX-USDJPY-H1-92573c0efe5b,USDJPY,H1,LONG,Trend+Momentum+Volatility
USDJPY_H1_474,1,SQX-USDJPY-H1-92685a5b5b37,USDJPY,H1,LONG,Trend+Momentum+Volatility
USDJPY_H1_475,1,SQX-USDJPY-H1-927fb1d1b68a,USDJPY,H1,LONG,Trend+Momentum
USDJPY_H1_476,1,SQX-USDJPY-H1-929b13e5fcf6,USDJPY,H1,LONG,Trend+Momentum
USDJPY_H1_477,1,SQX-USDJPY-H1-92d7ef177805,USDJPY,H1,LONG,Trend+Volatility
USDJPY_H1_478,1,SQX-USDJPY-H1-92fb0b6cf043,USDJPY,H1,SHORT,Trend+Momentum+Structure
USDJPY_H1_479,1,SQX-USDJPY-H1-935e445e9dbc,USDJPY,H1,LONG,Trend+Structure
USDJPY_H1_480,1,SQX-USDJPY-H1-93b231baf6ac,USDJPY,H1,LONG,Trend+Momentum+Volatility+Structure
USDJPY_H1_481,1,SQX-USDJPY-H1-94707540d45f,USDJPY,H1,LONG,Momentum+Volatility+Structure
USDJPY_H1_482,1,SQX-USDJPY-H1-9548af49b7df,USDJPY,H1,LONG,Trend+Momentum+Volatility
USDJPY_H1_483,1,SQX-USDJPY-H1-95747c97da7d,USDJPY,H1,LONG,Momentum+Volatility+Structure
USDJPY_H1_484,1,SQX-USDJPY-H1-95a62797ecbf,USDJPY,H1,SHORT,Trend
USDJPY_H1_485,1,SQX-USDJPY-H1-95d38e39ccdf,USDJPY,H1,LONG,Trend+Volatility
USDJPY_H1_486,1,SQX-USDJPY-H1-966f38165a07,USDJPY,H1,LONG,Trend+Volatility
USDJPY_H1_487,1,SQX-USDJPY-H1-96720457d29f,USDJPY,H1,LONG,Momentum
USDJPY_H1_488,1,SQX-USDJPY-H1-96c4a68fc0b9,USDJPY,H1,LONG,Trend+Structure
USDJPY_H1_489,1,SQX-USDJPY-H1-96d619b5c8ff,USDJPY,H1,LONG,Trend+Momentum+Structure
USDJPY_H1_490,1,SQX-USDJPY-H1-9727f8c3f944,USDJPY,H1,LONG,Momentum+Volatility
USDJPY_H1_491,1,SQX-USDJPY-H1-9790697694eb,USDJPY,H1,LONG,Trend+Momentum
USDJPY_H1_492,1,SQX-USDJPY-H1-97a89c33ee9d,USDJPY,H1,LONG,Momentum+Volatility+Structure
USDJPY_H1_493,1,SQX-USDJPY-H1-9934e8e0b836,USDJPY,H1,LONG,Trend+Momentum+Structure
USDJPY_H1_494,1,SQX-USDJPY-H1-9961c57d9c90,USDJPY,H1,LONG,Momentum
USDJPY_H1_495,1,SQX-USDJPY-H1-9978be12beb3,USDJPY,H1,LONG,Trend+Volatility
USDJPY_H1_496,1,SQX-USDJPY-H1-99ce687d4275,USDJPY,H1,LONG,Momentum
USDJPY_H1_497,1,SQX-USDJPY-H1-99d7618b30f1,USDJPY,H1,LONG,Trend+Structure
USDJPY_H1_498,1,SQX-USDJPY-H1-99e3e90b28f1,USDJPY,H1,LONG,Trend+Volatility+Structure
USDJPY_H1_499,1,SQX-USDJPY-H1-99f53811c605,USDJPY,H1,LONG,Momentum+Structure
USDJPY_H1_500,1,SQX-USDJPY-H1-9aa393cbea0e,USDJPY,H1,LONG,Trend+Momentum+Volatility
USDJPY_H1_501,1,SQX-USDJPY-H1-9af957ebb12d,USDJPY,H1,LONG,Trend+Momentum+Volatility
USDJPY_H1_502,1,SQX-USDJPY-H1-9b5c479df3c1,USDJPY,H1,LONG,Trend+Volatility
USDJPY_H1_503,1,SQX-USDJPY-H1-9c04580f52bc,USDJPY,H1,LONG,Trend+Momentum+Volatility+Structure
USDJPY_H1_504,1,SQX-USDJPY-H1-9c59e97f922c,USDJPY,H1,LONG,Trend+Structure
USDJPY_H1_505,1,SQX-USDJPY-H1-9d5b71a8158f,USDJPY,H1,SHORT,Trend+Volatility
USDJPY_H1_506,1,SQX-USDJPY-H1-9d65b7590598,USDJPY,H1,LONG,Trend+Structure
USDJPY_H1_507,1,SQX-USDJPY-H1-9d751e031576,USDJPY,H1,LONG,Momentum+Volatility+Structure
USDJPY_H1_508,1,SQX-USDJPY-H1-9e1577406ebd,USDJPY,H1,LONG,Momentum+Volatility
USDJPY_H1_509,1,SQX-USDJPY-H1-9e2430723b8d,USDJPY,H1,LONG,Trend+Volatility
USDJPY_H1_510,1,SQX-USDJPY-H1-9e2a0a274f43,USDJPY,H1,LONG,Momentum+Structure
USDJPY_H1_511,1,SQX-USDJPY-H1-9e432fa33b8f,USDJPY,H1,LONG,Trend+Volatility+Structure
USDJPY_H1_512,1,SQX-USDJPY-H1-9eb25d633a3b,USDJPY,H1,LONG,Trend+Momentum
USDJPY_H1_513,1,SQX-USDJPY-H1-9f7258fcbd35,USDJPY,H1,LONG,Trend+Momentum
USDJPY_H1_514,1,SQX-USDJPY-H1-a0615429b24b,USDJPY,H1,LONG,Momentum+Structure
USDJPY_H1_515,1,SQX-USDJPY-H1-a06aa04e3119,USDJPY,H1,LONG,Momentum+Volatility+Structure
USDJPY_H1_516,1,SQX-USDJPY-H1-a06cade6f431,USDJPY,H1,LONG,Trend+Volatility+Structure
USDJPY_H1_517,1,SQX-USDJPY-H1-a0f773443d8a,USDJPY,H1,LONG,Trend+Volatility+Structure
USDJPY_H1_518,1,SQX-USDJPY-H1-a1506efa23ea,USDJPY,H1,LONG,Momentum
USDJPY_H1_519,1,SQX-USDJPY-H1-a1fec3a39fcd,USDJPY,H1,LONG,Structure
USDJPY_H1_520,1,SQX-USDJPY-H1-a27b97f2b9bc,USDJPY,H1,LONG,Trend+Momentum+Volatility
USDJPY_H1_521,1,SQX-USDJPY-H1-a291ecf1e403,USDJPY,H1,LONG,Momentum+Volatility
USDJPY_H1_522,1,SQX-USDJPY-H1-a2b3a4634c62,USDJPY,H1,LONG,Momentum+Volatility+Structure
USDJPY_H1_523,1,SQX-USDJPY-H1-a31fb930de05,USDJPY,H1,LONG,Trend+Momentum+Structure
USDJPY_H1_524,1,SQX-USDJPY-H1-a3da663ef52c,USDJPY,H1,LONG,Momentum+Volatility+Structure
USDJPY_H1_525,1,SQX-USDJPY-H1-a4a75b07335e,USDJPY,H1,LONG,Momentum+Volatility+Structure
USDJPY_H1_526,1,SQX-USDJPY-H1-a4daf9d783a5,USDJPY,H1,LONG,Trend+Momentum+Volatility
USDJPY_H1_527,1,SQX-USDJPY-H1-a5241c188c74,USDJPY,H1,LONG,Trend+Volatility
USDJPY_H1_528,1,SQX-USDJPY-H1-a54c4a02ce15,USDJPY,H1,LONG,Volatility+Structure
USDJPY_H1_529,1,SQX-USDJPY-H1-a598ee789126,USDJPY,H1,LONG,Trend+Momentum
USDJPY_H1_530,1,SQX-USDJPY-H1-a5dfd8b870e7,USDJPY,H1,SHORT,Momentum+Volatility+Structure
USDJPY_H1_531,1,SQX-USDJPY-H1-a661aea795eb,USDJPY,H1,LONG,Volatility
USDJPY_H1_532,1,SQX-USDJPY-H1-a66cc3d96017,USDJPY,H1,LONG,Momentum+Volatility
USDJPY_H1_533,1,SQX-USDJPY-H1-a69cd96a2d58,USDJPY,H1,LONG,Trend+Momentum+Volatility
USDJPY_H1_534,1,SQX-USDJPY-H1-a6a6ca8f9d64,USDJPY,H1,LONG,Momentum+Volatility
USDJPY_H1_535,1,SQX-USDJPY-H1-a6e1d833f60b,USDJPY,H1,LONG,Momentum+Structure
USDJPY_H1_536,1,SQX-USDJPY-H1-a6ea0efcd19e,USDJPY,H1,SHORT,Momentum+Structure
USDJPY_H1_537,1,SQX-USDJPY-H1-a7bf4c795ca3,USDJPY,H1,LONG,Trend+Volatility+Structure
USDJPY_H1_538,1,SQX-USDJPY-H1-a808517751ae,USDJPY,H1,LONG,Volatility+Structure
USDJPY_H1_539,1,SQX-USDJPY-H1-a8df0335bf63,USDJPY,H1,LONG,Momentum+Structure
USDJPY_H1_540,1,SQX-USDJPY-H1-a9ae91c348ea,USDJPY,H1,LONG,Trend+Momentum
USDJPY_H1_541,1,SQX-USDJPY-H1-aa58bb7e896d,USDJPY,H1,LONG,Trend+Momentum+Volatility
USDJPY_H1_542,1,SQX-USDJPY-H1-aa8a15e60d6c,USDJPY,H1,SHORT,Momentum+Structure
USDJPY_H1_543,1,SQX-USDJPY-H1-aa8e228e3d3e,USDJPY,H1,LONG,Volatility+Structure
USDJPY_H1_544,1,SQX-USDJPY-H1-ab1d9736143c,USDJPY,H1,SHORT,Trend+Volatility+Structure
USDJPY_H1_545,1,SQX-USDJPY-H1-ab4164c9ac41,USDJPY,H1,LONG,Trend+Momentum+Volatility
USDJPY_H1_546,1,SQX-USDJPY-H1-ab4c17829dbc,USDJPY,H1,LONG,Trend+Volatility
USDJPY_H1_547,1,SQX-USDJPY-H1-ab69bf0d4eb8,USDJPY,H1,LONG,Trend+Momentum+Structure
USDJPY_H1_548,1,SQX-USDJPY-H1-aba6e7a8afaa,USDJPY,H1,SHORT,Trend+Volatility+Structure
USDJPY_H1_549,1,SQX-USDJPY-H1-ac03a14aba9c,USDJPY,H1,LONG,Trend+Structure
USDJPY_H1_550,1,SQX-USDJPY-H1-ac1b2f6f1238,USDJPY,H1,LONG,Trend+Momentum
USDJPY_H1_551,1,SQX-USDJPY-H1-aca63026f83e,USDJPY,H1,LONG,Trend+Volatility
USDJPY_H1_552,1,SQX-USDJPY-H1-acb2c46930dc,USDJPY,H1,LONG,Momentum
USDJPY_H1_553,1,SQX-USDJPY-H1-ad32ae713f25,USDJPY,H1,LONG,Trend+Momentum+Structure
USDJPY_H1_554,1,SQX-USDJPY-H1-ad5860ffece3,USDJPY,H1,LONG,Trend+Momentum+Structure
USDJPY_H1_555,1,SQX-USDJPY-H1-ad849bb96bb3,USDJPY,H1,LONG,Trend+Volatility
USDJPY_H1_556,1,SQX-USDJPY-H1-aee75755594c,USDJPY,H1,LONG,Trend+Volatility+Structure
USDJPY_H1_557,1,SQX-USDJPY-H1-af6ca71c99d4,USDJPY,H1,SHORT,Trend+Momentum
USDJPY_H1_558,1,SQX-USDJPY-H1-af9acad06689,USDJPY,H1,SHORT,Momentum+Volatility+Structure
USDJPY_H1_559,1,SQX-USDJPY-H1-afdbcdcf69ce,USDJPY,H1,LONG,Trend+Momentum
USDJPY_H1_560,1,SQX-USDJPY-H1-b006344d27c2,USDJPY,H1,LONG,Momentum+Volatility
USDJPY_H1_561,1,SQX-USDJPY-H1-b01167d367d0,USDJPY,H1,LONG,Momentum+Volatility+Structure
USDJPY_H1_562,1,SQX-USDJPY-H1-b03442bda8cf,USDJPY,H1,LONG,Momentum+Volatility+Structure
USDJPY_H1_563,1,SQX-USDJPY-H1-b07110f26cd4,USDJPY,H1,LONG,Volatility+Structure
USDJPY_H1_564,1,SQX-USDJPY-H1-b0948beae4c4,USDJPY,H1,LONG,Trend+Structure
USDJPY_H1_565,1,SQX-USDJPY-H1-b12e015385db,USDJPY,H1,LONG,Trend+Structure
USDJPY_H1_566,1,SQX-USDJPY-H1-b1b24da3c45a,USDJPY,H1,SHORT,Trend+Volatility+Structure
USDJPY_H1_567,1,SQX-USDJPY-H1-b1ebb9e09f6a,USDJPY,H1,LONG,Trend+Volatility+Structure
USDJPY_H1_568,1,SQX-USDJPY-H1-b2d3ff5d7207,USDJPY,H1,LONG,Momentum+Structure
USDJPY_H1_569,1,SQX-USDJPY-H1-b2d6ed07f285,USDJPY,H1,LONG,Volatility
USDJPY_H1_570,1,SQX-USDJPY-H1-b30f9ab2d9a9,USDJPY,H1,LONG,Momentum+Volatility+Structure
USDJPY_H1_571,1,SQX-USDJPY-H1-b3bde0e0c75f,USDJPY,H1,LONG,Trend+Momentum+Structure
USDJPY_H1_572,1,SQX-USDJPY-H1-b4751fb7ceb9,USDJPY,H1,LONG,Trend+Momentum+Structure
USDJPY_H1_573,1,SQX-USDJPY-H1-b5bef2573fb3,USDJPY,H1,LONG,Trend+Momentum+Structure
USDJPY_H1_574,1,SQX-USDJPY-H1-b61345dc2193,USDJPY,H1,LONG,Trend+Structure
USDJPY_H1_575,1,SQX-USDJPY-H1-b681aae46a21,USDJPY,H1,LONG,Trend+Momentum+Structure
USDJPY_H1_576,1,SQX-USDJPY-H1-b71a8c8ae30f,USDJPY,H1,LONG,Volatility+Structure
USDJPY_H1_577,1,SQX-USDJPY-H1-b91b9e35d600,USDJPY,H1,LONG,Volatility+Structure
USDJPY_H1_578,1,SQX-USDJPY-H1-baa6844b7616,USDJPY,H1,LONG,Trend+Momentum+Volatility
USDJPY_H1_579,1,SQX-USDJPY-H1-bad2f9d7df06,USDJPY,H1,LONG,Trend+Momentum
USDJPY_H1_580,1,SQX-USDJPY-H1-bb318cb1d3ad,USDJPY,H1,LONG,Trend+Momentum+Volatility
USDJPY_H1_581,1,SQX-USDJPY-H1-bb58f4c78611,USDJPY,H1,LONG,Momentum+Volatility+Structure
USDJPY_H1_582,1,SQX-USDJPY-H1-bb74516f21a6,USDJPY,H1,LONG,Momentum+Volatility+Structure
USDJPY_H1_583,1,SQX-USDJPY-H1-bb8f459bbc05,USDJPY,H1,SHORT,Momentum+Structure
USDJPY_H1_584,1,SQX-USDJPY-H1-bba270c0ac10,USDJPY,H1,LONG,Trend+Structure
USDJPY_H1_585,1,SQX-USDJPY-H1-bbcb512f7269,USDJPY,H1,LONG,Trend+Momentum
USDJPY_H1_586,1,SQX-USDJPY-H1-bc4ceab34208,USDJPY,H1,LONG,Volatility+Structure
USDJPY_H1_587,1,SQX-USDJPY-H1-bcdb6e4c5c0c,USDJPY,H1,LONG,Momentum+Volatility
USDJPY_H1_588,1,SQX-USDJPY-H1-be9db8f12815,USDJPY,H1,LONG,Trend+Momentum+Structure
USDJPY_H1_589,1,SQX-USDJPY-H1-bef964526105,USDJPY,H1,LONG,Momentum+Volatility+Structure
USDJPY_H1_590,1,SQX-USDJPY-H1-bfd51bfcf448,USDJPY,H1,LONG,Trend+Momentum+Structure
USDJPY_H1_591,1,SQX-USDJPY-H1-c0b5cb63b876,USDJPY,H1,LONG,Trend+Momentum
USDJPY_H1_592,1,SQX-USDJPY-H1-c0f44c4189b3,USDJPY,H1,LONG,Trend+Momentum
USDJPY_H1_593,1,SQX-USDJPY-H1-c109825dffb9,USDJPY,H1,LONG,Momentum+Volatility
USDJPY_H1_594,1,SQX-USDJPY-H1-c166df406290,USDJPY,H1,LONG,Momentum+Volatility+Structure
USDJPY_H1_595,1,SQX-USDJPY-H1-c17e4ba7028c,USDJPY,H1,LONG,Volatility
USDJPY_H1_596,1,SQX-USDJPY-H1-c1f1d0552b47,USDJPY,H1,LONG,Trend
USDJPY_H1_597,1,SQX-USDJPY-H1-c21ba9cf7149,USDJPY,H1,LONG,Trend
USDJPY_H1_598,1,SQX-USDJPY-H1-c25ec034a2e3,USDJPY,H1,LONG,Trend+Momentum
USDJPY_H1_599,1,SQX-USDJPY-H1-c272f1e915ef,USDJPY,H1,LONG,Trend+Volatility+Structure
USDJPY_H1_600,1,SQX-USDJPY-H1-c2e3e6178dfb,USDJPY,H1,SHORT,Trend+Momentum
USDJPY_H1_601,1,SQX-USDJPY-H1-c30a4334b2dd,USDJPY,H1,LONG,Trend+Structure
USDJPY_H1_602,1,SQX-USDJPY-H1-c3a5bc949313,USDJPY,H1,LONG,Trend+Momentum+Volatility+Structure
USDJPY_H1_603,1,SQX-USDJPY-H1-c3e986451353,USDJPY,H1,LONG,Trend+Momentum+Volatility
USDJPY_H1_604,1,SQX-USDJPY-H1-c51f549bad52,USDJPY,H1,LONG,Trend+Momentum
USDJPY_H1_605,1,SQX-USDJPY-H1-c59f8be0735f,USDJPY,H1,LONG,Trend+Momentum+Volatility
USDJPY_H1_606,1,SQX-USDJPY-H1-c633313061a2,USDJPY,H1,LONG,Volatility
USDJPY_H1_607,1,SQX-USDJPY-H1-c68ba1980bee,USDJPY,H1,LONG,Trend
USDJPY_H1_608,1,SQX-USDJPY-H1-c6acf328a96b,USDJPY,H1,LONG,Trend+Momentum+Structure
USDJPY_H1_609,1,SQX-USDJPY-H1-c6b1eb68283e,USDJPY,H1,LONG,Momentum
USDJPY_H1_610,1,SQX-USDJPY-H1-c6b80fd887cf,USDJPY,H1,LONG,Trend+Volatility+Structure
USDJPY_H1_611,1,SQX-USDJPY-H1-c7b3c2df3141,USDJPY,H1,LONG,Volatility
USDJPY_H1_612,1,SQX-USDJPY-H1-c87cb2698c5a,USDJPY,H1,LONG,Trend+Volatility+Structure
USDJPY_H1_613,1,SQX-USDJPY-H1-c8b28a0d078b,USDJPY,H1,LONG,Trend+Momentum+Volatility
USDJPY_H1_614,1,SQX-USDJPY-H1-c8f6ac56999d,USDJPY,H1,LONG,Trend+Momentum+Volatility
USDJPY_H1_615,1,SQX-USDJPY-H1-c947f1e571c7,USDJPY,H1,LONG,Trend+Volatility
USDJPY_H1_616,1,SQX-USDJPY-H1-ca48ebd58c61,USDJPY,H1,LONG,Momentum+Volatility
USDJPY_H1_617,1,SQX-USDJPY-H1-ca624e8a42fa,USDJPY,H1,SHORT,Trend+Volatility+Structure
USDJPY_H1_618,1,SQX-USDJPY-H1-cb2b63ea1265,USDJPY,H1,SHORT,Trend+Momentum
USDJPY_H1_619,1,SQX-USDJPY-H1-cb49aa2ed1b6,USDJPY,H1,LONG,Trend
USDJPY_H1_620,1,SQX-USDJPY-H1-cb544da19779,USDJPY,H1,LONG,Trend+Volatility+Structure
USDJPY_H1_621,1,SQX-USDJPY-H1-cc8ed4719a4b,USDJPY,H1,SHORT,Momentum+Volatility+Structure
USDJPY_H1_622,1,SQX-USDJPY-H1-cdc966232182,USDJPY,H1,SHORT,Volatility
USDJPY_H1_623,1,SQX-USDJPY-H1-cdd0aa65d6fb,USDJPY,H1,LONG,Trend+Volatility
USDJPY_H1_624,1,SQX-USDJPY-H1-ce58ec5c4a8a,USDJPY,H1,LONG,Momentum+Volatility+Structure
USDJPY_H1_625,1,SQX-USDJPY-H1-cebfc9fac743,USDJPY,H1,SHORT,Trend+Momentum+Structure
USDJPY_H1_626,1,SQX-USDJPY-H1-cf0ee463562f,USDJPY,H1,LONG,Momentum+Volatility+Structure
USDJPY_H1_627,1,SQX-USDJPY-H1-cf625f962b45,USDJPY,H1,SHORT,Trend+Momentum+Structure
USDJPY_H1_628,1,SQX-USDJPY-H1-cfa52cc35e43,USDJPY,H1,LONG,Volatility+Structure
USDJPY_H1_629,1,SQX-USDJPY-H1-cfb6f49d8951,USDJPY,H1,LONG,Trend+Momentum+Volatility
USDJPY_H1_630,1,SQX-USDJPY-H1-cfc838748b22,USDJPY,H1,LONG,Trend+Volatility
USDJPY_H1_631,1,SQX-USDJPY-H1-cff32185bab8,USDJPY,H1,LONG,Structure
USDJPY_H1_632,1,SQX-USDJPY-H1-d08c4e19f7b7,USDJPY,H1,SHORT,Momentum+Volatility
USDJPY_H1_633,1,SQX-USDJPY-H1-d10f29ea60aa,USDJPY,H1,LONG,Momentum+Volatility+Structure
USDJPY_H1_634,1,SQX-USDJPY-H1-d133e2dbe843,USDJPY,H1,LONG,Trend+Volatility+Structure
USDJPY_H1_635,1,SQX-USDJPY-H1-d139b305731e,USDJPY,H1,LONG,Trend+Volatility+Structure
USDJPY_H1_636,1,SQX-USDJPY-H1-d17ef073a2c6,USDJPY,H1,SHORT,Volatility+Structure
USDJPY_H1_637,1,SQX-USDJPY-H1-d226d40e7cea,USDJPY,H1,SHORT,Trend+Momentum+Structure
USDJPY_H1_638,1,SQX-USDJPY-H1-d30630087e72,USDJPY,H1,LONG,Trend+Volatility
USDJPY_H1_639,1,SQX-USDJPY-H1-d3bb6a2def7a,USDJPY,H1,LONG,Trend
USDJPY_H1_640,1,SQX-USDJPY-H1-d3e8b51a366f,USDJPY,H1,LONG,Trend+Volatility+Structure
USDJPY_H1_641,1,SQX-USDJPY-H1-d559c6e3af2e,USDJPY,H1,LONG,Trend+Structure
USDJPY_H1_642,1,SQX-USDJPY-H1-d5d7c5f5db81,USDJPY,H1,SHORT,Volatility+Structure
USDJPY_H1_643,1,SQX-USDJPY-H1-d616fb264606,USDJPY,H1,LONG,Trend+Momentum+Volatility
USDJPY_H1_644,1,SQX-USDJPY-H1-d64346f1f61b,USDJPY,H1,SHORT,Trend+Volatility
USDJPY_H1_645,1,SQX-USDJPY-H1-d6b999d484ac,USDJPY,H1,LONG,Trend+Volatility+Structure
USDJPY_H1_646,1,SQX-USDJPY-H1-d7978d11e347,USDJPY,H1,LONG,Momentum+Structure
USDJPY_H1_647,1,SQX-USDJPY-H1-d7a7862f289c,USDJPY,H1,LONG,Momentum+Structure
USDJPY_H1_648,1,SQX-USDJPY-H1-d8cf61c771d2,USDJPY,H1,LONG,Volatility
USDJPY_H1_649,1,SQX-USDJPY-H1-d93014d08067,USDJPY,H1,SHORT,Trend+Structure
USDJPY_H1_650,1,SQX-USDJPY-H1-d947392ff0ac,USDJPY,H1,LONG,Volatility+Structure
USDJPY_H1_651,1,SQX-USDJPY-H1-d964d425ca60,USDJPY,H1,LONG,Trend+Momentum
USDJPY_H1_652,1,SQX-USDJPY-H1-dad3565d46f2,USDJPY,H1,LONG,Trend+Volatility
USDJPY_H1_653,1,SQX-USDJPY-H1-daf06780a047,USDJPY,H1,LONG,Trend+Volatility
USDJPY_H1_654,1,SQX-USDJPY-H1-db5134c934dc,USDJPY,H1,LONG,Trend+Structure
USDJPY_H1_655,1,SQX-USDJPY-H1-dc02771026de,USDJPY,H1,LONG,Trend+Momentum+Volatility
USDJPY_H1_656,1,SQX-USDJPY-H1-dc2b1f686168,USDJPY,H1,SHORT,Trend+Volatility+Structure
USDJPY_H1_657,1,SQX-USDJPY-H1-de30b23fcb1d,USDJPY,H1,LONG,Trend+Momentum+Structure
USDJPY_H1_658,1,SQX-USDJPY-H1-def1a0ff74a3,USDJPY,H1,LONG,Trend+Momentum+Volatility
USDJPY_H1_659,1,SQX-USDJPY-H1-def1d18126e9,USDJPY,H1,LONG,Trend+Volatility
USDJPY_H1_660,1,SQX-USDJPY-H1-dfc66eb31772,USDJPY,H1,LONG,Momentum
USDJPY_H1_661,1,SQX-USDJPY-H1-e067c890151c,USDJPY,H1,SHORT,Momentum+Structure
USDJPY_H1_662,1,SQX-USDJPY-H1-e0724c0cc3d5,USDJPY,H1,LONG,Trend+Volatility+Structure
USDJPY_H1_663,1,SQX-USDJPY-H1-e090240a23d5,USDJPY,H1,LONG,Trend+Momentum+Structure
USDJPY_H1_664,1,SQX-USDJPY-H1-e1f2eb24fd8c,USDJPY,H1,LONG,Trend+Momentum+Volatility
USDJPY_H1_665,1,SQX-USDJPY-H1-e1f34a6ed8fd,USDJPY,H1,LONG,Trend+Momentum+Structure
USDJPY_H1_666,1,SQX-USDJPY-H1-e1f6ce21a750,USDJPY,H1,LONG,Trend
USDJPY_H1_667,1,SQX-USDJPY-H1-e1fae87c0ec8,USDJPY,H1,LONG,Structure
USDJPY_H1_668,1,SQX-USDJPY-H1-e378ae40c9ac,USDJPY,H1,LONG,Structure
USDJPY_H1_669,1,SQX-USDJPY-H1-e378effe8f58,USDJPY,H1,LONG,Trend+Volatility+Structure
USDJPY_H1_670,1,SQX-USDJPY-H1-e409d52cb005,USDJPY,H1,LONG,Trend+Momentum+Volatility+Structure
USDJPY_H1_671,1,SQX-USDJPY-H1-e57de1fb5644,USDJPY,H1,LONG,Trend+Momentum+Structure
USDJPY_H1_672,1,SQX-USDJPY-H1-e591c1547d9d,USDJPY,H1,LONG,Trend+Volatility
USDJPY_H1_673,1,SQX-USDJPY-H1-e6ce9880285e,USDJPY,H1,LONG,Momentum+Volatility
USDJPY_H1_674,1,SQX-USDJPY-H1-e6d2209ae414,USDJPY,H1,SHORT,Trend+Volatility
USDJPY_H1_675,1,SQX-USDJPY-H1-e6f95bc8b538,USDJPY,H1,LONG,Trend+Volatility+Structure
USDJPY_H1_676,1,SQX-USDJPY-H1-e7121679130a,USDJPY,H1,LONG,Trend+Momentum+Volatility+Structure
USDJPY_H1_677,1,SQX-USDJPY-H1-e7df3d550124,USDJPY,H1,LONG,Trend+Momentum+Structure
USDJPY_H1_678,1,SQX-USDJPY-H1-e843e64f3874,USDJPY,H1,LONG,Momentum+Volatility+Structure
USDJPY_H1_679,1,SQX-USDJPY-H1-e9e13da44e01,USDJPY,H1,SHORT,Momentum+Volatility+Structure
USDJPY_H1_680,1,SQX-USDJPY-H1-ea736a48579b,USDJPY,H1,LONG,Trend+Momentum+Volatility
USDJPY_H1_681,1,SQX-USDJPY-H1-eb39063772b9,USDJPY,H1,SHORT,Trend+Momentum
USDJPY_H1_682,1,SQX-USDJPY-H1-eb91af532bd2,USDJPY,H1,LONG,Trend+Volatility+Structure
USDJPY_H1_683,1,SQX-USDJPY-H1-ebf91bc0dc93,USDJPY,H1,LONG,Trend+Momentum+Structure
USDJPY_H1_684,1,SQX-USDJPY-H1-ec9a1268cc81,USDJPY,H1,LONG,Trend+Volatility+Structure
USDJPY_H1_685,1,SQX-USDJPY-H1-ecb7de73def4,USDJPY,H1,LONG,Momentum+Structure
USDJPY_H1_686,1,SQX-USDJPY-H1-ed0202ffdf94,USDJPY,H1,LONG,Trend+Momentum
USDJPY_H1_687,1,SQX-USDJPY-H1-ed2b5f3ae75b,USDJPY,H1,LONG,Trend+Volatility
USDJPY_H1_688,1,SQX-USDJPY-H1-ed46185a6fab,USDJPY,H1,LONG,Trend+Momentum+Structure
USDJPY_H1_689,1,SQX-USDJPY-H1-edc545b34ae2,USDJPY,H1,LONG,Trend+Volatility+Structure
USDJPY_H1_690,1,SQX-USDJPY-H1-edc572650693,USDJPY,H1,SHORT,Momentum+Structure
USDJPY_H1_691,1,SQX-USDJPY-H1-ee2a796c93bb,USDJPY,H1,LONG,Trend+Structure
USDJPY_H1_692,1,SQX-USDJPY-H1-ee3926895b24,USDJPY,H1,LONG,Trend+Momentum
USDJPY_H1_693,1,SQX-USDJPY-H1-eee6756da228,USDJPY,H1,LONG,Trend+Volatility+Structure
USDJPY_H1_694,1,SQX-USDJPY-H1-ef2be3d39c01,USDJPY,H1,LONG,Trend+Volatility
USDJPY_H1_695,1,SQX-USDJPY-H1-f0866ce85af3,USDJPY,H1,LONG,Trend+Volatility
USDJPY_H1_696,1,SQX-USDJPY-H1-f0e877629c28,USDJPY,H1,LONG,Trend+Momentum+Volatility
USDJPY_H1_697,1,SQX-USDJPY-H1-f12fba0fee0d,USDJPY,H1,LONG,Momentum+Volatility
USDJPY_H1_698,1,SQX-USDJPY-H1-f17189dbddde,USDJPY,H1,LONG,Structure
USDJPY_H1_699,1,SQX-USDJPY-H1-f1c33842180b,USDJPY,H1,LONG,Trend+Momentum
USDJPY_H1_700,1,SQX-USDJPY-H1-f1d3fe450742,USDJPY,H1,LONG,Trend+Momentum
USDJPY_H1_701,1,SQX-USDJPY-H1-f2e8ebd56d35,USDJPY,H1,LONG,Trend
USDJPY_H1_702,1,SQX-USDJPY-H1-f3287a33c997,USDJPY,H1,LONG,Trend+Momentum+Volatility
USDJPY_H1_703,1,SQX-USDJPY-H1-f338f693da77,USDJPY,H1,LONG,Trend+Structure
USDJPY_H1_704,1,SQX-USDJPY-H1-f36e755602a7,USDJPY,H1,LONG,Momentum+Structure
USDJPY_H1_705,1,SQX-USDJPY-H1-f3daf6dbe888,USDJPY,H1,SHORT,Trend+Structure
USDJPY_H1_706,1,SQX-USDJPY-H1-f43b144a3833,USDJPY,H1,SHORT,Trend+Volatility
USDJPY_H1_707,1,SQX-USDJPY-H1-f43bdc1a0d66,USDJPY,H1,LONG,Momentum+Volatility+Structure
USDJPY_H1_708,1,SQX-USDJPY-H1-f49554a973f6,USDJPY,H1,LONG,Trend+Volatility+Structure
USDJPY_H1_709,1,SQX-USDJPY-H1-f4974caaac53,USDJPY,H1,LONG,Trend+Momentum+Volatility
USDJPY_H1_710,1,SQX-USDJPY-H1-f4dc68dc93bb,USDJPY,H1,LONG,Trend+Momentum+Structure
USDJPY_H1_711,1,SQX-USDJPY-H1-f5326345144d,USDJPY,H1,LONG,Trend+Momentum+Volatility
USDJPY_H1_712,1,SQX-USDJPY-H1-f56f50b86db8,USDJPY,H1,LONG,Trend+Volatility
USDJPY_H1_713,1,SQX-USDJPY-H1-f59d55488d25,USDJPY,H1,LONG,Trend+Structure
USDJPY_H1_714,1,SQX-USDJPY-H1-f60391c375e8,USDJPY,H1,LONG,Trend+Momentum+Volatility
USDJPY_H1_715,1,SQX-USDJPY-H1-f61d302d22ad,USDJPY,H1,SHORT,Trend+Momentum+Volatility
USDJPY_H1_716,1,SQX-USDJPY-H1-f64f2170d136,USDJPY,H1,LONG,Trend+Momentum+Structure
USDJPY_H1_717,1,SQX-USDJPY-H1-f687d94c8597,USDJPY,H1,LONG,Trend+Volatility+Structure
USDJPY_H1_718,1,SQX-USDJPY-H1-f72cebb30149,USDJPY,H1,LONG,Trend+Volatility+Structure
USDJPY_H1_719,1,SQX-USDJPY-H1-f762376c57ba,USDJPY,H1,LONG,Trend+Volatility
USDJPY_H1_720,1,SQX-USDJPY-H1-f795ef99addd,USDJPY,H1,LONG,Momentum+Volatility
USDJPY_H1_721,1,SQX-USDJPY-H1-f7cfb376ad79,USDJPY,H1,LONG,Trend+Momentum
USDJPY_H1_722,1,SQX-USDJPY-H1-f80d925c5843,USDJPY,H1,LONG,Momentum+Volatility
USDJPY_H1_723,1,SQX-USDJPY-H1-f88c78586320,USDJPY,H1,LONG,Momentum
USDJPY_H1_724,1,SQX-USDJPY-H1-f89b2806c26c,USDJPY,H1,LONG,Momentum+Volatility
USDJPY_H1_725,1,SQX-USDJPY-H1-f953b3c002f7,USDJPY,H1,LONG,Trend
USDJPY_H1_726,1,SQX-USDJPY-H1-fae6f7397258,USDJPY,H1,LONG,Trend+Momentum+Structure
USDJPY_H1_727,1,SQX-USDJPY-H1-fb012b22fcb4,USDJPY,H1,LONG,Trend+Volatility+Structure
USDJPY_H1_728,1,SQX-USDJPY-H1-fb327e4b6cd0,USDJPY,H1,LONG,Trend+Structure
USDJPY_H1_729,1,SQX-USDJPY-H1-fb5e412d0e4a,USDJPY,H1,LONG,Momentum+Volatility
USDJPY_H1_730,1,SQX-USDJPY-H1-fbcb9f87e271,USDJPY,H1,LONG,Trend+Momentum+Volatility
USDJPY_H1_731,1,SQX-USDJPY-H1-fbe046394867,USDJPY,H1,LONG,Trend+Volatility+Structure
USDJPY_H1_732,1,SQX-USDJPY-H1-fbfcdf70b203,USDJPY,H1,LONG,Volatility+Structure
USDJPY_H1_733,1,SQX-USDJPY-H1-fcec73c3ad17,USDJPY,H1,LONG,Momentum+Volatility+Structure
USDJPY_H1_734,1,SQX-USDJPY-H1-fd5656594c58,USDJPY,H1,LONG,Trend+Volatility+Structure
USDJPY_H1_735,1,SQX-USDJPY-H1-fd576f0fc5b9,USDJPY,H1,LONG,Momentum+Volatility
USDJPY_H1_736,1,SQX-USDJPY-H1-fd7d764cad7c,USDJPY,H1,LONG,Momentum+Volatility
USDJPY_H1_737,1,SQX-USDJPY-H1-fd7dbd657e90,USDJPY,H1,LONG,Trend+Volatility
USDJPY_H1_738,1,SQX-USDJPY-H1-fe176260acda,USDJPY,H1,LONG,Momentum+Volatility
USDJPY_H1_739,1,SQX-USDJPY-H1-fe69b11de82d,USDJPY,H1,LONG,Trend+Momentum+Structure
USDJPY_H1_740,1,SQX-USDJPY-H1-fecd67965425,USDJPY,H1,LONG,Trend+Volatility+Structure
USDJPY_H1_741,1,SQX-USDJPY-H1-feebd39eac4a,USDJPY,H1,LONG,Trend+Volatility+Structure
USDJPY_H1_742,1,SQX-USDJPY-H1-ff7b041935b4,USDJPY,H1,LONG,Trend
USDJPY_H4_1,68,SQX-USDJPY-H4-01d8635047e8,USDJPY,H4,LONG,Momentum+Volatility
USDJPY_H4_1,68,SQX-USDJPY-H4-0286130f4716,USDJPY,H4,LONG,Momentum+Volatility
USDJPY_H4_1,68,SQX-USDJPY-H4-0388736dc066,USDJPY,H4,LONG,Momentum+Volatility
USDJPY_H4_1,68,SQX-USDJPY-H4-0491275f5f8d,USDJPY,H4,LONG,Trend+Volatility
USDJPY_H4_1,68,SQX-USDJPY-H4-09ea45ac703f,USDJPY,H4,LONG,Trend+Momentum+Volatility
USDJPY_H4_1,68,SQX-USDJPY-H4-0a5451662d06,USDJPY,H4,LONG,Momentum+Volatility
USDJPY_H4_1,68,SQX-USDJPY-H4-1157d8abeeb5,USDJPY,H4,LONG,Trend+Momentum+Volatility
USDJPY_H4_1,68,SQX-USDJPY-H4-11b5f7254f7a,USDJPY,H4,LONG,Volatility
USDJPY_H4_1,68,SQX-USDJPY-H4-18bf39d90245,USDJPY,H4,LONG,Trend+Momentum+Volatility
USDJPY_H4_1,68,SQX-USDJPY-H4-19d1888a6bcf,USDJPY,H4,LONG,Trend+Momentum+Volatility
USDJPY_H4_1,68,SQX-USDJPY-H4-1d50107d1ad8,USDJPY,H4,LONG,Trend+Volatility
USDJPY_H4_1,68,SQX-USDJPY-H4-1ed4945cf803,USDJPY,H4,LONG,Trend+Volatility
USDJPY_H4_1,68,SQX-USDJPY-H4-22e156e82bec,USDJPY,H4,LONG,Trend+Volatility
USDJPY_H4_1,68,SQX-USDJPY-H4-2d0a8d62a009,USDJPY,H4,LONG,Trend+Momentum+Volatility
USDJPY_H4_1,68,SQX-USDJPY-H4-324c04580970,USDJPY,H4,LONG,Momentum+Volatility
USDJPY_H4_1,68,SQX-USDJPY-H4-354c356f17c5,USDJPY,H4,LONG,Momentum+Volatility
USDJPY_H4_1,68,SQX-USDJPY-H4-3990f1f03ece,USDJPY,H4,LONG,Trend+Momentum+Volatility
USDJPY_H4_1,68,SQX-USDJPY-H4-3a2a9c5be4dc,USDJPY,H4,LONG,Trend+Volatility
USDJPY_H4_1,68,SQX-USDJPY-H4-43171486c5b6,USDJPY,H4,LONG,Trend+Volatility
USDJPY_H4_1,68,SQX-USDJPY-H4-50cf6cf00327,USDJPY,H4,LONG,Trend+Momentum+Volatility
USDJPY_H4_1,68,SQX-USDJPY-H4-542987af9972,USDJPY,H4,LONG,Trend+Volatility
USDJPY_H4_1,68,SQX-USDJPY-H4-58f974b955a7,USDJPY,H4,LONG,Trend+Volatility
USDJPY_H4_1,68,SQX-USDJPY-H4-615d2615e8cc,USDJPY,H4,LONG,Trend+Momentum+Volatility
USDJPY_H4_1,68,SQX-USDJPY-H4-61ff8b8acfbf,USDJPY,H4,LONG,Trend+Momentum+Volatility
USDJPY_H4_1,68,SQX-USDJPY-H4-652107e580ad,USDJPY,H4,LONG,Trend+Momentum+Volatility
USDJPY_H4_1,68,SQX-USDJPY-H4-67c3c6576d1b,USDJPY,H4,LONG,Trend+Momentum+Volatility
USDJPY_H4_1,68,SQX-USDJPY-H4-68cc27b72ecf,USDJPY,H4,LONG,Volatility
USDJPY_H4_1,68,SQX-USDJPY-H4-6b7ee6ab54ac,USDJPY,H4,LONG,Momentum+Volatility
USDJPY_H4_1,68,SQX-USDJPY-H4-6fefa307d7b9,USDJPY,H4,LONG,Trend+Momentum+Volatility
USDJPY_H4_1,68,SQX-USDJPY-H4-73411497c749,USDJPY,H4,LONG,Trend+Volatility
USDJPY_H4_1,68,SQX-USDJPY-H4-751163b61887,USDJPY,H4,LONG,Trend+Momentum+Volatility
USDJPY_H4_1,68,SQX-USDJPY-H4-7835385f9887,USDJPY,H4,LONG,Trend+Volatility
USDJPY_H4_1,68,SQX-USDJPY-H4-7e18a81db4d7,USDJPY,H4,LONG,Momentum+Volatility
USDJPY_H4_1,68,SQX-USDJPY-H4-8103d5500601,USDJPY,H4,LONG,Trend+Momentum+Volatility
USDJPY_H4_1,68,SQX-USDJPY-H4-89e0d0c3c7b6,USDJPY,H4,LONG,Trend+Volatility
USDJPY_H4_1,68,SQX-USDJPY-H4-8c01f0f8f7a0,USDJPY,H4,LONG,Trend+Volatility
USDJPY_H4_1,68,SQX-USDJPY-H4-9121592b953b,USDJPY,H4,LONG,Momentum+Volatility
USDJPY_H4_1,68,SQX-USDJPY-H4-9343bcbf4fd7,USDJPY,H4,LONG,Momentum+Volatility
USDJPY_H4_1,68,SQX-USDJPY-H4-965e691ef953,USDJPY,H4,LONG,Trend+Momentum+Volatility
USDJPY_H4_1,68,SQX-USDJPY-H4-981256e5d8eb,USDJPY,H4,LONG,Trend+Momentum+Volatility
USDJPY_H4_1,68,SQX-USDJPY-H4-98220373cf8c,USDJPY,H4,LONG,Momentum+Volatility
USDJPY_H4_1,68,SQX-USDJPY-H4-98ba7eb62632,USDJPY,H4,LONG,Momentum+Volatility
USDJPY_H4_1,68,SQX-USDJPY-H4-98c443235cc8,USDJPY,H4,LONG,Trend+Volatility
USDJPY_H4_1,68,SQX-USDJPY-H4-994989c436bc,USDJPY,H4,LONG,Momentum+Volatility
USDJPY_H4_1,68,SQX-USDJPY-H4-9ca9c6e438b9,USDJPY,H4,LONG,Momentum+Volatility
USDJPY_H4_1,68,SQX-USDJPY-H4-9f2b981826c3,USDJPY,H4,LONG,Momentum+Volatility
USDJPY_H4_1,68,SQX-USDJPY-H4-9f7fa59a8908,USDJPY,H4,LONG,Trend+Volatility
USDJPY_H4_1,68,SQX-USDJPY-H4-a53b49188f22,USDJPY,H4,LONG,Trend+Volatility
USDJPY_H4_1,68,SQX-USDJPY-H4-a5cfef4ada0d,USDJPY,H4,LONG,Trend+Volatility
USDJPY_H4_1,68,SQX-USDJPY-H4-abfc6820bae1,USDJPY,H4,LONG,Trend+Momentum+Volatility
USDJPY_H4_1,68,SQX-USDJPY-H4-ad9da0ecf80e,USDJPY,H4,LONG,Trend+Momentum+Volatility
USDJPY_H4_1,68,SQX-USDJPY-H4-bc912c243d56,USDJPY,H4,LONG,Momentum+Volatility
USDJPY_H4_1,68,SQX-USDJPY-H4-bfda6f7d1939,USDJPY,H4,LONG,Volatility
USDJPY_H4_1,68,SQX-USDJPY-H4-c1426d947235,USDJPY,H4,LONG,Trend+Volatility
USDJPY_H4_1,68,SQX-USDJPY-H4-c404982f66ef,USDJPY,H4,LONG,Trend+Momentum+Volatility
USDJPY_H4_1,68,SQX-USDJPY-H4-c42232993b07,USDJPY,H4,LONG,Trend+Momentum+Volatility
USDJPY_H4_1,68,SQX-USDJPY-H4-c6aab3e135c9,USDJPY,H4,LONG,Trend+Volatility
USDJPY_H4_1,68,SQX-USDJPY-H4-cf4bc0a48bc2,USDJPY,H4,LONG,Trend+Momentum+Volatility
USDJPY_H4_1,68,SQX-USDJPY-H4-dae6d11cc9d1,USDJPY,H4,LONG,Momentum+Volatility
USDJPY_H4_1,68,SQX-USDJPY-H4-db02e0d16f90,USDJPY,H4,LONG,Trend+Momentum+Volatility
USDJPY_H4_1,68,SQX-USDJPY-H4-dcde5ebe4dab,USDJPY,H4,LONG,Trend+Volatility
USDJPY_H4_1,68,SQX-USDJPY-H4-de8c17327b21,USDJPY,H4,LONG,Trend+Momentum+Volatility
USDJPY_H4_1,68,SQX-USDJPY-H4-e0d94516a2d2,USDJPY,H4,LONG,Trend+Volatility
USDJPY_H4_1,68,SQX-USDJPY-H4-e42e3499ab6f,USDJPY,H4,LONG,Momentum+Volatility
USDJPY_H4_1,68,SQX-USDJPY-H4-f114c7883f29,USDJPY,H4,LONG,Volatility
USDJPY_H4_1,68,SQX-USDJPY-H4-f2b8adf7c75c,USDJPY,H4,LONG,Trend+Momentum+Volatility
USDJPY_H4_1,68,SQX-USDJPY-H4-f783c9486fd4,USDJPY,H4,LONG,Momentum+Volatility
USDJPY_H4_1,68,SQX-USDJPY-H4-fcd754ea11e8,USDJPY,H4,LONG,Trend+Volatility
USDJPY_H4_2,19,SQX-USDJPY-H4-029542aa06a2,USDJPY,H4,LONG,Trend+Momentum+Structure
USDJPY_H4_2,19,SQX-USDJPY-H4-03c0e98a1926,USDJPY,H4,LONG,Momentum+Volatility+Structure
USDJPY_H4_2,19,SQX-USDJPY-H4-0b77d583dd6e,USDJPY,H4,LONG,Momentum+Volatility+Structure
USDJPY_H4_2,19,SQX-USDJPY-H4-1e6955bb1733,USDJPY,H4,LONG,Momentum+Volatility+Structure
USDJPY_H4_2,19,SQX-USDJPY-H4-240d473f61ab,USDJPY,H4,LONG,Momentum+Structure
USDJPY_H4_2,19,SQX-USDJPY-H4-41c70bc9e2ae,USDJPY,H4,LONG,Trend+Momentum+Structure
USDJPY_H4_2,19,SQX-USDJPY-H4-48bc10f33780,USDJPY,H4,LONG,Momentum+Structure
USDJPY_H4_2,19,SQX-USDJPY-H4-6b94eebf4377,USDJPY,H4,LONG,Trend+Momentum+Structure
USDJPY_H4_2,19,SQX-USDJPY-H4-93ad56ede5d9,USDJPY,H4,LONG,Trend+Momentum+Structure
USDJPY_H4_2,19,SQX-USDJPY-H4-a4819529981b,USDJPY,H4,LONG,Momentum+Structure
USDJPY_H4_2,19,SQX-USDJPY-H4-a95a0087a7c6,USDJPY,H4,LONG,Momentum+Structure
USDJPY_H4_2,19,SQX-USDJPY-H4-bcb0ddc2ef8e,USDJPY,H4,LONG,Trend+Momentum+Structure
USDJPY_H4_2,19,SQX-USDJPY-H4-d2281123b958,USDJPY,H4,LONG,Momentum+Structure
USDJPY_H4_2,19,SQX-USDJPY-H4-d587aec7a5ae,USDJPY,H4,LONG,Momentum+Structure
USDJPY_H4_2,19,SQX-USDJPY-H4-dc4f568a6774,USDJPY,H4,LONG,Momentum+Structure
USDJPY_H4_2,19,SQX-USDJPY-H4-e447b895684d,USDJPY,H4,LONG,Momentum+Volatility+Structure
USDJPY_H4_2,19,SQX-USDJPY-H4-e831e1a91be3,USDJPY,H4,LONG,Momentum+Structure
USDJPY_H4_2,19,SQX-USDJPY-H4-f0aecad72dea,USDJPY,H4,LONG,Trend+Momentum+Structure
USDJPY_H4_2,19,SQX-USDJPY-H4-f9dd76041911,USDJPY,H4,LONG,Momentum+Structure
USDJPY_H4_3,17,SQX-USDJPY-H4-00a6afc02412,USDJPY,H4,LONG,Trend+Structure
USDJPY_H4_3,17,SQX-USDJPY-H4-1c66afe01676,USDJPY,H4,LONG,Trend+Structure
USDJPY_H4_3,17,SQX-USDJPY-H4-2b9f5db2d7e5,USDJPY,H4,LONG,Trend+Structure
USDJPY_H4_3,17,SQX-USDJPY-H4-4873f10d7910,USDJPY,H4,LONG,Trend+Structure
USDJPY_H4_3,17,SQX-USDJPY-H4-4b67fe42e948,USDJPY,H4,LONG,Trend+Structure
USDJPY_H4_3,17,SQX-USDJPY-H4-5a5f03d45301,USDJPY,H4,LONG,Volatility+Structure
USDJPY_H4_3,17,SQX-USDJPY-H4-6341c77afeae,USDJPY,H4,LONG,Trend+Structure
USDJPY_H4_3,17,SQX-USDJPY-H4-678513840bc0,USDJPY,H4,LONG,Volatility+Structure
USDJPY_H4_3,17,SQX-USDJPY-H4-8821b1289955,USDJPY,H4,LONG,Trend+Structure
USDJPY_H4_3,17,SQX-USDJPY-H4-9b3dfb04a7d1,USDJPY,H4,LONG,Trend+Momentum+Structure
USDJPY_H4_3,17,SQX-USDJPY-H4-c79ebe3e923c,USDJPY,H4,LONG,Trend+Volatility+Structure
USDJPY_H4_3,17,SQX-USDJPY-H4-d66086ab7331,USDJPY,H4,LONG,Volatility+Structure
USDJPY_H4_3,17,SQX-USDJPY-H4-dac7fd4dd066,USDJPY,H4,LONG,Trend+Structure
USDJPY_H4_3,17,SQX-USDJPY-H4-dc6545e8975d,USDJPY,H4,LONG,Trend+Structure
USDJPY_H4_3,17,SQX-USDJPY-H4-df6f404776f2,USDJPY,H4,LONG,Trend+Volatility+Structure
USDJPY_H4_3,17,SQX-USDJPY-H4-e7234d5cfb8f,USDJPY,H4,LONG,Volatility+Structure
USDJPY_H4_3,17,SQX-USDJPY-H4-fda3aafac4b4,USDJPY,H4,LONG,Trend+Structure
USDJPY_H4_4,13,SQX-USDJPY-H4-09c8069be870,USDJPY,H4,LONG,Trend+Momentum+Structure
USDJPY_H4_4,13,SQX-USDJPY-H4-146ef14a005b,USDJPY,H4,LONG,Structure
USDJPY_H4_4,13,SQX-USDJPY-H4-249f1b30c039,USDJPY,H4,LONG,Momentum+Structure
USDJPY_H4_4,13,SQX-USDJPY-H4-26afd1c7b23c,USDJPY,H4,LONG,Trend+Momentum+Structure
USDJPY_H4_4,13,SQX-USDJPY-H4-402ecc7e05f2,USDJPY,H4,LONG,Trend+Momentum+Structure
USDJPY_H4_4,13,SQX-USDJPY-H4-5a9c5e2b1ff1,USDJPY,H4,LONG,Trend+Structure
USDJPY_H4_4,13,SQX-USDJPY-H4-9322bcccb411,USDJPY,H4,LONG,Momentum+Structure
USDJPY_H4_4,13,SQX-USDJPY-H4-a0e217e9c4b9,USDJPY,H4,LONG,Trend+Structure
USDJPY_H4_4,13,SQX-USDJPY-H4-b3c2ae9224df,USDJPY,H4,LONG,Trend+Momentum+Structure
USDJPY_H4_4,13,SQX-USDJPY-H4-b8a0a5540775,USDJPY,H4,LONG,Trend+Momentum+Structure
USDJPY_H4_4,13,SQX-USDJPY-H4-cb44db41e77c,USDJPY,H4,LONG,Trend+Momentum+Structure
USDJPY_H4_4,13,SQX-USDJPY-H4-d331013cab8d,USDJPY,H4,LONG,Trend+Structure
USDJPY_H4_4,13,SQX-USDJPY-H4-de01b209756d,USDJPY,H4,LONG,Trend+Momentum+Structure
USDJPY_H4_5,12,SQX-USDJPY-H4-078adfea0d76,USDJPY,H4,LONG,Momentum+Volatility+Structure
USDJPY_H4_5,12,SQX-USDJPY-H4-2bdf4c139439,USDJPY,H4,LONG,Trend+Structure
USDJPY_H4_5,12,SQX-USDJPY-H4-5c4ab35a82c4,USDJPY,H4,LONG,Trend+Structure
USDJPY_H4_5,12,SQX-USDJPY-H4-68e2784fbcbd,USDJPY,H4,LONG,Momentum+Structure
USDJPY_H4_5,12,SQX-USDJPY-H4-6fad811ae456,USDJPY,H4,LONG,Trend+Structure
USDJPY_H4_5,12,SQX-USDJPY-H4-7a9df469edcf,USDJPY,H4,LONG,Trend+Structure
USDJPY_H4_5,12,SQX-USDJPY-H4-8ffe3c699ca6,USDJPY,H4,LONG,Volatility+Structure
USDJPY_H4_5,12,SQX-USDJPY-H4-bccab974a475,USDJPY,H4,LONG,Trend+Structure
USDJPY_H4_5,12,SQX-USDJPY-H4-bfd5e979934d,USDJPY,H4,LONG,Trend+Momentum+Structure
USDJPY_H4_5,12,SQX-USDJPY-H4-ea13983a4691,USDJPY,H4,LONG,Trend+Structure
USDJPY_H4_5,12,SQX-USDJPY-H4-f578091345b3,USDJPY,H4,LONG,Momentum+Structure
USDJPY_H4_5,12,SQX-USDJPY-H4-f71c242612c2,USDJPY,H4,LONG,Momentum+Structure
USDJPY_H4_6,11,SQX-USDJPY-H4-164ec25a34f2,USDJPY,H4,LONG,Momentum+Volatility
USDJPY_H4_6,11,SQX-USDJPY-H4-397c0f346060,USDJPY,H4,LONG,Trend+Momentum
USDJPY_H4_6,11,SQX-USDJPY-H4-4df86f8e66a4,USDJPY,H4,LONG,Trend+Momentum
USDJPY_H4_6,11,SQX-USDJPY-H4-508839f79d8b,USDJPY,H4,LONG,Momentum
USDJPY_H4_6,11,SQX-USDJPY-H4-5170c5df677f,USDJPY,H4,LONG,Momentum
USDJPY_H4_6,11,SQX-USDJPY-H4-6db9c6b2b819,USDJPY,H4,LONG,Momentum
USDJPY_H4_6,11,SQX-USDJPY-H4-8fe1e585f0ce,USDJPY,H4,LONG,Trend+Momentum
USDJPY_H4_6,11,SQX-USDJPY-H4-988c99ea2e9f,USDJPY,H4,LONG,Trend+Momentum
USDJPY_H4_6,11,SQX-USDJPY-H4-ce663aea01f3,USDJPY,H4,LONG,Trend+Momentum
USDJPY_H4_6,11,SQX-USDJPY-H4-dd5fe92570e4,USDJPY,H4,LONG,Momentum+Volatility
USDJPY_H4_6,11,SQX-USDJPY-H4-ff03b4c75317,USDJPY,H4,LONG,Momentum
USDJPY_H4_7,10,SQX-USDJPY-H4-02e182e53d8a,USDJPY,H4,LONG,Momentum+Volatility
USDJPY_H4_7,10,SQX-USDJPY-H4-23a38618d14c,USDJPY,H4,LONG,Volatility+Structure
USDJPY_H4_7,10,SQX-USDJPY-H4-267ae1c5e1e5,USDJPY,H4,LONG,Momentum+Volatility
USDJPY_H4_7,10,SQX-USDJPY-H4-35a525fa6761,USDJPY,H4,LONG,Momentum+Volatility
USDJPY_H4_7,10,SQX-USDJPY-H4-3c7de576979d,USDJPY,H4,LONG,Trend+Volatility
USDJPY_H4_7,10,SQX-USDJPY-H4-9fbeb9ed9345,USDJPY,H4,LONG,Volatility
USDJPY_H4_7,10,SQX-USDJPY-H4-a4f786313820,USDJPY,H4,LONG,Volatility
USDJPY_H4_7,10,SQX-USDJPY-H4-a7948b536c97,USDJPY,H4,LONG,Volatility
USDJPY_H4_7,10,SQX-USDJPY-H4-a8517d017d02,USDJPY,H4,LONG,Trend+Volatility
USDJPY_H4_7,10,SQX-USDJPY-H4-ef51b36d96a9,USDJPY,H4,LONG,Volatility
USDJPY_H4_8,10,SQX-USDJPY-H4-4855c2f413a2,USDJPY,H4,LONG,Trend+Momentum+Volatility
USDJPY_H4_8,10,SQX-USDJPY-H4-4ec1bd991408,USDJPY,H4,LONG,Trend+Momentum+Volatility
USDJPY_H4_8,10,SQX-USDJPY-H4-80df38144a8e,USDJPY,H4,LONG,Trend+Momentum+Volatility
USDJPY_H4_8,10,SQX-USDJPY-H4-b1cecaf675df,USDJPY,H4,LONG,Trend+Momentum+Volatility
USDJPY_H4_8,10,SQX-USDJPY-H4-b28d6c56d7d3,USDJPY,H4,LONG,Trend+Momentum+Volatility
USDJPY_H4_8,10,SQX-USDJPY-H4-b3db75c10062,USDJPY,H4,LONG,Trend+Momentum+Volatility
USDJPY_H4_8,10,SQX-USDJPY-H4-c31628c0d6d5,USDJPY,H4,LONG,Trend+Momentum+Volatility
USDJPY_H4_8,10,SQX-USDJPY-H4-d042957a06d0,USDJPY,H4,LONG,Trend+Momentum+Volatility
USDJPY_H4_8,10,SQX-USDJPY-H4-dfaf1f756744,USDJPY,H4,LONG,Trend+Momentum+Volatility
USDJPY_H4_8,10,SQX-USDJPY-H4-e8c6bf02dbfa,USDJPY,H4,LONG,Trend+Momentum+Volatility
USDJPY_H4_9,9,SQX-USDJPY-H4-06b512184343,USDJPY,H4,LONG,Volatility+Structure
USDJPY_H4_9,9,SQX-USDJPY-H4-1b7d784de9d5,USDJPY,H4,LONG,Momentum+Structure
USDJPY_H4_9,9,SQX-USDJPY-H4-23625521ebde,USDJPY,H4,LONG,Momentum+Structure
USDJPY_H4_9,9,SQX-USDJPY-H4-2daa3f2c1d25,USDJPY,H4,LONG,Structure
USDJPY_H4_9,9,SQX-USDJPY-H4-34c1887ad3d9,USDJPY,H4,LONG,Momentum+Structure
USDJPY_H4_9,9,SQX-USDJPY-H4-5bcd0edf6dc3,USDJPY,H4,LONG,Trend+Momentum+Structure
USDJPY_H4_9,9,SQX-USDJPY-H4-7cae9f70cc0d,USDJPY,H4,LONG,Structure
USDJPY_H4_9,9,SQX-USDJPY-H4-a6a66078ffef,USDJPY,H4,LONG,Trend+Structure
USDJPY_H4_9,9,SQX-USDJPY-H4-f131195913df,USDJPY,H4,LONG,Trend+Momentum+Structure
USDJPY_H4_10,8,SQX-USDJPY-H4-0fb4894b04fb,USDJPY,H4,LONG,Momentum+Structure
USDJPY_H4_10,8,SQX-USDJPY-H4-61c891189931,USDJPY,H4,LONG,Momentum+Structure
USDJPY_H4_10,8,SQX-USDJPY-H4-677c56d309c6,USDJPY,H4,LONG,Volatility+Structure
USDJPY_H4_10,8,SQX-USDJPY-H4-861c99bb7718,USDJPY,H4,LONG,Structure
USDJPY_H4_10,8,SQX-USDJPY-H4-c33cbf8ef473,USDJPY,H4,LONG,Trend+Structure
USDJPY_H4_10,8,SQX-USDJPY-H4-cfdd37952074,USDJPY,H4,LONG,Volatility+Structure
USDJPY_H4_10,8,SQX-USDJPY-H4-db8ee55fe8dd,USDJPY,H4,LONG,Trend+Structure
USDJPY_H4_10,8,SQX-USDJPY-H4-f034188d940f,USDJPY,H4,LONG,Trend+Structure
USDJPY_H4_11,7,SQX-USDJPY-H4-0098f5e40a2c,USDJPY,H4,LONG,Trend+Structure
USDJPY_H4_11,7,SQX-USDJPY-H4-28eb2c4b3b81,USDJPY,H4,LONG,Trend
USDJPY_H4_11,7,SQX-USDJPY-H4-6e43f689ffd4,USDJPY,H4,LONG,Trend
USDJPY_H4_11,7,SQX-USDJPY-H4-77910b8ddf9b,USDJPY,H4,LONG,Trend+Momentum
USDJPY_H4_11,7,SQX-USDJPY-H4-be883741cf5c,USDJPY,H4,LONG,Trend+Momentum
USDJPY_H4_11,7,SQX-USDJPY-H4-e4af1d906a99,USDJPY,H4,LONG,Trend+Momentum
USDJPY_H4_11,7,SQX-USDJPY-H4-ebb0a6c5b0c4,USDJPY,H4,LONG,Trend
USDJPY_H4_12,7,SQX-USDJPY-H4-054a714e28ff,USDJPY,H4,LONG,Trend+Momentum
USDJPY_H4_12,7,SQX-USDJPY-H4-6718a728ada4,USDJPY,H4,LONG,Trend+Momentum
USDJPY_H4_12,7,SQX-USDJPY-H4-78f7d18bacf6,USDJPY,H4,LONG,Trend+Momentum
USDJPY_H4_12,7,SQX-USDJPY-H4-bac9863cdbc3,USDJPY,H4,LONG,Trend+Momentum
USDJPY_H4_12,7,SQX-USDJPY-H4-c77f182256ec,USDJPY,H4,LONG,Trend+Momentum
USDJPY_H4_12,7,SQX-USDJPY-H4-e15b376c9500,USDJPY,H4,LONG,Trend+Momentum
USDJPY_H4_12,7,SQX-USDJPY-H4-f12eacea8806,USDJPY,H4,LONG,Trend+Momentum
USDJPY_H4_13,7,SQX-USDJPY-H4-0dbf04216cd6,USDJPY,H4,LONG,Trend+Structure
USDJPY_H4_13,7,SQX-USDJPY-H4-13d27c03308f,USDJPY,H4,LONG,Momentum+Volatility+Structure
USDJPY_H4_13,7,SQX-USDJPY-H4-14c50a77248b,USDJPY,H4,LONG,Trend+Structure
USDJPY_H4_13,7,SQX-USDJPY-H4-4749a5f69889,USDJPY,H4,LONG,Trend+Structure
USDJPY_H4_13,7,SQX-USDJPY-H4-9cce8bab42a5,USDJPY,H4,LONG,Volatility+Structure
USDJPY_H4_13,7,SQX-USDJPY-H4-a487ab4790b3,USDJPY,H4,LONG,Trend+Structure
USDJPY_H4_13,7,SQX-USDJPY-H4-c373d4bf5527,USDJPY,H4,LONG,Momentum+Structure
USDJPY_H4_14,7,SQX-USDJPY-H4-27559ed2ef7f,USDJPY,H4,LONG,Momentum+Structure
USDJPY_H4_14,7,SQX-USDJPY-H4-2d4787e29fae,USDJPY,H4,LONG,Momentum+Structure
USDJPY_H4_14,7,SQX-USDJPY-H4-42d608b8c6fb,USDJPY,H4,LONG,Trend+Momentum+Structure
USDJPY_H4_14,7,SQX-USDJPY-H4-6946cd717923,USDJPY,H4,LONG,Momentum+Structure
USDJPY_H4_14,7,SQX-USDJPY-H4-6e837e39e09e,USDJPY,H4,LONG,Momentum+Structure
USDJPY_H4_14,7,SQX-USDJPY-H4-8bb3e3c4fccc,USDJPY,H4,LONG,Momentum+Structure
USDJPY_H4_14,7,SQX-USDJPY-H4-958aadbd163f,USDJPY,H4,LONG,Trend+Momentum+Structure
USDJPY_H4_15,6,SQX-USDJPY-H4-01a619c979e7,USDJPY,H4,LONG,Trend+Momentum+Structure
USDJPY_H4_15,6,SQX-USDJPY-H4-6e563b6623de,USDJPY,H4,LONG,Momentum+Structure
USDJPY_H4_15,6,SQX-USDJPY-H4-720c047fb22a,USDJPY,H4,LONG,Trend+Structure
USDJPY_H4_15,6,SQX-USDJPY-H4-b4ddda408985,USDJPY,H4,LONG,Trend+Structure
USDJPY_H4_15,6,SQX-USDJPY-H4-f9afc773f3c6,USDJPY,H4,LONG,Structure
USDJPY_H4_15,6,SQX-USDJPY-H4-fcc488e502ad,USDJPY,H4,LONG,Momentum+Structure
USDJPY_H4_16,6,SQX-USDJPY-H4-0a5eb56b7c21,USDJPY,H4,LONG,Trend+Momentum+Volatility
USDJPY_H4_16,6,SQX-USDJPY-H4-21ea4c221d46,USDJPY,H4,LONG,Trend+Momentum+Volatility
USDJPY_H4_16,6,SQX-USDJPY-H4-501eaec7ad81,USDJPY,H4,LONG,Trend+Momentum+Volatility
USDJPY_H4_16,6,SQX-USDJPY-H4-6f87cf87c025,USDJPY,H4,LONG,Trend+Momentum+Volatility
USDJPY_H4_16,6,SQX-USDJPY-H4-cd2e0c04fcae,USDJPY,H4,LONG,Trend+Momentum+Volatility
USDJPY_H4_16,6,SQX-USDJPY-H4-d90c7c21be92,USDJPY,H4,LONG,Trend+Momentum+Volatility
USDJPY_H4_17,6,SQX-USDJPY-H4-0aec991c1798,USDJPY,H4,LONG,Momentum+Structure
USDJPY_H4_17,6,SQX-USDJPY-H4-2a5ecd103288,USDJPY,H4,LONG,Trend+Momentum+Structure
USDJPY_H4_17,6,SQX-USDJPY-H4-44b1f5ce01da,USDJPY,H4,LONG,Momentum+Structure
USDJPY_H4_17,6,SQX-USDJPY-H4-73e784c2617a,USDJPY,H4,LONG,Momentum+Volatility+Structure
USDJPY_H4_17,6,SQX-USDJPY-H4-b59b3fb6a3cc,USDJPY,H4,LONG,Trend+Momentum+Structure
USDJPY_H4_17,6,SQX-USDJPY-H4-d4056f28a627,USDJPY,H4,LONG,Momentum+Volatility+Structure
USDJPY_H4_18,6,SQX-USDJPY-H4-11191e46659b,USDJPY,H4,LONG,Volatility+Structure
USDJPY_H4_18,6,SQX-USDJPY-H4-31e27400e8ca,USDJPY,H4,LONG,Trend+Volatility+Structure
USDJPY_H4_18,6,SQX-USDJPY-H4-52216886994b,USDJPY,H4,LONG,Volatility+Structure
USDJPY_H4_18,6,SQX-USDJPY-H4-76ea4a335b87,USDJPY,H4,LONG,Momentum+Volatility+Structure
USDJPY_H4_18,6,SQX-USDJPY-H4-c4bc71d33015,USDJPY,H4,LONG,Volatility+Structure
USDJPY_H4_18,6,SQX-USDJPY-H4-ceb11ebd6471,USDJPY,H4,LONG,Volatility+Structure
USDJPY_H4_19,6,SQX-USDJPY-H4-7075aa5535cc,USDJPY,H4,LONG,Momentum+Volatility+Structure
USDJPY_H4_19,6,SQX-USDJPY-H4-766d677ee76a,USDJPY,H4,LONG,Momentum+Structure
USDJPY_H4_19,6,SQX-USDJPY-H4-92d4d92bc41a,USDJPY,H4,LONG,Momentum+Volatility+Structure
USDJPY_H4_19,6,SQX-USDJPY-H4-ab3186e8513f,USDJPY,H4,LONG,Momentum+Structure
USDJPY_H4_19,6,SQX-USDJPY-H4-d88fb10074f8,USDJPY,H4,LONG,Momentum+Structure
USDJPY_H4_19,6,SQX-USDJPY-H4-e58beba31d45,USDJPY,H4,LONG,Momentum+Structure
USDJPY_H4_20,5,SQX-USDJPY-H4-018041962dc8,USDJPY,H4,LONG,Trend+Structure
USDJPY_H4_20,5,SQX-USDJPY-H4-063008f86a7d,USDJPY,H4,LONG,Volatility+Structure
USDJPY_H4_20,5,SQX-USDJPY-H4-40593ce26df0,USDJPY,H4,LONG,Volatility+Structure
USDJPY_H4_20,5,SQX-USDJPY-H4-a13a95a484ce,USDJPY,H4,LONG,Trend+Structure
USDJPY_H4_20,5,SQX-USDJPY-H4-fb1d558fcb74,USDJPY,H4,LONG,Momentum+Structure
USDJPY_H4_21,5,SQX-USDJPY-H4-0fc6e6c5da32,USDJPY,H4,LONG,Structure
USDJPY_H4_21,5,SQX-USDJPY-H4-5377a691a707,USDJPY,H4,LONG,Structure
USDJPY_H4_21,5,SQX-USDJPY-H4-bc7060abefb2,USDJPY,H4,LONG,Volatility+Structure
USDJPY_H4_21,5,SQX-USDJPY-H4-e5cdc07fab97,USDJPY,H4,LONG,Trend+Structure
USDJPY_H4_21,5,SQX-USDJPY-H4-e70ad404b686,USDJPY,H4,LONG,Structure
USDJPY_H4_22,5,SQX-USDJPY-H4-14c8ab52bced,USDJPY,H4,LONG,Momentum+Structure
USDJPY_H4_22,5,SQX-USDJPY-H4-745ba32b1f75,USDJPY,H4,LONG,Trend+Momentum+Structure
USDJPY_H4_22,5,SQX-USDJPY-H4-7f3c47b201c2,USDJPY,H4,LONG,Momentum+Structure
USDJPY_H4_22,5,SQX-USDJPY-H4-b40b9f0aff5e,USDJPY,H4,LONG,Momentum+Structure
USDJPY_H4_22,5,SQX-USDJPY-H4-f866ddd14bbb,USDJPY,H4,LONG,Structure
USDJPY_H4_23,5,SQX-USDJPY-H4-2284ff9ddf3a,USDJPY,H4,LONG,Trend
USDJPY_H4_23,5,SQX-USDJPY-H4-72602c08c7ea,USDJPY,H4,LONG,Trend
USDJPY_H4_23,5,SQX-USDJPY-H4-b0ded60a621c,USDJPY,H4,LONG,Trend
USDJPY_H4_23,5,SQX-USDJPY-H4-e1ca85228e1c,USDJPY,H4,LONG,Trend
USDJPY_H4_23,5,SQX-USDJPY-H4-f65cb5c75434,USDJPY,H4,LONG,Trend+Volatility
USDJPY_H4_24,5,SQX-USDJPY-H4-2cecc0d26dd5,USDJPY,H4,LONG,Trend+Volatility+Structure
USDJPY_H4_24,5,SQX-USDJPY-H4-4e6da1281240,USDJPY,H4,LONG,Trend+Volatility+Structure
USDJPY_H4_24,5,SQX-USDJPY-H4-dcbcc36fbb3e,USDJPY,H4,LONG,Trend+Momentum+Volatility+Structure
USDJPY_H4_24,5,SQX-USDJPY-H4-dfce852770ea,USDJPY,H4,LONG,Trend+Volatility+Structure
USDJPY_H4_24,5,SQX-USDJPY-H4-ff88d298eda1,USDJPY,H4,LONG,Trend+Volatility+Structure
USDJPY_H4_25,5,SQX-USDJPY-H4-5c41c1269178,USDJPY,H4,LONG,Trend+Momentum
USDJPY_H4_25,5,SQX-USDJPY-H4-6a1e15627382,USDJPY,H4,LONG,Trend+Momentum
USDJPY_H4_25,5,SQX-USDJPY-H4-7cf080487072,USDJPY,H4,LONG,Trend+Momentum
USDJPY_H4_25,5,SQX-USDJPY-H4-8baa7353c579,USDJPY,H4,LONG,Momentum
USDJPY_H4_25,5,SQX-USDJPY-H4-b6683b75912d,USDJPY,H4,LONG,Trend+Momentum
USDJPY_H4_26,5,SQX-USDJPY-H4-5fd9d5083554,USDJPY,H4,LONG,Momentum
USDJPY_H4_26,5,SQX-USDJPY-H4-6a5e2c96702e,USDJPY,H4,LONG,Trend+Momentum
USDJPY_H4_26,5,SQX-USDJPY-H4-6e6fc71147b0,USDJPY,H4,LONG,Trend+Momentum
USDJPY_H4_26,5,SQX-USDJPY-H4-8b95ea2580b8,USDJPY,H4,LONG,Momentum
USDJPY_H4_26,5,SQX-USDJPY-H4-c640a602c256,USDJPY,H4,LONG,Momentum
USDJPY_H4_27,5,SQX-USDJPY-H4-6cc7cb100927,USDJPY,H4,LONG,Trend+Momentum
USDJPY_H4_27,5,SQX-USDJPY-H4-7ae10cd9f45c,USDJPY,H4,LONG,Trend+Momentum+Volatility
USDJPY_H4_27,5,SQX-USDJPY-H4-c9465a65253d,USDJPY,H4,LONG,Trend+Momentum
USDJPY_H4_27,5,SQX-USDJPY-H4-ce86bf9f0e8a,USDJPY,H4,LONG,Trend+Momentum
USDJPY_H4_27,5,SQX-USDJPY-H4-f8a639c425af,USDJPY,H4,LONG,Trend+Momentum+Volatility
USDJPY_H4_28,5,SQX-USDJPY-H4-7ed6634bfe7d,USDJPY,H4,LONG,Momentum
USDJPY_H4_28,5,SQX-USDJPY-H4-896201b505bc,USDJPY,H4,LONG,Momentum+Volatility
USDJPY_H4_28,5,SQX-USDJPY-H4-900c2b9a6c6f,USDJPY,H4,LONG,Trend+Momentum
USDJPY_H4_28,5,SQX-USDJPY-H4-d351235517f6,USDJPY,H4,LONG,Trend+Momentum
USDJPY_H4_28,5,SQX-USDJPY-H4-e26f6d0e379a,USDJPY,H4,LONG,Momentum
USDJPY_H4_29,4,SQX-USDJPY-H4-03c6033efc7f,USDJPY,H4,LONG,Trend+Momentum+Volatility+Structure
USDJPY_H4_29,4,SQX-USDJPY-H4-5c73dd5d2bf7,USDJPY,H4,LONG,Trend+Volatility+Structure
USDJPY_H4_29,4,SQX-USDJPY-H4-5d1619e1be57,USDJPY,H4,LONG,Trend+Volatility+Structure
USDJPY_H4_29,4,SQX-USDJPY-H4-d97cc86da4dd,USDJPY,H4,LONG,Trend+Momentum+Volatility+Structure
USDJPY_H4_30,4,SQX-USDJPY-H4-0d247e4436ae,USDJPY,H4,LONG,Volatility
USDJPY_H4_30,4,SQX-USDJPY-H4-7a01d0c6a9cb,USDJPY,H4,LONG,Trend+Volatility
USDJPY_H4_30,4,SQX-USDJPY-H4-7fae23d25761,USDJPY,H4,LONG,Momentum+Volatility
USDJPY_H4_30,4,SQX-USDJPY-H4-c47ec53b19e7,USDJPY,H4,LONG,Momentum+Volatility
USDJPY_H4_31,4,SQX-USDJPY-H4-15ef8fa88bf4,USDJPY,H4,LONG,Momentum+Structure
USDJPY_H4_31,4,SQX-USDJPY-H4-78d5c9f76d58,USDJPY,H4,LONG,Structure
USDJPY_H4_31,4,SQX-USDJPY-H4-a0266b06e5ec,USDJPY,H4,LONG,Structure
USDJPY_H4_31,4,SQX-USDJPY-H4-b906266440e7,USDJPY,H4,LONG,Structure
USDJPY_H4_32,4,SQX-USDJPY-H4-1662e47d9a60,USDJPY,H4,LONG,Trend+Momentum+Structure
USDJPY_H4_32,4,SQX-USDJPY-H4-6e283991c85b,USDJPY,H4,LONG,Momentum+Structure
USDJPY_H4_32,4,SQX-USDJPY-H4-6f871be08f65,USDJPY,H4,LONG,Momentum+Structure
USDJPY_H4_32,4,SQX-USDJPY-H4-990e363e7d2d,USDJPY,H4,LONG,Trend+Momentum+Structure
USDJPY_H4_33,4,SQX-USDJPY-H4-169aad191a2b,USDJPY,H4,LONG,Momentum+Structure
USDJPY_H4_33,4,SQX-USDJPY-H4-9e702d0aa5dd,USDJPY,H4,LONG,Volatility+Structure
USDJPY_H4_33,4,SQX-USDJPY-H4-9f678d1daf9c,USDJPY,H4,LONG,Volatility+Structure
USDJPY_H4_33,4,SQX-USDJPY-H4-c1a6d8e5ca07,USDJPY,H4,LONG,Volatility+Structure
USDJPY_H4_34,4,SQX-USDJPY-H4-1b4b1d8346af,USDJPY,H4,LONG,Trend+Volatility
USDJPY_H4_34,4,SQX-USDJPY-H4-2c413d57bfc0,USDJPY,H4,LONG,Trend+Volatility
USDJPY_H4_34,4,SQX-USDJPY-H4-bb5d7aa4ceec,USDJPY,H4,LONG,Trend+Volatility
USDJPY_H4_34,4,SQX-USDJPY-H4-e9e4a4bc6ed4,USDJPY,H4,LONG,Trend+Momentum+Volatility
USDJPY_H4_35,4,SQX-USDJPY-H4-20edcb31fef9,USDJPY,H4,LONG,Momentum+Volatility+Structure
USDJPY_H4_35,4,SQX-USDJPY-H4-326fe4f80838,USDJPY,H4,LONG,Momentum+Volatility+Structure
USDJPY_H4_35,4,SQX-USDJPY-H4-52c70dc247c9,USDJPY,H4,LONG,Momentum+Volatility+Structure
USDJPY_H4_35,4,SQX-USDJPY-H4-f4a8b0b2a530,USDJPY,H4,LONG,Momentum+Volatility+Structure
USDJPY_H4_36,4,SQX-USDJPY-H4-2368b3a08656,USDJPY,H4,LONG,Momentum
USDJPY_H4_36,4,SQX-USDJPY-H4-2912b2337e7d,USDJPY,H4,LONG,Trend+Momentum
USDJPY_H4_36,4,SQX-USDJPY-H4-44ce3a79c22f,USDJPY,H4,LONG,Momentum+Volatility
USDJPY_H4_36,4,SQX-USDJPY-H4-88a85540ee17,USDJPY,H4,LONG,Momentum
USDJPY_H4_37,4,SQX-USDJPY-H4-25b11b75e85a,USDJPY,H4,LONG,Trend+Structure
USDJPY_H4_37,4,SQX-USDJPY-H4-72dc02299c6f,USDJPY,H4,LONG,Momentum+Structure
USDJPY_H4_37,4,SQX-USDJPY-H4-a0085364e307,USDJPY,H4,LONG,Trend+Volatility+Structure
USDJPY_H4_37,4,SQX-USDJPY-H4-cd2f21d95803,USDJPY,H4,LONG,Momentum+Structure
USDJPY_H4_38,4,SQX-USDJPY-H4-29e835a0fabd,USDJPY,H4,LONG,Momentum
USDJPY_H4_38,4,SQX-USDJPY-H4-9d3241d7e13d,USDJPY,H4,LONG,Momentum+Volatility
USDJPY_H4_38,4,SQX-USDJPY-H4-d4202cd02f31,USDJPY,H4,LONG,Trend+Momentum
USDJPY_H4_38,4,SQX-USDJPY-H4-e829aa6e9ec3,USDJPY,H4,LONG,Momentum
USDJPY_H4_39,4,SQX-USDJPY-H4-35fd291945b3,USDJPY,H4,LONG,Momentum+Structure
USDJPY_H4_39,4,SQX-USDJPY-H4-6dc149f0d46f,USDJPY,H4,LONG,Momentum+Structure
USDJPY_H4_39,4,SQX-USDJPY-H4-862966a8b3a8,USDJPY,H4,LONG,Momentum+Structure
USDJPY_H4_39,4,SQX-USDJPY-H4-fc50e3c47fde,USDJPY,H4,LONG,Momentum+Structure
USDJPY_H4_40,4,SQX-USDJPY-H4-3765fd6c5cc5,USDJPY,H4,LONG,Momentum
USDJPY_H4_40,4,SQX-USDJPY-H4-67c6726cc990,USDJPY,H4,LONG,Momentum+Volatility
USDJPY_H4_40,4,SQX-USDJPY-H4-79d7774627a3,USDJPY,H4,LONG,Momentum+Structure
USDJPY_H4_40,4,SQX-USDJPY-H4-c01fab2bb95b,USDJPY,H4,LONG,Momentum
USDJPY_H4_41,4,SQX-USDJPY-H4-3cce7dcf226e,USDJPY,H4,LONG,Momentum+Structure
USDJPY_H4_41,4,SQX-USDJPY-H4-3f8ff223925f,USDJPY,H4,LONG,Momentum+Structure
USDJPY_H4_41,4,SQX-USDJPY-H4-6f2c5035b092,USDJPY,H4,LONG,Trend+Momentum+Structure
USDJPY_H4_41,4,SQX-USDJPY-H4-a51fd53ccd7c,USDJPY,H4,LONG,Momentum+Structure
USDJPY_H4_42,4,SQX-USDJPY-H4-421c401b710f,USDJPY,H4,LONG,Momentum
USDJPY_H4_42,4,SQX-USDJPY-H4-949fcf9d2e90,USDJPY,H4,LONG,Trend+Momentum
USDJPY_H4_42,4,SQX-USDJPY-H4-bb76c8a72c73,USDJPY,H4,LONG,Trend+Momentum
USDJPY_H4_42,4,SQX-USDJPY-H4-d1518f7c1eab,USDJPY,H4,LONG,Trend+Momentum
USDJPY_H4_43,4,SQX-USDJPY-H4-4f1dd008f753,USDJPY,H4,LONG,Trend+Momentum
USDJPY_H4_43,4,SQX-USDJPY-H4-8737e553bc57,USDJPY,H4,LONG,Trend+Momentum
USDJPY_H4_43,4,SQX-USDJPY-H4-9ecc8e96651b,USDJPY,H4,LONG,Trend+Momentum
USDJPY_H4_43,4,SQX-USDJPY-H4-cc07d06892da,USDJPY,H4,LONG,Trend+Momentum+Volatility
USDJPY_H4_44,4,SQX-USDJPY-H4-5691a94986ea,USDJPY,H4,LONG,Trend+Structure
USDJPY_H4_44,4,SQX-USDJPY-H4-b6fa437120b8,USDJPY,H4,LONG,Momentum+Structure
USDJPY_H4_44,4,SQX-USDJPY-H4-d6434fe8ac5e,USDJPY,H4,LONG,Trend+Momentum+Structure
USDJPY_H4_44,4,SQX-USDJPY-H4-efa2aec99bb4,USDJPY,H4,LONG,Structure
USDJPY_H4_45,4,SQX-USDJPY-H4-57353d11bde9,USDJPY,H4,LONG,Trend+Structure
USDJPY_H4_45,4,SQX-USDJPY-H4-62f48b13a705,USDJPY,H4,LONG,Trend+Structure
USDJPY_H4_45,4,SQX-USDJPY-H4-9523fd1534ff,USDJPY,H4,LONG,Trend+Structure
USDJPY_H4_45,4,SQX-USDJPY-H4-cc3567649ccf,USDJPY,H4,LONG,Trend+Structure
USDJPY_H4_46,4,SQX-USDJPY-H4-593fca91d92e,USDJPY,H4,LONG,Trend
USDJPY_H4_46,4,SQX-USDJPY-H4-6eb0e1d4462c,USDJPY,H4,LONG,Trend
USDJPY_H4_46,4,SQX-USDJPY-H4-7185314ea73c,USDJPY,H4,LONG,Trend+Volatility
USDJPY_H4_46,4,SQX-USDJPY-H4-da9750f4026a,USDJPY,H4,LONG,Trend
USDJPY_H4_47,4,SQX-USDJPY-H4-70eded95b2e2,USDJPY,H4,LONG,Structure
USDJPY_H4_47,4,SQX-USDJPY-H4-71ed2ddf84e2,USDJPY,H4,LONG,Momentum+Structure
USDJPY_H4_47,4,SQX-USDJPY-H4-eee2f4f0e5bf,USDJPY,H4,LONG,Structure
USDJPY_H4_47,4,SQX-USDJPY-H4-f1655600189d,USDJPY,H4,LONG,Structure
USDJPY_H4_48,4,SQX-USDJPY-H4-7c92f3a8c43a,USDJPY,H4,LONG,Momentum+Volatility
USDJPY_H4_48,4,SQX-USDJPY-H4-a9697a3961ef,USDJPY,H4,LONG,Momentum+Volatility
USDJPY_H4_48,4,SQX-USDJPY-H4-d55725b30d9e,USDJPY,H4,LONG,Momentum+Volatility
USDJPY_H4_48,4,SQX-USDJPY-H4-ff7afcd19b3f,USDJPY,H4,LONG,Trend+Momentum+Volatility
USDJPY_H4_49,4,SQX-USDJPY-H4-8d9b687f4e9c,USDJPY,H4,LONG,Momentum
USDJPY_H4_49,4,SQX-USDJPY-H4-ac646990826e,USDJPY,H4,LONG,Momentum
USDJPY_H4_49,4,SQX-USDJPY-H4-b7e15a72ce54,USDJPY,H4,LONG,Momentum+Volatility
USDJPY_H4_49,4,SQX-USDJPY-H4-cb604f3a02de,USDJPY,H4,LONG,Momentum
USDJPY_H4_50,4,SQX-USDJPY-H4-8e5a71d7e9b1,USDJPY,H4,LONG,Momentum
USDJPY_H4_50,4,SQX-USDJPY-H4-ca4809602eec,USDJPY,H4,LONG,Momentum
USDJPY_H4_50,4,SQX-USDJPY-H4-e9a4ba015398,USDJPY,H4,LONG,Momentum+Volatility
USDJPY_H4_50,4,SQX-USDJPY-H4-ef70dbe5a3d0,USDJPY,H4,LONG,Momentum
USDJPY_H4_51,3,SQX-USDJPY-H4-03034ac8be93,USDJPY,H4,LONG,Trend+Structure
USDJPY_H4_51,3,SQX-USDJPY-H4-847b0f4f2aa9,USDJPY,H4,LONG,Volatility+Structure
USDJPY_H4_51,3,SQX-USDJPY-H4-becfa00440be,USDJPY,H4,LONG,Trend+Momentum+Structure
USDJPY_H4_52,3,SQX-USDJPY-H4-04aa4a8b9fe7,USDJPY,H4,LONG,Trend+Volatility+Structure
USDJPY_H4_52,3,SQX-USDJPY-H4-404f63bd8198,USDJPY,H4,LONG,Trend+Structure
USDJPY_H4_52,3,SQX-USDJPY-H4-f5606cdbe8e1,USDJPY,H4,LONG,Trend+Structure
USDJPY_H4_53,3,SQX-USDJPY-H4-05d59d91d110,USDJPY,H4,LONG,Momentum+Structure
USDJPY_H4_53,3,SQX-USDJPY-H4-4b6690970935,USDJPY,H4,LONG,Momentum+Structure
USDJPY_H4_53,3,SQX-USDJPY-H4-990ab732f417,USDJPY,H4,LONG,Momentum+Structure
USDJPY_H4_54,3,SQX-USDJPY-H4-08afff95f460,USDJPY,H4,LONG,Trend+Structure
USDJPY_H4_54,3,SQX-USDJPY-H4-820f7cb343f5,USDJPY,H4,LONG,Trend+Structure
USDJPY_H4_54,3,SQX-USDJPY-H4-dc10735fc773,USDJPY,H4,LONG,Structure
USDJPY_H4_55,3,SQX-USDJPY-H4-09bd3c9daeb6,USDJPY,H4,LONG,Momentum+Structure
USDJPY_H4_55,3,SQX-USDJPY-H4-b27ae53a22cc,USDJPY,H4,LONG,Trend+Structure
USDJPY_H4_55,3,SQX-USDJPY-H4-cb347e2a68c9,USDJPY,H4,LONG,Momentum+Structure
USDJPY_H4_56,3,SQX-USDJPY-H4-0d1ececbfa96,USDJPY,H4,LONG,Momentum
USDJPY_H4_56,3,SQX-USDJPY-H4-8d5d6bfc0962,USDJPY,H4,LONG,Momentum
USDJPY_H4_56,3,SQX-USDJPY-H4-bc8665eae980,USDJPY,H4,LONG,Momentum
USDJPY_H4_57,3,SQX-USDJPY-H4-0e12114c86cf,USDJPY,H4,LONG,Momentum+Volatility+Structure
USDJPY_H4_57,3,SQX-USDJPY-H4-a0c16f5370e0,USDJPY,H4,LONG,Momentum+Structure
USDJPY_H4_57,3,SQX-USDJPY-H4-fcdc02fd5503,USDJPY,H4,LONG,Momentum+Volatility+Structure
USDJPY_H4_58,3,SQX-USDJPY-H4-100bb8b2c795,USDJPY,H4,LONG,Momentum
USDJPY_H4_58,3,SQX-USDJPY-H4-4d56d06c968c,USDJPY,H4,LONG,Momentum
USDJPY_H4_58,3,SQX-USDJPY-H4-92d179d8deae,USDJPY,H4,LONG,Momentum
USDJPY_H4_59,3,SQX-USDJPY-H4-1056d6aac5b4,USDJPY,H4,LONG,Momentum+Volatility+Structure
USDJPY_H4_59,3,SQX-USDJPY-H4-90c3406f82eb,USDJPY,H4,LONG,Structure
USDJPY_H4_59,3,SQX-USDJPY-H4-9fe37d42134f,USDJPY,H4,LONG,Trend+Structure
USDJPY_H4_60,3,SQX-USDJPY-H4-131a4590a1bf,USDJPY,H4,LONG,Trend
USDJPY_H4_60,3,SQX-USDJPY-H4-97186bd7b074,USDJPY,H4,LONG,Trend+Momentum
USDJPY_H4_60,3,SQX-USDJPY-H4-9e620fc8bd79,USDJPY,H4,LONG,Trend
USDJPY_H4_61,3,SQX-USDJPY-H4-195415e57abf,USDJPY,H4,LONG,Momentum+Structure
USDJPY_H4_61,3,SQX-USDJPY-H4-27fe6f4828f2,USDJPY,H4,LONG,Trend+Momentum+Volatility+Structure
USDJPY_H4_61,3,SQX-USDJPY-H4-86e7670968d0,USDJPY,H4,LONG,Momentum+Structure
USDJPY_H4_62,3,SQX-USDJPY-H4-1c159de4a1a7,USDJPY,H4,LONG,Trend+Structure
USDJPY_H4_62,3,SQX-USDJPY-H4-3407e7ebfef8,USDJPY,H4,LONG,Trend+Structure
USDJPY_H4_62,3,SQX-USDJPY-H4-e057d9bc9d09,USDJPY,H4,LONG,Trend+Structure
USDJPY_H4_63,3,SQX-USDJPY-H4-1cb62d420cad,USDJPY,H4,LONG,Trend+Volatility
USDJPY_H4_63,3,SQX-USDJPY-H4-887d64b549d7,USDJPY,H4,LONG,Trend+Momentum+Volatility
USDJPY_H4_63,3,SQX-USDJPY-H4-9755aa9ab71d,USDJPY,H4,LONG,Trend+Volatility
USDJPY_H4_64,3,SQX-USDJPY-H4-1d5fa7a028f5,USDJPY,H4,LONG,Momentum+Structure
USDJPY_H4_64,3,SQX-USDJPY-H4-7f074cd54573,USDJPY,H4,LONG,Structure
USDJPY_H4_64,3,SQX-USDJPY-H4-b69d8f3c2d3d,USDJPY,H4,LONG,Structure
USDJPY_H4_65,3,SQX-USDJPY-H4-26a2fbd01723,USDJPY,H4,LONG,Trend+Momentum+Structure
USDJPY_H4_65,3,SQX-USDJPY-H4-7a3cab3cdd88,USDJPY,H4,LONG,Momentum+Structure
USDJPY_H4_65,3,SQX-USDJPY-H4-fc5723d41086,USDJPY,H4,LONG,Trend+Momentum+Structure
USDJPY_H4_66,3,SQX-USDJPY-H4-2a6254045de0,USDJPY,H4,LONG,Momentum
USDJPY_H4_66,3,SQX-USDJPY-H4-5fa09f823469,USDJPY,H4,LONG,Momentum
USDJPY_H4_66,3,SQX-USDJPY-H4-6445a9486865,USDJPY,H4,LONG,Momentum
USDJPY_H4_67,3,SQX-USDJPY-H4-2f307dd6a066,USDJPY,H4,LONG,Momentum+Structure
USDJPY_H4_67,3,SQX-USDJPY-H4-4655cba56fa8,USDJPY,H4,LONG,Momentum+Structure
USDJPY_H4_67,3,SQX-USDJPY-H4-72021de91bb3,USDJPY,H4,LONG,Momentum+Structure
USDJPY_H4_68,3,SQX-USDJPY-H4-3456f9f85c49,USDJPY,H4,LONG,Volatility+Structure
USDJPY_H4_68,3,SQX-USDJPY-H4-6f9604908f67,USDJPY,H4,LONG,Volatility+Structure
USDJPY_H4_68,3,SQX-USDJPY-H4-ee27fee4bf58,USDJPY,H4,LONG,Momentum+Volatility+Structure
USDJPY_H4_69,3,SQX-USDJPY-H4-3aed439f07a2,USDJPY,H4,LONG,Trend+Momentum
USDJPY_H4_69,3,SQX-USDJPY-H4-5678808dca2f,USDJPY,H4,LONG,Momentum+Volatility
USDJPY_H4_69,3,SQX-USDJPY-H4-5cfb7a920412,USDJPY,H4,LONG,Trend+Momentum
USDJPY_H4_70,3,SQX-USDJPY-H4-4218be10cafc,USDJPY,H4,LONG,Volatility
USDJPY_H4_70,3,SQX-USDJPY-H4-5d554dc80dfa,USDJPY,H4,LONG,Volatility
USDJPY_H4_70,3,SQX-USDJPY-H4-8c9f5cc33ce5,USDJPY,H4,LONG,Volatility
USDJPY_H4_71,3,SQX-USDJPY-H4-4362d6f1a8ab,USDJPY,H4,LONG,Trend+Volatility+Structure
USDJPY_H4_71,3,SQX-USDJPY-H4-502efe87e05e,USDJPY,H4,LONG,Trend+Volatility
USDJPY_H4_71,3,SQX-USDJPY-H4-614a3a9674de,USDJPY,H4,LONG,Trend+Volatility
USDJPY_H4_72,3,SQX-USDJPY-H4-473413abeda8,USDJPY,H4,LONG,Trend+Structure
USDJPY_H4_72,3,SQX-USDJPY-H4-9413244373f5,USDJPY,H4,LONG,Trend+Structure
USDJPY_H4_72,3,SQX-USDJPY-H4-c41cecd16b49,USDJPY,H4,LONG,Trend+Structure
USDJPY_H4_73,3,SQX-USDJPY-H4-49b197ca0b4a,USDJPY,H4,LONG,Trend+Structure
USDJPY_H4_73,3,SQX-USDJPY-H4-8a3e117b5832,USDJPY,H4,LONG,Trend+Structure
USDJPY_H4_73,3,SQX-USDJPY-H4-e9f3ba60505d,USDJPY,H4,LONG,Trend+Structure
USDJPY_H4_74,3,SQX-USDJPY-H4-4e44ed3c2882,USDJPY,H4,LONG,Momentum
USDJPY_H4_74,3,SQX-USDJPY-H4-d33a6790bc75,USDJPY,H4,LONG,Momentum+Volatility
USDJPY_H4_74,3,SQX-USDJPY-H4-efc05b33d8bf,USDJPY,H4,LONG,Momentum+Volatility
USDJPY_H4_75,3,SQX-USDJPY-H4-4f5dd258a06d,USDJPY,H4,LONG,Momentum+Structure
USDJPY_H4_75,3,SQX-USDJPY-H4-970d60e3daa5,USDJPY,H4,LONG,Volatility+Structure
USDJPY_H4_75,3,SQX-USDJPY-H4-edfccde8d7ec,USDJPY,H4,LONG,Trend+Structure
USDJPY_H4_76,3,SQX-USDJPY-H4-55aea6315cda,USDJPY,H4,LONG,Momentum+Structure
USDJPY_H4_76,3,SQX-USDJPY-H4-ce94d07fc6dd,USDJPY,H4,LONG,Momentum+Structure
USDJPY_H4_76,3,SQX-USDJPY-H4-d6952831177e,USDJPY,H4,LONG,Momentum+Structure
USDJPY_H4_77,3,SQX-USDJPY-H4-57c84f3f338c,USDJPY,H4,LONG,Structure
USDJPY_H4_77,3,SQX-USDJPY-H4-8fba894475ae,USDJPY,H4,LONG,Momentum+Structure
USDJPY_H4_77,3,SQX-USDJPY-H4-f497f7bbbd79,USDJPY,H4,LONG,Trend+Structure
USDJPY_H4_78,3,SQX-USDJPY-H4-5be9b79df2d7,USDJPY,H4,LONG,Momentum+Volatility
USDJPY_H4_78,3,SQX-USDJPY-H4-74a4c57ffa82,USDJPY,H4,LONG,Volatility
USDJPY_H4_78,3,SQX-USDJPY-H4-98616873d2da,USDJPY,H4,LONG,Momentum+Volatility
USDJPY_H4_79,3,SQX-USDJPY-H4-5c24cc114ff1,USDJPY,H4,LONG,Momentum+Structure
USDJPY_H4_79,3,SQX-USDJPY-H4-c14ed3f2d511,USDJPY,H4,LONG,Momentum+Structure
USDJPY_H4_79,3,SQX-USDJPY-H4-c99251a8cb87,USDJPY,H4,LONG,Momentum+Structure
USDJPY_H4_80,3,SQX-USDJPY-H4-60c328e0b4b0,USDJPY,H4,LONG,Volatility+Structure
USDJPY_H4_80,3,SQX-USDJPY-H4-7008802a4163,USDJPY,H4,LONG,Volatility+Structure
USDJPY_H4_80,3,SQX-USDJPY-H4-faf07886ade3,USDJPY,H4,LONG,Volatility+Structure
USDJPY_H4_81,3,SQX-USDJPY-H4-633c25714eaf,USDJPY,H4,SHORT,Trend+Momentum+Structure
USDJPY_H4_81,3,SQX-USDJPY-H4-7b7e4abb0303,USDJPY,H4,SHORT,Trend+Momentum+Structure
USDJPY_H4_81,3,SQX-USDJPY-H4-8d4dac31810c,USDJPY,H4,SHORT,Trend+Volatility+Structure
USDJPY_H4_82,3,SQX-USDJPY-H4-6558a79b658e,USDJPY,H4,LONG,Trend+Structure
USDJPY_H4_82,3,SQX-USDJPY-H4-6e4ca822740f,USDJPY,H4,LONG,Momentum+Structure
USDJPY_H4_82,3,SQX-USDJPY-H4-c4c5995cc4b3,USDJPY,H4,LONG,Trend+Structure
USDJPY_H4_83,3,SQX-USDJPY-H4-6ecb67dec176,USDJPY,H4,LONG,Trend+Volatility
USDJPY_H4_83,3,SQX-USDJPY-H4-73087fceeb07,USDJPY,H4,LONG,Trend+Volatility
USDJPY_H4_83,3,SQX-USDJPY-H4-8de1f75ec836,USDJPY,H4,LONG,Trend+Momentum+Volatility
USDJPY_H4_84,3,SQX-USDJPY-H4-7308debb4332,USDJPY,H4,LONG,Momentum+Volatility+Structure
USDJPY_H4_84,3,SQX-USDJPY-H4-9c8b47979aa1,USDJPY,H4,LONG,Trend+Momentum+Structure
USDJPY_H4_84,3,SQX-USDJPY-H4-f166c33173d9,USDJPY,H4,LONG,Trend+Momentum+Structure
USDJPY_H4_85,3,SQX-USDJPY-H4-73bacc04e5c9,USDJPY,H4,LONG,Momentum+Structure
USDJPY_H4_85,3,SQX-USDJPY-H4-8f1c40108756,USDJPY,H4,LONG,Structure
USDJPY_H4_85,3,SQX-USDJPY-H4-b9110b27849a,USDJPY,H4,LONG,Volatility+Structure
USDJPY_H4_86,3,SQX-USDJPY-H4-798af0ee42d6,USDJPY,H4,LONG,Trend+Momentum+Structure
USDJPY_H4_86,3,SQX-USDJPY-H4-b01090135db3,USDJPY,H4,LONG,Trend+Momentum+Structure
USDJPY_H4_86,3,SQX-USDJPY-H4-e5e3276182b8,USDJPY,H4,LONG,Trend+Structure
USDJPY_H4_87,3,SQX-USDJPY-H4-84126e44df61,USDJPY,H4,LONG,Volatility+Structure
USDJPY_H4_87,3,SQX-USDJPY-H4-a36a2b5e5470,USDJPY,H4,LONG,Trend+Structure
USDJPY_H4_87,3,SQX-USDJPY-H4-f7b59710c8ab,USDJPY,H4,LONG,Trend+Structure
USDJPY_H4_88,3,SQX-USDJPY-H4-89415ae763a4,USDJPY,H4,LONG,Trend+Momentum
USDJPY_H4_88,3,SQX-USDJPY-H4-a02248e6ecbd,USDJPY,H4,LONG,Trend+Momentum
USDJPY_H4_88,3,SQX-USDJPY-H4-c6947f11e562,USDJPY,H4,LONG,Trend+Momentum
USDJPY_H4_89,3,SQX-USDJPY-H4-ac95f20068b9,USDJPY,H4,LONG,Momentum+Volatility+Structure
USDJPY_H4_89,3,SQX-USDJPY-H4-ef5f7d72b979,USDJPY,H4,LONG,Trend+Momentum+Structure
USDJPY_H4_89,3,SQX-USDJPY-H4-f53d13847873,USDJPY,H4,LONG,Trend+Momentum+Structure
USDJPY_H4_90,3,SQX-USDJPY-H4-b5e43cae1b20,USDJPY,H4,LONG,Momentum
USDJPY_H4_90,3,SQX-USDJPY-H4-e4c86e833740,USDJPY,H4,LONG,Trend+Momentum+Volatility
USDJPY_H4_90,3,SQX-USDJPY-H4-fa3b7cc27035,USDJPY,H4,LONG,Momentum
USDJPY_H4_91,3,SQX-USDJPY-H4-d5b946657b0b,USDJPY,H4,LONG,Trend+Momentum+Volatility+Structure
USDJPY_H4_91,3,SQX-USDJPY-H4-d6bebd454baf,USDJPY,H4,LONG,Volatility+Structure
USDJPY_H4_91,3,SQX-USDJPY-H4-f5ec890f4ba7,USDJPY,H4,LONG,Trend+Volatility+Structure
USDJPY_H4_92,2,SQX-USDJPY-H4-00235f4b933f,USDJPY,H4,LONG,Momentum+Structure
USDJPY_H4_92,2,SQX-USDJPY-H4-d8c7c828e1a1,USDJPY,H4,LONG,Momentum+Structure
USDJPY_H4_93,2,SQX-USDJPY-H4-00665af4313f,USDJPY,H4,LONG,Trend+Momentum+Structure
USDJPY_H4_93,2,SQX-USDJPY-H4-ff5d9b102f1d,USDJPY,H4,LONG,Momentum+Structure
USDJPY_H4_94,2,SQX-USDJPY-H4-022e29bd9a2a,USDJPY,H4,LONG,Structure
USDJPY_H4_94,2,SQX-USDJPY-H4-b7646941fb23,USDJPY,H4,LONG,Trend+Structure
USDJPY_H4_95,2,SQX-USDJPY-H4-04361ed42777,USDJPY,H4,LONG,Momentum+Structure
USDJPY_H4_95,2,SQX-USDJPY-H4-423c7427e46c,USDJPY,H4,LONG,Trend+Momentum+Structure
USDJPY_H4_96,2,SQX-USDJPY-H4-04a292a20fc9,USDJPY,H4,LONG,Structure
USDJPY_H4_96,2,SQX-USDJPY-H4-2bfc6b327316,USDJPY,H4,LONG,Structure
USDJPY_H4_97,2,SQX-USDJPY-H4-04b13ce5b234,USDJPY,H4,LONG,Trend+Momentum+Structure
USDJPY_H4_97,2,SQX-USDJPY-H4-b51ee1e690c4,USDJPY,H4,LONG,Trend+Momentum+Structure
USDJPY_H4_98,2,SQX-USDJPY-H4-059466ba0c7b,USDJPY,H4,LONG,Trend+Structure
USDJPY_H4_98,2,SQX-USDJPY-H4-09467e0af57c,USDJPY,H4,LONG,Structure
USDJPY_H4_99,2,SQX-USDJPY-H4-06ea7ac9d165,USDJPY,H4,LONG,Trend+Momentum+Volatility
USDJPY_H4_99,2,SQX-USDJPY-H4-999e5be50f15,USDJPY,H4,LONG,Trend+Momentum+Volatility
USDJPY_H4_100,2,SQX-USDJPY-H4-0713e0a2f6cc,USDJPY,H4,LONG,Trend+Momentum
USDJPY_H4_100,2,SQX-USDJPY-H4-18b7d5b3d96c,USDJPY,H4,LONG,Trend+Momentum
USDJPY_H4_101,2,SQX-USDJPY-H4-081ee4ed34a6,USDJPY,H4,LONG,Momentum+Structure
USDJPY_H4_101,2,SQX-USDJPY-H4-e88a8b24cdfc,USDJPY,H4,LONG,Momentum+Structure
USDJPY_H4_102,2,SQX-USDJPY-H4-089c43733769,USDJPY,H4,LONG,Trend+Momentum+Structure
USDJPY_H4_102,2,SQX-USDJPY-H4-93b8378129ee,USDJPY,H4,LONG,Trend+Structure
USDJPY_H4_103,2,SQX-USDJPY-H4-0b66ba58b010,USDJPY,H4,LONG,Momentum+Structure
USDJPY_H4_103,2,SQX-USDJPY-H4-53c5c204d1b8,USDJPY,H4,LONG,Momentum+Volatility+Structure
USDJPY_H4_104,2,SQX-USDJPY-H4-0c6f2a4654a1,USDJPY,H4,LONG,Momentum+Volatility
USDJPY_H4_104,2,SQX-USDJPY-H4-b5e49e940b2d,USDJPY,H4,LONG,Momentum+Volatility
USDJPY_H4_105,2,SQX-USDJPY-H4-10e84aaa794f,USDJPY,H4,LONG,Trend+Volatility+Structure
USDJPY_H4_105,2,SQX-USDJPY-H4-c3531c23e3c8,USDJPY,H4,LONG,Volatility+Structure
USDJPY_H4_106,2,SQX-USDJPY-H4-1229ed7955ba,USDJPY,H4,LONG,Momentum+Structure
USDJPY_H4_106,2,SQX-USDJPY-H4-9cfd04cdab59,USDJPY,H4,LONG,Trend+Momentum+Structure
USDJPY_H4_107,2,SQX-USDJPY-H4-14f957ee608b,USDJPY,H4,LONG,Momentum+Structure
USDJPY_H4_107,2,SQX-USDJPY-H4-c85775c7267b,USDJPY,H4,LONG,Momentum+Structure
USDJPY_H4_108,2,SQX-USDJPY-H4-1579c4e7dc68,USDJPY,H4,LONG,Trend+Structure
USDJPY_H4_108,2,SQX-USDJPY-H4-8ac2ec4885b1,USDJPY,H4,LONG,Trend+Momentum+Structure
USDJPY_H4_109,2,SQX-USDJPY-H4-15b6a2093686,USDJPY,H4,LONG,Momentum
USDJPY_H4_109,2,SQX-USDJPY-H4-6829ea64a76e,USDJPY,H4,LONG,Momentum
USDJPY_H4_110,2,SQX-USDJPY-H4-15d3a91542a0,USDJPY,H4,LONG,Volatility+Structure
USDJPY_H4_110,2,SQX-USDJPY-H4-83d8cfa27de1,USDJPY,H4,LONG,Volatility+Structure
USDJPY_H4_111,2,SQX-USDJPY-H4-16cda17ea1cd,USDJPY,H4,LONG,Trend+Volatility
USDJPY_H4_111,2,SQX-USDJPY-H4-660c59a3d5f6,USDJPY,H4,LONG,Trend+Volatility
USDJPY_H4_112,2,SQX-USDJPY-H4-172b29654afe,USDJPY,H4,LONG,Momentum+Structure
USDJPY_H4_112,2,SQX-USDJPY-H4-bfe2fd9485d9,USDJPY,H4,LONG,Trend+Momentum+Structure
USDJPY_H4_113,2,SQX-USDJPY-H4-17b9eefd8da0,USDJPY,H4,LONG,Trend+Volatility
USDJPY_H4_113,2,SQX-USDJPY-H4-2dd25c2cab1c,USDJPY,H4,LONG,Trend+Momentum+Volatility
USDJPY_H4_114,2,SQX-USDJPY-H4-1a7c799e708e,USDJPY,H4,LONG,Trend+Momentum+Structure
USDJPY_H4_114,2,SQX-USDJPY-H4-d6d358277e43,USDJPY,H4,LONG,Momentum+Structure
USDJPY_H4_115,2,SQX-USDJPY-H4-1c3a41cb79e9,USDJPY,H4,LONG,Trend+Momentum+Volatility+Structure
USDJPY_H4_115,2,SQX-USDJPY-H4-c3f3133428de,USDJPY,H4,LONG,Momentum+Structure
USDJPY_H4_116,2,SQX-USDJPY-H4-1e899103bb73,USDJPY,H4,LONG,Trend+Momentum
USDJPY_H4_116,2,SQX-USDJPY-H4-cb94b49964ce,USDJPY,H4,LONG,Momentum+Volatility
USDJPY_H4_117,2,SQX-USDJPY-H4-203f5e58b6b7,USDJPY,H4,LONG,Momentum
USDJPY_H4_117,2,SQX-USDJPY-H4-2069ddda0816,USDJPY,H4,LONG,Momentum
USDJPY_H4_118,2,SQX-USDJPY-H4-20f56a55c7b8,USDJPY,H4,LONG,Trend+Structure
USDJPY_H4_118,2,SQX-USDJPY-H4-e132e44c1931,USDJPY,H4,LONG,Trend+Momentum+Structure
USDJPY_H4_119,2,SQX-USDJPY-H4-21fc0410b911,USDJPY,H4,SHORT,Volatility+Structure
USDJPY_H4_119,2,SQX-USDJPY-H4-22c3dca08808,USDJPY,H4,SHORT,Momentum+Volatility+Structure
USDJPY_H4_120,2,SQX-USDJPY-H4-246817eef5ab,USDJPY,H4,LONG,Volatility
USDJPY_H4_120,2,SQX-USDJPY-H4-8878ab69b750,USDJPY,H4,LONG,Momentum+Volatility
USDJPY_H4_121,2,SQX-USDJPY-H4-27bab2d9b86a,USDJPY,H4,LONG,Trend+Momentum
USDJPY_H4_121,2,SQX-USDJPY-H4-591a52855fb4,USDJPY,H4,LONG,Trend+Momentum
USDJPY_H4_122,2,SQX-USDJPY-H4-281022e45a9a,USDJPY,H4,LONG,Momentum+Volatility
USDJPY_H4_122,2,SQX-USDJPY-H4-fb25d2637815,USDJPY,H4,LONG,Momentum+Volatility
USDJPY_H4_123,2,SQX-USDJPY-H4-28e791606b82,USDJPY,H4,LONG,Momentum+Structure
USDJPY_H4_123,2,SQX-USDJPY-H4-4679b8ae2c0e,USDJPY,H4,LONG,Trend+Momentum+Structure
USDJPY_H4_124,2,SQX-USDJPY-H4-295c938a8026,USDJPY,H4,LONG,Momentum+Volatility
USDJPY_H4_124,2,SQX-USDJPY-H4-896a6cfd8253,USDJPY,H4,LONG,Momentum+Volatility
USDJPY_H4_125,2,SQX-USDJPY-H4-2a8bbf0d1afa,USDJPY,H4,LONG,Volatility+Structure
USDJPY_H4_125,2,SQX-USDJPY-H4-3bebc61b6b97,USDJPY,H4,LONG,Volatility+Structure
USDJPY_H4_126,2,SQX-USDJPY-H4-2c42545f4456,USDJPY,H4,LONG,Momentum+Structure
USDJPY_H4_126,2,SQX-USDJPY-H4-6d7907f24eac,USDJPY,H4,LONG,Trend+Structure
USDJPY_H4_127,2,SQX-USDJPY-H4-2d406c68be4f,USDJPY,H4,SHORT,Momentum+Structure
USDJPY_H4_127,2,SQX-USDJPY-H4-38c16979a43d,USDJPY,H4,SHORT,Momentum+Structure
USDJPY_H4_128,2,SQX-USDJPY-H4-2d979aabdbf6,USDJPY,H4,LONG,Trend
USDJPY_H4_128,2,SQX-USDJPY-H4-fa1d43176a96,USDJPY,H4,LONG,Trend
USDJPY_H4_129,2,SQX-USDJPY-H4-2edf4fdb4625,USDJPY,H4,LONG,Trend+Momentum+Volatility+Structure
USDJPY_H4_129,2,SQX-USDJPY-H4-69e02bbba016,USDJPY,H4,LONG,Trend+Volatility+Structure
USDJPY_H4_130,2,SQX-USDJPY-H4-3426e04c340f,USDJPY,H4,LONG,Momentum
USDJPY_H4_130,2,SQX-USDJPY-H4-abbc05b11511,USDJPY,H4,LONG,Momentum
USDJPY_H4_131,2,SQX-USDJPY-H4-35a4da56f176,USDJPY,H4,LONG,Volatility+Structure
USDJPY_H4_131,2,SQX-USDJPY-H4-9d345b4fd5c5,USDJPY,H4,LONG,Momentum+Structure
USDJPY_H4_132,2,SQX-USDJPY-H4-36ba4100db66,USDJPY,H4,LONG,Momentum+Volatility
USDJPY_H4_132,2,SQX-USDJPY-H4-5de65f27897d,USDJPY,H4,LONG,Momentum
USDJPY_H4_133,2,SQX-USDJPY-H4-37b0e8fd5313,USDJPY,H4,LONG,Volatility+Structure
USDJPY_H4_133,2,SQX-USDJPY-H4-bd97bce51e2c,USDJPY,H4,LONG,Momentum+Volatility+Structure
USDJPY_H4_134,2,SQX-USDJPY-H4-37fddec79354,USDJPY,H4,LONG,Momentum+Structure
USDJPY_H4_134,2,SQX-USDJPY-H4-6946b0c1564f,USDJPY,H4,LONG,Momentum+Structure
USDJPY_H4_135,2,SQX-USDJPY-H4-38463ea7cc21,USDJPY,H4,LONG,Trend
USDJPY_H4_135,2,SQX-USDJPY-H4-412e21ff2003,USDJPY,H4,LONG,Trend+Momentum
USDJPY_H4_136,2,SQX-USDJPY-H4-38650a609189,USDJPY,H4,LONG,Trend+Momentum+Structure
USDJPY_H4_136,2,SQX-USDJPY-H4-e53788a3acc3,USDJPY,H4,LONG,Momentum+Volatility+Structure
USDJPY_H4_137,2,SQX-USDJPY-H4-39b73bb7c705,USDJPY,H4,LONG,Trend+Momentum
USDJPY_H4_137,2,SQX-USDJPY-H4-c95d36446e69,USDJPY,H4,LONG,Momentum
USDJPY_H4_138,2,SQX-USDJPY-H4-39bd64a56ecd,USDJPY,H4,LONG,Momentum+Volatility
USDJPY_H4_138,2,SQX-USDJPY-H4-cf26f48cb223,USDJPY,H4,LONG,Momentum+Volatility
USDJPY_H4_139,2,SQX-USDJPY-H4-3d770cd563d8,USDJPY,H4,LONG,Trend+Structure
USDJPY_H4_139,2,SQX-USDJPY-H4-fc5eacefa7c5,USDJPY,H4,LONG,Trend+Momentum+Structure
USDJPY_H4_140,2,SQX-USDJPY-H4-3f0b5e1ce400,USDJPY,H4,LONG,Trend+Volatility
USDJPY_H4_140,2,SQX-USDJPY-H4-728eb019a49b,USDJPY,H4,LONG,Trend+Volatility
USDJPY_H4_141,2,SQX-USDJPY-H4-42424fb3c8af,USDJPY,H4,LONG,Momentum+Structure
USDJPY_H4_141,2,SQX-USDJPY-H4-5c43c1faeefb,USDJPY,H4,LONG,Trend+Momentum+Structure
USDJPY_H4_142,2,SQX-USDJPY-H4-42d74340a76d,USDJPY,H4,LONG,Trend+Momentum+Volatility
USDJPY_H4_142,2,SQX-USDJPY-H4-cf2ebad1c292,USDJPY,H4,LONG,Trend+Momentum+Volatility
USDJPY_H4_143,2,SQX-USDJPY-H4-433ac01742b2,USDJPY,H4,LONG,Momentum
USDJPY_H4_143,2,SQX-USDJPY-H4-eb0f2cfb8d05,USDJPY,H4,LONG,Momentum
USDJPY_H4_144,2,SQX-USDJPY-H4-44a21099995c,USDJPY,H4,LONG,Trend+Momentum+Volatility
USDJPY_H4_144,2,SQX-USDJPY-H4-ed996aaa5ad8,USDJPY,H4,LONG,Trend+Momentum+Volatility
USDJPY_H4_145,2,SQX-USDJPY-H4-4677a2f9ad58,USDJPY,H4,LONG,Trend
USDJPY_H4_145,2,SQX-USDJPY-H4-671da35def8f,USDJPY,H4,LONG,Trend
USDJPY_H4_146,2,SQX-USDJPY-H4-4681d74d4587,USDJPY,H4,LONG,Structure
USDJPY_H4_146,2,SQX-USDJPY-H4-ce6e9937e81d,USDJPY,H4,LONG,Structure
USDJPY_H4_147,2,SQX-USDJPY-H4-4ac242477fb9,USDJPY,H4,LONG,Momentum+Volatility
USDJPY_H4_147,2,SQX-USDJPY-H4-b9b6bdaca1e9,USDJPY,H4,LONG,Volatility+Structure
USDJPY_H4_148,2,SQX-USDJPY-H4-4cbf68302f26,USDJPY,H4,SHORT,Momentum+Structure
USDJPY_H4_148,2,SQX-USDJPY-H4-b5d15627fe31,USDJPY,H4,SHORT,Momentum+Structure
USDJPY_H4_149,2,SQX-USDJPY-H4-4d386a1745b3,USDJPY,H4,LONG,Momentum
USDJPY_H4_149,2,SQX-USDJPY-H4-f08cbf7265e7,USDJPY,H4,LONG,Momentum
USDJPY_H4_150,2,SQX-USDJPY-H4-4e6cb27e387b,USDJPY,H4,LONG,Volatility
USDJPY_H4_150,2,SQX-USDJPY-H4-f7c515e42551,USDJPY,H4,LONG,Momentum+Volatility
USDJPY_H4_151,2,SQX-USDJPY-H4-4e718368bdd0,USDJPY,H4,LONG,Volatility+Structure
USDJPY_H4_151,2,SQX-USDJPY-H4-94bbca919ab4,USDJPY,H4,LONG,Volatility+Structure
USDJPY_H4_152,2,SQX-USDJPY-H4-504210403dd9,USDJPY,H4,LONG,Structure
USDJPY_H4_152,2,SQX-USDJPY-H4-64af178ab3b8,USDJPY,H4,LONG,Trend+Structure
USDJPY_H4_153,2,SQX-USDJPY-H4-51706aba2f0d,USDJPY,H4,LONG,Momentum
USDJPY_H4_153,2,SQX-USDJPY-H4-5179f23e093e,USDJPY,H4,LONG,Momentum
USDJPY_H4_154,2,SQX-USDJPY-H4-56b7d86326c6,USDJPY,H4,LONG,Momentum+Structure
USDJPY_H4_154,2,SQX-USDJPY-H4-6bd13e5e129b,USDJPY,H4,LONG,Momentum+Structure
USDJPY_H4_155,2,SQX-USDJPY-H4-581d70e8941d,USDJPY,H4,LONG,Volatility+Structure
USDJPY_H4_155,2,SQX-USDJPY-H4-89b3968dfecc,USDJPY,H4,LONG,Volatility+Structure
USDJPY_H4_156,2,SQX-USDJPY-H4-588f5c28dc35,USDJPY,H4,LONG,Momentum+Volatility
USDJPY_H4_156,2,SQX-USDJPY-H4-62d900819b2a,USDJPY,H4,LONG,Momentum+Volatility
USDJPY_H4_157,2,SQX-USDJPY-H4-5b763d4ec5d7,USDJPY,H4,LONG,Trend+Volatility
USDJPY_H4_157,2,SQX-USDJPY-H4-c4bda1e93a56,USDJPY,H4,LONG,Trend
USDJPY_H4_158,2,SQX-USDJPY-H4-5cb33b56462b,USDJPY,H4,LONG,Momentum+Structure
USDJPY_H4_158,2,SQX-USDJPY-H4-bd25c0f24025,USDJPY,H4,LONG,Momentum+Structure
USDJPY_H4_159,2,SQX-USDJPY-H4-5d1f87d9462c,USDJPY,H4,LONG,Momentum
USDJPY_H4_159,2,SQX-USDJPY-H4-c48bb41aaa2a,USDJPY,H4,LONG,Momentum+Volatility
USDJPY_H4_160,2,SQX-USDJPY-H4-5d5d144da1f8,USDJPY,H4,LONG,Volatility+Structure
USDJPY_H4_160,2,SQX-USDJPY-H4-93e3411a14dc,USDJPY,H4,LONG,Momentum+Volatility+Structure
USDJPY_H4_161,2,SQX-USDJPY-H4-623a7869dca8,USDJPY,H4,LONG,Momentum+Structure
USDJPY_H4_161,2,SQX-USDJPY-H4-88491a47c894,USDJPY,H4,LONG,Momentum+Volatility
USDJPY_H4_162,2,SQX-USDJPY-H4-64bfbe35f6b2,USDJPY,H4,LONG,Structure
USDJPY_H4_162,2,SQX-USDJPY-H4-b96ecbf40f37,USDJPY,H4,LONG,Structure
USDJPY_H4_163,2,SQX-USDJPY-H4-66d8d7d29dcb,USDJPY,H4,LONG,Momentum+Structure
USDJPY_H4_163,2,SQX-USDJPY-H4-82b83c7abf2f,USDJPY,H4,LONG,Momentum+Structure
USDJPY_H4_164,2,SQX-USDJPY-H4-693513c14d46,USDJPY,H4,LONG,Momentum
USDJPY_H4_164,2,SQX-USDJPY-H4-bac9726bd560,USDJPY,H4,LONG,Momentum+Volatility
USDJPY_H4_165,2,SQX-USDJPY-H4-69b598f646af,USDJPY,H4,LONG,Momentum
USDJPY_H4_165,2,SQX-USDJPY-H4-d6c71defa7f8,USDJPY,H4,LONG,Momentum
USDJPY_H4_166,2,SQX-USDJPY-H4-6a3c2807a73a,USDJPY,H4,LONG,Momentum
USDJPY_H4_166,2,SQX-USDJPY-H4-6d193c9026eb,USDJPY,H4,LONG,Momentum
USDJPY_H4_167,2,SQX-USDJPY-H4-6e8b689a8da8,USDJPY,H4,LONG,Volatility
USDJPY_H4_167,2,SQX-USDJPY-H4-7044f079007d,USDJPY,H4,LONG,Momentum+Volatility
USDJPY_H4_168,2,SQX-USDJPY-H4-6fad3a0e284e,USDJPY,H4,LONG,Trend+Momentum+Volatility
USDJPY_H4_168,2,SQX-USDJPY-H4-95a1f6385fae,USDJPY,H4,LONG,Trend+Momentum+Volatility+Structure
USDJPY_H4_169,2,SQX-USDJPY-H4-70bb8bd3757a,USDJPY,H4,LONG,Trend+Structure
USDJPY_H4_169,2,SQX-USDJPY-H4-9ade0c580be4,USDJPY,H4,LONG,Trend+Structure
USDJPY_H4_170,2,SQX-USDJPY-H4-731828a3c0df,USDJPY,H4,LONG,Trend+Structure
USDJPY_H4_170,2,SQX-USDJPY-H4-cc2e3eabea8e,USDJPY,H4,LONG,Trend+Structure
USDJPY_H4_171,2,SQX-USDJPY-H4-73989fcbd82f,USDJPY,H4,LONG,Momentum+Structure
USDJPY_H4_171,2,SQX-USDJPY-H4-c29366884c0a,USDJPY,H4,LONG,Momentum+Structure
USDJPY_H4_172,2,SQX-USDJPY-H4-758d81f3f5f1,USDJPY,H4,LONG,Momentum
USDJPY_H4_172,2,SQX-USDJPY-H4-a386a6063f28,USDJPY,H4,LONG,Momentum
USDJPY_H4_173,2,SQX-USDJPY-H4-76333da9f205,USDJPY,H4,LONG,Trend+Structure
USDJPY_H4_173,2,SQX-USDJPY-H4-ea23cf686375,USDJPY,H4,LONG,Trend+Structure
USDJPY_H4_174,2,SQX-USDJPY-H4-7734421b35f6,USDJPY,H4,LONG,Momentum+Volatility
USDJPY_H4_174,2,SQX-USDJPY-H4-f432719c23e7,USDJPY,H4,LONG,Momentum
USDJPY_H4_175,2,SQX-USDJPY-H4-7985b56b4c07,USDJPY,H4,LONG,Trend+Structure
USDJPY_H4_175,2,SQX-USDJPY-H4-be85ebc63872,USDJPY,H4,LONG,Trend+Momentum+Structure
USDJPY_H4_176,2,SQX-USDJPY-H4-7c557186155e,USDJPY,H4,LONG,Volatility+Structure
USDJPY_H4_176,2,SQX-USDJPY-H4-bf7419f50e4a,USDJPY,H4,LONG,Structure
USDJPY_H4_177,2,SQX-USDJPY-H4-8238450eaec2,USDJPY,H4,LONG,Trend+Volatility+Structure
USDJPY_H4_177,2,SQX-USDJPY-H4-e596b2c09563,USDJPY,H4,LONG,Volatility+Structure
USDJPY_H4_178,2,SQX-USDJPY-H4-8288ccb08d75,USDJPY,H4,LONG,Trend+Momentum+Structure
USDJPY_H4_178,2,SQX-USDJPY-H4-c2cde67ec8fc,USDJPY,H4,LONG,Trend+Momentum+Structure
USDJPY_H4_179,2,SQX-USDJPY-H4-841c70778de6,USDJPY,H4,LONG,Momentum+Volatility
USDJPY_H4_179,2,SQX-USDJPY-H4-99b38a0c7bff,USDJPY,H4,LONG,Momentum+Volatility
USDJPY_H4_180,2,SQX-USDJPY-H4-863cdbb1e304,USDJPY,H4,LONG,Trend+Momentum+Volatility
USDJPY_H4_180,2,SQX-USDJPY-H4-99fb76ab10e7,USDJPY,H4,LONG,Trend+Volatility
USDJPY_H4_181,2,SQX-USDJPY-H4-8c8d73b381f9,USDJPY,H4,LONG,Momentum+Volatility
USDJPY_H4_181,2,SQX-USDJPY-H4-ab951a52cade,USDJPY,H4,LONG,Momentum+Volatility
USDJPY_H4_182,2,SQX-USDJPY-H4-8ea34f66dad1,USDJPY,H4,SHORT,Momentum+Structure
USDJPY_H4_182,2,SQX-USDJPY-H4-a018aff9b3f1,USDJPY,H4,SHORT,Momentum+Structure
USDJPY_H4_183,2,SQX-USDJPY-H4-939ed3fdf821,USDJPY,H4,LONG,Momentum+Volatility
USDJPY_H4_183,2,SQX-USDJPY-H4-efbcb5e8aaf8,USDJPY,H4,LONG,Volatility
USDJPY_H4_184,2,SQX-USDJPY-H4-94600559b8ba,USDJPY,H4,LONG,Trend+Volatility+Structure
USDJPY_H4_184,2,SQX-USDJPY-H4-df2bad9024ed,USDJPY,H4,LONG,Momentum+Structure
USDJPY_H4_185,2,SQX-USDJPY-H4-95e585b58f83,USDJPY,H4,LONG,Momentum+Structure
USDJPY_H4_185,2,SQX-USDJPY-H4-a68484f3dec0,USDJPY,H4,LONG,Momentum+Structure
USDJPY_H4_186,2,SQX-USDJPY-H4-9a61db2f2265,USDJPY,H4,LONG,Trend+Structure
USDJPY_H4_186,2,SQX-USDJPY-H4-bb6e1e23b278,USDJPY,H4,LONG,Volatility+Structure
USDJPY_H4_187,2,SQX-USDJPY-H4-9c14985b6c9e,USDJPY,H4,LONG,Trend+Structure
USDJPY_H4_187,2,SQX-USDJPY-H4-fb7f54c3feca,USDJPY,H4,LONG,Trend+Momentum+Structure
USDJPY_H4_188,2,SQX-USDJPY-H4-9f69994ec9a3,USDJPY,H4,LONG,Trend+Volatility
USDJPY_H4_188,2,SQX-USDJPY-H4-f6a5369fbe9e,USDJPY,H4,LONG,Trend+Volatility
USDJPY_H4_189,2,SQX-USDJPY-H4-9fad1e45c0eb,USDJPY,H4,LONG,Momentum+Structure
USDJPY_H4_189,2,SQX-USDJPY-H4-d925b74f7dcd,USDJPY,H4,LONG,Momentum+Structure
USDJPY_H4_190,2,SQX-USDJPY-H4-a684671ab513,USDJPY,H4,SHORT,Trend+Momentum
USDJPY_H4_190,2,SQX-USDJPY-H4-f82b14238c42,USDJPY,H4,SHORT,Trend+Momentum
USDJPY_H4_191,2,SQX-USDJPY-H4-a7b35ef0c8f4,USDJPY,H4,LONG,Momentum+Structure
USDJPY_H4_191,2,SQX-USDJPY-H4-d74bdad26bde,USDJPY,H4,LONG,Momentum+Structure
USDJPY_H4_192,2,SQX-USDJPY-H4-a8fc9d317af9,USDJPY,H4,LONG,Volatility
USDJPY_H4_192,2,SQX-USDJPY-H4-bb575a058aaf,USDJPY,H4,LONG,Volatility
USDJPY_H4_193,2,SQX-USDJPY-H4-aabb2bbd80cd,USDJPY,H4,LONG,Momentum+Volatility
USDJPY_H4_193,2,SQX-USDJPY-H4-ece5a1ef52fe,USDJPY,H4,LONG,Momentum+Volatility
USDJPY_H4_194,2,SQX-USDJPY-H4-ad1dfd15213e,USDJPY,H4,LONG,Momentum+Structure
USDJPY_H4_194,2,SQX-USDJPY-H4-f6efaf229843,USDJPY,H4,LONG,Momentum+Structure
USDJPY_H4_195,2,SQX-USDJPY-H4-b0952c19d6d5,USDJPY,H4,LONG,Volatility+Structure
USDJPY_H4_195,2,SQX-USDJPY-H4-eaa77fb5c282,USDJPY,H4,LONG,Volatility+Structure
USDJPY_H4_196,2,SQX-USDJPY-H4-ba7b14a65cbb,USDJPY,H4,LONG,Volatility+Structure
USDJPY_H4_196,2,SQX-USDJPY-H4-e29a94a92ab0,USDJPY,H4,LONG,Volatility+Structure
USDJPY_H4_197,2,SQX-USDJPY-H4-c61622b20be1,USDJPY,H4,LONG,Trend+Momentum+Volatility
USDJPY_H4_197,2,SQX-USDJPY-H4-dbb71ca3b9ea,USDJPY,H4,LONG,Trend+Momentum+Volatility
USDJPY_H4_198,2,SQX-USDJPY-H4-ccedb66f14d2,USDJPY,H4,LONG,Trend+Momentum+Structure
USDJPY_H4_198,2,SQX-USDJPY-H4-e47104766a18,USDJPY,H4,LONG,Momentum+Structure
USDJPY_H4_199,2,SQX-USDJPY-H4-d1d12f8fab9e,USDJPY,H4,LONG,Momentum+Structure
USDJPY_H4_199,2,SQX-USDJPY-H4-dc152647ca17,USDJPY,H4,LONG,Momentum+Structure
USDJPY_H4_200,2,SQX-USDJPY-H4-d76ddc124d5b,USDJPY,H4,LONG,Momentum+Volatility
USDJPY_H4_200,2,SQX-USDJPY-H4-eb657b74dcbb,USDJPY,H4,LONG,Trend+Momentum
USDJPY_H4_201,2,SQX-USDJPY-H4-d9840c2d67ed,USDJPY,H4,LONG,Momentum+Structure
USDJPY_H4_201,2,SQX-USDJPY-H4-e372574405ab,USDJPY,H4,LONG,Momentum+Structure
USDJPY_H4_202,1,SQX-USDJPY-H4-000040b0a6f3,USDJPY,H4,LONG,Trend+Momentum+Volatility
USDJPY_H4_203,1,SQX-USDJPY-H4-004ed95e28e2,USDJPY,H4,LONG,Momentum+Structure
USDJPY_H4_204,1,SQX-USDJPY-H4-005d7e36cac9,USDJPY,H4,LONG,Trend+Momentum+Volatility+Structure
USDJPY_H4_205,1,SQX-USDJPY-H4-0089500f07ec,USDJPY,H4,LONG,Momentum
USDJPY_H4_206,1,SQX-USDJPY-H4-00acd3db1ace,USDJPY,H4,LONG,Momentum+Volatility
USDJPY_H4_207,1,SQX-USDJPY-H4-00ace13517f4,USDJPY,H4,SHORT,Momentum+Structure
USDJPY_H4_208,1,SQX-USDJPY-H4-01833cd76395,USDJPY,H4,LONG,Momentum+Volatility
USDJPY_H4_209,1,SQX-USDJPY-H4-01a50f27af59,USDJPY,H4,LONG,Trend+Momentum
USDJPY_H4_210,1,SQX-USDJPY-H4-01c08743d996,USDJPY,H4,LONG,Volatility+Structure
USDJPY_H4_211,1,SQX-USDJPY-H4-01e0a21cb05e,USDJPY,H4,LONG,Momentum+Structure
USDJPY_H4_212,1,SQX-USDJPY-H4-01ee069a9da5,USDJPY,H4,LONG,Momentum+Structure
USDJPY_H4_213,1,SQX-USDJPY-H4-024a6550525e,USDJPY,H4,LONG,Momentum+Volatility+Structure
USDJPY_H4_214,1,SQX-USDJPY-H4-02ac4c884ba2,USDJPY,H4,LONG,Trend+Momentum
USDJPY_H4_215,1,SQX-USDJPY-H4-02b74db805a1,USDJPY,H4,LONG,Trend+Momentum
USDJPY_H4_216,1,SQX-USDJPY-H4-02c5c7179b62,USDJPY,H4,LONG,Trend+Momentum
USDJPY_H4_217,1,SQX-USDJPY-H4-02f9e6afd2ef,USDJPY,H4,LONG,Structure
USDJPY_H4_218,1,SQX-USDJPY-H4-03091034a3c9,USDJPY,H4,LONG,Momentum+Structure
USDJPY_H4_219,1,SQX-USDJPY-H4-033c99bed4cb,USDJPY,H4,LONG,Momentum+Structure
USDJPY_H4_220,1,SQX-USDJPY-H4-034516e671b3,USDJPY,H4,LONG,Trend+Momentum
USDJPY_H4_221,1,SQX-USDJPY-H4-0354d7908054,USDJPY,H4,LONG,Momentum
USDJPY_H4_222,1,SQX-USDJPY-H4-0368348face9,USDJPY,H4,LONG,Momentum
USDJPY_H4_223,1,SQX-USDJPY-H4-03cdd699e27d,USDJPY,H4,LONG,Trend+Volatility
USDJPY_H4_224,1,SQX-USDJPY-H4-03d71c8f182f,USDJPY,H4,LONG,Trend+Momentum
USDJPY_H4_225,1,SQX-USDJPY-H4-04541e4e2c37,USDJPY,H4,LONG,Trend+Structure
USDJPY_H4_226,1,SQX-USDJPY-H4-04fe5c93721e,USDJPY,H4,LONG,Trend+Volatility+Structure
USDJPY_H4_227,1,SQX-USDJPY-H4-050aa6c273f0,USDJPY,H4,LONG,Momentum+Volatility+Structure
USDJPY_H4_228,1,SQX-USDJPY-H4-0537edd610e9,USDJPY,H4,SHORT,Trend+Volatility+Structure
USDJPY_H4_229,1,SQX-USDJPY-H4-053c5d7d0045,USDJPY,H4,LONG,Volatility
USDJPY_H4_230,1,SQX-USDJPY-H4-055e301cb208,USDJPY,H4,LONG,Trend+Momentum+Structure
USDJPY_H4_231,1,SQX-USDJPY-H4-0565276886fe,USDJPY,H4,LONG,Momentum+Volatility
USDJPY_H4_232,1,SQX-USDJPY-H4-05e3b1124cc8,USDJPY,H4,SHORT,Momentum+Volatility+Structure
USDJPY_H4_233,1,SQX-USDJPY-H4-05e7cc7e93d5,USDJPY,H4,LONG,Trend
USDJPY_H4_234,1,SQX-USDJPY-H4-060377e2965a,USDJPY,H4,LONG,Momentum+Volatility+Structure
USDJPY_H4_235,1,SQX-USDJPY-H4-061b39348393,USDJPY,H4,LONG,Momentum+Structure
USDJPY_H4_236,1,SQX-USDJPY-H4-06e98b5c76ad,USDJPY,H4,LONG,Momentum+Volatility
USDJPY_H4_237,1,SQX-USDJPY-H4-07dc7fcf1839,USDJPY,H4,LONG,Trend+Momentum+Structure
USDJPY_H4_238,1,SQX-USDJPY-H4-08a2f60d0e11,USDJPY,H4,SHORT,Trend+Momentum+Structure
USDJPY_H4_239,1,SQX-USDJPY-H4-09a5a417932d,USDJPY,H4,LONG,Trend+Structure
USDJPY_H4_240,1,SQX-USDJPY-H4-09c3afe3abdd,USDJPY,H4,LONG,Trend+Momentum
USDJPY_H4_241,1,SQX-USDJPY-H4-09d909ec3206,USDJPY,H4,LONG,Trend+Momentum
USDJPY_H4_242,1,SQX-USDJPY-H4-09f367aed78d,USDJPY,H4,LONG,Momentum+Volatility+Structure
USDJPY_H4_243,1,SQX-USDJPY-H4-0a010340d2a0,USDJPY,H4,LONG,Trend+Structure
USDJPY_H4_244,1,SQX-USDJPY-H4-0a13714dd5d0,USDJPY,H4,LONG,Momentum+Volatility+Structure
USDJPY_H4_245,1,SQX-USDJPY-H4-0a726f6af89f,USDJPY,H4,LONG,Momentum
USDJPY_H4_246,1,SQX-USDJPY-H4-0aa0e56aaf0d,USDJPY,H4,LONG,Trend+Structure
USDJPY_H4_247,1,SQX-USDJPY-H4-0b36ccbaea3c,USDJPY,H4,LONG,Trend+Momentum+Structure
USDJPY_H4_248,1,SQX-USDJPY-H4-0c2f94687a49,USDJPY,H4,LONG,Trend
USDJPY_H4_249,1,SQX-USDJPY-H4-0ceb32ecdcf5,USDJPY,H4,LONG,Momentum+Volatility+Structure
USDJPY_H4_250,1,SQX-USDJPY-H4-0cff303aedbe,USDJPY,H4,LONG,Trend+Momentum
USDJPY_H4_251,1,SQX-USDJPY-H4-0cff3b9b25b4,USDJPY,H4,LONG,Structure
USDJPY_H4_252,1,SQX-USDJPY-H4-0d456dcc9411,USDJPY,H4,LONG,Momentum+Volatility
USDJPY_H4_253,1,SQX-USDJPY-H4-0dbbd6f69d35,USDJPY,H4,LONG,Structure
USDJPY_H4_254,1,SQX-USDJPY-H4-0dd0d9fa206e,USDJPY,H4,LONG,Trend+Momentum
USDJPY_H4_255,1,SQX-USDJPY-H4-0e26a7ca9beb,USDJPY,H4,LONG,Trend+Momentum+Volatility
USDJPY_H4_256,1,SQX-USDJPY-H4-0e7b2885d34f,USDJPY,H4,LONG,Momentum+Structure
USDJPY_H4_257,1,SQX-USDJPY-H4-0ecaa8cf7309,USDJPY,H4,LONG,Trend+Structure
USDJPY_H4_258,1,SQX-USDJPY-H4-0eeeed5483bd,USDJPY,H4,LONG,Trend+Momentum+Structure
USDJPY_H4_259,1,SQX-USDJPY-H4-0f43cfa7f1ab,USDJPY,H4,LONG,Trend+Momentum
USDJPY_H4_260,1,SQX-USDJPY-H4-0f6cc1abf563,USDJPY,H4,LONG,Trend+Momentum+Volatility
USDJPY_H4_261,1,SQX-USDJPY-H4-0f7089f16088,USDJPY,H4,LONG,Trend+Momentum
USDJPY_H4_262,1,SQX-USDJPY-H4-101b44f2b28a,USDJPY,H4,LONG,Momentum+Volatility
USDJPY_H4_263,1,SQX-USDJPY-H4-116741b732f8,USDJPY,H4,LONG,Volatility+Structure
USDJPY_H4_264,1,SQX-USDJPY-H4-1167eb34dd94,USDJPY,H4,LONG,Momentum+Structure
USDJPY_H4_265,1,SQX-USDJPY-H4-11af91428976,USDJPY,H4,LONG,Trend+Structure
USDJPY_H4_266,1,SQX-USDJPY-H4-11f7fc2193a4,USDJPY,H4,LONG,Trend+Volatility+Structure
USDJPY_H4_267,1,SQX-USDJPY-H4-130fbd75a535,USDJPY,H4,LONG,Momentum+Structure
USDJPY_H4_268,1,SQX-USDJPY-H4-134685190fbd,USDJPY,H4,LONG,Trend+Momentum
USDJPY_H4_269,1,SQX-USDJPY-H4-136b388899a3,USDJPY,H4,LONG,Trend+Momentum+Volatility
USDJPY_H4_270,1,SQX-USDJPY-H4-137f7b6cbc98,USDJPY,H4,LONG,Trend+Volatility
USDJPY_H4_271,1,SQX-USDJPY-H4-1395bcd3552d,USDJPY,H4,LONG,Trend+Momentum+Structure
USDJPY_H4_272,1,SQX-USDJPY-H4-13b6e489a2bc,USDJPY,H4,LONG,Trend+Momentum+Volatility
USDJPY_H4_273,1,SQX-USDJPY-H4-148953a5576a,USDJPY,H4,LONG,Trend+Structure
USDJPY_H4_274,1,SQX-USDJPY-H4-14d1c81cda50,USDJPY,H4,LONG,Trend+Momentum+Volatility
USDJPY_H4_275,1,SQX-USDJPY-H4-1543e8a19e06,USDJPY,H4,LONG,Trend+Momentum+Structure
USDJPY_H4_276,1,SQX-USDJPY-H4-158648fb0703,USDJPY,H4,LONG,Momentum+Structure
USDJPY_H4_277,1,SQX-USDJPY-H4-1673ebe017d9,USDJPY,H4,LONG,Trend+Momentum+Structure
USDJPY_H4_278,1,SQX-USDJPY-H4-175ab15720f3,USDJPY,H4,LONG,Momentum+Structure
USDJPY_H4_279,1,SQX-USDJPY-H4-17a254160f6c,USDJPY,H4,LONG,Trend+Structure
USDJPY_H4_280,1,SQX-USDJPY-H4-17b81a26c053,USDJPY,H4,SHORT,Trend+Momentum
USDJPY_H4_281,1,SQX-USDJPY-H4-182de1159473,USDJPY,H4,LONG,Momentum
USDJPY_H4_282,1,SQX-USDJPY-H4-18ceb2507ad1,USDJPY,H4,LONG,Trend+Structure
USDJPY_H4_283,1,SQX-USDJPY-H4-1939ee55def6,USDJPY,H4,LONG,Trend+Momentum+Structure
USDJPY_H4_284,1,SQX-USDJPY-H4-1945dcab643c,USDJPY,H4,LONG,Trend+Momentum+Structure
USDJPY_H4_285,1,SQX-USDJPY-H4-19937f6ead09,USDJPY,H4,LONG,Momentum+Structure
USDJPY_H4_286,1,SQX-USDJPY-H4-19b02fb5b715,USDJPY,H4,LONG,Trend+Momentum+Structure
USDJPY_H4_287,1,SQX-USDJPY-H4-19bee5d40819,USDJPY,H4,LONG,Volatility+Structure
USDJPY_H4_288,1,SQX-USDJPY-H4-19fc120072e1,USDJPY,H4,LONG,Momentum+Volatility
USDJPY_H4_289,1,SQX-USDJPY-H4-1a0ce9a1a040,USDJPY,H4,LONG,Trend+Momentum+Structure
USDJPY_H4_290,1,SQX-USDJPY-H4-1a529eb70a5e,USDJPY,H4,LONG,Momentum+Structure
USDJPY_H4_291,1,SQX-USDJPY-H4-1a7cf88f7988,USDJPY,H4,LONG,Momentum
USDJPY_H4_292,1,SQX-USDJPY-H4-1a7e31355624,USDJPY,H4,LONG,Momentum+Volatility+Structure
USDJPY_H4_293,1,SQX-USDJPY-H4-1ab3f8b68c35,USDJPY,H4,LONG,Volatility+Structure
USDJPY_H4_294,1,SQX-USDJPY-H4-1ad070f424a8,USDJPY,H4,LONG,Trend+Volatility
USDJPY_H4_295,1,SQX-USDJPY-H4-1ad79f3a9d72,USDJPY,H4,LONG,Trend+Structure
USDJPY_H4_296,1,SQX-USDJPY-H4-1af3cd3f9ab4,USDJPY,H4,LONG,Momentum
USDJPY_H4_297,1,SQX-USDJPY-H4-1b77079b01da,USDJPY,H4,LONG,Trend+Momentum+Structure
USDJPY_H4_298,1,SQX-USDJPY-H4-1b9bf406148f,USDJPY,H4,LONG,Momentum+Structure
USDJPY_H4_299,1,SQX-USDJPY-H4-1c1fec5c08e8,USDJPY,H4,LONG,Momentum+Volatility+Structure
USDJPY_H4_300,1,SQX-USDJPY-H4-1c9251f7163d,USDJPY,H4,LONG,Momentum+Volatility
USDJPY_H4_301,1,SQX-USDJPY-H4-1d08af56d0bd,USDJPY,H4,LONG,Volatility+Structure
USDJPY_H4_302,1,SQX-USDJPY-H4-1d67701f722b,USDJPY,H4,LONG,Trend+Momentum
USDJPY_H4_303,1,SQX-USDJPY-H4-1d8cd3f5a1a3,USDJPY,H4,LONG,Structure
USDJPY_H4_304,1,SQX-USDJPY-H4-1df263e4dfe2,USDJPY,H4,SHORT,Momentum+Volatility+Structure
USDJPY_H4_305,1,SQX-USDJPY-H4-1e3396988c98,USDJPY,H4,LONG,Trend+Momentum
USDJPY_H4_306,1,SQX-USDJPY-H4-1e3ca11a1e14,USDJPY,H4,LONG,Momentum+Volatility
USDJPY_H4_307,1,SQX-USDJPY-H4-1e607410eb8e,USDJPY,H4,LONG,Momentum+Structure
USDJPY_H4_308,1,SQX-USDJPY-H4-1e7bd93e1525,USDJPY,H4,LONG,Momentum+Structure
USDJPY_H4_309,1,SQX-USDJPY-H4-1eae6be7068e,USDJPY,H4,LONG,Trend+Momentum
USDJPY_H4_310,1,SQX-USDJPY-H4-1ec294001632,USDJPY,H4,LONG,Trend+Momentum
USDJPY_H4_311,1,SQX-USDJPY-H4-1ed4bf774c8f,USDJPY,H4,LONG,Momentum
USDJPY_H4_312,1,SQX-USDJPY-H4-1f33f3e8c582,USDJPY,H4,LONG,Volatility+Structure
USDJPY_H4_313,1,SQX-USDJPY-H4-1f4c74d31682,USDJPY,H4,LONG,Momentum+Structure
USDJPY_H4_314,1,SQX-USDJPY-H4-1f5e78dedc95,USDJPY,H4,LONG,Trend+Structure
USDJPY_H4_315,1,SQX-USDJPY-H4-1fc87bb0c647,USDJPY,H4,LONG,Momentum+Volatility+Structure
USDJPY_H4_316,1,SQX-USDJPY-H4-202f9a5efc41,USDJPY,H4,LONG,Momentum+Structure
USDJPY_H4_317,1,SQX-USDJPY-H4-205e438654c8,USDJPY,H4,LONG,Trend+Momentum
USDJPY_H4_318,1,SQX-USDJPY-H4-207880328200,USDJPY,H4,LONG,Momentum+Volatility
USDJPY_H4_319,1,SQX-USDJPY-H4-20b8c7fc413b,USDJPY,H4,LONG,Momentum+Structure
USDJPY_H4_320,1,SQX-USDJPY-H4-228928668eea,USDJPY,H4,LONG,Trend+Momentum
USDJPY_H4_321,1,SQX-USDJPY-H4-22e9090cdf84,USDJPY,H4,LONG,Trend+Momentum
USDJPY_H4_322,1,SQX-USDJPY-H4-2314aed3af17,USDJPY,H4,LONG,Momentum+Structure
USDJPY_H4_323,1,SQX-USDJPY-H4-2394fe0e052c,USDJPY,H4,LONG,Momentum
USDJPY_H4_324,1,SQX-USDJPY-H4-23b7853dc200,USDJPY,H4,LONG,Momentum+Structure
USDJPY_H4_325,1,SQX-USDJPY-H4-2432877bdc39,USDJPY,H4,LONG,Momentum+Structure
USDJPY_H4_326,1,SQX-USDJPY-H4-252117a858a3,USDJPY,H4,LONG,Trend+Momentum
USDJPY_H4_327,1,SQX-USDJPY-H4-2537b3501f0a,USDJPY,H4,LONG,Momentum+Structure
USDJPY_H4_328,1,SQX-USDJPY-H4-2538bb96a8b8,USDJPY,H4,LONG,Trend+Momentum+Volatility+Structure
USDJPY_H4_329,1,SQX-USDJPY-H4-25a9fd818841,USDJPY,H4,LONG,Trend+Momentum+Structure
USDJPY_H4_330,1,SQX-USDJPY-H4-25bf3e97b275,USDJPY,H4,LONG,Trend+Structure
USDJPY_H4_331,1,SQX-USDJPY-H4-25e1e2741132,USDJPY,H4,LONG,Trend+Volatility+Structure
USDJPY_H4_332,1,SQX-USDJPY-H4-25e9a61f2b52,USDJPY,H4,LONG,Trend+Momentum+Structure
USDJPY_H4_333,1,SQX-USDJPY-H4-2695f044a01a,USDJPY,H4,LONG,Trend+Momentum+Volatility
USDJPY_H4_334,1,SQX-USDJPY-H4-27393548ca46,USDJPY,H4,LONG,Trend+Volatility
USDJPY_H4_335,1,SQX-USDJPY-H4-275178a2d58c,USDJPY,H4,LONG,Trend+Momentum
USDJPY_H4_336,1,SQX-USDJPY-H4-276855feabd6,USDJPY,H4,LONG,Momentum+Structure
USDJPY_H4_337,1,SQX-USDJPY-H4-2774a158fab5,USDJPY,H4,LONG,Trend+Volatility+Structure
USDJPY_H4_338,1,SQX-USDJPY-H4-27923d2286de,USDJPY,H4,LONG,Volatility
USDJPY_H4_339,1,SQX-USDJPY-H4-28d9521b1f7b,USDJPY,H4,LONG,Trend+Momentum
USDJPY_H4_340,1,SQX-USDJPY-H4-296f0032280d,USDJPY,H4,LONG,Momentum+Structure
USDJPY_H4_341,1,SQX-USDJPY-H4-29a972f58bad,USDJPY,H4,LONG,Trend
USDJPY_H4_342,1,SQX-USDJPY-H4-29d021200ea4,USDJPY,H4,LONG,Momentum+Structure
USDJPY_H4_343,1,SQX-USDJPY-H4-2a42bad25605,USDJPY,H4,LONG,Momentum+Volatility+Structure
USDJPY_H4_344,1,SQX-USDJPY-H4-2a433b11955f,USDJPY,H4,LONG,Momentum+Structure
USDJPY_H4_345,1,SQX-USDJPY-H4-2a46d7e2bcfe,USDJPY,H4,LONG,Momentum+Volatility+Structure
USDJPY_H4_346,1,SQX-USDJPY-H4-2adbd9cc7192,USDJPY,H4,LONG,Trend+Volatility+Structure
USDJPY_H4_347,1,SQX-USDJPY-H4-2b0491ea4917,USDJPY,H4,SHORT,Momentum+Structure
USDJPY_H4_348,1,SQX-USDJPY-H4-2b2d8fca1038,USDJPY,H4,LONG,Momentum
USDJPY_H4_349,1,SQX-USDJPY-H4-2b6cc825a51e,USDJPY,H4,LONG,Momentum+Structure
USDJPY_H4_350,1,SQX-USDJPY-H4-2bddca1a1161,USDJPY,H4,LONG,Momentum+Structure
USDJPY_H4_351,1,SQX-USDJPY-H4-2c08f40824f4,USDJPY,H4,LONG,Trend+Structure
USDJPY_H4_352,1,SQX-USDJPY-H4-2c8b1cadf94f,USDJPY,H4,LONG,Trend+Momentum+Volatility+Structure
USDJPY_H4_353,1,SQX-USDJPY-H4-2ceeeb9f75cc,USDJPY,H4,LONG,Trend+Structure
USDJPY_H4_354,1,SQX-USDJPY-H4-2d6a33a2a185,USDJPY,H4,LONG,Trend+Volatility+Structure
USDJPY_H4_355,1,SQX-USDJPY-H4-2dac4ed2354c,USDJPY,H4,LONG,Momentum+Volatility+Structure
USDJPY_H4_356,1,SQX-USDJPY-H4-2e0659ba46fb,USDJPY,H4,LONG,Trend+Momentum
USDJPY_H4_357,1,SQX-USDJPY-H4-2e2c55b57165,USDJPY,H4,LONG,Trend+Momentum+Volatility+Structure
USDJPY_H4_358,1,SQX-USDJPY-H4-2ed905f6ffb3,USDJPY,H4,LONG,Structure
USDJPY_H4_359,1,SQX-USDJPY-H4-2edaa18392d0,USDJPY,H4,LONG,Trend+Structure
USDJPY_H4_360,1,SQX-USDJPY-H4-30128edfd5bc,USDJPY,H4,SHORT,Trend+Volatility
USDJPY_H4_361,1,SQX-USDJPY-H4-3038475ac0e3,USDJPY,H4,LONG,Trend+Momentum
USDJPY_H4_362,1,SQX-USDJPY-H4-306f3ee7739d,USDJPY,H4,LONG,Trend+Momentum+Structure
USDJPY_H4_363,1,SQX-USDJPY-H4-3076e00281ed,USDJPY,H4,LONG,Trend+Momentum+Structure
USDJPY_H4_364,1,SQX-USDJPY-H4-30d56c1aeb98,USDJPY,H4,LONG,Momentum
USDJPY_H4_365,1,SQX-USDJPY-H4-3116855a81d9,USDJPY,H4,LONG,Structure
USDJPY_H4_366,1,SQX-USDJPY-H4-3119f8167369,USDJPY,H4,LONG,Trend+Momentum
USDJPY_H4_367,1,SQX-USDJPY-H4-3122fbf3998c,USDJPY,H4,LONG,Momentum+Volatility
USDJPY_H4_368,1,SQX-USDJPY-H4-314485a3cd66,USDJPY,H4,LONG,Trend+Volatility+Structure
USDJPY_H4_369,1,SQX-USDJPY-H4-319d3bf3d483,USDJPY,H4,SHORT,Momentum+Volatility
USDJPY_H4_370,1,SQX-USDJPY-H4-32153b88a3de,USDJPY,H4,LONG,Volatility
USDJPY_H4_371,1,SQX-USDJPY-H4-321eb857444a,USDJPY,H4,LONG,Momentum+Volatility+Structure
USDJPY_H4_372,1,SQX-USDJPY-H4-327cfa7a3a4d,USDJPY,H4,LONG,Structure
USDJPY_H4_373,1,SQX-USDJPY-H4-32b4a445d3dc,USDJPY,H4,LONG,Momentum
USDJPY_H4_374,1,SQX-USDJPY-H4-3385dc9de9af,USDJPY,H4,LONG,Trend+Volatility
USDJPY_H4_375,1,SQX-USDJPY-H4-33c2d868f3b6,USDJPY,H4,LONG,Trend+Volatility+Structure
USDJPY_H4_376,1,SQX-USDJPY-H4-33ee955ee90f,USDJPY,H4,LONG,Trend+Momentum+Volatility
USDJPY_H4_377,1,SQX-USDJPY-H4-34521a174cf4,USDJPY,H4,LONG,Momentum+Structure
USDJPY_H4_378,1,SQX-USDJPY-H4-34e7d300009d,USDJPY,H4,LONG,Momentum+Volatility
USDJPY_H4_379,1,SQX-USDJPY-H4-351778fc1a20,USDJPY,H4,LONG,Trend+Structure
USDJPY_H4_380,1,SQX-USDJPY-H4-35c263713b4d,USDJPY,H4,LONG,Momentum
USDJPY_H4_381,1,SQX-USDJPY-H4-35c982a4cbe9,USDJPY,H4,LONG,Trend+Momentum+Volatility
USDJPY_H4_382,1,SQX-USDJPY-H4-35f8d4173c5e,USDJPY,H4,LONG,Momentum+Structure
USDJPY_H4_383,1,SQX-USDJPY-H4-36d602120879,USDJPY,H4,LONG,Trend
USDJPY_H4_384,1,SQX-USDJPY-H4-37090459382a,USDJPY,H4,LONG,Volatility+Structure
USDJPY_H4_385,1,SQX-USDJPY-H4-377560defbf7,USDJPY,H4,LONG,Momentum+Volatility+Structure
USDJPY_H4_386,1,SQX-USDJPY-H4-378bdd5f51f9,USDJPY,H4,LONG,Momentum
USDJPY_H4_387,1,SQX-USDJPY-H4-380b10cefd87,USDJPY,H4,LONG,Momentum+Volatility+Structure
USDJPY_H4_388,1,SQX-USDJPY-H4-380f99d84224,USDJPY,H4,LONG,Trend+Structure
USDJPY_H4_389,1,SQX-USDJPY-H4-388c753cb08e,USDJPY,H4,LONG,Trend+Volatility+Structure
USDJPY_H4_390,1,SQX-USDJPY-H4-38cc527b0fd6,USDJPY,H4,LONG,Momentum
USDJPY_H4_391,1,SQX-USDJPY-H4-38e45d475714,USDJPY,H4,LONG,Momentum+Volatility
USDJPY_H4_392,1,SQX-USDJPY-H4-38f0f097b201,USDJPY,H4,LONG,Momentum+Structure
USDJPY_H4_393,1,SQX-USDJPY-H4-39046153b230,USDJPY,H4,LONG,Volatility
USDJPY_H4_394,1,SQX-USDJPY-H4-396dc7925281,USDJPY,H4,LONG,Momentum+Volatility+Structure
USDJPY_H4_395,1,SQX-USDJPY-H4-39b76c2d41da,USDJPY,H4,LONG,Trend+Volatility+Structure
USDJPY_H4_396,1,SQX-USDJPY-H4-39d3de132aba,USDJPY,H4,LONG,Trend+Volatility
USDJPY_H4_397,1,SQX-USDJPY-H4-3a57722bfaab,USDJPY,H4,LONG,Trend+Momentum+Structure
USDJPY_H4_398,1,SQX-USDJPY-H4-3aa31045cd33,USDJPY,H4,LONG,Trend+Momentum
USDJPY_H4_399,1,SQX-USDJPY-H4-3ae680122772,USDJPY,H4,LONG,Momentum
USDJPY_H4_400,1,SQX-USDJPY-H4-3aed41fb5ec8,USDJPY,H4,LONG,Momentum+Volatility+Structure
USDJPY_H4_401,1,SQX-USDJPY-H4-3b1391784b52,USDJPY,H4,LONG,Trend+Momentum+Structure
USDJPY_H4_402,1,SQX-USDJPY-H4-3bc5fa718c3c,USDJPY,H4,LONG,Momentum+Volatility+Structure
USDJPY_H4_403,1,SQX-USDJPY-H4-3bfd94e6aeb7,USDJPY,H4,LONG,Trend+Momentum+Structure
USDJPY_H4_404,1,SQX-USDJPY-H4-3d35daa616e9,USDJPY,H4,LONG,Momentum+Volatility
USDJPY_H4_405,1,SQX-USDJPY-H4-3d6a9a56037f,USDJPY,H4,LONG,Volatility+Structure
USDJPY_H4_406,1,SQX-USDJPY-H4-3db40384be2d,USDJPY,H4,LONG,Momentum+Volatility+Structure
USDJPY_H4_407,1,SQX-USDJPY-H4-3dead9bc8a8d,USDJPY,H4,LONG,Trend+Momentum+Structure
USDJPY_H4_408,1,SQX-USDJPY-H4-3e13ba91e962,USDJPY,H4,LONG,Momentum+Volatility+Structure
USDJPY_H4_409,1,SQX-USDJPY-H4-3e32053ec208,USDJPY,H4,LONG,Momentum
USDJPY_H4_410,1,SQX-USDJPY-H4-3f28a43be4b4,USDJPY,H4,LONG,Momentum+Structure
USDJPY_H4_411,1,SQX-USDJPY-H4-3f5bcc2ab7ef,USDJPY,H4,LONG,Momentum+Volatility+Structure
USDJPY_H4_412,1,SQX-USDJPY-H4-3f725bc7fc22,USDJPY,H4,LONG,Momentum+Volatility
USDJPY_H4_413,1,SQX-USDJPY-H4-3f778195a4de,USDJPY,H4,LONG,Momentum
USDJPY_H4_414,1,SQX-USDJPY-H4-3f7a0dcb9289,USDJPY,H4,LONG,Momentum+Structure
USDJPY_H4_415,1,SQX-USDJPY-H4-3fa5c88aa611,USDJPY,H4,LONG,Momentum+Volatility+Structure
USDJPY_H4_416,1,SQX-USDJPY-H4-3fd46a8368b9,USDJPY,H4,LONG,Momentum+Structure
USDJPY_H4_417,1,SQX-USDJPY-H4-405852515a34,USDJPY,H4,LONG,Momentum+Volatility+Structure
USDJPY_H4_418,1,SQX-USDJPY-H4-409df259242d,USDJPY,H4,LONG,Trend+Momentum+Structure
USDJPY_H4_419,1,SQX-USDJPY-H4-409f2daf5eaf,USDJPY,H4,LONG,Trend+Structure
USDJPY_H4_420,1,SQX-USDJPY-H4-412729760b91,USDJPY,H4,LONG,Trend+Momentum
USDJPY_H4_421,1,SQX-USDJPY-H4-412dc21a65e9,USDJPY,H4,LONG,Trend+Structure
USDJPY_H4_422,1,SQX-USDJPY-H4-415a8cc6e94e,USDJPY,H4,LONG,Momentum+Volatility
USDJPY_H4_423,1,SQX-USDJPY-H4-426b48162e90,USDJPY,H4,LONG,Momentum+Structure
USDJPY_H4_424,1,SQX-USDJPY-H4-4276f3419b41,USDJPY,H4,LONG,Momentum
USDJPY_H4_425,1,SQX-USDJPY-H4-42857391b209,USDJPY,H4,LONG,Trend+Structure
USDJPY_H4_426,1,SQX-USDJPY-H4-42bd273c5c77,USDJPY,H4,LONG,Trend+Momentum+Volatility
USDJPY_H4_427,1,SQX-USDJPY-H4-42d4e0162131,USDJPY,H4,LONG,Trend+Momentum+Structure
USDJPY_H4_428,1,SQX-USDJPY-H4-42fc13f0f612,USDJPY,H4,LONG,Trend+Structure
USDJPY_H4_429,1,SQX-USDJPY-H4-4358a546ea5d,USDJPY,H4,LONG,Trend+Volatility+Structure
USDJPY_H4_430,1,SQX-USDJPY-H4-43cda5b2edb1,USDJPY,H4,LONG,Momentum
USDJPY_H4_431,1,SQX-USDJPY-H4-4490f5fc325f,USDJPY,H4,LONG,Trend
USDJPY_H4_432,1,SQX-USDJPY-H4-4492ecc1963b,USDJPY,H4,LONG,Momentum+Volatility+Structure
USDJPY_H4_433,1,SQX-USDJPY-H4-4517cb2afd20,USDJPY,H4,LONG,Momentum+Structure
USDJPY_H4_434,1,SQX-USDJPY-H4-452af00dcbfa,USDJPY,H4,LONG,Volatility+Structure
USDJPY_H4_435,1,SQX-USDJPY-H4-457b48400159,USDJPY,H4,LONG,Volatility+Structure
USDJPY_H4_436,1,SQX-USDJPY-H4-46166f5987f6,USDJPY,H4,LONG,Trend+Volatility+Structure
USDJPY_H4_437,1,SQX-USDJPY-H4-462e061be21a,USDJPY,H4,LONG,Trend+Volatility
USDJPY_H4_438,1,SQX-USDJPY-H4-4683882b6f92,USDJPY,H4,LONG,Momentum+Structure
USDJPY_H4_439,1,SQX-USDJPY-H4-468a73f250e0,USDJPY,H4,LONG,Trend+Structure
USDJPY_H4_440,1,SQX-USDJPY-H4-46f123a30141,USDJPY,H4,LONG,Momentum+Volatility+Structure
USDJPY_H4_441,1,SQX-USDJPY-H4-472e486fe48b,USDJPY,H4,LONG,Trend+Momentum+Structure
USDJPY_H4_442,1,SQX-USDJPY-H4-473b2f72c499,USDJPY,H4,SHORT,Momentum+Volatility+Structure
USDJPY_H4_443,1,SQX-USDJPY-H4-47b37f730163,USDJPY,H4,LONG,Trend+Volatility+Structure
USDJPY_H4_444,1,SQX-USDJPY-H4-483d8a3e4c7e,USDJPY,H4,LONG,Trend+Momentum+Structure
USDJPY_H4_445,1,SQX-USDJPY-H4-484d3047c204,USDJPY,H4,SHORT,Trend+Momentum+Volatility+Structure
USDJPY_H4_446,1,SQX-USDJPY-H4-48650d806b40,USDJPY,H4,LONG,Trend+Structure
USDJPY_H4_447,1,SQX-USDJPY-H4-4866527cc548,USDJPY,H4,LONG,Momentum+Structure
USDJPY_H4_448,1,SQX-USDJPY-H4-487873eb85cb,USDJPY,H4,LONG,Trend+Momentum+Structure
USDJPY_H4_449,1,SQX-USDJPY-H4-4941b79830ca,USDJPY,H4,LONG,Momentum+Structure
USDJPY_H4_450,1,SQX-USDJPY-H4-4960c7aeaf0c,USDJPY,H4,LONG,Structure
USDJPY_H4_451,1,SQX-USDJPY-H4-4984f14eff1b,USDJPY,H4,LONG,Momentum+Structure
USDJPY_H4_452,1,SQX-USDJPY-H4-499bbac4d85e,USDJPY,H4,LONG,Structure
USDJPY_H4_453,1,SQX-USDJPY-H4-4a0e60bf15c3,USDJPY,H4,LONG,Momentum+Structure
USDJPY_H4_454,1,SQX-USDJPY-H4-4a4e3ad4d26a,USDJPY,H4,LONG,Trend+Momentum
USDJPY_H4_455,1,SQX-USDJPY-H4-4a6026b5cc9f,USDJPY,H4,SHORT,Trend+Momentum+Volatility+Structure
USDJPY_H4_456,1,SQX-USDJPY-H4-4ae1b5d92c9a,USDJPY,H4,LONG,Momentum+Structure
USDJPY_H4_457,1,SQX-USDJPY-H4-4ae86924854f,USDJPY,H4,LONG,Structure
USDJPY_H4_458,1,SQX-USDJPY-H4-4af483c963a3,USDJPY,H4,LONG,Momentum+Structure
USDJPY_H4_459,1,SQX-USDJPY-H4-4b3c363e6fe5,USDJPY,H4,LONG,Trend+Momentum
USDJPY_H4_460,1,SQX-USDJPY-H4-4b54baed7326,USDJPY,H4,LONG,Momentum+Structure
USDJPY_H4_461,1,SQX-USDJPY-H4-4b954a1fe602,USDJPY,H4,LONG,Structure
USDJPY_H4_462,1,SQX-USDJPY-H4-4bae57215ab9,USDJPY,H4,LONG,Trend+Momentum+Structure
USDJPY_H4_463,1,SQX-USDJPY-H4-4bbdc10a99a2,USDJPY,H4,LONG,Momentum
USDJPY_H4_464,1,SQX-USDJPY-H4-4bc055e408b3,USDJPY,H4,LONG,Structure
USDJPY_H4_465,1,SQX-USDJPY-H4-4bde848e6106,USDJPY,H4,LONG,Trend+Momentum+Volatility
USDJPY_H4_466,1,SQX-USDJPY-H4-4c94276c154e,USDJPY,H4,LONG,Structure
USDJPY_H4_467,1,SQX-USDJPY-H4-4cd0ea2ece81,USDJPY,H4,LONG,Trend+Momentum+Structure
USDJPY_H4_468,1,SQX-USDJPY-H4-4d030c701e3e,USDJPY,H4,LONG,Trend+Momentum+Structure
USDJPY_H4_469,1,SQX-USDJPY-H4-4d2d8a852b4f,USDJPY,H4,LONG,Trend+Momentum
USDJPY_H4_470,1,SQX-USDJPY-H4-4d7e4f2601cc,USDJPY,H4,LONG,Momentum+Volatility
USDJPY_H4_471,1,SQX-USDJPY-H4-4e37abaa6739,USDJPY,H4,LONG,Trend+Structure
USDJPY_H4_472,1,SQX-USDJPY-H4-4e62a7f8bbb1,USDJPY,H4,LONG,Structure
USDJPY_H4_473,1,SQX-USDJPY-H4-4f04fa40019b,USDJPY,H4,LONG,Momentum+Structure
USDJPY_H4_474,1,SQX-USDJPY-H4-4f550724716e,USDJPY,H4,LONG,Volatility+Structure
USDJPY_H4_475,1,SQX-USDJPY-H4-4f78484be818,USDJPY,H4,LONG,Momentum+Volatility
USDJPY_H4_476,1,SQX-USDJPY-H4-4f9058d927a1,USDJPY,H4,LONG,Momentum+Structure
USDJPY_H4_477,1,SQX-USDJPY-H4-4fe0be7abeed,USDJPY,H4,LONG,Momentum+Volatility+Structure
USDJPY_H4_478,1,SQX-USDJPY-H4-4ff490f31c56,USDJPY,H4,LONG,Momentum
USDJPY_H4_479,1,SQX-USDJPY-H4-4ff68c438019,USDJPY,H4,LONG,Momentum+Structure
USDJPY_H4_480,1,SQX-USDJPY-H4-501035d09cdc,USDJPY,H4,LONG,Trend+Momentum+Volatility
USDJPY_H4_481,1,SQX-USDJPY-H4-503c06069af8,USDJPY,H4,LONG,Trend+Momentum+Structure
USDJPY_H4_482,1,SQX-USDJPY-H4-509c26c5f9d7,USDJPY,H4,LONG,Momentum+Structure
USDJPY_H4_483,1,SQX-USDJPY-H4-5193a77cec8c,USDJPY,H4,LONG,Momentum+Structure
USDJPY_H4_484,1,SQX-USDJPY-H4-51b0b281da0d,USDJPY,H4,LONG,Momentum+Volatility
USDJPY_H4_485,1,SQX-USDJPY-H4-521c780c9588,USDJPY,H4,LONG,Trend+Volatility
USDJPY_H4_486,1,SQX-USDJPY-H4-523fd4c36ebc,USDJPY,H4,LONG,Trend+Structure
USDJPY_H4_487,1,SQX-USDJPY-H4-5240089c12e5,USDJPY,H4,LONG,Momentum+Structure
USDJPY_H4_488,1,SQX-USDJPY-H4-5245db66d6e4,USDJPY,H4,LONG,Momentum+Volatility
USDJPY_H4_489,1,SQX-USDJPY-H4-525a1de43c9c,USDJPY,H4,LONG,Trend+Momentum+Volatility
USDJPY_H4_490,1,SQX-USDJPY-H4-52bf6a77cd14,USDJPY,H4,SHORT,Trend+Structure
USDJPY_H4_491,1,SQX-USDJPY-H4-52d170cd833f,USDJPY,H4,LONG,Trend+Structure
USDJPY_H4_492,1,SQX-USDJPY-H4-5434765b6946,USDJPY,H4,LONG,Trend+Momentum+Volatility
USDJPY_H4_493,1,SQX-USDJPY-H4-5456cd9bc25c,USDJPY,H4,LONG,Momentum+Volatility+Structure
USDJPY_H4_494,1,SQX-USDJPY-H4-545f90313c6c,USDJPY,H4,LONG,Momentum
USDJPY_H4_495,1,SQX-USDJPY-H4-54950dc68435,USDJPY,H4,LONG,Momentum
USDJPY_H4_496,1,SQX-USDJPY-H4-54abda2ce5a0,USDJPY,H4,LONG,Trend+Momentum+Structure
USDJPY_H4_497,1,SQX-USDJPY-H4-54c357f35976,USDJPY,H4,LONG,Volatility+Structure
USDJPY_H4_498,1,SQX-USDJPY-H4-5514fc767bbb,USDJPY,H4,LONG,Trend+Structure
USDJPY_H4_499,1,SQX-USDJPY-H4-55265e129b04,USDJPY,H4,LONG,Momentum+Volatility
USDJPY_H4_500,1,SQX-USDJPY-H4-55a0f6f4ff41,USDJPY,H4,LONG,Momentum+Volatility
USDJPY_H4_501,1,SQX-USDJPY-H4-5636d03da3ba,USDJPY,H4,LONG,Momentum+Structure
USDJPY_H4_502,1,SQX-USDJPY-H4-5653123db1dd,USDJPY,H4,LONG,Trend+Volatility+Structure
USDJPY_H4_503,1,SQX-USDJPY-H4-565bd7c92b54,USDJPY,H4,LONG,Trend+Momentum+Structure
USDJPY_H4_504,1,SQX-USDJPY-H4-56e61fdf0f48,USDJPY,H4,LONG,Volatility+Structure
USDJPY_H4_505,1,SQX-USDJPY-H4-56fc64d9b093,USDJPY,H4,LONG,Momentum+Structure
USDJPY_H4_506,1,SQX-USDJPY-H4-5717aafaa4c5,USDJPY,H4,LONG,Trend+Momentum+Structure
USDJPY_H4_507,1,SQX-USDJPY-H4-576abf7a87c7,USDJPY,H4,LONG,Momentum+Volatility
USDJPY_H4_508,1,SQX-USDJPY-H4-58c356dd7ccc,USDJPY,H4,LONG,Trend+Momentum+Structure
USDJPY_H4_509,1,SQX-USDJPY-H4-58cb97476d2a,USDJPY,H4,LONG,Momentum+Volatility
USDJPY_H4_510,1,SQX-USDJPY-H4-58d819c07505,USDJPY,H4,LONG,Trend+Momentum+Structure
USDJPY_H4_511,1,SQX-USDJPY-H4-5a7ea38e3eaa,USDJPY,H4,LONG,Momentum+Structure
USDJPY_H4_512,1,SQX-USDJPY-H4-5a8f2ed0a1d8,USDJPY,H4,LONG,Volatility
USDJPY_H4_513,1,SQX-USDJPY-H4-5a9ce816cd8a,USDJPY,H4,LONG,Trend+Momentum
USDJPY_H4_514,1,SQX-USDJPY-H4-5ae6d40da6d8,USDJPY,H4,LONG,Momentum
USDJPY_H4_515,1,SQX-USDJPY-H4-5b2102b05d6e,USDJPY,H4,LONG,Trend+Structure
USDJPY_H4_516,1,SQX-USDJPY-H4-5b9adee27468,USDJPY,H4,LONG,Structure
USDJPY_H4_517,1,SQX-USDJPY-H4-5c510d704145,USDJPY,H4,LONG,Momentum+Volatility
USDJPY_H4_518,1,SQX-USDJPY-H4-5c6268fc0b19,USDJPY,H4,LONG,Volatility+Structure
USDJPY_H4_519,1,SQX-USDJPY-H4-5cc92ce0ca51,USDJPY,H4,LONG,Structure
USDJPY_H4_520,1,SQX-USDJPY-H4-5cde0200ac18,USDJPY,H4,LONG,Momentum+Structure
USDJPY_H4_521,1,SQX-USDJPY-H4-5d3df2c5e181,USDJPY,H4,LONG,Momentum
USDJPY_H4_522,1,SQX-USDJPY-H4-5d660f02f2d3,USDJPY,H4,LONG,Trend+Structure
USDJPY_H4_523,1,SQX-USDJPY-H4-5d7e2a8129d1,USDJPY,H4,LONG,Volatility+Structure
USDJPY_H4_524,1,SQX-USDJPY-H4-5d962a7fbb05,USDJPY,H4,SHORT,Momentum+Volatility+Structure
USDJPY_H4_525,1,SQX-USDJPY-H4-5da0baf87244,USDJPY,H4,LONG,Trend+Structure
USDJPY_H4_526,1,SQX-USDJPY-H4-5edd754e85ee,USDJPY,H4,LONG,Momentum+Volatility+Structure
USDJPY_H4_527,1,SQX-USDJPY-H4-60462dbc52fd,USDJPY,H4,LONG,Momentum+Volatility+Structure
USDJPY_H4_528,1,SQX-USDJPY-H4-60f52763cfed,USDJPY,H4,LONG,Volatility+Structure
USDJPY_H4_529,1,SQX-USDJPY-H4-619c9801bf95,USDJPY,H4,LONG,Momentum
USDJPY_H4_530,1,SQX-USDJPY-H4-6226f6e9ed9d,USDJPY,H4,LONG,Trend
USDJPY_H4_531,1,SQX-USDJPY-H4-62392ea3b4d7,USDJPY,H4,LONG,Momentum
USDJPY_H4_532,1,SQX-USDJPY-H4-624141ebbd0c,USDJPY,H4,LONG,Momentum+Structure
USDJPY_H4_533,1,SQX-USDJPY-H4-627a6476d046,USDJPY,H4,LONG,Trend+Structure
USDJPY_H4_534,1,SQX-USDJPY-H4-62b85b09d115,USDJPY,H4,LONG,Trend+Momentum
USDJPY_H4_535,1,SQX-USDJPY-H4-6302a647f4e0,USDJPY,H4,LONG,Momentum+Structure
USDJPY_H4_536,1,SQX-USDJPY-H4-63d20d040d33,USDJPY,H4,LONG,Momentum
USDJPY_H4_537,1,SQX-USDJPY-H4-63e01a12fcf4,USDJPY,H4,LONG,Structure
USDJPY_H4_538,1,SQX-USDJPY-H4-64aed37410ff,USDJPY,H4,LONG,Trend+Structure
USDJPY_H4_539,1,SQX-USDJPY-H4-64bb223024be,USDJPY,H4,SHORT,Momentum+Structure
USDJPY_H4_540,1,SQX-USDJPY-H4-64e4112e4a68,USDJPY,H4,LONG,Trend+Momentum+Structure
USDJPY_H4_541,1,SQX-USDJPY-H4-651029f51aec,USDJPY,H4,LONG,Momentum+Structure
USDJPY_H4_542,1,SQX-USDJPY-H4-655ca070e7c5,USDJPY,H4,LONG,Momentum+Structure
USDJPY_H4_543,1,SQX-USDJPY-H4-65d3908ad1c9,USDJPY,H4,LONG,Momentum
USDJPY_H4_544,1,SQX-USDJPY-H4-65db2f36304d,USDJPY,H4,LONG,Trend+Momentum+Structure
USDJPY_H4_545,1,SQX-USDJPY-H4-66022d184279,USDJPY,H4,LONG,Volatility+Structure
USDJPY_H4_546,1,SQX-USDJPY-H4-663aa70a462b,USDJPY,H4,LONG,Volatility+Structure
USDJPY_H4_547,1,SQX-USDJPY-H4-66475d0da63c,USDJPY,H4,LONG,Trend+Structure
USDJPY_H4_548,1,SQX-USDJPY-H4-66a0935c0e48,USDJPY,H4,LONG,Trend+Momentum
USDJPY_H4_549,1,SQX-USDJPY-H4-66c1aca6388c,USDJPY,H4,LONG,Structure
USDJPY_H4_550,1,SQX-USDJPY-H4-66e3632a1607,USDJPY,H4,LONG,Momentum+Structure
USDJPY_H4_551,1,SQX-USDJPY-H4-66e73312076a,USDJPY,H4,LONG,Trend+Momentum
USDJPY_H4_552,1,SQX-USDJPY-H4-66faea010bfb,USDJPY,H4,LONG,Trend+Structure
USDJPY_H4_553,1,SQX-USDJPY-H4-67209e914c04,USDJPY,H4,LONG,Momentum+Volatility
USDJPY_H4_554,1,SQX-USDJPY-H4-676fcf1c10b6,USDJPY,H4,LONG,Volatility+Structure
USDJPY_H4_555,1,SQX-USDJPY-H4-67b22625ee4f,USDJPY,H4,LONG,Momentum+Structure
USDJPY_H4_556,1,SQX-USDJPY-H4-6806383f0d29,USDJPY,H4,LONG,Momentum+Structure
USDJPY_H4_557,1,SQX-USDJPY-H4-680e911e320e,USDJPY,H4,LONG,Momentum
USDJPY_H4_558,1,SQX-USDJPY-H4-688ef22f4479,USDJPY,H4,LONG,Trend+Structure
USDJPY_H4_559,1,SQX-USDJPY-H4-68c074a769e3,USDJPY,H4,LONG,Momentum+Structure
USDJPY_H4_560,1,SQX-USDJPY-H4-68cf470fb126,USDJPY,H4,LONG,Momentum+Structure
USDJPY_H4_561,1,SQX-USDJPY-H4-6908dbb6f2ce,USDJPY,H4,LONG,Trend+Momentum
USDJPY_H4_562,1,SQX-USDJPY-H4-69e3d1dbb442,USDJPY,H4,LONG,Momentum+Volatility+Structure
USDJPY_H4_563,1,SQX-USDJPY-H4-69fe08ecdf51,USDJPY,H4,LONG,Volatility+Structure
USDJPY_H4_564,1,SQX-USDJPY-H4-6a1fa7e35e61,USDJPY,H4,LONG,Trend
USDJPY_H4_565,1,SQX-USDJPY-H4-6a35ee5cc9ef,USDJPY,H4,LONG,Volatility+Structure
USDJPY_H4_566,1,SQX-USDJPY-H4-6a3656bbebdd,USDJPY,H4,LONG,Momentum
USDJPY_H4_567,1,SQX-USDJPY-H4-6a5fac3c68e4,USDJPY,H4,LONG,Structure
USDJPY_H4_568,1,SQX-USDJPY-H4-6a98a4c839c6,USDJPY,H4,LONG,Trend+Momentum
USDJPY_H4_569,1,SQX-USDJPY-H4-6ae692c7b01b,USDJPY,H4,LONG,Volatility+Structure
USDJPY_H4_570,1,SQX-USDJPY-H4-6b46a0c55a87,USDJPY,H4,LONG,Trend+Momentum+Volatility+Structure
USDJPY_H4_571,1,SQX-USDJPY-H4-6bc185f634a5,USDJPY,H4,LONG,Trend+Momentum
USDJPY_H4_572,1,SQX-USDJPY-H4-6c96e7347bf9,USDJPY,H4,LONG,Momentum+Structure
USDJPY_H4_573,1,SQX-USDJPY-H4-6ca07957b737,USDJPY,H4,LONG,Trend+Momentum+Structure
USDJPY_H4_574,1,SQX-USDJPY-H4-6cf73d7dc05a,USDJPY,H4,LONG,Structure
USDJPY_H4_575,1,SQX-USDJPY-H4-6d0ef0a56362,USDJPY,H4,LONG,Trend+Momentum+Structure
USDJPY_H4_576,1,SQX-USDJPY-H4-6d5142bdddc0,USDJPY,H4,LONG,Momentum+Volatility
USDJPY_H4_577,1,SQX-USDJPY-H4-6dda978349a7,USDJPY,H4,LONG,Trend+Volatility
USDJPY_H4_578,1,SQX-USDJPY-H4-6ed7f76a4715,USDJPY,H4,LONG,Trend+Momentum
USDJPY_H4_579,1,SQX-USDJPY-H4-6f09b80d511d,USDJPY,H4,LONG,Momentum+Volatility+Structure
USDJPY_H4_580,1,SQX-USDJPY-H4-7093acbba297,USDJPY,H4,LONG,Momentum+Structure
USDJPY_H4_581,1,SQX-USDJPY-H4-709da5eaa3b1,USDJPY,H4,LONG,Momentum+Structure
USDJPY_H4_582,1,SQX-USDJPY-H4-70b815543735,USDJPY,H4,LONG,Trend+Momentum+Volatility
USDJPY_H4_583,1,SQX-USDJPY-H4-7122957c09c9,USDJPY,H4,LONG,Trend+Structure
USDJPY_H4_584,1,SQX-USDJPY-H4-718caffe154c,USDJPY,H4,LONG,Trend+Volatility+Structure
USDJPY_H4_585,1,SQX-USDJPY-H4-7190df442386,USDJPY,H4,LONG,Trend+Structure
USDJPY_H4_586,1,SQX-USDJPY-H4-71a13cd9ad7b,USDJPY,H4,LONG,Momentum
USDJPY_H4_587,1,SQX-USDJPY-H4-71c8e2a9e3fe,USDJPY,H4,LONG,Momentum+Structure
USDJPY_H4_588,1,SQX-USDJPY-H4-71eb77ff8997,USDJPY,H4,LONG,Trend+Structure
USDJPY_H4_589,1,SQX-USDJPY-H4-728e9c40dc5c,USDJPY,H4,LONG,Trend+Structure
USDJPY_H4_590,1,SQX-USDJPY-H4-72cf7de93445,USDJPY,H4,LONG,Trend+Momentum+Volatility
USDJPY_H4_591,1,SQX-USDJPY-H4-72f513bb423b,USDJPY,H4,LONG,Trend
USDJPY_H4_592,1,SQX-USDJPY-H4-737a58da742d,USDJPY,H4,LONG,Trend
USDJPY_H4_593,1,SQX-USDJPY-H4-73e3d165abed,USDJPY,H4,LONG,Trend+Momentum+Volatility+Structure
USDJPY_H4_594,1,SQX-USDJPY-H4-747bfa936083,USDJPY,H4,LONG,Trend+Structure
USDJPY_H4_595,1,SQX-USDJPY-H4-74e3660bd815,USDJPY,H4,SHORT,Volatility+Structure
USDJPY_H4_596,1,SQX-USDJPY-H4-74ef31463b80,USDJPY,H4,LONG,Trend+Structure
USDJPY_H4_597,1,SQX-USDJPY-H4-74f920b7999f,USDJPY,H4,LONG,Trend+Momentum+Structure
USDJPY_H4_598,1,SQX-USDJPY-H4-75b77556b15b,USDJPY,H4,LONG,Momentum
USDJPY_H4_599,1,SQX-USDJPY-H4-75f632b03c0a,USDJPY,H4,LONG,Momentum+Structure
USDJPY_H4_600,1,SQX-USDJPY-H4-7614b5066443,USDJPY,H4,LONG,Volatility+Structure
USDJPY_H4_601,1,SQX-USDJPY-H4-761b541e1542,USDJPY,H4,LONG,Trend+Momentum+Structure
USDJPY_H4_602,1,SQX-USDJPY-H4-764ddab5e18e,USDJPY,H4,LONG,Trend+Volatility
USDJPY_H4_603,1,SQX-USDJPY-H4-76b586146d92,USDJPY,H4,LONG,Momentum
USDJPY_H4_604,1,SQX-USDJPY-H4-76c779e9a0cf,USDJPY,H4,LONG,Momentum+Volatility+Structure
USDJPY_H4_605,1,SQX-USDJPY-H4-7751044c0e6c,USDJPY,H4,LONG,Volatility+Structure
USDJPY_H4_606,1,SQX-USDJPY-H4-77748766711a,USDJPY,H4,LONG,Momentum+Structure
USDJPY_H4_607,1,SQX-USDJPY-H4-778bd2ee7165,USDJPY,H4,LONG,Trend+Momentum+Structure
USDJPY_H4_608,1,SQX-USDJPY-H4-77ae396a8deb,USDJPY,H4,LONG,Trend+Momentum+Structure
USDJPY_H4_609,1,SQX-USDJPY-H4-77e857546515,USDJPY,H4,LONG,Momentum+Volatility
USDJPY_H4_610,1,SQX-USDJPY-H4-77e8c6d891ad,USDJPY,H4,LONG,Trend+Momentum+Structure
USDJPY_H4_611,1,SQX-USDJPY-H4-78201cb62e20,USDJPY,H4,LONG,Momentum+Structure
USDJPY_H4_612,1,SQX-USDJPY-H4-78ba3e4099c8,USDJPY,H4,LONG,Trend+Momentum+Structure
USDJPY_H4_613,1,SQX-USDJPY-H4-78bf9dc74684,USDJPY,H4,LONG,Trend+Structure
USDJPY_H4_614,1,SQX-USDJPY-H4-78c572e8f3b6,USDJPY,H4,LONG,Momentum+Structure
USDJPY_H4_615,1,SQX-USDJPY-H4-78c5b5b66e39,USDJPY,H4,LONG,Trend+Momentum+Structure
USDJPY_H4_616,1,SQX-USDJPY-H4-797d8b01362a,USDJPY,H4,LONG,Trend+Momentum+Structure
USDJPY_H4_617,1,SQX-USDJPY-H4-7a117b0d30f2,USDJPY,H4,LONG,Trend+Momentum+Volatility
USDJPY_H4_618,1,SQX-USDJPY-H4-7ac43e23144f,USDJPY,H4,LONG,Momentum
USDJPY_H4_619,1,SQX-USDJPY-H4-7b328ccbd191,USDJPY,H4,LONG,Trend+Momentum+Volatility
USDJPY_H4_620,1,SQX-USDJPY-H4-7ce382962848,USDJPY,H4,LONG,Trend+Momentum+Structure
USDJPY_H4_621,1,SQX-USDJPY-H4-7d3ab57e70de,USDJPY,H4,LONG,Momentum+Volatility
USDJPY_H4_622,1,SQX-USDJPY-H4-7d42f954a23d,USDJPY,H4,LONG,Trend+Volatility
USDJPY_H4_623,1,SQX-USDJPY-H4-7d564d2b6ed8,USDJPY,H4,LONG,Volatility
USDJPY_H4_624,1,SQX-USDJPY-H4-7d677b4052a6,USDJPY,H4,LONG,Trend+Structure
USDJPY_H4_625,1,SQX-USDJPY-H4-7ddd16018222,USDJPY,H4,LONG,Trend+Volatility
USDJPY_H4_626,1,SQX-USDJPY-H4-7def4cb986f7,USDJPY,H4,LONG,Trend+Momentum+Structure
USDJPY_H4_627,1,SQX-USDJPY-H4-7e0ab3f400f4,USDJPY,H4,LONG,Trend+Volatility+Structure
USDJPY_H4_628,1,SQX-USDJPY-H4-7e42cff7daec,USDJPY,H4,LONG,Volatility
USDJPY_H4_629,1,SQX-USDJPY-H4-7eeb2f49373f,USDJPY,H4,LONG,Momentum+Structure
USDJPY_H4_630,1,SQX-USDJPY-H4-7f0d9f47666f,USDJPY,H4,LONG,Trend+Structure
USDJPY_H4_631,1,SQX-USDJPY-H4-7f56e7ec8885,USDJPY,H4,LONG,Momentum+Volatility
USDJPY_H4_632,1,SQX-USDJPY-H4-7f6bebea5fee,USDJPY,H4,LONG,Momentum+Volatility
USDJPY_H4_633,1,SQX-USDJPY-H4-7f8194597abb,USDJPY,H4,LONG,Trend+Momentum
USDJPY_H4_634,1,SQX-USDJPY-H4-7fbbf5f53f37,USDJPY,H4,LONG,Structure
USDJPY_H4_635,1,SQX-USDJPY-H4-7fc86b59d368,USDJPY,H4,LONG,Momentum+Structure
USDJPY_H4_636,1,SQX-USDJPY-H4-8003e749df68,USDJPY,H4,LONG,Momentum+Structure
USDJPY_H4_637,1,SQX-USDJPY-H4-8017e6b5da73,USDJPY,H4,LONG,Momentum+Structure
USDJPY_H4_638,1,SQX-USDJPY-H4-80ef06d66187,USDJPY,H4,LONG,Trend+Momentum+Volatility
USDJPY_H4_639,1,SQX-USDJPY-H4-8134c3b90aa9,USDJPY,H4,LONG,Momentum+Volatility
USDJPY_H4_640,1,SQX-USDJPY-H4-8185adf1dc0f,USDJPY,H4,LONG,Volatility
USDJPY_H4_641,1,SQX-USDJPY-H4-819f5929ba4d,USDJPY,H4,LONG,Trend
USDJPY_H4_642,1,SQX-USDJPY-H4-81bd63e9a7dc,USDJPY,H4,LONG,Structure
USDJPY_H4_643,1,SQX-USDJPY-H4-81f3c343948a,USDJPY,H4,LONG,Momentum
USDJPY_H4_644,1,SQX-USDJPY-H4-822e032a0b2b,USDJPY,H4,LONG,Trend+Volatility+Structure
USDJPY_H4_645,1,SQX-USDJPY-H4-82d0f7bcdb04,USDJPY,H4,LONG,Trend+Volatility
USDJPY_H4_646,1,SQX-USDJPY-H4-835392ac7930,USDJPY,H4,SHORT,Momentum+Structure
USDJPY_H4_647,1,SQX-USDJPY-H4-836fa40e4370,USDJPY,H4,LONG,Volatility+Structure
USDJPY_H4_648,1,SQX-USDJPY-H4-83a5df8ceb4e,USDJPY,H4,LONG,Momentum+Structure
USDJPY_H4_649,1,SQX-USDJPY-H4-83f5f185e9b5,USDJPY,H4,LONG,Trend+Structure
USDJPY_H4_650,1,SQX-USDJPY-H4-842884bcf08a,USDJPY,H4,LONG,Trend+Structure
USDJPY_H4_651,1,SQX-USDJPY-H4-8494f0edc0ab,USDJPY,H4,LONG,Trend+Volatility+Structure
USDJPY_H4_652,1,SQX-USDJPY-H4-84b586ac69d0,USDJPY,H4,LONG,Momentum
USDJPY_H4_653,1,SQX-USDJPY-H4-851c801b373e,USDJPY,H4,LONG,Trend+Momentum+Volatility+Structure
USDJPY_H4_654,1,SQX-USDJPY-H4-854550629b0d,USDJPY,H4,LONG,Momentum+Volatility
USDJPY_H4_655,1,SQX-USDJPY-H4-8561bedaf6e7,USDJPY,H4,LONG,Momentum+Volatility
USDJPY_H4_656,1,SQX-USDJPY-H4-85d8a6a8421a,USDJPY,H4,LONG,Trend+Momentum
USDJPY_H4_657,1,SQX-USDJPY-H4-8612da5673b1,USDJPY,H4,LONG,Trend+Volatility+Structure
USDJPY_H4_658,1,SQX-USDJPY-H4-86158c221cd3,USDJPY,H4,LONG,Trend+Momentum
USDJPY_H4_659,1,SQX-USDJPY-H4-861929836a29,USDJPY,H4,LONG,Trend+Momentum+Structure
USDJPY_H4_660,1,SQX-USDJPY-H4-8663667d4909,USDJPY,H4,LONG,Momentum+Structure
USDJPY_H4_661,1,SQX-USDJPY-H4-870d35bf0817,USDJPY,H4,LONG,Momentum+Volatility
USDJPY_H4_662,1,SQX-USDJPY-H4-87152d539f85,USDJPY,H4,LONG,Trend+Volatility+Structure
USDJPY_H4_663,1,SQX-USDJPY-H4-872ee18be2f6,USDJPY,H4,LONG,Momentum+Volatility
USDJPY_H4_664,1,SQX-USDJPY-H4-873256b6e109,USDJPY,H4,LONG,Trend+Structure
USDJPY_H4_665,1,SQX-USDJPY-H4-874230704e48,USDJPY,H4,LONG,Trend+Momentum+Structure
USDJPY_H4_666,1,SQX-USDJPY-H4-8760929809b2,USDJPY,H4,LONG,Momentum+Structure
USDJPY_H4_667,1,SQX-USDJPY-H4-876ae5a49fb8,USDJPY,H4,LONG,Trend+Momentum
USDJPY_H4_668,1,SQX-USDJPY-H4-88a0578ef2d4,USDJPY,H4,SHORT,Trend+Structure
USDJPY_H4_669,1,SQX-USDJPY-H4-88c227a83f83,USDJPY,H4,LONG,Trend+Structure
USDJPY_H4_670,1,SQX-USDJPY-H4-88d9a14924cd,USDJPY,H4,LONG,Momentum+Structure
USDJPY_H4_671,1,SQX-USDJPY-H4-88e222d59625,USDJPY,H4,LONG,Trend+Momentum+Volatility
USDJPY_H4_672,1,SQX-USDJPY-H4-890969a57ebe,USDJPY,H4,LONG,Trend+Momentum+Structure
USDJPY_H4_673,1,SQX-USDJPY-H4-8953adfc7aec,USDJPY,H4,LONG,Momentum+Structure
USDJPY_H4_674,1,SQX-USDJPY-H4-895aece9845b,USDJPY,H4,LONG,Trend+Momentum+Volatility
USDJPY_H4_675,1,SQX-USDJPY-H4-896393744b3c,USDJPY,H4,LONG,Momentum+Volatility+Structure
USDJPY_H4_676,1,SQX-USDJPY-H4-8968f099f680,USDJPY,H4,LONG,Structure
USDJPY_H4_677,1,SQX-USDJPY-H4-899be4fcad48,USDJPY,H4,LONG,Momentum
USDJPY_H4_678,1,SQX-USDJPY-H4-89c61d3e6ab4,USDJPY,H4,LONG,Trend+Volatility
USDJPY_H4_679,1,SQX-USDJPY-H4-8a1bae154790,USDJPY,H4,LONG,Momentum+Structure
USDJPY_H4_680,1,SQX-USDJPY-H4-8a3c365ec125,USDJPY,H4,LONG,Trend+Momentum+Volatility
USDJPY_H4_681,1,SQX-USDJPY-H4-8a5d065a43c4,USDJPY,H4,LONG,Volatility+Structure
USDJPY_H4_682,1,SQX-USDJPY-H4-8a9bb3f054a3,USDJPY,H4,LONG,Momentum+Volatility
USDJPY_H4_683,1,SQX-USDJPY-H4-8ab73d886f8e,USDJPY,H4,LONG,Momentum+Structure
USDJPY_H4_684,1,SQX-USDJPY-H4-8abc08e6e2eb,USDJPY,H4,LONG,Trend+Volatility+Structure
USDJPY_H4_685,1,SQX-USDJPY-H4-8b37a1c69ea8,USDJPY,H4,LONG,Momentum+Volatility+Structure
USDJPY_H4_686,1,SQX-USDJPY-H4-8b529c4d0179,USDJPY,H4,LONG,Volatility+Structure
USDJPY_H4_687,1,SQX-USDJPY-H4-8ba35ad1ad54,USDJPY,H4,LONG,Trend+Structure
USDJPY_H4_688,1,SQX-USDJPY-H4-8bc4f76f8278,USDJPY,H4,LONG,Trend+Volatility
USDJPY_H4_689,1,SQX-USDJPY-H4-8bc6347835f2,USDJPY,H4,LONG,Trend+Momentum+Volatility
USDJPY_H4_690,1,SQX-USDJPY-H4-8bcf4193f5ec,USDJPY,H4,LONG,Momentum+Volatility
USDJPY_H4_691,1,SQX-USDJPY-H4-8ca89d69b4c1,USDJPY,H4,LONG,Trend+Structure
USDJPY_H4_692,1,SQX-USDJPY-H4-8cf955e5b402,USDJPY,H4,LONG,Momentum+Structure
USDJPY_H4_693,1,SQX-USDJPY-H4-8e6b97cd25f4,USDJPY,H4,LONG,Trend+Volatility+Structure
USDJPY_H4_694,1,SQX-USDJPY-H4-8ebb36799874,USDJPY,H4,LONG,Volatility+Structure
USDJPY_H4_695,1,SQX-USDJPY-H4-8f0c236c9786,USDJPY,H4,LONG,Trend+Momentum+Structure
USDJPY_H4_696,1,SQX-USDJPY-H4-8f319b987afb,USDJPY,H4,LONG,Trend+Volatility
USDJPY_H4_697,1,SQX-USDJPY-H4-8f34f486b204,USDJPY,H4,LONG,Trend+Momentum
USDJPY_H4_698,1,SQX-USDJPY-H4-8f45b18a0812,USDJPY,H4,LONG,Momentum+Structure
USDJPY_H4_699,1,SQX-USDJPY-H4-9063904d8253,USDJPY,H4,SHORT,Momentum+Volatility
USDJPY_H4_700,1,SQX-USDJPY-H4-90719f715386,USDJPY,H4,LONG,Trend+Momentum+Volatility+Structure
USDJPY_H4_701,1,SQX-USDJPY-H4-911d1fc80060,USDJPY,H4,LONG,Trend+Structure
USDJPY_H4_702,1,SQX-USDJPY-H4-91801bb54775,USDJPY,H4,LONG,Momentum+Volatility+Structure
USDJPY_H4_703,1,SQX-USDJPY-H4-91b9b4350064,USDJPY,H4,LONG,Momentum+Volatility+Structure
USDJPY_H4_704,1,SQX-USDJPY-H4-91c65a13c143,USDJPY,H4,LONG,Trend+Momentum+Structure
USDJPY_H4_705,1,SQX-USDJPY-H4-92090109638d,USDJPY,H4,LONG,Trend+Momentum
USDJPY_H4_706,1,SQX-USDJPY-H4-927a496cb511,USDJPY,H4,LONG,Trend+Momentum+Volatility
USDJPY_H4_707,1,SQX-USDJPY-H4-9290b495864a,USDJPY,H4,LONG,Trend+Structure
USDJPY_H4_708,1,SQX-USDJPY-H4-937eca23dd47,USDJPY,H4,LONG,Momentum+Structure
USDJPY_H4_709,1,SQX-USDJPY-H4-94097ac90cb3,USDJPY,H4,LONG,Momentum+Volatility
USDJPY_H4_710,1,SQX-USDJPY-H4-9444c2432231,USDJPY,H4,LONG,Trend+Volatility
USDJPY_H4_711,1,SQX-USDJPY-H4-949211ef1cdb,USDJPY,H4,LONG,Trend+Momentum+Structure
USDJPY_H4_712,1,SQX-USDJPY-H4-94c6faf087aa,USDJPY,H4,LONG,Trend+Momentum
USDJPY_H4_713,1,SQX-USDJPY-H4-94d2f678342c,USDJPY,H4,LONG,Momentum+Volatility
USDJPY_H4_714,1,SQX-USDJPY-H4-94fea87c0de9,USDJPY,H4,LONG,Momentum+Volatility+Structure
USDJPY_H4_715,1,SQX-USDJPY-H4-9510ac82e70f,USDJPY,H4,LONG,Trend+Momentum+Structure
USDJPY_H4_716,1,SQX-USDJPY-H4-95a0e3a25de5,USDJPY,H4,LONG,Trend+Volatility+Structure
USDJPY_H4_717,1,SQX-USDJPY-H4-95a6cfd3ef1e,USDJPY,H4,LONG,Trend+Structure
USDJPY_H4_718,1,SQX-USDJPY-H4-95abf99988ab,USDJPY,H4,LONG,Trend+Momentum
USDJPY_H4_719,1,SQX-USDJPY-H4-95de8a6678b7,USDJPY,H4,LONG,Momentum
USDJPY_H4_720,1,SQX-USDJPY-H4-9609084c34a2,USDJPY,H4,LONG,Momentum+Volatility+Structure
USDJPY_H4_721,1,SQX-USDJPY-H4-96095a2fdac9,USDJPY,H4,LONG,Momentum+Structure
USDJPY_H4_722,1,SQX-USDJPY-H4-970ead6afc09,USDJPY,H4,LONG,Momentum+Structure
USDJPY_H4_723,1,SQX-USDJPY-H4-972f59734efa,USDJPY,H4,LONG,Trend+Volatility
USDJPY_H4_724,1,SQX-USDJPY-H4-978165ceccd6,USDJPY,H4,LONG,Structure
USDJPY_H4_725,1,SQX-USDJPY-H4-9783a83e3a3c,USDJPY,H4,LONG,Trend+Volatility
USDJPY_H4_726,1,SQX-USDJPY-H4-97a7766973a9,USDJPY,H4,LONG,Momentum
USDJPY_H4_727,1,SQX-USDJPY-H4-97d87c1ceb51,USDJPY,H4,LONG,Momentum+Volatility
USDJPY_H4_728,1,SQX-USDJPY-H4-97e6a0594ae2,USDJPY,H4,LONG,Trend+Momentum
USDJPY_H4_729,1,SQX-USDJPY-H4-9817e6180a68,USDJPY,H4,LONG,Momentum+Structure
USDJPY_H4_730,1,SQX-USDJPY-H4-986b7745c688,USDJPY,H4,LONG,Momentum+Structure
USDJPY_H4_731,1,SQX-USDJPY-H4-98a0f4606b93,USDJPY,H4,LONG,Momentum+Structure
USDJPY_H4_732,1,SQX-USDJPY-H4-98bdccdcda36,USDJPY,H4,LONG,Momentum+Structure
USDJPY_H4_733,1,SQX-USDJPY-H4-98bec3f7c039,USDJPY,H4,LONG,Momentum+Structure
USDJPY_H4_734,1,SQX-USDJPY-H4-992a41b1e185,USDJPY,H4,LONG,Trend+Momentum+Volatility
USDJPY_H4_735,1,SQX-USDJPY-H4-9983a14359f9,USDJPY,H4,LONG,Structure
USDJPY_H4_736,1,SQX-USDJPY-H4-999090a55a71,USDJPY,H4,LONG,Trend+Momentum
USDJPY_H4_737,1,SQX-USDJPY-H4-99aa08bdfd28,USDJPY,H4,LONG,Trend+Volatility
USDJPY_H4_738,1,SQX-USDJPY-H4-99d02988f597,USDJPY,H4,LONG,Momentum+Structure
USDJPY_H4_739,1,SQX-USDJPY-H4-9a0d9741e8e0,USDJPY,H4,LONG,Trend+Structure
USDJPY_H4_740,1,SQX-USDJPY-H4-9a2338af71ea,USDJPY,H4,LONG,Momentum+Structure
USDJPY_H4_741,1,SQX-USDJPY-H4-9a578d49a4c5,USDJPY,H4,LONG,Momentum
USDJPY_H4_742,1,SQX-USDJPY-H4-9b7f838c78dc,USDJPY,H4,LONG,Momentum+Volatility+Structure
USDJPY_H4_743,1,SQX-USDJPY-H4-9beb754ef170,USDJPY,H4,SHORT,Volatility+Structure
USDJPY_H4_744,1,SQX-USDJPY-H4-9ca94b2a369f,USDJPY,H4,LONG,Trend+Momentum
USDJPY_H4_745,1,SQX-USDJPY-H4-9d0e81ab45b2,USDJPY,H4,LONG,Momentum+Volatility
USDJPY_H4_746,1,SQX-USDJPY-H4-9d151286e6eb,USDJPY,H4,LONG,Trend+Structure
USDJPY_H4_747,1,SQX-USDJPY-H4-9d679c87bf0a,USDJPY,H4,LONG,Trend+Volatility
USDJPY_H4_748,1,SQX-USDJPY-H4-9e28e028e803,USDJPY,H4,LONG,Trend+Momentum+Structure
USDJPY_H4_749,1,SQX-USDJPY-H4-9ebdd6585ba3,USDJPY,H4,SHORT,Trend+Structure
USDJPY_H4_750,1,SQX-USDJPY-H4-9f0cbfd6f604,USDJPY,H4,LONG,Trend+Momentum+Structure
USDJPY_H4_751,1,SQX-USDJPY-H4-9f3a87c06228,USDJPY,H4,LONG,Momentum+Structure
USDJPY_H4_752,1,SQX-USDJPY-H4-9f58239ca1a2,USDJPY,H4,LONG,Volatility
USDJPY_H4_753,1,SQX-USDJPY-H4-9fca711f763f,USDJPY,H4,LONG,Trend+Volatility
USDJPY_H4_754,1,SQX-USDJPY-H4-9ff8b85d2cd5,USDJPY,H4,LONG,Trend+Structure
USDJPY_H4_755,1,SQX-USDJPY-H4-a01db1279ff6,USDJPY,H4,LONG,Trend+Volatility+Structure
USDJPY_H4_756,1,SQX-USDJPY-H4-a04cdcbaee2c,USDJPY,H4,LONG,Momentum+Structure
USDJPY_H4_757,1,SQX-USDJPY-H4-a05274791baa,USDJPY,H4,LONG,Volatility
USDJPY_H4_758,1,SQX-USDJPY-H4-a0690874fb6e,USDJPY,H4,LONG,Trend+Momentum+Structure
USDJPY_H4_759,1,SQX-USDJPY-H4-a08298a0d134,USDJPY,H4,LONG,Trend+Volatility
USDJPY_H4_760,1,SQX-USDJPY-H4-a0a22a6d00ff,USDJPY,H4,LONG,Momentum
USDJPY_H4_761,1,SQX-USDJPY-H4-a0c9f946de6b,USDJPY,H4,LONG,Trend+Volatility+Structure
USDJPY_H4_762,1,SQX-USDJPY-H4-a0eee69a81a9,USDJPY,H4,LONG,Trend+Momentum
USDJPY_H4_763,1,SQX-USDJPY-H4-a11aa4d0b46d,USDJPY,H4,LONG,Momentum+Volatility
USDJPY_H4_764,1,SQX-USDJPY-H4-a13d96dd0234,USDJPY,H4,LONG,Momentum+Structure
USDJPY_H4_765,1,SQX-USDJPY-H4-a1ae8096871b,USDJPY,H4,LONG,Momentum+Structure
USDJPY_H4_766,1,SQX-USDJPY-H4-a1bb09c8faae,USDJPY,H4,LONG,Trend+Momentum
USDJPY_H4_767,1,SQX-USDJPY-H4-a2fb3efe12a6,USDJPY,H4,LONG,Momentum+Volatility
USDJPY_H4_768,1,SQX-USDJPY-H4-a3184e7e66d3,USDJPY,H4,LONG,Structure
USDJPY_H4_769,1,SQX-USDJPY-H4-a3240fa08c29,USDJPY,H4,LONG,Trend+Volatility
USDJPY_H4_770,1,SQX-USDJPY-H4-a3b8ef2dc17a,USDJPY,H4,LONG,Momentum
USDJPY_H4_771,1,SQX-USDJPY-H4-a3c408eae8ff,USDJPY,H4,LONG,Momentum
USDJPY_H4_772,1,SQX-USDJPY-H4-a4212bfba95e,USDJPY,H4,LONG,Volatility+Structure
USDJPY_H4_773,1,SQX-USDJPY-H4-a4aee2038ffa,USDJPY,H4,LONG,Trend+Structure
USDJPY_H4_774,1,SQX-USDJPY-H4-a4e922e5d0a7,USDJPY,H4,LONG,Momentum
USDJPY_H4_775,1,SQX-USDJPY-H4-a4f48913ee33,USDJPY,H4,LONG,Momentum+Structure
USDJPY_H4_776,1,SQX-USDJPY-H4-a53979e0214d,USDJPY,H4,LONG,Momentum
USDJPY_H4_777,1,SQX-USDJPY-H4-a54694fcdf7b,USDJPY,H4,SHORT,Trend+Momentum+Structure
USDJPY_H4_778,1,SQX-USDJPY-H4-a5f90df3554c,USDJPY,H4,LONG,Momentum+Structure
USDJPY_H4_779,1,SQX-USDJPY-H4-a60844e64702,USDJPY,H4,LONG,Momentum+Volatility
USDJPY_H4_780,1,SQX-USDJPY-H4-a692c00c7107,USDJPY,H4,LONG,Trend+Momentum+Volatility
USDJPY_H4_781,1,SQX-USDJPY-H4-a6a0062dd297,USDJPY,H4,LONG,Trend+Structure
USDJPY_H4_782,1,SQX-USDJPY-H4-a6c953e35d49,USDJPY,H4,LONG,Trend+Structure
USDJPY_H4_783,1,SQX-USDJPY-H4-a7074e98956c,USDJPY,H4,LONG,Trend+Momentum
USDJPY_H4_784,1,SQX-USDJPY-H4-a75d1fa84795,USDJPY,H4,LONG,Trend+Momentum+Structure
USDJPY_H4_785,1,SQX-USDJPY-H4-a79a9919d29e,USDJPY,H4,LONG,Momentum+Structure
USDJPY_H4_786,1,SQX-USDJPY-H4-a7d5174bd378,USDJPY,H4,LONG,Trend+Volatility
USDJPY_H4_787,1,SQX-USDJPY-H4-a7eee851413d,USDJPY,H4,LONG,Trend+Volatility
USDJPY_H4_788,1,SQX-USDJPY-H4-a832cbbad00b,USDJPY,H4,LONG,Trend+Momentum+Volatility+Structure
USDJPY_H4_789,1,SQX-USDJPY-H4-a84a42f3525b,USDJPY,H4,LONG,Momentum+Structure
USDJPY_H4_790,1,SQX-USDJPY-H4-a8b8c9ed461c,USDJPY,H4,LONG,Momentum+Volatility
USDJPY_H4_791,1,SQX-USDJPY-H4-a9417292e6fe,USDJPY,H4,LONG,Momentum+Volatility+Structure
USDJPY_H4_792,1,SQX-USDJPY-H4-a99dbdbb7324,USDJPY,H4,LONG,Trend+Volatility
USDJPY_H4_793,1,SQX-USDJPY-H4-aa64cab487a8,USDJPY,H4,LONG,Trend+Momentum+Volatility
USDJPY_H4_794,1,SQX-USDJPY-H4-aab1ff15b118,USDJPY,H4,LONG,Momentum
USDJPY_H4_795,1,SQX-USDJPY-H4-ab0578c5254a,USDJPY,H4,LONG,Momentum
USDJPY_H4_796,1,SQX-USDJPY-H4-ab5ffcad7bdb,USDJPY,H4,LONG,Trend+Momentum+Structure
USDJPY_H4_797,1,SQX-USDJPY-H4-ac125f4bb256,USDJPY,H4,LONG,Trend+Momentum
USDJPY_H4_798,1,SQX-USDJPY-H4-ac706cf86ea3,USDJPY,H4,LONG,Trend+Momentum
USDJPY_H4_799,1,SQX-USDJPY-H4-ac9f0122fabf,USDJPY,H4,LONG,Momentum+Structure
USDJPY_H4_800,1,SQX-USDJPY-H4-ad09288d8804,USDJPY,H4,LONG,Momentum
USDJPY_H4_801,1,SQX-USDJPY-H4-ad0db681ed06,USDJPY,H4,LONG,Trend+Momentum
USDJPY_H4_802,1,SQX-USDJPY-H4-ad13b43ba0d0,USDJPY,H4,LONG,Trend+Momentum
USDJPY_H4_803,1,SQX-USDJPY-H4-ad59bf5e7883,USDJPY,H4,LONG,Momentum+Volatility+Structure
USDJPY_H4_804,1,SQX-USDJPY-H4-ad9fe39feba7,USDJPY,H4,LONG,Momentum+Structure
USDJPY_H4_805,1,SQX-USDJPY-H4-adbce8024d38,USDJPY,H4,LONG,Momentum+Volatility+Structure
USDJPY_H4_806,1,SQX-USDJPY-H4-ae19d562b6ec,USDJPY,H4,LONG,Structure
USDJPY_H4_807,1,SQX-USDJPY-H4-ae70d68f8f2a,USDJPY,H4,LONG,Trend+Volatility+Structure
USDJPY_H4_808,1,SQX-USDJPY-H4-aeff023a4ca9,USDJPY,H4,LONG,Momentum+Volatility
USDJPY_H4_809,1,SQX-USDJPY-H4-af39a73346e9,USDJPY,H4,LONG,Trend+Momentum+Structure
USDJPY_H4_810,1,SQX-USDJPY-H4-af6dbc2cfe2b,USDJPY,H4,LONG,Trend+Momentum
USDJPY_H4_811,1,SQX-USDJPY-H4-afaa65aaf842,USDJPY,H4,LONG,Momentum+Structure
USDJPY_H4_812,1,SQX-USDJPY-H4-b05df6bd55dd,USDJPY,H4,LONG,Momentum+Structure
USDJPY_H4_813,1,SQX-USDJPY-H4-b14425f2a5c2,USDJPY,H4,LONG,Trend+Momentum+Volatility
USDJPY_H4_814,1,SQX-USDJPY-H4-b151c494c813,USDJPY,H4,LONG,Momentum
USDJPY_H4_815,1,SQX-USDJPY-H4-b1aaf154efef,USDJPY,H4,LONG,Trend
USDJPY_H4_816,1,SQX-USDJPY-H4-b1dc65e7721f,USDJPY,H4,SHORT,Momentum+Structure
USDJPY_H4_817,1,SQX-USDJPY-H4-b1dd877003d4,USDJPY,H4,LONG,Trend+Volatility+Structure
USDJPY_H4_818,1,SQX-USDJPY-H4-b21028267e6a,USDJPY,H4,SHORT,Trend+Momentum
USDJPY_H4_819,1,SQX-USDJPY-H4-b27127c2896e,USDJPY,H4,LONG,Trend+Momentum+Structure
USDJPY_H4_820,1,SQX-USDJPY-H4-b345f8ef6e64,USDJPY,H4,LONG,Momentum+Structure
USDJPY_H4_821,1,SQX-USDJPY-H4-b3aac7d4f524,USDJPY,H4,LONG,Momentum+Structure
USDJPY_H4_822,1,SQX-USDJPY-H4-b3b9792125f9,USDJPY,H4,LONG,Trend+Volatility
USDJPY_H4_823,1,SQX-USDJPY-H4-b3fb7a0b592e,USDJPY,H4,LONG,Momentum+Structure
USDJPY_H4_824,1,SQX-USDJPY-H4-b42fa9896c26,USDJPY,H4,LONG,Trend+Momentum+Volatility
USDJPY_H4_825,1,SQX-USDJPY-H4-b4cbe3254cb7,USDJPY,H4,LONG,Trend+Structure
USDJPY_H4_826,1,SQX-USDJPY-H4-b4d0bb4829c3,USDJPY,H4,LONG,Trend+Volatility
USDJPY_H4_827,1,SQX-USDJPY-H4-b4d702fe01f6,USDJPY,H4,LONG,Momentum+Volatility
USDJPY_H4_828,1,SQX-USDJPY-H4-b4e9e29bec8c,USDJPY,H4,LONG,Trend+Momentum
USDJPY_H4_829,1,SQX-USDJPY-H4-b4f838eb6f0f,USDJPY,H4,LONG,Trend+Momentum
USDJPY_H4_830,1,SQX-USDJPY-H4-b51648b2de3f,USDJPY,H4,LONG,Momentum+Structure
USDJPY_H4_831,1,SQX-USDJPY-H4-b5290692a6da,USDJPY,H4,LONG,Trend+Momentum+Volatility
USDJPY_H4_832,1,SQX-USDJPY-H4-b55836438ffb,USDJPY,H4,LONG,Trend+Momentum+Structure
USDJPY_H4_833,1,SQX-USDJPY-H4-b55f8461a4af,USDJPY,H4,LONG,Momentum+Volatility
USDJPY_H4_834,1,SQX-USDJPY-H4-b57f485943e8,USDJPY,H4,LONG,Momentum
USDJPY_H4_835,1,SQX-USDJPY-H4-b59a7cd2f756,USDJPY,H4,LONG,Momentum+Volatility
USDJPY_H4_836,1,SQX-USDJPY-H4-b60c302ea296,USDJPY,H4,LONG,Trend
USDJPY_H4_837,1,SQX-USDJPY-H4-b66698d6e818,USDJPY,H4,LONG,Trend+Momentum+Volatility+Structure
USDJPY_H4_838,1,SQX-USDJPY-H4-b677eea6dc86,USDJPY,H4,LONG,Trend+Momentum
USDJPY_H4_839,1,SQX-USDJPY-H4-b678f849c9e5,USDJPY,H4,LONG,Trend+Momentum
USDJPY_H4_840,1,SQX-USDJPY-H4-b69a69acd5cb,USDJPY,H4,LONG,Momentum
USDJPY_H4_841,1,SQX-USDJPY-H4-b6a2938c7dff,USDJPY,H4,LONG,Trend+Volatility+Structure
USDJPY_H4_842,1,SQX-USDJPY-H4-b752972d3b5d,USDJPY,H4,LONG,Trend+Volatility
USDJPY_H4_843,1,SQX-USDJPY-H4-b78db713ace4,USDJPY,H4,LONG,Trend+Momentum
USDJPY_H4_844,1,SQX-USDJPY-H4-b7a6a10296e6,USDJPY,H4,LONG,Trend+Momentum+Volatility
USDJPY_H4_845,1,SQX-USDJPY-H4-b7a8b02d564c,USDJPY,H4,LONG,Momentum+Structure
USDJPY_H4_846,1,SQX-USDJPY-H4-b8495036b5ba,USDJPY,H4,LONG,Trend+Structure
USDJPY_H4_847,1,SQX-USDJPY-H4-b875d8d236e8,USDJPY,H4,LONG,Trend+Structure
USDJPY_H4_848,1,SQX-USDJPY-H4-b8878509d84d,USDJPY,H4,LONG,Momentum+Volatility
USDJPY_H4_849,1,SQX-USDJPY-H4-b88f76b20164,USDJPY,H4,LONG,Trend+Structure
USDJPY_H4_850,1,SQX-USDJPY-H4-b8e756e471e2,USDJPY,H4,LONG,Momentum+Structure
USDJPY_H4_851,1,SQX-USDJPY-H4-b90c98f2502c,USDJPY,H4,LONG,Momentum+Volatility
USDJPY_H4_852,1,SQX-USDJPY-H4-b9b1ed7e19d2,USDJPY,H4,LONG,Momentum+Volatility+Structure
USDJPY_H4_853,1,SQX-USDJPY-H4-b9becb30002c,USDJPY,H4,LONG,Momentum+Volatility+Structure
USDJPY_H4_854,1,SQX-USDJPY-H4-b9dad2432575,USDJPY,H4,LONG,Trend+Structure
USDJPY_H4_855,1,SQX-USDJPY-H4-b9fae71f02f2,USDJPY,H4,LONG,Trend+Momentum
USDJPY_H4_856,1,SQX-USDJPY-H4-ba21b8e97258,USDJPY,H4,LONG,Volatility+Structure
USDJPY_H4_857,1,SQX-USDJPY-H4-ba36a72a4d0b,USDJPY,H4,LONG,Trend+Momentum+Volatility
USDJPY_H4_858,1,SQX-USDJPY-H4-ba40ffd56f43,USDJPY,H4,LONG,Structure
USDJPY_H4_859,1,SQX-USDJPY-H4-ba6a496bad4e,USDJPY,H4,LONG,Trend+Volatility+Structure
USDJPY_H4_860,1,SQX-USDJPY-H4-bab573aacdaf,USDJPY,H4,LONG,Trend+Volatility+Structure
USDJPY_H4_861,1,SQX-USDJPY-H4-baef8a387459,USDJPY,H4,LONG,Trend+Momentum+Volatility
USDJPY_H4_862,1,SQX-USDJPY-H4-bb2d54dbbd6f,USDJPY,H4,LONG,Trend+Volatility+Structure
USDJPY_H4_863,1,SQX-USDJPY-H4-bb5f3bc48f6b,USDJPY,H4,LONG,Trend+Momentum+Volatility+Structure
USDJPY_H4_864,1,SQX-USDJPY-H4-bbc8efe30273,USDJPY,H4,LONG,Trend+Volatility
USDJPY_H4_865,1,SQX-USDJPY-H4-bbc8f29123bc,USDJPY,H4,LONG,Trend+Momentum+Structure
USDJPY_H4_866,1,SQX-USDJPY-H4-bc0a7bd9db98,USDJPY,H4,LONG,Momentum+Structure
USDJPY_H4_867,1,SQX-USDJPY-H4-bc79a39f7ceb,USDJPY,H4,LONG,Trend+Momentum
USDJPY_H4_868,1,SQX-USDJPY-H4-bd01d17df3e0,USDJPY,H4,LONG,Momentum+Structure
USDJPY_H4_869,1,SQX-USDJPY-H4-be2a40b5bc1a,USDJPY,H4,LONG,Momentum+Volatility+Structure
USDJPY_H4_870,1,SQX-USDJPY-H4-be2ddd283312,USDJPY,H4,LONG,Trend+Momentum
USDJPY_H4_871,1,SQX-USDJPY-H4-be7e9bfbda92,USDJPY,H4,LONG,Momentum+Structure
USDJPY_H4_872,1,SQX-USDJPY-H4-be886b2e2dbe,USDJPY,H4,LONG,Momentum+Volatility+Structure
USDJPY_H4_873,1,SQX-USDJPY-H4-bed21d4d6f2a,USDJPY,H4,LONG,Trend+Momentum+Volatility+Structure
USDJPY_H4_874,1,SQX-USDJPY-H4-bee7f8fa00d7,USDJPY,H4,LONG,Momentum+Structure
USDJPY_H4_875,1,SQX-USDJPY-H4-bf042d7e4faf,USDJPY,H4,LONG,Trend+Momentum
USDJPY_H4_876,1,SQX-USDJPY-H4-bf5200c5208c,USDJPY,H4,LONG,Momentum+Structure
USDJPY_H4_877,1,SQX-USDJPY-H4-bf7a9bd3b792,USDJPY,H4,LONG,Momentum
USDJPY_H4_878,1,SQX-USDJPY-H4-bf96b30ae33f,USDJPY,H4,LONG,Trend+Momentum+Structure
USDJPY_H4_879,1,SQX-USDJPY-H4-bfd0888daa91,USDJPY,H4,LONG,Trend+Momentum
USDJPY_H4_880,1,SQX-USDJPY-H4-c0c816a90345,USDJPY,H4,LONG,Volatility+Structure
USDJPY_H4_881,1,SQX-USDJPY-H4-c15b90f8cfce,USDJPY,H4,LONG,Trend+Structure
USDJPY_H4_882,1,SQX-USDJPY-H4-c1e9e28790e1,USDJPY,H4,LONG,Momentum+Structure
USDJPY_H4_883,1,SQX-USDJPY-H4-c1f26619a10a,USDJPY,H4,LONG,Momentum+Volatility
USDJPY_H4_884,1,SQX-USDJPY-H4-c20c85f9c08d,USDJPY,H4,LONG,Trend+Momentum+Volatility
USDJPY_H4_885,1,SQX-USDJPY-H4-c246d4acbc02,USDJPY,H4,LONG,Trend+Momentum+Structure
USDJPY_H4_886,1,SQX-USDJPY-H4-c2ebecf10cf6,USDJPY,H4,LONG,Momentum+Structure
USDJPY_H4_887,1,SQX-USDJPY-H4-c2f98ea06fc9,USDJPY,H4,LONG,Momentum
USDJPY_H4_888,1,SQX-USDJPY-H4-c32f6bde5c4b,USDJPY,H4,LONG,Momentum+Structure
USDJPY_H4_889,1,SQX-USDJPY-H4-c3ba23332425,USDJPY,H4,LONG,Trend+Structure
USDJPY_H4_890,1,SQX-USDJPY-H4-c400a833de18,USDJPY,H4,LONG,Trend+Momentum+Volatility
USDJPY_H4_891,1,SQX-USDJPY-H4-c47dd3077319,USDJPY,H4,LONG,Volatility+Structure
USDJPY_H4_892,1,SQX-USDJPY-H4-c4821b9a2d78,USDJPY,H4,LONG,Trend+Momentum+Structure
USDJPY_H4_893,1,SQX-USDJPY-H4-c48745430c8d,USDJPY,H4,LONG,Trend+Momentum+Volatility+Structure
USDJPY_H4_894,1,SQX-USDJPY-H4-c4d039f2f2bc,USDJPY,H4,LONG,Structure
USDJPY_H4_895,1,SQX-USDJPY-H4-c548eb7c80c5,USDJPY,H4,LONG,Trend+Volatility
USDJPY_H4_896,1,SQX-USDJPY-H4-c55b1a851e5e,USDJPY,H4,LONG,Momentum
USDJPY_H4_897,1,SQX-USDJPY-H4-c59b1f5e0258,USDJPY,H4,LONG,Trend+Momentum+Volatility
USDJPY_H4_898,1,SQX-USDJPY-H4-c60543d815b0,USDJPY,H4,LONG,Trend+Momentum+Structure
USDJPY_H4_899,1,SQX-USDJPY-H4-c624da40d448,USDJPY,H4,SHORT,Momentum+Volatility
USDJPY_H4_900,1,SQX-USDJPY-H4-c653e07676d1,USDJPY,H4,LONG,Trend+Momentum+Volatility
USDJPY_H4_901,1,SQX-USDJPY-H4-c667bd8d798f,USDJPY,H4,LONG,Structure
USDJPY_H4_902,1,SQX-USDJPY-H4-c689037bd53a,USDJPY,H4,LONG,Trend+Momentum
USDJPY_H4_903,1,SQX-USDJPY-H4-c726ce4af003,USDJPY,H4,LONG,Momentum+Volatility+Structure
USDJPY_H4_904,1,SQX-USDJPY-H4-c74091d4ad90,USDJPY,H4,LONG,Momentum+Structure
USDJPY_H4_905,1,SQX-USDJPY-H4-c757e008fff2,USDJPY,H4,LONG,Momentum+Structure
USDJPY_H4_906,1,SQX-USDJPY-H4-c7fada73122c,USDJPY,H4,LONG,Trend+Momentum
USDJPY_H4_907,1,SQX-USDJPY-H4-c816ee6123d1,USDJPY,H4,LONG,Volatility+Structure
USDJPY_H4_908,1,SQX-USDJPY-H4-c86dbc55ca97,USDJPY,H4,LONG,Trend+Momentum
USDJPY_H4_909,1,SQX-USDJPY-H4-c91452faf22d,USDJPY,H4,LONG,Trend+Volatility
USDJPY_H4_910,1,SQX-USDJPY-H4-c940899ffc30,USDJPY,H4,LONG,Trend+Structure
USDJPY_H4_911,1,SQX-USDJPY-H4-c95a3acea0f2,USDJPY,H4,LONG,Trend+Momentum
USDJPY_H4_912,1,SQX-USDJPY-H4-c963438b22ea,USDJPY,H4,LONG,Trend+Momentum
USDJPY_H4_913,1,SQX-USDJPY-H4-c97ad8aebe99,USDJPY,H4,LONG,Momentum+Volatility
USDJPY_H4_914,1,SQX-USDJPY-H4-c988da8efd4f,USDJPY,H4,LONG,Momentum+Structure
USDJPY_H4_915,1,SQX-USDJPY-H4-c9b178081500,USDJPY,H4,LONG,Trend+Structure
USDJPY_H4_916,1,SQX-USDJPY-H4-c9e0fee759b1,USDJPY,H4,LONG,Trend+Momentum+Volatility
USDJPY_H4_917,1,SQX-USDJPY-H4-c9f67a70d10d,USDJPY,H4,LONG,Trend+Momentum+Structure
USDJPY_H4_918,1,SQX-USDJPY-H4-ca4758a3e70f,USDJPY,H4,LONG,Volatility+Structure
USDJPY_H4_919,1,SQX-USDJPY-H4-ca64f114c0de,USDJPY,H4,LONG,Trend+Momentum+Structure
USDJPY_H4_920,1,SQX-USDJPY-H4-ca672c8aa3d0,USDJPY,H4,LONG,Momentum+Structure
USDJPY_H4_921,1,SQX-USDJPY-H4-ca97007aeea2,USDJPY,H4,LONG,Momentum+Volatility+Structure
USDJPY_H4_922,1,SQX-USDJPY-H4-cabc88a0b843,USDJPY,H4,LONG,Trend+Momentum
USDJPY_H4_923,1,SQX-USDJPY-H4-cafcbc730964,USDJPY,H4,LONG,Trend+Momentum
USDJPY_H4_924,1,SQX-USDJPY-H4-cb7cdc501d92,USDJPY,H4,LONG,Trend+Momentum
USDJPY_H4_925,1,SQX-USDJPY-H4-cbb4fe9b243e,USDJPY,H4,LONG,Momentum+Structure
USDJPY_H4_926,1,SQX-USDJPY-H4-cbf4a5bad79b,USDJPY,H4,LONG,Momentum+Volatility+Structure
USDJPY_H4_927,1,SQX-USDJPY-H4-cc5d50b0d646,USDJPY,H4,LONG,Trend+Momentum+Volatility+Structure
USDJPY_H4_928,1,SQX-USDJPY-H4-cc6688cf118c,USDJPY,H4,LONG,Trend+Momentum
USDJPY_H4_929,1,SQX-USDJPY-H4-cd24843372d2,USDJPY,H4,LONG,Trend+Volatility
USDJPY_H4_930,1,SQX-USDJPY-H4-cd26b32382d1,USDJPY,H4,LONG,Momentum+Volatility+Structure
USDJPY_H4_931,1,SQX-USDJPY-H4-cd296ed2686b,USDJPY,H4,LONG,Momentum+Structure
USDJPY_H4_932,1,SQX-USDJPY-H4-cd94ddfdb0e4,USDJPY,H4,SHORT,Trend+Momentum+Structure
USDJPY_H4_933,1,SQX-USDJPY-H4-cdfcdd4c151c,USDJPY,H4,LONG,Momentum+Structure
USDJPY_H4_934,1,SQX-USDJPY-H4-ce6355c4f581,USDJPY,H4,LONG,Trend+Volatility
USDJPY_H4_935,1,SQX-USDJPY-H4-ce84fc233412,USDJPY,H4,LONG,Momentum+Structure
USDJPY_H4_936,1,SQX-USDJPY-H4-cec9c08dfea3,USDJPY,H4,LONG,Trend+Momentum+Structure
USDJPY_H4_937,1,SQX-USDJPY-H4-cee632b7e426,USDJPY,H4,LONG,Volatility+Structure
USDJPY_H4_938,1,SQX-USDJPY-H4-ceeacfe5990e,USDJPY,H4,LONG,Volatility+Structure
USDJPY_H4_939,1,SQX-USDJPY-H4-cf1562107642,USDJPY,H4,LONG,Momentum+Volatility
USDJPY_H4_940,1,SQX-USDJPY-H4-cf4548a6ccef,USDJPY,H4,LONG,Trend+Structure
USDJPY_H4_941,1,SQX-USDJPY-H4-d0dcf5893729,USDJPY,H4,LONG,Momentum+Volatility+Structure
USDJPY_H4_942,1,SQX-USDJPY-H4-d1197f6c9342,USDJPY,H4,LONG,Trend+Structure
USDJPY_H4_943,1,SQX-USDJPY-H4-d152f42c4fc3,USDJPY,H4,LONG,Momentum
USDJPY_H4_944,1,SQX-USDJPY-H4-d18f995369b4,USDJPY,H4,LONG,Trend+Structure
USDJPY_H4_945,1,SQX-USDJPY-H4-d1dd1f1870f5,USDJPY,H4,LONG,Momentum+Volatility
USDJPY_H4_946,1,SQX-USDJPY-H4-d2574a6fab4d,USDJPY,H4,LONG,Trend+Momentum
USDJPY_H4_947,1,SQX-USDJPY-H4-d25bdcc975d5,USDJPY,H4,LONG,Trend+Volatility+Structure
USDJPY_H4_948,1,SQX-USDJPY-H4-d2bcc5ceedeb,USDJPY,H4,LONG,Momentum
USDJPY_H4_949,1,SQX-USDJPY-H4-d3605e05c10a,USDJPY,H4,LONG,Momentum+Structure
USDJPY_H4_950,1,SQX-USDJPY-H4-d39d952e9778,USDJPY,H4,LONG,Trend+Structure
USDJPY_H4_951,1,SQX-USDJPY-H4-d3da17b879ee,USDJPY,H4,LONG,Trend+Momentum+Structure
USDJPY_H4_952,1,SQX-USDJPY-H4-d3e8bedb9a01,USDJPY,H4,LONG,Trend+Structure
USDJPY_H4_953,1,SQX-USDJPY-H4-d3ed56e2a0ee,USDJPY,H4,LONG,Volatility+Structure
USDJPY_H4_954,1,SQX-USDJPY-H4-d431e4ff0a15,USDJPY,H4,LONG,Momentum+Structure
USDJPY_H4_955,1,SQX-USDJPY-H4-d458cd2d47ba,USDJPY,H4,LONG,Momentum+Structure
USDJPY_H4_956,1,SQX-USDJPY-H4-d473fa4cc1bc,USDJPY,H4,LONG,Trend+Structure
USDJPY_H4_957,1,SQX-USDJPY-H4-d4a956f769f1,USDJPY,H4,LONG,Trend+Momentum+Volatility
USDJPY_H4_958,1,SQX-USDJPY-H4-d5089bec4a02,USDJPY,H4,LONG,Momentum+Structure
USDJPY_H4_959,1,SQX-USDJPY-H4-d53560d97aaf,USDJPY,H4,LONG,Momentum+Structure
USDJPY_H4_960,1,SQX-USDJPY-H4-d5410e2ef69a,USDJPY,H4,LONG,Trend+Structure
USDJPY_H4_961,1,SQX-USDJPY-H4-d583057b72e0,USDJPY,H4,LONG,Trend+Momentum+Volatility+Structure
USDJPY_H4_962,1,SQX-USDJPY-H4-d583a1cf8f89,USDJPY,H4,LONG,Trend+Momentum+Structure
USDJPY_H4_963,1,SQX-USDJPY-H4-d608880e3361,USDJPY,H4,LONG,Trend+Momentum+Volatility
USDJPY_H4_964,1,SQX-USDJPY-H4-d626c9fe3eaa,USDJPY,H4,LONG,Trend+Momentum
USDJPY_H4_965,1,SQX-USDJPY-H4-d631fd7f7bb5,USDJPY,H4,LONG,Momentum+Structure
USDJPY_H4_966,1,SQX-USDJPY-H4-d73265f679d0,USDJPY,H4,LONG,Trend+Volatility+Structure
USDJPY_H4_967,1,SQX-USDJPY-H4-d7c070ee1aef,USDJPY,H4,LONG,Trend+Volatility
USDJPY_H4_968,1,SQX-USDJPY-H4-d7c7faf192f7,USDJPY,H4,LONG,Volatility+Structure
USDJPY_H4_969,1,SQX-USDJPY-H4-d7cd78884a17,USDJPY,H4,LONG,Momentum+Volatility+Structure
USDJPY_H4_970,1,SQX-USDJPY-H4-d7f2e48b4e4e,USDJPY,H4,LONG,Trend+Momentum
USDJPY_H4_971,1,SQX-USDJPY-H4-d84af0e4101c,USDJPY,H4,LONG,Trend+Momentum+Volatility
USDJPY_H4_972,1,SQX-USDJPY-H4-d8718c1b442b,USDJPY,H4,LONG,Momentum+Volatility
USDJPY_H4_973,1,SQX-USDJPY-H4-d89fa267409a,USDJPY,H4,LONG,Trend+Momentum+Structure
USDJPY_H4_974,1,SQX-USDJPY-H4-d8ec286aeb45,USDJPY,H4,LONG,Momentum
USDJPY_H4_975,1,SQX-USDJPY-H4-d9234a2c809c,USDJPY,H4,LONG,Structure
USDJPY_H4_976,1,SQX-USDJPY-H4-d9fbccb14479,USDJPY,H4,LONG,Trend+Momentum
USDJPY_H4_977,1,SQX-USDJPY-H4-da38b4e749de,USDJPY,H4,LONG,Momentum+Volatility
USDJPY_H4_978,1,SQX-USDJPY-H4-da934eff6006,USDJPY,H4,LONG,Momentum+Volatility+Structure
USDJPY_H4_979,1,SQX-USDJPY-H4-daa47e6392bf,USDJPY,H4,LONG,Trend+Momentum
USDJPY_H4_980,1,SQX-USDJPY-H4-dad3168d5093,USDJPY,H4,LONG,Trend+Momentum+Volatility
USDJPY_H4_981,1,SQX-USDJPY-H4-dbf24468293a,USDJPY,H4,SHORT,Momentum+Volatility+Structure
USDJPY_H4_982,1,SQX-USDJPY-H4-dbfa61ce85e6,USDJPY,H4,LONG,Momentum
USDJPY_H4_983,1,SQX-USDJPY-H4-dc25b0fa18ab,USDJPY,H4,LONG,Momentum+Structure
USDJPY_H4_984,1,SQX-USDJPY-H4-dc3a5adee5d6,USDJPY,H4,LONG,Momentum+Structure
USDJPY_H4_985,1,SQX-USDJPY-H4-dc4035865870,USDJPY,H4,LONG,Trend+Momentum+Structure
USDJPY_H4_986,1,SQX-USDJPY-H4-dc80154fbc75,USDJPY,H4,LONG,Momentum
USDJPY_H4_987,1,SQX-USDJPY-H4-dca9004c4b8d,USDJPY,H4,LONG,Momentum+Structure
USDJPY_H4_988,1,SQX-USDJPY-H4-dd71a9ab1b0f,USDJPY,H4,LONG,Momentum+Volatility
USDJPY_H4_989,1,SQX-USDJPY-H4-dd8107ed369d,USDJPY,H4,LONG,Momentum+Structure
USDJPY_H4_990,1,SQX-USDJPY-H4-ddbfeb5998d5,USDJPY,H4,LONG,Trend+Structure
USDJPY_H4_991,1,SQX-USDJPY-H4-ddff87e2a936,USDJPY,H4,LONG,Trend+Momentum+Volatility
USDJPY_H4_992,1,SQX-USDJPY-H4-dec8911a7a59,USDJPY,H4,LONG,Trend+Momentum+Volatility
USDJPY_H4_993,1,SQX-USDJPY-H4-dfbc064917ca,USDJPY,H4,LONG,Momentum+Volatility+Structure
USDJPY_H4_994,1,SQX-USDJPY-H4-dfcd9bb0b2d2,USDJPY,H4,LONG,Trend+Structure
USDJPY_H4_995,1,SQX-USDJPY-H4-e06ab3193eb2,USDJPY,H4,LONG,Trend+Structure
USDJPY_H4_996,1,SQX-USDJPY-H4-e0d410591a79,USDJPY,H4,LONG,Momentum+Volatility+Structure
USDJPY_H4_997,1,SQX-USDJPY-H4-e1182d4721fd,USDJPY,H4,LONG,Trend+Momentum+Structure
USDJPY_H4_998,1,SQX-USDJPY-H4-e11e296059db,USDJPY,H4,LONG,Structure
USDJPY_H4_999,1,SQX-USDJPY-H4-e1343b1ef41c,USDJPY,H4,LONG,Momentum+Structure
USDJPY_H4_1000,1,SQX-USDJPY-H4-e14da7b6c5a2,USDJPY,H4,LONG,Trend+Momentum+Structure
USDJPY_H4_1001,1,SQX-USDJPY-H4-e1a2c8ca00d4,USDJPY,H4,LONG,Trend+Structure
USDJPY_H4_1002,1,SQX-USDJPY-H4-e27a66f41f98,USDJPY,H4,LONG,Momentum+Volatility
USDJPY_H4_1003,1,SQX-USDJPY-H4-e2b75ab25ad2,USDJPY,H4,LONG,Volatility+Structure
USDJPY_H4_1004,1,SQX-USDJPY-H4-e2bb9526e6d7,USDJPY,H4,LONG,Momentum+Volatility
USDJPY_H4_1005,1,SQX-USDJPY-H4-e2d19e4f28b9,USDJPY,H4,LONG,Volatility
USDJPY_H4_1006,1,SQX-USDJPY-H4-e341dc1256e8,USDJPY,H4,LONG,Trend+Volatility+Structure
USDJPY_H4_1007,1,SQX-USDJPY-H4-e356adedd10d,USDJPY,H4,LONG,Trend+Volatility
USDJPY_H4_1008,1,SQX-USDJPY-H4-e36d84360704,USDJPY,H4,LONG,Trend+Momentum+Structure
USDJPY_H4_1009,1,SQX-USDJPY-H4-e3ada9523ca8,USDJPY,H4,LONG,Momentum
USDJPY_H4_1010,1,SQX-USDJPY-H4-e3afd8798c98,USDJPY,H4,LONG,Momentum+Volatility+Structure
USDJPY_H4_1011,1,SQX-USDJPY-H4-e3c703bcc078,USDJPY,H4,LONG,Momentum
USDJPY_H4_1012,1,SQX-USDJPY-H4-e3d9fe44f855,USDJPY,H4,LONG,Trend+Structure
USDJPY_H4_1013,1,SQX-USDJPY-H4-e40a7a427a57,USDJPY,H4,LONG,Trend+Momentum+Structure
USDJPY_H4_1014,1,SQX-USDJPY-H4-e421f4455607,USDJPY,H4,SHORT,Volatility+Structure
USDJPY_H4_1015,1,SQX-USDJPY-H4-e4e4fa9b3927,USDJPY,H4,LONG,Volatility+Structure
USDJPY_H4_1016,1,SQX-USDJPY-H4-e4f4f0bb9857,USDJPY,H4,LONG,Momentum+Structure
USDJPY_H4_1017,1,SQX-USDJPY-H4-e5f6a40f6548,USDJPY,H4,LONG,Trend+Structure
USDJPY_H4_1018,1,SQX-USDJPY-H4-e64567d328b6,USDJPY,H4,LONG,Momentum+Volatility
USDJPY_H4_1019,1,SQX-USDJPY-H4-e648dbe94fb7,USDJPY,H4,LONG,Momentum
USDJPY_H4_1020,1,SQX-USDJPY-H4-e699ec50a34d,USDJPY,H4,LONG,Trend+Momentum+Structure
USDJPY_H4_1021,1,SQX-USDJPY-H4-e6b3106b71b6,USDJPY,H4,LONG,Momentum+Volatility+Structure
USDJPY_H4_1022,1,SQX-USDJPY-H4-e6c0121c7553,USDJPY,H4,SHORT,Trend+Structure
USDJPY_H4_1023,1,SQX-USDJPY-H4-e6f8382b064d,USDJPY,H4,LONG,Trend+Momentum+Structure
USDJPY_H4_1024,1,SQX-USDJPY-H4-e721552161da,USDJPY,H4,LONG,Momentum
USDJPY_H4_1025,1,SQX-USDJPY-H4-e7442da397a0,USDJPY,H4,LONG,Momentum+Structure
USDJPY_H4_1026,1,SQX-USDJPY-H4-e76be23494ef,USDJPY,H4,LONG,Trend+Volatility+Structure
USDJPY_H4_1027,1,SQX-USDJPY-H4-e7c09895a41f,USDJPY,H4,LONG,Trend
USDJPY_H4_1028,1,SQX-USDJPY-H4-e7cd900195e6,USDJPY,H4,LONG,Volatility+Structure
USDJPY_H4_1029,1,SQX-USDJPY-H4-e8532651efbf,USDJPY,H4,LONG,Momentum+Volatility+Structure
USDJPY_H4_1030,1,SQX-USDJPY-H4-e8621db98a82,USDJPY,H4,LONG,Volatility
USDJPY_H4_1031,1,SQX-USDJPY-H4-e8813b99a812,USDJPY,H4,LONG,Trend+Momentum+Structure
USDJPY_H4_1032,1,SQX-USDJPY-H4-e94be6b43906,USDJPY,H4,LONG,Momentum+Structure
USDJPY_H4_1033,1,SQX-USDJPY-H4-e9782cbe51a5,USDJPY,H4,LONG,Volatility+Structure
USDJPY_H4_1034,1,SQX-USDJPY-H4-ea2a86ac0cef,USDJPY,H4,LONG,Trend+Momentum
USDJPY_H4_1035,1,SQX-USDJPY-H4-ea3bdd54de84,USDJPY,H4,LONG,Volatility+Structure
USDJPY_H4_1036,1,SQX-USDJPY-H4-ea78d1bcf561,USDJPY,H4,LONG,Momentum+Structure
USDJPY_H4_1037,1,SQX-USDJPY-H4-eaac21c4780a,USDJPY,H4,LONG,Momentum
USDJPY_H4_1038,1,SQX-USDJPY-H4-eab862efc539,USDJPY,H4,LONG,Momentum+Volatility
USDJPY_H4_1039,1,SQX-USDJPY-H4-eae327c996f4,USDJPY,H4,LONG,Trend+Momentum+Volatility
USDJPY_H4_1040,1,SQX-USDJPY-H4-eaf1a172aa2e,USDJPY,H4,LONG,Trend+Volatility
USDJPY_H4_1041,1,SQX-USDJPY-H4-eb0a7ec6cb55,USDJPY,H4,LONG,Momentum
USDJPY_H4_1042,1,SQX-USDJPY-H4-eb5467c6e9bb,USDJPY,H4,LONG,Momentum
USDJPY_H4_1043,1,SQX-USDJPY-H4-eb8c7646f1a7,USDJPY,H4,LONG,Momentum+Volatility+Structure
USDJPY_H4_1044,1,SQX-USDJPY-H4-ebea8bd7a389,USDJPY,H4,LONG,Momentum+Volatility+Structure
USDJPY_H4_1045,1,SQX-USDJPY-H4-ebfbcc767744,USDJPY,H4,LONG,Momentum
USDJPY_H4_1046,1,SQX-USDJPY-H4-ec291e7f7931,USDJPY,H4,LONG,Momentum
USDJPY_H4_1047,1,SQX-USDJPY-H4-ec52b215c8cf,USDJPY,H4,LONG,Volatility
USDJPY_H4_1048,1,SQX-USDJPY-H4-ec76e8b7c917,USDJPY,H4,LONG,Trend+Structure
USDJPY_H4_1049,1,SQX-USDJPY-H4-ed95b8f5a0af,USDJPY,H4,LONG,Volatility+Structure
USDJPY_H4_1050,1,SQX-USDJPY-H4-ede72742a6c3,USDJPY,H4,LONG,Trend+Momentum
USDJPY_H4_1051,1,SQX-USDJPY-H4-ee07303dea02,USDJPY,H4,LONG,Trend+Volatility
USDJPY_H4_1052,1,SQX-USDJPY-H4-ee3b79fae26a,USDJPY,H4,LONG,Momentum
USDJPY_H4_1053,1,SQX-USDJPY-H4-eec4fb490ab7,USDJPY,H4,LONG,Trend+Volatility+Structure
USDJPY_H4_1054,1,SQX-USDJPY-H4-eefd23740bdb,USDJPY,H4,LONG,Momentum+Volatility
USDJPY_H4_1055,1,SQX-USDJPY-H4-ef0c3885fbb8,USDJPY,H4,LONG,Momentum+Structure
USDJPY_H4_1056,1,SQX-USDJPY-H4-ef6ade6b1993,USDJPY,H4,LONG,Trend+Volatility+Structure
USDJPY_H4_1057,1,SQX-USDJPY-H4-ef8d56aca2a3,USDJPY,H4,LONG,Trend+Structure
USDJPY_H4_1058,1,SQX-USDJPY-H4-ef9092e44329,USDJPY,H4,LONG,Trend+Structure
USDJPY_H4_1059,1,SQX-USDJPY-H4-efa63b1aafb2,USDJPY,H4,LONG,Momentum+Structure
USDJPY_H4_1060,1,SQX-USDJPY-H4-efc9a1be6b23,USDJPY,H4,LONG,Momentum+Volatility+Structure
USDJPY_H4_1061,1,SQX-USDJPY-H4-f01af5e73a28,USDJPY,H4,LONG,Volatility+Structure
USDJPY_H4_1062,1,SQX-USDJPY-H4-f028d8c38e74,USDJPY,H4,LONG,Trend+Momentum+Volatility
USDJPY_H4_1063,1,SQX-USDJPY-H4-f0994fff46c6,USDJPY,H4,LONG,Momentum+Structure
USDJPY_H4_1064,1,SQX-USDJPY-H4-f0c871324f60,USDJPY,H4,LONG,Trend+Structure
USDJPY_H4_1065,1,SQX-USDJPY-H4-f12c88377204,USDJPY,H4,LONG,Trend+Momentum
USDJPY_H4_1066,1,SQX-USDJPY-H4-f1477b2b9a0c,USDJPY,H4,LONG,Trend+Momentum+Structure
USDJPY_H4_1067,1,SQX-USDJPY-H4-f14806f00e51,USDJPY,H4,LONG,Momentum+Structure
USDJPY_H4_1068,1,SQX-USDJPY-H4-f17879703810,USDJPY,H4,LONG,Trend+Momentum+Structure
USDJPY_H4_1069,1,SQX-USDJPY-H4-f2098b8b0836,USDJPY,H4,LONG,Trend+Structure
USDJPY_H4_1070,1,SQX-USDJPY-H4-f27f2da0a98f,USDJPY,H4,LONG,Trend+Momentum+Structure
USDJPY_H4_1071,1,SQX-USDJPY-H4-f371fb3b3d49,USDJPY,H4,LONG,Momentum+Structure
USDJPY_H4_1072,1,SQX-USDJPY-H4-f3925dfe9871,USDJPY,H4,LONG,Trend+Momentum+Volatility
USDJPY_H4_1073,1,SQX-USDJPY-H4-f4059576f84d,USDJPY,H4,LONG,Trend+Volatility
USDJPY_H4_1074,1,SQX-USDJPY-H4-f418a4d1e79e,USDJPY,H4,LONG,Trend+Momentum+Volatility
USDJPY_H4_1075,1,SQX-USDJPY-H4-f46572957c14,USDJPY,H4,LONG,Momentum+Volatility
USDJPY_H4_1076,1,SQX-USDJPY-H4-f466ee68b7b7,USDJPY,H4,LONG,Trend+Structure
USDJPY_H4_1077,1,SQX-USDJPY-H4-f47dbf99fb2d,USDJPY,H4,LONG,Trend+Momentum+Volatility
USDJPY_H4_1078,1,SQX-USDJPY-H4-f49811a35cfa,USDJPY,H4,LONG,Volatility
USDJPY_H4_1079,1,SQX-USDJPY-H4-f52237062b06,USDJPY,H4,LONG,Trend+Momentum
USDJPY_H4_1080,1,SQX-USDJPY-H4-f52bf14e2f33,USDJPY,H4,LONG,Momentum+Volatility+Structure
USDJPY_H4_1081,1,SQX-USDJPY-H4-f56c29593f79,USDJPY,H4,LONG,Momentum+Structure
USDJPY_H4_1082,1,SQX-USDJPY-H4-f62c67190258,USDJPY,H4,LONG,Trend+Momentum+Structure
USDJPY_H4_1083,1,SQX-USDJPY-H4-f646958847b4,USDJPY,H4,LONG,Momentum+Structure
USDJPY_H4_1084,1,SQX-USDJPY-H4-f67a5795d9d2,USDJPY,H4,LONG,Momentum+Volatility+Structure
USDJPY_H4_1085,1,SQX-USDJPY-H4-f6aaf893442e,USDJPY,H4,LONG,Momentum+Volatility+Structure
USDJPY_H4_1086,1,SQX-USDJPY-H4-f6e76c5d960d,USDJPY,H4,LONG,Trend+Momentum+Volatility+Structure
USDJPY_H4_1087,1,SQX-USDJPY-H4-f79ee73dee9b,USDJPY,H4,LONG,Trend+Momentum
USDJPY_H4_1088,1,SQX-USDJPY-H4-f7caa36ac24b,USDJPY,H4,LONG,Structure
USDJPY_H4_1089,1,SQX-USDJPY-H4-f7cd70f644d5,USDJPY,H4,LONG,Trend+Volatility+Structure
USDJPY_H4_1090,1,SQX-USDJPY-H4-f7cd9318e39e,USDJPY,H4,LONG,Momentum+Structure
USDJPY_H4_1091,1,SQX-USDJPY-H4-f80272f0adf4,USDJPY,H4,LONG,Trend+Momentum
USDJPY_H4_1092,1,SQX-USDJPY-H4-f807438b3230,USDJPY,H4,LONG,Trend+Momentum
USDJPY_H4_1093,1,SQX-USDJPY-H4-f83bb5a4def5,USDJPY,H4,LONG,Momentum+Structure
USDJPY_H4_1094,1,SQX-USDJPY-H4-f899bb3ed600,USDJPY,H4,SHORT,Trend+Momentum+Structure
USDJPY_H4_1095,1,SQX-USDJPY-H4-f89c753e205f,USDJPY,H4,LONG,Momentum+Volatility
USDJPY_H4_1096,1,SQX-USDJPY-H4-f8a4ffe8905d,USDJPY,H4,LONG,Momentum+Structure
USDJPY_H4_1097,1,SQX-USDJPY-H4-f90408af3690,USDJPY,H4,LONG,Trend+Structure
USDJPY_H4_1098,1,SQX-USDJPY-H4-f9fbdb1d7711,USDJPY,H4,SHORT,Trend+Volatility
USDJPY_H4_1099,1,SQX-USDJPY-H4-fa52a583d543,USDJPY,H4,LONG,Momentum+Structure
USDJPY_H4_1100,1,SQX-USDJPY-H4-fa6d90bed375,USDJPY,H4,LONG,Trend+Structure
USDJPY_H4_1101,1,SQX-USDJPY-H4-fab0cd396b23,USDJPY,H4,SHORT,Trend+Volatility
USDJPY_H4_1102,1,SQX-USDJPY-H4-faf21408d6b6,USDJPY,H4,LONG,Trend+Momentum
USDJPY_H4_1103,1,SQX-USDJPY-H4-fb1fe5c4a83b,USDJPY,H4,LONG,Momentum+Volatility+Structure
USDJPY_H4_1104,1,SQX-USDJPY-H4-fc8ca731ba85,USDJPY,H4,LONG,Trend+Momentum+Volatility
USDJPY_H4_1105,1,SQX-USDJPY-H4-fd413b79b9d6,USDJPY,H4,LONG,Structure
USDJPY_H4_1106,1,SQX-USDJPY-H4-fe06b8c264c9,USDJPY,H4,LONG,Trend+Momentum+Structure
USDJPY_H4_1107,1,SQX-USDJPY-H4-fe0a68bfe841,USDJPY,H4,LONG,Volatility
USDJPY_H4_1108,1,SQX-USDJPY-H4-ff79602c46e1,USDJPY,H4,LONG,Volatility+Structure
USDJPY_H4_1109,1,SQX-USDJPY-H4-ff8f58b7f6d2,USDJPY,H4,LONG,Momentum+Volatility+Structure
USDJPY_H4_1110,1,SQX-USDJPY-H4-ffbd54331a3e,USDJPY,H4,LONG,Trend
USDJPY_H4_1111,1,SQX-USDJPY-H4-ffd0b29f90df,USDJPY,H4,LONG,Trend+Momentum+Volatility
USDJPY_H4_1112,1,SQX-USDJPY-H4-ffdeb76d6fb3,USDJPY,H4,LONG,Trend+Momentum+Structure
USDJPY_M15_1,19,SQX-USDJPY-M15-09b6a159d47b,USDJPY,M15,LONG,Momentum+Volatility
USDJPY_M15_1,19,SQX-USDJPY-M15-28479ba20dc7,USDJPY,M15,LONG,Momentum+Volatility
USDJPY_M15_1,19,SQX-USDJPY-M15-41ca939d8d93,USDJPY,M15,LONG,Momentum+Volatility
USDJPY_M15_1,19,SQX-USDJPY-M15-5f250a1cb225,USDJPY,M15,LONG,Momentum+Volatility
USDJPY_M15_1,19,SQX-USDJPY-M15-627fa958ff38,USDJPY,M15,LONG,Momentum+Volatility
USDJPY_M15_1,19,SQX-USDJPY-M15-63f779b8c540,USDJPY,M15,LONG,Momentum+Volatility
USDJPY_M15_1,19,SQX-USDJPY-M15-7d626f983770,USDJPY,M15,LONG,Momentum+Volatility
USDJPY_M15_1,19,SQX-USDJPY-M15-7fa206146373,USDJPY,M15,LONG,Momentum+Volatility
USDJPY_M15_1,19,SQX-USDJPY-M15-8c6854466868,USDJPY,M15,LONG,Momentum
USDJPY_M15_1,19,SQX-USDJPY-M15-8fc61637a35c,USDJPY,M15,LONG,Momentum+Volatility
USDJPY_M15_1,19,SQX-USDJPY-M15-97415f9350cd,USDJPY,M15,LONG,Momentum+Volatility
USDJPY_M15_1,19,SQX-USDJPY-M15-9db1a02470e2,USDJPY,M15,LONG,Momentum
USDJPY_M15_1,19,SQX-USDJPY-M15-abd8e6aabe50,USDJPY,M15,LONG,Momentum
USDJPY_M15_1,19,SQX-USDJPY-M15-e21103af449f,USDJPY,M15,LONG,Momentum+Volatility
USDJPY_M15_1,19,SQX-USDJPY-M15-e8f7f73b9f36,USDJPY,M15,LONG,Momentum
USDJPY_M15_1,19,SQX-USDJPY-M15-ebb674f0dac7,USDJPY,M15,LONG,Momentum
USDJPY_M15_1,19,SQX-USDJPY-M15-ee70111628f6,USDJPY,M15,LONG,Momentum
USDJPY_M15_1,19,SQX-USDJPY-M15-f663f223b16c,USDJPY,M15,LONG,Momentum+Volatility
USDJPY_M15_1,19,SQX-USDJPY-M15-fb4cdbbee698,USDJPY,M15,LONG,Momentum
USDJPY_M15_2,19,SQX-USDJPY-M15-0d19e752dbe3,USDJPY,M15,LONG,Trend+Momentum
USDJPY_M15_2,19,SQX-USDJPY-M15-2a0c61734b75,USDJPY,M15,LONG,Trend+Momentum
USDJPY_M15_2,19,SQX-USDJPY-M15-3446d78ab4f5,USDJPY,M15,LONG,Momentum
USDJPY_M15_2,19,SQX-USDJPY-M15-466c78f9e519,USDJPY,M15,LONG,Momentum+Volatility
USDJPY_M15_2,19,SQX-USDJPY-M15-4de9c90200d7,USDJPY,M15,LONG,Trend+Momentum
USDJPY_M15_2,19,SQX-USDJPY-M15-57566424282e,USDJPY,M15,LONG,Trend+Momentum
USDJPY_M15_2,19,SQX-USDJPY-M15-61c780491376,USDJPY,M15,LONG,Trend+Momentum+Volatility
USDJPY_M15_2,19,SQX-USDJPY-M15-72e455374b95,USDJPY,M15,LONG,Trend+Momentum
USDJPY_M15_2,19,SQX-USDJPY-M15-96e10ac63ba1,USDJPY,M15,LONG,Momentum+Volatility
USDJPY_M15_2,19,SQX-USDJPY-M15-9e3cd78cb986,USDJPY,M15,LONG,Trend+Momentum
USDJPY_M15_2,19,SQX-USDJPY-M15-a402599a2779,USDJPY,M15,LONG,Momentum+Volatility
USDJPY_M15_2,19,SQX-USDJPY-M15-bba2dfdc65cf,USDJPY,M15,LONG,Momentum
USDJPY_M15_2,19,SQX-USDJPY-M15-cbae40756497,USDJPY,M15,LONG,Momentum+Volatility
USDJPY_M15_2,19,SQX-USDJPY-M15-db2cf43a7dff,USDJPY,M15,LONG,Momentum
USDJPY_M15_2,19,SQX-USDJPY-M15-ef44ddf56e03,USDJPY,M15,LONG,Momentum
USDJPY_M15_2,19,SQX-USDJPY-M15-f03aabc645f5,USDJPY,M15,LONG,Momentum+Volatility
USDJPY_M15_2,19,SQX-USDJPY-M15-f18a7d879a98,USDJPY,M15,LONG,Momentum
USDJPY_M15_2,19,SQX-USDJPY-M15-f36a093186e1,USDJPY,M15,LONG,Momentum
USDJPY_M15_2,19,SQX-USDJPY-M15-fc2b3227305c,USDJPY,M15,LONG,Momentum
USDJPY_M15_3,3,SQX-USDJPY-M15-0a08fe674747,USDJPY,M15,LONG,Trend+Momentum
USDJPY_M15_3,3,SQX-USDJPY-M15-26ea7fa30f91,USDJPY,M15,LONG,Trend+Momentum
USDJPY_M15_3,3,SQX-USDJPY-M15-d0958ef39971,USDJPY,M15,LONG,Trend+Momentum
USDJPY_M15_4,3,SQX-USDJPY-M15-168fade419f1,USDJPY,M15,LONG,Trend+Structure
USDJPY_M15_4,3,SQX-USDJPY-M15-5113672c40f2,USDJPY,M15,LONG,Trend+Momentum+Structure
USDJPY_M15_4,3,SQX-USDJPY-M15-a0623eea38f6,USDJPY,M15,LONG,Trend+Structure
USDJPY_M15_5,3,SQX-USDJPY-M15-4e4ee978c1e6,USDJPY,M15,SHORT,Trend+Volatility+Structure
USDJPY_M15_5,3,SQX-USDJPY-M15-a3950d12ab7c,USDJPY,M15,SHORT,Trend+Volatility+Structure
USDJPY_M15_5,3,SQX-USDJPY-M15-c7ba2b930fd2,USDJPY,M15,SHORT,Trend+Volatility+Structure
USDJPY_M15_6,3,SQX-USDJPY-M15-5a0015ee0180,USDJPY,M15,SHORT,Trend+Volatility+Structure
USDJPY_M15_6,3,SQX-USDJPY-M15-a4412002301e,USDJPY,M15,SHORT,Trend+Volatility+Structure
USDJPY_M15_6,3,SQX-USDJPY-M15-ca4574a08803,USDJPY,M15,SHORT,Trend+Volatility+Structure
USDJPY_M15_7,2,SQX-USDJPY-M15-3c7fdff94cec,USDJPY,M15,LONG,Momentum+Volatility
USDJPY_M15_7,2,SQX-USDJPY-M15-802b8461df64,USDJPY,M15,LONG,Momentum+Volatility
USDJPY_M15_8,2,SQX-USDJPY-M15-469a7dd6d882,USDJPY,M15,LONG,Momentum+Volatility
USDJPY_M15_8,2,SQX-USDJPY-M15-d79485acb358,USDJPY,M15,LONG,Momentum+Volatility
USDJPY_M15_9,2,SQX-USDJPY-M15-5181c7251497,USDJPY,M15,SHORT,Momentum
USDJPY_M15_9,2,SQX-USDJPY-M15-fbeca84c66a7,USDJPY,M15,SHORT,Momentum
USDJPY_M15_10,2,SQX-USDJPY-M15-5d1c808d1dd2,USDJPY,M15,LONG,Trend+Momentum
USDJPY_M15_10,2,SQX-USDJPY-M15-8edfde88dc16,USDJPY,M15,LONG,Trend+Momentum+Volatility
USDJPY_M15_11,2,SQX-USDJPY-M15-62141a528364,USDJPY,M15,LONG,Trend+Momentum+Structure
USDJPY_M15_11,2,SQX-USDJPY-M15-bbc1050c278c,USDJPY,M15,LONG,Momentum+Structure
USDJPY_M15_12,2,SQX-USDJPY-M15-75d69135931f,USDJPY,M15,LONG,Momentum+Volatility
USDJPY_M15_12,2,SQX-USDJPY-M15-b44bffe1928b,USDJPY,M15,LONG,Momentum+Volatility
USDJPY_M15_13,2,SQX-USDJPY-M15-9321a7661220,USDJPY,M15,SHORT,Trend+Volatility
USDJPY_M15_13,2,SQX-USDJPY-M15-9c04074ccd80,USDJPY,M15,SHORT,Trend+Volatility
USDJPY_M15_14,2,SQX-USDJPY-M15-ace1b7a7de18,USDJPY,M15,LONG,Momentum+Volatility
USDJPY_M15_14,2,SQX-USDJPY-M15-c27b8f9fb446,USDJPY,M15,LONG,Momentum+Volatility
USDJPY_M15_15,1,SQX-USDJPY-M15-010e49bf4436,USDJPY,M15,LONG,Trend+Volatility
USDJPY_M15_16,1,SQX-USDJPY-M15-016dc41217c6,USDJPY,M15,LONG,Momentum+Volatility+Structure
USDJPY_M15_17,1,SQX-USDJPY-M15-020d9972bfe3,USDJPY,M15,SHORT,Trend+Volatility+Structure
USDJPY_M15_18,1,SQX-USDJPY-M15-02481e868f0a,USDJPY,M15,LONG,Trend+Volatility+Structure
USDJPY_M15_19,1,SQX-USDJPY-M15-04a6994d6104,USDJPY,M15,LONG,Trend+Momentum+Structure
USDJPY_M15_20,1,SQX-USDJPY-M15-04ffd0cee6ec,USDJPY,M15,SHORT,Volatility+Structure
USDJPY_M15_21,1,SQX-USDJPY-M15-06eb3ee3c8e1,USDJPY,M15,LONG,Trend+Momentum+Volatility
USDJPY_M15_22,1,SQX-USDJPY-M15-08c006d7cfe3,USDJPY,M15,SHORT,Trend+Momentum+Volatility
USDJPY_M15_23,1,SQX-USDJPY-M15-0a546c28a64f,USDJPY,M15,LONG,Trend+Momentum+Volatility
USDJPY_M15_24,1,SQX-USDJPY-M15-0ed38df3ff3c,USDJPY,M15,LONG,Trend+Volatility+Structure
USDJPY_M15_25,1,SQX-USDJPY-M15-0fa855971935,USDJPY,M15,LONG,Trend+Structure
USDJPY_M15_26,1,SQX-USDJPY-M15-127e3579176f,USDJPY,M15,LONG,Trend+Volatility+Structure
USDJPY_M15_27,1,SQX-USDJPY-M15-13748c58694d,USDJPY,M15,LONG,Momentum+Volatility
USDJPY_M15_28,1,SQX-USDJPY-M15-142e50f41bf8,USDJPY,M15,LONG,Trend+Momentum
USDJPY_M15_29,1,SQX-USDJPY-M15-16ca83537d30,USDJPY,M15,LONG,Trend+Volatility+Structure
USDJPY_M15_30,1,SQX-USDJPY-M15-2538f9a30c8f,USDJPY,M15,LONG,Trend+Volatility+Structure
USDJPY_M15_31,1,SQX-USDJPY-M15-256b8c214d71,USDJPY,M15,LONG,Trend+Volatility+Structure
USDJPY_M15_32,1,SQX-USDJPY-M15-257a34857884,USDJPY,M15,LONG,Momentum+Structure
USDJPY_M15_33,1,SQX-USDJPY-M15-349e3bb572e9,USDJPY,M15,SHORT,Momentum+Volatility
USDJPY_M15_34,1,SQX-USDJPY-M15-36b42b1dd870,USDJPY,M15,LONG,Trend+Momentum+Structure
USDJPY_M15_35,1,SQX-USDJPY-M15-3adf427300b0,USDJPY,M15,LONG,Trend+Volatility+Structure
USDJPY_M15_36,1,SQX-USDJPY-M15-3c2bb26fa45b,USDJPY,M15,LONG,Trend+Momentum+Volatility+Structure
USDJPY_M15_37,1,SQX-USDJPY-M15-40cfa52aa310,USDJPY,M15,SHORT,Momentum+Structure
USDJPY_M15_38,1,SQX-USDJPY-M15-41c0e12ce3d6,USDJPY,M15,LONG,Momentum+Structure
USDJPY_M15_39,1,SQX-USDJPY-M15-450e9913d204,USDJPY,M15,SHORT,Trend+Momentum+Volatility+Structure
USDJPY_M15_40,1,SQX-USDJPY-M15-453a11fa9046,USDJPY,M15,LONG,Trend+Structure
USDJPY_M15_41,1,SQX-USDJPY-M15-4a34b7a45bca,USDJPY,M15,LONG,Momentum+Structure
USDJPY_M15_42,1,SQX-USDJPY-M15-4c63da100f50,USDJPY,M15,LONG,Momentum+Volatility+Structure
USDJPY_M15_43,1,SQX-USDJPY-M15-4d451b951fa1,USDJPY,M15,LONG,Trend+Momentum+Structure
USDJPY_M15_44,1,SQX-USDJPY-M15-4dbe48b1a295,USDJPY,M15,LONG,Trend+Momentum
USDJPY_M15_45,1,SQX-USDJPY-M15-560e1a73b435,USDJPY,M15,LONG,Trend+Volatility+Structure
USDJPY_M15_46,1,SQX-USDJPY-M15-5aa7dfa6a9f5,USDJPY,M15,LONG,Trend+Momentum
USDJPY_M15_47,1,SQX-USDJPY-M15-5b0d3bb5fb26,USDJPY,M15,LONG,Trend+Momentum
USDJPY_M15_48,1,SQX-USDJPY-M15-5be2cfff76b8,USDJPY,M15,LONG,Trend+Momentum+Structure
USDJPY_M15_49,1,SQX-USDJPY-M15-5f4fc4ba5ada,USDJPY,M15,SHORT,Trend+Structure
USDJPY_M15_50,1,SQX-USDJPY-M15-5fe129bfdfb0,USDJPY,M15,LONG,Trend+Momentum+Volatility
USDJPY_M15_51,1,SQX-USDJPY-M15-64c8a728fc18,USDJPY,M15,SHORT,Trend+Volatility+Structure
USDJPY_M15_52,1,SQX-USDJPY-M15-6b4f06fc083f,USDJPY,M15,LONG,Momentum+Structure
USDJPY_M15_53,1,SQX-USDJPY-M15-6cd7f206e385,USDJPY,M15,LONG,Trend+Structure
USDJPY_M15_54,1,SQX-USDJPY-M15-6e5ca0f06668,USDJPY,M15,LONG,Trend+Volatility
USDJPY_M15_55,1,SQX-USDJPY-M15-71df7ef91de8,USDJPY,M15,LONG,Trend+Volatility+Structure
USDJPY_M15_56,1,SQX-USDJPY-M15-782ec29bc285,USDJPY,M15,LONG,Trend+Volatility+Structure
USDJPY_M15_57,1,SQX-USDJPY-M15-7c141ed9337d,USDJPY,M15,SHORT,Momentum+Structure
USDJPY_M15_58,1,SQX-USDJPY-M15-7e8afcc3b740,USDJPY,M15,LONG,Trend+Volatility+Structure
USDJPY_M15_59,1,SQX-USDJPY-M15-7ef500411c1f,USDJPY,M15,SHORT,Volatility+Structure
USDJPY_M15_60,1,SQX-USDJPY-M15-7f8e20dfe3c8,USDJPY,M15,SHORT,Trend+Momentum+Structure
USDJPY_M15_61,1,SQX-USDJPY-M15-84e04db0d00f,USDJPY,M15,LONG,Trend+Volatility
USDJPY_M15_62,1,SQX-USDJPY-M15-8665c258fdb2,USDJPY,M15,SHORT,Momentum+Volatility+Structure
USDJPY_M15_63,1,SQX-USDJPY-M15-8cce74f23c14,USDJPY,M15,LONG,Momentum+Volatility
USDJPY_M15_64,1,SQX-USDJPY-M15-912074ecf8ec,USDJPY,M15,LONG,Trend+Momentum
USDJPY_M15_65,1,SQX-USDJPY-M15-9b72bb128173,USDJPY,M15,SHORT,Momentum+Volatility+Structure
USDJPY_M15_66,1,SQX-USDJPY-M15-9de4a3cf847c,USDJPY,M15,LONG,Trend+Structure
USDJPY_M15_67,1,SQX-USDJPY-M15-9eea651a35cd,USDJPY,M15,SHORT,Trend+Momentum+Volatility+Structure
USDJPY_M15_68,1,SQX-USDJPY-M15-a66b59549ce8,USDJPY,M15,LONG,Trend+Volatility
USDJPY_M15_69,1,SQX-USDJPY-M15-a6d357ce65fc,USDJPY,M15,SHORT,Trend+Momentum+Structure
USDJPY_M15_70,1,SQX-USDJPY-M15-ab47fd50e8cb,USDJPY,M15,LONG,Momentum+Volatility+Structure
USDJPY_M15_71,1,SQX-USDJPY-M15-ae8a238b425f,USDJPY,M15,LONG,Trend+Volatility+Structure
USDJPY_M15_72,1,SQX-USDJPY-M15-b93fc3aed07f,USDJPY,M15,LONG,Trend+Volatility+Structure
USDJPY_M15_73,1,SQX-USDJPY-M15-c0f1d82363c7,USDJPY,M15,SHORT,Momentum+Structure
USDJPY_M15_74,1,SQX-USDJPY-M15-c0f87fe3ea5f,USDJPY,M15,LONG,Momentum+Volatility+Structure
USDJPY_M15_75,1,SQX-USDJPY-M15-c6f995521657,USDJPY,M15,SHORT,Volatility+Structure
USDJPY_M15_76,1,SQX-USDJPY-M15-c7fc0d87a988,USDJPY,M15,LONG,Trend+Volatility+Structure
USDJPY_M15_77,1,SQX-USDJPY-M15-ca495acdbddf,USDJPY,M15,LONG,Volatility+Structure
USDJPY_M15_78,1,SQX-USDJPY-M15-ce968918c5ac,USDJPY,M15,LONG,Trend+Volatility+Structure
USDJPY_M15_79,1,SQX-USDJPY-M15-ce9c05ab88fb,USDJPY,M15,LONG,Trend+Momentum+Structure
USDJPY_M15_80,1,SQX-USDJPY-M15-cea3bbec1abe,USDJPY,M15,LONG,Trend+Momentum+Volatility
USDJPY_M15_81,1,SQX-USDJPY-M15-d3019dae7259,USDJPY,M15,SHORT,Trend+Momentum
USDJPY_M15_82,1,SQX-USDJPY-M15-d635622b2798,USDJPY,M15,LONG,Trend+Momentum+Structure
USDJPY_M15_83,1,SQX-USDJPY-M15-d77315f15f03,USDJPY,M15,LONG,Momentum+Volatility
USDJPY_M15_84,1,SQX-USDJPY-M15-d94607754ce2,USDJPY,M15,LONG,Trend+Momentum+Volatility
USDJPY_M15_85,1,SQX-USDJPY-M15-e03af444c05f,USDJPY,M15,SHORT,Trend+Structure
USDJPY_M15_86,1,SQX-USDJPY-M15-e0aeabec2c77,USDJPY,M15,LONG,Structure
USDJPY_M15_87,1,SQX-USDJPY-M15-e0d4951f9910,USDJPY,M15,SHORT,Momentum+Volatility+Structure
USDJPY_M15_88,1,SQX-USDJPY-M15-e4e67431d7b5,USDJPY,M15,LONG,Trend+Volatility+Structure
USDJPY_M15_89,1,SQX-USDJPY-M15-e4eb8b1f34b0,USDJPY,M15,LONG,Momentum+Structure
USDJPY_M15_90,1,SQX-USDJPY-M15-e557404872a3,USDJPY,M15,SHORT,Trend+Structure
USDJPY_M15_91,1,SQX-USDJPY-M15-e7a47396d40d,USDJPY,M15,SHORT,Momentum+Volatility+Structure
USDJPY_M15_92,1,SQX-USDJPY-M15-eb2c218f1407,USDJPY,M15,LONG,Momentum+Structure
USDJPY_M15_93,1,SQX-USDJPY-M15-effb8c3daecb,USDJPY,M15,LONG,Trend+Momentum+Structure
USDJPY_M15_94,1,SQX-USDJPY-M15-f016ab918b0a,USDJPY,M15,SHORT,Trend+Momentum+Structure
USDJPY_M15_95,1,SQX-USDJPY-M15-f0df5f0b64c2,USDJPY,M15,SHORT,Momentum+Structure
USDJPY_M15_96,1,SQX-USDJPY-M15-f4c7a96a969b,USDJPY,M15,LONG,Trend+Volatility+Structure
USDJPY_M15_97,1,SQX-USDJPY-M15-f73e2c67cf35,USDJPY,M15,SHORT,Trend+Volatility+Structure
USDJPY_M15_98,1,SQX-USDJPY-M15-fa3e5afee5f2,USDJPY,M15,LONG,Trend+Structure
USDJPY_M15_99,1,SQX-USDJPY-M15-fb1149c37d44,USDJPY,M15,LONG,Trend+Momentum
USDJPY_M15_100,1,SQX-USDJPY-M15-fe7db5eb60d3,USDJPY,M15,SHORT,Trend+Volatility+Structure
XAUUSD_H1_1,65,SQX-XAUUSD-H1-097da54c332d,XAUUSD,H1,LONG,Trend
XAUUSD_H1_1,65,SQX-XAUUSD-H1-099858b83bac,XAUUSD,H1,LONG,Trend
XAUUSD_H1_1,65,SQX-XAUUSD-H1-0cc60e7f6732,XAUUSD,H1,LONG,Trend+Volatility
XAUUSD_H1_1,65,SQX-XAUUSD-H1-1ad31f867c5c,XAUUSD,H1,LONG,Trend
XAUUSD_H1_1,65,SQX-XAUUSD-H1-1b0ab6456246,XAUUSD,H1,LONG,Trend
XAUUSD_H1_1,65,SQX-XAUUSD-H1-1fe777f8566b,XAUUSD,H1,LONG,Trend
XAUUSD_H1_1,65,SQX-XAUUSD-H1-27d7653be61f,XAUUSD,H1,LONG,Trend
XAUUSD_H1_1,65,SQX-XAUUSD-H1-27e41f22916e,XAUUSD,H1,LONG,Trend+Volatility
XAUUSD_H1_1,65,SQX-XAUUSD-H1-282b8184c608,XAUUSD,H1,LONG,Trend
XAUUSD_H1_1,65,SQX-XAUUSD-H1-2ea64d91d916,XAUUSD,H1,LONG,Trend+Volatility
XAUUSD_H1_1,65,SQX-XAUUSD-H1-3183d606398c,XAUUSD,H1,LONG,Trend
XAUUSD_H1_1,65,SQX-XAUUSD-H1-31d2d6833625,XAUUSD,H1,LONG,Trend
XAUUSD_H1_1,65,SQX-XAUUSD-H1-340f0882c0bc,XAUUSD,H1,LONG,Trend+Volatility
XAUUSD_H1_1,65,SQX-XAUUSD-H1-35e948860256,XAUUSD,H1,LONG,Trend+Momentum
XAUUSD_H1_1,65,SQX-XAUUSD-H1-481b7e4632a6,XAUUSD,H1,LONG,Trend
XAUUSD_H1_1,65,SQX-XAUUSD-H1-498b0b7ad018,XAUUSD,H1,LONG,Trend
XAUUSD_H1_1,65,SQX-XAUUSD-H1-4aae7d499b44,XAUUSD,H1,LONG,Trend+Momentum+Volatility
XAUUSD_H1_1,65,SQX-XAUUSD-H1-4b29a300b8fd,XAUUSD,H1,LONG,Trend
XAUUSD_H1_1,65,SQX-XAUUSD-H1-4cb48a6f193b,XAUUSD,H1,LONG,Trend
XAUUSD_H1_1,65,SQX-XAUUSD-H1-4d476563813f,XAUUSD,H1,LONG,Trend
XAUUSD_H1_1,65,SQX-XAUUSD-H1-4e2d09b3347c,XAUUSD,H1,LONG,Trend
XAUUSD_H1_1,65,SQX-XAUUSD-H1-4ee147f87ea0,XAUUSD,H1,LONG,Trend
XAUUSD_H1_1,65,SQX-XAUUSD-H1-514d0c16bc04,XAUUSD,H1,LONG,Trend+Volatility
XAUUSD_H1_1,65,SQX-XAUUSD-H1-55154b2b201a,XAUUSD,H1,LONG,Trend
XAUUSD_H1_1,65,SQX-XAUUSD-H1-55a8beafa139,XAUUSD,H1,LONG,Trend
XAUUSD_H1_1,65,SQX-XAUUSD-H1-57433d68dbd6,XAUUSD,H1,LONG,Trend+Volatility
XAUUSD_H1_1,65,SQX-XAUUSD-H1-5bc81cdafeb2,XAUUSD,H1,LONG,Trend
XAUUSD_H1_1,65,SQX-XAUUSD-H1-625766ca7ad8,XAUUSD,H1,LONG,Trend+Momentum
XAUUSD_H1_1,65,SQX-XAUUSD-H1-662b77cf4104,XAUUSD,H1,LONG,Trend
XAUUSD_H1_1,65,SQX-XAUUSD-H1-6958e3f8f0f4,XAUUSD,H1,LONG,Trend
XAUUSD_H1_1,65,SQX-XAUUSD-H1-6b63c7fda219,XAUUSD,H1,LONG,Trend
XAUUSD_H1_1,65,SQX-XAUUSD-H1-6ee34792dfb4,XAUUSD,H1,LONG,Trend+Volatility
XAUUSD_H1_1,65,SQX-XAUUSD-H1-72488ed2db17,XAUUSD,H1,LONG,Trend+Volatility
XAUUSD_H1_1,65,SQX-XAUUSD-H1-750dd8cc9903,XAUUSD,H1,LONG,Trend
XAUUSD_H1_1,65,SQX-XAUUSD-H1-75e6b4f01a6c,XAUUSD,H1,LONG,Trend+Volatility
XAUUSD_H1_1,65,SQX-XAUUSD-H1-7cd01f677892,XAUUSD,H1,LONG,Trend
XAUUSD_H1_1,65,SQX-XAUUSD-H1-832978cd8619,XAUUSD,H1,LONG,Trend
XAUUSD_H1_1,65,SQX-XAUUSD-H1-848dbccbe135,XAUUSD,H1,LONG,Trend+Momentum
XAUUSD_H1_1,65,SQX-XAUUSD-H1-879c89121aaa,XAUUSD,H1,LONG,Trend+Volatility
XAUUSD_H1_1,65,SQX-XAUUSD-H1-8b7fa422b050,XAUUSD,H1,LONG,Trend
XAUUSD_H1_1,65,SQX-XAUUSD-H1-94cf081e2673,XAUUSD,H1,LONG,Trend+Volatility
XAUUSD_H1_1,65,SQX-XAUUSD-H1-94db66754a96,XAUUSD,H1,LONG,Trend
XAUUSD_H1_1,65,SQX-XAUUSD-H1-992522282aa6,XAUUSD,H1,LONG,Trend
XAUUSD_H1_1,65,SQX-XAUUSD-H1-9f18e6c19194,XAUUSD,H1,LONG,Trend+Momentum
XAUUSD_H1_1,65,SQX-XAUUSD-H1-a34398ea2ae7,XAUUSD,H1,LONG,Trend+Momentum
XAUUSD_H1_1,65,SQX-XAUUSD-H1-a5d486ce6972,XAUUSD,H1,LONG,Trend+Volatility
XAUUSD_H1_1,65,SQX-XAUUSD-H1-a5fb087a58ef,XAUUSD,H1,LONG,Trend
XAUUSD_H1_1,65,SQX-XAUUSD-H1-a95237f1d6c7,XAUUSD,H1,LONG,Trend
XAUUSD_H1_1,65,SQX-XAUUSD-H1-aa852b88a888,XAUUSD,H1,LONG,Trend
XAUUSD_H1_1,65,SQX-XAUUSD-H1-ae9c55232c12,XAUUSD,H1,LONG,Trend+Volatility
XAUUSD_H1_1,65,SQX-XAUUSD-H1-b24e27ed50f2,XAUUSD,H1,LONG,Trend
XAUUSD_H1_1,65,SQX-XAUUSD-H1-b63a2535ace5,XAUUSD,H1,LONG,Trend+Momentum
XAUUSD_H1_1,65,SQX-XAUUSD-H1-b7d07868ca90,XAUUSD,H1,LONG,Trend
XAUUSD_H1_1,65,SQX-XAUUSD-H1-b9dd2a118da5,XAUUSD,H1,LONG,Trend
XAUUSD_H1_1,65,SQX-XAUUSD-H1-c851b6e21de7,XAUUSD,H1,LONG,Trend
XAUUSD_H1_1,65,SQX-XAUUSD-H1-d03a4ba18b86,XAUUSD,H1,LONG,Trend+Momentum
XAUUSD_H1_1,65,SQX-XAUUSD-H1-d1f7428d6593,XAUUSD,H1,LONG,Trend
XAUUSD_H1_1,65,SQX-XAUUSD-H1-d5795f203bc1,XAUUSD,H1,LONG,Trend
XAUUSD_H1_1,65,SQX-XAUUSD-H1-e0b21abdc7c1,XAUUSD,H1,LONG,Trend
XAUUSD_H1_1,65,SQX-XAUUSD-H1-e2a6fc20b9d6,XAUUSD,H1,LONG,Trend
XAUUSD_H1_1,65,SQX-XAUUSD-H1-e2da4f151b4a,XAUUSD,H1,LONG,Trend
XAUUSD_H1_1,65,SQX-XAUUSD-H1-f35cae423db6,XAUUSD,H1,LONG,Trend
XAUUSD_H1_1,65,SQX-XAUUSD-H1-f6bd715a500f,XAUUSD,H1,LONG,Trend
XAUUSD_H1_1,65,SQX-XAUUSD-H1-fc8405a9509d,XAUUSD,H1,LONG,Trend+Volatility
XAUUSD_H1_1,65,SQX-XAUUSD-H1-fe265d6b0b58,XAUUSD,H1,LONG,Trend+Volatility
XAUUSD_H1_2,59,SQX-XAUUSD-H1-02cc1c001fa6,XAUUSD,H1,LONG,Trend+Volatility
XAUUSD_H1_2,59,SQX-XAUUSD-H1-05253867e3f3,XAUUSD,H1,LONG,Trend+Volatility
XAUUSD_H1_2,59,SQX-XAUUSD-H1-05fb55c9b96a,XAUUSD,H1,LONG,Trend+Volatility
XAUUSD_H1_2,59,SQX-XAUUSD-H1-074d4245b62d,XAUUSD,H1,LONG,Trend+Volatility
XAUUSD_H1_2,59,SQX-XAUUSD-H1-075b9173c072,XAUUSD,H1,LONG,Trend+Volatility
XAUUSD_H1_2,59,SQX-XAUUSD-H1-07d5ef8ef6c3,XAUUSD,H1,LONG,Trend+Momentum+Volatility
XAUUSD_H1_2,59,SQX-XAUUSD-H1-08ab98d73f5e,XAUUSD,H1,LONG,Trend+Volatility
XAUUSD_H1_2,59,SQX-XAUUSD-H1-0c6fbdd911c8,XAUUSD,H1,LONG,Trend
XAUUSD_H1_2,59,SQX-XAUUSD-H1-0d7e55049ccb,XAUUSD,H1,LONG,Trend+Momentum
XAUUSD_H1_2,59,SQX-XAUUSD-H1-0fce4b9a1f9e,XAUUSD,H1,LONG,Trend+Volatility
XAUUSD_H1_2,59,SQX-XAUUSD-H1-11fd1042b6a6,XAUUSD,H1,LONG,Trend+Volatility
XAUUSD_H1_2,59,SQX-XAUUSD-H1-11fd68e0d9df,XAUUSD,H1,LONG,Trend+Volatility
XAUUSD_H1_2,59,SQX-XAUUSD-H1-13dbb8c3bd1a,XAUUSD,H1,LONG,Trend+Momentum+Volatility
XAUUSD_H1_2,59,SQX-XAUUSD-H1-1c9a22290209,XAUUSD,H1,LONG,Trend
XAUUSD_H1_2,59,SQX-XAUUSD-H1-23f77f916f08,XAUUSD,H1,LONG,Trend+Volatility
XAUUSD_H1_2,59,SQX-XAUUSD-H1-27e23bf01d38,XAUUSD,H1,LONG,Trend+Momentum+Volatility
XAUUSD_H1_2,59,SQX-XAUUSD-H1-2affe5813790,XAUUSD,H1,LONG,Trend+Momentum
XAUUSD_H1_2,59,SQX-XAUUSD-H1-33824cd26007,XAUUSD,H1,LONG,Trend
XAUUSD_H1_2,59,SQX-XAUUSD-H1-347cf97e5c4a,XAUUSD,H1,LONG,Trend
XAUUSD_H1_2,59,SQX-XAUUSD-H1-3e411c84ff73,XAUUSD,H1,LONG,Trend+Momentum
XAUUSD_H1_2,59,SQX-XAUUSD-H1-49faba68da2b,XAUUSD,H1,LONG,Trend+Volatility
XAUUSD_H1_2,59,SQX-XAUUSD-H1-5172b9315269,XAUUSD,H1,LONG,Trend+Volatility
XAUUSD_H1_2,59,SQX-XAUUSD-H1-595eda56de5e,XAUUSD,H1,LONG,Trend+Volatility
XAUUSD_H1_2,59,SQX-XAUUSD-H1-62f3c3520000,XAUUSD,H1,LONG,Trend
XAUUSD_H1_2,59,SQX-XAUUSD-H1-63f01079c8c6,XAUUSD,H1,LONG,Trend
XAUUSD_H1_2,59,SQX-XAUUSD-H1-662d2e85706d,XAUUSD,H1,LONG,Trend+Volatility
XAUUSD_H1_2,59,SQX-XAUUSD-H1-6d23ab8e2ef2,XAUUSD,H1,LONG,Trend
XAUUSD_H1_2,59,SQX-XAUUSD-H1-70fec0e7f837,XAUUSD,H1,LONG,Trend+Volatility
XAUUSD_H1_2,59,SQX-XAUUSD-H1-75e04608b54e,XAUUSD,H1,LONG,Trend
XAUUSD_H1_2,59,SQX-XAUUSD-H1-79112317666d,XAUUSD,H1,LONG,Trend+Momentum
XAUUSD_H1_2,59,SQX-XAUUSD-H1-7c44e2b80ebf,XAUUSD,H1,LONG,Trend+Momentum+Volatility
XAUUSD_H1_2,59,SQX-XAUUSD-H1-8477aa62099e,XAUUSD,H1,LONG,Trend+Volatility
XAUUSD_H1_2,59,SQX-XAUUSD-H1-86b843dc4c03,XAUUSD,H1,LONG,Trend+Momentum+Volatility
XAUUSD_H1_2,59,SQX-XAUUSD-H1-96f8c9081192,XAUUSD,H1,LONG,Trend
XAUUSD_H1_2,59,SQX-XAUUSD-H1-a5af085fa696,XAUUSD,H1,LONG,Trend
XAUUSD_H1_2,59,SQX-XAUUSD-H1-a7a9c7fc070b,XAUUSD,H1,LONG,Trend+Volatility
XAUUSD_H1_2,59,SQX-XAUUSD-H1-aabec415c5bf,XAUUSD,H1,LONG,Trend+Volatility
XAUUSD_H1_2,59,SQX-XAUUSD-H1-aba74936e5f7,XAUUSD,H1,LONG,Trend+Momentum
XAUUSD_H1_2,59,SQX-XAUUSD-H1-aec9fbd6ab3c,XAUUSD,H1,LONG,Trend+Momentum
XAUUSD_H1_2,59,SQX-XAUUSD-H1-af687825e9ac,XAUUSD,H1,LONG,Trend+Volatility
XAUUSD_H1_2,59,SQX-XAUUSD-H1-afcd056f2a41,XAUUSD,H1,LONG,Trend
XAUUSD_H1_2,59,SQX-XAUUSD-H1-b5eb90a09d12,XAUUSD,H1,LONG,Momentum+Volatility
XAUUSD_H1_2,59,SQX-XAUUSD-H1-bb412fe4899a,XAUUSD,H1,LONG,Trend
XAUUSD_H1_2,59,SQX-XAUUSD-H1-bc18e3b48f65,XAUUSD,H1,LONG,Trend
XAUUSD_H1_2,59,SQX-XAUUSD-H1-bd457001ba6a,XAUUSD,H1,LONG,Trend
XAUUSD_H1_2,59,SQX-XAUUSD-H1-bf369f5e4080,XAUUSD,H1,LONG,Trend+Volatility
XAUUSD_H1_2,59,SQX-XAUUSD-H1-c7c50562871a,XAUUSD,H1,LONG,Trend
XAUUSD_H1_2,59,SQX-XAUUSD-H1-cc04f7dacc05,XAUUSD,H1,LONG,Trend+Volatility
XAUUSD_H1_2,59,SQX-XAUUSD-H1-cf34046d505c,XAUUSD,H1,LONG,Trend+Volatility
XAUUSD_H1_2,59,SQX-XAUUSD-H1-d31e8b6fb53a,XAUUSD,H1,LONG,Trend+Volatility
XAUUSD_H1_2,59,SQX-XAUUSD-H1-d4167cf9b23a,XAUUSD,H1,LONG,Trend+Volatility
XAUUSD_H1_2,59,SQX-XAUUSD-H1-d4f5797726f9,XAUUSD,H1,LONG,Trend+Volatility
XAUUSD_H1_2,59,SQX-XAUUSD-H1-e32dad48cf35,XAUUSD,H1,LONG,Trend+Volatility
XAUUSD_H1_2,59,SQX-XAUUSD-H1-e7ac26b673ea,XAUUSD,H1,LONG,Trend
XAUUSD_H1_2,59,SQX-XAUUSD-H1-e9a08281202d,XAUUSD,H1,LONG,Trend+Momentum
XAUUSD_H1_2,59,SQX-XAUUSD-H1-ea292b42e4bf,XAUUSD,H1,LONG,Trend+Volatility
XAUUSD_H1_2,59,SQX-XAUUSD-H1-f50f9714badb,XAUUSD,H1,LONG,Trend+Volatility
XAUUSD_H1_2,59,SQX-XAUUSD-H1-f65346a9ea96,XAUUSD,H1,LONG,Trend+Volatility
XAUUSD_H1_2,59,SQX-XAUUSD-H1-fe572bf5e0d8,XAUUSD,H1,LONG,Trend
XAUUSD_H1_3,41,SQX-XAUUSD-H1-04b1f097a5ea,XAUUSD,H1,LONG,Trend+Volatility
XAUUSD_H1_3,41,SQX-XAUUSD-H1-09f530bcf816,XAUUSD,H1,LONG,Trend+Volatility
XAUUSD_H1_3,41,SQX-XAUUSD-H1-0d44b3404e09,XAUUSD,H1,LONG,Trend+Volatility
XAUUSD_H1_3,41,SQX-XAUUSD-H1-11652b202064,XAUUSD,H1,LONG,Trend+Momentum+Volatility
XAUUSD_H1_3,41,SQX-XAUUSD-H1-1a546f7042d7,XAUUSD,H1,LONG,Trend+Volatility
XAUUSD_H1_3,41,SQX-XAUUSD-H1-1d71e80cef13,XAUUSD,H1,LONG,Trend+Volatility
XAUUSD_H1_3,41,SQX-XAUUSD-H1-227762d9c875,XAUUSD,H1,LONG,Trend+Volatility
XAUUSD_H1_3,41,SQX-XAUUSD-H1-2899d0f1f38e,XAUUSD,H1,LONG,Trend+Volatility
XAUUSD_H1_3,41,SQX-XAUUSD-H1-3b0388f49a43,XAUUSD,H1,LONG,Trend+Volatility
XAUUSD_H1_3,41,SQX-XAUUSD-H1-3d4517bc55e8,XAUUSD,H1,LONG,Trend+Volatility
XAUUSD_H1_3,41,SQX-XAUUSD-H1-413e83a2ba81,XAUUSD,H1,LONG,Trend+Volatility
XAUUSD_H1_3,41,SQX-XAUUSD-H1-438e1bf4c56a,XAUUSD,H1,LONG,Trend+Volatility
XAUUSD_H1_3,41,SQX-XAUUSD-H1-4460cd1e16d6,XAUUSD,H1,LONG,Trend+Volatility
XAUUSD_H1_3,41,SQX-XAUUSD-H1-49b46b47bfbc,XAUUSD,H1,LONG,Trend+Volatility
XAUUSD_H1_3,41,SQX-XAUUSD-H1-4ae122fd0600,XAUUSD,H1,LONG,Trend+Momentum+Volatility+Structure
XAUUSD_H1_3,41,SQX-XAUUSD-H1-4f16e36205a9,XAUUSD,H1,LONG,Trend+Volatility
XAUUSD_H1_3,41,SQX-XAUUSD-H1-5b962e27e421,XAUUSD,H1,LONG,Trend+Volatility
XAUUSD_H1_3,41,SQX-XAUUSD-H1-6405fe6a5916,XAUUSD,H1,LONG,Trend+Volatility
XAUUSD_H1_3,41,SQX-XAUUSD-H1-66bdcb39e774,XAUUSD,H1,LONG,Trend+Volatility
XAUUSD_H1_3,41,SQX-XAUUSD-H1-69d0d33b14f4,XAUUSD,H1,LONG,Trend+Volatility
XAUUSD_H1_3,41,SQX-XAUUSD-H1-6ecf7bb97def,XAUUSD,H1,LONG,Trend+Volatility
XAUUSD_H1_3,41,SQX-XAUUSD-H1-73f02d42f71a,XAUUSD,H1,LONG,Trend+Volatility
XAUUSD_H1_3,41,SQX-XAUUSD-H1-791b12ba564f,XAUUSD,H1,LONG,Trend+Volatility
XAUUSD_H1_3,41,SQX-XAUUSD-H1-7a24dda7439c,XAUUSD,H1,LONG,Trend+Volatility
XAUUSD_H1_3,41,SQX-XAUUSD-H1-8150d8e9b4ad,XAUUSD,H1,LONG,Trend+Momentum+Volatility+Structure
XAUUSD_H1_3,41,SQX-XAUUSD-H1-82bd505bf9c2,XAUUSD,H1,LONG,Trend+Volatility
XAUUSD_H1_3,41,SQX-XAUUSD-H1-830e3cabecca,XAUUSD,H1,LONG,Trend+Volatility
XAUUSD_H1_3,41,SQX-XAUUSD-H1-832d4f63c2e3,XAUUSD,H1,LONG,Trend+Volatility
XAUUSD_H1_3,41,SQX-XAUUSD-H1-89dfea3cce4a,XAUUSD,H1,LONG,Trend+Volatility
XAUUSD_H1_3,41,SQX-XAUUSD-H1-9c80744a865b,XAUUSD,H1,LONG,Trend+Volatility
XAUUSD_H1_3,41,SQX-XAUUSD-H1-ade7fd3ce40b,XAUUSD,H1,LONG,Trend+Momentum+Volatility
XAUUSD_H1_3,41,SQX-XAUUSD-H1-b01008091b96,XAUUSD,H1,LONG,Trend+Volatility
XAUUSD_H1_3,41,SQX-XAUUSD-H1-b1addcb2bef5,XAUUSD,H1,LONG,Trend+Volatility
XAUUSD_H1_3,41,SQX-XAUUSD-H1-c2c288f82648,XAUUSD,H1,LONG,Trend+Volatility
XAUUSD_H1_3,41,SQX-XAUUSD-H1-c8f265d725c3,XAUUSD,H1,LONG,Trend+Momentum+Volatility
XAUUSD_H1_3,41,SQX-XAUUSD-H1-ccda2c3429d6,XAUUSD,H1,LONG,Trend+Volatility
XAUUSD_H1_3,41,SQX-XAUUSD-H1-d70b90a58015,XAUUSD,H1,LONG,Trend+Momentum+Volatility
XAUUSD_H1_3,41,SQX-XAUUSD-H1-dfb123bc6fbb,XAUUSD,H1,LONG,Trend+Volatility
XAUUSD_H1_3,41,SQX-XAUUSD-H1-e1828b393855,XAUUSD,H1,LONG,Trend+Momentum+Volatility
XAUUSD_H1_3,41,SQX-XAUUSD-H1-e9b94ed0e9a4,XAUUSD,H1,LONG,Trend+Volatility
XAUUSD_H1_3,41,SQX-XAUUSD-H1-fbac17bf7b89,XAUUSD,H1,LONG,Trend+Volatility
XAUUSD_H1_4,37,SQX-XAUUSD-H1-05b69a2872a4,XAUUSD,H1,LONG,Trend+Momentum
XAUUSD_H1_4,37,SQX-XAUUSD-H1-0985f988d7b3,XAUUSD,H1,LONG,Trend+Momentum
XAUUSD_H1_4,37,SQX-XAUUSD-H1-0b49b8282aa6,XAUUSD,H1,LONG,Trend+Momentum
XAUUSD_H1_4,37,SQX-XAUUSD-H1-0fc8c3186368,XAUUSD,H1,LONG,Momentum
XAUUSD_H1_4,37,SQX-XAUUSD-H1-11af6a443f3d,XAUUSD,H1,LONG,Momentum
XAUUSD_H1_4,37,SQX-XAUUSD-H1-1436215739b3,XAUUSD,H1,LONG,Momentum+Volatility
XAUUSD_H1_4,37,SQX-XAUUSD-H1-233f4cd500b6,XAUUSD,H1,LONG,Trend+Momentum
XAUUSD_H1_4,37,SQX-XAUUSD-H1-2819b6c1996d,XAUUSD,H1,LONG,Momentum+Volatility
XAUUSD_H1_4,37,SQX-XAUUSD-H1-2a2d61cb0b17,XAUUSD,H1,LONG,Trend+Momentum
XAUUSD_H1_4,37,SQX-XAUUSD-H1-2edc2f933bae,XAUUSD,H1,LONG,Trend+Momentum
XAUUSD_H1_4,37,SQX-XAUUSD-H1-33867e0ffb5a,XAUUSD,H1,LONG,Momentum+Volatility
XAUUSD_H1_4,37,SQX-XAUUSD-H1-36ac131b2ae2,XAUUSD,H1,LONG,Momentum
XAUUSD_H1_4,37,SQX-XAUUSD-H1-396d321a92e9,XAUUSD,H1,LONG,Momentum
XAUUSD_H1_4,37,SQX-XAUUSD-H1-3b7b12459a2d,XAUUSD,H1,LONG,Trend+Momentum
XAUUSD_H1_4,37,SQX-XAUUSD-H1-5134294b1445,XAUUSD,H1,LONG,Trend+Momentum
XAUUSD_H1_4,37,SQX-XAUUSD-H1-5508a145ea25,XAUUSD,H1,LONG,Trend+Momentum
XAUUSD_H1_4,37,SQX-XAUUSD-H1-5605acd3fe14,XAUUSD,H1,LONG,Trend+Momentum
XAUUSD_H1_4,37,SQX-XAUUSD-H1-5c92995e7d7a,XAUUSD,H1,LONG,Trend+Momentum
XAUUSD_H1_4,37,SQX-XAUUSD-H1-6f1d0cf54eca,XAUUSD,H1,LONG,Momentum
XAUUSD_H1_4,37,SQX-XAUUSD-H1-70d5ce4d927f,XAUUSD,H1,LONG,Momentum+Volatility
XAUUSD_H1_4,37,SQX-XAUUSD-H1-78e6bd4a62d1,XAUUSD,H1,LONG,Trend+Momentum
XAUUSD_H1_4,37,SQX-XAUUSD-H1-79ea17070d37,XAUUSD,H1,LONG,Trend+Momentum
XAUUSD_H1_4,37,SQX-XAUUSD-H1-840f0c2e9288,XAUUSD,H1,LONG,Trend+Momentum
XAUUSD_H1_4,37,SQX-XAUUSD-H1-8b4e13f1dae8,XAUUSD,H1,LONG,Trend+Momentum
XAUUSD_H1_4,37,SQX-XAUUSD-H1-b5a2fa9a44eb,XAUUSD,H1,LONG,Momentum
XAUUSD_H1_4,37,SQX-XAUUSD-H1-bdd9fda101fd,XAUUSD,H1,LONG,Trend+Momentum+Volatility
XAUUSD_H1_4,37,SQX-XAUUSD-H1-c81a6556d637,XAUUSD,H1,LONG,Trend+Momentum
XAUUSD_H1_4,37,SQX-XAUUSD-H1-c828732ba555,XAUUSD,H1,LONG,Trend+Momentum+Volatility
XAUUSD_H1_4,37,SQX-XAUUSD-H1-c9748a698226,XAUUSD,H1,LONG,Trend+Momentum
XAUUSD_H1_4,37,SQX-XAUUSD-H1-ca54b2441245,XAUUSD,H1,LONG,Trend+Momentum
XAUUSD_H1_4,37,SQX-XAUUSD-H1-d6eceee44dec,XAUUSD,H1,LONG,Momentum+Structure
XAUUSD_H1_4,37,SQX-XAUUSD-H1-da3bbd7beda9,XAUUSD,H1,LONG,Momentum
XAUUSD_H1_4,37,SQX-XAUUSD-H1-deaa44fec606,XAUUSD,H1,LONG,Trend+Momentum+Volatility
XAUUSD_H1_4,37,SQX-XAUUSD-H1-e161a5e34982,XAUUSD,H1,LONG,Momentum
XAUUSD_H1_4,37,SQX-XAUUSD-H1-e477543348c7,XAUUSD,H1,LONG,Trend+Momentum
XAUUSD_H1_4,37,SQX-XAUUSD-H1-e4cb79fba49c,XAUUSD,H1,LONG,Trend+Momentum
XAUUSD_H1_4,37,SQX-XAUUSD-H1-f2d41cad77fd,XAUUSD,H1,LONG,Trend+Momentum+Volatility
XAUUSD_H1_5,33,SQX-XAUUSD-H1-02a1a86510a5,XAUUSD,H1,LONG,Trend+Momentum+Volatility
XAUUSD_H1_5,33,SQX-XAUUSD-H1-052bb41baed3,XAUUSD,H1,LONG,Trend+Volatility
XAUUSD_H1_5,33,SQX-XAUUSD-H1-0a739907782d,XAUUSD,H1,LONG,Trend+Volatility
XAUUSD_H1_5,33,SQX-XAUUSD-H1-1287e3d601b7,XAUUSD,H1,LONG,Trend
XAUUSD_H1_5,33,SQX-XAUUSD-H1-21cfff803610,XAUUSD,H1,LONG,Trend+Volatility
XAUUSD_H1_5,33,SQX-XAUUSD-H1-307874744cc8,XAUUSD,H1,LONG,Trend+Momentum
XAUUSD_H1_5,33,SQX-XAUUSD-H1-45d733f7eaf4,XAUUSD,H1,LONG,Trend
XAUUSD_H1_5,33,SQX-XAUUSD-H1-480589eb25ec,XAUUSD,H1,LONG,Trend
XAUUSD_H1_5,33,SQX-XAUUSD-H1-4e14241272a6,XAUUSD,H1,LONG,Trend+Momentum
XAUUSD_H1_5,33,SQX-XAUUSD-H1-5543f872401f,XAUUSD,H1,LONG,Trend
XAUUSD_H1_5,33,SQX-XAUUSD-H1-5576d1086fdc,XAUUSD,H1,LONG,Trend
XAUUSD_H1_5,33,SQX-XAUUSD-H1-59f2bfba3706,XAUUSD,H1,LONG,Trend+Momentum+Volatility
XAUUSD_H1_5,33,SQX-XAUUSD-H1-5b1faeb12bf8,XAUUSD,H1,LONG,Trend+Momentum
XAUUSD_H1_5,33,SQX-XAUUSD-H1-64a26fdbf964,XAUUSD,H1,LONG,Trend
XAUUSD_H1_5,33,SQX-XAUUSD-H1-775c79dfa4c0,XAUUSD,H1,LONG,Trend
XAUUSD_H1_5,33,SQX-XAUUSD-H1-7c0229608a05,XAUUSD,H1,LONG,Trend
XAUUSD_H1_5,33,SQX-XAUUSD-H1-7f4f0aea6e20,XAUUSD,H1,LONG,Trend
XAUUSD_H1_5,33,SQX-XAUUSD-H1-866d2b3d23a0,XAUUSD,H1,LONG,Trend+Volatility
XAUUSD_H1_5,33,SQX-XAUUSD-H1-9332ccbfd654,XAUUSD,H1,LONG,Trend+Volatility
XAUUSD_H1_5,33,SQX-XAUUSD-H1-960cf72593be,XAUUSD,H1,LONG,Trend
XAUUSD_H1_5,33,SQX-XAUUSD-H1-9e9dd56a8cf4,XAUUSD,H1,LONG,Trend
XAUUSD_H1_5,33,SQX-XAUUSD-H1-9f46256739bd,XAUUSD,H1,LONG,Trend+Volatility
XAUUSD_H1_5,33,SQX-XAUUSD-H1-9fe23ffca288,XAUUSD,H1,LONG,Trend+Volatility
XAUUSD_H1_5,33,SQX-XAUUSD-H1-ae0c754d209c,XAUUSD,H1,LONG,Trend+Momentum
XAUUSD_H1_5,33,SQX-XAUUSD-H1-b58a01743c97,XAUUSD,H1,LONG,Trend
XAUUSD_H1_5,33,SQX-XAUUSD-H1-b95a43fb29cc,XAUUSD,H1,LONG,Trend+Momentum
XAUUSD_H1_5,33,SQX-XAUUSD-H1-bc6253407f5e,XAUUSD,H1,LONG,Trend+Volatility
XAUUSD_H1_5,33,SQX-XAUUSD-H1-e6ca93a557df,XAUUSD,H1,LONG,Trend+Momentum
XAUUSD_H1_5,33,SQX-XAUUSD-H1-ec0709989407,XAUUSD,H1,LONG,Trend+Momentum
XAUUSD_H1_5,33,SQX-XAUUSD-H1-f1e0296cc763,XAUUSD,H1,LONG,Trend
XAUUSD_H1_5,33,SQX-XAUUSD-H1-f933ea6e3b04,XAUUSD,H1,LONG,Trend+Volatility
XAUUSD_H1_5,33,SQX-XAUUSD-H1-ff81626e3868,XAUUSD,H1,LONG,Trend
XAUUSD_H1_5,33,SQX-XAUUSD-H1-fff37309633d,XAUUSD,H1,LONG,Trend+Volatility
XAUUSD_H1_6,23,SQX-XAUUSD-H1-036010e836db,XAUUSD,H1,LONG,Trend+Volatility+Structure
XAUUSD_H1_6,23,SQX-XAUUSD-H1-074b20e56af9,XAUUSD,H1,LONG,Trend+Momentum+Volatility+Structure
XAUUSD_H1_6,23,SQX-XAUUSD-H1-08894cbd009c,XAUUSD,H1,LONG,Trend+Momentum+Volatility+Structure
XAUUSD_H1_6,23,SQX-XAUUSD-H1-0d27e5102d6b,XAUUSD,H1,LONG,Trend+Momentum+Volatility+Structure
XAUUSD_H1_6,23,SQX-XAUUSD-H1-182d6648f70b,XAUUSD,H1,LONG,Trend+Volatility+Structure
XAUUSD_H1_6,23,SQX-XAUUSD-H1-1c57f3144c73,XAUUSD,H1,LONG,Trend+Volatility+Structure
XAUUSD_H1_6,23,SQX-XAUUSD-H1-3a60728321ce,XAUUSD,H1,LONG,Trend+Volatility+Structure
XAUUSD_H1_6,23,SQX-XAUUSD-H1-40bb6759e3e8,XAUUSD,H1,LONG,Trend+Volatility+Structure
XAUUSD_H1_6,23,SQX-XAUUSD-H1-7664c5b6f614,XAUUSD,H1,LONG,Trend+Volatility+Structure
XAUUSD_H1_6,23,SQX-XAUUSD-H1-7f4169881c98,XAUUSD,H1,LONG,Trend+Volatility+Structure
XAUUSD_H1_6,23,SQX-XAUUSD-H1-82a998dce157,XAUUSD,H1,LONG,Trend+Momentum+Volatility+Structure
XAUUSD_H1_6,23,SQX-XAUUSD-H1-86ec7214cd46,XAUUSD,H1,LONG,Trend+Volatility+Structure
XAUUSD_H1_6,23,SQX-XAUUSD-H1-87ebd7294e22,XAUUSD,H1,LONG,Trend+Momentum+Volatility+Structure
XAUUSD_H1_6,23,SQX-XAUUSD-H1-8a611faa700d,XAUUSD,H1,LONG,Trend+Volatility+Structure
XAUUSD_H1_6,23,SQX-XAUUSD-H1-94646f782cc7,XAUUSD,H1,LONG,Trend+Volatility+Structure
XAUUSD_H1_6,23,SQX-XAUUSD-H1-96073b0faedc,XAUUSD,H1,LONG,Trend+Momentum+Volatility+Structure
XAUUSD_H1_6,23,SQX-XAUUSD-H1-98622e1360d1,XAUUSD,H1,LONG,Trend+Volatility+Structure
XAUUSD_H1_6,23,SQX-XAUUSD-H1-9df6516e92da,XAUUSD,H1,LONG,Trend+Volatility+Structure
XAUUSD_H1_6,23,SQX-XAUUSD-H1-d23e03cf9825,XAUUSD,H1,LONG,Trend+Momentum+Volatility+Structure
XAUUSD_H1_6,23,SQX-XAUUSD-H1-d56a0e66e208,XAUUSD,H1,LONG,Trend+Momentum+Volatility+Structure
XAUUSD_H1_6,23,SQX-XAUUSD-H1-d674e66811a4,XAUUSD,H1,LONG,Trend+Volatility+Structure
XAUUSD_H1_6,23,SQX-XAUUSD-H1-e821ee0e80d5,XAUUSD,H1,LONG,Trend+Momentum+Volatility+Structure
XAUUSD_H1_6,23,SQX-XAUUSD-H1-ea1645832ebc,XAUUSD,H1,LONG,Trend+Momentum+Volatility+Structure
XAUUSD_H1_7,22,SQX-XAUUSD-H1-030297e71949,XAUUSD,H1,LONG,Trend+Volatility
XAUUSD_H1_7,22,SQX-XAUUSD-H1-0b04e87bc279,XAUUSD,H1,LONG,Trend+Momentum
XAUUSD_H1_7,22,SQX-XAUUSD-H1-1201902d1682,XAUUSD,H1,LONG,Trend+Volatility
XAUUSD_H1_7,22,SQX-XAUUSD-H1-17b318014108,XAUUSD,H1,LONG,Trend+Momentum
XAUUSD_H1_7,22,SQX-XAUUSD-H1-1fa88c079d82,XAUUSD,H1,LONG,Trend
XAUUSD_H1_7,22,SQX-XAUUSD-H1-2bc03bcc2940,XAUUSD,H1,LONG,Trend+Volatility
XAUUSD_H1_7,22,SQX-XAUUSD-H1-5b55eb48a9c4,XAUUSD,H1,LONG,Trend+Volatility
XAUUSD_H1_7,22,SQX-XAUUSD-H1-65b98502572e,XAUUSD,H1,LONG,Trend+Volatility
XAUUSD_H1_7,22,SQX-XAUUSD-H1-793a8b49ffa3,XAUUSD,H1,LONG,Trend
XAUUSD_H1_7,22,SQX-XAUUSD-H1-864f4c77b2f4,XAUUSD,H1,LONG,Trend+Volatility
XAUUSD_H1_7,22,SQX-XAUUSD-H1-8dc12ed9e549,XAUUSD,H1,LONG,Trend
XAUUSD_H1_7,22,SQX-XAUUSD-H1-979cdb99979e,XAUUSD,H1,LONG,Trend
XAUUSD_H1_7,22,SQX-XAUUSD-H1-a8035301a0db,XAUUSD,H1,LONG,Trend
XAUUSD_H1_7,22,SQX-XAUUSD-H1-bcc2b143a7ee,XAUUSD,H1,LONG,Trend
XAUUSD_H1_7,22,SQX-XAUUSD-H1-bd3ca0bdd221,XAUUSD,H1,LONG,Trend+Momentum
XAUUSD_H1_7,22,SQX-XAUUSD-H1-ca515c818bd2,XAUUSD,H1,LONG,Trend
XAUUSD_H1_7,22,SQX-XAUUSD-H1-cf75d5fa3204,XAUUSD,H1,LONG,Trend+Volatility
XAUUSD_H1_7,22,SQX-XAUUSD-H1-d9fa503b7f36,XAUUSD,H1,LONG,Trend
XAUUSD_H1_7,22,SQX-XAUUSD-H1-ebb2c871b83a,XAUUSD,H1,LONG,Trend+Volatility
XAUUSD_H1_7,22,SQX-XAUUSD-H1-ef7e04d6ffe2,XAUUSD,H1,LONG,Trend+Volatility
XAUUSD_H1_7,22,SQX-XAUUSD-H1-f15324a9a0b2,XAUUSD,H1,LONG,Trend
XAUUSD_H1_7,22,SQX-XAUUSD-H1-f39d02458833,XAUUSD,H1,LONG,Trend
XAUUSD_H1_8,21,SQX-XAUUSD-H1-06db91b2bc97,XAUUSD,H1,LONG,Trend+Volatility
XAUUSD_H1_8,21,SQX-XAUUSD-H1-123a4a470c50,XAUUSD,H1,LONG,Trend+Volatility
XAUUSD_H1_8,21,SQX-XAUUSD-H1-1636d36a6aeb,XAUUSD,H1,LONG,Trend+Volatility
XAUUSD_H1_8,21,SQX-XAUUSD-H1-1d7c7ab7270d,XAUUSD,H1,LONG,Trend+Volatility
XAUUSD_H1_8,21,SQX-XAUUSD-H1-1de73d93ced5,XAUUSD,H1,LONG,Trend+Volatility
XAUUSD_H1_8,21,SQX-XAUUSD-H1-2a494731b804,XAUUSD,H1,LONG,Trend+Volatility
XAUUSD_H1_8,21,SQX-XAUUSD-H1-33c837bbd818,XAUUSD,H1,LONG,Trend+Volatility
XAUUSD_H1_8,21,SQX-XAUUSD-H1-513cf9c11e2c,XAUUSD,H1,LONG,Trend+Volatility
XAUUSD_H1_8,21,SQX-XAUUSD-H1-5f0cbaa99df7,XAUUSD,H1,LONG,Trend+Volatility
XAUUSD_H1_8,21,SQX-XAUUSD-H1-6da027f2596b,XAUUSD,H1,LONG,Trend+Volatility
XAUUSD_H1_8,21,SQX-XAUUSD-H1-701b18f4ed98,XAUUSD,H1,LONG,Trend+Volatility
XAUUSD_H1_8,21,SQX-XAUUSD-H1-84d906d300a9,XAUUSD,H1,LONG,Trend+Volatility
XAUUSD_H1_8,21,SQX-XAUUSD-H1-919a78ff0824,XAUUSD,H1,LONG,Trend+Volatility
XAUUSD_H1_8,21,SQX-XAUUSD-H1-b09aaa9dfea7,XAUUSD,H1,LONG,Trend+Volatility
XAUUSD_H1_8,21,SQX-XAUUSD-H1-b38476df3bcf,XAUUSD,H1,LONG,Trend+Volatility
XAUUSD_H1_8,21,SQX-XAUUSD-H1-c38eeaebda3f,XAUUSD,H1,LONG,Trend+Volatility
XAUUSD_H1_8,21,SQX-XAUUSD-H1-da916a6b6088,XAUUSD,H1,LONG,Trend+Volatility
XAUUSD_H1_8,21,SQX-XAUUSD-H1-e810b7b07deb,XAUUSD,H1,LONG,Trend+Volatility
XAUUSD_H1_8,21,SQX-XAUUSD-H1-f1b01f27fec3,XAUUSD,H1,LONG,Trend+Volatility
XAUUSD_H1_8,21,SQX-XAUUSD-H1-f42a15849cae,XAUUSD,H1,LONG,Trend+Volatility
XAUUSD_H1_8,21,SQX-XAUUSD-H1-f510979e7fc1,XAUUSD,H1,LONG,Trend+Volatility
XAUUSD_H1_9,14,SQX-XAUUSD-H1-268132727d16,XAUUSD,H1,LONG,Trend+Volatility
XAUUSD_H1_9,14,SQX-XAUUSD-H1-5576fb7670c1,XAUUSD,H1,LONG,Trend+Volatility
XAUUSD_H1_9,14,SQX-XAUUSD-H1-710cc19b84ad,XAUUSD,H1,LONG,Trend+Momentum+Volatility
XAUUSD_H1_9,14,SQX-XAUUSD-H1-813ba3e3f227,XAUUSD,H1,LONG,Trend+Volatility
XAUUSD_H1_9,14,SQX-XAUUSD-H1-89b42081dc11,XAUUSD,H1,LONG,Trend+Volatility
XAUUSD_H1_9,14,SQX-XAUUSD-H1-8bdd08484133,XAUUSD,H1,LONG,Trend+Volatility
XAUUSD_H1_9,14,SQX-XAUUSD-H1-92338656dd58,XAUUSD,H1,LONG,Trend+Volatility
XAUUSD_H1_9,14,SQX-XAUUSD-H1-9f3d96eb136f,XAUUSD,H1,LONG,Trend+Volatility
XAUUSD_H1_9,14,SQX-XAUUSD-H1-b700183bcb03,XAUUSD,H1,LONG,Trend+Volatility
XAUUSD_H1_9,14,SQX-XAUUSD-H1-bb002c152acf,XAUUSD,H1,LONG,Trend+Momentum+Volatility
XAUUSD_H1_9,14,SQX-XAUUSD-H1-c9a1afc08e73,XAUUSD,H1,LONG,Trend+Volatility
XAUUSD_H1_9,14,SQX-XAUUSD-H1-de6aeefd1584,XAUUSD,H1,LONG,Trend+Volatility
XAUUSD_H1_9,14,SQX-XAUUSD-H1-e85ca7be488c,XAUUSD,H1,LONG,Trend+Volatility
XAUUSD_H1_9,14,SQX-XAUUSD-H1-fa0b1a6a0ef5,XAUUSD,H1,LONG,Trend+Volatility
XAUUSD_H1_10,13,SQX-XAUUSD-H1-14bebd810d4a,XAUUSD,H1,LONG,Trend+Momentum+Volatility
XAUUSD_H1_10,13,SQX-XAUUSD-H1-34ba6d6ae1e3,XAUUSD,H1,LONG,Trend+Momentum+Volatility
XAUUSD_H1_10,13,SQX-XAUUSD-H1-38037d4dfb8c,XAUUSD,H1,LONG,Trend+Momentum+Volatility
XAUUSD_H1_10,13,SQX-XAUUSD-H1-42e722709798,XAUUSD,H1,LONG,Trend+Momentum+Volatility
XAUUSD_H1_10,13,SQX-XAUUSD-H1-5081d3d34cc4,XAUUSD,H1,LONG,Trend+Momentum+Volatility
XAUUSD_H1_10,13,SQX-XAUUSD-H1-61b60264ea61,XAUUSD,H1,LONG,Trend+Momentum+Volatility
XAUUSD_H1_10,13,SQX-XAUUSD-H1-717c8a4f7e29,XAUUSD,H1,LONG,Trend+Momentum+Volatility
XAUUSD_H1_10,13,SQX-XAUUSD-H1-8458a913871b,XAUUSD,H1,LONG,Trend+Momentum+Volatility
XAUUSD_H1_10,13,SQX-XAUUSD-H1-910aa67e1027,XAUUSD,H1,LONG,Trend+Momentum+Volatility
XAUUSD_H1_10,13,SQX-XAUUSD-H1-96f6535551f9,XAUUSD,H1,LONG,Trend+Momentum+Volatility
XAUUSD_H1_10,13,SQX-XAUUSD-H1-c683873c18bf,XAUUSD,H1,LONG,Trend+Momentum+Volatility
XAUUSD_H1_10,13,SQX-XAUUSD-H1-d6dea3584362,XAUUSD,H1,LONG,Trend+Momentum+Volatility
XAUUSD_H1_10,13,SQX-XAUUSD-H1-e152aabebcd6,XAUUSD,H1,LONG,Trend+Momentum+Volatility
XAUUSD_H1_11,12,SQX-XAUUSD-H1-048cdff5accf,XAUUSD,H1,LONG,Volatility+Structure
XAUUSD_H1_11,12,SQX-XAUUSD-H1-1b26cdc7d74a,XAUUSD,H1,LONG,Volatility+Structure
XAUUSD_H1_11,12,SQX-XAUUSD-H1-4ff12d29aca7,XAUUSD,H1,LONG,Momentum+Volatility+Structure
XAUUSD_H1_11,12,SQX-XAUUSD-H1-5b893d04e9b8,XAUUSD,H1,LONG,Trend+Volatility+Structure
XAUUSD_H1_11,12,SQX-XAUUSD-H1-8086b156da74,XAUUSD,H1,LONG,Trend+Volatility+Structure
XAUUSD_H1_11,12,SQX-XAUUSD-H1-af20d89c88a3,XAUUSD,H1,LONG,Volatility+Structure
XAUUSD_H1_11,12,SQX-XAUUSD-H1-b0b3745f495b,XAUUSD,H1,LONG,Volatility+Structure
XAUUSD_H1_11,12,SQX-XAUUSD-H1-b2251840f986,XAUUSD,H1,LONG,Trend+Volatility+Structure
XAUUSD_H1_11,12,SQX-XAUUSD-H1-b4f988a162fd,XAUUSD,H1,LONG,Volatility+Structure
XAUUSD_H1_11,12,SQX-XAUUSD-H1-d7c05b6948e5,XAUUSD,H1,LONG,Volatility+Structure
XAUUSD_H1_11,12,SQX-XAUUSD-H1-e787588a0ab1,XAUUSD,H1,LONG,Trend+Volatility+Structure
XAUUSD_H1_11,12,SQX-XAUUSD-H1-f173cc2eecb4,XAUUSD,H1,LONG,Trend+Volatility+Structure
XAUUSD_H1_12,11,SQX-XAUUSD-H1-149e3be4919f,XAUUSD,H1,LONG,Trend+Momentum
XAUUSD_H1_12,11,SQX-XAUUSD-H1-328998cbc195,XAUUSD,H1,LONG,Trend+Momentum
XAUUSD_H1_12,11,SQX-XAUUSD-H1-60add213edd2,XAUUSD,H1,LONG,Trend+Momentum
XAUUSD_H1_12,11,SQX-XAUUSD-H1-72bc88811de1,XAUUSD,H1,LONG,Trend+Momentum
XAUUSD_H1_12,11,SQX-XAUUSD-H1-85fb5a90e5dc,XAUUSD,H1,LONG,Trend+Momentum
XAUUSD_H1_12,11,SQX-XAUUSD-H1-9f523ec4e686,XAUUSD,H1,LONG,Trend+Momentum
XAUUSD_H1_12,11,SQX-XAUUSD-H1-b6fb510d781d,XAUUSD,H1,LONG,Trend+Momentum
XAUUSD_H1_12,11,SQX-XAUUSD-H1-be3090b43659,XAUUSD,H1,LONG,Trend+Momentum
XAUUSD_H1_12,11,SQX-XAUUSD-H1-c80b551136fa,XAUUSD,H1,LONG,Momentum
XAUUSD_H1_12,11,SQX-XAUUSD-H1-d48c94962c79,XAUUSD,H1,LONG,Trend+Momentum
XAUUSD_H1_12,11,SQX-XAUUSD-H1-faf9301b31b1,XAUUSD,H1,LONG,Trend+Momentum
XAUUSD_H1_13,10,SQX-XAUUSD-H1-1266eefa8f36,XAUUSD,H1,LONG,Trend+Momentum
XAUUSD_H1_13,10,SQX-XAUUSD-H1-34dfa3186a64,XAUUSD,H1,LONG,Trend+Momentum
XAUUSD_H1_13,10,SQX-XAUUSD-H1-74f2ade27d1f,XAUUSD,H1,LONG,Trend+Momentum
XAUUSD_H1_13,10,SQX-XAUUSD-H1-835a09e352eb,XAUUSD,H1,LONG,Trend+Momentum
XAUUSD_H1_13,10,SQX-XAUUSD-H1-8bd0cee6a130,XAUUSD,H1,LONG,Trend+Momentum
XAUUSD_H1_13,10,SQX-XAUUSD-H1-92ad165115d3,XAUUSD,H1,LONG,Trend+Momentum
XAUUSD_H1_13,10,SQX-XAUUSD-H1-ae98d99e3983,XAUUSD,H1,LONG,Trend+Momentum
XAUUSD_H1_13,10,SQX-XAUUSD-H1-c8b3b9e1ef36,XAUUSD,H1,LONG,Trend+Momentum
XAUUSD_H1_13,10,SQX-XAUUSD-H1-d43fb88d03ec,XAUUSD,H1,LONG,Trend+Momentum
XAUUSD_H1_13,10,SQX-XAUUSD-H1-f015f89ee484,XAUUSD,H1,LONG,Trend+Momentum
XAUUSD_H1_14,10,SQX-XAUUSD-H1-20f6aeae006b,XAUUSD,H1,LONG,Trend+Volatility+Structure
XAUUSD_H1_14,10,SQX-XAUUSD-H1-3428465851cf,XAUUSD,H1,LONG,Trend+Structure
XAUUSD_H1_14,10,SQX-XAUUSD-H1-59b4c36c2c40,XAUUSD,H1,LONG,Trend+Momentum+Volatility+Structure
XAUUSD_H1_14,10,SQX-XAUUSD-H1-64cb5a61b30e,XAUUSD,H1,LONG,Trend+Structure
XAUUSD_H1_14,10,SQX-XAUUSD-H1-7155974377d5,XAUUSD,H1,LONG,Trend+Structure
XAUUSD_H1_14,10,SQX-XAUUSD-H1-7263b5485368,XAUUSD,H1,LONG,Trend+Structure
XAUUSD_H1_14,10,SQX-XAUUSD-H1-7da84804ef3b,XAUUSD,H1,LONG,Trend+Volatility+Structure
XAUUSD_H1_14,10,SQX-XAUUSD-H1-e60f15850db1,XAUUSD,H1,LONG,Trend+Volatility+Structure
XAUUSD_H1_14,10,SQX-XAUUSD-H1-efb383c29824,XAUUSD,H1,LONG,Trend+Structure
XAUUSD_H1_14,10,SQX-XAUUSD-H1-fe9f52b3e12c,XAUUSD,H1,LONG,Trend+Structure
XAUUSD_H1_15,9,SQX-XAUUSD-H1-124b198b632d,XAUUSD,H1,LONG,Trend+Momentum
XAUUSD_H1_15,9,SQX-XAUUSD-H1-1401f6484ebb,XAUUSD,H1,LONG,Trend+Momentum
XAUUSD_H1_15,9,SQX-XAUUSD-H1-455d07af4db9,XAUUSD,H1,LONG,Trend+Momentum
XAUUSD_H1_15,9,SQX-XAUUSD-H1-6bd9f8c1ba88,XAUUSD,H1,LONG,Trend+Momentum
XAUUSD_H1_15,9,SQX-XAUUSD-H1-7a7e56855f77,XAUUSD,H1,LONG,Trend+Momentum
XAUUSD_H1_15,9,SQX-XAUUSD-H1-8be6d07a9048,XAUUSD,H1,LONG,Trend+Momentum
XAUUSD_H1_15,9,SQX-XAUUSD-H1-9809da74f68f,XAUUSD,H1,LONG,Trend+Momentum+Volatility
XAUUSD_H1_15,9,SQX-XAUUSD-H1-9d16b5b0d1da,XAUUSD,H1,LONG,Trend+Momentum
XAUUSD_H1_15,9,SQX-XAUUSD-H1-f43d37df62e4,XAUUSD,H1,LONG,Trend+Momentum
XAUUSD_H1_16,8,SQX-XAUUSD-H1-3f60d9ebbbed,XAUUSD,H1,LONG,Trend+Momentum+Volatility
XAUUSD_H1_16,8,SQX-XAUUSD-H1-7929012bda65,XAUUSD,H1,LONG,Trend+Momentum
XAUUSD_H1_16,8,SQX-XAUUSD-H1-adab5657f332,XAUUSD,H1,LONG,Trend+Momentum+Volatility
XAUUSD_H1_16,8,SQX-XAUUSD-H1-adec0d28fe6d,XAUUSD,H1,LONG,Trend+Momentum
XAUUSD_H1_16,8,SQX-XAUUSD-H1-bab3b5fc21be,XAUUSD,H1,LONG,Momentum+Volatility
XAUUSD_H1_16,8,SQX-XAUUSD-H1-dba749b4af48,XAUUSD,H1,LONG,Trend+Momentum
XAUUSD_H1_16,8,SQX-XAUUSD-H1-e91985107b34,XAUUSD,H1,LONG,Trend+Momentum
XAUUSD_H1_16,8,SQX-XAUUSD-H1-f07c79efacdb,XAUUSD,H1,LONG,Trend+Momentum
XAUUSD_H1_17,8,SQX-XAUUSD-H1-6464911c2813,XAUUSD,H1,LONG,Trend+Structure
XAUUSD_H1_17,8,SQX-XAUUSD-H1-729ca699cf61,XAUUSD,H1,LONG,Trend+Structure
XAUUSD_H1_17,8,SQX-XAUUSD-H1-748477b3c8f4,XAUUSD,H1,LONG,Volatility+Structure
XAUUSD_H1_17,8,SQX-XAUUSD-H1-984d983c4ea9,XAUUSD,H1,LONG,Momentum+Structure
XAUUSD_H1_17,8,SQX-XAUUSD-H1-9c32a9336f0b,XAUUSD,H1,LONG,Trend+Momentum+Structure
XAUUSD_H1_17,8,SQX-XAUUSD-H1-cb441027d8ac,XAUUSD,H1,LONG,Momentum+Structure
XAUUSD_H1_17,8,SQX-XAUUSD-H1-d3a361033ba8,XAUUSD,H1,LONG,Trend+Structure
XAUUSD_H1_17,8,SQX-XAUUSD-H1-e4a2df8f34cf,XAUUSD,H1,LONG,Momentum+Structure
XAUUSD_H1_18,7,SQX-XAUUSD-H1-0588081cde6a,XAUUSD,H1,LONG,Trend+Momentum
XAUUSD_H1_18,7,SQX-XAUUSD-H1-11604bb205a9,XAUUSD,H1,LONG,Trend+Momentum
XAUUSD_H1_18,7,SQX-XAUUSD-H1-177282a94fa6,XAUUSD,H1,LONG,Trend+Momentum
XAUUSD_H1_18,7,SQX-XAUUSD-H1-3003f85cbc90,XAUUSD,H1,LONG,Trend+Momentum
XAUUSD_H1_18,7,SQX-XAUUSD-H1-5f9d809eb6a5,XAUUSD,H1,LONG,Trend+Momentum
XAUUSD_H1_18,7,SQX-XAUUSD-H1-7029fbbdfe09,XAUUSD,H1,LONG,Trend+Momentum
XAUUSD_H1_18,7,SQX-XAUUSD-H1-ddf72731f9e3,XAUUSD,H1,LONG,Trend+Momentum
XAUUSD_H1_19,7,SQX-XAUUSD-H1-5b53e1c88f3c,XAUUSD,H1,LONG,Trend+Volatility+Structure
XAUUSD_H1_19,7,SQX-XAUUSD-H1-80c010284224,XAUUSD,H1,LONG,Trend+Volatility+Structure
XAUUSD_H1_19,7,SQX-XAUUSD-H1-b18368e533ac,XAUUSD,H1,LONG,Trend+Volatility+Structure
XAUUSD_H1_19,7,SQX-XAUUSD-H1-b708aa22bb71,XAUUSD,H1,LONG,Trend+Volatility+Structure
XAUUSD_H1_19,7,SQX-XAUUSD-H1-ce5ae8aa87e1,XAUUSD,H1,LONG,Trend+Volatility+Structure
XAUUSD_H1_19,7,SQX-XAUUSD-H1-ce728b4c9b11,XAUUSD,H1,LONG,Trend+Momentum+Volatility+Structure
XAUUSD_H1_19,7,SQX-XAUUSD-H1-ebbb7e92928e,XAUUSD,H1,LONG,Trend+Volatility+Structure
XAUUSD_H1_20,6,SQX-XAUUSD-H1-05190e45aacc,XAUUSD,H1,LONG,Trend+Structure
XAUUSD_H1_20,6,SQX-XAUUSD-H1-2e55db5f6b92,XAUUSD,H1,LONG,Trend+Structure
XAUUSD_H1_20,6,SQX-XAUUSD-H1-4b2fa8e45736,XAUUSD,H1,LONG,Trend+Structure
XAUUSD_H1_20,6,SQX-XAUUSD-H1-74717dd3e591,XAUUSD,H1,LONG,Trend+Momentum+Structure
XAUUSD_H1_20,6,SQX-XAUUSD-H1-8e34c6238c27,XAUUSD,H1,LONG,Trend+Structure
XAUUSD_H1_20,6,SQX-XAUUSD-H1-d5767785d77d,XAUUSD,H1,LONG,Trend+Structure
XAUUSD_H1_21,6,SQX-XAUUSD-H1-09c3fc7d218a,XAUUSD,H1,LONG,Trend+Momentum
XAUUSD_H1_21,6,SQX-XAUUSD-H1-1b8bb55f4287,XAUUSD,H1,LONG,Trend+Momentum
XAUUSD_H1_21,6,SQX-XAUUSD-H1-2e6e21fc21f0,XAUUSD,H1,LONG,Trend+Momentum+Volatility
XAUUSD_H1_21,6,SQX-XAUUSD-H1-3d28226835a8,XAUUSD,H1,LONG,Trend+Momentum
XAUUSD_H1_21,6,SQX-XAUUSD-H1-6c3b8fd2249d,XAUUSD,H1,LONG,Trend+Momentum
XAUUSD_H1_21,6,SQX-XAUUSD-H1-ed1cae61896d,XAUUSD,H1,LONG,Trend+Momentum
XAUUSD_H1_22,6,SQX-XAUUSD-H1-265d0ab6c8f1,XAUUSD,H1,LONG,Trend+Volatility
XAUUSD_H1_22,6,SQX-XAUUSD-H1-3ec4a54e6068,XAUUSD,H1,LONG,Volatility
XAUUSD_H1_22,6,SQX-XAUUSD-H1-54c95f4343e5,XAUUSD,H1,LONG,Trend+Volatility
XAUUSD_H1_22,6,SQX-XAUUSD-H1-942e7c753f74,XAUUSD,H1,LONG,Volatility
XAUUSD_H1_22,6,SQX-XAUUSD-H1-cda33d481240,XAUUSD,H1,LONG,Trend+Volatility
XAUUSD_H1_22,6,SQX-XAUUSD-H1-e45afa994d83,XAUUSD,H1,LONG,Volatility
XAUUSD_H1_23,6,SQX-XAUUSD-H1-2924491eb60a,XAUUSD,H1,LONG,Trend+Structure
XAUUSD_H1_23,6,SQX-XAUUSD-H1-30f479976c8a,XAUUSD,H1,LONG,Trend+Structure
XAUUSD_H1_23,6,SQX-XAUUSD-H1-3e8339c3f320,XAUUSD,H1,LONG,Trend+Structure
XAUUSD_H1_23,6,SQX-XAUUSD-H1-95f0b3cc50ca,XAUUSD,H1,LONG,Trend+Structure
XAUUSD_H1_23,6,SQX-XAUUSD-H1-daca3f942417,XAUUSD,H1,LONG,Trend+Structure
XAUUSD_H1_23,6,SQX-XAUUSD-H1-ec56a6cef18c,XAUUSD,H1,LONG,Trend+Structure
XAUUSD_H1_24,5,SQX-XAUUSD-H1-06945f8c31fa,XAUUSD,H1,LONG,Trend+Volatility
XAUUSD_H1_24,5,SQX-XAUUSD-H1-09631636e90a,XAUUSD,H1,LONG,Trend+Volatility
XAUUSD_H1_24,5,SQX-XAUUSD-H1-94ef53ed7b22,XAUUSD,H1,LONG,Trend+Volatility
XAUUSD_H1_24,5,SQX-XAUUSD-H1-ad9c4fd9dc60,XAUUSD,H1,LONG,Trend+Volatility
XAUUSD_H1_24,5,SQX-XAUUSD-H1-b897e664e082,XAUUSD,H1,LONG,Trend+Volatility
XAUUSD_H1_25,5,SQX-XAUUSD-H1-132ca261e824,XAUUSD,H1,LONG,Trend+Structure
XAUUSD_H1_25,5,SQX-XAUUSD-H1-43d851d45fc2,XAUUSD,H1,LONG,Trend+Volatility+Structure
XAUUSD_H1_25,5,SQX-XAUUSD-H1-7291772b93d0,XAUUSD,H1,LONG,Trend+Structure
XAUUSD_H1_25,5,SQX-XAUUSD-H1-80d92ee5551a,XAUUSD,H1,LONG,Trend+Structure
XAUUSD_H1_25,5,SQX-XAUUSD-H1-96242107ad24,XAUUSD,H1,LONG,Trend+Structure
XAUUSD_H1_26,5,SQX-XAUUSD-H1-1b22593593bb,XAUUSD,H1,LONG,Trend+Structure
XAUUSD_H1_26,5,SQX-XAUUSD-H1-1f140d49c92b,XAUUSD,H1,LONG,Trend+Structure
XAUUSD_H1_26,5,SQX-XAUUSD-H1-5969d0f34925,XAUUSD,H1,LONG,Trend+Structure
XAUUSD_H1_26,5,SQX-XAUUSD-H1-a250eb508c60,XAUUSD,H1,LONG,Trend+Structure
XAUUSD_H1_26,5,SQX-XAUUSD-H1-afe153a7e439,XAUUSD,H1,LONG,Trend+Structure
XAUUSD_H1_27,5,SQX-XAUUSD-H1-1d0b59fe775a,XAUUSD,H1,LONG,Trend+Momentum
XAUUSD_H1_27,5,SQX-XAUUSD-H1-2f9156054bab,XAUUSD,H1,LONG,Trend+Momentum
XAUUSD_H1_27,5,SQX-XAUUSD-H1-56a22ee29ba6,XAUUSD,H1,LONG,Trend+Momentum
XAUUSD_H1_27,5,SQX-XAUUSD-H1-d1b4bcf01800,XAUUSD,H1,LONG,Trend+Momentum
XAUUSD_H1_27,5,SQX-XAUUSD-H1-ddfef6245ae8,XAUUSD,H1,LONG,Trend+Momentum
XAUUSD_H1_28,5,SQX-XAUUSD-H1-36c3b5ce23d3,XAUUSD,H1,LONG,Trend+Momentum+Volatility+Structure
XAUUSD_H1_28,5,SQX-XAUUSD-H1-5a97c528f2ad,XAUUSD,H1,LONG,Volatility+Structure
XAUUSD_H1_28,5,SQX-XAUUSD-H1-ab106731d247,XAUUSD,H1,LONG,Momentum+Volatility+Structure
XAUUSD_H1_28,5,SQX-XAUUSD-H1-caf83f3ca09f,XAUUSD,H1,LONG,Volatility+Structure
XAUUSD_H1_28,5,SQX-XAUUSD-H1-fb50c1e2ca42,XAUUSD,H1,LONG,Volatility+Structure
XAUUSD_H1_29,5,SQX-XAUUSD-H1-5543eced92b0,XAUUSD,H1,LONG,Trend+Structure
XAUUSD_H1_29,5,SQX-XAUUSD-H1-6969ba3b2d5b,XAUUSD,H1,LONG,Trend+Structure
XAUUSD_H1_29,5,SQX-XAUUSD-H1-746ba2d31a17,XAUUSD,H1,LONG,Trend+Structure
XAUUSD_H1_29,5,SQX-XAUUSD-H1-8a5e00fca43b,XAUUSD,H1,LONG,Trend+Volatility+Structure
XAUUSD_H1_29,5,SQX-XAUUSD-H1-eb4311662b69,XAUUSD,H1,LONG,Trend+Structure
XAUUSD_H1_30,5,SQX-XAUUSD-H1-5cad719d8772,XAUUSD,H1,LONG,Volatility+Structure
XAUUSD_H1_30,5,SQX-XAUUSD-H1-70fe010240e9,XAUUSD,H1,LONG,Volatility+Structure
XAUUSD_H1_30,5,SQX-XAUUSD-H1-a2e6a8c03d8d,XAUUSD,H1,LONG,Volatility+Structure
XAUUSD_H1_30,5,SQX-XAUUSD-H1-b3b075f8ed7a,XAUUSD,H1,LONG,Volatility+Structure
XAUUSD_H1_30,5,SQX-XAUUSD-H1-e7062c93f86f,XAUUSD,H1,LONG,Volatility+Structure
XAUUSD_H1_31,5,SQX-XAUUSD-H1-7c825ea77de5,XAUUSD,H1,LONG,Momentum+Structure
XAUUSD_H1_31,5,SQX-XAUUSD-H1-97c1dc7d77e6,XAUUSD,H1,LONG,Momentum+Structure
XAUUSD_H1_31,5,SQX-XAUUSD-H1-aac0e88b1bda,XAUUSD,H1,LONG,Momentum+Structure
XAUUSD_H1_31,5,SQX-XAUUSD-H1-b3906820114c,XAUUSD,H1,LONG,Momentum+Structure
XAUUSD_H1_31,5,SQX-XAUUSD-H1-dd51da4b93fb,XAUUSD,H1,LONG,Momentum+Structure
XAUUSD_H1_32,4,SQX-XAUUSD-H1-012765d260c3,XAUUSD,H1,LONG,Trend+Volatility
XAUUSD_H1_32,4,SQX-XAUUSD-H1-2f4360c359df,XAUUSD,H1,LONG,Trend+Volatility
XAUUSD_H1_32,4,SQX-XAUUSD-H1-49b13264c096,XAUUSD,H1,LONG,Trend+Momentum
XAUUSD_H1_32,4,SQX-XAUUSD-H1-5853e608233a,XAUUSD,H1,LONG,Trend+Momentum
XAUUSD_H1_33,4,SQX-XAUUSD-H1-06573364fdd9,XAUUSD,H1,LONG,Trend+Volatility
XAUUSD_H1_33,4,SQX-XAUUSD-H1-58d2f3cd32e6,XAUUSD,H1,LONG,Trend+Volatility
XAUUSD_H1_33,4,SQX-XAUUSD-H1-dd41f75af6c7,XAUUSD,H1,LONG,Trend+Volatility
XAUUSD_H1_33,4,SQX-XAUUSD-H1-f6974525f349,XAUUSD,H1,LONG,Trend+Volatility
XAUUSD_H1_34,4,SQX-XAUUSD-H1-07d4e78701a2,XAUUSD,H1,LONG,Trend+Momentum+Volatility
XAUUSD_H1_34,4,SQX-XAUUSD-H1-322c2035150f,XAUUSD,H1,LONG,Trend+Momentum+Volatility
XAUUSD_H1_34,4,SQX-XAUUSD-H1-38a217b24bf6,XAUUSD,H1,LONG,Trend+Momentum+Volatility
XAUUSD_H1_34,4,SQX-XAUUSD-H1-e1a42df5d010,XAUUSD,H1,LONG,Trend+Momentum+Volatility
XAUUSD_H1_35,4,SQX-XAUUSD-H1-1467d1b3e4fa,XAUUSD,H1,LONG,Trend+Momentum
XAUUSD_H1_35,4,SQX-XAUUSD-H1-4531e5c4fc05,XAUUSD,H1,LONG,Trend+Momentum
XAUUSD_H1_35,4,SQX-XAUUSD-H1-6ac9e8a54012,XAUUSD,H1,LONG,Trend+Momentum
XAUUSD_H1_35,4,SQX-XAUUSD-H1-f4cbda5f5b09,XAUUSD,H1,LONG,Trend+Momentum+Structure
XAUUSD_H1_36,4,SQX-XAUUSD-H1-29b46c9ffd76,XAUUSD,H1,LONG,Trend+Momentum+Volatility+Structure
XAUUSD_H1_36,4,SQX-XAUUSD-H1-6555dea49657,XAUUSD,H1,LONG,Trend+Volatility+Structure
XAUUSD_H1_36,4,SQX-XAUUSD-H1-e21c0828efff,XAUUSD,H1,LONG,Trend+Volatility+Structure
XAUUSD_H1_36,4,SQX-XAUUSD-H1-f216ae8d3966,XAUUSD,H1,LONG,Trend+Volatility+Structure
XAUUSD_H1_37,4,SQX-XAUUSD-H1-302821a4431f,XAUUSD,H1,LONG,Trend+Structure
XAUUSD_H1_37,4,SQX-XAUUSD-H1-8e9f97333793,XAUUSD,H1,LONG,Trend+Structure
XAUUSD_H1_37,4,SQX-XAUUSD-H1-959f141f1fe9,XAUUSD,H1,LONG,Trend+Structure
XAUUSD_H1_37,4,SQX-XAUUSD-H1-a7986ed3952e,XAUUSD,H1,LONG,Trend+Volatility+Structure
XAUUSD_H1_38,4,SQX-XAUUSD-H1-33d3121a8ad6,XAUUSD,H1,LONG,Volatility+Structure
XAUUSD_H1_38,4,SQX-XAUUSD-H1-8485d97c174a,XAUUSD,H1,LONG,Volatility+Structure
XAUUSD_H1_38,4,SQX-XAUUSD-H1-ab5c53e4d16e,XAUUSD,H1,LONG,Trend+Momentum+Volatility+Structure
XAUUSD_H1_38,4,SQX-XAUUSD-H1-efc0ca79fa14,XAUUSD,H1,LONG,Momentum+Volatility+Structure
XAUUSD_H1_39,4,SQX-XAUUSD-H1-394d29f59bc5,XAUUSD,H1,LONG,Trend+Momentum+Structure
XAUUSD_H1_39,4,SQX-XAUUSD-H1-84a43f500c09,XAUUSD,H1,LONG,Trend+Momentum+Volatility+Structure
XAUUSD_H1_39,4,SQX-XAUUSD-H1-c0d68c0b9317,XAUUSD,H1,LONG,Trend+Structure
XAUUSD_H1_39,4,SQX-XAUUSD-H1-e487b7b1e9f0,XAUUSD,H1,LONG,Trend+Structure
XAUUSD_H1_40,4,SQX-XAUUSD-H1-446b6e4ae706,XAUUSD,H1,LONG,Trend+Volatility
XAUUSD_H1_40,4,SQX-XAUUSD-H1-507d4187df36,XAUUSD,H1,LONG,Trend+Volatility
XAUUSD_H1_40,4,SQX-XAUUSD-H1-b808da12473f,XAUUSD,H1,LONG,Trend+Volatility
XAUUSD_H1_40,4,SQX-XAUUSD-H1-e95437140fe5,XAUUSD,H1,LONG,Volatility
XAUUSD_H1_41,4,SQX-XAUUSD-H1-4aa9293fd910,XAUUSD,H1,LONG,Trend+Momentum+Volatility+Structure
XAUUSD_H1_41,4,SQX-XAUUSD-H1-6e2b8f74908e,XAUUSD,H1,LONG,Trend+Momentum+Volatility+Structure
XAUUSD_H1_41,4,SQX-XAUUSD-H1-c19861b645b9,XAUUSD,H1,LONG,Trend+Momentum+Volatility+Structure
XAUUSD_H1_41,4,SQX-XAUUSD-H1-ebb28688a640,XAUUSD,H1,LONG,Trend+Momentum+Volatility+Structure
XAUUSD_H1_42,4,SQX-XAUUSD-H1-5af75089e5b1,XAUUSD,H1,LONG,Trend+Structure
XAUUSD_H1_42,4,SQX-XAUUSD-H1-90032eace516,XAUUSD,H1,LONG,Trend+Structure
XAUUSD_H1_42,4,SQX-XAUUSD-H1-9c8f07b41e0e,XAUUSD,H1,LONG,Trend+Structure
XAUUSD_H1_42,4,SQX-XAUUSD-H1-a0b0069925e6,XAUUSD,H1,LONG,Trend+Structure
XAUUSD_H1_43,4,SQX-XAUUSD-H1-6e512105acd2,XAUUSD,H1,LONG,Structure
XAUUSD_H1_43,4,SQX-XAUUSD-H1-9290109c445d,XAUUSD,H1,LONG,Momentum+Structure
XAUUSD_H1_43,4,SQX-XAUUSD-H1-afb0b7563c34,XAUUSD,H1,LONG,Momentum+Structure
XAUUSD_H1_43,4,SQX-XAUUSD-H1-edf7e0316358,XAUUSD,H1,LONG,Structure
XAUUSD_H1_44,4,SQX-XAUUSD-H1-7fbae054cf54,XAUUSD,H1,LONG,Trend+Structure
XAUUSD_H1_44,4,SQX-XAUUSD-H1-af253a3c330a,XAUUSD,H1,LONG,Trend+Structure
XAUUSD_H1_44,4,SQX-XAUUSD-H1-d3212a87aeee,XAUUSD,H1,LONG,Trend+Structure
XAUUSD_H1_44,4,SQX-XAUUSD-H1-fab69d15d5eb,XAUUSD,H1,LONG,Trend+Momentum+Structure
XAUUSD_H1_45,4,SQX-XAUUSD-H1-aa91a0136697,XAUUSD,H1,LONG,Trend+Momentum
XAUUSD_H1_45,4,SQX-XAUUSD-H1-bd854bc9d74e,XAUUSD,H1,LONG,Trend+Momentum
XAUUSD_H1_45,4,SQX-XAUUSD-H1-c68607653924,XAUUSD,H1,LONG,Trend+Momentum
XAUUSD_H1_45,4,SQX-XAUUSD-H1-fe2fb72100ed,XAUUSD,H1,LONG,Trend+Momentum
XAUUSD_H1_46,4,SQX-XAUUSD-H1-aadc4eb5e1a6,XAUUSD,H1,LONG,Trend+Momentum
XAUUSD_H1_46,4,SQX-XAUUSD-H1-bb0358026357,XAUUSD,H1,LONG,Trend+Momentum
XAUUSD_H1_46,4,SQX-XAUUSD-H1-ecc9faf4bb23,XAUUSD,H1,LONG,Momentum
XAUUSD_H1_46,4,SQX-XAUUSD-H1-f871a7c1df4d,XAUUSD,H1,LONG,Momentum
XAUUSD_H1_47,3,SQX-XAUUSD-H1-04f3281b7326,XAUUSD,H1,LONG,Trend+Structure
XAUUSD_H1_47,3,SQX-XAUUSD-H1-43d24bc1c103,XAUUSD,H1,LONG,Momentum+Structure
XAUUSD_H1_47,3,SQX-XAUUSD-H1-77c2d59d8bca,XAUUSD,H1,LONG,Structure
XAUUSD_H1_48,3,SQX-XAUUSD-H1-059634c66c01,XAUUSD,H1,LONG,Momentum+Structure
XAUUSD_H1_48,3,SQX-XAUUSD-H1-9db4bb2d779e,XAUUSD,H1,LONG,Momentum+Structure
XAUUSD_H1_48,3,SQX-XAUUSD-H1-cc4cdcb259ff,XAUUSD,H1,LONG,Momentum+Structure
XAUUSD_H1_49,3,SQX-XAUUSD-H1-0cb0f4ce3104,XAUUSD,H1,LONG,Trend+Volatility
XAUUSD_H1_49,3,SQX-XAUUSD-H1-1e9c3b135400,XAUUSD,H1,LONG,Trend+Volatility
XAUUSD_H1_49,3,SQX-XAUUSD-H1-e0a0e1fe90e6,XAUUSD,H1,LONG,Trend+Volatility
XAUUSD_H1_50,3,SQX-XAUUSD-H1-137e1a22ec2e,XAUUSD,H1,LONG,Momentum+Structure
XAUUSD_H1_50,3,SQX-XAUUSD-H1-a61ea5842369,XAUUSD,H1,LONG,Trend+Momentum+Volatility
XAUUSD_H1_50,3,SQX-XAUUSD-H1-cb08f8cbe759,XAUUSD,H1,LONG,Momentum
XAUUSD_H1_51,3,SQX-XAUUSD-H1-16dc9cb5ea51,XAUUSD,H1,LONG,Trend+Momentum
XAUUSD_H1_51,3,SQX-XAUUSD-H1-7cbc46249d8b,XAUUSD,H1,LONG,Trend+Momentum
XAUUSD_H1_51,3,SQX-XAUUSD-H1-b96a41530a6f,XAUUSD,H1,LONG,Trend+Momentum
XAUUSD_H1_52,3,SQX-XAUUSD-H1-174f8fe06116,XAUUSD,H1,LONG,Trend+Volatility+Structure
XAUUSD_H1_52,3,SQX-XAUUSD-H1-6d000167d75c,XAUUSD,H1,LONG,Trend+Volatility+Structure
XAUUSD_H1_52,3,SQX-XAUUSD-H1-83a9257c8843,XAUUSD,H1,LONG,Trend+Volatility+Structure
XAUUSD_H1_53,3,SQX-XAUUSD-H1-1a2415262ce6,XAUUSD,H1,LONG,Trend+Momentum+Volatility
XAUUSD_H1_53,3,SQX-XAUUSD-H1-1f219afd4ef4,XAUUSD,H1,LONG,Trend+Momentum+Volatility
XAUUSD_H1_53,3,SQX-XAUUSD-H1-757aa082702a,XAUUSD,H1,LONG,Trend+Momentum+Volatility
XAUUSD_H1_54,3,SQX-XAUUSD-H1-1a491b6d839b,XAUUSD,H1,LONG,Trend+Momentum
XAUUSD_H1_54,3,SQX-XAUUSD-H1-cd404a6dd01b,XAUUSD,H1,LONG,Trend+Momentum
XAUUSD_H1_54,3,SQX-XAUUSD-H1-f9fd4af85052,XAUUSD,H1,LONG,Trend+Momentum
XAUUSD_H1_55,3,SQX-XAUUSD-H1-1b6fa7fbab7d,XAUUSD,H1,LONG,Trend+Momentum+Structure
XAUUSD_H1_55,3,SQX-XAUUSD-H1-5872582155b5,XAUUSD,H1,LONG,Momentum+Structure
XAUUSD_H1_55,3,SQX-XAUUSD-H1-5d1f98b6044f,XAUUSD,H1,LONG,Momentum+Structure
XAUUSD_H1_56,3,SQX-XAUUSD-H1-1ce2e89675c0,XAUUSD,H1,LONG,Trend+Volatility
XAUUSD_H1_56,3,SQX-XAUUSD-H1-4c81b17151fc,XAUUSD,H1,LONG,Trend+Volatility
XAUUSD_H1_56,3,SQX-XAUUSD-H1-5243ad2ec486,XAUUSD,H1,LONG,Trend+Volatility
XAUUSD_H1_57,3,SQX-XAUUSD-H1-1d6433634928,XAUUSD,H1,LONG,Trend+Momentum
XAUUSD_H1_57,3,SQX-XAUUSD-H1-3d4c2fcaa2db,XAUUSD,H1,LONG,Trend+Momentum
XAUUSD_H1_57,3,SQX-XAUUSD-H1-9a8a36c01341,XAUUSD,H1,LONG,Trend+Momentum
XAUUSD_H1_58,3,SQX-XAUUSD-H1-2b628e028677,XAUUSD,H1,LONG,Trend+Momentum+Structure
XAUUSD_H1_58,3,SQX-XAUUSD-H1-65cf355714b9,XAUUSD,H1,LONG,Momentum+Structure
XAUUSD_H1_58,3,SQX-XAUUSD-H1-a302ca814b19,XAUUSD,H1,LONG,Momentum+Structure
XAUUSD_H1_59,3,SQX-XAUUSD-H1-2d1c65c3dd35,XAUUSD,H1,LONG,Trend+Structure
XAUUSD_H1_59,3,SQX-XAUUSD-H1-3885376ac5b2,XAUUSD,H1,LONG,Trend+Structure
XAUUSD_H1_59,3,SQX-XAUUSD-H1-d51b92ec8926,XAUUSD,H1,LONG,Trend+Volatility+Structure
XAUUSD_H1_60,3,SQX-XAUUSD-H1-2f84bd54be5e,XAUUSD,H1,LONG,Trend+Volatility
XAUUSD_H1_60,3,SQX-XAUUSD-H1-93d4c18d6a5d,XAUUSD,H1,LONG,Trend+Volatility
XAUUSD_H1_60,3,SQX-XAUUSD-H1-e5e587b49239,XAUUSD,H1,LONG,Trend+Volatility
XAUUSD_H1_61,3,SQX-XAUUSD-H1-33817bc9b61f,XAUUSD,H1,LONG,Trend+Momentum+Structure
XAUUSD_H1_61,3,SQX-XAUUSD-H1-38a60585b885,XAUUSD,H1,LONG,Trend+Momentum+Structure
XAUUSD_H1_61,3,SQX-XAUUSD-H1-e459bbce292e,XAUUSD,H1,LONG,Trend+Structure
XAUUSD_H1_62,3,SQX-XAUUSD-H1-3610262cd5c9,XAUUSD,H1,LONG,Trend+Volatility+Structure
XAUUSD_H1_62,3,SQX-XAUUSD-H1-a1c1beb26d7b,XAUUSD,H1,LONG,Trend+Volatility+Structure
XAUUSD_H1_62,3,SQX-XAUUSD-H1-e5c7bdca3867,XAUUSD,H1,LONG,Trend+Volatility+Structure
XAUUSD_H1_63,3,SQX-XAUUSD-H1-374eb5c3168d,XAUUSD,H1,LONG,Trend+Momentum+Volatility+Structure
XAUUSD_H1_63,3,SQX-XAUUSD-H1-73d02cb58014,XAUUSD,H1,LONG,Trend+Momentum+Volatility+Structure
XAUUSD_H1_63,3,SQX-XAUUSD-H1-e003cf5991a8,XAUUSD,H1,LONG,Trend+Momentum+Volatility+Structure
XAUUSD_H1_64,3,SQX-XAUUSD-H1-52e7e876e0d7,XAUUSD,H1,LONG,Momentum
XAUUSD_H1_64,3,SQX-XAUUSD-H1-85796288676b,XAUUSD,H1,LONG,Trend+Momentum
XAUUSD_H1_64,3,SQX-XAUUSD-H1-a7db4d676fe9,XAUUSD,H1,LONG,Momentum
XAUUSD_H1_65,3,SQX-XAUUSD-H1-5a089b0348f4,XAUUSD,H1,LONG,Trend+Volatility+Structure
XAUUSD_H1_65,3,SQX-XAUUSD-H1-ca31dd67f546,XAUUSD,H1,LONG,Trend+Volatility+Structure
XAUUSD_H1_65,3,SQX-XAUUSD-H1-edc1d60b8d9f,XAUUSD,H1,LONG,Momentum+Volatility+Structure
XAUUSD_H1_66,3,SQX-XAUUSD-H1-6fbcd18fd99c,XAUUSD,H1,LONG,Volatility+Structure
XAUUSD_H1_66,3,SQX-XAUUSD-H1-91f077303411,XAUUSD,H1,LONG,Momentum+Volatility+Structure
XAUUSD_H1_66,3,SQX-XAUUSD-H1-ccdec4876c32,XAUUSD,H1,LONG,Trend+Volatility+Structure
XAUUSD_H1_67,3,SQX-XAUUSD-H1-72d198ba0b2c,XAUUSD,H1,LONG,Trend+Volatility+Structure
XAUUSD_H1_67,3,SQX-XAUUSD-H1-d14e39c46ec4,XAUUSD,H1,LONG,Trend+Volatility+Structure
XAUUSD_H1_67,3,SQX-XAUUSD-H1-d74325099ba9,XAUUSD,H1,LONG,Trend+Volatility+Structure
XAUUSD_H1_68,3,SQX-XAUUSD-H1-830460751ad6,XAUUSD,H1,LONG,Trend+Momentum
XAUUSD_H1_68,3,SQX-XAUUSD-H1-b1e0bd3b5f08,XAUUSD,H1,LONG,Trend+Momentum
XAUUSD_H1_68,3,SQX-XAUUSD-H1-c47c72c743e5,XAUUSD,H1,LONG,Trend+Momentum
XAUUSD_H1_69,3,SQX-XAUUSD-H1-8b259b73c6b5,XAUUSD,H1,LONG,Trend+Momentum+Volatility+Structure
XAUUSD_H1_69,3,SQX-XAUUSD-H1-dca4f3261656,XAUUSD,H1,LONG,Trend+Momentum+Volatility+Structure
XAUUSD_H1_69,3,SQX-XAUUSD-H1-f90be9aa1e4d,XAUUSD,H1,LONG,Trend+Momentum+Volatility+Structure
XAUUSD_H1_70,3,SQX-XAUUSD-H1-934641e9e248,XAUUSD,H1,LONG,Structure
XAUUSD_H1_70,3,SQX-XAUUSD-H1-d478ba23dcc8,XAUUSD,H1,LONG,Momentum+Structure
XAUUSD_H1_70,3,SQX-XAUUSD-H1-db352ed2a652,XAUUSD,H1,LONG,Structure
XAUUSD_H1_71,3,SQX-XAUUSD-H1-9ee2596ee2ba,XAUUSD,H1,LONG,Trend+Momentum+Structure
XAUUSD_H1_71,3,SQX-XAUUSD-H1-b7e49c673fb7,XAUUSD,H1,LONG,Trend+Momentum+Structure
XAUUSD_H1_71,3,SQX-XAUUSD-H1-f747036d0f6a,XAUUSD,H1,LONG,Trend+Momentum+Structure
XAUUSD_H1_72,3,SQX-XAUUSD-H1-a96dd53f30ad,XAUUSD,H1,LONG,Trend+Momentum+Volatility+Structure
XAUUSD_H1_72,3,SQX-XAUUSD-H1-dccee00f3152,XAUUSD,H1,LONG,Trend+Momentum+Volatility+Structure
XAUUSD_H1_72,3,SQX-XAUUSD-H1-eb6132afe800,XAUUSD,H1,LONG,Trend+Momentum+Volatility+Structure
XAUUSD_H1_73,2,SQX-XAUUSD-H1-00f62b6e2af4,XAUUSD,H1,LONG,Trend+Momentum+Structure
XAUUSD_H1_73,2,SQX-XAUUSD-H1-aa45b61ea92d,XAUUSD,H1,LONG,Trend+Structure
XAUUSD_H1_74,2,SQX-XAUUSD-H1-0112e03f45a6,XAUUSD,H1,LONG,Trend+Volatility+Structure
XAUUSD_H1_74,2,SQX-XAUUSD-H1-8b6010ba675b,XAUUSD,H1,LONG,Trend+Volatility+Structure
XAUUSD_H1_75,2,SQX-XAUUSD-H1-039009547df8,XAUUSD,H1,LONG,Trend+Structure
XAUUSD_H1_75,2,SQX-XAUUSD-H1-4e75fa48208d,XAUUSD,H1,LONG,Trend+Structure
XAUUSD_H1_76,2,SQX-XAUUSD-H1-05c6d293d11b,XAUUSD,H1,LONG,Trend+Structure
XAUUSD_H1_76,2,SQX-XAUUSD-H1-6348bb6080fc,XAUUSD,H1,LONG,Trend+Structure
XAUUSD_H1_77,2,SQX-XAUUSD-H1-0651c24723cc,XAUUSD,H1,LONG,Trend+Momentum+Volatility
XAUUSD_H1_77,2,SQX-XAUUSD-H1-98828df24766,XAUUSD,H1,LONG,Trend+Momentum+Volatility
XAUUSD_H1_78,2,SQX-XAUUSD-H1-0af8df012c9e,XAUUSD,H1,LONG,Volatility+Structure
XAUUSD_H1_78,2,SQX-XAUUSD-H1-f0f1593a477e,XAUUSD,H1,LONG,Trend+Volatility+Structure
XAUUSD_H1_79,2,SQX-XAUUSD-H1-0b21b44a579b,XAUUSD,H1,LONG,Trend+Momentum+Volatility
XAUUSD_H1_79,2,SQX-XAUUSD-H1-c1a8d39a3482,XAUUSD,H1,LONG,Trend+Momentum+Volatility
XAUUSD_H1_80,2,SQX-XAUUSD-H1-0fac0ca5de2e,XAUUSD,H1,LONG,Volatility+Structure
XAUUSD_H1_80,2,SQX-XAUUSD-H1-69f94efc0ab1,XAUUSD,H1,LONG,Volatility+Structure
XAUUSD_H1_81,2,SQX-XAUUSD-H1-1321ac2ef867,XAUUSD,H1,LONG,Trend+Momentum+Structure
XAUUSD_H1_81,2,SQX-XAUUSD-H1-69e33b38aa24,XAUUSD,H1,LONG,Trend+Momentum+Structure
XAUUSD_H1_82,2,SQX-XAUUSD-H1-132c7fae5f24,XAUUSD,H1,LONG,Volatility
XAUUSD_H1_82,2,SQX-XAUUSD-H1-317b89424ad4,XAUUSD,H1,LONG,Trend+Volatility
XAUUSD_H1_83,2,SQX-XAUUSD-H1-135462cd9970,XAUUSD,H1,LONG,Trend+Volatility
XAUUSD_H1_83,2,SQX-XAUUSD-H1-215719101612,XAUUSD,H1,LONG,Trend+Volatility
XAUUSD_H1_84,2,SQX-XAUUSD-H1-138b057a2c84,XAUUSD,H1,LONG,Momentum+Volatility
XAUUSD_H1_84,2,SQX-XAUUSD-H1-50e7cdea70f1,XAUUSD,H1,LONG,Trend+Momentum+Volatility
XAUUSD_H1_85,2,SQX-XAUUSD-H1-13f88f7d41cb,XAUUSD,H1,LONG,Momentum+Structure
XAUUSD_H1_85,2,SQX-XAUUSD-H1-5966a731a069,XAUUSD,H1,LONG,Trend+Momentum+Structure
XAUUSD_H1_86,2,SQX-XAUUSD-H1-1411d6c6deeb,XAUUSD,H1,LONG,Trend+Volatility
XAUUSD_H1_86,2,SQX-XAUUSD-H1-929b470e5f78,XAUUSD,H1,LONG,Trend+Volatility
XAUUSD_H1_87,2,SQX-XAUUSD-H1-15a2187095c0,XAUUSD,H1,LONG,Trend+Momentum
XAUUSD_H1_87,2,SQX-XAUUSD-H1-341afa3bc5cd,XAUUSD,H1,LONG,Trend+Momentum
XAUUSD_H1_88,2,SQX-XAUUSD-H1-16394bdadb69,XAUUSD,H1,LONG,Volatility+Structure
XAUUSD_H1_88,2,SQX-XAUUSD-H1-7c7831508303,XAUUSD,H1,LONG,Volatility+Structure
XAUUSD_H1_89,2,SQX-XAUUSD-H1-174746c8612f,XAUUSD,H1,LONG,Trend+Momentum
XAUUSD_H1_89,2,SQX-XAUUSD-H1-bcd16819e1d0,XAUUSD,H1,LONG,Trend+Momentum
XAUUSD_H1_90,2,SQX-XAUUSD-H1-195a9413c148,XAUUSD,H1,LONG,Trend+Structure
XAUUSD_H1_90,2,SQX-XAUUSD-H1-cb98cae8960c,XAUUSD,H1,LONG,Trend+Momentum+Structure
XAUUSD_H1_91,2,SQX-XAUUSD-H1-1981626f4266,XAUUSD,H1,LONG,Momentum+Structure
XAUUSD_H1_91,2,SQX-XAUUSD-H1-e8f28627cc82,XAUUSD,H1,LONG,Momentum+Structure
XAUUSD_H1_92,2,SQX-XAUUSD-H1-1d087da8e694,XAUUSD,H1,LONG,Volatility+Structure
XAUUSD_H1_92,2,SQX-XAUUSD-H1-7601646e7e9c,XAUUSD,H1,LONG,Volatility+Structure
XAUUSD_H1_93,2,SQX-XAUUSD-H1-22af9cfbb5b3,XAUUSD,H1,LONG,Momentum
XAUUSD_H1_93,2,SQX-XAUUSD-H1-ff0357de20c5,XAUUSD,H1,LONG,Momentum
XAUUSD_H1_94,2,SQX-XAUUSD-H1-248774ecb72e,XAUUSD,H1,LONG,Trend+Momentum
XAUUSD_H1_94,2,SQX-XAUUSD-H1-706cc901368a,XAUUSD,H1,LONG,Trend+Momentum
XAUUSD_H1_95,2,SQX-XAUUSD-H1-2561d889f587,XAUUSD,H1,LONG,Trend+Momentum+Structure
XAUUSD_H1_95,2,SQX-XAUUSD-H1-2d3bedc4fe42,XAUUSD,H1,LONG,Trend+Momentum+Structure
XAUUSD_H1_96,2,SQX-XAUUSD-H1-259dd56f96c1,XAUUSD,H1,LONG,Trend+Structure
XAUUSD_H1_96,2,SQX-XAUUSD-H1-af73704166e5,XAUUSD,H1,LONG,Trend+Structure
XAUUSD_H1_97,2,SQX-XAUUSD-H1-262264998c80,XAUUSD,H1,LONG,Momentum+Structure
XAUUSD_H1_97,2,SQX-XAUUSD-H1-fb0daa2e58d9,XAUUSD,H1,LONG,Momentum+Structure
XAUUSD_H1_98,2,SQX-XAUUSD-H1-2696cbebe25f,XAUUSD,H1,LONG,Trend+Momentum+Volatility
XAUUSD_H1_98,2,SQX-XAUUSD-H1-617714b350c1,XAUUSD,H1,LONG,Trend+Momentum
XAUUSD_H1_99,2,SQX-XAUUSD-H1-29b490e251a2,XAUUSD,H1,LONG,Trend+Momentum
XAUUSD_H1_99,2,SQX-XAUUSD-H1-ba016eafe646,XAUUSD,H1,LONG,Trend+Momentum
XAUUSD_H1_100,2,SQX-XAUUSD-H1-32b4a5a536c3,XAUUSD,H1,LONG,Trend+Volatility
XAUUSD_H1_100,2,SQX-XAUUSD-H1-6a08f72ac3fe,XAUUSD,H1,LONG,Trend+Volatility
XAUUSD_H1_101,2,SQX-XAUUSD-H1-3308b07a665f,XAUUSD,H1,LONG,Trend+Structure
XAUUSD_H1_101,2,SQX-XAUUSD-H1-c1d574a3d6c6,XAUUSD,H1,LONG,Trend+Structure
XAUUSD_H1_102,2,SQX-XAUUSD-H1-34a867a2a232,XAUUSD,H1,LONG,Trend+Momentum+Volatility
XAUUSD_H1_102,2,SQX-XAUUSD-H1-8ef1f276caa1,XAUUSD,H1,LONG,Trend+Momentum+Volatility
XAUUSD_H1_103,2,SQX-XAUUSD-H1-38cac65c6371,XAUUSD,H1,LONG,Trend+Volatility+Structure
XAUUSD_H1_103,2,SQX-XAUUSD-H1-5c1b1a554d59,XAUUSD,H1,LONG,Trend+Volatility+Structure
XAUUSD_H1_104,2,SQX-XAUUSD-H1-3bc924c68adf,XAUUSD,H1,LONG,Trend+Volatility
XAUUSD_H1_104,2,SQX-XAUUSD-H1-a32ac34ee83c,XAUUSD,H1,LONG,Trend+Volatility
XAUUSD_H1_105,2,SQX-XAUUSD-H1-3be26f21134d,XAUUSD,H1,LONG,Trend+Momentum+Volatility
XAUUSD_H1_105,2,SQX-XAUUSD-H1-451bdd85e027,XAUUSD,H1,LONG,Momentum+Volatility
XAUUSD_H1_106,2,SQX-XAUUSD-H1-3c22dc98753b,XAUUSD,H1,LONG,Trend+Volatility+Structure
XAUUSD_H1_106,2,SQX-XAUUSD-H1-d83e6e45ca95,XAUUSD,H1,LONG,Trend+Volatility+Structure
XAUUSD_H1_107,2,SQX-XAUUSD-H1-3d04861f3d48,XAUUSD,H1,LONG,Momentum+Structure
XAUUSD_H1_107,2,SQX-XAUUSD-H1-eee5b7e6c01b,XAUUSD,H1,LONG,Trend+Momentum+Structure
XAUUSD_H1_108,2,SQX-XAUUSD-H1-4951b8cefbe7,XAUUSD,H1,LONG,Momentum+Structure
XAUUSD_H1_108,2,SQX-XAUUSD-H1-cec771de2984,XAUUSD,H1,LONG,Trend+Momentum
XAUUSD_H1_109,2,SQX-XAUUSD-H1-49eba9453f56,XAUUSD,H1,LONG,Trend+Structure
XAUUSD_H1_109,2,SQX-XAUUSD-H1-d3cbb14a685a,XAUUSD,H1,LONG,Trend+Momentum+Structure
XAUUSD_H1_110,2,SQX-XAUUSD-H1-4f4a2ab1c9a4,XAUUSD,H1,LONG,Volatility+Structure
XAUUSD_H1_110,2,SQX-XAUUSD-H1-ec4cb9814e8b,XAUUSD,H1,LONG,Momentum+Volatility+Structure
XAUUSD_H1_111,2,SQX-XAUUSD-H1-570a8da52cd9,XAUUSD,H1,LONG,Trend+Structure
XAUUSD_H1_111,2,SQX-XAUUSD-H1-e5d58dae6c8d,XAUUSD,H1,LONG,Trend+Structure
XAUUSD_H1_112,2,SQX-XAUUSD-H1-5757ae4c73ce,XAUUSD,H1,LONG,Trend+Structure
XAUUSD_H1_112,2,SQX-XAUUSD-H1-d670cbe85af7,XAUUSD,H1,LONG,Trend+Structure
XAUUSD_H1_113,2,SQX-XAUUSD-H1-5f29cc0c3c1a,XAUUSD,H1,LONG,Trend+Volatility+Structure
XAUUSD_H1_113,2,SQX-XAUUSD-H1-f3f2c69428ca,XAUUSD,H1,LONG,Trend+Volatility+Structure
XAUUSD_H1_114,2,SQX-XAUUSD-H1-5f327523b7f8,XAUUSD,H1,LONG,Trend+Momentum+Structure
XAUUSD_H1_114,2,SQX-XAUUSD-H1-694aaf7aa4c2,XAUUSD,H1,LONG,Trend+Momentum+Structure
XAUUSD_H1_115,2,SQX-XAUUSD-H1-612795c7ff3c,XAUUSD,H1,LONG,Trend+Volatility+Structure
XAUUSD_H1_115,2,SQX-XAUUSD-H1-8cf288dbc524,XAUUSD,H1,LONG,Trend+Volatility+Structure
XAUUSD_H1_116,2,SQX-XAUUSD-H1-61c5cfd5e0b7,XAUUSD,H1,LONG,Trend+Volatility+Structure
XAUUSD_H1_116,2,SQX-XAUUSD-H1-bee325eed480,XAUUSD,H1,LONG,Trend+Volatility+Structure
XAUUSD_H1_117,2,SQX-XAUUSD-H1-6745f77df8b0,XAUUSD,H1,LONG,Trend+Momentum
XAUUSD_H1_117,2,SQX-XAUUSD-H1-80cce6c64a1c,XAUUSD,H1,LONG,Trend+Momentum
XAUUSD_H1_118,2,SQX-XAUUSD-H1-68897f4a3a3a,XAUUSD,H1,LONG,Trend+Momentum+Volatility+Structure
XAUUSD_H1_118,2,SQX-XAUUSD-H1-f14229a4e9be,XAUUSD,H1,LONG,Trend+Momentum+Volatility+Structure
XAUUSD_H1_119,2,SQX-XAUUSD-H1-68de0dfa8933,XAUUSD,H1,LONG,Trend+Momentum+Volatility
XAUUSD_H1_119,2,SQX-XAUUSD-H1-c019c92c5150,XAUUSD,H1,LONG,Trend+Momentum+Volatility
XAUUSD_H1_120,2,SQX-XAUUSD-H1-6aac205338b1,XAUUSD,H1,LONG,Momentum+Structure
XAUUSD_H1_120,2,SQX-XAUUSD-H1-f9b7f4a45ef4,XAUUSD,H1,LONG,Momentum+Volatility+Structure
XAUUSD_H1_121,2,SQX-XAUUSD-H1-6bf4ce41a62b,XAUUSD,H1,LONG,Momentum+Volatility+Structure
XAUUSD_H1_121,2,SQX-XAUUSD-H1-ad67c06fa8f8,XAUUSD,H1,LONG,Trend+Volatility+Structure
XAUUSD_H1_122,2,SQX-XAUUSD-H1-6f88108b1497,XAUUSD,H1,LONG,Trend+Structure
XAUUSD_H1_122,2,SQX-XAUUSD-H1-d5ac41b497d3,XAUUSD,H1,LONG,Trend+Structure
XAUUSD_H1_123,2,SQX-XAUUSD-H1-6fc7f75044df,XAUUSD,H1,LONG,Trend+Volatility+Structure
XAUUSD_H1_123,2,SQX-XAUUSD-H1-e27a5ecbecf2,XAUUSD,H1,LONG,Trend+Volatility+Structure
XAUUSD_H1_124,2,SQX-XAUUSD-H1-70746faeb98d,XAUUSD,H1,LONG,Trend+Momentum
XAUUSD_H1_124,2,SQX-XAUUSD-H1-97698a0b1681,XAUUSD,H1,LONG,Trend+Momentum
XAUUSD_H1_125,2,SQX-XAUUSD-H1-7133720c2ef7,XAUUSD,H1,LONG,Trend+Volatility+Structure
XAUUSD_H1_125,2,SQX-XAUUSD-H1-d289bbcdd62e,XAUUSD,H1,LONG,Trend+Volatility+Structure
XAUUSD_H1_126,2,SQX-XAUUSD-H1-7363cdb2fad3,XAUUSD,H1,LONG,Trend+Momentum+Volatility+Structure
XAUUSD_H1_126,2,SQX-XAUUSD-H1-fabe3d7d4727,XAUUSD,H1,LONG,Trend+Momentum+Volatility+Structure
XAUUSD_H1_127,2,SQX-XAUUSD-H1-747f737c1ce6,XAUUSD,H1,LONG,Trend+Volatility+Structure
XAUUSD_H1_127,2,SQX-XAUUSD-H1-c63bf2be4ebc,XAUUSD,H1,LONG,Trend+Volatility+Structure
XAUUSD_H1_128,2,SQX-XAUUSD-H1-75ab4d21144b,XAUUSD,H1,LONG,Trend+Volatility
XAUUSD_H1_128,2,SQX-XAUUSD-H1-d05305996e43,XAUUSD,H1,LONG,Trend+Volatility
XAUUSD_H1_129,2,SQX-XAUUSD-H1-7754207f4f88,XAUUSD,H1,LONG,Trend+Structure
XAUUSD_H1_129,2,SQX-XAUUSD-H1-beb2da2a1ec8,XAUUSD,H1,LONG,Trend+Momentum+Structure
XAUUSD_H1_130,2,SQX-XAUUSD-H1-7d80d3b40034,XAUUSD,H1,LONG,Trend+Volatility+Structure
XAUUSD_H1_130,2,SQX-XAUUSD-H1-a4ed181c3863,XAUUSD,H1,LONG,Trend+Volatility+Structure
XAUUSD_H1_131,2,SQX-XAUUSD-H1-7da523159dc2,XAUUSD,H1,LONG,Trend+Structure
XAUUSD_H1_131,2,SQX-XAUUSD-H1-f920077778b4,XAUUSD,H1,LONG,Trend+Structure
XAUUSD_H1_132,2,SQX-XAUUSD-H1-889a7a582f76,XAUUSD,H1,LONG,Momentum+Volatility
XAUUSD_H1_132,2,SQX-XAUUSD-H1-b5c122937e55,XAUUSD,H1,LONG,Momentum+Volatility
XAUUSD_H1_133,2,SQX-XAUUSD-H1-8c9cf91fecb7,XAUUSD,H1,LONG,Trend+Momentum+Volatility+Structure
XAUUSD_H1_133,2,SQX-XAUUSD-H1-9e9eb36f01a3,XAUUSD,H1,LONG,Trend+Momentum+Volatility+Structure
XAUUSD_H1_134,2,SQX-XAUUSD-H1-96a429692e43,XAUUSD,H1,LONG,Volatility+Structure
XAUUSD_H1_134,2,SQX-XAUUSD-H1-a1961b1c4231,XAUUSD,H1,LONG,Trend+Momentum+Volatility+Structure
XAUUSD_H1_135,2,SQX-XAUUSD-H1-a3daefd61d03,XAUUSD,H1,LONG,Trend+Momentum+Structure
XAUUSD_H1_135,2,SQX-XAUUSD-H1-c025aa35e8af,XAUUSD,H1,LONG,Trend+Momentum+Structure
XAUUSD_H1_136,2,SQX-XAUUSD-H1-a94aaeec4a7c,XAUUSD,H1,LONG,Momentum
XAUUSD_H1_136,2,SQX-XAUUSD-H1-c2ccbbfbdf02,XAUUSD,H1,LONG,Momentum+Volatility
XAUUSD_H1_137,2,SQX-XAUUSD-H1-ac42e1e964ab,XAUUSD,H1,LONG,Structure
XAUUSD_H1_137,2,SQX-XAUUSD-H1-cdd68b3190f6,XAUUSD,H1,LONG,Structure
XAUUSD_H1_138,2,SQX-XAUUSD-H1-ae64f0aeeb28,XAUUSD,H1,LONG,Trend+Momentum+Volatility
XAUUSD_H1_138,2,SQX-XAUUSD-H1-c52eb411a836,XAUUSD,H1,LONG,Trend+Momentum+Volatility
XAUUSD_H1_139,2,SQX-XAUUSD-H1-ae664e7b3080,XAUUSD,H1,LONG,Momentum+Structure
XAUUSD_H1_139,2,SQX-XAUUSD-H1-bdd9e9a4100d,XAUUSD,H1,LONG,Momentum+Structure
XAUUSD_H1_140,2,SQX-XAUUSD-H1-af4e2a1f28fb,XAUUSD,H1,LONG,Volatility+Structure
XAUUSD_H1_140,2,SQX-XAUUSD-H1-dfb607028cfa,XAUUSD,H1,LONG,Volatility+Structure
XAUUSD_H1_141,2,SQX-XAUUSD-H1-b23c663efddc,XAUUSD,H1,LONG,Trend+Momentum
XAUUSD_H1_141,2,SQX-XAUUSD-H1-e0522cd28361,XAUUSD,H1,LONG,Momentum
XAUUSD_H1_142,2,SQX-XAUUSD-H1-b2a56f642e3a,XAUUSD,H1,LONG,Trend
XAUUSD_H1_142,2,SQX-XAUUSD-H1-b95cb635c367,XAUUSD,H1,LONG,Trend
XAUUSD_H1_143,2,SQX-XAUUSD-H1-c030160ce645,XAUUSD,H1,LONG,Trend+Momentum+Volatility
XAUUSD_H1_143,2,SQX-XAUUSD-H1-fe685bdfeb07,XAUUSD,H1,LONG,Trend+Momentum+Volatility
XAUUSD_H1_144,2,SQX-XAUUSD-H1-c2a0a2ee193a,XAUUSD,H1,LONG,Trend+Volatility+Structure
XAUUSD_H1_144,2,SQX-XAUUSD-H1-ee9eb8b9c132,XAUUSD,H1,LONG,Volatility+Structure
XAUUSD_H1_145,2,SQX-XAUUSD-H1-d0af5520afd1,XAUUSD,H1,LONG,Momentum+Volatility
XAUUSD_H1_145,2,SQX-XAUUSD-H1-fffe4ced0701,XAUUSD,H1,LONG,Momentum+Volatility
XAUUSD_H1_146,1,SQX-XAUUSD-H1-0001e6e3b568,XAUUSD,H1,LONG,Trend+Volatility+Structure
XAUUSD_H1_147,1,SQX-XAUUSD-H1-0025e9c7e432,XAUUSD,H1,LONG,Momentum+Volatility+Structure
XAUUSD_H1_148,1,SQX-XAUUSD-H1-00e6d461d091,XAUUSD,H1,LONG,Trend+Volatility+Structure
XAUUSD_H1_149,1,SQX-XAUUSD-H1-011bd37d853d,XAUUSD,H1,LONG,Momentum+Volatility+Structure
XAUUSD_H1_150,1,SQX-XAUUSD-H1-01561d869c8c,XAUUSD,H1,LONG,Trend+Momentum+Volatility
XAUUSD_H1_151,1,SQX-XAUUSD-H1-01d46fce1f54,XAUUSD,H1,LONG,Trend+Momentum+Volatility
XAUUSD_H1_152,1,SQX-XAUUSD-H1-02e485356587,XAUUSD,H1,LONG,Trend+Momentum+Volatility
XAUUSD_H1_153,1,SQX-XAUUSD-H1-03279dd5106a,XAUUSD,H1,LONG,Trend
XAUUSD_H1_154,1,SQX-XAUUSD-H1-03955b63f1d3,XAUUSD,H1,LONG,Trend+Momentum+Volatility
XAUUSD_H1_155,1,SQX-XAUUSD-H1-049bf2154ae3,XAUUSD,H1,LONG,Trend+Momentum+Volatility
XAUUSD_H1_156,1,SQX-XAUUSD-H1-04a4f306c517,XAUUSD,H1,LONG,Trend+Structure
XAUUSD_H1_157,1,SQX-XAUUSD-H1-04b5eb92d394,XAUUSD,H1,LONG,Trend+Volatility
XAUUSD_H1_158,1,SQX-XAUUSD-H1-04bcb6fceb44,XAUUSD,H1,LONG,Trend+Momentum+Structure
XAUUSD_H1_159,1,SQX-XAUUSD-H1-04c80bbc5996,XAUUSD,H1,LONG,Trend+Momentum
XAUUSD_H1_160,1,SQX-XAUUSD-H1-05db602a74c3,XAUUSD,H1,LONG,Momentum+Structure
XAUUSD_H1_161,1,SQX-XAUUSD-H1-06295923747a,XAUUSD,H1,LONG,Trend+Momentum
XAUUSD_H1_162,1,SQX-XAUUSD-H1-076123a6a6fb,XAUUSD,H1,LONG,Momentum+Volatility
XAUUSD_H1_163,1,SQX-XAUUSD-H1-0828e5885287,XAUUSD,H1,LONG,Momentum+Volatility+Structure
XAUUSD_H1_164,1,SQX-XAUUSD-H1-086157ece6d2,XAUUSD,H1,LONG,Trend+Momentum+Structure
XAUUSD_H1_165,1,SQX-XAUUSD-H1-089da81b9777,XAUUSD,H1,LONG,Trend+Momentum+Structure
XAUUSD_H1_166,1,SQX-XAUUSD-H1-096e8891e246,XAUUSD,H1,LONG,Trend+Momentum+Structure
XAUUSD_H1_167,1,SQX-XAUUSD-H1-0aaab712e4f4,XAUUSD,H1,LONG,Trend+Momentum
XAUUSD_H1_168,1,SQX-XAUUSD-H1-0afab40aed44,XAUUSD,H1,LONG,Trend+Momentum
XAUUSD_H1_169,1,SQX-XAUUSD-H1-0bb577718aaa,XAUUSD,H1,LONG,Volatility+Structure
XAUUSD_H1_170,1,SQX-XAUUSD-H1-0cdddfca4700,XAUUSD,H1,LONG,Trend+Momentum+Structure
XAUUSD_H1_171,1,SQX-XAUUSD-H1-0cf6e3512c98,XAUUSD,H1,LONG,Trend+Volatility+Structure
XAUUSD_H1_172,1,SQX-XAUUSD-H1-0d8542bfee67,XAUUSD,H1,LONG,Trend+Momentum
XAUUSD_H1_173,1,SQX-XAUUSD-H1-0d92616bcbb1,XAUUSD,H1,LONG,Trend
XAUUSD_H1_174,1,SQX-XAUUSD-H1-0e0e061b48b9,XAUUSD,H1,LONG,Trend+Structure
XAUUSD_H1_175,1,SQX-XAUUSD-H1-0e4017362b93,XAUUSD,H1,LONG,Trend+Momentum+Structure
XAUUSD_H1_176,1,SQX-XAUUSD-H1-0e5e0e93b86a,XAUUSD,H1,LONG,Trend
XAUUSD_H1_177,1,SQX-XAUUSD-H1-0f2c19bf594f,XAUUSD,H1,LONG,Trend
XAUUSD_H1_178,1,SQX-XAUUSD-H1-1070504a0288,XAUUSD,H1,LONG,Trend+Momentum
XAUUSD_H1_179,1,SQX-XAUUSD-H1-10a4b501ecf4,XAUUSD,H1,LONG,Trend+Volatility
XAUUSD_H1_180,1,SQX-XAUUSD-H1-10bb0b9b6913,XAUUSD,H1,LONG,Trend+Momentum+Volatility
XAUUSD_H1_181,1,SQX-XAUUSD-H1-10d833ef1eb0,XAUUSD,H1,LONG,Trend+Volatility+Structure
XAUUSD_H1_182,1,SQX-XAUUSD-H1-10f3aa84baf3,XAUUSD,H1,LONG,Trend+Momentum+Structure
XAUUSD_H1_183,1,SQX-XAUUSD-H1-113a8f4467ab,XAUUSD,H1,LONG,Trend+Volatility
XAUUSD_H1_184,1,SQX-XAUUSD-H1-120d5795a38a,XAUUSD,H1,LONG,Trend+Volatility
XAUUSD_H1_185,1,SQX-XAUUSD-H1-12b24f944b28,XAUUSD,H1,LONG,Trend
XAUUSD_H1_186,1,SQX-XAUUSD-H1-12f6077652dd,XAUUSD,H1,LONG,Volatility+Structure
XAUUSD_H1_187,1,SQX-XAUUSD-H1-13a6bca47d6b,XAUUSD,H1,LONG,Momentum+Volatility
XAUUSD_H1_188,1,SQX-XAUUSD-H1-141fa4e4724f,XAUUSD,H1,LONG,Momentum+Structure
XAUUSD_H1_189,1,SQX-XAUUSD-H1-14381112cde1,XAUUSD,H1,LONG,Momentum+Structure
XAUUSD_H1_190,1,SQX-XAUUSD-H1-15141648704d,XAUUSD,H1,LONG,Trend+Momentum
XAUUSD_H1_191,1,SQX-XAUUSD-H1-154c9fd72013,XAUUSD,H1,SHORT,Momentum+Structure
XAUUSD_H1_192,1,SQX-XAUUSD-H1-162a3633e3b1,XAUUSD,H1,SHORT,Momentum+Structure
XAUUSD_H1_193,1,SQX-XAUUSD-H1-1646eca485e2,XAUUSD,H1,LONG,Trend+Momentum+Structure
XAUUSD_H1_194,1,SQX-XAUUSD-H1-16be8a97a90a,XAUUSD,H1,LONG,Trend+Momentum
XAUUSD_H1_195,1,SQX-XAUUSD-H1-16ea1162970a,XAUUSD,H1,LONG,Momentum+Volatility+Structure
XAUUSD_H1_196,1,SQX-XAUUSD-H1-177dfa076622,XAUUSD,H1,LONG,Trend+Momentum
XAUUSD_H1_197,1,SQX-XAUUSD-H1-17d927d7911e,XAUUSD,H1,SHORT,Volatility+Structure
XAUUSD_H1_198,1,SQX-XAUUSD-H1-18b09b6a88c3,XAUUSD,H1,LONG,Trend+Volatility
XAUUSD_H1_199,1,SQX-XAUUSD-H1-18ca1880eab5,XAUUSD,H1,LONG,Trend+Momentum
XAUUSD_H1_200,1,SQX-XAUUSD-H1-18d3f6cd7172,XAUUSD,H1,LONG,Trend+Volatility
XAUUSD_H1_201,1,SQX-XAUUSD-H1-18dbac36628f,XAUUSD,H1,LONG,Trend+Volatility+Structure
XAUUSD_H1_202,1,SQX-XAUUSD-H1-18fc159b4a06,XAUUSD,H1,LONG,Trend+Momentum+Structure
XAUUSD_H1_203,1,SQX-XAUUSD-H1-196d77088d16,XAUUSD,H1,LONG,Trend+Volatility+Structure
XAUUSD_H1_204,1,SQX-XAUUSD-H1-1a0f8eeb57bf,XAUUSD,H1,LONG,Trend+Volatility
XAUUSD_H1_205,1,SQX-XAUUSD-H1-1a2d62e95ad2,XAUUSD,H1,LONG,Trend+Momentum+Structure
XAUUSD_H1_206,1,SQX-XAUUSD-H1-1c043ea447db,XAUUSD,H1,LONG,Volatility+Structure
XAUUSD_H1_207,1,SQX-XAUUSD-H1-1c86fd3b394f,XAUUSD,H1,LONG,Trend+Momentum+Volatility
XAUUSD_H1_208,1,SQX-XAUUSD-H1-1ca65d1dfeec,XAUUSD,H1,LONG,Trend
XAUUSD_H1_209,1,SQX-XAUUSD-H1-1cbc6568e37c,XAUUSD,H1,LONG,Trend+Momentum
XAUUSD_H1_210,1,SQX-XAUUSD-H1-1d2cfb54727b,XAUUSD,H1,LONG,Momentum+Volatility+Structure
XAUUSD_H1_211,1,SQX-XAUUSD-H1-1e1229945d84,XAUUSD,H1,LONG,Trend+Momentum
XAUUSD_H1_212,1,SQX-XAUUSD-H1-1e1e939f8d91,XAUUSD,H1,LONG,Trend+Structure
XAUUSD_H1_213,1,SQX-XAUUSD-H1-1e77cb412205,XAUUSD,H1,LONG,Trend+Momentum+Volatility
XAUUSD_H1_214,1,SQX-XAUUSD-H1-1ecbc184c041,XAUUSD,H1,LONG,Momentum
XAUUSD_H1_215,1,SQX-XAUUSD-H1-1f11afdfa8f5,XAUUSD,H1,LONG,Trend+Momentum+Structure
XAUUSD_H1_216,1,SQX-XAUUSD-H1-1f3dc1e9cf0d,XAUUSD,H1,LONG,Trend+Momentum+Volatility+Structure
XAUUSD_H1_217,1,SQX-XAUUSD-H1-21185303ef4f,XAUUSD,H1,LONG,Momentum+Structure
XAUUSD_H1_218,1,SQX-XAUUSD-H1-213319d8671e,XAUUSD,H1,LONG,Trend+Structure
XAUUSD_H1_219,1,SQX-XAUUSD-H1-21378170115b,XAUUSD,H1,LONG,Trend+Momentum+Volatility
XAUUSD_H1_220,1,SQX-XAUUSD-H1-21ee56b8ff3b,XAUUSD,H1,LONG,Trend+Momentum+Volatility
XAUUSD_H1_221,1,SQX-XAUUSD-H1-225cad0b13c5,XAUUSD,H1,LONG,Trend+Volatility+Structure
XAUUSD_H1_222,1,SQX-XAUUSD-H1-225ffa1d57f3,XAUUSD,H1,LONG,Trend+Momentum
XAUUSD_H1_223,1,SQX-XAUUSD-H1-2293fe81ffe8,XAUUSD,H1,LONG,Trend+Momentum+Volatility+Structure
XAUUSD_H1_224,1,SQX-XAUUSD-H1-236d41c61b3b,XAUUSD,H1,LONG,Trend+Volatility
XAUUSD_H1_225,1,SQX-XAUUSD-H1-23f03785b405,XAUUSD,H1,LONG,Trend+Volatility
XAUUSD_H1_226,1,SQX-XAUUSD-H1-24da5d361005,XAUUSD,H1,LONG,Momentum+Volatility
XAUUSD_H1_227,1,SQX-XAUUSD-H1-24dddeabb165,XAUUSD,H1,LONG,Momentum+Structure
XAUUSD_H1_228,1,SQX-XAUUSD-H1-25447349fe21,XAUUSD,H1,LONG,Trend+Momentum+Volatility+Structure
XAUUSD_H1_229,1,SQX-XAUUSD-H1-25e140fa8a0c,XAUUSD,H1,LONG,Trend+Volatility
XAUUSD_H1_230,1,SQX-XAUUSD-H1-25e40b4b3518,XAUUSD,H1,LONG,Trend+Momentum
XAUUSD_H1_231,1,SQX-XAUUSD-H1-268d08746ca6,XAUUSD,H1,LONG,Momentum+Volatility
XAUUSD_H1_232,1,SQX-XAUUSD-H1-26def86f04db,XAUUSD,H1,LONG,Volatility+Structure
XAUUSD_H1_233,1,SQX-XAUUSD-H1-2772ac2d13fc,XAUUSD,H1,LONG,Trend+Momentum+Structure
XAUUSD_H1_234,1,SQX-XAUUSD-H1-28349fa25b8c,XAUUSD,H1,LONG,Trend+Momentum+Structure
XAUUSD_H1_235,1,SQX-XAUUSD-H1-2836df8cebb5,XAUUSD,H1,SHORT,Trend+Momentum
XAUUSD_H1_236,1,SQX-XAUUSD-H1-289710342470,XAUUSD,H1,LONG,Trend+Volatility
XAUUSD_H1_237,1,SQX-XAUUSD-H1-2a166fd4e5ac,XAUUSD,H1,LONG,Momentum
XAUUSD_H1_238,1,SQX-XAUUSD-H1-2a2594171e68,XAUUSD,H1,LONG,Momentum
XAUUSD_H1_239,1,SQX-XAUUSD-H1-2a4c889bc22d,XAUUSD,H1,LONG,Trend+Volatility
XAUUSD_H1_240,1,SQX-XAUUSD-H1-2ac358cf8421,XAUUSD,H1,LONG,Trend
XAUUSD_H1_241,1,SQX-XAUUSD-H1-2bd2f69fdee9,XAUUSD,H1,LONG,Trend
XAUUSD_H1_242,1,SQX-XAUUSD-H1-2c6062b4d832,XAUUSD,H1,LONG,Trend+Momentum
XAUUSD_H1_243,1,SQX-XAUUSD-H1-2ca2b89cb968,XAUUSD,H1,LONG,Trend+Momentum
XAUUSD_H1_244,1,SQX-XAUUSD-H1-2d3f895a1d9b,XAUUSD,H1,LONG,Trend+Momentum+Volatility
XAUUSD_H1_245,1,SQX-XAUUSD-H1-2d663e6a502c,XAUUSD,H1,LONG,Trend+Momentum+Structure
XAUUSD_H1_246,1,SQX-XAUUSD-H1-2d7ac60e9f16,XAUUSD,H1,LONG,Momentum+Volatility
XAUUSD_H1_247,1,SQX-XAUUSD-H1-2e2c117f74cf,XAUUSD,H1,LONG,Trend+Structure
XAUUSD_H1_248,1,SQX-XAUUSD-H1-2e3758b51044,XAUUSD,H1,LONG,Trend+Momentum+Volatility
XAUUSD_H1_249,1,SQX-XAUUSD-H1-2e39b1cd6b7f,XAUUSD,H1,LONG,Trend+Momentum
XAUUSD_H1_250,1,SQX-XAUUSD-H1-2e4f468abcad,XAUUSD,H1,LONG,Trend+Momentum+Volatility
XAUUSD_H1_251,1,SQX-XAUUSD-H1-2eaca2179063,XAUUSD,H1,LONG,Trend+Momentum+Volatility
XAUUSD_H1_252,1,SQX-XAUUSD-H1-2ec20290eb00,XAUUSD,H1,LONG,Volatility+Structure
XAUUSD_H1_253,1,SQX-XAUUSD-H1-2ee4c997a3ba,XAUUSD,H1,LONG,Trend+Volatility
XAUUSD_H1_254,1,SQX-XAUUSD-H1-2f48a6f64ad8,XAUUSD,H1,LONG,Momentum+Structure
XAUUSD_H1_255,1,SQX-XAUUSD-H1-2f4d95e938f9,XAUUSD,H1,LONG,Momentum
XAUUSD_H1_256,1,SQX-XAUUSD-H1-2fe80613bcc0,XAUUSD,H1,SHORT,Trend+Volatility+Structure
XAUUSD_H1_257,1,SQX-XAUUSD-H1-2feb8698453f,XAUUSD,H1,LONG,Trend+Momentum
XAUUSD_H1_258,1,SQX-XAUUSD-H1-2ff60448c3ff,XAUUSD,H1,LONG,Trend+Volatility+Structure
XAUUSD_H1_259,1,SQX-XAUUSD-H1-302e7bd0ef9c,XAUUSD,H1,LONG,Trend+Momentum+Volatility+Structure
XAUUSD_H1_260,1,SQX-XAUUSD-H1-3096d0aa5b92,XAUUSD,H1,LONG,Trend+Volatility+Structure
XAUUSD_H1_261,1,SQX-XAUUSD-H1-31293d26fe99,XAUUSD,H1,LONG,Trend+Structure
XAUUSD_H1_262,1,SQX-XAUUSD-H1-316d6a77639a,XAUUSD,H1,LONG,Trend
XAUUSD_H1_263,1,SQX-XAUUSD-H1-325d360691e6,XAUUSD,H1,SHORT,Momentum+Structure
XAUUSD_H1_264,1,SQX-XAUUSD-H1-329a63c6e97e,XAUUSD,H1,LONG,Trend+Momentum+Volatility
XAUUSD_H1_265,1,SQX-XAUUSD-H1-32fdc3bbe6ca,XAUUSD,H1,LONG,Momentum+Volatility
XAUUSD_H1_266,1,SQX-XAUUSD-H1-33794fb4842f,XAUUSD,H1,LONG,Trend+Volatility+Structure
XAUUSD_H1_267,1,SQX-XAUUSD-H1-341263dca258,XAUUSD,H1,LONG,Momentum+Structure
XAUUSD_H1_268,1,SQX-XAUUSD-H1-34946c11372e,XAUUSD,H1,LONG,Momentum+Volatility+Structure
XAUUSD_H1_269,1,SQX-XAUUSD-H1-356104e29140,XAUUSD,H1,LONG,Trend+Momentum+Structure
XAUUSD_H1_270,1,SQX-XAUUSD-H1-35dd5da4bedf,XAUUSD,H1,LONG,Trend+Momentum
XAUUSD_H1_271,1,SQX-XAUUSD-H1-3628262660e0,XAUUSD,H1,LONG,Trend+Volatility+Structure
XAUUSD_H1_272,1,SQX-XAUUSD-H1-367b1bec9aa1,XAUUSD,H1,LONG,Trend+Momentum+Volatility
XAUUSD_H1_273,1,SQX-XAUUSD-H1-368eafd5772a,XAUUSD,H1,LONG,Trend+Momentum
XAUUSD_H1_274,1,SQX-XAUUSD-H1-3782d9d40407,XAUUSD,H1,LONG,Trend+Volatility
XAUUSD_H1_275,1,SQX-XAUUSD-H1-38c323d180e5,XAUUSD,H1,LONG,Trend+Momentum
XAUUSD_H1_276,1,SQX-XAUUSD-H1-3a166bb06b35,XAUUSD,H1,LONG,Trend+Momentum+Structure
XAUUSD_H1_277,1,SQX-XAUUSD-H1-3ac26f5ac465,XAUUSD,H1,LONG,Momentum+Structure
XAUUSD_H1_278,1,SQX-XAUUSD-H1-3acf04e1d322,XAUUSD,H1,LONG,Trend+Volatility+Structure
XAUUSD_H1_279,1,SQX-XAUUSD-H1-3bac92cf370e,XAUUSD,H1,LONG,Trend+Momentum+Volatility+Structure
XAUUSD_H1_280,1,SQX-XAUUSD-H1-3bd39ef532bc,XAUUSD,H1,LONG,Volatility
XAUUSD_H1_281,1,SQX-XAUUSD-H1-3c8eb128e775,XAUUSD,H1,LONG,Momentum+Structure
XAUUSD_H1_282,1,SQX-XAUUSD-H1-3cdd90dd74da,XAUUSD,H1,LONG,Trend+Momentum
XAUUSD_H1_283,1,SQX-XAUUSD-H1-3cfcfd0a02ce,XAUUSD,H1,LONG,Momentum+Volatility+Structure
XAUUSD_H1_284,1,SQX-XAUUSD-H1-3d018c92bdba,XAUUSD,H1,LONG,Momentum+Volatility
XAUUSD_H1_285,1,SQX-XAUUSD-H1-3d566b54cce3,XAUUSD,H1,LONG,Trend+Structure
XAUUSD_H1_286,1,SQX-XAUUSD-H1-3d659be621b6,XAUUSD,H1,LONG,Trend+Volatility
XAUUSD_H1_287,1,SQX-XAUUSD-H1-3e3b779c727a,XAUUSD,H1,LONG,Momentum+Volatility+Structure
XAUUSD_H1_288,1,SQX-XAUUSD-H1-3fdd9aadcb8f,XAUUSD,H1,LONG,Momentum+Structure
XAUUSD_H1_289,1,SQX-XAUUSD-H1-3ff3208f2bcd,XAUUSD,H1,LONG,Trend+Momentum+Structure
XAUUSD_H1_290,1,SQX-XAUUSD-H1-406aa4c9f86e,XAUUSD,H1,LONG,Momentum+Structure
XAUUSD_H1_291,1,SQX-XAUUSD-H1-407a96d4fa4d,XAUUSD,H1,LONG,Trend+Momentum+Structure
XAUUSD_H1_292,1,SQX-XAUUSD-H1-4081ce88d340,XAUUSD,H1,LONG,Trend
XAUUSD_H1_293,1,SQX-XAUUSD-H1-40a560a04765,XAUUSD,H1,LONG,Momentum+Structure
XAUUSD_H1_294,1,SQX-XAUUSD-H1-4222c8ee7b19,XAUUSD,H1,LONG,Trend+Volatility+Structure
XAUUSD_H1_295,1,SQX-XAUUSD-H1-425f4955f97f,XAUUSD,H1,LONG,Trend+Structure
XAUUSD_H1_296,1,SQX-XAUUSD-H1-428797a88d0e,XAUUSD,H1,LONG,Trend+Structure
XAUUSD_H1_297,1,SQX-XAUUSD-H1-42f1d2de182d,XAUUSD,H1,LONG,Momentum+Volatility+Structure
XAUUSD_H1_298,1,SQX-XAUUSD-H1-4326b608b570,XAUUSD,H1,SHORT,Momentum+Volatility
XAUUSD_H1_299,1,SQX-XAUUSD-H1-439a122cb4ce,XAUUSD,H1,LONG,Trend+Momentum+Volatility+Structure
XAUUSD_H1_300,1,SQX-XAUUSD-H1-44b1a84c92a8,XAUUSD,H1,LONG,Trend
XAUUSD_H1_301,1,SQX-XAUUSD-H1-451a3bb909ac,XAUUSD,H1,LONG,Trend+Momentum+Volatility
XAUUSD_H1_302,1,SQX-XAUUSD-H1-45b5bc028878,XAUUSD,H1,LONG,Trend+Structure
XAUUSD_H1_303,1,SQX-XAUUSD-H1-461e22c2671f,XAUUSD,H1,LONG,Trend+Momentum+Volatility+Structure
XAUUSD_H1_304,1,SQX-XAUUSD-H1-46d37806e4a4,XAUUSD,H1,LONG,Trend+Structure
XAUUSD_H1_305,1,SQX-XAUUSD-H1-46faedb17660,XAUUSD,H1,LONG,Momentum+Volatility
XAUUSD_H1_306,1,SQX-XAUUSD-H1-47444ae9a1eb,XAUUSD,H1,LONG,Momentum+Structure
XAUUSD_H1_307,1,SQX-XAUUSD-H1-479bbdc14e21,XAUUSD,H1,SHORT,Volatility+Structure
XAUUSD_H1_308,1,SQX-XAUUSD-H1-4800fcd25f33,XAUUSD,H1,LONG,Momentum+Structure
XAUUSD_H1_309,1,SQX-XAUUSD-H1-48ec5a14c338,XAUUSD,H1,LONG,Momentum+Volatility+Structure
XAUUSD_H1_310,1,SQX-XAUUSD-H1-4a270b24b8c9,XAUUSD,H1,LONG,Momentum+Volatility
XAUUSD_H1_311,1,SQX-XAUUSD-H1-4a3960d31095,XAUUSD,H1,LONG,Momentum+Volatility+Structure
XAUUSD_H1_312,1,SQX-XAUUSD-H1-4a533a0bb437,XAUUSD,H1,LONG,Trend+Volatility
XAUUSD_H1_313,1,SQX-XAUUSD-H1-4acbe3982f65,XAUUSD,H1,LONG,Momentum+Structure
XAUUSD_H1_314,1,SQX-XAUUSD-H1-4afb7708665d,XAUUSD,H1,LONG,Trend+Volatility+Structure
XAUUSD_H1_315,1,SQX-XAUUSD-H1-4ba27a2dc60e,XAUUSD,H1,LONG,Trend+Structure
XAUUSD_H1_316,1,SQX-XAUUSD-H1-4bc987e3ee4c,XAUUSD,H1,LONG,Trend
XAUUSD_H1_317,1,SQX-XAUUSD-H1-4bfdda46292e,XAUUSD,H1,LONG,Trend+Momentum+Structure
XAUUSD_H1_318,1,SQX-XAUUSD-H1-4c2a0d1182a4,XAUUSD,H1,LONG,Trend+Momentum+Structure
XAUUSD_H1_319,1,SQX-XAUUSD-H1-4c5aa9e0c0e9,XAUUSD,H1,LONG,Trend+Momentum+Volatility
XAUUSD_H1_320,1,SQX-XAUUSD-H1-4c61a858ee7b,XAUUSD,H1,LONG,Volatility+Structure
XAUUSD_H1_321,1,SQX-XAUUSD-H1-4d0460274469,XAUUSD,H1,LONG,Trend+Momentum
XAUUSD_H1_322,1,SQX-XAUUSD-H1-4d0778e44859,XAUUSD,H1,LONG,Trend+Volatility
XAUUSD_H1_323,1,SQX-XAUUSD-H1-4d2cfd96d049,XAUUSD,H1,LONG,Trend+Momentum+Structure
XAUUSD_H1_324,1,SQX-XAUUSD-H1-4d6d8d0bafe6,XAUUSD,H1,LONG,Trend+Momentum+Volatility
XAUUSD_H1_325,1,SQX-XAUUSD-H1-4d7abdbe5464,XAUUSD,H1,LONG,Trend+Momentum
XAUUSD_H1_326,1,SQX-XAUUSD-H1-4f4981353e0a,XAUUSD,H1,LONG,Trend+Momentum+Volatility+Structure
XAUUSD_H1_327,1,SQX-XAUUSD-H1-506d9b9b9b55,XAUUSD,H1,LONG,Trend+Momentum+Volatility
XAUUSD_H1_328,1,SQX-XAUUSD-H1-50d5be241383,XAUUSD,H1,LONG,Volatility+Structure
XAUUSD_H1_329,1,SQX-XAUUSD-H1-514cfc9dd1f3,XAUUSD,H1,LONG,Trend+Momentum+Volatility
XAUUSD_H1_330,1,SQX-XAUUSD-H1-5192aa8e9f2e,XAUUSD,H1,LONG,Trend
XAUUSD_H1_331,1,SQX-XAUUSD-H1-51be1bdc9d05,XAUUSD,H1,LONG,Volatility+Structure
XAUUSD_H1_332,1,SQX-XAUUSD-H1-51f16c208500,XAUUSD,H1,LONG,Trend+Structure
XAUUSD_H1_333,1,SQX-XAUUSD-H1-534483722f79,XAUUSD,H1,LONG,Momentum+Volatility+Structure
XAUUSD_H1_334,1,SQX-XAUUSD-H1-536bed033c50,XAUUSD,H1,LONG,Momentum+Volatility
XAUUSD_H1_335,1,SQX-XAUUSD-H1-539dd961913c,XAUUSD,H1,LONG,Trend+Structure
XAUUSD_H1_336,1,SQX-XAUUSD-H1-53ab955d143b,XAUUSD,H1,LONG,Trend+Volatility+Structure
XAUUSD_H1_337,1,SQX-XAUUSD-H1-54568c1dd04e,XAUUSD,H1,LONG,Trend+Momentum+Volatility+Structure
XAUUSD_H1_338,1,SQX-XAUUSD-H1-547272d7cc36,XAUUSD,H1,LONG,Trend+Momentum+Volatility
XAUUSD_H1_339,1,SQX-XAUUSD-H1-55b9e1f05ede,XAUUSD,H1,LONG,Trend+Momentum+Structure
XAUUSD_H1_340,1,SQX-XAUUSD-H1-55c6fa353725,XAUUSD,H1,LONG,Trend+Momentum+Structure
XAUUSD_H1_341,1,SQX-XAUUSD-H1-56855858a716,XAUUSD,H1,LONG,Trend+Volatility+Structure
XAUUSD_H1_342,1,SQX-XAUUSD-H1-56f2bf70147c,XAUUSD,H1,LONG,Momentum
XAUUSD_H1_343,1,SQX-XAUUSD-H1-571f62d0e489,XAUUSD,H1,LONG,Momentum+Structure
XAUUSD_H1_344,1,SQX-XAUUSD-H1-58901af52519,XAUUSD,H1,LONG,Volatility+Structure
XAUUSD_H1_345,1,SQX-XAUUSD-H1-58c6dadb9e92,XAUUSD,H1,LONG,Momentum+Structure
XAUUSD_H1_346,1,SQX-XAUUSD-H1-59ad18323875,XAUUSD,H1,LONG,Trend+Volatility+Structure
XAUUSD_H1_347,1,SQX-XAUUSD-H1-59fc6d7d7898,XAUUSD,H1,LONG,Trend+Momentum+Volatility
XAUUSD_H1_348,1,SQX-XAUUSD-H1-59ff43541e7c,XAUUSD,H1,SHORT,Trend+Volatility+Structure
XAUUSD_H1_349,1,SQX-XAUUSD-H1-5bd206f018c5,XAUUSD,H1,LONG,Trend+Momentum+Volatility
XAUUSD_H1_350,1,SQX-XAUUSD-H1-5c73148a4c50,XAUUSD,H1,LONG,Trend+Momentum+Structure
XAUUSD_H1_351,1,SQX-XAUUSD-H1-5c826828d374,XAUUSD,H1,SHORT,Trend+Volatility+Structure
XAUUSD_H1_352,1,SQX-XAUUSD-H1-5c8647d502c9,XAUUSD,H1,LONG,Momentum+Volatility+Structure
XAUUSD_H1_353,1,SQX-XAUUSD-H1-5cc5a09bb572,XAUUSD,H1,SHORT,Trend+Momentum+Volatility
XAUUSD_H1_354,1,SQX-XAUUSD-H1-5cd791a5ca95,XAUUSD,H1,LONG,Volatility+Structure
XAUUSD_H1_355,1,SQX-XAUUSD-H1-5d21f792b673,XAUUSD,H1,LONG,Trend+Momentum+Structure
XAUUSD_H1_356,1,SQX-XAUUSD-H1-60d70a44e4dc,XAUUSD,H1,LONG,Trend+Momentum
XAUUSD_H1_357,1,SQX-XAUUSD-H1-6112f9214582,XAUUSD,H1,LONG,Trend
XAUUSD_H1_358,1,SQX-XAUUSD-H1-61133d9c419d,XAUUSD,H1,LONG,Momentum+Structure
XAUUSD_H1_359,1,SQX-XAUUSD-H1-613581af796c,XAUUSD,H1,LONG,Trend+Structure
XAUUSD_H1_360,1,SQX-XAUUSD-H1-61ee36e11a20,XAUUSD,H1,LONG,Trend+Volatility
XAUUSD_H1_361,1,SQX-XAUUSD-H1-62604f8408fb,XAUUSD,H1,LONG,Momentum+Volatility+Structure
XAUUSD_H1_362,1,SQX-XAUUSD-H1-62ad064aa5c6,XAUUSD,H1,LONG,Trend+Momentum
XAUUSD_H1_363,1,SQX-XAUUSD-H1-62d232685a9b,XAUUSD,H1,LONG,Trend+Momentum+Volatility+Structure
XAUUSD_H1_364,1,SQX-XAUUSD-H1-6301c602f98f,XAUUSD,H1,LONG,Trend+Structure
XAUUSD_H1_365,1,SQX-XAUUSD-H1-6314a11e1bb1,XAUUSD,H1,LONG,Trend+Momentum+Volatility
XAUUSD_H1_366,1,SQX-XAUUSD-H1-63817a6ba612,XAUUSD,H1,LONG,Momentum+Volatility+Structure
XAUUSD_H1_367,1,SQX-XAUUSD-H1-63bfd7dd02bb,XAUUSD,H1,LONG,Momentum
XAUUSD_H1_368,1,SQX-XAUUSD-H1-647d969cd40e,XAUUSD,H1,LONG,Trend+Momentum+Volatility+Structure
XAUUSD_H1_369,1,SQX-XAUUSD-H1-657d1cb2e8a3,XAUUSD,H1,LONG,Trend+Volatility+Structure
XAUUSD_H1_370,1,SQX-XAUUSD-H1-65b190eebfa4,XAUUSD,H1,LONG,Momentum+Volatility+Structure
XAUUSD_H1_371,1,SQX-XAUUSD-H1-65fbdf4e095a,XAUUSD,H1,LONG,Trend+Momentum
XAUUSD_H1_372,1,SQX-XAUUSD-H1-661e8a710b04,XAUUSD,H1,LONG,Trend+Momentum+Volatility+Structure
XAUUSD_H1_373,1,SQX-XAUUSD-H1-683318d9dfd2,XAUUSD,H1,LONG,Momentum+Structure
XAUUSD_H1_374,1,SQX-XAUUSD-H1-6852279dd8f7,XAUUSD,H1,LONG,Trend+Volatility
XAUUSD_H1_375,1,SQX-XAUUSD-H1-68ba1e8c69a8,XAUUSD,H1,LONG,Structure
XAUUSD_H1_376,1,SQX-XAUUSD-H1-68fea91254e5,XAUUSD,H1,LONG,Trend+Structure
XAUUSD_H1_377,1,SQX-XAUUSD-H1-692a67764cb3,XAUUSD,H1,LONG,Volatility+Structure
XAUUSD_H1_378,1,SQX-XAUUSD-H1-699357ca10d1,XAUUSD,H1,LONG,Momentum+Volatility+Structure
XAUUSD_H1_379,1,SQX-XAUUSD-H1-6ab00fc96cc6,XAUUSD,H1,LONG,Trend+Momentum+Volatility+Structure
XAUUSD_H1_380,1,SQX-XAUUSD-H1-6ac1a262ec68,XAUUSD,H1,LONG,Trend+Volatility
XAUUSD_H1_381,1,SQX-XAUUSD-H1-6b40da160df2,XAUUSD,H1,LONG,Trend+Momentum+Structure
XAUUSD_H1_382,1,SQX-XAUUSD-H1-6b5ce300c518,XAUUSD,H1,LONG,Momentum+Volatility+Structure
XAUUSD_H1_383,1,SQX-XAUUSD-H1-6b9437c102a8,XAUUSD,H1,LONG,Trend+Momentum+Volatility
XAUUSD_H1_384,1,SQX-XAUUSD-H1-6bfba5104aad,XAUUSD,H1,LONG,Trend+Volatility
XAUUSD_H1_385,1,SQX-XAUUSD-H1-6c5d0e888c82,XAUUSD,H1,LONG,Trend+Momentum
XAUUSD_H1_386,1,SQX-XAUUSD-H1-6c624f0f8386,XAUUSD,H1,LONG,Trend+Volatility
XAUUSD_H1_387,1,SQX-XAUUSD-H1-6ce439d2d06f,XAUUSD,H1,LONG,Trend+Momentum
XAUUSD_H1_388,1,SQX-XAUUSD-H1-6ceb0b996623,XAUUSD,H1,LONG,Trend+Momentum
XAUUSD_H1_389,1,SQX-XAUUSD-H1-6cf5a58cc676,XAUUSD,H1,LONG,Trend+Momentum+Volatility+Structure
XAUUSD_H1_390,1,SQX-XAUUSD-H1-6d08868705b0,XAUUSD,H1,LONG,Trend
XAUUSD_H1_391,1,SQX-XAUUSD-H1-6dddec111d58,XAUUSD,H1,LONG,Trend+Momentum+Volatility
XAUUSD_H1_392,1,SQX-XAUUSD-H1-6df23d52c493,XAUUSD,H1,LONG,Trend
XAUUSD_H1_393,1,SQX-XAUUSD-H1-6f20480fbdee,XAUUSD,H1,LONG,Momentum+Volatility+Structure
XAUUSD_H1_394,1,SQX-XAUUSD-H1-6fd5deacfe60,XAUUSD,H1,LONG,Momentum+Volatility+Structure
XAUUSD_H1_395,1,SQX-XAUUSD-H1-7003a796d8af,XAUUSD,H1,LONG,Trend+Momentum+Structure
XAUUSD_H1_396,1,SQX-XAUUSD-H1-7025a0413f10,XAUUSD,H1,LONG,Trend+Momentum+Volatility
XAUUSD_H1_397,1,SQX-XAUUSD-H1-708ac325bd10,XAUUSD,H1,LONG,Trend+Momentum+Structure
XAUUSD_H1_398,1,SQX-XAUUSD-H1-70a7abe6be4b,XAUUSD,H1,LONG,Momentum+Volatility+Structure
XAUUSD_H1_399,1,SQX-XAUUSD-H1-71075e19e36d,XAUUSD,H1,LONG,Trend+Momentum+Structure
XAUUSD_H1_400,1,SQX-XAUUSD-H1-712ed9ec3773,XAUUSD,H1,LONG,Volatility+Structure
XAUUSD_H1_401,1,SQX-XAUUSD-H1-7194b16d2ec1,XAUUSD,H1,LONG,Trend+Structure
XAUUSD_H1_402,1,SQX-XAUUSD-H1-739ed4cdd089,XAUUSD,H1,LONG,Trend+Momentum
XAUUSD_H1_403,1,SQX-XAUUSD-H1-73d41a9b723f,XAUUSD,H1,LONG,Trend+Volatility
XAUUSD_H1_404,1,SQX-XAUUSD-H1-741e0c5b40ea,XAUUSD,H1,LONG,Momentum+Volatility+Structure
XAUUSD_H1_405,1,SQX-XAUUSD-H1-745b226e9330,XAUUSD,H1,LONG,Trend+Volatility+Structure
XAUUSD_H1_406,1,SQX-XAUUSD-H1-7517bd7148e9,XAUUSD,H1,LONG,Momentum+Volatility+Structure
XAUUSD_H1_407,1,SQX-XAUUSD-H1-75a0951ede02,XAUUSD,H1,LONG,Momentum+Structure
XAUUSD_H1_408,1,SQX-XAUUSD-H1-75ad7c28a2c8,XAUUSD,H1,LONG,Trend+Momentum
XAUUSD_H1_409,1,SQX-XAUUSD-H1-76774ac0c97c,XAUUSD,H1,LONG,Trend+Volatility+Structure
XAUUSD_H1_410,1,SQX-XAUUSD-H1-76fb55eeb361,XAUUSD,H1,LONG,Trend+Volatility
XAUUSD_H1_411,1,SQX-XAUUSD-H1-7a4e6b59c7d8,XAUUSD,H1,LONG,Trend+Volatility+Structure
XAUUSD_H1_412,1,SQX-XAUUSD-H1-7a77dd5bc221,XAUUSD,H1,LONG,Trend+Momentum+Structure
XAUUSD_H1_413,1,SQX-XAUUSD-H1-7b2f3166c446,XAUUSD,H1,LONG,Trend+Momentum+Volatility+Structure
XAUUSD_H1_414,1,SQX-XAUUSD-H1-7bd06f89cb9c,XAUUSD,H1,LONG,Trend+Momentum
XAUUSD_H1_415,1,SQX-XAUUSD-H1-7c89cfcc78ed,XAUUSD,H1,LONG,Trend+Momentum
XAUUSD_H1_416,1,SQX-XAUUSD-H1-7d4dbb61dd8a,XAUUSD,H1,LONG,Momentum+Structure
XAUUSD_H1_417,1,SQX-XAUUSD-H1-7d85651b0f70,XAUUSD,H1,LONG,Trend+Momentum+Structure
XAUUSD_H1_418,1,SQX-XAUUSD-H1-7e66fb822968,XAUUSD,H1,LONG,Trend+Momentum
XAUUSD_H1_419,1,SQX-XAUUSD-H1-7e9fcbfda895,XAUUSD,H1,SHORT,Trend+Momentum+Structure
XAUUSD_H1_420,1,SQX-XAUUSD-H1-7f3eb7861a21,XAUUSD,H1,LONG,Trend+Momentum
XAUUSD_H1_421,1,SQX-XAUUSD-H1-7f922ab0af5d,XAUUSD,H1,LONG,Momentum+Volatility
XAUUSD_H1_422,1,SQX-XAUUSD-H1-7fa9559651d6,XAUUSD,H1,LONG,Momentum+Volatility+Structure
XAUUSD_H1_423,1,SQX-XAUUSD-H1-8144cecb6cfd,XAUUSD,H1,LONG,Momentum+Volatility
XAUUSD_H1_424,1,SQX-XAUUSD-H1-81b379a8b3f2,XAUUSD,H1,LONG,Trend+Momentum+Volatility+Structure
XAUUSD_H1_425,1,SQX-XAUUSD-H1-8279caafdece,XAUUSD,H1,LONG,Trend+Momentum+Volatility
XAUUSD_H1_426,1,SQX-XAUUSD-H1-8291e0abc0eb,XAUUSD,H1,LONG,Trend+Momentum+Structure
XAUUSD_H1_427,1,SQX-XAUUSD-H1-82a58fc9bfc3,XAUUSD,H1,LONG,Trend+Momentum
XAUUSD_H1_428,1,SQX-XAUUSD-H1-837c44fac022,XAUUSD,H1,LONG,Trend+Momentum
XAUUSD_H1_429,1,SQX-XAUUSD-H1-83cac88f8f8c,XAUUSD,H1,LONG,Trend+Volatility
XAUUSD_H1_430,1,SQX-XAUUSD-H1-842da754f41c,XAUUSD,H1,LONG,Trend+Volatility+Structure
XAUUSD_H1_431,1,SQX-XAUUSD-H1-846da7824549,XAUUSD,H1,LONG,Momentum+Volatility
XAUUSD_H1_432,1,SQX-XAUUSD-H1-84fc25893471,XAUUSD,H1,LONG,Momentum+Volatility+Structure
XAUUSD_H1_433,1,SQX-XAUUSD-H1-852376434fad,XAUUSD,H1,LONG,Trend
XAUUSD_H1_434,1,SQX-XAUUSD-H1-8671b3a3099c,XAUUSD,H1,LONG,Momentum+Structure
XAUUSD_H1_435,1,SQX-XAUUSD-H1-87154673275c,XAUUSD,H1,LONG,Momentum+Structure
XAUUSD_H1_436,1,SQX-XAUUSD-H1-87a31433fbb1,XAUUSD,H1,LONG,Momentum+Structure
XAUUSD_H1_437,1,SQX-XAUUSD-H1-8811a22b591c,XAUUSD,H1,LONG,Trend+Structure
XAUUSD_H1_438,1,SQX-XAUUSD-H1-8827b498abb4,XAUUSD,H1,LONG,Trend+Momentum+Volatility+Structure
XAUUSD_H1_439,1,SQX-XAUUSD-H1-883e61f9fb23,XAUUSD,H1,LONG,Trend+Momentum+Volatility
XAUUSD_H1_440,1,SQX-XAUUSD-H1-885ff60a6cd6,XAUUSD,H1,LONG,Momentum+Volatility+Structure
XAUUSD_H1_441,1,SQX-XAUUSD-H1-892b4947af54,XAUUSD,H1,SHORT,Momentum+Structure
XAUUSD_H1_442,1,SQX-XAUUSD-H1-892fcdf2d9e1,XAUUSD,H1,SHORT,Momentum+Structure
XAUUSD_H1_443,1,SQX-XAUUSD-H1-8944872dfcc2,XAUUSD,H1,LONG,Trend+Volatility+Structure
XAUUSD_H1_444,1,SQX-XAUUSD-H1-894b16d80a29,XAUUSD,H1,LONG,Trend+Momentum+Volatility
XAUUSD_H1_445,1,SQX-XAUUSD-H1-89b6d4e729d6,XAUUSD,H1,LONG,Trend+Momentum
XAUUSD_H1_446,1,SQX-XAUUSD-H1-89f59ffefb0f,XAUUSD,H1,LONG,Trend+Volatility+Structure
XAUUSD_H1_447,1,SQX-XAUUSD-H1-8b0546647dad,XAUUSD,H1,LONG,Momentum+Structure
XAUUSD_H1_448,1,SQX-XAUUSD-H1-8b151b93db0a,XAUUSD,H1,LONG,Momentum+Structure
XAUUSD_H1_449,1,SQX-XAUUSD-H1-8bd75eb2831f,XAUUSD,H1,LONG,Momentum+Volatility+Structure
XAUUSD_H1_450,1,SQX-XAUUSD-H1-8c21b3099cb3,XAUUSD,H1,LONG,Trend+Momentum+Volatility+Structure
XAUUSD_H1_451,1,SQX-XAUUSD-H1-8d312ca4f7cb,XAUUSD,H1,LONG,Trend+Momentum+Volatility
XAUUSD_H1_452,1,SQX-XAUUSD-H1-8f0099c61ace,XAUUSD,H1,LONG,Momentum+Volatility+Structure
XAUUSD_H1_453,1,SQX-XAUUSD-H1-8f6a501e9720,XAUUSD,H1,LONG,Trend
XAUUSD_H1_454,1,SQX-XAUUSD-H1-8f825610e10b,XAUUSD,H1,LONG,Trend+Volatility+Structure
XAUUSD_H1_455,1,SQX-XAUUSD-H1-90d94649a134,XAUUSD,H1,LONG,Momentum+Structure
XAUUSD_H1_456,1,SQX-XAUUSD-H1-910f78ef9467,XAUUSD,H1,LONG,Momentum+Volatility+Structure
XAUUSD_H1_457,1,SQX-XAUUSD-H1-9132e867163a,XAUUSD,H1,LONG,Trend+Volatility
XAUUSD_H1_458,1,SQX-XAUUSD-H1-919e78ecf72c,XAUUSD,H1,LONG,Trend+Momentum+Volatility
XAUUSD_H1_459,1,SQX-XAUUSD-H1-91bf20151210,XAUUSD,H1,LONG,Trend+Volatility+Structure
XAUUSD_H1_460,1,SQX-XAUUSD-H1-9209dc5d33e6,XAUUSD,H1,LONG,Trend+Momentum+Volatility
XAUUSD_H1_461,1,SQX-XAUUSD-H1-92c7460cc755,XAUUSD,H1,LONG,Trend+Volatility+Structure
XAUUSD_H1_462,1,SQX-XAUUSD-H1-937ed3752df8,XAUUSD,H1,LONG,Trend+Volatility
XAUUSD_H1_463,1,SQX-XAUUSD-H1-9396ab713551,XAUUSD,H1,LONG,Momentum+Structure
XAUUSD_H1_464,1,SQX-XAUUSD-H1-93ed6e445d2d,XAUUSD,H1,LONG,Trend
XAUUSD_H1_465,1,SQX-XAUUSD-H1-93edb9db81b1,XAUUSD,H1,LONG,Momentum
XAUUSD_H1_466,1,SQX-XAUUSD-H1-93f9945a023b,XAUUSD,H1,LONG,Volatility+Structure
XAUUSD_H1_467,1,SQX-XAUUSD-H1-941dc1eefc5a,XAUUSD,H1,LONG,Momentum+Volatility+Structure
XAUUSD_H1_468,1,SQX-XAUUSD-H1-947caeabb682,XAUUSD,H1,LONG,Trend+Structure
XAUUSD_H1_469,1,SQX-XAUUSD-H1-94b4276da143,XAUUSD,H1,LONG,Volatility+Structure
XAUUSD_H1_470,1,SQX-XAUUSD-H1-96039104e816,XAUUSD,H1,LONG,Momentum+Volatility
XAUUSD_H1_471,1,SQX-XAUUSD-H1-966ca3a62014,XAUUSD,H1,SHORT,Volatility+Structure
XAUUSD_H1_472,1,SQX-XAUUSD-H1-97cfdc248ac1,XAUUSD,H1,LONG,Trend+Structure
XAUUSD_H1_473,1,SQX-XAUUSD-H1-97ed3c787c25,XAUUSD,H1,LONG,Momentum+Volatility+Structure
XAUUSD_H1_474,1,SQX-XAUUSD-H1-97f043ccedeb,XAUUSD,H1,LONG,Trend+Structure
XAUUSD_H1_475,1,SQX-XAUUSD-H1-98278c6e186e,XAUUSD,H1,SHORT,Trend+Volatility
XAUUSD_H1_476,1,SQX-XAUUSD-H1-9885941c9ced,XAUUSD,H1,LONG,Trend+Momentum+Volatility+Structure
XAUUSD_H1_477,1,SQX-XAUUSD-H1-988f1664ffc5,XAUUSD,H1,LONG,Trend+Momentum+Volatility+Structure
XAUUSD_H1_478,1,SQX-XAUUSD-H1-990f53f37148,XAUUSD,H1,LONG,Trend
XAUUSD_H1_479,1,SQX-XAUUSD-H1-9948542027d7,XAUUSD,H1,SHORT,Trend+Momentum+Volatility
XAUUSD_H1_480,1,SQX-XAUUSD-H1-99c4601b54f7,XAUUSD,H1,LONG,Trend+Momentum
XAUUSD_H1_481,1,SQX-XAUUSD-H1-99d9473da1c9,XAUUSD,H1,LONG,Momentum
XAUUSD_H1_482,1,SQX-XAUUSD-H1-99fba9f27511,XAUUSD,H1,LONG,Momentum+Volatility+Structure
XAUUSD_H1_483,1,SQX-XAUUSD-H1-9a73eec5c116,XAUUSD,H1,LONG,Volatility+Structure
XAUUSD_H1_484,1,SQX-XAUUSD-H1-9ab4a942b3cf,XAUUSD,H1,LONG,Trend+Momentum+Volatility
XAUUSD_H1_485,1,SQX-XAUUSD-H1-9b45e97447fc,XAUUSD,H1,LONG,Trend+Structure
XAUUSD_H1_486,1,SQX-XAUUSD-H1-9b7bf582eb6c,XAUUSD,H1,LONG,Trend+Momentum
XAUUSD_H1_487,1,SQX-XAUUSD-H1-9ba5c21d065a,XAUUSD,H1,LONG,Momentum+Structure
XAUUSD_H1_488,1,SQX-XAUUSD-H1-9cbfdc104d59,XAUUSD,H1,LONG,Momentum+Volatility+Structure
XAUUSD_H1_489,1,SQX-XAUUSD-H1-9cfc8fbc3591,XAUUSD,H1,LONG,Trend+Momentum+Volatility
XAUUSD_H1_490,1,SQX-XAUUSD-H1-9d7f280aaf63,XAUUSD,H1,LONG,Momentum+Volatility+Structure
XAUUSD_H1_491,1,SQX-XAUUSD-H1-9daef3eb6ee5,XAUUSD,H1,LONG,Trend+Momentum+Volatility
XAUUSD_H1_492,1,SQX-XAUUSD-H1-9e0304fcf129,XAUUSD,H1,LONG,Trend+Momentum
XAUUSD_H1_493,1,SQX-XAUUSD-H1-9e33b4c47e56,XAUUSD,H1,LONG,Trend
XAUUSD_H1_494,1,SQX-XAUUSD-H1-9ece9183f0ef,XAUUSD,H1,LONG,Trend+Momentum+Volatility
XAUUSD_H1_495,1,SQX-XAUUSD-H1-9f6c844b5d30,XAUUSD,H1,LONG,Trend+Momentum+Structure
XAUUSD_H1_496,1,SQX-XAUUSD-H1-a111b9423b61,XAUUSD,H1,LONG,Trend+Momentum
XAUUSD_H1_497,1,SQX-XAUUSD-H1-a1b8c45fb499,XAUUSD,H1,LONG,Trend+Volatility
XAUUSD_H1_498,1,SQX-XAUUSD-H1-a1d6c614752b,XAUUSD,H1,LONG,Volatility+Structure
XAUUSD_H1_499,1,SQX-XAUUSD-H1-a25de08ed40b,XAUUSD,H1,LONG,Trend+Volatility
XAUUSD_H1_500,1,SQX-XAUUSD-H1-a26bd905f3ed,XAUUSD,H1,LONG,Momentum+Volatility+Structure
XAUUSD_H1_501,1,SQX-XAUUSD-H1-a28d642ebbec,XAUUSD,H1,LONG,Trend+Momentum
XAUUSD_H1_502,1,SQX-XAUUSD-H1-a406175af3c9,XAUUSD,H1,LONG,Momentum+Volatility
XAUUSD_H1_503,1,SQX-XAUUSD-H1-a41bed12a548,XAUUSD,H1,LONG,Trend+Momentum
XAUUSD_H1_504,1,SQX-XAUUSD-H1-a487d66c3779,XAUUSD,H1,LONG,Trend+Volatility+Structure
XAUUSD_H1_505,1,SQX-XAUUSD-H1-a4a363956dbd,XAUUSD,H1,LONG,Trend+Momentum+Volatility
XAUUSD_H1_506,1,SQX-XAUUSD-H1-a5000d7ff632,XAUUSD,H1,SHORT,Trend+Momentum
XAUUSD_H1_507,1,SQX-XAUUSD-H1-a55bf8071446,XAUUSD,H1,LONG,Trend+Momentum
XAUUSD_H1_508,1,SQX-XAUUSD-H1-a57496382bd6,XAUUSD,H1,LONG,Trend+Momentum+Volatility
XAUUSD_H1_509,1,SQX-XAUUSD-H1-a71878ca0d14,XAUUSD,H1,LONG,Trend+Momentum+Structure
XAUUSD_H1_510,1,SQX-XAUUSD-H1-a7882d79a600,XAUUSD,H1,LONG,Momentum+Structure
XAUUSD_H1_511,1,SQX-XAUUSD-H1-a7930294a8e0,XAUUSD,H1,LONG,Trend+Momentum
XAUUSD_H1_512,1,SQX-XAUUSD-H1-a79670fa1b20,XAUUSD,H1,LONG,Momentum+Volatility+Structure
XAUUSD_H1_513,1,SQX-XAUUSD-H1-a7befadd15d7,XAUUSD,H1,LONG,Trend+Momentum+Structure
XAUUSD_H1_514,1,SQX-XAUUSD-H1-a7cbf884999f,XAUUSD,H1,LONG,Trend+Momentum
XAUUSD_H1_515,1,SQX-XAUUSD-H1-a8142fcb9016,XAUUSD,H1,LONG,Trend+Volatility+Structure
XAUUSD_H1_516,1,SQX-XAUUSD-H1-a9319f85a0b5,XAUUSD,H1,LONG,Volatility+Structure
XAUUSD_H1_517,1,SQX-XAUUSD-H1-a954970d3d94,XAUUSD,H1,LONG,Trend+Volatility
XAUUSD_H1_518,1,SQX-XAUUSD-H1-a988a72e510e,XAUUSD,H1,LONG,Momentum+Volatility+Structure
XAUUSD_H1_519,1,SQX-XAUUSD-H1-a9f7e1090e31,XAUUSD,H1,LONG,Trend+Structure
XAUUSD_H1_520,1,SQX-XAUUSD-H1-aa72eb473eba,XAUUSD,H1,SHORT,Momentum+Volatility+Structure
XAUUSD_H1_521,1,SQX-XAUUSD-H1-aade16799999,XAUUSD,H1,LONG,Volatility+Structure
XAUUSD_H1_522,1,SQX-XAUUSD-H1-ab2c5ddcd2c2,XAUUSD,H1,LONG,Trend+Momentum
XAUUSD_H1_523,1,SQX-XAUUSD-H1-ac60a481618d,XAUUSD,H1,LONG,Trend
XAUUSD_H1_524,1,SQX-XAUUSD-H1-acc1293e9f5a,XAUUSD,H1,LONG,Trend+Structure
XAUUSD_H1_525,1,SQX-XAUUSD-H1-ad3a66cee45d,XAUUSD,H1,LONG,Momentum+Volatility
XAUUSD_H1_526,1,SQX-XAUUSD-H1-ae1f737df1c6,XAUUSD,H1,LONG,Momentum+Structure
XAUUSD_H1_527,1,SQX-XAUUSD-H1-ae2ad08cbe52,XAUUSD,H1,LONG,Trend
XAUUSD_H1_528,1,SQX-XAUUSD-H1-ae96b84d145b,XAUUSD,H1,LONG,Trend+Structure
XAUUSD_H1_529,1,SQX-XAUUSD-H1-afae324654f5,XAUUSD,H1,LONG,Trend+Momentum+Volatility+Structure
XAUUSD_H1_530,1,SQX-XAUUSD-H1-b08e2b91f9b0,XAUUSD,H1,SHORT,Trend+Momentum+Structure
XAUUSD_H1_531,1,SQX-XAUUSD-H1-b0b2ebe6c1a8,XAUUSD,H1,LONG,Trend+Volatility+Structure
XAUUSD_H1_532,1,SQX-XAUUSD-H1-b1379e2a5046,XAUUSD,H1,LONG,Trend
XAUUSD_H1_533,1,SQX-XAUUSD-H1-b189b4aa4ef0,XAUUSD,H1,LONG,Trend+Structure
XAUUSD_H1_534,1,SQX-XAUUSD-H1-b1a7062d8f9b,XAUUSD,H1,LONG,Trend+Volatility+Structure
XAUUSD_H1_535,1,SQX-XAUUSD-H1-b1d07cb29ba0,XAUUSD,H1,LONG,Momentum+Volatility
XAUUSD_H1_536,1,SQX-XAUUSD-H1-b28a123781e0,XAUUSD,H1,LONG,Structure
XAUUSD_H1_537,1,SQX-XAUUSD-H1-b359382e7a2b,XAUUSD,H1,SHORT,Trend+Momentum+Structure
XAUUSD_H1_538,1,SQX-XAUUSD-H1-b3608540f464,XAUUSD,H1,LONG,Trend+Volatility+Structure
XAUUSD_H1_539,1,SQX-XAUUSD-H1-b379ac4c920e,XAUUSD,H1,LONG,Trend+Structure
XAUUSD_H1_540,1,SQX-XAUUSD-H1-b380a6a08bd0,XAUUSD,H1,LONG,Momentum+Structure
XAUUSD_H1_541,1,SQX-XAUUSD-H1-b3861cb9ff8c,XAUUSD,H1,LONG,Trend+Momentum+Structure
XAUUSD_H1_542,1,SQX-XAUUSD-H1-b3cf3f4e4445,XAUUSD,H1,LONG,Trend+Momentum
XAUUSD_H1_543,1,SQX-XAUUSD-H1-b44d2ee12566,XAUUSD,H1,SHORT,Trend+Structure
XAUUSD_H1_544,1,SQX-XAUUSD-H1-b525f778ad29,XAUUSD,H1,LONG,Trend+Momentum
XAUUSD_H1_545,1,SQX-XAUUSD-H1-b526d2c357c7,XAUUSD,H1,LONG,Trend+Structure
XAUUSD_H1_546,1,SQX-XAUUSD-H1-b5bcdb667840,XAUUSD,H1,LONG,Momentum+Volatility
XAUUSD_H1_547,1,SQX-XAUUSD-H1-b5da79db1aae,XAUUSD,H1,LONG,Momentum+Structure
XAUUSD_H1_548,1,SQX-XAUUSD-H1-b5fdcd84c73f,XAUUSD,H1,LONG,Trend+Momentum
XAUUSD_H1_549,1,SQX-XAUUSD-H1-b78a9fa9381f,XAUUSD,H1,LONG,Trend+Momentum
XAUUSD_H1_550,1,SQX-XAUUSD-H1-b79350e2c92e,XAUUSD,H1,LONG,Trend+Volatility
XAUUSD_H1_551,1,SQX-XAUUSD-H1-b79ae65442b6,XAUUSD,H1,LONG,Trend+Momentum+Volatility
XAUUSD_H1_552,1,SQX-XAUUSD-H1-b7c73ac2506e,XAUUSD,H1,LONG,Trend+Momentum+Structure
XAUUSD_H1_553,1,SQX-XAUUSD-H1-b8600c761a94,XAUUSD,H1,LONG,Structure
XAUUSD_H1_554,1,SQX-XAUUSD-H1-b94c7a42ab7b,XAUUSD,H1,LONG,Momentum+Structure
XAUUSD_H1_555,1,SQX-XAUUSD-H1-b96edcd541a5,XAUUSD,H1,LONG,Momentum+Volatility+Structure
XAUUSD_H1_556,1,SQX-XAUUSD-H1-b998df5d54b6,XAUUSD,H1,LONG,Trend+Momentum+Volatility+Structure
XAUUSD_H1_557,1,SQX-XAUUSD-H1-b9c44808bef8,XAUUSD,H1,LONG,Volatility+Structure
XAUUSD_H1_558,1,SQX-XAUUSD-H1-b9cb20bba0b8,XAUUSD,H1,LONG,Trend+Momentum+Volatility+Structure
XAUUSD_H1_559,1,SQX-XAUUSD-H1-ba6b53d9c6c0,XAUUSD,H1,LONG,Trend
XAUUSD_H1_560,1,SQX-XAUUSD-H1-bb180ecc0286,XAUUSD,H1,LONG,Trend+Momentum+Volatility
XAUUSD_H1_561,1,SQX-XAUUSD-H1-bb1a37d619ec,XAUUSD,H1,LONG,Trend+Momentum+Structure
XAUUSD_H1_562,1,SQX-XAUUSD-H1-bb94c3846fe3,XAUUSD,H1,LONG,Trend+Momentum
XAUUSD_H1_563,1,SQX-XAUUSD-H1-bbfc10669ed2,XAUUSD,H1,LONG,Trend
XAUUSD_H1_564,1,SQX-XAUUSD-H1-bc18a3356f63,XAUUSD,H1,LONG,Trend+Structure
XAUUSD_H1_565,1,SQX-XAUUSD-H1-bd07662b73e9,XAUUSD,H1,LONG,Trend+Momentum+Structure
XAUUSD_H1_566,1,SQX-XAUUSD-H1-be86dee5b636,XAUUSD,H1,LONG,Trend+Structure
XAUUSD_H1_567,1,SQX-XAUUSD-H1-be87ec249085,XAUUSD,H1,LONG,Momentum+Volatility+Structure
XAUUSD_H1_568,1,SQX-XAUUSD-H1-bea5a2ba212e,XAUUSD,H1,LONG,Trend+Momentum
XAUUSD_H1_569,1,SQX-XAUUSD-H1-bed6671d190d,XAUUSD,H1,LONG,Trend+Volatility+Structure
XAUUSD_H1_570,1,SQX-XAUUSD-H1-bef341a2d3c2,XAUUSD,H1,LONG,Momentum+Volatility+Structure
XAUUSD_H1_571,1,SQX-XAUUSD-H1-bf25730f5755,XAUUSD,H1,LONG,Momentum+Structure
XAUUSD_H1_572,1,SQX-XAUUSD-H1-c02163fef7a1,XAUUSD,H1,LONG,Trend+Momentum
XAUUSD_H1_573,1,SQX-XAUUSD-H1-c0f604a9c860,XAUUSD,H1,SHORT,Momentum+Volatility+Structure
XAUUSD_H1_574,1,SQX-XAUUSD-H1-c156383ab7b3,XAUUSD,H1,LONG,Momentum+Structure
XAUUSD_H1_575,1,SQX-XAUUSD-H1-c23fe0f81f18,XAUUSD,H1,LONG,Trend+Momentum
XAUUSD_H1_576,1,SQX-XAUUSD-H1-c29ac5eb9bdf,XAUUSD,H1,LONG,Trend+Momentum+Volatility
XAUUSD_H1_577,1,SQX-XAUUSD-H1-c31528d92735,XAUUSD,H1,LONG,Structure
XAUUSD_H1_578,1,SQX-XAUUSD-H1-c36b38af282d,XAUUSD,H1,LONG,Trend+Momentum
XAUUSD_H1_579,1,SQX-XAUUSD-H1-c5060d177dff,XAUUSD,H1,LONG,Trend
XAUUSD_H1_580,1,SQX-XAUUSD-H1-c586cbb6dab3,XAUUSD,H1,LONG,Trend+Momentum
XAUUSD_H1_581,1,SQX-XAUUSD-H1-c623d7e21696,XAUUSD,H1,LONG,Trend+Momentum
XAUUSD_H1_582,1,SQX-XAUUSD-H1-c6320b199924,XAUUSD,H1,LONG,Trend+Volatility
XAUUSD_H1_583,1,SQX-XAUUSD-H1-c67379ad8a94,XAUUSD,H1,LONG,Momentum+Structure
XAUUSD_H1_584,1,SQX-XAUUSD-H1-c69a24b9194b,XAUUSD,H1,LONG,Momentum+Structure
XAUUSD_H1_585,1,SQX-XAUUSD-H1-c6cea7e4b037,XAUUSD,H1,LONG,Trend+Structure
XAUUSD_H1_586,1,SQX-XAUUSD-H1-c7599331b8fc,XAUUSD,H1,LONG,Trend
XAUUSD_H1_587,1,SQX-XAUUSD-H1-c7bb42cce450,XAUUSD,H1,LONG,Trend+Momentum+Structure
XAUUSD_H1_588,1,SQX-XAUUSD-H1-ca69dd1598b6,XAUUSD,H1,LONG,Trend+Momentum+Volatility
XAUUSD_H1_589,1,SQX-XAUUSD-H1-caceebc4486a,XAUUSD,H1,LONG,Momentum+Structure
XAUUSD_H1_590,1,SQX-XAUUSD-H1-cb098900f003,XAUUSD,H1,LONG,Trend+Momentum+Volatility+Structure
XAUUSD_H1_591,1,SQX-XAUUSD-H1-cb76d64a92d7,XAUUSD,H1,LONG,Trend+Momentum+Structure
XAUUSD_H1_592,1,SQX-XAUUSD-H1-cbf246aaa25f,XAUUSD,H1,LONG,Volatility+Structure
XAUUSD_H1_593,1,SQX-XAUUSD-H1-cbfa71067e79,XAUUSD,H1,LONG,Trend+Volatility+Structure
XAUUSD_H1_594,1,SQX-XAUUSD-H1-cd78ee123915,XAUUSD,H1,LONG,Trend+Momentum
XAUUSD_H1_595,1,SQX-XAUUSD-H1-cde3ac2c705d,XAUUSD,H1,LONG,Trend+Momentum+Volatility
XAUUSD_H1_596,1,SQX-XAUUSD-H1-cec79804dd43,XAUUSD,H1,LONG,Trend+Structure
XAUUSD_H1_597,1,SQX-XAUUSD-H1-cf2feebf0c44,XAUUSD,H1,LONG,Trend+Momentum+Volatility+Structure
XAUUSD_H1_598,1,SQX-XAUUSD-H1-cfe309f01553,XAUUSD,H1,LONG,Trend+Momentum+Structure
XAUUSD_H1_599,1,SQX-XAUUSD-H1-d01df54577f1,XAUUSD,H1,LONG,Trend+Structure
XAUUSD_H1_600,1,SQX-XAUUSD-H1-d01eb9fa8597,XAUUSD,H1,SHORT,Momentum
XAUUSD_H1_601,1,SQX-XAUUSD-H1-d14e20f8c7b4,XAUUSD,H1,LONG,Momentum+Volatility+Structure
XAUUSD_H1_602,1,SQX-XAUUSD-H1-d154057dd8e0,XAUUSD,H1,LONG,Trend+Momentum
XAUUSD_H1_603,1,SQX-XAUUSD-H1-d2166f40574e,XAUUSD,H1,LONG,Trend+Momentum
XAUUSD_H1_604,1,SQX-XAUUSD-H1-d23121e2b391,XAUUSD,H1,LONG,Trend+Volatility+Structure
XAUUSD_H1_605,1,SQX-XAUUSD-H1-d26c93e11b69,XAUUSD,H1,LONG,Trend+Volatility+Structure
XAUUSD_H1_606,1,SQX-XAUUSD-H1-d31038cd2927,XAUUSD,H1,LONG,Trend+Momentum
XAUUSD_H1_607,1,SQX-XAUUSD-H1-d452706043ca,XAUUSD,H1,SHORT,Momentum+Volatility+Structure
XAUUSD_H1_608,1,SQX-XAUUSD-H1-d45346d2757a,XAUUSD,H1,LONG,Trend+Structure
XAUUSD_H1_609,1,SQX-XAUUSD-H1-d45adf78daad,XAUUSD,H1,LONG,Trend+Volatility+Structure
XAUUSD_H1_610,1,SQX-XAUUSD-H1-d4ac9116e125,XAUUSD,H1,LONG,Momentum+Volatility
XAUUSD_H1_611,1,SQX-XAUUSD-H1-d4b1cf099265,XAUUSD,H1,LONG,Trend+Momentum
XAUUSD_H1_612,1,SQX-XAUUSD-H1-d4fc394e3fd0,XAUUSD,H1,LONG,Momentum
XAUUSD_H1_613,1,SQX-XAUUSD-H1-d5cadd0fe5fb,XAUUSD,H1,LONG,Trend+Volatility
XAUUSD_H1_614,1,SQX-XAUUSD-H1-d641d03d239c,XAUUSD,H1,LONG,Trend+Momentum
XAUUSD_H1_615,1,SQX-XAUUSD-H1-d6ce7d3db977,XAUUSD,H1,LONG,Trend+Momentum+Structure
XAUUSD_H1_616,1,SQX-XAUUSD-H1-d7c9c1054911,XAUUSD,H1,LONG,Trend+Momentum+Structure
XAUUSD_H1_617,1,SQX-XAUUSD-H1-d7e001a08f44,XAUUSD,H1,LONG,Trend+Volatility+Structure
XAUUSD_H1_618,1,SQX-XAUUSD-H1-d841d9b8b413,XAUUSD,H1,LONG,Trend+Momentum
XAUUSD_H1_619,1,SQX-XAUUSD-H1-d996ff1a1b7c,XAUUSD,H1,LONG,Trend+Momentum+Volatility
XAUUSD_H1_620,1,SQX-XAUUSD-H1-d9df695f98c7,XAUUSD,H1,LONG,Trend+Momentum+Volatility
XAUUSD_H1_621,1,SQX-XAUUSD-H1-d9e25d25821c,XAUUSD,H1,LONG,Trend+Momentum+Volatility
XAUUSD_H1_622,1,SQX-XAUUSD-H1-da2e100827b2,XAUUSD,H1,LONG,Momentum
XAUUSD_H1_623,1,SQX-XAUUSD-H1-db26d38b962b,XAUUSD,H1,LONG,Trend+Volatility+Structure
XAUUSD_H1_624,1,SQX-XAUUSD-H1-dbc7cfc81f64,XAUUSD,H1,LONG,Volatility+Structure
XAUUSD_H1_625,1,SQX-XAUUSD-H1-dbe108870cba,XAUUSD,H1,LONG,Trend+Momentum+Volatility+Structure
XAUUSD_H1_626,1,SQX-XAUUSD-H1-dc2bedcb742e,XAUUSD,H1,LONG,Trend+Momentum+Volatility
XAUUSD_H1_627,1,SQX-XAUUSD-H1-dc48f9b08d4c,XAUUSD,H1,LONG,Trend+Volatility
XAUUSD_H1_628,1,SQX-XAUUSD-H1-dcb91f69d704,XAUUSD,H1,LONG,Trend+Structure
XAUUSD_H1_629,1,SQX-XAUUSD-H1-dd2d7435a196,XAUUSD,H1,LONG,Structure
XAUUSD_H1_630,1,SQX-XAUUSD-H1-dd3b3090b7de,XAUUSD,H1,LONG,Trend+Momentum
XAUUSD_H1_631,1,SQX-XAUUSD-H1-dd4c73050654,XAUUSD,H1,LONG,Trend+Momentum+Volatility
XAUUSD_H1_632,1,SQX-XAUUSD-H1-dd5ce3097bfe,XAUUSD,H1,LONG,Momentum+Volatility
XAUUSD_H1_633,1,SQX-XAUUSD-H1-dd95b3f7101a,XAUUSD,H1,LONG,Momentum
XAUUSD_H1_634,1,SQX-XAUUSD-H1-dda676b10632,XAUUSD,H1,LONG,Trend+Volatility+Structure
XAUUSD_H1_635,1,SQX-XAUUSD-H1-ddb87e046865,XAUUSD,H1,LONG,Trend+Momentum+Volatility
XAUUSD_H1_636,1,SQX-XAUUSD-H1-de4f063e96de,XAUUSD,H1,LONG,Momentum+Volatility+Structure
XAUUSD_H1_637,1,SQX-XAUUSD-H1-deaa787de1c5,XAUUSD,H1,LONG,Momentum+Volatility+Structure
XAUUSD_H1_638,1,SQX-XAUUSD-H1-deb15b24153f,XAUUSD,H1,LONG,Trend+Momentum+Structure
XAUUSD_H1_639,1,SQX-XAUUSD-H1-dec99fe1bf69,XAUUSD,H1,LONG,Trend+Volatility+Structure
XAUUSD_H1_640,1,SQX-XAUUSD-H1-df06e02c63be,XAUUSD,H1,LONG,Volatility+Structure
XAUUSD_H1_641,1,SQX-XAUUSD-H1-dfa2185751a3,XAUUSD,H1,LONG,Trend+Volatility+Structure
XAUUSD_H1_642,1,SQX-XAUUSD-H1-e00ab1c09338,XAUUSD,H1,LONG,Trend+Momentum
XAUUSD_H1_643,1,SQX-XAUUSD-H1-e084df688c5b,XAUUSD,H1,LONG,Momentum+Volatility
XAUUSD_H1_644,1,SQX-XAUUSD-H1-e0c11c02213f,XAUUSD,H1,LONG,Trend+Volatility+Structure
XAUUSD_H1_645,1,SQX-XAUUSD-H1-e1864a03397f,XAUUSD,H1,LONG,Trend+Volatility+Structure
XAUUSD_H1_646,1,SQX-XAUUSD-H1-e1a58d0d3628,XAUUSD,H1,LONG,Trend
XAUUSD_H1_647,1,SQX-XAUUSD-H1-e1ef5bd479df,XAUUSD,H1,LONG,Trend+Volatility+Structure
XAUUSD_H1_648,1,SQX-XAUUSD-H1-e2a81645ffd4,XAUUSD,H1,LONG,Momentum+Structure
XAUUSD_H1_649,1,SQX-XAUUSD-H1-e3095f03532d,XAUUSD,H1,LONG,Trend+Volatility
XAUUSD_H1_650,1,SQX-XAUUSD-H1-e3334706e2e2,XAUUSD,H1,LONG,Trend+Momentum+Volatility+Structure
XAUUSD_H1_651,1,SQX-XAUUSD-H1-e347ee2bd799,XAUUSD,H1,LONG,Trend+Momentum+Volatility+Structure
XAUUSD_H1_652,1,SQX-XAUUSD-H1-e39f6074d6a1,XAUUSD,H1,LONG,Trend
XAUUSD_H1_653,1,SQX-XAUUSD-H1-e45bfd5ec1d1,XAUUSD,H1,SHORT,Trend+Structure
XAUUSD_H1_654,1,SQX-XAUUSD-H1-e49c0183103b,XAUUSD,H1,LONG,Trend+Volatility+Structure
XAUUSD_H1_655,1,SQX-XAUUSD-H1-e5389908e098,XAUUSD,H1,LONG,Momentum+Structure
XAUUSD_H1_656,1,SQX-XAUUSD-H1-e54811671b33,XAUUSD,H1,LONG,Momentum+Structure
XAUUSD_H1_657,1,SQX-XAUUSD-H1-e59dedd9393f,XAUUSD,H1,SHORT,Trend+Volatility+Structure
XAUUSD_H1_658,1,SQX-XAUUSD-H1-e60da32eb6e5,XAUUSD,H1,LONG,Trend+Momentum
XAUUSD_H1_659,1,SQX-XAUUSD-H1-e66f80acfa11,XAUUSD,H1,LONG,Momentum+Structure
XAUUSD_H1_660,1,SQX-XAUUSD-H1-e6a7dcedde66,XAUUSD,H1,LONG,Trend+Structure
XAUUSD_H1_661,1,SQX-XAUUSD-H1-e7db2e7c6335,XAUUSD,H1,LONG,Trend+Momentum+Structure
XAUUSD_H1_662,1,SQX-XAUUSD-H1-e823b39d2bc7,XAUUSD,H1,LONG,Trend+Momentum+Structure
XAUUSD_H1_663,1,SQX-XAUUSD-H1-e825088ba0d7,XAUUSD,H1,LONG,Trend+Momentum+Volatility+Structure
XAUUSD_H1_664,1,SQX-XAUUSD-H1-e8449fdd0838,XAUUSD,H1,LONG,Trend+Volatility
XAUUSD_H1_665,1,SQX-XAUUSD-H1-e8517fde39b1,XAUUSD,H1,LONG,Trend+Momentum
XAUUSD_H1_666,1,SQX-XAUUSD-H1-e852ecdf0936,XAUUSD,H1,LONG,Trend+Momentum
XAUUSD_H1_667,1,SQX-XAUUSD-H1-e87d89e6f0ee,XAUUSD,H1,SHORT,Trend+Momentum
XAUUSD_H1_668,1,SQX-XAUUSD-H1-e8eae2e76b21,XAUUSD,H1,LONG,Trend+Volatility+Structure
XAUUSD_H1_669,1,SQX-XAUUSD-H1-e92669848e86,XAUUSD,H1,LONG,Trend+Momentum+Volatility
XAUUSD_H1_670,1,SQX-XAUUSD-H1-e9733c01fa0e,XAUUSD,H1,LONG,Momentum
XAUUSD_H1_671,1,SQX-XAUUSD-H1-e9934db3059c,XAUUSD,H1,LONG,Momentum+Volatility
XAUUSD_H1_672,1,SQX-XAUUSD-H1-e9dee08d11c5,XAUUSD,H1,LONG,Trend+Momentum
XAUUSD_H1_673,1,SQX-XAUUSD-H1-ea373ad18cdf,XAUUSD,H1,LONG,Momentum+Structure
XAUUSD_H1_674,1,SQX-XAUUSD-H1-ea41fb342b45,XAUUSD,H1,LONG,Momentum+Structure
XAUUSD_H1_675,1,SQX-XAUUSD-H1-eaa46aecd7b0,XAUUSD,H1,LONG,Trend+Volatility+Structure
XAUUSD_H1_676,1,SQX-XAUUSD-H1-eaeecc03c8ea,XAUUSD,H1,LONG,Volatility+Structure
XAUUSD_H1_677,1,SQX-XAUUSD-H1-eb7a332b5bad,XAUUSD,H1,LONG,Trend+Momentum+Volatility
XAUUSD_H1_678,1,SQX-XAUUSD-H1-eb884153241d,XAUUSD,H1,LONG,Trend+Structure
XAUUSD_H1_679,1,SQX-XAUUSD-H1-ebb068bb9d4a,XAUUSD,H1,LONG,Trend+Momentum+Volatility
XAUUSD_H1_680,1,SQX-XAUUSD-H1-ec141a517917,XAUUSD,H1,LONG,Trend
XAUUSD_H1_681,1,SQX-XAUUSD-H1-ec9a78c8ff10,XAUUSD,H1,LONG,Trend+Momentum+Structure
XAUUSD_H1_682,1,SQX-XAUUSD-H1-ecf709d4c3f2,XAUUSD,H1,LONG,Trend+Volatility+Structure
XAUUSD_H1_683,1,SQX-XAUUSD-H1-ed4faa846aad,XAUUSD,H1,LONG,Trend+Momentum
XAUUSD_H1_684,1,SQX-XAUUSD-H1-ee6830c8dc74,XAUUSD,H1,LONG,Momentum+Volatility+Structure
XAUUSD_H1_685,1,SQX-XAUUSD-H1-eeaefe2db0de,XAUUSD,H1,SHORT,Trend+Momentum+Volatility
XAUUSD_H1_686,1,SQX-XAUUSD-H1-eef813ae41dc,XAUUSD,H1,LONG,Trend+Volatility+Structure
XAUUSD_H1_687,1,SQX-XAUUSD-H1-ef002a3b827b,XAUUSD,H1,LONG,Trend+Momentum+Volatility+Structure
XAUUSD_H1_688,1,SQX-XAUUSD-H1-ef3f8aa1e781,XAUUSD,H1,LONG,Trend+Momentum
XAUUSD_H1_689,1,SQX-XAUUSD-H1-efd97de5c655,XAUUSD,H1,LONG,Momentum+Volatility+Structure
XAUUSD_H1_690,1,SQX-XAUUSD-H1-efe80c2ca368,XAUUSD,H1,LONG,Volatility+Structure
XAUUSD_H1_691,1,SQX-XAUUSD-H1-efedecb85aee,XAUUSD,H1,LONG,Trend+Momentum+Volatility
XAUUSD_H1_692,1,SQX-XAUUSD-H1-f16d071ccf31,XAUUSD,H1,LONG,Trend+Momentum+Volatility+Structure
XAUUSD_H1_693,1,SQX-XAUUSD-H1-f193952804e9,XAUUSD,H1,LONG,Trend+Momentum+Volatility
XAUUSD_H1_694,1,SQX-XAUUSD-H1-f2277bc81632,XAUUSD,H1,LONG,Trend+Volatility+Structure
XAUUSD_H1_695,1,SQX-XAUUSD-H1-f2d5449836ee,XAUUSD,H1,LONG,Trend+Structure
XAUUSD_H1_696,1,SQX-XAUUSD-H1-f2d70b7d0d03,XAUUSD,H1,LONG,Trend+Momentum
XAUUSD_H1_697,1,SQX-XAUUSD-H1-f2f5411f4a8b,XAUUSD,H1,LONG,Trend+Structure
XAUUSD_H1_698,1,SQX-XAUUSD-H1-f318d07f71e9,XAUUSD,H1,LONG,Momentum+Volatility
XAUUSD_H1_699,1,SQX-XAUUSD-H1-f4f6c105e529,XAUUSD,H1,LONG,Trend+Momentum+Volatility
XAUUSD_H1_700,1,SQX-XAUUSD-H1-f4fa356116cd,XAUUSD,H1,LONG,Momentum+Volatility
XAUUSD_H1_701,1,SQX-XAUUSD-H1-f5a8d26034b6,XAUUSD,H1,LONG,Trend+Volatility
XAUUSD_H1_702,1,SQX-XAUUSD-H1-f5ace0d2961f,XAUUSD,H1,LONG,Volatility+Structure
XAUUSD_H1_703,1,SQX-XAUUSD-H1-f5e54ad019c0,XAUUSD,H1,LONG,Trend+Momentum
XAUUSD_H1_704,1,SQX-XAUUSD-H1-f67424f87944,XAUUSD,H1,LONG,Structure
XAUUSD_H1_705,1,SQX-XAUUSD-H1-f6827be1a8a0,XAUUSD,H1,LONG,Trend
XAUUSD_H1_706,1,SQX-XAUUSD-H1-f75cdc95d93d,XAUUSD,H1,LONG,Trend+Momentum+Volatility+Structure
XAUUSD_H1_707,1,SQX-XAUUSD-H1-f8279f76ba28,XAUUSD,H1,LONG,Trend+Volatility+Structure
XAUUSD_H1_708,1,SQX-XAUUSD-H1-f8713cdbbf7a,XAUUSD,H1,LONG,Trend+Momentum
XAUUSD_H1_709,1,SQX-XAUUSD-H1-f8a64d507042,XAUUSD,H1,LONG,Trend+Momentum+Structure
XAUUSD_H1_710,1,SQX-XAUUSD-H1-f94eed0dbb9a,XAUUSD,H1,LONG,Trend+Momentum+Structure
XAUUSD_H1_711,1,SQX-XAUUSD-H1-f9bcb5473a52,XAUUSD,H1,LONG,Trend+Momentum
XAUUSD_H1_712,1,SQX-XAUUSD-H1-f9c21aa90b92,XAUUSD,H1,LONG,Trend+Momentum+Volatility+Structure
XAUUSD_H1_713,1,SQX-XAUUSD-H1-fa0afec7a16c,XAUUSD,H1,LONG,Trend+Momentum+Structure
XAUUSD_H1_714,1,SQX-XAUUSD-H1-fa19f37e0c31,XAUUSD,H1,LONG,Trend+Momentum+Volatility
XAUUSD_H1_715,1,SQX-XAUUSD-H1-fa309ee6b414,XAUUSD,H1,LONG,Momentum+Volatility
XAUUSD_H1_716,1,SQX-XAUUSD-H1-faa518c538b1,XAUUSD,H1,LONG,Trend+Momentum
XAUUSD_H1_717,1,SQX-XAUUSD-H1-fbda15002f46,XAUUSD,H1,LONG,Trend+Volatility+Structure
XAUUSD_H1_718,1,SQX-XAUUSD-H1-fddbd540b09d,XAUUSD,H1,LONG,Trend+Volatility
XAUUSD_H1_719,1,SQX-XAUUSD-H1-fdf9a072eac8,XAUUSD,H1,LONG,Momentum+Volatility+Structure
XAUUSD_H1_720,1,SQX-XAUUSD-H1-fe59b56173e2,XAUUSD,H1,LONG,Trend+Momentum
XAUUSD_H1_721,1,SQX-XAUUSD-H1-ff0de5b1e029,XAUUSD,H1,LONG,Trend+Momentum+Structure
XAUUSD_H1_722,1,SQX-XAUUSD-H1-ff3961984122,XAUUSD,H1,LONG,Momentum+Structure
XAUUSD_H1_723,1,SQX-XAUUSD-H1-ff4181f352a0,XAUUSD,H1,LONG,Momentum+Structure
XAUUSD_H1_724,1,SQX-XAUUSD-H1-ff42b2ac7cee,XAUUSD,H1,LONG,Trend+Volatility
XAUUSD_H1_725,1,SQX-XAUUSD-H1-ff7e0b123862,XAUUSD,H1,LONG,Trend+Momentum+Volatility
XAUUSD_H1_726,1,SQX-XAUUSD-H1-ffe3cbaeb546,XAUUSD,H1,SHORT,Trend+Momentum
XAUUSD_H1_727,1,SQX-XAUUSD-H1-fff03948bf42,XAUUSD,H1,LONG,Trend+Momentum+Volatility+Structure
XAUUSD_H4_1,1578,SQX-XAUUSD-H4-003b90a92d2d,XAUUSD,H4,LONG,Trend+Volatility
XAUUSD_H4_1,1578,SQX-XAUUSD-H4-0051aa960071,XAUUSD,H4,LONG,Volatility
XAUUSD_H4_1,1578,SQX-XAUUSD-H4-00617673f980,XAUUSD,H4,LONG,Momentum+Structure
XAUUSD_H4_1,1578,SQX-XAUUSD-H4-00743b2828d8,XAUUSD,H4,LONG,Momentum+Structure
XAUUSD_H4_1,1578,SQX-XAUUSD-H4-0078d41bfbfc,XAUUSD,H4,LONG,Trend+Momentum
XAUUSD_H4_1,1578,SQX-XAUUSD-H4-009e75317f1f,XAUUSD,H4,LONG,Trend+Structure
XAUUSD_H4_1,1578,SQX-XAUUSD-H4-00bb59f17082,XAUUSD,H4,LONG,Momentum
XAUUSD_H4_1,1578,SQX-XAUUSD-H4-00c1be7c64cd,XAUUSD,H4,LONG,Trend
XAUUSD_H4_1,1578,SQX-XAUUSD-H4-00c6d22fb781,XAUUSD,H4,LONG,Trend+Momentum+Structure
XAUUSD_H4_1,1578,SQX-XAUUSD-H4-00c78ead8fde,XAUUSD,H4,LONG,Trend
XAUUSD_H4_1,1578,SQX-XAUUSD-H4-00cfc862ecfc,XAUUSD,H4,LONG,Volatility+Structure
XAUUSD_H4_1,1578,SQX-XAUUSD-H4-00f02588037d,XAUUSD,H4,LONG,Trend+Momentum
XAUUSD_H4_1,1578,SQX-XAUUSD-H4-013bb310026e,XAUUSD,H4,LONG,Trend+Momentum+Volatility
XAUUSD_H4_1,1578,SQX-XAUUSD-H4-016032c48b18,XAUUSD,H4,LONG,Trend+Momentum+Structure
XAUUSD_H4_1,1578,SQX-XAUUSD-H4-017dec2e6717,XAUUSD,H4,LONG,Momentum+Volatility
XAUUSD_H4_1,1578,SQX-XAUUSD-H4-0180d23f1d32,XAUUSD,H4,LONG,Momentum+Structure
XAUUSD_H4_1,1578,SQX-XAUUSD-H4-01a7b61e447d,XAUUSD,H4,LONG,Momentum+Volatility
XAUUSD_H4_1,1578,SQX-XAUUSD-H4-01bd49239a1d,XAUUSD,H4,LONG,Trend+Momentum
XAUUSD_H4_1,1578,SQX-XAUUSD-H4-01efcd3eea1d,XAUUSD,H4,LONG,Trend+Momentum
XAUUSD_H4_1,1578,SQX-XAUUSD-H4-02e848856221,XAUUSD,H4,LONG,Trend
XAUUSD_H4_1,1578,SQX-XAUUSD-H4-0318141ee477,XAUUSD,H4,LONG,Momentum+Volatility+Structure
XAUUSD_H4_1,1578,SQX-XAUUSD-H4-035dfb58ed5a,XAUUSD,H4,LONG,Trend+Momentum
XAUUSD_H4_1,1578,SQX-XAUUSD-H4-03876fe4f583,XAUUSD,H4,LONG,Momentum
XAUUSD_H4_1,1578,SQX-XAUUSD-H4-039123eba19b,XAUUSD,H4,LONG,Volatility
XAUUSD_H4_1,1578,SQX-XAUUSD-H4-03940440d529,XAUUSD,H4,LONG,Momentum+Volatility
XAUUSD_H4_1,1578,SQX-XAUUSD-H4-03a3311ff836,XAUUSD,H4,LONG,Trend+Momentum+Volatility
XAUUSD_H4_1,1578,SQX-XAUUSD-H4-03aa9e88ca4a,XAUUSD,H4,LONG,Trend+Structure
XAUUSD_H4_1,1578,SQX-XAUUSD-H4-03b65dfc7f45,XAUUSD,H4,LONG,Momentum+Volatility
XAUUSD_H4_1,1578,SQX-XAUUSD-H4-03bce6a6c57a,XAUUSD,H4,LONG,Volatility+Structure
XAUUSD_H4_1,1578,SQX-XAUUSD-H4-03c51176e55b,XAUUSD,H4,LONG,Trend+Momentum+Volatility+Structure
XAUUSD_H4_1,1578,SQX-XAUUSD-H4-03c8814ed26f,XAUUSD,H4,LONG,Momentum+Structure
XAUUSD_H4_1,1578,SQX-XAUUSD-H4-03cf36af653e,XAUUSD,H4,LONG,Momentum
XAUUSD_H4_1,1578,SQX-XAUUSD-H4-0425fd9d5d7b,XAUUSD,H4,LONG,Trend+Volatility
XAUUSD_H4_1,1578,SQX-XAUUSD-H4-043052c4790a,XAUUSD,H4,LONG,Trend+Structure
XAUUSD_H4_1,1578,SQX-XAUUSD-H4-04722547ba7b,XAUUSD,H4,LONG,Trend+Momentum+Volatility
XAUUSD_H4_1,1578,SQX-XAUUSD-H4-04a7a49e407f,XAUUSD,H4,LONG,Trend+Momentum
XAUUSD_H4_1,1578,SQX-XAUUSD-H4-04c3dc39f859,XAUUSD,H4,LONG,Trend+Structure
XAUUSD_H4_1,1578,SQX-XAUUSD-H4-04f12b07772d,XAUUSD,H4,LONG,Trend+Momentum
XAUUSD_H4_1,1578,SQX-XAUUSD-H4-0515bfec3d1c,XAUUSD,H4,LONG,Momentum+Structure
XAUUSD_H4_1,1578,SQX-XAUUSD-H4-0543909c589a,XAUUSD,H4,LONG,Trend+Structure
XAUUSD_H4_1,1578,SQX-XAUUSD-H4-0561062b1006,XAUUSD,H4,LONG,Momentum+Structure
XAUUSD_H4_1,1578,SQX-XAUUSD-H4-05796897a8be,XAUUSD,H4,LONG,Structure
XAUUSD_H4_1,1578,SQX-XAUUSD-H4-05db64fe4094,XAUUSD,H4,LONG,Trend+Momentum
XAUUSD_H4_1,1578,SQX-XAUUSD-H4-05ddebc1a868,XAUUSD,H4,LONG,Momentum
XAUUSD_H4_1,1578,SQX-XAUUSD-H4-05ea5db4218d,XAUUSD,H4,LONG,Trend+Volatility
XAUUSD_H4_1,1578,SQX-XAUUSD-H4-062b4610241d,XAUUSD,H4,LONG,Trend
XAUUSD_H4_1,1578,SQX-XAUUSD-H4-06b472ae72b5,XAUUSD,H4,LONG,Trend+Momentum+Volatility+Structure
XAUUSD_H4_1,1578,SQX-XAUUSD-H4-06f1f0c38193,XAUUSD,H4,LONG,Momentum+Volatility+Structure
XAUUSD_H4_1,1578,SQX-XAUUSD-H4-06f79d2220e5,XAUUSD,H4,LONG,Momentum+Volatility
XAUUSD_H4_1,1578,SQX-XAUUSD-H4-072cc8396d28,XAUUSD,H4,LONG,Volatility
XAUUSD_H4_1,1578,SQX-XAUUSD-H4-073f2638e9c5,XAUUSD,H4,LONG,Trend+Momentum+Volatility+Structure
XAUUSD_H4_1,1578,SQX-XAUUSD-H4-074cceae07f6,XAUUSD,H4,LONG,Momentum
XAUUSD_H4_1,1578,SQX-XAUUSD-H4-0754a0d67813,XAUUSD,H4,LONG,Trend+Volatility
XAUUSD_H4_1,1578,SQX-XAUUSD-H4-0777ef9cdeff,XAUUSD,H4,LONG,Momentum+Volatility+Structure
XAUUSD_H4_1,1578,SQX-XAUUSD-H4-07c39b44f5b2,XAUUSD,H4,LONG,Momentum+Structure
XAUUSD_H4_1,1578,SQX-XAUUSD-H4-07e40d2dd9b3,XAUUSD,H4,LONG,Momentum+Volatility
XAUUSD_H4_1,1578,SQX-XAUUSD-H4-081b6cb82010,XAUUSD,H4,LONG,Momentum+Volatility
XAUUSD_H4_1,1578,SQX-XAUUSD-H4-0827ca9b6e6e,XAUUSD,H4,LONG,Trend+Momentum
XAUUSD_H4_1,1578,SQX-XAUUSD-H4-0828dfef7348,XAUUSD,H4,LONG,Trend+Momentum
XAUUSD_H4_1,1578,SQX-XAUUSD-H4-087007ef198e,XAUUSD,H4,LONG,Momentum+Structure
XAUUSD_H4_1,1578,SQX-XAUUSD-H4-090d30886eae,XAUUSD,H4,LONG,Momentum
XAUUSD_H4_1,1578,SQX-XAUUSD-H4-092e2c2f5d7c,XAUUSD,H4,LONG,Trend
XAUUSD_H4_1,1578,SQX-XAUUSD-H4-0958aba57606,XAUUSD,H4,LONG,Momentum+Volatility
XAUUSD_H4_1,1578,SQX-XAUUSD-H4-097b9111c54a,XAUUSD,H4,LONG,Trend+Momentum
XAUUSD_H4_1,1578,SQX-XAUUSD-H4-097d64bdd99a,XAUUSD,H4,LONG,Trend+Structure
XAUUSD_H4_1,1578,SQX-XAUUSD-H4-098e359f6350,XAUUSD,H4,LONG,Trend+Momentum+Structure
XAUUSD_H4_1,1578,SQX-XAUUSD-H4-0997faa6457a,XAUUSD,H4,LONG,Trend+Momentum
XAUUSD_H4_1,1578,SQX-XAUUSD-H4-099b0a85bc73,XAUUSD,H4,LONG,Momentum+Volatility
XAUUSD_H4_1,1578,SQX-XAUUSD-H4-099f4a80f948,XAUUSD,H4,LONG,Trend+Momentum
XAUUSD_H4_1,1578,SQX-XAUUSD-H4-09f306b840e9,XAUUSD,H4,LONG,Trend+Momentum+Volatility
XAUUSD_H4_1,1578,SQX-XAUUSD-H4-0a3265ccdb11,XAUUSD,H4,LONG,Momentum+Volatility
XAUUSD_H4_1,1578,SQX-XAUUSD-H4-0a4a5f7e13b5,XAUUSD,H4,LONG,Momentum
XAUUSD_H4_1,1578,SQX-XAUUSD-H4-0a7ad4498288,XAUUSD,H4,LONG,Momentum+Volatility
XAUUSD_H4_1,1578,SQX-XAUUSD-H4-0a95b2a0b8c1,XAUUSD,H4,LONG,Trend+Momentum+Volatility
XAUUSD_H4_1,1578,SQX-XAUUSD-H4-0a96d24e29eb,XAUUSD,H4,LONG,Trend+Momentum+Structure
XAUUSD_H4_1,1578,SQX-XAUUSD-H4-0aaa1d9ba878,XAUUSD,H4,LONG,Trend+Momentum
XAUUSD_H4_1,1578,SQX-XAUUSD-H4-0aad5ad786c3,XAUUSD,H4,LONG,Momentum
XAUUSD_H4_1,1578,SQX-XAUUSD-H4-0ab76ace6053,XAUUSD,H4,LONG,Volatility+Structure
XAUUSD_H4_1,1578,SQX-XAUUSD-H4-0af077a182b5,XAUUSD,H4,LONG,Momentum+Volatility
XAUUSD_H4_1,1578,SQX-XAUUSD-H4-0ba6906674a6,XAUUSD,H4,LONG,Momentum+Structure
XAUUSD_H4_1,1578,SQX-XAUUSD-H4-0baf4908169c,XAUUSD,H4,LONG,Momentum
XAUUSD_H4_1,1578,SQX-XAUUSD-H4-0c04c7972726,XAUUSD,H4,LONG,Trend+Volatility
XAUUSD_H4_1,1578,SQX-XAUUSD-H4-0c14a2fc414d,XAUUSD,H4,LONG,Trend+Momentum
XAUUSD_H4_1,1578,SQX-XAUUSD-H4-0c6ac5db90c9,XAUUSD,H4,LONG,Trend+Momentum
XAUUSD_H4_1,1578,SQX-XAUUSD-H4-0c6c7760cbc6,XAUUSD,H4,LONG,Trend+Momentum+Volatility
XAUUSD_H4_1,1578,SQX-XAUUSD-H4-0c8d2d167b9e,XAUUSD,H4,LONG,Volatility
XAUUSD_H4_1,1578,SQX-XAUUSD-H4-0c90317f922a,XAUUSD,H4,LONG,Trend+Momentum+Volatility
XAUUSD_H4_1,1578,SQX-XAUUSD-H4-0ca7615c9668,XAUUSD,H4,LONG,Momentum+Volatility+Structure
XAUUSD_H4_1,1578,SQX-XAUUSD-H4-0cd321a72008,XAUUSD,H4,LONG,Momentum+Volatility
XAUUSD_H4_1,1578,SQX-XAUUSD-H4-0d1763735693,XAUUSD,H4,LONG,Trend+Momentum
XAUUSD_H4_1,1578,SQX-XAUUSD-H4-0d2142249d4b,XAUUSD,H4,LONG,Momentum+Volatility+Structure
XAUUSD_H4_1,1578,SQX-XAUUSD-H4-0d47f358ffec,XAUUSD,H4,LONG,Trend+Volatility
XAUUSD_H4_1,1578,SQX-XAUUSD-H4-0de8c17ed308,XAUUSD,H4,LONG,Trend+Momentum
XAUUSD_H4_1,1578,SQX-XAUUSD-H4-0e340e7c8e99,XAUUSD,H4,LONG,Trend
XAUUSD_H4_1,1578,SQX-XAUUSD-H4-0e3d0c14e476,XAUUSD,H4,LONG,Momentum+Structure
XAUUSD_H4_1,1578,SQX-XAUUSD-H4-0e5ac20e1dea,XAUUSD,H4,LONG,Momentum+Volatility
XAUUSD_H4_1,1578,SQX-XAUUSD-H4-0e5bdbb70d72,XAUUSD,H4,LONG,Trend
XAUUSD_H4_1,1578,SQX-XAUUSD-H4-0e619333cd01,XAUUSD,H4,LONG,Momentum+Structure
XAUUSD_H4_1,1578,SQX-XAUUSD-H4-0e687a6fce64,XAUUSD,H4,LONG,Momentum+Structure
XAUUSD_H4_1,1578,SQX-XAUUSD-H4-0e7149049d71,XAUUSD,H4,LONG,Momentum+Structure
XAUUSD_H4_1,1578,SQX-XAUUSD-H4-0ef226879cf6,XAUUSD,H4,LONG,Trend+Momentum
XAUUSD_H4_1,1578,SQX-XAUUSD-H4-0f13fea97a33,XAUUSD,H4,LONG,Momentum+Volatility
XAUUSD_H4_1,1578,SQX-XAUUSD-H4-0f19f9a448fd,XAUUSD,H4,LONG,Momentum+Volatility+Structure
XAUUSD_H4_1,1578,SQX-XAUUSD-H4-0f6201e33a2f,XAUUSD,H4,LONG,Volatility+Structure
XAUUSD_H4_1,1578,SQX-XAUUSD-H4-0f63eff00675,XAUUSD,H4,LONG,Trend+Momentum
XAUUSD_H4_1,1578,SQX-XAUUSD-H4-0f6e5c608f8c,XAUUSD,H4,LONG,Momentum
XAUUSD_H4_1,1578,SQX-XAUUSD-H4-0fea626314cb,XAUUSD,H4,LONG,Trend+Structure
XAUUSD_H4_1,1578,SQX-XAUUSD-H4-10114673f357,XAUUSD,H4,LONG,Trend+Momentum+Volatility
XAUUSD_H4_1,1578,SQX-XAUUSD-H4-101c1f1e1d4b,XAUUSD,H4,LONG,Trend+Volatility
XAUUSD_H4_1,1578,SQX-XAUUSD-H4-1037a8a34116,XAUUSD,H4,LONG,Trend+Volatility+Structure
XAUUSD_H4_1,1578,SQX-XAUUSD-H4-106d39a64103,XAUUSD,H4,LONG,Trend+Momentum+Structure
XAUUSD_H4_1,1578,SQX-XAUUSD-H4-10975d543961,XAUUSD,H4,LONG,Trend
XAUUSD_H4_1,1578,SQX-XAUUSD-H4-10a15291bbbc,XAUUSD,H4,LONG,Trend+Momentum+Volatility+Structure
XAUUSD_H4_1,1578,SQX-XAUUSD-H4-10b8569c1d5f,XAUUSD,H4,LONG,Trend+Volatility+Structure
XAUUSD_H4_1,1578,SQX-XAUUSD-H4-1109d8d309f7,XAUUSD,H4,LONG,Momentum+Volatility
XAUUSD_H4_1,1578,SQX-XAUUSD-H4-115ba8a4fa48,XAUUSD,H4,LONG,Trend
XAUUSD_H4_1,1578,SQX-XAUUSD-H4-11ad15440821,XAUUSD,H4,LONG,Momentum+Volatility+Structure
XAUUSD_H4_1,1578,SQX-XAUUSD-H4-11f95b92a059,XAUUSD,H4,LONG,Volatility+Structure
XAUUSD_H4_1,1578,SQX-XAUUSD-H4-120caac23fcc,XAUUSD,H4,LONG,Trend+Momentum+Structure
XAUUSD_H4_1,1578,SQX-XAUUSD-H4-121730dfdc92,XAUUSD,H4,LONG,Momentum+Structure
XAUUSD_H4_1,1578,SQX-XAUUSD-H4-1224157c747e,XAUUSD,H4,LONG,Trend+Momentum
XAUUSD_H4_1,1578,SQX-XAUUSD-H4-122e13e30dca,XAUUSD,H4,LONG,Momentum+Volatility
XAUUSD_H4_1,1578,SQX-XAUUSD-H4-1238cfdc7525,XAUUSD,H4,LONG,Momentum+Volatility
XAUUSD_H4_1,1578,SQX-XAUUSD-H4-128f44ef2613,XAUUSD,H4,LONG,Trend+Volatility+Structure
XAUUSD_H4_1,1578,SQX-XAUUSD-H4-12a7b44a5fdb,XAUUSD,H4,LONG,Momentum
XAUUSD_H4_1,1578,SQX-XAUUSD-H4-12b87c28d5d0,XAUUSD,H4,LONG,Trend+Structure
XAUUSD_H4_1,1578,SQX-XAUUSD-H4-12eb5312aeb4,XAUUSD,H4,LONG,Volatility
XAUUSD_H4_1,1578,SQX-XAUUSD-H4-12f48a96e5c7,XAUUSD,H4,LONG,Momentum+Volatility+Structure
XAUUSD_H4_1,1578,SQX-XAUUSD-H4-12f50a9dbed9,XAUUSD,H4,LONG,Momentum
XAUUSD_H4_1,1578,SQX-XAUUSD-H4-1325107c4bda,XAUUSD,H4,LONG,Momentum+Structure
XAUUSD_H4_1,1578,SQX-XAUUSD-H4-134adf07413e,XAUUSD,H4,LONG,Trend+Momentum+Structure
XAUUSD_H4_1,1578,SQX-XAUUSD-H4-137ad0b32f20,XAUUSD,H4,LONG,Volatility+Structure
XAUUSD_H4_1,1578,SQX-XAUUSD-H4-1380cb091a27,XAUUSD,H4,LONG,Momentum
XAUUSD_H4_1,1578,SQX-XAUUSD-H4-13a6841edd21,XAUUSD,H4,LONG,Trend
XAUUSD_H4_1,1578,SQX-XAUUSD-H4-13de8f6931d8,XAUUSD,H4,LONG,Structure
XAUUSD_H4_1,1578,SQX-XAUUSD-H4-13ebf1be03d9,XAUUSD,H4,LONG,Trend
XAUUSD_H4_1,1578,SQX-XAUUSD-H4-13ff372a0fff,XAUUSD,H4,LONG,Trend+Momentum+Structure
XAUUSD_H4_1,1578,SQX-XAUUSD-H4-1424b8e38cb3,XAUUSD,H4,LONG,Structure
XAUUSD_H4_1,1578,SQX-XAUUSD-H4-14259ebf001d,XAUUSD,H4,LONG,Momentum
XAUUSD_H4_1,1578,SQX-XAUUSD-H4-1476576317a8,XAUUSD,H4,LONG,Trend+Structure
XAUUSD_H4_1,1578,SQX-XAUUSD-H4-148c401b6df4,XAUUSD,H4,LONG,Trend+Volatility
XAUUSD_H4_1,1578,SQX-XAUUSD-H4-148f1ec90e13,XAUUSD,H4,LONG,Structure
XAUUSD_H4_1,1578,SQX-XAUUSD-H4-149b342dd608,XAUUSD,H4,LONG,Momentum
XAUUSD_H4_1,1578,SQX-XAUUSD-H4-14f0b3e61045,XAUUSD,H4,LONG,Trend+Structure
XAUUSD_H4_1,1578,SQX-XAUUSD-H4-155d75b6196e,XAUUSD,H4,LONG,Trend
XAUUSD_H4_1,1578,SQX-XAUUSD-H4-157b458e2e4c,XAUUSD,H4,LONG,Trend+Momentum+Volatility+Structure
XAUUSD_H4_1,1578,SQX-XAUUSD-H4-15d4c1cf9f2b,XAUUSD,H4,LONG,Trend+Structure
XAUUSD_H4_1,1578,SQX-XAUUSD-H4-160527446b37,XAUUSD,H4,LONG,Trend+Momentum+Structure
XAUUSD_H4_1,1578,SQX-XAUUSD-H4-163bba120813,XAUUSD,H4,LONG,Trend+Volatility
XAUUSD_H4_1,1578,SQX-XAUUSD-H4-164a27d98fe5,XAUUSD,H4,LONG,Trend
XAUUSD_H4_1,1578,SQX-XAUUSD-H4-1672c907502b,XAUUSD,H4,LONG,Momentum
XAUUSD_H4_1,1578,SQX-XAUUSD-H4-16ad0d6d441b,XAUUSD,H4,LONG,Momentum
XAUUSD_H4_1,1578,SQX-XAUUSD-H4-16bc7d21e593,XAUUSD,H4,LONG,Trend+Momentum
XAUUSD_H4_1,1578,SQX-XAUUSD-H4-16ede949fc77,XAUUSD,H4,LONG,Momentum+Volatility
XAUUSD_H4_1,1578,SQX-XAUUSD-H4-18099a703372,XAUUSD,H4,LONG,Trend+Momentum+Volatility
XAUUSD_H4_1,1578,SQX-XAUUSD-H4-181bd26990c9,XAUUSD,H4,LONG,Trend+Momentum
XAUUSD_H4_1,1578,SQX-XAUUSD-H4-18220a4f2d3c,XAUUSD,H4,LONG,Momentum
XAUUSD_H4_1,1578,SQX-XAUUSD-H4-183f14b03283,XAUUSD,H4,LONG,Trend+Volatility+Structure
XAUUSD_H4_1,1578,SQX-XAUUSD-H4-18cc0f11f3de,XAUUSD,H4,LONG,Structure
XAUUSD_H4_1,1578,SQX-XAUUSD-H4-192f29266bc5,XAUUSD,H4,LONG,Trend+Momentum+Structure
XAUUSD_H4_1,1578,SQX-XAUUSD-H4-193387e138eb,XAUUSD,H4,LONG,Trend+Momentum+Structure
XAUUSD_H4_1,1578,SQX-XAUUSD-H4-1942d3ac945a,XAUUSD,H4,LONG,Trend+Structure
XAUUSD_H4_1,1578,SQX-XAUUSD-H4-19611bf2b553,XAUUSD,H4,LONG,Momentum
XAUUSD_H4_1,1578,SQX-XAUUSD-H4-196c55beba58,XAUUSD,H4,LONG,Momentum
XAUUSD_H4_1,1578,SQX-XAUUSD-H4-1a0afc3a0088,XAUUSD,H4,LONG,Momentum+Structure
XAUUSD_H4_1,1578,SQX-XAUUSD-H4-1a1df4a29327,XAUUSD,H4,LONG,Momentum+Volatility
XAUUSD_H4_1,1578,SQX-XAUUSD-H4-1a55ea1ae3d1,XAUUSD,H4,LONG,Trend+Momentum
XAUUSD_H4_1,1578,SQX-XAUUSD-H4-1a581e37f25b,XAUUSD,H4,LONG,Trend+Momentum+Structure
XAUUSD_H4_1,1578,SQX-XAUUSD-H4-1a7cddfd104e,XAUUSD,H4,LONG,Momentum+Structure
XAUUSD_H4_1,1578,SQX-XAUUSD-H4-1ab29091289b,XAUUSD,H4,LONG,Structure
XAUUSD_H4_1,1578,SQX-XAUUSD-H4-1ade71793ccd,XAUUSD,H4,LONG,Trend+Volatility+Structure
XAUUSD_H4_1,1578,SQX-XAUUSD-H4-1b4a3eeb5656,XAUUSD,H4,LONG,Trend+Volatility+Structure
XAUUSD_H4_1,1578,SQX-XAUUSD-H4-1b53c422beeb,XAUUSD,H4,LONG,Trend+Momentum+Volatility
XAUUSD_H4_1,1578,SQX-XAUUSD-H4-1b64859b29af,XAUUSD,H4,LONG,Trend+Momentum+Volatility
XAUUSD_H4_1,1578,SQX-XAUUSD-H4-1b68cf82a44b,XAUUSD,H4,LONG,Trend+Momentum
XAUUSD_H4_1,1578,SQX-XAUUSD-H4-1b9230d98702,XAUUSD,H4,LONG,Trend+Momentum
XAUUSD_H4_1,1578,SQX-XAUUSD-H4-1b98788d47bd,XAUUSD,H4,LONG,Trend
XAUUSD_H4_1,1578,SQX-XAUUSD-H4-1baa3625fad4,XAUUSD,H4,LONG,Momentum+Structure
XAUUSD_H4_1,1578,SQX-XAUUSD-H4-1bb28c269ddf,XAUUSD,H4,LONG,Trend+Structure
XAUUSD_H4_1,1578,SQX-XAUUSD-H4-1bebe712cd6f,XAUUSD,H4,LONG,Trend+Momentum
XAUUSD_H4_1,1578,SQX-XAUUSD-H4-1bfb55805d91,XAUUSD,H4,LONG,Momentum+Structure
XAUUSD_H4_1,1578,SQX-XAUUSD-H4-1c492d6bfae7,XAUUSD,H4,LONG,Trend
XAUUSD_H4_1,1578,SQX-XAUUSD-H4-1ca4ef22234b,XAUUSD,H4,LONG,Trend
XAUUSD_H4_1,1578,SQX-XAUUSD-H4-1ccb8a11ec67,XAUUSD,H4,LONG,Trend+Volatility
XAUUSD_H4_1,1578,SQX-XAUUSD-H4-1d25f077cbf3,XAUUSD,H4,LONG,Trend
XAUUSD_H4_1,1578,SQX-XAUUSD-H4-1d4a75710478,XAUUSD,H4,LONG,Volatility+Structure
XAUUSD_H4_1,1578,SQX-XAUUSD-H4-1d5ca203c3d9,XAUUSD,H4,LONG,Trend+Momentum
XAUUSD_H4_1,1578,SQX-XAUUSD-H4-1d74d9fa3a78,XAUUSD,H4,LONG,Trend+Momentum
XAUUSD_H4_1,1578,SQX-XAUUSD-H4-1d929e00ce06,XAUUSD,H4,LONG,Momentum+Volatility
XAUUSD_H4_1,1578,SQX-XAUUSD-H4-1da53670c6bc,XAUUSD,H4,LONG,Trend+Structure
XAUUSD_H4_1,1578,SQX-XAUUSD-H4-1dc8618044f0,XAUUSD,H4,LONG,Trend+Momentum
XAUUSD_H4_1,1578,SQX-XAUUSD-H4-1e025ba7a2da,XAUUSD,H4,LONG,Trend+Momentum
XAUUSD_H4_1,1578,SQX-XAUUSD-H4-1e03b67e3b75,XAUUSD,H4,LONG,Momentum
XAUUSD_H4_1,1578,SQX-XAUUSD-H4-1e3d4d9eef35,XAUUSD,H4,LONG,Momentum
XAUUSD_H4_1,1578,SQX-XAUUSD-H4-1e806de03b07,XAUUSD,H4,LONG,Trend+Structure
XAUUSD_H4_1,1578,SQX-XAUUSD-H4-1e873f2596fc,XAUUSD,H4,LONG,Trend+Momentum+Volatility
XAUUSD_H4_1,1578,SQX-XAUUSD-H4-1f777d9f4331,XAUUSD,H4,LONG,Trend
XAUUSD_H4_1,1578,SQX-XAUUSD-H4-1f958fb7396a,XAUUSD,H4,LONG,Trend+Structure
XAUUSD_H4_1,1578,SQX-XAUUSD-H4-1fa38ac58019,XAUUSD,H4,LONG,Momentum+Volatility
XAUUSD_H4_1,1578,SQX-XAUUSD-H4-1fca9b625626,XAUUSD,H4,LONG,Volatility
XAUUSD_H4_1,1578,SQX-XAUUSD-H4-1fe486bab5fa,XAUUSD,H4,LONG,Volatility+Structure
XAUUSD_H4_1,1578,SQX-XAUUSD-H4-1fedfd4468ef,XAUUSD,H4,LONG,Momentum+Volatility+Structure
XAUUSD_H4_1,1578,SQX-XAUUSD-H4-1ff5c154e4dc,XAUUSD,H4,LONG,Trend+Momentum
XAUUSD_H4_1,1578,SQX-XAUUSD-H4-20636136ad43,XAUUSD,H4,LONG,Trend+Momentum+Structure
XAUUSD_H4_1,1578,SQX-XAUUSD-H4-20872dd91242,XAUUSD,H4,LONG,Trend+Momentum
XAUUSD_H4_1,1578,SQX-XAUUSD-H4-20bf05a8ffd1,XAUUSD,H4,LONG,Trend+Momentum
XAUUSD_H4_1,1578,SQX-XAUUSD-H4-20c1bbac79e1,XAUUSD,H4,LONG,Momentum+Volatility
XAUUSD_H4_1,1578,SQX-XAUUSD-H4-20dba96ae47b,XAUUSD,H4,LONG,Trend
XAUUSD_H4_1,1578,SQX-XAUUSD-H4-20dbdf842f9f,XAUUSD,H4,LONG,Trend+Structure
XAUUSD_H4_1,1578,SQX-XAUUSD-H4-2108b81b2b7e,XAUUSD,H4,LONG,Trend+Momentum+Structure
XAUUSD_H4_1,1578,SQX-XAUUSD-H4-21141ff12192,XAUUSD,H4,LONG,Momentum
XAUUSD_H4_1,1578,SQX-XAUUSD-H4-211ae6e19993,XAUUSD,H4,LONG,Momentum+Structure
XAUUSD_H4_1,1578,SQX-XAUUSD-H4-2124dfa2a49d,XAUUSD,H4,LONG,Trend+Volatility
XAUUSD_H4_1,1578,SQX-XAUUSD-H4-214c6b0096ca,XAUUSD,H4,LONG,Momentum+Volatility
XAUUSD_H4_1,1578,SQX-XAUUSD-H4-2152da111451,XAUUSD,H4,LONG,Trend+Volatility
XAUUSD_H4_1,1578,SQX-XAUUSD-H4-217907431713,XAUUSD,H4,LONG,Trend+Momentum
XAUUSD_H4_1,1578,SQX-XAUUSD-H4-217bf23d6eaa,XAUUSD,H4,LONG,Trend+Momentum
XAUUSD_H4_1,1578,SQX-XAUUSD-H4-217e63bb3766,XAUUSD,H4,LONG,Trend+Momentum
XAUUSD_H4_1,1578,SQX-XAUUSD-H4-21ac6ea8c479,XAUUSD,H4,LONG,Volatility+Structure
XAUUSD_H4_1,1578,SQX-XAUUSD-H4-2252e7d8ba9c,XAUUSD,H4,LONG,Momentum
XAUUSD_H4_1,1578,SQX-XAUUSD-H4-2278303fc564,XAUUSD,H4,LONG,Momentum
XAUUSD_H4_1,1578,SQX-XAUUSD-H4-228166839c02,XAUUSD,H4,LONG,Trend
XAUUSD_H4_1,1578,SQX-XAUUSD-H4-22a467032778,XAUUSD,H4,LONG,Trend+Momentum+Structure
XAUUSD_H4_1,1578,SQX-XAUUSD-H4-22dae742fe29,XAUUSD,H4,LONG,Momentum+Structure
XAUUSD_H4_1,1578,SQX-XAUUSD-H4-2356385a7331,XAUUSD,H4,LONG,Momentum
XAUUSD_H4_1,1578,SQX-XAUUSD-H4-2376ccee0091,XAUUSD,H4,LONG,Momentum
XAUUSD_H4_1,1578,SQX-XAUUSD-H4-23891872911d,XAUUSD,H4,LONG,Momentum+Structure
XAUUSD_H4_1,1578,SQX-XAUUSD-H4-242c1d4dc957,XAUUSD,H4,LONG,Trend+Momentum
XAUUSD_H4_1,1578,SQX-XAUUSD-H4-2430e5ba3a5a,XAUUSD,H4,LONG,Momentum+Volatility+Structure
XAUUSD_H4_1,1578,SQX-XAUUSD-H4-24619c6522e5,XAUUSD,H4,LONG,Trend+Volatility
XAUUSD_H4_1,1578,SQX-XAUUSD-H4-24a3d14ba277,XAUUSD,H4,LONG,Momentum+Volatility
XAUUSD_H4_1,1578,SQX-XAUUSD-H4-24a5ed67d958,XAUUSD,H4,LONG,Momentum
XAUUSD_H4_1,1578,SQX-XAUUSD-H4-24b162527d86,XAUUSD,H4,LONG,Trend+Volatility+Structure
XAUUSD_H4_1,1578,SQX-XAUUSD-H4-24cbdf46ccd4,XAUUSD,H4,LONG,Trend+Volatility
XAUUSD_H4_1,1578,SQX-XAUUSD-H4-256ee76e5f55,XAUUSD,H4,LONG,Momentum
XAUUSD_H4_1,1578,SQX-XAUUSD-H4-25996605c094,XAUUSD,H4,LONG,Trend+Momentum
XAUUSD_H4_1,1578,SQX-XAUUSD-H4-2652c0c169e6,XAUUSD,H4,LONG,Momentum+Structure
XAUUSD_H4_1,1578,SQX-XAUUSD-H4-265b90c053fa,XAUUSD,H4,LONG,Trend+Momentum
XAUUSD_H4_1,1578,SQX-XAUUSD-H4-2662ff34e0c8,XAUUSD,H4,LONG,Trend+Momentum
XAUUSD_H4_1,1578,SQX-XAUUSD-H4-26a1bfe40e5b,XAUUSD,H4,LONG,Volatility
XAUUSD_H4_1,1578,SQX-XAUUSD-H4-26ced6a8727b,XAUUSD,H4,LONG,Momentum+Volatility
XAUUSD_H4_1,1578,SQX-XAUUSD-H4-26df38d1e8fc,XAUUSD,H4,LONG,Trend+Volatility
XAUUSD_H4_1,1578,SQX-XAUUSD-H4-26eea1bff7ba,XAUUSD,H4,LONG,Trend+Volatility
XAUUSD_H4_1,1578,SQX-XAUUSD-H4-26ef825b22f0,XAUUSD,H4,LONG,Trend
XAUUSD_H4_1,1578,SQX-XAUUSD-H4-272c7ea0ee4c,XAUUSD,H4,LONG,Momentum
XAUUSD_H4_1,1578,SQX-XAUUSD-H4-2746a2033301,XAUUSD,H4,LONG,Trend+Momentum+Volatility
XAUUSD_H4_1,1578,SQX-XAUUSD-H4-276d77ddb8ed,XAUUSD,H4,LONG,Momentum+Structure
XAUUSD_H4_1,1578,SQX-XAUUSD-H4-27807f36a4f6,XAUUSD,H4,LONG,Trend+Volatility+Structure
XAUUSD_H4_1,1578,SQX-XAUUSD-H4-279d3b0c0230,XAUUSD,H4,LONG,Momentum
XAUUSD_H4_1,1578,SQX-XAUUSD-H4-27e5c8b46b0b,XAUUSD,H4,LONG,Trend+Volatility
XAUUSD_H4_1,1578,SQX-XAUUSD-H4-280404de579e,XAUUSD,H4,LONG,Trend+Structure
XAUUSD_H4_1,1578,SQX-XAUUSD-H4-283a045c3603,XAUUSD,H4,LONG,Trend+Momentum
XAUUSD_H4_1,1578,SQX-XAUUSD-H4-285aa361391f,XAUUSD,H4,LONG,Structure
XAUUSD_H4_1,1578,SQX-XAUUSD-H4-286faabbe85b,XAUUSD,H4,LONG,Volatility+Structure
XAUUSD_H4_1,1578,SQX-XAUUSD-H4-2886f8c8a43a,XAUUSD,H4,LONG,Trend+Momentum+Volatility
XAUUSD_H4_1,1578,SQX-XAUUSD-H4-28e713f5624d,XAUUSD,H4,LONG,Trend+Momentum
XAUUSD_H4_1,1578,SQX-XAUUSD-H4-28f94e4f9ddb,XAUUSD,H4,LONG,Trend+Volatility
XAUUSD_H4_1,1578,SQX-XAUUSD-H4-28fc2612680b,XAUUSD,H4,LONG,Structure
XAUUSD_H4_1,1578,SQX-XAUUSD-H4-2904503f317c,XAUUSD,H4,LONG,Trend+Momentum
XAUUSD_H4_1,1578,SQX-XAUUSD-H4-293bf2f7c8ac,XAUUSD,H4,LONG,Momentum
XAUUSD_H4_1,1578,SQX-XAUUSD-H4-2970465e91a0,XAUUSD,H4,LONG,Trend+Volatility
XAUUSD_H4_1,1578,SQX-XAUUSD-H4-29cdea083a64,XAUUSD,H4,LONG,Momentum
XAUUSD_H4_1,1578,SQX-XAUUSD-H4-29fac842c0ca,XAUUSD,H4,LONG,Momentum
XAUUSD_H4_1,1578,SQX-XAUUSD-H4-2a663f999777,XAUUSD,H4,LONG,Volatility+Structure
XAUUSD_H4_1,1578,SQX-XAUUSD-H4-2a86113da0c1,XAUUSD,H4,LONG,Trend
XAUUSD_H4_1,1578,SQX-XAUUSD-H4-2a868ac9a17c,XAUUSD,H4,LONG,Trend+Volatility
XAUUSD_H4_1,1578,SQX-XAUUSD-H4-2b34d1461da2,XAUUSD,H4,LONG,Momentum+Structure
XAUUSD_H4_1,1578,SQX-XAUUSD-H4-2b5c93fdc9ef,XAUUSD,H4,LONG,Trend+Volatility
XAUUSD_H4_1,1578,SQX-XAUUSD-H4-2be52d53c8fd,XAUUSD,H4,LONG,Trend+Volatility+Structure
XAUUSD_H4_1,1578,SQX-XAUUSD-H4-2be59f1625d5,XAUUSD,H4,LONG,Trend+Momentum+Structure
XAUUSD_H4_1,1578,SQX-XAUUSD-H4-2bf20bc3a636,XAUUSD,H4,LONG,Trend+Momentum
XAUUSD_H4_1,1578,SQX-XAUUSD-H4-2c1ae4310dee,XAUUSD,H4,LONG,Trend+Momentum
XAUUSD_H4_1,1578,SQX-XAUUSD-H4-2c2759821a88,XAUUSD,H4,LONG,Trend+Momentum+Volatility+Structure
XAUUSD_H4_1,1578,SQX-XAUUSD-H4-2c33ac333cac,XAUUSD,H4,LONG,Trend+Momentum+Volatility
XAUUSD_H4_1,1578,SQX-XAUUSD-H4-2c37abc40099,XAUUSD,H4,LONG,Trend+Momentum
XAUUSD_H4_1,1578,SQX-XAUUSD-H4-2c3b4413b91a,XAUUSD,H4,LONG,Volatility+Structure
XAUUSD_H4_1,1578,SQX-XAUUSD-H4-2c8ef6d6cdb2,XAUUSD,H4,LONG,Trend+Volatility
XAUUSD_H4_1,1578,SQX-XAUUSD-H4-2cca55331346,XAUUSD,H4,LONG,Volatility
XAUUSD_H4_1,1578,SQX-XAUUSD-H4-2ccfcb98d6a2,XAUUSD,H4,LONG,Momentum
XAUUSD_H4_1,1578,SQX-XAUUSD-H4-2cde241df35a,XAUUSD,H4,LONG,Trend
XAUUSD_H4_1,1578,SQX-XAUUSD-H4-2ce1b2a7233c,XAUUSD,H4,LONG,Trend
XAUUSD_H4_1,1578,SQX-XAUUSD-H4-2cebba3f818f,XAUUSD,H4,LONG,Momentum
XAUUSD_H4_1,1578,SQX-XAUUSD-H4-2d2aa6ec19ce,XAUUSD,H4,LONG,Trend+Momentum+Structure
XAUUSD_H4_1,1578,SQX-XAUUSD-H4-2d2eda7d0041,XAUUSD,H4,LONG,Momentum
XAUUSD_H4_1,1578,SQX-XAUUSD-H4-2da5abd01b35,XAUUSD,H4,LONG,Volatility+Structure
XAUUSD_H4_1,1578,SQX-XAUUSD-H4-2dedfc6fbafa,XAUUSD,H4,LONG,Momentum
XAUUSD_H4_1,1578,SQX-XAUUSD-H4-2e0a51779b8d,XAUUSD,H4,LONG,Trend+Momentum
XAUUSD_H4_1,1578,SQX-XAUUSD-H4-2e295024dac2,XAUUSD,H4,LONG,Trend+Momentum
XAUUSD_H4_1,1578,SQX-XAUUSD-H4-2e73e24faa4f,XAUUSD,H4,LONG,Trend+Structure
XAUUSD_H4_1,1578,SQX-XAUUSD-H4-2ea69b442164,XAUUSD,H4,LONG,Trend+Momentum
XAUUSD_H4_1,1578,SQX-XAUUSD-H4-2eab4400d09f,XAUUSD,H4,LONG,Momentum
XAUUSD_H4_1,1578,SQX-XAUUSD-H4-2efcb8ca756e,XAUUSD,H4,LONG,Trend+Structure
XAUUSD_H4_1,1578,SQX-XAUUSD-H4-2f1a5371be26,XAUUSD,H4,LONG,Trend+Structure
XAUUSD_H4_1,1578,SQX-XAUUSD-H4-2f2f039410df,XAUUSD,H4,LONG,Momentum
XAUUSD_H4_1,1578,SQX-XAUUSD-H4-2f5e90733800,XAUUSD,H4,LONG,Momentum
XAUUSD_H4_1,1578,SQX-XAUUSD-H4-2f64a538d388,XAUUSD,H4,LONG,Trend+Momentum
XAUUSD_H4_1,1578,SQX-XAUUSD-H4-2f8edbfcd5e4,XAUUSD,H4,LONG,Trend
XAUUSD_H4_1,1578,SQX-XAUUSD-H4-2fd40925bdcf,XAUUSD,H4,LONG,Trend+Volatility+Structure
XAUUSD_H4_1,1578,SQX-XAUUSD-H4-2fe1a9388f61,XAUUSD,H4,LONG,Momentum
XAUUSD_H4_1,1578,SQX-XAUUSD-H4-2fe2a53a0b64,XAUUSD,H4,LONG,Momentum
XAUUSD_H4_1,1578,SQX-XAUUSD-H4-2fe3c7f6e8e4,XAUUSD,H4,LONG,Momentum+Volatility
XAUUSD_H4_1,1578,SQX-XAUUSD-H4-30052bb5ad7c,XAUUSD,H4,LONG,Trend
XAUUSD_H4_1,1578,SQX-XAUUSD-H4-3033a7f9fb5e,XAUUSD,H4,LONG,Trend+Momentum
XAUUSD_H4_1,1578,SQX-XAUUSD-H4-303c6f8f926f,XAUUSD,H4,LONG,Trend+Structure
XAUUSD_H4_1,1578,SQX-XAUUSD-H4-305b5ab91fc8,XAUUSD,H4,LONG,Momentum
XAUUSD_H4_1,1578,SQX-XAUUSD-H4-306532a35885,XAUUSD,H4,LONG,Momentum
XAUUSD_H4_1,1578,SQX-XAUUSD-H4-30be9aa6659d,XAUUSD,H4,LONG,Momentum+Volatility
XAUUSD_H4_1,1578,SQX-XAUUSD-H4-30e0ef73988e,XAUUSD,H4,LONG,Trend+Volatility
XAUUSD_H4_1,1578,SQX-XAUUSD-H4-31224e311238,XAUUSD,H4,LONG,Volatility+Structure
XAUUSD_H4_1,1578,SQX-XAUUSD-H4-31a7b88e8cb1,XAUUSD,H4,LONG,Volatility
XAUUSD_H4_1,1578,SQX-XAUUSD-H4-31be2b6cd402,XAUUSD,H4,LONG,Trend
XAUUSD_H4_1,1578,SQX-XAUUSD-H4-31daaeebebcb,XAUUSD,H4,LONG,Volatility+Structure
XAUUSD_H4_1,1578,SQX-XAUUSD-H4-323d4107f7e2,XAUUSD,H4,LONG,Trend+Momentum+Structure
XAUUSD_H4_1,1578,SQX-XAUUSD-H4-326552a44d60,XAUUSD,H4,LONG,Momentum
XAUUSD_H4_1,1578,SQX-XAUUSD-H4-326d328a44e4,XAUUSD,H4,LONG,Momentum+Volatility
XAUUSD_H4_1,1578,SQX-XAUUSD-H4-32b7cb908b7d,XAUUSD,H4,LONG,Volatility
XAUUSD_H4_1,1578,SQX-XAUUSD-H4-334720e86f75,XAUUSD,H4,LONG,Structure
XAUUSD_H4_1,1578,SQX-XAUUSD-H4-3365921b197b,XAUUSD,H4,LONG,Trend
XAUUSD_H4_1,1578,SQX-XAUUSD-H4-336a49933490,XAUUSD,H4,LONG,Momentum+Volatility
XAUUSD_H4_1,1578,SQX-XAUUSD-H4-33a553cbefaa,XAUUSD,H4,LONG,Momentum
XAUUSD_H4_1,1578,SQX-XAUUSD-H4-33e0f13a8d82,XAUUSD,H4,LONG,Trend+Momentum+Volatility
XAUUSD_H4_1,1578,SQX-XAUUSD-H4-3431bdfe1e9b,XAUUSD,H4,LONG,Volatility+Structure
XAUUSD_H4_1,1578,SQX-XAUUSD-H4-3458bbcbee2b,XAUUSD,H4,LONG,Trend+Volatility
XAUUSD_H4_1,1578,SQX-XAUUSD-H4-347563540549,XAUUSD,H4,LONG,Momentum+Volatility
XAUUSD_H4_1,1578,SQX-XAUUSD-H4-3488b7e7c3f6,XAUUSD,H4,LONG,Trend
XAUUSD_H4_1,1578,SQX-XAUUSD-H4-348a8ca60301,XAUUSD,H4,LONG,Momentum+Volatility+Structure
XAUUSD_H4_1,1578,SQX-XAUUSD-H4-34c08056acc0,XAUUSD,H4,LONG,Trend+Momentum
XAUUSD_H4_1,1578,SQX-XAUUSD-H4-34c298c44ebf,XAUUSD,H4,LONG,Momentum
XAUUSD_H4_1,1578,SQX-XAUUSD-H4-34c4cf58e982,XAUUSD,H4,LONG,Volatility+Structure
XAUUSD_H4_1,1578,SQX-XAUUSD-H4-34f3b1ee3fc9,XAUUSD,H4,LONG,Trend+Volatility
XAUUSD_H4_1,1578,SQX-XAUUSD-H4-3507ada80a2a,XAUUSD,H4,LONG,Trend+Momentum+Volatility
XAUUSD_H4_1,1578,SQX-XAUUSD-H4-353221b225b7,XAUUSD,H4,LONG,Trend+Momentum
XAUUSD_H4_1,1578,SQX-XAUUSD-H4-3577c78706a3,XAUUSD,H4,LONG,Volatility+Structure
XAUUSD_H4_1,1578,SQX-XAUUSD-H4-358091350ce3,XAUUSD,H4,LONG,Momentum
XAUUSD_H4_1,1578,SQX-XAUUSD-H4-35a8e6eed4cc,XAUUSD,H4,LONG,Momentum+Structure
XAUUSD_H4_1,1578,SQX-XAUUSD-H4-35dfa6a3a919,XAUUSD,H4,LONG,Volatility+Structure
XAUUSD_H4_1,1578,SQX-XAUUSD-H4-35f77874c440,XAUUSD,H4,LONG,Trend+Volatility
XAUUSD_H4_1,1578,SQX-XAUUSD-H4-35fdfd685344,XAUUSD,H4,LONG,Momentum+Structure
XAUUSD_H4_1,1578,SQX-XAUUSD-H4-367aa27f4ec8,XAUUSD,H4,LONG,Trend+Momentum+Structure
XAUUSD_H4_1,1578,SQX-XAUUSD-H4-367c12d35a83,XAUUSD,H4,LONG,Trend+Volatility
XAUUSD_H4_1,1578,SQX-XAUUSD-H4-368ae318c9cc,XAUUSD,H4,LONG,Momentum+Volatility+Structure
XAUUSD_H4_1,1578,SQX-XAUUSD-H4-36b2a510a9d7,XAUUSD,H4,LONG,Trend+Structure
XAUUSD_H4_1,1578,SQX-XAUUSD-H4-36b662f98ad5,XAUUSD,H4,LONG,Structure
XAUUSD_H4_1,1578,SQX-XAUUSD-H4-36c595329f46,XAUUSD,H4,LONG,Momentum
XAUUSD_H4_1,1578,SQX-XAUUSD-H4-3789c3b18c04,XAUUSD,H4,LONG,Trend+Structure
XAUUSD_H4_1,1578,SQX-XAUUSD-H4-38080be2914c,XAUUSD,H4,LONG,Momentum+Volatility
XAUUSD_H4_1,1578,SQX-XAUUSD-H4-3828613a5dfa,XAUUSD,H4,LONG,Momentum
XAUUSD_H4_1,1578,SQX-XAUUSD-H4-3852238d0c35,XAUUSD,H4,LONG,Trend+Volatility+Structure
XAUUSD_H4_1,1578,SQX-XAUUSD-H4-38739be3f358,XAUUSD,H4,LONG,Momentum
XAUUSD_H4_1,1578,SQX-XAUUSD-H4-387ae3272a8d,XAUUSD,H4,LONG,Trend+Momentum
XAUUSD_H4_1,1578,SQX-XAUUSD-H4-38b04aefce43,XAUUSD,H4,LONG,Trend+Structure
XAUUSD_H4_1,1578,SQX-XAUUSD-H4-38b5d223a7ef,XAUUSD,H4,LONG,Volatility
XAUUSD_H4_1,1578,SQX-XAUUSD-H4-38c03268f0d7,XAUUSD,H4,LONG,Trend+Momentum
XAUUSD_H4_1,1578,SQX-XAUUSD-H4-38eed6a01624,XAUUSD,H4,LONG,Momentum+Structure
XAUUSD_H4_1,1578,SQX-XAUUSD-H4-38f4935bafbb,XAUUSD,H4,LONG,Trend+Momentum
XAUUSD_H4_1,1578,SQX-XAUUSD-H4-390073ed77a4,XAUUSD,H4,LONG,Trend+Structure
XAUUSD_H4_1,1578,SQX-XAUUSD-H4-390c8b401207,XAUUSD,H4,LONG,Momentum+Structure
XAUUSD_H4_1,1578,SQX-XAUUSD-H4-3939474119a2,XAUUSD,H4,LONG,Trend+Momentum
XAUUSD_H4_1,1578,SQX-XAUUSD-H4-395503683931,XAUUSD,H4,LONG,Trend+Momentum
XAUUSD_H4_1,1578,SQX-XAUUSD-H4-3973a207d3f7,XAUUSD,H4,LONG,Trend+Momentum+Structure
XAUUSD_H4_1,1578,SQX-XAUUSD-H4-397c838055ce,XAUUSD,H4,LONG,Trend+Momentum
XAUUSD_H4_1,1578,SQX-XAUUSD-H4-398f669455aa,XAUUSD,H4,LONG,Trend+Momentum
XAUUSD_H4_1,1578,SQX-XAUUSD-H4-39bbc8023874,XAUUSD,H4,LONG,Momentum+Volatility
XAUUSD_H4_1,1578,SQX-XAUUSD-H4-39c06e3d8ddd,XAUUSD,H4,LONG,Trend+Momentum+Volatility
XAUUSD_H4_1,1578,SQX-XAUUSD-H4-39fd0fcc9e97,XAUUSD,H4,LONG,Momentum+Volatility
XAUUSD_H4_1,1578,SQX-XAUUSD-H4-3a0a20d1af4f,XAUUSD,H4,LONG,Volatility
XAUUSD_H4_1,1578,SQX-XAUUSD-H4-3a3fc945edcd,XAUUSD,H4,LONG,Momentum+Structure
XAUUSD_H4_1,1578,SQX-XAUUSD-H4-3a5073861d95,XAUUSD,H4,LONG,Momentum+Structure
XAUUSD_H4_1,1578,SQX-XAUUSD-H4-3a6711624768,XAUUSD,H4,LONG,Trend+Volatility
XAUUSD_H4_1,1578,SQX-XAUUSD-H4-3ac572d104b5,XAUUSD,H4,LONG,Momentum+Volatility
XAUUSD_H4_1,1578,SQX-XAUUSD-H4-3ac728140820,XAUUSD,H4,LONG,Trend+Volatility+Structure
XAUUSD_H4_1,1578,SQX-XAUUSD-H4-3b0a99a96e16,XAUUSD,H4,LONG,Trend+Momentum+Volatility+Structure
XAUUSD_H4_1,1578,SQX-XAUUSD-H4-3b0e3f054953,XAUUSD,H4,LONG,Momentum
XAUUSD_H4_1,1578,SQX-XAUUSD-H4-3b36299ea2bd,XAUUSD,H4,LONG,Trend+Structure
XAUUSD_H4_1,1578,SQX-XAUUSD-H4-3bc157ede46f,XAUUSD,H4,LONG,Trend+Structure
XAUUSD_H4_1,1578,SQX-XAUUSD-H4-3c26ae6bbe7f,XAUUSD,H4,LONG,Trend+Momentum+Structure
XAUUSD_H4_1,1578,SQX-XAUUSD-H4-3c2930e78b62,XAUUSD,H4,LONG,Trend+Volatility+Structure
XAUUSD_H4_1,1578,SQX-XAUUSD-H4-3c9a89bf4916,XAUUSD,H4,LONG,Volatility
XAUUSD_H4_1,1578,SQX-XAUUSD-H4-3cc4cc8bdc12,XAUUSD,H4,LONG,Trend
XAUUSD_H4_1,1578,SQX-XAUUSD-H4-3d4843f5cf88,XAUUSD,H4,LONG,Trend+Structure
XAUUSD_H4_1,1578,SQX-XAUUSD-H4-3d8f9fd60ce8,XAUUSD,H4,LONG,Trend
XAUUSD_H4_1,1578,SQX-XAUUSD-H4-3dabba9e4877,XAUUSD,H4,LONG,Momentum
XAUUSD_H4_1,1578,SQX-XAUUSD-H4-3db45b9843cf,XAUUSD,H4,LONG,Momentum+Volatility
XAUUSD_H4_1,1578,SQX-XAUUSD-H4-3df70e5b6502,XAUUSD,H4,LONG,Momentum+Structure
XAUUSD_H4_1,1578,SQX-XAUUSD-H4-3e2e2a183075,XAUUSD,H4,LONG,Momentum
XAUUSD_H4_1,1578,SQX-XAUUSD-H4-3e46ec38ae82,XAUUSD,H4,LONG,Trend
XAUUSD_H4_1,1578,SQX-XAUUSD-H4-3e4c5e1b75b3,XAUUSD,H4,LONG,Momentum
XAUUSD_H4_1,1578,SQX-XAUUSD-H4-3e67a6d80f21,XAUUSD,H4,LONG,Momentum
XAUUSD_H4_1,1578,SQX-XAUUSD-H4-3e8111dc7e88,XAUUSD,H4,LONG,Momentum
XAUUSD_H4_1,1578,SQX-XAUUSD-H4-3e8db898a748,XAUUSD,H4,LONG,Trend+Structure
XAUUSD_H4_1,1578,SQX-XAUUSD-H4-3e9451683649,XAUUSD,H4,LONG,Momentum
XAUUSD_H4_1,1578,SQX-XAUUSD-H4-3eab417e7171,XAUUSD,H4,LONG,Trend+Volatility
XAUUSD_H4_1,1578,SQX-XAUUSD-H4-3ecbc889e8f6,XAUUSD,H4,LONG,Momentum+Volatility
XAUUSD_H4_1,1578,SQX-XAUUSD-H4-3ef4fae0acff,XAUUSD,H4,LONG,Trend+Volatility+Structure
XAUUSD_H4_1,1578,SQX-XAUUSD-H4-3f3228ffb318,XAUUSD,H4,LONG,Trend
XAUUSD_H4_1,1578,SQX-XAUUSD-H4-3f623e6bd452,XAUUSD,H4,LONG,Momentum+Volatility
XAUUSD_H4_1,1578,SQX-XAUUSD-H4-3ff147892a4b,XAUUSD,H4,LONG,Trend
XAUUSD_H4_1,1578,SQX-XAUUSD-H4-3ff477fe1f58,XAUUSD,H4,LONG,Trend+Momentum
XAUUSD_H4_1,1578,SQX-XAUUSD-H4-3ff55d34bf9f,XAUUSD,H4,LONG,Trend
XAUUSD_H4_1,1578,SQX-XAUUSD-H4-406ccc886344,XAUUSD,H4,LONG,Trend+Structure
XAUUSD_H4_1,1578,SQX-XAUUSD-H4-40c55dbbaeac,XAUUSD,H4,LONG,Momentum
XAUUSD_H4_1,1578,SQX-XAUUSD-H4-41232803ba79,XAUUSD,H4,LONG,Momentum
XAUUSD_H4_1,1578,SQX-XAUUSD-H4-414b5f974ff1,XAUUSD,H4,LONG,Momentum
XAUUSD_H4_1,1578,SQX-XAUUSD-H4-4171e90fbb2c,XAUUSD,H4,LONG,Trend+Volatility
XAUUSD_H4_1,1578,SQX-XAUUSD-H4-41a451f99643,XAUUSD,H4,LONG,Trend+Volatility
XAUUSD_H4_1,1578,SQX-XAUUSD-H4-41b2e9fbd7b6,XAUUSD,H4,LONG,Volatility+Structure
XAUUSD_H4_1,1578,SQX-XAUUSD-H4-41cebedbbe28,XAUUSD,H4,LONG,Momentum
XAUUSD_H4_1,1578,SQX-XAUUSD-H4-41e5f92f7ee7,XAUUSD,H4,LONG,Trend+Momentum
XAUUSD_H4_1,1578,SQX-XAUUSD-H4-41f75d9b02b3,XAUUSD,H4,LONG,Momentum
XAUUSD_H4_1,1578,SQX-XAUUSD-H4-42079a3ae2b4,XAUUSD,H4,LONG,Trend+Structure
XAUUSD_H4_1,1578,SQX-XAUUSD-H4-42186822fe63,XAUUSD,H4,LONG,Trend
XAUUSD_H4_1,1578,SQX-XAUUSD-H4-42843168dd01,XAUUSD,H4,LONG,Trend+Volatility
XAUUSD_H4_1,1578,SQX-XAUUSD-H4-429cc73a6d7c,XAUUSD,H4,LONG,Trend+Momentum
XAUUSD_H4_1,1578,SQX-XAUUSD-H4-42bdff073b85,XAUUSD,H4,LONG,Momentum+Volatility
XAUUSD_H4_1,1578,SQX-XAUUSD-H4-433233b0df60,XAUUSD,H4,LONG,Trend+Momentum
XAUUSD_H4_1,1578,SQX-XAUUSD-H4-433e1607820f,XAUUSD,H4,LONG,Momentum+Structure
XAUUSD_H4_1,1578,SQX-XAUUSD-H4-43552a3246b2,XAUUSD,H4,LONG,Momentum+Volatility+Structure
XAUUSD_H4_1,1578,SQX-XAUUSD-H4-4368178d7468,XAUUSD,H4,LONG,Trend+Momentum+Volatility
XAUUSD_H4_1,1578,SQX-XAUUSD-H4-43a1057baff6,XAUUSD,H4,LONG,Momentum+Volatility+Structure
XAUUSD_H4_1,1578,SQX-XAUUSD-H4-440d2040bdfe,XAUUSD,H4,LONG,Momentum+Volatility
XAUUSD_H4_1,1578,SQX-XAUUSD-H4-442f87464aab,XAUUSD,H4,LONG,Momentum
XAUUSD_H4_1,1578,SQX-XAUUSD-H4-4458b1d526bd,XAUUSD,H4,LONG,Trend+Momentum
XAUUSD_H4_1,1578,SQX-XAUUSD-H4-4469ba7c379e,XAUUSD,H4,LONG,Trend+Momentum
XAUUSD_H4_1,1578,SQX-XAUUSD-H4-447b53610f48,XAUUSD,H4,LONG,Momentum+Structure
XAUUSD_H4_1,1578,SQX-XAUUSD-H4-448ae423b479,XAUUSD,H4,LONG,Trend+Momentum
XAUUSD_H4_1,1578,SQX-XAUUSD-H4-450f6ad9e4ae,XAUUSD,H4,LONG,Structure
XAUUSD_H4_1,1578,SQX-XAUUSD-H4-451c8d235540,XAUUSD,H4,LONG,Trend+Structure
XAUUSD_H4_1,1578,SQX-XAUUSD-H4-4522731028b9,XAUUSD,H4,LONG,Volatility+Structure
XAUUSD_H4_1,1578,SQX-XAUUSD-H4-45aa340596ea,XAUUSD,H4,LONG,Trend+Volatility+Structure
XAUUSD_H4_1,1578,SQX-XAUUSD-H4-45d77b263e92,XAUUSD,H4,LONG,Volatility+Structure
XAUUSD_H4_1,1578,SQX-XAUUSD-H4-460017e9fe98,XAUUSD,H4,LONG,Trend+Structure
XAUUSD_H4_1,1578,SQX-XAUUSD-H4-4603a2e42968,XAUUSD,H4,LONG,Trend+Momentum
XAUUSD_H4_1,1578,SQX-XAUUSD-H4-460a1706eff8,XAUUSD,H4,LONG,Trend+Volatility
XAUUSD_H4_1,1578,SQX-XAUUSD-H4-463f136445d2,XAUUSD,H4,LONG,Structure
XAUUSD_H4_1,1578,SQX-XAUUSD-H4-464d73ecc8d8,XAUUSD,H4,LONG,Momentum
XAUUSD_H4_1,1578,SQX-XAUUSD-H4-4672ece478a3,XAUUSD,H4,LONG,Momentum
XAUUSD_H4_1,1578,SQX-XAUUSD-H4-46772043e0d3,XAUUSD,H4,LONG,Trend+Momentum+Volatility
XAUUSD_H4_1,1578,SQX-XAUUSD-H4-469c2e8d0dd0,XAUUSD,H4,LONG,Volatility+Structure
XAUUSD_H4_1,1578,SQX-XAUUSD-H4-46d2e3cc82ae,XAUUSD,H4,LONG,Trend
XAUUSD_H4_1,1578,SQX-XAUUSD-H4-471f44238cd8,XAUUSD,H4,LONG,Trend+Momentum+Structure
XAUUSD_H4_1,1578,SQX-XAUUSD-H4-475d1a7adc5b,XAUUSD,H4,LONG,Momentum+Structure
XAUUSD_H4_1,1578,SQX-XAUUSD-H4-4790d9d70580,XAUUSD,H4,LONG,Trend+Momentum
XAUUSD_H4_1,1578,SQX-XAUUSD-H4-47e1a160a844,XAUUSD,H4,LONG,Trend+Structure
XAUUSD_H4_1,1578,SQX-XAUUSD-H4-47f79f687b03,XAUUSD,H4,LONG,Trend+Momentum+Volatility+Structure
XAUUSD_H4_1,1578,SQX-XAUUSD-H4-47fe7e799107,XAUUSD,H4,LONG,Momentum+Structure
XAUUSD_H4_1,1578,SQX-XAUUSD-H4-48021c307d36,XAUUSD,H4,LONG,Momentum
XAUUSD_H4_1,1578,SQX-XAUUSD-H4-484a7e205350,XAUUSD,H4,LONG,Volatility+Structure
XAUUSD_H4_1,1578,SQX-XAUUSD-H4-48560d75efab,XAUUSD,H4,LONG,Trend+Momentum
XAUUSD_H4_1,1578,SQX-XAUUSD-H4-4882eabf2459,XAUUSD,H4,LONG,Momentum+Structure
XAUUSD_H4_1,1578,SQX-XAUUSD-H4-48c321484879,XAUUSD,H4,LONG,Trend+Momentum
XAUUSD_H4_1,1578,SQX-XAUUSD-H4-48d8ced694ae,XAUUSD,H4,LONG,Volatility
XAUUSD_H4_1,1578,SQX-XAUUSD-H4-49b59b8df055,XAUUSD,H4,LONG,Trend+Structure
XAUUSD_H4_1,1578,SQX-XAUUSD-H4-49c3743cbdc3,XAUUSD,H4,LONG,Momentum+Volatility
XAUUSD_H4_1,1578,SQX-XAUUSD-H4-49ddccf9b5cc,XAUUSD,H4,LONG,Trend+Structure
XAUUSD_H4_1,1578,SQX-XAUUSD-H4-49f12e1cc628,XAUUSD,H4,LONG,Momentum+Structure
XAUUSD_H4_1,1578,SQX-XAUUSD-H4-4a43301ccc8f,XAUUSD,H4,LONG,Volatility+Structure
XAUUSD_H4_1,1578,SQX-XAUUSD-H4-4a456cd2daac,XAUUSD,H4,LONG,Trend+Structure
XAUUSD_H4_1,1578,SQX-XAUUSD-H4-4a8313d31907,XAUUSD,H4,LONG,Momentum+Structure
XAUUSD_H4_1,1578,SQX-XAUUSD-H4-4a8b22269fad,XAUUSD,H4,LONG,Trend+Volatility
XAUUSD_H4_1,1578,SQX-XAUUSD-H4-4ac2917c0fb8,XAUUSD,H4,LONG,Trend+Volatility
XAUUSD_H4_1,1578,SQX-XAUUSD-H4-4b38cf5fea8f,XAUUSD,H4,LONG,Momentum+Volatility
XAUUSD_H4_1,1578,SQX-XAUUSD-H4-4b7ffdd74db0,XAUUSD,H4,LONG,Momentum+Volatility
XAUUSD_H4_1,1578,SQX-XAUUSD-H4-4b8d9aa19d3d,XAUUSD,H4,LONG,Momentum+Structure
XAUUSD_H4_1,1578,SQX-XAUUSD-H4-4ba9820095cc,XAUUSD,H4,LONG,Trend+Momentum
XAUUSD_H4_1,1578,SQX-XAUUSD-H4-4bef2e82432e,XAUUSD,H4,LONG,Trend+Volatility+Structure
XAUUSD_H4_1,1578,SQX-XAUUSD-H4-4bf584c730ec,XAUUSD,H4,LONG,Momentum+Volatility
XAUUSD_H4_1,1578,SQX-XAUUSD-H4-4c0a052fddc2,XAUUSD,H4,LONG,Momentum+Structure
XAUUSD_H4_1,1578,SQX-XAUUSD-H4-4c46884e43fa,XAUUSD,H4,LONG,Momentum+Volatility
XAUUSD_H4_1,1578,SQX-XAUUSD-H4-4c4fb8fa8c03,XAUUSD,H4,LONG,Trend+Volatility+Structure
XAUUSD_H4_1,1578,SQX-XAUUSD-H4-4c9dae1ded45,XAUUSD,H4,LONG,Momentum+Volatility+Structure
XAUUSD_H4_1,1578,SQX-XAUUSD-H4-4ca5d8cae905,XAUUSD,H4,LONG,Momentum+Structure
XAUUSD_H4_1,1578,SQX-XAUUSD-H4-4cbcd06cdf86,XAUUSD,H4,LONG,Momentum+Structure
XAUUSD_H4_1,1578,SQX-XAUUSD-H4-4cd48807e33e,XAUUSD,H4,LONG,Trend+Volatility
XAUUSD_H4_1,1578,SQX-XAUUSD-H4-4d66e4183cce,XAUUSD,H4,LONG,Trend+Momentum+Structure
XAUUSD_H4_1,1578,SQX-XAUUSD-H4-4d74f4349f9e,XAUUSD,H4,LONG,Trend
XAUUSD_H4_1,1578,SQX-XAUUSD-H4-4da8778a81f9,XAUUSD,H4,LONG,Trend+Volatility+Structure
XAUUSD_H4_1,1578,SQX-XAUUSD-H4-4db50cacedc8,XAUUSD,H4,LONG,Momentum+Volatility
XAUUSD_H4_1,1578,SQX-XAUUSD-H4-4db97749f0dc,XAUUSD,H4,LONG,Momentum
XAUUSD_H4_1,1578,SQX-XAUUSD-H4-4ddb9a4a8e50,XAUUSD,H4,LONG,Trend+Momentum+Volatility
XAUUSD_H4_1,1578,SQX-XAUUSD-H4-4dee9494e91a,XAUUSD,H4,LONG,Trend+Momentum
XAUUSD_H4_1,1578,SQX-XAUUSD-H4-4e2417d1ce26,XAUUSD,H4,LONG,Trend+Momentum
XAUUSD_H4_1,1578,SQX-XAUUSD-H4-4ec829dbfa58,XAUUSD,H4,LONG,Trend+Momentum
XAUUSD_H4_1,1578,SQX-XAUUSD-H4-4ed95cfc761f,XAUUSD,H4,LONG,Momentum
XAUUSD_H4_1,1578,SQX-XAUUSD-H4-4f0844ecbb11,XAUUSD,H4,LONG,Structure
XAUUSD_H4_1,1578,SQX-XAUUSD-H4-4f21b65169ef,XAUUSD,H4,LONG,Trend+Momentum+Structure
XAUUSD_H4_1,1578,SQX-XAUUSD-H4-4f2b7e50bd82,XAUUSD,H4,LONG,Momentum
XAUUSD_H4_1,1578,SQX-XAUUSD-H4-4f2b9e20fb53,XAUUSD,H4,LONG,Trend+Momentum
XAUUSD_H4_1,1578,SQX-XAUUSD-H4-4f5ab2881d62,XAUUSD,H4,LONG,Trend+Momentum
XAUUSD_H4_1,1578,SQX-XAUUSD-H4-4f65068d21e8,XAUUSD,H4,LONG,Trend+Momentum
XAUUSD_H4_1,1578,SQX-XAUUSD-H4-4f760034ff85,XAUUSD,H4,LONG,Trend
XAUUSD_H4_1,1578,SQX-XAUUSD-H4-4f7bff009253,XAUUSD,H4,LONG,Trend+Structure
XAUUSD_H4_1,1578,SQX-XAUUSD-H4-4faefd8db581,XAUUSD,H4,LONG,Trend+Momentum
XAUUSD_H4_1,1578,SQX-XAUUSD-H4-4fcab4ca788c,XAUUSD,H4,LONG,Trend+Momentum
XAUUSD_H4_1,1578,SQX-XAUUSD-H4-4ffea088c7d3,XAUUSD,H4,LONG,Trend
XAUUSD_H4_1,1578,SQX-XAUUSD-H4-504bf9f1c9a4,XAUUSD,H4,LONG,Momentum+Volatility+Structure
XAUUSD_H4_1,1578,SQX-XAUUSD-H4-5057f5d07399,XAUUSD,H4,LONG,Momentum+Structure
XAUUSD_H4_1,1578,SQX-XAUUSD-H4-5091f5a9a236,XAUUSD,H4,LONG,Trend+Momentum
XAUUSD_H4_1,1578,SQX-XAUUSD-H4-50e8a1ab2417,XAUUSD,H4,LONG,Momentum+Volatility
XAUUSD_H4_1,1578,SQX-XAUUSD-H4-511f0ac30ffe,XAUUSD,H4,LONG,Trend
XAUUSD_H4_1,1578,SQX-XAUUSD-H4-516647da3e9f,XAUUSD,H4,LONG,Trend+Structure
XAUUSD_H4_1,1578,SQX-XAUUSD-H4-516ed9cc4e79,XAUUSD,H4,LONG,Structure
XAUUSD_H4_1,1578,SQX-XAUUSD-H4-517d914e884e,XAUUSD,H4,LONG,Momentum+Structure
XAUUSD_H4_1,1578,SQX-XAUUSD-H4-51acc4055b39,XAUUSD,H4,LONG,Momentum
XAUUSD_H4_1,1578,SQX-XAUUSD-H4-51f4bae146ca,XAUUSD,H4,LONG,Momentum
XAUUSD_H4_1,1578,SQX-XAUUSD-H4-5203253baf28,XAUUSD,H4,LONG,Trend+Momentum
XAUUSD_H4_1,1578,SQX-XAUUSD-H4-528988a1a93a,XAUUSD,H4,LONG,Trend+Momentum+Volatility
XAUUSD_H4_1,1578,SQX-XAUUSD-H4-531814445669,XAUUSD,H4,LONG,Volatility
XAUUSD_H4_1,1578,SQX-XAUUSD-H4-53a0914ead2e,XAUUSD,H4,LONG,Momentum+Volatility
XAUUSD_H4_1,1578,SQX-XAUUSD-H4-53a87aca1eed,XAUUSD,H4,LONG,Momentum
XAUUSD_H4_1,1578,SQX-XAUUSD-H4-53bb66af1ef2,XAUUSD,H4,LONG,Momentum
XAUUSD_H4_1,1578,SQX-XAUUSD-H4-53c4cd89c9d3,XAUUSD,H4,LONG,Trend
XAUUSD_H4_1,1578,SQX-XAUUSD-H4-53ea186a5e39,XAUUSD,H4,LONG,Momentum+Structure
XAUUSD_H4_1,1578,SQX-XAUUSD-H4-543b30ce25d7,XAUUSD,H4,LONG,Volatility
XAUUSD_H4_1,1578,SQX-XAUUSD-H4-54abea926a55,XAUUSD,H4,LONG,Momentum
XAUUSD_H4_1,1578,SQX-XAUUSD-H4-54d58cd68f15,XAUUSD,H4,LONG,Trend+Structure
XAUUSD_H4_1,1578,SQX-XAUUSD-H4-54e6b46c9059,XAUUSD,H4,LONG,Trend
XAUUSD_H4_1,1578,SQX-XAUUSD-H4-54ed207e4bc0,XAUUSD,H4,LONG,Trend+Structure
XAUUSD_H4_1,1578,SQX-XAUUSD-H4-551d5ede2af6,XAUUSD,H4,LONG,Momentum+Volatility
XAUUSD_H4_1,1578,SQX-XAUUSD-H4-554271152dd1,XAUUSD,H4,LONG,Volatility+Structure
XAUUSD_H4_1,1578,SQX-XAUUSD-H4-55d2ea6390f8,XAUUSD,H4,LONG,Momentum
XAUUSD_H4_1,1578,SQX-XAUUSD-H4-5600566f4e89,XAUUSD,H4,LONG,Momentum
XAUUSD_H4_1,1578,SQX-XAUUSD-H4-563d1a035859,XAUUSD,H4,LONG,Momentum
XAUUSD_H4_1,1578,SQX-XAUUSD-H4-568f5440670e,XAUUSD,H4,LONG,Trend+Momentum+Volatility
XAUUSD_H4_1,1578,SQX-XAUUSD-H4-56c9468eafa6,XAUUSD,H4,LONG,Trend+Volatility
XAUUSD_H4_1,1578,SQX-XAUUSD-H4-56d903881008,XAUUSD,H4,LONG,Trend+Momentum+Volatility+Structure
XAUUSD_H4_1,1578,SQX-XAUUSD-H4-56fa4f9efcaf,XAUUSD,H4,LONG,Trend
XAUUSD_H4_1,1578,SQX-XAUUSD-H4-573d218b4f26,XAUUSD,H4,LONG,Momentum
XAUUSD_H4_1,1578,SQX-XAUUSD-H4-573f6a52213f,XAUUSD,H4,LONG,Momentum+Volatility
XAUUSD_H4_1,1578,SQX-XAUUSD-H4-57e2fd237782,XAUUSD,H4,LONG,Momentum
XAUUSD_H4_1,1578,SQX-XAUUSD-H4-57f8832c086b,XAUUSD,H4,LONG,Momentum+Structure
XAUUSD_H4_1,1578,SQX-XAUUSD-H4-5821d84ebdc0,XAUUSD,H4,LONG,Momentum
XAUUSD_H4_1,1578,SQX-XAUUSD-H4-583b5be1a745,XAUUSD,H4,LONG,Momentum+Volatility
XAUUSD_H4_1,1578,SQX-XAUUSD-H4-58dc8c4e529f,XAUUSD,H4,LONG,Momentum+Volatility
XAUUSD_H4_1,1578,SQX-XAUUSD-H4-592e1be47bac,XAUUSD,H4,LONG,Trend+Momentum
XAUUSD_H4_1,1578,SQX-XAUUSD-H4-5957ff7c90db,XAUUSD,H4,LONG,Trend+Momentum
XAUUSD_H4_1,1578,SQX-XAUUSD-H4-59a25994bd3b,XAUUSD,H4,LONG,Trend+Momentum+Structure
XAUUSD_H4_1,1578,SQX-XAUUSD-H4-59aa84f905df,XAUUSD,H4,LONG,Momentum
XAUUSD_H4_1,1578,SQX-XAUUSD-H4-59ad5112a620,XAUUSD,H4,LONG,Structure
XAUUSD_H4_1,1578,SQX-XAUUSD-H4-59ba7ee04ae9,XAUUSD,H4,LONG,Trend+Momentum
XAUUSD_H4_1,1578,SQX-XAUUSD-H4-59d3adf2286e,XAUUSD,H4,LONG,Trend
XAUUSD_H4_1,1578,SQX-XAUUSD-H4-59e4f54e0bab,XAUUSD,H4,LONG,Trend+Structure
XAUUSD_H4_1,1578,SQX-XAUUSD-H4-59e591a5cdfd,XAUUSD,H4,LONG,Momentum+Volatility+Structure
XAUUSD_H4_1,1578,SQX-XAUUSD-H4-5a1d55ef2008,XAUUSD,H4,LONG,Momentum+Volatility+Structure
XAUUSD_H4_1,1578,SQX-XAUUSD-H4-5a2c23406a33,XAUUSD,H4,LONG,Momentum+Volatility
XAUUSD_H4_1,1578,SQX-XAUUSD-H4-5a414ea5ef4a,XAUUSD,H4,LONG,Momentum+Structure
XAUUSD_H4_1,1578,SQX-XAUUSD-H4-5a4a77fa6aee,XAUUSD,H4,LONG,Volatility
XAUUSD_H4_1,1578,SQX-XAUUSD-H4-5a7d90df7a42,XAUUSD,H4,LONG,Trend+Momentum
XAUUSD_H4_1,1578,SQX-XAUUSD-H4-5a9f9e1a8a58,XAUUSD,H4,LONG,Trend
XAUUSD_H4_1,1578,SQX-XAUUSD-H4-5ae48084e328,XAUUSD,H4,LONG,Structure
XAUUSD_H4_1,1578,SQX-XAUUSD-H4-5aeb6451b7da,XAUUSD,H4,LONG,Trend+Momentum
XAUUSD_H4_1,1578,SQX-XAUUSD-H4-5b1a83588495,XAUUSD,H4,LONG,Trend
XAUUSD_H4_1,1578,SQX-XAUUSD-H4-5b34697df9ea,XAUUSD,H4,LONG,Momentum+Volatility
XAUUSD_H4_1,1578,SQX-XAUUSD-H4-5b4843ac98ba,XAUUSD,H4,LONG,Trend+Momentum+Structure
XAUUSD_H4_1,1578,SQX-XAUUSD-H4-5b6efeb92c38,XAUUSD,H4,LONG,Momentum
XAUUSD_H4_1,1578,SQX-XAUUSD-H4-5b7612e89dac,XAUUSD,H4,LONG,Trend+Momentum
XAUUSD_H4_1,1578,SQX-XAUUSD-H4-5b9da0fdede4,XAUUSD,H4,LONG,Trend+Volatility
XAUUSD_H4_1,1578,SQX-XAUUSD-H4-5bb3d308becf,XAUUSD,H4,LONG,Trend+Momentum+Volatility
XAUUSD_H4_1,1578,SQX-XAUUSD-H4-5bc37574448f,XAUUSD,H4,LONG,Trend+Momentum
XAUUSD_H4_1,1578,SQX-XAUUSD-H4-5c16702fe460,XAUUSD,H4,LONG,Trend
XAUUSD_H4_1,1578,SQX-XAUUSD-H4-5c39753eb3be,XAUUSD,H4,LONG,Structure
XAUUSD_H4_1,1578,SQX-XAUUSD-H4-5c7775634e98,XAUUSD,H4,LONG,Trend+Volatility+Structure
XAUUSD_H4_1,1578,SQX-XAUUSD-H4-5cca93e8dad8,XAUUSD,H4,LONG,Momentum+Structure
XAUUSD_H4_1,1578,SQX-XAUUSD-H4-5ccf5b79cd91,XAUUSD,H4,LONG,Momentum
XAUUSD_H4_1,1578,SQX-XAUUSD-H4-5ceab5daa8b9,XAUUSD,H4,LONG,Trend+Momentum+Structure
XAUUSD_H4_1,1578,SQX-XAUUSD-H4-5d2588987f46,XAUUSD,H4,LONG,Momentum
XAUUSD_H4_1,1578,SQX-XAUUSD-H4-5d33df70e4b4,XAUUSD,H4,LONG,Trend+Structure
XAUUSD_H4_1,1578,SQX-XAUUSD-H4-5d4a52b936d3,XAUUSD,H4,LONG,Trend+Momentum+Structure
XAUUSD_H4_1,1578,SQX-XAUUSD-H4-5d70e0a5c689,XAUUSD,H4,LONG,Trend
XAUUSD_H4_1,1578,SQX-XAUUSD-H4-5d89da09918d,XAUUSD,H4,LONG,Momentum
XAUUSD_H4_1,1578,SQX-XAUUSD-H4-5d903133cc15,XAUUSD,H4,LONG,Trend+Momentum+Volatility
XAUUSD_H4_1,1578,SQX-XAUUSD-H4-5db56d9f414b,XAUUSD,H4,LONG,Trend+Momentum
XAUUSD_H4_1,1578,SQX-XAUUSD-H4-5db7ab229fa0,XAUUSD,H4,LONG,Momentum
XAUUSD_H4_1,1578,SQX-XAUUSD-H4-5e1245ce1685,XAUUSD,H4,LONG,Momentum+Structure
XAUUSD_H4_1,1578,SQX-XAUUSD-H4-5e18b809a36b,XAUUSD,H4,LONG,Trend+Momentum
XAUUSD_H4_1,1578,SQX-XAUUSD-H4-5e1eac55ab4b,XAUUSD,H4,LONG,Trend+Volatility
XAUUSD_H4_1,1578,SQX-XAUUSD-H4-5e6951da4f7c,XAUUSD,H4,LONG,Trend+Momentum+Structure
XAUUSD_H4_1,1578,SQX-XAUUSD-H4-5ea2f4bf2392,XAUUSD,H4,LONG,Momentum
XAUUSD_H4_1,1578,SQX-XAUUSD-H4-5eb453e3d70e,XAUUSD,H4,LONG,Momentum
XAUUSD_H4_1,1578,SQX-XAUUSD-H4-5f05f0126681,XAUUSD,H4,LONG,Trend+Momentum
XAUUSD_H4_1,1578,SQX-XAUUSD-H4-5f7a2ef75e6e,XAUUSD,H4,LONG,Volatility+Structure
XAUUSD_H4_1,1578,SQX-XAUUSD-H4-5f7a608caff4,XAUUSD,H4,LONG,Trend+Momentum
XAUUSD_H4_1,1578,SQX-XAUUSD-H4-5f8bfdb75f0c,XAUUSD,H4,LONG,Volatility
XAUUSD_H4_1,1578,SQX-XAUUSD-H4-5f9235141cb3,XAUUSD,H4,LONG,Trend+Momentum
XAUUSD_H4_1,1578,SQX-XAUUSD-H4-5faed2ed595b,XAUUSD,H4,LONG,Trend+Momentum+Volatility
XAUUSD_H4_1,1578,SQX-XAUUSD-H4-5fcff706398b,XAUUSD,H4,LONG,Trend+Momentum
XAUUSD_H4_1,1578,SQX-XAUUSD-H4-5fd4c81a44bd,XAUUSD,H4,LONG,Trend
XAUUSD_H4_1,1578,SQX-XAUUSD-H4-6003b5a368c0,XAUUSD,H4,LONG,Trend+Structure
XAUUSD_H4_1,1578,SQX-XAUUSD-H4-6058ac9f50b3,XAUUSD,H4,LONG,Momentum+Volatility
XAUUSD_H4_1,1578,SQX-XAUUSD-H4-60733028535c,XAUUSD,H4,LONG,Momentum+Structure
XAUUSD_H4_1,1578,SQX-XAUUSD-H4-6087540eaef6,XAUUSD,H4,LONG,Momentum+Volatility
XAUUSD_H4_1,1578,SQX-XAUUSD-H4-60e2019d432f,XAUUSD,H4,LONG,Trend+Volatility+Structure
XAUUSD_H4_1,1578,SQX-XAUUSD-H4-610533e7226c,XAUUSD,H4,LONG,Trend+Momentum+Volatility
XAUUSD_H4_1,1578,SQX-XAUUSD-H4-6183a6549f50,XAUUSD,H4,LONG,Trend+Momentum
XAUUSD_H4_1,1578,SQX-XAUUSD-H4-618f8ccfec39,XAUUSD,H4,LONG,Momentum
XAUUSD_H4_1,1578,SQX-XAUUSD-H4-6199bdbd6ad6,XAUUSD,H4,LONG,Momentum
XAUUSD_H4_1,1578,SQX-XAUUSD-H4-61b202357fef,XAUUSD,H4,LONG,Trend+Momentum+Structure
XAUUSD_H4_1,1578,SQX-XAUUSD-H4-61bd3f1a4c28,XAUUSD,H4,LONG,Structure
XAUUSD_H4_1,1578,SQX-XAUUSD-H4-61d595820c8a,XAUUSD,H4,LONG,Momentum+Volatility
XAUUSD_H4_1,1578,SQX-XAUUSD-H4-620eb7d27bc2,XAUUSD,H4,LONG,Trend+Momentum
XAUUSD_H4_1,1578,SQX-XAUUSD-H4-62363563e992,XAUUSD,H4,LONG,Volatility+Structure
XAUUSD_H4_1,1578,SQX-XAUUSD-H4-6268aa2c0c5c,XAUUSD,H4,LONG,Trend+Structure
XAUUSD_H4_1,1578,SQX-XAUUSD-H4-62c7c5d4a3ad,XAUUSD,H4,LONG,Trend+Momentum+Volatility
XAUUSD_H4_1,1578,SQX-XAUUSD-H4-62d5cc51d556,XAUUSD,H4,LONG,Volatility+Structure
XAUUSD_H4_1,1578,SQX-XAUUSD-H4-6394e1b42f1d,XAUUSD,H4,LONG,Trend+Structure
XAUUSD_H4_1,1578,SQX-XAUUSD-H4-63cac6e84a78,XAUUSD,H4,LONG,Trend+Volatility
XAUUSD_H4_1,1578,SQX-XAUUSD-H4-63fafa258b43,XAUUSD,H4,LONG,Trend
XAUUSD_H4_1,1578,SQX-XAUUSD-H4-63fec9679ba4,XAUUSD,H4,LONG,Trend+Momentum
XAUUSD_H4_1,1578,SQX-XAUUSD-H4-64238f54114a,XAUUSD,H4,LONG,Trend+Volatility
XAUUSD_H4_1,1578,SQX-XAUUSD-H4-64279b4bfdc0,XAUUSD,H4,LONG,Trend+Momentum
XAUUSD_H4_1,1578,SQX-XAUUSD-H4-642d80373b0d,XAUUSD,H4,LONG,Momentum+Structure
XAUUSD_H4_1,1578,SQX-XAUUSD-H4-645bbd779eb2,XAUUSD,H4,LONG,Trend+Structure
XAUUSD_H4_1,1578,SQX-XAUUSD-H4-646741121101,XAUUSD,H4,LONG,Trend+Volatility+Structure
XAUUSD_H4_1,1578,SQX-XAUUSD-H4-64c56c782d42,XAUUSD,H4,LONG,Trend+Momentum
XAUUSD_H4_1,1578,SQX-XAUUSD-H4-64d06aabef61,XAUUSD,H4,LONG,Volatility+Structure
XAUUSD_H4_1,1578,SQX-XAUUSD-H4-64d7ae265456,XAUUSD,H4,LONG,Trend+Momentum+Volatility+Structure
XAUUSD_H4_1,1578,SQX-XAUUSD-H4-64e3991fa26c,XAUUSD,H4,LONG,Momentum+Volatility
XAUUSD_H4_1,1578,SQX-XAUUSD-H4-650a721851cb,XAUUSD,H4,LONG,Trend+Structure
XAUUSD_H4_1,1578,SQX-XAUUSD-H4-651d7c1c3455,XAUUSD,H4,LONG,Volatility+Structure
XAUUSD_H4_1,1578,SQX-XAUUSD-H4-652336f40504,XAUUSD,H4,LONG,Momentum
XAUUSD_H4_1,1578,SQX-XAUUSD-H4-654230f211c2,XAUUSD,H4,LONG,Momentum+Volatility+Structure
XAUUSD_H4_1,1578,SQX-XAUUSD-H4-655eab429405,XAUUSD,H4,LONG,Trend+Momentum+Structure
XAUUSD_H4_1,1578,SQX-XAUUSD-H4-65610498718b,XAUUSD,H4,LONG,Trend+Volatility+Structure
XAUUSD_H4_1,1578,SQX-XAUUSD-H4-65902baa5a0a,XAUUSD,H4,LONG,Trend
XAUUSD_H4_1,1578,SQX-XAUUSD-H4-6598c6d227c0,XAUUSD,H4,LONG,Volatility+Structure
XAUUSD_H4_1,1578,SQX-XAUUSD-H4-65df9e1d8dce,XAUUSD,H4,LONG,Momentum+Structure
XAUUSD_H4_1,1578,SQX-XAUUSD-H4-66b14b3b719b,XAUUSD,H4,LONG,Momentum+Volatility
XAUUSD_H4_1,1578,SQX-XAUUSD-H4-66d9d41e8b8a,XAUUSD,H4,LONG,Structure
XAUUSD_H4_1,1578,SQX-XAUUSD-H4-66e278634076,XAUUSD,H4,LONG,Momentum
XAUUSD_H4_1,1578,SQX-XAUUSD-H4-66f107824859,XAUUSD,H4,LONG,Trend+Volatility
XAUUSD_H4_1,1578,SQX-XAUUSD-H4-66fcfc2d1dd2,XAUUSD,H4,LONG,Trend+Structure
XAUUSD_H4_1,1578,SQX-XAUUSD-H4-670f2b7c889b,XAUUSD,H4,LONG,Momentum+Volatility+Structure
XAUUSD_H4_1,1578,SQX-XAUUSD-H4-67336c2a2c9d,XAUUSD,H4,LONG,Trend+Structure
XAUUSD_H4_1,1578,SQX-XAUUSD-H4-673bc60fb569,XAUUSD,H4,LONG,Momentum+Structure
XAUUSD_H4_1,1578,SQX-XAUUSD-H4-6751edf01b2e,XAUUSD,H4,LONG,Trend+Volatility+Structure
XAUUSD_H4_1,1578,SQX-XAUUSD-H4-678e0139e114,XAUUSD,H4,LONG,Momentum+Volatility+Structure
XAUUSD_H4_1,1578,SQX-XAUUSD-H4-67d26b042b24,XAUUSD,H4,LONG,Momentum+Volatility
XAUUSD_H4_1,1578,SQX-XAUUSD-H4-67e69947b03e,XAUUSD,H4,LONG,Trend+Volatility
XAUUSD_H4_1,1578,SQX-XAUUSD-H4-67ed72b2de1f,XAUUSD,H4,LONG,Trend
XAUUSD_H4_1,1578,SQX-XAUUSD-H4-686a9674db27,XAUUSD,H4,LONG,Momentum
XAUUSD_H4_1,1578,SQX-XAUUSD-H4-6898b0f6f41c,XAUUSD,H4,LONG,Trend+Momentum+Volatility+Structure
XAUUSD_H4_1,1578,SQX-XAUUSD-H4-68c5b0238d2b,XAUUSD,H4,LONG,Trend+Momentum
XAUUSD_H4_1,1578,SQX-XAUUSD-H4-68f652ec5be0,XAUUSD,H4,LONG,Trend+Momentum
XAUUSD_H4_1,1578,SQX-XAUUSD-H4-692ba54bf8cd,XAUUSD,H4,LONG,Trend+Volatility+Structure
XAUUSD_H4_1,1578,SQX-XAUUSD-H4-6938780fbee1,XAUUSD,H4,LONG,Momentum+Structure
XAUUSD_H4_1,1578,SQX-XAUUSD-H4-696d4644f358,XAUUSD,H4,LONG,Trend
XAUUSD_H4_1,1578,SQX-XAUUSD-H4-69cb36747b18,XAUUSD,H4,LONG,Momentum+Volatility
XAUUSD_H4_1,1578,SQX-XAUUSD-H4-69fd9b27f2a8,XAUUSD,H4,LONG,Trend+Momentum+Volatility
XAUUSD_H4_1,1578,SQX-XAUUSD-H4-6a62e34b3796,XAUUSD,H4,LONG,Trend+Volatility
XAUUSD_H4_1,1578,SQX-XAUUSD-H4-6a6587672a4a,XAUUSD,H4,LONG,Momentum+Structure
XAUUSD_H4_1,1578,SQX-XAUUSD-H4-6ad4fa4e3c6c,XAUUSD,H4,LONG,Trend
XAUUSD_H4_1,1578,SQX-XAUUSD-H4-6af6f1323ccd,XAUUSD,H4,LONG,Trend+Momentum+Volatility
XAUUSD_H4_1,1578,SQX-XAUUSD-H4-6b3c4744db80,XAUUSD,H4,LONG,Trend+Volatility+Structure
XAUUSD_H4_1,1578,SQX-XAUUSD-H4-6b4458ff8cfa,XAUUSD,H4,LONG,Momentum
XAUUSD_H4_1,1578,SQX-XAUUSD-H4-6b4b9291a110,XAUUSD,H4,LONG,Trend+Momentum
XAUUSD_H4_1,1578,SQX-XAUUSD-H4-6b6b58fc4db4,XAUUSD,H4,LONG,Structure
XAUUSD_H4_1,1578,SQX-XAUUSD-H4-6b6ca4752e28,XAUUSD,H4,LONG,Trend+Momentum
XAUUSD_H4_1,1578,SQX-XAUUSD-H4-6b7734c028cf,XAUUSD,H4,LONG,Trend+Volatility
XAUUSD_H4_1,1578,SQX-XAUUSD-H4-6b8d76e66df0,XAUUSD,H4,LONG,Volatility
XAUUSD_H4_1,1578,SQX-XAUUSD-H4-6bb987db4357,XAUUSD,H4,LONG,Momentum
XAUUSD_H4_1,1578,SQX-XAUUSD-H4-6bc1b128ce36,XAUUSD,H4,LONG,Momentum
XAUUSD_H4_1,1578,SQX-XAUUSD-H4-6bf8343c78d2,XAUUSD,H4,LONG,Trend+Structure
XAUUSD_H4_1,1578,SQX-XAUUSD-H4-6c45c65b99ed,XAUUSD,H4,LONG,Trend+Momentum
XAUUSD_H4_1,1578,SQX-XAUUSD-H4-6c45f2161f55,XAUUSD,H4,LONG,Trend+Structure
XAUUSD_H4_1,1578,SQX-XAUUSD-H4-6c6747c47b98,XAUUSD,H4,LONG,Trend+Momentum
XAUUSD_H4_1,1578,SQX-XAUUSD-H4-6d2bee4dbe57,XAUUSD,H4,LONG,Momentum+Volatility+Structure
XAUUSD_H4_1,1578,SQX-XAUUSD-H4-6d3227a71141,XAUUSD,H4,LONG,Momentum
XAUUSD_H4_1,1578,SQX-XAUUSD-H4-6d423b6ed556,XAUUSD,H4,LONG,Volatility+Structure
XAUUSD_H4_1,1578,SQX-XAUUSD-H4-6d5df980caa5,XAUUSD,H4,LONG,Momentum
XAUUSD_H4_1,1578,SQX-XAUUSD-H4-6da78a7d32a6,XAUUSD,H4,LONG,Trend+Volatility
XAUUSD_H4_1,1578,SQX-XAUUSD-H4-6de2ac79ece6,XAUUSD,H4,LONG,Trend+Momentum
XAUUSD_H4_1,1578,SQX-XAUUSD-H4-6e1bafaf38ba,XAUUSD,H4,LONG,Momentum+Structure
XAUUSD_H4_1,1578,SQX-XAUUSD-H4-6f0b378fb054,XAUUSD,H4,LONG,Trend+Volatility
XAUUSD_H4_1,1578,SQX-XAUUSD-H4-6f72c586aeac,XAUUSD,H4,LONG,Momentum+Volatility
XAUUSD_H4_1,1578,SQX-XAUUSD-H4-6fbb60253d54,XAUUSD,H4,LONG,Trend+Momentum
XAUUSD_H4_1,1578,SQX-XAUUSD-H4-6fe4b096185b,XAUUSD,H4,LONG,Volatility
XAUUSD_H4_1,1578,SQX-XAUUSD-H4-6fe6f4884077,XAUUSD,H4,LONG,Trend+Volatility
XAUUSD_H4_1,1578,SQX-XAUUSD-H4-700bf94a9ecc,XAUUSD,H4,LONG,Trend+Momentum+Structure
XAUUSD_H4_1,1578,SQX-XAUUSD-H4-704a6ae39f81,XAUUSD,H4,LONG,Volatility+Structure
XAUUSD_H4_1,1578,SQX-XAUUSD-H4-70681ef316ae,XAUUSD,H4,LONG,Trend+Volatility+Structure
XAUUSD_H4_1,1578,SQX-XAUUSD-H4-7093e5ff15a8,XAUUSD,H4,LONG,Volatility+Structure
XAUUSD_H4_1,1578,SQX-XAUUSD-H4-7125b9d3dbb9,XAUUSD,H4,LONG,Momentum
XAUUSD_H4_1,1578,SQX-XAUUSD-H4-71581e1884cc,XAUUSD,H4,LONG,Trend+Momentum
XAUUSD_H4_1,1578,SQX-XAUUSD-H4-7198ba69dfe7,XAUUSD,H4,LONG,Trend+Momentum
XAUUSD_H4_1,1578,SQX-XAUUSD-H4-71c7c9f75285,XAUUSD,H4,LONG,Momentum
XAUUSD_H4_1,1578,SQX-XAUUSD-H4-71e700a2fb0f,XAUUSD,H4,LONG,Trend+Momentum
XAUUSD_H4_1,1578,SQX-XAUUSD-H4-7249871f490f,XAUUSD,H4,LONG,Trend
XAUUSD_H4_1,1578,SQX-XAUUSD-H4-72aef41e7c4b,XAUUSD,H4,LONG,Momentum
XAUUSD_H4_1,1578,SQX-XAUUSD-H4-72e3dffd14cf,XAUUSD,H4,LONG,Trend
XAUUSD_H4_1,1578,SQX-XAUUSD-H4-72e739274920,XAUUSD,H4,LONG,Trend
XAUUSD_H4_1,1578,SQX-XAUUSD-H4-72e78dce6f77,XAUUSD,H4,LONG,Momentum
XAUUSD_H4_1,1578,SQX-XAUUSD-H4-739576f61098,XAUUSD,H4,LONG,Trend+Volatility
XAUUSD_H4_1,1578,SQX-XAUUSD-H4-73c2289346f7,XAUUSD,H4,LONG,Trend+Structure
XAUUSD_H4_1,1578,SQX-XAUUSD-H4-73c3ff96fb9c,XAUUSD,H4,LONG,Trend+Volatility
XAUUSD_H4_1,1578,SQX-XAUUSD-H4-73c495a80bdd,XAUUSD,H4,LONG,Trend+Momentum+Structure
XAUUSD_H4_1,1578,SQX-XAUUSD-H4-7417ed4daa01,XAUUSD,H4,LONG,Trend+Momentum+Volatility
XAUUSD_H4_1,1578,SQX-XAUUSD-H4-743d0d1a5a85,XAUUSD,H4,LONG,Trend+Volatility
XAUUSD_H4_1,1578,SQX-XAUUSD-H4-7450f0e7e07b,XAUUSD,H4,LONG,Momentum
XAUUSD_H4_1,1578,SQX-XAUUSD-H4-74817001e2b8,XAUUSD,H4,LONG,Trend+Momentum
XAUUSD_H4_1,1578,SQX-XAUUSD-H4-748a5d745d47,XAUUSD,H4,LONG,Trend
XAUUSD_H4_1,1578,SQX-XAUUSD-H4-748bab235880,XAUUSD,H4,LONG,Trend
XAUUSD_H4_1,1578,SQX-XAUUSD-H4-7498846577c9,XAUUSD,H4,LONG,Volatility+Structure
XAUUSD_H4_1,1578,SQX-XAUUSD-H4-751d064ed616,XAUUSD,H4,LONG,Trend+Momentum+Structure
XAUUSD_H4_1,1578,SQX-XAUUSD-H4-7597b60146c8,XAUUSD,H4,LONG,Trend+Momentum
XAUUSD_H4_1,1578,SQX-XAUUSD-H4-75a9e4c6e7c0,XAUUSD,H4,LONG,Trend
XAUUSD_H4_1,1578,SQX-XAUUSD-H4-75f9e63947a9,XAUUSD,H4,LONG,Trend+Momentum+Volatility
XAUUSD_H4_1,1578,SQX-XAUUSD-H4-7610ba1c6d40,XAUUSD,H4,LONG,Momentum+Structure
XAUUSD_H4_1,1578,SQX-XAUUSD-H4-76330e68358b,XAUUSD,H4,LONG,Trend+Momentum+Volatility
XAUUSD_H4_1,1578,SQX-XAUUSD-H4-764c52ce0922,XAUUSD,H4,LONG,Volatility+Structure
XAUUSD_H4_1,1578,SQX-XAUUSD-H4-764cf907a9d6,XAUUSD,H4,LONG,Trend+Volatility
XAUUSD_H4_1,1578,SQX-XAUUSD-H4-7654b3dbf045,XAUUSD,H4,LONG,Momentum
XAUUSD_H4_1,1578,SQX-XAUUSD-H4-769968f342a9,XAUUSD,H4,LONG,Momentum+Volatility+Structure
XAUUSD_H4_1,1578,SQX-XAUUSD-H4-76d73ebe031d,XAUUSD,H4,LONG,Volatility
XAUUSD_H4_1,1578,SQX-XAUUSD-H4-77a6476b3311,XAUUSD,H4,LONG,Trend
XAUUSD_H4_1,1578,SQX-XAUUSD-H4-77ac9a7c06c0,XAUUSD,H4,LONG,Trend+Structure
XAUUSD_H4_1,1578,SQX-XAUUSD-H4-77afbdbb8461,XAUUSD,H4,LONG,Momentum
XAUUSD_H4_1,1578,SQX-XAUUSD-H4-77fcda1f1633,XAUUSD,H4,LONG,Trend
XAUUSD_H4_1,1578,SQX-XAUUSD-H4-781317239448,XAUUSD,H4,LONG,Trend+Momentum
XAUUSD_H4_1,1578,SQX-XAUUSD-H4-7820ee18cfd5,XAUUSD,H4,LONG,Trend+Momentum+Structure
XAUUSD_H4_1,1578,SQX-XAUUSD-H4-78226d5d1520,XAUUSD,H4,LONG,Trend+Structure
XAUUSD_H4_1,1578,SQX-XAUUSD-H4-782ce20421b6,XAUUSD,H4,LONG,Trend
XAUUSD_H4_1,1578,SQX-XAUUSD-H4-7840d4d312c3,XAUUSD,H4,LONG,Trend
XAUUSD_H4_1,1578,SQX-XAUUSD-H4-784dc3dc0785,XAUUSD,H4,LONG,Momentum+Structure
XAUUSD_H4_1,1578,SQX-XAUUSD-H4-785c2115a41b,XAUUSD,H4,LONG,Trend+Momentum+Structure
XAUUSD_H4_1,1578,SQX-XAUUSD-H4-7889dded7ecc,XAUUSD,H4,LONG,Momentum+Structure
XAUUSD_H4_1,1578,SQX-XAUUSD-H4-78b5306cef97,XAUUSD,H4,LONG,Trend
XAUUSD_H4_1,1578,SQX-XAUUSD-H4-78dc2ec62280,XAUUSD,H4,LONG,Momentum
XAUUSD_H4_1,1578,SQX-XAUUSD-H4-790feb07306f,XAUUSD,H4,LONG,Trend+Momentum
XAUUSD_H4_1,1578,SQX-XAUUSD-H4-79297ab42a41,XAUUSD,H4,LONG,Volatility+Structure
XAUUSD_H4_1,1578,SQX-XAUUSD-H4-796bd8f98ee1,XAUUSD,H4,LONG,Trend+Momentum
XAUUSD_H4_1,1578,SQX-XAUUSD-H4-7980ee4fefa4,XAUUSD,H4,LONG,Momentum
XAUUSD_H4_1,1578,SQX-XAUUSD-H4-79b3f0b19454,XAUUSD,H4,LONG,Volatility
XAUUSD_H4_1,1578,SQX-XAUUSD-H4-79bc992932a1,XAUUSD,H4,LONG,Momentum+Volatility+Structure
XAUUSD_H4_1,1578,SQX-XAUUSD-H4-79be7074412c,XAUUSD,H4,LONG,Trend
XAUUSD_H4_1,1578,SQX-XAUUSD-H4-7a0df250a8f8,XAUUSD,H4,LONG,Momentum+Volatility
XAUUSD_H4_1,1578,SQX-XAUUSD-H4-7a15529a5728,XAUUSD,H4,LONG,Structure
XAUUSD_H4_1,1578,SQX-XAUUSD-H4-7a37a111fd19,XAUUSD,H4,LONG,Trend+Momentum
XAUUSD_H4_1,1578,SQX-XAUUSD-H4-7a417136138e,XAUUSD,H4,LONG,Momentum
XAUUSD_H4_1,1578,SQX-XAUUSD-H4-7a53f0bef32a,XAUUSD,H4,LONG,Trend
XAUUSD_H4_1,1578,SQX-XAUUSD-H4-7a6c16084890,XAUUSD,H4,LONG,Trend+Momentum+Volatility
XAUUSD_H4_1,1578,SQX-XAUUSD-H4-7ac5e9971de0,XAUUSD,H4,LONG,Trend
XAUUSD_H4_1,1578,SQX-XAUUSD-H4-7ad17d04ea55,XAUUSD,H4,LONG,Trend+Volatility+Structure
XAUUSD_H4_1,1578,SQX-XAUUSD-H4-7af6f2ad2b08,XAUUSD,H4,LONG,Trend+Structure
XAUUSD_H4_1,1578,SQX-XAUUSD-H4-7b1b4191919c,XAUUSD,H4,LONG,Trend
XAUUSD_H4_1,1578,SQX-XAUUSD-H4-7b65d329805f,XAUUSD,H4,LONG,Trend
XAUUSD_H4_1,1578,SQX-XAUUSD-H4-7b6c1635ec3a,XAUUSD,H4,LONG,Momentum+Structure
XAUUSD_H4_1,1578,SQX-XAUUSD-H4-7b7f286e68db,XAUUSD,H4,LONG,Momentum
XAUUSD_H4_1,1578,SQX-XAUUSD-H4-7ba7ca9b570e,XAUUSD,H4,LONG,Momentum
XAUUSD_H4_1,1578,SQX-XAUUSD-H4-7bd07a60a90e,XAUUSD,H4,LONG,Structure
XAUUSD_H4_1,1578,SQX-XAUUSD-H4-7c04cacdf942,XAUUSD,H4,LONG,Momentum
XAUUSD_H4_1,1578,SQX-XAUUSD-H4-7c358152e869,XAUUSD,H4,LONG,Momentum
XAUUSD_H4_1,1578,SQX-XAUUSD-H4-7c3c92b21a40,XAUUSD,H4,LONG,Momentum+Volatility
XAUUSD_H4_1,1578,SQX-XAUUSD-H4-7ca8ab9f9b68,XAUUSD,H4,LONG,Momentum+Structure
XAUUSD_H4_1,1578,SQX-XAUUSD-H4-7cad38892a22,XAUUSD,H4,LONG,Trend+Momentum+Volatility+Structure
XAUUSD_H4_1,1578,SQX-XAUUSD-H4-7cb5065d9cd7,XAUUSD,H4,LONG,Momentum+Volatility
XAUUSD_H4_1,1578,SQX-XAUUSD-H4-7cfedac3a626,XAUUSD,H4,LONG,Trend+Momentum+Volatility
XAUUSD_H4_1,1578,SQX-XAUUSD-H4-7d1a5cb39314,XAUUSD,H4,LONG,Trend+Momentum+Volatility
XAUUSD_H4_1,1578,SQX-XAUUSD-H4-7d3b3fb26731,XAUUSD,H4,LONG,Momentum
XAUUSD_H4_1,1578,SQX-XAUUSD-H4-7d4a2d7e99e9,XAUUSD,H4,LONG,Trend+Volatility
XAUUSD_H4_1,1578,SQX-XAUUSD-H4-7d61f0e2061a,XAUUSD,H4,LONG,Momentum+Structure
XAUUSD_H4_1,1578,SQX-XAUUSD-H4-7d8f490741e9,XAUUSD,H4,LONG,Trend+Structure
XAUUSD_H4_1,1578,SQX-XAUUSD-H4-7d9142942b4c,XAUUSD,H4,LONG,Momentum
XAUUSD_H4_1,1578,SQX-XAUUSD-H4-7e17319d5fb5,XAUUSD,H4,LONG,Trend+Volatility
XAUUSD_H4_1,1578,SQX-XAUUSD-H4-7e188e96ec81,XAUUSD,H4,LONG,Trend+Momentum
XAUUSD_H4_1,1578,SQX-XAUUSD-H4-7e28634c170e,XAUUSD,H4,LONG,Momentum
XAUUSD_H4_1,1578,SQX-XAUUSD-H4-7e51df87b73e,XAUUSD,H4,LONG,Trend+Volatility
XAUUSD_H4_1,1578,SQX-XAUUSD-H4-7e5706687807,XAUUSD,H4,LONG,Volatility
XAUUSD_H4_1,1578,SQX-XAUUSD-H4-7e7eb0cdb968,XAUUSD,H4,LONG,Trend
XAUUSD_H4_1,1578,SQX-XAUUSD-H4-7f176edf8976,XAUUSD,H4,LONG,Trend
XAUUSD_H4_1,1578,SQX-XAUUSD-H4-7f9c1285fcf9,XAUUSD,H4,LONG,Trend+Momentum
XAUUSD_H4_1,1578,SQX-XAUUSD-H4-7fba9ae3df4b,XAUUSD,H4,LONG,Trend
XAUUSD_H4_1,1578,SQX-XAUUSD-H4-7fd9cce346f4,XAUUSD,H4,LONG,Trend+Momentum
XAUUSD_H4_1,1578,SQX-XAUUSD-H4-804eb0256f2c,XAUUSD,H4,LONG,Trend+Structure
XAUUSD_H4_1,1578,SQX-XAUUSD-H4-805b0e659dd7,XAUUSD,H4,LONG,Volatility+Structure
XAUUSD_H4_1,1578,SQX-XAUUSD-H4-809c8b8bcd72,XAUUSD,H4,LONG,Trend+Volatility
XAUUSD_H4_1,1578,SQX-XAUUSD-H4-80e2b26d29aa,XAUUSD,H4,LONG,Trend
XAUUSD_H4_1,1578,SQX-XAUUSD-H4-80e2f5154c3f,XAUUSD,H4,LONG,Volatility+Structure
XAUUSD_H4_1,1578,SQX-XAUUSD-H4-80f73be2863a,XAUUSD,H4,LONG,Trend+Volatility+Structure
XAUUSD_H4_1,1578,SQX-XAUUSD-H4-812c4c5a5d1d,XAUUSD,H4,LONG,Momentum+Volatility
XAUUSD_H4_1,1578,SQX-XAUUSD-H4-813268bc6ddc,XAUUSD,H4,LONG,Trend+Momentum+Structure
XAUUSD_H4_1,1578,SQX-XAUUSD-H4-81374a649deb,XAUUSD,H4,LONG,Trend+Structure
XAUUSD_H4_1,1578,SQX-XAUUSD-H4-818a179e90c3,XAUUSD,H4,LONG,Trend+Structure
XAUUSD_H4_1,1578,SQX-XAUUSD-H4-81adac77992d,XAUUSD,H4,LONG,Volatility+Structure
XAUUSD_H4_1,1578,SQX-XAUUSD-H4-81fc3b0e088f,XAUUSD,H4,LONG,Trend+Momentum+Volatility
XAUUSD_H4_1,1578,SQX-XAUUSD-H4-82118b32bd0c,XAUUSD,H4,LONG,Trend+Structure
XAUUSD_H4_1,1578,SQX-XAUUSD-H4-821624d03442,XAUUSD,H4,LONG,Momentum+Structure
XAUUSD_H4_1,1578,SQX-XAUUSD-H4-82169ea85f0b,XAUUSD,H4,LONG,Trend+Momentum+Structure
XAUUSD_H4_1,1578,SQX-XAUUSD-H4-825c6076b36d,XAUUSD,H4,LONG,Trend+Momentum
XAUUSD_H4_1,1578,SQX-XAUUSD-H4-825ea187112e,XAUUSD,H4,LONG,Momentum
XAUUSD_H4_1,1578,SQX-XAUUSD-H4-82b0a298034a,XAUUSD,H4,LONG,Trend
XAUUSD_H4_1,1578,SQX-XAUUSD-H4-82c01a67d54e,XAUUSD,H4,LONG,Momentum+Volatility+Structure
XAUUSD_H4_1,1578,SQX-XAUUSD-H4-82ca128f2a81,XAUUSD,H4,LONG,Momentum
XAUUSD_H4_1,1578,SQX-XAUUSD-H4-82dedabacfe7,XAUUSD,H4,LONG,Momentum+Structure
XAUUSD_H4_1,1578,SQX-XAUUSD-H4-832e6afc14a3,XAUUSD,H4,LONG,Trend
XAUUSD_H4_1,1578,SQX-XAUUSD-H4-8348f45618bd,XAUUSD,H4,LONG,Momentum
XAUUSD_H4_1,1578,SQX-XAUUSD-H4-835c125392e0,XAUUSD,H4,LONG,Trend+Structure
XAUUSD_H4_1,1578,SQX-XAUUSD-H4-83b2c98aa7bf,XAUUSD,H4,LONG,Trend+Structure
XAUUSD_H4_1,1578,SQX-XAUUSD-H4-83ded911df07,XAUUSD,H4,LONG,Momentum
XAUUSD_H4_1,1578,SQX-XAUUSD-H4-83e5e606f059,XAUUSD,H4,LONG,Trend
XAUUSD_H4_1,1578,SQX-XAUUSD-H4-83ea19aa5038,XAUUSD,H4,LONG,Trend+Volatility
XAUUSD_H4_1,1578,SQX-XAUUSD-H4-83f6d9cef36b,XAUUSD,H4,LONG,Trend+Momentum
XAUUSD_H4_1,1578,SQX-XAUUSD-H4-841c7428264e,XAUUSD,H4,LONG,Trend+Momentum
XAUUSD_H4_1,1578,SQX-XAUUSD-H4-842a43a3bf78,XAUUSD,H4,LONG,Momentum+Volatility+Structure
XAUUSD_H4_1,1578,SQX-XAUUSD-H4-84340ab66127,XAUUSD,H4,LONG,Trend+Momentum
XAUUSD_H4_1,1578,SQX-XAUUSD-H4-84390df14c17,XAUUSD,H4,LONG,Volatility+Structure
XAUUSD_H4_1,1578,SQX-XAUUSD-H4-848d75732f2b,XAUUSD,H4,LONG,Momentum+Structure
XAUUSD_H4_1,1578,SQX-XAUUSD-H4-84be1191d8a3,XAUUSD,H4,LONG,Volatility+Structure
XAUUSD_H4_1,1578,SQX-XAUUSD-H4-853b2bc41b42,XAUUSD,H4,LONG,Momentum+Volatility
XAUUSD_H4_1,1578,SQX-XAUUSD-H4-854de9f3ba69,XAUUSD,H4,LONG,Volatility+Structure
XAUUSD_H4_1,1578,SQX-XAUUSD-H4-856090198046,XAUUSD,H4,LONG,Volatility
XAUUSD_H4_1,1578,SQX-XAUUSD-H4-857adc8185a6,XAUUSD,H4,LONG,Volatility
XAUUSD_H4_1,1578,SQX-XAUUSD-H4-85afd5cccda3,XAUUSD,H4,LONG,Momentum
XAUUSD_H4_1,1578,SQX-XAUUSD-H4-85ce5d14af7d,XAUUSD,H4,LONG,Volatility+Structure
XAUUSD_H4_1,1578,SQX-XAUUSD-H4-85eec93e0d27,XAUUSD,H4,LONG,Trend+Structure
XAUUSD_H4_1,1578,SQX-XAUUSD-H4-85f43450f876,XAUUSD,H4,LONG,Structure
XAUUSD_H4_1,1578,SQX-XAUUSD-H4-85f8bbc05cd7,XAUUSD,H4,LONG,Trend+Momentum
XAUUSD_H4_1,1578,SQX-XAUUSD-H4-8643c65ee5e6,XAUUSD,H4,LONG,Volatility+Structure
XAUUSD_H4_1,1578,SQX-XAUUSD-H4-86d559802d6b,XAUUSD,H4,LONG,Momentum+Volatility
XAUUSD_H4_1,1578,SQX-XAUUSD-H4-86ebda9db1bf,XAUUSD,H4,LONG,Momentum+Volatility+Structure
XAUUSD_H4_1,1578,SQX-XAUUSD-H4-86f87d2a128c,XAUUSD,H4,LONG,Trend+Structure
XAUUSD_H4_1,1578,SQX-XAUUSD-H4-870c182aa80c,XAUUSD,H4,LONG,Momentum+Structure
XAUUSD_H4_1,1578,SQX-XAUUSD-H4-874be9fd0a0f,XAUUSD,H4,LONG,Trend+Momentum
XAUUSD_H4_1,1578,SQX-XAUUSD-H4-87994a2bb754,XAUUSD,H4,LONG,Trend+Momentum
XAUUSD_H4_1,1578,SQX-XAUUSD-H4-87a91d9fe867,XAUUSD,H4,LONG,Volatility+Structure
XAUUSD_H4_1,1578,SQX-XAUUSD-H4-87fba1cb479b,XAUUSD,H4,LONG,Trend
XAUUSD_H4_1,1578,SQX-XAUUSD-H4-888a2acb091d,XAUUSD,H4,LONG,Momentum+Structure
XAUUSD_H4_1,1578,SQX-XAUUSD-H4-88a342be1830,XAUUSD,H4,LONG,Volatility
XAUUSD_H4_1,1578,SQX-XAUUSD-H4-88a3cde6bd62,XAUUSD,H4,LONG,Volatility
XAUUSD_H4_1,1578,SQX-XAUUSD-H4-88cc1d1a9b6a,XAUUSD,H4,LONG,Momentum+Volatility+Structure
XAUUSD_H4_1,1578,SQX-XAUUSD-H4-88f5b6ac073b,XAUUSD,H4,LONG,Trend+Momentum+Volatility
XAUUSD_H4_1,1578,SQX-XAUUSD-H4-88f7d8d306a2,XAUUSD,H4,LONG,Momentum+Structure
XAUUSD_H4_1,1578,SQX-XAUUSD-H4-8903d8c3dff4,XAUUSD,H4,LONG,Trend+Momentum
XAUUSD_H4_1,1578,SQX-XAUUSD-H4-890c94ad7f7c,XAUUSD,H4,LONG,Trend+Momentum+Volatility+Structure
XAUUSD_H4_1,1578,SQX-XAUUSD-H4-8935386830f9,XAUUSD,H4,LONG,Trend
XAUUSD_H4_1,1578,SQX-XAUUSD-H4-89444a990800,XAUUSD,H4,LONG,Momentum+Volatility+Structure
XAUUSD_H4_1,1578,SQX-XAUUSD-H4-895504a39ea9,XAUUSD,H4,LONG,Trend+Volatility
XAUUSD_H4_1,1578,SQX-XAUUSD-H4-899e683332b1,XAUUSD,H4,LONG,Momentum
XAUUSD_H4_1,1578,SQX-XAUUSD-H4-89aed4ea0623,XAUUSD,H4,LONG,Momentum+Structure
XAUUSD_H4_1,1578,SQX-XAUUSD-H4-89caae655078,XAUUSD,H4,LONG,Momentum
XAUUSD_H4_1,1578,SQX-XAUUSD-H4-8a3d35342acb,XAUUSD,H4,LONG,Trend+Momentum
XAUUSD_H4_1,1578,SQX-XAUUSD-H4-8a499c3ac7ba,XAUUSD,H4,LONG,Momentum+Volatility+Structure
XAUUSD_H4_1,1578,SQX-XAUUSD-H4-8a4a1809c64e,XAUUSD,H4,LONG,Trend+Volatility
XAUUSD_H4_1,1578,SQX-XAUUSD-H4-8a7cc0ee250b,XAUUSD,H4,LONG,Trend+Momentum+Volatility
XAUUSD_H4_1,1578,SQX-XAUUSD-H4-8a815b4832fc,XAUUSD,H4,LONG,Trend+Volatility
XAUUSD_H4_1,1578,SQX-XAUUSD-H4-8a97cec1827e,XAUUSD,H4,LONG,Momentum+Structure
XAUUSD_H4_1,1578,SQX-XAUUSD-H4-8ad2ccea3ece,XAUUSD,H4,LONG,Trend+Momentum
XAUUSD_H4_1,1578,SQX-XAUUSD-H4-8b2974f67304,XAUUSD,H4,LONG,Trend
XAUUSD_H4_1,1578,SQX-XAUUSD-H4-8b43db727d87,XAUUSD,H4,LONG,Momentum
XAUUSD_H4_1,1578,SQX-XAUUSD-H4-8b47aff2959b,XAUUSD,H4,LONG,Trend
XAUUSD_H4_1,1578,SQX-XAUUSD-H4-8b6125c96f33,XAUUSD,H4,LONG,Structure
XAUUSD_H4_1,1578,SQX-XAUUSD-H4-8b641b08c32a,XAUUSD,H4,LONG,Trend+Momentum
XAUUSD_H4_1,1578,SQX-XAUUSD-H4-8b9f93116932,XAUUSD,H4,LONG,Trend+Volatility
XAUUSD_H4_1,1578,SQX-XAUUSD-H4-8baeec043347,XAUUSD,H4,LONG,Trend+Volatility+Structure
XAUUSD_H4_1,1578,SQX-XAUUSD-H4-8bafe35c9004,XAUUSD,H4,LONG,Trend+Momentum
XAUUSD_H4_1,1578,SQX-XAUUSD-H4-8bfe344bebe6,XAUUSD,H4,LONG,Momentum+Structure
XAUUSD_H4_1,1578,SQX-XAUUSD-H4-8c33e0a70daf,XAUUSD,H4,LONG,Volatility
XAUUSD_H4_1,1578,SQX-XAUUSD-H4-8c3f86163e07,XAUUSD,H4,LONG,Trend+Structure
XAUUSD_H4_1,1578,SQX-XAUUSD-H4-8c51960fb6fc,XAUUSD,H4,LONG,Trend+Volatility
XAUUSD_H4_1,1578,SQX-XAUUSD-H4-8ca3b530c895,XAUUSD,H4,LONG,Momentum
XAUUSD_H4_1,1578,SQX-XAUUSD-H4-8cb668e341e5,XAUUSD,H4,LONG,Momentum
XAUUSD_H4_1,1578,SQX-XAUUSD-H4-8cbb0570ce33,XAUUSD,H4,LONG,Trend+Structure
XAUUSD_H4_1,1578,SQX-XAUUSD-H4-8cfa86fb55e8,XAUUSD,H4,LONG,Trend+Momentum+Volatility
XAUUSD_H4_1,1578,SQX-XAUUSD-H4-8cfc9d3b5ef2,XAUUSD,H4,LONG,Trend+Momentum
XAUUSD_H4_1,1578,SQX-XAUUSD-H4-8d19b5bdaaf2,XAUUSD,H4,LONG,Momentum+Structure
XAUUSD_H4_1,1578,SQX-XAUUSD-H4-8d6d0d591cc1,XAUUSD,H4,LONG,Trend+Structure
XAUUSD_H4_1,1578,SQX-XAUUSD-H4-8dee05140212,XAUUSD,H4,LONG,Momentum
XAUUSD_H4_1,1578,SQX-XAUUSD-H4-8e480e41aabb,XAUUSD,H4,LONG,Trend
XAUUSD_H4_1,1578,SQX-XAUUSD-H4-8e66337681b4,XAUUSD,H4,LONG,Trend+Momentum
XAUUSD_H4_1,1578,SQX-XAUUSD-H4-8ec69f77e678,XAUUSD,H4,LONG,Trend
XAUUSD_H4_1,1578,SQX-XAUUSD-H4-8ed408b9d43a,XAUUSD,H4,LONG,Volatility+Structure
XAUUSD_H4_1,1578,SQX-XAUUSD-H4-8ed41992c48a,XAUUSD,H4,LONG,Momentum
XAUUSD_H4_1,1578,SQX-XAUUSD-H4-8ee07079ff5b,XAUUSD,H4,LONG,Momentum+Structure
XAUUSD_H4_1,1578,SQX-XAUUSD-H4-8f1449805316,XAUUSD,H4,LONG,Momentum
XAUUSD_H4_1,1578,SQX-XAUUSD-H4-8f41eda0dcb4,XAUUSD,H4,LONG,Momentum+Volatility
XAUUSD_H4_1,1578,SQX-XAUUSD-H4-8ff2b034d4e1,XAUUSD,H4,LONG,Momentum+Volatility
XAUUSD_H4_1,1578,SQX-XAUUSD-H4-8fff2e4571b0,XAUUSD,H4,LONG,Trend+Structure
XAUUSD_H4_1,1578,SQX-XAUUSD-H4-90037c2b27bc,XAUUSD,H4,LONG,Momentum+Volatility
XAUUSD_H4_1,1578,SQX-XAUUSD-H4-903b34d4a612,XAUUSD,H4,LONG,Trend+Momentum
XAUUSD_H4_1,1578,SQX-XAUUSD-H4-90538a1c2ef7,XAUUSD,H4,LONG,Trend+Momentum
XAUUSD_H4_1,1578,SQX-XAUUSD-H4-9080f51b1385,XAUUSD,H4,LONG,Trend+Momentum
XAUUSD_H4_1,1578,SQX-XAUUSD-H4-909c2a142baa,XAUUSD,H4,LONG,Momentum+Volatility
XAUUSD_H4_1,1578,SQX-XAUUSD-H4-90c7fb28a2e4,XAUUSD,H4,LONG,Trend+Momentum+Volatility+Structure
XAUUSD_H4_1,1578,SQX-XAUUSD-H4-91352ab9dfce,XAUUSD,H4,LONG,Trend+Momentum
XAUUSD_H4_1,1578,SQX-XAUUSD-H4-9176aa244939,XAUUSD,H4,LONG,Trend+Momentum
XAUUSD_H4_1,1578,SQX-XAUUSD-H4-918a4c88a363,XAUUSD,H4,LONG,Trend
XAUUSD_H4_1,1578,SQX-XAUUSD-H4-91aa97550322,XAUUSD,H4,LONG,Momentum+Volatility
XAUUSD_H4_1,1578,SQX-XAUUSD-H4-91c1cb2cee70,XAUUSD,H4,LONG,Trend+Momentum
XAUUSD_H4_1,1578,SQX-XAUUSD-H4-92152d1dfd10,XAUUSD,H4,LONG,Trend+Momentum+Structure
XAUUSD_H4_1,1578,SQX-XAUUSD-H4-923ca6a59d0d,XAUUSD,H4,LONG,Volatility+Structure
XAUUSD_H4_1,1578,SQX-XAUUSD-H4-925d501e1d40,XAUUSD,H4,LONG,Momentum+Structure
XAUUSD_H4_1,1578,SQX-XAUUSD-H4-930bd11d74d8,XAUUSD,H4,LONG,Momentum
XAUUSD_H4_1,1578,SQX-XAUUSD-H4-9335952d7c68,XAUUSD,H4,LONG,Trend+Momentum
XAUUSD_H4_1,1578,SQX-XAUUSD-H4-938367d02160,XAUUSD,H4,LONG,Trend
XAUUSD_H4_1,1578,SQX-XAUUSD-H4-9418bbc12843,XAUUSD,H4,LONG,Momentum+Volatility+Structure
XAUUSD_H4_1,1578,SQX-XAUUSD-H4-94346ba9d546,XAUUSD,H4,LONG,Momentum
XAUUSD_H4_1,1578,SQX-XAUUSD-H4-9448b557a83c,XAUUSD,H4,LONG,Momentum+Structure
XAUUSD_H4_1,1578,SQX-XAUUSD-H4-953176430889,XAUUSD,H4,LONG,Trend+Volatility
XAUUSD_H4_1,1578,SQX-XAUUSD-H4-9569263bcc22,XAUUSD,H4,LONG,Trend
XAUUSD_H4_1,1578,SQX-XAUUSD-H4-957df6fc3c31,XAUUSD,H4,LONG,Momentum
XAUUSD_H4_1,1578,SQX-XAUUSD-H4-95f8d645ed1b,XAUUSD,H4,LONG,Trend
XAUUSD_H4_1,1578,SQX-XAUUSD-H4-95facf6607a4,XAUUSD,H4,LONG,Trend+Momentum+Structure
XAUUSD_H4_1,1578,SQX-XAUUSD-H4-9631097c0fd5,XAUUSD,H4,LONG,Trend+Momentum
XAUUSD_H4_1,1578,SQX-XAUUSD-H4-9655fe1303d7,XAUUSD,H4,LONG,Momentum+Structure
XAUUSD_H4_1,1578,SQX-XAUUSD-H4-965b91e2db04,XAUUSD,H4,LONG,Momentum
XAUUSD_H4_1,1578,SQX-XAUUSD-H4-966b258d9de5,XAUUSD,H4,LONG,Trend+Volatility
XAUUSD_H4_1,1578,SQX-XAUUSD-H4-969c2b6b7d38,XAUUSD,H4,LONG,Volatility
XAUUSD_H4_1,1578,SQX-XAUUSD-H4-96cb9843c41e,XAUUSD,H4,LONG,Trend+Momentum+Volatility
XAUUSD_H4_1,1578,SQX-XAUUSD-H4-972d4e158fee,XAUUSD,H4,LONG,Momentum
XAUUSD_H4_1,1578,SQX-XAUUSD-H4-978cd139d4ba,XAUUSD,H4,LONG,Momentum
XAUUSD_H4_1,1578,SQX-XAUUSD-H4-97f8ad4f2ec5,XAUUSD,H4,LONG,Momentum+Volatility
XAUUSD_H4_1,1578,SQX-XAUUSD-H4-981f6de56d94,XAUUSD,H4,LONG,Trend+Structure
XAUUSD_H4_1,1578,SQX-XAUUSD-H4-985347257228,XAUUSD,H4,LONG,Trend+Momentum
XAUUSD_H4_1,1578,SQX-XAUUSD-H4-9869abfa07b8,XAUUSD,H4,LONG,Trend+Volatility
XAUUSD_H4_1,1578,SQX-XAUUSD-H4-98a77f9c115a,XAUUSD,H4,LONG,Volatility
XAUUSD_H4_1,1578,SQX-XAUUSD-H4-98d07ff7581a,XAUUSD,H4,LONG,Momentum+Volatility
XAUUSD_H4_1,1578,SQX-XAUUSD-H4-98d0d387328b,XAUUSD,H4,LONG,Trend+Momentum+Volatility
XAUUSD_H4_1,1578,SQX-XAUUSD-H4-991f48aaa653,XAUUSD,H4,LONG,Trend+Momentum+Structure
XAUUSD_H4_1,1578,SQX-XAUUSD-H4-993ef8c6193a,XAUUSD,H4,LONG,Momentum
XAUUSD_H4_1,1578,SQX-XAUUSD-H4-9944e46ec39b,XAUUSD,H4,LONG,Trend+Volatility+Structure
XAUUSD_H4_1,1578,SQX-XAUUSD-H4-99600dbff4f4,XAUUSD,H4,LONG,Momentum
XAUUSD_H4_1,1578,SQX-XAUUSD-H4-9963c7c0b7d1,XAUUSD,H4,LONG,Trend
XAUUSD_H4_1,1578,SQX-XAUUSD-H4-99831d7ad72e,XAUUSD,H4,LONG,Trend+Momentum+Volatility+Structure
XAUUSD_H4_1,1578,SQX-XAUUSD-H4-99b5751ac1e4,XAUUSD,H4,LONG,Volatility+Structure
XAUUSD_H4_1,1578,SQX-XAUUSD-H4-99c2e741a59d,XAUUSD,H4,LONG,Momentum
XAUUSD_H4_1,1578,SQX-XAUUSD-H4-99f9deb8925e,XAUUSD,H4,LONG,Trend
XAUUSD_H4_1,1578,SQX-XAUUSD-H4-9a06b999dd4e,XAUUSD,H4,LONG,Trend+Momentum+Volatility
XAUUSD_H4_1,1578,SQX-XAUUSD-H4-9a6fca802c7e,XAUUSD,H4,LONG,Volatility+Structure
XAUUSD_H4_1,1578,SQX-XAUUSD-H4-9aa374022660,XAUUSD,H4,LONG,Momentum
XAUUSD_H4_1,1578,SQX-XAUUSD-H4-9aa384fd9ebf,XAUUSD,H4,LONG,Trend+Momentum
XAUUSD_H4_1,1578,SQX-XAUUSD-H4-9afbf6afceba,XAUUSD,H4,LONG,Volatility+Structure
XAUUSD_H4_1,1578,SQX-XAUUSD-H4-9b544079dd8f,XAUUSD,H4,LONG,Momentum
XAUUSD_H4_1,1578,SQX-XAUUSD-H4-9b745998e52a,XAUUSD,H4,LONG,Trend+Volatility+Structure
XAUUSD_H4_1,1578,SQX-XAUUSD-H4-9bca082e074e,XAUUSD,H4,LONG,Structure
XAUUSD_H4_1,1578,SQX-XAUUSD-H4-9bf981473112,XAUUSD,H4,LONG,Momentum+Volatility
XAUUSD_H4_1,1578,SQX-XAUUSD-H4-9bfda37d8b28,XAUUSD,H4,LONG,Momentum+Structure
XAUUSD_H4_1,1578,SQX-XAUUSD-H4-9c0c3d3758e2,XAUUSD,H4,LONG,Trend+Momentum
XAUUSD_H4_1,1578,SQX-XAUUSD-H4-9c345885dd39,XAUUSD,H4,LONG,Trend+Volatility
XAUUSD_H4_1,1578,SQX-XAUUSD-H4-9c6ce6581ca3,XAUUSD,H4,LONG,Momentum+Structure
XAUUSD_H4_1,1578,SQX-XAUUSD-H4-9c8ca487cd1d,XAUUSD,H4,LONG,Trend
XAUUSD_H4_1,1578,SQX-XAUUSD-H4-9ca67f0f2393,XAUUSD,H4,LONG,Volatility+Structure
XAUUSD_H4_1,1578,SQX-XAUUSD-H4-9cbec9617102,XAUUSD,H4,LONG,Trend+Momentum
XAUUSD_H4_1,1578,SQX-XAUUSD-H4-9cebb0553fdf,XAUUSD,H4,LONG,Trend+Momentum
XAUUSD_H4_1,1578,SQX-XAUUSD-H4-9cfae56ff7c5,XAUUSD,H4,LONG,Trend+Momentum+Volatility
XAUUSD_H4_1,1578,SQX-XAUUSD-H4-9d68f1bc1db6,XAUUSD,H4,LONG,Momentum+Structure
XAUUSD_H4_1,1578,SQX-XAUUSD-H4-9d7db27f4701,XAUUSD,H4,LONG,Trend+Structure
XAUUSD_H4_1,1578,SQX-XAUUSD-H4-9d876ef56445,XAUUSD,H4,LONG,Momentum
XAUUSD_H4_1,1578,SQX-XAUUSD-H4-9d9d6e04a4a8,XAUUSD,H4,LONG,Trend+Momentum+Volatility
XAUUSD_H4_1,1578,SQX-XAUUSD-H4-9dc533e6206b,XAUUSD,H4,LONG,Trend+Momentum
XAUUSD_H4_1,1578,SQX-XAUUSD-H4-9dfcbe9e9945,XAUUSD,H4,LONG,Trend+Momentum+Volatility+Structure
XAUUSD_H4_1,1578,SQX-XAUUSD-H4-9e0002b56bd5,XAUUSD,H4,LONG,Trend+Momentum
XAUUSD_H4_1,1578,SQX-XAUUSD-H4-9e0f59b5f20c,XAUUSD,H4,LONG,Momentum+Volatility
XAUUSD_H4_1,1578,SQX-XAUUSD-H4-9e4b584978ba,XAUUSD,H4,LONG,Momentum+Structure
XAUUSD_H4_1,1578,SQX-XAUUSD-H4-9e770e80701c,XAUUSD,H4,LONG,Trend+Volatility
XAUUSD_H4_1,1578,SQX-XAUUSD-H4-9ea0275744ce,XAUUSD,H4,LONG,Trend+Volatility
XAUUSD_H4_1,1578,SQX-XAUUSD-H4-9ec63b44607d,XAUUSD,H4,LONG,Momentum+Volatility
XAUUSD_H4_1,1578,SQX-XAUUSD-H4-9ec640e97ffa,XAUUSD,H4,LONG,Momentum
XAUUSD_H4_1,1578,SQX-XAUUSD-H4-9edc2a0c34c0,XAUUSD,H4,LONG,Trend+Volatility
XAUUSD_H4_1,1578,SQX-XAUUSD-H4-9ef130108f96,XAUUSD,H4,LONG,Trend+Momentum+Volatility
XAUUSD_H4_1,1578,SQX-XAUUSD-H4-9f10a66b8389,XAUUSD,H4,LONG,Momentum+Volatility
XAUUSD_H4_1,1578,SQX-XAUUSD-H4-9f19261dbbb5,XAUUSD,H4,LONG,Momentum+Volatility
XAUUSD_H4_1,1578,SQX-XAUUSD-H4-9f4c4f3c2532,XAUUSD,H4,LONG,Trend+Momentum
XAUUSD_H4_1,1578,SQX-XAUUSD-H4-9f5200c4c20d,XAUUSD,H4,LONG,Trend+Momentum
XAUUSD_H4_1,1578,SQX-XAUUSD-H4-9f80c8807fb9,XAUUSD,H4,LONG,Momentum
XAUUSD_H4_1,1578,SQX-XAUUSD-H4-9f9de6c0be97,XAUUSD,H4,LONG,Momentum+Volatility+Structure
XAUUSD_H4_1,1578,SQX-XAUUSD-H4-9fe12fb9796d,XAUUSD,H4,LONG,Momentum
XAUUSD_H4_1,1578,SQX-XAUUSD-H4-9ff112ac6125,XAUUSD,H4,LONG,Trend+Structure
XAUUSD_H4_1,1578,SQX-XAUUSD-H4-a0014972b9f3,XAUUSD,H4,LONG,Volatility+Structure
XAUUSD_H4_1,1578,SQX-XAUUSD-H4-a00e91398f68,XAUUSD,H4,LONG,Momentum
XAUUSD_H4_1,1578,SQX-XAUUSD-H4-a020121e2cd6,XAUUSD,H4,LONG,Trend+Volatility
XAUUSD_H4_1,1578,SQX-XAUUSD-H4-a02829e740f3,XAUUSD,H4,LONG,Momentum
XAUUSD_H4_1,1578,SQX-XAUUSD-H4-a02998492b3f,XAUUSD,H4,LONG,Trend+Momentum+Structure
XAUUSD_H4_1,1578,SQX-XAUUSD-H4-a0494b6c11df,XAUUSD,H4,LONG,Trend+Momentum
XAUUSD_H4_1,1578,SQX-XAUUSD-H4-a050c69bd5e2,XAUUSD,H4,LONG,Trend+Momentum
XAUUSD_H4_1,1578,SQX-XAUUSD-H4-a055efbdefcb,XAUUSD,H4,LONG,Trend
XAUUSD_H4_1,1578,SQX-XAUUSD-H4-a095dc7a37bf,XAUUSD,H4,LONG,Trend+Structure
XAUUSD_H4_1,1578,SQX-XAUUSD-H4-a0c74f708858,XAUUSD,H4,LONG,Trend+Momentum
XAUUSD_H4_1,1578,SQX-XAUUSD-H4-a0fb90b63545,XAUUSD,H4,LONG,Momentum+Volatility+Structure
XAUUSD_H4_1,1578,SQX-XAUUSD-H4-a11cc95097df,XAUUSD,H4,LONG,Trend+Momentum
XAUUSD_H4_1,1578,SQX-XAUUSD-H4-a1352ab7cbae,XAUUSD,H4,LONG,Trend+Structure
XAUUSD_H4_1,1578,SQX-XAUUSD-H4-a14f77716c3c,XAUUSD,H4,LONG,Trend+Momentum+Volatility
XAUUSD_H4_1,1578,SQX-XAUUSD-H4-a17a692331e4,XAUUSD,H4,LONG,Trend+Volatility+Structure
XAUUSD_H4_1,1578,SQX-XAUUSD-H4-a1a5d64a354d,XAUUSD,H4,LONG,Trend+Momentum
XAUUSD_H4_1,1578,SQX-XAUUSD-H4-a1ecef17198d,XAUUSD,H4,LONG,Trend+Volatility
XAUUSD_H4_1,1578,SQX-XAUUSD-H4-a1ee0c3bb21d,XAUUSD,H4,LONG,Trend+Momentum
XAUUSD_H4_1,1578,SQX-XAUUSD-H4-a20a1afd49a2,XAUUSD,H4,LONG,Momentum+Structure
XAUUSD_H4_1,1578,SQX-XAUUSD-H4-a22c9f237acf,XAUUSD,H4,LONG,Trend+Volatility
XAUUSD_H4_1,1578,SQX-XAUUSD-H4-a23273e44ced,XAUUSD,H4,LONG,Trend+Volatility
XAUUSD_H4_1,1578,SQX-XAUUSD-H4-a28f654460f9,XAUUSD,H4,LONG,Trend+Volatility+Structure
XAUUSD_H4_1,1578,SQX-XAUUSD-H4-a29c37fe6984,XAUUSD,H4,LONG,Trend+Momentum+Volatility+Structure
XAUUSD_H4_1,1578,SQX-XAUUSD-H4-a2b4273e9b49,XAUUSD,H4,LONG,Trend+Momentum
XAUUSD_H4_1,1578,SQX-XAUUSD-H4-a2b52ac72416,XAUUSD,H4,LONG,Momentum+Structure
XAUUSD_H4_1,1578,SQX-XAUUSD-H4-a2c82e78bee3,XAUUSD,H4,LONG,Volatility
XAUUSD_H4_1,1578,SQX-XAUUSD-H4-a2e255a8aefc,XAUUSD,H4,LONG,Trend+Momentum+Volatility+Structure
XAUUSD_H4_1,1578,SQX-XAUUSD-H4-a2f6f19ef72b,XAUUSD,H4,LONG,Momentum+Volatility
XAUUSD_H4_1,1578,SQX-XAUUSD-H4-a2f8d702e674,XAUUSD,H4,LONG,Momentum+Structure
XAUUSD_H4_1,1578,SQX-XAUUSD-H4-a3c1cd69a8c7,XAUUSD,H4,LONG,Trend+Structure
XAUUSD_H4_1,1578,SQX-XAUUSD-H4-a3dbf04c89b2,XAUUSD,H4,LONG,Volatility+Structure
XAUUSD_H4_1,1578,SQX-XAUUSD-H4-a3e73d397268,XAUUSD,H4,LONG,Trend+Volatility
XAUUSD_H4_1,1578,SQX-XAUUSD-H4-a3eed475ac26,XAUUSD,H4,LONG,Trend
XAUUSD_H4_1,1578,SQX-XAUUSD-H4-a3fe911236b6,XAUUSD,H4,LONG,Momentum
XAUUSD_H4_1,1578,SQX-XAUUSD-H4-a40530d66f2d,XAUUSD,H4,LONG,Trend
XAUUSD_H4_1,1578,SQX-XAUUSD-H4-a428b3c81d3c,XAUUSD,H4,LONG,Trend+Momentum
XAUUSD_H4_1,1578,SQX-XAUUSD-H4-a44b20b2ab2a,XAUUSD,H4,LONG,Volatility+Structure
XAUUSD_H4_1,1578,SQX-XAUUSD-H4-a512a2da37a4,XAUUSD,H4,LONG,Trend
XAUUSD_H4_1,1578,SQX-XAUUSD-H4-a53c06b0093a,XAUUSD,H4,LONG,Trend+Volatility+Structure
XAUUSD_H4_1,1578,SQX-XAUUSD-H4-a542d8238513,XAUUSD,H4,LONG,Trend+Volatility
XAUUSD_H4_1,1578,SQX-XAUUSD-H4-a544a2626c43,XAUUSD,H4,LONG,Momentum+Structure
XAUUSD_H4_1,1578,SQX-XAUUSD-H4-a54e48a905af,XAUUSD,H4,LONG,Trend+Structure
XAUUSD_H4_1,1578,SQX-XAUUSD-H4-a57e53dd008d,XAUUSD,H4,LONG,Momentum+Volatility
XAUUSD_H4_1,1578,SQX-XAUUSD-H4-a5d2d6853de7,XAUUSD,H4,LONG,Momentum+Volatility
XAUUSD_H4_1,1578,SQX-XAUUSD-H4-a5f2c1d85884,XAUUSD,H4,LONG,Trend+Momentum
XAUUSD_H4_1,1578,SQX-XAUUSD-H4-a607d071679d,XAUUSD,H4,LONG,Volatility+Structure
XAUUSD_H4_1,1578,SQX-XAUUSD-H4-a62c9ca6d869,XAUUSD,H4,LONG,Momentum
XAUUSD_H4_1,1578,SQX-XAUUSD-H4-a6391f702dc1,XAUUSD,H4,LONG,Trend+Structure
XAUUSD_H4_1,1578,SQX-XAUUSD-H4-a6a94c54e34c,XAUUSD,H4,LONG,Trend+Volatility+Structure
XAUUSD_H4_1,1578,SQX-XAUUSD-H4-a6bdb5776171,XAUUSD,H4,LONG,Momentum+Volatility
XAUUSD_H4_1,1578,SQX-XAUUSD-H4-a6d830eb41d6,XAUUSD,H4,LONG,Momentum+Volatility+Structure
XAUUSD_H4_1,1578,SQX-XAUUSD-H4-a704d641bad1,XAUUSD,H4,LONG,Momentum+Structure
XAUUSD_H4_1,1578,SQX-XAUUSD-H4-a7245ca29b2f,XAUUSD,H4,LONG,Trend
XAUUSD_H4_1,1578,SQX-XAUUSD-H4-a75edc0b9b60,XAUUSD,H4,LONG,Momentum
XAUUSD_H4_1,1578,SQX-XAUUSD-H4-a77b3b6d97e9,XAUUSD,H4,LONG,Momentum+Volatility+Structure
XAUUSD_H4_1,1578,SQX-XAUUSD-H4-a78eec33cfcf,XAUUSD,H4,LONG,Structure
XAUUSD_H4_1,1578,SQX-XAUUSD-H4-a7d452915fc8,XAUUSD,H4,LONG,Trend+Volatility
XAUUSD_H4_1,1578,SQX-XAUUSD-H4-a844031de540,XAUUSD,H4,LONG,Trend
XAUUSD_H4_1,1578,SQX-XAUUSD-H4-a84a9b0ede2b,XAUUSD,H4,LONG,Momentum
XAUUSD_H4_1,1578,SQX-XAUUSD-H4-a85fa23dec98,XAUUSD,H4,LONG,Trend+Structure
XAUUSD_H4_1,1578,SQX-XAUUSD-H4-a87a31010562,XAUUSD,H4,LONG,Trend+Structure
XAUUSD_H4_1,1578,SQX-XAUUSD-H4-a87d4fe2fc45,XAUUSD,H4,LONG,Trend+Momentum
XAUUSD_H4_1,1578,SQX-XAUUSD-H4-a8ce909bf7f6,XAUUSD,H4,LONG,Volatility
XAUUSD_H4_1,1578,SQX-XAUUSD-H4-a932ac11b589,XAUUSD,H4,LONG,Trend+Volatility+Structure
XAUUSD_H4_1,1578,SQX-XAUUSD-H4-a95e60294802,XAUUSD,H4,LONG,Trend+Momentum
XAUUSD_H4_1,1578,SQX-XAUUSD-H4-a99010fb20d2,XAUUSD,H4,LONG,Trend+Momentum+Structure
XAUUSD_H4_1,1578,SQX-XAUUSD-H4-a9b0eb0f928c,XAUUSD,H4,LONG,Trend+Momentum+Volatility
XAUUSD_H4_1,1578,SQX-XAUUSD-H4-a9e652ceac0f,XAUUSD,H4,LONG,Momentum
XAUUSD_H4_1,1578,SQX-XAUUSD-H4-aa11cf06a6b7,XAUUSD,H4,LONG,Momentum
XAUUSD_H4_1,1578,SQX-XAUUSD-H4-aa12d2becdf1,XAUUSD,H4,LONG,Momentum
XAUUSD_H4_1,1578,SQX-XAUUSD-H4-aa294f3d03a0,XAUUSD,H4,LONG,Trend+Volatility
XAUUSD_H4_1,1578,SQX-XAUUSD-H4-aa317e0374d1,XAUUSD,H4,LONG,Volatility+Structure
XAUUSD_H4_1,1578,SQX-XAUUSD-H4-aa4af12d382e,XAUUSD,H4,LONG,Trend+Momentum
XAUUSD_H4_1,1578,SQX-XAUUSD-H4-aa96c84c63de,XAUUSD,H4,LONG,Trend+Momentum
XAUUSD_H4_1,1578,SQX-XAUUSD-H4-aa9d7c30a02a,XAUUSD,H4,LONG,Trend
XAUUSD_H4_1,1578,SQX-XAUUSD-H4-aaa490338237,XAUUSD,H4,LONG,Trend+Volatility+Structure
XAUUSD_H4_1,1578,SQX-XAUUSD-H4-aade0012fab9,XAUUSD,H4,LONG,Volatility+Structure
XAUUSD_H4_1,1578,SQX-XAUUSD-H4-ab263661b5a8,XAUUSD,H4,LONG,Momentum
XAUUSD_H4_1,1578,SQX-XAUUSD-H4-abaa9420af02,XAUUSD,H4,LONG,Trend+Momentum+Volatility+Structure
XAUUSD_H4_1,1578,SQX-XAUUSD-H4-ac11933b6daa,XAUUSD,H4,LONG,Trend
XAUUSD_H4_1,1578,SQX-XAUUSD-H4-ac3d52821145,XAUUSD,H4,LONG,Trend
XAUUSD_H4_1,1578,SQX-XAUUSD-H4-ac6908a1fc4e,XAUUSD,H4,LONG,Momentum+Volatility
XAUUSD_H4_1,1578,SQX-XAUUSD-H4-ac978a968efb,XAUUSD,H4,LONG,Momentum+Volatility
XAUUSD_H4_1,1578,SQX-XAUUSD-H4-ace8ccd802b2,XAUUSD,H4,LONG,Momentum
XAUUSD_H4_1,1578,SQX-XAUUSD-H4-ad176c93a6e6,XAUUSD,H4,LONG,Trend+Volatility+Structure
XAUUSD_H4_1,1578,SQX-XAUUSD-H4-ad7a6d8b0a11,XAUUSD,H4,LONG,Trend+Volatility
XAUUSD_H4_1,1578,SQX-XAUUSD-H4-ad7bd6c3b4cd,XAUUSD,H4,LONG,Momentum
XAUUSD_H4_1,1578,SQX-XAUUSD-H4-adacc1f6537a,XAUUSD,H4,LONG,Volatility+Structure
XAUUSD_H4_1,1578,SQX-XAUUSD-H4-ade4ff746282,XAUUSD,H4,LONG,Volatility+Structure
XAUUSD_H4_1,1578,SQX-XAUUSD-H4-ade80d0beee4,XAUUSD,H4,LONG,Trend+Volatility+Structure
XAUUSD_H4_1,1578,SQX-XAUUSD-H4-ae36041f81c6,XAUUSD,H4,LONG,Trend
XAUUSD_H4_1,1578,SQX-XAUUSD-H4-ae56581b54f3,XAUUSD,H4,LONG,Trend+Momentum+Structure
XAUUSD_H4_1,1578,SQX-XAUUSD-H4-ae6e88591fbd,XAUUSD,H4,LONG,Trend+Momentum
XAUUSD_H4_1,1578,SQX-XAUUSD-H4-ae6ef7248326,XAUUSD,H4,LONG,Volatility
XAUUSD_H4_1,1578,SQX-XAUUSD-H4-ae94d23afad4,XAUUSD,H4,LONG,Trend+Momentum+Structure
XAUUSD_H4_1,1578,SQX-XAUUSD-H4-aeaabad3aa71,XAUUSD,H4,LONG,Momentum
XAUUSD_H4_1,1578,SQX-XAUUSD-H4-aefdf4849c2d,XAUUSD,H4,LONG,Trend+Momentum
XAUUSD_H4_1,1578,SQX-XAUUSD-H4-af91a0fab812,XAUUSD,H4,LONG,Trend+Momentum
XAUUSD_H4_1,1578,SQX-XAUUSD-H4-aff56d33d851,XAUUSD,H4,LONG,Momentum
XAUUSD_H4_1,1578,SQX-XAUUSD-H4-b0091eb8a1a1,XAUUSD,H4,LONG,Momentum+Structure
XAUUSD_H4_1,1578,SQX-XAUUSD-H4-b01796a14a68,XAUUSD,H4,LONG,Trend
XAUUSD_H4_1,1578,SQX-XAUUSD-H4-b04cb9a039d7,XAUUSD,H4,LONG,Trend+Structure
XAUUSD_H4_1,1578,SQX-XAUUSD-H4-b05cd438174d,XAUUSD,H4,LONG,Volatility
XAUUSD_H4_1,1578,SQX-XAUUSD-H4-b096d927302f,XAUUSD,H4,LONG,Momentum
XAUUSD_H4_1,1578,SQX-XAUUSD-H4-b0ad16fea6af,XAUUSD,H4,LONG,Momentum+Volatility+Structure
XAUUSD_H4_1,1578,SQX-XAUUSD-H4-b0c6441d07b9,XAUUSD,H4,LONG,Trend+Momentum
XAUUSD_H4_1,1578,SQX-XAUUSD-H4-b1216e8ae663,XAUUSD,H4,LONG,Trend+Momentum+Volatility
XAUUSD_H4_1,1578,SQX-XAUUSD-H4-b12fa92b6865,XAUUSD,H4,LONG,Momentum+Volatility
XAUUSD_H4_1,1578,SQX-XAUUSD-H4-b130b28415d3,XAUUSD,H4,LONG,Trend+Volatility
XAUUSD_H4_1,1578,SQX-XAUUSD-H4-b13b5b4917b8,XAUUSD,H4,LONG,Trend+Volatility
XAUUSD_H4_1,1578,SQX-XAUUSD-H4-b14b48e53d3b,XAUUSD,H4,LONG,Structure
XAUUSD_H4_1,1578,SQX-XAUUSD-H4-b1770710bbe9,XAUUSD,H4,LONG,Trend+Momentum
XAUUSD_H4_1,1578,SQX-XAUUSD-H4-b17caed9abbc,XAUUSD,H4,LONG,Momentum
XAUUSD_H4_1,1578,SQX-XAUUSD-H4-b1b4e00afcd4,XAUUSD,H4,LONG,Trend
XAUUSD_H4_1,1578,SQX-XAUUSD-H4-b1ef9e143ad6,XAUUSD,H4,LONG,Trend+Momentum+Structure
XAUUSD_H4_1,1578,SQX-XAUUSD-H4-b20a8d1ef677,XAUUSD,H4,LONG,Trend+Volatility
XAUUSD_H4_1,1578,SQX-XAUUSD-H4-b2109a016b50,XAUUSD,H4,LONG,Trend+Volatility
XAUUSD_H4_1,1578,SQX-XAUUSD-H4-b25128cede63,XAUUSD,H4,LONG,Trend+Momentum
XAUUSD_H4_1,1578,SQX-XAUUSD-H4-b2535dc9abb0,XAUUSD,H4,LONG,Trend+Volatility
XAUUSD_H4_1,1578,SQX-XAUUSD-H4-b2a00a61aab2,XAUUSD,H4,LONG,Trend
XAUUSD_H4_1,1578,SQX-XAUUSD-H4-b2aa005b7070,XAUUSD,H4,LONG,Trend+Momentum+Volatility+Structure
XAUUSD_H4_1,1578,SQX-XAUUSD-H4-b2afb94fcb0a,XAUUSD,H4,LONG,Momentum
XAUUSD_H4_1,1578,SQX-XAUUSD-H4-b2e909564c6d,XAUUSD,H4,LONG,Trend+Momentum
XAUUSD_H4_1,1578,SQX-XAUUSD-H4-b351201ba4ff,XAUUSD,H4,LONG,Trend+Momentum
XAUUSD_H4_1,1578,SQX-XAUUSD-H4-b376e869f152,XAUUSD,H4,LONG,Momentum+Structure
XAUUSD_H4_1,1578,SQX-XAUUSD-H4-b3b51ebaf680,XAUUSD,H4,LONG,Trend+Momentum
XAUUSD_H4_1,1578,SQX-XAUUSD-H4-b440fb3d139b,XAUUSD,H4,LONG,Trend+Structure
XAUUSD_H4_1,1578,SQX-XAUUSD-H4-b44a71155f8e,XAUUSD,H4,LONG,Trend+Volatility
XAUUSD_H4_1,1578,SQX-XAUUSD-H4-b46801f58ba0,XAUUSD,H4,LONG,Momentum
XAUUSD_H4_1,1578,SQX-XAUUSD-H4-b4f5f44f566d,XAUUSD,H4,LONG,Trend+Momentum+Volatility
XAUUSD_H4_1,1578,SQX-XAUUSD-H4-b515296411a7,XAUUSD,H4,LONG,Momentum+Volatility
XAUUSD_H4_1,1578,SQX-XAUUSD-H4-b5160f3030ca,XAUUSD,H4,LONG,Momentum+Structure
XAUUSD_H4_1,1578,SQX-XAUUSD-H4-b5168918355a,XAUUSD,H4,LONG,Momentum+Structure
XAUUSD_H4_1,1578,SQX-XAUUSD-H4-b51d870aef02,XAUUSD,H4,LONG,Momentum+Volatility
XAUUSD_H4_1,1578,SQX-XAUUSD-H4-b52254815efc,XAUUSD,H4,LONG,Momentum+Structure
XAUUSD_H4_1,1578,SQX-XAUUSD-H4-b5376db0ee5e,XAUUSD,H4,LONG,Trend+Structure
XAUUSD_H4_1,1578,SQX-XAUUSD-H4-b539a87e3e54,XAUUSD,H4,LONG,Trend+Momentum
XAUUSD_H4_1,1578,SQX-XAUUSD-H4-b561b578758a,XAUUSD,H4,LONG,Momentum
XAUUSD_H4_1,1578,SQX-XAUUSD-H4-b56df45c0e05,XAUUSD,H4,LONG,Trend+Momentum
XAUUSD_H4_1,1578,SQX-XAUUSD-H4-b578489431c5,XAUUSD,H4,LONG,Trend+Structure
XAUUSD_H4_1,1578,SQX-XAUUSD-H4-b5baeafa3ad4,XAUUSD,H4,LONG,Momentum+Structure
XAUUSD_H4_1,1578,SQX-XAUUSD-H4-b5cb092a01b9,XAUUSD,H4,LONG,Momentum
XAUUSD_H4_1,1578,SQX-XAUUSD-H4-b5eb9b19b13a,XAUUSD,H4,LONG,Momentum+Structure
XAUUSD_H4_1,1578,SQX-XAUUSD-H4-b605e6f97ee7,XAUUSD,H4,LONG,Trend+Structure
XAUUSD_H4_1,1578,SQX-XAUUSD-H4-b60b6d265279,XAUUSD,H4,LONG,Trend
XAUUSD_H4_1,1578,SQX-XAUUSD-H4-b6114c18ea57,XAUUSD,H4,LONG,Trend+Momentum
XAUUSD_H4_1,1578,SQX-XAUUSD-H4-b6705fbd60be,XAUUSD,H4,LONG,Trend+Volatility
XAUUSD_H4_1,1578,SQX-XAUUSD-H4-b68536a1f902,XAUUSD,H4,LONG,Trend+Structure
XAUUSD_H4_1,1578,SQX-XAUUSD-H4-b697d18ae66b,XAUUSD,H4,LONG,Volatility+Structure
XAUUSD_H4_1,1578,SQX-XAUUSD-H4-b6e85fd2c5d9,XAUUSD,H4,LONG,Momentum+Structure
XAUUSD_H4_1,1578,SQX-XAUUSD-H4-b7102338db81,XAUUSD,H4,LONG,Trend
XAUUSD_H4_1,1578,SQX-XAUUSD-H4-b7106e23366d,XAUUSD,H4,LONG,Momentum+Structure
XAUUSD_H4_1,1578,SQX-XAUUSD-H4-b721a89e4861,XAUUSD,H4,LONG,Trend+Momentum
XAUUSD_H4_1,1578,SQX-XAUUSD-H4-b7420c6ea50f,XAUUSD,H4,LONG,Structure
XAUUSD_H4_1,1578,SQX-XAUUSD-H4-b79577411603,XAUUSD,H4,LONG,Momentum+Structure
XAUUSD_H4_1,1578,SQX-XAUUSD-H4-b7e842886b62,XAUUSD,H4,LONG,Trend+Volatility
XAUUSD_H4_1,1578,SQX-XAUUSD-H4-b80651b84983,XAUUSD,H4,LONG,Volatility
XAUUSD_H4_1,1578,SQX-XAUUSD-H4-b847e29c9035,XAUUSD,H4,LONG,Trend+Momentum+Structure
XAUUSD_H4_1,1578,SQX-XAUUSD-H4-b84cea866324,XAUUSD,H4,LONG,Momentum+Structure
XAUUSD_H4_1,1578,SQX-XAUUSD-H4-b84d7ae573da,XAUUSD,H4,LONG,Trend+Volatility
XAUUSD_H4_1,1578,SQX-XAUUSD-H4-b899fc424e8b,XAUUSD,H4,LONG,Trend+Momentum+Structure
XAUUSD_H4_1,1578,SQX-XAUUSD-H4-b904db7ebf9f,XAUUSD,H4,LONG,Trend+Momentum+Volatility
XAUUSD_H4_1,1578,SQX-XAUUSD-H4-b91cbd128329,XAUUSD,H4,LONG,Momentum
XAUUSD_H4_1,1578,SQX-XAUUSD-H4-b920dfe67684,XAUUSD,H4,LONG,Momentum
XAUUSD_H4_1,1578,SQX-XAUUSD-H4-b93fb28f3dd3,XAUUSD,H4,LONG,Momentum+Structure
XAUUSD_H4_1,1578,SQX-XAUUSD-H4-b948a2124c30,XAUUSD,H4,LONG,Volatility+Structure
XAUUSD_H4_1,1578,SQX-XAUUSD-H4-b955bdb9ac91,XAUUSD,H4,LONG,Volatility+Structure
XAUUSD_H4_1,1578,SQX-XAUUSD-H4-b9738fd4e293,XAUUSD,H4,LONG,Momentum+Structure
XAUUSD_H4_1,1578,SQX-XAUUSD-H4-b9a522e870fe,XAUUSD,H4,LONG,Trend+Structure
XAUUSD_H4_1,1578,SQX-XAUUSD-H4-b9b425501aa3,XAUUSD,H4,LONG,Volatility+Structure
XAUUSD_H4_1,1578,SQX-XAUUSD-H4-b9b705bf259c,XAUUSD,H4,LONG,Volatility+Structure
XAUUSD_H4_1,1578,SQX-XAUUSD-H4-b9b93c989e25,XAUUSD,H4,LONG,Trend
XAUUSD_H4_1,1578,SQX-XAUUSD-H4-b9ef9c5425d3,XAUUSD,H4,LONG,Momentum+Structure
XAUUSD_H4_1,1578,SQX-XAUUSD-H4-ba0bb09d7183,XAUUSD,H4,LONG,Momentum+Volatility
XAUUSD_H4_1,1578,SQX-XAUUSD-H4-ba0fddfa8ddf,XAUUSD,H4,LONG,Trend+Momentum+Structure
XAUUSD_H4_1,1578,SQX-XAUUSD-H4-ba25c788c4c7,XAUUSD,H4,LONG,Trend
XAUUSD_H4_1,1578,SQX-XAUUSD-H4-ba29a8f95757,XAUUSD,H4,LONG,Trend
XAUUSD_H4_1,1578,SQX-XAUUSD-H4-ba49fa6ddf52,XAUUSD,H4,LONG,Trend
XAUUSD_H4_1,1578,SQX-XAUUSD-H4-ba660a917c5c,XAUUSD,H4,LONG,Trend+Structure
XAUUSD_H4_1,1578,SQX-XAUUSD-H4-baa54777a317,XAUUSD,H4,LONG,Trend+Momentum+Structure
XAUUSD_H4_1,1578,SQX-XAUUSD-H4-bacce3618afe,XAUUSD,H4,LONG,Momentum
XAUUSD_H4_1,1578,SQX-XAUUSD-H4-baeaa8101143,XAUUSD,H4,LONG,Trend+Momentum
XAUUSD_H4_1,1578,SQX-XAUUSD-H4-bb00b0a49b90,XAUUSD,H4,LONG,Structure
XAUUSD_H4_1,1578,SQX-XAUUSD-H4-bb22ebafce69,XAUUSD,H4,LONG,Trend
XAUUSD_H4_1,1578,SQX-XAUUSD-H4-bb405cdfe29d,XAUUSD,H4,LONG,Momentum
XAUUSD_H4_1,1578,SQX-XAUUSD-H4-bb6463a3aeb8,XAUUSD,H4,LONG,Trend+Volatility+Structure
XAUUSD_H4_1,1578,SQX-XAUUSD-H4-bb80c2c7378f,XAUUSD,H4,LONG,Trend+Momentum
XAUUSD_H4_1,1578,SQX-XAUUSD-H4-bb81702e7334,XAUUSD,H4,LONG,Trend+Volatility
XAUUSD_H4_1,1578,SQX-XAUUSD-H4-bb8a1839ded0,XAUUSD,H4,LONG,Trend+Momentum
XAUUSD_H4_1,1578,SQX-XAUUSD-H4-bc2e2a79541f,XAUUSD,H4,LONG,Momentum+Volatility
XAUUSD_H4_1,1578,SQX-XAUUSD-H4-bc34c327f441,XAUUSD,H4,LONG,Momentum+Structure
XAUUSD_H4_1,1578,SQX-XAUUSD-H4-bc721883a043,XAUUSD,H4,LONG,Trend+Volatility
XAUUSD_H4_1,1578,SQX-XAUUSD-H4-bc9c48567838,XAUUSD,H4,LONG,Trend+Momentum+Volatility
XAUUSD_H4_1,1578,SQX-XAUUSD-H4-bcc061007e80,XAUUSD,H4,LONG,Trend+Structure
XAUUSD_H4_1,1578,SQX-XAUUSD-H4-bcdd0f594241,XAUUSD,H4,LONG,Volatility+Structure
XAUUSD_H4_1,1578,SQX-XAUUSD-H4-bd9359d2da96,XAUUSD,H4,LONG,Momentum+Volatility
XAUUSD_H4_1,1578,SQX-XAUUSD-H4-bd94e8305058,XAUUSD,H4,LONG,Momentum+Volatility
XAUUSD_H4_1,1578,SQX-XAUUSD-H4-bd9c4930aca1,XAUUSD,H4,LONG,Momentum
XAUUSD_H4_1,1578,SQX-XAUUSD-H4-be34bbda007d,XAUUSD,H4,LONG,Trend+Volatility
XAUUSD_H4_1,1578,SQX-XAUUSD-H4-be4c9d25b885,XAUUSD,H4,LONG,Trend+Momentum+Structure
XAUUSD_H4_1,1578,SQX-XAUUSD-H4-be89430abad4,XAUUSD,H4,LONG,Momentum+Structure
XAUUSD_H4_1,1578,SQX-XAUUSD-H4-be8ba2b8b9df,XAUUSD,H4,LONG,Momentum
XAUUSD_H4_1,1578,SQX-XAUUSD-H4-be901735e03c,XAUUSD,H4,LONG,Trend+Volatility+Structure
XAUUSD_H4_1,1578,SQX-XAUUSD-H4-bece0a0fc910,XAUUSD,H4,LONG,Volatility
XAUUSD_H4_1,1578,SQX-XAUUSD-H4-bed972e78746,XAUUSD,H4,LONG,Trend+Structure
XAUUSD_H4_1,1578,SQX-XAUUSD-H4-bee2cec010d4,XAUUSD,H4,LONG,Trend+Structure
XAUUSD_H4_1,1578,SQX-XAUUSD-H4-beeda56309e3,XAUUSD,H4,LONG,Trend+Volatility
XAUUSD_H4_1,1578,SQX-XAUUSD-H4-bef7baa72a37,XAUUSD,H4,LONG,Trend+Structure
XAUUSD_H4_1,1578,SQX-XAUUSD-H4-bef7e3a42895,XAUUSD,H4,LONG,Momentum+Volatility+Structure
XAUUSD_H4_1,1578,SQX-XAUUSD-H4-bf3075ef19bd,XAUUSD,H4,LONG,Trend
XAUUSD_H4_1,1578,SQX-XAUUSD-H4-bf80ab216cba,XAUUSD,H4,LONG,Momentum+Structure
XAUUSD_H4_1,1578,SQX-XAUUSD-H4-bf8967dc3581,XAUUSD,H4,LONG,Momentum
XAUUSD_H4_1,1578,SQX-XAUUSD-H4-bf8d885b8a98,XAUUSD,H4,LONG,Momentum+Structure
XAUUSD_H4_1,1578,SQX-XAUUSD-H4-c02243f0ccdf,XAUUSD,H4,LONG,Trend+Momentum
XAUUSD_H4_1,1578,SQX-XAUUSD-H4-c03ca85d4228,XAUUSD,H4,LONG,Momentum
XAUUSD_H4_1,1578,SQX-XAUUSD-H4-c04c351fa1c0,XAUUSD,H4,LONG,Trend+Structure
XAUUSD_H4_1,1578,SQX-XAUUSD-H4-c05c62db5faa,XAUUSD,H4,LONG,Trend+Momentum
XAUUSD_H4_1,1578,SQX-XAUUSD-H4-c06809f2b11a,XAUUSD,H4,LONG,Trend+Structure
XAUUSD_H4_1,1578,SQX-XAUUSD-H4-c08960953164,XAUUSD,H4,LONG,Momentum
XAUUSD_H4_1,1578,SQX-XAUUSD-H4-c0b4deebf57e,XAUUSD,H4,LONG,Trend
XAUUSD_H4_1,1578,SQX-XAUUSD-H4-c0fc6af1abb5,XAUUSD,H4,LONG,Structure
XAUUSD_H4_1,1578,SQX-XAUUSD-H4-c1493adecc75,XAUUSD,H4,LONG,Volatility
XAUUSD_H4_1,1578,SQX-XAUUSD-H4-c18ed9fdd145,XAUUSD,H4,LONG,Momentum+Structure
XAUUSD_H4_1,1578,SQX-XAUUSD-H4-c25494880e9d,XAUUSD,H4,LONG,Momentum
XAUUSD_H4_1,1578,SQX-XAUUSD-H4-c275da91bde2,XAUUSD,H4,LONG,Trend+Momentum
XAUUSD_H4_1,1578,SQX-XAUUSD-H4-c2983414afca,XAUUSD,H4,LONG,Trend+Momentum
XAUUSD_H4_1,1578,SQX-XAUUSD-H4-c2a78f23a970,XAUUSD,H4,LONG,Trend+Momentum
XAUUSD_H4_1,1578,SQX-XAUUSD-H4-c2e33b7bfbb4,XAUUSD,H4,LONG,Trend
XAUUSD_H4_1,1578,SQX-XAUUSD-H4-c301e9e2415f,XAUUSD,H4,LONG,Trend+Structure
XAUUSD_H4_1,1578,SQX-XAUUSD-H4-c3126b5cb230,XAUUSD,H4,LONG,Trend+Momentum
XAUUSD_H4_1,1578,SQX-XAUUSD-H4-c333509f718e,XAUUSD,H4,LONG,Volatility+Structure
XAUUSD_H4_1,1578,SQX-XAUUSD-H4-c33ebc8a153a,XAUUSD,H4,LONG,Momentum+Volatility
XAUUSD_H4_1,1578,SQX-XAUUSD-H4-c3514be5fbec,XAUUSD,H4,LONG,Momentum+Volatility
XAUUSD_H4_1,1578,SQX-XAUUSD-H4-c364389079ce,XAUUSD,H4,LONG,Trend+Momentum
XAUUSD_H4_1,1578,SQX-XAUUSD-H4-c3813def775a,XAUUSD,H4,LONG,Momentum+Volatility
XAUUSD_H4_1,1578,SQX-XAUUSD-H4-c39ddbecde61,XAUUSD,H4,LONG,Trend+Momentum
XAUUSD_H4_1,1578,SQX-XAUUSD-H4-c3a1f2e370e7,XAUUSD,H4,LONG,Volatility+Structure
XAUUSD_H4_1,1578,SQX-XAUUSD-H4-c3ba13f163dd,XAUUSD,H4,LONG,Trend+Volatility
XAUUSD_H4_1,1578,SQX-XAUUSD-H4-c3bcb728a708,XAUUSD,H4,LONG,Trend+Volatility
XAUUSD_H4_1,1578,SQX-XAUUSD-H4-c3d4adc0e2ac,XAUUSD,H4,LONG,Trend+Momentum
XAUUSD_H4_1,1578,SQX-XAUUSD-H4-c424eb9f7143,XAUUSD,H4,LONG,Trend+Momentum
XAUUSD_H4_1,1578,SQX-XAUUSD-H4-c4519fcde197,XAUUSD,H4,LONG,Trend+Structure
XAUUSD_H4_1,1578,SQX-XAUUSD-H4-c49ee0b517c7,XAUUSD,H4,LONG,Volatility+Structure
XAUUSD_H4_1,1578,SQX-XAUUSD-H4-c50141943fa0,XAUUSD,H4,LONG,Momentum+Structure
XAUUSD_H4_1,1578,SQX-XAUUSD-H4-c5352a98e009,XAUUSD,H4,LONG,Volatility+Structure
XAUUSD_H4_1,1578,SQX-XAUUSD-H4-c587de0c7f94,XAUUSD,H4,LONG,Momentum+Volatility
XAUUSD_H4_1,1578,SQX-XAUUSD-H4-c5a018277f2f,XAUUSD,H4,LONG,Trend+Momentum+Structure
XAUUSD_H4_1,1578,SQX-XAUUSD-H4-c5b04a765104,XAUUSD,H4,LONG,Volatility+Structure
XAUUSD_H4_1,1578,SQX-XAUUSD-H4-c65b194e55f1,XAUUSD,H4,LONG,Momentum
XAUUSD_H4_1,1578,SQX-XAUUSD-H4-c668ab642dbc,XAUUSD,H4,LONG,Momentum+Volatility
XAUUSD_H4_1,1578,SQX-XAUUSD-H4-c67ae9762218,XAUUSD,H4,LONG,Momentum+Volatility
XAUUSD_H4_1,1578,SQX-XAUUSD-H4-c6e2c8db880a,XAUUSD,H4,LONG,Trend
XAUUSD_H4_1,1578,SQX-XAUUSD-H4-c738dff45064,XAUUSD,H4,LONG,Momentum+Structure
XAUUSD_H4_1,1578,SQX-XAUUSD-H4-c73fa991cef3,XAUUSD,H4,LONG,Momentum
XAUUSD_H4_1,1578,SQX-XAUUSD-H4-c7a477377941,XAUUSD,H4,LONG,Trend
XAUUSD_H4_1,1578,SQX-XAUUSD-H4-c7fede37449e,XAUUSD,H4,LONG,Volatility+Structure
XAUUSD_H4_1,1578,SQX-XAUUSD-H4-c8a99dc04858,XAUUSD,H4,LONG,Trend
XAUUSD_H4_1,1578,SQX-XAUUSD-H4-c8b248c20c18,XAUUSD,H4,LONG,Momentum
XAUUSD_H4_1,1578,SQX-XAUUSD-H4-c8b2dd47828b,XAUUSD,H4,LONG,Trend
XAUUSD_H4_1,1578,SQX-XAUUSD-H4-c912cec55c9a,XAUUSD,H4,LONG,Momentum+Volatility
XAUUSD_H4_1,1578,SQX-XAUUSD-H4-c92ce48ce838,XAUUSD,H4,LONG,Trend+Structure
XAUUSD_H4_1,1578,SQX-XAUUSD-H4-c95479ed0108,XAUUSD,H4,LONG,Momentum
XAUUSD_H4_1,1578,SQX-XAUUSD-H4-c974e12ea713,XAUUSD,H4,LONG,Momentum+Structure
XAUUSD_H4_1,1578,SQX-XAUUSD-H4-c996e084d401,XAUUSD,H4,LONG,Momentum
XAUUSD_H4_1,1578,SQX-XAUUSD-H4-c9a00ab0e299,XAUUSD,H4,LONG,Trend+Volatility+Structure
XAUUSD_H4_1,1578,SQX-XAUUSD-H4-c9a741e23560,XAUUSD,H4,LONG,Trend+Structure
XAUUSD_H4_1,1578,SQX-XAUUSD-H4-c9b9c701e678,XAUUSD,H4,LONG,Trend+Momentum+Structure
XAUUSD_H4_1,1578,SQX-XAUUSD-H4-c9dd865596db,XAUUSD,H4,LONG,Momentum
XAUUSD_H4_1,1578,SQX-XAUUSD-H4-c9ec5d4bb9d8,XAUUSD,H4,LONG,Momentum+Structure
XAUUSD_H4_1,1578,SQX-XAUUSD-H4-ca58e1bf1d80,XAUUSD,H4,LONG,Momentum+Volatility+Structure
XAUUSD_H4_1,1578,SQX-XAUUSD-H4-cac2ba9c3088,XAUUSD,H4,LONG,Momentum+Structure
XAUUSD_H4_1,1578,SQX-XAUUSD-H4-cb16b5da1404,XAUUSD,H4,LONG,Trend+Momentum+Structure
XAUUSD_H4_1,1578,SQX-XAUUSD-H4-cb2a881af284,XAUUSD,H4,LONG,Trend+Momentum+Volatility
XAUUSD_H4_1,1578,SQX-XAUUSD-H4-cb2ea6bedd04,XAUUSD,H4,LONG,Trend+Structure
XAUUSD_H4_1,1578,SQX-XAUUSD-H4-cb52bc50a1bc,XAUUSD,H4,LONG,Momentum
XAUUSD_H4_1,1578,SQX-XAUUSD-H4-cb79da78da4b,XAUUSD,H4,LONG,Momentum+Structure
XAUUSD_H4_1,1578,SQX-XAUUSD-H4-cb7ca5a46027,XAUUSD,H4,LONG,Trend+Momentum
XAUUSD_H4_1,1578,SQX-XAUUSD-H4-cc043e35c056,XAUUSD,H4,LONG,Trend+Structure
XAUUSD_H4_1,1578,SQX-XAUUSD-H4-cc0adaaa73e2,XAUUSD,H4,LONG,Momentum+Volatility
XAUUSD_H4_1,1578,SQX-XAUUSD-H4-cc0d0723b79d,XAUUSD,H4,LONG,Trend+Structure
XAUUSD_H4_1,1578,SQX-XAUUSD-H4-cc0f0e9800de,XAUUSD,H4,LONG,Volatility+Structure
XAUUSD_H4_1,1578,SQX-XAUUSD-H4-cc3f489dd2e4,XAUUSD,H4,LONG,Trend
XAUUSD_H4_1,1578,SQX-XAUUSD-H4-cc46dbb92995,XAUUSD,H4,LONG,Trend
XAUUSD_H4_1,1578,SQX-XAUUSD-H4-cc54b8dfdd4e,XAUUSD,H4,LONG,Momentum
XAUUSD_H4_1,1578,SQX-XAUUSD-H4-cc658fcc1624,XAUUSD,H4,LONG,Trend+Momentum+Volatility
XAUUSD_H4_1,1578,SQX-XAUUSD-H4-cc693c85e248,XAUUSD,H4,LONG,Momentum+Structure
XAUUSD_H4_1,1578,SQX-XAUUSD-H4-cc85e30db25a,XAUUSD,H4,LONG,Momentum+Volatility
XAUUSD_H4_1,1578,SQX-XAUUSD-H4-ccb3f4b8dc2f,XAUUSD,H4,LONG,Trend
XAUUSD_H4_1,1578,SQX-XAUUSD-H4-cccf5b848671,XAUUSD,H4,LONG,Momentum+Structure
XAUUSD_H4_1,1578,SQX-XAUUSD-H4-cd1a7a8af020,XAUUSD,H4,LONG,Momentum+Structure
XAUUSD_H4_1,1578,SQX-XAUUSD-H4-cd2d61c4841d,XAUUSD,H4,LONG,Trend+Structure
XAUUSD_H4_1,1578,SQX-XAUUSD-H4-cd369273113e,XAUUSD,H4,LONG,Trend
XAUUSD_H4_1,1578,SQX-XAUUSD-H4-cd4e8affb111,XAUUSD,H4,LONG,Momentum+Structure
XAUUSD_H4_1,1578,SQX-XAUUSD-H4-cd69ff9fbf50,XAUUSD,H4,LONG,Structure
XAUUSD_H4_1,1578,SQX-XAUUSD-H4-cd7360e48abc,XAUUSD,H4,LONG,Trend+Momentum
XAUUSD_H4_1,1578,SQX-XAUUSD-H4-cd7ce0454a03,XAUUSD,H4,LONG,Trend+Momentum+Structure
XAUUSD_H4_1,1578,SQX-XAUUSD-H4-cdaade48f033,XAUUSD,H4,LONG,Momentum+Structure
XAUUSD_H4_1,1578,SQX-XAUUSD-H4-cdbf5138afd5,XAUUSD,H4,LONG,Momentum+Volatility
XAUUSD_H4_1,1578,SQX-XAUUSD-H4-cdf5b23766a6,XAUUSD,H4,LONG,Trend+Momentum
XAUUSD_H4_1,1578,SQX-XAUUSD-H4-cdfcb2aa5e8d,XAUUSD,H4,LONG,Trend+Structure
XAUUSD_H4_1,1578,SQX-XAUUSD-H4-ce0032853bfd,XAUUSD,H4,LONG,Trend+Structure
XAUUSD_H4_1,1578,SQX-XAUUSD-H4-ce279b4b3b89,XAUUSD,H4,LONG,Trend+Momentum
XAUUSD_H4_1,1578,SQX-XAUUSD-H4-ce6b1f730fb8,XAUUSD,H4,LONG,Momentum+Volatility
XAUUSD_H4_1,1578,SQX-XAUUSD-H4-ce6de8841a7c,XAUUSD,H4,LONG,Structure
XAUUSD_H4_1,1578,SQX-XAUUSD-H4-ce847a817ddc,XAUUSD,H4,LONG,Trend+Momentum
XAUUSD_H4_1,1578,SQX-XAUUSD-H4-ceac9f2eb578,XAUUSD,H4,LONG,Volatility+Structure
XAUUSD_H4_1,1578,SQX-XAUUSD-H4-cef6129c256a,XAUUSD,H4,LONG,Momentum+Structure
XAUUSD_H4_1,1578,SQX-XAUUSD-H4-cf176b917574,XAUUSD,H4,LONG,Momentum
XAUUSD_H4_1,1578,SQX-XAUUSD-H4-cf2533185cca,XAUUSD,H4,LONG,Trend+Structure
XAUUSD_H4_1,1578,SQX-XAUUSD-H4-cf2d65201962,XAUUSD,H4,LONG,Trend+Structure
XAUUSD_H4_1,1578,SQX-XAUUSD-H4-cf54c20755b7,XAUUSD,H4,LONG,Momentum+Structure
XAUUSD_H4_1,1578,SQX-XAUUSD-H4-cff73eea297c,XAUUSD,H4,LONG,Momentum
XAUUSD_H4_1,1578,SQX-XAUUSD-H4-d009118b2dd3,XAUUSD,H4,LONG,Momentum+Volatility
XAUUSD_H4_1,1578,SQX-XAUUSD-H4-d09cf06d1d09,XAUUSD,H4,LONG,Momentum+Structure
XAUUSD_H4_1,1578,SQX-XAUUSD-H4-d0a7abf369bb,XAUUSD,H4,LONG,Momentum+Structure
XAUUSD_H4_1,1578,SQX-XAUUSD-H4-d0bbda87a6a7,XAUUSD,H4,LONG,Momentum
XAUUSD_H4_1,1578,SQX-XAUUSD-H4-d0f1577a19b6,XAUUSD,H4,LONG,Momentum+Structure
XAUUSD_H4_1,1578,SQX-XAUUSD-H4-d0f8a7b8d633,XAUUSD,H4,LONG,Momentum+Volatility
XAUUSD_H4_1,1578,SQX-XAUUSD-H4-d1d21035686b,XAUUSD,H4,LONG,Trend
XAUUSD_H4_1,1578,SQX-XAUUSD-H4-d200a45d5791,XAUUSD,H4,LONG,Momentum
XAUUSD_H4_1,1578,SQX-XAUUSD-H4-d23516f6e3f9,XAUUSD,H4,LONG,Trend+Momentum+Volatility
XAUUSD_H4_1,1578,SQX-XAUUSD-H4-d29429163898,XAUUSD,H4,LONG,Trend+Structure
XAUUSD_H4_1,1578,SQX-XAUUSD-H4-d299f888fb73,XAUUSD,H4,LONG,Structure
XAUUSD_H4_1,1578,SQX-XAUUSD-H4-d2a0cd41cfdd,XAUUSD,H4,LONG,Volatility+Structure
XAUUSD_H4_1,1578,SQX-XAUUSD-H4-d2ef06f1bb09,XAUUSD,H4,LONG,Trend+Structure
XAUUSD_H4_1,1578,SQX-XAUUSD-H4-d2fddc60cd1a,XAUUSD,H4,LONG,Trend+Momentum
XAUUSD_H4_1,1578,SQX-XAUUSD-H4-d303f03bcc3f,XAUUSD,H4,LONG,Momentum
XAUUSD_H4_1,1578,SQX-XAUUSD-H4-d46ee4d6ff8f,XAUUSD,H4,LONG,Momentum+Volatility
XAUUSD_H4_1,1578,SQX-XAUUSD-H4-d47f06cc4234,XAUUSD,H4,LONG,Momentum+Volatility+Structure
XAUUSD_H4_1,1578,SQX-XAUUSD-H4-d4b4ff4221d7,XAUUSD,H4,LONG,Trend+Momentum+Volatility
XAUUSD_H4_1,1578,SQX-XAUUSD-H4-d4c97cfe0dba,XAUUSD,H4,LONG,Trend+Momentum+Structure
XAUUSD_H4_1,1578,SQX-XAUUSD-H4-d4ecb872d8ca,XAUUSD,H4,LONG,Momentum+Structure
XAUUSD_H4_1,1578,SQX-XAUUSD-H4-d4efaee529ad,XAUUSD,H4,LONG,Trend+Momentum
XAUUSD_H4_1,1578,SQX-XAUUSD-H4-d5611ed8bc86,XAUUSD,H4,LONG,Trend
XAUUSD_H4_1,1578,SQX-XAUUSD-H4-d58c436caf8d,XAUUSD,H4,LONG,Trend+Momentum+Structure
XAUUSD_H4_1,1578,SQX-XAUUSD-H4-d5f828f8e837,XAUUSD,H4,LONG,Momentum+Volatility
XAUUSD_H4_1,1578,SQX-XAUUSD-H4-d67f93511b5e,XAUUSD,H4,LONG,Trend+Momentum+Volatility
XAUUSD_H4_1,1578,SQX-XAUUSD-H4-d687aee0ab37,XAUUSD,H4,LONG,Structure
XAUUSD_H4_1,1578,SQX-XAUUSD-H4-d6e969d6c053,XAUUSD,H4,LONG,Momentum+Structure
XAUUSD_H4_1,1578,SQX-XAUUSD-H4-d7208c9328a1,XAUUSD,H4,LONG,Momentum+Volatility
XAUUSD_H4_1,1578,SQX-XAUUSD-H4-d741a14dd16e,XAUUSD,H4,LONG,Momentum+Volatility
XAUUSD_H4_1,1578,SQX-XAUUSD-H4-d74c5e3e380a,XAUUSD,H4,LONG,Momentum+Structure
XAUUSD_H4_1,1578,SQX-XAUUSD-H4-d7d9627ede8b,XAUUSD,H4,LONG,Trend+Structure
XAUUSD_H4_1,1578,SQX-XAUUSD-H4-d7f4a0938fc3,XAUUSD,H4,LONG,Trend
XAUUSD_H4_1,1578,SQX-XAUUSD-H4-d818aeeefa4b,XAUUSD,H4,LONG,Momentum
XAUUSD_H4_1,1578,SQX-XAUUSD-H4-d846b9209714,XAUUSD,H4,LONG,Structure
XAUUSD_H4_1,1578,SQX-XAUUSD-H4-d865398e44e1,XAUUSD,H4,LONG,Trend+Momentum
XAUUSD_H4_1,1578,SQX-XAUUSD-H4-d89ebae5cb7c,XAUUSD,H4,LONG,Trend+Momentum+Structure
XAUUSD_H4_1,1578,SQX-XAUUSD-H4-d8a30279c343,XAUUSD,H4,LONG,Trend
XAUUSD_H4_1,1578,SQX-XAUUSD-H4-d8b26395037f,XAUUSD,H4,LONG,Volatility
XAUUSD_H4_1,1578,SQX-XAUUSD-H4-d8d4adce0061,XAUUSD,H4,LONG,Momentum
XAUUSD_H4_1,1578,SQX-XAUUSD-H4-d90f60cf2a6f,XAUUSD,H4,LONG,Volatility+Structure
XAUUSD_H4_1,1578,SQX-XAUUSD-H4-d923f074f034,XAUUSD,H4,LONG,Momentum+Structure
XAUUSD_H4_1,1578,SQX-XAUUSD-H4-d926354c418a,XAUUSD,H4,LONG,Trend+Momentum+Structure
XAUUSD_H4_1,1578,SQX-XAUUSD-H4-d936f8023372,XAUUSD,H4,LONG,Volatility
XAUUSD_H4_1,1578,SQX-XAUUSD-H4-d9afe2b9697f,XAUUSD,H4,LONG,Trend
XAUUSD_H4_1,1578,SQX-XAUUSD-H4-d9d5edd7e57b,XAUUSD,H4,LONG,Trend+Momentum
XAUUSD_H4_1,1578,SQX-XAUUSD-H4-da34c0470373,XAUUSD,H4,LONG,Trend
XAUUSD_H4_1,1578,SQX-XAUUSD-H4-da38da51e827,XAUUSD,H4,LONG,Momentum+Volatility+Structure
XAUUSD_H4_1,1578,SQX-XAUUSD-H4-dae3e4f3cbf4,XAUUSD,H4,LONG,Trend+Momentum
XAUUSD_H4_1,1578,SQX-XAUUSD-H4-db22b801a731,XAUUSD,H4,LONG,Momentum+Volatility
XAUUSD_H4_1,1578,SQX-XAUUSD-H4-db3f09a016a5,XAUUSD,H4,LONG,Volatility+Structure
XAUUSD_H4_1,1578,SQX-XAUUSD-H4-db7e1678c8fb,XAUUSD,H4,LONG,Trend+Volatility+Structure
XAUUSD_H4_1,1578,SQX-XAUUSD-H4-dbafdd6d8540,XAUUSD,H4,LONG,Trend+Structure
XAUUSD_H4_1,1578,SQX-XAUUSD-H4-dbdc82752b64,XAUUSD,H4,LONG,Trend+Momentum+Structure
XAUUSD_H4_1,1578,SQX-XAUUSD-H4-dc0d5ccf4813,XAUUSD,H4,LONG,Momentum+Structure
XAUUSD_H4_1,1578,SQX-XAUUSD-H4-dc0ee2afad4d,XAUUSD,H4,LONG,Momentum+Structure
XAUUSD_H4_1,1578,SQX-XAUUSD-H4-dc2ffe40bcf6,XAUUSD,H4,LONG,Trend+Momentum
XAUUSD_H4_1,1578,SQX-XAUUSD-H4-dc321392da34,XAUUSD,H4,LONG,Trend+Structure
XAUUSD_H4_1,1578,SQX-XAUUSD-H4-dc812a41e1aa,XAUUSD,H4,LONG,Trend+Momentum+Structure
XAUUSD_H4_1,1578,SQX-XAUUSD-H4-ddc096453661,XAUUSD,H4,LONG,Trend
XAUUSD_H4_1,1578,SQX-XAUUSD-H4-ddcdaf4e9c54,XAUUSD,H4,LONG,Trend+Volatility+Structure
XAUUSD_H4_1,1578,SQX-XAUUSD-H4-ddec496b3428,XAUUSD,H4,LONG,Trend+Structure
XAUUSD_H4_1,1578,SQX-XAUUSD-H4-de74e7436212,XAUUSD,H4,LONG,Volatility
XAUUSD_H4_1,1578,SQX-XAUUSD-H4-de973da54023,XAUUSD,H4,LONG,Trend+Volatility+Structure
XAUUSD_H4_1,1578,SQX-XAUUSD-H4-decead744379,XAUUSD,H4,LONG,Trend+Momentum
XAUUSD_H4_1,1578,SQX-XAUUSD-H4-df0e22df4c20,XAUUSD,H4,LONG,Momentum+Volatility+Structure
XAUUSD_H4_1,1578,SQX-XAUUSD-H4-df22a9338117,XAUUSD,H4,LONG,Trend+Volatility
XAUUSD_H4_1,1578,SQX-XAUUSD-H4-df2a02110f32,XAUUSD,H4,LONG,Momentum+Volatility+Structure
XAUUSD_H4_1,1578,SQX-XAUUSD-H4-df4627f2757d,XAUUSD,H4,LONG,Momentum+Structure
XAUUSD_H4_1,1578,SQX-XAUUSD-H4-df4c3eaa458e,XAUUSD,H4,LONG,Trend+Structure
XAUUSD_H4_1,1578,SQX-XAUUSD-H4-df53f258d0a9,XAUUSD,H4,LONG,Momentum
XAUUSD_H4_1,1578,SQX-XAUUSD-H4-df60a458962b,XAUUSD,H4,LONG,Trend
XAUUSD_H4_1,1578,SQX-XAUUSD-H4-df717adb66d2,XAUUSD,H4,LONG,Trend+Structure
XAUUSD_H4_1,1578,SQX-XAUUSD-H4-df8b9a7d39da,XAUUSD,H4,LONG,Momentum+Structure
XAUUSD_H4_1,1578,SQX-XAUUSD-H4-df9ca5948803,XAUUSD,H4,LONG,Trend+Momentum+Volatility
XAUUSD_H4_1,1578,SQX-XAUUSD-H4-dfcdaf561c11,XAUUSD,H4,LONG,Momentum+Structure
XAUUSD_H4_1,1578,SQX-XAUUSD-H4-e00a68ca687c,XAUUSD,H4,LONG,Trend
XAUUSD_H4_1,1578,SQX-XAUUSD-H4-e0171eb5f89d,XAUUSD,H4,LONG,Momentum+Volatility
XAUUSD_H4_1,1578,SQX-XAUUSD-H4-e01ae3d40d15,XAUUSD,H4,LONG,Momentum+Structure
XAUUSD_H4_1,1578,SQX-XAUUSD-H4-e060f08cd915,XAUUSD,H4,LONG,Momentum+Volatility
XAUUSD_H4_1,1578,SQX-XAUUSD-H4-e067314b2bb0,XAUUSD,H4,LONG,Trend+Momentum
XAUUSD_H4_1,1578,SQX-XAUUSD-H4-e06e1cab586b,XAUUSD,H4,LONG,Trend+Volatility+Structure
XAUUSD_H4_1,1578,SQX-XAUUSD-H4-e09ec90e77cb,XAUUSD,H4,LONG,Trend+Volatility
XAUUSD_H4_1,1578,SQX-XAUUSD-H4-e0a74b731b32,XAUUSD,H4,LONG,Momentum
XAUUSD_H4_1,1578,SQX-XAUUSD-H4-e11f38151dd8,XAUUSD,H4,LONG,Trend+Momentum
XAUUSD_H4_1,1578,SQX-XAUUSD-H4-e1747cf8ed9b,XAUUSD,H4,LONG,Momentum
XAUUSD_H4_1,1578,SQX-XAUUSD-H4-e18586cd8831,XAUUSD,H4,LONG,Trend+Momentum
XAUUSD_H4_1,1578,SQX-XAUUSD-H4-e1a9010aac1e,XAUUSD,H4,LONG,Momentum+Volatility
XAUUSD_H4_1,1578,SQX-XAUUSD-H4-e1acd83dfaa4,XAUUSD,H4,LONG,Momentum+Volatility
XAUUSD_H4_1,1578,SQX-XAUUSD-H4-e1f425a68582,XAUUSD,H4,LONG,Momentum+Volatility+Structure
XAUUSD_H4_1,1578,SQX-XAUUSD-H4-e253ecfde06c,XAUUSD,H4,LONG,Trend+Momentum
XAUUSD_H4_1,1578,SQX-XAUUSD-H4-e274771d8fd0,XAUUSD,H4,LONG,Trend+Momentum
XAUUSD_H4_1,1578,SQX-XAUUSD-H4-e28a05ab0e3f,XAUUSD,H4,LONG,Trend+Momentum+Volatility
XAUUSD_H4_1,1578,SQX-XAUUSD-H4-e2c4b470a566,XAUUSD,H4,LONG,Momentum
XAUUSD_H4_1,1578,SQX-XAUUSD-H4-e329bb965c7c,XAUUSD,H4,LONG,Trend
XAUUSD_H4_1,1578,SQX-XAUUSD-H4-e32f2eba6e7e,XAUUSD,H4,LONG,Trend+Volatility
XAUUSD_H4_1,1578,SQX-XAUUSD-H4-e3610286c292,XAUUSD,H4,LONG,Trend+Momentum
XAUUSD_H4_1,1578,SQX-XAUUSD-H4-e37b92706a01,XAUUSD,H4,LONG,Momentum+Structure
XAUUSD_H4_1,1578,SQX-XAUUSD-H4-e3891bbef9ee,XAUUSD,H4,LONG,Trend
XAUUSD_H4_1,1578,SQX-XAUUSD-H4-e3c5a5b80702,XAUUSD,H4,LONG,Trend+Volatility+Structure
XAUUSD_H4_1,1578,SQX-XAUUSD-H4-e3cc16a973aa,XAUUSD,H4,LONG,Trend+Momentum
XAUUSD_H4_1,1578,SQX-XAUUSD-H4-e40a1e5a043a,XAUUSD,H4,LONG,Trend+Volatility
XAUUSD_H4_1,1578,SQX-XAUUSD-H4-e422a0ae29ad,XAUUSD,H4,LONG,Trend+Structure
XAUUSD_H4_1,1578,SQX-XAUUSD-H4-e44f93a84aa1,XAUUSD,H4,LONG,Trend+Volatility
XAUUSD_H4_1,1578,SQX-XAUUSD-H4-e461536b0595,XAUUSD,H4,LONG,Trend
XAUUSD_H4_1,1578,SQX-XAUUSD-H4-e47be27d4a58,XAUUSD,H4,LONG,Trend
XAUUSD_H4_1,1578,SQX-XAUUSD-H4-e493177be5ef,XAUUSD,H4,LONG,Volatility+Structure
XAUUSD_H4_1,1578,SQX-XAUUSD-H4-e4b376b1c0e5,XAUUSD,H4,LONG,Trend+Structure
XAUUSD_H4_1,1578,SQX-XAUUSD-H4-e53106a02c03,XAUUSD,H4,LONG,Trend+Volatility
XAUUSD_H4_1,1578,SQX-XAUUSD-H4-e57aed2d6771,XAUUSD,H4,LONG,Trend+Volatility
XAUUSD_H4_1,1578,SQX-XAUUSD-H4-e5aa545576b1,XAUUSD,H4,LONG,Trend+Momentum+Volatility
XAUUSD_H4_1,1578,SQX-XAUUSD-H4-e5b577ef1868,XAUUSD,H4,LONG,Momentum+Structure
XAUUSD_H4_1,1578,SQX-XAUUSD-H4-e609e3517b47,XAUUSD,H4,LONG,Momentum
XAUUSD_H4_1,1578,SQX-XAUUSD-H4-e60a77a7e73e,XAUUSD,H4,LONG,Volatility+Structure
XAUUSD_H4_1,1578,SQX-XAUUSD-H4-e626ed1e03e6,XAUUSD,H4,LONG,Trend+Momentum+Volatility
XAUUSD_H4_1,1578,SQX-XAUUSD-H4-e63c5b124d3f,XAUUSD,H4,LONG,Trend+Momentum
XAUUSD_H4_1,1578,SQX-XAUUSD-H4-e664050a769b,XAUUSD,H4,LONG,Trend+Volatility
XAUUSD_H4_1,1578,SQX-XAUUSD-H4-e670b15ccbd1,XAUUSD,H4,LONG,Momentum
XAUUSD_H4_1,1578,SQX-XAUUSD-H4-e670c8bad143,XAUUSD,H4,LONG,Momentum
XAUUSD_H4_1,1578,SQX-XAUUSD-H4-e68125e9b9a2,XAUUSD,H4,LONG,Volatility+Structure
XAUUSD_H4_1,1578,SQX-XAUUSD-H4-e6a79316c8c2,XAUUSD,H4,LONG,Trend+Structure
XAUUSD_H4_1,1578,SQX-XAUUSD-H4-e6af722b1aec,XAUUSD,H4,LONG,Structure
XAUUSD_H4_1,1578,SQX-XAUUSD-H4-e6be1161b410,XAUUSD,H4,LONG,Trend+Volatility
XAUUSD_H4_1,1578,SQX-XAUUSD-H4-e6fa009b4620,XAUUSD,H4,LONG,Trend+Momentum+Structure
XAUUSD_H4_1,1578,SQX-XAUUSD-H4-e6fe79269ab5,XAUUSD,H4,LONG,Trend+Momentum
XAUUSD_H4_1,1578,SQX-XAUUSD-H4-e710908a73ec,XAUUSD,H4,LONG,Momentum+Structure
XAUUSD_H4_1,1578,SQX-XAUUSD-H4-e715a3180b80,XAUUSD,H4,LONG,Trend+Volatility
XAUUSD_H4_1,1578,SQX-XAUUSD-H4-e74038cba323,XAUUSD,H4,LONG,Momentum
XAUUSD_H4_1,1578,SQX-XAUUSD-H4-e7433a3def71,XAUUSD,H4,LONG,Momentum
XAUUSD_H4_1,1578,SQX-XAUUSD-H4-e75d9888c27a,XAUUSD,H4,LONG,Trend+Momentum+Structure
XAUUSD_H4_1,1578,SQX-XAUUSD-H4-e76224ae42a7,XAUUSD,H4,LONG,Trend+Momentum
XAUUSD_H4_1,1578,SQX-XAUUSD-H4-e777994bbdca,XAUUSD,H4,LONG,Momentum+Structure
XAUUSD_H4_1,1578,SQX-XAUUSD-H4-e79d84b56cbb,XAUUSD,H4,LONG,Momentum
XAUUSD_H4_1,1578,SQX-XAUUSD-H4-e7bb6d93ebef,XAUUSD,H4,LONG,Trend+Momentum
XAUUSD_H4_1,1578,SQX-XAUUSD-H4-e7deaab1b3c5,XAUUSD,H4,LONG,Trend
XAUUSD_H4_1,1578,SQX-XAUUSD-H4-e80653697b46,XAUUSD,H4,LONG,Trend+Momentum
XAUUSD_H4_1,1578,SQX-XAUUSD-H4-e86f76b80974,XAUUSD,H4,LONG,Trend+Momentum
XAUUSD_H4_1,1578,SQX-XAUUSD-H4-e8777448ba98,XAUUSD,H4,LONG,Momentum+Structure
XAUUSD_H4_1,1578,SQX-XAUUSD-H4-e87ee226bf2a,XAUUSD,H4,LONG,Structure
XAUUSD_H4_1,1578,SQX-XAUUSD-H4-e8c3e81d0adc,XAUUSD,H4,LONG,Trend+Momentum+Structure
XAUUSD_H4_1,1578,SQX-XAUUSD-H4-e9025b7e7a78,XAUUSD,H4,LONG,Volatility
XAUUSD_H4_1,1578,SQX-XAUUSD-H4-e904db6133c4,XAUUSD,H4,LONG,Momentum
XAUUSD_H4_1,1578,SQX-XAUUSD-H4-e91343f79b64,XAUUSD,H4,LONG,Trend+Volatility
XAUUSD_H4_1,1578,SQX-XAUUSD-H4-e91d73569f03,XAUUSD,H4,LONG,Trend+Momentum
XAUUSD_H4_1,1578,SQX-XAUUSD-H4-e9216cfda14e,XAUUSD,H4,LONG,Trend+Volatility
XAUUSD_H4_1,1578,SQX-XAUUSD-H4-e94c3266ba45,XAUUSD,H4,LONG,Trend+Momentum+Structure
XAUUSD_H4_1,1578,SQX-XAUUSD-H4-e96770c220df,XAUUSD,H4,LONG,Momentum+Volatility
XAUUSD_H4_1,1578,SQX-XAUUSD-H4-e969a8e6c199,XAUUSD,H4,LONG,Momentum+Volatility+Structure
XAUUSD_H4_1,1578,SQX-XAUUSD-H4-e96a1c5ef404,XAUUSD,H4,LONG,Trend+Momentum+Volatility
XAUUSD_H4_1,1578,SQX-XAUUSD-H4-e99d38386414,XAUUSD,H4,LONG,Momentum
XAUUSD_H4_1,1578,SQX-XAUUSD-H4-e9ab5884b4f3,XAUUSD,H4,LONG,Trend+Structure
XAUUSD_H4_1,1578,SQX-XAUUSD-H4-e9ac081d2ee0,XAUUSD,H4,LONG,Volatility
XAUUSD_H4_1,1578,SQX-XAUUSD-H4-e9d29a6266f3,XAUUSD,H4,LONG,Trend+Structure
XAUUSD_H4_1,1578,SQX-XAUUSD-H4-e9e04e967c43,XAUUSD,H4,LONG,Momentum+Volatility+Structure
XAUUSD_H4_1,1578,SQX-XAUUSD-H4-ea180c4eb223,XAUUSD,H4,LONG,Trend+Momentum
XAUUSD_H4_1,1578,SQX-XAUUSD-H4-eabd410559b8,XAUUSD,H4,LONG,Trend+Structure
XAUUSD_H4_1,1578,SQX-XAUUSD-H4-eaf04d55cd81,XAUUSD,H4,LONG,Trend+Volatility
XAUUSD_H4_1,1578,SQX-XAUUSD-H4-eaf8edd32e4e,XAUUSD,H4,LONG,Momentum
XAUUSD_H4_1,1578,SQX-XAUUSD-H4-eb01867d60ce,XAUUSD,H4,LONG,Trend+Momentum+Volatility
XAUUSD_H4_1,1578,SQX-XAUUSD-H4-eb5042060b1b,XAUUSD,H4,LONG,Trend+Volatility
XAUUSD_H4_1,1578,SQX-XAUUSD-H4-eb6d134038d6,XAUUSD,H4,LONG,Momentum+Volatility+Structure
XAUUSD_H4_1,1578,SQX-XAUUSD-H4-eb9f1d0dc895,XAUUSD,H4,LONG,Momentum+Structure
XAUUSD_H4_1,1578,SQX-XAUUSD-H4-ed3212ea9045,XAUUSD,H4,LONG,Momentum+Volatility
XAUUSD_H4_1,1578,SQX-XAUUSD-H4-ed34baeed47c,XAUUSD,H4,LONG,Momentum+Volatility
XAUUSD_H4_1,1578,SQX-XAUUSD-H4-ed4047a8bf63,XAUUSD,H4,LONG,Trend+Momentum
XAUUSD_H4_1,1578,SQX-XAUUSD-H4-ed5e014d8618,XAUUSD,H4,LONG,Trend+Structure
XAUUSD_H4_1,1578,SQX-XAUUSD-H4-ed7accc6dd95,XAUUSD,H4,LONG,Momentum+Volatility+Structure
XAUUSD_H4_1,1578,SQX-XAUUSD-H4-ed851959822e,XAUUSD,H4,LONG,Momentum
XAUUSD_H4_1,1578,SQX-XAUUSD-H4-ed88faebfe92,XAUUSD,H4,LONG,Momentum
XAUUSD_H4_1,1578,SQX-XAUUSD-H4-ed8f8019ab44,XAUUSD,H4,LONG,Momentum+Volatility
XAUUSD_H4_1,1578,SQX-XAUUSD-H4-edb7e942eaa8,XAUUSD,H4,LONG,Momentum+Volatility+Structure
XAUUSD_H4_1,1578,SQX-XAUUSD-H4-edc36914e842,XAUUSD,H4,LONG,Trend+Momentum
XAUUSD_H4_1,1578,SQX-XAUUSD-H4-edc966ec0121,XAUUSD,H4,LONG,Trend
XAUUSD_H4_1,1578,SQX-XAUUSD-H4-eddbf4d206db,XAUUSD,H4,LONG,Trend+Momentum+Volatility
XAUUSD_H4_1,1578,SQX-XAUUSD-H4-ede53677c5f7,XAUUSD,H4,LONG,Trend+Momentum
XAUUSD_H4_1,1578,SQX-XAUUSD-H4-edf1a167a910,XAUUSD,H4,LONG,Trend+Structure
XAUUSD_H4_1,1578,SQX-XAUUSD-H4-ee4761f12293,XAUUSD,H4,LONG,Trend+Momentum+Volatility
XAUUSD_H4_1,1578,SQX-XAUUSD-H4-ee841a159cf5,XAUUSD,H4,LONG,Trend+Momentum+Volatility+Structure
XAUUSD_H4_1,1578,SQX-XAUUSD-H4-eeb92bc5ff9d,XAUUSD,H4,LONG,Trend+Momentum+Structure
XAUUSD_H4_1,1578,SQX-XAUUSD-H4-eec608dcdd5b,XAUUSD,H4,LONG,Trend+Structure
XAUUSD_H4_1,1578,SQX-XAUUSD-H4-eecf3ea3866b,XAUUSD,H4,LONG,Trend+Structure
XAUUSD_H4_1,1578,SQX-XAUUSD-H4-eed68284b9f6,XAUUSD,H4,LONG,Momentum+Volatility
XAUUSD_H4_1,1578,SQX-XAUUSD-H4-eefaffda8727,XAUUSD,H4,LONG,Momentum+Volatility
XAUUSD_H4_1,1578,SQX-XAUUSD-H4-ef37e12c87d3,XAUUSD,H4,LONG,Trend+Structure
XAUUSD_H4_1,1578,SQX-XAUUSD-H4-ef729d521d08,XAUUSD,H4,LONG,Momentum
XAUUSD_H4_1,1578,SQX-XAUUSD-H4-ef80b8f0432c,XAUUSD,H4,LONG,Momentum+Volatility
XAUUSD_H4_1,1578,SQX-XAUUSD-H4-ef857a7f617b,XAUUSD,H4,LONG,Trend
XAUUSD_H4_1,1578,SQX-XAUUSD-H4-ef9010925cfc,XAUUSD,H4,LONG,Momentum
XAUUSD_H4_1,1578,SQX-XAUUSD-H4-ef9b0e0f37c3,XAUUSD,H4,LONG,Trend+Momentum+Volatility
XAUUSD_H4_1,1578,SQX-XAUUSD-H4-efb2889d861e,XAUUSD,H4,LONG,Trend+Volatility
XAUUSD_H4_1,1578,SQX-XAUUSD-H4-effeef84efdd,XAUUSD,H4,LONG,Trend+Structure
XAUUSD_H4_1,1578,SQX-XAUUSD-H4-f0022c63f4b4,XAUUSD,H4,LONG,Momentum
XAUUSD_H4_1,1578,SQX-XAUUSD-H4-f00ba43b626c,XAUUSD,H4,LONG,Trend+Momentum
XAUUSD_H4_1,1578,SQX-XAUUSD-H4-f0107e05bc48,XAUUSD,H4,LONG,Trend+Structure
XAUUSD_H4_1,1578,SQX-XAUUSD-H4-f03c1f6a4e7c,XAUUSD,H4,LONG,Trend+Volatility+Structure
XAUUSD_H4_1,1578,SQX-XAUUSD-H4-f07dfcb33ae0,XAUUSD,H4,LONG,Trend
XAUUSD_H4_1,1578,SQX-XAUUSD-H4-f08162ca31b1,XAUUSD,H4,LONG,Momentum
XAUUSD_H4_1,1578,SQX-XAUUSD-H4-f0c56329c36f,XAUUSD,H4,LONG,Momentum
XAUUSD_H4_1,1578,SQX-XAUUSD-H4-f0ccea303ae7,XAUUSD,H4,LONG,Trend
XAUUSD_H4_1,1578,SQX-XAUUSD-H4-f1a64b2a10ec,XAUUSD,H4,LONG,Volatility+Structure
XAUUSD_H4_1,1578,SQX-XAUUSD-H4-f1be9dd43962,XAUUSD,H4,LONG,Trend
XAUUSD_H4_1,1578,SQX-XAUUSD-H4-f1d6794115dd,XAUUSD,H4,LONG,Trend+Momentum
XAUUSD_H4_1,1578,SQX-XAUUSD-H4-f2ad55748357,XAUUSD,H4,LONG,Trend+Momentum
XAUUSD_H4_1,1578,SQX-XAUUSD-H4-f2c029948e49,XAUUSD,H4,LONG,Trend+Momentum+Structure
XAUUSD_H4_1,1578,SQX-XAUUSD-H4-f3afe9041145,XAUUSD,H4,LONG,Trend
XAUUSD_H4_1,1578,SQX-XAUUSD-H4-f3b94e623a94,XAUUSD,H4,LONG,Momentum
XAUUSD_H4_1,1578,SQX-XAUUSD-H4-f40c55580503,XAUUSD,H4,LONG,Trend+Momentum+Volatility
XAUUSD_H4_1,1578,SQX-XAUUSD-H4-f4431988b103,XAUUSD,H4,LONG,Momentum
XAUUSD_H4_1,1578,SQX-XAUUSD-H4-f44893ea457a,XAUUSD,H4,LONG,Momentum+Volatility
XAUUSD_H4_1,1578,SQX-XAUUSD-H4-f4577458181d,XAUUSD,H4,LONG,Volatility+Structure
XAUUSD_H4_1,1578,SQX-XAUUSD-H4-f469e37bbbaa,XAUUSD,H4,LONG,Momentum
XAUUSD_H4_1,1578,SQX-XAUUSD-H4-f48397045884,XAUUSD,H4,LONG,Volatility
XAUUSD_H4_1,1578,SQX-XAUUSD-H4-f4904521226e,XAUUSD,H4,LONG,Momentum+Volatility
XAUUSD_H4_1,1578,SQX-XAUUSD-H4-f49dbefb5613,XAUUSD,H4,LONG,Momentum
XAUUSD_H4_1,1578,SQX-XAUUSD-H4-f49f5cbf9dc7,XAUUSD,H4,LONG,Trend+Momentum
XAUUSD_H4_1,1578,SQX-XAUUSD-H4-f4aca83232ba,XAUUSD,H4,LONG,Trend+Momentum+Volatility
XAUUSD_H4_1,1578,SQX-XAUUSD-H4-f4c4260efb16,XAUUSD,H4,LONG,Trend+Volatility
XAUUSD_H4_1,1578,SQX-XAUUSD-H4-f4c9d88e34df,XAUUSD,H4,LONG,Momentum
XAUUSD_H4_1,1578,SQX-XAUUSD-H4-f518bd8bc43a,XAUUSD,H4,LONG,Trend+Momentum
XAUUSD_H4_1,1578,SQX-XAUUSD-H4-f548f59cf539,XAUUSD,H4,LONG,Volatility+Structure
XAUUSD_H4_1,1578,SQX-XAUUSD-H4-f567401ee227,XAUUSD,H4,LONG,Momentum
XAUUSD_H4_1,1578,SQX-XAUUSD-H4-f598f85744e9,XAUUSD,H4,LONG,Momentum
XAUUSD_H4_1,1578,SQX-XAUUSD-H4-f5b7dc456f86,XAUUSD,H4,LONG,Momentum
XAUUSD_H4_1,1578,SQX-XAUUSD-H4-f5d8ba3671df,XAUUSD,H4,LONG,Trend+Structure
XAUUSD_H4_1,1578,SQX-XAUUSD-H4-f60972cfe3d1,XAUUSD,H4,LONG,Trend+Momentum
XAUUSD_H4_1,1578,SQX-XAUUSD-H4-f619e4052de0,XAUUSD,H4,LONG,Volatility+Structure
XAUUSD_H4_1,1578,SQX-XAUUSD-H4-f61f6d85b88b,XAUUSD,H4,LONG,Trend+Momentum
XAUUSD_H4_1,1578,SQX-XAUUSD-H4-f62210a0b595,XAUUSD,H4,LONG,Trend+Momentum
XAUUSD_H4_1,1578,SQX-XAUUSD-H4-f67624978db9,XAUUSD,H4,LONG,Trend+Momentum+Structure
XAUUSD_H4_1,1578,SQX-XAUUSD-H4-f6a2b0d5f03c,XAUUSD,H4,LONG,Trend+Volatility
XAUUSD_H4_1,1578,SQX-XAUUSD-H4-f6a2f367cbd4,XAUUSD,H4,LONG,Momentum+Volatility
XAUUSD_H4_1,1578,SQX-XAUUSD-H4-f6a61d93574e,XAUUSD,H4,LONG,Trend+Momentum
XAUUSD_H4_1,1578,SQX-XAUUSD-H4-f6b361aeaf47,XAUUSD,H4,LONG,Trend+Momentum
XAUUSD_H4_1,1578,SQX-XAUUSD-H4-f6e1f802443b,XAUUSD,H4,LONG,Volatility+Structure
XAUUSD_H4_1,1578,SQX-XAUUSD-H4-f6e41d7f7f82,XAUUSD,H4,LONG,Volatility+Structure
XAUUSD_H4_1,1578,SQX-XAUUSD-H4-f6eba8e031bb,XAUUSD,H4,LONG,Momentum+Structure
XAUUSD_H4_1,1578,SQX-XAUUSD-H4-f6fba25b8027,XAUUSD,H4,LONG,Trend
XAUUSD_H4_1,1578,SQX-XAUUSD-H4-f72bfa3ba0fa,XAUUSD,H4,LONG,Momentum+Structure
XAUUSD_H4_1,1578,SQX-XAUUSD-H4-f7addc1c7005,XAUUSD,H4,LONG,Trend
XAUUSD_H4_1,1578,SQX-XAUUSD-H4-f7ae79ffb76f,XAUUSD,H4,LONG,Trend+Momentum
XAUUSD_H4_1,1578,SQX-XAUUSD-H4-f7b94f987288,XAUUSD,H4,LONG,Trend
XAUUSD_H4_1,1578,SQX-XAUUSD-H4-f7c91871d938,XAUUSD,H4,LONG,Trend+Momentum
XAUUSD_H4_1,1578,SQX-XAUUSD-H4-f7f2fa992fee,XAUUSD,H4,LONG,Momentum+Volatility+Structure
XAUUSD_H4_1,1578,SQX-XAUUSD-H4-f7fea3ef61bf,XAUUSD,H4,LONG,Trend+Volatility+Structure
XAUUSD_H4_1,1578,SQX-XAUUSD-H4-f82ad4ae45c8,XAUUSD,H4,LONG,Momentum
XAUUSD_H4_1,1578,SQX-XAUUSD-H4-f852e74390c9,XAUUSD,H4,LONG,Trend+Momentum+Volatility+Structure
XAUUSD_H4_1,1578,SQX-XAUUSD-H4-f8cd4d0a217f,XAUUSD,H4,LONG,Trend+Volatility+Structure
XAUUSD_H4_1,1578,SQX-XAUUSD-H4-f8f8d97ea4bc,XAUUSD,H4,LONG,Trend
XAUUSD_H4_1,1578,SQX-XAUUSD-H4-f91086f8e4ce,XAUUSD,H4,LONG,Momentum+Structure
XAUUSD_H4_1,1578,SQX-XAUUSD-H4-f958290c3078,XAUUSD,H4,LONG,Trend+Volatility
XAUUSD_H4_1,1578,SQX-XAUUSD-H4-f9b46ed50b73,XAUUSD,H4,LONG,Momentum
XAUUSD_H4_1,1578,SQX-XAUUSD-H4-fa3c8023415d,XAUUSD,H4,LONG,Momentum+Structure
XAUUSD_H4_1,1578,SQX-XAUUSD-H4-fa40a6258230,XAUUSD,H4,LONG,Trend+Momentum+Volatility
XAUUSD_H4_1,1578,SQX-XAUUSD-H4-fa68ac436fb3,XAUUSD,H4,LONG,Momentum
XAUUSD_H4_1,1578,SQX-XAUUSD-H4-fa720b2f0f9c,XAUUSD,H4,LONG,Trend+Structure
XAUUSD_H4_1,1578,SQX-XAUUSD-H4-fa8233c4141a,XAUUSD,H4,LONG,Momentum+Volatility
XAUUSD_H4_1,1578,SQX-XAUUSD-H4-fa9eb30e0fbd,XAUUSD,H4,LONG,Volatility
XAUUSD_H4_1,1578,SQX-XAUUSD-H4-fa9f51c55830,XAUUSD,H4,LONG,Trend+Volatility
XAUUSD_H4_1,1578,SQX-XAUUSD-H4-fac11b86980a,XAUUSD,H4,LONG,Trend+Momentum+Structure
XAUUSD_H4_1,1578,SQX-XAUUSD-H4-fac555892e99,XAUUSD,H4,LONG,Momentum
XAUUSD_H4_1,1578,SQX-XAUUSD-H4-facf041b6298,XAUUSD,H4,LONG,Trend+Momentum
XAUUSD_H4_1,1578,SQX-XAUUSD-H4-fb268d517585,XAUUSD,H4,LONG,Trend+Volatility
XAUUSD_H4_1,1578,SQX-XAUUSD-H4-fb4b39b7d785,XAUUSD,H4,LONG,Momentum+Volatility
XAUUSD_H4_1,1578,SQX-XAUUSD-H4-fb743c7678ae,XAUUSD,H4,LONG,Volatility+Structure
XAUUSD_H4_1,1578,SQX-XAUUSD-H4-fb9002045634,XAUUSD,H4,LONG,Momentum+Structure
XAUUSD_H4_1,1578,SQX-XAUUSD-H4-fb9c7a21bc24,XAUUSD,H4,LONG,Momentum
XAUUSD_H4_1,1578,SQX-XAUUSD-H4-fba6db1cb20c,XAUUSD,H4,LONG,Momentum
XAUUSD_H4_1,1578,SQX-XAUUSD-H4-fbac27a4aaaf,XAUUSD,H4,LONG,Momentum+Volatility+Structure
XAUUSD_H4_1,1578,SQX-XAUUSD-H4-fbbbb9991d81,XAUUSD,H4,LONG,Momentum+Volatility
XAUUSD_H4_1,1578,SQX-XAUUSD-H4-fbd68632e7db,XAUUSD,H4,LONG,Momentum
XAUUSD_H4_1,1578,SQX-XAUUSD-H4-fbe12830d755,XAUUSD,H4,LONG,Trend+Momentum+Volatility+Structure
XAUUSD_H4_1,1578,SQX-XAUUSD-H4-fbf8d74328f0,XAUUSD,H4,LONG,Momentum+Structure
XAUUSD_H4_1,1578,SQX-XAUUSD-H4-fbf9664ccec2,XAUUSD,H4,LONG,Trend+Momentum
XAUUSD_H4_1,1578,SQX-XAUUSD-H4-fcb0e0c97de7,XAUUSD,H4,LONG,Trend+Momentum
XAUUSD_H4_1,1578,SQX-XAUUSD-H4-fcb7fe00b93c,XAUUSD,H4,LONG,Momentum
XAUUSD_H4_1,1578,SQX-XAUUSD-H4-fccc99fe82e4,XAUUSD,H4,LONG,Momentum
XAUUSD_H4_1,1578,SQX-XAUUSD-H4-fcd7908c3233,XAUUSD,H4,LONG,Trend+Momentum+Structure
XAUUSD_H4_1,1578,SQX-XAUUSD-H4-fcd89b0db38b,XAUUSD,H4,LONG,Trend+Structure
XAUUSD_H4_1,1578,SQX-XAUUSD-H4-fcdb100b8c5c,XAUUSD,H4,LONG,Momentum
XAUUSD_H4_1,1578,SQX-XAUUSD-H4-fd3e17daeee0,XAUUSD,H4,LONG,Volatility+Structure
XAUUSD_H4_1,1578,SQX-XAUUSD-H4-fd5c8388e046,XAUUSD,H4,LONG,Trend
XAUUSD_H4_1,1578,SQX-XAUUSD-H4-fd6293fed401,XAUUSD,H4,LONG,Momentum+Structure
XAUUSD_H4_1,1578,SQX-XAUUSD-H4-fd63d397b4f4,XAUUSD,H4,LONG,Trend+Momentum
XAUUSD_H4_1,1578,SQX-XAUUSD-H4-fd726d5f13ef,XAUUSD,H4,LONG,Momentum+Volatility+Structure
XAUUSD_H4_1,1578,SQX-XAUUSD-H4-fd8415e25d16,XAUUSD,H4,LONG,Trend+Structure
XAUUSD_H4_1,1578,SQX-XAUUSD-H4-fdd54b7f3bba,XAUUSD,H4,LONG,Momentum+Structure
XAUUSD_H4_1,1578,SQX-XAUUSD-H4-fdd8dd5640e2,XAUUSD,H4,LONG,Momentum+Structure
XAUUSD_H4_1,1578,SQX-XAUUSD-H4-fdd9649970cc,XAUUSD,H4,LONG,Trend+Volatility
XAUUSD_H4_1,1578,SQX-XAUUSD-H4-fdf408e71591,XAUUSD,H4,LONG,Trend+Momentum
XAUUSD_H4_1,1578,SQX-XAUUSD-H4-fe0aed0bec8f,XAUUSD,H4,LONG,Momentum
XAUUSD_H4_1,1578,SQX-XAUUSD-H4-fe69145d7451,XAUUSD,H4,LONG,Momentum
XAUUSD_H4_1,1578,SQX-XAUUSD-H4-fe9ac1a2ee22,XAUUSD,H4,LONG,Trend+Momentum
XAUUSD_H4_1,1578,SQX-XAUUSD-H4-fec9f5272040,XAUUSD,H4,LONG,Trend+Momentum
XAUUSD_H4_1,1578,SQX-XAUUSD-H4-feed14111524,XAUUSD,H4,LONG,Momentum+Volatility
XAUUSD_H4_1,1578,SQX-XAUUSD-H4-ff0cf5b67826,XAUUSD,H4,LONG,Trend+Structure
XAUUSD_H4_1,1578,SQX-XAUUSD-H4-ff12b494719e,XAUUSD,H4,LONG,Trend
XAUUSD_H4_1,1578,SQX-XAUUSD-H4-ff37ffdc46ea,XAUUSD,H4,LONG,Momentum+Volatility
XAUUSD_H4_1,1578,SQX-XAUUSD-H4-ff3a4b5b9d62,XAUUSD,H4,LONG,Volatility+Structure
XAUUSD_H4_1,1578,SQX-XAUUSD-H4-ff457cd0a20b,XAUUSD,H4,LONG,Momentum+Structure
XAUUSD_H4_1,1578,SQX-XAUUSD-H4-ffcce2559a05,XAUUSD,H4,LONG,Trend
XAUUSD_H4_1,1578,SQX-XAUUSD-H4-ffce12c92734,XAUUSD,H4,LONG,Trend+Momentum+Volatility
XAUUSD_H4_1,1578,SQX-XAUUSD-H4-fffd3e906fd2,XAUUSD,H4,LONG,Trend
XAUUSD_H4_2,81,SQX-XAUUSD-H4-0258f93595a2,XAUUSD,H4,LONG,Trend+Momentum+Structure
XAUUSD_H4_2,81,SQX-XAUUSD-H4-0573ea7f5763,XAUUSD,H4,LONG,Trend+Momentum+Volatility+Structure
XAUUSD_H4_2,81,SQX-XAUUSD-H4-0ca56ef77d10,XAUUSD,H4,LONG,Momentum+Volatility+Structure
XAUUSD_H4_2,81,SQX-XAUUSD-H4-0d642826c1fb,XAUUSD,H4,LONG,Trend+Momentum+Structure
XAUUSD_H4_2,81,SQX-XAUUSD-H4-10430e6c3615,XAUUSD,H4,LONG,Trend+Momentum+Volatility+Structure
XAUUSD_H4_2,81,SQX-XAUUSD-H4-1e5fefae5dd1,XAUUSD,H4,LONG,Trend+Momentum+Volatility+Structure
XAUUSD_H4_2,81,SQX-XAUUSD-H4-1f15ba6be757,XAUUSD,H4,LONG,Trend+Momentum+Structure
XAUUSD_H4_2,81,SQX-XAUUSD-H4-2dfa27bd1af5,XAUUSD,H4,LONG,Trend+Momentum+Volatility+Structure
XAUUSD_H4_2,81,SQX-XAUUSD-H4-3036d08e653c,XAUUSD,H4,LONG,Trend+Momentum+Structure
XAUUSD_H4_2,81,SQX-XAUUSD-H4-344ee8b2f228,XAUUSD,H4,LONG,Trend+Momentum+Structure
XAUUSD_H4_2,81,SQX-XAUUSD-H4-3abfa8d742d2,XAUUSD,H4,LONG,Trend+Momentum+Structure
XAUUSD_H4_2,81,SQX-XAUUSD-H4-3b7ba30b6d13,XAUUSD,H4,LONG,Trend+Momentum+Structure
XAUUSD_H4_2,81,SQX-XAUUSD-H4-3ec133d63f75,XAUUSD,H4,LONG,Trend+Momentum+Structure
XAUUSD_H4_2,81,SQX-XAUUSD-H4-41484ed287e5,XAUUSD,H4,LONG,Trend+Momentum+Structure
XAUUSD_H4_2,81,SQX-XAUUSD-H4-45103a2fe884,XAUUSD,H4,LONG,Trend+Momentum+Structure
XAUUSD_H4_2,81,SQX-XAUUSD-H4-46fc1995c2a2,XAUUSD,H4,LONG,Momentum+Structure
XAUUSD_H4_2,81,SQX-XAUUSD-H4-47007deaabbf,XAUUSD,H4,LONG,Trend+Momentum+Structure
XAUUSD_H4_2,81,SQX-XAUUSD-H4-4ccfc8d1c1c5,XAUUSD,H4,LONG,Trend+Momentum+Structure
XAUUSD_H4_2,81,SQX-XAUUSD-H4-501b6b9302ca,XAUUSD,H4,LONG,Trend+Momentum+Structure
XAUUSD_H4_2,81,SQX-XAUUSD-H4-506839d2db9e,XAUUSD,H4,LONG,Trend+Momentum+Structure
XAUUSD_H4_2,81,SQX-XAUUSD-H4-511ff8f0656b,XAUUSD,H4,LONG,Trend+Momentum+Structure
XAUUSD_H4_2,81,SQX-XAUUSD-H4-51a78b272761,XAUUSD,H4,LONG,Trend+Momentum+Structure
XAUUSD_H4_2,81,SQX-XAUUSD-H4-5642e3461b40,XAUUSD,H4,LONG,Trend+Momentum+Structure
XAUUSD_H4_2,81,SQX-XAUUSD-H4-61fd0126221d,XAUUSD,H4,LONG,Trend+Momentum+Volatility+Structure
XAUUSD_H4_2,81,SQX-XAUUSD-H4-6244c71bdc40,XAUUSD,H4,LONG,Trend+Momentum+Structure
XAUUSD_H4_2,81,SQX-XAUUSD-H4-64e3c92f9309,XAUUSD,H4,LONG,Trend+Momentum+Structure
XAUUSD_H4_2,81,SQX-XAUUSD-H4-69d5defe9600,XAUUSD,H4,LONG,Trend+Momentum+Structure
XAUUSD_H4_2,81,SQX-XAUUSD-H4-6a3f1d8b6409,XAUUSD,H4,LONG,Trend+Momentum+Volatility+Structure
XAUUSD_H4_2,81,SQX-XAUUSD-H4-6abd00cd8cba,XAUUSD,H4,LONG,Momentum+Structure
XAUUSD_H4_2,81,SQX-XAUUSD-H4-6e67d48e7052,XAUUSD,H4,LONG,Trend+Momentum+Structure
XAUUSD_H4_2,81,SQX-XAUUSD-H4-6e79d3f318ff,XAUUSD,H4,LONG,Trend+Momentum+Structure
XAUUSD_H4_2,81,SQX-XAUUSD-H4-70dae3a18e48,XAUUSD,H4,LONG,Trend+Momentum+Structure
XAUUSD_H4_2,81,SQX-XAUUSD-H4-75ee6674f81d,XAUUSD,H4,LONG,Momentum+Volatility+Structure
XAUUSD_H4_2,81,SQX-XAUUSD-H4-765c5f8a3c00,XAUUSD,H4,LONG,Trend+Momentum+Structure
XAUUSD_H4_2,81,SQX-XAUUSD-H4-76cb31e2b0d2,XAUUSD,H4,LONG,Trend+Momentum+Structure
XAUUSD_H4_2,81,SQX-XAUUSD-H4-78b64356e160,XAUUSD,H4,LONG,Trend+Momentum+Structure
XAUUSD_H4_2,81,SQX-XAUUSD-H4-7a7402aa03e2,XAUUSD,H4,LONG,Momentum+Structure
XAUUSD_H4_2,81,SQX-XAUUSD-H4-7c24d9baa5f3,XAUUSD,H4,LONG,Trend+Momentum+Structure
XAUUSD_H4_2,81,SQX-XAUUSD-H4-7ccd9ace29fb,XAUUSD,H4,LONG,Trend+Momentum+Structure
XAUUSD_H4_2,81,SQX-XAUUSD-H4-866ceeb40e3f,XAUUSD,H4,LONG,Trend+Momentum+Volatility+Structure
XAUUSD_H4_2,81,SQX-XAUUSD-H4-86e5474231f1,XAUUSD,H4,LONG,Trend+Momentum+Volatility+Structure
XAUUSD_H4_2,81,SQX-XAUUSD-H4-8b464d97d05e,XAUUSD,H4,LONG,Trend+Momentum+Structure
XAUUSD_H4_2,81,SQX-XAUUSD-H4-91b686b10f46,XAUUSD,H4,LONG,Trend+Momentum+Structure
XAUUSD_H4_2,81,SQX-XAUUSD-H4-98bba42b40dd,XAUUSD,H4,LONG,Trend+Momentum+Volatility+Structure
XAUUSD_H4_2,81,SQX-XAUUSD-H4-997bfe38e801,XAUUSD,H4,LONG,Trend+Momentum+Structure
XAUUSD_H4_2,81,SQX-XAUUSD-H4-9afcddfdcdc2,XAUUSD,H4,LONG,Trend+Momentum+Structure
XAUUSD_H4_2,81,SQX-XAUUSD-H4-9dd4384116e7,XAUUSD,H4,LONG,Trend+Momentum+Structure
XAUUSD_H4_2,81,SQX-XAUUSD-H4-a01ecb414675,XAUUSD,H4,LONG,Trend+Momentum+Volatility+Structure
XAUUSD_H4_2,81,SQX-XAUUSD-H4-a532716d281d,XAUUSD,H4,LONG,Trend+Momentum+Structure
XAUUSD_H4_2,81,SQX-XAUUSD-H4-a9ddea0eefb2,XAUUSD,H4,LONG,Trend+Momentum+Structure
XAUUSD_H4_2,81,SQX-XAUUSD-H4-ab4e94082fc3,XAUUSD,H4,LONG,Trend+Momentum+Structure
XAUUSD_H4_2,81,SQX-XAUUSD-H4-abd790bb8e07,XAUUSD,H4,LONG,Trend+Momentum+Structure
XAUUSD_H4_2,81,SQX-XAUUSD-H4-ac0338ed18b0,XAUUSD,H4,LONG,Trend+Momentum+Structure
XAUUSD_H4_2,81,SQX-XAUUSD-H4-acaba076e438,XAUUSD,H4,LONG,Trend+Momentum+Structure
XAUUSD_H4_2,81,SQX-XAUUSD-H4-ad8da6e6eb98,XAUUSD,H4,LONG,Trend+Momentum+Structure
XAUUSD_H4_2,81,SQX-XAUUSD-H4-afcb121a9671,XAUUSD,H4,LONG,Trend+Momentum+Volatility+Structure
XAUUSD_H4_2,81,SQX-XAUUSD-H4-bbb4ab0d1bf5,XAUUSD,H4,LONG,Trend+Momentum+Structure
XAUUSD_H4_2,81,SQX-XAUUSD-H4-c0623575c13b,XAUUSD,H4,LONG,Trend+Momentum+Structure
XAUUSD_H4_2,81,SQX-XAUUSD-H4-c242d18a069d,XAUUSD,H4,LONG,Trend+Momentum+Structure
XAUUSD_H4_2,81,SQX-XAUUSD-H4-c647b68fdb5c,XAUUSD,H4,LONG,Trend+Momentum+Structure
XAUUSD_H4_2,81,SQX-XAUUSD-H4-cf9e3999434a,XAUUSD,H4,LONG,Momentum+Structure
XAUUSD_H4_2,81,SQX-XAUUSD-H4-d08a85956ae0,XAUUSD,H4,LONG,Trend+Momentum+Volatility+Structure
XAUUSD_H4_2,81,SQX-XAUUSD-H4-d092c741c8f4,XAUUSD,H4,LONG,Trend+Momentum+Structure
XAUUSD_H4_2,81,SQX-XAUUSD-H4-d58694325a5b,XAUUSD,H4,LONG,Trend+Momentum+Structure
XAUUSD_H4_2,81,SQX-XAUUSD-H4-d7119ba3f4eb,XAUUSD,H4,LONG,Trend+Momentum+Volatility+Structure
XAUUSD_H4_2,81,SQX-XAUUSD-H4-d7302c93f56b,XAUUSD,H4,LONG,Trend+Momentum+Structure
XAUUSD_H4_2,81,SQX-XAUUSD-H4-d95fadf7fe1e,XAUUSD,H4,LONG,Trend+Momentum+Structure
XAUUSD_H4_2,81,SQX-XAUUSD-H4-df345b4429dd,XAUUSD,H4,LONG,Momentum+Structure
XAUUSD_H4_2,81,SQX-XAUUSD-H4-e077b4d4a373,XAUUSD,H4,LONG,Trend+Momentum+Structure
XAUUSD_H4_2,81,SQX-XAUUSD-H4-e09e4b8695df,XAUUSD,H4,LONG,Trend+Momentum+Structure
XAUUSD_H4_2,81,SQX-XAUUSD-H4-e7df3fb8634e,XAUUSD,H4,LONG,Trend+Momentum+Structure
XAUUSD_H4_2,81,SQX-XAUUSD-H4-e9e24512a087,XAUUSD,H4,LONG,Trend+Momentum+Structure
XAUUSD_H4_2,81,SQX-XAUUSD-H4-eb31a2184971,XAUUSD,H4,LONG,Trend+Momentum+Structure
XAUUSD_H4_2,81,SQX-XAUUSD-H4-ecee07bec213,XAUUSD,H4,LONG,Trend+Momentum+Structure
XAUUSD_H4_2,81,SQX-XAUUSD-H4-f0ecc99dd4df,XAUUSD,H4,LONG,Trend+Momentum+Structure
XAUUSD_H4_2,81,SQX-XAUUSD-H4-f58f5e11e858,XAUUSD,H4,LONG,Trend+Momentum+Structure
XAUUSD_H4_2,81,SQX-XAUUSD-H4-f6558ffaac5a,XAUUSD,H4,LONG,Trend+Momentum+Structure
XAUUSD_H4_2,81,SQX-XAUUSD-H4-f6db563db274,XAUUSD,H4,LONG,Trend+Momentum+Structure
XAUUSD_H4_2,81,SQX-XAUUSD-H4-f8ed324f0a61,XAUUSD,H4,LONG,Momentum+Structure
XAUUSD_H4_2,81,SQX-XAUUSD-H4-fa04154eca30,XAUUSD,H4,LONG,Trend+Momentum+Structure
XAUUSD_H4_2,81,SQX-XAUUSD-H4-fbdf72549c66,XAUUSD,H4,LONG,Trend+Momentum+Structure
XAUUSD_H4_3,73,SQX-XAUUSD-H4-038a742bfb57,XAUUSD,H4,LONG,Momentum+Structure
XAUUSD_H4_3,73,SQX-XAUUSD-H4-05a8e41f602e,XAUUSD,H4,LONG,Trend+Volatility+Structure
XAUUSD_H4_3,73,SQX-XAUUSD-H4-0612a26302bc,XAUUSD,H4,LONG,Momentum+Structure
XAUUSD_H4_3,73,SQX-XAUUSD-H4-078aad4bedb6,XAUUSD,H4,LONG,Trend+Volatility
XAUUSD_H4_3,73,SQX-XAUUSD-H4-0883b9fda3fe,XAUUSD,H4,LONG,Trend+Structure
XAUUSD_H4_3,73,SQX-XAUUSD-H4-0a582b7b902b,XAUUSD,H4,LONG,Trend+Structure
XAUUSD_H4_3,73,SQX-XAUUSD-H4-0ba938743fde,XAUUSD,H4,LONG,Trend+Volatility+Structure
XAUUSD_H4_3,73,SQX-XAUUSD-H4-101f38090991,XAUUSD,H4,LONG,Momentum+Volatility
XAUUSD_H4_3,73,SQX-XAUUSD-H4-104b8bba0b95,XAUUSD,H4,LONG,Momentum+Structure
XAUUSD_H4_3,73,SQX-XAUUSD-H4-129dbaee7f4a,XAUUSD,H4,LONG,Momentum+Structure
XAUUSD_H4_3,73,SQX-XAUUSD-H4-13c7784c600b,XAUUSD,H4,LONG,Trend+Volatility
XAUUSD_H4_3,73,SQX-XAUUSD-H4-14f90ba80daf,XAUUSD,H4,LONG,Momentum+Volatility+Structure
XAUUSD_H4_3,73,SQX-XAUUSD-H4-184e4ae6933c,XAUUSD,H4,LONG,Momentum+Volatility
XAUUSD_H4_3,73,SQX-XAUUSD-H4-195b76987b10,XAUUSD,H4,LONG,Momentum+Volatility
XAUUSD_H4_3,73,SQX-XAUUSD-H4-19d8ea028405,XAUUSD,H4,LONG,Momentum+Structure
XAUUSD_H4_3,73,SQX-XAUUSD-H4-1cbcfe87b665,XAUUSD,H4,LONG,Trend+Momentum+Structure
XAUUSD_H4_3,73,SQX-XAUUSD-H4-1cea6ce5e050,XAUUSD,H4,LONG,Trend+Volatility
XAUUSD_H4_3,73,SQX-XAUUSD-H4-20076d959f95,XAUUSD,H4,LONG,Trend+Momentum+Volatility
XAUUSD_H4_3,73,SQX-XAUUSD-H4-218b67385be0,XAUUSD,H4,LONG,Momentum+Structure
XAUUSD_H4_3,73,SQX-XAUUSD-H4-22922f16a73f,XAUUSD,H4,LONG,Momentum
XAUUSD_H4_3,73,SQX-XAUUSD-H4-23990c8101ec,XAUUSD,H4,LONG,Trend+Momentum+Structure
XAUUSD_H4_3,73,SQX-XAUUSD-H4-264503b168ec,XAUUSD,H4,LONG,Trend+Momentum+Volatility+Structure
XAUUSD_H4_3,73,SQX-XAUUSD-H4-2865b8b647a5,XAUUSD,H4,LONG,Momentum
XAUUSD_H4_3,73,SQX-XAUUSD-H4-2a1dbfa53332,XAUUSD,H4,LONG,Structure
XAUUSD_H4_3,73,SQX-XAUUSD-H4-303d1fd6f199,XAUUSD,H4,LONG,Trend+Momentum
XAUUSD_H4_3,73,SQX-XAUUSD-H4-32f2e7e3919e,XAUUSD,H4,LONG,Momentum+Volatility+Structure
XAUUSD_H4_3,73,SQX-XAUUSD-H4-340e806c4ce9,XAUUSD,H4,LONG,Momentum+Structure
XAUUSD_H4_3,73,SQX-XAUUSD-H4-34a85a299539,XAUUSD,H4,LONG,Momentum+Volatility
XAUUSD_H4_3,73,SQX-XAUUSD-H4-386496309ef7,XAUUSD,H4,LONG,Momentum
XAUUSD_H4_3,73,SQX-XAUUSD-H4-3a575b5f8a5f,XAUUSD,H4,LONG,Trend+Momentum+Structure
XAUUSD_H4_3,73,SQX-XAUUSD-H4-3f29c2eab08c,XAUUSD,H4,LONG,Momentum
XAUUSD_H4_3,73,SQX-XAUUSD-H4-43cc5d79b5db,XAUUSD,H4,LONG,Trend+Structure
XAUUSD_H4_3,73,SQX-XAUUSD-H4-44c504a4e2a1,XAUUSD,H4,LONG,Momentum
XAUUSD_H4_3,73,SQX-XAUUSD-H4-4b1d94ff329e,XAUUSD,H4,LONG,Volatility+Structure
XAUUSD_H4_3,73,SQX-XAUUSD-H4-4c77637306d2,XAUUSD,H4,LONG,Trend+Momentum+Structure
XAUUSD_H4_3,73,SQX-XAUUSD-H4-575734b89584,XAUUSD,H4,LONG,Momentum+Structure
XAUUSD_H4_3,73,SQX-XAUUSD-H4-5d8c892bf161,XAUUSD,H4,LONG,Trend+Momentum+Volatility
XAUUSD_H4_3,73,SQX-XAUUSD-H4-60fccc1fd8b4,XAUUSD,H4,LONG,Momentum+Structure
XAUUSD_H4_3,73,SQX-XAUUSD-H4-63407a000ad9,XAUUSD,H4,LONG,Trend+Momentum
XAUUSD_H4_3,73,SQX-XAUUSD-H4-687784279892,XAUUSD,H4,LONG,Volatility+Structure
XAUUSD_H4_3,73,SQX-XAUUSD-H4-69ccca8c1be8,XAUUSD,H4,LONG,Trend+Volatility
XAUUSD_H4_3,73,SQX-XAUUSD-H4-6b5b6579cdcc,XAUUSD,H4,LONG,Momentum+Structure
XAUUSD_H4_3,73,SQX-XAUUSD-H4-75f1a97a4522,XAUUSD,H4,LONG,Momentum
XAUUSD_H4_3,73,SQX-XAUUSD-H4-7cc8c0f02953,XAUUSD,H4,LONG,Trend+Volatility
XAUUSD_H4_3,73,SQX-XAUUSD-H4-809bb8ed80bd,XAUUSD,H4,LONG,Momentum+Structure
XAUUSD_H4_3,73,SQX-XAUUSD-H4-92ab5dd1d045,XAUUSD,H4,LONG,Trend+Momentum+Structure
XAUUSD_H4_3,73,SQX-XAUUSD-H4-98a8bc002a89,XAUUSD,H4,LONG,Momentum+Volatility
XAUUSD_H4_3,73,SQX-XAUUSD-H4-a16c8a73c12a,XAUUSD,H4,LONG,Momentum+Structure
XAUUSD_H4_3,73,SQX-XAUUSD-H4-a4ce6262ff5c,XAUUSD,H4,LONG,Momentum
XAUUSD_H4_3,73,SQX-XAUUSD-H4-a63e064ec821,XAUUSD,H4,LONG,Momentum+Structure
XAUUSD_H4_3,73,SQX-XAUUSD-H4-a91bee0a73c1,XAUUSD,H4,LONG,Trend+Momentum+Volatility
XAUUSD_H4_3,73,SQX-XAUUSD-H4-b6d82a167c68,XAUUSD,H4,LONG,Momentum+Structure
XAUUSD_H4_3,73,SQX-XAUUSD-H4-ba40648ced41,XAUUSD,H4,LONG,Momentum
XAUUSD_H4_3,73,SQX-XAUUSD-H4-ba47de1cf6c6,XAUUSD,H4,LONG,Momentum+Volatility+Structure
XAUUSD_H4_3,73,SQX-XAUUSD-H4-c912a9a7b55a,XAUUSD,H4,LONG,Trend+Volatility+Structure
XAUUSD_H4_3,73,SQX-XAUUSD-H4-ca0cce3ac678,XAUUSD,H4,LONG,Momentum+Structure
XAUUSD_H4_3,73,SQX-XAUUSD-H4-cd3fece9af08,XAUUSD,H4,LONG,Momentum+Structure
XAUUSD_H4_3,73,SQX-XAUUSD-H4-ceecca42cc07,XAUUSD,H4,LONG,Trend+Volatility+Structure
XAUUSD_H4_3,73,SQX-XAUUSD-H4-d0e90f9f2ba9,XAUUSD,H4,LONG,Momentum+Volatility+Structure
XAUUSD_H4_3,73,SQX-XAUUSD-H4-d22c78b1e2d3,XAUUSD,H4,LONG,Momentum+Volatility+Structure
XAUUSD_H4_3,73,SQX-XAUUSD-H4-d4ee8d1bcce0,XAUUSD,H4,LONG,Trend+Structure
XAUUSD_H4_3,73,SQX-XAUUSD-H4-dabaeb383fbc,XAUUSD,H4,LONG,Momentum+Structure
XAUUSD_H4_3,73,SQX-XAUUSD-H4-ddf760985e84,XAUUSD,H4,LONG,Trend+Momentum
XAUUSD_H4_3,73,SQX-XAUUSD-H4-de8f7b1d2f20,XAUUSD,H4,LONG,Trend+Momentum+Structure
XAUUSD_H4_3,73,SQX-XAUUSD-H4-e5a5766a2502,XAUUSD,H4,LONG,Momentum+Structure
XAUUSD_H4_3,73,SQX-XAUUSD-H4-e65cb014b126,XAUUSD,H4,LONG,Trend+Structure
XAUUSD_H4_3,73,SQX-XAUUSD-H4-e7d7f6125640,XAUUSD,H4,LONG,Trend+Momentum+Structure
XAUUSD_H4_3,73,SQX-XAUUSD-H4-ebe40f375f50,XAUUSD,H4,LONG,Momentum+Structure
XAUUSD_H4_3,73,SQX-XAUUSD-H4-ec8c412f3398,XAUUSD,H4,LONG,Momentum+Structure
XAUUSD_H4_3,73,SQX-XAUUSD-H4-eeab6edf902d,XAUUSD,H4,LONG,Momentum+Structure
XAUUSD_H4_3,73,SQX-XAUUSD-H4-f47aa51e2198,XAUUSD,H4,LONG,Trend+Volatility+Structure
XAUUSD_H4_3,73,SQX-XAUUSD-H4-f53da0ad76b4,XAUUSD,H4,LONG,Momentum+Volatility
XAUUSD_H4_3,73,SQX-XAUUSD-H4-f95431fca54e,XAUUSD,H4,LONG,Momentum
XAUUSD_H4_4,42,SQX-XAUUSD-H4-00d2f56d4d77,XAUUSD,H4,LONG,Volatility
XAUUSD_H4_4,42,SQX-XAUUSD-H4-1eb1dc67774a,XAUUSD,H4,LONG,Volatility
XAUUSD_H4_4,42,SQX-XAUUSD-H4-22d1eed24666,XAUUSD,H4,LONG,Momentum+Volatility+Structure
XAUUSD_H4_4,42,SQX-XAUUSD-H4-2f3d42d417fa,XAUUSD,H4,LONG,Momentum+Volatility
XAUUSD_H4_4,42,SQX-XAUUSD-H4-2fdd79e8f4ed,XAUUSD,H4,LONG,Volatility
XAUUSD_H4_4,42,SQX-XAUUSD-H4-57f9e02485ef,XAUUSD,H4,LONG,Volatility
XAUUSD_H4_4,42,SQX-XAUUSD-H4-5a9d0b8ebada,XAUUSD,H4,LONG,Trend+Momentum+Volatility
XAUUSD_H4_4,42,SQX-XAUUSD-H4-5c5ce838a690,XAUUSD,H4,LONG,Volatility
XAUUSD_H4_4,42,SQX-XAUUSD-H4-5db8db374bb1,XAUUSD,H4,LONG,Trend+Momentum+Volatility
XAUUSD_H4_4,42,SQX-XAUUSD-H4-64123ed05f00,XAUUSD,H4,LONG,Trend+Volatility
XAUUSD_H4_4,42,SQX-XAUUSD-H4-69cc8b12a754,XAUUSD,H4,LONG,Momentum+Volatility
XAUUSD_H4_4,42,SQX-XAUUSD-H4-6b22223afc1c,XAUUSD,H4,LONG,Trend+Volatility
XAUUSD_H4_4,42,SQX-XAUUSD-H4-6c0b0f982f2e,XAUUSD,H4,LONG,Trend+Volatility
XAUUSD_H4_4,42,SQX-XAUUSD-H4-6c219a3310b9,XAUUSD,H4,LONG,Trend+Momentum+Volatility
XAUUSD_H4_4,42,SQX-XAUUSD-H4-6cf733e194d6,XAUUSD,H4,LONG,Trend+Volatility
XAUUSD_H4_4,42,SQX-XAUUSD-H4-83b3334ad74e,XAUUSD,H4,LONG,Trend+Volatility
XAUUSD_H4_4,42,SQX-XAUUSD-H4-89d98898ef19,XAUUSD,H4,LONG,Trend+Momentum+Volatility
XAUUSD_H4_4,42,SQX-XAUUSD-H4-8da63a875296,XAUUSD,H4,LONG,Momentum+Volatility
XAUUSD_H4_4,42,SQX-XAUUSD-H4-9463b5df5f41,XAUUSD,H4,LONG,Momentum+Volatility+Structure
XAUUSD_H4_4,42,SQX-XAUUSD-H4-98f74a422f43,XAUUSD,H4,LONG,Volatility+Structure
XAUUSD_H4_4,42,SQX-XAUUSD-H4-9b2e7cc9fcc2,XAUUSD,H4,LONG,Trend+Volatility
XAUUSD_H4_4,42,SQX-XAUUSD-H4-a0a2f5bff083,XAUUSD,H4,LONG,Momentum+Volatility
XAUUSD_H4_4,42,SQX-XAUUSD-H4-a4a638c3890d,XAUUSD,H4,LONG,Volatility
XAUUSD_H4_4,42,SQX-XAUUSD-H4-a90c02fae2b4,XAUUSD,H4,LONG,Momentum+Volatility
XAUUSD_H4_4,42,SQX-XAUUSD-H4-ab4858248f4c,XAUUSD,H4,LONG,Trend+Volatility
XAUUSD_H4_4,42,SQX-XAUUSD-H4-ae3c7718ccbc,XAUUSD,H4,LONG,Volatility+Structure
XAUUSD_H4_4,42,SQX-XAUUSD-H4-be7e961d5cc5,XAUUSD,H4,LONG,Trend+Volatility
XAUUSD_H4_4,42,SQX-XAUUSD-H4-c021411296cd,XAUUSD,H4,LONG,Volatility+Structure
XAUUSD_H4_4,42,SQX-XAUUSD-H4-c3d25564fafe,XAUUSD,H4,LONG,Momentum+Volatility
XAUUSD_H4_4,42,SQX-XAUUSD-H4-c98f51833d70,XAUUSD,H4,LONG,Momentum+Volatility
XAUUSD_H4_4,42,SQX-XAUUSD-H4-ce72664fc62b,XAUUSD,H4,LONG,Volatility
XAUUSD_H4_4,42,SQX-XAUUSD-H4-d842e56c20d0,XAUUSD,H4,LONG,Trend+Momentum+Volatility
XAUUSD_H4_4,42,SQX-XAUUSD-H4-d958a60395cc,XAUUSD,H4,LONG,Volatility
XAUUSD_H4_4,42,SQX-XAUUSD-H4-e23418f14a01,XAUUSD,H4,LONG,Momentum+Volatility
XAUUSD_H4_4,42,SQX-XAUUSD-H4-e93c4d45385f,XAUUSD,H4,LONG,Trend+Momentum+Volatility
XAUUSD_H4_4,42,SQX-XAUUSD-H4-ec788b024d09,XAUUSD,H4,LONG,Volatility
XAUUSD_H4_4,42,SQX-XAUUSD-H4-ecc350c8dff7,XAUUSD,H4,LONG,Trend+Volatility
XAUUSD_H4_4,42,SQX-XAUUSD-H4-f3b893229045,XAUUSD,H4,LONG,Momentum+Volatility
XAUUSD_H4_4,42,SQX-XAUUSD-H4-fc386a0b21b4,XAUUSD,H4,LONG,Volatility+Structure
XAUUSD_H4_4,42,SQX-XAUUSD-H4-fd3a70d9812a,XAUUSD,H4,LONG,Trend+Volatility
XAUUSD_H4_4,42,SQX-XAUUSD-H4-fd92ce4f0322,XAUUSD,H4,LONG,Trend+Volatility
XAUUSD_H4_4,42,SQX-XAUUSD-H4-fdce6028100f,XAUUSD,H4,LONG,Volatility
XAUUSD_H4_5,42,SQX-XAUUSD-H4-0bc7d72d7720,XAUUSD,H4,LONG,Trend+Momentum+Structure
XAUUSD_H4_5,42,SQX-XAUUSD-H4-1caa969cbdd9,XAUUSD,H4,LONG,Momentum+Structure
XAUUSD_H4_5,42,SQX-XAUUSD-H4-1d41dc1a61fb,XAUUSD,H4,LONG,Momentum+Volatility+Structure
XAUUSD_H4_5,42,SQX-XAUUSD-H4-1f344c376df7,XAUUSD,H4,LONG,Momentum+Structure
XAUUSD_H4_5,42,SQX-XAUUSD-H4-2e6d5eb2a97f,XAUUSD,H4,LONG,Momentum+Volatility+Structure
XAUUSD_H4_5,42,SQX-XAUUSD-H4-4359ffaf1e93,XAUUSD,H4,LONG,Momentum+Structure
XAUUSD_H4_5,42,SQX-XAUUSD-H4-54aa0be01adb,XAUUSD,H4,LONG,Momentum+Structure
XAUUSD_H4_5,42,SQX-XAUUSD-H4-687cdfb14dc6,XAUUSD,H4,LONG,Momentum+Structure
XAUUSD_H4_5,42,SQX-XAUUSD-H4-68e7c2930e4c,XAUUSD,H4,LONG,Momentum+Structure
XAUUSD_H4_5,42,SQX-XAUUSD-H4-7701be2fec58,XAUUSD,H4,LONG,Trend+Structure
XAUUSD_H4_5,42,SQX-XAUUSD-H4-7ac0124e8a2f,XAUUSD,H4,LONG,Momentum+Structure
XAUUSD_H4_5,42,SQX-XAUUSD-H4-7e105279aac4,XAUUSD,H4,LONG,Trend+Momentum+Structure
XAUUSD_H4_5,42,SQX-XAUUSD-H4-8bd42875df3a,XAUUSD,H4,LONG,Momentum+Structure
XAUUSD_H4_5,42,SQX-XAUUSD-H4-8d3ec1795848,XAUUSD,H4,LONG,Trend+Volatility+Structure
XAUUSD_H4_5,42,SQX-XAUUSD-H4-8d82f43b19fb,XAUUSD,H4,LONG,Volatility+Structure
XAUUSD_H4_5,42,SQX-XAUUSD-H4-9750cc58c6ad,XAUUSD,H4,LONG,Momentum+Structure
XAUUSD_H4_5,42,SQX-XAUUSD-H4-9b0e190a8dbe,XAUUSD,H4,LONG,Momentum+Structure
XAUUSD_H4_5,42,SQX-XAUUSD-H4-9e83d488b6f8,XAUUSD,H4,LONG,Momentum+Structure
XAUUSD_H4_5,42,SQX-XAUUSD-H4-9ea43831eb7b,XAUUSD,H4,LONG,Momentum+Structure
XAUUSD_H4_5,42,SQX-XAUUSD-H4-a4d06353ba51,XAUUSD,H4,LONG,Trend+Structure
XAUUSD_H4_5,42,SQX-XAUUSD-H4-a8cc9c5f8348,XAUUSD,H4,LONG,Volatility+Structure
XAUUSD_H4_5,42,SQX-XAUUSD-H4-a9a90659559f,XAUUSD,H4,LONG,Momentum+Structure
XAUUSD_H4_5,42,SQX-XAUUSD-H4-a9c5d6217797,XAUUSD,H4,LONG,Volatility+Structure
XAUUSD_H4_5,42,SQX-XAUUSD-H4-aa4676229983,XAUUSD,H4,LONG,Momentum+Structure
XAUUSD_H4_5,42,SQX-XAUUSD-H4-aaf41f60629d,XAUUSD,H4,LONG,Momentum+Structure
XAUUSD_H4_5,42,SQX-XAUUSD-H4-b1c79429ba12,XAUUSD,H4,LONG,Momentum+Volatility+Structure
XAUUSD_H4_5,42,SQX-XAUUSD-H4-bac7b44afc58,XAUUSD,H4,LONG,Momentum+Volatility+Structure
XAUUSD_H4_5,42,SQX-XAUUSD-H4-bca2aef5f914,XAUUSD,H4,LONG,Momentum+Structure
XAUUSD_H4_5,42,SQX-XAUUSD-H4-c0d35909a6a3,XAUUSD,H4,LONG,Trend+Momentum+Volatility+Structure
XAUUSD_H4_5,42,SQX-XAUUSD-H4-cb4d1f7eaf4e,XAUUSD,H4,LONG,Momentum+Structure
XAUUSD_H4_5,42,SQX-XAUUSD-H4-d10bc32b9c7f,XAUUSD,H4,LONG,Trend+Volatility+Structure
XAUUSD_H4_5,42,SQX-XAUUSD-H4-d27d427c8503,XAUUSD,H4,LONG,Momentum+Structure
XAUUSD_H4_5,42,SQX-XAUUSD-H4-d31280a3b4cd,XAUUSD,H4,LONG,Trend+Volatility+Structure
XAUUSD_H4_5,42,SQX-XAUUSD-H4-de3a6c6d1fe9,XAUUSD,H4,LONG,Volatility+Structure
XAUUSD_H4_5,42,SQX-XAUUSD-H4-de638b70c9cc,XAUUSD,H4,LONG,Momentum+Structure
XAUUSD_H4_5,42,SQX-XAUUSD-H4-e2680527e008,XAUUSD,H4,LONG,Trend+Momentum+Volatility+Structure
XAUUSD_H4_5,42,SQX-XAUUSD-H4-e96388f3fc94,XAUUSD,H4,LONG,Momentum+Structure
XAUUSD_H4_5,42,SQX-XAUUSD-H4-e99c1db670d4,XAUUSD,H4,LONG,Trend+Structure
XAUUSD_H4_5,42,SQX-XAUUSD-H4-f578416022af,XAUUSD,H4,LONG,Momentum+Structure
XAUUSD_H4_5,42,SQX-XAUUSD-H4-fc6baff080da,XAUUSD,H4,LONG,Volatility+Structure
XAUUSD_H4_5,42,SQX-XAUUSD-H4-fe4942333096,XAUUSD,H4,LONG,Momentum+Structure
XAUUSD_H4_5,42,SQX-XAUUSD-H4-ff4f81844e42,XAUUSD,H4,LONG,Trend+Volatility+Structure
XAUUSD_H4_6,41,SQX-XAUUSD-H4-149b42bea334,XAUUSD,H4,LONG,Volatility+Structure
XAUUSD_H4_6,41,SQX-XAUUSD-H4-15cb6db74caf,XAUUSD,H4,LONG,Trend+Structure
XAUUSD_H4_6,41,SQX-XAUUSD-H4-238ee29c372d,XAUUSD,H4,LONG,Volatility+Structure
XAUUSD_H4_6,41,SQX-XAUUSD-H4-31ecb18fc451,XAUUSD,H4,LONG,Trend+Momentum+Structure
XAUUSD_H4_6,41,SQX-XAUUSD-H4-388d9629d651,XAUUSD,H4,LONG,Trend+Structure
XAUUSD_H4_6,41,SQX-XAUUSD-H4-3c6b71dc2c9f,XAUUSD,H4,LONG,Structure
XAUUSD_H4_6,41,SQX-XAUUSD-H4-3c832bffe076,XAUUSD,H4,LONG,Trend+Structure
XAUUSD_H4_6,41,SQX-XAUUSD-H4-40f07e367980,XAUUSD,H4,LONG,Trend+Structure
XAUUSD_H4_6,41,SQX-XAUUSD-H4-462b09077e55,XAUUSD,H4,LONG,Trend+Structure
XAUUSD_H4_6,41,SQX-XAUUSD-H4-53f8fa5a6e15,XAUUSD,H4,LONG,Volatility+Structure
XAUUSD_H4_6,41,SQX-XAUUSD-H4-5d4d0bddef6b,XAUUSD,H4,LONG,Trend+Structure
XAUUSD_H4_6,41,SQX-XAUUSD-H4-5ec53181901d,XAUUSD,H4,LONG,Trend+Momentum+Structure
XAUUSD_H4_6,41,SQX-XAUUSD-H4-69f0f2293c99,XAUUSD,H4,LONG,Trend+Structure
XAUUSD_H4_6,41,SQX-XAUUSD-H4-6c6f9d0c9d7d,XAUUSD,H4,LONG,Structure
XAUUSD_H4_6,41,SQX-XAUUSD-H4-6d6f4012dfdd,XAUUSD,H4,LONG,Trend+Structure
XAUUSD_H4_6,41,SQX-XAUUSD-H4-85788ac0f934,XAUUSD,H4,LONG,Momentum+Structure
XAUUSD_H4_6,41,SQX-XAUUSD-H4-9672cad5a252,XAUUSD,H4,LONG,Trend+Structure
XAUUSD_H4_6,41,SQX-XAUUSD-H4-9d794aef158f,XAUUSD,H4,LONG,Trend+Structure
XAUUSD_H4_6,41,SQX-XAUUSD-H4-9e311893f82a,XAUUSD,H4,LONG,Trend+Structure
XAUUSD_H4_6,41,SQX-XAUUSD-H4-a2862976a0d8,XAUUSD,H4,LONG,Trend+Structure
XAUUSD_H4_6,41,SQX-XAUUSD-H4-ac43d25cfdd3,XAUUSD,H4,LONG,Trend+Volatility+Structure
XAUUSD_H4_6,41,SQX-XAUUSD-H4-ae5ed8f585ac,XAUUSD,H4,LONG,Trend+Structure
XAUUSD_H4_6,41,SQX-XAUUSD-H4-af56b907df81,XAUUSD,H4,LONG,Trend+Structure
XAUUSD_H4_6,41,SQX-XAUUSD-H4-b0b8dcb7414f,XAUUSD,H4,LONG,Trend+Structure
XAUUSD_H4_6,41,SQX-XAUUSD-H4-baba628b7339,XAUUSD,H4,LONG,Structure
XAUUSD_H4_6,41,SQX-XAUUSD-H4-bbde852e2fd0,XAUUSD,H4,LONG,Trend+Momentum+Structure
XAUUSD_H4_6,41,SQX-XAUUSD-H4-bc0d86b4c05e,XAUUSD,H4,LONG,Trend+Structure
XAUUSD_H4_6,41,SQX-XAUUSD-H4-be6894728a95,XAUUSD,H4,LONG,Trend+Structure
XAUUSD_H4_6,41,SQX-XAUUSD-H4-bfa091ccbdc1,XAUUSD,H4,LONG,Trend+Structure
XAUUSD_H4_6,41,SQX-XAUUSD-H4-c0345cab30d6,XAUUSD,H4,LONG,Trend+Volatility+Structure
XAUUSD_H4_6,41,SQX-XAUUSD-H4-c28bfad933f8,XAUUSD,H4,LONG,Volatility+Structure
XAUUSD_H4_6,41,SQX-XAUUSD-H4-ca237a89fbca,XAUUSD,H4,LONG,Trend+Structure
XAUUSD_H4_6,41,SQX-XAUUSD-H4-cb91476f07d3,XAUUSD,H4,LONG,Trend+Structure
XAUUSD_H4_6,41,SQX-XAUUSD-H4-ce897b5969ce,XAUUSD,H4,LONG,Trend+Structure
XAUUSD_H4_6,41,SQX-XAUUSD-H4-cf506b88ce0e,XAUUSD,H4,LONG,Trend+Volatility+Structure
XAUUSD_H4_6,41,SQX-XAUUSD-H4-e3955a26ccd0,XAUUSD,H4,LONG,Trend+Structure
XAUUSD_H4_6,41,SQX-XAUUSD-H4-e3c7a8628b49,XAUUSD,H4,LONG,Trend+Structure
XAUUSD_H4_6,41,SQX-XAUUSD-H4-e4abfce197ef,XAUUSD,H4,LONG,Trend+Structure
XAUUSD_H4_6,41,SQX-XAUUSD-H4-e84a60a7a752,XAUUSD,H4,LONG,Trend+Momentum+Structure
XAUUSD_H4_6,41,SQX-XAUUSD-H4-ed78ce9d0c53,XAUUSD,H4,LONG,Trend+Structure
XAUUSD_H4_6,41,SQX-XAUUSD-H4-f3203abe521e,XAUUSD,H4,LONG,Trend+Structure
XAUUSD_H4_7,40,SQX-XAUUSD-H4-06fb9a39e429,XAUUSD,H4,LONG,Trend+Momentum
XAUUSD_H4_7,40,SQX-XAUUSD-H4-14eab9bdb4c4,XAUUSD,H4,LONG,Trend+Momentum
XAUUSD_H4_7,40,SQX-XAUUSD-H4-16c209884d0a,XAUUSD,H4,LONG,Trend+Momentum+Volatility
XAUUSD_H4_7,40,SQX-XAUUSD-H4-17ace4ef21cf,XAUUSD,H4,LONG,Trend+Momentum
XAUUSD_H4_7,40,SQX-XAUUSD-H4-24eceadad2b7,XAUUSD,H4,LONG,Momentum
XAUUSD_H4_7,40,SQX-XAUUSD-H4-24f5ff4b8279,XAUUSD,H4,LONG,Trend+Momentum
XAUUSD_H4_7,40,SQX-XAUUSD-H4-2de0dc7e4cbd,XAUUSD,H4,LONG,Trend+Momentum+Volatility
XAUUSD_H4_7,40,SQX-XAUUSD-H4-3b56de021cbf,XAUUSD,H4,LONG,Trend+Momentum+Volatility
XAUUSD_H4_7,40,SQX-XAUUSD-H4-4c765e2a56c8,XAUUSD,H4,LONG,Momentum+Volatility
XAUUSD_H4_7,40,SQX-XAUUSD-H4-524e9fc9cdbf,XAUUSD,H4,LONG,Trend+Momentum
XAUUSD_H4_7,40,SQX-XAUUSD-H4-65e108fa505a,XAUUSD,H4,LONG,Momentum+Volatility
XAUUSD_H4_7,40,SQX-XAUUSD-H4-67282edf4ffd,XAUUSD,H4,LONG,Momentum
XAUUSD_H4_7,40,SQX-XAUUSD-H4-711386130af0,XAUUSD,H4,LONG,Trend+Momentum
XAUUSD_H4_7,40,SQX-XAUUSD-H4-7e667d623790,XAUUSD,H4,LONG,Trend+Momentum
XAUUSD_H4_7,40,SQX-XAUUSD-H4-8514b0d7c8f2,XAUUSD,H4,LONG,Momentum+Volatility
XAUUSD_H4_7,40,SQX-XAUUSD-H4-853c1cf9dd17,XAUUSD,H4,LONG,Momentum
XAUUSD_H4_7,40,SQX-XAUUSD-H4-95266ed4b78a,XAUUSD,H4,LONG,Trend+Momentum
XAUUSD_H4_7,40,SQX-XAUUSD-H4-a014caccc4fa,XAUUSD,H4,LONG,Trend+Momentum
XAUUSD_H4_7,40,SQX-XAUUSD-H4-a06a11f2f0fb,XAUUSD,H4,LONG,Momentum
XAUUSD_H4_7,40,SQX-XAUUSD-H4-a0efbf7a185f,XAUUSD,H4,LONG,Momentum
XAUUSD_H4_7,40,SQX-XAUUSD-H4-a470adef7206,XAUUSD,H4,LONG,Momentum+Volatility
XAUUSD_H4_7,40,SQX-XAUUSD-H4-aab8c09564e9,XAUUSD,H4,LONG,Momentum+Volatility
XAUUSD_H4_7,40,SQX-XAUUSD-H4-b39cb559fc88,XAUUSD,H4,LONG,Momentum+Volatility
XAUUSD_H4_7,40,SQX-XAUUSD-H4-c295dafdc9fa,XAUUSD,H4,LONG,Trend+Momentum
XAUUSD_H4_7,40,SQX-XAUUSD-H4-c6eee5d17918,XAUUSD,H4,LONG,Momentum
XAUUSD_H4_7,40,SQX-XAUUSD-H4-c6fddfbfdb8f,XAUUSD,H4,LONG,Momentum
XAUUSD_H4_7,40,SQX-XAUUSD-H4-d1dbae36a942,XAUUSD,H4,LONG,Momentum
XAUUSD_H4_7,40,SQX-XAUUSD-H4-d257cc314b67,XAUUSD,H4,LONG,Trend+Momentum
XAUUSD_H4_7,40,SQX-XAUUSD-H4-d27c326e5d11,XAUUSD,H4,LONG,Momentum
XAUUSD_H4_7,40,SQX-XAUUSD-H4-dccc53b03f9b,XAUUSD,H4,LONG,Momentum
XAUUSD_H4_7,40,SQX-XAUUSD-H4-dd2b4198f4e1,XAUUSD,H4,LONG,Momentum
XAUUSD_H4_7,40,SQX-XAUUSD-H4-ddd42262d67d,XAUUSD,H4,LONG,Momentum+Volatility
XAUUSD_H4_7,40,SQX-XAUUSD-H4-de616892777f,XAUUSD,H4,LONG,Trend+Momentum
XAUUSD_H4_7,40,SQX-XAUUSD-H4-f15e4185e214,XAUUSD,H4,LONG,Momentum+Volatility
XAUUSD_H4_7,40,SQX-XAUUSD-H4-f38bb66a25e0,XAUUSD,H4,LONG,Momentum+Volatility
XAUUSD_H4_7,40,SQX-XAUUSD-H4-f65c15a50ec6,XAUUSD,H4,LONG,Momentum
XAUUSD_H4_7,40,SQX-XAUUSD-H4-f91f10e56517,XAUUSD,H4,LONG,Momentum
XAUUSD_H4_7,40,SQX-XAUUSD-H4-f96b29d60fb1,XAUUSD,H4,LONG,Momentum
XAUUSD_H4_7,40,SQX-XAUUSD-H4-fb94fe9f2104,XAUUSD,H4,LONG,Momentum+Volatility
XAUUSD_H4_7,40,SQX-XAUUSD-H4-ff5b84920dc4,XAUUSD,H4,LONG,Trend+Momentum
XAUUSD_H4_8,36,SQX-XAUUSD-H4-0037ecea8d0e,XAUUSD,H4,LONG,Momentum+Volatility
XAUUSD_H4_8,36,SQX-XAUUSD-H4-04b1052d1a60,XAUUSD,H4,LONG,Trend+Volatility
XAUUSD_H4_8,36,SQX-XAUUSD-H4-1070e37e84c4,XAUUSD,H4,LONG,Trend+Volatility
XAUUSD_H4_8,36,SQX-XAUUSD-H4-1c17803242bb,XAUUSD,H4,LONG,Momentum+Volatility
XAUUSD_H4_8,36,SQX-XAUUSD-H4-1c4b64201396,XAUUSD,H4,LONG,Momentum+Volatility
XAUUSD_H4_8,36,SQX-XAUUSD-H4-25dc2b7a2693,XAUUSD,H4,LONG,Trend+Momentum+Volatility
XAUUSD_H4_8,36,SQX-XAUUSD-H4-3b2ff00604d1,XAUUSD,H4,LONG,Momentum+Volatility
XAUUSD_H4_8,36,SQX-XAUUSD-H4-45d4134a940e,XAUUSD,H4,LONG,Trend+Volatility
XAUUSD_H4_8,36,SQX-XAUUSD-H4-4a26ca8f4e8b,XAUUSD,H4,LONG,Trend+Momentum+Volatility
XAUUSD_H4_8,36,SQX-XAUUSD-H4-50a40866b41f,XAUUSD,H4,LONG,Momentum+Volatility+Structure
XAUUSD_H4_8,36,SQX-XAUUSD-H4-76c70bb97156,XAUUSD,H4,LONG,Trend+Momentum+Volatility
XAUUSD_H4_8,36,SQX-XAUUSD-H4-7da4bffb2bbd,XAUUSD,H4,LONG,Trend+Volatility+Structure
XAUUSD_H4_8,36,SQX-XAUUSD-H4-90d51d45e5dd,XAUUSD,H4,LONG,Trend+Volatility
XAUUSD_H4_8,36,SQX-XAUUSD-H4-91ab59b2b97c,XAUUSD,H4,LONG,Trend+Volatility+Structure
XAUUSD_H4_8,36,SQX-XAUUSD-H4-95aed1f55e33,XAUUSD,H4,LONG,Trend+Momentum+Volatility
XAUUSD_H4_8,36,SQX-XAUUSD-H4-9ba304c39cd3,XAUUSD,H4,LONG,Momentum+Volatility
XAUUSD_H4_8,36,SQX-XAUUSD-H4-9f1f9935cac7,XAUUSD,H4,LONG,Volatility+Structure
XAUUSD_H4_8,36,SQX-XAUUSD-H4-a11106062716,XAUUSD,H4,LONG,Volatility+Structure
XAUUSD_H4_8,36,SQX-XAUUSD-H4-a2efc28892c0,XAUUSD,H4,LONG,Trend+Momentum+Volatility+Structure
XAUUSD_H4_8,36,SQX-XAUUSD-H4-ad7ab8eba22a,XAUUSD,H4,LONG,Volatility
XAUUSD_H4_8,36,SQX-XAUUSD-H4-c2b685eed336,XAUUSD,H4,LONG,Trend+Momentum+Volatility
XAUUSD_H4_8,36,SQX-XAUUSD-H4-ca4ae0db99ce,XAUUSD,H4,LONG,Trend+Volatility
XAUUSD_H4_8,36,SQX-XAUUSD-H4-dac9c2420054,XAUUSD,H4,LONG,Momentum+Volatility
XAUUSD_H4_8,36,SQX-XAUUSD-H4-dbef21309565,XAUUSD,H4,LONG,Trend+Volatility
XAUUSD_H4_8,36,SQX-XAUUSD-H4-de81021a1093,XAUUSD,H4,LONG,Momentum+Volatility
XAUUSD_H4_8,36,SQX-XAUUSD-H4-e3f3e72f58f2,XAUUSD,H4,LONG,Momentum+Volatility+Structure
XAUUSD_H4_8,36,SQX-XAUUSD-H4-e5d22f7f7b98,XAUUSD,H4,LONG,Momentum+Volatility
XAUUSD_H4_8,36,SQX-XAUUSD-H4-e838a98552e5,XAUUSD,H4,LONG,Trend+Momentum+Volatility
XAUUSD_H4_8,36,SQX-XAUUSD-H4-ef5d6054972f,XAUUSD,H4,LONG,Trend+Volatility
XAUUSD_H4_8,36,SQX-XAUUSD-H4-f12dd2c6786a,XAUUSD,H4,LONG,Momentum+Volatility
XAUUSD_H4_8,36,SQX-XAUUSD-H4-f18b55b106b4,XAUUSD,H4,LONG,Trend+Momentum+Volatility+Structure
XAUUSD_H4_8,36,SQX-XAUUSD-H4-f35f49dde99a,XAUUSD,H4,LONG,Trend+Volatility
XAUUSD_H4_8,36,SQX-XAUUSD-H4-f4b607a934e9,XAUUSD,H4,LONG,Trend+Volatility
XAUUSD_H4_8,36,SQX-XAUUSD-H4-fabac3eeaf5a,XAUUSD,H4,LONG,Volatility+Structure
XAUUSD_H4_8,36,SQX-XAUUSD-H4-fe7728944d49,XAUUSD,H4,LONG,Trend+Volatility
XAUUSD_H4_8,36,SQX-XAUUSD-H4-ff9b50b72cd7,XAUUSD,H4,LONG,Momentum+Volatility
XAUUSD_H4_9,32,SQX-XAUUSD-H4-012cb6105762,XAUUSD,H4,LONG,Momentum+Volatility+Structure
XAUUSD_H4_9,32,SQX-XAUUSD-H4-084d85b2e506,XAUUSD,H4,LONG,Volatility+Structure
XAUUSD_H4_9,32,SQX-XAUUSD-H4-116da47c7731,XAUUSD,H4,LONG,Momentum+Structure
XAUUSD_H4_9,32,SQX-XAUUSD-H4-117c7ca975fb,XAUUSD,H4,LONG,Momentum+Volatility+Structure
XAUUSD_H4_9,32,SQX-XAUUSD-H4-1fcaa4e11367,XAUUSD,H4,LONG,Momentum+Structure
XAUUSD_H4_9,32,SQX-XAUUSD-H4-263d7fa86775,XAUUSD,H4,LONG,Momentum+Volatility+Structure
XAUUSD_H4_9,32,SQX-XAUUSD-H4-26d082121eab,XAUUSD,H4,LONG,Trend+Momentum+Volatility+Structure
XAUUSD_H4_9,32,SQX-XAUUSD-H4-2e56246315fd,XAUUSD,H4,LONG,Momentum+Structure
XAUUSD_H4_9,32,SQX-XAUUSD-H4-2eb14b6ed660,XAUUSD,H4,LONG,Momentum+Structure
XAUUSD_H4_9,32,SQX-XAUUSD-H4-32e9f538f3a3,XAUUSD,H4,LONG,Momentum+Structure
XAUUSD_H4_9,32,SQX-XAUUSD-H4-3d70f5773d75,XAUUSD,H4,LONG,Trend+Momentum+Structure
XAUUSD_H4_9,32,SQX-XAUUSD-H4-50748ab625d6,XAUUSD,H4,LONG,Momentum+Structure
XAUUSD_H4_9,32,SQX-XAUUSD-H4-5bfeb95397f0,XAUUSD,H4,LONG,Momentum+Volatility+Structure
XAUUSD_H4_9,32,SQX-XAUUSD-H4-6b8a16a43e92,XAUUSD,H4,LONG,Momentum+Volatility+Structure
XAUUSD_H4_9,32,SQX-XAUUSD-H4-8eb599d84196,XAUUSD,H4,LONG,Volatility+Structure
XAUUSD_H4_9,32,SQX-XAUUSD-H4-93d72d3f4d5b,XAUUSD,H4,LONG,Momentum+Structure
XAUUSD_H4_9,32,SQX-XAUUSD-H4-97ad1f2060af,XAUUSD,H4,LONG,Trend+Structure
XAUUSD_H4_9,32,SQX-XAUUSD-H4-9cf955bdcce1,XAUUSD,H4,LONG,Momentum+Structure
XAUUSD_H4_9,32,SQX-XAUUSD-H4-b54f262bc251,XAUUSD,H4,LONG,Momentum+Structure
XAUUSD_H4_9,32,SQX-XAUUSD-H4-bd08bc6731a8,XAUUSD,H4,LONG,Momentum+Structure
XAUUSD_H4_9,32,SQX-XAUUSD-H4-be17713a1ea5,XAUUSD,H4,LONG,Momentum+Structure
XAUUSD_H4_9,32,SQX-XAUUSD-H4-c7d7beb41e27,XAUUSD,H4,LONG,Trend+Momentum+Structure
XAUUSD_H4_9,32,SQX-XAUUSD-H4-cc866a65f23e,XAUUSD,H4,LONG,Momentum+Volatility+Structure
XAUUSD_H4_9,32,SQX-XAUUSD-H4-d0633fe1f520,XAUUSD,H4,LONG,Volatility+Structure
XAUUSD_H4_9,32,SQX-XAUUSD-H4-d5f1172d711a,XAUUSD,H4,LONG,Trend+Structure
XAUUSD_H4_9,32,SQX-XAUUSD-H4-d81bb8ebb590,XAUUSD,H4,LONG,Momentum+Structure
XAUUSD_H4_9,32,SQX-XAUUSD-H4-dd5c14510610,XAUUSD,H4,LONG,Trend+Volatility+Structure
XAUUSD_H4_9,32,SQX-XAUUSD-H4-deeb867c0c09,XAUUSD,H4,LONG,Trend+Structure
XAUUSD_H4_9,32,SQX-XAUUSD-H4-e1c652e2a64a,XAUUSD,H4,LONG,Momentum+Structure
XAUUSD_H4_9,32,SQX-XAUUSD-H4-e4795b7c35ad,XAUUSD,H4,LONG,Trend+Momentum+Structure
XAUUSD_H4_9,32,SQX-XAUUSD-H4-e4977af33814,XAUUSD,H4,LONG,Trend+Momentum+Volatility+Structure
XAUUSD_H4_9,32,SQX-XAUUSD-H4-edb2c3545e40,XAUUSD,H4,LONG,Momentum+Structure
XAUUSD_H4_10,32,SQX-XAUUSD-H4-1f61c33a7541,XAUUSD,H4,LONG,Trend+Momentum
XAUUSD_H4_10,32,SQX-XAUUSD-H4-25dd5dd84e43,XAUUSD,H4,LONG,Trend+Momentum+Volatility
XAUUSD_H4_10,32,SQX-XAUUSD-H4-2ce6956185da,XAUUSD,H4,LONG,Momentum
XAUUSD_H4_10,32,SQX-XAUUSD-H4-3382a9d7f744,XAUUSD,H4,LONG,Momentum
XAUUSD_H4_10,32,SQX-XAUUSD-H4-3733873bb7db,XAUUSD,H4,LONG,Momentum+Volatility
XAUUSD_H4_10,32,SQX-XAUUSD-H4-3752a0278adb,XAUUSD,H4,LONG,Momentum+Volatility
XAUUSD_H4_10,32,SQX-XAUUSD-H4-396e62392427,XAUUSD,H4,LONG,Momentum
XAUUSD_H4_10,32,SQX-XAUUSD-H4-3bb720c9f190,XAUUSD,H4,LONG,Momentum
XAUUSD_H4_10,32,SQX-XAUUSD-H4-4169e7063603,XAUUSD,H4,LONG,Momentum+Volatility
XAUUSD_H4_10,32,SQX-XAUUSD-H4-4c5208e51c6c,XAUUSD,H4,LONG,Trend+Momentum
XAUUSD_H4_10,32,SQX-XAUUSD-H4-5539edc5146c,XAUUSD,H4,LONG,Momentum
XAUUSD_H4_10,32,SQX-XAUUSD-H4-5aa86bb5ca27,XAUUSD,H4,LONG,Trend+Momentum
XAUUSD_H4_10,32,SQX-XAUUSD-H4-6bea2e04de66,XAUUSD,H4,LONG,Momentum+Volatility
XAUUSD_H4_10,32,SQX-XAUUSD-H4-716307a8222a,XAUUSD,H4,LONG,Trend+Momentum
XAUUSD_H4_10,32,SQX-XAUUSD-H4-73299fb43ac9,XAUUSD,H4,LONG,Momentum
XAUUSD_H4_10,32,SQX-XAUUSD-H4-78e01d3a9bd7,XAUUSD,H4,LONG,Momentum
XAUUSD_H4_10,32,SQX-XAUUSD-H4-7aef9c2f1b33,XAUUSD,H4,LONG,Momentum
XAUUSD_H4_10,32,SQX-XAUUSD-H4-7f310f89ce25,XAUUSD,H4,LONG,Trend+Momentum
XAUUSD_H4_10,32,SQX-XAUUSD-H4-9998c6afcef8,XAUUSD,H4,LONG,Momentum+Volatility
XAUUSD_H4_10,32,SQX-XAUUSD-H4-9aea9f537ac3,XAUUSD,H4,LONG,Momentum
XAUUSD_H4_10,32,SQX-XAUUSD-H4-a07af3f94e8b,XAUUSD,H4,LONG,Trend+Momentum
XAUUSD_H4_10,32,SQX-XAUUSD-H4-a4fb3aec493c,XAUUSD,H4,LONG,Momentum+Volatility
XAUUSD_H4_10,32,SQX-XAUUSD-H4-a859b87e157e,XAUUSD,H4,LONG,Trend+Momentum
XAUUSD_H4_10,32,SQX-XAUUSD-H4-bbef5ca4598a,XAUUSD,H4,LONG,Momentum
XAUUSD_H4_10,32,SQX-XAUUSD-H4-c57dfeea569a,XAUUSD,H4,LONG,Trend+Momentum
XAUUSD_H4_10,32,SQX-XAUUSD-H4-c6cccdbc4fdb,XAUUSD,H4,LONG,Trend+Momentum+Volatility
XAUUSD_H4_10,32,SQX-XAUUSD-H4-ca2594ce4003,XAUUSD,H4,LONG,Trend+Momentum
XAUUSD_H4_10,32,SQX-XAUUSD-H4-da4bcbfebc23,XAUUSD,H4,LONG,Trend+Momentum
XAUUSD_H4_10,32,SQX-XAUUSD-H4-e5ce7d3b63d9,XAUUSD,H4,LONG,Trend+Momentum
XAUUSD_H4_10,32,SQX-XAUUSD-H4-f89d26c84b4f,XAUUSD,H4,LONG,Trend+Momentum+Volatility
XAUUSD_H4_10,32,SQX-XAUUSD-H4-fa1faae2b54e,XAUUSD,H4,LONG,Momentum
XAUUSD_H4_10,32,SQX-XAUUSD-H4-faeafe33e340,XAUUSD,H4,LONG,Momentum+Volatility
XAUUSD_H4_11,31,SQX-XAUUSD-H4-0bcb3f64e6bf,XAUUSD,H4,LONG,Momentum+Volatility
XAUUSD_H4_11,31,SQX-XAUUSD-H4-1a6784b9df58,XAUUSD,H4,LONG,Trend+Momentum
XAUUSD_H4_11,31,SQX-XAUUSD-H4-1df251e1155d,XAUUSD,H4,LONG,Trend+Momentum
XAUUSD_H4_11,31,SQX-XAUUSD-H4-218fcbc8acb2,XAUUSD,H4,LONG,Trend+Momentum
XAUUSD_H4_11,31,SQX-XAUUSD-H4-2a8303736a89,XAUUSD,H4,LONG,Trend+Momentum
XAUUSD_H4_11,31,SQX-XAUUSD-H4-3c2bb8756101,XAUUSD,H4,LONG,Trend+Momentum
XAUUSD_H4_11,31,SQX-XAUUSD-H4-40e4a0d3de64,XAUUSD,H4,LONG,Momentum
XAUUSD_H4_11,31,SQX-XAUUSD-H4-512dff00bcf2,XAUUSD,H4,LONG,Trend+Momentum
XAUUSD_H4_11,31,SQX-XAUUSD-H4-6ed91d66dec6,XAUUSD,H4,LONG,Momentum+Volatility
XAUUSD_H4_11,31,SQX-XAUUSD-H4-7d3412a3b3a8,XAUUSD,H4,LONG,Trend+Momentum
XAUUSD_H4_11,31,SQX-XAUUSD-H4-7e4f6aee3194,XAUUSD,H4,LONG,Trend+Momentum
XAUUSD_H4_11,31,SQX-XAUUSD-H4-88aac150118f,XAUUSD,H4,LONG,Momentum
XAUUSD_H4_11,31,SQX-XAUUSD-H4-965ea7e93052,XAUUSD,H4,LONG,Trend+Momentum+Volatility
XAUUSD_H4_11,31,SQX-XAUUSD-H4-990d52b9b8a6,XAUUSD,H4,LONG,Trend+Momentum
XAUUSD_H4_11,31,SQX-XAUUSD-H4-9eb5f53b8478,XAUUSD,H4,LONG,Trend+Momentum
XAUUSD_H4_11,31,SQX-XAUUSD-H4-a41acc508a64,XAUUSD,H4,LONG,Trend+Momentum
XAUUSD_H4_11,31,SQX-XAUUSD-H4-a928d48a50a6,XAUUSD,H4,LONG,Trend+Momentum
XAUUSD_H4_11,31,SQX-XAUUSD-H4-a94628914ea9,XAUUSD,H4,LONG,Trend+Momentum
XAUUSD_H4_11,31,SQX-XAUUSD-H4-b06a1f92b2e8,XAUUSD,H4,LONG,Momentum+Volatility
XAUUSD_H4_11,31,SQX-XAUUSD-H4-c07837f86cdd,XAUUSD,H4,LONG,Trend+Momentum
XAUUSD_H4_11,31,SQX-XAUUSD-H4-c57be9a1f5da,XAUUSD,H4,LONG,Momentum
XAUUSD_H4_11,31,SQX-XAUUSD-H4-d424d3962d70,XAUUSD,H4,LONG,Momentum
XAUUSD_H4_11,31,SQX-XAUUSD-H4-d6ab5bd268f9,XAUUSD,H4,LONG,Momentum
XAUUSD_H4_11,31,SQX-XAUUSD-H4-dbdb14fcc316,XAUUSD,H4,LONG,Trend+Momentum+Volatility
XAUUSD_H4_11,31,SQX-XAUUSD-H4-df2a6e5207a6,XAUUSD,H4,LONG,Momentum+Volatility
XAUUSD_H4_11,31,SQX-XAUUSD-H4-e17fc0f4ae96,XAUUSD,H4,LONG,Trend+Momentum+Volatility
XAUUSD_H4_11,31,SQX-XAUUSD-H4-ebebd214f7bb,XAUUSD,H4,LONG,Trend+Momentum+Volatility
XAUUSD_H4_11,31,SQX-XAUUSD-H4-ef840068114b,XAUUSD,H4,LONG,Trend+Momentum
XAUUSD_H4_11,31,SQX-XAUUSD-H4-f14776fae1de,XAUUSD,H4,LONG,Trend+Momentum
XAUUSD_H4_11,31,SQX-XAUUSD-H4-f2500fcedad2,XAUUSD,H4,LONG,Momentum
XAUUSD_H4_11,31,SQX-XAUUSD-H4-f277289dc0bb,XAUUSD,H4,LONG,Trend+Momentum
XAUUSD_H4_12,28,SQX-XAUUSD-H4-08512fd664fb,XAUUSD,H4,LONG,Momentum+Structure
XAUUSD_H4_12,28,SQX-XAUUSD-H4-167b6e84a921,XAUUSD,H4,LONG,Trend+Structure
XAUUSD_H4_12,28,SQX-XAUUSD-H4-1aa5583bddd1,XAUUSD,H4,LONG,Volatility+Structure
XAUUSD_H4_12,28,SQX-XAUUSD-H4-27f6081fc2dc,XAUUSD,H4,LONG,Volatility+Structure
XAUUSD_H4_12,28,SQX-XAUUSD-H4-378b6de67291,XAUUSD,H4,LONG,Structure
XAUUSD_H4_12,28,SQX-XAUUSD-H4-421dcc570c9b,XAUUSD,H4,LONG,Momentum+Volatility+Structure
XAUUSD_H4_12,28,SQX-XAUUSD-H4-49bf3f00db05,XAUUSD,H4,LONG,Structure
XAUUSD_H4_12,28,SQX-XAUUSD-H4-50c1d61adc7b,XAUUSD,H4,LONG,Trend+Structure
XAUUSD_H4_12,28,SQX-XAUUSD-H4-54a511cdf228,XAUUSD,H4,LONG,Structure
XAUUSD_H4_12,28,SQX-XAUUSD-H4-5f5fa9abc95b,XAUUSD,H4,LONG,Momentum+Structure
XAUUSD_H4_12,28,SQX-XAUUSD-H4-6093a4a285ec,XAUUSD,H4,LONG,Volatility+Structure
XAUUSD_H4_12,28,SQX-XAUUSD-H4-60b049d6ebc8,XAUUSD,H4,LONG,Momentum+Structure
XAUUSD_H4_12,28,SQX-XAUUSD-H4-6149523e285e,XAUUSD,H4,LONG,Momentum+Structure
XAUUSD_H4_12,28,SQX-XAUUSD-H4-63f782ee2871,XAUUSD,H4,LONG,Momentum+Structure
XAUUSD_H4_12,28,SQX-XAUUSD-H4-69e0571f1b26,XAUUSD,H4,LONG,Structure
XAUUSD_H4_12,28,SQX-XAUUSD-H4-6e66e18227fd,XAUUSD,H4,LONG,Momentum+Structure
XAUUSD_H4_12,28,SQX-XAUUSD-H4-88dade48503f,XAUUSD,H4,LONG,Structure
XAUUSD_H4_12,28,SQX-XAUUSD-H4-92da0837a2ef,XAUUSD,H4,LONG,Volatility+Structure
XAUUSD_H4_12,28,SQX-XAUUSD-H4-93f85ee02f2c,XAUUSD,H4,LONG,Momentum+Structure
XAUUSD_H4_12,28,SQX-XAUUSD-H4-9e68b9276c4e,XAUUSD,H4,LONG,Structure
XAUUSD_H4_12,28,SQX-XAUUSD-H4-a3cb721a7a43,XAUUSD,H4,LONG,Volatility+Structure
XAUUSD_H4_12,28,SQX-XAUUSD-H4-a83adc98d60b,XAUUSD,H4,LONG,Trend+Structure
XAUUSD_H4_12,28,SQX-XAUUSD-H4-c8c4c6d233dc,XAUUSD,H4,LONG,Momentum+Structure
XAUUSD_H4_12,28,SQX-XAUUSD-H4-cb14e4efca28,XAUUSD,H4,LONG,Volatility+Structure
XAUUSD_H4_12,28,SQX-XAUUSD-H4-cd4d010b31e4,XAUUSD,H4,LONG,Structure
XAUUSD_H4_12,28,SQX-XAUUSD-H4-cd5b7cfd451b,XAUUSD,H4,LONG,Volatility+Structure
XAUUSD_H4_12,28,SQX-XAUUSD-H4-e254b6c95a52,XAUUSD,H4,LONG,Trend+Structure
XAUUSD_H4_12,28,SQX-XAUUSD-H4-ef935d298a2e,XAUUSD,H4,LONG,Momentum+Structure
XAUUSD_H4_13,25,SQX-XAUUSD-H4-1622f713ba08,XAUUSD,H4,LONG,Trend+Momentum+Volatility
XAUUSD_H4_13,25,SQX-XAUUSD-H4-1f79b2973490,XAUUSD,H4,LONG,Trend+Momentum+Volatility
XAUUSD_H4_13,25,SQX-XAUUSD-H4-240802fec716,XAUUSD,H4,LONG,Trend+Momentum
XAUUSD_H4_13,25,SQX-XAUUSD-H4-47d8ac1d0e4b,XAUUSD,H4,LONG,Momentum
XAUUSD_H4_13,25,SQX-XAUUSD-H4-58bc8b81a6ec,XAUUSD,H4,LONG,Momentum+Volatility
XAUUSD_H4_13,25,SQX-XAUUSD-H4-5b3d230404b3,XAUUSD,H4,LONG,Momentum
XAUUSD_H4_13,25,SQX-XAUUSD-H4-74cc8b3230c0,XAUUSD,H4,LONG,Trend+Momentum
XAUUSD_H4_13,25,SQX-XAUUSD-H4-8245f81f0d6d,XAUUSD,H4,LONG,Momentum
XAUUSD_H4_13,25,SQX-XAUUSD-H4-84542fc7394d,XAUUSD,H4,LONG,Trend+Momentum+Volatility
XAUUSD_H4_13,25,SQX-XAUUSD-H4-8471d30905b0,XAUUSD,H4,LONG,Momentum
XAUUSD_H4_13,25,SQX-XAUUSD-H4-858d47c3b308,XAUUSD,H4,LONG,Trend+Momentum+Volatility
XAUUSD_H4_13,25,SQX-XAUUSD-H4-8d07f7f17b57,XAUUSD,H4,LONG,Momentum+Volatility
XAUUSD_H4_13,25,SQX-XAUUSD-H4-8f46aad7e6e6,XAUUSD,H4,LONG,Momentum+Volatility
XAUUSD_H4_13,25,SQX-XAUUSD-H4-91275ffc6ca1,XAUUSD,H4,LONG,Momentum+Volatility
XAUUSD_H4_13,25,SQX-XAUUSD-H4-956af049884a,XAUUSD,H4,LONG,Trend+Momentum+Volatility
XAUUSD_H4_13,25,SQX-XAUUSD-H4-9bd6d9e2cae7,XAUUSD,H4,LONG,Momentum
XAUUSD_H4_13,25,SQX-XAUUSD-H4-a0991ec905f9,XAUUSD,H4,LONG,Momentum
XAUUSD_H4_13,25,SQX-XAUUSD-H4-b8cf095b19b8,XAUUSD,H4,LONG,Momentum
XAUUSD_H4_13,25,SQX-XAUUSD-H4-c50816ee696e,XAUUSD,H4,LONG,Momentum+Volatility
XAUUSD_H4_13,25,SQX-XAUUSD-H4-d715eca8dad9,XAUUSD,H4,LONG,Trend+Momentum
XAUUSD_H4_13,25,SQX-XAUUSD-H4-df0d288456d9,XAUUSD,H4,LONG,Trend+Momentum
XAUUSD_H4_13,25,SQX-XAUUSD-H4-e20b9746c3da,XAUUSD,H4,LONG,Momentum
XAUUSD_H4_13,25,SQX-XAUUSD-H4-f1b9c545d454,XAUUSD,H4,LONG,Momentum+Volatility
XAUUSD_H4_13,25,SQX-XAUUSD-H4-fba7bf351446,XAUUSD,H4,LONG,Momentum
XAUUSD_H4_13,25,SQX-XAUUSD-H4-fe2b563461e9,XAUUSD,H4,LONG,Trend+Momentum+Volatility
XAUUSD_H4_14,24,SQX-XAUUSD-H4-02907ef6d283,XAUUSD,H4,LONG,Structure
XAUUSD_H4_14,24,SQX-XAUUSD-H4-0cee3a5c147d,XAUUSD,H4,LONG,Trend+Structure
XAUUSD_H4_14,24,SQX-XAUUSD-H4-206a9a2a8ab3,XAUUSD,H4,LONG,Momentum+Structure
XAUUSD_H4_14,24,SQX-XAUUSD-H4-3045123b7673,XAUUSD,H4,LONG,Volatility+Structure
XAUUSD_H4_14,24,SQX-XAUUSD-H4-31891e1c1b8d,XAUUSD,H4,LONG,Trend+Structure
XAUUSD_H4_14,24,SQX-XAUUSD-H4-33a9d851054f,XAUUSD,H4,LONG,Volatility+Structure
XAUUSD_H4_14,24,SQX-XAUUSD-H4-3681822cd6ca,XAUUSD,H4,LONG,Momentum+Structure
XAUUSD_H4_14,24,SQX-XAUUSD-H4-3ea6c1977286,XAUUSD,H4,LONG,Volatility+Structure
XAUUSD_H4_14,24,SQX-XAUUSD-H4-49e1be345aed,XAUUSD,H4,LONG,Trend+Structure
XAUUSD_H4_14,24,SQX-XAUUSD-H4-4bde5ba1b464,XAUUSD,H4,LONG,Momentum+Structure
XAUUSD_H4_14,24,SQX-XAUUSD-H4-4c45919979be,XAUUSD,H4,LONG,Momentum+Structure
XAUUSD_H4_14,24,SQX-XAUUSD-H4-59a0b3bea91d,XAUUSD,H4,LONG,Volatility+Structure
XAUUSD_H4_14,24,SQX-XAUUSD-H4-6453ace073b5,XAUUSD,H4,LONG,Volatility+Structure
XAUUSD_H4_14,24,SQX-XAUUSD-H4-667403cd2891,XAUUSD,H4,LONG,Volatility+Structure
XAUUSD_H4_14,24,SQX-XAUUSD-H4-6ad5d184f7ab,XAUUSD,H4,LONG,Momentum+Structure
XAUUSD_H4_14,24,SQX-XAUUSD-H4-837249cd955f,XAUUSD,H4,LONG,Volatility+Structure
XAUUSD_H4_14,24,SQX-XAUUSD-H4-a2da4cee1232,XAUUSD,H4,LONG,Structure
XAUUSD_H4_14,24,SQX-XAUUSD-H4-a4b982da6856,XAUUSD,H4,LONG,Volatility+Structure
XAUUSD_H4_14,24,SQX-XAUUSD-H4-b1681d2b1fc3,XAUUSD,H4,LONG,Momentum+Structure
XAUUSD_H4_14,24,SQX-XAUUSD-H4-bb70843f0575,XAUUSD,H4,LONG,Momentum+Structure
XAUUSD_H4_14,24,SQX-XAUUSD-H4-ce28b3387c87,XAUUSD,H4,LONG,Structure
XAUUSD_H4_14,24,SQX-XAUUSD-H4-e02761b8df86,XAUUSD,H4,LONG,Structure
XAUUSD_H4_14,24,SQX-XAUUSD-H4-f439431bd280,XAUUSD,H4,LONG,Structure
XAUUSD_H4_14,24,SQX-XAUUSD-H4-f806d952b16f,XAUUSD,H4,LONG,Structure
XAUUSD_H4_15,23,SQX-XAUUSD-H4-14245aa8cb51,XAUUSD,H4,LONG,Trend+Momentum+Structure
XAUUSD_H4_15,23,SQX-XAUUSD-H4-19a95e8a3216,XAUUSD,H4,LONG,Structure
XAUUSD_H4_15,23,SQX-XAUUSD-H4-20c2ed00f490,XAUUSD,H4,LONG,Momentum+Structure
XAUUSD_H4_15,23,SQX-XAUUSD-H4-2546ff1311a2,XAUUSD,H4,LONG,Trend+Structure
XAUUSD_H4_15,23,SQX-XAUUSD-H4-290d54aa0036,XAUUSD,H4,LONG,Structure
XAUUSD_H4_15,23,SQX-XAUUSD-H4-44f686e5da87,XAUUSD,H4,LONG,Momentum+Structure
XAUUSD_H4_15,23,SQX-XAUUSD-H4-53262d36661c,XAUUSD,H4,LONG,Trend+Structure
XAUUSD_H4_15,23,SQX-XAUUSD-H4-649201a1119d,XAUUSD,H4,LONG,Trend+Structure
XAUUSD_H4_15,23,SQX-XAUUSD-H4-6f54f095e914,XAUUSD,H4,LONG,Trend+Structure
XAUUSD_H4_15,23,SQX-XAUUSD-H4-745d573de1d7,XAUUSD,H4,LONG,Momentum+Structure
XAUUSD_H4_15,23,SQX-XAUUSD-H4-76b0bc4e5b48,XAUUSD,H4,LONG,Trend+Structure
XAUUSD_H4_15,23,SQX-XAUUSD-H4-7aef698a6947,XAUUSD,H4,LONG,Trend+Structure
XAUUSD_H4_15,23,SQX-XAUUSD-H4-7cbe626ce797,XAUUSD,H4,LONG,Trend+Structure
XAUUSD_H4_15,23,SQX-XAUUSD-H4-a3c3f00069f5,XAUUSD,H4,LONG,Momentum+Structure
XAUUSD_H4_15,23,SQX-XAUUSD-H4-b57a7ce0b8b0,XAUUSD,H4,LONG,Structure
XAUUSD_H4_15,23,SQX-XAUUSD-H4-badb7ba97d68,XAUUSD,H4,LONG,Momentum+Structure
XAUUSD_H4_15,23,SQX-XAUUSD-H4-bcdd16b10327,XAUUSD,H4,LONG,Trend+Structure
XAUUSD_H4_15,23,SQX-XAUUSD-H4-d4333f82f142,XAUUSD,H4,LONG,Trend+Structure
XAUUSD_H4_15,23,SQX-XAUUSD-H4-dbca6a701d1b,XAUUSD,H4,LONG,Trend+Momentum+Structure
XAUUSD_H4_15,23,SQX-XAUUSD-H4-dd2aa6a5a29f,XAUUSD,H4,LONG,Volatility+Structure
XAUUSD_H4_15,23,SQX-XAUUSD-H4-e55a1b1166d6,XAUUSD,H4,LONG,Momentum+Structure
XAUUSD_H4_15,23,SQX-XAUUSD-H4-fc904a8a1d4a,XAUUSD,H4,LONG,Momentum+Structure
XAUUSD_H4_15,23,SQX-XAUUSD-H4-fdbc31bb91a8,XAUUSD,H4,LONG,Structure
XAUUSD_H4_16,22,SQX-XAUUSD-H4-08bfdada4454,XAUUSD,H4,LONG,Volatility+Structure
XAUUSD_H4_16,22,SQX-XAUUSD-H4-1c8e34ebb251,XAUUSD,H4,LONG,Trend+Volatility
XAUUSD_H4_16,22,SQX-XAUUSD-H4-1e67a628b58f,XAUUSD,H4,LONG,Trend+Momentum+Volatility
XAUUSD_H4_16,22,SQX-XAUUSD-H4-1f5f0bd32813,XAUUSD,H4,LONG,Trend+Momentum+Volatility
XAUUSD_H4_16,22,SQX-XAUUSD-H4-30534fddc294,XAUUSD,H4,LONG,Momentum+Volatility
XAUUSD_H4_16,22,SQX-XAUUSD-H4-3fc5330eb481,XAUUSD,H4,LONG,Volatility+Structure
XAUUSD_H4_16,22,SQX-XAUUSD-H4-40c591ca5831,XAUUSD,H4,LONG,Trend+Momentum+Volatility
XAUUSD_H4_16,22,SQX-XAUUSD-H4-4bc0fc1e24e8,XAUUSD,H4,LONG,Volatility
XAUUSD_H4_16,22,SQX-XAUUSD-H4-4e3af3824f63,XAUUSD,H4,LONG,Trend+Volatility
XAUUSD_H4_16,22,SQX-XAUUSD-H4-7b398b496123,XAUUSD,H4,LONG,Momentum+Volatility
XAUUSD_H4_16,22,SQX-XAUUSD-H4-93dd24439a6d,XAUUSD,H4,LONG,Trend+Volatility
XAUUSD_H4_16,22,SQX-XAUUSD-H4-985e86d8019d,XAUUSD,H4,LONG,Volatility
XAUUSD_H4_16,22,SQX-XAUUSD-H4-a1b7595f9316,XAUUSD,H4,LONG,Volatility
XAUUSD_H4_16,22,SQX-XAUUSD-H4-c71d8483256c,XAUUSD,H4,LONG,Trend+Volatility
XAUUSD_H4_16,22,SQX-XAUUSD-H4-c764d1a09f1a,XAUUSD,H4,LONG,Volatility
XAUUSD_H4_16,22,SQX-XAUUSD-H4-e13cb764853e,XAUUSD,H4,LONG,Momentum+Volatility
XAUUSD_H4_16,22,SQX-XAUUSD-H4-e6c4ab076232,XAUUSD,H4,LONG,Trend+Volatility
XAUUSD_H4_16,22,SQX-XAUUSD-H4-eb42de284b91,XAUUSD,H4,LONG,Momentum+Volatility
XAUUSD_H4_16,22,SQX-XAUUSD-H4-ec249273d6a3,XAUUSD,H4,LONG,Trend+Momentum+Volatility
XAUUSD_H4_16,22,SQX-XAUUSD-H4-ee91b0530729,XAUUSD,H4,LONG,Trend+Volatility
XAUUSD_H4_16,22,SQX-XAUUSD-H4-fa5990b6a23c,XAUUSD,H4,LONG,Trend+Momentum+Volatility
XAUUSD_H4_16,22,SQX-XAUUSD-H4-fa69434f409b,XAUUSD,H4,LONG,Trend+Volatility
XAUUSD_H4_17,21,SQX-XAUUSD-H4-1cccb195699f,XAUUSD,H4,LONG,Trend+Momentum
XAUUSD_H4_17,21,SQX-XAUUSD-H4-275602f53740,XAUUSD,H4,LONG,Trend+Momentum+Volatility
XAUUSD_H4_17,21,SQX-XAUUSD-H4-2aeb5901c9e7,XAUUSD,H4,LONG,Trend+Momentum
XAUUSD_H4_17,21,SQX-XAUUSD-H4-3020353346b0,XAUUSD,H4,LONG,Trend+Momentum
XAUUSD_H4_17,21,SQX-XAUUSD-H4-39832dd5ab35,XAUUSD,H4,LONG,Trend+Momentum+Volatility
XAUUSD_H4_17,21,SQX-XAUUSD-H4-4514fa08d9f0,XAUUSD,H4,LONG,Trend+Momentum
XAUUSD_H4_17,21,SQX-XAUUSD-H4-4dd874d2d2c1,XAUUSD,H4,LONG,Trend+Momentum+Volatility
XAUUSD_H4_17,21,SQX-XAUUSD-H4-5474851437d6,XAUUSD,H4,LONG,Trend+Momentum+Volatility
XAUUSD_H4_17,21,SQX-XAUUSD-H4-6cd243e2fe62,XAUUSD,H4,LONG,Trend+Momentum
XAUUSD_H4_17,21,SQX-XAUUSD-H4-8858b8bb0cbc,XAUUSD,H4,LONG,Trend+Momentum
XAUUSD_H4_17,21,SQX-XAUUSD-H4-898fe5352087,XAUUSD,H4,LONG,Trend+Momentum+Volatility
XAUUSD_H4_17,21,SQX-XAUUSD-H4-8c997a9b8d26,XAUUSD,H4,LONG,Trend+Momentum
XAUUSD_H4_17,21,SQX-XAUUSD-H4-910fe64d6a71,XAUUSD,H4,LONG,Trend+Momentum
XAUUSD_H4_17,21,SQX-XAUUSD-H4-9177fd1cae6c,XAUUSD,H4,LONG,Trend+Momentum
XAUUSD_H4_17,21,SQX-XAUUSD-H4-924b9f5a98c8,XAUUSD,H4,LONG,Trend+Momentum
XAUUSD_H4_17,21,SQX-XAUUSD-H4-ab8bcbad9c6b,XAUUSD,H4,LONG,Trend+Momentum+Volatility
XAUUSD_H4_17,21,SQX-XAUUSD-H4-cbb0c9646d00,XAUUSD,H4,LONG,Trend+Momentum
XAUUSD_H4_17,21,SQX-XAUUSD-H4-ccb437ea1274,XAUUSD,H4,LONG,Trend+Momentum
XAUUSD_H4_17,21,SQX-XAUUSD-H4-ce59e8fe0891,XAUUSD,H4,LONG,Trend+Momentum
XAUUSD_H4_17,21,SQX-XAUUSD-H4-e78d61f232cf,XAUUSD,H4,LONG,Trend+Momentum+Volatility
XAUUSD_H4_17,21,SQX-XAUUSD-H4-f886b50a52eb,XAUUSD,H4,LONG,Momentum+Volatility
XAUUSD_H4_18,20,SQX-XAUUSD-H4-0608d73c5522,XAUUSD,H4,LONG,Trend+Structure
XAUUSD_H4_18,20,SQX-XAUUSD-H4-08da690367d2,XAUUSD,H4,LONG,Trend+Momentum+Structure
XAUUSD_H4_18,20,SQX-XAUUSD-H4-120991259551,XAUUSD,H4,LONG,Momentum+Structure
XAUUSD_H4_18,20,SQX-XAUUSD-H4-26aa9efab225,XAUUSD,H4,LONG,Trend+Momentum+Structure
XAUUSD_H4_18,20,SQX-XAUUSD-H4-34c54e2e2372,XAUUSD,H4,LONG,Structure
XAUUSD_H4_18,20,SQX-XAUUSD-H4-49878f95dbd8,XAUUSD,H4,LONG,Momentum+Structure
XAUUSD_H4_18,20,SQX-XAUUSD-H4-49c236169cd1,XAUUSD,H4,LONG,Structure
XAUUSD_H4_18,20,SQX-XAUUSD-H4-65b9adbed6ab,XAUUSD,H4,LONG,Structure
XAUUSD_H4_18,20,SQX-XAUUSD-H4-68b0d83d951a,XAUUSD,H4,LONG,Structure
XAUUSD_H4_18,20,SQX-XAUUSD-H4-767187dc6a22,XAUUSD,H4,LONG,Volatility+Structure
XAUUSD_H4_18,20,SQX-XAUUSD-H4-91313e7f3a44,XAUUSD,H4,LONG,Volatility+Structure
XAUUSD_H4_18,20,SQX-XAUUSD-H4-94d59cd50e92,XAUUSD,H4,LONG,Structure
XAUUSD_H4_18,20,SQX-XAUUSD-H4-96fabedcc071,XAUUSD,H4,LONG,Structure
XAUUSD_H4_18,20,SQX-XAUUSD-H4-a6a7a6c12fa4,XAUUSD,H4,LONG,Structure
XAUUSD_H4_18,20,SQX-XAUUSD-H4-b0706b7dd110,XAUUSD,H4,LONG,Trend+Momentum+Structure
XAUUSD_H4_18,20,SQX-XAUUSD-H4-baf548d1c5ea,XAUUSD,H4,LONG,Trend+Structure
XAUUSD_H4_18,20,SQX-XAUUSD-H4-c50bfad437f4,XAUUSD,H4,LONG,Structure
XAUUSD_H4_18,20,SQX-XAUUSD-H4-d6624bdb787c,XAUUSD,H4,LONG,Structure
XAUUSD_H4_18,20,SQX-XAUUSD-H4-dae76d24cd41,XAUUSD,H4,LONG,Volatility+Structure
XAUUSD_H4_18,20,SQX-XAUUSD-H4-eb995a1659a4,XAUUSD,H4,LONG,Structure
XAUUSD_H4_19,19,SQX-XAUUSD-H4-0471bd6ad4a5,XAUUSD,H4,LONG,Momentum+Volatility+Structure
XAUUSD_H4_19,19,SQX-XAUUSD-H4-0d3c7c447fd7,XAUUSD,H4,LONG,Volatility
XAUUSD_H4_19,19,SQX-XAUUSD-H4-16f19a39a575,XAUUSD,H4,LONG,Volatility
XAUUSD_H4_19,19,SQX-XAUUSD-H4-1aa2f035229d,XAUUSD,H4,LONG,Momentum+Volatility
XAUUSD_H4_19,19,SQX-XAUUSD-H4-22f9ee5b2b17,XAUUSD,H4,LONG,Momentum+Volatility
XAUUSD_H4_19,19,SQX-XAUUSD-H4-4120b680a26e,XAUUSD,H4,LONG,Momentum+Volatility
XAUUSD_H4_19,19,SQX-XAUUSD-H4-44e240d3e88f,XAUUSD,H4,LONG,Volatility+Structure
XAUUSD_H4_19,19,SQX-XAUUSD-H4-457790f9e6da,XAUUSD,H4,LONG,Momentum+Volatility
XAUUSD_H4_19,19,SQX-XAUUSD-H4-6f5f8f36b7c2,XAUUSD,H4,LONG,Volatility
XAUUSD_H4_19,19,SQX-XAUUSD-H4-b6b33d6714d4,XAUUSD,H4,LONG,Momentum+Volatility
XAUUSD_H4_19,19,SQX-XAUUSD-H4-b7135dc2bc78,XAUUSD,H4,LONG,Trend+Volatility
XAUUSD_H4_19,19,SQX-XAUUSD-H4-b8d8bfbfa3d4,XAUUSD,H4,LONG,Trend+Momentum+Volatility
XAUUSD_H4_19,19,SQX-XAUUSD-H4-cfc94fafd25c,XAUUSD,H4,LONG,Momentum+Volatility
XAUUSD_H4_19,19,SQX-XAUUSD-H4-d5eefacfdec8,XAUUSD,H4,LONG,Trend+Volatility
XAUUSD_H4_19,19,SQX-XAUUSD-H4-d9a274ff515a,XAUUSD,H4,LONG,Volatility
XAUUSD_H4_19,19,SQX-XAUUSD-H4-e357c8082e65,XAUUSD,H4,LONG,Trend+Volatility
XAUUSD_H4_19,19,SQX-XAUUSD-H4-e81cf9a3c06d,XAUUSD,H4,LONG,Momentum+Volatility
XAUUSD_H4_19,19,SQX-XAUUSD-H4-f5d7b5c1413d,XAUUSD,H4,LONG,Momentum+Volatility
XAUUSD_H4_19,19,SQX-XAUUSD-H4-fff7d9a02256,XAUUSD,H4,LONG,Trend+Volatility
XAUUSD_H4_20,18,SQX-XAUUSD-H4-23179a972998,XAUUSD,H4,LONG,Momentum+Structure
XAUUSD_H4_20,18,SQX-XAUUSD-H4-423777decd43,XAUUSD,H4,LONG,Momentum+Structure
XAUUSD_H4_20,18,SQX-XAUUSD-H4-4328e872e0d6,XAUUSD,H4,LONG,Momentum+Structure
XAUUSD_H4_20,18,SQX-XAUUSD-H4-5ca11c43b2a2,XAUUSD,H4,LONG,Momentum+Structure
XAUUSD_H4_20,18,SQX-XAUUSD-H4-5e7470a4818e,XAUUSD,H4,LONG,Momentum+Structure
XAUUSD_H4_20,18,SQX-XAUUSD-H4-6cf894971292,XAUUSD,H4,LONG,Momentum+Structure
XAUUSD_H4_20,18,SQX-XAUUSD-H4-6dc3a257f599,XAUUSD,H4,LONG,Momentum+Structure
XAUUSD_H4_20,18,SQX-XAUUSD-H4-7b3edee3b9bd,XAUUSD,H4,LONG,Momentum+Structure
XAUUSD_H4_20,18,SQX-XAUUSD-H4-7c211c085aee,XAUUSD,H4,LONG,Momentum+Structure
XAUUSD_H4_20,18,SQX-XAUUSD-H4-91e302bbdf35,XAUUSD,H4,LONG,Momentum+Volatility+Structure
XAUUSD_H4_20,18,SQX-XAUUSD-H4-95a52a289df3,XAUUSD,H4,LONG,Momentum+Structure
XAUUSD_H4_20,18,SQX-XAUUSD-H4-987512593fd8,XAUUSD,H4,LONG,Momentum+Structure
XAUUSD_H4_20,18,SQX-XAUUSD-H4-a0c2e58dbcc1,XAUUSD,H4,LONG,Momentum+Structure
XAUUSD_H4_20,18,SQX-XAUUSD-H4-a70b0aa812cd,XAUUSD,H4,LONG,Momentum+Volatility+Structure
XAUUSD_H4_20,18,SQX-XAUUSD-H4-b3581e79b08f,XAUUSD,H4,LONG,Momentum+Structure
XAUUSD_H4_20,18,SQX-XAUUSD-H4-bfccc73cd528,XAUUSD,H4,LONG,Momentum+Structure
XAUUSD_H4_20,18,SQX-XAUUSD-H4-cf40c1bbada6,XAUUSD,H4,LONG,Momentum+Structure
XAUUSD_H4_20,18,SQX-XAUUSD-H4-f82d1cd818e1,XAUUSD,H4,LONG,Momentum+Structure
XAUUSD_H4_21,18,SQX-XAUUSD-H4-3b427fc9c0d7,XAUUSD,H4,LONG,Trend+Momentum
XAUUSD_H4_21,18,SQX-XAUUSD-H4-4c5170d68672,XAUUSD,H4,LONG,Trend+Momentum
XAUUSD_H4_21,18,SQX-XAUUSD-H4-5c2bdff810e6,XAUUSD,H4,LONG,Trend+Momentum
XAUUSD_H4_21,18,SQX-XAUUSD-H4-6677d3818cf3,XAUUSD,H4,LONG,Trend+Momentum
XAUUSD_H4_21,18,SQX-XAUUSD-H4-66d5042af8ef,XAUUSD,H4,LONG,Trend+Momentum+Volatility
XAUUSD_H4_21,18,SQX-XAUUSD-H4-6a9b4bb4532c,XAUUSD,H4,LONG,Trend+Momentum
XAUUSD_H4_21,18,SQX-XAUUSD-H4-a4bbff012266,XAUUSD,H4,LONG,Trend+Momentum
XAUUSD_H4_21,18,SQX-XAUUSD-H4-ae053284ac5a,XAUUSD,H4,LONG,Trend+Momentum+Volatility
XAUUSD_H4_21,18,SQX-XAUUSD-H4-b1ead732feda,XAUUSD,H4,LONG,Trend+Momentum
XAUUSD_H4_21,18,SQX-XAUUSD-H4-b3f53f77e05e,XAUUSD,H4,LONG,Trend+Momentum
XAUUSD_H4_21,18,SQX-XAUUSD-H4-b58da6bc7c89,XAUUSD,H4,LONG,Trend+Momentum
XAUUSD_H4_21,18,SQX-XAUUSD-H4-b6bf19cca36e,XAUUSD,H4,LONG,Trend+Momentum+Volatility
XAUUSD_H4_21,18,SQX-XAUUSD-H4-b831db6705a6,XAUUSD,H4,LONG,Trend+Momentum
XAUUSD_H4_21,18,SQX-XAUUSD-H4-c301e0f54fe5,XAUUSD,H4,LONG,Trend+Momentum+Volatility
XAUUSD_H4_21,18,SQX-XAUUSD-H4-d3c69e4d0b20,XAUUSD,H4,LONG,Trend+Momentum
XAUUSD_H4_21,18,SQX-XAUUSD-H4-d409a41a42fd,XAUUSD,H4,LONG,Trend+Momentum
XAUUSD_H4_21,18,SQX-XAUUSD-H4-d65bf6cac672,XAUUSD,H4,LONG,Trend+Momentum
XAUUSD_H4_21,18,SQX-XAUUSD-H4-f41356aea8cf,XAUUSD,H4,LONG,Trend+Momentum
XAUUSD_H4_22,17,SQX-XAUUSD-H4-120c61b5021d,XAUUSD,H4,LONG,Trend+Momentum
XAUUSD_H4_22,17,SQX-XAUUSD-H4-1f7e378a25c6,XAUUSD,H4,LONG,Trend+Momentum
XAUUSD_H4_22,17,SQX-XAUUSD-H4-289c34096313,XAUUSD,H4,LONG,Trend+Momentum
XAUUSD_H4_22,17,SQX-XAUUSD-H4-2c338792dd2a,XAUUSD,H4,LONG,Momentum
XAUUSD_H4_22,17,SQX-XAUUSD-H4-31e45aef88e6,XAUUSD,H4,LONG,Momentum
XAUUSD_H4_22,17,SQX-XAUUSD-H4-4d6a8e1cc9ca,XAUUSD,H4,LONG,Momentum
XAUUSD_H4_22,17,SQX-XAUUSD-H4-79b0cfe52597,XAUUSD,H4,LONG,Trend+Momentum+Volatility
XAUUSD_H4_22,17,SQX-XAUUSD-H4-8380b306cda9,XAUUSD,H4,LONG,Trend+Momentum
XAUUSD_H4_22,17,SQX-XAUUSD-H4-9841e45e81b4,XAUUSD,H4,LONG,Momentum
XAUUSD_H4_22,17,SQX-XAUUSD-H4-bce107b7b7db,XAUUSD,H4,LONG,Trend+Momentum
XAUUSD_H4_22,17,SQX-XAUUSD-H4-c1756b90d14d,XAUUSD,H4,LONG,Trend+Momentum
XAUUSD_H4_22,17,SQX-XAUUSD-H4-c4d5a94e7415,XAUUSD,H4,LONG,Trend+Momentum
XAUUSD_H4_22,17,SQX-XAUUSD-H4-c69218b34d35,XAUUSD,H4,LONG,Momentum
XAUUSD_H4_22,17,SQX-XAUUSD-H4-e26a65b04391,XAUUSD,H4,LONG,Trend+Momentum
XAUUSD_H4_22,17,SQX-XAUUSD-H4-eeffee29f87a,XAUUSD,H4,LONG,Trend+Momentum+Volatility
XAUUSD_H4_22,17,SQX-XAUUSD-H4-f4a4efdf1d39,XAUUSD,H4,LONG,Trend+Momentum
XAUUSD_H4_22,17,SQX-XAUUSD-H4-ffd760b8ff6b,XAUUSD,H4,LONG,Momentum
XAUUSD_H4_23,17,SQX-XAUUSD-H4-222ae7a9525a,XAUUSD,H4,LONG,Trend+Momentum
XAUUSD_H4_23,17,SQX-XAUUSD-H4-25fcd0701b57,XAUUSD,H4,LONG,Trend+Momentum
XAUUSD_H4_23,17,SQX-XAUUSD-H4-333f070b9f04,XAUUSD,H4,LONG,Trend+Momentum
XAUUSD_H4_23,17,SQX-XAUUSD-H4-359832fc8534,XAUUSD,H4,LONG,Momentum+Volatility
XAUUSD_H4_23,17,SQX-XAUUSD-H4-51a2a702da4f,XAUUSD,H4,LONG,Trend+Momentum
XAUUSD_H4_23,17,SQX-XAUUSD-H4-71c67b241604,XAUUSD,H4,LONG,Trend+Momentum
XAUUSD_H4_23,17,SQX-XAUUSD-H4-73f523d5132d,XAUUSD,H4,LONG,Trend+Momentum
XAUUSD_H4_23,17,SQX-XAUUSD-H4-8ee6f525e492,XAUUSD,H4,LONG,Trend+Momentum+Volatility
XAUUSD_H4_23,17,SQX-XAUUSD-H4-9c0c141df95e,XAUUSD,H4,LONG,Trend+Momentum
XAUUSD_H4_23,17,SQX-XAUUSD-H4-a87028aedf4b,XAUUSD,H4,LONG,Trend+Momentum+Volatility
XAUUSD_H4_23,17,SQX-XAUUSD-H4-c52711458865,XAUUSD,H4,LONG,Trend+Momentum
XAUUSD_H4_23,17,SQX-XAUUSD-H4-d4b6e0af76a9,XAUUSD,H4,LONG,Trend+Momentum
XAUUSD_H4_23,17,SQX-XAUUSD-H4-e7c29fbf0e35,XAUUSD,H4,LONG,Trend+Momentum
XAUUSD_H4_23,17,SQX-XAUUSD-H4-e8d093185b86,XAUUSD,H4,LONG,Trend+Momentum
XAUUSD_H4_23,17,SQX-XAUUSD-H4-f18582e2c503,XAUUSD,H4,LONG,Trend+Momentum
XAUUSD_H4_23,17,SQX-XAUUSD-H4-f4e7ad9772e1,XAUUSD,H4,LONG,Trend+Momentum+Volatility
XAUUSD_H4_23,17,SQX-XAUUSD-H4-fda6db95a50a,XAUUSD,H4,LONG,Trend+Momentum
XAUUSD_H4_24,15,SQX-XAUUSD-H4-15eb483f612c,XAUUSD,H4,LONG,Momentum
XAUUSD_H4_24,15,SQX-XAUUSD-H4-4346e534eaea,XAUUSD,H4,LONG,Momentum+Volatility
XAUUSD_H4_24,15,SQX-XAUUSD-H4-5046ae662cf6,XAUUSD,H4,LONG,Momentum
XAUUSD_H4_24,15,SQX-XAUUSD-H4-52c550515759,XAUUSD,H4,LONG,Momentum
XAUUSD_H4_24,15,SQX-XAUUSD-H4-6b92480e8afb,XAUUSD,H4,LONG,Momentum
XAUUSD_H4_24,15,SQX-XAUUSD-H4-6e7f8a367310,XAUUSD,H4,LONG,Momentum
XAUUSD_H4_24,15,SQX-XAUUSD-H4-7926ad22a542,XAUUSD,H4,LONG,Momentum+Volatility
XAUUSD_H4_24,15,SQX-XAUUSD-H4-7a23b9e39b9a,XAUUSD,H4,LONG,Momentum
XAUUSD_H4_24,15,SQX-XAUUSD-H4-809ee586a8ec,XAUUSD,H4,LONG,Momentum
XAUUSD_H4_24,15,SQX-XAUUSD-H4-b7e037f509bc,XAUUSD,H4,LONG,Momentum
XAUUSD_H4_24,15,SQX-XAUUSD-H4-b7e7b13334f9,XAUUSD,H4,LONG,Momentum+Volatility
XAUUSD_H4_24,15,SQX-XAUUSD-H4-bb47a9ea8f66,XAUUSD,H4,LONG,Momentum
XAUUSD_H4_24,15,SQX-XAUUSD-H4-dcecf7b4ba36,XAUUSD,H4,LONG,Momentum
XAUUSD_H4_24,15,SQX-XAUUSD-H4-ef41e954f462,XAUUSD,H4,LONG,Momentum
XAUUSD_H4_24,15,SQX-XAUUSD-H4-fbfee761d2c6,XAUUSD,H4,LONG,Momentum
XAUUSD_H4_25,14,SQX-XAUUSD-H4-0149e5ca623e,XAUUSD,H4,LONG,Trend+Structure
XAUUSD_H4_25,14,SQX-XAUUSD-H4-1d17c823c6f9,XAUUSD,H4,LONG,Trend+Structure
XAUUSD_H4_25,14,SQX-XAUUSD-H4-3fa555dfbd15,XAUUSD,H4,LONG,Structure
XAUUSD_H4_25,14,SQX-XAUUSD-H4-4b8c15788331,XAUUSD,H4,LONG,Trend+Structure
XAUUSD_H4_25,14,SQX-XAUUSD-H4-691613615ebe,XAUUSD,H4,LONG,Volatility+Structure
XAUUSD_H4_25,14,SQX-XAUUSD-H4-7210f8cf4f5e,XAUUSD,H4,LONG,Trend+Structure
XAUUSD_H4_25,14,SQX-XAUUSD-H4-8acbb6a89792,XAUUSD,H4,LONG,Volatility+Structure
XAUUSD_H4_25,14,SQX-XAUUSD-H4-99afbfef6926,XAUUSD,H4,LONG,Volatility+Structure
XAUUSD_H4_25,14,SQX-XAUUSD-H4-a64e61da0ae3,XAUUSD,H4,LONG,Trend+Structure
XAUUSD_H4_25,14,SQX-XAUUSD-H4-ba8c7f00d5b9,XAUUSD,H4,LONG,Structure
XAUUSD_H4_25,14,SQX-XAUUSD-H4-e23f34bdbe9f,XAUUSD,H4,LONG,Trend+Structure
XAUUSD_H4_25,14,SQX-XAUUSD-H4-e5b64c91aa75,XAUUSD,H4,LONG,Volatility+Structure
XAUUSD_H4_25,14,SQX-XAUUSD-H4-e97296b25b2f,XAUUSD,H4,LONG,Trend+Structure
XAUUSD_H4_25,14,SQX-XAUUSD-H4-f34c1317d6d9,XAUUSD,H4,LONG,Volatility+Structure
XAUUSD_H4_26,14,SQX-XAUUSD-H4-144641767c0a,XAUUSD,H4,LONG,Trend+Momentum
XAUUSD_H4_26,14,SQX-XAUUSD-H4-1d8a9e6e3f71,XAUUSD,H4,LONG,Trend+Momentum
XAUUSD_H4_26,14,SQX-XAUUSD-H4-1def7cc3494a,XAUUSD,H4,LONG,Trend+Momentum+Volatility
XAUUSD_H4_26,14,SQX-XAUUSD-H4-21777ca6f933,XAUUSD,H4,LONG,Trend+Momentum
XAUUSD_H4_26,14,SQX-XAUUSD-H4-3f9b99c4be1d,XAUUSD,H4,LONG,Trend
XAUUSD_H4_26,14,SQX-XAUUSD-H4-4b74db273f4e,XAUUSD,H4,LONG,Trend+Momentum
XAUUSD_H4_26,14,SQX-XAUUSD-H4-71cfd368c070,XAUUSD,H4,LONG,Trend+Momentum
XAUUSD_H4_26,14,SQX-XAUUSD-H4-a09e13b42b16,XAUUSD,H4,LONG,Trend+Momentum
XAUUSD_H4_26,14,SQX-XAUUSD-H4-b53d31e5319a,XAUUSD,H4,LONG,Trend+Volatility
XAUUSD_H4_26,14,SQX-XAUUSD-H4-b560a3b9863e,XAUUSD,H4,LONG,Trend+Momentum
XAUUSD_H4_26,14,SQX-XAUUSD-H4-bb33aa1fd2b6,XAUUSD,H4,LONG,Trend
XAUUSD_H4_26,14,SQX-XAUUSD-H4-c762b58aab86,XAUUSD,H4,LONG,Trend+Momentum+Volatility
XAUUSD_H4_26,14,SQX-XAUUSD-H4-e67a9a00b686,XAUUSD,H4,LONG,Trend+Momentum+Volatility
XAUUSD_H4_26,14,SQX-XAUUSD-H4-f7bec95ffce1,XAUUSD,H4,LONG,Trend+Volatility
XAUUSD_H4_27,14,SQX-XAUUSD-H4-2482d01fe509,XAUUSD,H4,LONG,Momentum+Structure
XAUUSD_H4_27,14,SQX-XAUUSD-H4-410ee754e0d2,XAUUSD,H4,LONG,Trend+Structure
XAUUSD_H4_27,14,SQX-XAUUSD-H4-4c5c5959cb47,XAUUSD,H4,LONG,Structure
XAUUSD_H4_27,14,SQX-XAUUSD-H4-6b75f70756f5,XAUUSD,H4,LONG,Structure
XAUUSD_H4_27,14,SQX-XAUUSD-H4-7b702b8ab43c,XAUUSD,H4,LONG,Volatility+Structure
XAUUSD_H4_27,14,SQX-XAUUSD-H4-86c73fd570a4,XAUUSD,H4,LONG,Volatility+Structure
XAUUSD_H4_27,14,SQX-XAUUSD-H4-8a9827b8acb5,XAUUSD,H4,LONG,Momentum+Structure
XAUUSD_H4_27,14,SQX-XAUUSD-H4-9cb9f17bceb7,XAUUSD,H4,LONG,Volatility+Structure
XAUUSD_H4_27,14,SQX-XAUUSD-H4-9dc99a06e8c3,XAUUSD,H4,LONG,Structure
XAUUSD_H4_27,14,SQX-XAUUSD-H4-b66af4f5a4e9,XAUUSD,H4,LONG,Trend+Structure
XAUUSD_H4_27,14,SQX-XAUUSD-H4-c98cfed72e28,XAUUSD,H4,LONG,Volatility+Structure
XAUUSD_H4_27,14,SQX-XAUUSD-H4-ed1c3c06aa1c,XAUUSD,H4,LONG,Volatility+Structure
XAUUSD_H4_27,14,SQX-XAUUSD-H4-f10ea1297010,XAUUSD,H4,LONG,Trend+Volatility+Structure
XAUUSD_H4_27,14,SQX-XAUUSD-H4-f410942e83a7,XAUUSD,H4,LONG,Momentum+Structure
XAUUSD_H4_28,14,SQX-XAUUSD-H4-26de76afdb1e,XAUUSD,H4,LONG,Trend+Momentum+Volatility+Structure
XAUUSD_H4_28,14,SQX-XAUUSD-H4-39ecd76fd253,XAUUSD,H4,LONG,Trend+Momentum+Structure
XAUUSD_H4_28,14,SQX-XAUUSD-H4-4ae5bedae3b9,XAUUSD,H4,LONG,Trend+Momentum+Volatility+Structure
XAUUSD_H4_28,14,SQX-XAUUSD-H4-524bf43e91ed,XAUUSD,H4,LONG,Momentum+Structure
XAUUSD_H4_28,14,SQX-XAUUSD-H4-7d46745dceb2,XAUUSD,H4,LONG,Trend+Momentum+Structure
XAUUSD_H4_28,14,SQX-XAUUSD-H4-81ac0aea96be,XAUUSD,H4,LONG,Trend+Momentum+Structure
XAUUSD_H4_28,14,SQX-XAUUSD-H4-98598aef7f5c,XAUUSD,H4,LONG,Trend+Momentum+Structure
XAUUSD_H4_28,14,SQX-XAUUSD-H4-bce4f900eaca,XAUUSD,H4,LONG,Trend+Momentum+Volatility+Structure
XAUUSD_H4_28,14,SQX-XAUUSD-H4-c2485bd7762c,XAUUSD,H4,LONG,Trend+Momentum+Structure
XAUUSD_H4_28,14,SQX-XAUUSD-H4-c2dff77ea572,XAUUSD,H4,LONG,Trend+Momentum+Structure
XAUUSD_H4_28,14,SQX-XAUUSD-H4-c8564df990f3,XAUUSD,H4,LONG,Trend+Momentum+Structure
XAUUSD_H4_28,14,SQX-XAUUSD-H4-ca504f7f142f,XAUUSD,H4,LONG,Trend+Momentum+Volatility+Structure
XAUUSD_H4_28,14,SQX-XAUUSD-H4-cc9efcb6a5a6,XAUUSD,H4,LONG,Trend+Momentum+Structure
XAUUSD_H4_28,14,SQX-XAUUSD-H4-df4948cafe65,XAUUSD,H4,LONG,Trend+Momentum+Structure
XAUUSD_H4_29,13,SQX-XAUUSD-H4-03c5f4a905b7,XAUUSD,H4,LONG,Trend
XAUUSD_H4_29,13,SQX-XAUUSD-H4-20084756885a,XAUUSD,H4,LONG,Momentum+Structure
XAUUSD_H4_29,13,SQX-XAUUSD-H4-58475ff4551f,XAUUSD,H4,LONG,Momentum+Structure
XAUUSD_H4_29,13,SQX-XAUUSD-H4-586fad7977eb,XAUUSD,H4,LONG,Trend+Volatility+Structure
XAUUSD_H4_29,13,SQX-XAUUSD-H4-5c907b9465c0,XAUUSD,H4,LONG,Trend
XAUUSD_H4_29,13,SQX-XAUUSD-H4-5d37b4fabe43,XAUUSD,H4,LONG,Trend+Structure
XAUUSD_H4_29,13,SQX-XAUUSD-H4-6e566acec777,XAUUSD,H4,LONG,Momentum+Volatility+Structure
XAUUSD_H4_29,13,SQX-XAUUSD-H4-9f25e02c8167,XAUUSD,H4,LONG,Trend+Volatility+Structure
XAUUSD_H4_29,13,SQX-XAUUSD-H4-a88415fa36f3,XAUUSD,H4,LONG,Trend+Structure
XAUUSD_H4_29,13,SQX-XAUUSD-H4-bce64c0733d7,XAUUSD,H4,LONG,Trend+Structure
XAUUSD_H4_29,13,SQX-XAUUSD-H4-c24bac1c8112,XAUUSD,H4,LONG,Momentum
XAUUSD_H4_29,13,SQX-XAUUSD-H4-dfb1b31ba472,XAUUSD,H4,LONG,Momentum+Structure
XAUUSD_H4_29,13,SQX-XAUUSD-H4-fbd38351ed30,XAUUSD,H4,LONG,Momentum
XAUUSD_H4_30,13,SQX-XAUUSD-H4-05205521f033,XAUUSD,H4,LONG,Trend+Momentum
XAUUSD_H4_30,13,SQX-XAUUSD-H4-0ae8e292f591,XAUUSD,H4,LONG,Momentum
XAUUSD_H4_30,13,SQX-XAUUSD-H4-14e0adb13c45,XAUUSD,H4,LONG,Momentum
XAUUSD_H4_30,13,SQX-XAUUSD-H4-189fcfe1c531,XAUUSD,H4,LONG,Trend+Momentum
XAUUSD_H4_30,13,SQX-XAUUSD-H4-2a6f566ce4ff,XAUUSD,H4,LONG,Trend+Momentum
XAUUSD_H4_30,13,SQX-XAUUSD-H4-4ace32ad27d5,XAUUSD,H4,LONG,Momentum+Volatility
XAUUSD_H4_30,13,SQX-XAUUSD-H4-657b9c6524e1,XAUUSD,H4,LONG,Trend+Momentum
XAUUSD_H4_30,13,SQX-XAUUSD-H4-70f9ec82d127,XAUUSD,H4,LONG,Momentum
XAUUSD_H4_30,13,SQX-XAUUSD-H4-b71efd1c33a1,XAUUSD,H4,LONG,Momentum
XAUUSD_H4_30,13,SQX-XAUUSD-H4-c3ba8fed70f1,XAUUSD,H4,LONG,Momentum+Volatility
XAUUSD_H4_30,13,SQX-XAUUSD-H4-dac5f18c78c5,XAUUSD,H4,LONG,Momentum
XAUUSD_H4_30,13,SQX-XAUUSD-H4-dfccf7764ffc,XAUUSD,H4,LONG,Momentum
XAUUSD_H4_30,13,SQX-XAUUSD-H4-e720a7465bbc,XAUUSD,H4,LONG,Momentum+Volatility
XAUUSD_H4_31,13,SQX-XAUUSD-H4-065dac0820f1,XAUUSD,H4,LONG,Momentum
XAUUSD_H4_31,13,SQX-XAUUSD-H4-329f216b5e0f,XAUUSD,H4,LONG,Momentum
XAUUSD_H4_31,13,SQX-XAUUSD-H4-35d27dc9f628,XAUUSD,H4,LONG,Momentum+Volatility+Structure
XAUUSD_H4_31,13,SQX-XAUUSD-H4-498a0b452f59,XAUUSD,H4,LONG,Trend+Structure
XAUUSD_H4_31,13,SQX-XAUUSD-H4-49dd9bce2399,XAUUSD,H4,LONG,Momentum+Volatility
XAUUSD_H4_31,13,SQX-XAUUSD-H4-74b8f69bcfcf,XAUUSD,H4,LONG,Trend+Momentum
XAUUSD_H4_31,13,SQX-XAUUSD-H4-75532a185592,XAUUSD,H4,LONG,Trend+Momentum+Structure
XAUUSD_H4_31,13,SQX-XAUUSD-H4-aae5bf01b1cd,XAUUSD,H4,LONG,Momentum+Structure
XAUUSD_H4_31,13,SQX-XAUUSD-H4-b240321fc305,XAUUSD,H4,LONG,Momentum
XAUUSD_H4_31,13,SQX-XAUUSD-H4-bd250067b576,XAUUSD,H4,LONG,Trend+Momentum+Volatility
XAUUSD_H4_31,13,SQX-XAUUSD-H4-cfd07c7e3b53,XAUUSD,H4,LONG,Momentum+Structure
XAUUSD_H4_31,13,SQX-XAUUSD-H4-db58eb071d22,XAUUSD,H4,LONG,Momentum
XAUUSD_H4_31,13,SQX-XAUUSD-H4-ef4849c71b51,XAUUSD,H4,LONG,Momentum+Volatility
XAUUSD_H4_32,13,SQX-XAUUSD-H4-2bd8b5e10dc6,XAUUSD,H4,LONG,Momentum+Volatility
XAUUSD_H4_32,13,SQX-XAUUSD-H4-316185cd3e0b,XAUUSD,H4,LONG,Momentum+Volatility
XAUUSD_H4_32,13,SQX-XAUUSD-H4-3ffbc928bb1b,XAUUSD,H4,LONG,Momentum+Volatility
XAUUSD_H4_32,13,SQX-XAUUSD-H4-50b552b1b478,XAUUSD,H4,LONG,Trend+Momentum+Volatility
XAUUSD_H4_32,13,SQX-XAUUSD-H4-614d19ff6e45,XAUUSD,H4,LONG,Momentum+Volatility
XAUUSD_H4_32,13,SQX-XAUUSD-H4-640e41746352,XAUUSD,H4,LONG,Trend+Momentum+Volatility
XAUUSD_H4_32,13,SQX-XAUUSD-H4-6619fbb027dd,XAUUSD,H4,LONG,Trend+Momentum+Volatility
XAUUSD_H4_32,13,SQX-XAUUSD-H4-95610bd3e350,XAUUSD,H4,LONG,Momentum+Volatility
XAUUSD_H4_32,13,SQX-XAUUSD-H4-a9cb5ca3670a,XAUUSD,H4,LONG,Trend+Momentum+Volatility
XAUUSD_H4_32,13,SQX-XAUUSD-H4-ad91d3c41eb6,XAUUSD,H4,LONG,Trend+Momentum+Volatility
XAUUSD_H4_32,13,SQX-XAUUSD-H4-d2c201baa9e8,XAUUSD,H4,LONG,Trend+Momentum+Volatility
XAUUSD_H4_32,13,SQX-XAUUSD-H4-e39cb5023545,XAUUSD,H4,LONG,Momentum+Volatility
XAUUSD_H4_32,13,SQX-XAUUSD-H4-f311232a6e2e,XAUUSD,H4,LONG,Momentum+Volatility
XAUUSD_H4_33,12,SQX-XAUUSD-H4-0c01dc8966d2,XAUUSD,H4,LONG,Momentum
XAUUSD_H4_33,12,SQX-XAUUSD-H4-2a95a258f3a8,XAUUSD,H4,LONG,Momentum
XAUUSD_H4_33,12,SQX-XAUUSD-H4-397e814b8265,XAUUSD,H4,LONG,Momentum
XAUUSD_H4_33,12,SQX-XAUUSD-H4-68d87973171e,XAUUSD,H4,LONG,Momentum+Volatility
XAUUSD_H4_33,12,SQX-XAUUSD-H4-773f73a14998,XAUUSD,H4,LONG,Momentum
XAUUSD_H4_33,12,SQX-XAUUSD-H4-78a97cf1f865,XAUUSD,H4,LONG,Trend+Momentum
XAUUSD_H4_33,12,SQX-XAUUSD-H4-7903f3a14464,XAUUSD,H4,LONG,Momentum
XAUUSD_H4_33,12,SQX-XAUUSD-H4-8cb3edd1411f,XAUUSD,H4,LONG,Trend+Momentum
XAUUSD_H4_33,12,SQX-XAUUSD-H4-aa0d2f8e9386,XAUUSD,H4,LONG,Momentum
XAUUSD_H4_33,12,SQX-XAUUSD-H4-b5396ab04566,XAUUSD,H4,LONG,Momentum
XAUUSD_H4_33,12,SQX-XAUUSD-H4-bf4618a44005,XAUUSD,H4,LONG,Momentum
XAUUSD_H4_33,12,SQX-XAUUSD-H4-fdd6905105f6,XAUUSD,H4,LONG,Momentum
XAUUSD_H4_34,12,SQX-XAUUSD-H4-2564b3a94738,XAUUSD,H4,LONG,Trend+Structure
XAUUSD_H4_34,12,SQX-XAUUSD-H4-5a66d680de7c,XAUUSD,H4,LONG,Trend+Structure
XAUUSD_H4_34,12,SQX-XAUUSD-H4-61c5b550e3ca,XAUUSD,H4,LONG,Trend+Momentum+Structure
XAUUSD_H4_34,12,SQX-XAUUSD-H4-7120cb302b63,XAUUSD,H4,LONG,Trend+Structure
XAUUSD_H4_34,12,SQX-XAUUSD-H4-84e88e79a114,XAUUSD,H4,LONG,Trend+Structure
XAUUSD_H4_34,12,SQX-XAUUSD-H4-96f15a2be0d1,XAUUSD,H4,LONG,Trend+Structure
XAUUSD_H4_34,12,SQX-XAUUSD-H4-ab6dc69368e0,XAUUSD,H4,LONG,Trend+Momentum+Structure
XAUUSD_H4_34,12,SQX-XAUUSD-H4-b27c66e4a675,XAUUSD,H4,LONG,Trend+Structure
XAUUSD_H4_34,12,SQX-XAUUSD-H4-e074c0f2684d,XAUUSD,H4,LONG,Trend+Structure
XAUUSD_H4_34,12,SQX-XAUUSD-H4-e4c662db56b5,XAUUSD,H4,LONG,Trend+Volatility+Structure
XAUUSD_H4_34,12,SQX-XAUUSD-H4-ed6a288d8e60,XAUUSD,H4,LONG,Trend+Structure
XAUUSD_H4_34,12,SQX-XAUUSD-H4-f6c18b4616ee,XAUUSD,H4,LONG,Trend+Structure
XAUUSD_H4_35,12,SQX-XAUUSD-H4-327c4ff411b5,XAUUSD,H4,LONG,Momentum
XAUUSD_H4_35,12,SQX-XAUUSD-H4-45c244fa15c4,XAUUSD,H4,LONG,Momentum
XAUUSD_H4_35,12,SQX-XAUUSD-H4-702b82e3e6ea,XAUUSD,H4,LONG,Momentum
XAUUSD_H4_35,12,SQX-XAUUSD-H4-7483ad030163,XAUUSD,H4,LONG,Momentum+Volatility
XAUUSD_H4_35,12,SQX-XAUUSD-H4-808ee8b20941,XAUUSD,H4,LONG,Trend+Momentum
XAUUSD_H4_35,12,SQX-XAUUSD-H4-937824b10648,XAUUSD,H4,LONG,Trend+Momentum
XAUUSD_H4_35,12,SQX-XAUUSD-H4-a6cb3f23acce,XAUUSD,H4,LONG,Trend+Momentum
XAUUSD_H4_35,12,SQX-XAUUSD-H4-aae5cdb6046f,XAUUSD,H4,LONG,Momentum
XAUUSD_H4_35,12,SQX-XAUUSD-H4-bd072277b693,XAUUSD,H4,LONG,Trend+Momentum
XAUUSD_H4_35,12,SQX-XAUUSD-H4-d9537602bfc4,XAUUSD,H4,LONG,Trend+Momentum
XAUUSD_H4_35,12,SQX-XAUUSD-H4-e62e98989f19,XAUUSD,H4,LONG,Trend+Momentum
XAUUSD_H4_35,12,SQX-XAUUSD-H4-f383d9bd01d7,XAUUSD,H4,LONG,Trend+Momentum
XAUUSD_H4_36,11,SQX-XAUUSD-H4-027431eb595b,XAUUSD,H4,LONG,Trend+Volatility+Structure
XAUUSD_H4_36,11,SQX-XAUUSD-H4-6a96a27b5401,XAUUSD,H4,LONG,Momentum+Structure
XAUUSD_H4_36,11,SQX-XAUUSD-H4-a186caed2029,XAUUSD,H4,LONG,Trend+Structure
XAUUSD_H4_36,11,SQX-XAUUSD-H4-a2f5446228fb,XAUUSD,H4,LONG,Momentum+Volatility+Structure
XAUUSD_H4_36,11,SQX-XAUUSD-H4-a7ba263e3e5b,XAUUSD,H4,LONG,Momentum+Structure
XAUUSD_H4_36,11,SQX-XAUUSD-H4-c9292d2a5f80,XAUUSD,H4,LONG,Trend
XAUUSD_H4_36,11,SQX-XAUUSD-H4-d153e2ea2895,XAUUSD,H4,LONG,Trend+Momentum+Structure
XAUUSD_H4_36,11,SQX-XAUUSD-H4-d594073e5d2d,XAUUSD,H4,LONG,Trend+Structure
XAUUSD_H4_36,11,SQX-XAUUSD-H4-dd6441973fb6,XAUUSD,H4,LONG,Trend+Structure
XAUUSD_H4_36,11,SQX-XAUUSD-H4-e2e611ac589c,XAUUSD,H4,LONG,Trend+Structure
XAUUSD_H4_36,11,SQX-XAUUSD-H4-ffb1e89ab198,XAUUSD,H4,LONG,Trend
XAUUSD_H4_37,11,SQX-XAUUSD-H4-12233855de2d,XAUUSD,H4,LONG,Trend+Structure
XAUUSD_H4_37,11,SQX-XAUUSD-H4-262bc2841a5b,XAUUSD,H4,LONG,Structure
XAUUSD_H4_37,11,SQX-XAUUSD-H4-41ba3979d06d,XAUUSD,H4,LONG,Momentum+Structure
XAUUSD_H4_37,11,SQX-XAUUSD-H4-4481cb23980f,XAUUSD,H4,LONG,Momentum+Structure
XAUUSD_H4_37,11,SQX-XAUUSD-H4-47519f953759,XAUUSD,H4,LONG,Structure
XAUUSD_H4_37,11,SQX-XAUUSD-H4-7fe12450ca1f,XAUUSD,H4,LONG,Structure
XAUUSD_H4_37,11,SQX-XAUUSD-H4-8e643fcf03cf,XAUUSD,H4,LONG,Trend+Structure
XAUUSD_H4_37,11,SQX-XAUUSD-H4-93d607549801,XAUUSD,H4,LONG,Trend+Structure
XAUUSD_H4_37,11,SQX-XAUUSD-H4-9f69008abd83,XAUUSD,H4,LONG,Volatility+Structure
XAUUSD_H4_37,11,SQX-XAUUSD-H4-9faae5c30e7f,XAUUSD,H4,LONG,Volatility+Structure
XAUUSD_H4_37,11,SQX-XAUUSD-H4-e72b11a66f65,XAUUSD,H4,LONG,Volatility+Structure
XAUUSD_H4_38,11,SQX-XAUUSD-H4-41e08d91b671,XAUUSD,H4,LONG,Trend+Momentum
XAUUSD_H4_38,11,SQX-XAUUSD-H4-43c679674e07,XAUUSD,H4,LONG,Trend+Momentum+Volatility
XAUUSD_H4_38,11,SQX-XAUUSD-H4-55ab74cb1bed,XAUUSD,H4,LONG,Trend+Momentum
XAUUSD_H4_38,11,SQX-XAUUSD-H4-5b14125883ff,XAUUSD,H4,LONG,Momentum
XAUUSD_H4_38,11,SQX-XAUUSD-H4-5f08b0326701,XAUUSD,H4,LONG,Trend+Momentum+Volatility
XAUUSD_H4_38,11,SQX-XAUUSD-H4-849940b9a6a0,XAUUSD,H4,LONG,Trend+Momentum
XAUUSD_H4_38,11,SQX-XAUUSD-H4-891170549b78,XAUUSD,H4,LONG,Trend+Momentum
XAUUSD_H4_38,11,SQX-XAUUSD-H4-89581a8e8608,XAUUSD,H4,LONG,Trend+Momentum
XAUUSD_H4_38,11,SQX-XAUUSD-H4-a1456dcddb50,XAUUSD,H4,LONG,Trend+Momentum
XAUUSD_H4_38,11,SQX-XAUUSD-H4-a32bdf8c15a2,XAUUSD,H4,LONG,Trend+Momentum
XAUUSD_H4_38,11,SQX-XAUUSD-H4-e6b10630166e,XAUUSD,H4,LONG,Trend+Momentum+Volatility
XAUUSD_H4_39,10,SQX-XAUUSD-H4-1412d830a145,XAUUSD,H4,LONG,Volatility+Structure
XAUUSD_H4_39,10,SQX-XAUUSD-H4-27fa6519d758,XAUUSD,H4,LONG,Trend
XAUUSD_H4_39,10,SQX-XAUUSD-H4-305cbf04acc1,XAUUSD,H4,LONG,Trend+Volatility
XAUUSD_H4_39,10,SQX-XAUUSD-H4-61f7eec62fb5,XAUUSD,H4,LONG,Volatility
XAUUSD_H4_39,10,SQX-XAUUSD-H4-6828bb935dee,XAUUSD,H4,LONG,Trend+Volatility+Structure
XAUUSD_H4_39,10,SQX-XAUUSD-H4-af22fbbbbcf8,XAUUSD,H4,LONG,Trend
XAUUSD_H4_39,10,SQX-XAUUSD-H4-b2ebbe9fe699,XAUUSD,H4,LONG,Trend+Volatility
XAUUSD_H4_39,10,SQX-XAUUSD-H4-c2e9a2505203,XAUUSD,H4,LONG,Trend+Volatility+Structure
XAUUSD_H4_39,10,SQX-XAUUSD-H4-d4b0fc0ab708,XAUUSD,H4,LONG,Momentum+Volatility
XAUUSD_H4_39,10,SQX-XAUUSD-H4-e347f0e58461,XAUUSD,H4,LONG,Trend+Volatility+Structure
XAUUSD_H4_40,10,SQX-XAUUSD-H4-292161aae4e0,XAUUSD,H4,LONG,Momentum+Volatility+Structure
XAUUSD_H4_40,10,SQX-XAUUSD-H4-2ae80cf738ae,XAUUSD,H4,LONG,Momentum
XAUUSD_H4_40,10,SQX-XAUUSD-H4-38bf398c5089,XAUUSD,H4,LONG,Trend+Momentum
XAUUSD_H4_40,10,SQX-XAUUSD-H4-6828bb347b59,XAUUSD,H4,LONG,Momentum+Volatility
XAUUSD_H4_40,10,SQX-XAUUSD-H4-8be66ff4b4ff,XAUUSD,H4,LONG,Trend+Momentum+Volatility
XAUUSD_H4_40,10,SQX-XAUUSD-H4-9528841abaa9,XAUUSD,H4,LONG,Momentum
XAUUSD_H4_40,10,SQX-XAUUSD-H4-ac413d221337,XAUUSD,H4,LONG,Momentum
XAUUSD_H4_40,10,SQX-XAUUSD-H4-b11934a88298,XAUUSD,H4,LONG,Momentum
XAUUSD_H4_40,10,SQX-XAUUSD-H4-b9fdb94817a0,XAUUSD,H4,LONG,Momentum
XAUUSD_H4_40,10,SQX-XAUUSD-H4-bcbcb27e930e,XAUUSD,H4,LONG,Momentum+Volatility
XAUUSD_H4_41,10,SQX-XAUUSD-H4-3c0edb83d5dc,XAUUSD,H4,LONG,Momentum
XAUUSD_H4_41,10,SQX-XAUUSD-H4-5a81ba9fa694,XAUUSD,H4,LONG,Momentum
XAUUSD_H4_41,10,SQX-XAUUSD-H4-748b573e00a5,XAUUSD,H4,LONG,Momentum+Volatility+Structure
XAUUSD_H4_41,10,SQX-XAUUSD-H4-8cd615399819,XAUUSD,H4,LONG,Momentum
XAUUSD_H4_41,10,SQX-XAUUSD-H4-9759fa3f6697,XAUUSD,H4,LONG,Trend
XAUUSD_H4_41,10,SQX-XAUUSD-H4-a68b504b3a9a,XAUUSD,H4,LONG,Momentum
XAUUSD_H4_41,10,SQX-XAUUSD-H4-afe0f6d3bd20,XAUUSD,H4,LONG,Trend+Momentum
XAUUSD_H4_41,10,SQX-XAUUSD-H4-cb7e5ac0ca99,XAUUSD,H4,LONG,Momentum+Volatility
XAUUSD_H4_41,10,SQX-XAUUSD-H4-e2fff4238c69,XAUUSD,H4,LONG,Momentum
XAUUSD_H4_41,10,SQX-XAUUSD-H4-e7f53d28a9c1,XAUUSD,H4,LONG,Momentum
XAUUSD_H4_42,9,SQX-XAUUSD-H4-0691ac9c6a5a,XAUUSD,H4,LONG,Momentum+Structure
XAUUSD_H4_42,9,SQX-XAUUSD-H4-31375e57ab04,XAUUSD,H4,LONG,Momentum+Structure
XAUUSD_H4_42,9,SQX-XAUUSD-H4-6060f661ec34,XAUUSD,H4,LONG,Momentum+Structure
XAUUSD_H4_42,9,SQX-XAUUSD-H4-6110d3be3de2,XAUUSD,H4,LONG,Momentum+Structure
XAUUSD_H4_42,9,SQX-XAUUSD-H4-733342186781,XAUUSD,H4,LONG,Trend+Structure
XAUUSD_H4_42,9,SQX-XAUUSD-H4-81d9cc82bf5b,XAUUSD,H4,LONG,Momentum+Structure
XAUUSD_H4_42,9,SQX-XAUUSD-H4-8c659fd8f400,XAUUSD,H4,LONG,Momentum+Structure
XAUUSD_H4_42,9,SQX-XAUUSD-H4-a4bc6cea8895,XAUUSD,H4,LONG,Momentum+Structure
XAUUSD_H4_42,9,SQX-XAUUSD-H4-f04560c5f9f4,XAUUSD,H4,LONG,Trend+Structure
XAUUSD_H4_43,9,SQX-XAUUSD-H4-0bfc5fa093e6,XAUUSD,H4,LONG,Momentum+Structure
XAUUSD_H4_43,9,SQX-XAUUSD-H4-11d5a3fe15fe,XAUUSD,H4,LONG,Momentum+Volatility+Structure
XAUUSD_H4_43,9,SQX-XAUUSD-H4-6afb807d5976,XAUUSD,H4,LONG,Momentum+Structure
XAUUSD_H4_43,9,SQX-XAUUSD-H4-881ee56b321c,XAUUSD,H4,LONG,Momentum+Structure
XAUUSD_H4_43,9,SQX-XAUUSD-H4-a22c605f2c80,XAUUSD,H4,LONG,Momentum+Structure
XAUUSD_H4_43,9,SQX-XAUUSD-H4-c5e9f70315f1,XAUUSD,H4,LONG,Momentum+Structure
XAUUSD_H4_43,9,SQX-XAUUSD-H4-d57755a36b9a,XAUUSD,H4,LONG,Momentum+Structure
XAUUSD_H4_43,9,SQX-XAUUSD-H4-d7142d423042,XAUUSD,H4,LONG,Momentum+Structure
XAUUSD_H4_43,9,SQX-XAUUSD-H4-def585f528f5,XAUUSD,H4,LONG,Momentum+Volatility+Structure
XAUUSD_H4_44,9,SQX-XAUUSD-H4-14a57d13c831,XAUUSD,H4,LONG,Trend+Momentum
XAUUSD_H4_44,9,SQX-XAUUSD-H4-156b93c44e1e,XAUUSD,H4,LONG,Trend+Momentum
XAUUSD_H4_44,9,SQX-XAUUSD-H4-1f79008320f8,XAUUSD,H4,LONG,Trend+Momentum
XAUUSD_H4_44,9,SQX-XAUUSD-H4-30152097dfa4,XAUUSD,H4,LONG,Trend+Momentum
XAUUSD_H4_44,9,SQX-XAUUSD-H4-3af73937a6e5,XAUUSD,H4,LONG,Trend+Momentum
XAUUSD_H4_44,9,SQX-XAUUSD-H4-76ac8f57f66d,XAUUSD,H4,LONG,Trend+Momentum
XAUUSD_H4_44,9,SQX-XAUUSD-H4-7eb6438a6de1,XAUUSD,H4,LONG,Trend+Momentum
XAUUSD_H4_44,9,SQX-XAUUSD-H4-a3a2ee85ecce,XAUUSD,H4,LONG,Trend+Momentum+Volatility
XAUUSD_H4_44,9,SQX-XAUUSD-H4-fac2776f0e05,XAUUSD,H4,LONG,Trend+Momentum
XAUUSD_H4_45,9,SQX-XAUUSD-H4-27c958c96684,XAUUSD,H4,LONG,Momentum
XAUUSD_H4_45,9,SQX-XAUUSD-H4-486fe0c76a97,XAUUSD,H4,LONG,Momentum
XAUUSD_H4_45,9,SQX-XAUUSD-H4-56ea646c2f52,XAUUSD,H4,LONG,Momentum
XAUUSD_H4_45,9,SQX-XAUUSD-H4-7eb821118910,XAUUSD,H4,LONG,Momentum
XAUUSD_H4_45,9,SQX-XAUUSD-H4-93caeba8d8dc,XAUUSD,H4,LONG,Momentum+Volatility
XAUUSD_H4_45,9,SQX-XAUUSD-H4-9bc088c63720,XAUUSD,H4,LONG,Momentum
XAUUSD_H4_45,9,SQX-XAUUSD-H4-a33173963f59,XAUUSD,H4,LONG,Momentum
XAUUSD_H4_45,9,SQX-XAUUSD-H4-e9df37bff564,XAUUSD,H4,LONG,Momentum
XAUUSD_H4_45,9,SQX-XAUUSD-H4-f56d47119d50,XAUUSD,H4,LONG,Momentum+Volatility
XAUUSD_H4_46,8,SQX-XAUUSD-H4-06b1521342ea,XAUUSD,H4,LONG,Trend+Momentum
XAUUSD_H4_46,8,SQX-XAUUSD-H4-32f3c6c523ac,XAUUSD,H4,LONG,Trend
XAUUSD_H4_46,8,SQX-XAUUSD-H4-6e6de45237dc,XAUUSD,H4,LONG,Trend+Momentum
XAUUSD_H4_46,8,SQX-XAUUSD-H4-a50adade66d4,XAUUSD,H4,LONG,Trend+Momentum
XAUUSD_H4_46,8,SQX-XAUUSD-H4-cb0f28088f67,XAUUSD,H4,LONG,Trend
XAUUSD_H4_46,8,SQX-XAUUSD-H4-f5186433b09c,XAUUSD,H4,LONG,Trend+Momentum
XAUUSD_H4_46,8,SQX-XAUUSD-H4-fa2290ce2527,XAUUSD,H4,LONG,Trend+Momentum
XAUUSD_H4_46,8,SQX-XAUUSD-H4-fd338cec7265,XAUUSD,H4,LONG,Trend+Momentum
XAUUSD_H4_47,8,SQX-XAUUSD-H4-099a6b31cdf5,XAUUSD,H4,LONG,Momentum
XAUUSD_H4_47,8,SQX-XAUUSD-H4-130ad617c6f9,XAUUSD,H4,LONG,Trend+Momentum
XAUUSD_H4_47,8,SQX-XAUUSD-H4-3e3e81b8dc50,XAUUSD,H4,LONG,Momentum
XAUUSD_H4_47,8,SQX-XAUUSD-H4-3ea0bcec31e9,XAUUSD,H4,LONG,Momentum+Volatility
XAUUSD_H4_47,8,SQX-XAUUSD-H4-4bc0228fc02d,XAUUSD,H4,LONG,Momentum
XAUUSD_H4_47,8,SQX-XAUUSD-H4-8170744a4861,XAUUSD,H4,LONG,Trend+Momentum
XAUUSD_H4_47,8,SQX-XAUUSD-H4-8beae47acbb6,XAUUSD,H4,LONG,Momentum
XAUUSD_H4_47,8,SQX-XAUUSD-H4-912e61f6ab77,XAUUSD,H4,LONG,Momentum+Volatility
XAUUSD_H4_48,8,SQX-XAUUSD-H4-0bf2653c7ea2,XAUUSD,H4,LONG,Momentum
XAUUSD_H4_48,8,SQX-XAUUSD-H4-0c9765424e26,XAUUSD,H4,LONG,Trend+Momentum
XAUUSD_H4_48,8,SQX-XAUUSD-H4-1362f189f76e,XAUUSD,H4,LONG,Trend+Momentum
XAUUSD_H4_48,8,SQX-XAUUSD-H4-20c73288989e,XAUUSD,H4,LONG,Trend+Momentum
XAUUSD_H4_48,8,SQX-XAUUSD-H4-3546d729a943,XAUUSD,H4,LONG,Trend+Momentum
XAUUSD_H4_48,8,SQX-XAUUSD-H4-7fdd87abe639,XAUUSD,H4,LONG,Trend+Momentum
XAUUSD_H4_48,8,SQX-XAUUSD-H4-a56459989c45,XAUUSD,H4,LONG,Trend+Momentum
XAUUSD_H4_48,8,SQX-XAUUSD-H4-caac2b72d19d,XAUUSD,H4,LONG,Trend+Momentum
XAUUSD_H4_49,8,SQX-XAUUSD-H4-15ff066c0308,XAUUSD,H4,LONG,Trend+Momentum
XAUUSD_H4_49,8,SQX-XAUUSD-H4-31c202f06b1c,XAUUSD,H4,LONG,Trend+Momentum
XAUUSD_H4_49,8,SQX-XAUUSD-H4-550978f092e1,XAUUSD,H4,LONG,Trend+Momentum
XAUUSD_H4_49,8,SQX-XAUUSD-H4-55d6ce806d90,XAUUSD,H4,LONG,Trend+Momentum
XAUUSD_H4_49,8,SQX-XAUUSD-H4-5c8f4f59399c,XAUUSD,H4,LONG,Trend+Momentum
XAUUSD_H4_49,8,SQX-XAUUSD-H4-7f55b9f1e583,XAUUSD,H4,LONG,Trend+Momentum
XAUUSD_H4_49,8,SQX-XAUUSD-H4-eacc29571807,XAUUSD,H4,LONG,Trend+Momentum
XAUUSD_H4_49,8,SQX-XAUUSD-H4-f70b8efa0c5f,XAUUSD,H4,LONG,Trend+Momentum
XAUUSD_H4_50,8,SQX-XAUUSD-H4-21bbf4612951,XAUUSD,H4,LONG,Momentum
XAUUSD_H4_50,8,SQX-XAUUSD-H4-38a9a6560f62,XAUUSD,H4,LONG,Momentum
XAUUSD_H4_50,8,SQX-XAUUSD-H4-39de0e9811ab,XAUUSD,H4,LONG,Momentum
XAUUSD_H4_50,8,SQX-XAUUSD-H4-5a70c6c74d45,XAUUSD,H4,LONG,Momentum
XAUUSD_H4_50,8,SQX-XAUUSD-H4-73d847ee1c3a,XAUUSD,H4,LONG,Momentum
XAUUSD_H4_50,8,SQX-XAUUSD-H4-7b4ea8f159de,XAUUSD,H4,LONG,Momentum
XAUUSD_H4_50,8,SQX-XAUUSD-H4-8ee11830a9e6,XAUUSD,H4,LONG,Momentum
XAUUSD_H4_50,8,SQX-XAUUSD-H4-9e1b752f5ced,XAUUSD,H4,LONG,Trend+Momentum+Volatility
XAUUSD_H4_51,8,SQX-XAUUSD-H4-255bf8913891,XAUUSD,H4,LONG,Momentum+Volatility
XAUUSD_H4_51,8,SQX-XAUUSD-H4-29bed2a413dc,XAUUSD,H4,LONG,Momentum+Volatility
XAUUSD_H4_51,8,SQX-XAUUSD-H4-6a27847eab20,XAUUSD,H4,LONG,Momentum+Volatility
XAUUSD_H4_51,8,SQX-XAUUSD-H4-b43fdb9b986f,XAUUSD,H4,LONG,Momentum+Volatility
XAUUSD_H4_51,8,SQX-XAUUSD-H4-b84edfcbea78,XAUUSD,H4,LONG,Momentum+Volatility
XAUUSD_H4_51,8,SQX-XAUUSD-H4-e13ed58bc680,XAUUSD,H4,LONG,Momentum+Volatility
XAUUSD_H4_51,8,SQX-XAUUSD-H4-ec0e87e1d2c6,XAUUSD,H4,LONG,Momentum+Volatility
XAUUSD_H4_51,8,SQX-XAUUSD-H4-f4c2d290647f,XAUUSD,H4,LONG,Momentum+Volatility
XAUUSD_H4_52,7,SQX-XAUUSD-H4-024cdeb89eba,XAUUSD,H4,LONG,Momentum+Structure
XAUUSD_H4_52,7,SQX-XAUUSD-H4-09afad95698a,XAUUSD,H4,LONG,Momentum+Volatility
XAUUSD_H4_52,7,SQX-XAUUSD-H4-3c508aaa28d6,XAUUSD,H4,LONG,Momentum
XAUUSD_H4_52,7,SQX-XAUUSD-H4-76f5ac96d6ec,XAUUSD,H4,LONG,Momentum
XAUUSD_H4_52,7,SQX-XAUUSD-H4-8910bd2144af,XAUUSD,H4,LONG,Momentum+Volatility
XAUUSD_H4_52,7,SQX-XAUUSD-H4-b8980b268a65,XAUUSD,H4,LONG,Momentum
XAUUSD_H4_52,7,SQX-XAUUSD-H4-d49b40f7caf2,XAUUSD,H4,LONG,Momentum
XAUUSD_H4_53,7,SQX-XAUUSD-H4-0c0ad1aba128,XAUUSD,H4,LONG,Trend+Momentum
XAUUSD_H4_53,7,SQX-XAUUSD-H4-1a765331c07e,XAUUSD,H4,LONG,Trend
XAUUSD_H4_53,7,SQX-XAUUSD-H4-29fc8ce88fc7,XAUUSD,H4,LONG,Trend
XAUUSD_H4_53,7,SQX-XAUUSD-H4-53f5953355db,XAUUSD,H4,LONG,Trend+Volatility
XAUUSD_H4_53,7,SQX-XAUUSD-H4-55cc5d7d6326,XAUUSD,H4,LONG,Trend+Momentum
XAUUSD_H4_53,7,SQX-XAUUSD-H4-8f03850be74e,XAUUSD,H4,LONG,Trend
XAUUSD_H4_53,7,SQX-XAUUSD-H4-c1fe7168b28d,XAUUSD,H4,LONG,Trend+Momentum
XAUUSD_H4_54,7,SQX-XAUUSD-H4-18be6e3c966f,XAUUSD,H4,LONG,Trend+Volatility+Structure
XAUUSD_H4_54,7,SQX-XAUUSD-H4-31338b436b38,XAUUSD,H4,LONG,Momentum+Structure
XAUUSD_H4_54,7,SQX-XAUUSD-H4-6bb0c44694ec,XAUUSD,H4,LONG,Trend+Volatility
XAUUSD_H4_54,7,SQX-XAUUSD-H4-b9d30133df0d,XAUUSD,H4,LONG,Volatility+Structure
XAUUSD_H4_54,7,SQX-XAUUSD-H4-c1c48d0c61a6,XAUUSD,H4,LONG,Structure
XAUUSD_H4_54,7,SQX-XAUUSD-H4-dc8f11ff8047,XAUUSD,H4,LONG,Structure
XAUUSD_H4_54,7,SQX-XAUUSD-H4-fb89f33eaed0,XAUUSD,H4,LONG,Momentum
XAUUSD_H4_55,7,SQX-XAUUSD-H4-2050dd505747,XAUUSD,H4,LONG,Trend+Momentum+Volatility
XAUUSD_H4_55,7,SQX-XAUUSD-H4-62bcfa2756da,XAUUSD,H4,LONG,Trend+Volatility+Structure
XAUUSD_H4_55,7,SQX-XAUUSD-H4-6cfabd58cbf7,XAUUSD,H4,LONG,Trend+Volatility
XAUUSD_H4_55,7,SQX-XAUUSD-H4-7e52b12ce155,XAUUSD,H4,LONG,Trend+Volatility
XAUUSD_H4_55,7,SQX-XAUUSD-H4-c33e4b098b65,XAUUSD,H4,LONG,Trend
XAUUSD_H4_55,7,SQX-XAUUSD-H4-d8d9bbb2f81d,XAUUSD,H4,LONG,Trend
XAUUSD_H4_55,7,SQX-XAUUSD-H4-ecc9796390a2,XAUUSD,H4,LONG,Trend
XAUUSD_H4_56,7,SQX-XAUUSD-H4-4927efba1835,XAUUSD,H4,LONG,Momentum
XAUUSD_H4_56,7,SQX-XAUUSD-H4-51dfaadfdcfd,XAUUSD,H4,LONG,Momentum
XAUUSD_H4_56,7,SQX-XAUUSD-H4-8f97ad327fb3,XAUUSD,H4,LONG,Momentum
XAUUSD_H4_56,7,SQX-XAUUSD-H4-a3d50e46aef8,XAUUSD,H4,LONG,Momentum+Volatility
XAUUSD_H4_56,7,SQX-XAUUSD-H4-c485a303e5e4,XAUUSD,H4,LONG,Momentum+Structure
XAUUSD_H4_56,7,SQX-XAUUSD-H4-ca48f6e562b2,XAUUSD,H4,LONG,Momentum
XAUUSD_H4_56,7,SQX-XAUUSD-H4-ddf4e881e654,XAUUSD,H4,LONG,Momentum
XAUUSD_H4_57,6,SQX-XAUUSD-H4-0682005db5b8,XAUUSD,H4,LONG,Momentum+Structure
XAUUSD_H4_57,6,SQX-XAUUSD-H4-1097b119fa63,XAUUSD,H4,LONG,Structure
XAUUSD_H4_57,6,SQX-XAUUSD-H4-2d58db205d69,XAUUSD,H4,LONG,Trend+Structure
XAUUSD_H4_57,6,SQX-XAUUSD-H4-40a60b5de9ae,XAUUSD,H4,LONG,Structure
XAUUSD_H4_57,6,SQX-XAUUSD-H4-7de4e78bcfe4,XAUUSD,H4,LONG,Structure
XAUUSD_H4_57,6,SQX-XAUUSD-H4-ef074b00a16f,XAUUSD,H4,LONG,Trend+Structure
XAUUSD_H4_58,6,SQX-XAUUSD-H4-090077449828,XAUUSD,H4,LONG,Momentum
XAUUSD_H4_58,6,SQX-XAUUSD-H4-322489eb4372,XAUUSD,H4,LONG,Momentum
XAUUSD_H4_58,6,SQX-XAUUSD-H4-5de3fcaa3994,XAUUSD,H4,LONG,Momentum
XAUUSD_H4_58,6,SQX-XAUUSD-H4-7dd79445768c,XAUUSD,H4,LONG,Momentum+Volatility
XAUUSD_H4_58,6,SQX-XAUUSD-H4-c544d2ad3cc7,XAUUSD,H4,LONG,Momentum
XAUUSD_H4_58,6,SQX-XAUUSD-H4-dc9400314a77,XAUUSD,H4,LONG,Momentum
XAUUSD_H4_59,6,SQX-XAUUSD-H4-0aafa1a1016a,XAUUSD,H4,LONG,Trend+Structure
XAUUSD_H4_59,6,SQX-XAUUSD-H4-29b2a0d8cd89,XAUUSD,H4,LONG,Trend+Structure
XAUUSD_H4_59,6,SQX-XAUUSD-H4-c360baf69f03,XAUUSD,H4,LONG,Trend+Structure
XAUUSD_H4_59,6,SQX-XAUUSD-H4-c47c2bdf86da,XAUUSD,H4,LONG,Trend+Structure
XAUUSD_H4_59,6,SQX-XAUUSD-H4-cbbd7b21e9c8,XAUUSD,H4,LONG,Trend+Volatility+Structure
XAUUSD_H4_59,6,SQX-XAUUSD-H4-e96a1825c607,XAUUSD,H4,LONG,Trend+Structure
XAUUSD_H4_60,6,SQX-XAUUSD-H4-11faea9cc56e,XAUUSD,H4,LONG,Trend+Momentum
XAUUSD_H4_60,6,SQX-XAUUSD-H4-2dfbd33e2c5b,XAUUSD,H4,LONG,Trend+Momentum
XAUUSD_H4_60,6,SQX-XAUUSD-H4-2fbfb8d42aca,XAUUSD,H4,LONG,Trend+Momentum
XAUUSD_H4_60,6,SQX-XAUUSD-H4-63363626ef56,XAUUSD,H4,LONG,Trend+Momentum
XAUUSD_H4_60,6,SQX-XAUUSD-H4-704786643f03,XAUUSD,H4,LONG,Trend+Momentum
XAUUSD_H4_60,6,SQX-XAUUSD-H4-e66d3050c5a8,XAUUSD,H4,LONG,Trend+Momentum
XAUUSD_H4_61,6,SQX-XAUUSD-H4-1516170e6737,XAUUSD,H4,LONG,Momentum
XAUUSD_H4_61,6,SQX-XAUUSD-H4-191131221636,XAUUSD,H4,LONG,Trend+Momentum
XAUUSD_H4_61,6,SQX-XAUUSD-H4-2e3e137b3dd8,XAUUSD,H4,LONG,Trend+Momentum+Structure
XAUUSD_H4_61,6,SQX-XAUUSD-H4-5f11a2a54710,XAUUSD,H4,LONG,Momentum
XAUUSD_H4_61,6,SQX-XAUUSD-H4-acc71766b42e,XAUUSD,H4,LONG,Momentum
XAUUSD_H4_61,6,SQX-XAUUSD-H4-af638c229d2d,XAUUSD,H4,LONG,Momentum+Structure
XAUUSD_H4_62,6,SQX-XAUUSD-H4-24a360e9f359,XAUUSD,H4,LONG,Momentum
XAUUSD_H4_62,6,SQX-XAUUSD-H4-55c9e04b6447,XAUUSD,H4,LONG,Momentum+Volatility
XAUUSD_H4_62,6,SQX-XAUUSD-H4-64610ecdecf7,XAUUSD,H4,LONG,Momentum
XAUUSD_H4_62,6,SQX-XAUUSD-H4-84aaa23ac40b,XAUUSD,H4,LONG,Trend+Momentum
XAUUSD_H4_62,6,SQX-XAUUSD-H4-d0818e32e4f6,XAUUSD,H4,LONG,Momentum
XAUUSD_H4_62,6,SQX-XAUUSD-H4-dd2d1796bee6,XAUUSD,H4,LONG,Momentum
XAUUSD_H4_63,6,SQX-XAUUSD-H4-283ef294f268,XAUUSD,H4,LONG,Trend+Volatility
XAUUSD_H4_63,6,SQX-XAUUSD-H4-6849c24f9290,XAUUSD,H4,LONG,Momentum+Volatility
XAUUSD_H4_63,6,SQX-XAUUSD-H4-85018cff40b3,XAUUSD,H4,LONG,Trend+Volatility
XAUUSD_H4_63,6,SQX-XAUUSD-H4-9367ee83b7c5,XAUUSD,H4,LONG,Trend+Volatility
XAUUSD_H4_63,6,SQX-XAUUSD-H4-cab0cda685e5,XAUUSD,H4,LONG,Trend+Momentum+Volatility
XAUUSD_H4_63,6,SQX-XAUUSD-H4-dd33bb87f08c,XAUUSD,H4,LONG,Trend+Momentum+Volatility
XAUUSD_H4_64,6,SQX-XAUUSD-H4-28a1d837aa32,XAUUSD,H4,LONG,Momentum
XAUUSD_H4_64,6,SQX-XAUUSD-H4-675286475520,XAUUSD,H4,LONG,Trend+Momentum+Volatility
XAUUSD_H4_64,6,SQX-XAUUSD-H4-7744a31a5dc8,XAUUSD,H4,LONG,Momentum
XAUUSD_H4_64,6,SQX-XAUUSD-H4-7e6066c54505,XAUUSD,H4,LONG,Momentum+Volatility
XAUUSD_H4_64,6,SQX-XAUUSD-H4-bd890cfa6d8c,XAUUSD,H4,LONG,Momentum+Volatility
XAUUSD_H4_64,6,SQX-XAUUSD-H4-f979116c5a2c,XAUUSD,H4,LONG,Momentum+Volatility
XAUUSD_H4_65,6,SQX-XAUUSD-H4-2bf5a2659160,XAUUSD,H4,LONG,Momentum
XAUUSD_H4_65,6,SQX-XAUUSD-H4-3909a5476ddb,XAUUSD,H4,LONG,Momentum
XAUUSD_H4_65,6,SQX-XAUUSD-H4-5d1167d89ef5,XAUUSD,H4,LONG,Momentum+Volatility
XAUUSD_H4_65,6,SQX-XAUUSD-H4-5f8a64788f49,XAUUSD,H4,LONG,Momentum
XAUUSD_H4_65,6,SQX-XAUUSD-H4-6ce574017055,XAUUSD,H4,LONG,Momentum
XAUUSD_H4_65,6,SQX-XAUUSD-H4-b326b7ae24d6,XAUUSD,H4,LONG,Momentum+Volatility
XAUUSD_H4_66,6,SQX-XAUUSD-H4-4b9f2878373c,XAUUSD,H4,LONG,Structure
XAUUSD_H4_66,6,SQX-XAUUSD-H4-bc1e30f0bd5c,XAUUSD,H4,LONG,Structure
XAUUSD_H4_66,6,SQX-XAUUSD-H4-c7459c67324a,XAUUSD,H4,LONG,Volatility+Structure
XAUUSD_H4_66,6,SQX-XAUUSD-H4-ddb91592ba50,XAUUSD,H4,LONG,Structure
XAUUSD_H4_66,6,SQX-XAUUSD-H4-f5589bc313a6,XAUUSD,H4,LONG,Volatility+Structure
XAUUSD_H4_66,6,SQX-XAUUSD-H4-fa873ee68959,XAUUSD,H4,LONG,Volatility+Structure
XAUUSD_H4_67,6,SQX-XAUUSD-H4-8aec0df3043f,XAUUSD,H4,LONG,Trend+Momentum
XAUUSD_H4_67,6,SQX-XAUUSD-H4-c3c92e0d05cb,XAUUSD,H4,LONG,Trend+Volatility
XAUUSD_H4_67,6,SQX-XAUUSD-H4-e2bffa6810e0,XAUUSD,H4,LONG,Trend+Momentum
XAUUSD_H4_67,6,SQX-XAUUSD-H4-e4436292441b,XAUUSD,H4,LONG,Trend+Momentum
XAUUSD_H4_67,6,SQX-XAUUSD-H4-e8ba185e4df9,XAUUSD,H4,LONG,Trend
XAUUSD_H4_67,6,SQX-XAUUSD-H4-f80b13645355,XAUUSD,H4,LONG,Trend
XAUUSD_H4_68,5,SQX-XAUUSD-H4-00fa2fa2f483,XAUUSD,H4,LONG,Momentum+Volatility+Structure
XAUUSD_H4_68,5,SQX-XAUUSD-H4-7973323b2932,XAUUSD,H4,LONG,Momentum+Structure
XAUUSD_H4_68,5,SQX-XAUUSD-H4-d1ef4f76da10,XAUUSD,H4,LONG,Momentum+Structure
XAUUSD_H4_68,5,SQX-XAUUSD-H4-e142dd20cd44,XAUUSD,H4,LONG,Trend+Momentum+Volatility+Structure
XAUUSD_H4_68,5,SQX-XAUUSD-H4-f550de7b0791,XAUUSD,H4,LONG,Trend+Momentum+Structure
XAUUSD_H4_69,5,SQX-XAUUSD-H4-046f97caee9d,XAUUSD,H4,LONG,Trend+Momentum
XAUUSD_H4_69,5,SQX-XAUUSD-H4-1b8d084a38a1,XAUUSD,H4,LONG,Trend+Momentum
XAUUSD_H4_69,5,SQX-XAUUSD-H4-556d63000fab,XAUUSD,H4,LONG,Trend+Momentum
XAUUSD_H4_69,5,SQX-XAUUSD-H4-602029256152,XAUUSD,H4,LONG,Trend+Momentum
XAUUSD_H4_69,5,SQX-XAUUSD-H4-7e002cdc406c,XAUUSD,H4,LONG,Trend+Momentum
XAUUSD_H4_70,5,SQX-XAUUSD-H4-0479f488805b,XAUUSD,H4,LONG,Trend+Momentum
XAUUSD_H4_70,5,SQX-XAUUSD-H4-266d1b9a506c,XAUUSD,H4,LONG,Trend+Momentum
XAUUSD_H4_70,5,SQX-XAUUSD-H4-72f98584466f,XAUUSD,H4,LONG,Trend+Momentum
XAUUSD_H4_70,5,SQX-XAUUSD-H4-f35aa4202443,XAUUSD,H4,LONG,Trend+Momentum
XAUUSD_H4_70,5,SQX-XAUUSD-H4-f4c68d790ac4,XAUUSD,H4,LONG,Trend+Momentum
XAUUSD_H4_71,5,SQX-XAUUSD-H4-04a3ed7b0546,XAUUSD,H4,LONG,Volatility
XAUUSD_H4_71,5,SQX-XAUUSD-H4-5b6e1d1b5101,XAUUSD,H4,LONG,Momentum+Volatility
XAUUSD_H4_71,5,SQX-XAUUSD-H4-76f5c90f89ee,XAUUSD,H4,LONG,Momentum+Volatility
XAUUSD_H4_71,5,SQX-XAUUSD-H4-9d884249708b,XAUUSD,H4,LONG,Momentum+Volatility
XAUUSD_H4_71,5,SQX-XAUUSD-H4-9f795459d5e9,XAUUSD,H4,LONG,Momentum+Volatility
XAUUSD_H4_72,5,SQX-XAUUSD-H4-084f2d54218c,XAUUSD,H4,LONG,Trend+Volatility+Structure
XAUUSD_H4_72,5,SQX-XAUUSD-H4-14cc2c606ba3,XAUUSD,H4,LONG,Structure
XAUUSD_H4_72,5,SQX-XAUUSD-H4-6405e184b0c1,XAUUSD,H4,LONG,Momentum+Volatility+Structure
XAUUSD_H4_72,5,SQX-XAUUSD-H4-70d006151177,XAUUSD,H4,LONG,Momentum+Structure
XAUUSD_H4_72,5,SQX-XAUUSD-H4-d09b9687ab41,XAUUSD,H4,LONG,Momentum+Structure
XAUUSD_H4_73,5,SQX-XAUUSD-H4-13945292075d,XAUUSD,H4,LONG,Momentum
XAUUSD_H4_73,5,SQX-XAUUSD-H4-38f64c7cfc03,XAUUSD,H4,LONG,Trend+Momentum
XAUUSD_H4_73,5,SQX-XAUUSD-H4-48404f573cc7,XAUUSD,H4,LONG,Momentum
XAUUSD_H4_73,5,SQX-XAUUSD-H4-a888e2b4db33,XAUUSD,H4,LONG,Momentum+Volatility
XAUUSD_H4_73,5,SQX-XAUUSD-H4-ca245c411617,XAUUSD,H4,LONG,Momentum
XAUUSD_H4_74,5,SQX-XAUUSD-H4-1903e512e097,XAUUSD,H4,LONG,Structure
XAUUSD_H4_74,5,SQX-XAUUSD-H4-1946febfbeda,XAUUSD,H4,LONG,Structure
XAUUSD_H4_74,5,SQX-XAUUSD-H4-7e87535ddce2,XAUUSD,H4,LONG,Structure
XAUUSD_H4_74,5,SQX-XAUUSD-H4-8b6e6f4ac189,XAUUSD,H4,LONG,Momentum+Structure
XAUUSD_H4_74,5,SQX-XAUUSD-H4-d643dcc75c66,XAUUSD,H4,LONG,Structure
XAUUSD_H4_75,5,SQX-XAUUSD-H4-1d1735a192e7,XAUUSD,H4,LONG,Trend+Structure
XAUUSD_H4_75,5,SQX-XAUUSD-H4-1d1916c9ab87,XAUUSD,H4,LONG,Trend+Structure
XAUUSD_H4_75,5,SQX-XAUUSD-H4-5542398b3513,XAUUSD,H4,LONG,Trend+Structure
XAUUSD_H4_75,5,SQX-XAUUSD-H4-73de3d67094c,XAUUSD,H4,LONG,Trend+Momentum+Structure
XAUUSD_H4_75,5,SQX-XAUUSD-H4-f43be0a90c03,XAUUSD,H4,LONG,Trend+Structure
XAUUSD_H4_76,5,SQX-XAUUSD-H4-2189053c0191,XAUUSD,H4,LONG,Momentum
XAUUSD_H4_76,5,SQX-XAUUSD-H4-288ee8772e1a,XAUUSD,H4,LONG,Trend+Momentum
XAUUSD_H4_76,5,SQX-XAUUSD-H4-637dc6bf30e7,XAUUSD,H4,LONG,Trend+Momentum+Volatility
XAUUSD_H4_76,5,SQX-XAUUSD-H4-aaf0980989ee,XAUUSD,H4,LONG,Trend+Momentum
XAUUSD_H4_76,5,SQX-XAUUSD-H4-b0e9a324a470,XAUUSD,H4,LONG,Trend+Momentum
XAUUSD_H4_77,5,SQX-XAUUSD-H4-25dd749b8f99,XAUUSD,H4,LONG,Trend+Structure
XAUUSD_H4_77,5,SQX-XAUUSD-H4-6ad5742cdd2d,XAUUSD,H4,LONG,Trend+Momentum+Structure
XAUUSD_H4_77,5,SQX-XAUUSD-H4-7262eacb76fb,XAUUSD,H4,LONG,Trend+Momentum+Structure
XAUUSD_H4_77,5,SQX-XAUUSD-H4-84477f96e76c,XAUUSD,H4,LONG,Trend+Structure
XAUUSD_H4_77,5,SQX-XAUUSD-H4-accc8a0b7134,XAUUSD,H4,LONG,Trend+Structure
XAUUSD_H4_78,5,SQX-XAUUSD-H4-40485cef3362,XAUUSD,H4,LONG,Trend+Volatility
XAUUSD_H4_78,5,SQX-XAUUSD-H4-5187ee5e2334,XAUUSD,H4,LONG,Trend+Structure
XAUUSD_H4_78,5,SQX-XAUUSD-H4-9972e39e8a3d,XAUUSD,H4,LONG,Trend+Momentum
XAUUSD_H4_78,5,SQX-XAUUSD-H4-c5e6ef3ee36c,XAUUSD,H4,LONG,Trend
XAUUSD_H4_78,5,SQX-XAUUSD-H4-e1360096ea8f,XAUUSD,H4,LONG,Trend+Structure
XAUUSD_H4_79,5,SQX-XAUUSD-H4-490615456e0b,XAUUSD,H4,LONG,Momentum
XAUUSD_H4_79,5,SQX-XAUUSD-H4-7c357d412d9e,XAUUSD,H4,LONG,Trend+Momentum
XAUUSD_H4_79,5,SQX-XAUUSD-H4-8c3584684e4a,XAUUSD,H4,LONG,Momentum
XAUUSD_H4_79,5,SQX-XAUUSD-H4-8f4d7353cfa2,XAUUSD,H4,LONG,Momentum
XAUUSD_H4_79,5,SQX-XAUUSD-H4-99fffdc33962,XAUUSD,H4,LONG,Momentum+Volatility
XAUUSD_H4_80,5,SQX-XAUUSD-H4-6050c7625272,XAUUSD,H4,LONG,Trend+Structure
XAUUSD_H4_80,5,SQX-XAUUSD-H4-7cb599b2dbed,XAUUSD,H4,LONG,Momentum+Structure
XAUUSD_H4_80,5,SQX-XAUUSD-H4-907bc9bd6740,XAUUSD,H4,LONG,Trend+Structure
XAUUSD_H4_80,5,SQX-XAUUSD-H4-96f66ff341be,XAUUSD,H4,LONG,Momentum+Structure
XAUUSD_H4_80,5,SQX-XAUUSD-H4-a8be60370177,XAUUSD,H4,LONG,Momentum+Structure
XAUUSD_H4_81,5,SQX-XAUUSD-H4-6e475e85e5f5,XAUUSD,H4,LONG,Trend+Momentum
XAUUSD_H4_81,5,SQX-XAUUSD-H4-738fa4469187,XAUUSD,H4,LONG,Trend+Momentum
XAUUSD_H4_81,5,SQX-XAUUSD-H4-8722e0efb1d0,XAUUSD,H4,LONG,Trend+Momentum
XAUUSD_H4_81,5,SQX-XAUUSD-H4-ca4dd4cffe63,XAUUSD,H4,LONG,Trend+Momentum
XAUUSD_H4_81,5,SQX-XAUUSD-H4-f93ab19648e4,XAUUSD,H4,LONG,Trend+Momentum
XAUUSD_H4_82,5,SQX-XAUUSD-H4-a4589375662b,XAUUSD,H4,LONG,Trend+Momentum
XAUUSD_H4_82,5,SQX-XAUUSD-H4-b8b294f0dee7,XAUUSD,H4,LONG,Trend+Momentum
XAUUSD_H4_82,5,SQX-XAUUSD-H4-bc0a41a9940a,XAUUSD,H4,LONG,Trend+Momentum
XAUUSD_H4_82,5,SQX-XAUUSD-H4-cea6e9ba98b0,XAUUSD,H4,LONG,Trend+Momentum
XAUUSD_H4_82,5,SQX-XAUUSD-H4-dc7a56630ada,XAUUSD,H4,LONG,Trend+Momentum+Volatility
XAUUSD_H4_83,4,SQX-XAUUSD-H4-0087c6a45bb6,XAUUSD,H4,LONG,Trend+Structure
XAUUSD_H4_83,4,SQX-XAUUSD-H4-0a4fa89e21b7,XAUUSD,H4,LONG,Trend+Momentum+Structure
XAUUSD_H4_83,4,SQX-XAUUSD-H4-ef3fcb9a4b7b,XAUUSD,H4,LONG,Trend+Structure
XAUUSD_H4_83,4,SQX-XAUUSD-H4-f962106a19b9,XAUUSD,H4,LONG,Trend+Structure
XAUUSD_H4_84,4,SQX-XAUUSD-H4-01f9824bbf65,XAUUSD,H4,LONG,Trend+Volatility
XAUUSD_H4_84,4,SQX-XAUUSD-H4-22309dabd72a,XAUUSD,H4,LONG,Trend+Volatility
XAUUSD_H4_84,4,SQX-XAUUSD-H4-a5419c13c8c5,XAUUSD,H4,LONG,Trend
XAUUSD_H4_84,4,SQX-XAUUSD-H4-f521f12801e9,XAUUSD,H4,LONG,Trend+Volatility
XAUUSD_H4_85,4,SQX-XAUUSD-H4-03030e096d00,XAUUSD,H4,LONG,Trend+Volatility+Structure
XAUUSD_H4_85,4,SQX-XAUUSD-H4-5bdba17387cd,XAUUSD,H4,LONG,Trend+Momentum+Volatility+Structure
XAUUSD_H4_85,4,SQX-XAUUSD-H4-93efd166f395,XAUUSD,H4,LONG,Trend+Momentum+Volatility
XAUUSD_H4_85,4,SQX-XAUUSD-H4-df48bea11f1a,XAUUSD,H4,LONG,Trend+Volatility
XAUUSD_H4_86,4,SQX-XAUUSD-H4-036998fa0e5c,XAUUSD,H4,LONG,Trend+Momentum
XAUUSD_H4_86,4,SQX-XAUUSD-H4-1900359bb5ab,XAUUSD,H4,LONG,Trend+Momentum
XAUUSD_H4_86,4,SQX-XAUUSD-H4-e0ae9d513e58,XAUUSD,H4,LONG,Trend+Momentum
XAUUSD_H4_86,4,SQX-XAUUSD-H4-efd715dc70f7,XAUUSD,H4,LONG,Trend+Momentum+Volatility
XAUUSD_H4_87,4,SQX-XAUUSD-H4-088fc5bfc7a4,XAUUSD,H4,LONG,Trend+Momentum+Volatility+Structure
XAUUSD_H4_87,4,SQX-XAUUSD-H4-14911f405174,XAUUSD,H4,LONG,Trend+Momentum+Structure
XAUUSD_H4_87,4,SQX-XAUUSD-H4-a389f5eba5ee,XAUUSD,H4,LONG,Momentum+Structure
XAUUSD_H4_87,4,SQX-XAUUSD-H4-b39b523bf7d0,XAUUSD,H4,LONG,Momentum+Structure
XAUUSD_H4_88,4,SQX-XAUUSD-H4-0fb2952e77b9,XAUUSD,H4,LONG,Trend
XAUUSD_H4_88,4,SQX-XAUUSD-H4-77bfd27b9276,XAUUSD,H4,LONG,Trend
XAUUSD_H4_88,4,SQX-XAUUSD-H4-80cd34b6840d,XAUUSD,H4,LONG,Trend
XAUUSD_H4_88,4,SQX-XAUUSD-H4-c78762b4f522,XAUUSD,H4,LONG,Trend
XAUUSD_H4_89,4,SQX-XAUUSD-H4-0ffc75599c6a,XAUUSD,H4,LONG,Momentum+Structure
XAUUSD_H4_89,4,SQX-XAUUSD-H4-55b040406efc,XAUUSD,H4,LONG,Momentum+Structure
XAUUSD_H4_89,4,SQX-XAUUSD-H4-5b59275a9433,XAUUSD,H4,LONG,Momentum+Structure
XAUUSD_H4_89,4,SQX-XAUUSD-H4-c1bfa9de67b5,XAUUSD,H4,LONG,Momentum+Structure
XAUUSD_H4_90,4,SQX-XAUUSD-H4-12378fbb36b7,XAUUSD,H4,LONG,Trend+Structure
XAUUSD_H4_90,4,SQX-XAUUSD-H4-1af0bd61b02a,XAUUSD,H4,LONG,Trend+Structure
XAUUSD_H4_90,4,SQX-XAUUSD-H4-5a6b81afa2d8,XAUUSD,H4,LONG,Trend+Structure
XAUUSD_H4_90,4,SQX-XAUUSD-H4-645464e57811,XAUUSD,H4,LONG,Trend+Structure
XAUUSD_H4_91,4,SQX-XAUUSD-H4-1583e34b1d15,XAUUSD,H4,LONG,Trend+Momentum+Volatility
XAUUSD_H4_91,4,SQX-XAUUSD-H4-9ccc6d826c29,XAUUSD,H4,LONG,Momentum+Volatility
XAUUSD_H4_91,4,SQX-XAUUSD-H4-bd07abbf60e1,XAUUSD,H4,LONG,Trend+Momentum+Volatility
XAUUSD_H4_91,4,SQX-XAUUSD-H4-c8a006d07846,XAUUSD,H4,LONG,Momentum+Volatility
XAUUSD_H4_92,4,SQX-XAUUSD-H4-164b51c7317e,XAUUSD,H4,LONG,Momentum
XAUUSD_H4_92,4,SQX-XAUUSD-H4-5105b72c45ea,XAUUSD,H4,LONG,Momentum
XAUUSD_H4_92,4,SQX-XAUUSD-H4-59479239c925,XAUUSD,H4,LONG,Momentum
XAUUSD_H4_92,4,SQX-XAUUSD-H4-7a35d750d29b,XAUUSD,H4,LONG,Momentum
XAUUSD_H4_93,4,SQX-XAUUSD-H4-17f642e4410b,XAUUSD,H4,LONG,Momentum
XAUUSD_H4_93,4,SQX-XAUUSD-H4-38c792ef7ed3,XAUUSD,H4,LONG,Momentum
XAUUSD_H4_93,4,SQX-XAUUSD-H4-43ea4c983e3c,XAUUSD,H4,LONG,Momentum
XAUUSD_H4_93,4,SQX-XAUUSD-H4-51330a51e548,XAUUSD,H4,LONG,Momentum
XAUUSD_H4_94,4,SQX-XAUUSD-H4-194c697d06d7,XAUUSD,H4,LONG,Trend+Momentum+Volatility
XAUUSD_H4_94,4,SQX-XAUUSD-H4-cd28741f69dd,XAUUSD,H4,LONG,Trend+Momentum
XAUUSD_H4_94,4,SQX-XAUUSD-H4-cf96dc8d0058,XAUUSD,H4,LONG,Trend+Momentum
XAUUSD_H4_94,4,SQX-XAUUSD-H4-d8c4ffe01176,XAUUSD,H4,LONG,Trend+Momentum
XAUUSD_H4_95,4,SQX-XAUUSD-H4-19897b3f29a1,XAUUSD,H4,LONG,Trend+Momentum+Volatility+Structure
XAUUSD_H4_95,4,SQX-XAUUSD-H4-4fc4d9eaaa1d,XAUUSD,H4,LONG,Momentum
XAUUSD_H4_95,4,SQX-XAUUSD-H4-9521c64d308c,XAUUSD,H4,LONG,Momentum
XAUUSD_H4_95,4,SQX-XAUUSD-H4-c1b2ed8ae0cd,XAUUSD,H4,LONG,Momentum
XAUUSD_H4_96,4,SQX-XAUUSD-H4-1e75c2a13ab8,XAUUSD,H4,LONG,Momentum+Volatility
XAUUSD_H4_96,4,SQX-XAUUSD-H4-975018d66e03,XAUUSD,H4,LONG,Momentum
XAUUSD_H4_96,4,SQX-XAUUSD-H4-bbc19fcfc43f,XAUUSD,H4,LONG,Momentum+Volatility
XAUUSD_H4_96,4,SQX-XAUUSD-H4-c13a0b3f6073,XAUUSD,H4,LONG,Momentum+Volatility
XAUUSD_H4_97,4,SQX-XAUUSD-H4-2399bdf1755b,XAUUSD,H4,LONG,Momentum+Volatility
XAUUSD_H4_97,4,SQX-XAUUSD-H4-b6cd9caae0c6,XAUUSD,H4,LONG,Momentum+Structure
XAUUSD_H4_97,4,SQX-XAUUSD-H4-c896ec4f1d87,XAUUSD,H4,LONG,Momentum+Structure
XAUUSD_H4_97,4,SQX-XAUUSD-H4-d8cad63ded1f,XAUUSD,H4,LONG,Momentum
XAUUSD_H4_98,4,SQX-XAUUSD-H4-23fa30aeab1d,XAUUSD,H4,LONG,Momentum
XAUUSD_H4_98,4,SQX-XAUUSD-H4-65445b491ecd,XAUUSD,H4,LONG,Momentum
XAUUSD_H4_98,4,SQX-XAUUSD-H4-665bec54edbf,XAUUSD,H4,LONG,Momentum
XAUUSD_H4_98,4,SQX-XAUUSD-H4-8b97a0e147e1,XAUUSD,H4,LONG,Trend+Momentum
XAUUSD_H4_99,4,SQX-XAUUSD-H4-24704a49a2cf,XAUUSD,H4,LONG,Trend+Structure
XAUUSD_H4_99,4,SQX-XAUUSD-H4-4277f59e9ba9,XAUUSD,H4,LONG,Trend+Momentum+Structure
XAUUSD_H4_99,4,SQX-XAUUSD-H4-ffd44017c176,XAUUSD,H4,LONG,Trend+Momentum
XAUUSD_H4_99,4,SQX-XAUUSD-H4-ffeb220d4f4e,XAUUSD,H4,LONG,Trend+Momentum+Structure
XAUUSD_H4_100,4,SQX-XAUUSD-H4-2b09b7b77ed2,XAUUSD,H4,LONG,Momentum+Structure
XAUUSD_H4_100,4,SQX-XAUUSD-H4-8eddadd3a668,XAUUSD,H4,LONG,Momentum+Structure
XAUUSD_H4_100,4,SQX-XAUUSD-H4-9f9845063dbb,XAUUSD,H4,LONG,Momentum+Structure
XAUUSD_H4_100,4,SQX-XAUUSD-H4-ecbf2a9083ce,XAUUSD,H4,LONG,Momentum+Structure
XAUUSD_H4_101,4,SQX-XAUUSD-H4-38543079b143,XAUUSD,H4,LONG,Momentum+Structure
XAUUSD_H4_101,4,SQX-XAUUSD-H4-4a230420d22f,XAUUSD,H4,LONG,Momentum+Structure
XAUUSD_H4_101,4,SQX-XAUUSD-H4-b15e37121008,XAUUSD,H4,LONG,Momentum+Structure
XAUUSD_H4_101,4,SQX-XAUUSD-H4-d369ad355413,XAUUSD,H4,LONG,Momentum+Structure
XAUUSD_H4_102,4,SQX-XAUUSD-H4-388c82fc87bb,XAUUSD,H4,LONG,Momentum+Structure
XAUUSD_H4_102,4,SQX-XAUUSD-H4-6603c8805e30,XAUUSD,H4,LONG,Trend+Momentum+Structure
XAUUSD_H4_102,4,SQX-XAUUSD-H4-759733a2e9e2,XAUUSD,H4,LONG,Momentum+Structure
XAUUSD_H4_102,4,SQX-XAUUSD-H4-f4578634cc9b,XAUUSD,H4,LONG,Trend+Momentum+Structure
XAUUSD_H4_103,4,SQX-XAUUSD-H4-39949ad5bfa5,XAUUSD,H4,LONG,Momentum
XAUUSD_H4_103,4,SQX-XAUUSD-H4-4c0ba9e54067,XAUUSD,H4,LONG,Momentum
XAUUSD_H4_103,4,SQX-XAUUSD-H4-746a8e85996b,XAUUSD,H4,LONG,Momentum
XAUUSD_H4_103,4,SQX-XAUUSD-H4-8ea07b054727,XAUUSD,H4,LONG,Momentum
XAUUSD_H4_104,4,SQX-XAUUSD-H4-39f7ee2d77c4,XAUUSD,H4,LONG,Structure
XAUUSD_H4_104,4,SQX-XAUUSD-H4-45ff7c0aba2f,XAUUSD,H4,LONG,Volatility+Structure
XAUUSD_H4_104,4,SQX-XAUUSD-H4-709ecbabf327,XAUUSD,H4,LONG,Trend+Structure
XAUUSD_H4_104,4,SQX-XAUUSD-H4-a1bae0b34aee,XAUUSD,H4,LONG,Momentum+Volatility+Structure
XAUUSD_H4_105,4,SQX-XAUUSD-H4-3b8587bb1f30,XAUUSD,H4,LONG,Trend+Momentum+Structure
XAUUSD_H4_105,4,SQX-XAUUSD-H4-47fc40df81b8,XAUUSD,H4,LONG,Trend+Structure
XAUUSD_H4_105,4,SQX-XAUUSD-H4-97e1946924bb,XAUUSD,H4,LONG,Trend+Momentum+Structure
XAUUSD_H4_105,4,SQX-XAUUSD-H4-b14b2d0e9fdf,XAUUSD,H4,LONG,Trend+Structure
XAUUSD_H4_106,4,SQX-XAUUSD-H4-3dfd675e4e6d,XAUUSD,H4,LONG,Trend+Momentum+Volatility
XAUUSD_H4_106,4,SQX-XAUUSD-H4-4bc8bae14180,XAUUSD,H4,LONG,Trend+Volatility
XAUUSD_H4_106,4,SQX-XAUUSD-H4-9f1e911b8a0e,XAUUSD,H4,LONG,Trend
XAUUSD_H4_106,4,SQX-XAUUSD-H4-ae056e713163,XAUUSD,H4,LONG,Trend
XAUUSD_H4_107,4,SQX-XAUUSD-H4-423fd3448712,XAUUSD,H4,LONG,Trend+Structure
XAUUSD_H4_107,4,SQX-XAUUSD-H4-7a0cdf396eb6,XAUUSD,H4,LONG,Trend+Structure
XAUUSD_H4_107,4,SQX-XAUUSD-H4-e8f70cbba222,XAUUSD,H4,LONG,Trend+Structure
XAUUSD_H4_107,4,SQX-XAUUSD-H4-fe7ac6f0ccb6,XAUUSD,H4,LONG,Trend+Volatility+Structure
XAUUSD_H4_108,4,SQX-XAUUSD-H4-4acbef9494c0,XAUUSD,H4,LONG,Trend
XAUUSD_H4_108,4,SQX-XAUUSD-H4-6a02a232512e,XAUUSD,H4,LONG,Trend
XAUUSD_H4_108,4,SQX-XAUUSD-H4-9ce50e3346b0,XAUUSD,H4,LONG,Trend
XAUUSD_H4_108,4,SQX-XAUUSD-H4-a7a94a9bd738,XAUUSD,H4,LONG,Trend+Volatility
XAUUSD_H4_109,4,SQX-XAUUSD-H4-4be25c565e4a,XAUUSD,H4,LONG,Trend+Momentum
XAUUSD_H4_109,4,SQX-XAUUSD-H4-70f6b1164caf,XAUUSD,H4,LONG,Trend+Momentum
XAUUSD_H4_109,4,SQX-XAUUSD-H4-9194561ce5f5,XAUUSD,H4,LONG,Trend+Momentum
XAUUSD_H4_109,4,SQX-XAUUSD-H4-a84bdb9c32d0,XAUUSD,H4,LONG,Trend+Momentum
XAUUSD_H4_110,4,SQX-XAUUSD-H4-4c3c652a7bba,XAUUSD,H4,LONG,Trend+Momentum
XAUUSD_H4_110,4,SQX-XAUUSD-H4-4ff4793266e8,XAUUSD,H4,LONG,Momentum
XAUUSD_H4_110,4,SQX-XAUUSD-H4-6d572fa7b7ff,XAUUSD,H4,LONG,Trend+Momentum+Volatility
XAUUSD_H4_110,4,SQX-XAUUSD-H4-6df99b26ef41,XAUUSD,H4,LONG,Momentum
XAUUSD_H4_111,4,SQX-XAUUSD-H4-56ba0af193c4,XAUUSD,H4,LONG,Trend+Momentum+Volatility
XAUUSD_H4_111,4,SQX-XAUUSD-H4-abe790f1fa80,XAUUSD,H4,LONG,Trend+Momentum+Volatility
XAUUSD_H4_111,4,SQX-XAUUSD-H4-cb210e3ea5f3,XAUUSD,H4,LONG,Trend+Momentum+Volatility
XAUUSD_H4_111,4,SQX-XAUUSD-H4-cf6967c5a7ca,XAUUSD,H4,LONG,Trend+Momentum+Volatility
XAUUSD_H4_112,4,SQX-XAUUSD-H4-56bab8aef575,XAUUSD,H4,LONG,Momentum
XAUUSD_H4_112,4,SQX-XAUUSD-H4-96d2d3abba47,XAUUSD,H4,LONG,Momentum
XAUUSD_H4_112,4,SQX-XAUUSD-H4-b0909ee20cdf,XAUUSD,H4,LONG,Momentum
XAUUSD_H4_112,4,SQX-XAUUSD-H4-e19de171beb1,XAUUSD,H4,LONG,Momentum
XAUUSD_H4_113,4,SQX-XAUUSD-H4-59bef6cd2ad9,XAUUSD,H4,LONG,Volatility+Structure
XAUUSD_H4_113,4,SQX-XAUUSD-H4-c092268fb4e9,XAUUSD,H4,LONG,Structure
XAUUSD_H4_113,4,SQX-XAUUSD-H4-d290662d7893,XAUUSD,H4,LONG,Structure
XAUUSD_H4_113,4,SQX-XAUUSD-H4-fb54d33de870,XAUUSD,H4,LONG,Volatility+Structure
XAUUSD_H4_114,4,SQX-XAUUSD-H4-63401e35a96a,XAUUSD,H4,LONG,Momentum+Structure
XAUUSD_H4_114,4,SQX-XAUUSD-H4-686fc3c97b37,XAUUSD,H4,LONG,Momentum+Structure
XAUUSD_H4_114,4,SQX-XAUUSD-H4-c0b3c02d2dbf,XAUUSD,H4,LONG,Trend+Momentum+Volatility+Structure
XAUUSD_H4_114,4,SQX-XAUUSD-H4-cb366c399cb4,XAUUSD,H4,LONG,Momentum+Structure
XAUUSD_H4_115,4,SQX-XAUUSD-H4-72ff803a5fe1,XAUUSD,H4,LONG,Volatility+Structure
XAUUSD_H4_115,4,SQX-XAUUSD-H4-7cf22f85cd79,XAUUSD,H4,LONG,Trend+Structure
XAUUSD_H4_115,4,SQX-XAUUSD-H4-a6c05b47f4fe,XAUUSD,H4,LONG,Trend+Volatility+Structure
XAUUSD_H4_115,4,SQX-XAUUSD-H4-b0dae795aacb,XAUUSD,H4,LONG,Trend+Structure
XAUUSD_H4_116,4,SQX-XAUUSD-H4-748b6598da15,XAUUSD,H4,LONG,Momentum+Volatility
XAUUSD_H4_116,4,SQX-XAUUSD-H4-795fedda8ed4,XAUUSD,H4,LONG,Momentum+Volatility
XAUUSD_H4_116,4,SQX-XAUUSD-H4-ce5bc963ceb6,XAUUSD,H4,LONG,Momentum
XAUUSD_H4_116,4,SQX-XAUUSD-H4-f1f30081f670,XAUUSD,H4,LONG,Trend+Momentum
XAUUSD_H4_117,4,SQX-XAUUSD-H4-8b1faa42c310,XAUUSD,H4,LONG,Trend+Momentum
XAUUSD_H4_117,4,SQX-XAUUSD-H4-b4e51f48d1b4,XAUUSD,H4,LONG,Trend+Momentum
XAUUSD_H4_117,4,SQX-XAUUSD-H4-db75d6d9652a,XAUUSD,H4,LONG,Trend+Momentum
XAUUSD_H4_117,4,SQX-XAUUSD-H4-e36811c089ed,XAUUSD,H4,LONG,Trend+Momentum
XAUUSD_H4_118,4,SQX-XAUUSD-H4-958248fa8b00,XAUUSD,H4,LONG,Trend+Structure
XAUUSD_H4_118,4,SQX-XAUUSD-H4-9fb3c1fe2888,XAUUSD,H4,LONG,Trend
XAUUSD_H4_118,4,SQX-XAUUSD-H4-b6ad07cf3d41,XAUUSD,H4,LONG,Trend
XAUUSD_H4_118,4,SQX-XAUUSD-H4-cf6cca08ad4f,XAUUSD,H4,LONG,Trend
XAUUSD_H4_119,3,SQX-XAUUSD-H4-006d2ed5a61c,XAUUSD,H4,LONG,Momentum
XAUUSD_H4_119,3,SQX-XAUUSD-H4-aed71d9ff744,XAUUSD,H4,LONG,Momentum
XAUUSD_H4_119,3,SQX-XAUUSD-H4-ee7a279ad430,XAUUSD,H4,LONG,Momentum
XAUUSD_H4_120,3,SQX-XAUUSD-H4-03d89f3b49ca,XAUUSD,H4,LONG,Momentum+Volatility
XAUUSD_H4_120,3,SQX-XAUUSD-H4-4ed294fe2545,XAUUSD,H4,LONG,Momentum
XAUUSD_H4_120,3,SQX-XAUUSD-H4-de7c59624d79,XAUUSD,H4,LONG,Momentum
XAUUSD_H4_121,3,SQX-XAUUSD-H4-05bad0c021ec,XAUUSD,H4,LONG,Trend+Momentum
XAUUSD_H4_121,3,SQX-XAUUSD-H4-554eb09913a5,XAUUSD,H4,LONG,Trend+Momentum
XAUUSD_H4_121,3,SQX-XAUUSD-H4-c8e2c8badb50,XAUUSD,H4,LONG,Trend+Momentum
XAUUSD_H4_122,3,SQX-XAUUSD-H4-0894d2474e88,XAUUSD,H4,LONG,Trend+Momentum
XAUUSD_H4_122,3,SQX-XAUUSD-H4-1d41fc42aefd,XAUUSD,H4,LONG,Trend+Momentum
XAUUSD_H4_122,3,SQX-XAUUSD-H4-7b817cc76259,XAUUSD,H4,LONG,Trend+Momentum
XAUUSD_H4_123,3,SQX-XAUUSD-H4-08ecd1e9fccb,XAUUSD,H4,LONG,Trend+Structure
XAUUSD_H4_123,3,SQX-XAUUSD-H4-22b56e76caf1,XAUUSD,H4,LONG,Trend+Structure
XAUUSD_H4_123,3,SQX-XAUUSD-H4-250e39d1608e,XAUUSD,H4,LONG,Trend+Volatility+Structure
XAUUSD_H4_124,3,SQX-XAUUSD-H4-0b44f0798721,XAUUSD,H4,LONG,Momentum
XAUUSD_H4_124,3,SQX-XAUUSD-H4-1705c36b3009,XAUUSD,H4,LONG,Momentum
XAUUSD_H4_124,3,SQX-XAUUSD-H4-79e256993157,XAUUSD,H4,LONG,Momentum
XAUUSD_H4_125,3,SQX-XAUUSD-H4-0c6c721c2949,XAUUSD,H4,LONG,Volatility
XAUUSD_H4_125,3,SQX-XAUUSD-H4-7387a15bcbe6,XAUUSD,H4,LONG,Momentum+Volatility
XAUUSD_H4_125,3,SQX-XAUUSD-H4-fb0c64a12379,XAUUSD,H4,LONG,Volatility
XAUUSD_H4_126,3,SQX-XAUUSD-H4-0d0383cd84cc,XAUUSD,H4,LONG,Momentum
XAUUSD_H4_126,3,SQX-XAUUSD-H4-1c877dc6ab8f,XAUUSD,H4,LONG,Momentum
XAUUSD_H4_126,3,SQX-XAUUSD-H4-6a1a1b5c67b2,XAUUSD,H4,LONG,Momentum
XAUUSD_H4_127,3,SQX-XAUUSD-H4-0d90f62c8bbc,XAUUSD,H4,LONG,Structure
XAUUSD_H4_127,3,SQX-XAUUSD-H4-149645dfa607,XAUUSD,H4,LONG,Volatility+Structure
XAUUSD_H4_127,3,SQX-XAUUSD-H4-7c3f03c683ab,XAUUSD,H4,LONG,Momentum+Volatility+Structure
XAUUSD_H4_128,3,SQX-XAUUSD-H4-0e97f8c147ee,XAUUSD,H4,LONG,Momentum+Structure
XAUUSD_H4_128,3,SQX-XAUUSD-H4-66615eff7b0e,XAUUSD,H4,LONG,Structure
XAUUSD_H4_128,3,SQX-XAUUSD-H4-69393ca94507,XAUUSD,H4,LONG,Structure
XAUUSD_H4_129,3,SQX-XAUUSD-H4-0f0b63a080fc,XAUUSD,H4,LONG,Momentum+Volatility+Structure
XAUUSD_H4_129,3,SQX-XAUUSD-H4-29e6096d14c4,XAUUSD,H4,LONG,Trend+Structure
XAUUSD_H4_129,3,SQX-XAUUSD-H4-b2e26acd5565,XAUUSD,H4,LONG,Momentum+Structure
XAUUSD_H4_130,3,SQX-XAUUSD-H4-12043877f828,XAUUSD,H4,LONG,Structure
XAUUSD_H4_130,3,SQX-XAUUSD-H4-9350ae734e92,XAUUSD,H4,LONG,Structure
XAUUSD_H4_130,3,SQX-XAUUSD-H4-c769454fd3d6,XAUUSD,H4,LONG,Structure
XAUUSD_H4_131,3,SQX-XAUUSD-H4-12d163e5d6ca,XAUUSD,H4,LONG,Trend+Momentum
XAUUSD_H4_131,3,SQX-XAUUSD-H4-abc2a9173489,XAUUSD,H4,LONG,Momentum+Volatility
XAUUSD_H4_131,3,SQX-XAUUSD-H4-cb015d12343e,XAUUSD,H4,LONG,Momentum
XAUUSD_H4_132,3,SQX-XAUUSD-H4-1312e5c4d5fc,XAUUSD,H4,LONG,Trend+Momentum
XAUUSD_H4_132,3,SQX-XAUUSD-H4-e6a2a8ed7f67,XAUUSD,H4,LONG,Trend+Momentum
XAUUSD_H4_132,3,SQX-XAUUSD-H4-e9dc913703f8,XAUUSD,H4,LONG,Trend+Volatility
XAUUSD_H4_133,3,SQX-XAUUSD-H4-134036de4e83,XAUUSD,H4,LONG,Momentum+Volatility+Structure
XAUUSD_H4_133,3,SQX-XAUUSD-H4-2e4c2f38d073,XAUUSD,H4,LONG,Volatility+Structure
XAUUSD_H4_133,3,SQX-XAUUSD-H4-aba00e664cf5,XAUUSD,H4,LONG,Volatility+Structure
XAUUSD_H4_134,3,SQX-XAUUSD-H4-13b484e3d2c4,XAUUSD,H4,LONG,Volatility
XAUUSD_H4_134,3,SQX-XAUUSD-H4-a0e819f90d33,XAUUSD,H4,LONG,Trend+Volatility
XAUUSD_H4_134,3,SQX-XAUUSD-H4-fcb7497adb4b,XAUUSD,H4,LONG,Trend+Volatility
XAUUSD_H4_135,3,SQX-XAUUSD-H4-15008d350a45,XAUUSD,H4,LONG,Structure
XAUUSD_H4_135,3,SQX-XAUUSD-H4-3d095958225e,XAUUSD,H4,LONG,Trend+Structure
XAUUSD_H4_135,3,SQX-XAUUSD-H4-49bc62458208,XAUUSD,H4,LONG,Trend+Structure
XAUUSD_H4_136,3,SQX-XAUUSD-H4-15cf22bb5eb2,XAUUSD,H4,LONG,Trend+Momentum
XAUUSD_H4_136,3,SQX-XAUUSD-H4-a731bc9d4d52,XAUUSD,H4,LONG,Trend+Momentum
XAUUSD_H4_136,3,SQX-XAUUSD-H4-e564560fd5b7,XAUUSD,H4,LONG,Trend+Momentum
XAUUSD_H4_137,3,SQX-XAUUSD-H4-18fdd5782cf7,XAUUSD,H4,LONG,Trend+Structure
XAUUSD_H4_137,3,SQX-XAUUSD-H4-b08c6480411f,XAUUSD,H4,LONG,Trend+Structure
XAUUSD_H4_137,3,SQX-XAUUSD-H4-d6555e1eaf0b,XAUUSD,H4,LONG,Trend+Structure
XAUUSD_H4_138,3,SQX-XAUUSD-H4-195491aca7dd,XAUUSD,H4,LONG,Momentum
XAUUSD_H4_138,3,SQX-XAUUSD-H4-603cc949c12e,XAUUSD,H4,LONG,Trend+Momentum
XAUUSD_H4_138,3,SQX-XAUUSD-H4-6d5e7d14c00b,XAUUSD,H4,LONG,Momentum
XAUUSD_H4_139,3,SQX-XAUUSD-H4-19bf21e8138a,XAUUSD,H4,LONG,Trend+Momentum
XAUUSD_H4_139,3,SQX-XAUUSD-H4-b0b30de2f4c7,XAUUSD,H4,LONG,Trend+Momentum
XAUUSD_H4_139,3,SQX-XAUUSD-H4-f5c18696d507,XAUUSD,H4,LONG,Trend+Momentum
XAUUSD_H4_140,3,SQX-XAUUSD-H4-1ba06d466fdd,XAUUSD,H4,LONG,Momentum
XAUUSD_H4_140,3,SQX-XAUUSD-H4-3ee6544a3f26,XAUUSD,H4,LONG,Momentum+Volatility
XAUUSD_H4_140,3,SQX-XAUUSD-H4-888550ef45e6,XAUUSD,H4,LONG,Trend+Momentum
XAUUSD_H4_141,3,SQX-XAUUSD-H4-1e097bca750f,XAUUSD,H4,LONG,Trend+Structure
XAUUSD_H4_141,3,SQX-XAUUSD-H4-7381af9b85f8,XAUUSD,H4,LONG,Volatility+Structure
XAUUSD_H4_141,3,SQX-XAUUSD-H4-ac47e58bde34,XAUUSD,H4,LONG,Trend
XAUUSD_H4_142,3,SQX-XAUUSD-H4-1fda69abac1b,XAUUSD,H4,LONG,Momentum+Structure
XAUUSD_H4_142,3,SQX-XAUUSD-H4-3c4d96cdf0bb,XAUUSD,H4,LONG,Structure
XAUUSD_H4_142,3,SQX-XAUUSD-H4-d513bfec8742,XAUUSD,H4,LONG,Structure
XAUUSD_H4_143,3,SQX-XAUUSD-H4-21c3bc5c3b1b,XAUUSD,H4,LONG,Trend+Structure
XAUUSD_H4_143,3,SQX-XAUUSD-H4-4eba950527e1,XAUUSD,H4,LONG,Trend+Structure
XAUUSD_H4_143,3,SQX-XAUUSD-H4-79bf4c6271c7,XAUUSD,H4,LONG,Trend+Structure
XAUUSD_H4_144,3,SQX-XAUUSD-H4-22a2ca36fe53,XAUUSD,H4,LONG,Trend+Momentum+Volatility
XAUUSD_H4_144,3,SQX-XAUUSD-H4-8a20661613bf,XAUUSD,H4,LONG,Trend+Volatility
XAUUSD_H4_144,3,SQX-XAUUSD-H4-c2b61aa80d6d,XAUUSD,H4,LONG,Trend+Volatility
XAUUSD_H4_145,3,SQX-XAUUSD-H4-2473dd70a0ab,XAUUSD,H4,LONG,Trend+Momentum
XAUUSD_H4_145,3,SQX-XAUUSD-H4-7f8beec3f3b6,XAUUSD,H4,LONG,Trend+Momentum
XAUUSD_H4_145,3,SQX-XAUUSD-H4-fb535881a573,XAUUSD,H4,LONG,Trend+Momentum
XAUUSD_H4_146,3,SQX-XAUUSD-H4-262c31177df2,XAUUSD,H4,LONG,Trend+Volatility+Structure
XAUUSD_H4_146,3,SQX-XAUUSD-H4-624e308d9d3c,XAUUSD,H4,LONG,Trend+Momentum+Structure
XAUUSD_H4_146,3,SQX-XAUUSD-H4-e7879e80b271,XAUUSD,H4,LONG,Volatility+Structure
XAUUSD_H4_147,3,SQX-XAUUSD-H4-2791610f1fc1,XAUUSD,H4,LONG,Momentum
XAUUSD_H4_147,3,SQX-XAUUSD-H4-40fee7e7ea55,XAUUSD,H4,LONG,Momentum
XAUUSD_H4_147,3,SQX-XAUUSD-H4-9f016140854b,XAUUSD,H4,LONG,Momentum
XAUUSD_H4_148,3,SQX-XAUUSD-H4-27bb99147f4b,XAUUSD,H4,LONG,Trend+Momentum+Volatility
XAUUSD_H4_148,3,SQX-XAUUSD-H4-2c6392fca187,XAUUSD,H4,LONG,Trend
XAUUSD_H4_148,3,SQX-XAUUSD-H4-aa50c649b054,XAUUSD,H4,LONG,Trend
XAUUSD_H4_149,3,SQX-XAUUSD-H4-2909b159469e,XAUUSD,H4,LONG,Momentum
XAUUSD_H4_149,3,SQX-XAUUSD-H4-70b70d4cec48,XAUUSD,H4,LONG,Momentum
XAUUSD_H4_149,3,SQX-XAUUSD-H4-7206e402985e,XAUUSD,H4,LONG,Momentum
XAUUSD_H4_150,3,SQX-XAUUSD-H4-299a78ee5f61,XAUUSD,H4,LONG,Volatility
XAUUSD_H4_150,3,SQX-XAUUSD-H4-96b0ea599ac3,XAUUSD,H4,LONG,Volatility
XAUUSD_H4_150,3,SQX-XAUUSD-H4-d900a754281a,XAUUSD,H4,LONG,Volatility
XAUUSD_H4_151,3,SQX-XAUUSD-H4-2b8addf953ad,XAUUSD,H4,LONG,Trend+Structure
XAUUSD_H4_151,3,SQX-XAUUSD-H4-904ad846843a,XAUUSD,H4,LONG,Volatility+Structure
XAUUSD_H4_151,3,SQX-XAUUSD-H4-af9c831e07c7,XAUUSD,H4,LONG,Trend+Volatility+Structure
XAUUSD_H4_152,3,SQX-XAUUSD-H4-2db29ada7774,XAUUSD,H4,LONG,Volatility+Structure
XAUUSD_H4_152,3,SQX-XAUUSD-H4-6276d1765e1a,XAUUSD,H4,LONG,Momentum+Structure
XAUUSD_H4_152,3,SQX-XAUUSD-H4-ebd572f89895,XAUUSD,H4,LONG,Volatility+Structure
XAUUSD_H4_153,3,SQX-XAUUSD-H4-3302f4708055,XAUUSD,H4,LONG,Volatility+Structure
XAUUSD_H4_153,3,SQX-XAUUSD-H4-b548b74e6959,XAUUSD,H4,LONG,Structure
XAUUSD_H4_153,3,SQX-XAUUSD-H4-fd9cc7e5f2fa,XAUUSD,H4,LONG,Structure
XAUUSD_H4_154,3,SQX-XAUUSD-H4-34d280f0296e,XAUUSD,H4,LONG,Trend+Volatility+Structure
XAUUSD_H4_154,3,SQX-XAUUSD-H4-8e615ffb4b5a,XAUUSD,H4,LONG,Volatility+Structure
XAUUSD_H4_154,3,SQX-XAUUSD-H4-a4dd203db490,XAUUSD,H4,LONG,Volatility+Structure
XAUUSD_H4_155,3,SQX-XAUUSD-H4-356c835ae52e,XAUUSD,H4,LONG,Trend+Volatility+Structure
XAUUSD_H4_155,3,SQX-XAUUSD-H4-768592579d0e,XAUUSD,H4,LONG,Trend+Structure
XAUUSD_H4_155,3,SQX-XAUUSD-H4-f96770d83580,XAUUSD,H4,LONG,Trend
XAUUSD_H4_156,3,SQX-XAUUSD-H4-3748d6be9452,XAUUSD,H4,LONG,Trend+Momentum
XAUUSD_H4_156,3,SQX-XAUUSD-H4-5346301855a7,XAUUSD,H4,LONG,Trend
XAUUSD_H4_156,3,SQX-XAUUSD-H4-9ad063a39804,XAUUSD,H4,LONG,Trend+Volatility
XAUUSD_H4_157,3,SQX-XAUUSD-H4-3c9135da3698,XAUUSD,H4,LONG,Trend+Momentum
XAUUSD_H4_157,3,SQX-XAUUSD-H4-552d8962b3dc,XAUUSD,H4,LONG,Trend
XAUUSD_H4_157,3,SQX-XAUUSD-H4-d2d5b9b79481,XAUUSD,H4,LONG,Trend+Momentum
XAUUSD_H4_158,3,SQX-XAUUSD-H4-431694ddd596,XAUUSD,H4,LONG,Trend
XAUUSD_H4_158,3,SQX-XAUUSD-H4-4f2f90e1c30b,XAUUSD,H4,LONG,Trend+Momentum+Volatility
XAUUSD_H4_158,3,SQX-XAUUSD-H4-ae56fec39742,XAUUSD,H4,LONG,Trend
XAUUSD_H4_159,3,SQX-XAUUSD-H4-43b534a1d8d7,XAUUSD,H4,LONG,Momentum
XAUUSD_H4_159,3,SQX-XAUUSD-H4-5c12d70f83e1,XAUUSD,H4,LONG,Momentum
XAUUSD_H4_159,3,SQX-XAUUSD-H4-cb46cfa4a6ce,XAUUSD,H4,LONG,Momentum
XAUUSD_H4_160,3,SQX-XAUUSD-H4-43f419e5c27f,XAUUSD,H4,LONG,Trend+Momentum+Volatility
XAUUSD_H4_160,3,SQX-XAUUSD-H4-6366ff7d4f78,XAUUSD,H4,LONG,Trend+Momentum+Volatility
XAUUSD_H4_160,3,SQX-XAUUSD-H4-abc261a1be91,XAUUSD,H4,LONG,Trend+Momentum+Volatility
XAUUSD_H4_161,3,SQX-XAUUSD-H4-45e65ed67654,XAUUSD,H4,LONG,Trend+Structure
XAUUSD_H4_161,3,SQX-XAUUSD-H4-b02a1fec6c5b,XAUUSD,H4,LONG,Trend+Volatility+Structure
XAUUSD_H4_161,3,SQX-XAUUSD-H4-cc26727ce5bf,XAUUSD,H4,LONG,Trend+Structure
XAUUSD_H4_162,3,SQX-XAUUSD-H4-46b939781c7c,XAUUSD,H4,LONG,Trend+Momentum
XAUUSD_H4_162,3,SQX-XAUUSD-H4-83d672739043,XAUUSD,H4,LONG,Momentum+Volatility
XAUUSD_H4_162,3,SQX-XAUUSD-H4-f9ff07f592bf,XAUUSD,H4,LONG,Trend+Momentum
XAUUSD_H4_163,3,SQX-XAUUSD-H4-4a12035cf31c,XAUUSD,H4,LONG,Momentum+Structure
XAUUSD_H4_163,3,SQX-XAUUSD-H4-aec93974caa3,XAUUSD,H4,LONG,Trend+Structure
XAUUSD_H4_163,3,SQX-XAUUSD-H4-f4e9b6f77bae,XAUUSD,H4,LONG,Momentum+Structure
XAUUSD_H4_164,3,SQX-XAUUSD-H4-4fc697a6209d,XAUUSD,H4,LONG,Trend+Momentum+Volatility
XAUUSD_H4_164,3,SQX-XAUUSD-H4-5c6a457fa5e5,XAUUSD,H4,LONG,Trend+Structure
XAUUSD_H4_164,3,SQX-XAUUSD-H4-8daa6695f784,XAUUSD,H4,LONG,Trend+Structure
XAUUSD_H4_165,3,SQX-XAUUSD-H4-55d2bc81bdc6,XAUUSD,H4,LONG,Momentum+Structure
XAUUSD_H4_165,3,SQX-XAUUSD-H4-9c3c7321668c,XAUUSD,H4,LONG,Momentum+Structure
XAUUSD_H4_165,3,SQX-XAUUSD-H4-b73d8f761464,XAUUSD,H4,LONG,Volatility+Structure
XAUUSD_H4_166,3,SQX-XAUUSD-H4-59edc492db07,XAUUSD,H4,LONG,Structure
XAUUSD_H4_166,3,SQX-XAUUSD-H4-8634b686ba2a,XAUUSD,H4,LONG,Structure
XAUUSD_H4_166,3,SQX-XAUUSD-H4-9e9df4635f8a,XAUUSD,H4,LONG,Trend+Structure
XAUUSD_H4_167,3,SQX-XAUUSD-H4-5a81c5994f92,XAUUSD,H4,LONG,Momentum
XAUUSD_H4_167,3,SQX-XAUUSD-H4-9543d122dead,XAUUSD,H4,LONG,Momentum
XAUUSD_H4_167,3,SQX-XAUUSD-H4-ba35706b3a7a,XAUUSD,H4,LONG,Momentum+Volatility
XAUUSD_H4_168,3,SQX-XAUUSD-H4-5b407a6f5142,XAUUSD,H4,LONG,Momentum
XAUUSD_H4_168,3,SQX-XAUUSD-H4-7cccb408b712,XAUUSD,H4,LONG,Momentum+Volatility
XAUUSD_H4_168,3,SQX-XAUUSD-H4-fb70dcb58c4d,XAUUSD,H4,LONG,Trend+Momentum
XAUUSD_H4_169,3,SQX-XAUUSD-H4-5d2c8c290092,XAUUSD,H4,LONG,Momentum+Volatility
XAUUSD_H4_169,3,SQX-XAUUSD-H4-93992e2052c6,XAUUSD,H4,LONG,Momentum
XAUUSD_H4_169,3,SQX-XAUUSD-H4-ed017ebd0c88,XAUUSD,H4,LONG,Momentum
XAUUSD_H4_170,3,SQX-XAUUSD-H4-62048f184389,XAUUSD,H4,LONG,Trend+Momentum+Volatility
XAUUSD_H4_170,3,SQX-XAUUSD-H4-9b53bfafc0b5,XAUUSD,H4,LONG,Trend+Volatility
XAUUSD_H4_170,3,SQX-XAUUSD-H4-b58d34a71856,XAUUSD,H4,LONG,Trend+Volatility
XAUUSD_H4_171,3,SQX-XAUUSD-H4-62642ed9f378,XAUUSD,H4,LONG,Momentum
XAUUSD_H4_171,3,SQX-XAUUSD-H4-c77d36076a9f,XAUUSD,H4,LONG,Momentum
XAUUSD_H4_171,3,SQX-XAUUSD-H4-cc276753cea8,XAUUSD,H4,LONG,Momentum
XAUUSD_H4_172,3,SQX-XAUUSD-H4-66dafc134f8c,XAUUSD,H4,LONG,Trend+Momentum+Volatility
XAUUSD_H4_172,3,SQX-XAUUSD-H4-a81d549be821,XAUUSD,H4,LONG,Trend+Momentum+Volatility
XAUUSD_H4_172,3,SQX-XAUUSD-H4-d3f0c02b86b1,XAUUSD,H4,LONG,Trend+Momentum+Volatility
XAUUSD_H4_173,3,SQX-XAUUSD-H4-6db7e6d3b5a1,XAUUSD,H4,LONG,Trend+Momentum+Volatility
XAUUSD_H4_173,3,SQX-XAUUSD-H4-8745efaa0491,XAUUSD,H4,LONG,Trend+Momentum+Volatility
XAUUSD_H4_173,3,SQX-XAUUSD-H4-9b18c7ce2091,XAUUSD,H4,LONG,Trend+Momentum+Volatility
XAUUSD_H4_174,3,SQX-XAUUSD-H4-756127a05e3a,XAUUSD,H4,LONG,Momentum+Structure
XAUUSD_H4_174,3,SQX-XAUUSD-H4-bbb3cdb2ea8f,XAUUSD,H4,LONG,Momentum+Structure
XAUUSD_H4_174,3,SQX-XAUUSD-H4-fc8ba8041ed3,XAUUSD,H4,LONG,Momentum+Structure
XAUUSD_H4_175,3,SQX-XAUUSD-H4-76d7b1b8c0f4,XAUUSD,H4,LONG,Momentum+Volatility
XAUUSD_H4_175,3,SQX-XAUUSD-H4-a7c3706d9442,XAUUSD,H4,LONG,Momentum+Volatility
XAUUSD_H4_175,3,SQX-XAUUSD-H4-cc27b31f5e22,XAUUSD,H4,LONG,Momentum
XAUUSD_H4_176,3,SQX-XAUUSD-H4-78099dfda9a6,XAUUSD,H4,LONG,Momentum+Structure
XAUUSD_H4_176,3,SQX-XAUUSD-H4-a0ca01b68e94,XAUUSD,H4,LONG,Trend+Momentum
XAUUSD_H4_176,3,SQX-XAUUSD-H4-af85d87d5a93,XAUUSD,H4,LONG,Trend+Momentum+Volatility
XAUUSD_H4_177,3,SQX-XAUUSD-H4-79550120d85b,XAUUSD,H4,LONG,Trend+Momentum
XAUUSD_H4_177,3,SQX-XAUUSD-H4-a7f367d3fece,XAUUSD,H4,LONG,Momentum+Structure
XAUUSD_H4_177,3,SQX-XAUUSD-H4-b948e15117bf,XAUUSD,H4,LONG,Momentum+Structure
XAUUSD_H4_178,3,SQX-XAUUSD-H4-7f06f61ee8c4,XAUUSD,H4,LONG,Trend+Momentum
XAUUSD_H4_178,3,SQX-XAUUSD-H4-b3692562ab06,XAUUSD,H4,LONG,Momentum
XAUUSD_H4_178,3,SQX-XAUUSD-H4-c09c1b1fc5f9,XAUUSD,H4,LONG,Momentum
XAUUSD_H4_179,3,SQX-XAUUSD-H4-809f4910609a,XAUUSD,H4,LONG,Trend+Momentum
XAUUSD_H4_179,3,SQX-XAUUSD-H4-832ac7ea5adc,XAUUSD,H4,LONG,Trend+Momentum
XAUUSD_H4_179,3,SQX-XAUUSD-H4-bdd8f8ad8529,XAUUSD,H4,LONG,Trend+Momentum
XAUUSD_H4_180,3,SQX-XAUUSD-H4-8bdd352e899f,XAUUSD,H4,LONG,Trend
XAUUSD_H4_180,3,SQX-XAUUSD-H4-9e69b5ff926f,XAUUSD,H4,LONG,Trend
XAUUSD_H4_180,3,SQX-XAUUSD-H4-ad778eba011c,XAUUSD,H4,LONG,Trend
XAUUSD_H4_181,3,SQX-XAUUSD-H4-8d837e9ea00e,XAUUSD,H4,LONG,Momentum+Volatility+Structure
XAUUSD_H4_181,3,SQX-XAUUSD-H4-9fe812a5a3cb,XAUUSD,H4,LONG,Volatility+Structure
XAUUSD_H4_181,3,SQX-XAUUSD-H4-a762fb16cc23,XAUUSD,H4,LONG,Trend+Momentum+Structure
XAUUSD_H4_182,3,SQX-XAUUSD-H4-906f358a91c8,XAUUSD,H4,LONG,Momentum+Structure
XAUUSD_H4_182,3,SQX-XAUUSD-H4-aa971e730a66,XAUUSD,H4,LONG,Momentum+Structure
XAUUSD_H4_182,3,SQX-XAUUSD-H4-ce08ed83f242,XAUUSD,H4,LONG,Momentum+Structure
XAUUSD_H4_183,3,SQX-XAUUSD-H4-9099f80226c0,XAUUSD,H4,LONG,Trend+Momentum+Structure
XAUUSD_H4_183,3,SQX-XAUUSD-H4-937d17d390e9,XAUUSD,H4,LONG,Trend+Structure
XAUUSD_H4_183,3,SQX-XAUUSD-H4-d71097117b5c,XAUUSD,H4,LONG,Trend+Structure
XAUUSD_H4_184,3,SQX-XAUUSD-H4-9274e44fbc6c,XAUUSD,H4,LONG,Momentum
XAUUSD_H4_184,3,SQX-XAUUSD-H4-a18eeb48872c,XAUUSD,H4,LONG,Trend+Momentum+Volatility
XAUUSD_H4_184,3,SQX-XAUUSD-H4-ef969618c77c,XAUUSD,H4,LONG,Momentum+Volatility
XAUUSD_H4_185,3,SQX-XAUUSD-H4-9b25d9da0e34,XAUUSD,H4,LONG,Trend+Momentum+Volatility+Structure
XAUUSD_H4_185,3,SQX-XAUUSD-H4-a2e1e130084b,XAUUSD,H4,LONG,Volatility+Structure
XAUUSD_H4_185,3,SQX-XAUUSD-H4-d926801dc336,XAUUSD,H4,LONG,Trend+Structure
XAUUSD_H4_186,3,SQX-XAUUSD-H4-a2c7c98c9488,XAUUSD,H4,LONG,Momentum+Structure
XAUUSD_H4_186,3,SQX-XAUUSD-H4-d22a811773a0,XAUUSD,H4,LONG,Momentum
XAUUSD_H4_186,3,SQX-XAUUSD-H4-d9e0dbd9bc0c,XAUUSD,H4,LONG,Momentum+Structure
XAUUSD_H4_187,3,SQX-XAUUSD-H4-a45b7f55050c,XAUUSD,H4,LONG,Trend+Structure
XAUUSD_H4_187,3,SQX-XAUUSD-H4-bee476de4960,XAUUSD,H4,LONG,Trend+Structure
XAUUSD_H4_187,3,SQX-XAUUSD-H4-e72b1bfb4708,XAUUSD,H4,LONG,Trend+Structure
XAUUSD_H4_188,3,SQX-XAUUSD-H4-a53ce0b1327b,XAUUSD,H4,LONG,Trend+Structure
XAUUSD_H4_188,3,SQX-XAUUSD-H4-bad641a07d0d,XAUUSD,H4,LONG,Trend+Structure
XAUUSD_H4_188,3,SQX-XAUUSD-H4-c4a0bcaf752f,XAUUSD,H4,LONG,Trend+Structure
XAUUSD_H4_189,3,SQX-XAUUSD-H4-aab0c95788c1,XAUUSD,H4,LONG,Momentum
XAUUSD_H4_189,3,SQX-XAUUSD-H4-c8bb51e4d694,XAUUSD,H4,LONG,Momentum
XAUUSD_H4_189,3,SQX-XAUUSD-H4-e696e194b27e,XAUUSD,H4,LONG,Momentum
XAUUSD_H4_190,3,SQX-XAUUSD-H4-ab8ea643e42b,XAUUSD,H4,LONG,Momentum+Structure
XAUUSD_H4_190,3,SQX-XAUUSD-H4-b4d9c979a543,XAUUSD,H4,LONG,Momentum+Structure
XAUUSD_H4_190,3,SQX-XAUUSD-H4-d0efdf238fcd,XAUUSD,H4,LONG,Momentum+Structure
XAUUSD_H4_191,2,SQX-XAUUSD-H4-015eca49f665,XAUUSD,H4,LONG,Momentum+Structure
XAUUSD_H4_191,2,SQX-XAUUSD-H4-3ee44b6a2e5c,XAUUSD,H4,LONG,Momentum+Structure
XAUUSD_H4_192,2,SQX-XAUUSD-H4-044cfdd23034,XAUUSD,H4,LONG,Trend+Structure
XAUUSD_H4_192,2,SQX-XAUUSD-H4-c7eac1a979a9,XAUUSD,H4,LONG,Trend+Structure
XAUUSD_H4_193,2,SQX-XAUUSD-H4-056229b92020,XAUUSD,H4,LONG,Momentum+Structure
XAUUSD_H4_193,2,SQX-XAUUSD-H4-734af8c0e56f,XAUUSD,H4,LONG,Momentum+Structure
XAUUSD_H4_194,2,SQX-XAUUSD-H4-056bc483b3d2,XAUUSD,H4,LONG,Volatility+Structure
XAUUSD_H4_194,2,SQX-XAUUSD-H4-ea7aa45eb945,XAUUSD,H4,LONG,Volatility+Structure
XAUUSD_H4_195,2,SQX-XAUUSD-H4-07b147433c53,XAUUSD,H4,LONG,Volatility+Structure
XAUUSD_H4_195,2,SQX-XAUUSD-H4-d2b7f64a63cf,XAUUSD,H4,LONG,Trend+Structure
XAUUSD_H4_196,2,SQX-XAUUSD-H4-07e9ca8d4fef,XAUUSD,H4,LONG,Trend+Momentum+Structure
XAUUSD_H4_196,2,SQX-XAUUSD-H4-76e97a204e0a,XAUUSD,H4,LONG,Trend+Momentum+Structure
XAUUSD_H4_197,2,SQX-XAUUSD-H4-0896f04f5362,XAUUSD,H4,LONG,Trend+Momentum
XAUUSD_H4_197,2,SQX-XAUUSD-H4-fda8486fcd88,XAUUSD,H4,LONG,Trend+Momentum
XAUUSD_H4_198,2,SQX-XAUUSD-H4-08af8623fce4,XAUUSD,H4,LONG,Momentum+Structure
XAUUSD_H4_198,2,SQX-XAUUSD-H4-a6ce6cd0485f,XAUUSD,H4,LONG,Momentum+Structure
XAUUSD_H4_199,2,SQX-XAUUSD-H4-091780194421,XAUUSD,H4,LONG,Trend+Momentum+Structure
XAUUSD_H4_199,2,SQX-XAUUSD-H4-2cdc1f73d03e,XAUUSD,H4,LONG,Trend+Momentum+Structure
XAUUSD_H4_200,2,SQX-XAUUSD-H4-095d22c50466,XAUUSD,H4,LONG,Trend+Momentum+Structure
XAUUSD_H4_200,2,SQX-XAUUSD-H4-ab058d0ba6fc,XAUUSD,H4,LONG,Trend+Structure
XAUUSD_H4_201,2,SQX-XAUUSD-H4-09cf2698727c,XAUUSD,H4,LONG,Trend+Momentum+Structure
XAUUSD_H4_201,2,SQX-XAUUSD-H4-dc68fbf373b5,XAUUSD,H4,LONG,Momentum+Structure
XAUUSD_H4_202,2,SQX-XAUUSD-H4-09f4b5befc32,XAUUSD,H4,LONG,Trend+Volatility
XAUUSD_H4_202,2,SQX-XAUUSD-H4-ca6c4920c757,XAUUSD,H4,LONG,Trend+Volatility
XAUUSD_H4_203,2,SQX-XAUUSD-H4-09f9c5892a4a,XAUUSD,H4,LONG,Volatility+Structure
XAUUSD_H4_203,2,SQX-XAUUSD-H4-3947dc05ba13,XAUUSD,H4,LONG,Volatility+Structure
XAUUSD_H4_204,2,SQX-XAUUSD-H4-0b1d46a67578,XAUUSD,H4,LONG,Trend+Momentum
XAUUSD_H4_204,2,SQX-XAUUSD-H4-867495841e95,XAUUSD,H4,LONG,Trend+Momentum
XAUUSD_H4_205,2,SQX-XAUUSD-H4-0b5db0030f9b,XAUUSD,H4,LONG,Momentum+Volatility
XAUUSD_H4_205,2,SQX-XAUUSD-H4-9eba1981054a,XAUUSD,H4,LONG,Momentum+Volatility
XAUUSD_H4_206,2,SQX-XAUUSD-H4-0ba843458425,XAUUSD,H4,LONG,Volatility+Structure
XAUUSD_H4_206,2,SQX-XAUUSD-H4-c4ba8d7ef264,XAUUSD,H4,LONG,Trend+Momentum+Structure
XAUUSD_H4_207,2,SQX-XAUUSD-H4-0bcdad533f06,XAUUSD,H4,LONG,Structure
XAUUSD_H4_207,2,SQX-XAUUSD-H4-875a096ec508,XAUUSD,H4,LONG,Structure
XAUUSD_H4_208,2,SQX-XAUUSD-H4-0cd707717f2d,XAUUSD,H4,LONG,Trend+Momentum
XAUUSD_H4_208,2,SQX-XAUUSD-H4-f0415276b757,XAUUSD,H4,LONG,Trend+Momentum
XAUUSD_H4_209,2,SQX-XAUUSD-H4-0d531a36f921,XAUUSD,H4,LONG,Volatility+Structure
XAUUSD_H4_209,2,SQX-XAUUSD-H4-5e2e70c7f9da,XAUUSD,H4,LONG,Trend+Momentum+Structure
XAUUSD_H4_210,2,SQX-XAUUSD-H4-0da1bb24baf6,XAUUSD,H4,LONG,Momentum+Structure
XAUUSD_H4_210,2,SQX-XAUUSD-H4-d733473e61c3,XAUUSD,H4,LONG,Trend+Structure
XAUUSD_H4_211,2,SQX-XAUUSD-H4-0f98e344a24e,XAUUSD,H4,LONG,Momentum+Volatility
XAUUSD_H4_211,2,SQX-XAUUSD-H4-5de77275e8d4,XAUUSD,H4,LONG,Volatility
XAUUSD_H4_212,2,SQX-XAUUSD-H4-0ff56e409795,XAUUSD,H4,LONG,Volatility+Structure
XAUUSD_H4_212,2,SQX-XAUUSD-H4-fbc76e93c2aa,XAUUSD,H4,LONG,Structure
XAUUSD_H4_213,2,SQX-XAUUSD-H4-1114df8f869c,XAUUSD,H4,LONG,Trend+Momentum
XAUUSD_H4_213,2,SQX-XAUUSD-H4-6efe05794491,XAUUSD,H4,LONG,Trend+Structure
XAUUSD_H4_214,2,SQX-XAUUSD-H4-113a3230dbf3,XAUUSD,H4,LONG,Trend+Momentum
XAUUSD_H4_214,2,SQX-XAUUSD-H4-aae0382ebda0,XAUUSD,H4,LONG,Trend+Volatility
XAUUSD_H4_215,2,SQX-XAUUSD-H4-1337b3d34be3,XAUUSD,H4,LONG,Trend+Structure
XAUUSD_H4_215,2,SQX-XAUUSD-H4-9f714433c102,XAUUSD,H4,LONG,Trend+Structure
XAUUSD_H4_216,2,SQX-XAUUSD-H4-13c0ef5a07d0,XAUUSD,H4,LONG,Momentum+Volatility
XAUUSD_H4_216,2,SQX-XAUUSD-H4-4a554095985c,XAUUSD,H4,LONG,Momentum+Volatility
XAUUSD_H4_217,2,SQX-XAUUSD-H4-13db69d0a606,XAUUSD,H4,LONG,Volatility+Structure
XAUUSD_H4_217,2,SQX-XAUUSD-H4-9fa0046d72c2,XAUUSD,H4,LONG,Volatility+Structure
XAUUSD_H4_218,2,SQX-XAUUSD-H4-15b4de7f90f0,XAUUSD,H4,LONG,Momentum+Volatility
XAUUSD_H4_218,2,SQX-XAUUSD-H4-7792f4d13cf6,XAUUSD,H4,LONG,Momentum+Volatility
XAUUSD_H4_219,2,SQX-XAUUSD-H4-164729b35cc2,XAUUSD,H4,LONG,Trend+Momentum
XAUUSD_H4_219,2,SQX-XAUUSD-H4-ab5ac6257b0e,XAUUSD,H4,LONG,Trend
XAUUSD_H4_220,2,SQX-XAUUSD-H4-166958d5cc67,XAUUSD,H4,LONG,Momentum
XAUUSD_H4_220,2,SQX-XAUUSD-H4-77d2313a293a,XAUUSD,H4,LONG,Momentum
XAUUSD_H4_221,2,SQX-XAUUSD-H4-181c23b82a02,XAUUSD,H4,LONG,Trend+Momentum
XAUUSD_H4_221,2,SQX-XAUUSD-H4-73e3eb511a9b,XAUUSD,H4,LONG,Trend+Momentum
XAUUSD_H4_222,2,SQX-XAUUSD-H4-1825cc043378,XAUUSD,H4,LONG,Trend+Momentum
XAUUSD_H4_222,2,SQX-XAUUSD-H4-2f6dcccdc49e,XAUUSD,H4,LONG,Momentum+Structure
XAUUSD_H4_223,2,SQX-XAUUSD-H4-18b1b8304edc,XAUUSD,H4,LONG,Trend
XAUUSD_H4_223,2,SQX-XAUUSD-H4-2ba748ae474b,XAUUSD,H4,LONG,Momentum
XAUUSD_H4_224,2,SQX-XAUUSD-H4-18bdeaf88c54,XAUUSD,H4,LONG,Momentum+Structure
XAUUSD_H4_224,2,SQX-XAUUSD-H4-e13cb10e2bb1,XAUUSD,H4,LONG,Momentum+Structure
XAUUSD_H4_225,2,SQX-XAUUSD-H4-18c484f1ff5f,XAUUSD,H4,LONG,Momentum
XAUUSD_H4_225,2,SQX-XAUUSD-H4-6dc57c704f49,XAUUSD,H4,LONG,Momentum+Volatility
XAUUSD_H4_226,2,SQX-XAUUSD-H4-19c658e4c5e4,XAUUSD,H4,LONG,Trend+Structure
XAUUSD_H4_226,2,SQX-XAUUSD-H4-3cb6482ac84d,XAUUSD,H4,LONG,Trend+Structure
XAUUSD_H4_227,2,SQX-XAUUSD-H4-1c1f3a49774d,XAUUSD,H4,LONG,Trend+Volatility+Structure
XAUUSD_H4_227,2,SQX-XAUUSD-H4-eef399842ee6,XAUUSD,H4,LONG,Trend+Volatility+Structure
XAUUSD_H4_228,2,SQX-XAUUSD-H4-1c3797b79b70,XAUUSD,H4,LONG,Momentum
XAUUSD_H4_228,2,SQX-XAUUSD-H4-789f1a5d50dc,XAUUSD,H4,LONG,Momentum
XAUUSD_H4_229,2,SQX-XAUUSD-H4-1c7e9b89ee04,XAUUSD,H4,LONG,Momentum+Volatility+Structure
XAUUSD_H4_229,2,SQX-XAUUSD-H4-cde25d241a19,XAUUSD,H4,LONG,Trend+Structure
XAUUSD_H4_230,2,SQX-XAUUSD-H4-1cb0cc94436e,XAUUSD,H4,LONG,Trend+Momentum
XAUUSD_H4_230,2,SQX-XAUUSD-H4-62ab4dcdab19,XAUUSD,H4,LONG,Momentum+Volatility
XAUUSD_H4_231,2,SQX-XAUUSD-H4-1d5811a8d6cd,XAUUSD,H4,LONG,Momentum
XAUUSD_H4_231,2,SQX-XAUUSD-H4-f3a3c8a5dbc2,XAUUSD,H4,LONG,Momentum
XAUUSD_H4_232,2,SQX-XAUUSD-H4-1e934d0a5f9d,XAUUSD,H4,LONG,Momentum+Structure
XAUUSD_H4_232,2,SQX-XAUUSD-H4-879b0da3418a,XAUUSD,H4,LONG,Momentum+Structure
XAUUSD_H4_233,2,SQX-XAUUSD-H4-1f9d862a3cd4,XAUUSD,H4,LONG,Trend+Momentum
XAUUSD_H4_233,2,SQX-XAUUSD-H4-ac3cdd9faed3,XAUUSD,H4,LONG,Trend+Momentum
XAUUSD_H4_234,2,SQX-XAUUSD-H4-208f91990c94,XAUUSD,H4,LONG,Volatility
XAUUSD_H4_234,2,SQX-XAUUSD-H4-6a2ed3d079c6,XAUUSD,H4,LONG,Momentum+Volatility
XAUUSD_H4_235,2,SQX-XAUUSD-H4-2209f8faf1cd,XAUUSD,H4,LONG,Momentum+Structure
XAUUSD_H4_235,2,SQX-XAUUSD-H4-2e8e97809969,XAUUSD,H4,LONG,Volatility+Structure
XAUUSD_H4_236,2,SQX-XAUUSD-H4-24071b1f8fdb,XAUUSD,H4,LONG,Volatility+Structure
XAUUSD_H4_236,2,SQX-XAUUSD-H4-c8bf488fc54e,XAUUSD,H4,LONG,Momentum+Volatility+Structure
XAUUSD_H4_237,2,SQX-XAUUSD-H4-246c413962fb,XAUUSD,H4,LONG,Trend+Momentum
XAUUSD_H4_237,2,SQX-XAUUSD-H4-a5ef92193852,XAUUSD,H4,LONG,Trend+Momentum
XAUUSD_H4_238,2,SQX-XAUUSD-H4-25a467ef6cb6,XAUUSD,H4,SHORT,Momentum+Structure
XAUUSD_H4_238,2,SQX-XAUUSD-H4-de8b0362aaf8,XAUUSD,H4,SHORT,Momentum+Structure
XAUUSD_H4_239,2,SQX-XAUUSD-H4-2642de6949c6,XAUUSD,H4,LONG,Trend+Volatility
XAUUSD_H4_239,2,SQX-XAUUSD-H4-3140dde74a10,XAUUSD,H4,LONG,Trend
XAUUSD_H4_240,2,SQX-XAUUSD-H4-2695eeea6392,XAUUSD,H4,LONG,Trend+Volatility
XAUUSD_H4_240,2,SQX-XAUUSD-H4-3fb1c3e94ebe,XAUUSD,H4,LONG,Momentum+Volatility
XAUUSD_H4_241,2,SQX-XAUUSD-H4-26a593182c19,XAUUSD,H4,LONG,Trend+Momentum
XAUUSD_H4_241,2,SQX-XAUUSD-H4-974036a278e6,XAUUSD,H4,LONG,Trend+Volatility
XAUUSD_H4_242,2,SQX-XAUUSD-H4-26bc3e6af1cc,XAUUSD,H4,LONG,Trend+Momentum+Volatility
XAUUSD_H4_242,2,SQX-XAUUSD-H4-fa50f05cce4b,XAUUSD,H4,LONG,Trend+Momentum+Volatility
XAUUSD_H4_243,2,SQX-XAUUSD-H4-27772f8231df,XAUUSD,H4,LONG,Momentum+Volatility
XAUUSD_H4_243,2,SQX-XAUUSD-H4-7664788501c5,XAUUSD,H4,LONG,Momentum+Volatility
XAUUSD_H4_244,2,SQX-XAUUSD-H4-2975d3bd834d,XAUUSD,H4,LONG,Momentum
XAUUSD_H4_244,2,SQX-XAUUSD-H4-bfa304381074,XAUUSD,H4,LONG,Momentum
XAUUSD_H4_245,2,SQX-XAUUSD-H4-29f73441bde2,XAUUSD,H4,LONG,Trend+Momentum+Volatility
XAUUSD_H4_245,2,SQX-XAUUSD-H4-ff3284303716,XAUUSD,H4,LONG,Momentum+Volatility
XAUUSD_H4_246,2,SQX-XAUUSD-H4-2a4e1351794c,XAUUSD,H4,LONG,Momentum+Volatility
XAUUSD_H4_246,2,SQX-XAUUSD-H4-f63ffb276be7,XAUUSD,H4,LONG,Momentum+Volatility
XAUUSD_H4_247,2,SQX-XAUUSD-H4-2a4e53eee351,XAUUSD,H4,LONG,Trend+Structure
XAUUSD_H4_247,2,SQX-XAUUSD-H4-f2a2e695ddf1,XAUUSD,H4,LONG,Trend+Structure
XAUUSD_H4_248,2,SQX-XAUUSD-H4-2ba490778c5e,XAUUSD,H4,LONG,Momentum+Volatility+Structure
XAUUSD_H4_248,2,SQX-XAUUSD-H4-46e0aae3ee9e,XAUUSD,H4,LONG,Momentum+Structure
XAUUSD_H4_249,2,SQX-XAUUSD-H4-2d077df08eb4,XAUUSD,H4,LONG,Momentum+Structure
XAUUSD_H4_249,2,SQX-XAUUSD-H4-b58f3d3b8c46,XAUUSD,H4,LONG,Structure
XAUUSD_H4_250,2,SQX-XAUUSD-H4-2e161832facb,XAUUSD,H4,LONG,Trend+Structure
XAUUSD_H4_250,2,SQX-XAUUSD-H4-a17463ed19bf,XAUUSD,H4,LONG,Trend+Structure
XAUUSD_H4_251,2,SQX-XAUUSD-H4-2f2e5faeeae8,XAUUSD,H4,LONG,Trend+Structure
XAUUSD_H4_251,2,SQX-XAUUSD-H4-dca6df797d77,XAUUSD,H4,LONG,Trend+Momentum+Structure
XAUUSD_H4_252,2,SQX-XAUUSD-H4-2f8c9e64b102,XAUUSD,H4,LONG,Trend+Momentum
XAUUSD_H4_252,2,SQX-XAUUSD-H4-63508ea4089c,XAUUSD,H4,LONG,Trend+Volatility+Structure
XAUUSD_H4_253,2,SQX-XAUUSD-H4-324df9f16e5e,XAUUSD,H4,LONG,Trend+Volatility+Structure
XAUUSD_H4_253,2,SQX-XAUUSD-H4-f09c447828a4,XAUUSD,H4,LONG,Trend+Momentum+Structure
XAUUSD_H4_254,2,SQX-XAUUSD-H4-32d4c5d418ac,XAUUSD,H4,LONG,Trend+Momentum
XAUUSD_H4_254,2,SQX-XAUUSD-H4-c512d284e8c0,XAUUSD,H4,LONG,Momentum
XAUUSD_H4_255,2,SQX-XAUUSD-H4-33ea2d777ac3,XAUUSD,H4,LONG,Trend+Momentum+Volatility
XAUUSD_H4_255,2,SQX-XAUUSD-H4-4c57c1af9b25,XAUUSD,H4,LONG,Trend+Momentum
XAUUSD_H4_256,2,SQX-XAUUSD-H4-33f32b964e7a,XAUUSD,H4,LONG,Trend+Momentum
XAUUSD_H4_256,2,SQX-XAUUSD-H4-932e2f5864e6,XAUUSD,H4,LONG,Trend
XAUUSD_H4_257,2,SQX-XAUUSD-H4-354e2e8f9d1a,XAUUSD,H4,LONG,Trend
XAUUSD_H4_257,2,SQX-XAUUSD-H4-880cf659caee,XAUUSD,H4,LONG,Trend
XAUUSD_H4_258,2,SQX-XAUUSD-H4-35a0504829fc,XAUUSD,H4,LONG,Momentum+Structure
XAUUSD_H4_258,2,SQX-XAUUSD-H4-c320c9dfe743,XAUUSD,H4,LONG,Momentum+Structure
XAUUSD_H4_259,2,SQX-XAUUSD-H4-368b260e6335,XAUUSD,H4,LONG,Trend+Structure
XAUUSD_H4_259,2,SQX-XAUUSD-H4-ce278541e94e,XAUUSD,H4,LONG,Momentum+Volatility+Structure
XAUUSD_H4_260,2,SQX-XAUUSD-H4-375ff16707f6,XAUUSD,H4,LONG,Momentum+Volatility
XAUUSD_H4_260,2,SQX-XAUUSD-H4-c5bdb800a523,XAUUSD,H4,LONG,Trend+Volatility
XAUUSD_H4_261,2,SQX-XAUUSD-H4-38606bd8012a,XAUUSD,H4,LONG,Momentum+Structure
XAUUSD_H4_261,2,SQX-XAUUSD-H4-93b10ec944ea,XAUUSD,H4,LONG,Momentum+Structure
XAUUSD_H4_262,2,SQX-XAUUSD-H4-397dfba1f88e,XAUUSD,H4,LONG,Trend+Structure
XAUUSD_H4_262,2,SQX-XAUUSD-H4-3a7465be077c,XAUUSD,H4,LONG,Momentum+Structure
XAUUSD_H4_263,2,SQX-XAUUSD-H4-3c1c6958a936,XAUUSD,H4,LONG,Momentum+Structure
XAUUSD_H4_263,2,SQX-XAUUSD-H4-f108c6e32fea,XAUUSD,H4,LONG,Momentum+Structure
XAUUSD_H4_264,2,SQX-XAUUSD-H4-3c8930f0a794,XAUUSD,H4,LONG,Momentum+Volatility
XAUUSD_H4_264,2,SQX-XAUUSD-H4-6f9578aeede1,XAUUSD,H4,LONG,Momentum+Volatility
XAUUSD_H4_265,2,SQX-XAUUSD-H4-41d409bbcf04,XAUUSD,H4,LONG,Volatility+Structure
XAUUSD_H4_265,2,SQX-XAUUSD-H4-b14de70b2f3b,XAUUSD,H4,LONG,Volatility+Structure
XAUUSD_H4_266,2,SQX-XAUUSD-H4-41de6c612981,XAUUSD,H4,LONG,Volatility+Structure
XAUUSD_H4_266,2,SQX-XAUUSD-H4-9de2b75d711f,XAUUSD,H4,LONG,Momentum+Volatility+Structure
XAUUSD_H4_267,2,SQX-XAUUSD-H4-432fdc415de8,XAUUSD,H4,LONG,Trend+Momentum+Structure
XAUUSD_H4_267,2,SQX-XAUUSD-H4-a3dfb3899f56,XAUUSD,H4,LONG,Momentum+Structure
XAUUSD_H4_268,2,SQX-XAUUSD-H4-4534bedcd286,XAUUSD,H4,LONG,Momentum
XAUUSD_H4_268,2,SQX-XAUUSD-H4-82dd2380c01f,XAUUSD,H4,LONG,Momentum
XAUUSD_H4_269,2,SQX-XAUUSD-H4-45b81f68864c,XAUUSD,H4,LONG,Trend
XAUUSD_H4_269,2,SQX-XAUUSD-H4-5de451428713,XAUUSD,H4,LONG,Trend+Structure
XAUUSD_H4_270,2,SQX-XAUUSD-H4-47d55d2a408b,XAUUSD,H4,LONG,Trend+Momentum
XAUUSD_H4_270,2,SQX-XAUUSD-H4-a31a6c521f94,XAUUSD,H4,LONG,Trend+Momentum
XAUUSD_H4_271,2,SQX-XAUUSD-H4-484adf8cf4ff,XAUUSD,H4,LONG,Trend+Volatility
XAUUSD_H4_271,2,SQX-XAUUSD-H4-eb98e25c0f98,XAUUSD,H4,LONG,Trend+Momentum
XAUUSD_H4_272,2,SQX-XAUUSD-H4-48c2b00eb8d6,XAUUSD,H4,LONG,Trend+Volatility
XAUUSD_H4_272,2,SQX-XAUUSD-H4-fad29513e739,XAUUSD,H4,LONG,Trend+Volatility
XAUUSD_H4_273,2,SQX-XAUUSD-H4-498fbf836db7,XAUUSD,H4,LONG,Structure
XAUUSD_H4_273,2,SQX-XAUUSD-H4-c521d9d0e36f,XAUUSD,H4,LONG,Trend+Structure
XAUUSD_H4_274,2,SQX-XAUUSD-H4-4d097baa9c90,XAUUSD,H4,LONG,Trend+Momentum
XAUUSD_H4_274,2,SQX-XAUUSD-H4-5a84a4ed9fb6,XAUUSD,H4,LONG,Trend+Momentum+Volatility
XAUUSD_H4_275,2,SQX-XAUUSD-H4-4d58275d4ccf,XAUUSD,H4,LONG,Volatility
XAUUSD_H4_275,2,SQX-XAUUSD-H4-ca3531b5993e,XAUUSD,H4,LONG,Momentum
XAUUSD_H4_276,2,SQX-XAUUSD-H4-4dd69b5e5a89,XAUUSD,H4,LONG,Trend
XAUUSD_H4_276,2,SQX-XAUUSD-H4-b75cc16a4631,XAUUSD,H4,LONG,Trend+Volatility
XAUUSD_H4_277,2,SQX-XAUUSD-H4-4ebd0b542863,XAUUSD,H4,LONG,Structure
XAUUSD_H4_277,2,SQX-XAUUSD-H4-64382d21266f,XAUUSD,H4,LONG,Structure
XAUUSD_H4_278,2,SQX-XAUUSD-H4-4f79e6f26898,XAUUSD,H4,LONG,Momentum+Structure
XAUUSD_H4_278,2,SQX-XAUUSD-H4-fddf34707c90,XAUUSD,H4,LONG,Trend+Structure
XAUUSD_H4_279,2,SQX-XAUUSD-H4-4f86a72b756f,XAUUSD,H4,LONG,Volatility+Structure
XAUUSD_H4_279,2,SQX-XAUUSD-H4-a6662b82a144,XAUUSD,H4,LONG,Momentum+Volatility+Structure
XAUUSD_H4_280,2,SQX-XAUUSD-H4-517a9a47d3ed,XAUUSD,H4,LONG,Momentum+Structure
XAUUSD_H4_280,2,SQX-XAUUSD-H4-804b261167b9,XAUUSD,H4,LONG,Momentum+Structure
XAUUSD_H4_281,2,SQX-XAUUSD-H4-5466e4f7f701,XAUUSD,H4,LONG,Trend+Momentum
XAUUSD_H4_281,2,SQX-XAUUSD-H4-788b974dfaf1,XAUUSD,H4,LONG,Trend+Momentum
XAUUSD_H4_282,2,SQX-XAUUSD-H4-54cfcf599f84,XAUUSD,H4,LONG,Trend+Volatility+Structure
XAUUSD_H4_282,2,SQX-XAUUSD-H4-b2f1eacd456d,XAUUSD,H4,LONG,Trend+Volatility
XAUUSD_H4_283,2,SQX-XAUUSD-H4-570c6e9756b4,XAUUSD,H4,LONG,Momentum+Structure
XAUUSD_H4_283,2,SQX-XAUUSD-H4-7207d4e0c982,XAUUSD,H4,LONG,Momentum+Structure
XAUUSD_H4_284,2,SQX-XAUUSD-H4-57da93d7ef2a,XAUUSD,H4,LONG,Trend+Momentum
XAUUSD_H4_284,2,SQX-XAUUSD-H4-b126fbdeff6a,XAUUSD,H4,LONG,Trend+Momentum
XAUUSD_H4_285,2,SQX-XAUUSD-H4-592bb442f611,XAUUSD,H4,LONG,Trend+Volatility+Structure
XAUUSD_H4_285,2,SQX-XAUUSD-H4-e6b1b05294ee,XAUUSD,H4,LONG,Trend+Volatility+Structure
XAUUSD_H4_286,2,SQX-XAUUSD-H4-5a23d53a5228,XAUUSD,H4,LONG,Trend+Momentum
XAUUSD_H4_286,2,SQX-XAUUSD-H4-6b91565cdf68,XAUUSD,H4,LONG,Trend+Momentum
XAUUSD_H4_287,2,SQX-XAUUSD-H4-5afb4ff2dcd9,XAUUSD,H4,LONG,Trend+Momentum
XAUUSD_H4_287,2,SQX-XAUUSD-H4-a1f42387695c,XAUUSD,H4,LONG,Trend+Momentum
XAUUSD_H4_288,2,SQX-XAUUSD-H4-5c8815964633,XAUUSD,H4,LONG,Trend+Structure
XAUUSD_H4_288,2,SQX-XAUUSD-H4-d16d26d60d33,XAUUSD,H4,LONG,Trend+Momentum+Structure
XAUUSD_H4_289,2,SQX-XAUUSD-H4-5c9324f171db,XAUUSD,H4,LONG,Volatility+Structure
XAUUSD_H4_289,2,SQX-XAUUSD-H4-f5bfb4d79c71,XAUUSD,H4,LONG,Volatility+Structure
XAUUSD_H4_290,2,SQX-XAUUSD-H4-5fa9fb642035,XAUUSD,H4,LONG,Trend+Momentum
XAUUSD_H4_290,2,SQX-XAUUSD-H4-76a36d1a56cd,XAUUSD,H4,LONG,Trend+Momentum+Volatility
XAUUSD_H4_291,2,SQX-XAUUSD-H4-60e8099f91d6,XAUUSD,H4,LONG,Trend+Momentum+Structure
XAUUSD_H4_291,2,SQX-XAUUSD-H4-7350812f1e11,XAUUSD,H4,LONG,Trend+Structure
XAUUSD_H4_292,2,SQX-XAUUSD-H4-633719f0cbfe,XAUUSD,H4,LONG,Momentum+Volatility
XAUUSD_H4_292,2,SQX-XAUUSD-H4-dd79732f40a0,XAUUSD,H4,LONG,Volatility
XAUUSD_H4_293,2,SQX-XAUUSD-H4-639c3de5daa1,XAUUSD,H4,LONG,Momentum+Volatility+Structure
XAUUSD_H4_293,2,SQX-XAUUSD-H4-d6e7ce7db389,XAUUSD,H4,LONG,Momentum+Structure
XAUUSD_H4_294,2,SQX-XAUUSD-H4-66c5a3386ed4,XAUUSD,H4,LONG,Trend+Structure
XAUUSD_H4_294,2,SQX-XAUUSD-H4-b7a5c26aa59b,XAUUSD,H4,LONG,Trend+Structure
XAUUSD_H4_295,2,SQX-XAUUSD-H4-66dd7769b7f6,XAUUSD,H4,LONG,Momentum+Structure
XAUUSD_H4_295,2,SQX-XAUUSD-H4-ceded88986c1,XAUUSD,H4,LONG,Momentum+Structure
XAUUSD_H4_296,2,SQX-XAUUSD-H4-68588904df14,XAUUSD,H4,LONG,Momentum+Structure
XAUUSD_H4_296,2,SQX-XAUUSD-H4-ec520ae3cfd1,XAUUSD,H4,LONG,Momentum+Structure
XAUUSD_H4_297,2,SQX-XAUUSD-H4-68c6d7396c77,XAUUSD,H4,LONG,Trend
XAUUSD_H4_297,2,SQX-XAUUSD-H4-b3eea82e7543,XAUUSD,H4,LONG,Trend
XAUUSD_H4_298,2,SQX-XAUUSD-H4-6932b69f083a,XAUUSD,H4,LONG,Trend+Volatility+Structure
XAUUSD_H4_298,2,SQX-XAUUSD-H4-cb153c88610c,XAUUSD,H4,LONG,Trend+Structure
XAUUSD_H4_299,2,SQX-XAUUSD-H4-6a5a10ef42c5,XAUUSD,H4,LONG,Momentum
XAUUSD_H4_299,2,SQX-XAUUSD-H4-6bfbba697ea0,XAUUSD,H4,LONG,Momentum+Structure
XAUUSD_H4_300,2,SQX-XAUUSD-H4-6a6e23dabe07,XAUUSD,H4,LONG,Trend+Volatility
XAUUSD_H4_300,2,SQX-XAUUSD-H4-964abf7b3e64,XAUUSD,H4,LONG,Trend+Momentum+Volatility
XAUUSD_H4_301,2,SQX-XAUUSD-H4-6a707ee1d55c,XAUUSD,H4,LONG,Momentum+Structure
XAUUSD_H4_301,2,SQX-XAUUSD-H4-7d0bf958a22b,XAUUSD,H4,LONG,Momentum+Structure
XAUUSD_H4_302,2,SQX-XAUUSD-H4-6d336a3afda9,XAUUSD,H4,LONG,Momentum+Structure
XAUUSD_H4_302,2,SQX-XAUUSD-H4-ee35fe5b2ad4,XAUUSD,H4,LONG,Momentum+Structure
XAUUSD_H4_303,2,SQX-XAUUSD-H4-6d8164ff0545,XAUUSD,H4,LONG,Trend+Momentum
XAUUSD_H4_303,2,SQX-XAUUSD-H4-9c302a60cc97,XAUUSD,H4,LONG,Trend+Momentum
XAUUSD_H4_304,2,SQX-XAUUSD-H4-6dfdbdcabfdf,XAUUSD,H4,LONG,Trend+Momentum+Volatility
XAUUSD_H4_304,2,SQX-XAUUSD-H4-aa8de1875439,XAUUSD,H4,LONG,Trend+Momentum+Volatility
XAUUSD_H4_305,2,SQX-XAUUSD-H4-6e8ea948b003,XAUUSD,H4,LONG,Trend+Structure
XAUUSD_H4_305,2,SQX-XAUUSD-H4-b8130349c632,XAUUSD,H4,LONG,Trend+Structure
XAUUSD_H4_306,2,SQX-XAUUSD-H4-6ef657280576,XAUUSD,H4,LONG,Momentum
XAUUSD_H4_306,2,SQX-XAUUSD-H4-ae1b082205f3,XAUUSD,H4,LONG,Momentum
XAUUSD_H4_307,2,SQX-XAUUSD-H4-6f202da434d2,XAUUSD,H4,LONG,Momentum
XAUUSD_H4_307,2,SQX-XAUUSD-H4-a5f56995e32c,XAUUSD,H4,LONG,Momentum
XAUUSD_H4_308,2,SQX-XAUUSD-H4-713585fb3a46,XAUUSD,H4,LONG,Momentum+Structure
XAUUSD_H4_308,2,SQX-XAUUSD-H4-fd5b35d65fdf,XAUUSD,H4,LONG,Momentum+Volatility+Structure
XAUUSD_H4_309,2,SQX-XAUUSD-H4-767f64a7ceff,XAUUSD,H4,LONG,Trend+Volatility+Structure
XAUUSD_H4_309,2,SQX-XAUUSD-H4-b69180e479d4,XAUUSD,H4,LONG,Trend+Volatility+Structure
XAUUSD_H4_310,2,SQX-XAUUSD-H4-78ff974f91af,XAUUSD,H4,LONG,Momentum+Volatility
XAUUSD_H4_310,2,SQX-XAUUSD-H4-c9f736863d7c,XAUUSD,H4,LONG,Momentum+Volatility
XAUUSD_H4_311,2,SQX-XAUUSD-H4-79194dedab77,XAUUSD,H4,LONG,Trend+Volatility
XAUUSD_H4_311,2,SQX-XAUUSD-H4-bbeafd7965a9,XAUUSD,H4,LONG,Trend+Volatility
XAUUSD_H4_312,2,SQX-XAUUSD-H4-7928541822ee,XAUUSD,H4,LONG,Momentum+Volatility
XAUUSD_H4_312,2,SQX-XAUUSD-H4-f7f1a8c15285,XAUUSD,H4,LONG,Momentum+Volatility
XAUUSD_H4_313,2,SQX-XAUUSD-H4-7afd1b8ccef3,XAUUSD,H4,LONG,Trend
XAUUSD_H4_313,2,SQX-XAUUSD-H4-917ee2247546,XAUUSD,H4,LONG,Trend+Momentum
XAUUSD_H4_314,2,SQX-XAUUSD-H4-7b18860dcd81,XAUUSD,H4,LONG,Momentum
XAUUSD_H4_314,2,SQX-XAUUSD-H4-da81710454e4,XAUUSD,H4,LONG,Momentum+Volatility+Structure
XAUUSD_H4_315,2,SQX-XAUUSD-H4-7b46496a4e91,XAUUSD,H4,LONG,Trend+Structure
XAUUSD_H4_315,2,SQX-XAUUSD-H4-f4c6363f1718,XAUUSD,H4,LONG,Trend+Structure
XAUUSD_H4_316,2,SQX-XAUUSD-H4-7b92859e5eea,XAUUSD,H4,LONG,Trend+Structure
XAUUSD_H4_316,2,SQX-XAUUSD-H4-c06885a7533e,XAUUSD,H4,LONG,Trend
XAUUSD_H4_317,2,SQX-XAUUSD-H4-7bc99a494397,XAUUSD,H4,LONG,Volatility+Structure
XAUUSD_H4_317,2,SQX-XAUUSD-H4-e00f02b3c14a,XAUUSD,H4,LONG,Momentum+Volatility+Structure
XAUUSD_H4_318,2,SQX-XAUUSD-H4-7c860fbd8464,XAUUSD,H4,LONG,Trend+Structure
XAUUSD_H4_318,2,SQX-XAUUSD-H4-f2629380cabe,XAUUSD,H4,LONG,Trend+Structure
XAUUSD_H4_319,2,SQX-XAUUSD-H4-7d18b0074417,XAUUSD,H4,LONG,Trend+Volatility
XAUUSD_H4_319,2,SQX-XAUUSD-H4-d55e128d66b1,XAUUSD,H4,LONG,Trend
XAUUSD_H4_320,2,SQX-XAUUSD-H4-7eb00eae414b,XAUUSD,H4,LONG,Trend+Structure
XAUUSD_H4_320,2,SQX-XAUUSD-H4-c20a6d1ed072,XAUUSD,H4,LONG,Trend+Structure
XAUUSD_H4_321,2,SQX-XAUUSD-H4-7fd2e98130d7,XAUUSD,H4,LONG,Momentum
XAUUSD_H4_321,2,SQX-XAUUSD-H4-81a85666d7de,XAUUSD,H4,LONG,Trend+Momentum
XAUUSD_H4_322,2,SQX-XAUUSD-H4-7ff7edfb0be3,XAUUSD,H4,LONG,Momentum
XAUUSD_H4_322,2,SQX-XAUUSD-H4-ec7364d7dd37,XAUUSD,H4,LONG,Momentum
XAUUSD_H4_323,2,SQX-XAUUSD-H4-822d84100fd9,XAUUSD,H4,LONG,Structure
XAUUSD_H4_323,2,SQX-XAUUSD-H4-b3ae9da1597c,XAUUSD,H4,LONG,Structure
XAUUSD_H4_324,2,SQX-XAUUSD-H4-828031cb2a7f,XAUUSD,H4,LONG,Momentum+Structure
XAUUSD_H4_324,2,SQX-XAUUSD-H4-8ef9f992b599,XAUUSD,H4,LONG,Momentum+Structure
XAUUSD_H4_325,2,SQX-XAUUSD-H4-84079e3367d3,XAUUSD,H4,LONG,Trend+Momentum
XAUUSD_H4_325,2,SQX-XAUUSD-H4-9a995369f2f9,XAUUSD,H4,LONG,Trend+Momentum+Volatility
XAUUSD_H4_326,2,SQX-XAUUSD-H4-883c22e7a8cb,XAUUSD,H4,LONG,Momentum+Volatility
XAUUSD_H4_326,2,SQX-XAUUSD-H4-f7548202146d,XAUUSD,H4,LONG,Momentum+Structure
XAUUSD_H4_327,2,SQX-XAUUSD-H4-88e757add32f,XAUUSD,H4,LONG,Volatility+Structure
XAUUSD_H4_327,2,SQX-XAUUSD-H4-ee141fd870cc,XAUUSD,H4,LONG,Trend+Volatility+Structure
XAUUSD_H4_328,2,SQX-XAUUSD-H4-895a44f60c7c,XAUUSD,H4,LONG,Momentum+Volatility
XAUUSD_H4_328,2,SQX-XAUUSD-H4-ee2bb3aef55f,XAUUSD,H4,LONG,Momentum+Volatility
XAUUSD_H4_329,2,SQX-XAUUSD-H4-8b53bd41bd29,XAUUSD,H4,LONG,Trend+Momentum+Structure
XAUUSD_H4_329,2,SQX-XAUUSD-H4-f867e8a3b22b,XAUUSD,H4,LONG,Trend+Momentum+Structure
XAUUSD_H4_330,2,SQX-XAUUSD-H4-8b70ef6b37c2,XAUUSD,H4,LONG,Momentum+Structure
XAUUSD_H4_330,2,SQX-XAUUSD-H4-f091838ecc59,XAUUSD,H4,LONG,Momentum
XAUUSD_H4_331,2,SQX-XAUUSD-H4-8c0bb6b76b9f,XAUUSD,H4,LONG,Trend+Momentum+Structure
XAUUSD_H4_331,2,SQX-XAUUSD-H4-f81648f31ee5,XAUUSD,H4,LONG,Volatility+Structure
XAUUSD_H4_332,2,SQX-XAUUSD-H4-8c907ae47dad,XAUUSD,H4,LONG,Trend+Structure
XAUUSD_H4_332,2,SQX-XAUUSD-H4-96d5506252b0,XAUUSD,H4,LONG,Trend+Structure
XAUUSD_H4_333,2,SQX-XAUUSD-H4-8e01e743063f,XAUUSD,H4,LONG,Trend+Structure
XAUUSD_H4_333,2,SQX-XAUUSD-H4-d00b5ef75135,XAUUSD,H4,LONG,Trend+Momentum+Volatility+Structure
XAUUSD_H4_334,2,SQX-XAUUSD-H4-9015c625b57f,XAUUSD,H4,LONG,Structure
XAUUSD_H4_334,2,SQX-XAUUSD-H4-f1b4a1b9ee31,XAUUSD,H4,LONG,Structure
XAUUSD_H4_335,2,SQX-XAUUSD-H4-90aaec852dcd,XAUUSD,H4,LONG,Momentum+Structure
XAUUSD_H4_335,2,SQX-XAUUSD-H4-bba0c44bb8b4,XAUUSD,H4,LONG,Trend+Momentum+Structure
XAUUSD_H4_336,2,SQX-XAUUSD-H4-91c82d507462,XAUUSD,H4,LONG,Trend+Volatility
XAUUSD_H4_336,2,SQX-XAUUSD-H4-fe2b2e2099d1,XAUUSD,H4,LONG,Trend+Volatility
XAUUSD_H4_337,2,SQX-XAUUSD-H4-968f119fcf82,XAUUSD,H4,LONG,Momentum+Structure
XAUUSD_H4_337,2,SQX-XAUUSD-H4-e85fbf74be41,XAUUSD,H4,LONG,Momentum+Structure
XAUUSD_H4_338,2,SQX-XAUUSD-H4-988fdddbb965,XAUUSD,H4,LONG,Momentum+Volatility
XAUUSD_H4_338,2,SQX-XAUUSD-H4-ba9dd5970858,XAUUSD,H4,LONG,Momentum+Volatility
XAUUSD_H4_339,2,SQX-XAUUSD-H4-98c76c3d1f53,XAUUSD,H4,LONG,Trend
XAUUSD_H4_339,2,SQX-XAUUSD-H4-d1b0e2217991,XAUUSD,H4,LONG,Trend+Volatility
XAUUSD_H4_340,2,SQX-XAUUSD-H4-999c11b7d2ca,XAUUSD,H4,LONG,Trend+Momentum+Structure
XAUUSD_H4_340,2,SQX-XAUUSD-H4-d627d88b6bd6,XAUUSD,H4,LONG,Trend+Momentum+Structure
XAUUSD_H4_341,2,SQX-XAUUSD-H4-9e1b37a05143,XAUUSD,H4,LONG,Momentum+Volatility+Structure
XAUUSD_H4_341,2,SQX-XAUUSD-H4-cac51efb3863,XAUUSD,H4,LONG,Momentum+Structure
XAUUSD_H4_342,2,SQX-XAUUSD-H4-a2650a823899,XAUUSD,H4,LONG,Volatility+Structure
XAUUSD_H4_342,2,SQX-XAUUSD-H4-e87af61c7115,XAUUSD,H4,LONG,Volatility+Structure
XAUUSD_H4_343,2,SQX-XAUUSD-H4-a2b4f0db9a38,XAUUSD,H4,LONG,Momentum+Structure
XAUUSD_H4_343,2,SQX-XAUUSD-H4-ceb62385a1bd,XAUUSD,H4,LONG,Momentum+Structure
XAUUSD_H4_344,2,SQX-XAUUSD-H4-a2cb7b58984d,XAUUSD,H4,LONG,Momentum+Volatility+Structure
XAUUSD_H4_344,2,SQX-XAUUSD-H4-b7c9a15afcc7,XAUUSD,H4,LONG,Volatility+Structure
XAUUSD_H4_345,2,SQX-XAUUSD-H4-a606914caea8,XAUUSD,H4,LONG,Momentum+Structure
XAUUSD_H4_345,2,SQX-XAUUSD-H4-f5327c8df5e1,XAUUSD,H4,LONG,Momentum+Structure
XAUUSD_H4_346,2,SQX-XAUUSD-H4-a7d85c8e7fa5,XAUUSD,H4,LONG,Trend+Momentum
XAUUSD_H4_346,2,SQX-XAUUSD-H4-f9004e7b5b52,XAUUSD,H4,LONG,Trend+Momentum+Volatility
XAUUSD_H4_347,2,SQX-XAUUSD-H4-a85324827a2d,XAUUSD,H4,LONG,Volatility+Structure
XAUUSD_H4_347,2,SQX-XAUUSD-H4-ca6c67e56c5a,XAUUSD,H4,LONG,Trend+Structure
XAUUSD_H4_348,2,SQX-XAUUSD-H4-a93b78fc16b1,XAUUSD,H4,LONG,Trend+Structure
XAUUSD_H4_348,2,SQX-XAUUSD-H4-aab841446559,XAUUSD,H4,LONG,Trend+Structure
XAUUSD_H4_349,2,SQX-XAUUSD-H4-ab50ee75c96e,XAUUSD,H4,LONG,Trend+Structure
XAUUSD_H4_349,2,SQX-XAUUSD-H4-f8d0816488f8,XAUUSD,H4,LONG,Structure
XAUUSD_H4_350,2,SQX-XAUUSD-H4-adb90e40c9d0,XAUUSD,H4,LONG,Volatility+Structure
XAUUSD_H4_350,2,SQX-XAUUSD-H4-f5869ba74e28,XAUUSD,H4,LONG,Trend+Structure
XAUUSD_H4_351,2,SQX-XAUUSD-H4-b0286179978e,XAUUSD,H4,LONG,Momentum+Volatility+Structure
XAUUSD_H4_351,2,SQX-XAUUSD-H4-b5383a2fd729,XAUUSD,H4,LONG,Momentum+Volatility+Structure
XAUUSD_H4_352,2,SQX-XAUUSD-H4-b152d33a1907,XAUUSD,H4,LONG,Structure
XAUUSD_H4_352,2,SQX-XAUUSD-H4-e2fcef0abc49,XAUUSD,H4,LONG,Momentum+Structure
XAUUSD_H4_353,2,SQX-XAUUSD-H4-b1a7b61e8a7d,XAUUSD,H4,LONG,Trend+Structure
XAUUSD_H4_353,2,SQX-XAUUSD-H4-dbc076d9c1b2,XAUUSD,H4,LONG,Trend+Momentum+Structure
XAUUSD_H4_354,2,SQX-XAUUSD-H4-b29bd93bce07,XAUUSD,H4,LONG,Momentum+Volatility
XAUUSD_H4_354,2,SQX-XAUUSD-H4-cade752154ff,XAUUSD,H4,LONG,Momentum+Volatility
XAUUSD_H4_355,2,SQX-XAUUSD-H4-b5aa35f84af6,XAUUSD,H4,LONG,Trend+Structure
XAUUSD_H4_355,2,SQX-XAUUSD-H4-d3ec75c9a2d5,XAUUSD,H4,LONG,Trend+Structure
XAUUSD_H4_356,2,SQX-XAUUSD-H4-b9899636b779,XAUUSD,H4,LONG,Trend+Momentum
XAUUSD_H4_356,2,SQX-XAUUSD-H4-c485bfaa5ceb,XAUUSD,H4,LONG,Trend+Momentum
XAUUSD_H4_357,2,SQX-XAUUSD-H4-b9b5561bf4c9,XAUUSD,H4,LONG,Momentum+Volatility+Structure
XAUUSD_H4_357,2,SQX-XAUUSD-H4-e774da96fffe,XAUUSD,H4,LONG,Momentum+Volatility+Structure
XAUUSD_H4_358,2,SQX-XAUUSD-H4-bad46d182eba,XAUUSD,H4,LONG,Trend+Momentum
XAUUSD_H4_358,2,SQX-XAUUSD-H4-c1712c46810d,XAUUSD,H4,LONG,Trend+Momentum
XAUUSD_H4_359,2,SQX-XAUUSD-H4-be34d7014e6d,XAUUSD,H4,LONG,Momentum+Structure
XAUUSD_H4_359,2,SQX-XAUUSD-H4-c97a0c0e1c9f,XAUUSD,H4,LONG,Momentum+Structure
XAUUSD_H4_360,2,SQX-XAUUSD-H4-c20a5343f151,XAUUSD,H4,LONG,Trend+Volatility
XAUUSD_H4_360,2,SQX-XAUUSD-H4-e8e950961776,XAUUSD,H4,LONG,Trend+Volatility
XAUUSD_H4_361,2,SQX-XAUUSD-H4-c332053422cf,XAUUSD,H4,LONG,Momentum
XAUUSD_H4_361,2,SQX-XAUUSD-H4-d3b4f0dda0ea,XAUUSD,H4,LONG,Momentum
XAUUSD_H4_362,2,SQX-XAUUSD-H4-c36a4fac447a,XAUUSD,H4,LONG,Momentum+Volatility
XAUUSD_H4_362,2,SQX-XAUUSD-H4-ed0c596045cc,XAUUSD,H4,LONG,Momentum
XAUUSD_H4_363,2,SQX-XAUUSD-H4-c5e7b607bd69,XAUUSD,H4,LONG,Momentum+Volatility+Structure
XAUUSD_H4_363,2,SQX-XAUUSD-H4-ed4c03cf9e3c,XAUUSD,H4,LONG,Momentum+Volatility
XAUUSD_H4_364,2,SQX-XAUUSD-H4-ca7098983100,XAUUSD,H4,LONG,Momentum
XAUUSD_H4_364,2,SQX-XAUUSD-H4-d8789dd8fd58,XAUUSD,H4,LONG,Momentum
XAUUSD_H4_365,2,SQX-XAUUSD-H4-cb5fa015bab7,XAUUSD,H4,LONG,Trend+Momentum+Structure
XAUUSD_H4_365,2,SQX-XAUUSD-H4-e865aad21b55,XAUUSD,H4,LONG,Trend+Volatility+Structure
XAUUSD_H4_366,2,SQX-XAUUSD-H4-d1abea852236,XAUUSD,H4,LONG,Trend+Volatility+Structure
XAUUSD_H4_366,2,SQX-XAUUSD-H4-e8aa8ca792b3,XAUUSD,H4,LONG,Trend+Structure
XAUUSD_H4_367,2,SQX-XAUUSD-H4-d25ef8b3dc7a,XAUUSD,H4,LONG,Volatility+Structure
XAUUSD_H4_367,2,SQX-XAUUSD-H4-d53a80e88de3,XAUUSD,H4,LONG,Structure
XAUUSD_H4_368,2,SQX-XAUUSD-H4-d8b742382b07,XAUUSD,H4,LONG,Volatility+Structure
XAUUSD_H4_368,2,SQX-XAUUSD-H4-dbbe16d982d0,XAUUSD,H4,LONG,Momentum+Volatility+Structure
XAUUSD_H4_369,2,SQX-XAUUSD-H4-ddd3f5b63801,XAUUSD,H4,LONG,Trend+Momentum+Structure
XAUUSD_H4_369,2,SQX-XAUUSD-H4-e1c0c3b51859,XAUUSD,H4,LONG,Trend+Structure
XAUUSD_H4_370,2,SQX-XAUUSD-H4-e3c2b5971526,XAUUSD,H4,LONG,Momentum+Volatility
XAUUSD_H4_370,2,SQX-XAUUSD-H4-e65c4fa26887,XAUUSD,H4,LONG,Momentum+Volatility
XAUUSD_H4_371,2,SQX-XAUUSD-H4-eb6317fec1d5,XAUUSD,H4,LONG,Momentum+Volatility
XAUUSD_H4_371,2,SQX-XAUUSD-H4-fdb9f2192fd9,XAUUSD,H4,LONG,Momentum+Volatility
XAUUSD_H4_372,2,SQX-XAUUSD-H4-ec193628ca92,XAUUSD,H4,LONG,Trend
XAUUSD_H4_372,2,SQX-XAUUSD-H4-f1272b86a79d,XAUUSD,H4,LONG,Trend+Momentum
XAUUSD_H4_373,1,SQX-XAUUSD-H4-001f1999fd98,XAUUSD,H4,LONG,Volatility+Structure
XAUUSD_H4_374,1,SQX-XAUUSD-H4-001fe1a30e06,XAUUSD,H4,LONG,Trend+Momentum
XAUUSD_H4_375,1,SQX-XAUUSD-H4-00a0854f391b,XAUUSD,H4,LONG,Trend+Structure
XAUUSD_H4_376,1,SQX-XAUUSD-H4-00b84a521408,XAUUSD,H4,LONG,Trend+Structure
XAUUSD_H4_377,1,SQX-XAUUSD-H4-0161200957c8,XAUUSD,H4,LONG,Volatility+Structure
XAUUSD_H4_378,1,SQX-XAUUSD-H4-01ae193f459c,XAUUSD,H4,LONG,Trend+Momentum
XAUUSD_H4_379,1,SQX-XAUUSD-H4-01d68fc06ed2,XAUUSD,H4,LONG,Momentum+Structure
XAUUSD_H4_380,1,SQX-XAUUSD-H4-022b5710cd68,XAUUSD,H4,LONG,Momentum+Volatility
XAUUSD_H4_381,1,SQX-XAUUSD-H4-0282811c20d1,XAUUSD,H4,LONG,Volatility+Structure
XAUUSD_H4_382,1,SQX-XAUUSD-H4-02c631b0457f,XAUUSD,H4,LONG,Momentum
XAUUSD_H4_383,1,SQX-XAUUSD-H4-0305854c85f0,XAUUSD,H4,LONG,Trend+Momentum+Structure
XAUUSD_H4_384,1,SQX-XAUUSD-H4-0342382d903b,XAUUSD,H4,LONG,Momentum+Structure
XAUUSD_H4_385,1,SQX-XAUUSD-H4-03d521ea51af,XAUUSD,H4,LONG,Momentum
XAUUSD_H4_386,1,SQX-XAUUSD-H4-03d99f84c646,XAUUSD,H4,LONG,Trend+Momentum
XAUUSD_H4_387,1,SQX-XAUUSD-H4-03da7f2e22e8,XAUUSD,H4,LONG,Momentum+Volatility
XAUUSD_H4_388,1,SQX-XAUUSD-H4-04179d96fd5d,XAUUSD,H4,LONG,Trend+Structure
XAUUSD_H4_389,1,SQX-XAUUSD-H4-041e1130f621,XAUUSD,H4,LONG,Trend+Momentum+Structure
XAUUSD_H4_390,1,SQX-XAUUSD-H4-042909284261,XAUUSD,H4,LONG,Trend+Momentum+Structure
XAUUSD_H4_391,1,SQX-XAUUSD-H4-04550117771b,XAUUSD,H4,LONG,Structure
XAUUSD_H4_392,1,SQX-XAUUSD-H4-0489a8127546,XAUUSD,H4,LONG,Trend+Structure
XAUUSD_H4_393,1,SQX-XAUUSD-H4-04b87f6fb9ef,XAUUSD,H4,LONG,Momentum+Structure
XAUUSD_H4_394,1,SQX-XAUUSD-H4-04e6a7f662e9,XAUUSD,H4,LONG,Trend+Momentum+Structure
XAUUSD_H4_395,1,SQX-XAUUSD-H4-04fcce9c0cb2,XAUUSD,H4,LONG,Momentum+Volatility
XAUUSD_H4_396,1,SQX-XAUUSD-H4-051c44570a66,XAUUSD,H4,LONG,Trend+Structure
XAUUSD_H4_397,1,SQX-XAUUSD-H4-0533dc6f4632,XAUUSD,H4,LONG,Trend+Momentum+Structure
XAUUSD_H4_398,1,SQX-XAUUSD-H4-05494c014fd6,XAUUSD,H4,LONG,Trend+Momentum+Volatility
XAUUSD_H4_399,1,SQX-XAUUSD-H4-054c213b90ee,XAUUSD,H4,LONG,Momentum+Volatility+Structure
XAUUSD_H4_400,1,SQX-XAUUSD-H4-05570eeae1c8,XAUUSD,H4,LONG,Momentum+Structure
XAUUSD_H4_401,1,SQX-XAUUSD-H4-05ed3b50c8ad,XAUUSD,H4,LONG,Trend+Momentum+Structure
XAUUSD_H4_402,1,SQX-XAUUSD-H4-064f31e00b4e,XAUUSD,H4,LONG,Structure
XAUUSD_H4_403,1,SQX-XAUUSD-H4-065f3c782476,XAUUSD,H4,LONG,Trend+Momentum+Volatility+Structure
XAUUSD_H4_404,1,SQX-XAUUSD-H4-06665337a8ba,XAUUSD,H4,LONG,Momentum+Structure
XAUUSD_H4_405,1,SQX-XAUUSD-H4-071c2274edee,XAUUSD,H4,LONG,Momentum
XAUUSD_H4_406,1,SQX-XAUUSD-H4-0777a502aa34,XAUUSD,H4,LONG,Trend+Momentum
XAUUSD_H4_407,1,SQX-XAUUSD-H4-077e39c41259,XAUUSD,H4,LONG,Trend+Momentum+Volatility
XAUUSD_H4_408,1,SQX-XAUUSD-H4-0823de3d2a67,XAUUSD,H4,LONG,Trend+Momentum+Volatility
XAUUSD_H4_409,1,SQX-XAUUSD-H4-08a8d6655849,XAUUSD,H4,LONG,Volatility+Structure
XAUUSD_H4_410,1,SQX-XAUUSD-H4-08c80397d422,XAUUSD,H4,LONG,Trend+Momentum
XAUUSD_H4_411,1,SQX-XAUUSD-H4-08d646e9bb2a,XAUUSD,H4,LONG,Trend
XAUUSD_H4_412,1,SQX-XAUUSD-H4-091bf2c10c25,XAUUSD,H4,LONG,Trend+Volatility
XAUUSD_H4_413,1,SQX-XAUUSD-H4-0946b937e2a4,XAUUSD,H4,LONG,Volatility+Structure
XAUUSD_H4_414,1,SQX-XAUUSD-H4-094df5a6ca87,XAUUSD,H4,LONG,Momentum+Volatility+Structure
XAUUSD_H4_415,1,SQX-XAUUSD-H4-0a0cd7590cd9,XAUUSD,H4,LONG,Trend+Structure
XAUUSD_H4_416,1,SQX-XAUUSD-H4-0a34ca4944bf,XAUUSD,H4,LONG,Momentum+Volatility+Structure
XAUUSD_H4_417,1,SQX-XAUUSD-H4-0a872fa87dca,XAUUSD,H4,LONG,Volatility+Structure
XAUUSD_H4_418,1,SQX-XAUUSD-H4-0ac1a9baded5,XAUUSD,H4,LONG,Momentum+Structure
XAUUSD_H4_419,1,SQX-XAUUSD-H4-0b5a150df884,XAUUSD,H4,LONG,Trend+Momentum
XAUUSD_H4_420,1,SQX-XAUUSD-H4-0b6fbb6032c6,XAUUSD,H4,LONG,Momentum+Structure
XAUUSD_H4_421,1,SQX-XAUUSD-H4-0b9784c4789b,XAUUSD,H4,LONG,Trend+Volatility
XAUUSD_H4_422,1,SQX-XAUUSD-H4-0caddb26607f,XAUUSD,H4,LONG,Trend+Momentum+Volatility
XAUUSD_H4_423,1,SQX-XAUUSD-H4-0d0019921823,XAUUSD,H4,LONG,Trend+Volatility
XAUUSD_H4_424,1,SQX-XAUUSD-H4-0d8f5e2cd665,XAUUSD,H4,LONG,Momentum
XAUUSD_H4_425,1,SQX-XAUUSD-H4-0e3aa412f98a,XAUUSD,H4,LONG,Trend+Momentum+Volatility+Structure
XAUUSD_H4_426,1,SQX-XAUUSD-H4-0e3eb294bae6,XAUUSD,H4,LONG,Momentum+Volatility+Structure
XAUUSD_H4_427,1,SQX-XAUUSD-H4-0e5d0b22fef5,XAUUSD,H4,LONG,Trend+Momentum
XAUUSD_H4_428,1,SQX-XAUUSD-H4-0e8c415f5b8a,XAUUSD,H4,LONG,Momentum+Volatility
XAUUSD_H4_429,1,SQX-XAUUSD-H4-0eb8dc5fb8ef,XAUUSD,H4,LONG,Trend+Structure
XAUUSD_H4_430,1,SQX-XAUUSD-H4-0ec6ff0ba57c,XAUUSD,H4,LONG,Trend+Momentum+Structure
XAUUSD_H4_431,1,SQX-XAUUSD-H4-0fa5f87f3158,XAUUSD,H4,LONG,Momentum
XAUUSD_H4_432,1,SQX-XAUUSD-H4-0fcea686e4ac,XAUUSD,H4,LONG,Trend+Momentum
XAUUSD_H4_433,1,SQX-XAUUSD-H4-10810e0e3ae6,XAUUSD,H4,LONG,Momentum
XAUUSD_H4_434,1,SQX-XAUUSD-H4-10a15b62902a,XAUUSD,H4,LONG,Trend+Momentum
XAUUSD_H4_435,1,SQX-XAUUSD-H4-1127b1a4af0a,XAUUSD,H4,LONG,Trend+Structure
XAUUSD_H4_436,1,SQX-XAUUSD-H4-118b00aa2734,XAUUSD,H4,LONG,Volatility+Structure
XAUUSD_H4_437,1,SQX-XAUUSD-H4-119a7174d363,XAUUSD,H4,LONG,Momentum
XAUUSD_H4_438,1,SQX-XAUUSD-H4-11a5141b8f57,XAUUSD,H4,LONG,Trend+Structure
XAUUSD_H4_439,1,SQX-XAUUSD-H4-11a9e082c95c,XAUUSD,H4,LONG,Trend+Structure
XAUUSD_H4_440,1,SQX-XAUUSD-H4-11b81821a3ce,XAUUSD,H4,LONG,Trend+Momentum+Structure
XAUUSD_H4_441,1,SQX-XAUUSD-H4-120bba802314,XAUUSD,H4,LONG,Momentum+Structure
XAUUSD_H4_442,1,SQX-XAUUSD-H4-1224b84318f7,XAUUSD,H4,LONG,Momentum
XAUUSD_H4_443,1,SQX-XAUUSD-H4-1240dda9bcd1,XAUUSD,H4,LONG,Trend+Momentum
XAUUSD_H4_444,1,SQX-XAUUSD-H4-12502287e282,XAUUSD,H4,LONG,Momentum
XAUUSD_H4_445,1,SQX-XAUUSD-H4-1292b2e08d49,XAUUSD,H4,LONG,Trend+Momentum
XAUUSD_H4_446,1,SQX-XAUUSD-H4-12c9178b48a1,XAUUSD,H4,LONG,Momentum+Structure
XAUUSD_H4_447,1,SQX-XAUUSD-H4-12e7be1a2e35,XAUUSD,H4,LONG,Trend+Momentum+Volatility
XAUUSD_H4_448,1,SQX-XAUUSD-H4-1309b7f382f0,XAUUSD,H4,LONG,Momentum+Structure
XAUUSD_H4_449,1,SQX-XAUUSD-H4-13726df8a981,XAUUSD,H4,LONG,Trend+Momentum
XAUUSD_H4_450,1,SQX-XAUUSD-H4-13b3772a79c1,XAUUSD,H4,LONG,Trend+Momentum+Structure
XAUUSD_H4_451,1,SQX-XAUUSD-H4-140d45755484,XAUUSD,H4,LONG,Momentum+Volatility
XAUUSD_H4_452,1,SQX-XAUUSD-H4-146a184e8151,XAUUSD,H4,LONG,Momentum+Volatility
XAUUSD_H4_453,1,SQX-XAUUSD-H4-14ae6090d832,XAUUSD,H4,LONG,Trend+Volatility+Structure
XAUUSD_H4_454,1,SQX-XAUUSD-H4-1504e9b5aff9,XAUUSD,H4,LONG,Trend
XAUUSD_H4_455,1,SQX-XAUUSD-H4-1518f78c5cba,XAUUSD,H4,LONG,Structure
XAUUSD_H4_456,1,SQX-XAUUSD-H4-15346c870ea2,XAUUSD,H4,LONG,Trend+Structure
XAUUSD_H4_457,1,SQX-XAUUSD-H4-153a3fafa9de,XAUUSD,H4,LONG,Trend+Momentum+Volatility
XAUUSD_H4_458,1,SQX-XAUUSD-H4-15c3104deade,XAUUSD,H4,LONG,Trend+Structure
XAUUSD_H4_459,1,SQX-XAUUSD-H4-160b37570471,XAUUSD,H4,LONG,Trend+Momentum
XAUUSD_H4_460,1,SQX-XAUUSD-H4-166d6eff8692,XAUUSD,H4,LONG,Momentum+Structure
XAUUSD_H4_461,1,SQX-XAUUSD-H4-1677415657a7,XAUUSD,H4,LONG,Momentum
XAUUSD_H4_462,1,SQX-XAUUSD-H4-16dd2e11cd46,XAUUSD,H4,LONG,Trend+Momentum
XAUUSD_H4_463,1,SQX-XAUUSD-H4-16e17071753f,XAUUSD,H4,LONG,Trend+Structure
XAUUSD_H4_464,1,SQX-XAUUSD-H4-17714e59cfc7,XAUUSD,H4,LONG,Structure
XAUUSD_H4_465,1,SQX-XAUUSD-H4-17bc0ba12a38,XAUUSD,H4,LONG,Trend+Momentum
XAUUSD_H4_466,1,SQX-XAUUSD-H4-17e45011201f,XAUUSD,H4,LONG,Trend+Structure
XAUUSD_H4_467,1,SQX-XAUUSD-H4-18025f57b763,XAUUSD,H4,LONG,Momentum+Volatility
XAUUSD_H4_468,1,SQX-XAUUSD-H4-18a68e6f344b,XAUUSD,H4,LONG,Trend+Structure
XAUUSD_H4_469,1,SQX-XAUUSD-H4-18df261571e7,XAUUSD,H4,LONG,Momentum+Structure
XAUUSD_H4_470,1,SQX-XAUUSD-H4-19178536712a,XAUUSD,H4,LONG,Momentum+Structure
XAUUSD_H4_471,1,SQX-XAUUSD-H4-19246685d9f2,XAUUSD,H4,LONG,Trend+Momentum+Volatility
XAUUSD_H4_472,1,SQX-XAUUSD-H4-1947f230f36e,XAUUSD,H4,LONG,Momentum+Structure
XAUUSD_H4_473,1,SQX-XAUUSD-H4-194cbcb21467,XAUUSD,H4,LONG,Momentum+Volatility
XAUUSD_H4_474,1,SQX-XAUUSD-H4-198097557e1d,XAUUSD,H4,LONG,Momentum+Volatility+Structure
XAUUSD_H4_475,1,SQX-XAUUSD-H4-19c24d23e888,XAUUSD,H4,LONG,Trend+Momentum+Structure
XAUUSD_H4_476,1,SQX-XAUUSD-H4-19e61392031f,XAUUSD,H4,LONG,Volatility+Structure
XAUUSD_H4_477,1,SQX-XAUUSD-H4-19e8e8342261,XAUUSD,H4,LONG,Momentum+Structure
XAUUSD_H4_478,1,SQX-XAUUSD-H4-1a06f266c771,XAUUSD,H4,LONG,Momentum+Volatility
XAUUSD_H4_479,1,SQX-XAUUSD-H4-1a6c53ee24b1,XAUUSD,H4,LONG,Trend+Structure
XAUUSD_H4_480,1,SQX-XAUUSD-H4-1a93a585528b,XAUUSD,H4,LONG,Volatility+Structure
XAUUSD_H4_481,1,SQX-XAUUSD-H4-1b338a45792d,XAUUSD,H4,LONG,Trend+Momentum
XAUUSD_H4_482,1,SQX-XAUUSD-H4-1b339e7f1374,XAUUSD,H4,LONG,Trend+Momentum
XAUUSD_H4_483,1,SQX-XAUUSD-H4-1b503a0c1998,XAUUSD,H4,LONG,Trend+Structure
XAUUSD_H4_484,1,SQX-XAUUSD-H4-1b77c86db610,XAUUSD,H4,LONG,Trend+Structure
XAUUSD_H4_485,1,SQX-XAUUSD-H4-1b7ffd686013,XAUUSD,H4,LONG,Trend+Momentum+Structure
XAUUSD_H4_486,1,SQX-XAUUSD-H4-1b95092196dd,XAUUSD,H4,LONG,Trend+Volatility
XAUUSD_H4_487,1,SQX-XAUUSD-H4-1bc2cefb86e4,XAUUSD,H4,LONG,Trend+Volatility
XAUUSD_H4_488,1,SQX-XAUUSD-H4-1be91ff3e9fd,XAUUSD,H4,LONG,Momentum+Volatility
XAUUSD_H4_489,1,SQX-XAUUSD-H4-1beb3cff5f4f,XAUUSD,H4,LONG,Trend+Momentum
XAUUSD_H4_490,1,SQX-XAUUSD-H4-1c0c192c1290,XAUUSD,H4,LONG,Momentum+Structure
XAUUSD_H4_491,1,SQX-XAUUSD-H4-1c190e3602e8,XAUUSD,H4,LONG,Trend+Volatility+Structure
XAUUSD_H4_492,1,SQX-XAUUSD-H4-1cb9ab95a6f5,XAUUSD,H4,LONG,Volatility+Structure
XAUUSD_H4_493,1,SQX-XAUUSD-H4-1ce38c6fb56c,XAUUSD,H4,LONG,Trend+Momentum+Volatility
XAUUSD_H4_494,1,SQX-XAUUSD-H4-1cffee508ef9,XAUUSD,H4,LONG,Trend+Momentum
XAUUSD_H4_495,1,SQX-XAUUSD-H4-1d63528cfdf4,XAUUSD,H4,LONG,Trend+Volatility
XAUUSD_H4_496,1,SQX-XAUUSD-H4-1d6e66f5d629,XAUUSD,H4,LONG,Momentum+Structure
XAUUSD_H4_497,1,SQX-XAUUSD-H4-1d70c8fc8117,XAUUSD,H4,LONG,Trend+Momentum+Volatility
XAUUSD_H4_498,1,SQX-XAUUSD-H4-1d8e8dbbe4d3,XAUUSD,H4,LONG,Momentum+Structure
XAUUSD_H4_499,1,SQX-XAUUSD-H4-1db86ffa3f6c,XAUUSD,H4,LONG,Trend+Momentum+Structure
XAUUSD_H4_500,1,SQX-XAUUSD-H4-1dc884197d20,XAUUSD,H4,LONG,Trend+Momentum
XAUUSD_H4_501,1,SQX-XAUUSD-H4-1e0ae9e851e4,XAUUSD,H4,LONG,Trend+Momentum
XAUUSD_H4_502,1,SQX-XAUUSD-H4-1e326f6a0682,XAUUSD,H4,LONG,Momentum+Structure
XAUUSD_H4_503,1,SQX-XAUUSD-H4-1e730b385b14,XAUUSD,H4,LONG,Momentum+Volatility
XAUUSD_H4_504,1,SQX-XAUUSD-H4-1e8a0fd8c734,XAUUSD,H4,LONG,Structure
XAUUSD_H4_505,1,SQX-XAUUSD-H4-1e9093efdc9a,XAUUSD,H4,LONG,Trend+Structure
XAUUSD_H4_506,1,SQX-XAUUSD-H4-1f08649cb9b0,XAUUSD,H4,LONG,Momentum+Structure
XAUUSD_H4_507,1,SQX-XAUUSD-H4-1f0b117119ef,XAUUSD,H4,LONG,Trend+Momentum
XAUUSD_H4_508,1,SQX-XAUUSD-H4-1f4dfc9a4e59,XAUUSD,H4,LONG,Momentum+Volatility+Structure
XAUUSD_H4_509,1,SQX-XAUUSD-H4-1f91bb042045,XAUUSD,H4,LONG,Momentum
XAUUSD_H4_510,1,SQX-XAUUSD-H4-1fe5d5a53fa5,XAUUSD,H4,LONG,Trend+Momentum
XAUUSD_H4_511,1,SQX-XAUUSD-H4-20361ef5f067,XAUUSD,H4,LONG,Momentum+Volatility
XAUUSD_H4_512,1,SQX-XAUUSD-H4-2067d425dbaf,XAUUSD,H4,LONG,Trend+Structure
XAUUSD_H4_513,1,SQX-XAUUSD-H4-209e5af4f9c6,XAUUSD,H4,LONG,Trend+Momentum+Volatility
XAUUSD_H4_514,1,SQX-XAUUSD-H4-20d5bacfe3f7,XAUUSD,H4,LONG,Trend
XAUUSD_H4_515,1,SQX-XAUUSD-H4-22219aa8fd17,XAUUSD,H4,LONG,Trend+Momentum+Structure
XAUUSD_H4_516,1,SQX-XAUUSD-H4-2241ba12a93f,XAUUSD,H4,LONG,Trend+Momentum
XAUUSD_H4_517,1,SQX-XAUUSD-H4-224c6186b956,XAUUSD,H4,LONG,Trend+Structure
XAUUSD_H4_518,1,SQX-XAUUSD-H4-2253793bc23d,XAUUSD,H4,LONG,Momentum+Structure
XAUUSD_H4_519,1,SQX-XAUUSD-H4-225e8ca5ac0f,XAUUSD,H4,SHORT,Trend+Momentum+Structure
XAUUSD_H4_520,1,SQX-XAUUSD-H4-22686e1f315c,XAUUSD,H4,LONG,Trend+Momentum+Volatility
XAUUSD_H4_521,1,SQX-XAUUSD-H4-22a02ffd8616,XAUUSD,H4,LONG,Trend+Volatility+Structure
XAUUSD_H4_522,1,SQX-XAUUSD-H4-22acbde0ea8a,XAUUSD,H4,LONG,Momentum+Structure
XAUUSD_H4_523,1,SQX-XAUUSD-H4-22c0d10a069f,XAUUSD,H4,LONG,Momentum+Volatility
XAUUSD_H4_524,1,SQX-XAUUSD-H4-2306c0f38d5d,XAUUSD,H4,LONG,Trend+Volatility+Structure
XAUUSD_H4_525,1,SQX-XAUUSD-H4-23d0b74a5142,XAUUSD,H4,LONG,Trend+Momentum+Volatility
XAUUSD_H4_526,1,SQX-XAUUSD-H4-23ed9dd38844,XAUUSD,H4,LONG,Momentum+Volatility+Structure
XAUUSD_H4_527,1,SQX-XAUUSD-H4-248320e334cb,XAUUSD,H4,LONG,Trend+Momentum+Volatility
XAUUSD_H4_528,1,SQX-XAUUSD-H4-249afe4ccb6a,XAUUSD,H4,LONG,Trend+Structure
XAUUSD_H4_529,1,SQX-XAUUSD-H4-25a667741a5b,XAUUSD,H4,LONG,Trend+Momentum
XAUUSD_H4_530,1,SQX-XAUUSD-H4-25ea49cbf487,XAUUSD,H4,LONG,Momentum+Structure
XAUUSD_H4_531,1,SQX-XAUUSD-H4-263a92dee1c0,XAUUSD,H4,LONG,Momentum+Structure
XAUUSD_H4_532,1,SQX-XAUUSD-H4-26562f7de3ee,XAUUSD,H4,LONG,Momentum+Volatility+Structure
XAUUSD_H4_533,1,SQX-XAUUSD-H4-2660e44ca931,XAUUSD,H4,LONG,Trend+Momentum+Volatility
XAUUSD_H4_534,1,SQX-XAUUSD-H4-266fdaafc859,XAUUSD,H4,LONG,Trend+Structure
XAUUSD_H4_535,1,SQX-XAUUSD-H4-27438e6ae504,XAUUSD,H4,LONG,Momentum
XAUUSD_H4_536,1,SQX-XAUUSD-H4-27721f6a89c6,XAUUSD,H4,LONG,Trend+Volatility
XAUUSD_H4_537,1,SQX-XAUUSD-H4-27f1b782147e,XAUUSD,H4,LONG,Trend+Momentum
XAUUSD_H4_538,1,SQX-XAUUSD-H4-27f504d2cfd0,XAUUSD,H4,LONG,Momentum
XAUUSD_H4_539,1,SQX-XAUUSD-H4-283e7bd4f847,XAUUSD,H4,LONG,Trend+Momentum+Structure
XAUUSD_H4_540,1,SQX-XAUUSD-H4-2897186b7917,XAUUSD,H4,LONG,Trend+Structure
XAUUSD_H4_541,1,SQX-XAUUSD-H4-28d678d132d6,XAUUSD,H4,LONG,Trend+Momentum+Volatility
XAUUSD_H4_542,1,SQX-XAUUSD-H4-28d850f7c30f,XAUUSD,H4,LONG,Trend+Structure
XAUUSD_H4_543,1,SQX-XAUUSD-H4-291c2fe13ef0,XAUUSD,H4,LONG,Trend+Structure
XAUUSD_H4_544,1,SQX-XAUUSD-H4-29413dbc25be,XAUUSD,H4,LONG,Momentum+Volatility
XAUUSD_H4_545,1,SQX-XAUUSD-H4-2978986efd8c,XAUUSD,H4,LONG,Momentum+Volatility
XAUUSD_H4_546,1,SQX-XAUUSD-H4-29820665ccfe,XAUUSD,H4,LONG,Trend+Momentum+Volatility
XAUUSD_H4_547,1,SQX-XAUUSD-H4-299c77f199e7,XAUUSD,H4,LONG,Trend+Momentum
XAUUSD_H4_548,1,SQX-XAUUSD-H4-29ccb0de54fa,XAUUSD,H4,LONG,Volatility+Structure
XAUUSD_H4_549,1,SQX-XAUUSD-H4-29dad67057fc,XAUUSD,H4,LONG,Trend+Momentum+Volatility
XAUUSD_H4_550,1,SQX-XAUUSD-H4-2a23a7e21db2,XAUUSD,H4,LONG,Trend+Structure
XAUUSD_H4_551,1,SQX-XAUUSD-H4-2b35a095fdc8,XAUUSD,H4,LONG,Trend+Momentum
XAUUSD_H4_552,1,SQX-XAUUSD-H4-2b724ee179a3,XAUUSD,H4,LONG,Trend+Structure
XAUUSD_H4_553,1,SQX-XAUUSD-H4-2b769b0a690a,XAUUSD,H4,LONG,Momentum
XAUUSD_H4_554,1,SQX-XAUUSD-H4-2b8571899735,XAUUSD,H4,LONG,Volatility
XAUUSD_H4_555,1,SQX-XAUUSD-H4-2bad1d16e97f,XAUUSD,H4,LONG,Trend+Momentum
XAUUSD_H4_556,1,SQX-XAUUSD-H4-2c084ff093ac,XAUUSD,H4,LONG,Trend+Structure
XAUUSD_H4_557,1,SQX-XAUUSD-H4-2c25aa1e137b,XAUUSD,H4,LONG,Trend+Volatility+Structure
XAUUSD_H4_558,1,SQX-XAUUSD-H4-2c77cb5d6a16,XAUUSD,H4,LONG,Trend+Momentum+Volatility
XAUUSD_H4_559,1,SQX-XAUUSD-H4-2cb2b44768a2,XAUUSD,H4,LONG,Momentum+Structure
XAUUSD_H4_560,1,SQX-XAUUSD-H4-2ce900f1570e,XAUUSD,H4,LONG,Trend+Structure
XAUUSD_H4_561,1,SQX-XAUUSD-H4-2d2f78d0c9ac,XAUUSD,H4,LONG,Volatility+Structure
XAUUSD_H4_562,1,SQX-XAUUSD-H4-2d6aea45941a,XAUUSD,H4,LONG,Structure
XAUUSD_H4_563,1,SQX-XAUUSD-H4-2d9b03fb942a,XAUUSD,H4,LONG,Momentum+Structure
XAUUSD_H4_564,1,SQX-XAUUSD-H4-2d9d22442816,XAUUSD,H4,LONG,Momentum+Structure
XAUUSD_H4_565,1,SQX-XAUUSD-H4-2da70074b580,XAUUSD,H4,LONG,Trend+Momentum+Structure
XAUUSD_H4_566,1,SQX-XAUUSD-H4-2db8e0789c95,XAUUSD,H4,LONG,Trend+Structure
XAUUSD_H4_567,1,SQX-XAUUSD-H4-2de3a50cb5cc,XAUUSD,H4,LONG,Trend+Momentum
XAUUSD_H4_568,1,SQX-XAUUSD-H4-2de50c9b8a9d,XAUUSD,H4,LONG,Trend+Structure
XAUUSD_H4_569,1,SQX-XAUUSD-H4-2e10534b0152,XAUUSD,H4,LONG,Trend+Volatility
XAUUSD_H4_570,1,SQX-XAUUSD-H4-2e542037ebcc,XAUUSD,H4,LONG,Momentum+Structure
XAUUSD_H4_571,1,SQX-XAUUSD-H4-2e82dd72b7bf,XAUUSD,H4,LONG,Volatility
XAUUSD_H4_572,1,SQX-XAUUSD-H4-2eb3f2544462,XAUUSD,H4,LONG,Trend+Momentum+Volatility+Structure
XAUUSD_H4_573,1,SQX-XAUUSD-H4-2ec7ef478c94,XAUUSD,H4,LONG,Trend+Structure
XAUUSD_H4_574,1,SQX-XAUUSD-H4-2ee7b67632eb,XAUUSD,H4,LONG,Trend+Momentum+Volatility
XAUUSD_H4_575,1,SQX-XAUUSD-H4-2fa10ebb26a1,XAUUSD,H4,LONG,Momentum+Volatility
XAUUSD_H4_576,1,SQX-XAUUSD-H4-30061c2787de,XAUUSD,H4,LONG,Momentum+Volatility
XAUUSD_H4_577,1,SQX-XAUUSD-H4-304e09576a8e,XAUUSD,H4,LONG,Trend+Momentum
XAUUSD_H4_578,1,SQX-XAUUSD-H4-306d4273642e,XAUUSD,H4,LONG,Momentum
XAUUSD_H4_579,1,SQX-XAUUSD-H4-3080a93c8ac2,XAUUSD,H4,LONG,Trend+Momentum
XAUUSD_H4_580,1,SQX-XAUUSD-H4-310ca6679b48,XAUUSD,H4,LONG,Momentum+Structure
XAUUSD_H4_581,1,SQX-XAUUSD-H4-31118cb41b6b,XAUUSD,H4,LONG,Momentum+Volatility
XAUUSD_H4_582,1,SQX-XAUUSD-H4-313be44e33b1,XAUUSD,H4,LONG,Trend+Momentum+Volatility
XAUUSD_H4_583,1,SQX-XAUUSD-H4-318484d94b41,XAUUSD,H4,LONG,Momentum+Volatility
XAUUSD_H4_584,1,SQX-XAUUSD-H4-31a27ea84c0e,XAUUSD,H4,LONG,Structure
XAUUSD_H4_585,1,SQX-XAUUSD-H4-31e96242f0d7,XAUUSD,H4,LONG,Momentum+Structure
XAUUSD_H4_586,1,SQX-XAUUSD-H4-31fdba874721,XAUUSD,H4,LONG,Momentum+Structure
XAUUSD_H4_587,1,SQX-XAUUSD-H4-3218bfc223d3,XAUUSD,H4,LONG,Volatility+Structure
XAUUSD_H4_588,1,SQX-XAUUSD-H4-3249f8d25643,XAUUSD,H4,LONG,Momentum+Structure
XAUUSD_H4_589,1,SQX-XAUUSD-H4-3296b0510832,XAUUSD,H4,LONG,Momentum+Structure
XAUUSD_H4_590,1,SQX-XAUUSD-H4-33467280d61e,XAUUSD,H4,LONG,Trend+Momentum+Structure
XAUUSD_H4_591,1,SQX-XAUUSD-H4-335b7277c9e4,XAUUSD,H4,LONG,Momentum
XAUUSD_H4_592,1,SQX-XAUUSD-H4-337b38a27547,XAUUSD,H4,LONG,Structure
XAUUSD_H4_593,1,SQX-XAUUSD-H4-3380c23258ed,XAUUSD,H4,LONG,Trend+Structure
XAUUSD_H4_594,1,SQX-XAUUSD-H4-33aa95712ac4,XAUUSD,H4,LONG,Trend+Volatility+Structure
XAUUSD_H4_595,1,SQX-XAUUSD-H4-33aaa6e98296,XAUUSD,H4,LONG,Momentum+Volatility
XAUUSD_H4_596,1,SQX-XAUUSD-H4-33cbdb17658d,XAUUSD,H4,LONG,Trend+Volatility
XAUUSD_H4_597,1,SQX-XAUUSD-H4-33ef7bdfa8a2,XAUUSD,H4,LONG,Momentum+Volatility
XAUUSD_H4_598,1,SQX-XAUUSD-H4-33f56fe622b1,XAUUSD,H4,LONG,Trend+Momentum
XAUUSD_H4_599,1,SQX-XAUUSD-H4-3459d03e61e9,XAUUSD,H4,LONG,Trend+Momentum
XAUUSD_H4_600,1,SQX-XAUUSD-H4-3461002bee12,XAUUSD,H4,LONG,Trend
XAUUSD_H4_601,1,SQX-XAUUSD-H4-3468fabd11c9,XAUUSD,H4,LONG,Momentum+Volatility+Structure
XAUUSD_H4_602,1,SQX-XAUUSD-H4-3469a8448e4f,XAUUSD,H4,LONG,Trend+Volatility+Structure
XAUUSD_H4_603,1,SQX-XAUUSD-H4-34bf3e803917,XAUUSD,H4,LONG,Momentum+Structure
XAUUSD_H4_604,1,SQX-XAUUSD-H4-3552203d95f8,XAUUSD,H4,LONG,Momentum
XAUUSD_H4_605,1,SQX-XAUUSD-H4-3574d17ab40b,XAUUSD,H4,LONG,Momentum+Volatility
XAUUSD_H4_606,1,SQX-XAUUSD-H4-3587bd078ce3,XAUUSD,H4,LONG,Momentum+Structure
XAUUSD_H4_607,1,SQX-XAUUSD-H4-359786971395,XAUUSD,H4,LONG,Trend+Structure
XAUUSD_H4_608,1,SQX-XAUUSD-H4-35a25c08d020,XAUUSD,H4,LONG,Trend+Volatility+Structure
XAUUSD_H4_609,1,SQX-XAUUSD-H4-35a8b0a31d75,XAUUSD,H4,LONG,Volatility
XAUUSD_H4_610,1,SQX-XAUUSD-H4-35ba43d3d663,XAUUSD,H4,LONG,Momentum
XAUUSD_H4_611,1,SQX-XAUUSD-H4-3607100f2216,XAUUSD,H4,LONG,Trend+Momentum
XAUUSD_H4_612,1,SQX-XAUUSD-H4-3631e13be5fd,XAUUSD,H4,LONG,Trend+Momentum+Volatility
XAUUSD_H4_613,1,SQX-XAUUSD-H4-363aba66e94b,XAUUSD,H4,LONG,Trend+Momentum+Volatility
XAUUSD_H4_614,1,SQX-XAUUSD-H4-36549d444946,XAUUSD,H4,LONG,Momentum
XAUUSD_H4_615,1,SQX-XAUUSD-H4-365bf3be8d0a,XAUUSD,H4,LONG,Trend+Structure
XAUUSD_H4_616,1,SQX-XAUUSD-H4-369532988c9d,XAUUSD,H4,LONG,Trend+Momentum
XAUUSD_H4_617,1,SQX-XAUUSD-H4-36ef2a1cdae5,XAUUSD,H4,LONG,Trend+Structure
XAUUSD_H4_618,1,SQX-XAUUSD-H4-36f61c6766ea,XAUUSD,H4,LONG,Structure
XAUUSD_H4_619,1,SQX-XAUUSD-H4-3779d8791691,XAUUSD,H4,LONG,Trend+Momentum
XAUUSD_H4_620,1,SQX-XAUUSD-H4-37832ef93dde,XAUUSD,H4,LONG,Trend+Momentum
XAUUSD_H4_621,1,SQX-XAUUSD-H4-3794f95af51b,XAUUSD,H4,LONG,Trend+Momentum+Structure
XAUUSD_H4_622,1,SQX-XAUUSD-H4-3875b846d73a,XAUUSD,H4,LONG,Trend+Volatility
XAUUSD_H4_623,1,SQX-XAUUSD-H4-38811cc5cfd2,XAUUSD,H4,LONG,Trend+Volatility+Structure
XAUUSD_H4_624,1,SQX-XAUUSD-H4-38afcb1bbd78,XAUUSD,H4,LONG,Trend
XAUUSD_H4_625,1,SQX-XAUUSD-H4-38d27a33522a,XAUUSD,H4,LONG,Trend+Momentum+Structure
XAUUSD_H4_626,1,SQX-XAUUSD-H4-3933482ae0e4,XAUUSD,H4,LONG,Trend+Structure
XAUUSD_H4_627,1,SQX-XAUUSD-H4-393ccf472fca,XAUUSD,H4,LONG,Momentum+Structure
XAUUSD_H4_628,1,SQX-XAUUSD-H4-3972461877c1,XAUUSD,H4,LONG,Trend+Momentum+Volatility
XAUUSD_H4_629,1,SQX-XAUUSD-H4-39811b4991e9,XAUUSD,H4,LONG,Momentum+Structure
XAUUSD_H4_630,1,SQX-XAUUSD-H4-39a30262252f,XAUUSD,H4,LONG,Volatility
XAUUSD_H4_631,1,SQX-XAUUSD-H4-3a6b8dae0b6c,XAUUSD,H4,LONG,Momentum+Volatility+Structure
XAUUSD_H4_632,1,SQX-XAUUSD-H4-3a87de32524f,XAUUSD,H4,LONG,Volatility+Structure
XAUUSD_H4_633,1,SQX-XAUUSD-H4-3aba6e5734cb,XAUUSD,H4,LONG,Trend+Momentum
XAUUSD_H4_634,1,SQX-XAUUSD-H4-3ac52112a71d,XAUUSD,H4,LONG,Volatility+Structure
XAUUSD_H4_635,1,SQX-XAUUSD-H4-3ac59ca367a1,XAUUSD,H4,LONG,Trend+Momentum
XAUUSD_H4_636,1,SQX-XAUUSD-H4-3aeaef3fce62,XAUUSD,H4,LONG,Momentum+Volatility
XAUUSD_H4_637,1,SQX-XAUUSD-H4-3aedac886ff1,XAUUSD,H4,LONG,Trend+Momentum
XAUUSD_H4_638,1,SQX-XAUUSD-H4-3b2081605d62,XAUUSD,H4,LONG,Momentum+Structure
XAUUSD_H4_639,1,SQX-XAUUSD-H4-3b489da5e688,XAUUSD,H4,LONG,Trend+Momentum
XAUUSD_H4_640,1,SQX-XAUUSD-H4-3bc38302e17a,XAUUSD,H4,LONG,Trend+Momentum
XAUUSD_H4_641,1,SQX-XAUUSD-H4-3bc4a0ae8a56,XAUUSD,H4,LONG,Momentum+Structure
XAUUSD_H4_642,1,SQX-XAUUSD-H4-3be333573540,XAUUSD,H4,LONG,Momentum
XAUUSD_H4_643,1,SQX-XAUUSD-H4-3c2ed741482b,XAUUSD,H4,LONG,Momentum+Structure
XAUUSD_H4_644,1,SQX-XAUUSD-H4-3ca12e301158,XAUUSD,H4,LONG,Trend+Volatility
XAUUSD_H4_645,1,SQX-XAUUSD-H4-3d0582d94957,XAUUSD,H4,LONG,Momentum+Volatility+Structure
XAUUSD_H4_646,1,SQX-XAUUSD-H4-3d19f95b5a39,XAUUSD,H4,LONG,Volatility+Structure
XAUUSD_H4_647,1,SQX-XAUUSD-H4-3d273ad7264f,XAUUSD,H4,LONG,Momentum+Volatility
XAUUSD_H4_648,1,SQX-XAUUSD-H4-3d277273d0b4,XAUUSD,H4,LONG,Trend+Momentum+Volatility
XAUUSD_H4_649,1,SQX-XAUUSD-H4-3da7e300b738,XAUUSD,H4,LONG,Momentum+Structure
XAUUSD_H4_650,1,SQX-XAUUSD-H4-3dcb3c7bdaa9,XAUUSD,H4,LONG,Trend+Volatility
XAUUSD_H4_651,1,SQX-XAUUSD-H4-3df31b924b26,XAUUSD,H4,LONG,Volatility+Structure
XAUUSD_H4_652,1,SQX-XAUUSD-H4-3e41cc408395,XAUUSD,H4,LONG,Trend+Structure
XAUUSD_H4_653,1,SQX-XAUUSD-H4-3e4642bbd0ee,XAUUSD,H4,LONG,Momentum
XAUUSD_H4_654,1,SQX-XAUUSD-H4-3eb5f663f73a,XAUUSD,H4,LONG,Trend
XAUUSD_H4_655,1,SQX-XAUUSD-H4-3ecadea82631,XAUUSD,H4,LONG,Trend+Momentum
XAUUSD_H4_656,1,SQX-XAUUSD-H4-3f7f8805fe83,XAUUSD,H4,LONG,Momentum+Volatility
XAUUSD_H4_657,1,SQX-XAUUSD-H4-3f976a2d0591,XAUUSD,H4,LONG,Momentum+Volatility+Structure
XAUUSD_H4_658,1,SQX-XAUUSD-H4-3fd70d8a4235,XAUUSD,H4,LONG,Trend+Momentum
XAUUSD_H4_659,1,SQX-XAUUSD-H4-3fd9dedee197,XAUUSD,H4,LONG,Trend+Volatility+Structure
XAUUSD_H4_660,1,SQX-XAUUSD-H4-40daa2f7b177,XAUUSD,H4,LONG,Trend+Momentum
XAUUSD_H4_661,1,SQX-XAUUSD-H4-41143934ab11,XAUUSD,H4,LONG,Trend+Momentum+Structure
XAUUSD_H4_662,1,SQX-XAUUSD-H4-41fdf6c565b5,XAUUSD,H4,LONG,Momentum+Structure
XAUUSD_H4_663,1,SQX-XAUUSD-H4-4259ccc4e65a,XAUUSD,H4,LONG,Trend+Momentum
XAUUSD_H4_664,1,SQX-XAUUSD-H4-4274bd10df60,XAUUSD,H4,LONG,Momentum+Volatility
XAUUSD_H4_665,1,SQX-XAUUSD-H4-42b5473dc9d8,XAUUSD,H4,LONG,Momentum+Structure
XAUUSD_H4_666,1,SQX-XAUUSD-H4-43057119fb6b,XAUUSD,H4,LONG,Trend+Volatility
XAUUSD_H4_667,1,SQX-XAUUSD-H4-4309c25b3181,XAUUSD,H4,LONG,Trend+Structure
XAUUSD_H4_668,1,SQX-XAUUSD-H4-433b78002714,XAUUSD,H4,LONG,Momentum+Structure
XAUUSD_H4_669,1,SQX-XAUUSD-H4-441328c613dd,XAUUSD,H4,LONG,Momentum+Structure
XAUUSD_H4_670,1,SQX-XAUUSD-H4-447d64c8e757,XAUUSD,H4,LONG,Momentum+Structure
XAUUSD_H4_671,1,SQX-XAUUSD-H4-448c1ecf5749,XAUUSD,H4,LONG,Momentum+Structure
XAUUSD_H4_672,1,SQX-XAUUSD-H4-4534c8f2e809,XAUUSD,H4,LONG,Trend+Momentum+Structure
XAUUSD_H4_673,1,SQX-XAUUSD-H4-4549ed7ed5dd,XAUUSD,H4,LONG,Trend+Momentum
XAUUSD_H4_674,1,SQX-XAUUSD-H4-46057be6429c,XAUUSD,H4,LONG,Trend+Volatility
XAUUSD_H4_675,1,SQX-XAUUSD-H4-4698201fd2f7,XAUUSD,H4,LONG,Trend+Volatility+Structure
XAUUSD_H4_676,1,SQX-XAUUSD-H4-4699c550f986,XAUUSD,H4,LONG,Trend+Structure
XAUUSD_H4_677,1,SQX-XAUUSD-H4-46f8ae6ce9dd,XAUUSD,H4,LONG,Structure
XAUUSD_H4_678,1,SQX-XAUUSD-H4-4770cfb19d8e,XAUUSD,H4,LONG,Trend+Momentum+Structure
XAUUSD_H4_679,1,SQX-XAUUSD-H4-47f83e185585,XAUUSD,H4,LONG,Volatility+Structure
XAUUSD_H4_680,1,SQX-XAUUSD-H4-4823abd859b6,XAUUSD,H4,LONG,Momentum+Volatility+Structure
XAUUSD_H4_681,1,SQX-XAUUSD-H4-4961ce90a6e6,XAUUSD,H4,LONG,Trend+Structure
XAUUSD_H4_682,1,SQX-XAUUSD-H4-49881c57d6fa,XAUUSD,H4,LONG,Momentum
XAUUSD_H4_683,1,SQX-XAUUSD-H4-4990925c4be4,XAUUSD,H4,LONG,Structure
XAUUSD_H4_684,1,SQX-XAUUSD-H4-49a9a416de8f,XAUUSD,H4,LONG,Trend+Volatility
XAUUSD_H4_685,1,SQX-XAUUSD-H4-49abc8a182e3,XAUUSD,H4,LONG,Momentum+Volatility+Structure
XAUUSD_H4_686,1,SQX-XAUUSD-H4-49b086e4753b,XAUUSD,H4,LONG,Trend+Structure
XAUUSD_H4_687,1,SQX-XAUUSD-H4-49fe0023d3ae,XAUUSD,H4,LONG,Momentum+Volatility+Structure
XAUUSD_H4_688,1,SQX-XAUUSD-H4-4a0407ec5762,XAUUSD,H4,LONG,Trend+Momentum+Volatility
XAUUSD_H4_689,1,SQX-XAUUSD-H4-4a47154662e7,XAUUSD,H4,LONG,Momentum+Structure
XAUUSD_H4_690,1,SQX-XAUUSD-H4-4af5b597e6d0,XAUUSD,H4,LONG,Momentum+Volatility+Structure
XAUUSD_H4_691,1,SQX-XAUUSD-H4-4b0f3e8b6d04,XAUUSD,H4,LONG,Trend+Momentum
XAUUSD_H4_692,1,SQX-XAUUSD-H4-4b36ab625af6,XAUUSD,H4,LONG,Momentum+Structure
XAUUSD_H4_693,1,SQX-XAUUSD-H4-4b46371fb9ef,XAUUSD,H4,LONG,Momentum+Structure
XAUUSD_H4_694,1,SQX-XAUUSD-H4-4b5239df8eda,XAUUSD,H4,LONG,Trend+Structure
XAUUSD_H4_695,1,SQX-XAUUSD-H4-4bb3638e8357,XAUUSD,H4,LONG,Momentum+Volatility
XAUUSD_H4_696,1,SQX-XAUUSD-H4-4c04288ea175,XAUUSD,H4,LONG,Momentum+Structure
XAUUSD_H4_697,1,SQX-XAUUSD-H4-4c58939e8e4b,XAUUSD,H4,LONG,Momentum+Structure
XAUUSD_H4_698,1,SQX-XAUUSD-H4-4c62f48d7a09,XAUUSD,H4,LONG,Trend+Momentum
XAUUSD_H4_699,1,SQX-XAUUSD-H4-4c74f340dc45,XAUUSD,H4,LONG,Trend+Volatility
XAUUSD_H4_700,1,SQX-XAUUSD-H4-4cd3d4a56b9a,XAUUSD,H4,LONG,Trend+Momentum+Volatility
XAUUSD_H4_701,1,SQX-XAUUSD-H4-4d91715aeb1b,XAUUSD,H4,LONG,Momentum+Structure
XAUUSD_H4_702,1,SQX-XAUUSD-H4-4db2851c0dab,XAUUSD,H4,LONG,Trend+Momentum+Volatility
XAUUSD_H4_703,1,SQX-XAUUSD-H4-4dc7309917d5,XAUUSD,H4,LONG,Trend+Structure
XAUUSD_H4_704,1,SQX-XAUUSD-H4-4dcdb878fc1d,XAUUSD,H4,LONG,Trend+Momentum
XAUUSD_H4_705,1,SQX-XAUUSD-H4-4e2a8d17daa2,XAUUSD,H4,LONG,Momentum+Structure
XAUUSD_H4_706,1,SQX-XAUUSD-H4-4e8f093301c7,XAUUSD,H4,LONG,Structure
XAUUSD_H4_707,1,SQX-XAUUSD-H4-4f30dc806616,XAUUSD,H4,LONG,Volatility+Structure
XAUUSD_H4_708,1,SQX-XAUUSD-H4-5000394750e2,XAUUSD,H4,LONG,Trend+Momentum
XAUUSD_H4_709,1,SQX-XAUUSD-H4-500fe0b0d232,XAUUSD,H4,LONG,Trend
XAUUSD_H4_710,1,SQX-XAUUSD-H4-50adbd2c887d,XAUUSD,H4,LONG,Trend+Momentum
XAUUSD_H4_711,1,SQX-XAUUSD-H4-50b5eb832864,XAUUSD,H4,LONG,Momentum
XAUUSD_H4_712,1,SQX-XAUUSD-H4-516fe0b427c6,XAUUSD,H4,LONG,Momentum+Structure
XAUUSD_H4_713,1,SQX-XAUUSD-H4-51fb7f6b9926,XAUUSD,H4,LONG,Momentum
XAUUSD_H4_714,1,SQX-XAUUSD-H4-52f36e9f26cf,XAUUSD,H4,LONG,Trend+Momentum
XAUUSD_H4_715,1,SQX-XAUUSD-H4-5327e99f9d3a,XAUUSD,H4,LONG,Volatility+Structure
XAUUSD_H4_716,1,SQX-XAUUSD-H4-5333bac7e56d,XAUUSD,H4,LONG,Momentum+Volatility
XAUUSD_H4_717,1,SQX-XAUUSD-H4-5379e0a2248e,XAUUSD,H4,LONG,Trend+Volatility+Structure
XAUUSD_H4_718,1,SQX-XAUUSD-H4-53c814d19632,XAUUSD,H4,LONG,Momentum+Volatility+Structure
XAUUSD_H4_719,1,SQX-XAUUSD-H4-53d61e00e7e3,XAUUSD,H4,LONG,Momentum+Structure
XAUUSD_H4_720,1,SQX-XAUUSD-H4-5452dec4822f,XAUUSD,H4,LONG,Trend+Structure
XAUUSD_H4_721,1,SQX-XAUUSD-H4-545bba027270,XAUUSD,H4,LONG,Volatility+Structure
XAUUSD_H4_722,1,SQX-XAUUSD-H4-5491215eadf1,XAUUSD,H4,LONG,Trend+Volatility
XAUUSD_H4_723,1,SQX-XAUUSD-H4-54bae51a2f8f,XAUUSD,H4,LONG,Trend+Structure
XAUUSD_H4_724,1,SQX-XAUUSD-H4-54f4b6340e20,XAUUSD,H4,LONG,Trend+Momentum
XAUUSD_H4_725,1,SQX-XAUUSD-H4-54ffcbeca570,XAUUSD,H4,LONG,Momentum
XAUUSD_H4_726,1,SQX-XAUUSD-H4-553d5209bbf5,XAUUSD,H4,LONG,Trend+Momentum+Volatility
XAUUSD_H4_727,1,SQX-XAUUSD-H4-558f05e3c831,XAUUSD,H4,LONG,Momentum+Structure
XAUUSD_H4_728,1,SQX-XAUUSD-H4-5622d9e3138c,XAUUSD,H4,LONG,Trend+Volatility+Structure
XAUUSD_H4_729,1,SQX-XAUUSD-H4-56356183d170,XAUUSD,H4,LONG,Trend+Structure
XAUUSD_H4_730,1,SQX-XAUUSD-H4-56b2d170946a,XAUUSD,H4,LONG,Momentum+Volatility
XAUUSD_H4_731,1,SQX-XAUUSD-H4-56e59575e69a,XAUUSD,H4,LONG,Volatility+Structure
XAUUSD_H4_732,1,SQX-XAUUSD-H4-56fa331ab0d5,XAUUSD,H4,LONG,Momentum
XAUUSD_H4_733,1,SQX-XAUUSD-H4-57a875f41d50,XAUUSD,H4,LONG,Trend+Momentum+Structure
XAUUSD_H4_734,1,SQX-XAUUSD-H4-57bcd480fea1,XAUUSD,H4,LONG,Trend+Volatility
XAUUSD_H4_735,1,SQX-XAUUSD-H4-57c2fe8f0f91,XAUUSD,H4,LONG,Trend+Volatility
XAUUSD_H4_736,1,SQX-XAUUSD-H4-57c51d881d47,XAUUSD,H4,LONG,Trend+Momentum+Volatility
XAUUSD_H4_737,1,SQX-XAUUSD-H4-57fb0d83a8c7,XAUUSD,H4,LONG,Trend+Volatility+Structure
XAUUSD_H4_738,1,SQX-XAUUSD-H4-5803692bbbb8,XAUUSD,H4,LONG,Volatility+Structure
XAUUSD_H4_739,1,SQX-XAUUSD-H4-58d2eb86a8d1,XAUUSD,H4,LONG,Momentum+Structure
XAUUSD_H4_740,1,SQX-XAUUSD-H4-58e4d7484f78,XAUUSD,H4,LONG,Momentum
XAUUSD_H4_741,1,SQX-XAUUSD-H4-5951513920e0,XAUUSD,H4,LONG,Trend
XAUUSD_H4_742,1,SQX-XAUUSD-H4-59a88e13b035,XAUUSD,H4,LONG,Momentum+Volatility
XAUUSD_H4_743,1,SQX-XAUUSD-H4-59b7b22d2f99,XAUUSD,H4,LONG,Momentum+Structure
XAUUSD_H4_744,1,SQX-XAUUSD-H4-5a0a8c27a374,XAUUSD,H4,LONG,Trend+Momentum+Volatility
XAUUSD_H4_745,1,SQX-XAUUSD-H4-5a0d5a928758,XAUUSD,H4,LONG,Trend+Volatility
XAUUSD_H4_746,1,SQX-XAUUSD-H4-5a1224aa8c72,XAUUSD,H4,LONG,Momentum+Volatility
XAUUSD_H4_747,1,SQX-XAUUSD-H4-5a976276ce04,XAUUSD,H4,LONG,Trend+Structure
XAUUSD_H4_748,1,SQX-XAUUSD-H4-5ad4c3d4d724,XAUUSD,H4,LONG,Trend+Momentum
XAUUSD_H4_749,1,SQX-XAUUSD-H4-5aec80a2dfb8,XAUUSD,H4,LONG,Momentum+Structure
XAUUSD_H4_750,1,SQX-XAUUSD-H4-5b42dbf8e248,XAUUSD,H4,LONG,Momentum
XAUUSD_H4_751,1,SQX-XAUUSD-H4-5b46e94e788a,XAUUSD,H4,LONG,Momentum
XAUUSD_H4_752,1,SQX-XAUUSD-H4-5b953611ad69,XAUUSD,H4,LONG,Volatility+Structure
XAUUSD_H4_753,1,SQX-XAUUSD-H4-5bd1d8b37b2d,XAUUSD,H4,LONG,Trend+Structure
XAUUSD_H4_754,1,SQX-XAUUSD-H4-5c2d5c1ae90d,XAUUSD,H4,LONG,Momentum+Structure
XAUUSD_H4_755,1,SQX-XAUUSD-H4-5c529778981d,XAUUSD,H4,LONG,Volatility+Structure
XAUUSD_H4_756,1,SQX-XAUUSD-H4-5ca09c88d037,XAUUSD,H4,LONG,Trend+Volatility
XAUUSD_H4_757,1,SQX-XAUUSD-H4-5cd94978cf56,XAUUSD,H4,LONG,Trend+Structure
XAUUSD_H4_758,1,SQX-XAUUSD-H4-5cf072892612,XAUUSD,H4,LONG,Volatility+Structure
XAUUSD_H4_759,1,SQX-XAUUSD-H4-5d20bde34606,XAUUSD,H4,LONG,Trend+Structure
XAUUSD_H4_760,1,SQX-XAUUSD-H4-5d4752185ea2,XAUUSD,H4,LONG,Volatility+Structure
XAUUSD_H4_761,1,SQX-XAUUSD-H4-5dcaf7a8c84e,XAUUSD,H4,LONG,Momentum+Structure
XAUUSD_H4_762,1,SQX-XAUUSD-H4-5dd80d3376b2,XAUUSD,H4,LONG,Momentum+Structure
XAUUSD_H4_763,1,SQX-XAUUSD-H4-5df68eb1b894,XAUUSD,H4,LONG,Trend+Structure
XAUUSD_H4_764,1,SQX-XAUUSD-H4-5e1a0cd1f873,XAUUSD,H4,LONG,Trend+Structure
XAUUSD_H4_765,1,SQX-XAUUSD-H4-5e25121362fa,XAUUSD,H4,LONG,Momentum+Volatility
XAUUSD_H4_766,1,SQX-XAUUSD-H4-5e5ec22b9d98,XAUUSD,H4,LONG,Trend+Momentum+Volatility+Structure
XAUUSD_H4_767,1,SQX-XAUUSD-H4-5e9c1d47efab,XAUUSD,H4,LONG,Momentum+Volatility
XAUUSD_H4_768,1,SQX-XAUUSD-H4-5ecb652049fa,XAUUSD,H4,LONG,Momentum+Volatility
XAUUSD_H4_769,1,SQX-XAUUSD-H4-5ed29be2b112,XAUUSD,H4,LONG,Momentum
XAUUSD_H4_770,1,SQX-XAUUSD-H4-5ed89f62ed49,XAUUSD,H4,LONG,Trend+Structure
XAUUSD_H4_771,1,SQX-XAUUSD-H4-5edead52237e,XAUUSD,H4,LONG,Volatility+Structure
XAUUSD_H4_772,1,SQX-XAUUSD-H4-5ef0b97dd3c2,XAUUSD,H4,LONG,Momentum+Structure
XAUUSD_H4_773,1,SQX-XAUUSD-H4-5f2f0edb4c4f,XAUUSD,H4,LONG,Momentum+Structure
XAUUSD_H4_774,1,SQX-XAUUSD-H4-5f3ddaaa0c2b,XAUUSD,H4,LONG,Trend+Momentum
XAUUSD_H4_775,1,SQX-XAUUSD-H4-5f4173015dda,XAUUSD,H4,LONG,Trend+Momentum
XAUUSD_H4_776,1,SQX-XAUUSD-H4-5f51cdeb3455,XAUUSD,H4,LONG,Volatility+Structure
XAUUSD_H4_777,1,SQX-XAUUSD-H4-5f96d9e3a1af,XAUUSD,H4,LONG,Momentum+Structure
XAUUSD_H4_778,1,SQX-XAUUSD-H4-5fde471c1df4,XAUUSD,H4,LONG,Momentum
XAUUSD_H4_779,1,SQX-XAUUSD-H4-600f470dbe79,XAUUSD,H4,LONG,Trend+Momentum+Structure
XAUUSD_H4_780,1,SQX-XAUUSD-H4-602c2f311322,XAUUSD,H4,LONG,Trend+Structure
XAUUSD_H4_781,1,SQX-XAUUSD-H4-6030b80078ba,XAUUSD,H4,LONG,Trend+Momentum
XAUUSD_H4_782,1,SQX-XAUUSD-H4-607799c19928,XAUUSD,H4,LONG,Trend+Structure
XAUUSD_H4_783,1,SQX-XAUUSD-H4-60d46c30ba74,XAUUSD,H4,LONG,Trend+Volatility
XAUUSD_H4_784,1,SQX-XAUUSD-H4-61524e319f9a,XAUUSD,H4,LONG,Trend+Momentum
XAUUSD_H4_785,1,SQX-XAUUSD-H4-62146556e6ab,XAUUSD,H4,LONG,Trend+Structure
XAUUSD_H4_786,1,SQX-XAUUSD-H4-62e4482eb3fb,XAUUSD,H4,LONG,Trend+Momentum+Structure
XAUUSD_H4_787,1,SQX-XAUUSD-H4-636fe4b705ca,XAUUSD,H4,LONG,Trend
XAUUSD_H4_788,1,SQX-XAUUSD-H4-6392adf76ce1,XAUUSD,H4,LONG,Momentum
XAUUSD_H4_789,1,SQX-XAUUSD-H4-63cb4199cf7f,XAUUSD,H4,LONG,Trend+Momentum+Structure
XAUUSD_H4_790,1,SQX-XAUUSD-H4-63d59ee5fb94,XAUUSD,H4,LONG,Trend+Momentum
XAUUSD_H4_791,1,SQX-XAUUSD-H4-64244c4a78bc,XAUUSD,H4,LONG,Trend+Structure
XAUUSD_H4_792,1,SQX-XAUUSD-H4-642785d36f14,XAUUSD,H4,LONG,Trend+Momentum
XAUUSD_H4_793,1,SQX-XAUUSD-H4-64fa2b46ee51,XAUUSD,H4,LONG,Momentum+Structure
XAUUSD_H4_794,1,SQX-XAUUSD-H4-653dd9d75fc6,XAUUSD,H4,LONG,Momentum
XAUUSD_H4_795,1,SQX-XAUUSD-H4-6545dcc7d23c,XAUUSD,H4,LONG,Momentum+Structure
XAUUSD_H4_796,1,SQX-XAUUSD-H4-655bbb45fe0a,XAUUSD,H4,LONG,Structure
XAUUSD_H4_797,1,SQX-XAUUSD-H4-65b131832265,XAUUSD,H4,LONG,Momentum+Volatility
XAUUSD_H4_798,1,SQX-XAUUSD-H4-662e0ff8d830,XAUUSD,H4,LONG,Trend+Momentum+Volatility
XAUUSD_H4_799,1,SQX-XAUUSD-H4-6673d16e7dff,XAUUSD,H4,LONG,Trend+Structure
XAUUSD_H4_800,1,SQX-XAUUSD-H4-66903213b890,XAUUSD,H4,LONG,Momentum+Volatility
XAUUSD_H4_801,1,SQX-XAUUSD-H4-6697ecb0f455,XAUUSD,H4,LONG,Trend+Momentum
XAUUSD_H4_802,1,SQX-XAUUSD-H4-66a9de8fc42d,XAUUSD,H4,LONG,Trend+Momentum
XAUUSD_H4_803,1,SQX-XAUUSD-H4-66f34b8a1186,XAUUSD,H4,LONG,Trend+Momentum
XAUUSD_H4_804,1,SQX-XAUUSD-H4-670c5a8de848,XAUUSD,H4,LONG,Momentum+Volatility
XAUUSD_H4_805,1,SQX-XAUUSD-H4-67236e07ca88,XAUUSD,H4,LONG,Trend+Volatility+Structure
XAUUSD_H4_806,1,SQX-XAUUSD-H4-694d1ac2ff67,XAUUSD,H4,LONG,Trend+Momentum+Structure
XAUUSD_H4_807,1,SQX-XAUUSD-H4-69705f9cf662,XAUUSD,H4,LONG,Momentum+Volatility+Structure
XAUUSD_H4_808,1,SQX-XAUUSD-H4-698307657c8f,XAUUSD,H4,LONG,Momentum+Volatility+Structure
XAUUSD_H4_809,1,SQX-XAUUSD-H4-69d60c13c34c,XAUUSD,H4,LONG,Momentum
XAUUSD_H4_810,1,SQX-XAUUSD-H4-6a04bc272332,XAUUSD,H4,LONG,Trend+Momentum+Structure
XAUUSD_H4_811,1,SQX-XAUUSD-H4-6a8756e7d371,XAUUSD,H4,LONG,Trend+Momentum+Structure
XAUUSD_H4_812,1,SQX-XAUUSD-H4-6a8f41c8ac98,XAUUSD,H4,LONG,Volatility+Structure
XAUUSD_H4_813,1,SQX-XAUUSD-H4-6ad6f5359432,XAUUSD,H4,LONG,Momentum
XAUUSD_H4_814,1,SQX-XAUUSD-H4-6ae269090beb,XAUUSD,H4,LONG,Momentum+Structure
XAUUSD_H4_815,1,SQX-XAUUSD-H4-6b3595617575,XAUUSD,H4,LONG,Momentum+Structure
XAUUSD_H4_816,1,SQX-XAUUSD-H4-6b4b9b5875a9,XAUUSD,H4,LONG,Momentum+Structure
XAUUSD_H4_817,1,SQX-XAUUSD-H4-6b639f7ee286,XAUUSD,H4,LONG,Trend+Momentum+Volatility
XAUUSD_H4_818,1,SQX-XAUUSD-H4-6bc47a77d662,XAUUSD,H4,LONG,Momentum+Structure
XAUUSD_H4_819,1,SQX-XAUUSD-H4-6bd877af60f8,XAUUSD,H4,LONG,Momentum+Volatility+Structure
XAUUSD_H4_820,1,SQX-XAUUSD-H4-6c2996757817,XAUUSD,H4,LONG,Volatility+Structure
XAUUSD_H4_821,1,SQX-XAUUSD-H4-6c6c951c78ba,XAUUSD,H4,LONG,Momentum+Volatility
XAUUSD_H4_822,1,SQX-XAUUSD-H4-6c796c9e6585,XAUUSD,H4,LONG,Structure
XAUUSD_H4_823,1,SQX-XAUUSD-H4-6d1dd67161fe,XAUUSD,H4,LONG,Trend+Momentum
XAUUSD_H4_824,1,SQX-XAUUSD-H4-6d2647377708,XAUUSD,H4,LONG,Trend+Structure
XAUUSD_H4_825,1,SQX-XAUUSD-H4-6dddb626f336,XAUUSD,H4,LONG,Momentum+Structure
XAUUSD_H4_826,1,SQX-XAUUSD-H4-6e27434ccfba,XAUUSD,H4,LONG,Trend+Momentum
XAUUSD_H4_827,1,SQX-XAUUSD-H4-6eff6c88944f,XAUUSD,H4,LONG,Momentum+Structure
XAUUSD_H4_828,1,SQX-XAUUSD-H4-6f22f340d00e,XAUUSD,H4,LONG,Momentum
XAUUSD_H4_829,1,SQX-XAUUSD-H4-6fb0caf6c222,XAUUSD,H4,LONG,Trend+Momentum+Volatility+Structure
XAUUSD_H4_830,1,SQX-XAUUSD-H4-6fb67966a5b3,XAUUSD,H4,LONG,Momentum
XAUUSD_H4_831,1,SQX-XAUUSD-H4-6fcc2ace1999,XAUUSD,H4,LONG,Momentum+Structure
XAUUSD_H4_832,1,SQX-XAUUSD-H4-7000f503b8a7,XAUUSD,H4,LONG,Volatility+Structure
XAUUSD_H4_833,1,SQX-XAUUSD-H4-7021211b13b6,XAUUSD,H4,LONG,Trend+Momentum+Volatility+Structure
XAUUSD_H4_834,1,SQX-XAUUSD-H4-702563638c4f,XAUUSD,H4,LONG,Trend+Momentum+Structure
XAUUSD_H4_835,1,SQX-XAUUSD-H4-70e1d94ffc1d,XAUUSD,H4,LONG,Momentum
XAUUSD_H4_836,1,SQX-XAUUSD-H4-70fd7bf3371d,XAUUSD,H4,LONG,Trend+Volatility
XAUUSD_H4_837,1,SQX-XAUUSD-H4-711509cc61c0,XAUUSD,H4,LONG,Trend+Momentum
XAUUSD_H4_838,1,SQX-XAUUSD-H4-71408a64d408,XAUUSD,H4,LONG,Momentum+Structure
XAUUSD_H4_839,1,SQX-XAUUSD-H4-71586a33a8ff,XAUUSD,H4,LONG,Trend+Structure
XAUUSD_H4_840,1,SQX-XAUUSD-H4-717bff42e3e9,XAUUSD,H4,LONG,Trend+Momentum+Volatility
XAUUSD_H4_841,1,SQX-XAUUSD-H4-718e28fcd586,XAUUSD,H4,LONG,Trend
XAUUSD_H4_842,1,SQX-XAUUSD-H4-71e12c99710a,XAUUSD,H4,LONG,Momentum+Volatility+Structure
XAUUSD_H4_843,1,SQX-XAUUSD-H4-71fa238cadfc,XAUUSD,H4,LONG,Momentum+Volatility
XAUUSD_H4_844,1,SQX-XAUUSD-H4-720419075fea,XAUUSD,H4,LONG,Trend+Structure
XAUUSD_H4_845,1,SQX-XAUUSD-H4-7230a46024de,XAUUSD,H4,LONG,Momentum+Volatility+Structure
XAUUSD_H4_846,1,SQX-XAUUSD-H4-728522afbc6c,XAUUSD,H4,LONG,Momentum
XAUUSD_H4_847,1,SQX-XAUUSD-H4-72acc09715dd,XAUUSD,H4,LONG,Momentum+Structure
XAUUSD_H4_848,1,SQX-XAUUSD-H4-72e7eacbad27,XAUUSD,H4,LONG,Trend+Momentum
XAUUSD_H4_849,1,SQX-XAUUSD-H4-72f063f8f986,XAUUSD,H4,LONG,Trend+Structure
XAUUSD_H4_850,1,SQX-XAUUSD-H4-72ffe5715f29,XAUUSD,H4,LONG,Momentum
XAUUSD_H4_851,1,SQX-XAUUSD-H4-732aeb7a9d56,XAUUSD,H4,LONG,Momentum
XAUUSD_H4_852,1,SQX-XAUUSD-H4-7336588cf388,XAUUSD,H4,LONG,Trend+Momentum+Volatility
XAUUSD_H4_853,1,SQX-XAUUSD-H4-73444b51d000,XAUUSD,H4,LONG,Momentum+Structure
XAUUSD_H4_854,1,SQX-XAUUSD-H4-73628901bb9d,XAUUSD,H4,LONG,Momentum+Structure
XAUUSD_H4_855,1,SQX-XAUUSD-H4-73ca4cc9d2be,XAUUSD,H4,LONG,Momentum+Structure
XAUUSD_H4_856,1,SQX-XAUUSD-H4-73e206dae7b8,XAUUSD,H4,LONG,Volatility+Structure
XAUUSD_H4_857,1,SQX-XAUUSD-H4-73e6f8b36af8,XAUUSD,H4,LONG,Momentum+Structure
XAUUSD_H4_858,1,SQX-XAUUSD-H4-740c6973abff,XAUUSD,H4,LONG,Momentum+Structure
XAUUSD_H4_859,1,SQX-XAUUSD-H4-743acced4551,XAUUSD,H4,LONG,Momentum+Volatility
XAUUSD_H4_860,1,SQX-XAUUSD-H4-745a9823dfcf,XAUUSD,H4,LONG,Trend+Momentum
XAUUSD_H4_861,1,SQX-XAUUSD-H4-748f7882044f,XAUUSD,H4,LONG,Trend+Momentum
XAUUSD_H4_862,1,SQX-XAUUSD-H4-74a012d5969d,XAUUSD,H4,LONG,Momentum+Volatility+Structure
XAUUSD_H4_863,1,SQX-XAUUSD-H4-74d68516f372,XAUUSD,H4,LONG,Volatility+Structure
XAUUSD_H4_864,1,SQX-XAUUSD-H4-75c6efa76063,XAUUSD,H4,LONG,Momentum+Volatility
XAUUSD_H4_865,1,SQX-XAUUSD-H4-75f1edab4960,XAUUSD,H4,LONG,Momentum+Structure
XAUUSD_H4_866,1,SQX-XAUUSD-H4-760928da217c,XAUUSD,H4,LONG,Momentum+Volatility+Structure
XAUUSD_H4_867,1,SQX-XAUUSD-H4-7660e06d6222,XAUUSD,H4,LONG,Momentum
XAUUSD_H4_868,1,SQX-XAUUSD-H4-768b1151f448,XAUUSD,H4,LONG,Momentum
XAUUSD_H4_869,1,SQX-XAUUSD-H4-768b5be258dd,XAUUSD,H4,LONG,Momentum+Structure
XAUUSD_H4_870,1,SQX-XAUUSD-H4-7693aa384526,XAUUSD,H4,LONG,Momentum+Volatility
XAUUSD_H4_871,1,SQX-XAUUSD-H4-769f2d9ded6c,XAUUSD,H4,LONG,Trend+Volatility
XAUUSD_H4_872,1,SQX-XAUUSD-H4-76b0637a5d95,XAUUSD,H4,LONG,Trend+Momentum
XAUUSD_H4_873,1,SQX-XAUUSD-H4-76e6c3335ee3,XAUUSD,H4,LONG,Trend+Momentum
XAUUSD_H4_874,1,SQX-XAUUSD-H4-7729a06282f2,XAUUSD,H4,LONG,Momentum+Volatility
XAUUSD_H4_875,1,SQX-XAUUSD-H4-776470bcb988,XAUUSD,H4,LONG,Trend+Momentum+Structure
XAUUSD_H4_876,1,SQX-XAUUSD-H4-7794ac2d5c84,XAUUSD,H4,LONG,Trend+Momentum+Volatility
XAUUSD_H4_877,1,SQX-XAUUSD-H4-7851c6c670c9,XAUUSD,H4,LONG,Momentum
XAUUSD_H4_878,1,SQX-XAUUSD-H4-786dae76496f,XAUUSD,H4,LONG,Trend+Structure
XAUUSD_H4_879,1,SQX-XAUUSD-H4-78852e885065,XAUUSD,H4,LONG,Momentum+Structure
XAUUSD_H4_880,1,SQX-XAUUSD-H4-7887dca848e5,XAUUSD,H4,LONG,Momentum+Structure
XAUUSD_H4_881,1,SQX-XAUUSD-H4-78a6ce7bd0f2,XAUUSD,H4,LONG,Momentum+Structure
XAUUSD_H4_882,1,SQX-XAUUSD-H4-793475147aa1,XAUUSD,H4,LONG,Structure
XAUUSD_H4_883,1,SQX-XAUUSD-H4-793662f5cf85,XAUUSD,H4,LONG,Trend+Structure
XAUUSD_H4_884,1,SQX-XAUUSD-H4-79a9cb18746a,XAUUSD,H4,LONG,Trend+Volatility+Structure
XAUUSD_H4_885,1,SQX-XAUUSD-H4-79ee73e7d5a3,XAUUSD,H4,LONG,Momentum+Structure
XAUUSD_H4_886,1,SQX-XAUUSD-H4-7a03f71526aa,XAUUSD,H4,LONG,Momentum+Volatility
XAUUSD_H4_887,1,SQX-XAUUSD-H4-7a2b0c2c5480,XAUUSD,H4,LONG,Trend+Momentum+Volatility
XAUUSD_H4_888,1,SQX-XAUUSD-H4-7a5c3874113c,XAUUSD,H4,LONG,Trend+Momentum+Structure
XAUUSD_H4_889,1,SQX-XAUUSD-H4-7ab51235e26f,XAUUSD,H4,LONG,Momentum+Structure
XAUUSD_H4_890,1,SQX-XAUUSD-H4-7af42d68ff80,XAUUSD,H4,LONG,Trend+Momentum+Structure
XAUUSD_H4_891,1,SQX-XAUUSD-H4-7b6a30317e17,XAUUSD,H4,LONG,Structure
XAUUSD_H4_892,1,SQX-XAUUSD-H4-7b7efa4ef750,XAUUSD,H4,LONG,Momentum
XAUUSD_H4_893,1,SQX-XAUUSD-H4-7b977c0059dc,XAUUSD,H4,LONG,Trend+Momentum+Structure
XAUUSD_H4_894,1,SQX-XAUUSD-H4-7bde9d9ebc13,XAUUSD,H4,LONG,Momentum+Structure
XAUUSD_H4_895,1,SQX-XAUUSD-H4-7c1918877620,XAUUSD,H4,LONG,Volatility+Structure
XAUUSD_H4_896,1,SQX-XAUUSD-H4-7c6398e2ae66,XAUUSD,H4,LONG,Trend+Momentum
XAUUSD_H4_897,1,SQX-XAUUSD-H4-7c87ead06c48,XAUUSD,H4,LONG,Momentum+Structure
XAUUSD_H4_898,1,SQX-XAUUSD-H4-7c94ca40dc53,XAUUSD,H4,LONG,Trend+Volatility+Structure
XAUUSD_H4_899,1,SQX-XAUUSD-H4-7d10c4826e3d,XAUUSD,H4,LONG,Trend+Momentum
XAUUSD_H4_900,1,SQX-XAUUSD-H4-7d36b7f0bf1f,XAUUSD,H4,LONG,Structure
XAUUSD_H4_901,1,SQX-XAUUSD-H4-7d383b1426ca,XAUUSD,H4,LONG,Trend+Volatility
XAUUSD_H4_902,1,SQX-XAUUSD-H4-7d66aa0409a3,XAUUSD,H4,LONG,Trend+Structure
XAUUSD_H4_903,1,SQX-XAUUSD-H4-7d913e164a70,XAUUSD,H4,LONG,Trend+Structure
XAUUSD_H4_904,1,SQX-XAUUSD-H4-7e08e2ec6d1f,XAUUSD,H4,LONG,Volatility+Structure
XAUUSD_H4_905,1,SQX-XAUUSD-H4-7e21ef18ccc2,XAUUSD,H4,LONG,Trend+Volatility
XAUUSD_H4_906,1,SQX-XAUUSD-H4-7e46f02fdc11,XAUUSD,H4,LONG,Trend
XAUUSD_H4_907,1,SQX-XAUUSD-H4-7e6f2b529475,XAUUSD,H4,LONG,Trend+Structure
XAUUSD_H4_908,1,SQX-XAUUSD-H4-7eaabe7f5e26,XAUUSD,H4,LONG,Trend+Structure
XAUUSD_H4_909,1,SQX-XAUUSD-H4-7eea5341f5d8,XAUUSD,H4,LONG,Trend+Volatility
XAUUSD_H4_910,1,SQX-XAUUSD-H4-7f55cfdae7d8,XAUUSD,H4,LONG,Momentum
XAUUSD_H4_911,1,SQX-XAUUSD-H4-7fad5e768b0f,XAUUSD,H4,LONG,Trend+Structure
XAUUSD_H4_912,1,SQX-XAUUSD-H4-7faf84d5fdc1,XAUUSD,H4,LONG,Momentum+Structure
XAUUSD_H4_913,1,SQX-XAUUSD-H4-80368cd5cb4c,XAUUSD,H4,LONG,Momentum
XAUUSD_H4_914,1,SQX-XAUUSD-H4-80a52a611865,XAUUSD,H4,LONG,Structure
XAUUSD_H4_915,1,SQX-XAUUSD-H4-80c13acff1f7,XAUUSD,H4,LONG,Momentum
XAUUSD_H4_916,1,SQX-XAUUSD-H4-80c665037770,XAUUSD,H4,LONG,Trend+Momentum
XAUUSD_H4_917,1,SQX-XAUUSD-H4-80e897fb082d,XAUUSD,H4,LONG,Trend+Momentum+Volatility
XAUUSD_H4_918,1,SQX-XAUUSD-H4-81618130d9bc,XAUUSD,H4,LONG,Volatility+Structure
XAUUSD_H4_919,1,SQX-XAUUSD-H4-81e605421be7,XAUUSD,H4,LONG,Momentum+Structure
XAUUSD_H4_920,1,SQX-XAUUSD-H4-826ee668cba3,XAUUSD,H4,LONG,Trend+Momentum
XAUUSD_H4_921,1,SQX-XAUUSD-H4-8299552d50c6,XAUUSD,H4,LONG,Trend+Volatility
XAUUSD_H4_922,1,SQX-XAUUSD-H4-82ac5285b55a,XAUUSD,H4,LONG,Momentum+Structure
XAUUSD_H4_923,1,SQX-XAUUSD-H4-834b1ef748fb,XAUUSD,H4,LONG,Momentum
XAUUSD_H4_924,1,SQX-XAUUSD-H4-835f48f47144,XAUUSD,H4,LONG,Momentum+Structure
XAUUSD_H4_925,1,SQX-XAUUSD-H4-83db460d3050,XAUUSD,H4,LONG,Momentum
XAUUSD_H4_926,1,SQX-XAUUSD-H4-83eff3d909cf,XAUUSD,H4,LONG,Trend+Structure
XAUUSD_H4_927,1,SQX-XAUUSD-H4-84126abcce3e,XAUUSD,H4,LONG,Volatility+Structure
XAUUSD_H4_928,1,SQX-XAUUSD-H4-843e78b99ec9,XAUUSD,H4,LONG,Trend+Momentum
XAUUSD_H4_929,1,SQX-XAUUSD-H4-848ab8fffd4c,XAUUSD,H4,LONG,Trend+Momentum
XAUUSD_H4_930,1,SQX-XAUUSD-H4-848d54435a7d,XAUUSD,H4,LONG,Momentum+Volatility
XAUUSD_H4_931,1,SQX-XAUUSD-H4-8510eab8cfde,XAUUSD,H4,LONG,Momentum+Structure
XAUUSD_H4_932,1,SQX-XAUUSD-H4-854272d5748c,XAUUSD,H4,LONG,Momentum+Structure
XAUUSD_H4_933,1,SQX-XAUUSD-H4-85c224d6d811,XAUUSD,H4,LONG,Momentum
XAUUSD_H4_934,1,SQX-XAUUSD-H4-85e4c6d7d29a,XAUUSD,H4,LONG,Momentum+Structure
XAUUSD_H4_935,1,SQX-XAUUSD-H4-8637a31260ed,XAUUSD,H4,LONG,Trend
XAUUSD_H4_936,1,SQX-XAUUSD-H4-8646316d7814,XAUUSD,H4,LONG,Trend+Structure
XAUUSD_H4_937,1,SQX-XAUUSD-H4-86db93a3978f,XAUUSD,H4,LONG,Momentum+Structure
XAUUSD_H4_938,1,SQX-XAUUSD-H4-86f2574c4ae0,XAUUSD,H4,LONG,Volatility
XAUUSD_H4_939,1,SQX-XAUUSD-H4-872059df1100,XAUUSD,H4,LONG,Momentum
XAUUSD_H4_940,1,SQX-XAUUSD-H4-8721637d9a22,XAUUSD,H4,LONG,Momentum
XAUUSD_H4_941,1,SQX-XAUUSD-H4-875efc7997f6,XAUUSD,H4,LONG,Momentum
XAUUSD_H4_942,1,SQX-XAUUSD-H4-87684d172429,XAUUSD,H4,LONG,Trend+Momentum+Volatility
XAUUSD_H4_943,1,SQX-XAUUSD-H4-87ca8c1634c4,XAUUSD,H4,LONG,Momentum+Structure
XAUUSD_H4_944,1,SQX-XAUUSD-H4-882af7cc1e07,XAUUSD,H4,LONG,Volatility+Structure
XAUUSD_H4_945,1,SQX-XAUUSD-H4-88bc6325b1b6,XAUUSD,H4,LONG,Volatility+Structure
XAUUSD_H4_946,1,SQX-XAUUSD-H4-8915b24f49e0,XAUUSD,H4,LONG,Structure
XAUUSD_H4_947,1,SQX-XAUUSD-H4-893a90620ce3,XAUUSD,H4,LONG,Momentum+Structure
XAUUSD_H4_948,1,SQX-XAUUSD-H4-8966b71a4969,XAUUSD,H4,LONG,Momentum
XAUUSD_H4_949,1,SQX-XAUUSD-H4-89d087ce310e,XAUUSD,H4,LONG,Trend+Momentum+Volatility
XAUUSD_H4_950,1,SQX-XAUUSD-H4-8a2a397a807b,XAUUSD,H4,LONG,Trend+Structure
XAUUSD_H4_951,1,SQX-XAUUSD-H4-8a3c861a0e64,XAUUSD,H4,LONG,Trend+Structure
XAUUSD_H4_952,1,SQX-XAUUSD-H4-8a3fe69a3ba4,XAUUSD,H4,LONG,Momentum+Structure
XAUUSD_H4_953,1,SQX-XAUUSD-H4-8aa9471f6144,XAUUSD,H4,LONG,Trend+Momentum+Structure
XAUUSD_H4_954,1,SQX-XAUUSD-H4-8c11daeea40b,XAUUSD,H4,LONG,Momentum+Structure
XAUUSD_H4_955,1,SQX-XAUUSD-H4-8c17a3244a68,XAUUSD,H4,LONG,Trend+Structure
XAUUSD_H4_956,1,SQX-XAUUSD-H4-8cb58b4c5d3f,XAUUSD,H4,LONG,Structure
XAUUSD_H4_957,1,SQX-XAUUSD-H4-8cb9c8b9bb97,XAUUSD,H4,LONG,Trend+Structure
XAUUSD_H4_958,1,SQX-XAUUSD-H4-8cdbfd46438d,XAUUSD,H4,LONG,Trend+Momentum+Volatility
XAUUSD_H4_959,1,SQX-XAUUSD-H4-8cf180cd4521,XAUUSD,H4,LONG,Momentum+Structure
XAUUSD_H4_960,1,SQX-XAUUSD-H4-8d22f2dfa839,XAUUSD,H4,LONG,Trend+Momentum+Structure
XAUUSD_H4_961,1,SQX-XAUUSD-H4-8d27882c3d11,XAUUSD,H4,LONG,Trend+Momentum
XAUUSD_H4_962,1,SQX-XAUUSD-H4-8d34128727f0,XAUUSD,H4,LONG,Momentum+Structure
XAUUSD_H4_963,1,SQX-XAUUSD-H4-8d7b98c94072,XAUUSD,H4,LONG,Volatility+Structure
XAUUSD_H4_964,1,SQX-XAUUSD-H4-8d7c9b24d988,XAUUSD,H4,LONG,Trend+Momentum
XAUUSD_H4_965,1,SQX-XAUUSD-H4-8dd6948791c1,XAUUSD,H4,LONG,Trend+Structure
XAUUSD_H4_966,1,SQX-XAUUSD-H4-8dee6c1d4024,XAUUSD,H4,LONG,Trend+Momentum+Structure
XAUUSD_H4_967,1,SQX-XAUUSD-H4-8e4c2de4c74b,XAUUSD,H4,LONG,Momentum+Volatility
XAUUSD_H4_968,1,SQX-XAUUSD-H4-8e60c70feed5,XAUUSD,H4,LONG,Trend+Structure
XAUUSD_H4_969,1,SQX-XAUUSD-H4-8e7c7bdb5763,XAUUSD,H4,LONG,Momentum+Volatility+Structure
XAUUSD_H4_970,1,SQX-XAUUSD-H4-8e88423f410e,XAUUSD,H4,LONG,Momentum
XAUUSD_H4_971,1,SQX-XAUUSD-H4-8e9e506baa6d,XAUUSD,H4,LONG,Momentum+Volatility
XAUUSD_H4_972,1,SQX-XAUUSD-H4-8f0a434c9438,XAUUSD,H4,LONG,Structure
XAUUSD_H4_973,1,SQX-XAUUSD-H4-8f0b3f532d32,XAUUSD,H4,LONG,Momentum+Structure
XAUUSD_H4_974,1,SQX-XAUUSD-H4-8f365951850b,XAUUSD,H4,LONG,Momentum+Volatility+Structure
XAUUSD_H4_975,1,SQX-XAUUSD-H4-8f413fb528d4,XAUUSD,H4,LONG,Momentum+Structure
XAUUSD_H4_976,1,SQX-XAUUSD-H4-8f84dc80ead4,XAUUSD,H4,LONG,Trend+Volatility
XAUUSD_H4_977,1,SQX-XAUUSD-H4-9021338139c8,XAUUSD,H4,LONG,Momentum+Structure
XAUUSD_H4_978,1,SQX-XAUUSD-H4-902fd51cb78b,XAUUSD,H4,LONG,Trend+Momentum+Structure
XAUUSD_H4_979,1,SQX-XAUUSD-H4-9064b207ad03,XAUUSD,H4,LONG,Momentum+Volatility+Structure
XAUUSD_H4_980,1,SQX-XAUUSD-H4-906c02fbe6e5,XAUUSD,H4,LONG,Trend+Volatility+Structure
XAUUSD_H4_981,1,SQX-XAUUSD-H4-907e4c031b1a,XAUUSD,H4,LONG,Trend+Momentum+Structure
XAUUSD_H4_982,1,SQX-XAUUSD-H4-90da8b5af445,XAUUSD,H4,LONG,Momentum
XAUUSD_H4_983,1,SQX-XAUUSD-H4-9117389564cc,XAUUSD,H4,LONG,Trend+Structure
XAUUSD_H4_984,1,SQX-XAUUSD-H4-911843c0ee23,XAUUSD,H4,LONG,Trend+Momentum
XAUUSD_H4_985,1,SQX-XAUUSD-H4-9145f8b9857a,XAUUSD,H4,LONG,Trend+Momentum
XAUUSD_H4_986,1,SQX-XAUUSD-H4-91fbc7a17170,XAUUSD,H4,LONG,Momentum+Volatility
XAUUSD_H4_987,1,SQX-XAUUSD-H4-923a9b4867f0,XAUUSD,H4,LONG,Momentum+Volatility+Structure
XAUUSD_H4_988,1,SQX-XAUUSD-H4-9240e4d267a5,XAUUSD,H4,LONG,Momentum+Volatility
XAUUSD_H4_989,1,SQX-XAUUSD-H4-9246e5accf70,XAUUSD,H4,LONG,Momentum+Structure
XAUUSD_H4_990,1,SQX-XAUUSD-H4-9255f20a083a,XAUUSD,H4,LONG,Momentum+Structure
XAUUSD_H4_991,1,SQX-XAUUSD-H4-926803d5fd0b,XAUUSD,H4,LONG,Trend+Momentum+Volatility
XAUUSD_H4_992,1,SQX-XAUUSD-H4-926b0586d9cb,XAUUSD,H4,LONG,Momentum+Volatility+Structure
XAUUSD_H4_993,1,SQX-XAUUSD-H4-92ad240bcb2a,XAUUSD,H4,LONG,Momentum+Structure
XAUUSD_H4_994,1,SQX-XAUUSD-H4-92de4d4ce24b,XAUUSD,H4,LONG,Trend+Momentum+Volatility+Structure
XAUUSD_H4_995,1,SQX-XAUUSD-H4-93523b082976,XAUUSD,H4,LONG,Trend+Volatility
XAUUSD_H4_996,1,SQX-XAUUSD-H4-93854e327f94,XAUUSD,H4,LONG,Volatility+Structure
XAUUSD_H4_997,1,SQX-XAUUSD-H4-940568753565,XAUUSD,H4,LONG,Momentum+Structure
XAUUSD_H4_998,1,SQX-XAUUSD-H4-941af9be957b,XAUUSD,H4,LONG,Momentum
XAUUSD_H4_999,1,SQX-XAUUSD-H4-9421c93b9120,XAUUSD,H4,LONG,Trend+Momentum
XAUUSD_H4_1000,1,SQX-XAUUSD-H4-9436d6045b61,XAUUSD,H4,LONG,Trend+Momentum+Volatility
XAUUSD_H4_1001,1,SQX-XAUUSD-H4-9473f8f745c7,XAUUSD,H4,LONG,Trend+Structure
XAUUSD_H4_1002,1,SQX-XAUUSD-H4-94948c5679fb,XAUUSD,H4,LONG,Trend+Momentum
XAUUSD_H4_1003,1,SQX-XAUUSD-H4-94c55ddfcad1,XAUUSD,H4,LONG,Volatility+Structure
XAUUSD_H4_1004,1,SQX-XAUUSD-H4-94c63de33e82,XAUUSD,H4,LONG,Momentum+Structure
XAUUSD_H4_1005,1,SQX-XAUUSD-H4-951c8502cef8,XAUUSD,H4,LONG,Trend+Momentum
XAUUSD_H4_1006,1,SQX-XAUUSD-H4-9524ab2be0e2,XAUUSD,H4,LONG,Trend+Momentum+Volatility
XAUUSD_H4_1007,1,SQX-XAUUSD-H4-95a57b89cb03,XAUUSD,H4,LONG,Momentum
XAUUSD_H4_1008,1,SQX-XAUUSD-H4-95b13e52bd1f,XAUUSD,H4,LONG,Trend+Momentum+Structure
XAUUSD_H4_1009,1,SQX-XAUUSD-H4-95d9364b9c10,XAUUSD,H4,LONG,Momentum
XAUUSD_H4_1010,1,SQX-XAUUSD-H4-96499f6c5c56,XAUUSD,H4,LONG,Trend+Momentum+Structure
XAUUSD_H4_1011,1,SQX-XAUUSD-H4-967820f64e82,XAUUSD,H4,LONG,Momentum+Volatility
XAUUSD_H4_1012,1,SQX-XAUUSD-H4-969638f4fe70,XAUUSD,H4,LONG,Trend+Momentum+Structure
XAUUSD_H4_1013,1,SQX-XAUUSD-H4-96a1f346119e,XAUUSD,H4,LONG,Trend+Momentum
XAUUSD_H4_1014,1,SQX-XAUUSD-H4-970adc5fceb4,XAUUSD,H4,LONG,Trend+Momentum
XAUUSD_H4_1015,1,SQX-XAUUSD-H4-976bca6496a2,XAUUSD,H4,LONG,Momentum+Structure
XAUUSD_H4_1016,1,SQX-XAUUSD-H4-97c8dc3f9c1f,XAUUSD,H4,LONG,Momentum+Structure
XAUUSD_H4_1017,1,SQX-XAUUSD-H4-97e9b17d7deb,XAUUSD,H4,LONG,Trend+Structure
XAUUSD_H4_1018,1,SQX-XAUUSD-H4-986638740691,XAUUSD,H4,LONG,Trend+Momentum
XAUUSD_H4_1019,1,SQX-XAUUSD-H4-98793c92d373,XAUUSD,H4,LONG,Momentum
XAUUSD_H4_1020,1,SQX-XAUUSD-H4-987d7632160a,XAUUSD,H4,LONG,Trend+Momentum
XAUUSD_H4_1021,1,SQX-XAUUSD-H4-98ab075a7f35,XAUUSD,H4,LONG,Trend+Momentum+Structure
XAUUSD_H4_1022,1,SQX-XAUUSD-H4-99814574973c,XAUUSD,H4,LONG,Momentum
XAUUSD_H4_1023,1,SQX-XAUUSD-H4-99bb6f9cf0c3,XAUUSD,H4,LONG,Trend+Momentum
XAUUSD_H4_1024,1,SQX-XAUUSD-H4-99c4b2ac8b6d,XAUUSD,H4,LONG,Trend+Momentum+Structure
XAUUSD_H4_1025,1,SQX-XAUUSD-H4-9a4d723f2e12,XAUUSD,H4,LONG,Momentum+Structure
XAUUSD_H4_1026,1,SQX-XAUUSD-H4-9a67cfeed88a,XAUUSD,H4,LONG,Volatility+Structure
XAUUSD_H4_1027,1,SQX-XAUUSD-H4-9a69264fb735,XAUUSD,H4,LONG,Trend+Momentum
XAUUSD_H4_1028,1,SQX-XAUUSD-H4-9a723c828d8f,XAUUSD,H4,LONG,Trend+Volatility+Structure
XAUUSD_H4_1029,1,SQX-XAUUSD-H4-9a8d1f8edea4,XAUUSD,H4,LONG,Momentum+Structure
XAUUSD_H4_1030,1,SQX-XAUUSD-H4-9cbde3f1db2d,XAUUSD,H4,LONG,Trend+Volatility
XAUUSD_H4_1031,1,SQX-XAUUSD-H4-9cca78a73bc8,XAUUSD,H4,LONG,Trend+Structure
XAUUSD_H4_1032,1,SQX-XAUUSD-H4-9ce380e7da4f,XAUUSD,H4,LONG,Volatility+Structure
XAUUSD_H4_1033,1,SQX-XAUUSD-H4-9cead2405034,XAUUSD,H4,LONG,Momentum
XAUUSD_H4_1034,1,SQX-XAUUSD-H4-9ced1d8258c6,XAUUSD,H4,LONG,Trend+Momentum
XAUUSD_H4_1035,1,SQX-XAUUSD-H4-9d2531af9487,XAUUSD,H4,LONG,Momentum+Volatility
XAUUSD_H4_1036,1,SQX-XAUUSD-H4-9d2eb78dbca7,XAUUSD,H4,LONG,Momentum+Structure
XAUUSD_H4_1037,1,SQX-XAUUSD-H4-9d39242a2112,XAUUSD,H4,LONG,Trend+Structure
XAUUSD_H4_1038,1,SQX-XAUUSD-H4-9da910b80261,XAUUSD,H4,LONG,Momentum+Structure
XAUUSD_H4_1039,1,SQX-XAUUSD-H4-9dba9fec6f4b,XAUUSD,H4,LONG,Momentum+Volatility+Structure
XAUUSD_H4_1040,1,SQX-XAUUSD-H4-9dcd21ca1d30,XAUUSD,H4,LONG,Structure
XAUUSD_H4_1041,1,SQX-XAUUSD-H4-9e4fd71bbc64,XAUUSD,H4,LONG,Trend+Structure
XAUUSD_H4_1042,1,SQX-XAUUSD-H4-9ee6b2f28cba,XAUUSD,H4,LONG,Trend
XAUUSD_H4_1043,1,SQX-XAUUSD-H4-9f64bed064db,XAUUSD,H4,LONG,Volatility
XAUUSD_H4_1044,1,SQX-XAUUSD-H4-9f6ac81cdbda,XAUUSD,H4,LONG,Trend+Momentum
XAUUSD_H4_1045,1,SQX-XAUUSD-H4-9f86fcde439b,XAUUSD,H4,LONG,Momentum+Structure
XAUUSD_H4_1046,1,SQX-XAUUSD-H4-9f993239a40d,XAUUSD,H4,LONG,Structure
XAUUSD_H4_1047,1,SQX-XAUUSD-H4-9fde5989bd94,XAUUSD,H4,LONG,Structure
XAUUSD_H4_1048,1,SQX-XAUUSD-H4-a04cb0d515e9,XAUUSD,H4,LONG,Momentum
XAUUSD_H4_1049,1,SQX-XAUUSD-H4-a054a260b3ee,XAUUSD,H4,LONG,Momentum+Structure
XAUUSD_H4_1050,1,SQX-XAUUSD-H4-a10f0151868f,XAUUSD,H4,LONG,Trend+Momentum
XAUUSD_H4_1051,1,SQX-XAUUSD-H4-a150a01c9a53,XAUUSD,H4,LONG,Structure
XAUUSD_H4_1052,1,SQX-XAUUSD-H4-a1811119a839,XAUUSD,H4,LONG,Trend+Volatility+Structure
XAUUSD_H4_1053,1,SQX-XAUUSD-H4-a198038d6506,XAUUSD,H4,LONG,Structure
XAUUSD_H4_1054,1,SQX-XAUUSD-H4-a1cdc88141d4,XAUUSD,H4,LONG,Trend+Momentum+Structure
XAUUSD_H4_1055,1,SQX-XAUUSD-H4-a20eaee0ab0c,XAUUSD,H4,LONG,Trend+Momentum
XAUUSD_H4_1056,1,SQX-XAUUSD-H4-a286aea86ca6,XAUUSD,H4,LONG,Trend+Momentum
XAUUSD_H4_1057,1,SQX-XAUUSD-H4-a29982102659,XAUUSD,H4,LONG,Trend+Volatility
XAUUSD_H4_1058,1,SQX-XAUUSD-H4-a2c2a754ed31,XAUUSD,H4,LONG,Momentum+Structure
XAUUSD_H4_1059,1,SQX-XAUUSD-H4-a342fde9db7a,XAUUSD,H4,LONG,Momentum+Structure
XAUUSD_H4_1060,1,SQX-XAUUSD-H4-a34bc5b90f4e,XAUUSD,H4,LONG,Momentum+Volatility+Structure
XAUUSD_H4_1061,1,SQX-XAUUSD-H4-a3ddc16be9c1,XAUUSD,H4,LONG,Trend+Volatility+Structure
XAUUSD_H4_1062,1,SQX-XAUUSD-H4-a434ede7ef42,XAUUSD,H4,LONG,Momentum+Structure
XAUUSD_H4_1063,1,SQX-XAUUSD-H4-a4440de6ccb5,XAUUSD,H4,LONG,Trend+Structure
XAUUSD_H4_1064,1,SQX-XAUUSD-H4-a492a0c607f1,XAUUSD,H4,LONG,Momentum+Volatility+Structure
XAUUSD_H4_1065,1,SQX-XAUUSD-H4-a4e147bce6ef,XAUUSD,H4,LONG,Momentum+Structure
XAUUSD_H4_1066,1,SQX-XAUUSD-H4-a4e789cd6ca0,XAUUSD,H4,LONG,Momentum
XAUUSD_H4_1067,1,SQX-XAUUSD-H4-a592e0ef3abb,XAUUSD,H4,LONG,Momentum+Structure
XAUUSD_H4_1068,1,SQX-XAUUSD-H4-a616bdb074b1,XAUUSD,H4,LONG,Momentum+Volatility
XAUUSD_H4_1069,1,SQX-XAUUSD-H4-a618649eec4e,XAUUSD,H4,LONG,Trend+Volatility
XAUUSD_H4_1070,1,SQX-XAUUSD-H4-a7239043d966,XAUUSD,H4,LONG,Momentum+Volatility+Structure
XAUUSD_H4_1071,1,SQX-XAUUSD-H4-a77ccb85f113,XAUUSD,H4,LONG,Momentum+Volatility
XAUUSD_H4_1072,1,SQX-XAUUSD-H4-a78ee70c4e47,XAUUSD,H4,LONG,Trend+Momentum+Structure
XAUUSD_H4_1073,1,SQX-XAUUSD-H4-a7bf2ba1db9d,XAUUSD,H4,LONG,Trend+Structure
XAUUSD_H4_1074,1,SQX-XAUUSD-H4-a7d0670d0c89,XAUUSD,H4,LONG,Momentum
XAUUSD_H4_1075,1,SQX-XAUUSD-H4-a80616b292e4,XAUUSD,H4,LONG,Trend+Structure
XAUUSD_H4_1076,1,SQX-XAUUSD-H4-a82905bea366,XAUUSD,H4,LONG,Trend+Volatility+Structure
XAUUSD_H4_1077,1,SQX-XAUUSD-H4-a840c1f6821b,XAUUSD,H4,LONG,Trend+Momentum+Structure
XAUUSD_H4_1078,1,SQX-XAUUSD-H4-a8470c9a1e98,XAUUSD,H4,LONG,Momentum+Volatility+Structure
XAUUSD_H4_1079,1,SQX-XAUUSD-H4-a85a5a1f50d7,XAUUSD,H4,LONG,Trend+Volatility
XAUUSD_H4_1080,1,SQX-XAUUSD-H4-a862d79c513b,XAUUSD,H4,LONG,Momentum+Volatility
XAUUSD_H4_1081,1,SQX-XAUUSD-H4-a86a7acf315f,XAUUSD,H4,LONG,Trend+Volatility
XAUUSD_H4_1082,1,SQX-XAUUSD-H4-a87a432e9413,XAUUSD,H4,LONG,Trend+Momentum+Volatility+Structure
XAUUSD_H4_1083,1,SQX-XAUUSD-H4-a87a68f5b711,XAUUSD,H4,LONG,Trend+Volatility
XAUUSD_H4_1084,1,SQX-XAUUSD-H4-a8fcc5666ace,XAUUSD,H4,LONG,Volatility+Structure
XAUUSD_H4_1085,1,SQX-XAUUSD-H4-a9261bb06a7e,XAUUSD,H4,LONG,Trend+Structure
XAUUSD_H4_1086,1,SQX-XAUUSD-H4-a94ac51d8216,XAUUSD,H4,LONG,Momentum+Volatility+Structure
XAUUSD_H4_1087,1,SQX-XAUUSD-H4-a9ab0e52b969,XAUUSD,H4,LONG,Momentum+Volatility
XAUUSD_H4_1088,1,SQX-XAUUSD-H4-aa0c49096940,XAUUSD,H4,LONG,Trend+Momentum
XAUUSD_H4_1089,1,SQX-XAUUSD-H4-aa16f24520f2,XAUUSD,H4,LONG,Trend+Momentum+Structure
XAUUSD_H4_1090,1,SQX-XAUUSD-H4-aa7b17f495e0,XAUUSD,H4,LONG,Momentum+Volatility
XAUUSD_H4_1091,1,SQX-XAUUSD-H4-aa8d1c7e7773,XAUUSD,H4,LONG,Trend+Momentum+Volatility
XAUUSD_H4_1092,1,SQX-XAUUSD-H4-aaa16ef5b283,XAUUSD,H4,LONG,Momentum+Structure
XAUUSD_H4_1093,1,SQX-XAUUSD-H4-aaf5efdaca8a,XAUUSD,H4,LONG,Trend+Momentum
XAUUSD_H4_1094,1,SQX-XAUUSD-H4-ab8690dae2c4,XAUUSD,H4,LONG,Trend+Volatility
XAUUSD_H4_1095,1,SQX-XAUUSD-H4-abb1ce5baf48,XAUUSD,H4,LONG,Momentum+Volatility
XAUUSD_H4_1096,1,SQX-XAUUSD-H4-ac9971ceeccc,XAUUSD,H4,LONG,Trend
XAUUSD_H4_1097,1,SQX-XAUUSD-H4-acf076773278,XAUUSD,H4,LONG,Trend+Volatility+Structure
XAUUSD_H4_1098,1,SQX-XAUUSD-H4-acfa52011142,XAUUSD,H4,LONG,Volatility+Structure
XAUUSD_H4_1099,1,SQX-XAUUSD-H4-ad098e871ff8,XAUUSD,H4,LONG,Volatility+Structure
XAUUSD_H4_1100,1,SQX-XAUUSD-H4-ad18c0ea790c,XAUUSD,H4,LONG,Momentum+Volatility+Structure
XAUUSD_H4_1101,1,SQX-XAUUSD-H4-ad88b2a24d76,XAUUSD,H4,LONG,Momentum+Structure
XAUUSD_H4_1102,1,SQX-XAUUSD-H4-ad9bb0304b84,XAUUSD,H4,LONG,Momentum+Volatility
XAUUSD_H4_1103,1,SQX-XAUUSD-H4-ae20c7e8f0c8,XAUUSD,H4,LONG,Trend
XAUUSD_H4_1104,1,SQX-XAUUSD-H4-aed45cd7f596,XAUUSD,H4,LONG,Trend+Momentum+Structure
XAUUSD_H4_1105,1,SQX-XAUUSD-H4-af3ffe821fbc,XAUUSD,H4,LONG,Volatility+Structure
XAUUSD_H4_1106,1,SQX-XAUUSD-H4-b00118314a34,XAUUSD,H4,LONG,Trend+Momentum
XAUUSD_H4_1107,1,SQX-XAUUSD-H4-b02ba3c9d249,XAUUSD,H4,LONG,Momentum+Structure
XAUUSD_H4_1108,1,SQX-XAUUSD-H4-b052ac9267cb,XAUUSD,H4,LONG,Trend+Momentum
XAUUSD_H4_1109,1,SQX-XAUUSD-H4-b061ec45cdde,XAUUSD,H4,LONG,Momentum+Structure
XAUUSD_H4_1110,1,SQX-XAUUSD-H4-b0f3047ed8d9,XAUUSD,H4,LONG,Trend+Momentum+Volatility
XAUUSD_H4_1111,1,SQX-XAUUSD-H4-b12422738747,XAUUSD,H4,LONG,Trend+Momentum
XAUUSD_H4_1112,1,SQX-XAUUSD-H4-b1312061ba7e,XAUUSD,H4,LONG,Trend+Structure
XAUUSD_H4_1113,1,SQX-XAUUSD-H4-b1324a91f3aa,XAUUSD,H4,LONG,Momentum+Volatility+Structure
XAUUSD_H4_1114,1,SQX-XAUUSD-H4-b13508fb83ee,XAUUSD,H4,LONG,Trend+Momentum
XAUUSD_H4_1115,1,SQX-XAUUSD-H4-b140cbc46273,XAUUSD,H4,LONG,Trend+Momentum
XAUUSD_H4_1116,1,SQX-XAUUSD-H4-b18826dbf367,XAUUSD,H4,LONG,Trend+Volatility+Structure
XAUUSD_H4_1117,1,SQX-XAUUSD-H4-b1affa494e53,XAUUSD,H4,LONG,Volatility
XAUUSD_H4_1118,1,SQX-XAUUSD-H4-b1d4c17159a3,XAUUSD,H4,LONG,Trend
XAUUSD_H4_1119,1,SQX-XAUUSD-H4-b1e5414b9e7b,XAUUSD,H4,LONG,Momentum+Structure
XAUUSD_H4_1120,1,SQX-XAUUSD-H4-b205ca71b0fa,XAUUSD,H4,LONG,Trend+Momentum
XAUUSD_H4_1121,1,SQX-XAUUSD-H4-b29b720407fb,XAUUSD,H4,LONG,Momentum+Structure
XAUUSD_H4_1122,1,SQX-XAUUSD-H4-b2d2a67eee2f,XAUUSD,H4,LONG,Momentum+Structure
XAUUSD_H4_1123,1,SQX-XAUUSD-H4-b2ea2ac1c231,XAUUSD,H4,LONG,Trend+Volatility+Structure
XAUUSD_H4_1124,1,SQX-XAUUSD-H4-b33c332ddb98,XAUUSD,H4,LONG,Momentum+Volatility
XAUUSD_H4_1125,1,SQX-XAUUSD-H4-b3b86a54a777,XAUUSD,H4,LONG,Momentum+Volatility+Structure
XAUUSD_H4_1126,1,SQX-XAUUSD-H4-b3dd9fc3ab75,XAUUSD,H4,LONG,Momentum
XAUUSD_H4_1127,1,SQX-XAUUSD-H4-b4259e795244,XAUUSD,H4,LONG,Momentum+Structure
XAUUSD_H4_1128,1,SQX-XAUUSD-H4-b4943cde7420,XAUUSD,H4,LONG,Trend+Momentum+Structure
XAUUSD_H4_1129,1,SQX-XAUUSD-H4-b4c182e308d5,XAUUSD,H4,LONG,Volatility+Structure
XAUUSD_H4_1130,1,SQX-XAUUSD-H4-b4c45f18e208,XAUUSD,H4,LONG,Momentum+Structure
XAUUSD_H4_1131,1,SQX-XAUUSD-H4-b542a17892ec,XAUUSD,H4,LONG,Trend
XAUUSD_H4_1132,1,SQX-XAUUSD-H4-b554040cd9b3,XAUUSD,H4,LONG,Trend+Momentum+Volatility
XAUUSD_H4_1133,1,SQX-XAUUSD-H4-b59bf4bc6819,XAUUSD,H4,LONG,Momentum
XAUUSD_H4_1134,1,SQX-XAUUSD-H4-b5fa632eaf04,XAUUSD,H4,LONG,Volatility+Structure
XAUUSD_H4_1135,1,SQX-XAUUSD-H4-b63cc44d3fa6,XAUUSD,H4,LONG,Momentum
XAUUSD_H4_1136,1,SQX-XAUUSD-H4-b664648a40ae,XAUUSD,H4,LONG,Trend+Momentum+Structure
XAUUSD_H4_1137,1,SQX-XAUUSD-H4-b69d9f470747,XAUUSD,H4,LONG,Momentum
XAUUSD_H4_1138,1,SQX-XAUUSD-H4-b6a4f30fb1b2,XAUUSD,H4,LONG,Momentum
XAUUSD_H4_1139,1,SQX-XAUUSD-H4-b758ec2827f3,XAUUSD,H4,LONG,Trend+Volatility+Structure
XAUUSD_H4_1140,1,SQX-XAUUSD-H4-b75d3c491033,XAUUSD,H4,LONG,Trend+Momentum
XAUUSD_H4_1141,1,SQX-XAUUSD-H4-b7cabd1ef19d,XAUUSD,H4,LONG,Momentum
XAUUSD_H4_1142,1,SQX-XAUUSD-H4-b7d86742dc25,XAUUSD,H4,LONG,Momentum+Volatility
XAUUSD_H4_1143,1,SQX-XAUUSD-H4-b7e3ccc4d885,XAUUSD,H4,LONG,Momentum
XAUUSD_H4_1144,1,SQX-XAUUSD-H4-b87fc7703250,XAUUSD,H4,LONG,Trend+Structure
XAUUSD_H4_1145,1,SQX-XAUUSD-H4-b884decdab63,XAUUSD,H4,LONG,Structure
XAUUSD_H4_1146,1,SQX-XAUUSD-H4-b8c4d784b814,XAUUSD,H4,LONG,Trend+Volatility
XAUUSD_H4_1147,1,SQX-XAUUSD-H4-b8cd1695ace8,XAUUSD,H4,LONG,Trend+Momentum
XAUUSD_H4_1148,1,SQX-XAUUSD-H4-b8deb515be23,XAUUSD,H4,LONG,Trend+Structure
XAUUSD_H4_1149,1,SQX-XAUUSD-H4-b9ae1a7f9ab5,XAUUSD,H4,LONG,Momentum
XAUUSD_H4_1150,1,SQX-XAUUSD-H4-b9de38feec72,XAUUSD,H4,LONG,Trend+Momentum
XAUUSD_H4_1151,1,SQX-XAUUSD-H4-ba51c8316997,XAUUSD,H4,LONG,Momentum+Structure
XAUUSD_H4_1152,1,SQX-XAUUSD-H4-ba523d8de63b,XAUUSD,H4,LONG,Momentum+Volatility+Structure
XAUUSD_H4_1153,1,SQX-XAUUSD-H4-ba611a22ad90,XAUUSD,H4,LONG,Momentum+Structure
XAUUSD_H4_1154,1,SQX-XAUUSD-H4-baaa95126582,XAUUSD,H4,LONG,Momentum+Volatility+Structure
XAUUSD_H4_1155,1,SQX-XAUUSD-H4-bb7e57c18673,XAUUSD,H4,LONG,Volatility
XAUUSD_H4_1156,1,SQX-XAUUSD-H4-bb9d80674863,XAUUSD,H4,LONG,Trend+Momentum
XAUUSD_H4_1157,1,SQX-XAUUSD-H4-bc22d7876de1,XAUUSD,H4,LONG,Trend+Volatility
XAUUSD_H4_1158,1,SQX-XAUUSD-H4-bc41866234c9,XAUUSD,H4,LONG,Momentum
XAUUSD_H4_1159,1,SQX-XAUUSD-H4-bc818153bd2f,XAUUSD,H4,LONG,Momentum+Structure
XAUUSD_H4_1160,1,SQX-XAUUSD-H4-bcbbe0670cdf,XAUUSD,H4,LONG,Trend+Momentum
XAUUSD_H4_1161,1,SQX-XAUUSD-H4-bce1f499b28d,XAUUSD,H4,LONG,Momentum+Structure
XAUUSD_H4_1162,1,SQX-XAUUSD-H4-bd3c00fb3467,XAUUSD,H4,LONG,Trend+Momentum+Structure
XAUUSD_H4_1163,1,SQX-XAUUSD-H4-bd46b279facf,XAUUSD,H4,LONG,Momentum+Structure
XAUUSD_H4_1164,1,SQX-XAUUSD-H4-bdae196785e1,XAUUSD,H4,LONG,Momentum+Volatility+Structure
XAUUSD_H4_1165,1,SQX-XAUUSD-H4-bdd679f6acf1,XAUUSD,H4,LONG,Momentum+Volatility+Structure
XAUUSD_H4_1166,1,SQX-XAUUSD-H4-be38d712ef3e,XAUUSD,H4,LONG,Momentum
XAUUSD_H4_1167,1,SQX-XAUUSD-H4-be8f652e2cc3,XAUUSD,H4,LONG,Trend+Structure
XAUUSD_H4_1168,1,SQX-XAUUSD-H4-be96a67c08cf,XAUUSD,H4,LONG,Momentum
XAUUSD_H4_1169,1,SQX-XAUUSD-H4-beef027c6ef1,XAUUSD,H4,LONG,Volatility+Structure
XAUUSD_H4_1170,1,SQX-XAUUSD-H4-bf52039246f1,XAUUSD,H4,LONG,Momentum
XAUUSD_H4_1171,1,SQX-XAUUSD-H4-bf80a2d82ca7,XAUUSD,H4,LONG,Structure
XAUUSD_H4_1172,1,SQX-XAUUSD-H4-bfb5d7d412db,XAUUSD,H4,LONG,Trend+Momentum
XAUUSD_H4_1173,1,SQX-XAUUSD-H4-bfea27773420,XAUUSD,H4,LONG,Trend+Momentum
XAUUSD_H4_1174,1,SQX-XAUUSD-H4-bfffff728ec4,XAUUSD,H4,LONG,Momentum+Structure
XAUUSD_H4_1175,1,SQX-XAUUSD-H4-c00671427f93,XAUUSD,H4,LONG,Trend+Structure
XAUUSD_H4_1176,1,SQX-XAUUSD-H4-c031ceb30fc1,XAUUSD,H4,LONG,Momentum+Structure
XAUUSD_H4_1177,1,SQX-XAUUSD-H4-c08720cb533e,XAUUSD,H4,LONG,Momentum+Volatility+Structure
XAUUSD_H4_1178,1,SQX-XAUUSD-H4-c0e93e523332,XAUUSD,H4,LONG,Momentum+Volatility
XAUUSD_H4_1179,1,SQX-XAUUSD-H4-c0f38293c503,XAUUSD,H4,LONG,Trend+Momentum
XAUUSD_H4_1180,1,SQX-XAUUSD-H4-c1138626b22c,XAUUSD,H4,LONG,Volatility+Structure
XAUUSD_H4_1181,1,SQX-XAUUSD-H4-c122110fdc8e,XAUUSD,H4,LONG,Trend
XAUUSD_H4_1182,1,SQX-XAUUSD-H4-c142a2af2a24,XAUUSD,H4,LONG,Momentum+Structure
XAUUSD_H4_1183,1,SQX-XAUUSD-H4-c1670f178267,XAUUSD,H4,LONG,Trend+Momentum+Volatility
XAUUSD_H4_1184,1,SQX-XAUUSD-H4-c188e624749b,XAUUSD,H4,LONG,Momentum+Structure
XAUUSD_H4_1185,1,SQX-XAUUSD-H4-c1958ed4b4b5,XAUUSD,H4,LONG,Trend+Structure
XAUUSD_H4_1186,1,SQX-XAUUSD-H4-c1dff9673d7d,XAUUSD,H4,LONG,Trend+Structure
XAUUSD_H4_1187,1,SQX-XAUUSD-H4-c1f8acf86992,XAUUSD,H4,LONG,Momentum+Volatility
XAUUSD_H4_1188,1,SQX-XAUUSD-H4-c21f0cd832fc,XAUUSD,H4,LONG,Trend+Momentum+Volatility
XAUUSD_H4_1189,1,SQX-XAUUSD-H4-c224dcd641c4,XAUUSD,H4,LONG,Volatility+Structure
XAUUSD_H4_1190,1,SQX-XAUUSD-H4-c286b7865cd2,XAUUSD,H4,LONG,Momentum+Volatility
XAUUSD_H4_1191,1,SQX-XAUUSD-H4-c2c8deccd72a,XAUUSD,H4,LONG,Trend+Volatility
XAUUSD_H4_1192,1,SQX-XAUUSD-H4-c3119fa44764,XAUUSD,H4,LONG,Momentum
XAUUSD_H4_1193,1,SQX-XAUUSD-H4-c35a3c8090e8,XAUUSD,H4,LONG,Momentum+Structure
XAUUSD_H4_1194,1,SQX-XAUUSD-H4-c39f829d3cab,XAUUSD,H4,LONG,Momentum+Volatility+Structure
XAUUSD_H4_1195,1,SQX-XAUUSD-H4-c43c7007ba39,XAUUSD,H4,LONG,Trend+Momentum+Volatility
XAUUSD_H4_1196,1,SQX-XAUUSD-H4-c4585426a361,XAUUSD,H4,LONG,Trend+Volatility
XAUUSD_H4_1197,1,SQX-XAUUSD-H4-c4eefe11f08b,XAUUSD,H4,LONG,Structure
XAUUSD_H4_1198,1,SQX-XAUUSD-H4-c546e8fbf189,XAUUSD,H4,LONG,Momentum+Volatility
XAUUSD_H4_1199,1,SQX-XAUUSD-H4-c59a3b4d5665,XAUUSD,H4,LONG,Momentum+Structure
XAUUSD_H4_1200,1,SQX-XAUUSD-H4-c5ba875e3129,XAUUSD,H4,LONG,Momentum+Structure
XAUUSD_H4_1201,1,SQX-XAUUSD-H4-c6864cc4b33a,XAUUSD,H4,LONG,Momentum+Volatility
XAUUSD_H4_1202,1,SQX-XAUUSD-H4-c7d35f4db688,XAUUSD,H4,LONG,Momentum+Structure
XAUUSD_H4_1203,1,SQX-XAUUSD-H4-c93292101155,XAUUSD,H4,LONG,Trend+Volatility
XAUUSD_H4_1204,1,SQX-XAUUSD-H4-c951bcfe4529,XAUUSD,H4,LONG,Momentum+Structure
XAUUSD_H4_1205,1,SQX-XAUUSD-H4-c97650a30370,XAUUSD,H4,LONG,Trend+Momentum
XAUUSD_H4_1206,1,SQX-XAUUSD-H4-c98503f187a4,XAUUSD,H4,LONG,Momentum+Structure
XAUUSD_H4_1207,1,SQX-XAUUSD-H4-c98bfe1578e5,XAUUSD,H4,LONG,Momentum
XAUUSD_H4_1208,1,SQX-XAUUSD-H4-ca00dddd2300,XAUUSD,H4,LONG,Momentum+Structure
XAUUSD_H4_1209,1,SQX-XAUUSD-H4-ca529451cca3,XAUUSD,H4,LONG,Trend+Momentum
XAUUSD_H4_1210,1,SQX-XAUUSD-H4-ca8a1f5dd59d,XAUUSD,H4,LONG,Momentum+Volatility
XAUUSD_H4_1211,1,SQX-XAUUSD-H4-cb1ac7ca6d03,XAUUSD,H4,LONG,Momentum
XAUUSD_H4_1212,1,SQX-XAUUSD-H4-cb41d20f69f0,XAUUSD,H4,LONG,Trend+Volatility
XAUUSD_H4_1213,1,SQX-XAUUSD-H4-cbab0de9b5af,XAUUSD,H4,LONG,Trend+Volatility
XAUUSD_H4_1214,1,SQX-XAUUSD-H4-cbd15309d5aa,XAUUSD,H4,LONG,Trend+Momentum
XAUUSD_H4_1215,1,SQX-XAUUSD-H4-cbee136c5c05,XAUUSD,H4,LONG,Trend+Momentum+Structure
XAUUSD_H4_1216,1,SQX-XAUUSD-H4-cc1f95cda60e,XAUUSD,H4,LONG,Trend+Momentum+Structure
XAUUSD_H4_1217,1,SQX-XAUUSD-H4-cc506f1d1322,XAUUSD,H4,LONG,Momentum
XAUUSD_H4_1218,1,SQX-XAUUSD-H4-cc65bbaf0ea5,XAUUSD,H4,LONG,Momentum+Structure
XAUUSD_H4_1219,1,SQX-XAUUSD-H4-cc80d1d3e7e1,XAUUSD,H4,LONG,Momentum+Structure
XAUUSD_H4_1220,1,SQX-XAUUSD-H4-cc92ebd62a14,XAUUSD,H4,LONG,Trend+Volatility+Structure
XAUUSD_H4_1221,1,SQX-XAUUSD-H4-cd3ce740cb8d,XAUUSD,H4,LONG,Trend+Structure
XAUUSD_H4_1222,1,SQX-XAUUSD-H4-cd45077258c1,XAUUSD,H4,LONG,Trend+Structure
XAUUSD_H4_1223,1,SQX-XAUUSD-H4-cdde9b85c7b1,XAUUSD,H4,LONG,Trend+Structure
XAUUSD_H4_1224,1,SQX-XAUUSD-H4-ce0ccad4cd87,XAUUSD,H4,LONG,Momentum
XAUUSD_H4_1225,1,SQX-XAUUSD-H4-ce1ad32a44e6,XAUUSD,H4,LONG,Trend+Momentum+Structure
XAUUSD_H4_1226,1,SQX-XAUUSD-H4-ce2b5d47caec,XAUUSD,H4,LONG,Momentum
XAUUSD_H4_1227,1,SQX-XAUUSD-H4-ce5927bf9191,XAUUSD,H4,LONG,Trend+Structure
XAUUSD_H4_1228,1,SQX-XAUUSD-H4-ce5ec9c743f2,XAUUSD,H4,LONG,Trend+Momentum+Structure
XAUUSD_H4_1229,1,SQX-XAUUSD-H4-ce6c255d4013,XAUUSD,H4,LONG,Momentum+Volatility+Structure
XAUUSD_H4_1230,1,SQX-XAUUSD-H4-ce863212a751,XAUUSD,H4,LONG,Trend+Momentum+Volatility
XAUUSD_H4_1231,1,SQX-XAUUSD-H4-cf647dc1aba9,XAUUSD,H4,LONG,Momentum+Structure
XAUUSD_H4_1232,1,SQX-XAUUSD-H4-cf8295e20b64,XAUUSD,H4,LONG,Trend+Momentum+Structure
XAUUSD_H4_1233,1,SQX-XAUUSD-H4-d0167528b5ba,XAUUSD,H4,LONG,Trend+Structure
XAUUSD_H4_1234,1,SQX-XAUUSD-H4-d08b393a736a,XAUUSD,H4,LONG,Momentum+Volatility
XAUUSD_H4_1235,1,SQX-XAUUSD-H4-d0f0921a7d5e,XAUUSD,H4,LONG,Trend+Momentum
XAUUSD_H4_1236,1,SQX-XAUUSD-H4-d132b7561b0b,XAUUSD,H4,LONG,Structure
XAUUSD_H4_1237,1,SQX-XAUUSD-H4-d13ad239d8b3,XAUUSD,H4,LONG,Trend+Momentum+Volatility
XAUUSD_H4_1238,1,SQX-XAUUSD-H4-d1ac2cc29d57,XAUUSD,H4,LONG,Momentum+Structure
XAUUSD_H4_1239,1,SQX-XAUUSD-H4-d1d29ae5229f,XAUUSD,H4,LONG,Trend+Momentum
XAUUSD_H4_1240,1,SQX-XAUUSD-H4-d212873afae2,XAUUSD,H4,LONG,Volatility+Structure
XAUUSD_H4_1241,1,SQX-XAUUSD-H4-d2c19aa6d6be,XAUUSD,H4,LONG,Trend+Volatility
XAUUSD_H4_1242,1,SQX-XAUUSD-H4-d2c807c8db68,XAUUSD,H4,LONG,Trend+Volatility
XAUUSD_H4_1243,1,SQX-XAUUSD-H4-d32a03a42682,XAUUSD,H4,LONG,Trend+Structure
XAUUSD_H4_1244,1,SQX-XAUUSD-H4-d353733f8c6c,XAUUSD,H4,LONG,Momentum+Volatility
XAUUSD_H4_1245,1,SQX-XAUUSD-H4-d3afabe9cc85,XAUUSD,H4,LONG,Trend+Momentum
XAUUSD_H4_1246,1,SQX-XAUUSD-H4-d3b186d905c4,XAUUSD,H4,LONG,Momentum+Structure
XAUUSD_H4_1247,1,SQX-XAUUSD-H4-d3e75139c986,XAUUSD,H4,LONG,Volatility+Structure
XAUUSD_H4_1248,1,SQX-XAUUSD-H4-d4374e63da92,XAUUSD,H4,LONG,Trend+Momentum+Volatility
XAUUSD_H4_1249,1,SQX-XAUUSD-H4-d439b073020b,XAUUSD,H4,LONG,Momentum+Structure
XAUUSD_H4_1250,1,SQX-XAUUSD-H4-d4e4fe05fd5e,XAUUSD,H4,LONG,Trend+Momentum+Volatility
XAUUSD_H4_1251,1,SQX-XAUUSD-H4-d544e8dbb552,XAUUSD,H4,LONG,Trend+Momentum+Volatility
XAUUSD_H4_1252,1,SQX-XAUUSD-H4-d584ed2d3428,XAUUSD,H4,LONG,Trend+Momentum
XAUUSD_H4_1253,1,SQX-XAUUSD-H4-d638dea86c3f,XAUUSD,H4,LONG,Structure
XAUUSD_H4_1254,1,SQX-XAUUSD-H4-d665ccb8cdc1,XAUUSD,H4,LONG,Momentum+Structure
XAUUSD_H4_1255,1,SQX-XAUUSD-H4-d691372b213c,XAUUSD,H4,LONG,Trend+Momentum
XAUUSD_H4_1256,1,SQX-XAUUSD-H4-d6fd6f25f1e5,XAUUSD,H4,LONG,Trend+Momentum+Volatility
XAUUSD_H4_1257,1,SQX-XAUUSD-H4-d6fe7352a789,XAUUSD,H4,LONG,Momentum+Structure
XAUUSD_H4_1258,1,SQX-XAUUSD-H4-d72912ca2a34,XAUUSD,H4,LONG,Trend+Momentum+Structure
XAUUSD_H4_1259,1,SQX-XAUUSD-H4-d730a97f4bb5,XAUUSD,H4,LONG,Trend+Structure
XAUUSD_H4_1260,1,SQX-XAUUSD-H4-d77e849bc2e4,XAUUSD,H4,LONG,Momentum+Volatility
XAUUSD_H4_1261,1,SQX-XAUUSD-H4-d7c5ce3ea2c7,XAUUSD,H4,LONG,Trend+Structure
XAUUSD_H4_1262,1,SQX-XAUUSD-H4-d7eded643f50,XAUUSD,H4,LONG,Momentum+Volatility+Structure
XAUUSD_H4_1263,1,SQX-XAUUSD-H4-d81a8cc31e54,XAUUSD,H4,LONG,Trend+Momentum
XAUUSD_H4_1264,1,SQX-XAUUSD-H4-d95d32d3eaf3,XAUUSD,H4,LONG,Trend+Momentum
XAUUSD_H4_1265,1,SQX-XAUUSD-H4-d96d5dd96907,XAUUSD,H4,LONG,Trend+Structure
XAUUSD_H4_1266,1,SQX-XAUUSD-H4-d9f216cda573,XAUUSD,H4,LONG,Momentum+Structure
XAUUSD_H4_1267,1,SQX-XAUUSD-H4-da0cd13b564e,XAUUSD,H4,LONG,Momentum
XAUUSD_H4_1268,1,SQX-XAUUSD-H4-da1ffacf6208,XAUUSD,H4,LONG,Momentum
XAUUSD_H4_1269,1,SQX-XAUUSD-H4-da28274acf80,XAUUSD,H4,LONG,Trend+Momentum+Volatility
XAUUSD_H4_1270,1,SQX-XAUUSD-H4-da508b38c8b6,XAUUSD,H4,LONG,Trend+Momentum
XAUUSD_H4_1271,1,SQX-XAUUSD-H4-da9a55b4f9ba,XAUUSD,H4,LONG,Momentum+Structure
XAUUSD_H4_1272,1,SQX-XAUUSD-H4-dac04a236dc8,XAUUSD,H4,LONG,Momentum+Volatility
XAUUSD_H4_1273,1,SQX-XAUUSD-H4-db14e82ad0d5,XAUUSD,H4,LONG,Trend+Momentum+Volatility
XAUUSD_H4_1274,1,SQX-XAUUSD-H4-db2123c03b39,XAUUSD,H4,LONG,Trend+Volatility+Structure
XAUUSD_H4_1275,1,SQX-XAUUSD-H4-db2df30e008e,XAUUSD,H4,LONG,Trend+Volatility
XAUUSD_H4_1276,1,SQX-XAUUSD-H4-db553e186708,XAUUSD,H4,LONG,Trend+Structure
XAUUSD_H4_1277,1,SQX-XAUUSD-H4-db566ba1227c,XAUUSD,H4,LONG,Trend+Momentum
XAUUSD_H4_1278,1,SQX-XAUUSD-H4-dba587eee143,XAUUSD,H4,LONG,Momentum+Structure
XAUUSD_H4_1279,1,SQX-XAUUSD-H4-dbf97597eb77,XAUUSD,H4,LONG,Trend+Momentum
XAUUSD_H4_1280,1,SQX-XAUUSD-H4-dbfaa23a7eba,XAUUSD,H4,LONG,Momentum+Structure
XAUUSD_H4_1281,1,SQX-XAUUSD-H4-dc4126f8fb28,XAUUSD,H4,LONG,Trend+Volatility
XAUUSD_H4_1282,1,SQX-XAUUSD-H4-dc60b94a6246,XAUUSD,H4,LONG,Trend+Volatility+Structure
XAUUSD_H4_1283,1,SQX-XAUUSD-H4-dcb15bcc8e3c,XAUUSD,H4,LONG,Trend+Momentum+Volatility
XAUUSD_H4_1284,1,SQX-XAUUSD-H4-dcc62b48bf94,XAUUSD,H4,LONG,Momentum+Volatility+Structure
XAUUSD_H4_1285,1,SQX-XAUUSD-H4-dcca215ccf08,XAUUSD,H4,LONG,Trend+Structure
XAUUSD_H4_1286,1,SQX-XAUUSD-H4-dd0d211d43e7,XAUUSD,H4,LONG,Momentum
XAUUSD_H4_1287,1,SQX-XAUUSD-H4-ddf95d880824,XAUUSD,H4,LONG,Momentum+Volatility+Structure
XAUUSD_H4_1288,1,SQX-XAUUSD-H4-de02a65d0214,XAUUSD,H4,LONG,Momentum+Volatility
XAUUSD_H4_1289,1,SQX-XAUUSD-H4-de4ba33e9f65,XAUUSD,H4,LONG,Trend+Volatility
XAUUSD_H4_1290,1,SQX-XAUUSD-H4-df1cdd90df46,XAUUSD,H4,LONG,Momentum+Volatility
XAUUSD_H4_1291,1,SQX-XAUUSD-H4-df8446959f8a,XAUUSD,H4,LONG,Momentum
XAUUSD_H4_1292,1,SQX-XAUUSD-H4-dfc03a7d1bc7,XAUUSD,H4,LONG,Volatility+Structure
XAUUSD_H4_1293,1,SQX-XAUUSD-H4-dfebb4fe0934,XAUUSD,H4,LONG,Momentum+Volatility
XAUUSD_H4_1294,1,SQX-XAUUSD-H4-dffb82199970,XAUUSD,H4,LONG,Trend+Momentum
XAUUSD_H4_1295,1,SQX-XAUUSD-H4-dffe2c6b76b3,XAUUSD,H4,LONG,Trend+Momentum
XAUUSD_H4_1296,1,SQX-XAUUSD-H4-dffec997cc08,XAUUSD,H4,LONG,Volatility+Structure
XAUUSD_H4_1297,1,SQX-XAUUSD-H4-e03eec576262,XAUUSD,H4,LONG,Trend+Volatility
XAUUSD_H4_1298,1,SQX-XAUUSD-H4-e0ba2d7aba76,XAUUSD,H4,LONG,Momentum
XAUUSD_H4_1299,1,SQX-XAUUSD-H4-e0fca0190aa1,XAUUSD,H4,LONG,Structure
XAUUSD_H4_1300,1,SQX-XAUUSD-H4-e111afdd9444,XAUUSD,H4,LONG,Momentum+Structure
XAUUSD_H4_1301,1,SQX-XAUUSD-H4-e15763031844,XAUUSD,H4,LONG,Trend+Momentum+Structure
XAUUSD_H4_1302,1,SQX-XAUUSD-H4-e18db5698ecd,XAUUSD,H4,LONG,Structure
XAUUSD_H4_1303,1,SQX-XAUUSD-H4-e2b196934cf1,XAUUSD,H4,LONG,Trend+Momentum+Structure
XAUUSD_H4_1304,1,SQX-XAUUSD-H4-e2b87690f921,XAUUSD,H4,LONG,Trend+Volatility
XAUUSD_H4_1305,1,SQX-XAUUSD-H4-e30506b674a1,XAUUSD,H4,LONG,Momentum+Structure
XAUUSD_H4_1306,1,SQX-XAUUSD-H4-e312d143a5b4,XAUUSD,H4,LONG,Momentum+Volatility
XAUUSD_H4_1307,1,SQX-XAUUSD-H4-e31f77a883fa,XAUUSD,H4,LONG,Trend+Structure
XAUUSD_H4_1308,1,SQX-XAUUSD-H4-e3558aff213d,XAUUSD,H4,LONG,Trend
XAUUSD_H4_1309,1,SQX-XAUUSD-H4-e377665b093f,XAUUSD,H4,LONG,Trend+Volatility
XAUUSD_H4_1310,1,SQX-XAUUSD-H4-e3858aa3ff72,XAUUSD,H4,LONG,Trend+Volatility
XAUUSD_H4_1311,1,SQX-XAUUSD-H4-e3b50cb1f274,XAUUSD,H4,LONG,Trend+Structure
XAUUSD_H4_1312,1,SQX-XAUUSD-H4-e3f7d245f181,XAUUSD,H4,LONG,Momentum+Volatility+Structure
XAUUSD_H4_1313,1,SQX-XAUUSD-H4-e4893080570a,XAUUSD,H4,LONG,Volatility+Structure
XAUUSD_H4_1314,1,SQX-XAUUSD-H4-e48f161130d7,XAUUSD,H4,LONG,Momentum+Volatility
XAUUSD_H4_1315,1,SQX-XAUUSD-H4-e4b233850da3,XAUUSD,H4,LONG,Trend+Volatility+Structure
XAUUSD_H4_1316,1,SQX-XAUUSD-H4-e4b26c619478,XAUUSD,H4,LONG,Momentum+Volatility+Structure
XAUUSD_H4_1317,1,SQX-XAUUSD-H4-e4c34289dcdf,XAUUSD,H4,LONG,Trend+Structure
XAUUSD_H4_1318,1,SQX-XAUUSD-H4-e520f03d5543,XAUUSD,H4,LONG,Volatility+Structure
XAUUSD_H4_1319,1,SQX-XAUUSD-H4-e577b3d8d78a,XAUUSD,H4,LONG,Trend+Momentum+Volatility
XAUUSD_H4_1320,1,SQX-XAUUSD-H4-e5cfad4dd6cf,XAUUSD,H4,LONG,Trend+Momentum+Structure
XAUUSD_H4_1321,1,SQX-XAUUSD-H4-e61d1bd00231,XAUUSD,H4,LONG,Momentum+Volatility
XAUUSD_H4_1322,1,SQX-XAUUSD-H4-e636c70ec4a8,XAUUSD,H4,LONG,Momentum
XAUUSD_H4_1323,1,SQX-XAUUSD-H4-e69ef77b3387,XAUUSD,H4,LONG,Volatility+Structure
XAUUSD_H4_1324,1,SQX-XAUUSD-H4-e6b5b2192be8,XAUUSD,H4,LONG,Momentum
XAUUSD_H4_1325,1,SQX-XAUUSD-H4-e6d412721276,XAUUSD,H4,LONG,Momentum+Structure
XAUUSD_H4_1326,1,SQX-XAUUSD-H4-e6e8ce03003e,XAUUSD,H4,LONG,Momentum+Volatility
XAUUSD_H4_1327,1,SQX-XAUUSD-H4-e711148b3914,XAUUSD,H4,LONG,Momentum+Structure
XAUUSD_H4_1328,1,SQX-XAUUSD-H4-e7172b09df9c,XAUUSD,H4,LONG,Trend+Momentum
XAUUSD_H4_1329,1,SQX-XAUUSD-H4-e771743d6b12,XAUUSD,H4,LONG,Trend+Structure
XAUUSD_H4_1330,1,SQX-XAUUSD-H4-e7bbf86fa94f,XAUUSD,H4,LONG,Momentum+Structure
XAUUSD_H4_1331,1,SQX-XAUUSD-H4-e8129a1a5b31,XAUUSD,H4,LONG,Trend+Momentum+Volatility
XAUUSD_H4_1332,1,SQX-XAUUSD-H4-e827eba26c31,XAUUSD,H4,LONG,Trend+Momentum
XAUUSD_H4_1333,1,SQX-XAUUSD-H4-e846e6a1f5e4,XAUUSD,H4,LONG,Momentum+Structure
XAUUSD_H4_1334,1,SQX-XAUUSD-H4-e896092cf2b6,XAUUSD,H4,LONG,Momentum
XAUUSD_H4_1335,1,SQX-XAUUSD-H4-e8bf2b9248f4,XAUUSD,H4,LONG,Momentum
XAUUSD_H4_1336,1,SQX-XAUUSD-H4-e8f5aa858113,XAUUSD,H4,LONG,Momentum
XAUUSD_H4_1337,1,SQX-XAUUSD-H4-e91e197d54ed,XAUUSD,H4,LONG,Trend+Momentum
XAUUSD_H4_1338,1,SQX-XAUUSD-H4-e9a8d3029637,XAUUSD,H4,LONG,Trend+Momentum
XAUUSD_H4_1339,1,SQX-XAUUSD-H4-e9e6ccd9cf2a,XAUUSD,H4,LONG,Volatility+Structure
XAUUSD_H4_1340,1,SQX-XAUUSD-H4-ea0617777c7b,XAUUSD,H4,LONG,Trend+Volatility
XAUUSD_H4_1341,1,SQX-XAUUSD-H4-ead87487a73d,XAUUSD,H4,LONG,Volatility+Structure
XAUUSD_H4_1342,1,SQX-XAUUSD-H4-eafe5abd54d3,XAUUSD,H4,LONG,Trend+Momentum+Structure
XAUUSD_H4_1343,1,SQX-XAUUSD-H4-eb2d2cc02847,XAUUSD,H4,LONG,Trend+Momentum
XAUUSD_H4_1344,1,SQX-XAUUSD-H4-eb3411c1fb90,XAUUSD,H4,LONG,Momentum
XAUUSD_H4_1345,1,SQX-XAUUSD-H4-ebc612444d3b,XAUUSD,H4,LONG,Trend+Momentum
XAUUSD_H4_1346,1,SQX-XAUUSD-H4-ec5165cdc126,XAUUSD,H4,LONG,Momentum+Structure
XAUUSD_H4_1347,1,SQX-XAUUSD-H4-ec739438fb32,XAUUSD,H4,LONG,Trend+Momentum
XAUUSD_H4_1348,1,SQX-XAUUSD-H4-ecc0d23af2a8,XAUUSD,H4,LONG,Trend+Volatility
XAUUSD_H4_1349,1,SQX-XAUUSD-H4-ecea2ea8e503,XAUUSD,H4,LONG,Trend
XAUUSD_H4_1350,1,SQX-XAUUSD-H4-ed3a3940a0a0,XAUUSD,H4,LONG,Trend+Volatility
XAUUSD_H4_1351,1,SQX-XAUUSD-H4-edbd118b708d,XAUUSD,H4,LONG,Momentum+Volatility+Structure
XAUUSD_H4_1352,1,SQX-XAUUSD-H4-edcfdbf95195,XAUUSD,H4,LONG,Trend
XAUUSD_H4_1353,1,SQX-XAUUSD-H4-ede6b9ee7133,XAUUSD,H4,LONG,Momentum+Structure
XAUUSD_H4_1354,1,SQX-XAUUSD-H4-ee36c10564b8,XAUUSD,H4,LONG,Trend+Momentum
XAUUSD_H4_1355,1,SQX-XAUUSD-H4-ee6fe43d52f8,XAUUSD,H4,LONG,Momentum
XAUUSD_H4_1356,1,SQX-XAUUSD-H4-ee9b1bd34f7f,XAUUSD,H4,LONG,Trend+Volatility+Structure
XAUUSD_H4_1357,1,SQX-XAUUSD-H4-eeb68acbcf07,XAUUSD,H4,LONG,Trend+Structure
XAUUSD_H4_1358,1,SQX-XAUUSD-H4-eed96e6ad8c6,XAUUSD,H4,LONG,Trend+Momentum+Structure
XAUUSD_H4_1359,1,SQX-XAUUSD-H4-eedacda14bcf,XAUUSD,H4,LONG,Structure
XAUUSD_H4_1360,1,SQX-XAUUSD-H4-eef570a785e7,XAUUSD,H4,LONG,Trend+Structure
XAUUSD_H4_1361,1,SQX-XAUUSD-H4-ef60e428a236,XAUUSD,H4,LONG,Trend
XAUUSD_H4_1362,1,SQX-XAUUSD-H4-efc3e6b60653,XAUUSD,H4,LONG,Trend+Volatility
XAUUSD_H4_1363,1,SQX-XAUUSD-H4-efebce282d08,XAUUSD,H4,LONG,Momentum
XAUUSD_H4_1364,1,SQX-XAUUSD-H4-f0239da706f3,XAUUSD,H4,LONG,Trend
XAUUSD_H4_1365,1,SQX-XAUUSD-H4-f06b674c1103,XAUUSD,H4,LONG,Trend+Momentum+Structure
XAUUSD_H4_1366,1,SQX-XAUUSD-H4-f071546de5cd,XAUUSD,H4,LONG,Momentum+Structure
XAUUSD_H4_1367,1,SQX-XAUUSD-H4-f0738a3d1596,XAUUSD,H4,LONG,Momentum+Volatility
XAUUSD_H4_1368,1,SQX-XAUUSD-H4-f07bdc555fc2,XAUUSD,H4,LONG,Trend+Structure
XAUUSD_H4_1369,1,SQX-XAUUSD-H4-f08d3c6812a5,XAUUSD,H4,LONG,Volatility+Structure
XAUUSD_H4_1370,1,SQX-XAUUSD-H4-f09b3132cf16,XAUUSD,H4,LONG,Momentum+Volatility
XAUUSD_H4_1371,1,SQX-XAUUSD-H4-f09b83fb5b48,XAUUSD,H4,LONG,Momentum+Volatility
XAUUSD_H4_1372,1,SQX-XAUUSD-H4-f0c1893492b0,XAUUSD,H4,LONG,Momentum
XAUUSD_H4_1373,1,SQX-XAUUSD-H4-f0dce4e0604d,XAUUSD,H4,LONG,Momentum+Structure
XAUUSD_H4_1374,1,SQX-XAUUSD-H4-f0feef5304b3,XAUUSD,H4,LONG,Momentum+Volatility
XAUUSD_H4_1375,1,SQX-XAUUSD-H4-f1350c3f6da3,XAUUSD,H4,LONG,Volatility+Structure
XAUUSD_H4_1376,1,SQX-XAUUSD-H4-f151c0e8409f,XAUUSD,H4,LONG,Trend+Volatility
XAUUSD_H4_1377,1,SQX-XAUUSD-H4-f1a0e33456d6,XAUUSD,H4,LONG,Trend+Momentum
XAUUSD_H4_1378,1,SQX-XAUUSD-H4-f1e51563b05b,XAUUSD,H4,LONG,Momentum+Volatility+Structure
XAUUSD_H4_1379,1,SQX-XAUUSD-H4-f229cc462efc,XAUUSD,H4,LONG,Trend+Momentum
XAUUSD_H4_1380,1,SQX-XAUUSD-H4-f29356e4f9b0,XAUUSD,H4,LONG,Trend+Momentum+Volatility
XAUUSD_H4_1381,1,SQX-XAUUSD-H4-f2c7f84e60ea,XAUUSD,H4,LONG,Momentum+Structure
XAUUSD_H4_1382,1,SQX-XAUUSD-H4-f30fd302993e,XAUUSD,H4,LONG,Momentum+Structure
XAUUSD_H4_1383,1,SQX-XAUUSD-H4-f33a0ba50b83,XAUUSD,H4,LONG,Momentum+Structure
XAUUSD_H4_1384,1,SQX-XAUUSD-H4-f3a19f68f919,XAUUSD,H4,LONG,Momentum+Volatility
XAUUSD_H4_1385,1,SQX-XAUUSD-H4-f3a5a201b683,XAUUSD,H4,LONG,Trend+Structure
XAUUSD_H4_1386,1,SQX-XAUUSD-H4-f3aff2bf3b3a,XAUUSD,H4,LONG,Trend+Momentum
XAUUSD_H4_1387,1,SQX-XAUUSD-H4-f40ca66ff380,XAUUSD,H4,LONG,Trend+Momentum
XAUUSD_H4_1388,1,SQX-XAUUSD-H4-f46647a47cbf,XAUUSD,H4,LONG,Trend+Momentum
XAUUSD_H4_1389,1,SQX-XAUUSD-H4-f46a68f0c1c3,XAUUSD,H4,LONG,Momentum
XAUUSD_H4_1390,1,SQX-XAUUSD-H4-f47257cc56e9,XAUUSD,H4,LONG,Momentum+Structure
XAUUSD_H4_1391,1,SQX-XAUUSD-H4-f47f015474f8,XAUUSD,H4,LONG,Trend+Momentum+Volatility
XAUUSD_H4_1392,1,SQX-XAUUSD-H4-f4ae5c2e49d0,XAUUSD,H4,LONG,Momentum
XAUUSD_H4_1393,1,SQX-XAUUSD-H4-f4efe2f621d8,XAUUSD,H4,LONG,Structure
XAUUSD_H4_1394,1,SQX-XAUUSD-H4-f5a22d45d5ec,XAUUSD,H4,LONG,Volatility+Structure
XAUUSD_H4_1395,1,SQX-XAUUSD-H4-f627535e6811,XAUUSD,H4,LONG,Volatility
XAUUSD_H4_1396,1,SQX-XAUUSD-H4-f6673f057a83,XAUUSD,H4,LONG,Volatility+Structure
XAUUSD_H4_1397,1,SQX-XAUUSD-H4-f672d001ea96,XAUUSD,H4,LONG,Momentum+Structure
XAUUSD_H4_1398,1,SQX-XAUUSD-H4-f70e1f1f9d25,XAUUSD,H4,LONG,Momentum+Structure
XAUUSD_H4_1399,1,SQX-XAUUSD-H4-f73ab47d6f2c,XAUUSD,H4,LONG,Trend+Volatility+Structure
XAUUSD_H4_1400,1,SQX-XAUUSD-H4-f78e9d78f565,XAUUSD,H4,LONG,Volatility+Structure
XAUUSD_H4_1401,1,SQX-XAUUSD-H4-f79a849a29a1,XAUUSD,H4,LONG,Momentum
XAUUSD_H4_1402,1,SQX-XAUUSD-H4-f79e92569685,XAUUSD,H4,LONG,Momentum+Structure
XAUUSD_H4_1403,1,SQX-XAUUSD-H4-f7a3bf397651,XAUUSD,H4,LONG,Trend+Volatility
XAUUSD_H4_1404,1,SQX-XAUUSD-H4-f85471a93c06,XAUUSD,H4,LONG,Momentum
XAUUSD_H4_1405,1,SQX-XAUUSD-H4-f8c0023579d8,XAUUSD,H4,LONG,Momentum+Volatility
XAUUSD_H4_1406,1,SQX-XAUUSD-H4-f8f8a6b6e81e,XAUUSD,H4,LONG,Momentum+Structure
XAUUSD_H4_1407,1,SQX-XAUUSD-H4-f8fb14e3fa43,XAUUSD,H4,LONG,Trend+Momentum+Volatility
XAUUSD_H4_1408,1,SQX-XAUUSD-H4-f922f0a8c619,XAUUSD,H4,LONG,Trend+Momentum+Structure
XAUUSD_H4_1409,1,SQX-XAUUSD-H4-f93350243ba0,XAUUSD,H4,LONG,Trend+Momentum
XAUUSD_H4_1410,1,SQX-XAUUSD-H4-f956a42ecd88,XAUUSD,H4,LONG,Momentum+Volatility
XAUUSD_H4_1411,1,SQX-XAUUSD-H4-f9ee3b43f6e7,XAUUSD,H4,LONG,Momentum
XAUUSD_H4_1412,1,SQX-XAUUSD-H4-f9f42a135456,XAUUSD,H4,LONG,Volatility+Structure
XAUUSD_H4_1413,1,SQX-XAUUSD-H4-f9fdc13d0ba2,XAUUSD,H4,LONG,Momentum+Volatility+Structure
XAUUSD_H4_1414,1,SQX-XAUUSD-H4-f9fee38a719a,XAUUSD,H4,LONG,Trend+Momentum
XAUUSD_H4_1415,1,SQX-XAUUSD-H4-fa85817425dc,XAUUSD,H4,LONG,Trend+Volatility
XAUUSD_H4_1416,1,SQX-XAUUSD-H4-fa8747b4eea6,XAUUSD,H4,LONG,Trend+Structure
XAUUSD_H4_1417,1,SQX-XAUUSD-H4-fac9ccc8a6f9,XAUUSD,H4,LONG,Trend+Structure
XAUUSD_H4_1418,1,SQX-XAUUSD-H4-fafef29dacaa,XAUUSD,H4,LONG,Trend+Volatility
XAUUSD_H4_1419,1,SQX-XAUUSD-H4-fb25405c3f1b,XAUUSD,H4,LONG,Momentum+Volatility+Structure
XAUUSD_H4_1420,1,SQX-XAUUSD-H4-fb3886889420,XAUUSD,H4,LONG,Momentum+Structure
XAUUSD_H4_1421,1,SQX-XAUUSD-H4-fb4b4d922e98,XAUUSD,H4,LONG,Trend+Volatility
XAUUSD_H4_1422,1,SQX-XAUUSD-H4-fb628af3735a,XAUUSD,H4,LONG,Trend+Momentum
XAUUSD_H4_1423,1,SQX-XAUUSD-H4-fb8ae189c39a,XAUUSD,H4,LONG,Momentum+Volatility+Structure
XAUUSD_H4_1424,1,SQX-XAUUSD-H4-fbfa85ac4cb2,XAUUSD,H4,LONG,Trend+Momentum+Volatility
XAUUSD_H4_1425,1,SQX-XAUUSD-H4-fc10159171a4,XAUUSD,H4,LONG,Momentum+Structure
XAUUSD_H4_1426,1,SQX-XAUUSD-H4-fc2c9f81110b,XAUUSD,H4,LONG,Momentum+Structure
XAUUSD_H4_1427,1,SQX-XAUUSD-H4-fc4884a83efa,XAUUSD,H4,LONG,Momentum+Structure
XAUUSD_H4_1428,1,SQX-XAUUSD-H4-fcb0a8e88150,XAUUSD,H4,LONG,Trend+Momentum+Structure
XAUUSD_H4_1429,1,SQX-XAUUSD-H4-fcbdcabb1c16,XAUUSD,H4,LONG,Momentum
XAUUSD_H4_1430,1,SQX-XAUUSD-H4-fd000ed22f40,XAUUSD,H4,LONG,Trend+Structure
XAUUSD_H4_1431,1,SQX-XAUUSD-H4-fd40d0563245,XAUUSD,H4,LONG,Momentum+Structure
XAUUSD_H4_1432,1,SQX-XAUUSD-H4-fd5a281f754f,XAUUSD,H4,LONG,Momentum+Volatility
XAUUSD_H4_1433,1,SQX-XAUUSD-H4-fd88a3a6bc48,XAUUSD,H4,LONG,Momentum+Structure
XAUUSD_H4_1434,1,SQX-XAUUSD-H4-fd9f05448bd0,XAUUSD,H4,LONG,Volatility+Structure
XAUUSD_H4_1435,1,SQX-XAUUSD-H4-fdd17f4c277d,XAUUSD,H4,LONG,Trend+Momentum+Structure
XAUUSD_H4_1436,1,SQX-XAUUSD-H4-fdde292bdae8,XAUUSD,H4,LONG,Trend+Momentum+Structure
XAUUSD_H4_1437,1,SQX-XAUUSD-H4-fde7ef567765,XAUUSD,H4,LONG,Trend+Momentum
XAUUSD_H4_1438,1,SQX-XAUUSD-H4-fe6866980953,XAUUSD,H4,LONG,Trend+Momentum
XAUUSD_H4_1439,1,SQX-XAUUSD-H4-fe765f591e2f,XAUUSD,H4,LONG,Momentum+Structure
XAUUSD_H4_1440,1,SQX-XAUUSD-H4-fe7e7f209d23,XAUUSD,H4,LONG,Momentum+Volatility
XAUUSD_H4_1441,1,SQX-XAUUSD-H4-feaeae5c4327,XAUUSD,H4,LONG,Trend+Structure
XAUUSD_H4_1442,1,SQX-XAUUSD-H4-ff85358a6f6e,XAUUSD,H4,LONG,Volatility+Structure
XAUUSD_H4_1443,1,SQX-XAUUSD-H4-ffbdbf6eb427,XAUUSD,H4,LONG,Trend+Momentum
XAUUSD_H4_1444,1,SQX-XAUUSD-H4-ffd5863f69e7,XAUUSD,H4,LONG,Momentum+Volatility
XAUUSD_M15_1,3,SQX-XAUUSD-M15-48edaa9c6a7f,XAUUSD,M15,LONG,Trend+Momentum+Volatility+Structure
XAUUSD_M15_1,3,SQX-XAUUSD-M15-b7abb4dba931,XAUUSD,M15,LONG,Volatility+Structure
XAUUSD_M15_1,3,SQX-XAUUSD-M15-c6b39a158d8b,XAUUSD,M15,LONG,Volatility+Structure
XAUUSD_M15_2,1,SQX-XAUUSD-M15-08201001ef24,XAUUSD,M15,LONG,Trend+Structure
XAUUSD_M15_3,1,SQX-XAUUSD-M15-136c8983b513,XAUUSD,M15,LONG,Trend+Momentum+Structure
XAUUSD_M15_4,1,SQX-XAUUSD-M15-2099b9babcff,XAUUSD,M15,LONG,Momentum+Volatility
XAUUSD_M15_5,1,SQX-XAUUSD-M15-275388c044cc,XAUUSD,M15,LONG,Momentum
XAUUSD_M15_6,1,SQX-XAUUSD-M15-2f7691a50993,XAUUSD,M15,LONG,Trend+Momentum+Structure
XAUUSD_M15_7,1,SQX-XAUUSD-M15-4645c0b6b064,XAUUSD,M15,SHORT,Volatility+Structure
XAUUSD_M15_8,1,SQX-XAUUSD-M15-4dc4e767f41c,XAUUSD,M15,LONG,Trend+Momentum+Structure
XAUUSD_M15_9,1,SQX-XAUUSD-M15-4fb9657faa3b,XAUUSD,M15,LONG,Momentum+Structure
XAUUSD_M15_10,1,SQX-XAUUSD-M15-52a4f191ef93,XAUUSD,M15,LONG,Trend+Momentum+Structure
XAUUSD_M15_11,1,SQX-XAUUSD-M15-53c98798ee88,XAUUSD,M15,LONG,Trend+Momentum+Volatility
XAUUSD_M15_12,1,SQX-XAUUSD-M15-57f0a89a41a3,XAUUSD,M15,LONG,Trend+Momentum+Volatility+Structure
XAUUSD_M15_13,1,SQX-XAUUSD-M15-597239b8039d,XAUUSD,M15,LONG,Momentum
XAUUSD_M15_14,1,SQX-XAUUSD-M15-7c1228c891db,XAUUSD,M15,LONG,Momentum+Volatility
XAUUSD_M15_15,1,SQX-XAUUSD-M15-82d381ef0b6b,XAUUSD,M15,LONG,Momentum+Structure
XAUUSD_M15_16,1,SQX-XAUUSD-M15-8e0778532ca8,XAUUSD,M15,LONG,Trend+Momentum+Volatility
XAUUSD_M15_17,1,SQX-XAUUSD-M15-a1a1e8085a2c,XAUUSD,M15,LONG,Momentum+Volatility
XAUUSD_M15_18,1,SQX-XAUUSD-M15-a28689e6afa7,XAUUSD,M15,LONG,Trend+Momentum+Structure
XAUUSD_M15_19,1,SQX-XAUUSD-M15-a626866801af,XAUUSD,M15,LONG,Trend+Momentum
XAUUSD_M15_20,1,SQX-XAUUSD-M15-b07056e8b4b6,XAUUSD,M15,LONG,Trend+Momentum+Volatility
XAUUSD_M15_21,1,SQX-XAUUSD-M15-cb27650ed086,XAUUSD,M15,LONG,Trend+Structure
XAUUSD_M15_22,1,SQX-XAUUSD-M15-ce442b1ed5d6,XAUUSD,M15,LONG,Volatility+Structure
XAUUSD_M15_23,1,SQX-XAUUSD-M15-d4c98c25f550,XAUUSD,M15,LONG,Momentum+Structure
XAUUSD_M15_24,1,SQX-XAUUSD-M15-e5e0bf9c925c,XAUUSD,M15,LONG,Momentum+Volatility
XAUUSD_M15_25,1,SQX-XAUUSD-M15-f2cc7777e21d,XAUUSD,M15,LONG,Trend+Momentum+Volatility
