asset,hash,median_window_expectancy,positive_window_ratio,best_window_share,window_pf_dispersion
ADA,0014d401c268e53271e2875c0d2e2f4ca5fc669f6817d7e1f2eb48f25caae564,0.2611157329158663,0.75,0.31954433977346014,4.91415036938535
ADA,091ca384c8da044f366d18205645ff7fb68f97fc1da446444305a92870942cdb,0.0240224126337035,0.5,0.7272100610996616,5.3570963341604
ADA,2ca887d2332d36f6b566dee82d48eb972e14706653ecd25663b5f7f9898a558b,0.0238963281300286,0.5,0.2359511800974145,0.278717373693246
ADA,4a97d90f904017698344f8e44d0188e2ac8d54065b71c4329edec88f2f436a72,0.5482952200953524,0.75,0.3298410278064434,5.031640470364495
ADA,610fb944321e88f3a6dbf2f87adc7735cea598471d99017fe78eb7ab3c788cc5,0.0579295240994538,0.6666666666666666,0.3286845552013871,0.543819519289397
ADA,65fa6fe8f33b177635aa98719b15e91f9c5e3a95461a7590146e7ff0d3e198fa,0.0407827541750816,0.5,0.44573462235702166,0.6967751743330316
ADA,6ac8c13ada07af5484bc7deb2cfc155b485ce8b88b3537c822adb30f4c14d199,0.1106607833263355,0.6666666666666666,0.28472209483679806,0.42287267499402303
ADA,71b876627aedf2959aea32f86c1dee31937a2a1425ee463a9529a74511032f0e,0.1265453555428156,0.75,0.46124148502224804,5.097913510396359
ADA,7ad9f85e85f6da7389a7b5a202dafb6100e069a7d5d3584c06520756d9332a30,0.069479477899453,0.5,0.8511873429703114,1.477407903703668
ADA,7bc42dfc4f8e1f822644d9be8585e2c8ff90e04fc9b3c5666087246459f14e3e,0.0786923531738942,0.6,0.34383959063813874,1.4376274688328727
ADA,81e9bd3ab5055a40be2639f7d13f0be33a98c963a86f7b230154acf16c9d92a0,0.0485100928474578,0.6666666666666666,0.25128955793422225,0.40499762445632975
ADA,824d00bf03a39f526a8f5e0ab6f4ea4481830cd7fdf50d1cf736db25b373e0bc,0.2629795719007284,0.6666666666666666,0.20014488490337276,0.3036561538892161
ADA,8658b680b2535eee2173c8bcae395b311843b1afb6ea8b9c6d492563bafdbb64,0.043801259068849,0.6666666666666666,0.4222738702809474,1.1743112517854957
ADA,8d1405167b75cf1b518eae1a38f5f62b1366a902a8114a60885cee61d3b6eda6,0.1376065374065093,0.5,0.5690924026597215,5.51319746289117
ADA,b498505c8efb97a86af3f5a5be581da4163b09df75abc8d21e4b337b5353a9cd,0.0040165499757907,0.5,0.26003400515473335,0.3870374363511857
ADA,bae2f9999a29cccd3a04dcef4c7caf2801832525944e230d55f7783639db047a,0.2304217373110473,0.6666666666666666,0.4478827367807006,0.644106554848433
ADA,ccdcd3cff7b49bd59ee308014fd227d358e1bd60e0773139c66458bfa78b91c3,0.2569628689987695,0.75,0.5334836306576876,5.328167167182521
ADA,da1e1e733aa99a7339e23c1c06af1cafe8898fa684b22b56b37ed5708ba89fc9,0.245789947863603,0.6666666666666666,0.30977186157643394,0.45264428398952977
ADA,db7684dc8a5e7cbb9bb474d343f4e85d071e2ec6354b4b644d9d7d0da13de42c,0.2429973663638424,0.6666666666666666,0.28854780828907595,0.49088034166695743
ADA,de9960d4ff3c0ee651e5ca3d19456861f479669e4530ddb442ba537dfc5bc53b,0.0934592722468384,0.6666666666666666,0.2536290033934288,0.36424005273629484
ADA,e3098ff41a080c146f6618678aff9b8449f5b703fec33cc2c0153c35cace79f1,0.5482952200953524,0.75,0.3298410278064434,5.031640470364495
ADA,e935036da75586df08dee1b0d43329bbd7f7aac17655b4a9650fe18ea0c5e909,0.1238648263518306,0.5,0.6563341443868914,4.985215252963225
ADA,f85e1145479c8c3a483315fe17b403edf534c15dac0fbd706f165debeefb0f53,0.0076562619357713,0.6666666666666666,0.22965282542382756,0.2861529638298364
AVAX,0074f3ab24b8d5d45dc66bbf522f92ba30edd052c5d370c1e333a35ee6c62c2c,0.0211010064796611,0.6666666666666666,0.19856544926371744,0.14099878907372282
AVAX,00bab1f0a47a4569c94e27824293cd98f41e205943e27eeb9e1ee18e528d9472,0.0330565226602025,0.6666666666666666,0.21867084976690368,0.23850715570644865
AVAX,00f7b7a99fa81114f6216b6ff5cbd48b91abc384c8407f9c10eed6991785ea35,0.0205073684945676,0.6666666666666666,0.2021476034882701,0.17982085211651946
AVAX,014323a5a676ec4d355a44f7c5323f2d7e080f7bbf6ae6ef15bc26e2e396d466,0.035660952942314,0.8333333333333334,0.1925295366001262,0.1172916891796359
AVAX,01dc35f019df4bb428b4f97bd8fa9d108f812e383144268a1b71f48d037f0c81,0.0288324067408091,0.6666666666666666,0.179404267901673,0.07551798261706473
AVAX,0258f16f55f6c3699420f9a600ecf9bed9be89e0b1e1ce44dfc5a6c4697bb272,0.0129133728935451,0.6666666666666666,0.18528513771732236,0.0877438940538993
AVAX,025d958995a02ded43a8a6232120605c60119196877d06ffb435a66d0fe617b8,0.0028805186311561,0.5,0.17526487802068863,0.05097542331590007
AVAX,0268be1b83182980f856dc2b9dd147a6564228c2b68ae773ce7d8543500f0afa,0.0113116272556035,0.6666666666666666,0.18619780233456545,0.11923545197750963
AVAX,02bd7e7a2938f37071f7dfe6d5e75f1614fc1bb6d6aeb8a664559762fd6a007e,0.0150179205625785,0.8333333333333334,0.1893067502739883,0.10701291178750673
AVAX,02cd0172b086b9b856c672e9b8a880e594067f4807b06e9eaadda8606b7d373d,0.0087830301331394,0.6666666666666666,0.1816420848281608,0.06570622992104211
AVAX,032e9583bbddf2ff52fd281570cc0de91923554800af72659a96935e4e492a97,0.1802967625755084,0.5,0.3669661956302731,1.1907797369697484
AVAX,03b6a4a51e041357d9d720e3b9052e01d69bb3258bd31d26d9b3050dc2f52bf4,0.0068951684051813,0.5,0.1860036905701662,0.08041805036662131
AVAX,03fd6ca5df5e94743d7d6e149dfb47495a1584791c345cffcd49676bcbfe1309,0.0571455784375107,0.6666666666666666,0.19191456340568633,0.17697642756690868
AVAX,046ee4395bb88f5ef605712a169ed901cc6b0bd637be0911d379922dc085f760,0.0091043888685749,0.5,0.18615170957771243,0.07218167952362006
AVAX,0470222f5706e57816ed18da50ea47dafcb10bbe16e5e54a678fd12d98bfc42c,0.0099884612954048,0.6666666666666666,0.19450932660046663,0.09912332834469456
AVAX,04f399d1f5cd929916cb0ad934b9aeab6348b2cdcbc7ccb1648fce7349a9c283,0.015835455679289,0.5,0.2266093613154528,0.26004693659154066
AVAX,05b4b7d4afd852f6337be522d9afdf516daccf66df778f5017927de04ed83f14,0.0162749921816599,0.6666666666666666,0.17931205571115857,0.05233942899271282
AVAX,05ec275820b4f0e3994e006a213b6ad29a503d7d7c8bcb15254a7f874dc7ea45,0.002889204119794,0.5,0.2037889378877608,0.10065152467071524
AVAX,05fcefa47dfa1dddafe1b131422437ecd3f70dc7c164eb301529e8cfaf22b97a,0.0085860966402813,0.6666666666666666,0.17434114545171042,0.022796702238116754
AVAX,060ec799742d71b17a4cc1265d5f442feae8d09f4d0eb204a70e2a51c4255e05,0.0096952821815015,0.5,0.18859739602594022,0.09452986949019392
AVAX,06278ab1d0632f4306468bc2ec74571c245b6207a921d86e7a3e6ed2e34a4de0,0.0101664297077132,0.5,0.178109082824975,0.07295678014707367
AVAX,063a522c4c2bfbb8965ed02c663be4e509fa76fb0a43cd80d899b903be7b535e,3.176263528686246e-05,0.5,0.1875479515977965,0.10077951295797946
AVAX,0641b9eac58dcd967f2cef89ce78e82d7eb4e8576a34c2956b3848026504bcd0,0.0141769163771216,0.5,0.2034049359210765,0.11720569982679695
AVAX,06b10fcdd35de23a7a2f1328d9becb9a27737f92f70702d9e670dab9e6da1906,0.0159280401348118,0.5,0.18426420971567353,0.08011135452024534
AVAX,0719c5401165fad08a7ab02a932bfd622310aa0a703ba6edfc14532bcd8fb1e8,0.0027070140671281,0.5,0.17561654564341742,0.07820247680261273
AVAX,0761401636a64c751f966ed1ed30db36cfa4171aaafdf1ee01a89ac2c7afbf7a,0.0227268117117878,0.5,0.1950316144736203,0.11974429138676221
AVAX,07b31fc356edd46858c88e0e8c3c8f9b21319decb20e19c93d6d9f45597a2a66,0.3462600403720405,0.8333333333333334,0.4852402141920438,0.9106475128018747
AVAX,07b56876f48303b6647585b527b5d2f13d218b952b75e0c09cd721b344595444,0.0157816990756331,0.5,0.2000621284444162,0.13442436074057953
AVAX,07da7bbfcdf05acb84aa5695a650b5b0d0aaacff9f50e697581d61fd7042827b,0.0052676852012627,0.5,0.20710318532968194,0.23764786665763138
AVAX,07fe88e35d5ed500bcf959f014f048b23fd2945e594511206f304d8a4f9f8c86,0.0040709755727081,0.5,0.23490780904293096,0.19864949989442676
AVAX,08d11ec0ab2ea02f05816e38e275873e1c1300930c466375d5f03cc3da6aff65,0.047772823856958,0.6666666666666666,0.18671070786636643,0.07906287739313234
AVAX,090619239e9318ab51d70bd33dd63f39b95ac63a536ad96e9c80a5f3a653dd94,0.1514099601312639,0.8333333333333334,0.22517528188266717,0.24618405284496345
AVAX,097ca5d0374b4e19b624688672d9b67caa2b7e2d95616335ccf35edd789a12d3,0.0031660105416196,0.5,0.1905039315687929,0.1116578105759315
AVAX,09acf135f741e81b9f2fc745b10f7c162c3707282448b6e9451eccbc300c82e9,0.0064962221164137,0.5,0.1907289863121022,0.1052330323202605
AVAX,09beaa6b8abcdd63a3afa9cba56bff20c246a563ab17ab07292c03618e381425,0.0140021660616403,0.5,0.19536408644020142,0.11364425294015307
AVAX,0a71430d9e14566e32973a0859c60d7110011a9718a36e11256f6c265b800560,0.0219787253877663,0.6666666666666666,0.17767553860430335,0.041698111204040204
AVAX,0af7e398ed8abb80b38132c551834d5ecbfdf151a6dc0241c50baf2f9aaef453,0.1786432224535685,0.6666666666666666,0.4323106573282789,0.8351211034051746
AVAX,0b1349b955c11338208b1a8495fe07cfd50e8fd5c1b1197afbbd1411f4a2842f,0.0015561600752141,0.6666666666666666,0.2665757220197959,0.23345135026248626
AVAX,0bcd4309f7b3ea9eb9133593111446005dddc555b8c2a7a84ef6a81c326138a9,0.0486434988018824,0.6666666666666666,0.20965426651438743,0.23458577424353247
AVAX,0bd40145284c7760a2f10218342a25b88ea82a2b84d5b5cfcb467de180eb8933,0.01580188617573,0.5,0.20729169368346104,0.14684483785040203
AVAX,0c29c2e20a0c5e79a5534880ff5d47272b916398146f6d359141a89ce95ef4f1,0.0034601878863226,0.6666666666666666,0.19370851693590085,0.09919313584505507
AVAX,0db0bb9ced3ef209f92f4fe6eeff1ac2e8e3f70b8ab66a362581e998645c8e33,0.0105091011710955,0.5,0.34725033283412404,0.6179605070180441
AVAX,0ded107197b28d4b336864275dd4fa58b274e798a84293c0254866f86340d685,0.0547389483803224,0.8333333333333334,0.19594629408537992,0.2074029061960614
AVAX,0df70e3cd2fe1f0f53b7c193050cb6c6e35c26ab82dbf558748820f3873e12b2,0.0313397948874849,0.6666666666666666,0.2621171685227856,0.24737968224622045
AVAX,0e1d961a18c07b2b45e0b8d462c802def89f3ab5ea393f80fb4aed20871c05ed,0.0058491346860152,0.5,0.18415055098369046,0.054047946396362644
AVAX,0e50869916c7ce22eaf60b38cc10a1ea2351b2d6d876579504452f176e9c4dd1,0.016419806335045,0.6666666666666666,0.18683963721109298,0.09071502574519842
AVAX,0e78bf39736364ecb969aae33f25be5636a81edbab2b7ea75c5fa1154efc97af,0.0053874292652159,0.5,0.17644245319907673,0.06724307456921257
AVAX,0eaaa0192f5d9919f3f602d02d4e105a5f9717d7db1a7d3b23e9e294846523f2,0.0095709290915098,0.5,0.20223054951310693,0.20578990301012093
AVAX,0f3e2882fb52bffb7e4ea1b5f3de21b39ba6ec8acfec1d46f0dd295a2a697b5c,0.0162977092055418,0.5,0.26071345984382266,0.3020187766720541
AVAX,0f898a75953bea09fef1c4032f7db44108f23a7b650dfb8391611d2fbe21c3a7,0.0148080842219584,0.5,0.19047557068803242,0.07724616163967991
AVAX,0f949225e48028840ec6b9ce6afc447c95634d642fd7dfb2528ca0d1698e60b9,0.0636955952434343,0.5,0.26955833008808794,0.4474176014072547
AVAX,10a71a0e020834bc82e006bba15e6e83badff9081c10798585a6f396d9db6b7e,0.0581750346695975,0.6666666666666666,0.19347765610742887,0.17214776327822642
AVAX,11b00fff46fe62c9e4d47738119f4efc16fe7e0812a8ec1e1ae5ffd14a7dc5d6,0.0023071980681604,0.5,0.19435738778665432,0.1047259919533408
AVAX,1208bc9f82157503b033c14e70f3a19db07fa0ac468cac0ec960e69a23f18d44,0.0307196572109895,0.6666666666666666,0.2080575294174194,0.17017938871371938
AVAX,1216caa8bfa9a232e9bfa4dec964a936d793c1adacba79aa64d8e7cf0b8d7853,0.0057879710745126,0.5,0.1915667903744767,0.07887749897166788
AVAX,129776ff920a74eb0ebbf6fcd83a39cc3098bc5d76dc32eee4b3448e59abfb43,0.007438547630778,0.6666666666666666,0.17531208387799918,0.06562722862173478
AVAX,12fe74b7c2c92b459005861745a5695035f0ec47d4eca98980b9ba72b0aa5711,0.0319034002833027,0.6666666666666666,0.1959285780047311,0.15878278531327158
AVAX,1303d2323fbf414b5d561d9f47a8fcfaf6b3a56a2dfc63a9b0f7df7986373843,0.000595094861658,0.5,0.1809727493292024,0.07257620771727159
AVAX,139ee4d14d1b4198a26c651e408f173b26bb0b945637c0e08ceec4fccca3cdfd,0.0178653703361404,0.6666666666666666,0.1805684023073327,0.08892812454505289
AVAX,13ee8f4fc09a90e6959eda4e1a8966df8236c7d779ae1612d4faa497df281fee,0.0107992858893332,0.6666666666666666,0.19318840404779108,0.12376733974453558
AVAX,14297090bfac833872ddb79d022005c9d9e257b63e607b83dcd486cac7482485,0.0062786879905837,0.6666666666666666,0.22845185039987562,0.21723932694537149
AVAX,15301f93857d9ee4da479e2857b3beb88f55d9464d1cbf2357539a0e3653735a,0.0666571721134953,0.5,0.39383820096216304,0.9701519259722313
AVAX,160d20bc50f72a9028a639daf0c4a951279f1dc6c1076829ede0730464eb6d73,0.0689628109509552,0.6666666666666666,0.20158285785588972,0.2034804872096328
AVAX,173e4590a2985f65f3cbc7694ccb3d93838e6b014a99fcd41091d13d73fc5984,0.0534789339130575,0.8333333333333334,0.18721070347906524,0.08071573550793079
AVAX,17c92af8ba9982733d675e70e167c917f93ed0b362c8e8ad4c0a0c432bba18bc,0.0471975003143343,0.5,0.25494615245530033,0.7748700095971409
AVAX,17fa6bcdd7eb6bf98b5f3f289a5a5af0967bafc7cc96c308bd7e62021d973956,0.0397145043930832,0.6666666666666666,0.23301580941340247,0.3375108660951311
AVAX,180751c6f8da2b6302a4057e3edb177e3765eb284eeb514c30f19d80cffdf10d,0.1269703744357326,0.8333333333333334,0.2267225453887633,0.21491611516072615
AVAX,18382390f7cc98843c483b139c11f5ea54dfcd0352ae3f3e21de94217e932c2e,0.0093212075843758,0.5,0.20752362731002091,0.35077602801763086
AVAX,187afcf3bb77a734c8906984fc5d4857d54611dab67267ee5f586d82117cf67a,0.0101358076996459,0.8333333333333334,0.2255186952029591,0.20126968396657915
AVAX,1919df9ba0e5b4a1be806da199370f88fc1e2c09fb00d1c2456a45e81f5b5727,0.0561206157609349,0.6666666666666666,0.2016954354978361,0.19127942826167404
AVAX,1a32ca993c3a9580e3287cdfc40cc68a456d3346ae23ef0fe2c7480a52516039,0.0683466889355809,0.6666666666666666,0.36704379027124656,1.2235458353279756
AVAX,1a4e8854d4406be15e7534d3e7e64f7edeac4f10a3eab0cc7525e58104a12471,0.020624126584749,0.6666666666666666,0.20017560616479874,0.11345023179357291
AVAX,1abd9fbf46ca2aa05f4ac34b3e735b9cb63e2018963ad99dbcc84429b93a0edb,0.0156038009130868,0.5,0.4429609631075888,0.6614265290470227
AVAX,1aeff6ead60681a20f18e7756c3eee083ba1f7d5b1019a5f668b8fc0f7237096,0.006077223096833,0.5,0.17670370275834366,0.04789427531992176
AVAX,1b614ab2556064cac1e805c3c74143720e01ab1643172fa134937edd020089fe,0.0060874387632503,0.5,0.18571223823663954,0.10405699012627981
AVAX,1b9e5d5e57f161711bfa23cd0916d5ec9a42d48e4a73191e431b9953420291a6,0.0807220543689549,0.6666666666666666,0.20791600195195137,0.2570993840839809
AVAX,1bf258505314ca9ea4c26323459aafce7734770dbec65d7c68fd3c72d7f96ee6,0.0271063543721432,0.6666666666666666,0.2124975143919779,0.14086012143155083
AVAX,1ce360063ce2bee083a1e5e87e836461fcdc14c6d90638a732114d189c68ff64,0.004418604248155,0.5,0.18562781540068787,0.06002806599865473
AVAX,1d7de7de8b29f47876b87d3595dee17297680587605a2de98cd07beda897b4f1,0.0010472184963874,0.5,0.17632859237695317,0.04220403550097106
AVAX,1da4dc47c1796c66299a8d115cb8c11ca852a374175b6ed85f9f9f60c0cc8310,0.0019953963524809,0.5,0.1768938108204834,0.04305557289089022
AVAX,1dd9da58ab0a183d4ed91e2c2e789c5e812a7ea2d8b5153ffb636b1729fa20c1,9.567328407151728e-05,0.5,0.18382661884009735,0.09495997168493901
AVAX,1df79c1e1f02ea773bddad04010b1c31d8c3df9f86494160cd127fe944613952,0.0057504725452056,0.6666666666666666,0.1852640016230462,0.08010129885348255
AVAX,1e4b3310e2105a6bda12d4e5e97533995dcff5c3d2e3bd5736580fcb7d51d68d,0.0118355394931995,0.6666666666666666,0.1803957154339079,0.12473453212058416
AVAX,1e829f5fd40071a2e6055ef79b3e2390566c7714403c4305f229e0d8f14a2d43,0.0310041175150029,0.5,0.528476074429343,1.3289417683013893
AVAX,1ec0ff6a42c5941b48947352d51482b61e1054262606d7dc5e7c76f3f80f9f2d,0.0315725434739424,0.5,0.20781388200616036,0.13271994578307267
AVAX,1ef7696711d369fdea1af2ae943114f49e865bb1b0d6749803006b613d57e4c2,0.0716804046979657,0.8333333333333334,0.1996433779923183,0.10955911778185909
AVAX,1ef96d8d2ce77340005929787fb1f272c420ca32dcd269e96a0ec80c7b1e19f2,0.0042876287098454,0.5,0.19484933473754984,0.08374801177682947
AVAX,1f4e8a06cfae804fd697cd4c966e54a12120dbfcc93715f693ceb4312b128b01,0.0222517714104612,0.6666666666666666,0.19422298750688446,0.13453998124845926
AVAX,20011c610e82449aaf6d0d231f394124693059e5cd1399443c81469c3cf3b2a3,0.0044074991404134,0.5,0.19699314712313704,0.097630318329634
AVAX,201e6c5f91246a190194b23b506f6c4553beb483b424605638d46dce5e6a01f8,0.0164531914206786,0.6666666666666666,0.20051782483266503,0.12445765274724295
AVAX,20b67e826c2c2e60206316fe884bf3deababad9916a00db7bd6c99abfafc896b,0.0029213791455779,0.5,0.20372676834472403,0.198198341035129
AVAX,217705b19daf511b58617fdc45c9cd702ef6baeda9c497fd805c71844dc321bb,0.0015079739210623,0.5,0.1793692866178815,0.048700041996175766
AVAX,21e2f9f3cff31ed02a590f518cf39bdd22c07f87d1ef6c245e94ea478e7fcaf7,0.0005216251294253,0.5,0.17796939793756844,0.07417738828236627
AVAX,21f18d749ea947a455d4ec8b617336c4709348dd4bd26ec1b14e86817eacc0b4,0.0069331583926762,0.5,0.1874347353118767,0.06967777138157705
AVAX,2258b1163da2f5457815eaa861ee619d98ffbb075e277436c19e3de47ea9f6bd,0.0033089828343109,0.5,0.19792323996594996,0.2046750548360982
AVAX,2262d5735b1079afe16e18c635af44c7b15fa145dd3314d29082b39bf6468dce,0.0341086812655355,0.6666666666666666,0.22602963437840695,0.27071438211360743
AVAX,22c2e73032f2f579ee21eca30d04b0a6abdca208535584e230e0290a61ecab2c,0.0007595541526289,0.6666666666666666,0.1828514443721985,0.07340927234671603
AVAX,2376d78111310eb0b7ef70ad4495bec5b5fcb2d2baa4a0b59cb329ab0c6d3f87,8.463582474806542e-05,0.5,0.18975792550962056,0.08631264947370933
AVAX,241505e957385785b3dec3dcd4bb604227c55d26d760f8c1e3b23d06bfa3a926,0.0051405904237421,0.6666666666666666,0.2052269217735511,0.14436366965632647
AVAX,242d12831a0995adcc37de9421f17b73ab5ffefb89a0e1d65e55ebb2c6f791ca,0.0076532123425793,0.6666666666666666,0.19069038189992393,0.15085957717952062
AVAX,24355c40632cf7bd5364c6713c057b2261093d924e03ba46963df8b0e7811f7b,0.4023361022027225,0.6666666666666666,0.27891132611284225,1.1790648634512744
AVAX,2470408d15127d1292386b1228fbda0f1c564ce9ec43ea6dc4fcb5fd8980cee4,0.0016465344408516,0.5,0.19329355324375408,0.08714620262552036
AVAX,24b1bacb8d4b8fdd39876a3f2af836d9a01d85447b2a3fc182a6331d187908aa,0.0128575553790838,0.5,0.1822482952615893,0.05331804820433702
AVAX,24e9fbca3f687332fcb7e11378e00b8524d7d75a433b04dd30510d723832dd75,0.0172507705515005,0.5,0.18517863772579846,0.0930973535762045
AVAX,24ed311b76b8131122196ab4bb18da7d5c1e7c79b5ba26ec8e93658aba552393,0.2138723347709643,0.6666666666666666,0.3939432750386375,0.8347856546325955
AVAX,258a9a221ebc493bfdb50f17a6a0a87d5030a0e524b06b18c2d67a49417e6321,0.0106851223583389,0.8333333333333334,0.20001280112431102,0.12754331986429177
AVAX,259f48c76b5177ba927cff9f274a9b329c8b8ae122f29cd5a5c4282a234843e8,0.0292665294056876,0.6666666666666666,0.19503035564481405,0.12682194732615681
AVAX,25b085af61aa28348b488728442262aa5f628fd78f9355be5ca082dc02ece5ee,0.0144210129046829,0.6666666666666666,0.17004940152404951,0.016358540774195775
AVAX,268fe6fbc77bdfe5878c270a78f409124dee5e02c2e397446833bb9db5185395,0.0067961956628519,0.5,0.1962826790340315,0.1268989176969539
AVAX,26bea7a891e65d2925512adc6d40faad5c8cc575873b247ee1b1215206723f16,0.0017935013964815,0.5,0.17811781845687605,0.07061549782662616
AVAX,2703b46456e2cc2408b4b9b1abfecaff34aed3a55ffd0b1106cbc44f78b9ea56,0.0163853710273632,0.5,0.20463474094432282,0.19921396023477211
AVAX,2767f1371b9c11238d259274941bc8c4dd71538341b31f8dcb30633a80c35f4b,0.0001442909352717,0.5,0.17672635372879458,0.027809321946920353
AVAX,2798fdab16387c845feb911d2345a21b176167cfd6162567eadca69724d1385b,0.0101497427446064,0.5,0.18621016337004773,0.11090247288518754
AVAX,27bf871390afe5cdc0c26aad7a8a304a22f3971748f0381cd9fbdfdcee811fc6,0.0122398469978287,0.5,0.2005683639396008,0.1272180625198328
AVAX,2805c96b4f0baab5049b202d2cef837086befd7c627894d884a3c3b9f8b91ee7,0.010320430900405,0.6666666666666666,0.17972337465455132,0.09067579123779183
AVAX,2844f49bbf1c5ff19d6c6de0924748750d6a3d8e2c56ef7bdca802c6f6460e68,0.0515538713725569,0.5,0.337814432478786,0.6373429114544781
AVAX,285cfdbe9013684e4802a0c6ce6d0ffe4691c345dadc74f5e0e7e2d9c36b5a7b,0.0010984938170937,0.6666666666666666,0.2021477273603327,0.09741457005225576
AVAX,286f81381b87d91315ce5831e6cd36a04df3ed2e72bd69bde24dc6f07161c5d6,0.0075107392781043,0.5,0.1758668245982683,0.05188612878718513
AVAX,2998d9ac7db3b8ea4d98166b5f9157e4fd2dd44aedbbd783cf1e970446322864,0.0580255163892263,0.6666666666666666,0.19160032074175645,0.14465715307371027
AVAX,29d750699aaa6ff8735a00c6c63202a2d1779b70adbf7647076dbd2ae47a6e49,0.0537271504669524,0.6666666666666666,0.2841519790665872,0.3457257000097424
AVAX,2a2fe93d2632736688181360eae03bcb8f3a1b622f76f72afe3cc4a27414c46f,0.0195865413446308,0.6666666666666666,0.21067242560084248,0.1793569082683998
AVAX,2af345cfce3d0911c3b6bb55281c9dcee98e041533e670e6ab1e5b3067e114cd,0.0492116776360744,0.6666666666666666,0.18454747526481646,0.08734062269573643
AVAX,2b0d79c2494edd1f184155031f7d795b86e00f8a368130ca067da370fc2497d4,0.1556598699849621,0.6666666666666666,0.25248419732608834,0.2757625388921918
AVAX,2b2d4ab2ef1a9c1150ff498509cd80a81c4f77bfa08fcf2cc69b5d40e33e8a71,0.055370282088411,0.6666666666666666,0.22953372713132422,0.2986644389294805
AVAX,2b797d2ad31da279e4ea2ece042dd68354f4d6133615fb790df61489582deb0a,0.0018558934669588,0.5,0.17140373857882732,0.02615264548160157
AVAX,2c0360231c803ee2efcafab65be8c002e482c36353c13829c980273ed94f9822,0.1126475892328314,0.5,0.33940669195629525,0.9846098465475646
AVAX,2c3779dc28053e55357d55cc200ea6b10dc5c0e0d603677ea4123a5938727233,0.0229999113167451,0.6666666666666666,0.1992937469685655,0.13862206758566858
AVAX,2c8d93c136c9e44f667b62cc0ef3963f941359dca6a8f77985e4a9842e579579,0.0084366515219197,0.5,0.19594974466026976,0.09986602856226771
AVAX,2cf6813fb7567f0f911fe8f4f6bf39f1e90d5c368cd474da3b3ce8beac3d3a9c,0.0125753884431937,0.5,0.19202076962908074,0.09170290949493372
AVAX,2dd5758cfbc11f236ed184dad801ee032cab8ad8461b314f0bedaa4d2325ea18,0.0884349540664952,0.6666666666666666,0.21759398839812052,0.39658773904589373
AVAX,2e1257762e9a7877fe7ed87e29a645f69fb2e2279c9e20d1f92bc21be8b004ea,0.001102190701013,0.6666666666666666,0.20508309759441637,0.19203402737789138
AVAX,2e8e1098105204fb4cae0a985d0ccf50e805d2f73cf7d870bf0e66996ec016bf,0.001665790143334,0.5,0.18739073271515408,0.060754041488872666
AVAX,2eb5b13a541f03b77cca3cec34649dd3bb5ecf32702ba28699d215ffd79efa57,0.005344456443037,0.5,0.1829998334455764,0.08251841945449244
AVAX,2fac031acee19209a136bcf75aa03b758e5248cd3cd02f24d48b88ed5e202bc9,0.0016450904315883,0.5,0.1945753005950939,0.09723839364782451
AVAX,2fe7863f2cafa4ebf5145cbc0e7c0b7247e3022a0727725ffd7cfb9cd98dd834,0.0596524977407305,0.6666666666666666,0.2383676837417516,0.20818665777443374
AVAX,30383a643ffbdc77dd85101e0c8cdee1072e8e19276125e1ce57ec384add9b45,0.03560142710402,0.6666666666666666,0.20120040746093085,0.15099848817532818
AVAX,3063957337cd6870e1017a71705e7250e8c68da31ab505678fffca76c6cdcbff,0.0028037926618602,0.5,0.231297154614872,0.29230305156240294
AVAX,306fba37fcddcf1ed957723de2a7977bf0ae2b90377c6713ca60ff6cf4e313f1,0.1645496979889144,0.6666666666666666,0.4020455083742824,0.7558702284883576
AVAX,31177b3dca860c1ba303b2862761ed85e062dca7aa11ab301764989653edcfe7,0.0288944760651988,0.5,0.21515249932554315,0.1733980257901194
AVAX,3126a817a44494c11dff143d88f80171355cb500a6d6e7656fec61189e13cfa2,0.0716160990773103,0.6666666666666666,0.21997266346036515,0.30045189522373844
AVAX,312de09acef22e93f952421b090a6e19dab464f4afd2ecb122ce826aaadf76af,0.1263242538757815,0.8333333333333334,0.25061849525223595,0.27115923723989027
AVAX,315999eaae48f9e3d0e905b01328c718a6b5bfae7a4ae143de58183f8e7e4b1b,0.0126213700261358,0.5,0.18714805341252833,0.1099096370293188
AVAX,320ebdb997b7162207b8247c1f26d645a1161415da74662fbe6422279f72dccb,0.0030910006436539,0.6666666666666666,0.17981337560841476,0.052059755721714035
AVAX,322f3b805e404581d72f80c9d19f4da40c2ca165009f5cd8a7fee82b66ddefb8,0.0955123598630026,0.6666666666666666,0.3423744680813912,1.251370615056316
AVAX,32a7dce2fbacda1b2215f0a9e4aade5c86f29a991a3726eb344892bfcfc1adf3,0.0233264125309525,0.6666666666666666,0.1838257616805837,0.08327382327159565
AVAX,335314e8dec2d4710c3cb18f5f3ffd317258db853d6e2a2c09976f20b4e1c11b,0.0069742282150683,0.6666666666666666,0.18348052809695004,0.07482062747192597
AVAX,33708dba04f2926b25149e4494459991c9e131632d180185b65c5512d1f12b4e,0.0078267415847469,0.5,0.1860141782585416,0.14691828539457688
AVAX,33a24111768bda2f26a11c11fe556e981a102ac59dfd9f756f473a9534aa6f89,0.0603472948991557,0.8333333333333334,0.22185820396260322,0.16414392888088544
AVAX,341a1589ea65f2e4730f1423635d45f9cd4bf693dc00d69c764fcc5c9c1966c7,0.0051213785818794,0.5,0.18860535250632782,0.08427737631810546
AVAX,347ba925871bacef2fb1a1451207c1b77e9af336e8a53f628daeedb5dcf3d6ed,0.0131836388374497,0.6666666666666666,0.18985958355555885,0.08603417709978103
AVAX,3481f06a366136c7ec3c081a173a314ba80eb065342c7b16fc22b17a874d435a,0.0012011541779297,0.5,0.18430075507684465,0.07273700193432713
AVAX,351f6e22bfa1df146a6fdffbfaf402145bc98056a5106f1af49f8b1609087d2d,0.005411846459136,0.6666666666666666,0.183252445940143,0.10825286501357968
AVAX,363df8db28d7ae64aa07039fee35153a95bc845b2e97cd1320d90c510bd6730c,0.0666571721134953,0.5,0.44648923963769915,1.0503164153219318
AVAX,3658e052ed6bb2603ac4c00dd418a1052b0af43a49d16e46c3c5d868cdbfd5a5,0.0368588150062394,0.6666666666666666,0.18792027100047196,0.09460903683774503
AVAX,37082ae374f5f871bdfc3be0aa041055c731f5d2d5ab3410f49ace5cc3f77053,0.0337899895648789,0.5,0.19483177571004415,0.11505214538600558
AVAX,3716e553a868836ab8486dbbdebde67fc5041829e9b77277b8efd55292bf4e09,0.0071880028648869,0.5,0.18758259609348973,0.07319536982737432
AVAX,373ac85391b03d76f3515e8a95e5f58e888bc2ee9817100cda30008ac02bec8d,0.0107586806414828,0.6666666666666666,0.18324105610535005,0.12104049759856221
AVAX,374bf3a5c20358181947a4ba324d804e0d889b36e3f7b94169e5c39ff6f7e1f9,0.0156212766593176,0.6666666666666666,0.20149226426580216,0.14809970910028883
AVAX,3786c4db57762e7b76889c196e3fd1a43159288a27fefd064a2ee1e3230dbb03,0.0107405939413679,0.6666666666666666,0.18509369017511546,0.08284305508396682
AVAX,385fa67707b5f349b600800e4fad4c1c63cb624ea3e01e6b104a4ddba2f59abb,0.0258845061869897,0.6666666666666666,0.1934654684886123,0.12747957522641773
AVAX,38c27994b04dcdd126e487eaeb78ce156cec2bf553a6301cf9db8b44b026e51c,0.01558657062195,0.5,0.23478245147009696,0.3214449340576748
AVAX,38d10bc634c689d73ba4fd4ca21f18f90ac4984bde65e5f07cbc81700f3aae74,0.006883660830416,0.5,0.19328828590247613,0.14210301613027734
AVAX,3972a332394592b73362cd51a8521e38cdec3aacc51e1eed3f6061cc908f2e23,0.0049184705668485,0.6666666666666666,0.18656314342973931,0.09111014689120643
AVAX,3991cbf24417c12e86623c3e8a01f6cebc73811b63735684e0a11f60bf36c15e,0.0188351036461422,0.6666666666666666,0.1971808966998798,0.10056909097996548
AVAX,39bc80a4563c1fcc1ec5bff3958a59e4725798e3681a0915cc714917f8272276,0.0561823745374777,0.6666666666666666,0.185462423008811,0.08033400816037556
AVAX,39c720559e9bd04dfdebe98565063be6ef57dc84b54b1009e3c99b76526ffa2a,0.0320462720716764,0.5,0.19790408874794907,0.12368995938493287
AVAX,39e02c920f59084cdc2683a6d222e2b3a03c8ca34d628e559c4b50083c37f914,0.0113049409413904,0.6666666666666666,0.18814394322944672,0.1211237960540818
AVAX,3a9c9a20cf93fe0af82b5d9d4c458a6498d3eca7500c5c4340388d3b45157344,0.015495912294707,0.5,0.18334891386576324,0.10551349960437463
AVAX,3aa665dddcb993180557b96ef759812456fba66557eeaf323b893e1925432ea5,0.0234969647924251,0.5,0.2035745948321164,0.11184071388650466
AVAX,3af282dfc5b345653b1334372423d89e168bd258e61ae809c742682a000a0e17,0.0321149100996615,0.6666666666666666,0.19769605899200463,0.11158296349704008
AVAX,3b662e7cbe37d1c9395e15d21ac42a972927e908091bd4e4d8b971254643ec02,0.10610281890513,0.6666666666666666,0.2457980695627815,0.285474570564898
AVAX,3beb73eaed50138922f1385eec65e851d9ede06bcec074b69884e3d425c049f3,0.1354134892510694,0.6666666666666666,0.22927044074824188,0.3176686575636087
AVAX,3db408557d1c58c72d76ad1ba371f4c77254851493c9494b8769c702fb366493,0.0056908665772092,0.6666666666666666,0.18232423873651124,0.0647317019251391
AVAX,3dfe2f780035d85e2f1823bbe06a2fcb55a11fbfe3b2a5cb138c3a1fc6e9a5b1,0.0012770300004997,0.5,0.1877865924786672,0.08694054869348854
AVAX,3e065eef92915cf9ae843b167bc17311cec581466a9bae4ee2050c485b395f59,0.0146690263754046,0.6666666666666666,0.18297293642357024,0.07800646177099291
AVAX,3f12638e79289d3b4f79d5a2f9b33dc20767c2b77b1d57d3f4a8b639ca9c936a,0.0584757885204072,0.6666666666666666,0.2678478744009311,0.32161414383908904
AVAX,3f45dee33b4a8eb09099da3c58a9dc25c407e4739e2a5a0e7f738540667f2169,0.0002293531863602,0.5,0.18589764617103688,0.06212703810498859
AVAX,3f5e24c6a55799a95fa8a2e6fbbf91405792265faf543a68152eec8641cb65e0,0.0045068154751085,0.5,0.17741691189670994,0.048916221225022725
AVAX,3f6ce7c3ff823df1489af3249ddad7ead40921ff300561385e0c7be952ff5be3,0.0196264207741572,0.5,0.1846204954785711,0.09367904241070596
AVAX,40314ed130b0eee4ba6416015a96e4e1393fdd04db85cdc273e472a9e99082f5,0.0221145499426441,0.6666666666666666,0.19093010157712478,0.09910474126287763
AVAX,40dd401e9cde2716a5a4b4dc51116dd845cbd23b7b9f3c677a7fb1f90993132f,0.0251539758640456,0.6666666666666666,0.2063119050112691,0.22373266783204207
AVAX,412fb5d9c90b135ec30164597864f1e64dd1084ba7aa2642026f96ad5174283a,0.0044225607156191,0.5,0.45277463640046,0.7403887962830382
AVAX,415e31a06a6669d9e9a1c0a80d90d752d73ad08d5dbc42f9dc21b5b9f4ba424f,0.0245598592150862,0.6666666666666666,0.2193440849322319,0.18284376735643473
AVAX,41a594ce9167b13bc9dc6cb28515edc032f1247e986f5d3faa9f2b562b9a36c8,0.0056134624248784,0.6666666666666666,0.17395376898551818,0.03926441215841869
AVAX,4222c2c42b5ad3bd4d0fb9219bed65f93740a7b71e7171cfa18dd28c80ec6809,0.1102500391394951,0.8333333333333334,0.21501888774290032,0.13726469278241302
AVAX,425ea464192af8f29434b2e03862f4a934c4188f12efd2493a4a2a893ff8b8f2,0.0320942730353409,0.6666666666666666,0.2197230612027601,0.18676943810007607
AVAX,426cb2465a93ef37e4e681c1cac0a1677f162209d869f9c9d81d1f47bb95ce97,0.0166634467981642,0.6666666666666666,0.18107833712300078,0.12289576095113841
AVAX,42839f6647a2b30f9f5795eba43759b3497271298f3423473402a5aac2b4599c,0.0511761826991115,0.6666666666666666,0.24551899982938513,0.23210534532146612
AVAX,4287164f394513d9e3e836ec10f0ea3ff25d9bfa798e66ded91dfd1d32ae076b,0.0018073627568456,0.6666666666666666,0.18683472367312493,0.06341452400538769
AVAX,42fd1f716ce9b65725a903be131a91a4520bd2849f919959292dceb804138236,0.0344993703416381,0.6666666666666666,0.22410394435823192,0.2663218722169562
AVAX,4305f9ffe5953dc895784e661a2a0d9a2400f849746a7a00e3505b7482a5e08e,0.0064212802945667,0.6666666666666666,0.18185815519351817,0.09559831799696807
AVAX,4342151cbc3e413afa35774a8e3de9dd5b69e4c6b90c9d16f327c9b44ae6978a,0.0202111525652796,0.6666666666666666,0.2240792746548299,0.16878686455490988
AVAX,4345436901c565ed24211de9f0a6b88bafe998b15bbe48fcce1e3ba125516cd9,0.0434758616672378,0.6666666666666666,0.1991968261965038,0.18077797289823247
AVAX,43831561391a772d9d3dace283489819b1bd6f6acb7074ed3af50e70dae79a0d,0.0036613669006153,0.5,0.20387499725529304,0.20523659040933234
AVAX,440bfc4c9a81c48546d498dda8b478454613007b3c4b3c421e31ea43eab93496,0.058161544704321,0.5,0.21881572623003637,0.24998393150029877
AVAX,44199de04407844a9203bac531ee71d27e3328bd01174c652a4aef2164d9cc00,0.0241591297104815,0.5,0.250524502909812,0.35100549157439637
AVAX,442813433c7ac5508bac7e9deffe65802533eb407fc07213e7d365ee5f95b014,0.0153211657936466,0.6666666666666666,0.18587909521469753,0.07998145489390403
AVAX,44309394b72bbb7430a4cbe26cb30f85e942a930837541d66794f7e5b04ded18,0.006327405832908,0.5,0.17937994270615618,0.06602307031089566
AVAX,44379d9092f8153260db810c34bc500b82cc7a5c043a6068dee6f3074247f32c,0.01468245602398,0.5,0.2009824015951276,0.17074630150178113
AVAX,44e6944ba368f0709568ed9c48af4f7e7d830359adbf88bc337550cbf79a041a,0.0021369213601036,0.5,0.2084239826345947,0.189293795622577
AVAX,454fd77e964047924946deef8521b546be98d0d986158459a3628e8f62203ba0,0.0120725167475406,0.5,0.18252934747512492,0.06415943945395323
AVAX,460ab7fb31291be362378c00064d862d8fbba5e885d322d12404c0cdd2cc966c,0.0467821787284519,0.6666666666666666,0.18107805852503725,0.10362274899817436
AVAX,460e613de01e753568beaf9b8bfa874bc62e88dd5cb2b6a3158a28d1e1a08c23,0.0548679196915258,0.6666666666666666,0.22420299781290012,0.24430254763089995
AVAX,46456847c3fa7592490676a9034a329c4fb85259c6026d3953983aa816e79e83,0.0115066259519741,0.6666666666666666,0.18255625939282258,0.05373840605891857
AVAX,4685ab25e249351c37967ada2b54604aa10eb20758bb1aa060e6e1210544b883,0.0035289921138719,0.5,0.18710250694626143,0.10348671650741699
AVAX,46d587adaaa8f49683adf84a532324490dee0c04b36664d5b878b0d210f15c94,0.0147942467369736,0.6666666666666666,0.19454781135691573,0.09952423903715399
AVAX,46eec5b5be51092bf959e18cb358664886180a0cf83ca42890b38d5d315c2553,0.0109353394493493,0.5,0.17929124362392593,0.06583114444406113
AVAX,46fbbc25e8b273668663cf0028ab38b05f1f780f5faf61fdc89e3346c28849ba,0.061432087554622,0.6666666666666666,0.18912670093173836,0.12503179026425468
AVAX,47181b451803a5684e864ada99f480bbb31c82e8f23b19a41f2d87a0851a9557,0.1519376021926761,0.6666666666666666,0.36961938358789387,0.6835398655728814
AVAX,47ae2fab30ecfa8bedc958e70a3e1580e1d6d26ac366052b0dabb26203569545,0.0611151744358723,0.8333333333333334,0.2105441000004582,0.14676740201569696
AVAX,47b729d3c56ca5a663a7a77bb7bc517f49ec5cbfa2cd153344c96d333add986c,0.0223347585676727,0.6666666666666666,0.17573786315119802,0.0556788731828818
AVAX,47d160519af1de2616a98c5278ccc0335222116bbbdc489e5e589c6a5f7a2e8b,0.116996076785151,0.8333333333333334,0.23184906405135183,0.22689431686606532
AVAX,47e43de0b5427babfbc797aee9a915a1431af5f8bfe13a371cdf3b7f1dbc7b29,0.024714881579654,0.5,0.20882972211213105,0.19109360677387335
AVAX,485ab323af85b45dedc755cd4134aff652760c1af740d6cae88146be07fcb34a,0.0028719537411025,0.5,0.19039502470505867,0.07595268637987414
AVAX,488f8180d4dcc6606ca5efa0b0dde887ed2421560362ecf639985f31ab29cbcb,0.0240782880614939,0.5,0.19797826141747826,0.08196532316436611
AVAX,49dae86cba37e9eaa04cb4ac066b85d761f35a56e3fe6dfc5b01eb6382b3fe64,0.0378598612896163,0.8333333333333334,0.18687378122595308,0.15669462903916814
AVAX,4ac657b1d9ef95cfd99af4e8d85b7bff9ae586ecbb8f0437a3f08325adef391a,0.0065108712563376,0.5,0.20088378485723657,0.17043921096784598
AVAX,4b0839b11a31447fdf4f42c2953bf3719b6c7a68bbe503dace8c5c89dbeffc45,0.0121533676335732,0.5,0.23287774790121135,0.2395476298556964
AVAX,4c49975a909921f4802544ba4fa9f48c66404e71fa17b2f0c5a7261ccd4cacff,0.0303471874208026,0.6666666666666666,0.2555035756947975,0.2771071257725595
AVAX,4c7ec14ddb4b8e06b4cbe8fc67e71e89b7a0ecf063043aff9ce58bec34e1ec6b,0.0356516364053813,0.6666666666666666,0.18170341733190634,0.08869849009624667
AVAX,4c9a4dcc0721ae3e58403b1fbdafb38f0cad4f809ad6233d1991bc4a27c0df3d,0.0007169452646052,0.5,0.18253226518436916,0.06915392978370084
AVAX,4d5503c1c13592902c04dd29c704d5b958233190bfd327bd83c7131c239de093,0.0193269772006789,0.6,0.34121624721381505,0.6126155630654204
AVAX,4d55e986b7ce4b28d7a0ab1eec7ae5f83bc56b65f60d722c0922fd8c217d1b93,0.0330573165073836,0.6666666666666666,0.20101619873275095,0.12490269824307537
AVAX,4df9202fc352396190c723a39e2ff41147767eb9c3ad28c74bea78159c19b053,0.000579980123249,0.5,0.17575555610668972,0.055451680573931864
AVAX,4dfd820974097ddd29c65a090d262247c0f6fa6066abc02a772eefc57b25015e,0.0082795917768057,0.5,0.193662988337798,0.08244192170448253
AVAX,4e0d451813dac0751060d969cc190639351ab8461dd2ad1b584bcead78f76af5,0.0029521928385043,0.5,0.1729858612423659,0.042797670594046905
AVAX,4e20211a8ed9bf6938339a8b50217e7320eb8168eb1315a23516818965e8ad6e,0.0030261934248999,0.5,0.19692785775682484,0.13434650127097414
AVAX,4e339ba7544bb81a0a4d04f9dfbd68fa647d1dd3e2de9c84879f37117d5f8109,0.0170628906708744,0.6666666666666666,0.18869954676229467,0.07556733092866841
AVAX,4e47f11e074dc6da0df87953afc1f25b83153f6ee8255af65a456f5fa2e79e88,0.0046305232232753,0.5,0.20254021240513476,0.1215765782168347
AVAX,4e77e2bede6676b9dc572805f9f742581402336d5d4120078b4d9b4da59b3282,0.0230929593314898,0.5,0.21083718348117161,0.1581862876867475
AVAX,4ef86513d34afbf2f29ee1e6cfa6c5547dfe9537e8eb10395579aae3d00fafe0,0.017843272327574,0.6666666666666666,0.19875592636899828,0.1410380130323872
AVAX,4f1a4061f73c9109ca85f07a22cbad0b0af4838c051e14d032f2e909eebb469b,0.0263305471876993,0.5,0.2835227832631014,0.5213081872088213
AVAX,4f4b3ae388ef58f98029b5338d06b80b1df8a97bdfdb26c523332eff1daec4b3,0.0050817629692679,0.5,0.19064474748964358,0.09804785704562
AVAX,4f82b0d52021b6f532868d25c012e76e40a619067851ca8a262a4d263ac0e80c,0.0998151997734943,0.5,0.3816381904278896,1.1164358749482093
AVAX,4fb9cc25418e6ce7babe0c0ee335daad74bf31d42af6735c163a35e9247076fb,0.1486852166674669,0.6666666666666666,0.3329562242497189,0.4055029083399487
AVAX,4fc3370921f94516599dbae8e73b6453c769708e27c3e048a67e796cd44d9354,0.094282926224817,0.6666666666666666,0.21081038175987868,0.2740768911794835
AVAX,50d82fc4520352cefffd4868f19a5af2e91f7306b8c3767457892e79e7567f1c,0.0129905064800641,0.6666666666666666,0.1838461435291805,0.08290698443450382
AVAX,51114e31a67a516a17066ae85547ae60821f0314718b1ff8249f9be316b9bf78,0.0166456233378368,0.6666666666666666,0.193841839169194,0.19306922918947436
AVAX,51bfb3db23077d804aafa5d2c4223dd0fd253270c6b79ca6c015c3f31827c1ac,0.0050799672235774,0.6666666666666666,0.2495042808493761,0.2514724063911899
AVAX,52f67fd7e40ad9d4a42ecc513f52134321b991d91f00ed315ce2edf9a1b70388,0.0041827970125462,0.5,0.17971632783803032,0.046835058023291465
AVAX,533d66c5657b48fde4986cd347344e6356351d4fd9ecd9d2d8746939ea18e598,0.0116317879949642,0.6666666666666666,0.20240367059776732,0.14746245392946633
AVAX,550e464920313b07b3462ea6ed4c930655caaa1ea1d4a13a7864e4d0f3225973,0.003231056714489,0.6666666666666666,0.18368791254811326,0.06365578140136166
AVAX,5536c604f0430f147b06470eb72a2caf19e58509fe2696bbd9bd0452466c4902,0.043513764885112,0.6666666666666666,0.18361362515807417,0.08615436346979129
AVAX,554ff37c170eef97ffd25b8132619a1e453bca16352224ecaf0263c617587021,0.007272225062587,0.5,0.18541090761518234,0.054288857046622466
AVAX,5556cf7c713525a158c59969950e5d25f2e312c6f75730ccd15082bcd47fb064,0.0162664248296794,0.5,0.19762550607090124,0.1155677744094055
AVAX,55644d8b4d53b9ef2e9dbbcccc9b8db038c96cd20295fe9969ea16a5520f3af3,0.0223243111093949,0.6666666666666666,0.2545878478523783,0.27006295405063685
AVAX,559ce3eedaf13a0ff86448882e275eb87d8c4a2064feecac4d9eace114545b42,0.011989172628933,0.5,0.20127057985428806,0.20681254717700157
AVAX,55a8d2d98b141a156dee6d5ac5e1aede11089c78ed378ff4cf98ff5e9e82c6ba,0.0020227750331522,0.6666666666666666,0.17384522907127073,0.028859790264595384
AVAX,55bb499c84ad16b3f6fd224da15f794b71f8a697fbd1b78e78e6e4f20c5b1c8b,0.0207881517301483,0.5,0.17981069344847045,0.05725658637424144
AVAX,5666fb7dda8089b2414db2be67f5c619a2afb54b08e22d069e74b83d0c59b551,0.0160526927670499,0.6666666666666666,0.17617836247040272,0.040843431026046685
AVAX,57635c5d2b8b91b5919047534c4ad7a29f2d88769377d8ca6e29738b6a2f775c,0.0002675672507706,0.5,0.19199884770738262,0.14274162007362495
AVAX,58704113b0f98f4bcae205b44dd92135c822dab0f3d48739117e6a294a830f22,0.0023981305375603,0.5,0.18769142599408273,0.09275243992023555
AVAX,587a1f7dd998d78fa675cb8086e9407c23c86273d30333fd02974d4ec016ada9,0.005575474652849,0.5,0.19890958662067654,0.12464982361604486
AVAX,5881ff94b623aaaa13706d970d475762eaef175d7f7ffc180d42359fe5d919de,0.0124759129011193,0.6666666666666666,0.1900480301519796,0.09791915115761216
AVAX,58a7fd1e15d063131e25fb0c23212a93374c6a394ec4e3ff2ec37e8879dceeaa,0.0453021851078779,0.6666666666666666,0.20497608246587248,0.17510182589665896
AVAX,58eadefc4acf967dfa1a2d6debf8090a13c3b63b27bcd0cfe6c7f5ad6fa25e94,0.0104486836289409,0.6666666666666666,0.23175060980205028,0.2542791381564559
AVAX,58efb91a3564a6a4f398ae225475abec1ad81fbe430614d3a43cc6edf10616eb,0.0040377051513361,0.5,0.18542533313519965,0.11391742172995409
AVAX,59b27f944393eca489ce5986ed7b112a739b9d44fbb831844d2bb034da7c3376,0.0035421608134938,0.5,0.1720093165109266,0.028185079202025853
AVAX,5a80c45b5a336e8b3215259094fbdbeb9249ad607040bf97d649843c56ed884a,0.0450210647632666,0.5,0.2531537869381143,0.6163465974084098
AVAX,5abe98c86a332d4b80371bb710936ac71cccc75bddf3ddbb74b6b80d67541797,0.0142922190015205,0.6666666666666666,0.1841958181793586,0.10916496199433844
AVAX,5b10db3226b06ae0e11a5ab15df15790072c775601bc28334d6b4482b4400116,0.018494849010187,0.5,0.1967054941612823,0.12338946784952991
AVAX,5b335e7dd1ee014a3bbaa529017c2d7d605554b38ae683186e413d3c1c4c59f0,0.0099778825013293,0.5,0.17661228401851609,0.057831395454035164
AVAX,5bbcebcf98817980e4db9a8a7ce5af8e7b20268cbc5cfd9533b8d7f4f84fb4f9,0.0082545284295085,0.5,0.26103133220206076,0.2770822252824753
AVAX,5be4ce4cc770df98f0f42913742459b5393517d1cf2fce5bd7156e0fb9cf63cd,0.0004845351844074,0.5,0.183466891056807,0.05964223317104491
AVAX,5c0ad400f7b9995cc4caef6949867d5eb9403c61c2f3b6471693c09db4677c23,0.0235792574995226,0.5,0.29726563519669075,0.5182293455958142
AVAX,5c14984c90d6b52d50a0522ac3ba6e1fe537e695a890965992769cd3b0d1d197,0.0055632322560371,0.5,0.21355645858478206,0.18638978333467393
AVAX,5c191a6d91fb3649fcd5cccf66f37834b651dd775210f6c22e6aabe0ec38af31,0.0273006430415604,0.6,0.5266382408802576,1.406879784402247
AVAX,5c35b9ce4e4f2521d922dba5b871ed6048f142436a3063e52127a1480e042354,0.0295008808021104,0.5,0.18988718284533285,0.12479549354819165
AVAX,5c4f24db5c681c2bf7b5a24287c35ac46beb5eb180475396563b977790813689,0.0324525616123495,0.5,0.18543721980405273,0.09904449302255271
AVAX,5d5182e252b09f03b7eeb1e752fc1878637f5e6f54c01ce731aebb12daddb9d1,0.0062522327317929,0.8333333333333334,0.17871883046699624,0.037353764419239946
AVAX,5e2624efb735b04bb9f2ffef9e04897ff214e089c6b85d1f98672d4ac01f875f,0.0123295924697714,0.5,0.18000520945959908,0.04868156957251365
AVAX,5e26c4ba7190da3b5cb0e2e65f479788943ef1f125723bcd805385949c670fb8,0.0115841646552997,0.5,0.19888184007948548,0.14706652240911094
AVAX,5e3f50000ee352f7e6c9d0134217f8d202ea3923bfab6bc6420a0ca408426182,0.0879181889810558,0.5,0.4162401324080957,1.2277503792290603
AVAX,5e421c40ebd68b2997174bd4235f4405e5f2a5d62f7a77b35e5e561a0823f192,0.0095290239945787,0.6666666666666666,0.18305964575463055,0.11658720163973822
AVAX,5e84e9d934cda1d2b840eb96ed3a0fa7eadb17782cf96cc3a925f7d700bebfc9,0.0068125980613138,0.5,0.20543388497605017,0.12155050134868331
AVAX,5ece3ec4bfa7822159ad62432a45b4ff94cbf3c3fc8aed128872f28dbc14d932,0.013231655693112,0.5,0.1842935301706815,0.07355336571522136
AVAX,5f46af03659af8af8005e8ec0655e87fd7b9bc15c25660cfe8e5c430705de3ee,0.0045966149083817,0.5,0.2286351305366183,0.23472633330136486
AVAX,5f83aa1cb5f67820114872d4fe4e4d22dfb780bc557d331b826739408bbf03aa,0.03368146735533,0.6666666666666666,0.20200992597245201,0.18967928791819333
AVAX,61755ee4bc95415389901f5a3e477a9051c7e9581654152dc1e00d6de559c9f2,0.0333749197413013,0.6666666666666666,0.19085366746042198,0.11090070098868947
AVAX,623dd37533adbc2ff331866b1efc0c624478e5714b2d5677ff0697d5fa41f293,0.0630126835576276,0.8333333333333334,0.1911806895839311,0.17962112749322778
AVAX,62a4bbad83ecc7f5b5eb5ce63732959c5e287f36819d1116ba21e0e5752536fc,0.0122067568103976,0.5,0.20136184865312134,0.2015161408626154
AVAX,62e37d15ba78877b6a6e7a3dcc54fca70cfd664adb81b1819d48587c8c4f5efa,0.0076474453980559,0.6666666666666666,0.18742105322078162,0.14555198773808475
AVAX,62f96f0843f078ee5d7c56268fa9bff3de59f6a903f4d8c5b7da95572e93534a,0.0249336450486612,0.6666666666666666,0.19454673295229682,0.10122874846530207
AVAX,63ada8bc7114220ffbbf36dd76be725bfa722a4ac042fe4237a9c5ae456bb67c,0.1040307462048636,0.6666666666666666,0.328831908800182,0.4116038220715098
AVAX,63b31a871cb73a952c66198ccdcd074060e9994773768def45346352ebdecf23,0.0025032363828572,0.6666666666666666,0.1805867342959551,0.06685846112767722
AVAX,63ebf8b71bc5eac11f1a3dbc5aea439a8168bd1117fe957824d1ea728b9166e3,0.0259427375826383,0.6666666666666666,0.20917180598817628,0.2071282324314153
AVAX,646b85f1201d1d86615a5a011475bf6b5323eb5a55d4e1418a88bc20d538e918,0.0010668133133091,0.5,0.17248405557106966,0.02963114127218675
AVAX,64bd0ed02ad9f5e1ab522214077a045115e541709193d40df29bbfc667491ec5,0.0040913197214447,0.5,0.18544503892446754,0.11086171669807784
AVAX,64cc095b6ecc2477a8018fb35f89421c2ccd45bbc09d6aa98b9f5c21f7640930,0.0377563329381531,0.5,0.21074652617290984,0.15774244544547164
AVAX,64dadfcc1a0f6aa9ee90c1e897cc1fad5abcac149e38062111e8638643942add,0.0842288556629045,1.0,0.1929334522068116,0.08358391650384261
AVAX,654614ad7af43dde45a8e119912094a18fdcf8b7d359551b19889e53b9be589c,0.013198783575676,0.6666666666666666,0.18876021876651533,0.11694902407867812
AVAX,6550d265995c3693a9bd21f0ebd07de6a756a15c6ed3de5a0e7c5c47904fc400,0.0068055272539165,0.5,0.31137174092551617,0.4668752939235459
AVAX,6556729b5b1deea2715df1c0a325de36286477c84dd76ed498aa03a77d56d603,0.0056304001064621,0.5,0.2126872655643491,0.19008994647855856
AVAX,656e933d797e47aff05e92e65b5c325c182bb36c285796a2999ac1131f11f4e4,0.012610992356824,0.6666666666666666,0.2063207424235897,0.1328736981135284
AVAX,65d6ec66c9bda863ba906151df921149ff3d261c5c328e5536f7cb29fee01f78,0.0355528580886526,0.6666666666666666,0.3236007537335048,0.46457154055119176
AVAX,65e48ea67ae9820ab36e9d30a22e06d9fa3cca20c23a9f425f4be716686bc3c8,0.0098546114845637,0.8333333333333334,0.17853960667741506,0.046732596978298346
AVAX,65f3338c8592f61d2a6eaeeb2a0d1423b14d1e3a77cf2e13c4f5dd8f1c0a9ffd,0.0486362835484847,0.6666666666666666,0.17922288694208402,0.06167209088636336
AVAX,6633d88300986907676166a10dae71b385992f5171fa21b0000f7e6ecbe15c2f,0.0221534269593424,0.6666666666666666,0.19970324613336038,0.1511599031879582
AVAX,663adbaa0cb901ce1807611b5e9618bb375360a32c057aa19a033c103bb7c466,0.019286158350645,0.5,0.2073152135261672,0.3653396115589446
AVAX,6666649d7922d3e3c5231ff21a1d76e99d7d5718c5eb6d6a5d75c196f58dc106,0.0068125980613138,0.5,0.20543388497605017,0.12155050134868331
AVAX,66694c389f2385b456d0eb63f99611ac1f1770c91d658116ae40645e6cb07cbe,0.0200235589721309,0.6666666666666666,0.19705854796399724,0.111760961548201
AVAX,66976abb2bdbe49a28a07e7ca7f4dff16f5aa2838d866effa8687e349a161367,0.1333572918718936,0.8333333333333334,0.37342244205753944,0.6354242196596526
AVAX,66e99b438ff9b81a74fd06f722d7b97c72a9faffd32767f0826c53d7f483686c,0.1796203661722865,0.6666666666666666,0.24087936048210687,0.2702974849073705
AVAX,66f524c448acc5c54e03a166a8f099932b79cf372ab30a84fc6c919cc216c1ed,0.0084594542410731,0.5,0.18173735061889176,0.05711816993983851
AVAX,671f3d1c114e471afe2bf4e6f4988c3c56c9aec80d1111472b8ed1b5690688ae,0.0059458943490241,0.6666666666666666,0.2275636033954074,0.34574078227435173
AVAX,6757c4c8acf2393da6345be3b6666a3327f87f2cec018a79c7e2de05d7135894,0.0040436671553733,0.6666666666666666,0.17333351746083003,0.03166895425679412
AVAX,679c86825a642cd6ddf49e422e2bd1c8fc9687e1b819e4aba893949237f2a459,0.0327537300260164,0.6666666666666666,0.19566686941206646,0.1523205465869048
AVAX,6804f0d7375e6db02e11b842361a45f77b13080a7fb7765b0b287e6dc20a3894,0.0161140999491636,0.5,0.19805075927381616,0.1521342803301739
AVAX,68847a86647ba2a0453a2c443ced871eedf67f35db6bb6d83c4edbe95d7f7226,0.0027804667796333,0.5,0.22964640680748957,0.28129633445085883
AVAX,68ea9eeaedd01a5a0d00be52d95f9f72527f7cdc80b51ac9048bf998f4beebfe,0.0442500544457034,0.6666666666666666,0.18412870798304,0.08001950153034659
AVAX,6a4dfd8ab26420006c165b8f614580cf3e7f76048abc80e8f01d86af85672663,0.220213747378684,0.8,0.24341353920989878,0.7933228531012292
AVAX,6a53337e4dc5ffcbee3c73f0c6902545f3c285631e5aae13cdc7d317622cb109,0.0047689249790735,0.5,0.18999170375077404,0.09654419122176372
AVAX,6c496fd9d3a778478efaeaa935dc74783dfba2bee79a1d6f19912e0df011d5dd,0.0104497195932419,0.6666666666666666,0.18556246806130086,0.09758887128456008
AVAX,6c9b2b69dd7f88104555b61c9d2a78ee1db85795272c5f9764ddebf68bab0850,0.0029207578874686,0.5,0.1765024319080546,0.05861928572526014
AVAX,6dc9cb2d07b952eb834482499cdea5e607cb5f417c4670eb1c86259838b282c7,0.0663580085792394,0.6666666666666666,0.23985316559713035,0.6081086182034011
AVAX,6e2c1c8cef4eeaba8e4a73377753af4e1bc3d23ced9dd8504f7c37c3de94ab98,0.1593862883658767,0.6666666666666666,0.3353390158358037,0.43089389793597116
AVAX,6fa4d8d42477c26980404dc8021bdc12933e48eef25de9cc6871ebda2f59474d,0.0021677905042753,0.5,0.19303110349490887,0.10810299377223209
AVAX,6fb0ad2e9d15c282612965adcbed4a73f82ba1b0ec0eddb73883a16cb1767876,0.0152355723325592,0.8333333333333334,0.19482242683416726,0.08878937112069084
AVAX,6fbed423f0d2add9a0a0453726e1143f1e5398dabbbf8f096a389f8503e69000,0.025840135493068,0.5,0.1833108242768106,0.07234131877619987
AVAX,70310f3c5e82be3d3bd5e93d978a68c855fb27f579c31eb23fb3b7c26c66c4d3,0.0024717559319216,0.5,0.1805602315837875,0.050731715516668066
AVAX,70637adf5dcc88770bed9dd21f42b81ae731391b4e1b724d34c696ec0056498b,0.0071078626183523,0.6666666666666666,0.17896021714020158,0.050082290390237746
AVAX,70c801838c7132648ca11f6d1c4864f50e94d4478c8ffe39175734dd8aea55e0,0.0155398298307317,0.6666666666666666,0.1757172398292352,0.04348586004108852
AVAX,70d7fb7896dd9fd2af9d6f50968a95912f19bc3a5072ee3624222d259c17a974,0.0332828551179297,0.8333333333333334,0.1971779990976109,0.10676090802853742
AVAX,7121a060d1542bd9977785afcc036e0e15666a9ac5aee6232e87bca86a73eb8d,0.0299233490513062,0.6666666666666666,0.2740802558812328,0.45247530000122343
AVAX,712831f4754cb96c9238cddc87c0d1f8b2fcfceaab7c4daa7f98e33251e8c280,0.0148172772166235,0.5,0.21158612374810087,0.2455386904307798
AVAX,719e1163c0b33560b2f5e298992de2ece410e42c084f2b8a068986b8b1412ce2,0.0113567616610934,0.6666666666666666,0.18640065587564547,0.13483849088561464
AVAX,72b4d5f5009515487b9b78a526f72c292b7b52f10ecca96b8d54759659bcbbb2,0.0048527767626982,0.6666666666666666,0.19925786792841851,0.12051592095301798
AVAX,72c3f7c6e4c126ce04e9c95145b5c03d9627fa6dc1cf375e9536463819925f5d,0.0069795104122847,0.6666666666666666,0.18149840978137927,0.05835923865559102
AVAX,7365bfb07e4a7bb7021d26203610273579b65e6f392bc7b4f8ddf5becaf09102,0.5588993713792952,0.6,0.3745686826467521,1.1786919881602682
AVAX,7392aa73b69b038f72b2b80073111e478ad8d3a5daeb60100f1220ccc0f139ca,0.0112232029696407,0.6666666666666666,0.2072920739946883,0.13080316263791822
AVAX,73ba3e43241a6e9a4edd1e06fced3f71c3796203c8005a33c7c4299505415fba,0.0088413238682468,0.6666666666666666,0.1817116685444918,0.06807405453130674
AVAX,73dc01afd888cb61200fb2f34e71bf24a00c5fb51ba72dc71d57a2af06ff7d85,0.1057762934523548,0.6666666666666666,0.2036656402093085,0.16517491695755104
AVAX,73fb826c758c67910469fba9feea991a6e44ee57393abb8628164de5a2aeebbe,0.0141537136768894,0.5,0.2000170343422031,0.1685252561873477
AVAX,74a8f63b42c5482cdcf8e3afcc07e0b601819c0a9bff3caac417f905d1a61a0a,0.0103674495933977,0.6666666666666666,0.1907889650020239,0.08522064389350788
AVAX,7502fa785b7dee525e8f7d56a1271ceb027ae898ad554a87a0af9194185da851,0.0194416789538327,0.5,0.19221295375876682,0.09222657718610484
AVAX,751ee4ea0a9df60b149643347d6af3abc3794e5c6148604d340803c9a8c4116e,0.0212660163369396,0.6666666666666666,0.1939605041571614,0.13591266517467007
AVAX,762971db210a1e299c9d182f6a7beaa9a32e7598908fed2970605a5f4ccda200,0.0101007556927204,0.5,0.18992987754241752,0.10049007822379408
AVAX,76886d475afee8221d30e0025606327c49009c6b6bbae1686a5ded8f5bdaa860,0.013021603587695,0.6666666666666666,0.20164948949109504,0.21205432613358888
AVAX,76c6c1eac8ca537c6e6168d4d3c83cb4d656e828e8a26cc684862ed3a2cb2e1b,0.0213399921800773,0.6666666666666666,0.16903599679882922,0.008534766519188513
AVAX,76c83b91bc271f95a9c5b0097ec6ea0cf3729fa691f1712ff5c588c106798466,0.002697687065711,0.5,0.17911019531793804,0.046834429676616884
AVAX,76da0675d6f523993696e5ee627771a59c4ac3aa148470c82354567f19be4fea,0.0738424518685245,0.5,0.21995959417103178,0.2469764758601704
AVAX,76f4c92042bbcc97556595bebc6b526c07330769d433016fa9e394f68eaab980,0.3125966356317184,0.6666666666666666,0.41238867877070545,1.0057361588512193
AVAX,7770fc5284d775eb840b9ada69dc353806298d5592c349af5fa6e4da89368ce7,0.0135363859454477,0.6666666666666666,0.18848102113576634,0.08072767215133594
AVAX,780901969d94d945c70579f0e282b77ca860723bf88032aa986073bcb0f1a798,0.0558298383442601,0.8333333333333334,0.2050213817838835,0.15918828092434667
AVAX,784d0ee92cafa6800378ad4d3e1df0db83fe79d616eedff8e70cae39f4ec17fa,0.010953097697144,0.5,0.18642209188424275,0.09218035235394637
AVAX,78568b04e43e1cdb06d50221db53e5473b742d356339d4493a7966d19100e492,0.00175079197328,0.5,0.19148788744972034,0.06703721892451825
AVAX,78c36119faac504e2ccaa3cec1baf32a27dd4c61155e775998e2a3c14835465d,0.0169933131011431,0.6666666666666666,0.1988939879787911,0.1345412614882683
AVAX,78f48db27850295d7f977080cb391a2851e525c98f82a064f838011cc6843bb0,0.0052732717912351,0.5,0.28053918244620135,0.34453874510401844
AVAX,7a73446af3ef22ad36da34845ddb3d62f7fccc93f3e1ddfd808ffcfbb9103809,0.0484478277071744,0.6666666666666666,0.3118754073359767,0.4938661068735481
AVAX,7abf29731d8668e6b05132e62387349724fec46459611a6291805e708f167360,0.029134878838006,0.5,0.27503349042075054,0.37447648059447736
AVAX,7ace312ace99daa1c41a95b9e95647f442e0d9abb8f2af46d2d6e117790e6077,0.1978673069328985,0.8333333333333334,0.2375075055882373,0.37348299796293355
AVAX,7b850aa6178e87813487704636c719e3b89261b6afeeda67226476baaedb2db2,0.0136182157409723,0.5,0.21407957344309092,0.2128834154190131
AVAX,7badd9f32aafd400ce7c43611d9860e3a16542641f4fb49afb2f8f90c88975a4,0.0171393936583408,0.6666666666666666,0.18340675751642802,0.06944852359460445
AVAX,7bf5249ede6c8b22dad1286357d2f4fab06aafd9b9a2704d1373f708628335bf,0.1238003782291384,0.8333333333333334,0.4550698244284179,1.0514757800951842
AVAX,7c42371b99be75dd71e73bca9c8236e7fce2e3b8becd52379c261108d97f8922,0.0109285368958005,0.6,0.28494380212116877,0.4934292769080114
AVAX,7c473b193d8140501e02f43ddfde3410a92788c0d370ff52c837a485984c023b,0.0069031625721553,0.6666666666666666,0.18520552355262088,0.07668990857565153
AVAX,7c6bf00a72196c2bb156b9bcfd5aad1224257d0731036b46d3338264cee7ba08,0.0331858240962661,0.6666666666666666,0.291732288343509,0.3964423856102882
AVAX,7c908df3d03f8398dff8f0139f916cca6ce5b46b6fe52d7ae44b8abb5e55fd34,0.0555460610023854,0.5,0.9030773195314323,1.7284814316234511
AVAX,7cb488bc0fca99f41a8e259f07a772f1bc9f547b897e33bf4e6509c0bc147137,0.0031627579279489,0.5,0.1944590276816917,0.09113066688092517
AVAX,7d92a3289111064d8c5a995ab078ef3f7160d42884fe4de2596b0223daea34df,0.0278506064823763,0.8333333333333334,0.1865663048395965,0.07131762960746785
AVAX,7daf7831e7839bd937c8a9b91abec5bf137b1be4a69ff1a091786b19a7359cbb,0.0371947271025604,0.6666666666666666,0.1968984002077087,0.16003228535269062
AVAX,7eed090d5266a41f9cd0c07fdb4c9893183eb705eb72d5b43672b67b72fddcb2,0.0072231905268913,0.5,0.20179414672401524,0.1319835874828957
AVAX,7eef8277430a06e811ca522bfa17778a6b1fa58f2f19fb3250113ce86ca6848e,0.06893728533305,0.6666666666666666,0.19423876977164856,0.1600571608946826
AVAX,7f987e8b88a1a965f1acede7c566c7304234661c8eb0f6b667ba1b636f8fb6f2,0.0283282215972054,0.6666666666666666,0.20925281875224253,0.16701484987166496
AVAX,7f987ea8d6eea1ce0da5e06bc30de8443056c734366940de3284299207fcfe98,0.0061228355661554,0.5,0.2280628416771896,0.2123547365807264
AVAX,7ff50602e321b0169cce56e54fe9e56677fa55f66b750079b0b57e9d06a36252,0.2151339147493358,0.6666666666666666,0.3402452684418248,1.1055627962781032
AVAX,80100599867c5557c04ecbb6d8ad9f98d5decf43bfcb4944527cf839c7173d67,0.0273006430415604,0.6,0.5266382408802576,1.406879784402247
AVAX,809cfa56fa49887a3e031226b7946a092accd41aeab17bb7f87ba383d6da720a,0.0019051210525737,0.5,0.17966798116398383,0.08253558931303548
AVAX,810e7dbefabd10645245150e5aa4b4e2a160b0d2183608152f2962405a9486c5,0.0055822857148732,0.8333333333333334,0.1785688913309219,0.0841528611183977
AVAX,812d1587bfd5948f433f0ee86f01b449e9c1004c7512b321c97b09b9f3f9a60a,0.0064358304207312,0.6666666666666666,0.19524871461918314,0.08378753642450201
AVAX,8208fb8689c84b6ef2118b838b2cb71980c59bb5272e500dc45bf90d0f68b773,0.0262251279874942,0.6666666666666666,0.18797678242894303,0.09745852840378856
AVAX,822fd66ed1ce1bb70ede0bb30f53089a81e478a2d63334578dc15cd9a4106c7b,0.0034960729817284,0.5,0.18337920221335796,0.06915294399074465
AVAX,82356fcb13e5e9683c394e7d05208c7eb98123971cd9b462df8b7cd3e43f5ec3,0.0646373691986046,0.5,0.26970604310481927,0.3960038209173107
AVAX,82af2e89f70ad6ccb4301b9c595dfb9c2a8a6b310d5692621407a38200b93599,0.0050183368675234,0.6666666666666666,0.19770312161932294,0.08324162101846164
AVAX,82ddcbe1a4bf2ff851507019c1973b314d62883039a753f3c2964e9d20ad35e9,0.008281607761547,0.5,0.1968835132464843,0.10560014946479954
AVAX,847337e7eb42fb4e43cf37bbc86760617333a943981245a9530ee153e7890334,0.0576885536918678,0.6666666666666666,0.22459535144091622,0.29979696544196566
AVAX,84b034c06cdca69bb60d3ec7170d15c04b547fe699ccfa83f17b33d8916e0667,0.0023766788130293,0.5,0.20906481525741108,0.13476579983665904
AVAX,84c8ce1d7e0e7f3408071b292fa7070dbbca659cf7636889cde9cf88bc41c53b,0.0106870394660893,0.5,0.20845336518019142,0.15877274179968817
AVAX,84d0595662928b026f35512f5968f86207fd828abb4eb3fa65cd1f3ed64645dc,0.2090865224701136,0.6,0.5979080547472948,1.076931642248269
AVAX,84d09c2a9c7a47a71a999ed4681319b50a52b3de797a8fe02fd675c8c1654383,0.0924270419194529,0.6666666666666666,0.29122642504095236,0.8396792256601577
AVAX,84e2889863045f0a6dd8e601d28814a067de058181fbdf55e19f89aae5851ca9,0.0077357318744964,0.5,0.18762888053699173,0.10127958751198166
AVAX,84e4b4162f1573e265c4a0b4413af77e7f61c84cf7d94fa29ffa17e0e9325570,0.0032178775620162,0.5,0.21700018803733068,0.2051403116666706
AVAX,85571ccfb92ebe7a6e992551e146a73017a43fd5100f0a4c221efc4683bb85e0,0.0190057251323521,0.6666666666666666,0.1954906722106224,0.12881423476500797
AVAX,85be114f39c9155b6455529b9b7988805727b6d5d932873a68c3b9e650da23ad,0.0066875551967915,0.5,0.24140840553619755,0.306738559626364
AVAX,85cc274879b43bd99532f295f48b4418450ad7c15d2b1b42f3bb614a1779cb49,0.0136603224479828,0.5,0.18531360109499884,0.07059600548825612
AVAX,85d78aa4ff2388f4a132b4a4381a06c8659219b686f1d4b9e8babbbabea6c87d,0.0375693064233168,0.6666666666666666,0.1884848526952353,0.11775296548706538
AVAX,85e7205d6bbd40d7003375fadef6302888b5311b229944fad4a55c314fd70dc6,0.0183225716234359,0.6666666666666666,0.18536170271099475,0.11234328003972699
AVAX,866fc392d67ff3bb1c8de7d1c6fdfba1e58be8f439e823eb7119780493d0750a,0.0012890628445751,0.5,0.1776894601591807,0.042360003410064656
AVAX,86bb81fa04a4eedd02545fcc7bdb15af905936d4ff84dd23a2c4fda3ba6869d3,0.0126092700960906,0.6666666666666666,0.1822124951183435,0.06515780244023939
AVAX,87b2edcce4db1feaed7044979df31cad95dceaff07b341d0b934d0507c91224e,0.0013676047943719,0.5,0.1807672468384182,0.04966758072659299
AVAX,882f2c16618cb92a46712d8c06e1333929e9f5332192a30f3aeaaf4c541d4544,0.0887125552870053,0.8333333333333334,0.21859793391141602,0.15531589035964175
AVAX,885e7d4cd923075110e14dbc4949952c957d22c68fe8b74aca43c432e5601b99,0.0107042537982418,0.5,0.190027979056104,0.10575966580763325
AVAX,8889cf5cb7e253c429827d7fc95b2a7f940ca2d54caee572f3cfb4563f9235a7,0.0081076516282103,0.6666666666666666,0.19360613483246358,0.09283958189394872
AVAX,897f9958d550f13299373f68b4c37eb89bfa562197592d873a6c27ee7db27408,0.0042782674819575,0.5,0.21548435791926815,0.223660414637307
AVAX,89ab6859670a6d3ae2462de95c404fadcc7c4ab4732feaca19b5361deb250ae2,0.0015546354321386,0.5,0.18511467349030464,0.06398195684145287
AVAX,89d869170f3157f98cb8a932481b4992d9059f9b6fb74bbffd77b589cafd6163,0.0094075830678124,0.6666666666666666,0.18061831009325313,0.05606285738274214
AVAX,8a24cceda064b14edc8ba37e9e2f74ecb921f36323bb8489ba94bc749e8674ef,0.0078916304482931,0.5,0.1876812618778055,0.10095945624105097
AVAX,8a279342edf4734bfb17839ef0c4111e7b00c6697200f8967eeaffb902d4bf9b,0.0768299900596339,0.6666666666666666,0.21921014453899473,0.2549891343928868
AVAX,8a961b18af973e485fb15cdbe031723961e25e936f7247438b83983aac4a591f,0.1466495688193234,0.6,0.512232086329079,1.3712130029498875
AVAX,8b541200e1e92b97795fc47a9a55c1bd1bdb1428a5fccb689fabfc0906ce96fd,0.0542330122271048,0.6666666666666666,0.20939242639308756,0.21862188281351602
AVAX,8b8fa7ba9e015f5306923fb690be603dff9f1f6464b2ab40c0c9d987fe786b5f,0.0344685333768466,0.8333333333333334,0.1991667119152583,0.08427946758277471
AVAX,8b9c937cc8a20b1049fa30b44803b12a8f452048739ba1978a9ccba06e445fb5,0.0201897686175972,0.6666666666666666,0.20807559877037377,0.14032060358211626
AVAX,8d024895d169a79d42e920d5c0c618fc778ed9c347000c0cad4ac58e4db5ea51,0.2729013887351835,0.8333333333333334,0.5415951096583597,0.9044819217851064
AVAX,8de5994e76a7c3e67992ad9d1e8f0b28c048c57c3699cbb3adaee22042bfc3b5,0.005834337077512,0.5,0.19928277906397265,0.1305679853480699
AVAX,8e3d353971530c59f8e5310c0d551af21cd989e49d07590ba5b864c5f671033e,0.017015352455183,0.8333333333333334,0.19559726691156923,0.09164122069934533
AVAX,8e7db91d2f468db0dc0a55df9fa582a0f19a04e31d14f9e275d2d9f86e5d055e,0.0073905301943107,0.5,0.21459292903073351,0.20898516606881226
AVAX,8e9668d85abdd26b479d4337d7216e89365e1666b7e80ed1fe1838b5f3cc3b8e,0.0207794137091292,0.5,0.20185013076489616,0.13221012027841916
AVAX,8eb7136ab6b142bc94e684c9efe2d4d13ef611906e586138db571e848861ae4a,0.0075939340943224,0.5,0.19358388639179178,0.09101344408223401
AVAX,8ed45c1a61dedd02473cef004e8fc7f8942e2d8829ca5f5508e935c22a15d11e,0.0223458447078245,0.5,0.18945530345164047,0.07373536286969844
AVAX,8ed8767611fee8caadb182c54fbe1d2638bd114e15d30bbde6929130586c9be0,0.0083495753991749,0.5,0.25780502378689785,0.2750114997644852
AVAX,8f967d104189e0f5e315beb41f4904a3fadeb1fc6be11adc8a368005ced524b0,0.0241515160130634,0.8333333333333334,0.18883658897948521,0.09357738175093983
AVAX,9023fb0e20a69cf512ab2d422ef057f07aafa0d580dff51aa037bee6674bf841,0.0668510471972285,0.8333333333333334,0.19055600036212605,0.13701321245742343
AVAX,90f67ccef5c8724a50dfcb8626c82b143444028ea7052c3629342db3fd8a0922,0.0024805865359067,0.5,0.19182653133419073,0.10074201501078131
AVAX,9188256563ba4dbf18a08d859525753bbe27d0829218d3b7527903b37db7db53,0.0015782564525032,0.5,0.17455329386465412,0.030245640201957483
AVAX,91fc64e4e28519805f05994a4bb61eedf9bcbb246a51b9bdba01fe22f25d41e6,0.0193028762498873,0.5,0.4460900295825017,5.598431661185468
AVAX,9213bc32f0c745766bf35418ec823661b62b3f36bd26ebcaf14ec6eda53b45c2,0.0097867007469119,0.5,0.18596362925440046,0.0858803191315553
AVAX,921f9e882c9e8cf3966c9186b02afa5d6ac003414af05414c4dc61c6ea5fa63a,0.0328691827771777,0.6666666666666666,0.22494991553740404,0.255929546474686
AVAX,9268cf5870c962be1e5034fbc6085b34e0b631ef7192e2a418db7de7e24f5eb7,0.0054368011780557,0.5,0.19379132843960556,0.12484673474618979
AVAX,92c44fb8ac73014581d57e37b2afff9a9a0ef86e2004e9fae11bc083f373d710,0.0191921678578192,0.6666666666666666,0.22717718553788976,0.2010866703115349
AVAX,92cfeb66ad4b393cd05bbc0c204704005941715c3d1616331ab56dca4de097a6,0.0009369671803464,0.5,0.19942395497616802,0.10465002138600567
AVAX,93083a51c67526fd317a08271c0e3532236b137d32e49aedc38f27c6bb9e7018,0.1448514721673998,0.6666666666666666,0.2669383387074888,0.6324093965527863
AVAX,93e0e39de6003591a45830226c934351456eaf419fa8c03461e97a8eab5d8e25,0.0049012104376577,0.5,0.19996976482295903,0.17697976480257283
AVAX,9424288c05f3cbe68ac7a94aacf4f53d29425af1a64e111e62ceb5278baf4959,0.023323496776556,0.6666666666666666,0.1870135290110072,0.05653426079285678
AVAX,94f0c57e2139859b31982824b49b0673f96e9179741a1c76772d4fa775a76bb5,0.0306659876748512,0.6666666666666666,0.2692137634318511,0.25919712978205073
AVAX,95161d5460c59ee18b0e8c0ca831e98e0dbfa62c7c5b3257cfeb991edb01f2d2,0.0026566797728415,0.5,0.20505216358540704,0.12418623985642949
AVAX,95af07ef1a1e9f47cbdb1ce0891235cbf3f2ffc4464f021d1533b207a26e7a33,0.0048002434057139,0.6666666666666666,0.18480040891911023,0.0763548485581049
AVAX,95d9a0b853f3bd16ec7db17a8b4895673abe7976068b814443c1756ce0947cbc,0.0131037986120138,0.6666666666666666,0.19553183300645383,0.09340597491083909
AVAX,9607e968d2135492d55a7bd449bcaea6e9c422eeccd3df42d33afe4ff34b457b,0.3003309658855878,0.75,0.5191669025984927,1.0116643227693283
AVAX,961e0f3442edd96965131afce0235c2ed77dea07a0aa7987776ef1d97d057928,0.0465736845642408,0.6666666666666666,0.19668779429234576,0.24058925153181773
AVAX,96316a9c579e3bb8d993d20c8568c643d399aedea25e520db16cb592d4c9e7e7,0.0151092194593087,0.6666666666666666,0.1787529190539142,0.05389676704215556
AVAX,9632c0574ec6aedc091fc9512d65805114cbdd59d02d7c7efc2c5c8ce08fac8a,0.1680033647762107,0.6666666666666666,0.2647170800440397,0.7027269228474179
AVAX,971ea33802a6d65e679e4c518f8a97c5dc906aecbf2c0ba982fb9dbf89c708ec,0.0023674717579947,0.5,0.19598314547434414,0.11421861286629054
AVAX,974979b616be28c07cf92b9ab88fd13f3ee9bf4c964c3fe1cf4a26b2f46e5619,0.0435158440580421,0.6666666666666666,0.21506769388518407,0.2656150113005438
AVAX,97871d4e18b03808a5815e5390607882558d7c6565e2bd857792a5293e81864f,0.0125753884431937,0.5,0.1919986454451499,0.09156509817422004
AVAX,97dc39f445bf9ef7d47ad5dd0b92843990c970bb3f4d4e0f0071fefb70a3eead,0.0136500823581343,0.5,0.18015963050657455,0.0688591911276795
AVAX,97ff8c22521e695d47fb02af775ea125f9770a100bf53c93f1e92586d49b8320,0.0204449707405772,0.8333333333333334,0.18890155837669811,0.13833504757380582
AVAX,98a1f2ada1d2408d12d513770b37712f80a18022b3e5714f65664050b2342bbf,0.0233173627750979,0.6666666666666666,0.17919389571151453,0.05213837018125177
AVAX,99159894029cf81cc34e4a59b095c02f724c4e53becebb7deabfc37abde9bb56,0.0016546584519559,0.5,0.17480703766932373,0.02848030093033896
AVAX,9a9a54edb6e830280a59b8268bdebb85ed43f76e69eca03063482a942a984f1e,0.0132205095556834,0.6666666666666666,0.18778251969787266,0.08398133210484857
AVAX,9ae16e3ae2dd4c30038930e13e1f353c9719f46aea903bf9870f622b078ede97,0.0216662734077782,0.6666666666666666,0.1925798415071017,0.134654088032276
AVAX,9c258f5d299722db3b3bc306b490b43dbabb4198d500c4f81aa26779327306c5,0.0080685658389315,0.6666666666666666,0.17868190856151864,0.0850113972562538
AVAX,9cefe4aa79143afebf075125cd9a9bea2c0e6797b4207ed9f9389197a2d4dce8,0.0451082616073445,0.75,0.3880586899966316,0.743556650459088
AVAX,9d9a39ebf1beb156d383d708dd8540ab0f443354722948392c1fde7bec36c496,0.0396645418578122,0.5,0.3360459501003936,0.41318663065198136
AVAX,9da2ab53fb5e59fcf44ec081a3731fc28d67d2c743e6dfbe110f59b46aebd15f,0.0242212046020141,0.8333333333333334,0.195449374981229,0.11437793128785492
AVAX,9e5d0b229184ec3cb6da37dfa39f60e89d0a146de4983bf96c214bfc3d12ade3,0.0274248584850698,0.8333333333333334,0.1899513110112155,0.07822159653911119
AVAX,9e9f29fed2aa921194f393ae6d12b5b57fed31d6e3ea120d8b98329736d89e19,0.0052055940161853,0.5,0.18242072489926217,0.07837832912536384
AVAX,9ed4d09505a5d51523daf22335ada1fb5efeb57723152d9e7501715b81fabcc6,0.0141723869439572,0.6666666666666666,0.23764264609678765,0.19296088114354534
AVAX,9f69890d73fb8f9cf7255cdd787f970381a1062f3a4c11c69b374639ae6cd949,0.0054251577300701,0.5,0.1995332043441841,0.13591630534300767
AVAX,9f7adce5ad00c9e1d4c7a1ea0e71120b5b752725859dfe3a5402eaf846793202,0.0067339556605845,0.6666666666666666,0.18544818459821308,0.06455375692507909
AVAX,9f80709ff19c8aeddf18d8b956ebe74b31f8f66c51d47cd255aae9288aaa4c6f,0.0502275242708416,0.6666666666666666,0.19644758265009504,0.15729962111288265
AVAX,9f8d8f8d7ccbabd97a7546bc4b2f64d655ce1c58b977f69408af66405c02daf5,0.1504700015936448,0.8333333333333334,0.22720587050093177,0.23911448923892858
AVAX,9f985eccfe97bded418b9570d5db45aa6a1dee43dc11a23521912c8c61351e7b,0.0867127612122842,0.8333333333333334,0.20037742821000218,0.16522296732947778
AVAX,9fa3750d6874e3779b5caad78e4cf1f6460dc77343b12524a364300e48837b6c,0.0111676159171132,0.6666666666666666,0.22381400045960007,0.17673809301781918
AVAX,a01a48059e6408992530d22362c812cb482b669319003de890f36206d2e70bb3,0.0047775111069466,0.5,0.17946778315936576,0.04531162096906908
AVAX,a030c940f0628f5d689e5946a8194f3cbd0e1ba6886430bf1eab59ade5e9b574,0.0122863578273328,0.5,0.18098013115313083,0.04811181042031347
AVAX,a129da5ca53d072b821f4524ca889d30bdcb5a7570b823e24ccc30506d556f44,0.0146158858051589,0.5,0.1968935778865535,0.12800450683566572
AVAX,a14b0b8295e24eb667ce7439c0ed08d63b61a320eeef2824254069b16c4b1198,0.0269943871104681,0.5,0.2152104303771188,0.2419589965968785
AVAX,a1567e29997f75d75a78ccd0ec5ea8c7c964d10ed808ee299500fc96b6c4ca53,0.0046156511057763,0.6666666666666666,0.19523956485208063,0.10399655175868255
AVAX,a186bef70b5fc3d84c70d599b6f8909dcbfdb2cb971057f16f33759888b25c60,0.0130527431370714,0.5,0.2099400778285537,0.1693139036561718
AVAX,a195ed297b432d241a07cd448b0025e6d047e6c5ae34a5c0b638b9644619bd9d,0.0069795104122847,0.6666666666666666,0.18149840978137927,0.05835923865559102
AVAX,a19ba7f2396254c6af3d77dd7fb62d51ba65d8d665a15b5df2780fb26a9d03f2,0.0115770779176618,0.6666666666666666,0.18383229485852978,0.07525774979430919
AVAX,a27dab318ea4e2629ec52dd45f70a428fb6e9a9a9562d1b2bedb8865181bafe7,0.0003968341995925,0.5,0.19261668702793794,0.10344158720384693
AVAX,a2b959e9da8f814eb75714805381ac1059be3f9bf1d909d3957fb67ccb129cc5,0.006721213035739,0.6666666666666666,0.1769601259037734,0.048098721590737296
AVAX,a2fd939c204e38a12a1a854f8ad431f64d48894675b785388eb8f995a550343c,0.0271405384761571,0.5,0.22924439450766187,0.18329386388729943
AVAX,a3127094c844eba7db7dec84b27b47d048c880292a87a27c75bf40ecbdb9cf1d,0.002830678096021,0.6666666666666666,0.18853900938364607,0.12179068277263909
AVAX,a3c0946b60da444b427859b7525dc1420acbcf53d9314b29987e7117d382d307,0.0105880691885105,0.5,0.1924655572232364,0.12379255157612692
AVAX,a3f31ddfc986d4bd5d0b035544c1a15378ff117ad20d17644f6a97f870b5f00b,0.003719195691192,0.5,0.19953904075110307,0.13525348755373512
AVAX,a41ce84a6389708604312c0e9341031b5d368c3056d62e667a0122f8b4c30397,0.0114932495337621,0.5,0.20883466418680555,0.10621121266093156
AVAX,a47bb11a09faac851d818188061aa6c581e58687a54bcdd5c6e2d4d261187e99,0.0434589830448621,0.8333333333333334,0.18731571846069495,0.1382620087482706
AVAX,a494cb9fba3597935f7c5a02f62d8bb398e02a134381d51067c187dd5563c30d,0.0608600020657994,0.8333333333333334,0.18144822568007424,0.12509706858341016
AVAX,a4fa2818cc0e3ff1794e0a29fa09b8be2a74e00905e02aa3bb50d781ccc5c5d4,0.0018246305105484,0.6666666666666666,0.19774508845393168,0.17415127212215137
AVAX,a52a269dd59cbded6336bfe62e8b75bbecd4d8939a038a6b6d935cda15209fde,0.0470669592333875,0.6666666666666666,0.2057741839744354,0.16788364724872387
AVAX,a640fbc4a23827e862b88fc0fd250caf42857e57b753e944eee221cc14762e89,0.0541538149028929,0.8333333333333334,0.2806896385196686,0.34096802295764994
AVAX,a6672505273ca443737fa39213045808caf63181924ffb00cb01dfbf7740e90d,0.0048442488232038,0.5,0.1788614138169199,0.06927362430185931
AVAX,a66b3743b8e57f5fdec1e332ea05f234c82594619f2b5fee66e4a79184d16fca,0.0417478875079898,0.6666666666666666,0.2149663014489205,0.19862971477049127
AVAX,a6c5b97417b701a983d55f43a08b88f40f1602c7de89e44ece0fcdfe9a143b2f,0.0223774007131712,0.6666666666666666,0.18416220501009542,0.0767993067453306
AVAX,a6d7551a52ee13c8f20897216e8e1a1233133742937a375fa9a3e06602513fa4,0.0032251061162531,0.5,0.18981163667991913,0.09674873327150241
AVAX,a6db27b426b190aa5fb9f6358815b956b594b4d014d56c6b3a224d086af862f3,0.0037486204998311,0.5,0.18864988719301917,0.08212780514947833
AVAX,a6fd08ebd80c27cac8b178e5fbe73a682be16f813e15ac676d7a0db876389885,0.0109804800255118,0.6666666666666666,0.19710128732996998,0.10138574580498316
AVAX,a71507b049f58689c3badbf81d2468742501e2864b20d84fe98c6907b110a232,0.0098872797609839,0.5,0.21464616389065755,0.2127017045886702
AVAX,a7bb43f353e4ca7ef1c93c3164ac63774ea04a4c2f5a042d1fd851fb5dbb0a13,0.0203297089462936,0.8333333333333334,0.1905225774173786,0.07288783504444113
AVAX,a80dbe88bebf16e947765646c8eb0cb44ff8592b8a5f8f0dda0265b868f2dc13,0.0015760414337676,0.5,0.23520257756586682,0.2937766264276788
AVAX,a8a05026891eb0cb62ffcc4734b189e713485cbcde240448745440c7b496344e,0.03560142710402,0.6666666666666666,0.20120040746093085,0.15099848817532818
AVAX,a98446fd1366b87abd8b37e35baad3f26dd07129d519554f72e4c6c502222ddb,0.0306921483024987,0.8333333333333334,0.1927120893432164,0.15309038708682815
AVAX,a9f50ca009052d615f5ac25398091e31dd2dee6c8a51da87da6ed3fec6a37e1a,0.0180887291388488,0.5,0.23555150038102088,0.30712025737259924
AVAX,ab2555dafd1e48851cfa651ddf4fea10202f2213cd51a3ef55852d8e9377031c,0.0176004340488157,0.5,0.23037462001416137,0.2905744874608666
AVAX,ab66a87295c5bf33628699a8b5ba60a58a4cddadb7da71b095ce2db47614b381,0.18204042826002,0.6666666666666666,0.3609481182136263,0.49717887811769396
AVAX,ab7af4ae415e30ee455fc2f7602ef2400486c058160a0c1740075f7d09acf42a,0.0119753349558956,0.5,0.18602152122347293,0.08126866380293583
AVAX,ab7f35874677249cd212b77ad2116235a42aede589d1ab4317f6d87cc96ad1dd,0.0134127019164811,0.6666666666666666,0.18553882739486852,0.08172183230650618
AVAX,ac1eb09e8612d9f7658203acfc8be72dc2f6edbbe7f251581c493024d41497f4,0.0279504416932226,0.5,0.26395342639200153,0.35902224234201635
AVAX,acc1ff71fe563bc2d26c6f84cab00ff0d7c559ffd2f3015920d8a824bb619807,0.0538387158117024,0.6666666666666666,0.1928752210397661,0.17493877766997146
AVAX,ad33b3c16dfccc8c85916d1fd541084feab8550196004f74454ea9a473369042,0.0017213991021735,0.5,0.1739517164619277,0.02343342228650895
AVAX,ae70637b26282e1ee8e5abefeb57b81e098b146106edbbbfcdf122dadfa48bed,0.0094855212965071,0.5,0.18638001064425416,0.06476113752975066
AVAX,aea971291bea962a5c0e84f0364a320d7eb114d21d73e205c21cfe83b07f0e25,0.0006328735761627,0.5,0.18605746085840133,0.08608629117752525
AVAX,af18da46394e1112ecce4bddf56314802113e6f4445c63a8cc16cd4cd4924bb3,0.0043243015325593,0.5,0.2093010904655558,0.15886195149377746
AVAX,af5aa21fc7f268e228373d8a23fbb3239f0cb42f3498d09db786dc9aa3265f75,0.1947753623110751,0.6666666666666666,0.3051214216513583,0.8612173971211764
AVAX,af841f62f716617f901d622771049a7d1630aee130c6803066ea479930d7b3f9,0.0072406068918815,0.6666666666666666,0.1858985303086585,0.0832997785099341
AVAX,afe4af6a03929f883d10304f6ffc57e2d2a0a5c9801600463d199a4f1def951f,0.0069795104122847,0.6666666666666666,0.18149840978137927,0.05835923865559102
AVAX,aff38b687e5d4502149701ed17cfaece4d840919c3f1d1b5821dd2496d9a651a,0.0326382276585582,0.6666666666666666,0.1906522538796692,0.16893433861273385
AVAX,b08c1387d893e883714e872e011fc5c46ac9149ec334613e9870f1b83e245af1,0.0035289921138719,0.5,0.18710250694626143,0.10348671650741699
AVAX,b0be4117e7612f2d50f899a9f0893cfff53bd08df9560de583d7b973129e4e63,0.0244418264445648,0.5,0.23784080738602992,0.21872167533611622
AVAX,b1d94d4b742236a67e212af5443fe17d263be7dbc146e06b598fdf6a540212a5,0.0082138136595335,0.5,0.17687434842912564,0.058795465921236356
AVAX,b245f5526482e7f8fbc7a47bc0dfdc1db280b46148aaaf5f21db0f063ede2605,0.0068203224809012,0.8333333333333334,0.18320222421744298,0.08722803300606069
AVAX,b2ca48bab035f77a15031d971d64e7be2e699a73fe6e0b21ed6322919f3df25f,0.0181325992790726,0.6666666666666666,0.19002703584066358,0.11718563843007995
AVAX,b32a2ff77429f077ef9216f1b37e304c1d60f9013d9f93b63499d3120ff38919,0.0258153254941912,0.5,0.19373339582810617,0.12079893470539042
AVAX,b40d9fa18d5c0cbe287ddca8781bd9a8c9557d50e3a776d4e59511f573f8a6bd,0.0109088490357585,0.6666666666666666,0.18246229169676986,0.08063404749793478
AVAX,b46393e84399036f113297e82129da03acb02c696c7211091bae65c3707d495f,0.0419423128436463,0.6666666666666666,0.20288421751362068,0.22753626283763398
AVAX,b4aa207d448d32e7dd314dcf61d8eb8f434c072dfd2054df0d43612ec152660f,0.0454132353452101,0.5,0.19112215689892467,0.13431533535697276
AVAX,b59426b031a101da5025c94cd6d346f64524dacf016d23c7b19303c56a89efa1,0.0293701306732304,0.5,0.2823324596520239,0.286967060372186
AVAX,b5efbbff7b2d410b96f718b133c3685131d1b08877cba3010e5fffa0b80bb38b,0.0124510466459083,0.5,0.22567876021379532,0.20682827738311402
AVAX,b5fac40019494b899549e285b5ebe737fd9695607337dc02ad0b32f004ea413f,0.0131236224154108,0.6666666666666666,0.1798135213579172,0.05703561826120795
AVAX,b60e3afa455cf16e9b5707f2930e255433bbbb8a8724167dfff3008bc71a52f6,0.0014276072084505,0.5,0.18433939913057987,0.0950222318829427
AVAX,b6a13df97bdc81f8bd94693617ceb693b6aa3de35a069419a98529f6134bb5c4,0.0477793327327738,0.8333333333333334,0.1802267494614141,0.1212285185939519
AVAX,b6ce8ec1ad78489db64087bb8b9c5cf53a6f99b0035b0b595a24be11d6b9a18f,0.0095562503044224,0.6666666666666666,0.19186964298373105,0.14167557814754178
AVAX,b6f74e8478cda701a80607bd4e43244329da97aaed81a07c5c9ee691163c3c78,0.0128702762749469,0.6666666666666666,0.1824970347331281,0.12587994735223385
AVAX,b720bb129cd2b11be4a6b8864d0faa4cfb9877ceb44bd476af4fd1dc6ea15c50,0.2256797337815964,0.6666666666666666,0.3090265321939885,0.5532476252302285
AVAX,b77f9c2510e8717565d41f03586b4aba2ea55df2e69d15d69e2ed62072ccc30c,0.0180781526760991,0.8333333333333334,0.19253671045951617,0.11897089777093561
AVAX,b7b2bf7db5e448fc23502d7447297ff23a029b9e03b9553d3b3214418748f9e8,0.0198921386661062,0.5,0.19884216572257998,0.18179498059368193
AVAX,b7fbb93da3b96d8b104d7ce59d0e6cf2907a198493ee3e8cf11eb983c61cc589,0.0538387158117024,0.6666666666666666,0.19265382353890234,0.16841483461965365
AVAX,b815f58a94637e9fae1a8fd0ecd1ffdb999d4ed720392029fb209b5e94c802c9,0.0321599353983625,0.5,0.1997858817555508,0.18974943438446615
AVAX,b82d20e0f59af8b44a477e1f03905fb506c853dcdccf031d10fbb9ec6f34ee5a,5.552487568583064e-05,0.5,0.17276370017966106,0.03840503531699776
AVAX,b861d8e6a8a4782d9fd3bd53f32121354eaece3a18bb8bcc6a46254c24de303a,0.0124510466459083,0.5,0.22567876021379532,0.20682827738311402
AVAX,b90534f9085ea92083fb1e005342edc81357ed3630903a925a4572573a950563,0.0408507477717554,0.8333333333333334,0.19486611461058728,0.13798118544094887
AVAX,b97ec8e17a41db002701fc8330742910ec9184892a4302b17aa9ed269903eca4,0.0102816338455263,0.5,0.19397929205983855,0.09369414169178199
AVAX,b9b4d0145af009b65ab1dd96f427b3f16fe6e5cd954cf2599dcea47ffbc86cdd,0.0073336184643733,0.5,0.2099693205491658,0.1749237085413223
AVAX,ba266f702e13406e68cd1f219f20810431e714e8300c2d95e8288fa08b32fd7e,0.0555460610023854,0.5,0.9030773195314323,1.7284814316234511
AVAX,ba51438188d4c62c3d1ba2f8032f41a7f0780c9398db7382d00b1511a92a4fe4,0.0030704783673085,0.6666666666666666,0.17531489769648156,0.06176917359629863
AVAX,ba5480777eb18b696e9519a7016ecc89647315d1e1c525917a73b9d2f6db60dd,0.0243818834024056,0.6666666666666666,0.1797359976103191,0.06281097930574636
AVAX,ba796ae80eba7186cab4546af4d5737a71d70b3af2a65249449fc0da5ed03a70,0.0098872797609839,0.5,0.21464616389065755,0.2127017045886702
AVAX,bac3cb5fd952e52c21ec8664c672dfef2cbfdf32e558ba42134cf8bcfa9da977,0.4070680730184219,0.6666666666666666,0.4505534619178694,0.9475761331901499
AVAX,bb06987d5b4fb221c6fdb050f053a8a666db0c30a76befccf269f0278db9a025,0.0019371042363881,0.6666666666666666,0.1806930678352284,0.05456424357419898
AVAX,bb204bfa18e4586b45f8fc164b8a32d8b4e1520f05ccb4d87315b2a6540ddc1d,0.0162626938707763,0.6666666666666666,0.1948093926942689,0.12182615914614421
AVAX,bb7abeddd1020136c6470d4011cfdbd8a67d248b9c761b9c3c4fa85c626c7325,0.0567575740974859,0.6666666666666666,0.21197542353705862,0.18458427169024427
AVAX,bc0fc60b53a4d22a2831165a2e1a8f5e61493e56684be1b6d75c67850435daa3,0.0126432031322101,0.6666666666666666,0.1891434581125328,0.0675410339358906
AVAX,bc12e12cd3585cb7ea8973711bd37451c922db67a2e35e2499b4d71808f6d573,0.0097096631915998,0.5,0.1904927879368556,0.15631778513346045
AVAX,bd730bd9c4421afffee3d80dc7c882869af8d8c5977ca608a87c06fb3849e1f2,0.016853504724033,0.8333333333333334,0.2520912246793315,0.24579743230225937
AVAX,bdb64e01a6d7e956dd5f44eb413dca39917d692bf0b2dc73d040f673aa6a28cb,0.0222395077569448,0.5,0.202660908753201,0.2029360281127531
AVAX,be66f432aca63f38cfc041af40308088e4c25ee3ab7c2498ac9c9dcc14e99217,0.0074786715403188,0.6666666666666666,0.18718881594660938,0.08080364892152073
AVAX,bed765932ec99c8abc9cef2ad762ee8bc2cd569c9ec633c573b55663c5ba99f7,0.0189891195463807,0.6666666666666666,0.17474586327685063,0.05382127857590679
AVAX,bf48cc4ad224c67d034177bc752cb55c8c990548ab33b82564b75acf25c87a0d,0.057049461965528,0.6666666666666666,0.24597567004856397,0.2552831511683694
AVAX,c0942b6e9b2f4a27d90f5c2858e8983c66f680b9094703926301b3d612a211a7,0.0093428030575379,0.6666666666666666,0.18988954849835643,0.16521662215771046
AVAX,c1899661a8211088320ac4315d5ce944900c72a2a50c771fef7b8115b70b1b9c,0.0010300265181983,0.5,0.1745684420146605,0.051607625294659565
AVAX,c1d1dbedc0a4b99e929077411874d21baac1f826e1a9be44fcb0202f5fb79ab2,0.0321847328289053,0.6666666666666666,0.19162541508569486,0.09369793111960699
AVAX,c1d85dc5e357f506408cb6ff4ade5f55c10e646382f3808e604f7a688522f075,0.0120122867569888,0.6666666666666666,0.1856994422314565,0.10227566482545392
AVAX,c1e27a66c7cc3d80d33d89f3157c5a5921f9bf8a6f71b7ab522f108410636358,0.0069127059075813,0.6666666666666666,0.1873569006171921,0.125077649719892
AVAX,c216d4e8188b8e591013b5af6e77a3fc08911697751cd3331dea63c89cfb210f,0.054548707045359,0.6666666666666666,0.22256541763018123,0.21121226857691647
AVAX,c26c33a01fddc2b43eaa717361fa9a1ed1b610d96eefc75404339362b43727c4,0.0390215218587045,0.6666666666666666,0.22254845550383873,0.22221222133027485
AVAX,c27a2ed4ac5ab8685e6d095ce37ab9e2a57f784b76d63b67c030c44559df799e,0.0430642136970919,0.6666666666666666,0.20749668279051384,0.1521737511291871
AVAX,c28a48145b9c84670c4d12431e967355b74a77a06c7e918a05e2e3e0bc025a96,0.0181096261442623,0.6666666666666666,0.2235809792217111,0.19578113699544392
AVAX,c2c18bf0df1c798d910c200eb7f5560f366bf399a81ad3f07ff9e53af19205ef,0.0132472740924281,0.6666666666666666,0.20447268780555478,0.2221806921557265
AVAX,c35396a35928b5455f7b81f55637d38e1c6ec3fe1de0f1beb34ce4c13f4b3a5f,0.029928923104274,0.6666666666666666,0.19363570092536925,0.13649750200736288
AVAX,c36bf744108c876a84d58411d1261ce89640375ca92b585b2961a7fbe4101e26,0.0339270478667749,1.0,0.19033337663254082,0.11819359045048017
AVAX,c38015937e29433a0dce5846c45e3b98c02761e3cbca25d3bb67ac7353aa71c3,0.081529471654303,0.6666666666666666,0.19320458018047498,0.17588935957081103
AVAX,c3f54b606b8b3ae5329e909d8299585050e47b0259ff9113ad6902d5dcd4be46,0.0683466889355809,0.6666666666666666,0.36704379027124656,1.2235458353279756
AVAX,c43c6c08edca5fe1d87ab967b09284dec330da8007fcc31eee8dbf25a7bc0ebb,0.0434415237657588,1.0,0.18155549519333405,0.08287260021185702
AVAX,c44a3954e62ea882cf809f01b8421479e6706210bf3de8906de73bcff4d28c42,0.0331472796869456,0.8333333333333334,0.22716485697200156,0.33575563290309035
AVAX,c44d3ec542619f6274d9dda570a12f697589c126ecc776d223f2192d5066ed30,0.0102110743203886,0.8333333333333334,0.18884422202736392,0.09157351904235075
AVAX,c55b5edeea5bdb7158a06abc1a0344d3c56080bc1c654bb0500e5bb5fc3f737e,0.031057829509952,0.6666666666666666,0.20697416679942374,0.15603875013045637
AVAX,c5849517c42684267552c9804ddec114e84b06de9ebb7ab5624fe58fa88f778e,0.0201293101614321,0.6666666666666666,0.18305741449374505,0.10879837726605002
AVAX,c5e96db4b2948e303d03f0102fb0f46a8c983b2938dcc8df68adee922b4edd82,0.0119919189649224,0.5,0.23894621915937692,0.20797469636858107
AVAX,c6ab8f91d65488d2503622f4b332fc198481eefb89e74a6af16eb68656d26912,0.065470396349704,0.6666666666666666,0.2164450484705478,0.21039615335378287
AVAX,c6cb4557f93fc7185c07381d2670f4e7143843055dca1dd7f4859a4ad87cb4b4,0.0137330798435625,0.8333333333333334,0.18288024891554364,0.07640021295029327
AVAX,c71ea7fc932ca3b440b5315cb4a835a89c98a0228095ead622cc6d4e4d99687d,3.7428089495896745e-05,0.5,0.17454024920485056,0.03362341331829186
AVAX,c749fe4779e192f0dafc4b66b1638fa032bfbd6989941bd8f906b0bb5df6916d,0.0310066027756178,0.8333333333333334,0.21411273380074328,0.16741423958505897
AVAX,c75a9e8179159d41f8a2d5ef133abac46680c520b882de61f50bf9f5663f0b21,0.0116956178637917,0.5,0.17973966734427652,0.06582382255742553
AVAX,c794370c04c041fe509a485366e7e0dd90b2ccb2d798d9757d7ee29201ca3add,0.0037520163594201,0.5,0.17893657279326755,0.05988882486986662
AVAX,c7d2ced0196c66a87f5849eac81331acbce0621fd9ba6da1a12b0c31c2ceaf10,0.0348052324678195,0.5,0.2612624373550596,0.5829257100583861
AVAX,c87d9395fa440208e88bb053b1022d1d30a6259ed2226e8db8c36ac79e890db4,0.0019051210525737,0.5,0.17962885735307657,0.08202700479074138
AVAX,c8ebeff5885f557916680cb696fb2f3033aac85667d98b54714c372dca65253d,0.0146801595772553,0.6666666666666666,0.17620062148210497,0.040734810449552766
AVAX,c9215b7139e64916e12090b77d8be735368e8e78f71aabdb6d6ae09cf7da8106,0.0072486469671798,0.6666666666666666,0.1821490297212666,0.06255316275434135
AVAX,c9b095a8b400bd216c409b6b503adb46f5d746c2809d157ec6e1b53f17488f09,0.0884736227621991,1.0,0.43225491899738616,0.27039038623321965
AVAX,c9c3ed3ce90850fb0639a5f01edda460e4633f112fc5dfa37282efbb56c89dac,0.0317868844144517,0.5,0.26030800599971443,0.5908286202171255
AVAX,c9fcf6991e38064d24ad53822346c8ed0d85d1ebaae7f7b1e051bdcc66e244c5,0.0308387956815074,0.8333333333333334,0.21761695160615116,0.14514290698538668
AVAX,cb2298ddeff688abc80679beac418cb65fa862faf08c04065b70656d4ca49f3e,0.0585630576172514,0.6,0.7508924733906107,1.5277584102283066
AVAX,cc86dfc23cca90c094f8c706fa6eff1a262f02d1951cdbeedc6f6675b0bac560,0.0207679977786397,0.6666666666666666,0.18896936389669503,0.09366299901209883
AVAX,cc8d0e6eda03674c141d4bec51b2171624e9c58682decee419641f9f6acfbea2,0.0296362978944558,0.6666666666666666,0.2048161670605394,0.12651641363147775
AVAX,ccf2f400b40a251c03ed5a516662060d854110178b6d4037d0f81ae65e305429,0.0191705178593979,0.6666666666666666,0.18406503534152588,0.07009636239907384
AVAX,cdb46275700933fd1da0d6508ba818c4127ea6ced35dfa4ee749f6b1062dddd9,0.0090153081909615,0.8333333333333334,0.1996043951924907,0.13832611328691705
AVAX,ce278f07a8454ab707a96c9dc68be01728b3bd612e6ca9d9e9eaa600a58cae35,0.0154608702918778,0.5,0.1801970792925715,0.07896222708778403
AVAX,ce542c8604a3086cd874170f93507b157d9db4542e731963c03a980d7938e20a,0.0298910470436369,0.5,0.21975390481365517,0.1869421013686719
AVAX,ce796d0648c053bb7d70e4620320c74ca3ae76bdcefffdd5daea6031bf4f254e,0.0025756192027762,0.5,0.18232821266847607,0.062144608288303246
AVAX,cf88fe005294409e7db4d3fd225b6d49491a01a0cce7b3a217e1b37f1af7fd4e,0.0453311640980834,0.5,0.1997077739083883,0.14749456807696484
AVAX,cfa655fe709ab6d58ba01680f745242d55fa303708ee96905c00dffaeaed746a,0.0330896064577947,0.6666666666666666,0.18199877661825137,0.11247309219669817
AVAX,cfdca2c511c8e44762b98deec9171b61b5946c93fc4371ddca5dec2b6a43f61a,0.0040085150204731,0.5,0.2172057207941638,0.22169291537843505
AVAX,d00b5a8a77747f5024304edf97b235f60b5df9f33f324f6b8a5e17640fbc3751,0.2596856854452459,0.8,0.4396472822240698,0.7384455831599072
AVAX,d04354251bedd9d661dbe500356249811668d5950e48a1b6283b0c6dc96ee572,0.0599746871488295,0.6666666666666666,0.2163201573611255,0.2577893850966025
AVAX,d04987363d7430ca9b0d7916568e860197f92d4471467fc17fac100891781c79,0.0670104833324153,0.6666666666666666,0.18623501642346138,0.08119548904483244
AVAX,d08927df3a3a049bce8ee4327692834642aa259a38c4419191822e887f8ed50a,0.0027546783568977,0.6666666666666666,0.19228697792574034,0.0884485496971384
AVAX,d111bb27293ecc59a1f7fb82a3e7ef6a9a220d015a479e123c6dd548b439c842,0.0241946084968306,0.8333333333333334,0.1977598666584274,0.13246237273322364
AVAX,d14462c10e35fb4746f2786220ce2fc326567c1f873c490cf2910ac4fe378108,0.0031134067148197,0.5,0.1846849718489469,0.08264136673880743
AVAX,d158a6a8a7939ac817c79d5c33ce3d130c7e04822b950c8d31a9a44c157e2025,0.0428280228153783,0.6666666666666666,0.23722963660459012,0.25208722220702334
AVAX,d19b619d207568a3bae8043831a50b23717d3b719d8a83e43bf7e605c0b65b22,0.0723313155662427,0.8333333333333334,0.1868570408406202,0.058086210825727784
AVAX,d1fd5f2c78d5029288dbc95500f3409e3d2964dee59d3e14df42ad276b2312d7,0.0101808052255603,0.6666666666666666,0.2002740413123112,0.1073089506480444
AVAX,d25bd1b0173b7f9c8a5592e47af7e13d80c0fc7c5d03de000bf7fa24eaf780c4,0.0033408087723705,0.5,0.18393226747934105,0.055654220860505955
AVAX,d2dff30d788ba2c03e133883391920b46e76e27fd08962612e270be4df99eab6,0.0313507974962823,0.6666666666666666,0.18655989496529443,0.08398579952175758
AVAX,d36c5dbb922c366c613b5beccc3fa0d1f650fdc898df465742dfcd30fa23bf63,0.0069319255593911,0.6666666666666666,0.18257556638806774,0.06610001416536473
AVAX,d38356abd604ddef395783422bd4833cbb8e9db5effe6b4e53e26fd328147fb8,0.0058765343437696,0.5,0.18425757865874937,0.09737035433213702
AVAX,d38676b48c68acfa1cb3b8f34765744deaf9a0e9f0c245516be91e319cf70655,0.0071044644981288,0.6666666666666666,0.19454607246541064,0.19446337455578064
AVAX,d40739ac044c51b975edaf69136bb568d737faa5fabcf1d51064aa1428eecc84,0.0058765343437696,0.5,0.18425757865874937,0.09737035433213702
AVAX,d478469b27fe45762e1ac267c84b2ddf010324dcf6fef974220392ba9d0e8d8c,0.0044532449593021,0.6666666666666666,0.17830573576853576,0.08235133553606325
AVAX,d481bbff5493a94a9920ce5772a3ebfceba5b47bfac3d7a34b3752b3f6a60bb6,0.0549855784539939,0.6666666666666666,0.21070746335738763,0.1814258282786693
AVAX,d4fb3941fad5a00c69fa7bd06cea211ed637a441eb30b289b6f5480c777e3aea,0.0259300016323345,0.6666666666666666,0.1915115724232397,0.09341155360399783
AVAX,d5129939893014c790b6076bd6002299183f71d2f1b26ff69e4ca974fafee1ab,0.0184157189176476,0.5,0.22992748579691702,0.2649001813994841
AVAX,d576326efe1059032038e22f6aa979400c880b16ad1e99fa3ad0da435d85a15c,0.0068125980613138,0.5,0.20543388497605017,0.12155050134868331
AVAX,d594f7de32903c8906e502f47fd3c5e89c2d212a88f2fd37fa7b7e836b4ca16c,0.0099778825013293,0.5,0.17661228401851609,0.057831395454035164
AVAX,d639482c875d3c5809c74e91e55a1bbd78ef3e4781e64335b8981869be6dd8ae,0.0606594140077378,0.6666666666666666,0.2130275929776198,0.14822310708613784
AVAX,d6f4e9cbca1f32826c7acf2fdc54f5c18c40ce7f2e64151864f87b38827fd52b,0.0666511587193277,0.8333333333333334,0.1988415314426122,0.1589233477063206
AVAX,d715f8756160f1d0fc49521ccd73da39621786e3bd4f21c8a15c9d4fa9c40eab,0.014006323068531,0.6666666666666666,0.17849111770561668,0.05720743175862052
AVAX,d75157b495082f46e48fa3c33520e99de335915a2d9c1277e06d7eb93835d05a,0.0184430867686664,0.5,0.18672718185622048,0.11295808075257134
AVAX,d7d8579b851b94ffb0c39f07ffe4720a9b68539279d64e9aa2a2c2ff78a20c3e,0.0084909877610645,0.6666666666666666,0.184292838825927,0.0839420610172109
AVAX,d7ddd0c2cc1db2daac946f7f01680221c2a58161dcafc9606508e92c550e3c31,0.005789143308694,0.6666666666666666,0.18734723341702653,0.08510558852091113
AVAX,d889a97f3c623271b55b74fbaf97b077aa52b6b8fb4d4f3a2a94804bff46dd0b,0.0160213710314555,0.5,0.22399502623801792,0.2018630640944782
AVAX,d8d4a435926551850ec32a1ec2740cfd69a713f75624c727e7888dbbad1ea7f4,0.0162953753381619,0.5,0.21179872567860106,0.1836400437036783
AVAX,d929dfb611ec5daea3e6b9c6fc6c87847e9523be4cf01ce5faee2ef2df1fc256,0.0021575373594346,0.5,0.1925800958155962,0.09440112542058622
AVAX,d942d58dc021dcb28df1921c727a5718a06245eb22ae0e8b929e3e6cac1e2f8b,0.047704987449099,0.6666666666666666,0.20271850479646486,0.17611470285342956
AVAX,d9d6c5c37a0348fe01e039fab422e96cf2a0edeec93e43cf3d4172b383d49980,0.0220229055338294,0.6666666666666666,0.18148172833189544,0.08967088044494678
AVAX,dbffb7d53d591ee1d3a323b1537d1b3392713a275d3fa2628a78e7286d2a13a5,0.0291754324810243,0.6666666666666666,0.18136700427228233,0.05464977251016509
AVAX,dc4a17c34da15e8f2dbda2f5523b7680eae3c2e77a2fced79a7d3c7d3df6a924,0.0074407493677095,0.5,0.18093797828664387,0.05062277549815116
AVAX,dc6521b035608be0a84227455dfabd13ebd2782fefe420aace981856a7c3f27e,0.0176813903867353,0.6666666666666666,0.18794661185015943,0.08820328408892254
AVAX,dcd61e2e0785993bd72a47527b92b7703aad95c0d3459ce46b702b8c020e9e9f,0.0120904807291556,0.8333333333333334,0.1844760226258655,0.07410079838994722
AVAX,dcda89bdc11939401831441d329d497b884a782ba31081808b579ce87b63cc59,0.1181530224264014,1.0,0.3021101611542021,0.2929301783473027
AVAX,dd45f57a8c406968d0ba9612f53cb941d4317d4712ec2fec6747cb422850624f,0.0121727837605904,0.5,0.19949622387901408,0.12053673785915926
AVAX,de1bf081a5df96602706dd53561c26db64541fca557ad69ce98baf76237da2e0,0.2030752185306666,0.8333333333333334,0.1970656646942356,0.17252892469025033
AVAX,de1cea23ff74146b55ac2680a7b19a92305c915177ec23cbf5bc7d879d89f37a,0.5120261361564389,0.6,0.41565338524940115,1.2472487141375757
AVAX,de2cb7313c508f6dc35d732c09699179a20556ff9d4e71f5e600fdfb4861b017,0.0343032158029317,0.6666666666666666,0.19921014666024922,0.20641468173481056
AVAX,de330c368b39326ab10f29be21a85cfd800fc02778fa600bd8b68260b929c9a0,0.010867562610205,0.6666666666666666,0.1829828798224316,0.07394503034650085
AVAX,deafc67f8d6b43be555f2e043274d771d7f9cc363cb353cc354ebb824a354605,0.112964126297354,0.6,0.318163356031601,0.8324527048544621
AVAX,df25b04381d3f793118aea2a2266afa6f535dd989c54c88c12ef57f7ccee878b,0.0166675144748142,0.6666666666666666,0.18679945448007115,0.09973284512502731
AVAX,dfa4476b9fe02e325bf70c2528cd5670e74bca936867cba7b68a8797af97ef77,0.0011894772874906,0.5,0.22359104275517913,0.19914014541683905
AVAX,e078963af647816284fb7d105a7cdd30a47de9b6a517d23a392cf44d132343c3,0.0439798765679689,0.6666666666666666,0.19130821508275606,0.11091149434289292
AVAX,e13d8492ce14bc894af9aa2b21516e22394135660f5fa05a4f419c7586be1d94,0.0137875588872201,0.5,0.23299646621466244,0.810830854791223
AVAX,e145b3c6691ee532c70a37aa96658bcce08a11636e3ac7e6af1f6cd92afc0afd,0.0021250568089653,0.5,0.1832301990157362,0.0750769614738958
AVAX,e1789b2cdc0ba6ace6b0cb42ee07c8647f0128c1a59b677579fbb8f17ec3e3c4,0.007295216161332,0.5,0.18634793656961776,0.09544106435687735
AVAX,e19d877b02734542210c0f4a717849878e30766df73685e0fd639a1fa72f53dc,0.020273894599009,0.6666666666666666,0.19025786018960722,0.10734754906664218
AVAX,e1c98d5c2d1dcddf8933b2dfbe4fd62540aa9d65bd9c48ef05aefbc537ecca46,0.0162653719880063,0.6666666666666666,0.19454532697975171,0.13590004325937197
AVAX,e2c553eae583b3af4b5bb432bd7f6693b7a17a98d752521d2b6cb1de749bf174,0.0106870394660893,0.5,0.20845336518019142,0.15877274179968817
AVAX,e2d9bb224acf39becfe28d5143e8a0ef72ffb851c1bf097dc9560646e3021729,0.0032175029951382,0.5,0.18268166534494168,0.06078134460145223
AVAX,e328740f77f130f71d0366e1f086b48187fa4400ad8f0004641cfd5c06159587,0.0319485494099413,0.6666666666666666,0.18629610292235227,0.088601196528624
AVAX,e33dd42d79f5210e34cfbf96acea2f52b6e9bea5c3b5b626a5085cda92bac630,0.0488604772962958,0.5,0.21686308427171866,0.17174819937604024
AVAX,e37c95bf6b247cc1ca597986b6550bbd9fdc3bb3e70e98d39b0d14c892fb034d,0.0153591853422433,0.6666666666666666,0.18311271037274993,0.08223939539938553
AVAX,e3830fdb7fe1526cbe984a0f1b79f1e7f94fea63c1f59ea7f561923daa2383d3,0.2828704214385693,0.6666666666666666,0.4302218089573564,0.9921369711446544
AVAX,e47dd526776dc450374278da7d3583c1dcfe68f11ae7639fb4e6e59b3b43143f,0.0029642707596159,0.6666666666666666,0.1725836356404831,0.02363629704252148
AVAX,e4bf8d4b53f05f12883b050b3db0810713dde4f21204e869778f1ce3a9c1e816,0.1171311406788775,0.5,0.32946858489847036,0.9270393177895165
AVAX,e4eafda3a67e66d218e8e777c3ec6e1bfb5f4aae647907ebe3083886a10717c1,0.0434017940350541,0.6666666666666666,0.19247664566675904,0.14844963608674502
AVAX,e5b55e56956b19314be208426e9e294bd980a8e21da7eaad441a1052f0bc95c1,0.0056387285991022,0.8333333333333334,0.1774571824868617,0.07923748571568032
AVAX,e5be78ab6e061042a0d15266bb07aeadf97b99cbd1e218521df17ca5254f7e3d,0.0136132263895831,0.8333333333333334,0.20671017075011894,0.1425735453653964
AVAX,e5d591d8f9d95de3805972cb18fe658122b11d56ca4182518f017f826f3b7de2,0.0451194341246631,0.6666666666666666,0.21808000305834963,0.21074770400414683
AVAX,e689c0cad411d89ae69c4127f04b9d253d97309458fa83cefd6d2012cae5b113,0.0052794610903464,0.6666666666666666,0.22486409323400364,0.1883442846620969
AVAX,e70ab778f2782d385d470b9a780d25279e8c4685e4fc745e1cca8108772e949f,0.0555460610023854,0.5,0.9030773195314323,1.7284814316234511
AVAX,e72360c241acb948fb16d1728d657f01027c165955295a89584a4213c2f73fb0,0.0422931662068968,0.6666666666666666,0.30817571840188435,0.463644440913914
AVAX,e74d754982f20c8cdd9ee21799c6fd4cdd6c44f8403f777cd765f3605347b691,0.0176906663352851,0.6666666666666666,0.21458067257449157,0.16873028268743273
AVAX,e77228cd04b6aa7aa2213b2155f992295f03dbc9424d13352af063e963e649f8,0.0072265956005209,0.5,0.18219807898489376,0.042811550071950866
AVAX,e79f15401cca1d14ee47a64856df4f6760b9b799e684d499a78dc7355ef9d56b,0.0327570604109274,0.8333333333333334,0.20239752563988572,0.20215618587859413
AVAX,e7ba47b583e877bd7097379ae4b87ec2f7682363f208207b3f4acad1c108c301,0.0751093745059695,0.5,0.32166407032403144,1.0672548473025831
AVAX,e7ba7ff52213fb1b27b0e6fea6ae5250fca7a609c47e4d8da5373b01a38b30db,0.0029308188910947,0.5,0.18531666326153515,0.07549694032850265
AVAX,e87e919fb77d9ed6f940c0c1dbddb096a6eb448e489cc6d0630de7ac5f68c57c,0.0229999113167451,0.6666666666666666,0.1992937469685655,0.13862206758566858
AVAX,e8ede1e4d5a960136cf086a63f8e2a22a531c20fbffa7f31451afdc7c0ef426b,0.6478300628387033,0.75,0.4911103402934699,0.982764748051494
AVAX,e8f7133af5c0abf274ac7cdeccb4251d7c61b8a460909180369e71fce0e26b95,0.0135782991442664,0.6666666666666666,0.20746038243634476,0.13574854511648055
AVAX,e90973447aecfde4108cc9571ce71a42bc17f07c26f71a450f5857a9bc6058f6,0.1215538561770957,0.6666666666666666,0.22499386438770633,0.32674779029791856
AVAX,e966c75b03cf196b84fa3eb8e13e6f0897990e7635127a86c3711e0498a6dfb7,0.1256115711120809,1.0,0.22863479363233533,0.17078216432834634
AVAX,e9b6364f070acdcda1a81f12d34cd6c5b98ac2a253b6873f28b865f7fd4f2b43,0.022681503820247,0.5,0.21446928667346254,0.17654227839161254
AVAX,ea26a033a2de97393cb03b29db8dfe14334e5f8aee2f05cc4c11dddea70b994c,0.0030312046819588,0.5,0.1962403940807057,0.11046819263397643
AVAX,ea61e4c8c09772c1ea00a97f7b429a7580a487096165509889b88ec31f632b8a,0.0072486469671798,0.6666666666666666,0.1821490297212666,0.06255316275434135
AVAX,ea715fa2b77445357661e44c352754c2744cbab6c0833861ec036519f7f9c143,0.0105928320409382,0.5,0.19238853412080048,0.10894269782758428
AVAX,eaba4bc7b9f63a07cf2cdc28ec4bacacd12a97608258c7c51d1a7b40bf90e1e3,0.0454109062313043,0.6666666666666666,0.19175144797069876,0.11041616761177724
AVAX,ebb7093981654f3696fc05f5486e35ff1d1bf154d5fbe3fe2679a0660ddc48cd,0.0148866110060379,0.5,0.18934026105175375,0.15859186309759507
AVAX,ebd26da79777ddb7d6ade5a1e4fcda7d920b49d31c5edd5d7691125265fe1e8d,0.0241861494107677,0.6666666666666666,0.2003234190066633,0.14906751857077083
AVAX,ec9a873e209762cfe3f81f5a12807a30cf6f4390137dc11edaf052911f8041a8,0.0036180749606997,0.5,0.2170285378598927,0.22776170212051375
AVAX,ecfa2fca207c8a42df930bda3228e5814b2e09011ca8943ad04347d1f3e8e425,0.0522000963583769,0.8333333333333334,0.1858621073234064,0.1032032759721556
AVAX,ed1cd72fafb7fd0cba4a0e68fcff55ca4b486d7598d24992154d0da53a5c8bb5,0.0126487609750056,0.5,0.1900688476916112,0.06809159504533735
AVAX,ed8d1b83e5d918b2d72ef6c23ff2a70967a2a75361510461de36d731daa04441,0.0107042537982418,0.5,0.190027979056104,0.10575966580763325
AVAX,ee091cccae308616e6e4f68c584c2a961c4e6cc58c61c25f56d00cbfa9855088,0.0054565926807556,0.5,0.19827299125938394,0.10515597064218128
AVAX,ee909200499ace5460a76de1c47f08f9bf6b5139a19bb48f55cda2d8cd480642,0.0066958448859635,0.6666666666666666,0.1852923978058588,0.10473850619594367
AVAX,efa8ad377184931f6c02f8a8270d7aaed8d943359c549a0609a637a51a58753b,0.0179738894767655,0.6666666666666666,0.19795956774421694,0.13994499877652872
AVAX,f01c0e0876720dd884ced517e00182122bf4850832782281f336678510d92c52,0.0096007085799548,0.6666666666666666,0.17715222768535008,0.07685638552013838
AVAX,f03ab96ac379a7e9e0dd281caf796b226842b5bf4be4115c5445957ccb9e0f82,0.0239383034656659,0.6666666666666666,0.18531136045221835,0.07181952191400588
AVAX,f0405c7f8bac8c7c75181a12b654afa12602778ebf50d194b47b8d03bda9352c,0.0109494197389044,0.5,0.21352258495093246,0.18292410905710352
AVAX,f044482660841fa43d3b4a3348440bc858d3423bfa98e7abe85e175c77d490fd,0.0528710397369851,0.6666666666666666,0.19253047535299805,0.13125843142750754
AVAX,f0b8f086efd1325a02b31e5a0ee1b552bfbff58a2f52196585ccb931fe61506b,0.0072755690542937,0.5,0.20669757266846736,0.22487585180627578
AVAX,f0c7f0ec616e498f4dc56d6325d7064dd58de01d26bb70e62114221a0bd53676,0.0155719922643041,0.6666666666666666,0.19068368868226243,0.07713318582902143
AVAX,f287f6eb47672f3e80c06cfeef1460fa00a5db51e7494a64ea7a384483ea4ae1,0.0217511594861885,0.6666666666666666,0.20089250418611557,0.2058742978700552
AVAX,f31abcf9f05aa49b1b9e084894b67986375c4eb12fa8d5732d959e06fc400977,0.0026996992542972,0.5,0.18673027612140192,0.08551128339790044
AVAX,f340124084459c59124f961b2c316ace4afae0ec64c30bc901013628fb3c5823,0.0050903888512473,0.5,0.1849020610593395,0.059988357525883745
AVAX,f39554f6aaab7b041796f7f8989c856051f8cd06d7d1c61d4b297978108f2060,0.024948882891499,0.6666666666666666,0.20305258845423377,0.16138820433194856
AVAX,f402e994cb9457e643c5907993777334cd8a991190519d5ea555dbfff65c6dac,0.0090435574495577,0.5,0.18968758618040465,0.09686024540652895
AVAX,f4550efee19420cd37d9dea4d073d5b8fed701f534d40d057b7d48fc2a707dce,0.0759042449063658,0.8333333333333334,0.219607265219269,0.2233897187937916
AVAX,f47062976297729ef04d691ece6cc682e8ec3a824c8f42109512502a5a5199c9,0.0222354060692832,0.6666666666666666,0.20119189031004175,0.1586844624439938
AVAX,f4905f8ff41b39ae576a78726179cd5d24bc6ed6935294f1874b39258120bc58,0.1582831359996673,0.6666666666666666,0.31477636798119646,1.036789534179692
AVAX,f4b0dac2a7bc5c2e62f1f293f2a8d0405ab36aa37fda98f3a69c7a9073fefaf5,0.0018333930772378,0.5,0.18720489054566983,0.10706384274065299
AVAX,f502598835588ff60fce14d670db69188bf415afb0783288ee9ffda357c050e9,0.013790513393115,0.6666666666666666,0.17754342927963304,0.07707697390648154
AVAX,f51f7ff41e4bd838a5445f303b2e0c63c71a92603806ca78b0b4a34742497ae4,0.0154511746428813,0.5,0.18711227995982574,0.11785854669090984
AVAX,f67b5ecdc3f77235fca93b1f61e519025b3c572741557b71369d476315f5c702,0.0301298276375053,1.0,0.1820946313922207,0.06283787707024391
AVAX,f689af0f8c9196f6a10305562ae60250260d85dd1d4ea3fc80fe1e98e970f7fd,0.0068596505553748,0.6666666666666666,0.20578097887832453,0.10697434565281892
AVAX,f6c6f3217763a7f6d4a8c2a4ba8763c7eb124a96bfe5803655b6df099e2159e4,0.0005840344399465,0.5,0.20085012256887788,0.1322310322476495
AVAX,f75641cabae0098a39b3932455e6575ea60ed77e96e54a3893341e268b08ae73,0.0378454887704993,0.6666666666666666,0.21763167897056496,0.21873372836307314
AVAX,f762bbbb38b96366fe58329e12c15bec9ef88830aa26e8469441ffb313880f5b,0.0098929598243297,0.5,0.19931484573005723,0.1607906283758774
AVAX,f7a3ed72455dbcc64379d45ab0abd796ff605bc10e284d5ccf66b4960521003f,0.1650001429591819,0.6666666666666666,0.3743413684746259,0.9757241367090042
AVAX,f7af2e1cf59c5ead859b167339121a5762124b69b1d4d0a479c50173308a802b,0.0109074547124675,0.5,0.21311445860123623,0.17672175435195384
AVAX,f7c83ca76b9fb6bd5cedab85d093788b253831dc5bca2d4919fccb4a26bb6123,0.0564132388584071,0.6666666666666666,0.1926145505267377,0.13384874451473427
AVAX,f83f2ffd6926e3b4444eb7a0509671fcf81f5ffc3ff3fa960f5023085c5ac511,0.0385756018960037,0.6666666666666666,0.18244067036773176,0.08226249444527882
AVAX,f8867e7ffffd3d60689b55f7c971b518caa4051ad865ffac6ef2af8d171665cf,0.0126011968659925,0.6666666666666666,0.17628370253649833,0.04308444044404852
AVAX,f9804eba3b29f27fcf21fe32b2be17fc269224687b30bbb2111f575525ad6f64,0.0163298690582959,0.5,0.20087161397911837,0.12658444143600284
AVAX,f984afe9f85303679cf39c160d8258775245bc73ba49fb4057c2e2226a7c908f,0.0263950686274805,0.5,0.2162887684883934,0.14817139570926485
AVAX,f98da595cd10d690bfed8f965220bde080252d1d3295ec60b70fcf73206cbb28,0.0195669235286389,0.6666666666666666,0.21044318194762174,0.11864721293456368
AVAX,f98fa7590f921909cf62cf266ce20586ab6768e7a86ecaa9404fa1bff8cbb568,0.0300080970125994,0.6666666666666666,0.20638004922648606,0.1417542123494421
AVAX,f9c0f51d0716255a46702a2089dd0f180f4429bac67c1b7036e2bad7f0022c0d,0.0015271666645042,0.5,0.1761241297294979,0.053012126633596016
AVAX,fa1293f88dd4d5c81ecbc8c655c9a73e95e6677306ec27459b444849c43f1760,0.0080445507547005,0.5,0.19057320386909676,0.10472931340708257
AVAX,fac3dd6db434a7cb75dbffb6ee5e8aa552043eea5351323033424134bf55d8cb,0.0775023953565643,0.5,0.4891925405861483,1.308692676251757
AVAX,fbadb2452a2c5162d38be44ca06980f0892b7352c8921abf63a5fa7083eb2396,0.0766259438439939,0.6666666666666666,0.2080057579569433,0.16502873471455334
AVAX,fbfb6fd70d63ba16ec977fac87738e531fa994d67b68ea3dff5eee0b207251ea,0.0040428920176705,0.5,0.17663467147172213,0.046200815700060426
AVAX,fc193152d23f0308ca5e0cefcacb3ce666dbbcc2581b87767c1e6fddd30fc838,0.0028179245795689,0.5,0.19651721611447925,0.09205952033905639
AVAX,fc5c0aef34922b4cd04ed6d244880185ed21b002485605845db60ae2853147b6,0.0030199893612976,0.5,0.1716516931740373,0.02938767838688461
AVAX,fc90cbbc56fedad1d54adae2d8aab4d1360a719df9dd3fb0ea6dcb7e5779d4d8,0.0472067885643758,1.0,0.19573814943631151,0.09503192426174435
AVAX,fcd3d99e33e2beac330a46a0b521f0bd95924a4fa202dda5c124827fb53835a8,0.0223196463237203,0.5,0.20522744340618146,0.20523194033939973
AVAX,fcf14bfc04591ee13553685fd34df58aaa4b07ba11ff74acac1bf211249d55a7,0.2169541406918211,0.8333333333333334,0.2899041438815234,0.37082372701057914
AVAX,fd21b765aa4c4576b2fba62842575270fb404ce0900f42257d394bf55ae54372,0.0016296589101611,0.5,0.18833766296723506,0.06310296783940819
AVAX,fd5d3025e5b6dde4e87735b786e585593ee65ff16f28bf4e1d4aed717eb1ad1c,0.0081557395666963,0.6666666666666666,0.22584492843963727,0.21828020973988835
AVAX,fd826a32e2b8c17bd67abb028d3f849ccaf8735b7b3a3d5a177e61907270d240,0.01494443015098,0.6666666666666666,0.192975349619109,0.11412992343383233
AVAX,fda45ac543ab5b7b5101d977d5d671b09168fcfac68aafe6d8d52fec16d21915,0.0052366147698109,0.5,0.1853330876914508,0.08675290440482258
AVAX,ff5eeb0debe9d5637a27a5504179148e57810bd763e4cd03aeb711b75504d3ed,0.0063691045856489,0.5,0.1815037364615424,0.06777796800689471
AVAX,ff7d598db700ce627d853696ab214ff4a212e7ea0f697f46e85fa33b06e93989,0.008651305797926,0.5,0.19206875790067057,0.13493708231175258
AVAX,ff8907250910407f7e48649093b562b09c8dfa94dd81fe2326a46b36b34f0b5b,0.0136157463736671,0.5,0.1971516298071528,0.12599690136202263
BNB,003c075435e336cf7f9aa3d07b60aa6a5fe7b52b5ef889fb445504de6df3ffe4,0.0025926679000834,0.5,0.18308810315922633,0.08116477591238411
BNB,0092f2ab56f28335dcb30edce6a5b4062f388efec02352c5ac535f377c45ddee,0.006359629534265,0.5,0.20880119505073047,0.12488091206635024
BNB,00b6466f1dfbe48a6b11354b3d043f0d1e3861aef70859e40e6f16acca52c4cd,0.0014878602199919,0.5,0.17704441622391298,0.04453947471415429
BNB,0153eb01e7597cd4137f4449b25d7d37610122ab8b6936697f4891b0cdcf39be,0.0044627655214035,0.5,0.1968710104177139,0.1467756198342489
BNB,0158adf64e91e7c4cb95dd3ddacda6cc9a15d91c4b53a0ba0171f46ca55591b4,0.0661161130603932,0.6666666666666666,0.21231972163744028,0.15685281503633794
BNB,017f11681d91724e17eee70107a4a4bf6090e568a6cb1aff5330f22fb14a6f81,0.0207165874442488,0.6666666666666666,0.18157340119513782,0.04216688807542499
BNB,02826f6062c6ce145a126dd3ede180dc62fbecd216ebb15978b9e51f76659c35,0.002746919920736,0.5,0.2000199871524201,0.10820285560952679
BNB,02902d3839cddf302e5d8edbfcd6ca8f0a69c95006d9a5b542823b9a264e0956,0.0002054838816861,0.5,0.19159060255682447,0.07435280547246773
BNB,02dbb738a923cc073bedfa4c9a99524f5b87a54ffff1c664e2811a38fdd3fe49,0.0883307788929886,0.5,0.4253147120437538,0.6958988341405518
BNB,031e113a270dd78dca35a9e02bbe64655241f018526f75a27200d5d37a5c2fe3,0.0057526503984349,0.5,0.18152193539071626,0.11332975520549429
BNB,032aeb0ac1dc6ced5b9fd1c9be3714bc6343b6cb13aeca14940f552701f2499a,0.0030760204647851,0.6666666666666666,0.1867542493489306,0.08063973276722364
BNB,036c8aad7f2acc3f6e7f1f22ae2b6b863ef5a8bdb37f4ac3fd6e078af2b59f23,0.0075185826474328,0.6666666666666666,0.18590979169545063,0.08841896642741337
BNB,037224677436a7719237aedd634b940ff7c76f90d987f787a344630a67f12781,0.0726274488972633,0.5,0.23279832181902627,0.28900712343057744
BNB,038305df3c30ad0e9660f5611a3a7d9b46fa787fb90cd1fe63578c3343190107,0.0668267021742888,0.8333333333333334,0.20133685166238585,0.18453107406103642
BNB,03928848b668c22004fc03525bbd88a3629d1b8b4ef62b9529d2b0249b17571e,0.0341976526704609,0.8333333333333334,0.19708375752366147,0.146747177426769
BNB,03dd3a4d5e092026272645fe951e64825e13d3c03db6794dff87920aa9f8e2f9,0.0084116228744429,0.8333333333333334,0.1822905509761514,0.06794731986525672
BNB,03e5d6093026156bda4e9c23c37780295fc92a9ff7756f174ce4c0078ac9094c,0.0124407851882267,0.6666666666666666,0.24346837569004445,0.18533614731214518
BNB,03fc0df71292eb7a5a2b7cdc6bdce12554cb66bf07239faf202610204aa7977c,0.0032800006967928,0.5,0.18060785622699477,0.04557488951772578
BNB,040839a8731cc33afbf46848cf1ddab770ae057a16f943ff93cf614558d84fc3,0.0044184328720695,0.5,0.21449763764267868,0.3077365591705521
BNB,0419a0ca6fde1f07da50b2c4e2aab5c1306d451af7f975f63d7c209672c4c652,0.0059510798283823,0.5,0.17452889801500998,0.04019375044118843
BNB,04ad9ef650deef2f70684b03bbe05a5baaa7fab6f597b2b5764cca2df441796a,0.0472562123583071,0.8333333333333334,0.18402877022046163,0.10295228363617077
BNB,04b6db693bac4037cec07b8c40830853bb5f5902321689b5d6f280109e98a289,0.0337486248041822,0.6666666666666666,0.17866096945120685,0.055193608642903215
BNB,04c2234a88a93b11910d330e16e50cdd664a36f97772c5f49cf48db8fef8d465,0.0026416858362944,0.5,0.20079600541760875,0.15401165330878497
BNB,04d82ca172f5ea18ff3627b5b8fbd10d110cf6b34bcbfc8a918b0adb8af03eb9,0.0028942992544843,0.5,0.1871823489946497,0.13057076767538164
BNB,04e232a967d930e7d9b45e151c4f42e6e1fc51b565f40eb0641d74bf0dee3b8e,0.0488510458302846,0.8333333333333334,0.2207817445999061,0.3648756158997855
BNB,055df11c8883b463439d185c68ec033a7003eabe8f64a3ea6905c287c6cc8dad,0.0208711060479301,0.6666666666666666,0.17905797106984397,0.051626459999457225
BNB,0586b7558c736a056225c1d2a0efcde74428462a060a44d063b2828ff0c18205,0.0375654996186082,0.6666666666666666,0.19000295725534735,0.11683843823145983
BNB,05a3ae5cf1c208187e194b56a9dd51b4851b8dc3b749ce123ed572a97fa560ed,0.0055466938046129,0.5,0.28998991126539375,0.28857863257232313
BNB,05afac4f016f82c8b6d57cf736af1df6199ce66c5cc6d397e59814d8776469dd,0.0054306857901138,0.5,0.21308509987162777,0.12202691100284997
BNB,05bb7c2320defd747ff8ed0fc4d4346dacf900367f897659367c664e6dbdb48a,0.0125065916477903,0.5,0.1816091697111343,0.1251100607060083
BNB,05e0731382fd2eb8c77e3bad9afe64e7f8a75952914d759e6a397fe920e88f9d,0.0007374720603413,0.5,0.189350479658312,0.10830027803905073
BNB,05ff0ea8ae7a3298e12f3be0739eb733cc87b70e3469df24ff69e030244512a8,0.0769110148579869,0.6666666666666666,0.28365109351346535,0.4707194053563044
BNB,061f9b92aa1fb51d148fec1dd37494205b71836ec93edc8be80284c9e49484ad,0.0129064198823196,0.6666666666666666,0.17887707590283783,0.11010272209536968
BNB,06278231c24db71502605352ed851280a0f2fac4c4d903c1766261717858f276,0.00455110248987,0.6666666666666666,0.18314162929293906,0.05040687508108929
BNB,06345531f01cb4ff7f162538ab7f70b1fcb1bdc33464ed201c3f77ab14a968be,0.0129783209292567,0.6666666666666666,0.20583199230784308,0.14495680235714867
BNB,06439aa783d043b09669037093205580c8f051dc89dbe19147bad13aa4e40762,0.0143792615902557,0.6666666666666666,0.19577384562369385,0.1550745088940495
BNB,0671d4a3968521fcfb6a948dbf2800710ef5f73b6dd16a59a5e974e40aaf3a96,0.1075727194656177,0.8333333333333334,0.2782833893564731,0.4040360648844467
BNB,067691d81324738b04e65e02e014a49611328df8bcfc2a5c98430869480c9e0b,0.002651045416531,0.8333333333333334,0.17303205906934518,0.025011180935416363
BNB,06934c2776621d7ce9ca193764dd19ae55cccc3e69a915c43f7d8b63dd70b978,0.005060116456092,0.5,0.19959576136983478,0.09692234889868447
BNB,0693a5c2f8d367503e3ae7139d18f4455d31b28383eeef46ab61b0bb01d44d5a,0.0515277575198821,0.8333333333333334,0.23247241753557346,0.3458414810060098
BNB,06a90fdb9897c59b73d232f3388e20816cb1d0a42aa77894e27212cd69e21115,0.0168357492074768,0.6666666666666666,0.20716223659222566,0.1563370506164069
BNB,06cc95960da4bd27e27e4b6c622bc3de4971c05f8842b05a578dbfbc783ec350,0.0104261676899918,0.5,0.19825098500252292,0.10093989576014846
BNB,06e194581a8c7df230785a78cee6178f47d41ba27fb45d0d8faceed9ba22a49c,0.0079879445006824,0.5,0.1781316479857101,0.049856984294165095
BNB,070d971115f575d4605a397127995b53c1ddfa5eb7c2ea3fb39ef2c60f651c27,0.0124410151491272,0.6666666666666666,0.17835288581703315,0.0522220418659353
BNB,079fc2eb4589d5cd22324139b68bd0f6c2b282646d8195708de7eff1c064bdd1,0.0119665500815904,0.6666666666666666,0.20042425841890762,0.17678411717521136
BNB,07f86dfece6eeb16742d90c1aaf358dc16cd9407fab8c550c87e275eaeaba71e,0.0279999209344579,0.8333333333333334,0.18965027660393421,0.08324473552796907
BNB,07f9377dd28089e4290c3324248ac62016f9caa85bf74fed360b34a9f85f7c04,0.0076525301939019,0.5,0.19259826321045978,0.08399082599242862
BNB,0816b507fed5c5a426524186dc911566a5ff75084333d0d016fed44bc86e9f89,0.0023944403624298,0.5,0.2821790475294985,0.331995209879524
BNB,0817e4ef9e0f56087e21968cb1e3439be1bfe58f2e58baccd5a97735ca404fd7,0.0052069142134727,0.6666666666666666,0.21320344129507798,0.1268346404963493
BNB,082c49a8871a21f717e54f5a1cdaffc996269541bc49bfc03dc0ba587e8e3bf3,0.000515857227456,0.5,0.2238721073025497,0.15124797300837264
BNB,082e4372635e09c20aa7b7fcac9f71b32d429eac9200cbb27510c4bf344abe71,0.0236246339389144,0.6666666666666666,0.18093394420368225,0.08137161339583188
BNB,0889c4be305f25a2bd347ec1dc608e9e3dfe25baffa9635b8f96a53cf1200a62,0.0061369643207708,0.5,0.183801282661576,0.07461376444365139
BNB,08b35e683dc1b74c7e3374416f78479632d4d2b5227eeb1750560385d0fbf770,0.0115678798015038,0.6666666666666666,0.18127763966118113,0.08524077776591794
BNB,08b86acd68662a22d7ba34d52bfe7ea1b64b9c62314f6a5e51db6329147298b3,0.0171501428542656,0.8333333333333334,0.17905214338687603,0.046209441965624896
BNB,0901de24525f1bdbf1ad8521cd431658d413fa5b202200bb238c9f475882d360,0.0356257175020259,0.6666666666666666,0.17585268905935186,0.06858590214976962
BNB,096baba508dadba04e3f03616b73e8b4a3fdceedeafd8c972299ba8a333d3f05,0.0092579005192238,0.6666666666666666,0.1829603696435428,0.12019238540133918
BNB,097c4d88675417047103ed99a228d257ce29a257e39765814fb01372f2789edc,0.0161243423038537,0.6666666666666666,0.18194747393654795,0.1310951205805451
BNB,09bbd8b05f15285fda88ed9dda0f95f2755ea90b63c69a6db92b91eeab312abf,0.0031790109001998,0.6666666666666666,0.1772980079686957,0.043050619906691276
BNB,09edb363d93cda27f0b81d9747104226ce76fcb1cf5e8df590721b98b8d4a9b9,0.0101814062694881,0.6666666666666666,0.18380546083751953,0.11893122033694528
BNB,0a2f835331cf6d687dd87dcfea38082a4bc48c4f1653ffb98a34fdddf009d6aa,0.0171399443781293,0.6666666666666666,0.17711218339559617,0.05326011767678568
BNB,0a56bb3472bf4cf019780d87a26a77c72a9726410a3e669b9fefb6b95bfc68d4,0.0031333966319254,0.5,0.35126804082540697,0.6659267250023434
BNB,0a609057bc9d2db4d117e26f5bad6f764219d23a71d3a1ff52ce85b38b614545,0.0166528893306045,0.6666666666666666,0.24967543325512104,0.21262298257327625
BNB,0a67cf69a0ae27e1b11c65909e2909c24762bfeef5dc8d23289bbbb4d16a63f5,0.0094477236677366,0.6666666666666666,0.1784947957613112,0.045118763077249414
BNB,0a791cb58ee0fa8eeac9c87837075800595e0dbc5d0440c21d52aa2b1403f186,0.0006579816972417,0.5,0.18104072372790644,0.06232963581920988
BNB,0a8f9ff4b0faa7079e756f773226535087a2e7a956d76007ff17c2439bbbdf2f,0.020855260012022,0.8333333333333334,0.18058173813582487,0.08699466155596032
BNB,0a99e534db43290afa8942f641973ce2f89af9327378c7464f23600005a0f7c6,0.0110336670915878,0.8333333333333334,0.25316926580308463,0.221695013902542
BNB,0aa0062e574b606d6aea61e7d39ecae014c4827e0d04cc7537fe492f73f5fd48,0.0142248309728062,0.6666666666666666,0.20039819766276526,0.09127349053216542
BNB,0ae27aa9359d2559e1b11746042a904a94f5bd00086a94e0db42a8dc0d3590c4,0.0030828117228149,0.5,0.20872328512846647,0.10886271290659266
BNB,0b772f5022e99874f1e2623d07bae07259a24b2bedb975b8b4d2c7843f9edaa8,0.0130830034716401,0.8333333333333334,0.21565379986422725,0.3232758528885566
BNB,0b7d844f66cf9250a64e4140cb279d0e52c392f57ebd528a45038db64ae63b05,0.1427621285561946,0.6666666666666666,0.27881976419787347,0.4012417829881117
BNB,0bb66246d680f0de54159dba19968872c78116f3d98d21c63ae9e6367263ecdf,0.0009211146782,0.5,0.19378570744714696,0.09174528398684854
BNB,0bbd25feea07f55b66394a26c7713865006d99bfab6eb1efa32c162a618f8df6,0.0199729871699438,0.6666666666666666,0.18552568523910135,0.07747149171332082
BNB,0bc42740a4679d616399b7736b4e96858a7befe2e6717b0525b8bc83ed506305,0.0381116894947983,0.6666666666666666,0.1740443724814488,0.037521761819275294
BNB,0c05f30b8ee3b392c00733979a41276e4802c3f221b64e6612bd8ac433ca3bde,0.0129671476363078,0.8333333333333334,0.17467340352725763,0.04167329543259122
BNB,0c4107390b4d0a6adcc73743e8159146028830b7e1177568f55d04490ddb7421,0.0091052780149869,0.5,0.1874898276733551,0.0922296162559581
BNB,0c9235e4b97e86fa255546a6d3d5f779ec52b985044871c9176c0c2c719a94e1,0.026832418745333,0.8333333333333334,0.20709368152097238,0.13723273005949915
BNB,0cbbe65160ad1e5fff713c3a121b8f6a82f223b9e99b3a1e3d2503aae9af2d65,0.0358875757805596,0.6666666666666666,0.19581251714531095,0.13846038861153517
BNB,0d42404202349057f35d625ef69511f726e5c965a350197dc69bab75e82254a4,0.0198527308381511,0.6666666666666666,0.18714955705457154,0.08163841876189189
BNB,0d7f4ae7e9656dabf481cf55e09c680d9b864c45593d5e8aba0dd9540dd01575,0.0001705288433946,0.5,0.178819508411466,0.10215295022573957
BNB,0d907e9359bb03711f84eb2b4e3434e268ed90296f4d0aeb8056572bd177b604,0.0023517896795893,0.5,0.19943385505281647,0.08524863895749561
BNB,0dd747666bd4fb5306d58f71d7fda34abbec306fcec49e94a577e5018cad1524,0.0031595842455598,0.5,0.19113043619006237,0.08920938551438445
BNB,0df8669a8a8f05cf06de75172e17c491f2d9d89c463a4007cc74395cd09be07d,0.0049450981491065,0.5,0.23973612667042876,0.20035276868079718
BNB,0dfffea6d5c3267ab13ad828109eb0d9ef7876aaecd0d1887470658d094c69f4,0.0154530211057013,0.6666666666666666,0.2353244752906323,0.1995555956692157
BNB,0e2cf3af15f16059504ab77061d37df4b99cf5b4a78ed2d695e628d7000fd96b,0.0022055363429292,0.6666666666666666,0.18777498556937985,0.06310785701447151
BNB,0e373d17c119ea2a0a787c0e8bbae35b493d7a77285d9723fbe964c0839efeae,0.0283812482094963,0.6666666666666666,0.19106034508112704,0.17365963173738325
BNB,0e4cce04344f0d8cdf95d132ba582cad25af73c0f960138dcc9f270482b6b79b,0.0171910267796233,0.6666666666666666,0.1821322308082634,0.06977646374566658
BNB,0e72d9fb17164e3837f3b83b96f9b5c468630c34dbb740034f64c6e745c71057,0.0165538514761757,0.5,0.19074841152921562,0.09113029513943169
BNB,0eeab252ac15f2dbbea282393dd4bd33a5d7bac567510a227cb53e96086b8728,0.0091198922057572,0.6666666666666666,0.18064183592257912,0.045406215942228156
BNB,0f1c3a90ab07c6eadc3764043a794dba46c7b1c97f7b26816421aeadbe71528f,0.024438549927801,0.5,0.36424659113499547,0.42895122910879163
BNB,0f36bfc92bf6aa2fdb688d49b7313dc1be9a167258a5fdef3447198e0a3ed050,0.0274470844452697,0.5,0.31236094034488643,1.1710339674554648
BNB,0f892e419306f1ef7e0fc3e7b9dedd3a3074801a6798f6e5d5e246db1ba0f09c,3.929521996223154e-05,0.5,0.20665353102042777,0.10279704044601022
BNB,0fd6171c548c3ac653f857198b3144dc72918d7d27469ee678edbbb4a26edab8,0.010808794154878,0.5,0.28602080853188244,0.595335172784007
BNB,101c64d068526795b02b42b6bc3eabc7502daff1c0b7bc8a7261ed6060880271,0.0693725850631718,0.6666666666666666,0.22174388252650384,0.19407274540502092
BNB,1023432c8d65f2ac854618754fcc6837af32c1eb5b435de622b837ee200da506,0.0064157393839585,0.5,0.20455557648984082,0.13381987452854277
BNB,1061772b89b253aa9804389352c5318b05d588cce20c0196512ca434dba5d85c,0.0005587353690809,0.6666666666666666,0.1810051695316562,0.06293826093879538
BNB,106c4dc1f2f4c116e6da55fbff7c05e61458be51e34df2c42bae25f29ad0ec76,0.0043825059092719,0.5,0.19355130736853732,0.12406834974731232
BNB,108855e3aa9a528addb7885e9a7323e14fa1a5a2eba40939056acf0d5fdafb39,0.0734439396991791,0.6666666666666666,0.21464187534869164,0.1335334169621572
BNB,10affd521b82710c5fa1e76a44030c7013a2b79ec56cd264f6768bd2790ce8d7,0.0052177182313718,0.5,0.19507650509442137,0.1399725710333035
BNB,10b26d5c34b86be956f9166fce4c1d4afd68d7d7836b9a86d2805cc911ffdf45,0.0026174022382942,0.5,0.211931329100679,0.16409122269884543
BNB,110bc33393ee41b3340d4f73a9fc6e80585392ca2274df48643d909ba89b7bc6,0.0036394349481334,0.5,0.180430169717882,0.05231826126503818
BNB,1115c101abc592e1d3acd1d9522276fd3a5c2ff6ed51447c42e725d3eef886d1,0.0197499229563512,0.6666666666666666,0.18103960637043393,0.0716408385049193
BNB,111d3f8c8ceb085065c4ac09cfbae4c1524a3ccc4782d811827d1a0b48498ccf,0.0016477084318153,0.5,0.21913915393305072,0.259627216688317
BNB,1127a3b9e4f80ada2713c49f778f8328af83395d8d56c84f84f4208dc121fad4,0.0063557823739392,0.5,0.22129879491203794,0.16806586331501605
BNB,11bd8a29581d0bc7a4063b4d4df2b60d027f1363fcd4be95e49d99ec7cb7ec95,0.0205527793009052,0.6666666666666666,0.2398684350105787,0.21422377439861992
BNB,11c93ed32275b47aac90904c9e931b3868fe53081c53e715afdd6b37f46df23a,0.0050289056156836,0.5,0.213587020469599,0.19019223782055264
BNB,11dd4421ed6b7576e7ebaf7ebdf3a35c08cbb3a4ceaeae15d7fab2f9e9b81be0,0.0163051691318532,0.6666666666666666,0.178783092370094,0.07719562994745043
BNB,11eeb1f9ba2657d96f9274a2888a206fa5a541d7d1857ec7b5f0ae7d38808fc4,0.0299493235816369,0.6666666666666666,0.28191123122905687,0.305570151203909
BNB,12223a4ec09c9ea4ad4cafce07b5e5e498d0c0235e646b8d06cb939612246a46,0.0105709229684816,0.6666666666666666,0.21657852705956912,0.16277935529564908
BNB,122e7e983467c6a7290756430781edd7e3bc29e27476d8eafa66f4996c28080a,0.0027269353539168,0.5,0.19654934285674766,0.12336638218578462
BNB,123efcc322e9e5cb95755476cacbe8e4ced370567b53565d4a51cdaa15b3cb7d,0.0653947508708875,0.6666666666666666,0.3426789020215228,0.7033930181388516
BNB,12c9bf148d9fc99f3b71122c66c8c5111a487de9a300be1d4f49bed26151d620,0.0320678801708187,0.6666666666666666,0.18020056746006874,0.06196088463874873
BNB,12ce557b03f3b420e30910ecc0b64e4b3e8bc5529f043dc41357ea1ef121f1f5,0.0330779319190378,0.6666666666666666,0.18939452620472302,0.10656213605243799
BNB,131a46d93037ed216e903542e2ca7cf59c7c580956b0ab7ffe0d02e125373257,0.012455802172813,0.5,0.17478412609142457,0.06847767854498693
BNB,1353562862cdba28e74a6c5d50121f944f0f7e0d12f82d93c69608763b66c9fb,0.0415038007124325,0.5,0.37925453016145416,0.7717695722683926
BNB,13585dcf98d086757b8b49f0e715e9540db3f2e00b433c882646b1ad9d4ec091,0.0282983501848253,0.6666666666666666,0.24572059640751062,0.22486666117522724
BNB,135d7ff4816dbb42152657509411a2cbbcf6a41223a54006a075ecb73a06e6a9,0.0005773034376155,0.5,0.18857843114963838,0.07641507781017741
BNB,13dfbefb020c8afe016041bc5d0b06873929562f2bed643bfd17f3ddaf83daa9,0.2193231895814348,0.8,0.2519485608399368,0.42177163985754507
BNB,13e1d941a5a9a6a3c89b3a873eb738d383870700cdab926ee9803bfbd5a63aea,0.0018442753246831,0.5,0.25908248530171046,0.2263370545022325
BNB,13fbc6a688f23d76e7c7b9b1d38af2964b0b5b2dc9e0b71417fe305662f1af30,0.0005807471390146,0.5,0.1931627291330429,0.12167563087490882
BNB,146340efdec78fa828b03cb2ed7c3b0d271a1d15445edcd0a352a240444e1348,0.0052271349915688,0.5,0.185914101188148,0.1527836938213768
BNB,14713c0a23d57583550648ac5c8f5f742450e0d80046e8df390660915de580cd,0.02267951013569,0.6666666666666666,0.1804443351276496,0.06918530352958649
BNB,148ae0341e67a59ee117d62e416b2ea754ac4b8e4c774be9178fcc4c1dc4ec9a,0.0535264583325572,0.6666666666666666,0.35197519653495685,0.598870016399993
BNB,14ac628cd86d06865587764c3c2a364baffa461d6923eba39e4406ee43041b79,0.0095342754417868,0.8333333333333334,0.18103582146927163,0.08771162620118159
BNB,14c631eb78892140d05d47f64225ffcda4e7437143b164676f0578fb84ed3182,0.0059595447367544,0.5,0.18523041503338314,0.07425688866308486
BNB,14c698ed3047fba2661b02432b7ff187f1892c73b1fea5878acc6e5b44004406,0.0162416002541218,0.6666666666666666,0.1794266625555256,0.06754140191470193
BNB,1522a8f4c5f1fd6fe7d4349a654e1fa53901096c0830c0c1c47f195c1d1d7983,0.0187921006417332,0.6666666666666666,0.2824438230209314,0.3551288249486338
BNB,157b67f68e5c79f9dea2b672bbd4f5841fdd8262d7f7ee1a04cd1197eda084a5,0.0006236765016821,0.5,0.221322796112068,0.21627979140835485
BNB,1583e5dc6b87d905ddb99700d66043e2f82b74eec1eec9aed4605cf0abcf4242,0.0099975907255611,0.6666666666666666,0.17784997278592263,0.03846409334405956
BNB,1587e8d94e7be0a992aea0febb05847d603a8b3d671f15997964b978bb826fa8,0.0200846077218406,0.6666666666666666,0.1808306748852907,0.05204821247998088
BNB,158dd03187820a8557b4a2656059add05e0e7e4842f7b92099c34627408ae4fb,0.024438549927801,0.5,0.36424659113499547,0.42895122910879163
BNB,15a1b3ea01299c4b1391b275188ad12f61a07415881f2134baaf3914f76caf24,0.0284142440399766,0.6666666666666666,0.22498253275425958,0.15950292740522265
BNB,15b0791525200480aa35fbfebbdcd277f047345fa38397d29aebc00e26020696,0.0144587094991886,0.5,0.23995786927798843,0.4290075733314882
BNB,1616a04fd39e57762d6fc9bd4146b02b7f0136e6b889f70d5699583c21d668e0,0.1058033567082,0.6666666666666666,0.25922838493328976,0.43759401927218494
BNB,164c28ed0190be763ef3589f48e5aceb678cd2f2e727a6ec5535b3472e717593,0.0031371154791779,0.5,0.26192049966687303,0.23705902569927131
BNB,164f4294d03f05788f9c684678f2efe4901163b9efe5bb20ba86e5b074f5e06f,0.0053887578571117,0.5,0.2692380595832635,0.26949242729497824
BNB,168920e781842aa1489e9882b7814688285960f29d06e85d979bdc8c94d302bd,0.0249583668954232,0.5,0.24036191407734928,0.2472143110488498
BNB,16bd81ed2b861c2dd9bd21bf009c4bbaf8d652915960fd47919f63e216e90176,0.0136839931326537,0.6666666666666666,0.1885771803481875,0.08047644191575022
BNB,16d92fa0665cd2363f4f1f5da1bad67ae64f6567314b293649608ecf8a6edfb2,0.0682122153735508,0.5,0.20603370707788132,0.24809200577384571
BNB,172d64a8862967da4a91ebf7c282080068c63fc421d2250a43a0c9af7659f5be,0.0296050910734136,0.6666666666666666,0.2230966655281312,0.16413397249049028
BNB,17454a1e488a568cc9da8152433241874ffa3079646812087ec3ab643fffd287,0.0780481297429888,0.6666666666666666,0.253808854878145,0.2934459557713028
BNB,174652ab5f769135695e1b2ea29f00c0b561b398045fa1ef969ea11da8ee6afa,0.0140155527681063,0.6666666666666666,0.23124406285814755,0.19615845568610754
BNB,1779b748e76930ea99ff33805be3a60ff4817bf9b46067ea4348a27460b11b3b,0.0086655511319925,0.6666666666666666,0.18202430183992,0.06562400791641343
BNB,17b64efdde493ee4098963e25e103e885e20320546dad440dfbed2ca8062b25c,0.0110331995380109,0.6666666666666666,0.1870412990718355,0.07819783727514562
BNB,17d368278739b36df11b12c9d811fd052498068b202db02942b9a407c1f105b9,0.0004660383869781,0.5,0.19210469631743815,0.08967113189929914
BNB,17d40b29c23a84cdf6464ba73a93b526c02902cc0065d20e03b08221f721d3a7,0.0187152473864929,0.6666666666666666,0.17572805900516425,0.0481385062437034
BNB,17f5e831e2d2de7d48efa9a129b76ee6a7fd5be3bbaffb6588bc91b61bef037f,0.0219583497404528,0.6666666666666666,0.2036529064837668,0.11604699383690416
BNB,18166d610b497c8a94e785b282607a39bd2e29d29cb57ed22031dc003a5485cc,0.0027734140093413,0.5,0.18323762900532092,0.10481020318605112
BNB,185689df023d57df1a73ef43e521db5165e1f135a6f56ed3e74f7441c16ec74b,9.87928170756646e-05,0.5,0.1787376248509275,0.066480788941432
BNB,185bcf0f4880776b2c77ce062594fb8d9cc55147d85d1f20f446ade77e03b888,0.003067613637794,0.5,0.173011946654945,0.030398096104995977
BNB,18a2ec44d91d99250579680bf419954cf4f531e5d5de08d216d854e0c36714af,0.0128276115824316,0.6666666666666666,0.18281357825033837,0.06061027058576108
BNB,18bab4a89c3aeb7c53594c044e7cf73af9ce12a7071dcd072ec14ba6d68fc887,0.0167419876929829,0.6666666666666666,0.18038544051419217,0.06883922469645647
BNB,18c1aa92455dd20a0b7847e3767dd3c8e2fae6d5acaaa1225365d997332058ce,0.0158850944024971,0.6666666666666666,0.18175726367180048,0.08365437354020142
BNB,18c72d252fd6e7ba170b2b815a91f535fe2982a9075335596f6108f0f11f621f,0.0318255454611939,0.6666666666666666,0.17850443116501855,0.05308412581312861
BNB,18d9ccd0175c9a7b8aa756933a187a5e87ddc3b404bd1d13762f5603399327dc,0.0106307453731598,0.6666666666666666,0.174851948483863,0.04539755376518786
BNB,1930988c9e427d283a48484870e304e815c08116aeb2a8a95a8857ebb1a5df57,0.0025258665775258,0.5,0.21507806571204174,0.12375252206882216
BNB,196a0c6761df5ba3f6d252fd1b727e5ac804eb72f0416cad1656bbe163225454,0.0125630054208995,0.6666666666666666,0.18446563752589282,0.0876578554154512
BNB,19fa4a438b982df30c714e4e5282c3ca488b68eadbc88c450d8e3ba1aaab6647,0.0072505494325448,0.5,0.23526137967161814,0.2010438053282192
BNB,1a080ac9b931d2d6e9631cc3c5ce1a7552a6b29f5e5d62e370b209f5b839e7a5,0.0094295242057226,0.5,0.17964587904275856,0.10203836108114217
BNB,1a11f3bb4a84460f1a9f421b2d92d34d34fef50c7ef75839f7d8fba115f2081c,0.0170539085634137,0.5,0.18182051894888135,0.08323281908048358
BNB,1a4d1d69e487b2b8996a915eb7583e8eef38df47d9c2b00079c5a4176a1efc3d,0.0318501692284424,0.6666666666666666,0.1759266026262465,0.05153313128022676
BNB,1a584053853809fc758c4b5625d009045de6d44b4b7dfe531a155eb5e6405141,0.0286288801105691,0.8333333333333334,0.27066770545663077,0.27032277209477107
BNB,1a8f9de4269c76b34818453ac0f9b64c598d1d14289e4ba2eb173f29e7876995,0.0150798350108553,0.6666666666666666,0.18274783653800197,0.0959573208278789
BNB,1aa59015d34401c7039908f0bad435dfd4b9899e3b0bf8240cd8f3c8ffdc5cde,0.0138709313659937,0.6666666666666666,0.18224663870111846,0.06904935641979701
BNB,1b278833af5998cd2e7230a733cb48604228060c18f25d31eb9623b716a23648,0.0067977480718651,0.5,0.4252299170627209,1.3414403511518693
BNB,1b6ffc98ca3e954c2c690f39119b5c094b0dc7432c0bf2ee2cf4dc6cef61d3bf,0.0202484845730685,0.6666666666666666,0.1829337089217751,0.06185655830275801
BNB,1b797c08c7bc81419c0a1cef1e9c1996fc11ee163a947cdfa29d488cf04e1147,0.006415288268981,0.5,0.1886541950391312,0.09422523269114266
BNB,1b85a679e4dfe6797968533774c6f8bbefaf4f4762d2e8b04b40e5c8aa276f64,0.0154032418364924,0.8333333333333334,0.1851557086176176,0.12514094872860368
BNB,1bd15f8571f2aba0e3c2a6bcfe13dd66d66f92881d0236daad67bdb580640c6b,0.0152748725420655,0.6666666666666666,0.1779756430045201,0.0948981557874563
BNB,1c160f6523a1b75d4d8620f9a521f67ef621372ea616cfb2bb41a3ad84d3fc55,0.0201772679446241,0.6666666666666666,0.18093995644403793,0.060525720273853965
BNB,1c347e0117abde3ff4dd40ae39da4ec5bbe7836b0be5d28328571abffd274751,0.0279333929230453,0.6666666666666666,0.1798522570655357,0.06835822270166739
BNB,1c3b5fd155afd5ef4ec3bf0ef757b0a999c36439b27d19df7dfdf7c7bc1b9ad3,0.0132204636153235,0.6666666666666666,0.18863345616183472,0.0747725943745754
BNB,1c44e1e5bbaaa045fa58b7ca79cbfe2c23d3556417f69333b487946e9c4fbded,0.0646636845998961,0.8333333333333334,0.17952719199722159,0.10460639410764348
BNB,1c8231639728a5ca33a2118bfae3e410cd80c52484e6184e6735a1874b1c60cb,0.0570757227238357,0.6666666666666666,0.26837877055147,0.2848537954711537
BNB,1c8a648a62f925877b4b0d8f11478ff388162d2dc13fefe727e49bac5c231457,0.016878193005729,0.6666666666666666,0.18649684848160444,0.1217984427202076
BNB,1c9580d96957ee3341e82ffe46ff48e864368d84bdf9a19cb7cce8df1875e43b,0.0025297300982265,0.5,0.17926617684747054,0.05252657109811004
BNB,1cefefb26abf7839184216dc444d55256aed5c67f5d3d71cad455aaeb5f426cb,0.0172698363211812,0.6666666666666666,0.269263229847521,0.3749509415309946
BNB,1d6247bec8193809e86e045b9ea61bd64dbb0c94176a9c5e3c441e3cff5c3127,0.0009192487120023,0.5,0.1753593200376431,0.04841401920208675
BNB,1d6d76d69626b427cc54943737291dc73a3bc4cf3e875859c390198de444ff27,0.0531461695173511,0.6666666666666666,0.18544333839669486,0.07872144090571936
BNB,1d6dfa3a4eae445bda312297182545f72ab75d0853faf5b3c32246158e92d50e,0.0206962525420486,0.6666666666666666,0.3043631572724715,0.29956481338670116
BNB,1d7bc875f4335f33115c220eef23e74b005df3b5701b0b7d7d0ed3c79bd6f37c,0.0203945705955012,0.8333333333333334,0.20063456256535409,0.10102385775604984
BNB,1db629dd7078d018aab7d6ce117031b17c9953396f8e7594e1313c10cd16a0b6,0.03009444807134,0.6666666666666666,0.20708628519777048,0.13399211005817843
BNB,1de87d885f2f5f466523ac120130649510cc99968267fa3cf9f65b74a8b3529f,0.0719109793350575,0.6,0.3617048931836566,1.8729987919356994
BNB,1df2c49c6544ff806a756d87cb9fac3d401ad7b7b896da773751c35513228829,0.0080211076895366,0.5,0.1914382438835047,0.14724744732922027
BNB,1e086c0df7fa9406a95b3c2b1014b09ea75b9253f47c76f8995425b1b2bc2c3b,0.0478120441939349,0.6666666666666666,0.25439945002184794,0.40794808726259707
BNB,1e1d0162f9dab74e47baf68d0021066a4bc885e107d4f8f16dd00e7011df60e4,0.018160727641752,0.8333333333333334,0.1794679860808979,0.052980003999679136
BNB,1e4def870f28fb40ea4fcb8521bcfd4b8601f375b1cb45607973ec47a5022662,0.0167346551011144,0.6666666666666666,0.17796316038427443,0.03660058933705967
BNB,1ea5be805acbedda817cf757ba471835f1c64773ebe33dd214665f77d8697c28,0.000515857227456,0.5,0.2237474102923426,0.151102520435279
BNB,1eba226004d0a69796241f1c934a660df78bc6504c224a369fe0a1fc6140b8c3,0.0315415520378596,0.6666666666666666,0.26652842613173483,0.24829245031715025
BNB,1f9f424d6a897ddc3e1d55c4bcac73fc9ec13ea3bf2ad3d10b1e8e400e4af00b,0.1565249457856071,0.5,0.5732162870435097,1.8341188572086793
BNB,1fc4d598363eefd9ece95f0043272fa055e0b743b536e5078dfe80a912b051d2,0.0075953939661546,0.5,0.24102324476482648,0.2425821773669114
BNB,1fd18ff325ec2824eaedc916704d13e1b997025f364f18796238d28554c12117,0.0035358199972251,0.5,0.18294560668992702,0.07292184659155207
BNB,1fd40b3f7d43befca4dc962b2bd5ab707c5f48cd3997fa8fd0992c04314ec382,0.0304562009620621,0.6666666666666666,0.18250192311748287,0.08532065667481227
BNB,1fd5b892e2f3246baa2706fa535853fe0df1699f9f57f151c1ce29c84b5a8a26,0.005895729428163,0.5,0.18460263655954248,0.08223920853098068
BNB,203415cc74218e77ade14afca8ab836d9242c9ae791c03757bb1407f1a43909c,0.0220344876993551,0.6666666666666666,0.21638922987217346,0.13586352718395464
BNB,205ed1c8e8cad2c8f988c4559bfd3f8ee1a567e5758da641a79a64b63e0cc233,0.011128726672991,0.6666666666666666,0.23184448546509717,0.16070603036834483
BNB,20868b0bfe663227c6d99de392b67358410879e2d8b7740fe2a85f559668cb13,0.0278641116859017,0.6666666666666666,0.18100292583619287,0.11179064426993505
BNB,210363b9bc06eb65fecacca3f0b32107bc555222b82e75a57b8e854426baac3b,0.0069524053740135,0.6666666666666666,0.18323907519761778,0.05911605868088145
BNB,213b54721bbc53db69c8ffc7ae879d6a6159e1f4a2af0835d101df108467187f,0.0280437692754283,0.6666666666666666,0.20673724115514952,0.21744461296138776
BNB,2169141dc188371d6f8febd493c7f68842b889553b59dabd11c517d3613a20ca,0.0818729520883108,0.6666666666666666,0.3079389193376197,0.7965490782537772
BNB,21d6ec017bcaa499b2dcf4b8d12f441edd293846a3175ae97b74c085ed56dc55,0.0327953528931172,0.5,0.2134705448223514,0.22116324987122574
BNB,21eae102c659d9b71c7bea6e522aac1292dc6ca52cc70092a74b7643b63eb241,0.0127097236866065,0.6666666666666666,0.17879283504611726,0.0708724743542261
BNB,22122209926e73bb79e328bc8eab13557313e06acd5ceffb2a7d4a96d8b1aeb3,0.0071194785036914,0.5,0.34428581241481465,0.7697214814083355
BNB,221b685eb5feb87fd52fdb39ab4f7047ac146ce1601f2cb9803c32226f8e3f54,0.0305069159548981,0.6666666666666666,0.173233857225034,0.05729246135210738
BNB,2221bbdee448dcf010b54c40c3301a63619d837d5e6d9b3f463de62bc77b1ebc,0.0211976812699721,0.6666666666666666,0.1795137349454403,0.05678679357149268
BNB,2229e5adfc578575e6ac8e77f6332fedd2863455fdbfd04d51b6e7b50cfdd13f,0.0286770759725979,0.5,0.27379109212085323,0.3283078090729847
BNB,2239a3d0b53126bfb800e330f4de6dc475b5508bf4397e663921b448634fe94d,0.001216309746445,0.5,0.17672497024983036,0.044339400949945276
BNB,22707ceaf5ba467fb658445f46e47728586880e68747a19ff15444de415a0f09,0.0045049099020076,0.5,0.21717687776972702,0.14700012278578403
BNB,22a4b4bea8dfbd6be6014609d6a74682d402899e4ec8fb543d9fbc909569f383,0.0104589142935104,0.5,0.19043812035142751,0.06627737609518569
BNB,22b3a98a1d793f117b951a9957f9a754876901e84f8a7071267b3b5e17886252,0.0377651063654238,0.6666666666666666,0.2157832016396572,0.21353270163595667
BNB,22ee821c8005ab815269895f7bc9fc00bf60b3f3c9c24af2b9df7d9d063a212c,0.0311497071696617,0.5,0.21131523313872103,0.14895213985986128
BNB,22f526c936f7fed7971fcbbdb0488941dcecd30c6bcae861fa14f79834e436c1,0.0119030737137242,0.6666666666666666,0.3433632928720383,0.3787090731483363
BNB,23037811fa06b2ea67ede4bf0bc5d6fbb4eccdbf53833534befea1bb283512c9,0.0189199402953359,0.6666666666666666,0.19777289134432569,0.09829859224888134
BNB,2307b52011648a73fc517b8d1ab23bd6234c2f69527acb71f814f26fa0ad6de9,0.0101634254271529,0.6666666666666666,0.1810742746569827,0.07025666053975381
BNB,2308511b42d110f191aa263d1f2d9109e6cbe7fbe227546cfe0aa67ddfc658bf,0.0102428652665778,0.5,0.20108424281911397,0.13850528473383614
BNB,2314e19c5a33d123faf449a62868cd5165ea29262a3ed014de4721c392548561,0.0258352848371959,0.6666666666666666,0.20579210604034331,0.12705705837244194
BNB,232ea7eecf939e008d5ae521b57139c9e717c81e2318ce78e0881f18005a9f2a,0.0155966097128906,0.6666666666666666,0.19704139960770467,0.12540972960039695
BNB,2351a2d21c8a430d3a6e4c81e96b32437c69149cbf61bc01716a5c4c4cbeedc7,0.0229692392184044,0.6666666666666666,0.17801356872936616,0.05073308066900057
BNB,238e9876c7f61454dceb9f872645603a91fe97c6dd6d40c67df4c1171750670a,0.021685823313115,1.0,0.1721905544671371,0.03210765079554725
BNB,23fc02fb031afb0e9d47a98ee0df3181bd1005484e818b592ce4b65abb983f36,0.0100821818318976,0.5,0.2152845779664292,0.22164643199396772
BNB,24023246eb15ff0a3abb948769ea5bce0593b5fbfaa9f9e97e1c650ddbb2849c,0.0034406564006605,0.5,0.17821060814556086,0.06585213751648708
BNB,240fb78bd098fd62da0112b24e450f1746a738d8f4d68d6e19865a85e0ff7b64,0.0241545679195165,0.6666666666666666,0.17984682378919803,0.06333548210663624
BNB,241de1d6e5be79b53ba300c728971d6bb2bdd49fa01563f0c10ee7564e01b68e,0.083787369974183,0.8333333333333334,0.4055246975950774,0.5102174020809291
BNB,248294e139c3c87917a4b6bb9049010d1c03a893929c8b168001ffc7455a4b33,0.035785269355482,0.5,0.19051963767009022,0.0979140413378679
BNB,249a754a1e65bd07e2332456c09c3f0418fbaa28041340bf109cacf3820725dc,0.1057958150100199,0.6666666666666666,0.21084278754014754,0.21022216285531842
BNB,24b7ca7af7144ed047faf57847c34542c8220792d36e27cb65fc80491593bcd5,0.0569500427178991,0.6666666666666666,0.21278417012622244,0.17588501210902244
BNB,24bd0f2039ad371dabf8af6be50088d7d1b9f2717502708bbab7643e077bfd8c,0.0262314671132999,0.6666666666666666,0.18015938055916175,0.0712007156751897
BNB,24e8bdcf329813528738ce75082e4a3cf5de1020e0da5b206b7d5af3a0384e93,0.0085268307105656,0.6666666666666666,0.1858278354400457,0.0896662772047476
BNB,25096bf44c7f93350da912961578e29c1faeeb952a8b968aac32d2a94ef0c392,0.0111975388780287,0.6666666666666666,0.18220758777766521,0.10264391388085159
BNB,250e045112bb54779e84da7418b0c6478980fa3330914e9e17d22c9835c88d9f,0.012281019579859,0.5,0.21681931377748154,0.1996965899880525
BNB,250fa738952ab43c5314ca5af80f93d902738084d72c137f16d3b06220702660,0.0170159535413936,0.8333333333333334,0.17972884093748923,0.05358507566305625
BNB,25339ac028dec1c88e907d5e7acb30e0168383098a8ef9e15d58a0c712b9ac53,0.0058725996647713,0.5,0.2121616606920645,0.2018839054843982
BNB,2541c671061d1eac9184bc7496f892a51687fa9091ff54608f85d63f0b86ed2c,0.0510508614974181,0.6666666666666666,0.23299776396335803,0.2379244102381263
BNB,2575bd9b9b1264d982b94d6aff78341f634c49a42455a79db1fbac3ccebf00b3,0.0324246175509481,0.6666666666666666,0.2173089852931126,0.13907239392566073
BNB,2587a7a840b38b76d1a17a485b61166572c077f8fa266ebf4846b7aa5dfcea41,0.0150617476048543,0.6666666666666666,0.1793802309039193,0.08634669935648721
BNB,2589d33141f29d813b3911e6ef53c3bd39d333f333dd216af43e9d67d58073bc,0.0013243628815509,0.5,0.17327690366744825,0.03709178946096029
BNB,25bf3cf854de702df6a72f2608c01c771411485635984cf390e5de6700b4f87b,0.0178660511429641,0.6666666666666666,0.18453382258299886,0.08915667988339944
BNB,25c6eddbd503568bbc524dae3e2a890c60bdcc9fe2bbb292604c31804fd9ec66,0.0205174180437029,0.8333333333333334,0.20655800310013261,0.13122572774260924
BNB,25c9a134c34a595e3e19fcab64d8fbfa10a6db3e0eaf025da7aaf464b0d6c716,0.0184618774802333,0.6666666666666666,0.1832839821275736,0.05787402992866969
BNB,2619bad7eeb27c954aa74a7dddc9d5a07b90fef1f67126e1103168a67fb1ffe2,0.0015904636433012,0.6666666666666666,0.1769525495045503,0.04353439174385506
BNB,266ab16765f7922a6ee05ea1868afb15bfe008bc8768876d257f542913cdfc3a,0.0285702551309015,0.6666666666666666,0.17827270491987612,0.052560890711145856
BNB,267339f333652d196c9620fb9e3d7d11aaf8862840f37917da0f2d87e553a106,0.0023060404806012,0.6666666666666666,0.18715038216238314,0.06402922046840986
BNB,26a4ca9fd2bd38189dd9df779b8d6f62f129ee31c67ca3e85724953ac4b114e1,0.0134429421884185,0.8333333333333334,0.1772958183801776,0.06129442431920377
BNB,26e8742a8d1d2cdbd7c91fafe70c45b51952ca8b30ab0cce9c028c52c527d5e1,0.0435727928117924,0.8333333333333334,0.20462197806337842,0.14187206191334267
BNB,27100824e1cb1f3db4bcc6058e71cf6c72cd0400b4a08ac953ccbe5fc11e3d22,0.0306875078175602,0.8333333333333334,0.23283923008248605,0.2777454915232917
BNB,272ba967a051cd89ff144ab45a7b58742ae2d64f2bce4a325e7cb5f6507c8d60,0.009983392163986,0.5,0.179744560599251,0.05929986835866555
BNB,276beb92a51accd3fc88a242bb252b8dc75b6089d3eccc813a398d981c741038,0.0026135108930168,0.5,0.1945962592835243,0.09513441397217626
BNB,2777052e427a928b79838e9fc54a6ea8025834f83c90bea5d2d2a87c9d51efc2,0.0214820642258142,0.6666666666666666,0.183258268919513,0.09038458643400189
BNB,27a20dce45878aa84ed88c82d894a9ac72ef1eb035fe7355ff71d8d173741486,0.0057976017717846,0.5,0.2006593975052191,0.0998100789555563
BNB,27b90f5d0dd7edadb386c42a5b42050499da3dbd789fff28041b14904d3bf6b4,0.0108166059521122,0.6666666666666666,0.18305204024515231,0.10014007786395934
BNB,27bb9c43aace40afd3ed15b8648c939573364ef46d560c54a51e1cff3d6e54d0,0.0255045644182134,0.6666666666666666,0.19021814991948727,0.13460800648245744
BNB,27c1243160b90d39bbb95369a13a7c6200ea8476d0e2a3de437accf7aa639b08,0.0165642271921203,0.6666666666666666,0.21486527268558128,0.3007066760267252
BNB,27c1cd5ebe4264ded2c713ff8c3b89e2c7a0047aa971040af1163aa35fea4963,0.0390122879159646,0.8333333333333334,0.18666926870748202,0.15892319062934177
BNB,27dbebd099ea073b87cbc2013e276d125ffb330514b25afa4c372b73d83ead10,0.0248496765985104,0.8333333333333334,0.17875613325012604,0.11802167692450063
BNB,27f998f9dc6928f29e48b3576ad8596c89dd24f71342303ac7ae7f0f8641319d,0.0039898341382994,0.5,0.20373762651871785,0.18273386747852158
BNB,283488ea273fd137a81037ba9db29f3513ccb2e19fef888014eff856f65e1832,0.0236111378099993,0.6666666666666666,0.18249918549123578,0.0943481838624651
BNB,2834fda6e3df955a8d3f4039687a586581c41bef8ad4b7d0609d6e60d69c597d,0.0020305279088251,0.6666666666666666,0.18061791432730703,0.056922041888485396
BNB,284c38707964ed2782b41b774b611f5341de9925cd1e26811287652a293ad8e8,0.0006111919825011,0.5,0.2134493105172679,0.1154329360206466
BNB,28d227f0e35258265e7eb2b73b5b023cbf2f0dced5dd355cdea42c6dcccba00c,0.0129152089243713,0.6666666666666666,0.18257678206018715,0.07503817014692789
BNB,2911000c5b2852b9ee72db351d779f5694d0da55eef4710a7963ba01517e7ccb,0.0143662703681353,0.5,0.19127961269807117,0.07093086646600213
BNB,291f4722f6ac2f51f9693c4ac4d1b4af705db33d52a9a6a4210f181c6154537d,0.0198592889580187,0.5,0.3558746542148346,5.193414164285585
BNB,293e60945cb8d20f52e6203268b446ba6c6837587758aef56752a8671eabbc52,0.0102123853322757,0.5,0.19188066916103896,0.15348331667730383
BNB,29621a1a6b9cbf3c39c33c0c0f6062469af078c7c4d93c0ea18b7704ad57af58,0.0127161624121924,0.6666666666666666,0.19523919476389598,0.16548011353355635
BNB,29a2c6c19087ea0b63b353bf9d0ae81c17d34ffe8f9f6cda8a116bba87da25f4,0.0086864292410747,0.6666666666666666,0.18090839076725232,0.04024945712530591
BNB,29baba9617d858770c5e8e7e648f121be1b1e0a635ceeef7b4b7e328ff30e7d2,0.0155555111219923,0.6666666666666666,0.2295078119801918,0.1939567002455544
BNB,29f69f12b6813237b787149b4c2c107eb2b1e7226a5fe9c4f3c307748a9b7327,0.0049593564833293,0.5,0.18096633342834453,0.06356450911238952
BNB,2a0490d948864715d54e4539fc22ddec2147d71e2bb051c9411ad8d152325eda,0.0351443937094602,0.5,0.2575786257801802,0.3979618299436558
BNB,2a2be46e15eb8efc3d430f3619f907b04282a0941715bcc76c7eb6d014e7bd27,0.001144029357706,0.5,0.22120187567311864,0.17607019730859477
BNB,2abe42b66b5bb749d2dd6045fb1078b922909d1eb906148f6da1346e5a812556,0.0027366239540369,0.5,0.17741709653011672,0.11219892493613558
BNB,2b0008a9f599aa5d9a1f9a5a5a9ae9df412cac28aada24fe8da9d45a8ad74f19,0.0105558589005754,0.6666666666666666,0.17813751354710342,0.052890998156632764
BNB,2b0ae836b13e6ab00ff08f40025eeab0fb1659d0193657d902999d4be7acb4cc,0.0327753968356451,0.8333333333333334,0.2083753521586214,0.17146273212205485
BNB,2b30c2865b66c9dea4ec907a46d77531cda91fa98855a393971ce93bb2264ac9,0.0107469260010165,0.6666666666666666,0.20840380258226432,0.1150151584024465
BNB,2bac6572d7bade60d2724ede59f81314ce3bbe41db95f1c44d63cea51d1c6102,0.0072210745291616,0.5,0.178565007159985,0.04252205440101346
BNB,2bb7033a4d8655ae87d8cc50492fc8e261e592ca1b5155cd4e8a2d425870c567,0.0226068112085239,0.6666666666666666,0.2061105017660643,0.12147312594093285
BNB,2bb9b19652c2bd928b9fa3cd68b3313ef0f18dd64696cb6a2a8c5008e473617f,0.0818561137159695,0.8333333333333334,0.25234049779722817,0.3013276825234674
BNB,2c1594520b2ca01485aa59236a9994630d72748b2dfaa8df63b180f937575d8f,0.0279681301381811,0.6666666666666666,0.1872074842734734,0.092019177043553
BNB,2c406ce25fc598868a56e24c87b5285668ee86c9f2353ca0f95246f6720a6914,0.092290263758415,1.0,0.2110663017905568,0.14525187789412067
BNB,2c43f75ebfef3bf281cebe90ab828d4eb2a215c7c8b4fc2c2233ec7925442e63,0.0534556530988392,0.5,0.7656455149391191,1.338562378690282
BNB,2c48cbf7781a58a0c913b9ce91329321ca111aac62e3653c63e5f8501057077d,0.0456318484983726,0.5,0.35319140380052144,0.4728621051361711
BNB,2c7a773876466bf91eef4d96016e678ce9021d86e0235fc4557dbe519c233ee7,0.0877528018254837,0.5,0.3024403597694529,0.883580592159049
BNB,2c9823f4a4d8f49cd59632e08efb75dcfabdabe43e3782f82828c258e3407103,0.0099443702979164,0.8333333333333334,0.17825034761692646,0.049694135809606924
BNB,2cdece351d65204da7dd28e1c9d380c424350adb69250436eaf7684b1c30419a,0.0005461410143265,0.5,0.19499651635321427,0.07636978267219674
BNB,2ce0203b00fd27df03116baa796e5aaeb5350cb6e1e51f212f4e6de26583ee0f,0.0114823597534065,0.6666666666666666,0.19571140686622998,0.14903246418426605
BNB,2d0f0a537834c515750b31fedaa1ac124e2dbc9b843a059a0d5a7d3cd09eb7e7,0.0056812941097104,0.6666666666666666,0.18810965768890053,0.08487903769700263
BNB,2d2a6a1f3c26e9fa49cf7a2bbec4e5eac6d33b934107b829c8d5d6a232092597,0.0279395063044732,0.8333333333333334,0.17573841925265665,0.06502174094037479
BNB,2d2d1b52a907af0ba84195473427eb54386b89e718e4b84e94f5b198027d0138,0.0089976153767452,0.5,0.2039763251347327,0.13170625665408403
BNB,2d543c9d6dc64779711d23154a373fcbc54d501db7176d24c89e7678d0761afd,0.041971673093643,1.0,0.1987120028486615,0.11427910284649734
BNB,2d59e721ad576f93e6ded275c405b6659bd490bb55196afaa095a0e2d9f6cc45,0.0057055229242178,0.5,0.2190659379940139,0.20157482345889538
BNB,2de9641ec7d2ed335d4914e0ab27c33303050fc157a58367a994707ba0d64439,0.0171498223427072,0.6666666666666666,0.3429966349853444,0.40245645001793623
BNB,2df48cdf5c9bba0f530863d28bd5a4c112c163b9e791ab8e4c373a1977e7f81d,0.0235763310906095,0.5,0.2648060352065602,0.38563603469358637
BNB,2df71821e907a35e4ebc0646e72c736350188c8dee9be57c2849c991e6646cee,0.0914493217426428,0.8333333333333334,0.20786813213051655,0.2749102169304205
BNB,2e0cec5bdee56e87f987b73ba278582ced6cd18a7480b37a79551055359c1266,0.0005948882074394,0.5,0.1781242403561231,0.06014212883662012
BNB,2e4ec38900df6b8540e4ce00359e85df6c296b23d8a714a7c97fe6f70e23ee81,0.0256881399100289,0.5,0.40486483923199934,0.45630030385055015
BNB,2e577a3679f8b9abaa3d3a158af0f130762774f0242e54695c301ae6123d1a15,0.0052972771983496,0.5,0.1750084308367372,0.04017139780917912
BNB,2e699d1f2a69730cfad6e3fddf96c7aeacf3ae2e88faf8f6f7f51e5bb999431c,0.0381904584400597,0.6666666666666666,0.18229992821225038,0.0852569429019187
BNB,2e9cf36c0d112513de53d122824f19eea40fe704d529d7aae739ad1770105226,0.0130054773891566,0.6666666666666666,0.203796579879457,0.11894219703703966
BNB,2f0bef53dcdf46dc72e041d1fcda60586a6a182f5eb9d5853582868544e0b932,0.0162928416152938,0.6666666666666666,0.17964841120489689,0.04985986300572675
BNB,2f59f927644d90fc39d3c567309bf2cc2295c399cb9be564fc075c2bcda4fd7f,0.1884162530529021,0.6666666666666666,0.4430425760197971,0.6969367688598092
BNB,2f64bd14dbaffbe0007964cee0ed831cae8f6b003443ee369771ccf5e1381faa,0.0348896376690486,0.6666666666666666,0.17525400546734488,0.04787600335883978
BNB,2f734699337ba2b28406b0633a0d1a4a26ca2be767a99178c295811de41b485e,0.008817588470382,0.6666666666666666,0.20965493491491438,0.12270994962228643
BNB,2f8436b2becae18d37df00c7c7e6d1abe23f69672ef2a3a6015dd0d6f1d58b81,0.0093740288423618,0.8333333333333334,0.21610504311147857,0.3174330569174558
BNB,2f9bb60152c1a0761fed5ae950776a2508c6b2730f98adde4603182812db66f7,0.047118912146681,0.8333333333333334,0.2038917162998617,0.11994807677885057
BNB,2fdc30057d02be711a6d4e5eabe448e06868f516cdfd5385a4daa1112cd9cce9,0.0169221571802695,0.8333333333333334,0.18099488940203826,0.0663055453779557
BNB,2ff982be78514b714ebe6693d12fb93b902508095d3e5df84563bd91cc7308c8,0.0079444532688955,0.6666666666666666,0.22004499726253315,0.16507101745714875
BNB,3040e1d7862631429e817cf456b58be9b476af5825750f626ac81cea05c4a48f,0.0143734000182594,0.5,0.23582629557766044,0.24704523867242062
BNB,3191ad450ddef04d23219b49846acb6fd32302d46b7b07f2abd91ec5c58b8a47,0.0063476039762683,0.5,0.1761649501618319,0.04230675032167557
BNB,31a12cfd2d17954aa7b197c1073695f6c6fb01b195e09bcdc48f252129d479f1,0.0190144402496771,0.6666666666666666,0.17805099672498037,0.04172299647180889
BNB,31ad6e42ac1492061a79461df13bd76a6fa4b86d32c82766e5dde98287c5af4d,0.021818968516059,0.8333333333333334,0.1793475471887187,0.07056796150905177
BNB,31d756d7bc1fec5cc3c3fa47316e6d401713af9603ac2bbb4a7bedf87c551e62,0.0030202688387339,0.5,0.194491622504236,0.08364874041812459
BNB,31ef5552a3f2bcc1f90c87cb8f0fb3a1809162218103ee024ca847e5fa5d6928,0.0240365131967969,0.6666666666666666,0.1799350076846572,0.05148260291452041
BNB,3292a0c325293f5160d08ac5a454d3be1f9067a87ff248a8bfecbe0160287ebc,0.0095603544339411,0.6666666666666666,0.17274108976115693,0.031046498805998198
BNB,32a99284a9eace268d49f45e4104b7406d6ea4e48775f8f0aa1b294db9b4eae1,0.0185979765272796,0.8333333333333334,0.1777529867195161,0.08268155144361325
BNB,32c788d31c81e2963918e70c7bdb79ce993ed6395fd31f0f1b6c5ec44fb94805,0.0293996390912624,0.6666666666666666,0.17671567715627207,0.043607859772261746
BNB,32edfa8015abd681d9f9a3078948d5177f10ff5bf09c3b6d4b1b5189895a0fca,0.000550000820122,0.5,0.19205677152432757,0.07051070041769628
BNB,332bb6b711e249775f6820537ba6e85f0797d522955e3818e8438635f57a4940,0.0296337737953939,0.6666666666666666,0.26215392827716555,0.24669704136459736
BNB,332c167b8986e7b9e5da815d2e327826a67f6717a28a466f8a77287aa7c2a289,0.3212682111719316,0.8,0.4361647626335796,5.254956648296282
BNB,3335be09c294cccad7743a46454ca00a58cbf6e0d65c996504cc0946057d533e,0.013111653220332,0.5,0.36773790906091436,0.596792863468337
BNB,336cd6ff5aa3e9f4351b2d40211172bdec4b772b7c69278012e224f8afc2de15,0.0199121869273957,0.8333333333333334,0.17705880215676698,0.07107496405266768
BNB,3372a8d0d4ac49dde16414aec4bf8142a44d1069f36c37bba3e2e6d0f73f7caa,0.0215474699678163,0.6666666666666666,0.1793321983889497,0.07405694699983584
BNB,33903c7d28b3f0a52929f43f636260b58c185d58a197822163f28059687b14c1,0.0102734883241203,0.6666666666666666,0.19441192185303083,0.16754340647133198
BNB,339270221d7ba93c94871187abfb78f0911a89935114a5ea6d7001a88ac1ffb2,0.009650850678286,0.8333333333333334,0.18318812830937747,0.05259373853113226
BNB,33982d242e177a650632529c515bb6d5c000938edd01487a7dee538626706221,0.0063557823739392,0.5,0.22129879491203794,0.16806586331501605
BNB,33d83f0827e51d2643de71e0047a726fff942ccfb57dbc0a0b0a3502ac3d4fa9,0.0005543555042083,0.5,0.1849082037705135,0.07781402005414792
BNB,3410405a14ecf3b04bf3fdf94eb639dcb471c65d09c40dba30cb6ae05d2084f8,0.0128985245807937,0.5,0.2099495339680074,0.18213773968586427
BNB,34395201f3dac5bfcc7c5aab6ed1d08970f4cba6c9bcb96ab42bf32ee7fdf35d,0.0039376452692619,0.5,0.2115185688962805,0.1974588727310893
BNB,34547a50ceba0b7f59c679b496dcefaaf929586cd43e72d3c4b02dcb6c174761,0.0023588040117854,0.5,0.17828419469938409,0.087779609847751
BNB,3464fd14012fe79b971da13147e5877dda0afb9fe13de084e3235fbd11790ed9,0.0055401024172099,0.5,0.22708100408055107,0.21410448820500014
BNB,34b02f6c52a56ed78b70a159152b78c63c2ae5de79210b1066960a377a4155e5,0.0604649248557647,0.6666666666666666,0.2120027819857852,0.17130830783033932
BNB,350bc5604464aa9bc146ab741800dc0363a304c820e71881f39de6f3992bf1e1,0.0034137392875065,0.6666666666666666,0.2349736651960792,0.25038264788317416
BNB,353534ad454dd997ab805884fd2bfc203f3e75fd87284be5d7dd0f110f4123c4,0.0349046907115295,0.6666666666666666,0.18162599949162828,0.0750777436843795
BNB,353625d3b58a120b06810619dc93683fbd7fd4b76a520754f42c8f92c36e2c86,0.0154977016464897,0.5,0.18718421274197325,0.11184797311679096
BNB,3548b83def599264d230239f926b71ac92e352e92129971902794795ce12be97,0.0086611633051993,0.6666666666666666,0.186972785097656,0.09082975222321833
BNB,3562e2a25d6ef344466a7d649fa3ba7810ae91cbebf007bf56f4277af79c46ef,0.0258352848371959,0.6666666666666666,0.20579210604034331,0.12705705837244194
BNB,35ac44346c51658d0895c2641c47195febb7b2646f15454251ad0af400fb580c,0.0264194077133659,0.6666666666666666,0.20061737622930434,0.25938681191160223
BNB,35d728e1127ddbdd252aa0222eb39258538fe43945c9cbcd6031a89bc29acb3a,0.0090631837348284,0.5,0.20192587916403784,0.14081118609679633
BNB,35f392967673aff2d013c0f54fcf7503d032e39cbb654543617cda477e1ad00b,0.0136598012402817,0.5,0.20939538254443535,0.1162225315993273
BNB,36b0b7146910d47beb2c334a80e62a4942464b90f7282fd0ecdfeef3e5f46f7e,0.0190338672261201,0.6666666666666666,0.17908713591091913,0.06847323544869477
BNB,3705faaf3a5521db24e171518221e095b1030efdf05e4f6885f870d2bdc52920,0.0296359678092732,0.5,0.24782063273086427,0.2672781760937608
BNB,372ea5a479e33f8f66d49998910013f075ccc27ae21e1e95982225e78e094c9d,0.013406559951688,0.5,0.1795907905241619,0.06654424315045017
BNB,3743f723ec302ffe7aba7c64cbeac0d185f08089127d48f70526c99bbd463ec9,0.0128528247686603,0.6666666666666666,0.17886070029017867,0.11258074651387498
BNB,37502e64617578d7b5522382dc428696f7b7092390b5fc0ab44c7cce48a33815,0.0756683788120914,1.0,0.19884703404815637,0.13291735760525147
BNB,379b5a0c6b7b0e6c39ada13f8b35f946712870d7c999a02b01b290b3796f3f9f,0.0184053020662954,0.8333333333333334,0.18343487299013334,0.05398915736581503
BNB,37a92567211239bd27da6d624fafa56413ec49cc969bc2fb1502a2c9f323953f,0.0253573765182369,0.8333333333333334,0.18148539392850901,0.06968142800017318
BNB,37aa008a93bf6e137bdd71cf3e08be1a49eeaa071f9430eeb0847f1cb8b1aaf0,0.0402928018094457,0.5,0.273273525544899,0.32733011818141267
BNB,38383666fb384d83885456b8abd269c607eaf601374d396af077e04befb92ae7,0.0001010348896225,0.5,0.1850369463679937,0.08566026690795558
BNB,384762d72642fe4aaa30fd214b54df9153a22bf6601ab2688da28b369c97a801,0.0074432213973493,0.6666666666666666,0.19445606637574658,0.10104538618746953
BNB,390b917f8610f1c11ac9b6c7a8cf7d3941cac04ccdfcc7ccfd23a902e6a4db20,0.0199566863291059,0.6666666666666666,0.1884530002850465,0.11063435846139827
BNB,391b26c6b5cc2e515852fd78304693adb9e477ff3152af3be08094a000814794,0.0004290178929701,0.5,0.21186132005356673,0.14695339808742772
BNB,3936695d5dd9ef06ffb7f67cc31e2cf6860556f61a973807ce5e4dc1857df95e,0.020797160040424,0.8333333333333334,0.18071492319329482,0.050597667682613916
BNB,393e8fae4202aad6c513e2a29b7e6e6a8e0863afe9eec3cbbb6e0391b2df4140,0.1399049293369123,0.6666666666666666,0.24178163342188835,0.5337787839448194
BNB,396c1e45f1933c045afcfa453961d9c23b61519be06efe314c404c1a05253dd0,0.0117965267088434,0.5,0.18554716664378756,0.14805032172779142
BNB,397e32c85e10b248c2ddcc3781cb42127813b7404614b91d2132b4e5bff737b7,0.0510504713928743,0.6666666666666666,0.23320757384340463,0.23702579956477474
BNB,39eac08eb5908731547df8b0c4115733532e25669d8bc4c22a4f90747743ec3d,0.0083517405778044,0.6666666666666666,0.18375150521213127,0.12276574217376254
BNB,3a492dbbfed33f8182b0f349872dedabbaf50a413560ba97a5e5a3f8028fc378,0.0008092905928424,0.5,0.19043155330283318,0.11723749249227246
BNB,3a79663f8e830438543b130b13eb93914024efd3fe4a9a95d461abed9f65802f,0.0064449048435489,0.6666666666666666,0.19658367810301583,0.11617015668439551
BNB,3a8542f5637fdcfe8cf7d0380d6ec3f9dd1632c7de8cb21f7845864f9a1aaf35,0.0109699885970505,0.5,0.21479174581388524,0.17113298526048568
BNB,3b14a59b72502d49daacd53033732791885508e425a65186d73ad08f5ddbb82d,0.0062116966815794,0.6666666666666666,0.17849310834397447,0.0847470585053811
BNB,3b1943fa4e6ecd653eb2e9a596fbda31f14a9f6eb49530a231a8ef13fcb8a8b7,0.0281285679994717,0.6666666666666666,0.17988189061368076,0.06770244999044504
BNB,3b3a736e7040c8d17c2d06f43ea821fec320cc2e1ab8419e29cf593b613f476b,0.0028241956291983,0.5,0.19297541042094232,0.09747895864014831
BNB,3b41833068a6d8d958b49e761b737ae1706423bbe6eb30676d4e17b3358b2dcc,0.0365492445368075,0.8333333333333334,0.17535978246669334,0.056100904738725546
BNB,3b7054539341d303067841e853a4f58a8987b88ee4d4d668cf84bf246b3c03e5,0.031572366871239,0.5,0.18353707960946125,0.09641584277511392
BNB,3b9dd212c20ea723fe8136e706be80b06b72f4e4796ea939e8a53ecfe14bf056,0.0110331995380109,0.6666666666666666,0.1870412990718355,0.07819783727514562
BNB,3ba0d1c15283ad8c6e26b9a8c62921673120acb262074b0611a841b38cec55ec,0.02267951013569,0.6666666666666666,0.1804443351276496,0.06918530352958649
BNB,3ba502bb949923be4e40d4719ab844ecfd411e33b45f25729a40cfc9802c968c,0.0153888252259072,0.6666666666666666,0.18539964149179936,0.11368485337087533
BNB,3bdc01e9c29211cd674272540d229eff1872f6594f6037189b70b5de67e7b2a1,0.1016137671410889,1.0,0.20216306225039546,0.11519239823406122
BNB,3be5fd069c08b4916024a76f7a3e97d2479a4bb2b52d1659efd4cb30ad4a6156,0.0123336081248489,0.6666666666666666,0.17762746300639615,0.05806130161259049
BNB,3be668ef36a7dfaf1866c84fbd6cdf78a679b99cd50f1be9b88cdf68542a0fb3,0.0208054933984791,0.5,0.2286214733179027,0.22933262653545788
BNB,3beaea9b388f38dfbc7f4cb4bd9c5e35ad7ef1a25c38fa67b0263e03eaaefb8a,0.0048151867714497,0.5,0.1908903354644771,0.0856193287755923
BNB,3c0f302cf4f927aeafc1f5cd11b63af4e1988d1eb335cbc083dd5fe82c76c820,0.0030593970580794,0.5,0.17483250869396355,0.03419548274206667
BNB,3c169a843160b36644dde8a11b0000b221ec23fe35f9cf3230f5bee1b0e97346,0.0672505301979506,0.6666666666666666,0.23666401058897757,0.21054662870433422
BNB,3c44901fd4aad4074478eb43b25b960da57f0cdd5a33fd0700f9edc76811d3b6,0.0008541784769386,0.5,0.19249651097909137,0.10153479602363258
BNB,3c626a438c239d75155a4d3b85ac3909d12eb05f8d0a6a5232d47b1cf37a6bf4,0.0222812100318559,0.6666666666666666,0.1755095300337283,0.07011391646867017
BNB,3d0e15681a47a070437bac92230bc683554f7267e9f3da0093e8c43039c927a2,0.0110730827707336,0.8333333333333334,0.17548252493600694,0.036978719265592534
BNB,3d5486797d2685d2ed212eeb88a21153fdad5e5c86158cf01d05fbc6043c1d92,0.0593920342081835,0.6666666666666666,0.19943576034307814,0.1475323275298709
BNB,3d9a588219d264989ec5087b8e8399af2cb073382c4faebfce91d293f5383a57,0.0003786551324432,0.5,0.1957235638903627,0.11745722965251157
BNB,3db0f010c0b7d090bf3ec1961b40948122c1d0f4801c269d958ef9b36102e2c3,0.0067216644652583,0.5,0.27884226089118097,0.34812534883012786
BNB,3dc27f79e50d2e924e956afee41ec5ee3287ee68878730cb7167d3ce8270342d,0.0316677291561669,0.8333333333333334,0.18186547376779824,0.05616653044644452
BNB,3e1ae6d792c944a3a843bb9c8419ee444744683c1ddb413d188fd5881d23b239,0.0371231206025472,0.6666666666666666,0.1928250784544264,0.1739157623168047
BNB,3e4a5d06de7c9551bcc35d456aa8a2e707a03d8375da4f27966bc11781b4fafb,0.0018027827405555,0.5,0.191187116211682,0.11673819256078202
BNB,3e6bb6a32d04e7d65f3b0cb2f887481203ef4640357b7479eda5521b6e6615e1,8.860959649005518e-06,0.5,0.17360873930989562,0.042474224655055876
BNB,3e6dfcfa20ac63bcc8bcd61e3b5fe2090e3e7e8d8df984e489609b47966268c4,0.0048419960113929,0.5,0.17583311281737515,0.07127413021485289
BNB,3eb35dcde1b414a1a2e5c1c80b0f5cd6fb058d2338687ba3929bbb4e75f1509d,0.0026711023066934,0.5,0.18456156802671433,0.11998626650110236
BNB,3eb893fad4b416d92b0d66956cac2ef5ca1de0180106822fbcc618cbaa2cca56,0.0059794065746261,0.5,0.19095533469087397,0.10285753955244745
BNB,3f05c676d2744f3f426ab814d49788416771eebda28375f3089f08e5f8ab739c,0.0392614759389774,0.6666666666666666,0.20477161296898086,0.26708238860829125
BNB,3f0b175c2af6a6ea787969043546d5a53252001a682cc49d5f99e39c92ddbb48,0.0177163454430566,0.6666666666666666,0.1851274790819324,0.08929985333530115
BNB,3f1a86c398b31a9c0e3445839dc0d2a39a93e265f35dd12df427ed5723c5858f,0.016158440256114,0.6666666666666666,0.17548100878844686,0.028658035797773596
BNB,3ffb48d814009a5ee1a8456f526954bdabf6c99fa167ec90abad7ea813e13f1f,0.0340721526908679,0.5,0.2510300700110642,0.3047265805266396
BNB,400b97285805f3fc465b0f3a8b35256f94b00ac832d60b26aebb9644a01daa88,0.0063122042407701,0.5,0.1773448153890439,0.053041667351335114
BNB,409d93aaffae1e54d944a8841bcd5addd2360909a37d91800083b36691cacb70,0.0173772199608491,0.6666666666666666,0.19957850284010883,0.0936991517622614
BNB,40c526f3c52e30bd30ea30609f34c96ec2885cab76a820cf02c589dd432ffd7d,0.0143792615902557,0.6666666666666666,0.19577384562369385,0.1550745088940495
BNB,40cc69eeb79a5c565dba2f0e2fd7ba1c4fc8083df0972b1a6d9057c0750e55ae,0.0069275841280695,0.6666666666666666,0.182300310008043,0.07885602510189321
BNB,41009e8e555aea874667601bae3abe3f6915ef32afdaaf4f3ca1580245bc2fa6,0.0020466937384585,0.5,0.18360085094565584,0.08750318879878609
BNB,41040d65f76347f3c4ee4ce04194175ac45e84007f59cdc195adfd4a4e91d185,0.0263742377096464,0.6666666666666666,0.18408544928574772,0.058396538913272435
BNB,4125bb071a01128310f8de2c1a0cc145232a70e958bb60cd905ce3489ecb828f,0.0260051221312943,0.5,0.2835365609667564,0.3442074292430585
BNB,4168fd81b74ec5c2724512f7b3882a876d6ef400e9c539bd2875513659de790d,0.0226068112085239,0.6666666666666666,0.2061105017660643,0.12147312594093285
BNB,416bc2c8356aa16d1b9338456c91d40779075e13e7a910180fb4977e32cde1c9,0.0031371154791779,0.5,0.26192049966687303,0.23705902569927131
BNB,41a84cfa2bd9ad6f34731d16307884f451b448af9e48565ef566091ee92fa60e,0.0081287413825104,0.5,0.19634274069438895,0.10428819053417182
BNB,41b8929ec658005ded191571185a3fe8e68d52d9fc6084842f2a25fa1d856008,0.0249043750583742,0.6666666666666666,0.2099175345291099,0.17911731662053065
BNB,41d65d31dd7ba868a4ff86f5cec7a64a84ebc9ffefbf66e88747cbda5d6df5c9,0.0052287566648062,0.5,0.18530644095703064,0.07639343410872061
BNB,41da9783829c3114c5567a621e59438f7a6b811bd8a6293afc8f562d89eff514,0.0181719536296913,0.5,0.2418356416527863,0.24691668264000347
BNB,41f2c687af6f7a142bcbc931f334c6fb475b0c56977f361f16b303b51fc5df94,0.0066921824815276,0.5,0.18104325530726553,0.0693890991287929
BNB,4213606a96ba4d184143dfea209ddda3d8c3b2a428d867f9955921c019556f85,0.0173160700895672,0.6666666666666666,0.18608489693333688,0.09226667015373721
BNB,4235f7a5bc0565c81c9ba53010ee310ac5fb7025a1bfc2cf374e66909cbee9dc,0.024673250669551,0.6666666666666666,0.23376973019163294,0.23016051317409025
BNB,423f15ddd7d47da200b6b7cfc65567c1d252a63b50cb28492cee21747ce12f78,0.0241909748468395,0.6666666666666666,0.1792746546268815,0.06225086834211077
BNB,425a942993ea051cbc99b7e6f48bb351712ecca8285e22258dd9e013aaa3349f,0.0017966171882793,0.5,0.1789566955047625,0.06341183477696746
BNB,426e06fb7a2b67802354c26ce9a6f818849c03d09e824fa13ea2705aeaa80acf,0.0057663528408217,0.6666666666666666,0.17761712304270938,0.07102220710032565
BNB,428efe5bbcc8ea6bb33e97276d7bac674f5ee469ba2003f8490fbafe594fa108,0.0281968949984899,0.6666666666666666,0.19173127786065294,0.20019318648795237
BNB,42a087a4bb89177d62759de9a26e9f86874e8c184246eaf0ca2838f7a152ab28,0.0329822375234003,0.6666666666666666,0.180317843718214,0.06811408924381153
BNB,42e36cb5301c547a3e5ec0eaa9391601f4f973cb559d052881a3108777f2c0c7,0.117458250710898,0.8333333333333334,0.31448803832601085,0.6722038669258353
BNB,42e73e94b7ba5a44e56fa89205d171574c940e8a427d213a830f3f4716630f97,0.0234121602405776,0.5,0.220620803064889,0.1954328373404066
BNB,42eb8d57325874207df1eb96ef2058f560fc0720a633f0bec147c38839fbf3a5,0.0605594227191793,0.8333333333333334,0.268315912684105,0.24254281234131275
BNB,43206c020981874cabb743c99957586955dd9b3f2f233e0c8d3052b3df1d6828,0.0057774053762292,0.5,0.17804438839425715,0.09601616296028347
BNB,434a090d20d6f080f20e41767a6c6cc56aea62c9d7130011a08409681f9f63e5,0.0020705762017898,0.5,0.19307195650683065,0.11172765853851574
BNB,43696c822488b3a39c8e29082f3525a6eefc73654ee435ecba8e60dc6a7fe1d3,0.0084144193357001,0.5,0.195245548226334,0.07709333852882073
BNB,437040333dcbe54dbcf6619857298d2bc3830a5c4b13617c2aa0ea59990f448d,0.0132381735742484,0.5,0.22405571543637573,0.24175289634955713
BNB,438597702df82d542401849465c2049863d9b800bd3e90871c9d34605f2310cf,0.0146683209376896,0.5,0.22837975054188975,0.24252911326726256
BNB,4394d93ea92b2de5e8394b50361856e66f2fdb66a16432a59bb716b44e6c8578,0.0003519960682349,0.5,0.1949516729946591,0.08019306229309178
BNB,4397a7873ad0e27fc4250c19c0adc5730aaba2269bad4b27750cd55943f3f949,0.0175251840058593,0.8333333333333334,0.18615909815584913,0.11458090299445077
BNB,43a7f912b717ad0ff967489a06e033cc378ef14ca7ed301e55201b011edeca69,0.0056192172316917,0.5,0.22075209870364548,0.16871948141320472
BNB,43aaacbf6e0e3352d8f4636df5a9a434b9939bbc618af3c608bbd6f9554751be,0.011745455868909,0.5,0.1976033024760397,0.09043324212902554
BNB,43e21b426bcd90a7fd96d408e58b8df60b01e642730dc98f7ad203190198aeb2,0.0078869212627333,0.6666666666666666,0.1762597445369014,0.0841170578002651
BNB,43e4e50e46a458af5f8066f35c3208b8b90746de507666fae6aa1364c9c445d1,0.0012615749667205,0.5,0.18274650931854078,0.09668773630492801
BNB,4489c6004ea51d0ba14bf5bc06fce1c0f850648f0ea27c25952143a5162fcbdc,0.0055084247746542,0.5,0.1889789878465341,0.1291404032163532
BNB,44a8177175cc7930a5db508e7a2727c853859f31337941f6e04bfa338ac2e131,0.0064157393839585,0.5,0.20455557648984082,0.13381987452854277
BNB,44c0b93813eeab1c4033070bc570b95492fe907aa788b5f77486da330a553544,0.0057309361120892,0.5,0.18550292842101776,0.12415613119311153
BNB,44ddeb34fde3fc50514cc07b4716bc5d4727a5906c21931a1db2903edd571bc4,0.0059455770592676,0.6666666666666666,0.1755304344623714,0.029502677580040753
BNB,450092c70e685ead55d20ef1aac032fe7bcf71e2d8f61355894048e3de98b12c,0.0064157393839585,0.5,0.20455557648984082,0.13381987452854277
BNB,45677c889c5c6937f2e98e031d58f36465627c8942b19aea499210a907d6e35e,0.0520257540723657,0.5,0.21710806669284882,0.19657905493438996
BNB,45d5afe3f94cf5e10387d1bd470f0bdf2f5b4418924bc88a06f7b8d1d77c21ca,0.0229916773348679,0.6666666666666666,0.18036253416249073,0.0698903555253599
BNB,45deb84199d1f5eba1542d1e660846ca258b39793a74b8b00657cb1b475c95ca,0.001551202686389,0.5,0.18186803697173357,0.09111602844523556
BNB,45f76f8b0170163662d361d02b07821b0b637a475cabb9824e2a9c6bf003a733,0.0124640210447166,0.6666666666666666,0.17879391666517647,0.051113499588165176
BNB,4600084a0a49ce9f5ba49ff25290ea4796240245e6d25a70d4dd092c707df5e3,0.006638868951613,0.5,0.18803021255842906,0.07666001354926713
BNB,4601cea1ecb0031513a13e773af4bd7e84076131dc7ef0a38c563c75c6305936,0.0064855450149272,0.5,0.24378640884666927,0.2719568371611928
BNB,46976901adc497412a7c3b5536df718dfa09bd06a76551c35a74085f6c0741fd,0.007098599459504,0.6666666666666666,0.19296029508096085,0.07873618100718474
BNB,46c3913798ca046ceb0b18ab29801b0732f25afd297dc2cc8e0ab49bf77adbae,0.0988758278190413,0.6666666666666666,0.2059760621649905,0.1738618257108465
BNB,46e67087bfdd4fad127c54ab5d33d49bc3bf7b0d100592a9efeafd21194229b0,0.0283828856715756,0.8333333333333334,0.1784873326184449,0.056008717112552765
BNB,47255b5d4e6567229e6616bc3de63ddb8fd951ee4564acda758b36f4f17bc715,0.0127104089994855,0.6666666666666666,0.18546752487355636,0.06858333211726206
BNB,472aad8f2e8cecb0522aca2ed280b096738bc8561a6143656ab7a990367d815c,0.007536231838771,0.5,0.22602612512215225,0.1732815136511845
BNB,477ff3add60f551e3048a0afd2e360382467edfa037d3e661f744c64e039733e,0.0115176271033282,0.5,0.18566596226308812,0.05919693860491627
BNB,47b1f3f27242f3e3b093683d50a5e4ead7826d19e23aa375ea6700689d903e39,0.0210980935787642,0.5,0.18401395038168816,0.08270123165761668
BNB,47bd48e8e9351c4c9f4372f246e98748b8789cbe40ec6aa2d66a151cd140f70a,0.0054071082514722,0.5,0.1750903925599673,0.04201254691773933
BNB,47d4e38900b20622983562ef21330be31fa478065935c7b0b5570fb0acbd332d,0.0032808244331911,0.6666666666666666,0.18819911352604302,0.0997892740689001
BNB,47dd5ad90bbcfe30ebf0883d82897fcebd8a056fae1f8c36255dfd6395349f1a,0.094350193057489,1.0,0.19628733432986423,0.16162745473526519
BNB,47e8d22ab387aa62e55917ca0ec9c9dc8c4d5d589297f8bbbeb52e3db3c9d1ef,0.0169113912988572,0.5,0.2400668646684081,0.19471134981535157
BNB,47f673f06c30ed3d7a4d3879d391692b3e2917235685094b6f82cc5630676455,0.1803183339976908,1.0,0.5480461502369158,1.5126300580599235
BNB,47fc0e6353a36cb481a69d40a74f1de261d488e1c2cad9cb3d6247c4a29cb5f0,0.0493385137524489,0.8333333333333334,0.1764900563947533,0.057004263681187
BNB,4809e9d09e5d77bce48251ba228a51fea149d1159fdfdb953ce064bd2c644154,0.0200643582470842,0.8333333333333334,0.17534098494799877,0.035816222833717465
BNB,48278ed410024e3353e711b3c1d372e589db7b0148622e63d40bede6b628103d,0.0524633903379233,0.6666666666666666,0.2327616884062626,0.23739162809728662
BNB,4874f1f140212adc25eabcc3cf86c9b956ee259d2611bbb1cbc5e90d9ddceecb,0.0517898701093454,0.6666666666666666,0.2966146092794391,0.3020478772759498
BNB,48d5d9de5adfa94dea64040d75bfbc5904e2cee30f4a847b20bd048ed1b181c7,0.0101262089661063,0.6666666666666666,0.18714662295709628,0.12078897844435563
BNB,48f5f0d34101f994f08547bb5a570d30f589ff06650d3ec13bb6b3c159098a06,0.0290916523863836,0.6666666666666666,0.18389359390142876,0.17160892210415932
BNB,492bd32b6b5d9cddcef74c527458e11cab9a457df4d20d55d7b9fc34f57290f9,0.00900652038621,0.6666666666666666,0.18445103815485536,0.08243676059629017
BNB,497b2e839ce979df45759774e8eff6d4667818648b101235b983a376ddd67ac9,0.0061369456050877,0.6666666666666666,0.19218950432436502,0.07750019077959097
BNB,4a28d11ba7d115a826d30e611be923475b9647c4ac368b4422d15cd03053bb08,0.0149712809252583,0.8333333333333334,0.18212131327222283,0.12119377706004682
BNB,4a2d9ffe7c3caf2d59dc70b9e4b006e543f4d21c9d018e2248f8c45c40eb03bd,0.0238975443855695,0.6666666666666666,0.2070800155325,0.1307757848971106
BNB,4a7164b09b2442b682d648da66ae7f71a4a9c86a0faaa704f803803b99db66be,0.0336393748629356,0.6666666666666666,0.18540114388037354,0.12308664803802813
BNB,4a7f92f40c721d9f1de5d87be08f41e4cbf21336860c427a62270455f4c3d983,0.0877294133105029,0.6666666666666666,0.34826644106196314,0.545513480447184
BNB,4a81405aa29f810b3f577746e348b3aedf931cc631bc061ec44771e360e80d57,0.0047505784176162,0.5,0.21567422361479885,0.21439079083892018
BNB,4a935234f71cd0cca8bfce315925a9bbc132bcc120e918d2fca11db07410c9ce,0.0068339876000879,0.5,0.21867332519039615,0.20101158957939408
BNB,4a9813878b0f5ee83fd5bb1547bd57e0bc839113f146a1c7830140b7ede08f14,0.036634296026953,0.6666666666666666,0.22700364291844125,0.1561286340259318
BNB,4af88af396f60edc1d1c0db164f6ae1c94ccc8bef4b941256e55dc2dc08ef127,0.0247331405817502,0.6666666666666666,0.181145637798403,0.06935538289738878
BNB,4afee2b27080225400f6802bb26fcd8e53cbe5f3ec712be98de5e184fe0179ea,0.0738362231662337,0.6666666666666666,0.24984534444350226,0.2511714827444579
BNB,4b1c27420195540b8102bb8645a5917d851f44f09edfffb2d86d52ec26b1b706,0.0057096637513538,0.5,0.19472542095182124,0.07869758014395499
BNB,4b6d030107f1e53f27486c3621f2c54c7700418a50d368b81ffb78a2304f5aa4,0.0003607186798222,0.5,0.18126366465156377,0.076350474124936
BNB,4b768a3d001b87a7f5faed84e795362c0f4c74e618a98766cd025ed973397d21,0.0076648596651487,0.6666666666666666,0.18363738598395238,0.08621183117434553
BNB,4bc57111c5047a6cd3bef45b8bf9376ffdec1b9d980ecddb5d16224754333cbb,0.0372909975727307,0.6666666666666666,0.18829622030028975,0.09228983386578685
BNB,4c12011b15d6eaf46f77a3277a5d4631acc66a49c54dc7cfb13af3fed6d59ce2,0.0207572329749106,0.6666666666666666,0.1896969640640217,0.11377824401931602
BNB,4c43fa341cd5082c7085174c6308508d07ea78fd64024b520e4a34073e7d9178,0.0216167702320155,0.6666666666666666,0.2799200639221631,0.30389190425819357
BNB,4c77732d18092bf536d55b2e9bd181d6d21cea7ddb5851343cc6cff0e7c380a7,0.025265647969799,0.6666666666666666,0.1878668041947567,0.08494379204739885
BNB,4cbf057a99f0a0a3b0c3b35f5b29949757c919525d91db0dfcedeadd82b03d9c,0.0109699885970505,0.5,0.21479174581388524,0.17113298526048568
BNB,4cc214789661f1af5c9721943e45b9d51f0b46524a85c8b0383589c7d0190244,0.1257538484594749,0.5,0.3435309801794784,0.9203162478919684
BNB,4d27018f7e18ac0973778b0e118bf27943fb8f5d9d86ebe7f11b2fc429779258,0.0140531678157062,0.6666666666666666,0.17720137495294186,0.08732220382384226
BNB,4e1183371a598a1b381eafaf3a2da517c1d3922bc0c3d1a55cde5b3defa2c407,0.016748825208179,0.6666666666666666,0.18038996498846704,0.11574904227886909
BNB,4e127fa4c7f37530894c13a6ccad03f65a412ae4a3de87d1ca1ab361a66dd0b2,0.0410643161149886,0.6666666666666666,0.19240840112773433,0.20763498848262776
BNB,4e171ea12b843c1dbaf97a9815f8abf5e75ca08b27ffa1c5a47492b8f8dfe9b4,0.009299480309218,0.6666666666666666,0.17485306660552974,0.04367057919712741
BNB,4e5a98998ecc2bccfe67d4f487135ed1bbe71035c1809c5109eeac6dcc67721b,0.0260917031811654,0.6666666666666666,0.17204804425270895,0.0367565288379634
BNB,4e6cff37d6041d7227b45ab3f7efafb33cc0e0a4b13398ac04ca714ba90c40c8,0.0177142451943202,0.5,0.23894848941011304,0.348015879504201
BNB,4ed0709375556185a3da5497ce167bc32399bc65c6276afdbe3cecada38ca49f,0.0180789516932941,0.6666666666666666,0.18021206342965296,0.06969457548150174
BNB,4f9041c70d64d92f5de63ae7788c977c506b6e7f653ead5371b7a1528e237b87,0.004375251820887,0.5,0.18578149882938916,0.12450377021107163
BNB,4fff7cac57242ac68bca514c8e52dab61e27fb0f608cd399aa3e97c3a7ef60bf,0.0047607114850693,0.5,0.20316765804705073,0.1278861564748187
BNB,500864bc39a865a6175c30b012712f2f20ce9b6885e7925f211326d2b185c079,0.0265369154798418,0.8333333333333334,0.18818547007479536,0.08576126175781927
BNB,501c25c7fd7daf24b6bfb56966059577b30002fd64b4fce90ac27afeb51299a6,0.0273159003829708,0.6666666666666666,0.18155247240519312,0.06590059790334689
BNB,503818a6003574f5c2875f7e040c91b0f28463318ebc0274265848fe137f2a2a,0.0071629641863764,0.8333333333333334,0.21355041755610282,0.2671763498774189
BNB,503980e9399df392ae2e4af4788238584740ec436ff5004aba8bdf93ed6d7b0c,0.0031371154791779,0.5,0.26192049966687303,0.23705902569927131
BNB,5047af5cd74428594a3200ba5b8374d8fc893312eb43c6f7596cb54301928a12,0.0127097236866065,0.6666666666666666,0.17879283504611726,0.0708724743542261
BNB,50496ec9e4fd5eb1e1ae08e5a759b31cf133149cd13f88b1a510584e3319a3bf,0.0349507298539695,0.6666666666666666,0.4746672148013442,0.6865999971821667
BNB,506a0162fea6353ab1b186b9cd1d41aa38e5ed4e842fa92865e533d238ddecef,0.0102428652665778,0.5,0.20108424281911397,0.13850528473383614
BNB,50a8abe32514897978445db7c30713789fe81a625f4624d4deda3084cb23ffbb,0.0102734883241203,0.6666666666666666,0.19441192185303083,0.16754340647133198
BNB,50b144fc1f9ebe46d885debd826afbee0c475028cf424a0cdea55fa40793c7a1,0.0064654783112373,0.5,0.5350840117500923,0.6634251235836182
BNB,50cddfcc90abbb41d8ac7eec5ea64685ed9eb6ce0ece444fe14a2299c7e09f54,0.0010390932049044,0.5,0.19305374041535733,0.07533438770758188
BNB,50e81ea2a472492fd66cb6917b1d4f39947a574face2a7b8843bfc45c818342f,0.0207082160259087,0.8333333333333334,0.1774746325311702,0.043974484801128186
BNB,5122a8a0cc7a4287b4012e0a9bec131fa6374e9b926cbdd3e402e74a53685fac,0.0198856843620428,0.6666666666666666,0.18940030732317067,0.08660218930976225
BNB,51311387fd9dec8e5ea9b04e9fbfe7fb3791aadc6c97b55c536d55f24c392c5f,0.0139664680178151,0.5,0.18464198732516782,0.08549425433495791
BNB,5198dcc2b3270fd9dfb16194e954813927aa45c862c3b9132421895d65bc2ce5,0.0020526475018067,0.8333333333333334,0.17608105643047278,0.03961776497305328
BNB,519d27283850934d58f1cea7d521d1e56101a4b12adf249e332fb964b306315d,0.0023364041982352,0.6666666666666666,0.2063002997647953,0.1001815968451501
BNB,51b2bbaaa99bb5b2a8781e86cdc2628bedbe04983912bb58179dfd92b422ea9a,0.0047547546678933,0.5,0.189448363874743,0.07902501592336354
BNB,51bf35b03b97871d59679381958c9b2100f6e9743c25f105f34126c590ad9074,0.0090962400183129,0.6666666666666666,0.1820722027073761,0.07326244459250929
BNB,51cfcd42f78e2c4177f9ab6236c446e600e2860f8993a68ff39ac2434584e0dd,0.0137289524340672,0.6666666666666666,0.18043595819917516,0.07345707877521797
BNB,5226047b3b804af66eddd92a2eedc633d44f325db9a6daeb8f4076afcaaa0087,0.0026355175054222,0.6666666666666666,0.18478978195662488,0.0919820730299476
BNB,5292a78bbdbf8b3a2b903b70c4c677df8f818fb6a8ab5cbe784cb9ea6a1d3f7c,0.0090631837348284,0.5,0.20192587916403784,0.14081118609679633
BNB,529c7999d1eb45cfeb482f24d2bd45b062bb533044c755d405c431540c828edd,0.011568139095652,0.5,0.18876851581804796,0.10851818530489651
BNB,52dcb3a812533978dcd338e05780eace0c854ba84e8cbfe083c86cfd42509b33,0.0039898341382994,0.5,0.20359041418852866,0.1810715738404911
BNB,5300ec14056651e9dd576acc476eba79c8d7f8768bb8793abc2a51126d45b504,0.0274758011838951,0.5,0.1887964103366444,0.09813549977076622
BNB,531756319f55305d95aaee5d9d47ac4ab4a13799707a962c379011b5930433d8,0.0371950028615514,0.6666666666666666,0.17731481572723232,0.0722155415311537
BNB,53394a2553d5a70c6078cfeae7cc8ad1fb1afa75bb8f8bbba60ebabf5fef99e7,0.0048556148838548,0.5,0.18276838186139208,0.12275456238102643
BNB,535b4c2955c4f548f040cb4f1dfafada1899470a962d09bbc27a95c9c95c1922,0.0031371154791779,0.5,0.26192049966687303,0.23705902569927131
BNB,537aa9cff3c7295c339ff9bba478c69675f8b7dc6f38d5185936acb316be8964,0.0890493641811382,0.8,0.4440096162791364,0.7086708637755575
BNB,53aa8cfd3fc08f02ebede631c94aaeb0871bc57614140a395cf3c063921dd6fc,0.0011199047881241,0.5,0.1898058711131398,0.12039905538545426
BNB,53af3fb7ca9c6f55dc003c54851f15a7769371e96617e363c4dc770167b91f12,0.0127468083887513,0.6666666666666666,0.1789714824843029,0.07263476166574305
BNB,53b285523608845717b375279353b3c164f0f26bf1a7374fe8e4391818266dd3,0.0105397864139608,0.6666666666666666,0.18921545619796437,0.06867021654280586
BNB,53d716bd7954735b20898316c593db824c33fd3cf3aac5ad791c742f6889d5d9,0.0001166937185448,0.5,0.18000229763035558,0.06788819754905183
BNB,53f19d184a1f21aaf06a711dc354f9945acc1cf181a920f91970592c260a006d,0.0232619616599387,0.6666666666666666,0.1820779726304421,0.07943323386184357
BNB,54060d62350df32ddc2eb6ff6c9e7c0f15cd730b4175e9afb21baabe678ad46b,0.0300814908751615,0.6666666666666666,0.1772554563353073,0.053992845899943256
BNB,5513446d3a8e55beea3f6bae1c36690b7e3073501b1f280ad5162dc2bc06e8cb,0.1756753401850666,0.5,0.34408419040051985,0.7264533696754817
BNB,55170ce1bb8f238d6fab8823be3b6aa3920dbbd1104c558673c28f0baf9906d0,0.0265342597909787,0.6666666666666666,0.5038253768577503,0.6310131162286512
BNB,558821085b39c551694bf1c7dd84bc8736d1a84c6c9221a6193ce7c938a39f25,0.0072210745291616,0.5,0.178565007159985,0.04252205440101346
BNB,5594466ae8f3eda98de91302e7bfe4bdb599e0e94d8a6059c2a48895361444ef,0.0148529572530715,0.6666666666666666,0.23551967609424435,0.1998201363371626
BNB,559e85150e706f205358fc3e95fc87ad9f2e4063999f7b6d9814ab649725cef1,0.0177901215723356,0.8333333333333334,0.17885156233065808,0.06330562475060905
BNB,55f01ef48ba38cd425af16cf0d2ab08ba00212cdb59b5d68045a76c10db5d779,0.0143968044993299,0.6666666666666666,0.18079246396058307,0.07870266279957804
BNB,55f7b5e53460ac082bc49a0f8e1c6f18e3a959a99ad6c3a8ec35e91b983e0a13,0.0075750556605245,0.6666666666666666,0.18222923803029242,0.04771170500042683
BNB,55fa5dec67b422b68e729880d561c22f20ed5e37403835fb215b0f6b8dfb3a2c,0.0549931721696014,0.6666666666666666,0.2270133176522291,0.2234512006723155
BNB,562c835089839d1616b04acb86e0a348c3c41d6056dcaaa3316090b5bfd5e789,0.0297209455444787,0.6666666666666666,0.1744738660080004,0.06020662061996147
BNB,56314bae69dddec075915ef3b793f7384cc90919f50a498ee928ddda59b73498,0.0202962752834066,0.6666666666666666,0.1757065141724433,0.05060213831359874
BNB,5658da27684bfd1a5d8d06f6384ea32fb6e045848a7d0357876e85258c7adde1,0.0498759205799329,0.5,0.33261355677215276,0.477918400946754
BNB,5659c978997dfd409506a97f354c358ed20989d720d96655eb4d30f0bb418e07,0.00780875543361,0.5,0.22286228471201003,0.2249414496627667
BNB,567fad51159d4b30c64917d1cf0118cab0db8371120ea9e24f7c8d95be6d8759,0.0066297029337376,0.6666666666666666,0.20734358365687441,0.12079929501703263
BNB,568cde90792e53ee127681725dc29144b83341182a97ec82ecf462cb619be175,0.0368950802735388,0.6666666666666666,0.17783428921867495,0.0837924597545924
BNB,56a100f2d65438ed04396d0197dbbf681648cafe957e82a10d64fffc5795e685,0.0058373410233173,0.6666666666666666,0.18067533972828217,0.07617795772905739
BNB,56b3e53da06a93d670cec954815567f770892c081c224fd20a90b18ceda6a654,0.0326121261977835,0.6666666666666666,0.20070411092842352,0.17591246453466547
BNB,56b4beacdb4455ef42c0fc3ad328ed9502f06376c9505b94c48c821ba185d8ef,0.0057073120075424,0.5,0.20193869907205142,0.16173293526823201
BNB,56dcae117f9d45610f4b8d58ee0bfdc571f2940d7b0f5d0da984bf0eb488290d,0.0206341884437779,0.6666666666666666,0.19711368808720386,0.12306562593256999
BNB,5715c7ed9c3bccc50a35152ee005d981c4e6a7df71e9c22affcc2efefc4dcbfc,0.0101889612089694,0.5,0.2611003055711815,0.22993696676493594
BNB,5734876cdf54c3f3f2b6aad63e4962614440700e4ac1efec3165edc501263b7f,0.0034061797646552,0.6666666666666666,0.21537393113646425,0.12725195862614624
BNB,577a7055c52213b988c7ff6a3f181e469d48cfd36ea8e73b74bd3014a3c6f624,0.0433702483920446,0.6666666666666666,0.17589671668834686,0.04357907646515459
BNB,57949be97fabfaf7c86a7f1353521b180d639b90c87f70998511c0dead55fb1f,0.0056192172316917,0.5,0.22075209870364548,0.16871948141320472
BNB,5795590e48ee783ce015ead6647f8cfd4e253cec25ec4f11b95a236746aae11e,0.0129123070761724,0.6666666666666666,0.20392043437578833,0.14587064429898544
BNB,57a5142d1630b9998d2328ee2335a177294b86bc23ef0f5363238c0ef49228e2,0.01973750605335,0.6666666666666666,0.20134005422839868,0.12443289790754926
BNB,57edf3a4166070432878c763bb91417004dc1f46c3a7a8821256c4ab924bd5a3,0.0036140211815369,0.6666666666666666,0.19091934492579352,0.1099317550653908
BNB,58210ce354e4aa8c274ea1bad309735927c78f4528c27c88431697e51e7a72d9,0.0695124064440896,0.6666666666666666,0.297814779469291,0.3124185729427079
BNB,5831e15b859a8bbeb1de9559dcb8c857ff78b06060840e8734380e3ccf6e6750,0.0097361929312424,0.5,0.18773636224440496,0.07772448952958755
BNB,586c7a26546b841a433a322bed1a67409945d4b579ebb85500290a18649f9e18,0.0231297360461681,0.6666666666666666,0.24233289440931002,0.24170610035796347
BNB,58b294305138878c5a6321a5c983cd2be0d5b94b82759fce5cb8b014aea6b1f0,0.0003220343677016,0.5,0.2674431675151848,0.24211374599875915
BNB,58c5f5e9c5aff045a389f9df4bfa999f74e631a62e45bb29bdf5eb0e22d7f77a,0.02324230334296,0.6666666666666666,0.17789466597081513,0.07541086850701043
BNB,58d5726421d65b1f3355460abd64f1a4a23ed1bcfbfb3c309bf4c43ebcf675e7,0.0460582069948899,0.6666666666666666,0.1832646610150213,0.12575926488675052
BNB,58eac0791f17d4f49f5b2594eb870fec12b1bcbfc1338707b7be0ec04da751e8,0.0749191060738994,0.8333333333333334,0.20109175174850388,0.14024910600750437
BNB,58f8bf2ff867dff767f9d036bee8a377e985682dec1381113268709997401b39,0.021487301342817,0.6666666666666666,0.18086024164360395,0.1208377855884374
BNB,59079dec21f46d24ffaf270baeb1162e9ab642c9f214595d25fec1b32ce98dcf,0.0034676141052368,0.5,0.20086908238240883,0.10712731980486606
BNB,5916a47e60a075f7ab72d3f4bb131d0bba953d8bbbeb01d2a25053833717487c,0.0302253788297771,0.6666666666666666,0.27277941913219306,0.2638114508116587
BNB,592f7f7e9b493fa03e25ad848ddbe628a8a9cf9c734d3c8e3531eb2fa89c3c31,0.0035896844187276,0.6666666666666666,0.19035897657668108,0.06877779400279282
BNB,594e3d6168d8c53a9778b6b0787180e25481fa8897569cf3f59340a32735037d,0.0014059979076682,0.5,0.18524117781489502,0.09557622950181487
BNB,595de0007027df4cd8b4af60833a53f9083961ee2b1a8e1ff63d69afb671cecb,0.1507436732520377,0.8,0.46299802131443574,0.7484092573492762
BNB,59f2dd136acac5a0c5109d5f6e874d9c3f403366ee705010ee5eae18273cb033,0.0017726694539265,0.5,0.18081498051867237,0.06443167688324704
BNB,59fbbd4e32137b402fc3ed71c49f2876a9a82feab5bb6ba37c42bb42bb71d32f,0.014239561163429,0.5,0.24047269632651402,0.21252595396397203
BNB,5a24d6b4a103c8f609aea1f14af6ba7676aab59423cf5b94d0427356a6d16133,0.0071327143482825,0.5,0.1998601288788696,0.09208998052721908
BNB,5a927806b3de8c666a5c5feb2bd5bba3a0825db98a3a722884633d2251035e02,0.0143792615902557,0.6666666666666666,0.19577384562369385,0.1550745088940495
BNB,5b1cb21ab6e4fd77c88d4f15ba6ce926202e6553a0c0e982ad43d74d0db08ec4,0.0019928745756341,0.5,0.17829274701007808,0.03863616068661786
BNB,5b5f6fa752a032101c3bc3510ccadb5d70d37e5c8e58172398d7cfaa2f837259,0.0043009526991044,0.6666666666666666,0.201873346088338,0.09839713969997266
BNB,5b85a3836440aa276904bbbc8fcf2213896ac2427cdfbb41dad922a320cb4d08,0.0161419070429776,0.5,0.21713992202895854,0.18462172533874993
BNB,5b868a66eea33f5b5cbe06bc7a6be566d38b81421d210ab0f39070a249eeaaae,0.0042617013942382,0.5,0.18668766240235765,0.07098414827739657
BNB,5b94d69eb6b351cb6ec1472bc2e7d9514afb203a288165738d29d133f0ad7ba5,0.0147652056978049,0.5,0.21877223965706039,0.19581422862058268
BNB,5b97bde4c917ec71f7e0d6f6055516575512a6abbf046b0bceb79fc20c7218bf,0.0420397052320346,0.8333333333333334,0.17967120007170737,0.0957791183336231
BNB,5ba2fe1911c81a45dfca8ace86d6ae00d9c2b09ad355100812cc7f8c25d2bd2e,0.0040266663824496,0.5,0.1969675351103704,0.10272633697752295
BNB,5ba5f32c366b2bf8e18cf9808f637d3bb60e8f80f913ec4fc39d246781dc41d7,0.0337221039063019,0.6666666666666666,0.18622053565843896,0.12244605587109555
BNB,5bf8bb5f98ee284e85f79287a556d831f81c6324fce5425a94f76d113d3085a1,0.0483603863842659,0.6666666666666666,0.1848052123146089,0.1321951989998062
BNB,5c485bec862715f432b42ef4aa25f9425ecd16c3c637316ab7de8cf61c36fc9a,0.0075853878971753,0.6666666666666666,0.1932461426249336,0.0862379003499648
BNB,5c4b5c2d9dbde8506a3b7ba91fc6dce91f412d3c7292397d58eafb654e54be74,0.0348964181550571,0.6666666666666666,0.17839035599156794,0.05271917958390428
BNB,5c60dfc57e422e9f191bad49a5ef23349a5bdd42d6cb999f63104683e6dccda5,0.0031256528823474,0.5,0.18396806889668293,0.0933721181107207
BNB,5c7237e0468b642940a4315425244688fd349c1833a408ad798451b1062c8cb9,0.0032625820157554,0.6666666666666666,0.223410399993758,0.16847755908712445
BNB,5c9cafdf18a1767ab08b6b61ac09e3591fce5f7f4932723a100ffe7653143780,0.0112042832356619,0.6666666666666666,0.18295674736868195,0.07871170383085031
BNB,5d096976a2ed66d3bc56f54429964db537f42a8e627260d74ff9a334e013a4bc,0.0797235292849159,0.5,0.29743002657467615,0.4822211852520055
BNB,5d2f4831a8a5216f5828d8edfa0920f41cf6021ecf534b621b0e0c9c08027b2d,0.0015087504134579,0.5,0.23093030833288822,0.18124810959304985
BNB,5d3ec561a19124936c001ff62b2f2a03f9984b92d207903e62abb6c3f12baa5b,0.0423789544661942,0.6666666666666666,0.18214655494765997,0.08715347255150592
BNB,5d5bd7e83dd568714c1bdce0a2274596e56b5f0912c69e5c003485ff2a9c9176,0.0260769195807718,0.6666666666666666,0.23016092686416628,0.2064154072204594
BNB,5d6f1f074f05ca94944f8d49d04262995356c89290c375bf8400b940697ab722,0.0081561593205823,0.5,0.19753477945935277,0.10890760632550124
BNB,5d9795c54b4b9195e6d694338a8a4701fd5bc8255ed4a803b210be44e9d80ca3,0.0371198319234199,0.6666666666666666,0.20764467392059086,0.16854987861314763
BNB,5dadf7dd6fec1315f99581cbc6eb666125a5bf48b4a434d2e61c756339276f5e,0.020372391919139,0.6666666666666666,0.1876561863044085,0.08099733729166794
BNB,5db3b48fc996e74d930ca7e65e61291132b043557e487e34ded4ef9650ec0900,0.0148058014918663,0.6666666666666666,0.1997294321530234,0.1204960632584467
BNB,5dcded41afbf32f50e620550ec9f861cccc26dda12907d9f4c8589ea634f8b97,0.0257612829767054,0.6666666666666666,0.1795029733569399,0.07717170466071065
BNB,5debffaeb06044113086fff08a73814652c43ca9cf7428fab8493a5945d0d8fd,0.0289447948466748,0.6666666666666666,0.19917662987549212,0.1618403007837096
BNB,5dfcc3afbfdfad54c5180b1a780cc02e934d8e7e1d2a6b9abf9374cccdc2d017,0.0043609244949735,0.5,0.17885128557909885,0.05128565848228874
BNB,5e1d7ee080e6d6bdb1ed26cc3e91d21e4bb758fa856dd0598499b159129ad321,0.0163092803958599,0.6666666666666666,0.17860042198533674,0.10763581449782894
BNB,5e2d213812e90bbe860e87c7a22c4952a0db1b57fc01e4d650099fff32e3eeb6,0.0158171117442181,0.5,0.17746918106545853,0.07414738276949108
BNB,5e749d69ee4364eceb1160c3948c4b2240efc291cf41890c4298e99e045b9113,0.0150507046763754,0.6666666666666666,0.18251035880665617,0.11705934677303625
BNB,5ea1240402f7e0bc714620dfe9819abcb1437d966676bf39bea8a10a02fd1ae9,0.0062392696237982,0.6666666666666666,0.19063204722485214,0.06324736961299939
BNB,5ec765a334d33edb83bc8e02aab60feeddaa8102b9a324aeafeb4a7359f77c31,0.0089387387139349,0.5,0.20163341992346615,0.10454481922844003
BNB,5ed45eee2a9761c58d365715b3874b0020df4b6ac0ad75da5bc46238091feca9,0.0155105360450273,0.5,0.2190914392457685,0.1914584635682296
BNB,5eef03b7bda698a122f09af0ef1e8cba8afcc4a48d746abc965f8e5635f9f9c8,0.0455402337560647,0.6666666666666666,0.20544340180148138,0.13123286144734747
BNB,5f21f0a85e8d1ae7f40ee5c02f2640232fc2a1f3d51c3f162e8fe7f2f397eb78,0.0342391029569601,0.6666666666666666,0.20356862191510314,0.12771043218111394
BNB,5f2754125eac49ac850b296756234fdc28bc9b3d61438dde22e39e20cdd50412,0.0332991977224209,0.8333333333333334,0.1755994012553472,0.06126669125295148
BNB,5f2acbc04770060286233a545a199c1985e626e4c108e41a703bc30ea93d47e7,0.03604048803165,0.5,0.2726648581851496,0.2995969743526732
BNB,5f4408f0eec689d37139df8ea4fc25332210ef4ee9a986ac4b6bf2bb3039af00,0.0002230861727826,0.5,0.17921509517159412,0.058773359972278366
BNB,5f4eccab6ceeefa18461ba2a3f0da2b40bc6d70d6d767cf4a971794aa99839c2,0.043420065721391,0.8333333333333334,0.18643481619330438,0.10738564523845466
BNB,5fa629f69dd3c3afca0b937c7a9109c2199dccda22caf9bcb7e37b23c3d6a128,0.0037917500160779,0.5,0.19139437447591875,0.14803137340355893
BNB,6017476eecba826a7ae40aa01592de179806801a05514756c939359d45e199e8,0.0263070493564115,0.6666666666666666,0.17890195034232342,0.05499637301017514
BNB,601949faab4e3276847f09f2b3a219017293a8fe57c4e63166d3e86a1b9058cc,0.0118224642202976,0.5,0.18300759347532689,0.06540341388521681
BNB,60408c96e8238087ee7bb36ecd0ac4345b3fc775e726a7eadd304c68b30df421,0.0006899916007763,0.5,0.18912728808250062,0.06786198589019167
BNB,6057d4075d0f4d4942dcd024a9de43dae17efdc6a0465d9e3e6add9adf0eb0c0,0.0171468059482656,0.5,0.2182998376295874,0.1888394781736375
BNB,60647ee24b01ea383f30526130483ee2f49c7f7a4de74827702a83a696930a06,0.0064157393839585,0.5,0.20455557648984082,0.13381987452854277
BNB,6094273c2c19fa12649bb9642ab8fedd054ec48fa82434f7ed37c1afd4b17a1d,0.0031371154791779,0.5,0.26192049966687303,0.23705902569927131
BNB,60a21e4d0c951e32eccc05f18424e5df27ac7d261db5154ed34977a635e04412,0.0099285657947703,0.6666666666666666,0.19869799623267798,0.08333051819673509
BNB,60fdbc5731c4d7492bd7ba15f844ddb3a081de5dffc6ff64ccf111f976fe9dea,0.0215908597882771,0.8333333333333334,0.1794884011032807,0.06420530468036335
BNB,611b63c82ba287b6b892c9342e087db8d752fdeb207d978f57f570890c567990,0.0008612090615344,0.5,0.25287551108933903,0.2745643903160527
BNB,616065e5138742774f3dd387b949a0651d023c48638c1af0059b548aed20ddda,0.0592782734232078,0.5,0.27245927354612215,0.409432960043385
BNB,616d8e1b8ec7c79f00818d116f2364944fffb494c53607775e53b8c87b26f555,0.0304562009620621,0.6666666666666666,0.18253230317562527,0.08535820464506368
BNB,61725cee75bee27a1a3846bdf01b07de0f6978bbf59c939d2ad93789d93a778e,0.0267819204093964,0.8333333333333334,0.3131010028748392,0.4517680310314792
BNB,61820a9610da14e5948003a510d984a332fd4083c8d02306cc831e7ea7caadf7,0.0029688730541818,0.5,0.19050795893069278,0.0755739281547947
BNB,6196990f945e2bf41e360c98fe5ea7f8a6958208392e0fcd1ddc698916c8a0a3,0.0017618776459779,0.6666666666666666,0.19546226302117858,0.11122426593128677
BNB,61a42fc152a4e532cd6566b09e1682dbfd9608056eeb68e251332b28b7dda00c,0.0052751363317528,0.6666666666666666,0.17846270104541723,0.043770460034605725
BNB,6269a5b3394363b213e18cabe991912d81fc43fa4ebb41c6b23a2dc1ba8b7733,0.0165024429563202,0.6666666666666666,0.2382166412228219,0.20435693386712098
BNB,626fb21b68f151cacfc4b17f279c2574301d15f326aebd0dc80e8e8aaf4da25c,0.0237216614480856,0.6666666666666666,0.18071556031869257,0.06058099698225708
BNB,6290d220f3c4e8d5934a0464915655482af2a0cf0569c53d9aa72a2fe0735e76,0.0006368355095189,0.5,0.18092416241520237,0.07874174697136564
BNB,62d31d83fbdbdd4cd6050bcb6fddaa48028b5c2ca40210bb4ced807e6fb8df6d,0.005581220579443,0.5,0.19302801673232275,0.07497128593838238
BNB,630931c7d010456f3a14210a8dd7158e96095d393697881e7599aec8666378f5,0.0090333248146618,0.6666666666666666,0.19819650619857948,0.14502538872834347
BNB,630a1b75f174b6b10cc4915cd0b2346227360459d49ac313c572492977c2bbca,0.02056329080057,0.6666666666666666,0.17963877944424375,0.09018852462235791
BNB,63137552bca2c2efb7e4282374cea2a0c58bf3a67ca80ee2214dc1032ea48416,0.0192099011826996,0.6666666666666666,0.1743796457905812,0.03047661332505479
BNB,634d9da55091e6731a09e1d2e1aaae933725305597425924976f11028ee2d1b6,0.0295680726597506,0.6666666666666666,0.17686649041589766,0.05057689114004587
BNB,63cafd7a4140fb1b0dbda9d9ee1238a1cd970efe707eb9995a475e51145391e4,0.0637919281088297,1.0,0.18990042505215848,0.0906582045826889
BNB,64071d17e210faf04364cf49c5e021b308196e71a60e1a9ac8e8e1ef0d16b0d3,0.0050434333589623,0.5,0.2027579579213811,0.13182802000693636
BNB,641df70d0805166afcaf60abc58385da1e67cac49c285b1c9cb08696382f09ba,0.0134208900667534,0.6666666666666666,0.17869836165204772,0.05269229938018577
BNB,64392e6e60a3a2bd368d402516f36b30732a40a22d9468f7ba425f7f9266104a,0.0450750329254847,0.6,0.2873793867459947,5.1772260227335005
BNB,64557c22e8d90c86998e2de1969ea82d1accf1a4fd33ed7390245725efe887ba,0.02608776367113,0.6666666666666666,0.17961401223682055,0.044533755105871486
BNB,64652eecdef392b7f416bef70c02777fc261f13228d25a6dfacfc99e3beca8ef,0.0047869505062562,0.5,0.1804097631459466,0.044563462473014744
BNB,64b410a257f95770db48c6b519ec65998e08f240d46cac205ac37beb1ec7e9e4,0.0178042013853948,0.6666666666666666,0.20585926418523545,0.10644573257712445
BNB,64fa4195bbe7683348344f9f1b9e324d05aed1e65071454b596f06609b08f029,0.0005488064186091,0.5,0.20985904641493863,0.11219855957540718
BNB,652e9247793147c789fd78cdca38149c0a4c1108578a3b8456dfd248bcf4359a,0.0511842741877654,0.6666666666666666,0.22242857262711785,0.17725833298397622
BNB,65374d74bb5204c734d094c3596857840473b02fb67f88e4ac09918bd35fe772,0.0267934892672648,0.6666666666666666,0.21840535405823033,0.24146122762445732
BNB,65cb5b2ccbce3b1e7457cc218a62cb3df4ed835134f9aa0f5aa45039e84e25a7,0.0595923582947301,0.8333333333333334,0.4415843867881505,0.9885676462261253
BNB,65d5a29ab8bd43d6b5439b0205155ef11e9f81e55c9cb0bec953ab18583ca37c,0.004975473356342,0.5,0.1851183249022083,0.11084507107737221
BNB,65e82d677c599e01cf9bf274cb27be13d932c7d1188f65faf8aa9a5b6192b4f0,0.0052703403993099,0.6666666666666666,0.19263294029108388,0.10896895645847511
BNB,660ef455a15a94871c376d980658e424e592c2fe3b41cc5f826cbb7e7a8ccf2a,0.0491861629692744,0.5,0.34724038632911963,0.4825511986750348
BNB,6656c6c7ce2383225ac7837009c548f31ae3408c0276a14b26b5449753c3a266,0.0139870560953564,0.8333333333333334,0.17662448593649732,0.04868935082019105
BNB,667bdb0e93d94950438a487dd4111459cb360451d6d810de32eedbb17828963f,0.0007217742069287,0.5,0.21880943517990592,0.14820516629362582
BNB,66d14bfd64ef4e58b69f1db577d2ef6524a8fd09a6f1d56241d9c7a6646878ff,0.0202381818388991,0.8333333333333334,0.19175050735063626,0.10006907612427914
BNB,66d8c9bf8dab2b4863b9df4de55af1c84f453e9b3f71aa4e912d5fe3f23c8ead,0.0061948636503111,0.5,0.2044973193967756,0.11107702343019442
BNB,66f24505389110f9b206ac0bf8f1123c8e8c6bbbc79a1932c8029e8c5df41633,0.0701762645799122,0.5,0.40961716319698765,0.582520629742233
BNB,6714739baa5c98f52c412b6b9824d5f45cff21134c8db654ab496cbe873bd390,0.0215605360496813,0.8333333333333334,0.19812060319871033,0.0906840614023004
BNB,67233b6892e7c1ce85e7f21ae290c0c90c36959cd449671cb5747d528099e427,0.0014592376433162,0.5,0.19925910978392986,0.10359407800021866
BNB,672b7b3a794ae565a97c5734670f320c812c52db833056142d6a40a2deca2fa4,0.0085274826488003,0.6666666666666666,0.19875873960238896,0.1338301510993291
BNB,673fbc8cf6ca532f2321fc9e9194f8ebbd0984188a78cf4ceff5b6534d3f0aa0,0.0866903807795229,0.6666666666666666,0.21098184025963626,0.22239297752952256
BNB,674dede5cb3e9d1d7071ea270c2ecc7f5596f134d09fceaffd67a72444969639,0.118099538799597,1.0,0.21736996931892413,0.23185687116527878
BNB,678bc827f1cf631151c791d3a5eea4ffeda56682b8c99a82be8e3263c8226653,0.0031696748131485,0.6666666666666666,0.2289442185240092,0.23238067006505503
BNB,679f0f189ad696c26550d022a2c45cd1ed347df7b9ddd3f1bf914442a0c4f4e3,0.0029350067964836,0.5,0.21040667099069557,0.13393598644057608
BNB,67a1c1525306651c57dbc5d49b41b1a28a744fdf748e97d903ef055b78677d61,0.0116409484761221,0.6666666666666666,0.17695291812197272,0.07231097492903132
BNB,67a5a37142721df5f4d213cd14013af5ec355fd45f202fbb38f9822273d4faa8,0.0341777944600407,0.6666666666666666,0.19153224139150368,0.12835397076486665
BNB,6807fd04ea8bb6b62133b79c06dc98b8c702476526f813b8019cecf4b1a25f87,0.0603968281587768,0.6666666666666666,0.2956450257295673,0.58490837752716
BNB,6819288a556f8fc2af0791fa5ff01da338c4aa450c643202df042f1f6d110cdc,0.0192371090729647,0.6666666666666666,0.1901957106067679,0.08890434784662042
BNB,681c3470a590845e371f16bced83d85565ebc1e6d81e713df4b1504b77f385f9,0.020229107317236,0.6666666666666666,0.19500696536887918,0.11558508671656396
BNB,686411a303c3dc3d60cca3464dbf00a47562e1f5e6420cfeb373765b834806f9,0.0532433385198335,0.6666666666666666,0.23720518851736716,0.2089447909209313
BNB,68685ee082a25143e04c1756970ac355500712cfa2d84ab7ecc0e2bbe3a5181e,0.0276703635729931,0.5,0.1860820189670718,0.20251680185578136
BNB,68886807d18f0dcb9f676b3a2fc3c08adbc43e241c9f698b516be4c1dc793fac,0.0095282561503959,0.6666666666666666,0.21999654466621701,0.16605110922913432
BNB,688f6c5547e23d9af8c237cb7c11ff96fee25d96fa9ffd8ad6cf41a196f4c448,0.0002715428323942,0.5,0.1790066740401293,0.06314588569349153
BNB,68904f9949f5c63c97d83d8e02c7695dedf2c7e81d5d489abaa4e8ef75dd9ae1,0.0148391571190788,0.8333333333333334,0.19332429471020923,0.11889970078281306
BNB,68aa6996c9e23af2a2a4a29e6cc6e7e6749435186326016bce576d6233f65b91,0.0170237966512202,0.6666666666666666,0.17733480985082523,0.05910108094425891
BNB,68d6fb10c4627263c6e7d130c2ac60d51e26e4cdd11e5596cd70f3e06b591852,0.0076977878732042,0.6666666666666666,0.19783338557773805,0.09638978065304793
BNB,68f0d20d7da4cd2b5f941cf62ddb5c21da87840a3f3993b5fcb9091003c44b88,0.0359958083688302,0.8333333333333334,0.17591074440602006,0.06831324278439224
BNB,6920c377bae2093e992bbcd0b2025282bc7398248c2b181eafecd9e8685dff96,0.0102734883241203,0.6666666666666666,0.19441192185303083,0.16754340647133198
BNB,6928272613f91f20ac7baacfa871a73bfd1155d82fd68a5cca11da94f66dfd1e,0.0206429373398213,0.6666666666666666,0.2514721591129614,0.22031938010413038
BNB,694e597823ee3fdd5263c5aa7a1978d680c8be8e8bb7a75e748caa943c11a14c,0.0329710737087507,0.6666666666666666,0.1758446109964385,0.05508358861918596
BNB,69986ac791f7cf36fce9bfd4a3264a5089b735bffeaade6df0a2c49a1aff9123,0.018246132353423,0.6666666666666666,0.17520007627420714,0.04698081661154793
BNB,6a00c154955e2624bb93b64756d196f324ba2ef04b004b38095d6ff43cc4116d,0.1115002164771209,0.6666666666666666,0.236220227614466,0.39774542351626085
BNB,6a0a53467ddc527bda9badcef4fc06c12e45b6856afbbca0abd49e314d3b6c77,0.096671519895699,0.6666666666666666,0.2150691142669227,0.26754741714085817
BNB,6a4af64f76505f350944c669b053653c67a4f2f339f3c581744a13437e313d68,0.008059605938552,0.6666666666666666,0.19358769077826363,0.16381417877172447
BNB,6a4d2b7e53330dfd29a05e99b5cadac80e39a6cf8421915468250cc2e3283633,0.0310126839275317,0.6666666666666666,0.20366905035260047,0.12394818530000512
BNB,6a53400c9424d523ea95ccb11065f25c53e38599e0de51f7d2abad3177e31bac,0.0247328042511969,0.8333333333333334,0.17344764934049967,0.06615963642915032
BNB,6a7b06b9d062ecd3c94b4aa952a250b5492871a3aa6ce6c78f268a67e53cced3,0.006591445696376,0.5,0.19693808161311746,0.1292240833570854
BNB,6a8879dcd4c069e3d96e23ea800cd9014cda8191bda26b79869e9a677c7aa28c,0.0182971088024898,0.6666666666666666,0.1889079740690217,0.1806515381747663
BNB,6a91ef36de6551211e8c08cf86c13fa18d2592b6cbf9c5d6a7c284b9fe6b27d7,0.025088679029058,0.6666666666666666,0.18005514874578654,0.08054494269076518
BNB,6aabd9bca01d66b651745a422267d2651e19b2eea8d442f9e70e7e631780aa9b,0.0151701802315476,0.8333333333333334,0.18858757963906955,0.06537745254171765
BNB,6abef100de0057e99bf6ae1a579a275d41cb0c29f047bb612418697c1860d8ae,0.3622338837254374,0.6,0.3052163504855897,0.8075135138213744
BNB,6aedf69de56db1c5887a1314653465578ff0354a87be886c1981562ce94600dd,0.0073465896979463,0.5,0.20473869491862695,0.11365770307044139
BNB,6b3bb77545e6d084ed5b920160aac6a4e2d2cb681b529c7ee62bf93a830d7c08,0.0023588982198025,0.5,0.18433282925881217,0.05849782413998033
BNB,6b5aaa6edd6796b2a265b7762f0eb19aa5031cc842c6275489085a01124e0701,0.018355685732287,0.5,0.2594122186519234,0.24649128367194476
BNB,6b653130b4832310fc4f1c99e94976d4a2467929503ef822eaa035f326d8de4f,0.0030829460679091,0.5,0.22061757794950734,0.17147486249065275
BNB,6bd16e5109c89ac683650a52720a6a305f4d3ad40d3d99b34d6f96a38c77d283,0.0847120506037257,0.8333333333333334,0.18269790875607017,0.09723304951848004
BNB,6be4b048b40bdb4f7dd5b6b6e6a64010b8b899eb14667096388b2bbf8da64234,0.0295310660772481,0.6666666666666666,0.17813459088148234,0.05126423359631839
BNB,6c7b64c8de18235796c79fdcf47fdbba39fe1cfd03b8dd4cf3e0c2f59c32c0b2,0.0016819708338486,0.6666666666666666,0.1887870903143989,0.06683522221228168
BNB,6cc1217c3f754fefeb6d3a64751127e05210407b303a13e1ce8468928bde6465,0.0085904263858282,0.6666666666666666,0.17955682196158385,0.11679248877151294
BNB,6d0d7d8932a3b471b3793f042564ff74f51f72425058ccbfc4a25c2de98e7da9,0.0102428652665778,0.5,0.20108424281911397,0.13850528473383614
BNB,6d115e0fb0d91ffdd12351bd8dfe73c56fdf7406f3f01de607979a30ac2991e6,0.0401432371990416,0.6666666666666666,0.18916702040299574,0.15276270037089001
BNB,6d4ba347e10cf869d471d5c4ca23f44dc6b35bfd1ff9ee3175e758cb8e296dd0,0.0010111013611638,0.5,0.18103062606914297,0.07472439497429441
BNB,6d50ae2a5a9e1ed16eeb05eac5236165ed5fa20f9671a42db1fc2d7a1e8b439c,0.0189452426208266,1.0,0.1939583518484948,0.07806669748805936
BNB,6d7acfe713dc699539ff060697912508117b3dba8091ad2cca69c8226b0f13fd,0.0070893112573459,0.5,0.19463665601342983,0.17806793577538627
BNB,6d85223c4b169a9620560ca0269b3549ed1cdcc3ebe0f8f340730cdbaa33f34d,0.0065083042054158,0.5,0.1913082256684107,0.14352198944955466
BNB,6dc1cd675b6c7c84a38e708c5af8438e25dfce633780847941027885683ea2ec,0.018411426434482,0.6666666666666666,0.17773963337936124,0.05244660864358147
BNB,6dd0ecfe8f5ce5f9506e41b0b285878a3377325cb521cc3e4d0dd61febee2f63,0.0118910138773599,0.6666666666666666,0.17491670340633514,0.042838521695472066
BNB,6de16bf1a8fb6bcc251bdf6e9fde519196b2e0ff01858417845b076bbb152f69,0.0215426041251619,0.6666666666666666,0.17832761084482104,0.0574701101596799
BNB,6de77cb8e81293f62af521b855dc7413d343427f5a9eb788d15c621332a88cd7,0.0066516241286729,0.5,0.18481543889456958,0.08562362664813136
BNB,6e07c3856b2d3a827a2abe9ac5b71b4441de86ebd156e3f2d79102c17c0e35b2,0.0030964696579973,0.6666666666666666,0.1919550586335345,0.0701169343421355
BNB,6e16ded41540832a844c7e9c218656918d8cbd86ef5b2bf24055a2d6c2308d63,0.0154905508994654,0.6666666666666666,0.17838408123031996,0.06596307486073222
BNB,6e26b86974f5bb01ca166b59f4b3520a04a51e3d05db42b501285f8abe2f39e0,0.0086306958442073,0.5,0.19607415010631074,0.1559467117495048
BNB,6e8e0166374ba166a3259aca14c184636262d94dc744348cbc810ec285f187f2,0.0061403173251852,0.5,0.1922353294845925,0.11889821205643904
BNB,6fdb140d3e82863510faa501180deeb599de4dd82c4b4c73de75e0bd028086b4,0.0114423233116293,0.6666666666666666,0.18853660121507915,0.10933246657390373
BNB,6ff1e72beb48891ce967edcf64665aab84a5c6aed1ba5ca708c0cacf415e03d2,0.0179608382947515,0.8333333333333334,0.17958186946974802,0.04768831834886285
BNB,7030f3e5814f38d730f8e5cae8025d87a30116bbd10c25a6db5667a367de2b24,0.0268867744113445,0.6666666666666666,0.1855845765683143,0.12347844892180612
BNB,70322111072d3e26d711d21f1176dad5f70e456e48bafb88c6c0a2272082d095,0.0072468486922913,0.6666666666666666,0.1878476896512393,0.07148486653815816
BNB,7084e2b33f007ed3a07f80437235a1322eb58eb1f168e43c6536f4fe87ea186b,0.1128820468148172,1.0,0.21299690026603627,0.2154871590826617
BNB,70e5d961e8ea1da0d3eadb15d9ba6607179fd647fb8f309c4997078fd351f923,0.0085621946778791,0.5,0.20040419275412535,0.1027707061639143
BNB,7129bf23247b7062719c3d607a06bdb51de23034adefb76278b42fb1da17aba7,0.0053412205061241,0.6666666666666666,0.18263454969598408,0.05660586176451435
BNB,71828f191cc6c413e881a771816e74eeb5836c84119223d4519ddc02a08bce76,0.0423503468614432,0.6666666666666666,0.20196240399519494,0.09254966528837304
BNB,7197a5d105267ab88e8b063df507d0bf34b29b1d3457c4a7e041a96a2858c903,0.0025574889113373,0.5,0.19464460251103774,0.08098932449963163
BNB,71cc79d4b6fb9359f1ce929001f2a8852efb7af759034aa178e62ce896cc9230,0.0065810943999862,0.5,0.20209058916346373,0.15909505494312493
BNB,71eda044102310b36f678342d9702ffaa15aa39f19573c18b2f1291dbc06663a,0.0098453119885228,0.5,0.19062881580638405,0.07204290890500378
BNB,71f5bbfab1ab3bc308bc692ca8c393ccbbef7b8e9a3ffac3e755b938b5d6a279,0.0403125415980848,0.6666666666666666,0.18348784092218895,0.08042101426030165
BNB,724a54495b2c089fab47e09c9d838056ae730359da8b2b6eda7fe45e67c8d667,0.0239463678285866,0.6666666666666666,0.2185209658708347,0.20149481276153675
BNB,7278aba94b9e45d2f8cdfb697754505b2558029950504a64a13bd5f7ab7be25b,0.0211133022773023,0.6666666666666666,0.20511861670794787,0.1066104375789458
BNB,728e81c5c72653074814d9ae7bc6b953bf0acc264d2ebe9988092de263960cbf,0.068580069094214,0.6666666666666666,0.3688102185256377,0.6284219590542567
BNB,731145639f440c31b2b2e68eeeb173324763ba3965134c7c003c550d934b460b,0.0202745343388825,0.8333333333333334,0.17543235317345351,0.04428010695414399
BNB,73217bd31f2c7c86eb7132966b54170ced55a65ca08b1b3daa823bb1bc8d40fc,0.0721889778215086,0.5,0.3762877416981285,0.7748949123721346
BNB,7374a6fc59af1234c6195af2aff3a89c8e5d06fa009e0088a27aa8b039c040af,0.1492481458530554,0.6,0.5276387977445961,1.0028213916104132
BNB,73dd4c6cd88c3cdd82dde7c9e3f5473380422f5341f5fccfa1d9b0b1a0f448fa,0.0203964811698462,0.6666666666666666,0.18681038574083905,0.08318006421731589
BNB,74367db1686666d82a93e0deb3edcfa1274822d59b05e6770b80333b79eb9e6f,0.0019260404335211,0.5,0.18055087350091573,0.06946699409073098
BNB,747de2207de7a7b3732d520c50f3840bd0b707d5acca9564052a17f7fd3df2b1,0.0107733171223023,0.6666666666666666,0.18078714684036853,0.06116734338780475
BNB,74a27f535b2035984c48526f95f22302cb1d675aa2012d5f1c2802e247395420,0.0047643879944144,0.5,0.1946717642642329,0.08850781197458016
BNB,74d65870395040b64d4590dd2ad3e38f78d579bd92af3be3d2001b6c1b2b4ebe,0.0026859103569015,0.5,0.17634817689673127,0.051728653066270815
BNB,7511857474ba524039c7f289d6cf34c5db8f5e5d3bd30c4a7d41b71e7c82fd8b,0.0094479676142336,0.5,0.1762605724321888,0.03973858959295999
BNB,7520c44db3c9c6559410219f7b1dde2f31716d0dc79e857b91943bd78ff2bcaf,0.007789855595091,0.5,0.22031169092824687,0.13732974956654306
BNB,752cae4410d420d8d28a72c475c37667784d7db797fc4defee68c3b93820b812,0.0178363912223566,0.5,0.18298286610721914,0.12877498855049796
BNB,7530a03ebab031d72156047e1742bbb3b6faafcab9075e373d398589f3b5eee1,0.0029025417428204,0.5,0.19266800273666423,0.1042688294970364
BNB,7552a1c594bf92f4e7e2179194e337eb2a975c543c7cc05d111743ab8a53b349,0.1291985464615844,0.8333333333333334,0.4851519421877923,0.9557989752821902
BNB,75670ca03fe9d730e95c1228f31c0c32c699a514b7b0d17e78ce559f54875770,0.003124346677555,0.5,0.21085553162291346,0.15402466377401566
BNB,7602a9e6902fd9f250adb94ee2b87092718ea03bbb44d50c5d3fcf7316089bd7,0.044135415218233,0.6666666666666666,0.17700007351271338,0.09202494853088126
BNB,764279a3f38b47de011daed09abf5a1b7730db01ac47b2474ef574dfa9eadf0f,0.0035154294943472,0.5,0.18805735904060825,0.12275703453968359
BNB,76561c49ceacefbbcf2a5a92ecf2a05a09edd0e077a0916f7aeca235badae662,0.0302591120331052,0.6666666666666666,0.23249535669102198,0.19813654394410765
BNB,7656ad7389e26bac2828994a399b615e992e12cf1af8da7e8259ac640e10d083,0.0003786551324432,0.5,0.1957235638903627,0.11745722965251157
BNB,76ab721dc1cafa4a1906c71f3274de1055cfa986dff2218be9a6a7a3720c377b,0.0015074287861783,0.6666666666666666,0.20043947565992792,0.09708959382519128
BNB,76bb9df2007e117b6fa9fd75e2d034aea9bf1b3a18e101f32f3c1710f65d8b7a,0.0036273194512473,0.5,0.20519872942398154,0.10503861796741681
BNB,771f10e4ba6a19e5783e96c8b161ae59c2e386fe748c89a41a9adb831508fabc,0.0026283929878181,0.6666666666666666,0.17485876140816528,0.05589941443902
BNB,77321d8337f38fe7e4dfaa839d45d051303fb5e05b35a8af9f0e9858d27b071d,0.0107736975422015,0.6666666666666666,0.18943947435703537,0.1366577707899037
BNB,7775915950632aa88bcc9337392c9044ab3ce4dc0ab524ee25d2d5f4ae6b4e9f,0.0148093292663106,1.0,0.17321925193976023,0.049474743407891236
BNB,77ffce84ffb6be5ec91e7093388a8319a444d8e28a30467a03fb487f6d5e4a24,0.0377953963285875,0.6666666666666666,0.23134228015097144,0.1963034784277058
BNB,7817f194c2da0121b3330422527723efc7058fc9568a08fb8f3fe248ff0ea7db,0.0320867495197287,0.6666666666666666,0.17362658922864108,0.05933154475082984
BNB,786997742bd408605164d310a1406395fdb0a5e357ba8df74698bdf12a4dfb66,0.0112910799733202,0.6666666666666666,0.1746534325843951,0.0380672873597497
BNB,7894fd3dd4efd3210e944a1dc976436c022bb30598b1c8d8fca89badf13046f1,0.0382044067391576,0.8333333333333334,0.2767788512163208,0.25598942566850114
BNB,7899162df0b358cd891efe00de06ed5ee4cf6c0aa71570ed44421ecfed297546,0.0116539277024909,0.6666666666666666,0.18256945985932804,0.09074958632886056
BNB,78b61536580174b0e5a8ac7bfe4a39a4c228ef1161e9d4fc8d8a02f5b22f4028,0.0180518516715268,0.5,0.18389837575652998,0.0865045847253855
BNB,78e7c13bc998d5666108993b42bf687ed32936e703a2f11f463994c98db157b2,0.0120452230254928,0.8333333333333334,0.1847048210365662,0.11035462532233249
BNB,793cd43410429726b6e4004f8fd01abe3cc8ef242b12dc7332669d8bc3408185,0.0557878674197514,0.6666666666666666,0.1844488239955547,0.11454164058098003
BNB,7947d0d7de8c8b9923d57725ec8ae286000656170a941c5c2dfd906d35feda0d,0.0145195247244595,0.6666666666666666,0.198116979066087,0.08821419156649274
BNB,795c52231ed344b64b266cf39552bd987fec1025d4c8620e8f29bfd2a8b7f2c1,0.020558828581302,0.6666666666666666,0.20177044167614505,0.12533026127612362
BNB,795ca557df01e002113a6c73a4188452b9a7d6c06ba6fed1d813e87acb3f057a,0.0065923719086555,0.5,0.1813902836207358,0.07184035566324797
BNB,7966a9e123282d4e84a4a7b8d387572838334b69e42b8c39bcd7e1328814efae,0.0181424354290365,0.6666666666666666,0.29931572717207094,0.30300368947002587
BNB,79848bb2bf2ecf15d9d6284bd4956fab94f06cdbd148424e08f75b53c8a3e2e1,0.0083788550765086,0.5,0.19918684212143525,0.1572462277054288
BNB,79a8c5a97d11a7655864936876aca3eacdf7f7adb7c346bee83497fb7f592f5b,0.001384625757734,0.5,0.18229103378815126,0.06871033146857045
BNB,79ca17283a9bbd8ba058fe6e47c0918fbe3699bb44532f66bd99c1e6a2ebdb1f,0.0065324364507807,0.6666666666666666,0.18591300199657038,0.09499959360776654
BNB,7a02c5acc4f81b9323bc3e34f03ee049b6ca5b4b13a9eb56d0731fe83341226a,0.0192951428669773,0.6666666666666666,0.19731416252460734,0.11681340918343668
BNB,7a2c534a748a843271d13cd448bfbb99ccb68bdb779fcc784566a65b74721f12,0.0238436383584501,0.6666666666666666,0.18225054898883825,0.08500999354609039
BNB,7a48d0c5bcea8e99829c4dfae9d01cbc5bc11e3298f57f6f426e047467128f90,0.0068745320204883,0.5,0.22085549292726478,0.16935137952492546
BNB,7a5b6000652bcd1abc2f37d42d17a7de9ff7986f2c1863a5770b1036ab05c0aa,0.0228094674282733,0.6666666666666666,0.17341031194103776,0.06124357103598177
BNB,7a687dd32aa0ce71a5b1db1215e089b6743cfd28b3f427b96698eccc2cc0787d,0.0023588982198025,0.5,0.18433282925881217,0.05849782413998033
BNB,7a9942c0ded078d077ee01b09d2be2a8dc06ffc0dd1b47f5fac9681a212611ac,0.0087471640243981,0.6666666666666666,0.19098422368180326,0.07180857763849702
BNB,7b10eb48ec8fd2b1acde10879614d2b6ed4294f0be4c7bf1fd1d95b7696b8c17,0.0063956946127178,0.5,0.20346555951110354,0.10731644157354148
BNB,7b31a04596f9e9aad037f24050fbab1511855d7daad2215b53a5eac8e00c0fd2,0.0045212429280374,0.5,0.1845038973540875,0.08866506103480322
BNB,7b4c371a3672bd3ae6c14a786eacac010f6dc4f8c31677630abbabb4a9944cf2,3.725327322915556e-05,0.5,0.19623556997761574,0.1270639193049818
BNB,7b5a4bb3ec52b307cb99f88cbf9e74fab201c59fe0cbe75d2cfaa76d10d9d5fd,0.0351567809560892,0.8333333333333334,0.18568969604007396,0.10664131095019722
BNB,7b685bb962e7c7e802c7f15ef95d6f8a0571e7644342cd3e99347d81b712eab6,0.0599678636990189,0.8333333333333334,0.19032458797046628,0.09540528116061714
BNB,7b7bb3a97a396bbb527c17840b1b14d9e785ca5a84ca7c6a93155c85cd23d43c,0.0095649259058461,0.5,0.20359830958367475,0.09755651645014257
BNB,7b8161a4a711a5d4d2c62f2ed50e5e4be075313830299bb09dec3a48bbc13fe1,0.0209619851546595,0.6666666666666666,0.18792787159869528,0.06369426461960549
BNB,7bbab77993dcb0ddd8668ec2becb360e3b6e1074551d4417f16933afc315b6d2,0.0266922225555192,0.6666666666666666,0.17385612912385284,0.06191975874684657
BNB,7c03526d3a79a019cc5f410b7e5f4e1834ea936b050f3c1e9f310ef725d102c1,0.1399049293369123,0.6666666666666666,0.2445236990417651,0.527449142165571
BNB,7c1ea8f2335abd63990e6ab2a9b6b413b497db34350e3347464a6ddbdfcea9e8,0.0101889612089694,0.5,0.26147854965855005,0.23065667708885107
BNB,7c2db0a345c7ba78e7f9a1ff6d210a179b0be8c1449478ec2c6cabe40cd2c1d9,0.0117765672996199,0.5,0.2782037024462791,0.28453805406863686
BNB,7c3528a4c4372c1870e852118c6ed62550c1058c5aa080818702ee9a88ddcac1,0.0225732867013392,0.8333333333333334,0.17926156636248528,0.06789688852404878
BNB,7c76f897c2a9283701bd06b2369cb5014832708104b9daf3a73ab5413beaf1ce,0.0113508982996524,0.8333333333333334,0.1791269040232508,0.08697862549134307
BNB,7c799da856b78a36c04a8f43ec30a35ff2b769ec0f3f9af39d6ff78d4434d2dc,0.02267951013569,0.6666666666666666,0.1804443351276496,0.06918530352958649
BNB,7c917d6417ec158c9c24303acd1b5417e8f7c49db91ade6e5c4191fd84782d3b,0.0048524036607054,0.5,0.18906808523395927,0.11575767813030288
BNB,7c94bf190ed4bdff30f836c2e431b532c000ff7724583fe10dc5acd11525b14e,0.0483603863842659,0.6666666666666666,0.1848052123146089,0.1321951989998062
BNB,7cb47f111905393e29653c759c85a460a2d316baad26692061d9624b3b41807a,0.0312568421426533,0.6666666666666666,0.17460906849280192,0.05432715603161576
BNB,7cd1ad3948c79a66569222f73cc32c189e3de6b85130f5a4664e574f0c192de0,0.0159877670766527,0.6666666666666666,0.21870704042504327,0.12899963920756372
BNB,7d08984c508a451d9ec9cf4f0fa983e347a5f1d1240e70cffc55589077551c98,0.0632919415030835,0.6666666666666666,0.2612106442186379,0.4566792200920528
BNB,7d6f2eda18bb93e9072fd08579d1dd701a43520b91d77c39c7f1a392f2498d34,0.0067216343178814,0.5,0.19000528505911538,0.10813755477294874
BNB,7e6b7bea6a0dfca844cfa48b8e92290803a023fb4a70cc6c1068021194992009,0.0419017453381362,0.5,0.2377939787455101,0.2798318216933555
BNB,7e85c1a5a257daff1e3c96796b659bfe71b9b934f853f664da855945dc384e1d,0.0074497371076265,0.5,0.25381048042141857,0.2638105337755324
BNB,7eaae0b9307325b7b6d2e7e4b3f6bdfa1fe6416ec8d0bc4741705d4ac74c9c4d,0.0045424201495182,0.6666666666666666,0.17256322301149044,0.03176053932069214
BNB,7ebd4b34ac555828ea26d7eb0fef2b3f180254fa7d6a9b9d1e82047d40c7e238,0.0108094038042611,0.5,0.1773920708996339,0.03792668927814774
BNB,7ed1134312505af0d424a88387d29980871e6106a205111e4f6054d931884bf8,0.0063557823739392,0.5,0.22129879491203794,0.16806586331501605
BNB,7ed7130610bb68ba16a01bcb31ed63114b3da2bb691fa24a70dbfefc71052784,0.0208956723167276,0.5,0.20525516759279352,0.16481746717578905
BNB,7fb2039d369ff0beca3f753e052d960217d01f29ead21c8ebcdbec51845d5c86,0.0233785465522099,0.6666666666666666,0.17860014310398808,0.053863266298546895
BNB,7fd1cee92b64d5b0348680cfcbc2a3eda6e49003f3012d47f409fdebb74089fb,0.0065659889544929,0.5,0.18153546647363408,0.06834358288295432
BNB,7fe5028720224826c1923b80d72f9b9d12e3ecdfdd9ce938c688cfffa36e3b5b,0.0271127258073375,0.6666666666666666,0.20960180041729384,0.20507302571075525
BNB,7fe91fe84c1433c310e09e03ad782f8795bccd05153efa798dbe5ab982c828da,0.0235712580781308,0.6666666666666666,0.18163642779785738,0.055655275358108325
BNB,80c85fc265f0b0c6bf0f74a384fdcc04bb517decd16ed946046b5adf64151890,0.008233655630188,0.5,0.19008348145045212,0.13860300191924127
BNB,80d08f14793160bf6dd4acac442dfbbb3e9b05c693a52995912ae6c8f47471b7,0.0028547165917604,0.5,0.20006830269303327,0.1569095906248599
BNB,80e69762fc8f5081556001d08c6e1853493275c2bc62f3f2d67b0f91ad29589d,0.2284438634858614,0.6666666666666666,0.5361838478660972,1.1508393734460067
BNB,80f5736a9f27b039d58160566d5a84bdade2bfffa67512d68305efc6a47bb337,0.0185622267167649,0.6666666666666666,0.18206335109849922,0.09818241288282849
BNB,80f8a7aff667db9ee4ce240ea604b1d150809332ec829f5bb7935aae1c67efa9,0.0115091397739979,0.6666666666666666,0.17708378767802893,0.10261543407755695
BNB,80fcff02e84f9a31163f8a9fc6883a78356ecfd1627d50652770e6589d39d28f,0.0137073292970885,0.8333333333333334,0.1759581458891393,0.06087446380767694
BNB,81345db9ff23fb26f86cea7ed19f413879cdf85397e13148def0683dccbdc80c,0.0155129446975949,0.5,0.19039633855403212,0.11341573691152274
BNB,8162e9e9a3735d3fdcfd9191befe2bf49e0a8afa482fa4ffa1029e43b72246bd,0.0124157935897854,0.6666666666666666,0.1923736039824017,0.08118304911192761
BNB,81753b768f14ab5abae5aae02f09811955fff6c43cc5391e0a2f63e7e18ea54e,0.0881356017606151,0.8333333333333334,0.21479085801885234,0.16813280316339266
BNB,81addac03d8b3a0f0fbe807437237bf7fb3b2ec6a13637701f3bd0a3c8c8bfac,0.0149661713487199,0.6666666666666666,0.2039656006836941,0.14434867800245368
BNB,81da43039284a8cd30f8492e6b695c16a986fc1e99c3b24c98149690ceb23c1e,0.0107206688913532,0.6666666666666666,0.276601520995352,0.35130910000369303
BNB,81f2a9748d7f7be61ae6ff85bb5ed210d30c4a9d81fbcb7e939495541bde6f0f,0.0051241306782984,0.5,0.20220219496110942,0.10131463229699962
BNB,821d876df31d7ee7a6339719f2fb5f928c0c11d5f57dc7ee798cd01e1934d347,0.0069820939835049,0.6666666666666666,0.18779020133933136,0.0654725264339479
BNB,82a0f89b558780d3c82180c886ff99c24519eae4a4a275428e2eec6607cce537,0.0026998319909558,0.6666666666666666,0.17655273498551652,0.06191930431275543
BNB,82e6f3e92be91ae7650545b5eb4c484b46100654aea09f25bd2f07266c5ff0a7,0.0001881675841979,0.5,0.18169446456227856,0.1384438185716084
BNB,830db8e334ceccb5df5de0ec894962271274ab37594d6837d3cc96e9ed27804a,0.0046542223319197,0.5,0.19134906767051815,0.07738957606762717
BNB,8391f6732fa470a43cd56b4eb56cd94c9148decc20a4b384b5daa6786c8ad209,0.0355687338887776,0.6666666666666666,0.190892668673927,0.1258540557391207
BNB,8396195817e7c948816a3491bb84b5a692d9f1b88c30d0b95590f34f18331cec,0.0176413452572305,0.6666666666666666,0.1896441961049862,0.08551824233303346
BNB,84234ac05912b362b0dc8df2eff5dcc8c107adbcdc33941d315fe23550dff175,0.0321163830399443,0.6666666666666666,0.19181807363401113,0.09938725191993542
BNB,845c9276a2ed3ac28bdd7ae29228704ba40bf61790e64e0d259138fd264901c4,0.0206353289159447,0.6666666666666666,0.1926135947332296,0.1706022598944672
BNB,845d6275ae961c3cda17a60b73ae19f59b87ab936fb5614cc4959e849af91845,0.0034111255546201,0.8333333333333334,0.18324481572069634,0.15335618670301068
BNB,84676279e5b4afb617b736c6e2a323c02944b53d88136b06e072222411165175,0.0152411685265102,0.5,0.1902523670069334,0.09202998431155289
BNB,84c3845505e1fba34b67649fbd863fa4d0c776718a9b061c8c0b7bcc644945f2,0.0740464399829096,0.6,0.2451581077164232,0.7412105651939503
BNB,84c6ceeea5cf5dc38c5f89a6c446ec42ac46685d04e256899a3a0b6406dc4806,0.0232787963957232,0.6666666666666666,0.1786110472272954,0.03654092036386379
BNB,84cd232689fc0691392bc624e2ebe87f8898d8f232290dbfc5c3ecb2ade4a143,0.0046236515507798,0.5,0.1866442127435136,0.11644456549887788
BNB,84dcce836d35b9dce53e91f8aae56f75ee98d35a11f906096a970973117ac5be,0.0219583497404528,0.6666666666666666,0.2036529064837668,0.11604699383690416
BNB,850b8a709b3b0cd5e6f73bc0860802ecbe0d1f923814ccccab54b8a5ef6218b3,0.0105889171417961,0.6666666666666666,0.19533218849142708,0.0794168723893522
BNB,852fe6f617a38d1631abd575764522c12606c3a4401225d050cab43fa237f4c3,0.0105527886225438,0.6666666666666666,0.19072081072069516,0.09043949944119843
BNB,854c0dd2b44943345daf810eee9df82fcfae60d0bbda8ff52f307af1eb6a924b,0.0030751496922556,0.5,0.23077922187982086,0.1650045569159009
BNB,855338267db8e52c2b68010be7429316dc12cb249bc5f3089c57f14420b460b5,0.0043609953603955,0.5,0.17922172761908695,0.06493489605030398
BNB,85660e78992b07e6db4360ea08427bb685b4d0754fbdd7e87ee886e4bbb50e21,0.0084487235263845,0.5,0.18891257406708523,0.0987253128802802
BNB,85b1c91fd2a54d3c1a9a9de7ce343805e14c597671adbe691b430fad75a93cdd,0.0079354167429101,0.5,0.23511604237240455,0.2735446930430957
BNB,8605eefd7d117f40098158e7f5cca2889d78725d356f97dfda72ab5e705569a8,0.0089839129140851,0.5,0.23294549960105734,0.19737818797248355
BNB,860f44bfa20de4ffcc289a1ec91896eb01f725282c6752e466aaa733b90c332e,0.018649295320486,0.5,0.17852420318748224,0.06581989666019637
BNB,861140d9141002830d5012f9665f086d89aa934f4122d4cbeedd655eb27ffc21,0.0022567371429688,0.6666666666666666,0.17856649755658727,0.06118707494574633
BNB,861adca131b33ecb8155d6dcfa60f67804e8639e896e88721ef9199ebd1a526f,0.0033620212323201,0.5,0.1816279183293836,0.07533548284178941
BNB,864d6250e6fa7f2e63064d94ed5bb0fcb54bd7538d7ffaa261af269ac81e9150,0.0072211700443941,0.5,0.22599222361933116,0.1734735111653842
BNB,866d19ce0ee679d7f77f8e0621276d2cc44e2aa4ebdf221ab1e5df9d8b993ccf,0.001002941866774,0.5,0.17430643435146906,0.06740877901144506
BNB,8670cbfe246e5908981a34a7dbcf8ec99544d655886d276c5a57300ccdd0b3ef,0.0261217623721613,0.6666666666666666,0.24308860908426286,0.43174858315249653
BNB,8679bfb389f18e957cbb2126fb9a490e0d64347553fd8006deb9b376b1f30eb4,0.0581595999336815,1.0,0.183522157205503,0.09029544218495272
BNB,869bb4a6ebe6c1a62387bed97b6aa3594bde79c7e6dc77cc51caee8d13cb09a3,0.0142215322133081,0.5,0.20394411027902606,0.22972333788211133
BNB,86a7cd98732c6094958749ead35b47786cdab6523c67ae8f3d50c2afe69651e5,0.0018839927324171,0.6666666666666666,0.2144665232228598,0.13399856419227157
BNB,86ea53fe477150641ebf9625158017ebfaacc72e720726ad094d6edc0e928e5c,0.0268846524733544,0.5,0.27894806879389583,0.6347692515761438
BNB,8717e932996304477754421208dbbcabb56d8991d06dd012497e20e87f279524,0.0065014227763809,0.6666666666666666,0.1829528824770864,0.06262736864617575
BNB,8718ecd841ccc7be1575498dd14628beda0b2cd1815fa889f168231c6c093166,0.0118515645875366,0.6666666666666666,0.18965873946983206,0.1656327019881081
BNB,873398cfde1a9b4a0d6dd902ba4a4242c2003681a01ab70b1e028ddbf1f3fd92,0.0098009188440939,0.5,0.19787810931047595,0.1317232892564325
BNB,876a9693da2f1c8d3860a291e2ec9ff11218fb22632a49fa188f48e1bf53a2b8,0.0018311692320821,0.5,0.18709166001850702,0.12151151297406863
BNB,8770d1a09de22c220d84542f6e83e8b9196e89462b7a8618a86d0450484e8004,0.0406184679705879,0.6666666666666666,0.21705536139374593,0.2858172857568891
BNB,8773a2ae5d85270c24c31658c9b702272990b0c5f75c81d6e18ceb69f91fe0f1,0.0104899362458667,0.6666666666666666,0.178337614216467,0.06374398309299421
BNB,87860cc33e3b1039bc3af39447c472cae42f24f6ad617e2dc276c06c6eede9a7,0.0659759262559049,0.6666666666666666,0.23676832775538378,0.21022514644627405
BNB,879e3a29093ea900a0222743bec240d3a6d3c998e4d265a5c02c14e8d42b534d,0.0088824535329207,0.6666666666666666,0.1909523169133077,0.09272998229162117
BNB,87a3ad7a218990be74f85332ac9698d0296f4321b1289a3b7500d8e0f8f7728f,0.0186445741712069,0.6666666666666666,0.17767892279520472,0.08127370080614003
BNB,87a463cf7c74365abc8fd654127790d884d578d657e639625d266e7aba6b300e,0.0719510685301086,0.6666666666666666,0.18560970404930693,0.0897167229986247
BNB,87af3b5fad59f6dc349015f3bcb3458b1bb97346681df15c97f942f011f836a1,0.0070385375702089,0.5,0.26476520200849635,0.2680006899494878
BNB,87c0e1b38200de45834123c9b54b091a494b51d236d178baab9a17645f2f8f24,0.0022059053160688,0.5,0.18245309780560967,0.0715665726066903
BNB,87cff0d0dad2d09d2bf7d6694455e5a221fefe2e389e6ddca8303ad988163722,0.0058045181140443,0.6666666666666666,0.1879629865668386,0.0840678031817704
BNB,87ebf28448eee0806e044df23e81f0b9b36f736151a54973b2ecda95d2c4da6a,0.0268543059134905,0.6666666666666666,0.18251561290507054,0.12489646696669929
BNB,883e8eca9a272b659c3d5dbc8871f6795c8860413e19a50f830126fc73d08eae,0.0116178522053388,0.8333333333333334,0.17910146824085665,0.08700815975807767
BNB,88412e366abbb59f42b833503f0469e664fa52c90ccea19a5b97bf587f21289d,0.0175094086370805,0.6666666666666666,0.2074179925599746,0.11915992409294297
BNB,8855f489f1f44f86c1d1b82cc9dac85280e182a5f60cb1c7de8a467306950ef5,0.0388529159889398,0.5,0.27222888430663256,0.299241588715291
BNB,88962d21862699a7c36559c6dfaf184879a8c5e218e872e2721a7bf92d76700e,0.0100778933352405,0.6666666666666666,0.18281700279735996,0.06782830803196382
BNB,889c8f3cd35aa988e3ef9e34c50c8f9c4e28a72c0306433b7de112a1e42b0a43,0.0035053383670959,0.5,0.2018151668866384,0.09411598503468196
BNB,88cc73a600cbf26bf24afa36415f39306701c001d74238d80c19488147a4f21a,0.0050853798042334,0.6666666666666666,0.18408768317707605,0.07310650374270992
BNB,88db9509eb34086d1e64206323f04c4b435c54d9507c99664809acf30e82f692,0.0182380743967315,0.6666666666666666,0.19121556158289157,0.10008999149041078
BNB,892de8714ecf76f661e742c8a632be1858444f6a68b2cdbd149072c0ef711ab7,0.0152754330295192,0.8333333333333334,0.1815426641673801,0.04538680026151049
BNB,892fd1a1b1615aa61b492f148c32f06a4234b10cfda0d3e9d5b65d52f6d0e9fc,0.0447722787697109,0.6666666666666666,0.21529188427195106,0.13793592588552905
BNB,89444944c6c4861158b5b6b9f3a2f3ebb309d0660508d18d379985c47ad7a785,0.0085591936903189,0.5,0.20187081255769881,0.10093918100226422
BNB,899a262fb9af9560389976a995825e4942f448e9509cf6277e37fdaa41073fb4,0.2182163818649051,0.8333333333333334,0.24019498276864246,0.47509624332984945
BNB,89b8efd3b83fbfb66ab3ba034d4d31975fa43c5e402996a39129ae59b79755af,0.0525794805557979,0.6666666666666666,0.22672749154782063,0.4273361409899022
BNB,89fdee9132213472c3c1050b92b9bf3f1e24ee18a6ff96df48674196756582cf,0.0075456416135723,0.5,0.17860775473908266,0.06839581205739861
BNB,8a0628da52be72f39c37b35e452ecaef3e29ba425a576ef2d5488709a2247655,0.0186376394075195,0.6666666666666666,0.18592505524471842,0.06330228968993959
BNB,8a3f9997ca0510ebd72b693e77d54b2e656c5c55805de0c3265f263d0e8e5e18,0.0048226188532235,0.5,0.21772453984011716,0.25131174269507406
BNB,8a62c1f2bc289e16b1d241c8ba41edc8749c49d6b3735ae648bdd5b3e7aff0f8,0.0138382153432927,0.6666666666666666,0.1883161323262439,0.11577406493099605
BNB,8a698b0a8fa168e6ca00d792a1b2f71e5b7a7ca7534122959b00a07fd7285e56,0.0045718671263023,0.6666666666666666,0.1874533004229394,0.06641380588973157
BNB,8a8bd4c7b6fc3d7954654934a779678718102b56ce1c1f81eb9e65052d9496f9,0.0229585366046432,0.5,0.2032568377231516,0.1534685004773973
BNB,8a905b154dcc7b308f7e8008dd46a28328530a80c4a166b2ef6e75b5d53db387,0.0002259759338182,0.5,0.17441291932562897,0.033485841841861014
BNB,8abc1513e15a2047293a7a2a3bb8a1184b251209f8b4e2475083311866c2ce00,0.0298154850098848,0.6666666666666666,0.17769862143069518,0.04873675513725384
BNB,8ac2d58fff72d4a9e66b83a848dbbed05d4e3c08c1b63fef90e42e07b5141a39,0.0304197897062828,0.5,0.3336487894962569,0.507430912319172
BNB,8ad18ea504cd4b461015b9e423e753cafba934f0c79eb3194823ed93df2af55f,0.0057096637513538,0.5,0.19472542095182124,0.07869758014395499
BNB,8ae520b8fff697148ab23edd5ebf245f7ef1de552e8c276c3133900a9e348133,0.0159310900905173,0.6666666666666666,0.2036230301671145,0.2091370456395735
BNB,8b0ca4967693d9484dd5eb28670944ca90d12974f15076709a11a7ae9cd22903,0.0351771538276829,0.8333333333333334,0.2150544160810168,0.1951344369787038
BNB,8b1459eb049ad9e200995a07719ac26dd1263643f0a35857725246d605166ef8,0.0680264410318836,0.8333333333333334,0.185069969255289,0.14667164343936526
BNB,8b30dd7e41820dfae0bd33f68d37d26e58888d515e912fecb3644599620e6b8a,0.0030292991526846,0.5,0.20359736126278344,0.12830334523535036
BNB,8bdd7a96846669006b82548636ba571296478091bcfa0f860716536d14b6ff53,0.0100003663149497,0.5,0.2672847062874055,0.2680736536885379
BNB,8be06c26d2b19dc7fe4a8a8b3cc320cdcbd8746c9549cbe7a4404a9533b7759d,0.0168442505207552,0.8333333333333334,0.17591917624300482,0.02851569409492583
BNB,8c10a9bc63b87f6eaf99446972549e78ccefc2f8266fc897a59bbceca30783c8,0.0046090727876714,0.6666666666666666,0.2054805918756169,0.11221596354649352
BNB,8c2267e08827c256a65a072b11de16d568457476bcf2dbe87786a9a90ce39d20,0.0632635984476682,0.8333333333333334,0.2061417627279365,0.3180220102056099
BNB,8c74b73f0ffd57e9dae393bce4a440189cd93a6f7f6f3e52f0f416e30d76d9b2,0.0210121218542692,0.6666666666666666,0.18526333717388266,0.08267213843526197
BNB,8c74f3190acf6750d781a9e6a0ea3e9523f00fb12ae09ed80a16f924a5229fe9,0.1058033567082,0.6666666666666666,0.25922838493328976,0.43759401927218494
BNB,8ca012cb2eb0830c1eb66522c46187ce9749402d3e6dffd415105b7cad9f0d54,0.0026335570471217,0.5,0.18658301397600552,0.12286743126708352
BNB,8d18fb89c6a56679e7c03d9752e886a30efd94656805c4a103caaa12d1217a00,0.0037428395049698,0.6666666666666666,0.21135198267057004,0.1323186319103432
BNB,8d1a3ab194e2ea30ee79b33a8e0e8544a8111f4ce6bfffce6348d3b5ed9a382b,0.0014858147805575,0.5,0.19976709109394905,0.11889506358797328
BNB,8d59a1b84f2636adddeeb59396442e30146843093a3f5598105b2bc4ca8da64b,0.0186510127888949,0.6666666666666666,0.17869107380694832,0.036908654678877925
BNB,8d84f94f7b95870453def5b9eef66b1a835766e1342193f04f847a3a7999f835,0.0136191486670829,0.5,0.2052257006075705,0.20149346225455486
BNB,8dd2c6d15a6568e06cd73cabcdcdfc511b7d34439278b989da839c1b822bef5c,0.0072870010859857,0.5,0.187219521355835,0.12202412339598678
BNB,8e5503fd4ce509aace50fb1eb6f4760caec144cafe3269c7a54526439f421167,0.0069260631801596,0.5,0.18352761409468338,0.06894832755994035
BNB,8e6753d78c3577a6ea554d6f0e1d2c048e7548ca6301850dacdcb055e3f74b96,0.0195170233587556,0.8333333333333334,0.1797122106082447,0.047670037556910155
BNB,8e8af14cab787ebd2d492cf735758cbe76e9e3f3d37a123f503057c92304cba8,0.017735688593904,0.6666666666666666,0.1737408297430343,0.0433440949622173
BNB,8ea17648bd62241d0eb18c0981ce7e3655917b069b1fc6bf257a395f1c82889b,0.0157347842207491,0.5,0.17547226465302204,0.06074595729742965
BNB,8eb3fb087cab322332655a55c7714eaac6f190fe34aff13f87ae7c95ef7d6c59,0.0095282561503959,0.6666666666666666,0.21999654466621701,0.16605110922913432
BNB,8f42cec10539bbcbe9d7826f57f5debeed211dafe1cc8d4902f4e95da6e36f40,0.0079407328707996,0.6666666666666666,0.18664362452965794,0.08256740062287508
BNB,8f7a0bbb181f8c6cb95af415604346169250d7aef01f9d903a7ae9c4f770c75b,0.0235837504511358,0.6666666666666666,0.1798541944388291,0.04831192022832545
BNB,8fe58477659fd548d747104d451ee8d811c7e67d83e11ed2a96cca3cfd3d1fb9,0.0042880735608053,0.5,0.18287725695071166,0.07408843977751146
BNB,9014870a7ef5c9d1ca84c06af4299a547d49f8eff063b37e881e74587189a9b4,0.0911498139564162,0.6666666666666666,0.21458333490575524,0.133873645356371
BNB,902697eeeccf62ade4c6b5b9e6f5f7cec259ceaa6794494159ca410a23f8b658,0.0084326861301809,0.5,0.17935390479697258,0.06976296928734854
BNB,904879100abb3033f31e6db7284b8979309ac28332d532744edf557dd501321a,0.0053373817902165,0.6666666666666666,0.19378387879319822,0.10656604730535896
BNB,909f9a04cc0e9d79a3962e6ae4c4cb3d84f5a51251bfc68649643d36ce669bc6,0.0297390288109881,0.5,0.22063128677023586,0.20408075944177997
BNB,90bad167bcc37def64d1c1407bf362b7706bba7ea1987d247e909180b870257f,0.0258259351961229,0.8333333333333334,0.1778054441663458,0.07028890824778315
BNB,90d4f142e74202ac01a02d33baea48d44cfec033a77ba877435e629141544437,0.0055995507747541,0.6666666666666666,0.177514161245226,0.08237055832102795
BNB,9104688b6d5f6daeca893fb24144dc2b0e8044d7ed28aeed1483d7c116d9c6d4,0.01075204295588,0.5,0.22915240786397556,0.17130073178169533
BNB,912464f011021309f31b21e22f19d70ba5d74e698116c59c606648ccbcfa3b7a,0.0106023770622719,0.5,0.2636674171319172,0.4162717397718401
BNB,914ccbbb943dc075699daac4c5ffed37c3dec09a0d0d9518b8132d683d91b4be,0.005245999673934,0.6666666666666666,0.18736049509585795,0.0836009204788139
BNB,915b38b922ee41bb30214bdc5af59f9b0181adb6f282ad464a185fae7a375975,0.022825595887812,0.6666666666666666,0.18310308618905388,0.09239613051787526
BNB,916505568f3f3d6bf73f7eac650c2a85d664d2c25f2dcac27818c3fb54820c58,0.0123510419314172,0.6666666666666666,0.17476208332289467,0.04775854846167688
BNB,918726479544ab5a59cc3da223a4b31b8f4b59366ec0a79457a0dcc0d94f8974,0.006805475143121,0.6666666666666666,0.1789713583410069,0.0696624666959208
BNB,9198138a39c1e1b45e1e0b4ea97035434a44ba1adfab8e6ff30d9ff88af95af7,0.0242779360582369,0.6666666666666666,0.178016520223138,0.035364857493468724
BNB,91ba69f8f4649cb72281a96919b57a9039bf614160f483a8e88d47ce77632efd,0.0437013764357916,0.6666666666666666,0.2413477800207457,0.2797902401105296
BNB,91f623ebc63122ec4c75cda782e26c1b22dfb6e1b4122c36e33680acb670d91e,0.0064157393839585,0.5,0.20455557648984082,0.13381987452854277
BNB,91f7a125890696d37f8008a3e77b402d809ab9a1d70fe43d79594a196609bb03,0.0165951910641512,0.6666666666666666,0.20166353680274657,0.13114310904984947
BNB,92068b8a45750d13581bd593d303b956af26b7d8fe83efe1768a090f4915dcb6,0.0011788110591236,0.5,0.18075691353132375,0.13761407856580912
BNB,92188f3afca209bc354d11632a70d1faceb0f01cf40ffaeced37967d0856756c,0.0175705747589765,0.6666666666666666,0.1756988806668912,0.0631786616157643
BNB,92582d5debd86e0877894498325617848c3e3616aa39fd8997b532650c76e951,0.0318270816892846,0.6666666666666666,0.19331087108360245,0.13843830548175412
BNB,927f26f0a896df0d7d776ff57407145c5e3f66707534d5767e9dfe89146238bc,0.0054511817729217,0.8333333333333334,0.17976711387242317,0.04746746071364727
BNB,9280d5104d3ab398cfc34a30a73272532ca6a435860fd936448c119df52fc1aa,0.0101527625289108,0.6666666666666666,0.18386395212339998,0.05870204469820678
BNB,9313c8b102edc36407aa5b9717d4163c35b7becb05fa27662145f69a812d5071,0.0204559822778178,0.6666666666666666,0.18015622647061263,0.06006028370131251
BNB,934c0c35e9cd26606f7cde685ea987faf78674bab17a7d8d75416c6f3e423b80,0.0035731448343227,0.6666666666666666,0.17577547781088246,0.03844345341579982
BNB,935fde5c02fa20906a779e130d7dbfc4e94ac855aed62327c4aeeec3955caef2,0.0601262891529497,0.8333333333333334,0.17686357099778055,0.09976029641519929
BNB,9364a272cde61e695757aade619c04ecece3705c2dafba8500add15e908e1796,0.0001689614493056,0.5,0.1947095004693063,0.08829044962036169
BNB,937124c433ae07a8fde723677a0aae13a7717b7834422e1fd5798d99b93a3980,0.0543697312187905,0.6666666666666666,0.23765936100614626,0.3472006045507379
BNB,9386bad2e373059ad0bbe39ced58456d9a834dc08e6add39fa9cd541c87615c2,0.0175973482155828,0.6666666666666666,0.184184932070234,0.1009064747232946
BNB,939a30c8acf3ffcf5758ca67aa8143c09549f26d92f8a52c99b5647cd7ed4b59,0.0196911310845054,0.8333333333333334,0.18276773914611735,0.07436584349003553
BNB,93b9313b7e4887df16f4e103503c0d5d9c3bca68f25857337e6878e90ff1a65e,0.0455846324473147,0.8333333333333334,0.24789886684857615,0.21800927129731867
BNB,93c53209f2ba0882f0101d8eb8da3db82c5af4afd4fedda9b2be060b63f345f6,0.0040041305281778,0.6666666666666666,0.22726396084101141,0.17258305905305346
BNB,93cfa4af7145eb2fd79a00804601fb93b73c33ca93a07854f1112f518b464e40,0.0005891846928347,0.5,0.1884950014784266,0.08997281342101804
BNB,93e835478a9e3ed4aa628a6024ba8011c913131a34389ce514c8db93b301de32,0.0246629021531173,0.5,0.37360728145621824,1.1650486728722371
BNB,93ea2d67de851beaa9dcc23d257000bd91186070c32413261b6ed4d1e961d022,0.0052883955645054,0.6666666666666666,0.18378248976974687,0.07588885790880336
BNB,94041a1f85b2dcd630cbfc397bb829accb5a09e5f5e21718a6810be5a9677cf1,0.0005204421290751,0.5,0.20634643653954385,0.10174704743580675
BNB,9426251e1d82b49f4126c6c922b7866e97baf7aa63c3447ec7fd6b8e46a2f39e,0.009268891301589,0.6666666666666666,0.2042562389580944,0.17844136122868012
BNB,9449d4175c6eb31ba372cc9fd20b75a53f63d24c56a31adc6ffa3c38e09b4ab2,0.0172898149266066,0.6666666666666666,0.18014769693155336,0.056653556680959775
BNB,950f2f81074d1b895ae2d607b6cd703d1e8cd095b75e176c214dba05523bb76d,0.0376172448466086,0.6666666666666666,0.25350521005337867,0.338184791114865
BNB,95367f729f940b73712719d7c3bcec1858b3584cd2328359887593ce3f4e098f,0.00100328965744,0.5,0.20873637583337423,0.10603779221400617
BNB,9552b4b6d3f3c60b5fc8ade0b64eb50ecdbef9ebc7815dcd399db90b4ab3eeba,0.0892346111201143,0.8333333333333334,0.20286841979649067,0.14446287377939843
BNB,9576730a1f269d1c76297a9d25e06b70387fbb45cf9abf53a0e3ed384a679e88,0.0147139994731916,0.6666666666666666,0.18042370692518783,0.04897003096791663
BNB,957ca5b6db492cfc4b3e58b1b566b64517ea980ed5c11f8e1dc688bbaa128842,0.081462508327328,1.0,0.2282112320717671,0.19471532018750182
BNB,95bdce1551b85460cd4451f3aeb6f4794ab55470c52422e776558a8e50d14448,0.0692582469615669,0.8333333333333334,0.21257216502671236,0.21193642271287302
BNB,95f99e53e3c1fad4f7ebec76d1b839436b0df5590fd54620283c604e88bcf4e1,0.0085644979822454,0.5,0.18705135535187817,0.07688566608571498
BNB,95f9b69cae6cfde28d74c8861c8ad0a8f13cabf637306f4f0c894c95f07b079f,0.0132886313225484,0.5,0.17667467068426296,0.0785017492174552
BNB,96196a1168bccbc5e7b30dcd78ed85ef7238b1118ff2f1af5d55911960589265,0.0869979453812406,1.0,0.22895253627475978,0.18587997457128486
BNB,962defa4fe59d2ac24baac716852199dca9190986659544e4e30cd9fb47d01ef,0.0030292991526846,0.5,0.20359736126278344,0.12830334523535036
BNB,965c7b95a22e471a105c0f13725c7b85d2c8b35591ebfe43cd8acf7c9871988f,0.0407077529068398,0.8333333333333334,0.2011752511241496,0.10595188611485154
BNB,96b22aa904a2cc7d6e43992cec44999217a3e562ee6d58a034e189f5dc0dde8b,0.0443761715809756,1.0,0.18136053664992607,0.07138960191563708
BNB,96d927377babd3c9d4f42a81349a4987e5d930e25e12b86e858eca584cf5d530,0.047248337525616,0.6666666666666666,0.3184242126880167,0.8274665118816
BNB,97440d158684649d4cb3bb0b9de3ac97361af8d96767b8f212105cbcf0e36da5,0.0093755239084052,0.6666666666666666,0.28385947448108007,0.36407472931173107
BNB,9750d7acc1ac258785438f6ea768cb03c89c2aea7c402bfaf29e90eb0e4e72e4,0.0175027033354023,0.6666666666666666,0.17792599135318996,0.050534177800725055
BNB,976ac73dba704d523233e8d53f0704e3f674c2d13d375a87410fc51068c55588,0.0053977100388278,0.5,0.18050719150933958,0.09433016020928994
BNB,976c4da38fd36e1a67b1f912a165ccc0a33df7dac7480f763bb873891e71ca49,0.0602288601956094,0.8333333333333334,0.17949629729384242,0.04454822725081584
BNB,9814dff8b16798effcc13c7c4580711ce4d5809216c5c656c87e5912ad69369a,0.0091307946338197,0.8333333333333334,0.17380922933718015,0.045102584122455776
BNB,9815951cf17b508a52c8990a231245e3fe81810bb65afaf5ed9da15d87562ede,0.0589047769145385,0.6666666666666666,0.22514851674380817,0.1990851507100453
BNB,98228d2c23d01891d0e1dee10abd00dc0e45678beff61653e62b552c0bf1ee2c,0.0105261738388792,0.6666666666666666,0.20525234502225148,0.10251466711912281
BNB,987a64e435c680950f07a0260c2dd3c601544cbe1d1e0328ca673d48029f3725,0.0083182463236595,0.6666666666666666,0.18793601548824232,0.12573262690540957
BNB,987eac48b7246308faaedcc8b99575011e05a9b554e4c72397616c2601a217ed,0.0110491265784789,0.6666666666666666,0.19368920285049818,0.10798087398406432
BNB,98921dbb0135fd3080424c3b967df8aed4041afccf67c45b409f941644be6b36,0.0065115450741894,0.8333333333333334,0.17921887840584416,0.04533405513737327
BNB,98c952fbcfb1826243404ef4b3811abfc9fde8a78202f9ad2bde2316a4e79dc6,0.0382034082973066,0.5,0.2275510025176308,0.256335375275212
BNB,98ec9814e90b4b8ec179462e45e9c3a7d66cc36611a69acfc27f4e1ee35366d3,0.0627233951499913,0.6666666666666666,0.23756912067815672,0.21241931095835273
BNB,99018a2f7ab7692661e12264474d59c2a683d4e635b85743c607fa3922a5669f,0.033244632642497,0.6666666666666666,0.1753498317526892,0.05161201975702131
BNB,99414cc19475d77d67e386057cf5d51096f2270cbafded30fe7e6687b85aa50d,0.0177903040696939,1.0,0.17231445042708646,0.03209318303658539
BNB,99436660b1cbfe30c558e759ac7ad3ed7b85089e509c88c1cd672937a582b9c1,0.0224181991353174,0.6666666666666666,0.2567951863583984,0.20872001665418502
BNB,997d7ccbe046632f7cdd5514cfcbd5cf0c4708bcc22da272c160d14319ec3c74,0.0055516098202007,0.5,0.17428003024890623,0.044409139154126344
BNB,99847859b0a8c1fc65b38352926d69d453fd4fde2cb0c87c1a036b96db921258,0.0081555107234567,0.5,0.18661916194328088,0.11923732779735793
BNB,99955373fcf4d24f08429608f506e41a0f94e998e953c5f906470fa9c75c999b,0.0298317764051499,0.6666666666666666,0.20599199941449528,0.15781367617479927
BNB,999a8b4100037f8ad5b26dbbd558a447aab30bdf5327baa8448402a6f74414e3,0.0094161585465475,0.6666666666666666,0.17971784794023402,0.05532661833467577
BNB,99ab2caf24d0e6676775c5321393a5346079b5ec10c03b887c09fa25488795f8,0.0129310675287633,0.6666666666666666,0.18255094341621866,0.06806921903275549
BNB,9a8e234c8c94851c399399a7bf6f231fc970358e1e1fa6a5c46f3e7e17a20eda,0.005815031319045,0.6666666666666666,0.17310574445127414,0.03402026702469743
BNB,9a9d7fc79c640c5ec2111979bcd354f61ff974ab586f1d9fb9326d82d085a6fd,0.0085760945865621,0.5,0.1879396170053563,0.131961594184326
BNB,9acacd9899bdd5ca542c2bb91e8944ff2fe5f577631df8deafc76b6b6c4dddd8,0.0105649880357249,0.6666666666666666,0.17570955968275634,0.0691689436473226
BNB,9acb1989fc1f31b2817921aaa10b295afaf2469af26a3b5b2058610e11bb7f1c,0.0049733052211357,0.5,0.18553874035882545,0.09858608884972815
BNB,9b054a79ed5762028734a81023360683fbb52ae254c5e6ec2d2ea81cb3193379,0.0015446184729853,0.5,0.213247324717406,0.21791098847526086
BNB,9b14b25cfe5d52aba9ca73ed5d683cbc5980d2a7c81218fc0fa5c69abf06e888,0.1484498823011437,0.8333333333333334,0.3396194762354142,0.6022520753319285
BNB,9b1d96a8884a9a251bb32bb7fddfd33eca88d1e41e15f9be21482c904b05f7ba,0.0139703544176998,0.6666666666666666,0.18258691757581755,0.07150465795238035
BNB,9b6fa2f9d14db728dd2c4f3a85541f6f1fc8a8b0e7e3f81c56e176286c5f96b3,0.010240024796359,0.6666666666666666,0.17817356772012785,0.07721583953095118
BNB,9b853b9663341876f74ae4a546699fb16ec0bb7c0dd6ed4c4cb5e5fd81a16826,0.0282901187313422,0.6666666666666666,0.20271593403075402,0.16858104142246863
BNB,9b9a3cfd46850b152b4f0ba0f11fe608009436f3bbf2b340ecdfcc858394473e,0.0160492215829889,0.5,0.1991464381830802,0.14361959577528935
BNB,9bb6b8c256db3138b8c3e93837e70d183395933e288c1c036e146f8a453c722d,0.0273416441476627,0.5,0.2230110083530952,0.2054508630213813
BNB,9bbb30340e74149a083a042046f26625d4c42c298c427e62ce7baad3195c7394,0.0094144415652653,0.5,0.1775638339000475,0.038065923489181884
BNB,9bf718b9fb128112e59d1207fecacf1fd45b447d35fe5a2cc402be9806e4c9ef,0.0078607365715385,0.6666666666666666,0.184191842921966,0.05546290556944366
BNB,9c0a5291e30ee678fb650e9f7a5c22eed1a4b9ec6452dcbe9f06ff9a5f43de0c,0.0562538602911823,0.6666666666666666,0.2038946495215767,0.1868318083787223
BNB,9c7a5f741cbdea9261d79b0e2a91ec1be5790c0da92fb8a5b06813770b89f179,0.0138522539916785,0.6666666666666666,0.18190599352121556,0.09828424328217744
BNB,9cd366eddd9d94bffffda2dbfc2fd5b2fc483eb9fa59297aabb299e8fcb0a6f3,0.008658906063964,0.5,0.22598075157789071,0.19133902120716462
BNB,9d4d49002adfb0b512d645484e78fc2c2800b72cfcab725668d0a7ae87719c11,0.0215238727648197,0.5,0.1902786086362926,0.1079230665998696
BNB,9d90e057e30ec7e3ccb5221fde63f09480d487eeb808145767746659f52fd305,0.0004483565684463,0.6666666666666666,0.19950472460854854,0.0855617649076468
BNB,9d95f2a01e196caa0ed1bcc9e34ff1632ebfd4ac62a2958593c6a0dff97b2892,0.0199194854804875,0.6666666666666666,0.2054211500411801,0.10736187569004826
BNB,9e397e8aaccf4907420b95217df37bf62db42627eb6ab8d920542adc02bbc65d,0.0281113854630144,0.5,0.20060532189260635,0.20343674390199354
BNB,9e39deea5a0105b6d3541d8c062928f81ecb85a48077df1274675c9ab96c64b9,0.0196435859892272,0.6666666666666666,0.20470402992819564,0.15536562309689586
BNB,9e9e63f8096ccf56989df7b6090868484c5d2e561ebdc48b2405e70a7eb94122,0.0117890824406933,0.6666666666666666,0.17594244699365508,0.046368550044876215
BNB,9f040452b274c84cae48d6cd3a7aac0bbcbf79b9abdce91e8a054950d2f02a88,0.0124381637550799,0.6666666666666666,0.1882106422842562,0.08030475315523385
BNB,9f79de881e32b0fe9536c44e74eae638b2c18cb78e136758662bd4ea855c2943,0.0077244257025257,0.6666666666666666,0.17415067435956938,0.04135625323754619
BNB,9f83ea8fae5c9ccf1a15e05bee74ae0bfd763b3d3181697dd0c0e26ec3cee8d4,0.0256709044655571,0.6666666666666666,0.17540703156867385,0.06407196433019553
BNB,9f913af3bfeee0dc7e51ca178799c43091765af77734f70e90a21adf516fdcee,0.0154115723587556,0.6666666666666666,0.23827635200885908,0.20492097182448146
BNB,9fe11ac945908431fcd1460427d621f8cf4568cd3c966d1b858a7601dd860f45,0.0162544617006056,0.8333333333333334,0.20574172671936858,0.09940600786829926
BNB,a01310a362fbba84be2c7a10e826b181c752862ba3d8dbfdfaff18d5a3e4a3bf,0.0001278209841069,0.5,0.273892565322556,0.4401414535892895
BNB,a03d1cacc767908a590541eabfe1ecf6ea4fa9cf270648b1adf34100924390ad,0.0002239773050325,0.5,0.18751460521451987,0.06974149798114013
BNB,a07fa4176613539658138aefc3864c27afd0de68256d98c88942085e087870fa,0.0140315275217528,1.0,0.1696003995358042,0.02315072594600266
BNB,a08f6136c8ad5d606a6c8df3f91c575ab262525232a079b227ffa344c9fa0462,0.0576445900680345,0.6666666666666666,0.18266661738509635,0.13058180400865257
BNB,a0b491c3dc8744a4ec4de193a2c26a929b3eea341195f74c3f9876a1e4c1aa26,0.0314134894417602,0.6666666666666666,0.1800248472126365,0.06226315407119119
BNB,a0d98ead410af7836cb246f194eff234305c7fea3f1f7ba60306e798cab83bd5,0.0203871837254685,0.6666666666666666,0.18515230827187582,0.07288008719187487
BNB,a141b9cd9889ebba158236ac4b6db75582baff96f02915a2372dea0ac9b4492a,0.0028188490501935,0.5,0.18229773814364805,0.05311459754163459
BNB,a1447f6d2456328019483cfbdd3ddd40b9c33a5700066004225957e440603398,0.0014441971520179,0.5,0.18045013347549713,0.05260616790430449
BNB,a1465b234a01f5f4515562fe0402ad0a13a173eeac7cfebae4f922e8936d711e,0.0282663496862878,0.6666666666666666,0.18818626701482682,0.11925942539194719
BNB,a159cf5e282f56b49d017dcad0904fb4f0e9729c5a0a8e6308fb36905df803b6,0.0074489785256013,0.6666666666666666,0.19666658329994632,0.09681880012061111
BNB,a15d7cc0133d08660029706a44edc8d7c87a47590761feb8238eb1aed602d7dc,0.0232449711813298,0.5,0.1964483482458056,0.1225153809967471
BNB,a16cdbf0ea24cd854d72e25be5cb4957883c6d1d5f3ce1f8cb4393293351c974,0.0280762991203897,0.5,0.20570911626257216,0.21649320487700296
BNB,a17e1efbb6069e0649c948e57cad15e942ac642d8ef734ebb23f1e424c763c0d,0.0130723512394871,0.6666666666666666,0.20191322092152686,0.17280090402014656
BNB,a18a6e73704a423a2d2c2ad6eb2d49a5a3cbc915daf44f32ef53c54a091bc1f8,0.002495137059715,0.5,0.18420249222511773,0.05881686339433019
BNB,a1abf002c56d70b86973f32f80eaddadc6b0a457c794f252f87888515e5ff007,0.012826589284536,0.6666666666666666,0.17807870271711054,0.03645242084465027
BNB,a1c2b1c7eec5b43d3a865f61a9b3fd96cf9a83e4dea59f36bc24c200fe1fe500,0.012291396117858,0.6666666666666666,0.18181334758319306,0.07948904086347452
BNB,a1e164062f6fb657fd0e85fd562ad2214f12184c819757c0ffbba6c5f732129e,0.0143787797102361,0.5,0.2399459145223016,0.20323740917623162
BNB,a2072767bc1c9491738f8b92f2ba88b1519375128f30a22517fd326f24070161,0.0191443764268943,0.6666666666666666,0.1791940796277935,0.12307167616584185
BNB,a2179822cd36ce280a20dd77d6b717bfee7f9a66ccf891c6bfc9bc08b53be343,0.0105793114356462,0.5,0.18495342228054856,0.10263494550065808
BNB,a2303c1fcce8782de1999764b3743c07ff018040c2884dbd0b35ca989c7cd3b8,0.0017653261391675,0.5,0.18885674906627445,0.10997312901562845
BNB,a2435168d14081f60a9031b85af94e3847a006fd6c2d68b9183d578e95cdbb5f,0.03604048803165,0.5,0.2726648581851496,0.2995969743526732
BNB,a27b44b96049593c50985afc5827fae4994369a0b28b828176695fa0b8d3d9ab,0.0327480698334175,0.6666666666666666,0.20706422750519685,0.1632923976199235
BNB,a27ffcf32c37fff0618d735b902c61a1190c193fd79fcfb3fea9d70e12dbbc0f,0.0054121321335357,0.6666666666666666,0.1979764283448632,0.08170271577060342
BNB,a2963176c381c6cfc09841c44ff718cb11995613ff2616c2e8744fabda25153f,0.0243876217506945,0.6666666666666666,0.17930509173599934,0.06226094424077579
BNB,a2f085c1c1f35a4f4042d85da3a8dd5f1e80f9a966783fe5e43bcde04c36106e,0.0014012878903584,0.5,0.20428969868159333,0.09672536478609241
BNB,a2fb2d6ae49977697c1ec3b4ccf3809bb0c4c6eb6cafd579e5ad9eda1af0c2f8,0.0140079461800231,0.6666666666666666,0.20084563578748574,0.14245117880158367
BNB,a30ab048795ea46dfa36b5077be9b59f9f867c7af934bda4859b329dd78373a5,0.0035952914629822,0.5,0.18599389051845255,0.1736137722903795
BNB,a34a3ec5c8401fcd84dd41cb0ffe7b2362a6013e5ba39f17afca1e7940ae2fce,0.0069347945575514,0.5,0.18190677426366728,0.07064136290138805
BNB,a38a0ce9381d0d84458c3f1ff04133a028e95d7afb127fd982680c59e2ee7ebf,0.0098119054034303,0.5,0.1951549931226832,0.15259425945668023
BNB,a38e08f5c66145d42d23145525427c92141677fea47ae943d2cc429319e6f2d9,0.0761705875867212,0.6666666666666666,0.3902803928446188,0.5530478083457803
BNB,a39c5b8b1a17f2a1b6c0fc276be7e33cadd51c28bd3c62593c5670d5f9b79f08,0.0104004996746361,0.8333333333333334,0.1750644990075501,0.038248460862699576
BNB,a3cb091ab44163c993c23846f424357f818351bf4a5a1505dc7cf7a78e60431a,0.003511015469336,0.5,0.17901901884986451,0.05781175027307091
BNB,a3f06f055296b718c943ac3743927f153d04a7d4e00fe3a9f2c09df51128c87c,0.0003519960682349,0.5,0.1949516729946591,0.08019306229309178
BNB,a40a8391e5eb59ae4201aace95c3c2da67e877f1c47daa5fc98854ce95f5752b,0.0011177051476974,0.5,0.20510468384786062,0.1110930901347934
BNB,a40f46a134cbba5a5bc814a3bf6bfd8942506c2ee0d98cb6e4d7c60aed16638b,0.0272368007627306,0.6666666666666666,0.20246702112838008,0.1119188544820123
BNB,a4393516291f1f1c28649378ca8ed222a2f49217cf7e603933f2afc2e33789f8,0.0020398640696167,0.5,0.187626561382633,0.07947080323204633
BNB,a4642e49176e6a0f588a3c5fb1dd64f5974aec66b6d2790692f31413f298352b,0.0154671236331445,0.6666666666666666,0.1977516093376124,0.14903466735211773
BNB,a469c103587528ac8aeb25abc3cc11d57bf481492d1f4b8f6e6d582fbc65043a,0.0317536224253215,0.8333333333333334,0.18322605346425339,0.10807547628810121
BNB,a4a458fe813af3a35caf88db1cda2908e27fa482959304d909fe49b4159e16c0,0.000264480682466,0.5,0.19130134473005847,0.10520626139323999
BNB,a4bacdad942acb8af06451d51f2d2f2033f0163f0f7299b2b3499055ba7031b7,0.008511579870034,0.5,0.20328124235786668,0.17239424505106554
BNB,a4ed6611249d247e4aada869e421c32c68aa91cce699cb123b9feaa60633b5c1,0.0165112038169937,0.6666666666666666,0.1848738596254485,0.10681354988416633
BNB,a4ed6a6099fb161c2925c8da3b105a23e291221f50080471661a7d4d59d4c621,0.0200818114221385,0.6666666666666666,0.18157752217668272,0.05346648830003745
BNB,a551fae4c9969fb03e6555b4fbbfa68916cc2c1d4bf6ebfc409a4f71ff1f56fa,0.0412703131464078,0.6666666666666666,0.3066128983313806,0.32918542084550007
BNB,a56c809a42cdd789d535dc15a8d3e5e6abd0cd06d22f786248a910cc4a8b00f7,0.0449560734653834,0.6666666666666666,0.1941338286405744,0.13979318134307298
BNB,a572534d35074a8f568a993458dd46feb23c93a1e9eaeafa3df5fc94b1b50712,0.0030039222752609,0.5,0.2233440970282254,0.1856046033411102
BNB,a5ad04e913a300096601ac40e42ebf226632eb95eb27847120482c08c0ae6ef8,0.0170508093851828,0.6666666666666666,0.21431399621540986,0.1358858564899239
BNB,a610018cf30f04cc31c51bd9b1dfc5b7b9a35173e9745f63daca4f42113b3f89,0.0111092963410901,0.5,0.18075303964466694,0.07580949609100372
BNB,a65b01a3d5a63666690b577a46cd0ff720ddefa04a1691a7518759bba827fbcb,0.0103706394222867,0.6666666666666666,0.18216763492799015,0.07633100812921191
BNB,a670bf26b62a32afd5bb3c3bf60881369867651688ca9396db87d3f5108f6188,0.0029072278653906,0.6666666666666666,0.17319257629705956,0.029474301763699383
BNB,a67364f9958e8daa9155f57218b3264d9e6e191a7cadba7111aa15d695e3ee8b,0.0074231676837647,0.5,0.19485679865043842,0.14851213243736686
BNB,a6b11226e0f9a933e5466817f3d79540212235194b070f2dbbd4ef45866cc2f8,0.0028490628092151,0.5,0.1961187132168542,0.12017304738325997
BNB,a6d5ed5e65652f86d39128092c8f0519a8852b419d55c8b1837b908ee626dc65,0.0042046415609679,0.6666666666666666,0.19414788484762655,0.09329156267657172
BNB,a6ea0736829be494d5fc30306de13e5b5ce158e9bb13380838e377cc5b603716,0.0112930784804152,0.6666666666666666,0.20385073381813054,0.14195316448931877
BNB,a704dfff3d43e61c7b2fbfd7e7a4ff3e3c7c7c38364367131c4cbd7936fd6cf8,0.0030950193638636,0.6666666666666666,0.1820663645445909,0.06353603214111979
BNB,a7a72afbec7c52fe0fd18c582e2f2938a53ae22bf2374d7940629e1fc8700c2e,0.019948480886366,0.5,0.20027191757992183,0.13615598507079782
BNB,a7fc09cbf5aa113fd2daedfe705791687c3f8c3f6c22ff253e83101fece8f872,0.0002700239534434,0.5,0.2097342855357557,0.1269600429456026
BNB,a807d8f4db9b6d79040be7e9753eff796a5c8c499c8cf1ae6c9f62ab64813915,0.0304367078854375,0.6666666666666666,0.22185465376750002,0.19116694548385374
BNB,a817086e8c443cb8a051bed7717e601b11c76ec137f4bc92387b0be9c6dd3e8e,0.0040220056288544,0.6666666666666666,0.19234866232339087,0.09096043842067723
BNB,a8269b0528aff091ae1bd2d06cfeb69b6b682796b24b025d3412883157af53da,0.0289638415518832,0.6666666666666666,0.18879175810489995,0.09343975920740341
BNB,a82ef5bffdabeb3fc1a1eb7e5931104e216697208844b800ec1a2b6bd3f923ec,0.0358693767933734,0.5,0.26827302734395864,0.5981872158066045
BNB,a8355db1d83c09e17eb82e75f027f0a75a0730cc0d0199921b1ad62d42c8001b,0.0186671063467359,0.6666666666666666,0.17944652598106153,0.05384890937096274
BNB,a861a5a1b8b20173864dd563d9f73fa9190805ac5d36f617e9557dd6a9f43b6b,0.0002003069927007,0.5,0.1907334301562966,0.12444930005387311
BNB,a8c7060dc4fea1974fced81a1513f29f8ee0ca9f9e5230b78a74c6441534da2c,0.048145768076148,0.6666666666666666,0.23588447072399185,0.23274122903608793
BNB,a9110eee6cad7f5f99e088d042bc94597dc743657a9107d4c8b8b00500b776e3,0.0249280782549721,0.8333333333333334,0.18018235251650702,0.039387980271598115
BNB,a93d90615c4978ee8395554507475cc2b1394d63cde92b3815b75488f9882b32,0.0043535412169686,0.5,0.1776575160654934,0.032493977046869654
BNB,a9502115660aec216c39a5e36f3cf9372eab33f8d241885f5146fd7f5b4d7e61,0.0022214826319781,0.5,0.2367287749274341,0.23638543251199332
BNB,a9b8c09722296c9b18898f2761d3a8ae825fda91423a18d0171ca32ad840158e,0.0128725095205391,0.6666666666666666,0.1831053544641712,0.08058890224680389
BNB,a9e1767bf687f6b8917eeaf2377ab2915cc04a5202ce19873c263715f3c069ef,0.0320495519739507,0.6666666666666666,0.18612582717422313,0.06432810718177084
BNB,a9e789537e66dc839ca69b2f3c98a6b92c3ca53982cf94c893ebcd5ca49c59ff,0.0895248204442989,0.6666666666666666,0.4456901572178951,0.6096627665880137
BNB,a9ebe1b510866ad49d0466cf210f2792b5c7da7d022481dc3e9c970894c572b0,0.0257345783960618,0.6666666666666666,0.2342527985198623,0.2352639334991846
BNB,aa0b71cc701e6a8b748122f3e1dc133d16b8464481a0998fe3965a72bed9c709,0.0162212757970712,0.5,0.21360747787711656,0.1681872926501473
BNB,aa1c30aac6791895ac127e953e9304cd1c3d256d0b34c876cd15f8cb736e45ca,0.0013604826343463,0.5,0.17796573067503707,0.04905811826710787
BNB,aa7a75bde8f15f4413c857698ec4ba7f6696b1bf73f68f90c8493d3f9b583c79,0.0194407932038073,0.8333333333333334,0.1878407150013898,0.09680707426437102
BNB,aa80256825da8857377ddae2920f67e200d2f321bb92e4a7d12666a6369253b1,0.007531898279256,0.5,0.1819665105270304,0.07375636577027259
BNB,aa860b9dd3d7761387435e8415a1d3db4a5edd0215b8c91fcfcec6dc7674516f,0.0074076580299193,0.6666666666666666,0.18246052952152378,0.07424840271050982
BNB,aaff56374db47c07909760c60288d4ed27c225051cc190c2c310b779c373b68c,0.0267319778348665,0.6666666666666666,0.1769187236851473,0.061073179764594705
BNB,ab15b9d6c170c13e4f161958edb11ba662bf0e0cb19a3a1e01b0b9876db45e1b,0.0153946221108508,0.6666666666666666,0.19325952187887105,0.14938363282683234
BNB,ab31b24794f97e031e718b35eca8e7db9e47fa0ac63f3c21048828a492ee75fa,0.0061295405300266,0.6666666666666666,0.19387831183611196,0.09220052463096118
BNB,ab484e05cae8e8b59d84a7627c03721c8e4451ada7df6ab77943deb7cb9d7a41,0.0041379196577446,0.6666666666666666,0.18213420482484136,0.0550974235428562
BNB,ab70188b2dcb1d07dc6a0fe2653efe20868f9a67d0330250ed714d96a8e8686a,0.0303079497352498,0.6666666666666666,0.4342485466833076,0.6893005411418939
BNB,ab959c7ce70d5ed870257cf3c5ecf18a3bb269faae11cc00878a00761a99134d,0.0066583571670686,0.6666666666666666,0.1862174233736966,0.093160472450795
BNB,aba8cce61099d0e0f878c8c80f3582c089920d32004ffcc4186a9acbdc58938b,0.0815169427642155,1.0,0.19578440755610854,0.10518157938283759
BNB,abc8f74e169bbab237f1a2f777f1dbf8698a0ba052b5a6f24fd5d235546d29f5,0.2025819997564715,0.8,0.40219549421568235,0.6651758873637897
BNB,abfdc696213149a00c82b1a43773fb0fdc296a2d132cef460fb319031783f073,0.0074923506594956,0.5,0.2083781490132512,0.1448499821845763
BNB,ac5f76fb033b41358fd9f3ce818785eba03d927bef9ab5bc8e412b29bd1613e1,0.0261002571798526,0.6666666666666666,0.17887162137427373,0.05755371441653607
BNB,ac771a3046b6459fe52e144e660a7e53a9e44df96c17e426e9f69f118fea8219,0.048350576060323,0.6666666666666666,0.1842647258517106,0.11334836657254169
BNB,ac9da2c048f1c18f889f7b082a3e59e24ae3e27582cedf6b08aa8e0653d1dab3,0.0142154440157374,0.5,0.19121645084792768,0.10887283800724362
BNB,acad9a29cb822af2c83c978f0c2e2ba1c7dbe16386afb4f2806f7d61de5c3055,0.0276606527506485,0.8333333333333334,0.1978256323976599,0.11988448308037031
BNB,acd626845535ac669409e5facc83b2081b41df51913eaaa565ceb43b5bb1f23f,0.0075090875640027,0.5,0.18629762158048702,0.11318206153851601
BNB,acde64c0a3bda1bd223ad8c205140e8906ce98c4844a265a1e8ad6a601746f33,0.0229177369760881,0.6666666666666666,0.1911632773929896,0.06830139746060737
BNB,ad0a5f93658c572735cf6a08b31c19783567f4fc61a2de91f0c454bdc266a2f3,0.0003838211851195,0.5,0.176662589397339,0.046065115968634704
BNB,ad0ccfa9b5d8b02513787e301b276b6a2c817bf4516e83c1594d5809920f70e4,0.0019990265624131,0.5,0.1892963866006882,0.0726114434838912
BNB,ad2ea5c7129596be00fde2c48c62218bea9e1cf00ae30a9f36c531d6447bfcf9,0.0077092118610302,0.5,0.18161988244162747,0.08409103205436716
BNB,ad2fc4f4d7991fb0e0b9ae301c5aedb6cf159549b2302f007b91fcbb2ba0a551,0.0106900741471681,0.6666666666666666,0.18052928526312184,0.056853088261046195
BNB,ad9a081753e9afde659302060e65573d3b9579e5e60d9a0da91129d2d8fea879,0.0425838582910186,0.8333333333333334,0.1796029745670078,0.08699545894885859
BNB,ada5bc6cf28d4b2f324c1accfc38fab58a82742df3abe817caba118962b98e09,0.0803891166843313,0.6666666666666666,0.5145429407580393,0.8901209201044856
BNB,ae11b28a38116f10bee09b77bbf8b045b7b3b624869388b942f02d531e859fea,0.0059472351184708,0.5,0.2012129771252511,0.1614672581006721
BNB,ae1aebb364f9e408b14a962d00305444b622ea1566db5a6fedabf416dc8bbc00,0.0064157393839585,0.5,0.20455557648984082,0.13381987452854277
BNB,ae284fd9fb0eace40ae2e5c30171191417b0a3f76cc3c95b1daf322af387dafc,0.0331783388085207,0.6666666666666666,0.20665050403672683,0.15410597792509
BNB,ae3509ed77861e207b24e00fe644d844f108db1510aec66bae1dc0c0fb3f9c69,0.0805287222693447,1.0,0.20190180460845691,0.28057736478540135
BNB,ae427dd785f3f8bae82c8d27247240a96889480ded1b8ed88e2bd6e520e33259,0.0444195603910392,0.8333333333333334,0.23088415061036618,0.24140788982753264
BNB,ae6e8e503362e87b8b8360234dba9939b20fdf38b3843b70460ab78a6b7d928c,0.0080229733284992,0.5,0.19167178886184455,0.07674083630370702
BNB,aed2254a4bbffe6ad4b33342b35092ee5d40716b308007b56885c8065e4995b0,0.020328475246358,0.6666666666666666,0.21443061676346678,0.15458459761879248
BNB,aedabd6d6eafbe39307f1fc8fae1f5ded6bab6546101c566288353a156c97a2f,0.0086870697689397,0.5,0.19772404737182778,0.14720132478180073
BNB,aee23bf870b5bbeb78302cff14209aed470942d944f799f5b4a11acb48e290d2,0.0076722708655832,0.5,0.194579047107776,0.16539015399805373
BNB,af14ef1322efda0a25efedf7030f407c419e7e1981cae8493cc6418cd7a49a08,0.0059472351184708,0.5,0.2012129771252511,0.1614672581006721
BNB,af45cc081694e7468655818271cd00b3758bfe6047ece76ae288b49eae317430,0.0029778170058015,0.5,0.18513864199779098,0.09016972307028956
BNB,af59de0dcac9b5bada016c4702c49b1ef0c92235298a51acf96a191d33deadf5,0.0073206737681921,0.8333333333333334,0.19252018781405422,0.1045560481306405
BNB,afae52b9d447ef196bc332477445888fa65ab9f67bb20b5ed1570f588976e494,0.0059254794500916,0.6666666666666666,0.18185600038417313,0.10345412134633043
BNB,afbe1434ddc808cd9dcc2fd3b26cd3096501c2d134182463f88cdf34bf881c12,0.0211139699127854,0.6666666666666666,0.21660498233056394,0.1612088127057192
BNB,b0025cc8f4a932f275a02cc52b510cd9f71efedcbaaaac880c8b6accc0a4a977,0.0309113862254802,0.6666666666666666,0.27828069317328386,0.2697780003220288
BNB,b01041589e8b2071e439907d466cdb592561de00b856ce8fbe907c9635ab6067,0.0052825922705411,0.5,0.2021109413881541,0.16201471058540448
BNB,b01e55a29dcbde87edf854a67f10715e535ddb92a90e059785672c0b0cb5e083,0.0309012161697464,0.8333333333333334,0.17844750152521402,0.0849853010921959
BNB,b0573c8047f9cb71a1482690e4d152e8bb3b4e78e681c0d1c993e45bb7c4381c,0.031817162194904,0.6666666666666666,0.18805314067169482,0.09625796247050931
BNB,b068fa84afe7ce6d4de911a9ef1850076a413f0ecd04664747605676c8e66edf,0.036141539786009,0.8333333333333334,0.1909747040227397,0.15362221651630376
BNB,b0728c742a873bd52d119f86390b690158f08d8688b05d594310f5d576bea43a,0.0895775832773,1.0,0.1733855722687033,0.035586908095773945
BNB,b07664b53fbeb90f19afed4d4fae8653dce0d796db543ae984fb9bba69512450,0.0424823501139053,0.6666666666666666,0.19277574682007803,0.13249780331462338
BNB,b077abacd5aad6932de92f0ff0d49529a42a4ab7550339c875e1a28bf37122ae,0.009332554459843,0.6666666666666666,0.18425232878152986,0.11977789947317771
BNB,b096433d305d947bc80e27c656185378114d2db95b70cdb6de7ec3a5f30a5bd1,0.0029558716008187,0.5,0.1809974402125739,0.06865531574832931
BNB,b0ab93c34c6ff6e773e6dc3ac421d38710d342f43c12e765cd2301fc427dbf17,0.0589883667357364,0.8333333333333334,0.17721550297802965,0.059891409663143616
BNB,b0bba61a49c19b968857e1920b1eaaf2b4b4489e493459be6461dfdabb590a90,0.1075272924332446,1.0,0.19659413326886055,0.1215620966612756
BNB,b10c725387fecef66bad27d3f462fd7871f2e070aaedcef6452cf92a73a540cb,0.0584937902313701,0.6666666666666666,0.3885361044387117,0.5420948067587233
BNB,b133f56bd074c6e9820f3e86c7cc44b6d4ae33c8fea2517de149f9aac654e65a,0.0157128681229541,0.6666666666666666,0.21809378039570643,0.18008614514061208
BNB,b1531d3f8e73ecfce14718552d7abe52ecf7f8546d2211d08270b3b613d6c537,0.0075353011104987,0.5,0.17755626552423212,0.06759573388856954
BNB,b191a14671c06866802d58d258512845f977c41e65955f5d042a88bedf33797b,0.0197002631962175,0.6666666666666666,0.17785229389325707,0.05823888600563766
BNB,b195fc22944c7f07b3584d19a2744697104624fb321ebd086e014eb36c4517c0,0.0056960174079342,0.6666666666666666,0.21450587440070945,0.12470220608692031
BNB,b1a9a40073ae90b252fa758f45c2e46079b76884ab9f1450350cb02fb5d2f57e,0.0055302441496486,0.6666666666666666,0.17466348875285187,0.029138251223777258
BNB,b1ceb0cfda96b8daa172e0c8bb2870092f3dd681bca9e0e32401709b5d0f0963,0.0105781824788263,0.6666666666666666,0.1902730651940016,0.10836232583644297
BNB,b211552b12da02f4ab893135bb0c033c560e54275eccf326b2b711a0f6caf343,0.021576472918822,0.6666666666666666,0.17817514765611855,0.08034179177107108
BNB,b2c1d17c4f1f9dc6e09f7263832b26f6906ceb403a735c6ecca28aa4bb95e257,0.0117290323557927,0.6666666666666666,0.18967278118484732,0.09369595489819244
BNB,b2f867c34978c804adc55087db2902025b374cdca62ababdeb6469caa794bc5e,0.0927587679573417,0.8333333333333334,0.23702836845655384,0.37810904397401446
BNB,b300b22520ea0a570d0929df3ebc69ab6bf982546720bdf7b440aaabdd114bd2,0.065039032583753,0.6666666666666666,0.2145036073083784,0.15620191337025954
BNB,b300e84b4c52cffd181932c8370dd0d4bc5bb3f0265a39f424f219879636cd01,0.0090682760067694,0.5,0.255503623182667,0.24995144245229034
BNB,b30729f322bc5a8f2a555878ae4b5252f1a7c6141c66e2372e5d1bdf46128a4e,0.0125825023775698,0.8333333333333334,0.20797344181101154,0.16181108049946002
BNB,b32c2b28f1e5d6170c37e93c30906b214aa9b243990172cb27116b23c98d4050,0.027457470924805,0.6666666666666666,0.18353712990216023,0.07048341687779677
BNB,b338ff255b7b285268f2fd33720d2b272a423fe97b8ea7a1baa9bb6027a27be4,0.1536722559590557,0.6666666666666666,0.25995822971141647,0.35095986515160854
BNB,b341517c95e782d2d989a71bd055136e051a62d383a0711900a2555a5cea5951,0.0126626008904418,0.6666666666666666,0.18111943545416595,0.07571280835269445
BNB,b342b7df536d1203db072fd46b52f4d52824d9dcf7c058d16fac18dde875d8f0,0.0218290428598094,0.6666666666666666,0.18891454908484018,0.09362352808320555
BNB,b35222cbb34686611a46c2e60ed913732cc0627e51b964701ac68f8612c6c4bc,0.0064157393839585,0.5,0.20455557648984082,0.13381987452854277
BNB,b3f5185af5988cad5693e89eefa558653f44e0beae28bd83f1b294f90bcf481a,0.001384625757734,0.5,0.18229103378815126,0.06871033146857045
BNB,b4a5a947a864ca44131612921f43013b6c4532dfb672f51e9981296e631cebef,0.0254582733845496,0.6666666666666666,0.18045035692097727,0.06899873062192925
BNB,b4b9b6f01921c3324f1d658b4010a4f8b20e439cea22fb6fd22ac2ff2cf1aa16,0.0339604182298411,0.6666666666666666,0.21164111539840644,0.14568188088413422
BNB,b4d553713c80945f429622a94562f3ad8ce98ec9fd39c81d79a799ffdbe6cf76,0.0121201843716045,0.5,0.2479833100330935,0.3155881441796189
BNB,b502daf9583bf6ab282b70f27471f87176c12ef09d047c13a02a7ac8e080423d,0.0073415079984401,0.5,0.2111505203693512,0.13102637394182007
BNB,b5347476b339875eabe2103eff1d23fde42e82e1294ea03f74a6b26d21ef9280,0.0021158997437344,0.5,0.1919929122259642,0.1300800393993057
BNB,b5373c72c1028b011546b9544167aabb73af73f7d3472654003f09a0f665356a,0.1146074130537357,0.6666666666666666,0.2834629173774423,0.562229300181454
BNB,b53b55b7f06cdbfa94684caf405c7ed7caa7873f19ca87849c6b279bd9325b04,0.0533557162174638,0.6666666666666666,0.5796570634478315,1.0699952118293825
BNB,b5da2cfa809c88abc242ada9e2869941fa02d80db19a06c8d916e0eff558f467,0.0492194492560286,0.6666666666666666,0.20984606403396192,0.3654070398859946
BNB,b5db72baa42e6cb081061be70c920ac443a6a7bf7179210245348c7a481baeba,0.0107125052408305,0.8333333333333334,0.18694656440759636,0.06177366047307474
BNB,b5dc47caac97a9afd9f41374a948ebfcf19a2bb3c78d95477de686952ebb8665,0.0004903474672371,0.5,0.17223187868625622,0.033209752401599645
BNB,b606ce7e0f8a74cb3bbbcdec36b73b6c5267b19cec304df1f671be32613f1456,0.0049558159828603,0.5,0.18254554471746837,0.10583151487477511
BNB,b62ab6105cf5c861d9ac6ba4161a8530e18b200348a64438de85be8e021b1d2b,0.0148819345645432,0.8333333333333334,0.17668665449684462,0.03816164784204416
BNB,b631165e05c6d05251460bf1fbdd504b1011fcb5588ef0d395b3c8db9cbcd3af,0.0123098567086413,0.6666666666666666,0.178501315550196,0.058953816811792716
BNB,b6939e360e4213e6d57fa9c205678a0a31e89b9b800cb8d658f94126d7a46eb1,0.13594954688037,0.8333333333333334,0.41528383033481164,0.5691401650684952
BNB,b69a898c25d8fc41d3799549efd01220af668ad4807455ba5eecc5abe67a78f8,0.0226967139227402,0.6666666666666666,0.22328349204773265,0.16894942929975298
BNB,b6aba503c56a1bea5b806e362e4755cf4991b68b460a4f2d271b0aedd07751b4,0.0082738062924568,0.8333333333333334,0.21942034541197247,0.12775577923434558
BNB,b6f2a55fade55e7aee4398ad7fba015f8ed5a7065e1e3bd35abf1ca8b10e7ad5,0.0039662544188944,0.5,0.22068232269232801,0.1647241216582721
BNB,b6fd471e215bde4511d424e3a7f8f438722e1c9f10a1bed070b8d82f8de43792,0.0340592927222153,0.6666666666666666,0.21136170965191617,0.22056616723013903
BNB,b7066a792e1e666519232164df025c1618af22eb8d174f6cbce927c5aad1b666,0.0076045127935835,0.6666666666666666,0.18037230942222351,0.06220339344003239
BNB,b72c93b3ea352fd733e75c6977572b7bf3ba840a4f6d3be1941fee2038a23701,0.0258975943638897,0.8333333333333334,0.18053932264488265,0.0659798366238943
BNB,b7629aaab8e1b37d02321dc4e016867b14303dbfaa9f79dbc48c82572d14d07a,0.0621038529845283,0.6666666666666666,0.17425301749008748,0.04232185920477492
BNB,b77cd0cae2563244fa06a1d2cebfbb02e6f2955190afcca140929696c6984ecc,0.0343385072641408,0.6666666666666666,0.1814084970125949,0.1153112325211022
BNB,b7ecb5c8396870268c84be0a97ace65a2cbcad6315219a5d3346506b36705f69,0.0182501177701516,0.6666666666666666,0.189590973206181,0.09694457076847433
BNB,b820d1bbe9e350ab80eeeafe3e75aeb61c52914645a46807b3a7d56ae9280e94,0.0072714443805372,0.6666666666666666,0.17458664115883446,0.04398538153458569
BNB,b84294eba45e85668998839128613275c407511e66361ab96031a363a27ac009,0.0115619067337665,0.8333333333333334,0.1805802537392522,0.053574775499177614
BNB,b84e651094fa625f7e2c3bef515c55e90c3a9209a79c28875e67e781ebfd178a,0.0165339306858867,0.5,0.2064251868103458,0.14887629635126723
BNB,b850996cb08492a06b92e14767b4ba8867679cc5611ee1cceda2b9df98310203,0.0087305669474403,0.6666666666666666,0.20866422946581467,0.36269666377486126
BNB,b854139d2548879ffe3076df9953e2b8c46b4e62902062b2625f23500a343438,0.0230844161714619,0.6666666666666666,0.18146190104883186,0.0791997895110043
BNB,b8dc879e6b3bfab929e752b174154081e30e30c151764d4ee51b36fe4bbaa39b,0.0510508614974181,0.6666666666666666,0.23343184529185626,0.23890853207992224
BNB,b8dd00a4c838fc54c49ebf2b043b1ba9cb19dcafab1aeadd5de7d1d5b89d02f8,0.0040362647769634,0.6666666666666666,0.17492019044889498,0.0383578722253903
BNB,b902cef0914b3485dee9b4bb75c7318f656fcdeed91a48c6496405c166295e14,0.0082024024739936,0.5,0.21919879007633544,0.2557420287786541
BNB,b91b62ed9345f5d735104b7e8b3fe150f3400e710b7a0df0f5514fab262f0aec,0.0469161075449769,0.6666666666666666,0.2068051012650059,0.2770291314190881
BNB,b96bff2ab4583bfd60f7a894d6cfcbf223a8ca1ac8031b2a518ff07cd3bf4c37,0.0005227009787557,0.5,0.19307015877397948,0.10625944238474798
BNB,b97f1e5e130a1d97ebe916ffa554d86b074251b6a91e29b73a6bad1e5b11e07a,0.0124186811653657,0.5,0.18071736897445492,0.13024913600386348
BNB,b9c3a301d38106e6890eb0a9411dda26a650294424796e6bcdb28c970d12c1e5,0.0003209041327191,0.5,0.18587916418754544,0.08503394389779419
BNB,b9df3c31ebf5bb0ed8f2819551db8e06cc528ff58be0e414fa1161821e2fb65a,0.0023027524359756,0.5,0.18024394562601562,0.0723731853130517
BNB,ba0a754e1d0810ab683d98f740e3c97f05f0bf90c22b6ddd4af8cccd1444c796,0.0005807471390146,0.5,0.1931627291330429,0.12167563087490882
BNB,ba283e21ad30b4eb26a9882bd6d805703a4310278b95005d5ca2ea39cc527b9f,0.0077917864314824,0.8333333333333334,0.19838990239953783,0.11475838530894372
BNB,ba566269ed4951d6b71490b3241c0cc6163c2251d8fd967a5c1e549d9d8948d6,0.0053781031167623,0.5,0.22105176923998282,0.16841033874666508
BNB,ba590ba202a9145f5e61977893a2e8ffeb6f21f5e7d22b75734282043c79c2c7,0.0074063982584621,0.6666666666666666,0.17464005651757644,0.02513501617948306
BNB,ba7cced8a787121f6902c120bea67dcb2b4051b05248e29e627ac20b7a9b1732,0.0105122970800029,0.6666666666666666,0.19491043443855913,0.07868674741348997
BNB,bb1e23e0399a43819d22802e284d96f3b533c1aafe188b5793081980c8cd93b1,0.009707608703559,0.5,0.19152249310389646,0.1340129165220933
BNB,bb428b0e5469fcb2fca490af4493f01f7aea4ef65df1c96a2b41d17932ee5d43,0.0157148467477442,0.6666666666666666,0.17784413105239572,0.04947793040729686
BNB,bb60312236e93e60cce4552a331f7da6ac7b3a94e1818e39fdd58d0e208e19d4,0.0706398248425898,0.6666666666666666,0.38162634156135833,0.6286036286904036
BNB,bb6cc22f84bc9cb23ec84e227ecbb1e933009332643a92205dfbf1266558e935,0.0981539962040407,0.8333333333333334,0.619480530404972,1.0583158116960016
BNB,bb79374251a29d4b8909516e79fb686a9aa4024b53fc4bba4c84c3989d555dfb,0.0603282770353645,0.8333333333333334,0.22402046638518167,0.1613477764238265
BNB,bb7afe97e43f247c85d0eb34ea1965f26550efd80dc53943c1540497c74121df,0.0185446078890325,0.6666666666666666,0.17939942534573153,0.07334532402313626
BNB,bb83561d69f8669322c8c51a4dfbd9e1b29fc60b79d4ff15e191aed8c4a8be4a,0.0014127351488388,0.5,0.1967319598367561,0.09468355459989637
BNB,bba66b2151f919035a953127c0c0e1c43d0dd4b36d669a3ee968f52c7e8a3185,0.0125142918997651,0.6666666666666666,0.19548083219751686,0.15577286556597844
BNB,bc05982768fd82d7d56856853d27b0d82838db21c1dcbe01af90fe5e9f66c91a,0.0088035661659326,0.6666666666666666,0.20887393850618183,0.12431214849689064
BNB,bc52e8e4e9b372d6667e9301d84e1824cd0c36db9c295d7acadbde88c3b16bc2,0.0007082294621853,0.5,0.1774269354240402,0.04724164601740608
BNB,bc5b12368c8f196012eea991e26bf71968e09abc90bd91241e98c2d42790cb19,0.014761991838152,0.6666666666666666,0.1944529308432097,0.1537432316690819
BNB,bcab53dc014167a0cd7893553180e7eade231b07e441d1515148c619502d5beb,0.0044564929633204,0.6666666666666666,0.1773087067806014,0.04456537164280792
BNB,bcc9fb3a332da2d9ffd2eede6233dea60ccd1e89bf23be605579a49a2b2b71c8,0.0241537864478213,0.6666666666666666,0.17982878278854406,0.05970216961960615
BNB,bd0c624cd468883db9c02309efe95182aa7049d0383f84c728f1f21852d37eca,0.1061275630089927,0.6666666666666666,0.4362956602972395,0.561612311797211
BNB,bd3bb6066eb1fd4a5e9c80db34aafc992620360b5fd598cdd523a40a6d13cbe4,0.0112991459312435,0.8333333333333334,0.1841167411638531,0.05915694597420701
BNB,bdbe8310ca7bd1ebd5e20ba254feb82a4b05d9bf133ba4d2af448188fd8d13bb,0.0106230364731116,0.6666666666666666,0.18956317089657249,0.10251358577687592
BNB,bdc00204fb605c2ecf790b71c4fcd529dea8f3e4dd508c6d411a9381b6172c4f,0.0321291459515811,0.5,0.22714500673033458,0.25978577306623846
BNB,bdd1fa305c08c34129ac6d1967b4d859ca15f2ec7a45b6cac3b853a498956819,0.0180145840844399,0.8333333333333334,0.17204375603390168,0.03070513220268507
BNB,be16ac83e3e0c7374c2624fda8d4222e4517a5f13648149eeec6f2671193d503,0.0293787914200148,0.8333333333333334,0.17812075799370794,0.06753252161160793
BNB,be22f06b89a4fb56b0dbbd60ce5ed234eece2abdceec574625c76b60cbad7b78,0.0307102036505715,0.6666666666666666,0.1757408226361637,0.0438635907894386
BNB,be3770c636f0df1a37019be869036f942a5ac5bef01d7704521093cb805085fd,0.0170452453323285,0.6666666666666666,0.1779499720723359,0.08143558357682926
BNB,be48fe27fb6c9aa05a53a7266e7063e9e9b155ccaa7b10f35fcf43505535714f,0.002401114389207,0.5,0.18849794676933893,0.06801302566037593
BNB,be54320bbb23f21b9f1c658d2277199ea212f5c7325b94ef92bfd1634342f85a,0.0569783112589115,0.8333333333333334,0.2170898438863005,0.1731780957289362
BNB,be675c8f21a665f8f9262cd6e5348483c381e24950feba77cdc4133eb6819d68,0.0151519695465222,0.5,0.18237212014263285,0.060670746184891745
BNB,be9e5ca85bb8da43fd2ab988f1c416a8655f59f890b6ef63286976d71874cf02,0.0273537474123921,0.8333333333333334,0.17673813391082568,0.04967307423093328
BNB,beca4e8af576c67af96c7b78f0b0cea5192ee164558eec732e8f27312ae7e3b6,0.0248810991392956,0.8333333333333334,0.17341032024751624,0.02713035558010544
BNB,becb5b6e94b3a7628ac11ffc517b9d5c49309945e790e0a4d318402b3909060b,0.0082312786611417,0.8333333333333334,0.1937264637539651,0.0709782289634028
BNB,bef14b0708535b38dc8df652e1500f6151a3afb6e1a65ee540d1e82c0b26fa35,0.0072210745291616,0.5,0.178565007159985,0.04252205440101346
BNB,bf211c261456269fcebf647245163ece9efbcdca37cc158e8e5f7036e035e0e7,0.0614618838120501,0.6666666666666666,0.26031579522999765,0.3170611712371776
BNB,bf5140aa28af151d7d381daf6e9133191a79a530d6e9a9e582e2568c3f43ec95,0.0113792983057358,0.5,0.23531225011871826,0.2458759265273795
BNB,bf6a429f4f27a20b97efb29657f8ea437deef5d12dfcbbafce89a0995cd2f1a9,0.0445004806627256,0.8333333333333334,0.20255449770556128,0.11067835731673202
BNB,bf6eb9dafe0b8d0fe8c6d07ac68a3ca6adc18041b8a09fec5b074709e8282a51,0.0511565053275755,0.6666666666666666,0.25504405812886205,0.2473573339745849
BNB,bfab147f9fadd6efdbacbd02fe7c13aabf89d0f691f613d678ceb2d78ef9943c,0.009480039883606,0.8333333333333334,0.19671721795203795,0.1140435143612775
BNB,bfe21bd67e4d3590c0d64bef18821a35bf995bfde2624fb9faefa759caf97d69,0.0050669934025357,0.5,0.1866235259377555,0.08405388607235056
BNB,c000f890babb018d68d04bfd276b1d81fc6af66d71137019e497dff55b77e24d,0.0392389052664288,0.8333333333333334,0.1801262095482579,0.09910203909130894
BNB,c00df1e6f82cccf4534f6e36607f32ddedadba5c838183357816316a3a1efcd2,0.0015248333639381,0.5,0.18621727795995366,0.14153472215394086
BNB,c02dec456fdce114b69f66fbe470ee737aed250322ea36f074212d00bb4d20a1,0.019457949072707,0.5,0.20291094649194363,0.10710368887635997
BNB,c02fc70349bf1f9e72e1b93d9a9bf6dad256ac6b712b4124c6e0d094fa9b2862,0.0124233251679656,0.5,0.18682905067436464,0.07746735898747018
BNB,c04fcb234b0421bdb4f079ea8dcff6592b90f6643f7b0031983f900fc5e892b0,0.0517031318053889,0.6,0.3820252475242912,0.4928548391536063
BNB,c053c4e8aadb2629c7c4c5bb1f8d5899f35ab37067042a7f4242a1b3457e53ba,0.018337968317071,0.5,0.20190993002036386,0.2559979346947269
BNB,c06299fc576f14b9dbe8f961149521ff200fe0078ad4601ebda81d37db47005c,0.0002105953403577,0.5,0.17497375612692442,0.04605427698396923
BNB,c0d53c6905d27c5c4cca6db713e53611e7b7c13d570a52591e34ca10560e6b10,0.0075212172265833,0.6666666666666666,0.1832477825161616,0.12918612828075812
BNB,c0d8c9c0e836cc791dbd337e2744daf10d0cc3040a6d56635427df4ca0a66e20,0.0079444532688955,0.6666666666666666,0.22004499726253315,0.16507101745714875
BNB,c150e31713e4aeeab2a760dcff82517a6548c319a927d624de809d6e69f18e3d,0.0698898605841031,0.6666666666666666,0.1892112699583657,0.15844474152695265
BNB,c1a9ce5bf694f80e2976e5feec2bb52b48329a1d620303b8f9a6b9cb372f69a4,0.0026043681655939,0.5,0.20836396170735882,0.11872115712639182
BNB,c1b16c2a6b47691b778b7a35884c2ac3bd005450d701dc1669c3d51c0bad6b49,0.0187811529599955,0.6666666666666666,0.17807617713815171,0.037178739979459044
BNB,c23048becd0db6a96d05938702d132cb44f7200f90e623e424281ab9a04d787e,0.0463592528293599,0.6666666666666666,0.1813356211283196,0.0921858493572664
BNB,c247cc78bf3976f32dc295ded2bf913999aefad1064478cf7867f0215d551102,0.0013447483920661,0.5,0.2043132920142246,0.17589172067043363
BNB,c26d111368e34c04fa42b38315ae61755d61823cc8bfa8ca1da53a934d9303d4,0.0239538094883008,0.6666666666666666,0.20275291486317862,0.1457392102682848
BNB,c278c73928cca75274beda11dbf0979744d801d6e724c6c2ca2ec9fbc8673c6a,0.0321543141107058,0.6666666666666666,0.2131968846088505,0.12745152729205486
BNB,c27a716250099170b9e75c5a00c44c2b1e9677d7b09e21474546445ab8235902,0.0687306039808184,0.6666666666666666,0.20090452327876485,0.2409323725914251
BNB,c2bbf380fc446c766b9d32ef9254b1893152871a3f6c62489022e071f87426cf,0.1323468733055447,0.6666666666666666,0.28300517309440715,0.6822301718261868
BNB,c2d32cc432028b82f98ebbfd5405ee24f74b49ae0e94d3bbf29910f2a9b9f25c,0.0430360583867633,1.0,0.23828235459185948,0.1834748399668124
BNB,c2eaf3a9fd78f9373dbbaafb924d5b6bd1a6f07bea18c8d0d8a25c941153288b,0.0117502956866212,0.6666666666666666,0.17800445938541018,0.06905459122075196
BNB,c30c60000f3390623aff0f9101d270eca79e9dff744b82fd20358125cef80521,0.0009270136142526,0.5,0.18480550236564358,0.08185547341930628
BNB,c39495e5668bbcf50b6503119d4c7d147e4e08d3b88893c0989790a927ac990b,0.0318991875580246,0.6666666666666666,0.24020359254311305,0.20209248219248058
BNB,c3bcdb49240df1d30fe3f3f94f062c0eb43f617f3f71dfb6486899c09515bfd9,0.0031371154791779,0.5,0.26192049966687303,0.23705902569927131
BNB,c3c2209837ebfda8d63aab523971ac7e98df0390a6cfe722739e9e735ccb73d6,0.0050080282666478,0.6666666666666666,0.19209801013959146,0.08810723001683099
BNB,c3d980d85c52289faacd238bf8d71c37255d4891c32e804b2c605ba47dde85da,0.0257483172812621,0.6666666666666666,0.2561926883386954,0.3080055131734443
BNB,c3e19ed9ca72d660c7fe926c87a70352a205eaff403b9cdbcb8ae23600debde0,0.1931237237314481,0.8333333333333334,0.2442713592330346,0.49173438249068235
BNB,c40df1c35c6dd2f6ca3ed17298ce79591deebbe45b1c55acf8f8a5cf49d4be85,0.0107766563720407,0.6666666666666666,0.17713201514349988,0.05342523857621827
BNB,c450bace0e7d42fdb7c0990fa60b2286aeab3f0f079d07dbbbd21f46f09a48f5,0.030491780233321,0.5,0.3474210840032623,0.5283773015044525
BNB,c457c413075837526e5beb104535d56c0c9c38dcc2e0326f7634a89f8c3214a4,0.0079584365596019,0.6666666666666666,0.19119795500686335,0.14103925853648955
BNB,c4d797c50bf164f45e6d1d639e36730296e1d790024703a1c0a5c370aa854d22,0.0094232774418143,0.5,0.20320049248159694,0.1737844254558587
BNB,c5034d32e3e30255c094ee8aa4cb6f47e8d9c4efe59674d0583f07c8ce716847,0.0182232820364465,0.6666666666666666,0.1819383473861658,0.052166347336557325
BNB,c5045852294b742d1ed9bd595adb3b75696458dc54da45408ae3e77a0c623175,0.0345268308328097,0.6666666666666666,0.18171406462346879,0.06542369820883905
BNB,c5066277ef45bbf6b28fb2dd32f05f0963caa52ed4b44b29d1431b080af71b94,0.0313238720543955,0.6666666666666666,0.183090947384338,0.08522928703512554
BNB,c50a052a48dfc075fa60e107d091daec521c0376c81c99be6e07514216e3d9df,0.0199335488706287,0.6666666666666666,0.19738277725382977,0.10799620917847452
BNB,c5483962cf8588b042dda74cc774ee3179cadf314f982ad0b0ce48e44e425441,0.0193562744309503,0.6666666666666666,0.18491947972157907,0.09043452471100163
BNB,c5b51e8be9428982de6ab038fe0196d3f282ae496fac7092b9561f3fa2e0eddb,0.0327549769317762,0.6666666666666666,0.2094109546322209,0.14405086744754017
BNB,c5cf116e0c496056879312cb4350a63ae608dcf199b5fa493f77432727d33a86,0.0144692408914004,0.6666666666666666,0.19732480374130523,0.1552890122250347
BNB,c5dc1b35e0d43fe903d47024988adc7cbde1360578679baee0afb04037420411,0.0203783792725139,0.6666666666666666,0.18746618556809738,0.1082365930882296
BNB,c6065f5b6cdb705e8c18ef3b88dca3985b3822e5d3d5557a906f8eb32b068d85,0.0042605041295887,0.5,0.18597989821655636,0.06417659977918293
BNB,c60cd142f5683ef05ce0c6778159d574111033d54812a254a9d436c8f05e5928,0.0242700861126623,0.6666666666666666,0.1993045757700237,0.08873479631225073
BNB,c65bd7a48fbbc32d1bee339f68ec1e9350a864bc5c93bee78ba1e1796fc32ea4,0.0099335164753397,0.5,0.20702574520111294,0.11510349177732518
BNB,c690632a912ca3e1757792dc4a28ac0749cbddb122df09654f9f71da2585c2c9,0.0076561483332524,0.6666666666666666,0.18068748509048232,0.10110666851699925
BNB,c6a65ada2a1c65c39773975909ad1431de687ed81c06d245b6db48ed0aa173b7,0.0136814121643679,0.6666666666666666,0.18197173777576894,0.06865769032203128
BNB,c6a7723615700c74a8caaa1edc62443e22a7e363a041b45cc84cce2a8f6197b3,0.0161542900101088,0.6666666666666666,0.18457986641814722,0.1299983166628687
BNB,c6b5d4ea39598a6941c1529426e278fa6b96ad277c0edd3924489e7aa6adeef2,0.0118893051353111,0.5,0.23343297261593673,0.17094049485754334
BNB,c6dfe8048173f720a0b23d8a3124167672d78570ac9da9eb0b57560bc41f4a5c,0.0009687253754969,0.5,0.1794518845839913,0.07904600832565045
BNB,c6e344307e3a6cf4ff93d4677bb618cfba4e27c420712aa6de29cf854e2e7f56,0.0146065517454107,0.6666666666666666,0.1749887431809142,0.03741342262247505
BNB,c71f3e3157eee1bcb8b6b35bf5575911872994bd1387be58d141c46651ab6d75,0.0537446747252845,0.6666666666666666,0.3567193997919459,0.5785028012657899
BNB,c720927c230ca9ba5e7a264fcbdc2f96897765a4a6fba6d7e79bb736a06c5808,0.0741620190740503,0.8333333333333334,0.4302521227704056,0.5513340164807266
BNB,c72a852f7bee56a4f0670b3341af95f4e1053c36aba985ce411b68a575698525,0.0166680434514914,0.6666666666666666,0.18019832044175702,0.07285307810124847
BNB,c757a94bdb8808954cd4cd644804af1b86361de0567b2c27831f931236293c25,0.0179391015196092,0.6,0.2541063354555683,0.4001714402660874
BNB,c75d76610f2a1fdbe60a4587cc04c8dad57dd5395b4b9f6797af9e2afef870bc,0.0079251807572925,0.6666666666666666,0.19341147311531734,0.11395769193765755
BNB,c77f21acec94b47c69773d78bfd86a693e29a61381ff94e0223a7121e12ec7c6,0.0893219170693789,0.6,0.30947363784172705,0.44052697882577874
BNB,c79cb1fb72a7a63f62f13ab1ab3eeb762b1413914cecc5f7cf31a825d3e830f3,0.0056192172316917,0.5,0.22075209870364548,0.16871948141320472
BNB,c7c801f038a23ffd96e8153ad85c32a9a6e70010c4110fa4c54bcc8073ed1b9b,0.0014973696476923,0.6666666666666666,0.19391740273399266,0.08919481974014017
BNB,c7d2fb117ca76dc77038908747dfd09b7f957dbffa44564040bdff098d328d23,0.1160914288904651,0.6666666666666666,0.2565681685114231,0.44244856112041275
BNB,c7d511bd9ca27a76913d0da27a0c79e1bd9bf9704b96defb5b3236a230c8b9f9,0.0001019577340762,0.5,0.21057626072291416,0.23259675328922794
BNB,c7f8f440c21a729825460b6ec732956a4661bd1972036f90017b96430e799382,0.0130141618745768,0.6666666666666666,0.18143403661154853,0.07259878122489404
BNB,c8dc36725adc7dcd641b92a1511c35ff9681dd95dc71351adc7484657387cd1b,0.1252686622307557,0.8333333333333334,0.2309304220880664,0.4646666471403216
BNB,c905df5505b0517090db1dec20c9e1110d15a781957fb6430d4b0304a81c8cb6,0.0054182630252426,0.5,0.1771263791241274,0.04433994368861651
BNB,c92019fa4150511f22a09de05796d0d4801c521c5d1a743e75863adf5ca7c14a,0.0101060737608798,0.6666666666666666,0.18798420027402749,0.08385344217119443
BNB,c931e181298723bcc424b6c73860d1f1c7d139c55e4a5333d45a8b30c4d59f7e,0.0243147942961047,0.6666666666666666,0.20075192289274743,0.12115068695374621
BNB,c96f8b657b528c6c9241e4b0de16316fe79ef0e367a3e1240ca5feaae5cc852f,0.0009556677180075,0.5,0.1960419550548045,0.13575766814608348
BNB,c9d3ef8961b47fbec2f04efc328cc75e9945db8b40eb79fc206b97804ddf05fa,0.0351528497734101,0.6666666666666666,0.20197552131468682,0.3320540245002704
BNB,c9df2b5da5e8ad92844d484c82fa6c132665c7207746bba47b46e3ee47d74130,0.0364194849680769,0.6666666666666666,0.1886598437551693,0.09292482934580416
BNB,c9f71d9492732bbb21bc806491bd17381f729a205b2f294e9b7000939daa145d,0.0014845826950695,0.5,0.17364002707558737,0.049843993083743786
BNB,ca177ee6995e4a2f46800e2b9242ceaa37c0d7056c86ce0233fa6bbd885e7bb7,0.017430221531949,0.5,0.18109096193956328,0.07285563838662044
BNB,ca28dbd54e9d790851fd69f0fb4f56e6b199fe8923bfdad6b55a96104d018864,0.0138046985617084,0.6666666666666666,0.18488193725900062,0.11162689766636587
BNB,ca2bfcd1c8c56e0fae9a05e57226305558d3312113c9079c1ef043a8625d01a6,0.0009178986039056,0.5,0.20866921866355867,0.10900238358860354
BNB,ca7e581027eaea85685144102933430183a2dd003be5fff3c617f2ec924ff965,0.0117149512438665,0.5,0.20686930351864255,0.1244085326872717
BNB,caea08f6e37bb39e6d1e72bd41ca3e810281c7a7d86db7452a81c0bd1bf16e6a,0.0007212825235232,0.5,0.21999984531316005,0.1748436677450063
BNB,caee8685360d452a207440d88e71cbbcbbfa2b7024da367c4eb8646ab26a499e,0.012987905333347,0.8333333333333334,0.19400304752860673,0.1413271148086352
BNB,caf82726925c32b9e745f48be5196d44445a285904d3597f2c30e30b25b9eb4d,0.010820951957767,0.8333333333333334,0.19426930065306647,0.11722246273887722
BNB,cb0e75d28b82a1c65bf183afe90668759f2b8be27b20dfc8f2306fa843216511,0.0021364463315922,0.5,0.1837249860071838,0.11849214309615193
BNB,cb15579cfbb0e6109bb9141df7d6bff01c124741b8dff35543e6f2830fa12166,0.001762459006179,0.5,0.203304284643632,0.10540757248747594
BNB,cb6cf1abb412068cf9ba24bb399d5c02213a72e73ad50bd6f19a4c5417bccb5e,0.0043895894227359,0.5,0.19159068304750737,0.09348307063272332
BNB,cb8abae128372fe011583bb3535c61418e844fe8711ba10ce32392ea42567200,0.0003404429137503,0.5,0.19417152044240105,0.09274278001832353
BNB,cb8e60e85e355555c27499a57eb4711dd01afc2b16fd7e36bf1878c6f84b4fde,0.0137640059095284,0.6666666666666666,0.1779373899373702,0.08973009085191788
BNB,cbb7b5e5d487a5d7322587478cc92f99be94e8a6d2993dedc996e1e195834d64,0.0040433118276512,0.5,0.18029765595151412,0.055934956651390526
BNB,cbb7bc5ac19486933213fe25a36b43134c2782f9308770ee566fcf2ad8ebbbdf,0.0009280890743419,0.6666666666666666,0.18099453849795405,0.07264452460912761
BNB,cbd3d2c664fe406f351cbf2a0a7286edbe3a44d01e07a766cfbd6ddbf6a660a2,0.0280942949027349,0.5,0.2323377897734815,0.3120960516057925
BNB,cbdd63e3e8efc45b48669d21ec28ce092dbb3af67b54efcdd26cec5f76d64462,0.0094232774418143,0.5,0.20320049248159694,0.1737844254558587
BNB,cbf505881610260752eee65171ff750a89650041d6b927628d3c4ed12822f71d,0.0156595691681417,0.6666666666666666,0.20805001709373955,0.11141107288574287
BNB,cc212d36b11a7ed6f58eda79ca036b71ec13adfed1a210579cdfe5b9f177bf15,0.0149661713487199,0.6666666666666666,0.2039656006836941,0.14434867800245368
BNB,cc559a7eca90a52baf0b8efc987ce0823986324ab330666391de871e15612eff,0.0021421724431957,0.5,0.18433246655827804,0.08254404911336141
BNB,cc5ced8271629c760f81e378974082b95425c7e7a164ee2769a2321e362ffbfa,0.007801721944125,0.5,0.18801881672774884,0.0856962699235196
BNB,cc7af7d67fa437e77a5dd34026ed08a85d5e073b0f1f093e65ad0b93ef29b834,0.0084757910553188,0.8333333333333334,0.18517218062304522,0.07032700006111117
BNB,cc92dc14fbca9856ede2a5ce6888773b06f1d34f3771f3c26924fbeb2bcdd647,0.0038261512743146,0.5,0.17649418187538105,0.07507330070841679
BNB,cc9a0b18254a9c1ca5f42fab9db4de466f5c699958ddb600410d160d030a53f7,0.0131969903395936,0.6666666666666666,0.23494169206768287,0.2052330416591565
BNB,cca8079e6ecf981293904a01fbcbe4d395d40920f04f24b32c9d58d32575033c,0.0120439065324524,0.6666666666666666,0.18500947659442815,0.09332829613012013
BNB,ccd1160ffd80f007a5af50886f5de6899fee65939ab40926648984e60b5dfe16,0.0692319982467008,0.6666666666666666,0.3182911771405422,0.341674007359172
BNB,cce1e7351365f01f200aa16dcebc215d491b91293b884ae2752a378865ec3075,0.008078025162577,0.5,0.2012495393293507,0.1580788868218202
BNB,cceeb819a161ad181e2a3935842580c1bb4e0c9f453ed18324b0d6043622211f,0.0260271332591574,0.6666666666666666,0.20013424489412682,0.10466939266589557
BNB,cd1badccf19628f2f61d4cf0cd7c921c4b14ef3792ac6dee9874240b52fe9bf0,0.0125061505968868,0.6666666666666666,0.18205827380419734,0.06378340278099022
BNB,cd30ff402dba2dbd3a0ce2a4ce044f09bc92c1cf8dcf8497ab44ae4526ed788d,0.0179919723083593,0.6666666666666666,0.23190827346809811,0.16011698830673285
BNB,cd4bf49e12dc3eb6ef3d256c182e92b75f7f21c76b90333d3efd81553208b9a8,0.0098587011624051,0.6666666666666666,0.2384268419797842,0.20242322131582877
BNB,cd78ba9fda5316c52f9e1f4d773e76bb22b8a3ede60f47f09e301736f65d53e3,0.0073093522239103,0.5,0.21093629360475766,0.11641230201685372
BNB,cd8602bb71c6de77483200530a4fe47ce1a6084e5d2400624b55cfdbef31fd05,0.0353833940518019,0.8333333333333334,0.21177861757494423,0.18501212929932573
BNB,cda7f0b1c569de442704df077160f9b2166a791fb6c061d254f266875f573a2a,0.033843764245894,0.6666666666666666,0.20242322513251249,0.11984417070562363
BNB,cdbd3d3fa4fcdd2a18e53079825d58791679a5c4fdaa7ad7510ec88aaba67ec5,0.0292318122475511,0.6666666666666666,0.24430866369634271,0.2136019610192705
BNB,ce22e699992d09205ef5a65a55d9304ad1060fdf3a04c238eee3aeafbf83cc38,0.0219583497404528,0.6666666666666666,0.2036529064837668,0.11604699383690416
BNB,ce507375a28731915a9a830d718be42eeaa1b245bab6aab93bf217b25f181964,0.0256253064189763,0.6666666666666666,0.2319055040965714,0.1691514824008875
BNB,ce74dea459c1c14b48277a0f2a591a3296f9f6d485630dee41b6dde0b1fe1449,0.0022327062034709,0.6666666666666666,0.1836685310071582,0.09073668110934818
BNB,ce7ba189b4f86abe65e002405c50441df52615db5404507e3b4b15db0ccebc92,0.0097335898380973,0.8333333333333334,0.19739052509293017,0.1290115514126525
BNB,cf2f2b368a84cf7e67c252879c680830f8d7f7ca4d0cc172043a39c491b5b6c2,0.0163182679658766,0.8333333333333334,0.17382418953970327,0.03285508946110668
BNB,cf58c69b35a019954b43cddd1a727463d65b7fc1a4208a48c472c489dd0e2233,0.0210554607410995,0.8,0.5062792493704484,0.7751949406255066
BNB,cf93f317bf3bcb4f653fb43a0dad7ccbd6399fbb8e5d84fbabdba218b9e46783,0.0068432188545968,0.5,0.19547783391671186,0.1473938115656992
BNB,cf9a2514c484f226dbfde34e2b15ac1422f200497cd9ab6e6ee9b5145b6ab2fd,0.0114751815157625,0.5,0.20541779221876907,0.18629171542187492
BNB,cfadd64042dc9e8d9974fd83f6dbcc6ac0bf51339b854a1a41132b0e7ea53c5e,0.0097974351514266,0.6666666666666666,0.17913715094752503,0.08549130558279956
BNB,d02caabffe7e89306fa15e78b52c5f22dcacbbaceb2e5c0c22a2f20c89a6c3d1,0.0258352848371959,0.6666666666666666,0.20579210604034331,0.12705705837244194
BNB,d069a6b28e683b2fe46662378e53aff91843ca528a055aa057939e37888aab13,0.0690445191639717,0.8333333333333334,0.2059280549789086,0.1573069564518501
BNB,d073f94827e51f4fcf58261cdf6405d0e5545b2b6b4822b36fc2567a1ea37acc,0.0170151565583009,0.6666666666666666,0.18315133885151616,0.09917353446337555
BNB,d0953b2086f57141c9850c804f658d6f0b3a622036642bf84c430c7123e81ef2,0.0156503019474641,0.6666666666666666,0.1759620019365403,0.0917365160824648
BNB,d0cf12121e7ad0cf74e52dc5260b100663b796c3bb8ed1b4dfbc4441331f4350,0.0085764565502609,0.5,0.18978666374941225,0.15426320668998025
BNB,d0dd7cf4a1ce3798734422767ce7115a5d851a32fa744787f2a7492a654e91ec,0.0382159337899496,0.6666666666666666,0.2250407752368303,0.1491307843313141
BNB,d0f8719573d92f13a11d3ce44e0a7665bb650c624a17aacc5a1fab1b6c626e92,0.020441334398602,0.6666666666666666,0.25691584946081697,0.23616246247213094
BNB,d106d62e30f146174a1e2f7617e832e421be9254f92bf3d9f764a48aedb36b8b,0.0631774800921118,0.8333333333333334,0.1795427892530434,0.05751339430874119
BNB,d12e553300b3fd74ae868df4a42516ad9b6502a5ef9429edb928a9a982529d01,0.0238901746401473,0.6666666666666666,0.20287837639564096,0.0985087381079521
BNB,d16351ea59f7feaa4dd5486667bc086e554e7abbc7020839fa5665a965a25c20,0.0004849980375075,0.5,0.178781234280169,0.0548526781511216
BNB,d183aaf0ef3d677f83a919066b37ff03d25fc0f867def92a2ef4bceba0b7577d,0.0172579010026957,0.6666666666666666,0.18370672379336533,0.10456845860528431
BNB,d1cbd02fc4f1f602d0058198a49986168f7786f238719e6947e27c6ab96cf6f1,0.003148348951754,0.6666666666666666,0.17663248703246484,0.05266625767068481
BNB,d1df0c711ab0d89e8e2324e579e89a16d606bc7b50d9e2ce7960f6c3635e8474,0.0141101713643104,0.6666666666666666,0.1779533661726197,0.03606397923054156
BNB,d218d0f8f43a62fc68cca0c7987932fde33c73a7d9b0184145193cacd67daf55,0.0013038069316431,0.6666666666666666,0.19431770897867873,0.08818596004254188
BNB,d224f1247e00856200a2a5a57c1d22711f6a3c64ea711c3fb7f40c219fbecbaf,0.0008553262274349,0.5,0.18929638316862366,0.08544905985344137
BNB,d2524103f4e113581ae664226c1eac2e780f94bd6b1d884958a1555f374b3da5,0.0002151385227584,0.5,0.18124377427730737,0.07939617847016021
BNB,d28789d6ed121ef19adf97f9bb113ded7fedc6e88c048f91b90477c684d50c70,0.0012473403103122,0.5,0.20295479992475746,0.09750195472996538
BNB,d292a0cd6ff10bb12cba71eb9f3eb6c593c04a62d933ffff3df61b254aa92d97,0.015110007927599,0.5,0.25232284406644667,0.27856100561088004
BNB,d29e485c8ceb19f9783b6cd5bb1e33821611d1ed490103dd9a217da2fd702eed,0.0144802847665167,0.6666666666666666,0.20235082536701676,0.1491289016903037
BNB,d2c6bf5834e01df6139ab9b843fb2c27aa9a8f727ea3d765b8422d07813e1316,0.0066384237648466,0.6666666666666666,0.1764931336894896,0.08265028849907147
BNB,d2ea5711a9c2f2dd00c04175fc0d8aaaed47b7d4608e7730bf419a53bb48d277,0.0273133560188171,0.6666666666666666,0.2338116212135184,0.2358658772016253
BNB,d32ebabe1efda9b17c2d576cf5f4d02a927d0e988ad1c1f17dd903d290896d57,0.0318102998241055,0.6666666666666666,0.2176518831191078,0.14300684358647903
BNB,d33081dc91aa403141a495d2cf4be9a564131de716d1e9f137c1bfec8117b1c2,0.0110326282488428,0.5,0.19471289058446348,0.1480507311011554
BNB,d3546604fb6d884ac0fd398128d5b881331f316ff26e9eab78b04891d6a018de,0.0634784542789057,0.6666666666666666,0.223832272878189,0.30030878742813577
BNB,d37c84560e8c1120a866290d9b6f11bd98b4281a8da11f36ce097201431fab13,0.0365062525692025,0.6666666666666666,0.19113656670413184,0.13232622029603763
BNB,d40d0c3a3fc1937b05c031a17325e17e9ab9ffacd5704331ff5c2ad7600be97e,0.0102428652665778,0.5,0.20108424281911397,0.13850528473383614
BNB,d4727de0a9a179d71ab037b10904ddb78d5e6dfbc40630195797e1f9d0c61eca,0.0033123530515653,0.5,0.18707493038093417,0.060113506330861995
BNB,d477c0e3ac94fa4881d601b1c67ed7d077bda1a949f92d8390aaf088a20639ba,0.0644892048329603,0.6666666666666666,0.2370383146741964,0.20957050991581486
BNB,d49a2bd5a0dcbf9549272ba50dcd0c08b766493d6a0c000f2ca323ec8ab06e10,0.0327229956922723,0.5,0.23181773684869236,0.2607935564804529
BNB,d4a3f297f662c36f95b75e5b9af133ff0229e1f879e023e199ffd783169ee467,0.0027022419750195,0.6666666666666666,0.1947668726632749,0.10662175921771083
BNB,d4bbfb2a652de9be5a23aec71387a37899a521c5d5c2a278cfcb468085a1946e,0.012686120599657,0.6666666666666666,0.1885968952803403,0.0754414210655852
BNB,d4cde54f573d599d2f6a2937572e22765c871f8d368da70ae3c3d5ed2a394f66,0.0376020706706698,0.6666666666666666,0.20828743927012508,0.18992102182208262
BNB,d4d5d5d931b6033e8c721f0c73647d5f35419709057b7e5e2b15dd379ee192d9,0.0632247035125615,0.6666666666666666,0.2501857187755839,0.2649969296740479
BNB,d556754487c542dde525a7f20971c725c86b5d6ba7740fe2ff50080295746fc2,0.0081429923903816,0.5,0.2490348222884429,0.21292024421252154
BNB,d5aa7a4bc8abd4baaf41d62ccebee48dda24985fb39bcbdb2405a02a28c707e1,0.0052703403993099,0.6666666666666666,0.19263294029108388,0.10896895645847511
BNB,d5dcc407768b1fa9c354e525d89e133929d2f9e061f79858d65976c6c47abaea,0.0188189419098037,0.8333333333333334,0.21025487301299572,0.11843490139462765
BNB,d62b9818a7ec4c15145cf930b74c4ddafc2fb0415d65fa60601d2fbfebae6057,0.0351399037160953,0.6666666666666666,0.17946849656947012,0.0527790088536534
BNB,d65081d31cdfbaf1e56b6852e10bd687a5ba2a6824898ba7ee7440a1a280c9ee,0.0069420822810409,0.5,0.21245270416772286,0.15967351746484712
BNB,d6bafcb551f58484dcdc1d97e6daacc11ea02186f3d165beb801f3b8eef00f0c,0.0245444344191819,0.6666666666666666,0.17723545492557446,0.032937506506145
BNB,d734b6fb275ff8a4afee8c6067a8f19663ba9659fef6a9508ac4ee2cd3018ae6,0.0085345122150409,0.5,0.1771389572840522,0.10047095535045539
BNB,d783e76ed9cee852d701a50780e9e8e28f4cbe51f557cbfc2a2a24b302a57284,0.006202580663306,0.6666666666666666,0.18072571718133978,0.0595238428192119
BNB,d7895c8c15159f0a8e894ffa75a6bc42ea9e1b3421fd90a6c76d6bf8a4df39f8,0.0069495144591399,0.5,0.1894795504117015,0.09696290699088991
BNB,d789e2ab29440ad226c450a94e28845cf87d1b3c419e5fe3e3f3f3e1683ae2f7,0.0420908313479415,0.6666666666666666,0.23321905283295258,0.19970152044823858
BNB,d79d80287616d97963655340f38c215b3d15bedb20fd0d2ad512ee9f6cb0f9e4,0.0201407678095426,0.6666666666666666,0.19934736384879698,0.11263923736374205
BNB,d79ee97467943d4ad974cb9ec2421d36477006fc2861c187f778a2bfaf6a0686,0.0203291408830878,0.6666666666666666,0.1920556248501438,0.13565409768375633
BNB,d7b618b188b6dccb5935e5885548357ea8ffb3e07f7f8e977e954b99c310c8df,0.005822082238537,0.6666666666666666,0.20655925686027732,0.10961882447365963
BNB,d7e5471779ab644c033defd1521c55e2cddba09c2a2d6bb745d7d7c3958eefce,0.0033149007231223,0.5,0.1869734293937292,0.06308086806068601
BNB,d807104a15fbd3b0077fa21d968bdf79a21fb02e516df03156e9bd4ac597c8a0,0.0374551645239643,0.5,0.27005839753249533,0.2949466425153202
BNB,d8391f9ad7c80693bed21a3194ed066b461303ce0d40ad84511b4951c1cf4acb,0.0448319990412894,0.8333333333333334,0.19158367328513912,0.07317989479019242
BNB,d85bb55d80a44a2613c7f292374d5ddc8651d7b8960d2307fa962e27418a2cf9,0.0169777226184505,0.5,0.1853129980147902,0.10712708903625837
BNB,d948d173030a5af6fd8c915608f3e760db671af2d258e67bff55e6c9499fadb7,0.0818729520883108,0.6666666666666666,0.3079389193376197,0.7965490782537772
BNB,d94aea7d7b04822a44880be4301808bf31d927db5620708eb3ec91dbdd2a4abd,0.004280623375527,0.6666666666666666,0.18487103475762606,0.08847387158282055
BNB,d9655427f164dd175caa144fd4411e4c80339e4da9e41abd9c36f9a5ce4c8a60,0.0047547546678933,0.5,0.189448363874743,0.07902501592336354
BNB,d97b7631d063e09b6a1936b5f64dd6e054fb881b923cfc7cafb2cbeed8d7d3b6,0.0078533407910894,0.5,0.18082248636288578,0.05729020076811791
BNB,d99d7eb55964c7488e640707aad90b81d8afd3cc9f042669afeed2da91aaf69f,0.0157427767673836,0.8333333333333334,0.17961286117409847,0.054598972632424844
BNB,d9f93ab9b3ef26f38ce6e14500b7c4dfdc521513512c5d7a8ea79f4cd7d7a5a3,0.0014072656387958,0.5,0.19588054364515586,0.12695139116916507
BNB,da040fa265840a6ed02185b9084b41b4a3a5eacececeb1236a37a5325385271f,0.0065971631544405,0.5,0.22180754787423534,0.1828571006713593
BNB,da3e19c5c6c26bcc96ec10845acd19aec3774563a7470dfee0536ddedee7fc64,0.0105175849002776,0.6666666666666666,0.1857563180923103,0.08192779212310336
BNB,da41c043a7877c316f41757b6e87731fd3422e63bc02513546dd94c4d64bac7a,0.0286623774691336,0.6666666666666666,0.2100362394873657,0.18385576721768046
BNB,da5105698603acf1a62a00916b9a49ab570e342908f575023dd9f96becc5a06a,0.0030292991526846,0.5,0.20359736126278344,0.12830334523535036
BNB,da6d87a8aa47eb72a2e12635fa97a889afe8571be0c7761812155af661ae5308,0.047249191694039,0.8333333333333334,0.24733272757049285,0.21730746941326187
BNB,da88c43fcc5b9a45d96fef60338e914a9e57488d0c0eef9795b4ea6cd201290a,0.0164907746665425,0.6666666666666666,0.19407208424257338,0.11009127998581353
BNB,da9e8809a4ad2cd5154246b9fe86317f66f995b091b2b0a882eae4294595b031,0.0425203732804521,0.8333333333333334,0.17689756517277486,0.05811625356167011
BNB,db32db085055ed6604d08e268e84680e90aa97ce6b69f6131e549157b0681ca8,0.0014494196062189,0.5,0.2033425146641896,0.1706947090407545
BNB,db396ec2476eaf1aa0750e869e1dd373c5b81fb6d783df92a6140d9a1fb19dd6,0.0296333989275819,0.5,0.29644913011651464,0.30753336932322883
BNB,db553b3205da071bc8d554d7bb1d83b7458b7a4658666ca110606a7f73071776,0.0255145820344231,0.6666666666666666,0.23384580456012322,0.23335766023409485
BNB,db5ec87cbdbc46f31555be3b44e76346463ea108ac1cc0d2594932ee5ab9e9c9,0.0215844163948043,0.6666666666666666,0.23635864530669082,0.2121900867691684
BNB,dc22006c8dcf8fc7e1c0d99eb1900db6778cd2b51af81d85bee777ade5d6440d,0.0011013569431577,0.5,0.19457780808724603,0.0824534950319851
BNB,dc4d0603cca74a6aafb260e22004634040301a2e8f378a71e700d7349eccdea7,0.0060797786684323,0.5,0.17806215911129458,0.05049419081715071
BNB,dc66fca4c43077ddd60c2d1c9deb117a1e982ee7423f49a120f52223c893691f,0.0031287991122989,0.5,0.18039888974229154,0.10997717325147012
BNB,dc8246f04c2b4cab193f5a073508c231b161e72654751fc0b59cf47e7dbbe127,0.0032821124353713,0.6666666666666666,0.17258225106451455,0.02401179959640328
BNB,dc8dc638df2e6867a4fd33d09d9acb7029218cf5430e010a0e4913bf1cea2d8b,0.0322823134270196,0.8333333333333334,0.1760227388286343,0.04423214948893798
BNB,dcb1abc8601072d5b0d027798d6b494433919bacad21052a1e9769774791fa74,0.0015318643770239,0.6666666666666666,0.18297003330127218,0.06584586816582402
BNB,dcc6dc63de30822108fda2ae335b6950776a53d2b9e160c97c5ccedb6769564c,0.0017100337736144,0.5,0.21419962753303673,0.1588241008189957
BNB,dcebadc42448bdd1a91fe96f2b3ef005c582e727aa7dea4638cc17b34fce5192,0.1114063839723716,1.0,0.22658755383681614,0.17406417412402098
BNB,dd1992b6cb0fb634127f6148a7dabc520f1d808c2cd7501c48a27ade072a09d9,0.1379443138805328,0.6666666666666666,0.2382733675145942,0.5059856839847799
BNB,dd603c8242bade6d5b7de4195ce1a18a353ae266ce7f5f3279575a98b06c34b5,0.0150964341709488,0.6666666666666666,0.2346532773657569,0.1734209337664699
BNB,dd82a616bce98e7de353415b4db3b441228eaf9d79290f4fa680f04fa0974315,0.0021629186061893,0.6666666666666666,0.19189351103675,0.07533492311666933
BNB,ddfe8d4a1471eec86031d597ae1aeb0332a1c4a54090272983f437376be18beb,0.0912733828690043,0.6666666666666666,0.38705100192535163,0.5538437346628363
BNB,de2641c50ec44967a21179e2a826eaccf787f5502533ff6887cf3d3b2b537320,0.0352061754488672,0.6666666666666666,0.18394900856884797,0.07599430857210711
BNB,de980147171284ed81e0f4d3b1f716ca151597eccf9d6547e99257afa0f82088,0.0173049972160035,0.6666666666666666,0.18071439440007578,0.07787876723090079
BNB,de9ebe2e61833fc826003cb4971d5e044775bedd7cc476b53faa261086c6aae2,0.0023161785134489,0.5,0.17583662247495976,0.08222960484417617
BNB,defd1991ca87ee1e6be9dc307ec82085babed0a3c34a820ab7701c1765b1dc42,0.0323570347200034,0.8333333333333334,0.18282729424589994,0.19297988596928745
BNB,df6d307863e2d54133d9d6ab9a25ee9d8a2ae696f6245584b0723841b3026203,0.0671815664343853,0.6666666666666666,0.39273996563898195,0.5543563931587461
BNB,df7f381dafd8df567acfc8c1364d6008b35545e81b3b5a2839d9401e47adc504,0.0030874418236817,0.6666666666666666,0.17903702508654887,0.056475853785133465
BNB,e0044e84ba3c91da04b7981682c07baad2e942be0bafbabfd2dd47dbd494a5ab,0.0671815664343853,0.6666666666666666,0.39273996563898195,0.5543563931587461
BNB,e0093aee4aff646345535b140f24ae8f0cc46304ceff27c09ebf9b8b4dc0862e,0.0001426149977642,0.5,0.19579038466874504,0.20607251444070723
BNB,e02a75d3561e5b92e89088e32bcc06cc66c4a5aa46ffc72846b0846cb35156a3,0.0149661713487199,0.6666666666666666,0.2039656006836941,0.14434867800245368
BNB,e0353351332caad297c180cd5ce737e84f396795f284046cf74ee5eb61198569,0.0183580472897581,0.6666666666666666,0.2141714141802766,0.12044917945258748
BNB,e03c5fcccb16cc58c77b2156fbf1abb8d043f81422f714b0bb12ddd755323e0f,0.0090787659294568,0.6666666666666666,0.18112821801936155,0.04694641090979643
BNB,e043b583414b9ab71a69bce22ceac9d40e616c925e5311e5642ec07f3b88cd4a,0.0754188899594512,0.8333333333333334,0.19467277381852452,0.2477236770555965
BNB,e06c396654dfef4d905c52564adbf50eacdacc00a22350f61fa064a541f9b4e6,0.0019741199374948,0.6666666666666666,0.1845199985027353,0.07620937335945124
BNB,e09e2568af194582e926901de0f55ab6d7b9dcff4ca4561e6268d997adeca235,0.0087777025539893,0.6666666666666666,0.278580233623583,0.34778832518091685
BNB,e0b1ce717df66a986bcc21e3e8847ddcf487cfe6c54c9a6b2622a89c5c7de25a,0.0297825576771564,0.6666666666666666,0.19503151403606622,0.1023066494370976
BNB,e0b94a642343c8b01ff51fc217f56c35d5c79a41e59265cc0cadf7965bc2db88,0.0120287794831645,0.5,0.19213477888736338,0.09408807731214713
BNB,e0f5fbe95a7804927c3bd7508a5fc3d86ac1901b79bf1d1aa5946c08223e3bb3,0.0104471400503429,0.6666666666666666,0.18384671494055105,0.06940844737344344
BNB,e0fe4920d9890328e74095fb5fe8026a14af13bff759616e60853332fbb6d4fd,0.0338197630353524,0.6666666666666666,0.2053671640886118,0.1941878094784477
BNB,e100687978d13c67874ccb85d0c7573f564499513b32fe8a04a3c04fae6a4dd2,0.0218999537999728,0.6666666666666666,0.1947536539144888,0.1745246129419014
BNB,e130fb53e62cb8c85fee661712138576128cb91d1a9b25badea9db9c871b1366,0.0068080423971365,0.6666666666666666,0.17846409393815116,0.04995197046500332
BNB,e164b3639afa8dccc287a393465b0b782739d25e9bf348075e1800c7b0ed17b3,0.0045736043354243,0.5,0.17942011880452363,0.07404496540143246
BNB,e1baf8e5dca6803c4af7c3d702a96d65a6fbc9a2220ee7616d6c295f3b7f5b41,0.0038965343808434,0.5,0.18096586027324812,0.05387703890616923
BNB,e1d2dcc3d65d513f539fda4ceb8c4d9418e51a27ab5e6767185c402925501368,0.0007710870282182,0.5,0.25364845725864793,0.3437770598706582
BNB,e1e22fbba82f18e05e40ad78e71c8314342e70395b1c64cc59c2abdc37df98dd,0.0106230364731116,0.6666666666666666,0.18956317089657249,0.10251358577687592
BNB,e2275f7414f65c2c6bcc8b2478fc0d41ebf50699ad491e3f305d1f8e562853f8,0.0115169577517389,0.8333333333333334,0.18714259536880093,0.08883690182941356
BNB,e236c2c1b30f6d42a988132f0dda2e000975556d2a43b450bad2cdf7d95f5345,0.0049558522293193,0.5,0.18165717156964636,0.10983595248933456
BNB,e282e11d3d4495aa63901fe6f4c6b532436df7f7cd2ec5796d327ca55acbe49c,0.0065810943999862,0.5,0.20209058916346373,0.15909505494312493
BNB,e2a7402b18e034569180b3dfba3e0cc28833710f555721ceb862abcc19a388dc,0.0050321681350939,0.5,0.19163044714692656,0.09067259750811023
BNB,e2b3540a3904d42c8efe7e966acbe7b0bb2ebfcced715f4ac9728903cba6f78a,0.0295530970944823,0.6666666666666666,0.18243708998837638,0.0845115684758329
BNB,e3001f4e292866ee0a73cca353264939014805ee864e2acab71275d3a69fcd44,0.0132214249081796,0.5,0.19106448925372,0.07611717516981001
BNB,e301a9e850427a6cb05786569e037c97e8b1907d242d9bb5e9ed2b6c2a60c494,0.0139683470901836,0.6666666666666666,0.1777617686812088,0.07529308394505423
BNB,e30aa59276876c3d714b008db86084373a7285d76186ef7afe412c08c60ca2da,0.0252908022802318,0.6666666666666666,0.17551970128098537,0.06051443445142311
BNB,e3151bac9b17fce052ce285210f10697a56af770f794987ff1d6aa9b0e265603,0.0370827265101945,0.8333333333333334,0.21208735201367554,0.12890799675250866
BNB,e327c4ba1c08f89052833f74c58b0601f6f5d74ccaafba2074832a4670007267,0.0886685188229771,0.6666666666666666,0.18383250599337927,0.12250199484737781
BNB,e32e341d6f35defd3f4e3f4f6b4f9cfee044a943f00135dbed5e7b2ec1a62fa8,0.0301124190162086,0.6666666666666666,0.18272923779429656,0.0767373714522977
BNB,e359eed1d4e03b4e379189869e712afca0375af5732c219bab7e3b397a984700,0.0257637387930949,0.5,0.19923318078820546,0.13821046179373273
BNB,e36149504def6c4d9caebf8920552b2dc410d61fb9aa6b5ed42f6523186c18f2,0.0114823597534065,0.6666666666666666,0.19571140686622998,0.14903246418426605
BNB,e378560af4696da48c08f629c706f76ede735d8814869b2dd7d1ad660a51e7f6,0.0001993256856445,0.5,0.17789135010167506,0.05607349735752501
BNB,e396c343a379517efb9d3f2a3478da69269c0610b38e5826f729d74792eaf48e,0.0146789792467797,0.5,0.18673737784347763,0.07468179023727714
BNB,e3b2f666e8f65d9e03ac930c68804e6cd003e26e9db779bb0c85a9dc28d09766,0.0114737391988999,0.5,0.21040301239393133,0.15475013941582952
BNB,e3c21fe55f823eb6fc9379acd77f820fd9d082b0c64626cf653b025e5a6c515f,0.0171468059482656,0.5,0.2182998376295874,0.1888394781736375
BNB,e3e8e6b4db68c33d138bbe3c2e520bf92de029f122adc673f8340550a773c3cc,0.0007759483973042,0.6666666666666666,0.1753150281174941,0.03665610426226726
BNB,e40a6465d9992d61781f0d646191e3f155220f61a239f0b8c52df1477c27f196,0.0161820254124593,0.5,0.1843428679694477,0.08851129092443318
BNB,e42752230423a50262e082f29218249077fc63c07c505d19337416f65a23b1ed,0.0104075953781753,0.5,0.35065191660788037,0.414050577511611
BNB,e42d251fd26fac2b998b487829eda1e849d2c79d0289b9ae8ec5e4bbab5c7f3b,0.0210714009677497,0.8333333333333334,0.2044748594529956,0.14122695313747038
BNB,e446230df42245eba6bd1c47c4704e1ad1fce88f858003fd974d6a151e3715ec,0.0154922733512427,0.6666666666666666,0.18684047833917983,0.07081787037595323
BNB,e497d26ae6b82a14d16c366139d5208dc94456635172c73eb01e18d7fd2f6106,0.0099132946364004,0.5,0.18755958826953414,0.07678001786868519
BNB,e4e1b6b0f1c3a7d02a92602d4d99773982fd815c7d88dd55bc362138180efb94,0.0569123833607996,0.6666666666666666,0.21125413584632605,0.2767646910500035
BNB,e50c2b030fdd05b776019180fcd47e8196ce1eedf59faddb79dbf0fd37d6ca98,0.0236246339389144,0.6666666666666666,0.18095126748512427,0.08140726389871471
BNB,e5204c681efc703fd16bab846451dc560ff3598d27f21126c17849842ba28b46,0.0032338543420198,0.5,0.18150274684792214,0.06869943830632172
BNB,e5260fc5df96f99474c96c591b4a9027396f96a10296b97b5863edea937ca5c2,0.028787524306859,0.6666666666666666,0.20932144258759675,0.2281753278300376
BNB,e5297bfcf08271b44550e41d2db02f152721292d8ac946fe5b4323f5e5bdd7a6,0.012745960023749,0.6666666666666666,0.1735507231821556,0.028893495465001282
BNB,e55fbf0d238d134ff22bf89669a46984e79c519d9843702b2aa73c94e2f855da,0.020558828581302,0.6666666666666666,0.20177044167614505,0.12533026127612362
BNB,e57dd7032814619d1fb51abaa33524ad1eca09e65f3a5ebc6a61fdbf76ffb9c8,0.0064157393839585,0.5,0.20455557648984082,0.13381987452854277
BNB,e5a6ab6b1ded143b5852b13b23a19c1ef375546b762242dd8e6d81b7d2ef0d96,0.0572043338755244,0.6666666666666666,0.31600503364653587,0.6639004327245307
BNB,e5f6b7377410389bc3d4ac0220800057e9d45d7c9632b69debb08c1d3376ee65,0.0323911136867453,0.6666666666666666,0.2551696331475495,0.26352558879338434
BNB,e6278f1bdc66b1e65ef2d3e2527f6aadc6d4d2c2a85b49fee4a09badef09d93e,0.0638709803622434,0.6666666666666666,0.2730742323445249,0.35682987073684685
BNB,e65bb9d0a5306a7e3eef5f71631f0c72a50ca8ec2adb816cfc9519334cd3c4fb,0.0129258381779593,0.6666666666666666,0.21581107703908547,0.17401566372590277
BNB,e66fda683ee6b3afbeb6e22245dc2f303e6506b220f47d797f0460745a624b2a,0.0026078846334637,0.5,0.18940561343094578,0.07955387133735398
BNB,e6b8e715730c3565268855a0a5588d1ec53860cb9fe628a34440add9823c7bc8,0.0158381442702097,0.6666666666666666,0.19973015850468415,0.13154465992407083
BNB,e6c14ba4dba9a99d65fc909400e328d6faabc3abb4b764931c4651ad79d4b3f0,0.0398281384226409,0.6666666666666666,0.19004432877965147,0.18387877667925684
BNB,e6d3635ae1be6887aa9c9a9c1687c311335a93e5af9083659123c7037b7f32e1,0.0200165266807984,0.6666666666666666,0.20605164930973385,0.12141940207765037
BNB,e6d425b54dde7a76376bdd21f76b8adc328f0c5cc7e88f6bcc5820b006fc5d48,0.0535690011258678,0.6666666666666666,0.1811691923435525,0.1033754370626645
BNB,e6eeaef38185c3e0ecc5bb2c18129ac5fa77341571d43b7d3bc964cef1429bb1,0.0074458848435288,0.5,0.19826489026882474,0.14932665227298828
BNB,e6f278947489ff201a1f9bad577907a537453644dbbd478a195780a37f761ec8,0.0317740563979897,0.6666666666666666,0.17964379389128488,0.07613705014739193
BNB,e71a7dfcd32cb9aaed6240969ab277dbb0aeb1c322ac2111e1f6801c999a987a,0.0377953963285875,0.6666666666666666,0.23123821561624966,0.19633984019450942
BNB,e720221b6bb0280c8fc1647d11c715cdf47e704f01f501903fa8514a6cea9456,0.0154098089236507,0.5,0.18401775043802873,0.07587729578004566
BNB,e7336d3fbb19a4b604445274051d21097a88c10c8a185244ce55eeba66577673,0.034862784584181,0.6666666666666666,0.18599524349913527,0.08863170531240945
BNB,e73c67868a9bb585870a0874f797c03e7ef403a4c6e91b27c45a60337ba957fe,0.0060601996093628,0.6666666666666666,0.180689923128659,0.06449202071689644
BNB,e753778f43183d26b13487ac47921110650952685e96f7740d7f19a64a3a0394,0.0096463840863882,0.5,0.18788704470943696,0.137852578537092
BNB,e7b76b53ab5ce4bf818088b76ea21ccb254329b6ff647538f55ae942067afa65,0.0226068112085239,0.6666666666666666,0.2061105017660643,0.12147312594093285
BNB,e7eac139bd5246d15174aa7290e8944d48c248adaff46fd8197ea6ec744ee5bd,0.006647373876163,0.5,0.2586739002936354,0.2301014592251719
BNB,e804c47a48772616f0e27f99795975a9ee84f478d0e7074f0260a2e55dc5fdd2,0.0106050685541842,0.5,0.18454063996157047,0.12459397215267896
BNB,e8163c5a40b9cf9db6d0159d2d687d4b685a16ba192d4d304edec21102594aab,0.0199034349525938,0.6666666666666666,0.18691952703762027,0.08143126176561107
BNB,e821f769ab6a8b009047e1f291f4957898dfd2133798dd8655a915f5cd25262d,0.0186905328949925,0.6666666666666666,0.20206872601223838,0.19003620429108517
BNB,e8235b5663ac57c213d8dc2f7dd61df95088297b3b6578ff950cfd630d7f35b1,0.004840351290294,0.5,0.18882079935954818,0.10227955705102601
BNB,e83fd267fbdde51ea2cba0ae52c9ca44234f18db326a61144700abe64da944ad,0.011950636018544,0.6666666666666666,0.1851334137465361,0.10083387221073269
BNB,e87c097930c561bbd6d7129983eaa080ab0a1591bc7a229a7559cdf76a53aff1,0.0006595450097672,0.5,0.2142365134466404,0.12962948147079775
BNB,e8cbdfee9035c1dab85381944059215cc01c708456b11b287cbf00a12fe71abb,0.0005807471390146,0.5,0.1931627291330429,0.12167563087490882
BNB,e8e0b4d6c512c9f5fa2a406f003273234441875545fda0dea0a980616a5b4a98,0.0765122098430666,0.6666666666666666,0.37508984146438784,0.6360508006757497
BNB,e929165ac33e022343a552db991a196a4a6109005fd3fc3d947c43a02a9280b2,0.0532433385198335,0.6666666666666666,0.23720518851736716,0.2089447909209313
BNB,e936b995ba22f874f95366f53267fb5b05f0d69447ca19ca19b1a6591aeb5845,0.0064439721118426,0.6666666666666666,0.18156445008599872,0.08891601182285713
BNB,e971cf53ef302f7a49a6a16e785ccc471e217cd16714e2013f6d042619d7f97d,0.0008133653071941,0.5,0.19902746857899994,0.0891038713879416
BNB,e9aa002af27a0b15be8e589911f6e95349422117571e30a970d08d5c5a51c51f,0.0962167132184843,0.6666666666666666,0.25602081532646376,0.2725272638189006
BNB,e9beb68fb62919a52469cc398fb0cacd9883d23ef41338292d53d9698a0f3683,0.0065636967507532,0.5,0.1972007520199898,0.1052508120039534
BNB,ea2eb36971f1783564eb0e834e2467fc04805d6940bc779d135decca921a25a7,0.0190377990960096,0.6666666666666666,0.2240886845825493,0.18020886372619094
BNB,ea47e4e8cc0352d71286b6cc7b941a247ee39300a67fe227091ab1160ff9dacc,0.010136395783623,0.6666666666666666,0.23125707074955035,0.2308133816010178
BNB,ea589c827df4a4192f0776d7283794bb12dc940344586859dfb3ebf294668951,0.0279211717063883,0.6666666666666666,0.2046778812475621,0.11517065384993436
BNB,ea851dc11d53eb5a92e97d118cb78f15754cd6a8dadc11262ef629c9de11a49b,0.010286471245547,0.8333333333333334,0.1954475216106996,0.15802868610605922
BNB,ea981fa2c8b8f0f996057a2ef3fe8d88682c27f461aae5d706f8af9197a31f4a,0.0052501619651413,0.5,0.18522842799739128,0.08853139412035112
BNB,eac232ec5fe0b787d1084af9007ceb6480b0ebaf04c4dc8bdde56cf5fa8437f0,0.0081561593205823,0.5,0.19753477945935277,0.10890760632550124
BNB,eb5cdbdd6e69b0429c276ebe1af67d02cf541ed0d3d93b55fc165e354b552b95,0.0074439689084257,0.6666666666666666,0.17746586648013846,0.06330719072356598
BNB,eb637f1c1771a4a04702b139525aaaabf4057f40c624664a889e7ab41d866b47,0.0079199919950314,0.5,0.22221691549239433,0.280609970339134
BNB,eb7ce02f5e194e8c243383e29d3bdd6cb810b75fdb91b42c346802e4ac762bbc,0.0434526179598569,0.6666666666666666,0.24134589519535873,0.27887634091124086
BNB,eba72d8a74b03904520aea826c561c8f32a204de51abc3f0ef381d8a6d670d2d,0.0223875673786601,1.0,0.21351232144625368,0.12506967152314616
BNB,ebb718ff28ec340e62e10a8f9cee12e7f4621c825fb5a330bb09625d5d3300f1,0.0257345783960618,0.6666666666666666,0.2342527985198623,0.2352639334991846
BNB,ebe3241b8aaf524570fad64c150dc4222b6ec2197214b148f07ce8135f8cf796,0.0426316918218149,0.8333333333333334,0.22517028329057626,0.15335047545037184
BNB,ec407be208be306a7cf201bd33cf6799fc1266e4254a2157fa12f850f4fd6509,0.0143792615902557,0.6666666666666666,0.19577384562369385,0.1550745088940495
BNB,ec52130503094d2fb119d86e1f8646a5b7b973a96cb6be062f139583a99fc186,0.1205297396459228,0.5,0.290988874225135,0.49192000847401496
BNB,ec5483feb45833f0c3bedc8aeb728629875aeb344b911d07abb87dcc81aa3ee6,0.0208476140003329,0.6666666666666666,0.24275574732806868,0.22181086935343325
BNB,ec6db264f01374354a0ee226e96425a52cd4e0ceca89c8bb6fab9ab19a638c28,0.0474571754672827,0.6666666666666666,0.2939320384245461,0.3033994006453794
BNB,ec849a8bff9ca34f7dccf03bae3c9dbdfacfee93cdb34fc19476cf47c1d7522d,0.1162518559667202,0.6666666666666666,0.20429368253208155,0.26152086819391795
BNB,eca31af4633590f66c1515111665c942cc3f33032e25a61e7c082a77bdf4c76e,0.0638610340401756,0.5,0.3363180350236683,0.6140818119130234
BNB,ed0869d146a11803ff022329db3dfbcd607f992fa8331715ae9a44b6b81f4db6,0.0216446227242125,0.6666666666666666,0.1870471356544245,0.09256874434969004
BNB,ed2f241d1d20f85d825ba3d6ea589c8ba13bc30fcd05d8d7dab6f02f14be3211,0.034956710682135,1.0,0.1769424848990033,0.05534615480009371
BNB,edcc4209db52844add3ba47e0252d81ead1fe90f78787058b310549169c8cc13,0.0179115531926743,0.6666666666666666,0.18578775046610907,0.08825281523252762
BNB,ede2d0e3228fdfffff5ae669920384d11434fd74eabc0051f3f7e0266d7edd52,0.0200839809506987,0.6666666666666666,0.18018934048203314,0.054847973919892525
BNB,ee013eafae21e1294f402098d4ac581c52666eeac38009121b3187f544ccfda0,0.0147844159911752,0.5,0.1903788824700311,0.11401121170034717
BNB,eec7cd99abfb610de810f1e0d8eb48ed95317564ac0c6835ebafa9bd1de198b8,0.0047547546678933,0.5,0.189448363874743,0.07902501592336354
BNB,eeee59189d5639983292fcbb15b7c33be4bbde7dbadb29c5a02f18f3035dc455,0.0090671002374861,0.6666666666666666,0.18557878247065054,0.0742857009746668
BNB,ef120e741bfff1bf84e03287d110db68106f18469a2764ecffb4bbc340fc3d06,0.0196566783877002,0.6666666666666666,0.18020908746231742,0.09888341676364003
BNB,ef2a97a60731bf6881a8d6293e5e8a1aa54327d77b5a1f3d0b0478973ff5c34d,0.0063619027461119,0.6666666666666666,0.49078423206681804,0.673702181676095
BNB,ef5b57a23b4639d5ae2201c3b652d1b99f59e8d3a8711a1afb8d23b0ca505408,0.0051400196967031,0.5,0.1834688309072504,0.062273091320446276
BNB,efa18f08bcb1cd0c7a80d1d555b4feea05a17adb768c1e6306534299098538da,0.0213470896195848,0.6666666666666666,0.21255100819013095,0.17766217369895754
BNB,efcc07a0d40f80e97d3386aa2402e911cb12af1ee0ff02888a92106ff6ed3dd9,0.0243591641053515,0.6666666666666666,0.21192816583262117,0.13415285011246164
BNB,f011f5a15d6f493afb5238a3895371fb50e213c186115d96285989772c94e8ec,0.0681285011995465,0.8333333333333334,0.1899943237211786,0.24629669098134688
BNB,f0278c1fee30761aa13d38031d5b0c703a0f0f7e4e2d9c661cd5c3edcd29ed94,0.0110872771584454,0.6666666666666666,0.1778745340740967,0.05823292505362346
BNB,f079b22a38443bfc60d32c4262ae9c2e8622e3ec83c7ba54016f68df1ffd01a2,0.0067958821079519,0.6666666666666666,0.17714818733733836,0.045193710785918384
BNB,f08a3d842f5cdd1bf13e002504f9200f4a682b09b8e2200bd153f5e3c3354819,0.0054034489569754,0.5,0.20490429979092617,0.11963777681494311
BNB,f125a45d8daea85bf310ec3e654d54774eede14655b03cda4dda08d05f2ba268,0.0610306905507585,0.6666666666666666,0.3783925915037545,0.5292435553153977
BNB,f14a97ddf86bbb368754d5866cc1066c504875ed1e511b3ef1e1d5778b3b0164,0.0046904005026056,0.5,0.19153318397049157,0.07359504930287851
BNB,f1547f7041c1ac6fbf933df696a5d2e8b4a11fc759fb27bfe9209b5acb32395d,0.003843611580852,0.6666666666666666,0.17511638364945556,0.039124085689048786
BNB,f16dea75344d6f1f80b117041f29b0b270082bcaf0162cb71442d355564d68d6,0.0057308743858662,0.5,0.18739038952752418,0.12951620400542216
BNB,f16f5192650b19386bf5ec92e54a5f6ca449dd6384c61f2c5f35adf4b24d17cd,0.0007226928361746,0.5,0.18205176925503652,0.060309512497169614
BNB,f1883e5b6f7ca9ea011b9b57a96544d90c99dc87b0b5627aa28ad74a67eb3f50,0.0257450621818094,0.5,0.19273449156650913,0.12185839735849538
BNB,f188fa3d473f0868958498fc39a67a50e485d9a002dec10fe407a27223cacf9c,0.0248229668091001,0.6666666666666666,0.22279223749104393,0.18002399037074898
BNB,f1c31f504d1d56bf1b6f0080f21581969bef0f178410c5eb8373d37ace96f936,0.0196069729756595,0.6666666666666666,0.17992807917219175,0.08904006808791119
BNB,f1fd7e66fdd6dcff8fd09eff1757521e814c3cfb7f69064a81fd9f29c23e5b3c,0.0063557823739392,0.5,0.22129879491203794,0.16806586331501605
BNB,f217475cd08ed55e7f5debb043584e6ce7ed88a522aad3ba740b76d12237ac56,0.0065810943999862,0.5,0.20209058916346373,0.15909505494312493
BNB,f21829bb78fbf1980c25dce94aa794e1240232b4cdefa0520bb6bb51330c3ef1,0.0369621430732586,0.5,0.2506840628729559,0.2282886226540574
BNB,f263371002aa9851b3064d377273d06247b01489009e9e2757ba3f93fa841230,0.0093210810583969,0.5,0.1969390990713593,0.11304461144132065
BNB,f2cd4d32994794627dc9cd07e4645922f08ba50a6fa9df91907ae0622dc21d8c,0.0114944801532269,0.6666666666666666,0.22944749372676584,0.23375018735629222
BNB,f2d262fb094fe0bb720f46566578be66edc004f97659793b546c848c0c38a117,0.0041041338898293,0.5,0.1828356124507994,0.07140855300208414
BNB,f32ccff25e25a08b66050073c644c330d0127845c324c6c9e69c1b7773188fbe,0.0241191418118823,0.5,0.21228629917303982,0.1611110924861669
BNB,f360925945e539c3bc4eb09fc5af092fc4a2e357a06da80817f63a52c8cf759d,0.0096070982207915,0.6666666666666666,0.18097988149755367,0.07519131741541024
BNB,f3634ed7c23a511889e73aacfca1b86da79513c0b0c070b58e40bda4a47f4b6f,0.0402928018094457,0.5,0.2731470104901622,0.32656225662814503
BNB,f3b9768826259535a33bff73e60df220f6499d5dd7aef081ac4965ad72119d6a,0.0077410436215164,0.6666666666666666,0.2222849059751498,0.1383351197730479
BNB,f3e17f5428b5f04809c889a24688012f845923abaf58110fc91c339e1fd7175c,0.0602637656074288,0.6666666666666666,0.18192068646153428,0.1102161911404385
BNB,f40d7dd714daf9c02dbce24af3705aad1032393832a186f2de08d4ce94f638f4,0.0037087900606797,0.8333333333333334,0.18167615473416515,0.08201548597975926
BNB,f494a470c68dcf9124ed4dd358e7b572e3a7b554d693e052f256fdaf3e91742b,0.1548757806894626,0.6666666666666666,0.2887992794139962,0.343777932848045
BNB,f4cccf17a9ce83f509becc6a2051b1b7c3c71faf18bfcba6c4fe79ec17aaf74c,0.0163162064916086,0.6666666666666666,0.22957382567539047,0.19461460556561969
BNB,f4db1ea4d7416711a310c3eab2ce3c460f072cde738a5eee2c9ebacf477c58bb,0.0005907626693557,0.5,0.17066386976677328,0.035103460351438534
BNB,f4e79c220a3d6b1d7f0980beabec26ec85f80888b2c8410161286527a65ca349,0.0025747515982768,0.5,0.1881443229804863,0.08459075229795157
BNB,f53553af1f28264ede4783155baf1f007836de43cd8770ca5b8ea38ab3eea278,0.08125017462192,0.8333333333333334,0.1935557264823121,0.12661874826892286
BNB,f53d2da1ec2e13accf030f63bc1c008ce1e11d76392701828bdaad2bb53d3d01,0.051119786335227,0.6666666666666666,0.3805874304854965,0.585390586642241
BNB,f5b2903cf407349f683425add34c92742ed742b53814749566476e48a2b183ec,0.004379160718683,0.5,0.19429662993847088,0.0738185092192312
BNB,f5b6c83c8fa3c189798620f8aa9626530781a0989948cb42680286e19c5cd152,0.0150284956950041,0.8333333333333334,0.21267399462032607,0.1817923689682302
BNB,f5d7afceed18e7ec145f7c9e7ad90ed73af13ccfb963778fb7ec8ac69f0e8357,0.0020398640696167,0.5,0.187626561382633,0.07947080323204633
BNB,f655d0d8b7d7790157b8f31a15a0e172dce231fd3102b9b40fa570ffacdbd0c5,0.0449685897649524,0.5,0.2086341493979176,0.1943105678341922
BNB,f6b05dbbc394d874b14569ec5a5785609bff5268fd6c965ab2221ca917f0d819,0.0031371154791779,0.5,0.2617892451923199,0.2364500291593461
BNB,f71c2195eacbb1c12a1d176feb613323998474925111d951eedb2e998aa46e85,0.0692529410820449,0.6666666666666666,0.2442292759086059,0.29645108757704075
BNB,f73db1a02039e93e54065dc98ff089164ff23145a136a6ac12fb23a1e0144ac4,0.025693218322001,0.6666666666666666,0.1832044503032205,0.08939273067214754
BNB,f78ecf1fe5d22f66390e0efb22bc8ba9b17efb447ea4084be24d7ef735362df6,0.249493729316735,0.6,0.5483363797090682,1.575644718567066
BNB,f7b2d4a9d0c9807355db04ea360bf44deaf422b9c8c83cb82b4da7be2e4db710,0.0214374877660153,0.8333333333333334,0.17537143709233144,0.037045389636672324
BNB,f87468eb5b59f6a6152b150174934677d73b5e5223d1b9994798a64cebab7f13,0.1565249457856089,0.5,0.425800761977675,1.6793638619088038
BNB,f8b90ef65a8bb3506c071423fa81d7afe00b32630b5725a8001774b19c8a77c4,0.0220316788483755,0.8333333333333334,0.18138516085770462,0.06238066607789956
BNB,f8d1a7acfba4c1fbfd110b615bac1a8b4f229249f59b37f7548e70eb09678770,0.0007448294409409,0.5,0.24249732167764843,0.18130655024729322
BNB,f8d9e211d4a17a4720d6ffc4ecb2bcfee199a28495e7c22c98d02a926208a82f,0.007304637850693,0.6666666666666666,0.18410442389664644,0.08837879390119201
BNB,f8f2d74afb719d2eb0fc586a189972025bb73b5133334a3aac5dd80b9de501fe,0.0083526527409843,0.5,0.19875534636695838,0.08550517503612669
BNB,f911fc9c801cb940cf473255df8f3801a63d9880fe1a7af315bab2ba1cbf8e9d,0.002361028221551,0.5,0.20038122626081684,0.12075446131508145
BNB,f91fbfdb96803b44ce3e584ef020c08caff78bcef3a9b2865438d879a58f06db,0.00331535553764,0.5,0.19741693650139117,0.10266807117733044
BNB,f9231bf31e5cf00d48012521d9f0f3ee2bdd118ec599a30bdbd71a67d6750706,0.0228514156765592,1.0,0.2543430817343467,0.20800561203825282
BNB,f93a30224184cd146c5bfc2d0ec36908985931fad56c5d4f8f80cca310005dab,0.007576217302914,0.6666666666666666,0.1743197019476137,0.048329937922298845
BNB,f94a505e7575a1a6ea9e2fca411dfca542355b0ed6fac9aea21c00a8824ccc2d,0.1995607293958772,0.6666666666666666,0.3735667827829631,0.5854403304339498
BNB,f97b479f49068c513fdb8f0b3000a7dccad20a290d4118d7e2a8548e955797c6,0.0126217434430301,0.5,0.24792599954640712,0.2004622252305507
BNB,f9ad08ce570b7ff61c25883d6d2401999f64f1b2edaac39b8dcca5d6ad840a4d,0.0464674725991405,0.6666666666666666,0.23612981192156618,0.22920565006769741
BNB,f9de22b142dd3a293ec232a67ecdaf5bee75753e98ef0a0dbde8d69b21984f07,0.0158265554584959,0.6666666666666666,0.18128808471045105,0.07889982695239525
BNB,fa068a40aad0fb30d7baeb69fa7cbcd606126ae345ea7eab6667138be6f03900,0.0159639534926874,0.6666666666666666,0.18007349419873175,0.1111420539752255
BNB,fa1fde928cb35d5cd3718c9bf1e65a2c79bf622ba405b670e8f1380de2360ba2,0.0349061202956809,0.8333333333333334,0.24828548796727587,0.2193781129577592
BNB,fa206234c0a7574f8cf7a3ea507c166920287e180fdca05383902a9849097b0e,0.0177400933750325,0.6666666666666666,0.18218746463912225,0.08568298934695978
BNB,fa579c75b9026c9257531f05f3f1fb85ca2b8965fa6d89f7cc62565e2419705b,0.0274328614769924,0.8333333333333334,0.17966718357182332,0.08076585119290902
BNB,fa5a51bc3cc53a797f16e3b2d4f1287390463cb2132ed475f42c5e91ff07b88c,0.0236807821063098,0.6666666666666666,0.18225886772417288,0.10758131451851911
BNB,fa610e10dbbbdf807b652595cbb587d8d72a2aa40186c3c3b06b842622ac5d85,0.0013103220194114,0.5,0.17832361403930952,0.05346262772651932
BNB,fa682f528caca24e34699bebcf5b675b248fbefb47d1a448f8fb2243c04d0f8c,0.004039760971964,0.5,0.20395718723207656,0.09833817414514007
BNB,faaa889ceda5dfdb4e7bf7639776599ee71a3b926cd137b7299d260668308087,0.0072714443805372,0.6666666666666666,0.17458664115883446,0.04398538153458569
BNB,faed9f6a976bc159409bd9920161f6ee38bbca86d344d1fef85a68b6467b52da,0.0659759262559049,0.6666666666666666,0.2366693078097596,0.2102014441332748
BNB,fb55b55eb080037d1c47bd362f0d1c347eeb872df2410cd4d76a5e6819419145,0.0241177417085252,0.6666666666666666,0.17571836696851076,0.05762895876119001
BNB,fb6240d3a33a5933a131ca177354558e395ce8eb3034beaaa0246c19d2010eb7,0.0187015904281269,0.5,0.2300038519771999,0.18300575667132707
BNB,fb87fb304b9f9c54ab35ac8c1d58e667d3a37238f1b829bdfb1936406c961e90,0.0849571823034251,0.6666666666666666,0.253268518470884,0.3091497664614997
BNB,fba9e4cf11955fddc5bb36446c74258b55524c2d150dbd73a045405bb2b7383c,0.0065265456694682,0.6666666666666666,0.1876572551637667,0.08026494443231694
BNB,fcdedb5a33cdfb328aedf3e7afd3db398bccec3511dbd888a35da7c9cbae5d9e,0.0133760467253573,0.5,0.1791819940887584,0.08943881590971936
BNB,fd2b61eb79d3b8d1366edbf3c0cebf038e3fc58db755bf0a56506b58214d01df,0.0048015913577679,0.5,0.18052915075974837,0.08833890889270649
BNB,fd86fe12367a96b7a610abb5e54ecc15a0993b733f0721f7adc231f539e946fa,0.0087611361875434,0.5,0.17597331486070225,0.03298079289811702
BNB,fd9f87dde511a4242a898ec0a44d04894fd7b2f2d28e7caf47b935dbbafdad0f,0.0269483425023428,0.8333333333333334,0.19344996170406803,0.11697330140093803
BNB,fdbc4380c5d2124b3600022f49abef64ecb6ea2d3634616327ffca7959d8e5ed,0.0209856861075495,0.8333333333333334,0.1737793581377905,0.037147425954237076
BNB,fdc5462c057f4065acc66cccac603a8843aed01ccdee99301eeba19cf00ef52a,0.0059246526089657,0.6666666666666666,0.1883102259314032,0.06978007475669275
BNB,fdcddfe6d9a581380cbf24fd62ec39be514b467222bb805e05dc4635561bddae,0.027540051455721,0.6666666666666666,0.18037483971159385,0.07304334866149945
BNB,fdfc51d3a249195d4958d739abde68275870fc2d68a0544f998f42f0f2d2fdf6,0.0089477787321898,0.6666666666666666,0.18527040032805867,0.1236052754853161
BNB,fe373934320a025b3aecad8f684fe452c59773d94ce1fa74b18f33dbfa7429af,0.0039825777456907,0.5,0.1804535771327063,0.08438000229443395
BNB,fe721eaba758511355da35f5d8dd93e89a8c395d006555163ccd15ea6c7120a4,0.0650260037215581,0.6666666666666666,0.26127007390298485,0.41380390669767153
BNB,feee885054226d4518906d3583a2f573a7ee1e8368be40895cc878057e4fe795,0.0300305573221418,0.6666666666666666,0.17516478832116755,0.06379105524016129
BNB,ff079353f1cec7bc9c2139dc9cfd21cb7793ba2aa031effb7113180123262921,0.0164407474518448,0.5,0.23436285545456859,0.1992289513303267
BNB,ff65a3ecf4f4ca3d30b69722680de9ea65e49eca6ec6b024f679ef95e02e082f,0.0046322009591813,0.5,0.222175048479943,0.15334875124022226
BNB,ff8dd459fc9019add320978dd4bc02b52f9a419511ceb77d810ce333625951dc,0.0314107460126375,0.6666666666666666,0.2200842654529937,0.20882801645558052
BNB,ffa59b79430af1799e33d222ce8c0f9a4435d2f8a01943ae077e870d5564ca25,0.0239990702582033,0.6666666666666666,0.18084731089602132,0.06058458431745809
BNB,ffb94b2b563614bbdcf819746bc9cb22bf90301f00716745e8fdcd9779806b98,0.0002387859715957,0.5,0.19299114154153094,0.09579784644417941
BNB,ffcef659a118f6f548a66a63685dd8e2fcaaea87c368841ff4e85c986c8d15f5,0.0100955885925498,0.6666666666666666,0.1786803052345269,0.05662202543379959
BNB,ffd0f3829f1d0bae8c593d689330f94f8a27550b5696f7441dc1367b28e2227d,0.0361822573153167,0.6666666666666666,0.22828401385959735,0.3483767052614346
BNB,ffecc2ad79b21cb4ddbc039b7412541accdafa2de56da93a3979c7f6db6cfe8c,0.0334223285299413,0.6666666666666666,0.1933821606349276,0.14299143468307696
BNB,fff526bca899744ccaae9b19b909c28e1f4ad1e2d5305975953fd85b907351a8,0.0051362042308952,0.6666666666666666,0.17545180778342037,0.06569750040562256
BNB,fff8a171856169f08ffe7a8b8f1b61c999f4ffe4300fd59be386e5d8ba7e7124,0.0109928003410625,0.6666666666666666,0.17503724558962824,0.02853214446927921
BTC,000dcad3466087316f9f1304248577a57a13a24147841dfd5b8d4925c54d093c,0.0290108267630283,0.6666666666666666,0.24262147693346195,0.25903771534396686
BTC,01df59480eac39d07360c0e3baa8fe2b1929cd42a6a8eb7e2840c3a736110541,0.1368787011473876,0.6666666666666666,0.23704858568313086,0.42065302559950496
BTC,01f609b28626b7af72aef3a4e01b9829ac0ddd95b66da6b3df9c38548caa8748,0.0394289717399609,0.6666666666666666,0.25268801365726545,0.24717768124957554
BTC,02260bd3231af83cccf02979c72db8334497c7d4301a6725f54d73bd0aeaed1a,0.0743967027474736,0.5,0.35680427069655457,0.5484557801742491
BTC,034c23b78ea4ecc3db69b08217a0deba7a1e86de8c83f6760980b2509843f88b,0.2913699034789608,0.6,0.44606043472474133,1.1618365825440005
BTC,04fcdbe1972e5bffcdba930f3f0439ebdaf817d4844671f5171a934361b241ec,0.0025740862949841,0.5,0.18022228567048604,0.07452222922077532
BTC,06e28a60b923df0e63d28de7a3df2bbbd2b128105cc59536c0542bffed28f41f,0.0021061352009104,0.5,0.17376319346238295,0.03519312597242811
BTC,07035d348d07878be1c8510e94b632ea4a5f8f35bd0d4fdd09d77f5597740119,0.0124718521636761,0.5,0.20948082658435066,0.1521080148592502
BTC,073953799deffb5e487585a9fcd859d717c750d77d50addca603133329ca0a67,0.0016683479649776,0.5,0.18342083479667737,0.07770981682499825
BTC,08671c75a06b4dbbe1c5fe317b830549d94a8aa8634e98ebef2658c635e9df9a,0.0023099414494426,0.5,0.24258174856430081,0.3178387032975006
BTC,092c17679e30f81c72e9b7793d0285fff09eb219b534fc7d61d1e0b98c69557c,0.1002003533816208,0.8333333333333334,0.4831372120110165,0.6022950533059591
BTC,098b936d2231123e64afa6a69f2f328fc8206806667399f1adf2ce4de6bc351f,0.068947955888418,0.6666666666666666,0.22821615718330804,0.24648820723529993
BTC,0a88c6c71e615922f2e631cce0beefcad34cd35bcbb6921ed1a62d35f63db07c,0.0016950064352802,0.5,0.1845901446105873,0.09020685286003188
BTC,0b7a2af06a3a3fa1d7673100b30b8da0d396e109e56ce7451e82385c4db17bd3,0.0062471534482245,0.5,0.18334968041199187,0.0814740356369709
BTC,0b8d9e483c0ea4a518debdef64eacb94b609b0b27c5f963cf99f34177cad867a,0.1608049269790814,0.5,0.5584013228208887,0.9259901446668967
BTC,0b9ca9899c063e95af471c0536950bcbc3cb45f7b53fc50d22d0e762f6dccaf9,0.0237775076455163,0.5,0.2445173505414732,0.32117887469168377
BTC,0c9384a66e506953a840251b98230d7e58420cfed6d4fa58049743fd25ae09ab,0.0378675917016548,0.5,0.2490010637867185,0.2848375345808052
BTC,0e9a078bf1c015303d45997b2b53999f96a9b2d63c1e0016c6761323edc34468,0.0544048848418147,0.6666666666666666,0.24894941517753028,0.35261188133410276
BTC,0ef5f416ca6728e82394c3e4656d402d4cf50ad42742d828dbde99df431ea682,0.0586538238904856,0.8333333333333334,0.21359115621399657,0.20269016873537407
BTC,0f2c52a5d3a3ab93aae67f95a2fb84ee2040127cb1f467bb0670ee57a8b874c7,0.0719626231800294,0.6666666666666666,0.19718405597692878,0.17296258571499126
BTC,100437ba8277fbed69a7d956da58bd1270a9fd589672cda6e74349f0bca66b04,0.0663126039208537,0.6666666666666666,0.19740043601650412,0.2307677306138641
BTC,11b67f17051a1c799e7e2ae6462729def03a58054b2dae185563b52f5fac9bd4,0.0004297126550953,0.5,0.19070608794664584,0.10875552954532376
BTC,1238e8a48b593edfc175f9510e8d077ccc7c592942b3e5536362097fe579d4e6,0.0172359813217996,0.6666666666666666,0.20841204187968754,0.11526442179500314
BTC,1270c944ea4242a5389f3e68061152befd2b0d1723a93a3ec287760881c3f85a,0.0307005110491629,0.6666666666666666,0.21865458301929344,0.1578605439287535
BTC,135d5542e724f1fad3f53bbcd74542b97dc71d07b92f86ca2630876d011a01b4,0.0123648160278775,0.5,0.21882869418849657,0.21055304249013457
BTC,152892df10dc9f8862ce2ac41890a3b15b67924b3a33e23dbec981d915d4d824,0.0024393168938836,0.5,0.1854653607984366,0.09779532908086537
BTC,153709a1dc871397e0548bf297dc6c87f6873b78ce1fb55e35777007447a9db9,0.0101843228818239,0.5,0.20875915912096643,0.20537483633464554
BTC,155c2f9ca46bb7ee8cfb88714501f45e353ba41f35ce613b18c4666561e13277,0.0081619371831438,0.5,0.19205861986124376,0.12548403675230121
BTC,15699c6b38e98169c079a4484674591be1cf3210c9ddd05d2ca44b2ba8e79524,0.0739332623729831,0.6666666666666666,0.2608618817197811,0.24020879698304515
BTC,187d188c75fbdfb2410188371fa9c14d46a7a1c2ab8fbca094f69e2239c71e96,0.0375934064744197,0.6666666666666666,0.20804325413497743,0.1494069538386904
BTC,189a7b3e98096a60afdf725ecd446b1286d0f38068e7b1ae0d01540b672be0ec,0.0058471478657227,0.5,0.40937401219488,0.634652628519444
BTC,19e7883bfcff77a435a911690dde4e00f19c45db75804b10ac59560c97df5d73,0.0541466723665215,0.6666666666666666,0.24979591929405198,0.3577087086255909
BTC,1b0cd846779af1aa042158062c53f64676042891a8b4305686524c12bde4324e,0.078733188337452,0.6666666666666666,0.17718710163651727,0.0627565507598674
BTC,1b8fa1a4db775e4ae6bb15ab901a46ec9879a23f4048cba65edc86d7e91c721f,0.1153174911264468,0.6666666666666666,0.2544366841514761,0.3674747919875477
BTC,1bb9e768a97f79b2f8e067b3c27f6df7a4bae2e0c9b713a274e8db1870888f7d,0.0143845742887076,0.6666666666666666,0.2090471398214019,0.14585137098681297
BTC,1bcc173baaa6534e9a5f8e04895eb031669f23438b9cc70999cdc401253051d6,0.021941914602598,0.5,0.2177295847139064,0.22126913164863526
BTC,1d12083754da729c12b1377a8aaf1a182f1f7c6548fed43162e6f36e33355e2d,0.0334823638738728,0.6666666666666666,0.1832789983240581,0.07430896750123159
BTC,1dd3cb850cfb6a71140e9d1c9e26b0dcc71a46451846c60f5dc99751b5de3a79,0.0191319882584522,0.5,0.27361831658598595,0.27946239676811097
BTC,1df08da918bad220c9e0949b4cf35e0ee613e0cb40975960a366338c2d562c9b,0.1204597526769576,0.6666666666666666,0.20483631968795715,0.10791284150977337
BTC,1eb33e42276056e279360b07ce489e126df221671ff4286f156869ba05f8c996,0.053542755634917,0.6666666666666666,0.268970307195972,0.40731822043584776
BTC,1fc9bf3340bfaf4ea16f4a389d11649d010adffbcd8ce5cc44cd44aabcb76388,0.0333513800359381,0.6666666666666666,0.21633486536155835,0.13691514461815965
BTC,2024b2a1e4e92e2c3a902dc4025e6f75c9b0ea9e08a24795d009cfb1033ca49c,0.0468056873795002,0.8333333333333334,0.18834868434051788,0.07002652099679803
BTC,2045c39a18fa5f5bfad779dbe7213be75ca10350f73a4b7db55663c4ade1f6d8,0.057838941246512,0.5,0.46313519051452534,0.6951671089871343
BTC,235709f87a14d7edf35c60c5b1b07170571371fbd58fa7cfc5a42368b29f28ed,0.0198982100592898,0.6666666666666666,0.1922459643628762,0.11249161690103031
BTC,23bb4c9eb8536750b39a66858974a6bb1b64ff4b5a6849af0ed9685853a5f259,0.2323067256214778,0.8333333333333334,0.26815673589908195,0.3368825308992566
BTC,256fb5b9b3d8f1bf5130f87cad689735a6867160ea3b57cbeb86a69244897b57,0.004553966322847,0.5,0.19117903978470155,0.06635423115887017
BTC,27b484a542e2caf17a1d041092e1b67d8d07d0d0049ddefc9959cbfb264e8054,0.00288744709535,0.5,0.2575667267059569,0.38656993812502777
BTC,27d1c0449d1ccb92f15617268dbb632258c59f2f89bce00bf018ecfa1649673b,0.0856510401698517,0.6666666666666666,0.4001238343488798,0.7081742687982422
BTC,28ddfa7bd06e07380abc1ddc138f924aa4f61bb5fb92f94880ab524809c58ac9,0.0069877833640786,0.5,0.18803548207663692,0.12419964391477878
BTC,2907faad70e976fd84967accccb800b484cc2b7323256d23b36fbd4a41e7d64e,0.146890402639795,1.0,0.21428283310682955,0.19827475506035377
BTC,29cf842144f75fc55d444a211720e44d5be41e467013984aaa6b693bf72b4804,0.0011765787273236,0.5,0.19039981569212575,0.08137360329627077
BTC,2a140afcccbd5f2ee6122ee898153f7bcc410cf1b66ac33d11b2fd4ccedf5b96,0.0116361171823367,0.5,0.2134735183645288,0.12650649587034818
BTC,2b7c6a211bf47a8bb740443d55ca9780823afa0614ba157671c9171a059ce62a,0.0111955055882512,0.5,0.32943411552026663,0.35036465314130705
BTC,2b8f34eb7ea42cf65042a553c5b629abe6276169d0e55352b1a05b468c0ad2bb,0.0369680996308888,0.6666666666666666,0.24029353201778325,0.2602258890171336
BTC,2c005f350a95a927414782d0b6e36c9ba1bd8bddabd4f13473469b82d6c305a7,0.0170397081853698,0.5,0.22103815985959274,0.13942649283240302
BTC,2cebbd50626f4149c0ff9b004732ec6ae743a877583e114a8c4c4c98755b139c,0.1765643173515554,1.0,0.2101352905599795,0.1629617965732276
BTC,2d12cb786811700f5978274f98259a90075a70965c1af6ae13c5a161375298ff,0.0387361091284732,0.6666666666666666,0.3134597110996053,0.3556881437594367
BTC,2dc2cecf6d7b90384a26fbfb24bf419a2c20724f3a856f84acca2e42b89b86c6,0.0070021206615201,0.5,0.21488897303709864,0.20439252967400948
BTC,2dedfc461e49d68ce7e84a2a5326fc9e8dfd126659d1254a4ed24e740a532432,0.1139600248318818,0.6666666666666666,0.2488811780235607,0.3311502905443904
BTC,3071c33a3a0cef49de55f03e97c0d796562861bfb46ec3ae70c244a30e035142,0.0010894050686213,0.5,0.22139741694954784,0.22062623819600136
BTC,30e5b9399c1caacdaa731b95e8a9482128d75b340228437ce289d39421f3f9a5,0.1632794205633751,0.6666666666666666,0.24021291871583558,0.35255883500444424
BTC,31841a6618d91e80cfffae1fa32406730f25790f66c6ba8bc56395ecb2fe07bc,0.0057065915022143,0.5,0.18969123371446875,0.10735140383300835
BTC,31fc88c93d3bcf9678b3072d146f75ef26d3988ba873cb951d7d307784a73160,0.0519841122236851,0.6666666666666666,0.32636533354674596,0.47063640496161174
BTC,3320def213a5780e3279ae2e4a4072d8298e4dfc88dca332723a74a9cf5b8fc0,0.0646292547995291,0.8333333333333334,0.21172288375844173,0.14279398604016136
BTC,33c24d4a40a9a749e42028420f833549beb2f60dbd15e76826a6a6a95e08ed1a,0.0061538168302934,0.5,0.30793919471059217,0.5089730908226435
BTC,35252f3c28938ae48216c05a922d36a72324ba5c04d30133086fca3be6b8c87f,0.0299578903945456,0.6666666666666666,0.19982700338717702,0.1848816783924072
BTC,358f4f4d4a14cbbc075f87883bf23cdf4f7e7df83895158afbc546f19ab3ff77,0.0611335814032871,0.5,0.28805131639427534,0.3281953390168238
BTC,35c2b7e06832d772397a4e5e655f42a123e246320cc19e8a6ae4dc7c98898bf4,0.0270372653217551,0.6666666666666666,0.194477210293978,0.11998362512241331
BTC,360a61fab74ca310294eedbe73279bf811b8fa90998909144543e6825144a572,0.0062042937539778,0.5,0.271442919343577,0.3328246088355058
BTC,36796f125f77fd7409953d2a8dc7715f5536f8ab09b3ee94c9e31b2bc05231fc,0.1050263365426729,0.6666666666666666,0.18946844319409628,0.07620714598604546
BTC,37142fab29828149c255937a5c15f8534bef82adf323fd17e5db612281fd05bf,0.0031861492492384,0.5,0.1811009577596047,0.103409281520287
BTC,378f14db1be948659a6ccc807819852e2bd988a7d9707a10fcd0e4ff16d563af,0.1446102726703756,1.0,0.2875806016027095,0.3123624227799823
BTC,381804b3811cdafe69663100054948a2fa09c35d0e590706085e1349feb7b528,0.0060591962251788,0.5,0.2167772474017449,0.1862546200644238
BTC,381f3dd3d5b1d062076c0c1a43a329e0854540bdb1727f3c19e3c400588c5916,0.0086404648549112,0.5,0.2419494037304946,0.42588101578560467
BTC,3869687d3ad38e31f27d60a1bebc32cf7ad69fe09b8acd7dcefd3c426c66629a,0.0174338226687507,0.5,0.22312204596226548,0.20249840882171413
BTC,392ff7367796e9b051ab95aa08c6b18e8a7eb4dc12efa970919e78349c526a54,0.0251080020109706,0.6666666666666666,0.25064760082727194,0.3632142832597002
BTC,39c99f22bac1f5d3c0b762ecbc6d5afeab19bb70458f1252a2cd736ca0dd7090,0.0808609710419107,0.6666666666666666,0.3521832814346431,0.536149882770934
BTC,3a4d32fbcca3673170a4a26322310f2cedfef3aa99a8d25bcdafb2891af28856,0.0093672780004183,0.5,0.2321907841832198,0.30738239128909695
BTC,3a906ef159f146c0712d32198b4b249db295bd892ef7e8d655054defa9e2e1a1,0.1413453218816576,0.8333333333333334,0.45813817511219457,0.6124935483985152
BTC,3aa186383ebe9a4f3c95cd84621d0886008be849a88b12929a6bf5ce5dc6635a,0.2399403753299174,1.0,0.2850364441400161,0.2785703086943753
BTC,3b1bfd8d1a3803b06fc388dcbce12f5630e657017a0d01be5bcdc04f97af24a8,0.0605384393490905,0.6666666666666666,0.19723415601270874,0.11311248252143788
BTC,3b668f0585a0065f1c39f5e4c3f2c6df5f6e4c16f704f00bb7bf5fcc5983cf10,0.034190990907938,0.6666666666666666,0.18110682921222226,0.06595640596327854
BTC,3c9b2a471eb82858e6c3051a369069be88a0d8798c06e56e08c20833853d34e0,0.1235244788946915,0.8333333333333334,0.20628099820167017,0.27456432665908936
BTC,3cb53e55c252a29fecfca7c56e42926fde43f3246102bed30a5792b75cac3c4a,0.0012675973421026,0.5,0.29058648891560995,0.45881481860725204
BTC,3d78b5772e99686a04790347b6197c9699cb37772590790af0fd1acc2154fbaa,0.039739196269755,0.6666666666666666,0.2129204629514924,0.2732723967172689
BTC,3df96f16f5525b003c576ebecd91992ce7b67a8e1e7d017a1e91422f93814a3c,0.1548057193238468,0.8333333333333334,0.21510288982819986,0.2824307656975524
BTC,3e9a77f7c7229685179e94f82b3c9e0c4731eb038d7753e99864fca26206c981,0.0538762166802078,0.6666666666666666,0.3343971316106206,0.529312919894962
BTC,41eff7abf3524c7d6579088fc5e36b48fde64898d7604d8e2bee4c552beafe71,0.0075957357901253,0.5,0.18470524323120058,0.09799443184368614
BTC,42e85bf642ac8377badb4e16f537392892697c8b7a1ec6ed6a0b41980776f0a7,0.0728718621555343,0.6666666666666666,0.28876913414662086,0.3027272293180566
BTC,435bcffb71533678f8c160247dce8cb8a7acbd682beec6117fc66eccca163427,0.1064911502294218,0.8333333333333334,0.3122758409691645,0.3568113730919459
BTC,45437cccb9cc7e3acd4397988929a33d6392d2780b25af296f7ecc991fa7606f,0.017670649378505,0.5,0.4546925057595695,0.863725764571527
BTC,45d620b3130e389a0ff80b4c80647551fdc365ce4be966b85b227f75d3e3af07,0.0198982100592898,0.6666666666666666,0.1922459643628762,0.11249161690103031
BTC,45e64e54fe91888b7671fce0892b38e9fe8926624f0babc79fa780f8fefebbf4,0.0584617676923795,0.5,0.7542577721035811,1.1509337712976635
BTC,474d2f3569a31abf1d273743ac24bac703d69195969f399c7515ca2c085ef7a1,0.059282677161136,0.6666666666666666,0.24612105753876434,0.3773144202795846
BTC,47a6b67b898f279a981a3d43a01632d5b5128c69ddfadd4c15a0bd79d9b98119,0.0002809395195665,0.5,0.1753382333114188,0.05206458633927278
BTC,485645be7c7ab04717cbd16904f663f575e640e65951ced79ec4af43608ea1f8,0.1651490561906543,0.8333333333333334,0.23219398102168462,0.32297048044867543
BTC,48ac8be38346918dc6b672550ec6b59f5e2412408c0fc9bb9d709ba5fe96ddfe,0.018463493591005,0.5,0.30887049593478383,0.32422249492421845
BTC,48ad176cca17b4033f50018c2982349bfc9ce8e9d336db00509faae72bda88f2,0.007183192943715,0.6666666666666666,0.18368637567020787,0.0969511114430413
BTC,490164892634b3ed726840244891ab7776c4f5005a4e9a8823d6da99e1d5e6dd,0.0241634643987901,0.5,0.19742663777276126,0.17464365991932368
BTC,49b25469c7a2899411f3f6080ded16108c351cef2c85abf06bb96c1f41fd8df0,0.1445636418261775,0.8333333333333334,0.30780823222328385,0.45503875426429263
BTC,4b114cf5018036208431a0f8d3359025e776987ce046621d78ccbf119fc02915,0.0080363197640883,0.5,0.18982939467613869,0.17508239297051073
BTC,4b575861eaf1703caf6e983fe84d0dab3bbbcead63029db9d8900c779d7286f8,0.0606074755192344,0.6666666666666666,0.17642685200112299,0.05652107270651518
BTC,4c49c7cb1624419ae9f2384073921a6cff5e2b10c2f9f0659a36a0df1c9d1973,0.2933000502899887,0.8333333333333334,0.2499635783359204,0.3487834184773317
BTC,4d5aed67e25a6fc127f05329eaeb2d3ed734323067eec728389d314be3ce2041,0.0024097673892666,0.5,0.18359366167386565,0.09007059051978283
BTC,4d8d72cbb6b8f9d16915977cce798a0b88055c2fdf60c2f9b13915bdc8d35c32,0.1070251826036229,0.6666666666666666,0.4068761446378644,0.686306365381696
BTC,4ee1dfd76a802dc3546408b51c4bb2397daf69941606277d04d7cb7d9d497b21,0.0316244275989943,0.6666666666666666,0.20505628901704825,0.1231771541589127
BTC,4ee7f0c95bb362883da371e99c1b334bbc3d4942c712db3c793d074789882fd2,0.0686704384627056,0.6666666666666666,0.19973035531603342,0.16226965278569444
BTC,4f561f36260cc2e88cd6326da9d4b0f3f0d1fc7fd8c70f80bcf88e436e30012d,0.0655159286573698,0.5,0.22367484626653134,0.29525229670718356
BTC,4f8457c43e11f09f2cdac531c6fbbd536a852793ee92cec3f698a5cff914cce3,0.0200156690776443,0.6666666666666666,0.18944916496732367,0.08206406234349246
BTC,4fa239d93fc35a54e9bb8af3fdf1945300a36c799eaa8f9921c7d5ecf8c62d4d,0.0538322054850648,0.6666666666666666,0.1882630636160088,0.13140947072965042
BTC,5002e19b722a63d07743902751c75c249def755635ceb3ee7181fd29ebb77591,0.0589189292202664,0.6666666666666666,0.26560693963738335,0.3363223639383699
BTC,504be36c473e43f1ec90e3a55b48564acd98529cd41a0714613234df6020be23,0.2045062563652541,0.8333333333333334,0.4360651073363312,0.6968713921032841
BTC,526c40eaebd05bc2acc53efe15ea64d6e4903026b1f38be225b947a674c1072d,0.0749966366884027,0.8333333333333334,0.2255228130424884,0.23929692557928764
BTC,52a265a17c6b99a69781b3ffcc176f1026c71745a7e52ddc670795aa0645b8d1,0.0107739557951082,0.6666666666666666,0.17873007267348215,0.046925913776574166
BTC,52cbbb3edf9182b264daf735651e3c3c5b9828fde53aff8ad18cfa594a6cac02,0.076819189596027,0.8333333333333334,0.25210382926710034,0.3760250252439221
BTC,54f51ea75dc450bf3b0b1d8b17a85015bff04885cd2e2f5f6e158ebdb52f813d,1.8274813611628135e-05,0.5,0.20857624284724777,0.22613723507505318
BTC,551eda985b5acf0dd8e5395ce9f3213de32634d6646be3b612070af1f3f38d54,0.1704199574060307,0.6,0.30148151348559804,5.362256595922248
BTC,5556f8c74bd0fe70a920ee2d87213295e20e1288a19ac6167735e71c68c69fdf,0.0096150444294571,0.6666666666666666,0.1819931377185899,0.05753892889315553
BTC,57153897abe195b6c8e3c9ae516865682766acdc9d58277de08f747c2d474dfe,0.0135832457111673,0.5,0.32892565217067005,0.3576462873566648
BTC,57c858dbbd37c7d9fefd874bdf01eb6efecbc97436a7d51f2c755146f06feeba,0.0032486730533002,0.5,0.19122061484984693,0.13648524061688375
BTC,57f32155c9d798b9d7d31bb99657cca89b1df81637f966ff6a9d5960541785b4,0.0117767753158246,0.5,0.2517897508947553,0.38884896473561387
BTC,58318f485fd319bdcc4370b2a9ebcc32880b3f97721438a603f51edee1a09d3e,0.0071304487783916,0.6666666666666666,0.17924566745836445,0.08569154007152456
BTC,588e4ebccc872efe06448b6e3ca7e3d0bea7e0099717eced5e6b8eb292f6c60f,0.0201058951094257,0.6666666666666666,0.18738995245014434,0.07095270513680378
BTC,5970b191c530e4575d0072eaa72c9b3aee51425b7642c1eaf666f23674b0470e,0.0162620188798224,0.6666666666666666,0.1834205563970845,0.10287222331136649
BTC,5a0ee7b3645daecbf3e7069982f968fcba0f24a5f0af2a18c5652b5436b040e6,0.0092166971140552,0.5,0.21752615226020022,0.25706702866923015
BTC,5a1d86fe1845b583d508656ca5334f81014960aaa6aa5235ed9e6c19fc743d74,0.0096127802606369,0.5,0.19280652215278746,0.12579433122131753
BTC,5a33a8521343952a3ddb98108e2b43adaa244ee086750189a6d93aae49d2df8b,5.404144215794861e-05,0.5,0.1985801798074227,0.16846105751531457
BTC,5c2254dc81668e6a33c905ef9aed6fa87f3f7051894df751021a87e04c3b35d1,0.0393072473857162,0.6666666666666666,0.19146885628322774,0.09475767288656066
BTC,5caab13cd221e63247847750ac599a2f1d9bd2d1a9f0f79db71ff86612ed6c85,0.1038968820076461,0.6666666666666666,0.3278531838681045,0.4285287668110868
BTC,5d79ef502cb310f80793ad97f46bb1d333dc84eb3fde7c0bfde02c68ee76cb47,0.0513246970014769,0.5,0.235135603176097,0.31135485493061876
BTC,5d839754d4caa13a9ec697285239e21e921acafef8e9fb06f52296ab7362fdfd,0.0560662744938543,0.6666666666666666,0.2257264812164549,0.16221531797151975
BTC,5df3d9600323943ff5b8ec6e65a25db7d2d65b7e0f23875b82a9ab9bd75ed28a,0.0650515441310115,0.6666666666666666,0.1919379830411766,0.09579459135428536
BTC,5eed18e8b9d260a899746b3df7d004af20c6cdd1a02f3f87f2778caad9916bc1,0.017061962419107,0.6666666666666666,0.19998122424727838,0.14943569356615424
BTC,5fafbc53ba0d0b4773c9513fba82d8f921cde6d72ca7a7b09c1bcad3a351841f,0.2396787790214274,0.6666666666666666,0.25344365991196793,0.4618128662933659
BTC,6047fdf2d660145bc68c00fe274e9019052dce5e785562089ec894bd8b83ecdf,0.0414011345438325,0.6666666666666666,0.19681237827034911,0.12098061467113706
BTC,6094d324adae8b7f235887c5fee3cfd4c1bf0e00dd71808b6d2e660c7a5df50a,0.0599822130567522,0.6666666666666666,0.2696698843516935,0.3135883260576174
BTC,644a9e9712d1e283fdd4d34706944e120d95e740b7d3088e4c9674fa67e85ad3,0.0121869768123774,0.6666666666666666,0.18280800020802734,0.07580263810724913
BTC,678f973e830ba219568ddcf6fac99aa5dac2e5fbf9e5607eaa1be1c616939bc8,0.0162555861669108,0.6666666666666666,0.21266061921037135,0.21378270586684484
BTC,6828468ff95a85a644df09fab4a81987b83ac08a00eadb17212d3bad00a06685,0.0136434686480807,0.5,0.3063544960045575,0.3850012439564417
BTC,6927fb7d460d184d6ee679e605bde918e4608603c03d51bec7738b3136b190d6,0.0448467749689612,0.5,0.19973362968123146,0.20852455025261776
BTC,69d7138d6586c490b6ab3ba07842ec73ec43926eab9be580ed9374353079897e,0.0459801708964994,0.6666666666666666,0.20558791421517247,0.1638699729103083
BTC,6a213373b540b5ec9daacea2c37329788106e118cb1955c3d521c769d36198fb,0.1780980723739003,0.6666666666666666,0.2950954762130876,0.6407576585421854
BTC,6a67d11d6dacaae0760f787417d5ce77b3d2f0b537cf8c3f4f1cc21a86a89704,0.0052825078811785,0.5,0.18581095140989323,0.08462571089003242
BTC,6a994c2293987f541414b383e757fee297a01b9e63430ea590f850af242f56b4,0.0509571034131259,0.5,0.29480156623269443,0.49120971378571787
BTC,6a9de4a19db7d3c6feac3b14fddff1ac8bd60d44cd9dd037ab280038c83345eb,0.1014072294690291,0.8333333333333334,0.2691307678501371,0.29981819313722646
BTC,6b9c8e93abd4299eff6aac8202204954092918fa62e84c86d8b22e240bfbc925,0.0442380863541848,0.6666666666666666,0.19706111184782407,0.1066464395489523
BTC,6bf46f49383389e4913ff614ceff858fa0a1dc5a4ca9b7fd3e8817c3fa9d4716,0.038348330287413,0.6666666666666666,0.2194793224190498,0.2216050581468236
BTC,6c367740d26b8c6ab76f5bb95b26cc2a462422a32654f35220bced69f67c434b,0.0697913576164762,0.6666666666666666,0.19161344788226647,0.1188690272710605
BTC,6cd58f878ed3bc45a5b308404c7816c1e380ec186abdfd84d9c7222d4d0f2469,0.0461879122316597,0.8333333333333334,0.22817314697571886,0.16950368864474624
BTC,6dcaa2af2b5ce95d65394f5077c22503215ef199b85b3378096ecec0c246d19a,0.0143195674607694,0.5,0.19507867830513462,0.14479762028778792
BTC,6ddffd1eae1071352f448df03788b073f5ba3ffb6dd1b1650fbb600d5b24fd8d,0.0209230888258395,0.6666666666666666,0.18355575676658478,0.11044966252685987
BTC,6e9cc662ea762ed2508b77ea9e35d33582af0527b1e740419396f8f400ac9a5c,0.0098884895283961,0.5,0.19325029214384842,0.09454416727412392
BTC,7052e2b0910a80c417af1f5aa4fb1807484e01a03c7ab6e12ba23d4afdcb8739,0.0662893371684062,0.6666666666666666,0.21370140802774285,0.16593397765164222
BTC,709d5ea82e10dabd8957c6070219c3fd9f8652b618abedf48775dbf26d7eee40,0.0326256586023777,0.5,0.2743481896728421,0.4490178704828553
BTC,715bcb4ebc7adf9283a50e239bb836c4bcdbe44d6f2e5775ab341bbb3ffea225,0.0892518043796399,0.5,0.22875713222684166,0.38594266845693825
BTC,736b83ac26a83fb3631a26159a27b2fcf652fafde6ba7c8293e0194d5442ffcc,0.0029908362027179,0.5,0.2139840672163025,0.21109440287105552
BTC,74aaec9104c28e1ecbe39f23445819b47f6d3b80c11a110dacf487aac250f462,0.1419729910712198,0.6666666666666666,0.3089986564338378,0.41020454599863604
BTC,760f1574fe648d07611175c6de2e2c7c0136b354e37e5d5bba1b393b94d75f51,0.1829583764806684,0.8333333333333334,0.1831396983640873,0.0766260374265901
BTC,762a00675e1ff8aa44c854fa6e688ec1fc3f2417936d5410481ba3a03825bfa3,0.0237851103337073,0.5,0.27540701201993484,0.4946702584991047
BTC,76f26d9b325d152e5bdf7363c24f384fb334b8580cdb72c1adced7f4fa2e9b65,0.0053866048912539,0.6666666666666666,0.1709879700048618,0.03079484981483009
BTC,771db17c6de9f4be0c3456257e9c72bdd65cedd39bf7240b52a0a831c424da1b,0.1239541578119563,0.6666666666666666,0.27427646646255577,0.31671545742534524
BTC,78b43e495d8249e3da19539f7d7fa2829de736030a2300e9f42849046963cf81,0.1717993965453014,0.6666666666666666,0.4112246273851537,1.4621853981009079
BTC,79468b1833eb2c014982d29776d0e455cec5f577233096959627e4411b9b26ab,0.3999704626756039,0.8333333333333334,0.21789342778983287,0.20229582970048737
BTC,7a1c1ff06cf15e67b599d3348f9097da546e4e9c30b40f677a8708ba32da05b8,0.0027650782690472,0.5,0.21790106417573907,0.14098051032171804
BTC,7a6dc72c6125c98cbc7b49192409eb0ee729cd035ed53f1c4c52304573c74e52,0.0462326446400398,0.6666666666666666,0.23705957084078483,0.17910896795158868
BTC,7abcc57969e23f99b9c188b7cfc3077d4fdcc997630ab04292ecb6c405ee5f4c,0.0730496109870502,0.6666666666666666,0.25829968947142706,0.2862506370264457
BTC,7aef1236c3ae1e66b8db32e64b4813ff4dbf9113c95bd54144524f1d191460ab,0.0097535440502836,0.5,0.18835750009596203,0.07536262100322219
BTC,7b212c9bc10552d18b27eb95e9830c73b1629edbd9579da1ca304166266a59cc,0.0050516228535472,0.5,0.19568758180493012,0.16918441759806924
BTC,7b5c13872401b8a30185ce730330c0768e37300ac395d40a15cfb5c550110d4a,0.2241024432463857,0.6666666666666666,0.23481695028802488,0.4018126409225904
BTC,7ba069216fe6aae466890910a6ec728afaa04da9cf22bdbc40e0ba5229c1f985,0.0040674000512211,0.6666666666666666,0.19038065891956302,0.08526117535016967
BTC,7bcbdc2308225909b66395d23ab57b775707b0f7a1d347514173cbff456c246d,0.1501825407439117,1.0,0.33674105357090534,0.37287075834587186
BTC,7c15fe2c9633a80f051ecd5318a668fe766ac652192acf3757411d714b40ee40,0.0135841420565241,0.5,0.20255116111810573,0.14618099303800455
BTC,7d5c49ad57563268c40a95c40b52b8f773254d01bd0f5e97bc83ccf0ca7cd401,0.0037254343703825,0.6666666666666666,0.19032241225046131,0.07571794163634848
BTC,7f1c0345ea6546d72acc064271f476c7d86470948eb483681bcad787f78604bf,0.0029152874720824,0.5,0.20974724182853638,0.17936178460415592
BTC,80e66f591f59940335b9ffddcf62cb9ff8adc1e8c29e636cf3a756d169800a44,0.0165991788999605,0.5,0.2293593609547774,0.17571167723883693
BTC,811ae939f682e56fc2415e7ce60034e5e8a45e48a800d5410213b4fb30366ef7,0.0413552555537694,0.5,0.2117305617463525,0.20196172725079153
BTC,81519519c6a553f4ec85bc2a9ad312671b208684867dd1a9bd0ef973e064c180,0.039981926280819,0.6666666666666666,0.22319596975259862,0.4229755957659868
BTC,82f4ffc5e1331afaa9c7be6a2b0053b1772e57fc1e9329c5a513c7f36149719b,0.0035492313083556,0.5,0.2089987573769861,0.17253239736114412
BTC,85dbdd1a9d0302c8dc28a31249c13b4b692307dcd592b34495ffe93653bc06b8,0.0275286899778049,0.6666666666666666,0.2292670612557436,0.1873239940641071
BTC,8600a269500da6cb60242d738141083ce1ab31d13e51cdc600cb5bf089bf4f52,0.0646633918033135,0.6666666666666666,0.19029937694997898,0.06726520207090236
BTC,8674312ecb24e3e02dded20d971a5f34e8721ab89d0fd9f352471f1b4ff76237,0.0050317130213324,0.5,0.20976388095254656,0.12930533994439022
BTC,86bba3866c322d8dfd8d08c2be5be0477bd3cbe90163c6348e5a34bc65173f9a,0.049023182229117,0.8333333333333334,0.19505591332720784,0.24024446757660387
BTC,86c87a82df15f8c06fda660cde86425f6f7b0e6db2d0065c4a33f487040b72e5,0.0430810417056619,0.8333333333333334,0.2965845404898881,0.34662651376308995
BTC,86de29c082f79b2db0edf9d6eb52c1bbe8d3f1255eb4f1201b1db002126a1e2d,0.0420103884976173,0.6666666666666666,0.2113857744116591,0.19162961317749067
BTC,876b4cca4eee349f4e2ffd8e68cc087a3a646fb2339ac09f050729e86e91bcb4,0.1382414602327693,1.0,0.2584606108001906,0.2360759950098418
BTC,87f34d7f780a05e262d04a6b96339bb33e5ff057b43c276d5b6a6e316236e16f,0.1144418778903503,0.8333333333333334,0.18839662619354625,0.12314815463146053
BTC,892c9eb7e795090828c7cb197f4ca937748572270a199de8c6a6bb241c7a5f7e,0.0015634199638589,0.5,0.196958800551994,0.11379165855678657
BTC,8aa77909d71249cc4c25de6453ad0ee592cf1195b7b4f15b6893cad8322ae9d6,0.0828828548450937,1.0,0.18586030161975445,0.08715512142577193
BTC,8ac5028347afc2f6f0580755fb75dde9755131dc1cbbaad9004612c95a6f51c6,0.1914686706144289,1.0,0.22495698934847502,0.14268828559707022
BTC,8ae27573efd309bd6f7b1f50109d920555de4a1e71a1c3d1359beda35bb5a84d,0.0787735831410894,0.8333333333333334,0.2671187264707357,0.4451645317295333
BTC,8df076bb13fd418da238b1d10dc2bb4ea56d0b8da58bd233d99f48610685ff04,0.036802677828792,0.6666666666666666,0.20349734058709326,0.20147307398721656
BTC,8e7d14f06a5c0c2385a60ecef40c622d89bbe91e3b518a5d99061b0a555da9b2,0.157016688709926,0.8333333333333334,0.2643299732572702,0.3032893986536802
BTC,8e95a347ecd0504e6a43cb2fec70218545c4f5095293d631912e0c46c3eea0e7,0.0169962147694209,0.5,0.18976495432794468,0.08757548737346882
BTC,8ef0b3c3779d77c0a28b10946d8322d7f2baebecfcfec9cadc6d2b54afebf7c1,0.0018177182000613,0.5,0.2027756427166471,0.15990045837612019
BTC,8f9df06abc615f43857e2d9342f67fc9744f0d55d59443dd78dc357604dee047,0.0816928296711528,0.8333333333333334,0.22602249838831145,0.23628691614442532
BTC,90b07b6eff9af2fe942d20faf55e9b904ef3fe76e036da722c38aabc0be4c34b,0.1382705210499971,0.5,0.4594604624065214,5.127836524763678
BTC,90eaccd674fdace69d9a36579a4f39a99d3c3d85be64321d0d5fbdca2e2b8e13,0.0307616253367639,0.5,0.28643697734085055,0.40593328702452003
BTC,919b1cf330c9bd210419a804cd757e5574f38bd422a9a29e3699f96001f409f3,0.0119340412029487,0.5,0.20341821302000304,0.12528573213815206
BTC,91b85ce9808648664e772fb7a564e67d0ea772f5088d416eff47de086668ac0c,0.0002418496407691,0.5,0.17927319237434738,0.05240284424499764
BTC,91d310ceeec38363212fde9c6eac77a171d60ccceb23342b1fc3d41360241714,0.0182150290343221,0.6666666666666666,0.1979166674020798,0.11447661841062294
BTC,92695a280d3a5896a49c3dcbd7828f3c236a93dfa9bdde5e64e5348e3416fe4d,0.0001275611086824,0.5,0.18146433996550976,0.06652929505001151
BTC,92e2587702b2f6dc47e2b0d50ba117683a0a16aaaf524af4e9fc713eae88b640,0.0371759947557012,0.6666666666666666,0.19938910680352,0.13733714409793946
BTC,956021603e32351f263fd4edad11c439583f4f4a01d3860652b98d0d5a4b3714,0.0389630936237237,0.5,0.28350668678894575,0.7586078340731076
BTC,95634927fb806169eebc642d578a9a0f604e2ba52393a3ce3b8012ab16a4513e,0.0841594587344293,0.6666666666666666,0.23836365812683,0.3210052178309071
BTC,9588d69704deffef8e1bdc419f39c64958b8d24b5bef5b4d3ddcfa1e93a06d08,0.0479202612333706,0.6666666666666666,0.19476318445932025,0.141889821368488
BTC,95b98f383c82d95fd369b80e4b834a498f2421881ab239d96497f277d805356d,0.10263035326436,0.6666666666666666,0.2427215916858976,0.3841899935266057
BTC,95d46bccaf48aeeb1784477d9b71096f44009e7fec48a9d53425954b2066cdb0,0.0009767723433162,0.5,0.7527028820206143,1.089527333711682
BTC,96796b0e994bf032038f6ca42dbb35059a9cdb67afe153f4b014700ae3291575,0.326185176014068,0.8333333333333334,0.2070419718934522,0.17454397670753538
BTC,998e4937a46441ff80f7d0149b69f6ea15d2bed4a159c5cad57dee22a4b55823,0.0284559903221553,0.5,0.21177422289560485,0.2103785863379363
BTC,99bb3d0bfae7e39c0ec8514d8ce35bbb79f2034db291d291af6119ddc2ccd83d,0.0706573501676797,0.6666666666666666,0.5738471120427521,0.7866139274739874
BTC,9a550f8f27da33d316afd942b425f1cd895f9e6efe3188b590db673d8e2a94ca,0.0731392252248474,0.6666666666666666,0.30594040260492045,0.3451121361939981
BTC,9af54988b4e16985cf11200b0b34c3d60088c47b8d03305c19a28780ac50b4c3,0.0140751340856592,0.5,0.22163698798182543,0.29921638775788306
BTC,9b74164419a05f9355da6f7993407c2015ca79cb0df660846168c8e301b5c505,0.1346476088424939,0.6666666666666666,0.457526554272984,0.7207747222743112
BTC,9c278007e256aadd6f551af46e0b6a8b36febe9f0f8010dc0a1735bff9407d6c,0.1338332727601328,1.0,0.30398587628403295,0.35163159403406263
BTC,9d26ec21cde6b8702d724b64f49122128244f2f62c89c24e884ff0b30697f527,0.0001979580835762,0.6666666666666666,0.20882564185888458,0.169542034963379
BTC,9e202323c554bb05d1b913cfc821ab603dc02a995c8ddd1b791ad7e1cca8fe91,0.1115306506284934,0.5,0.33527276541141077,0.5003998309753236
BTC,9ec7807744426dbcac57f77d76cc0e7bc5925db800ca10ebe144af1ae8f76edd,0.102091555038355,0.8333333333333334,0.31384555265831704,0.5068846618902532
BTC,9f8383b82dc6b25ffb2772e75071c0ba19247b74977bbed468fc7d091e4da3a9,0.0368907893212746,0.6666666666666666,0.27842293241373467,0.39241563240400157
BTC,9f9955f789ec5e0e76dc0246fac1a8610b81f8900f6e8f9be6d47040105f3866,0.0044770778757838,0.5,0.18777209211225243,0.08309240450335403
BTC,a1ee9b12316270d89b5982216790520a222041c98f57ad76ae5e0cb531f0ce47,0.1651490561906543,0.8333333333333334,0.23219398102168462,0.32297048044867543
BTC,a32bc126aec5e55af27c970e6df32ac4234beb09b6bdbda66632e7d107767688,0.0958400513889895,0.6666666666666666,0.29203737825735765,0.3175031095969624
BTC,a4ba0f0765801fc0c6fcb74d668316773579bc93ad648afcf69389153fb600cd,0.1537844440141454,0.6666666666666666,0.5288657750032167,0.764595034793377
BTC,a94dbeaa3cee4258122045d3d4fcbd637a795aec273457519fe09414fbf47a6b,0.0916840987389229,0.6666666666666666,0.5658496424222503,0.9725507745507516
BTC,ab3d17d8f8270ebb3374e89870a1660975d143961edfcfab174816d128941a02,0.3031041036581798,0.6,0.544683054139425,1.581866003263049
BTC,ab997ffb31b2bfc60197b29dc4c614fe5db9be332f740237e6995f97a51b5f68,0.085129597226501,0.6666666666666666,0.23151327145475517,0.39733050460217256
BTC,ac8c439b1c595186ce70d00f2c9d9d75745141a02de3e2cd3eba54097175bb75,0.1143099568753535,0.6666666666666666,0.3121297135559318,0.39896254295792455
BTC,adc27cd984538a3c816e8717c99fa97f4ae9a76ddccf808bef4b118ecf86540d,0.0072432336265338,0.6666666666666666,0.1767932124637363,0.04048995074844614
BTC,ae4d095a294e5bfbdb05d70b034c9bba8cff6bd22ba7aa7372cab5c598373b70,0.0162878351133033,0.5,0.28473996235802046,0.5797919733837799
BTC,aebc4b8de16285763cd408faf0a57b5e971ed012f411134afb8353a9181de6d2,0.0122992249154133,0.5,0.18339153092343466,0.07036728092408802
BTC,af88468cd52397cd9344a1e3ff7d1608311301e0abeca504704346e8aaff5bb8,0.163858440017367,0.8333333333333334,0.4672111384804226,0.7361517207384183
BTC,b061dea4bb02e215db47209ee0adef6b64d82d7dfa423e5ed81d448efa498018,0.2728645528112728,0.6666666666666666,0.2689890889395585,0.45121362587426367
BTC,b0f13144b4cc4bccb0e7e72015a5b336538032bc571346d8770765598caf3ec8,0.0408510803705407,0.6666666666666666,0.17413949389820202,0.061785002500998755
BTC,b1314e29f3b7f924afddd26be64b4ab5e3fb435ec5e3a1b6440888124e5a60fa,0.0232801963900489,0.5,0.2757201374772656,0.37313776515297986
BTC,b2cf70860c6df64fad0088ed6ea24fcfb36849f2265c46cc105eb0bfa72befef,0.0121351215047094,0.5,0.22016863934360165,0.1516460291495552
BTC,b3ba77f89d3526ae0d02ff86f07a2cd8bfb6507de0e6b214af6c0c88bd993972,0.0868105597756822,0.8333333333333334,0.1813091211600944,0.08370133691263633
BTC,b3f7e1ea882ba5e37c3a865c192bec0770872c5a5b55b34cb252f0c491b2cf4f,0.1596237619960607,1.0,0.30242488467895695,0.3175742521389747
BTC,b4ff42eb7e15345bd8722c2fa7c17825f3719c30bae9f7b1d6af0f8b15507eea,0.0291351609033871,0.6666666666666666,0.21634912436635062,0.1404265625931584
BTC,b5ad9f80492254304a8ecbeea743a04ab781c009233b663908580a2b49c36882,0.0773980230170348,0.6666666666666666,0.2865432532599509,0.29712593303623586
BTC,b634e1e9581ce3e77687da9aa060b45088a845c2c346f02f3a19e474a5d5394b,0.2137541998432388,1.0,0.18467229193929077,0.06458795876366091
BTC,b65634a6da719a44bf98cc35092454bf21cb3769b40129d331fd764d427e316c,0.0455327944301327,0.6666666666666666,0.2479036851527817,0.22157445557820393
BTC,b6e9bc7189209fe9b80518c72af84f044a0018f6db069bb1e234e8369ff25afe,0.0261005574756866,0.6666666666666666,0.1935156617948156,0.10650916333957576
BTC,b6eec8788766301ba5d3cd828ee6ac382ad3ecac78d29bbba4a2f984c50a7c2d,0.0218490061231981,0.6666666666666666,0.18502735381187407,0.07803105405438374
BTC,b7b32155eb9e4ed3dd04a921a689d55eee24f3a228aab374d0723c72ae352c9e,0.0625870440915965,0.6666666666666666,0.22858819643430497,0.3380314047248649
BTC,ba40d4b253dc7fe22fed2a320b0e0fc4bd7e1c22263f8767d63da9c1b80d4355,0.0715710966205882,1.0,0.20779549994690485,0.14005959352403516
BTC,ba6ff46b469a8f3c6233b127c4cce6176f9b8c53bbead62799421660494de65f,0.0568084895114017,0.6666666666666666,0.23807649049489024,0.2446005994661119
BTC,babdcc660bea40aa3968fe3099f238ab3f8c633319edb402d0de9aa40872bf67,0.0005818101848988,0.5,0.1907400633362523,0.1043321444805211
BTC,bb1409edd5ce73d3214c9c8b7265b066a141d6e98c1a2b9eecfe1c4962d6a45d,0.048547569366051,0.5,0.24749413094611483,0.33537764117157254
BTC,bb1a58aa52566dcff46ab9347de245a14fa8a1c1be9baec7dc61d48f4d865b13,0.4147681901729441,0.6,0.29405456611709213,0.547375518392132
BTC,bb5f05dc702fb4459f8a0039bf576c0f87e596d79de88b8103bb10ffd2cbf85e,0.0622452335872348,0.8333333333333334,0.3266205021630619,0.35846855724662124
BTC,bc460e661e50f1c39e93aaf6ddbce7e0bca14a7b447177f3b05c7cdb8ea7dd2e,0.0162907424736601,0.6666666666666666,0.2654120599439891,0.4636077248385722
BTC,bc47e09f238a21c9f339d4b07a2081aa6b665064f3d3a175ad09dc864e1b62aa,0.0102821245658902,0.5,0.20713963686005243,0.19898284204534572
BTC,bc858f4f551ecfecf3c90e7b1b0dac11b56ed77d63469c778ec83a2413747b6e,0.053744593374994,0.5,0.5384575123145472,1.2772317806568654
BTC,bcbbc0fda4dc77f27fa7b3a46727dc4cb0ad1b5cda7d6fc95c870a91e18d7863,0.0532370177323847,0.6666666666666666,0.20861551098581266,0.20363382850021045
BTC,bd0c2dab836193ad8b607f5aa703257df924757c9cc511b796679702adff7acf,0.0427706409043726,0.6666666666666666,0.1978747236562427,0.13815939448476008
BTC,bd1bcabf40f2b08afe30591827b5e874fff1db336e98ecbbdd89b33f70744ee5,0.2290162101859196,0.8333333333333334,0.25339373788039754,0.4502397465803474
BTC,bd54e4a296a29aab9978cb82b2bbca5e8ff4ea8d5d7553ff768d3af55bcd8054,0.0413066951535913,0.5,0.2051041388049075,0.2536747277925709
BTC,be4aa86e9aa060c888a54a295234c63b7816110c5f2aa424ec922e4f9ef38dba,0.1145419666209648,0.8,0.2654947560427264,0.4722820799956589
BTC,be5a3269a638d731ce7a6ff7a5b53c9f814d4f3e8233c6719ef60e68ee5dcc77,0.2124441036222074,1.0,0.3405244200870757,0.3828345721317405
BTC,be613be18290ca65a639576df2fc67d064ee4be18300c91e88c9af43c881c1b3,0.0192871638716465,0.6666666666666666,0.1860324228227473,0.1068346304828713
BTC,bef5f677ec9387eaa1109e77e44078842e76513db2abce0cd45799c9c2dbcbba,0.0571064687683814,0.6666666666666666,0.26095358632226645,0.3714132512277177
BTC,bf9378af2d5954bdee25f4645eb4894d274b8a91af386f768f7b79c7d8355130,0.0061024984569864,0.5,0.19388206874951278,0.0974884749466421
BTC,bfca16b18b7cc069d52c9eb031e3ba5324034455fd8d2a6bac75d1b9f958eb15,0.0048946015524518,0.5,0.2551846634121081,0.25816109857329317
BTC,c0c16e7153a27ef33202f5d19b0e38db674f0039bd758aa7ab37547e80f56eed,0.0164834094897437,0.6666666666666666,0.2761439680452477,0.49579769043917243
BTC,c16c641f673ba65bd5792115f1fe87b4b857be6492119c8df765fc980f301cab,0.0915913106082063,0.8333333333333334,0.28476506696205045,0.331292769807305
BTC,c335e34f3ad09fdbbaf4f724914e90dd4674ebbf618af84ba5ffc542e5bab254,0.0128535723083018,0.6666666666666666,0.2745234768924869,0.3389661255457393
BTC,c339ed1649d9abbc5c71d96d8532e212a35f122065b8545aac70d28c275b308f,0.1425813111748979,0.8333333333333334,0.2161158797743199,0.4337780322055154
BTC,c54c2e076098c7c1d2aada04dc201bb6730d87ce82bc932a1133f2ee7d4da981,0.0396697928534263,0.5,0.18007191334991465,0.0675507987253669
BTC,c587bee79b30b288d33c627b407d33d76052606f207acdb092f7bcc2bbe82aeb,0.2175849287527656,0.6666666666666666,0.23193653311173315,0.22186369114612142
BTC,c5e0a790902cbaff638366038d0e3135327d6629007f34848ff4c87a191f8731,0.0094777404876388,0.5,0.24925959399345202,0.3564675881959497
BTC,c653e9ceea2e348a139d7adc92d250aed34f7e3d219f8f5833e7c2a8071f087d,0.0556993654658083,0.6666666666666666,0.18445957798228535,0.06719223050292225
BTC,c78b03835d5408fb21e6d2c4160315c9d705c451263c101e9097073a4919e67c,0.1560989676914106,1.0,0.40676655515497906,0.5945737968829126
BTC,c83e4e0d16600cf71ffa075ae085aeb888887b706cbd23cff774086540c8a316,0.0102913539370366,0.6666666666666666,0.19942624766458783,0.11603477024482535
BTC,c84c8e5c2eb725f1cd9aefe9d4bb735bf636ee060a64ae0f73c5215bc463e46e,0.215868735782473,0.8333333333333334,0.34728097340375985,0.6857903036898926
BTC,c86b6337c96e96461e360b6f6c91e830696e44630e54f64b39a20db4ef91ab04,0.0803226450352924,0.6666666666666666,0.2817828950184256,0.41642669708322777
BTC,c99a480e82f3760c228a8a8249787af0884f4d70ff4742118e62cf595f4e3075,0.0033767876566056,0.5,0.18792328883937998,0.12022907124556668
BTC,ca2488123127d75d0421f9b30e39e6c33c56bc5e04a44f5e415601dd4bb07e5f,0.1888502649865171,0.6666666666666666,0.2439631272504674,0.4022564928914511
BTC,cc8273ff6c3f519339b8d9d7d3ec9ba1b2ebf35697418e3eb27810a133e9d250,0.2225636222731567,1.0,0.28322846603475804,0.2836710031641519
BTC,cd40f1d1fbb759ec831f688e0b6bca5677b00afc53e8210427ceced7cfb5a376,0.0971863383318074,0.6666666666666666,0.25401631013130715,0.41661065138067377
BTC,ce73bdc54fe0c7d98cfb0981c3e46fb6bb6803c8e7fcb2f3dbc7635b485b1363,0.090016559450363,1.0,0.24995398929303017,0.22501403527834393
BTC,ce9926adb94e1af27d3019812b56a0511c7757710bebaf0b8f78ba827106fe7d,0.0465211788149865,0.6666666666666666,0.19948215842922778,0.1344236827495516
BTC,cfcf5759a52c1538adf70c20e99ba4abc5e0051e12dd4972eadcef381f74fa77,0.0194092927292487,0.6666666666666666,0.17091037183763086,0.02386813872125983
BTC,d14b39a1493201a6dfbbccd0a14d591aa1f4007efc014ab5ca076495620f8271,0.0361167970448027,0.5,0.708228232720634,1.1159541919225175
BTC,d25829187de02bbe5ae2c3b0d422c4465ab3985b010c09f653e6311ba029e1c4,0.0145833533287088,0.6666666666666666,0.17591851804836195,0.0640988022919265
BTC,d35425ed1873b6d8fbe54b307c6059d02e251657eacbe1132b3fd7ef29334f52,0.0035533963484583,0.6666666666666666,0.18275303114331953,0.09841250819292406
BTC,d35e9a53a343d7fabe9ce0e432c36c6561403cb9e51f22f0c762eb728314e83b,0.0004711056930415,0.5,0.18013751965855276,0.08344029768977883
BTC,d475a2c4dff424eb6c296d7152dc1871b54fe468e969acf211a28d8805601824,0.0026927052495779,0.5,0.18517446777987764,0.11209533587638335
BTC,d476c02a1641deed477eb2be52fd7f4a6b61c5f161d864988995b64265af2d6c,0.0913489074088822,0.6666666666666666,0.6358818942580688,1.0005934284346283
BTC,d4da33be462bcd195c24981da67c2cf0691df47060e88f966d5e036e1fcc08e7,0.0200273488052199,0.6666666666666666,0.3085777180080401,0.3532507875974038
BTC,d510837f9e9725e7790985aeb76721c1f1021bdcbd24942a35a86294b8535057,0.081304677087479,0.6666666666666666,0.21072120567618755,0.3217920782775168
BTC,d563549cf8d013addc3588f6dbc7c1e32dc9d189620373042a175c9bc1711b47,0.040253491146654,0.5,0.2061703192041084,0.2458790092502866
BTC,d56edc80a9f28ef2d081c15f21382085fea2b558c91aee2d2cbc615bf05ffbce,0.0010165214085644,0.5,0.3467779099780721,0.6601325274495855
BTC,d5703996a334ee17069e3452c144e67dd3007eef8eb6cb71ac4de66912e0a7d8,0.0186826619483769,0.8333333333333334,0.1903246764802303,0.09389955611679979
BTC,d5dae6baf935aadb8ae4bfe666c30cb4dc1ea0f01385b440c8a61c98a7415f32,0.0377646544309432,0.6666666666666666,0.1955338730005115,0.13842467662300353
BTC,d600e9b151e6b183a0c9d8bdd36819cbf792876f039fd670b200ccd57270b22e,0.0183179948624117,0.6666666666666666,0.19048196515601823,0.1669428620681975
BTC,d72b13642d2669ffb1a6e13a406a746eccfc2a5d90bfe1bd102b653b38da7920,0.0256170025429619,0.6666666666666666,0.18656557666594834,0.08595784776240363
BTC,d7b4cc91afad58465dc374e34f4d238540d939dccdb93afa1d50aaf643c5488b,0.0003277862993138,0.5,0.20015311397158592,0.16321732091864768
BTC,d7c98e96db83f16abb27add0c124bbf88ccab8c986e76576f18d6a930cf671fb,0.0561461207396251,0.5,0.30269476430869385,0.6191077552693638
BTC,d7d6b9715103a4aea23e546c91df849047893f7f1d62fae0fff0d305904fcf93,0.0517643803417507,0.6666666666666666,0.1983406891027392,0.10134826814776762
BTC,d86f67ee0c19375d66805fa81954859f6c4197666b1ce88af982521228a86c80,0.0158070496618192,0.6666666666666666,0.20700031801986762,0.1808678544848764
BTC,d8ab5be460e5015a295b4bdfe4b1509baeae3d76a94baa9902416140830bedc6,0.0734811764325213,0.6666666666666666,0.2579662570000152,0.46981055425464663
BTC,d9838d2d06f6b9458a1446758c0d98fc3bdebe414ad215f1f06925bd71705c3a,0.159107669904734,0.6666666666666666,0.5747533855097613,0.9705677047864248
BTC,da4cbbc6707fe5414c1071b9088c7d95bdd584be66d0710e9ba15110b16ff44c,0.0195899133218758,0.5,0.217905430919597,0.3665857650116438
BTC,da9a110d1ee255ca9f9808be8455aa538cf8119544efdefeb8e877977e6d1b6a,0.0020833413527641,0.5,0.17483842241967795,0.049046394052185874
BTC,dadab977d72903e4b4f7c1acc630becfaa23117f877d71fea20b5426ccd07cdf,0.0576499878588227,0.6666666666666666,0.20284965100204919,0.1265286126841975
BTC,db43298d226810b079c0a0cf7547504761f65e03853f85f50a004531529c2f3a,0.0065526743817589,0.5,0.20016625327631485,0.1660430986823686
BTC,dc06c1db2b5b22a113e7a2b2534c807144586a5599cbe6afe8365ec7c33f2dc7,2.272150064895964e-05,0.5,0.17678288174477244,0.06273781161138546
BTC,dc7a8612992aa98019d2691f8c3ecc3232ef9db59a9f2a57749a66798d49119a,0.0356639617989496,0.6666666666666666,0.19186797994877403,0.14404799564864298
BTC,dcab9d641aaefcc87c6d44d99f9828347732dffd0d341e52f32c879ebb1abd12,0.0989347182924754,0.8333333333333334,0.25401984601144256,0.3542678469000746
BTC,dccf889280a2f2ee5a2d3a59f90fb278be622b9c26c05dad860530415616c8ed,0.0522778617016988,0.6666666666666666,0.2019121969849638,0.17419306648875277
BTC,de4518f651f07925978c95f471979d22d7830398242464bf6e55b2585f9c741f,0.0178226472341554,0.6,0.27855119534217887,5.221880606159128
BTC,de865b796058399285702ebd362934edc9c0bdbab3dd6b3fcecd0e6315a3d732,0.0039791856966119,0.5,0.29183216742109586,0.29872707092455175
BTC,deda2c435b9ddf415fd38da271fcfa6b11043e9daa09134258c56cad2ebadd78,0.102687953764149,0.6666666666666666,0.2857532627136954,0.3411768782018278
BTC,def8164c1a7ef644ae58c4c0deee8a68e27534cf2e9eb45eb026a80721950974,0.0354221108132376,0.6666666666666666,0.21889557092355372,0.2481893607223077
BTC,df03bbe561e7c0bbfe6fe9653a81e6eea0b583402d1e3ca2adf8c791d58692c4,0.0260512279638097,0.6666666666666666,0.20188317396673625,0.118545885966281
BTC,e01f2f93347335b22d8ec739745d5094767f8c6078ad455276dccde6c67c322a,0.0317001358171508,0.5,0.2107826238506511,0.26073930287968394
BTC,e046a18a71e480f8fffb3ba44c467b3475d955b8a255afba24fd8ae327e5afca,0.0183478718269639,0.6666666666666666,0.20867782654295558,0.12882733728989584
BTC,e12c107e18abaafecdbf7222cf840c596db70685b0252a7b6977c139eda96a27,0.0043885641992862,0.6666666666666666,0.2296564271617953,0.20159293584036356
BTC,e1877a378a3b060420f3d9be137b87a63fbd36f63e23e245db44e07fe709a452,0.159242718919462,0.8333333333333334,0.22896096018197118,0.26301754626960816
BTC,e257acf70145ad46a89d99f3a17264da50a23563d0fcc3a88cfd10a7376ba377,0.0060463875579188,0.6666666666666666,0.210444307714296,0.21343795433939278
BTC,e27e438227c2d82a00d4e91c1012b31b93d0f1c6caf221561ca6776dbc70698e,0.1291196196983928,0.6666666666666666,0.22545084675775828,0.19358462119510564
BTC,e30e8de193e0f4593e9b23ee4607073ff3417ae3f5703a1ae2b364897b51a4a5,0.0378798130237648,0.5,0.21162478758149234,0.19890443224423457
BTC,e3fda452dcf1c2a21038d8ea809bfedc6b0a6665df555b16d0a6616178a61301,0.1906702681114526,0.6666666666666666,0.24356359163970712,0.40438125636159994
BTC,e47e769c17678561d07524cac6b8c42f528f2fdf6cdf3e2950559a18a579d620,0.0124514972760073,0.5,0.24590795441498153,0.24056725981334467
BTC,e4d8832c5ca62b5e82e7002278d607b17b799ac1f6ead817e19ab56758fde085,0.0641344946874502,0.6666666666666666,0.2600661149506287,0.4701819387914053
BTC,e6912df12aba1f09fe36a941ab8540fd8f4329a626487d07f29f9ffb39f0e68d,0.0262414213288871,0.6666666666666666,0.20431749893565615,0.1273166672356494
BTC,e6c336c2dc86cc1f5a1ef7264eecd2f286922d0f1e9e72552a68b31ebb6ee661,0.0012540801118999,0.5,0.2018872192545543,0.1404526969737254
BTC,e93f06a0efb51bfb7e1e6d67b9022772c6d7ce7fc6a98e96d58c54c0d6c3aa27,0.0138168477424886,0.6666666666666666,0.18374428829521738,0.06397588867284329
BTC,e9aca4d8dbc757f405cc048487337405428d9d284cd8d3073ccae25cedb6b606,0.0474985443728899,0.6666666666666666,0.21404131346091762,0.21574937650559206
BTC,ea155703e23e8e86d869cd2394cae319cb7e37ae5d9e6ffd121f5cb90c9ec7d5,0.14496124005379,0.8,0.35933736497989704,0.4977809347278163
BTC,ea3fcecb5c586e5b3498183453617aa7efc0842e35f2dde13ac426c68738a9bd,0.004039512131184,0.6666666666666666,0.17973667329993467,0.09853078077679935
BTC,eb01484f24b831f188535adbc346fefe6f81aa3e3f4bc8a95039ec51af72e05a,0.0012018233778949,0.5,0.17935101719957605,0.06449749553483823
BTC,ece0bf4e31c25169f8873b9f92c0fc84e20d0d17196f17569087da8a6d044cc9,0.0847524382777273,0.8333333333333334,0.20731038700469173,0.14504276218022616
BTC,ed868aedefa06a5e9e4d6da5c484e0b13f9960ac5c88ba353299f20fcaaf3469,0.0051354370445492,0.5,0.22019537074108989,0.2122679969303697
BTC,edfd74e8d023e6e7c60b7847ffbb931b5b27fb1bb20b4bed339d2683fd5c93ae,0.0535540155804302,0.6666666666666666,0.33561879544441314,0.5430170291606911
BTC,ee1a940edf646437a29cb8927f2ff79d09a3ce659d1c955dd6ae8a30f9633ea7,0.0108630620056913,0.5,0.19646129405261858,0.1513087392339884
BTC,ee6fb8c7d7cd813bdcc7040e6e599c48723d946afa3a0839e7a0222821c9ecfa,0.0620640425966964,0.5,0.36375575308721264,0.6106107765430018
BTC,f151781f56e74c680e217cfa7b4c789a911c76a847020af5bfc8adf672d5ed92,0.1132195749810612,0.8333333333333334,0.2271834699291477,0.23084819582903562
BTC,f2266c537d48b1a2dd76f8c71e815f568016372fc778270cac0b699d82c510a1,0.0172438807443446,0.6666666666666666,0.190361124374692,0.11397550818536387
BTC,f23a07a90d9a328e086eeda4bda177309a7f3951fa78c69d620fe7eddcf95156,0.053255909956648,0.8333333333333334,0.19001163012142983,0.09813327382536961
BTC,f2c4584e027cc7df920185f448988313092472acb5c3b774d128b645b1f6d764,0.0083991126491029,0.5,0.25820108536599623,0.2997431134606609
BTC,f349b4d7abc35687e6a1e99aa07d486c2fedc4081377ac0a92d83619fc359efc,0.0174338226687507,0.5,0.22312204596226548,0.20249840882171413
BTC,f3a278c7b00dbca5ea7e05e15408a3767b48c333d528aa3edda9350551b2ca32,0.1345740631384828,1.0,0.3406190219847788,0.693335828812098
BTC,f3cc6d5bec65c35de832a474cd6a1954ed80bdf8fcc827505f63b2012f264a27,0.0169392061228392,0.6666666666666666,0.19975982811848061,0.12367373938784862
BTC,f400d6e4a796fc65131e08f37dad758fb6083d2199fec4f2974a8f5214905535,0.2041292548494418,1.0,0.1956662206665508,0.1812531098790653
BTC,f407e8cdeb570307a0a44ff7739e5219bbe71ac14000da034fc52356681d4997,0.196861191861934,0.8333333333333334,0.2931782853917758,0.451986808974121
BTC,f45122781b756305b261ee01b60165cbdd0e2cc0e88121e28287e02d892d9c59,0.043735942138837,0.6666666666666666,0.3439384605420575,0.5368944132244649
BTC,f5177bc3f11cafe8c782bdb8e1c7b99f0eb072cdb9f7aa7d71299020ff167eeb,0.0637414688390655,0.5,0.2061502709753041,0.14069408184945492
BTC,f5a6c8777011ca5815a15ec81f5ef769f5c95153f0394c3a39fd9bb37316cb88,0.1162744928839031,1.0,0.24654357972810687,0.25769463603535897
BTC,f8358ffd11686cd5cffb7fb40e7781e43837fbdcc35b58ba5d091be82db23500,0.0009956571919582,0.5,0.17988062206154137,0.08330728302784142
BTC,f9fa5b398fe5f3aac7fff6d124ecb00da4ff22802465bdf3f33b4ccd2f8bb0c8,0.2493108166513057,1.0,0.3141850220018063,5.321873126633334
BTC,fa6d6e9f7a4aaf78a4c9020789aa5e132fbcbf84e7d8ebbb5c43d046972e6dfc,0.0209618350386597,0.5,0.20604386848002806,0.12385277503629852
BTC,fb68807f7f48af127a0c1a37cefa6f26a1c571279caba511c613b50d3df3b6d9,0.1116577933728739,0.6666666666666666,0.3675200741232369,0.6409267069474517
BTC,fbf7da9ece2073645df9ae12877d7e7c17199b1a1243b69ad085c4531d2aebfc,0.0060780284756268,0.5,0.21300340996564035,0.12281092531435743
BTC,fc400e02e596346d3039f5e98bcc7338288627721a6d9f5698b7a2af11d1b385,0.0364939370893444,0.5,0.197079679875841,0.1349903812919394
BTC,fd34427916cd64fcd9d0b4084e78e29bdbe0e6444b5899b1254c3fa9e3ebcf25,0.1395527835063035,0.6666666666666666,0.24685433529779868,0.36937687556482085
BTC,fd7652699d1f2eb2bb1286701f1fcc70e49e7aacc9826a03f6e3aeb3da1df496,0.2202602001033871,1.0,0.33106100414363554,0.3528735514168118
BTC,fd9d1b2be42aca484bf8cd3bafc7af28d4c4690b1b28cff5d716e2d53ea1190c,0.049965830769295,0.6666666666666666,0.25195788652781925,0.2655748683183312
BTC,fdd85713260fa55e62d050c4b53b5c0b894c2ec92cfc75d60410e4ef97effbe0,0.0941680240244756,0.6666666666666666,0.27335782534779973,0.41827388771948626
BTC,fe2731d58ece5af53575a31dcb5bc2d4aeb454756b7d4fc7c3564eda685fa989,0.092469173635574,0.6666666666666666,0.19113628337889055,0.10812951029523168
BTC,fe6610e1a179fd8875b90dc7d827e9229941bd9b2e3a6bd85d0314fca4f1e726,0.0044567496137108,0.6666666666666666,0.17971816156446868,0.05514733848886721
BTC,fed7f9391ae86c4017e831655f24c725b02c1580da5faae913af1a02e9e17fc8,0.0067734271540998,0.5,0.17691224201945563,0.05304640287111174
BTC,ffdfdddfe3332137f8f332b46afdf545e34e7b1c85ee55e0372246d3a5a2c5e7,0.0256216057000442,0.6666666666666666,0.18272266044952593,0.10560788011638467
DOGE,003478dba7247f2b48c3864b3908554e3f9d4968335b8bb25133f045d745c3f3,0.0186128989850982,0.5,0.4056741379956415,0.8093914823334473
DOGE,00938f2987c360f76f4b2b05842d7cc9968511f392ee5a8166da3a280d57a731,0.1342125465856413,0.6666666666666666,0.2249535632129765,0.47411800066710535
DOGE,009b39fd94d61c70225b80a693d0d4d97c02c3a77a796ad748e2fc008b6be897,0.0195482819112889,0.8333333333333334,0.19918587793526718,0.12441934812862761
DOGE,00e0d56ae3c5352c115e1359e3ff6a48858be0c6f403b87ce638d98411d2891f,0.0370052715336415,0.6666666666666666,0.23365546439224777,0.28747229036498956
DOGE,01093015aff0b2c80aa6f5a221a210de8071d4bf9ba8c5cb29aa5c57ab178f0b,0.0144254560740061,0.6666666666666666,0.19283148947055412,0.11337974149499187
DOGE,0112db219e77f7f32c92c7ff414ba0de9c3607e665bd11a4b865fd1d683e43de,0.0189967550342136,0.6666666666666666,0.21257301210848226,0.2499340589111294
DOGE,01b3dd4dc36017993626076ab454be569d16a3135de6f943cb1784ba06db832b,0.010193641172973,0.6666666666666666,0.18309524399181162,0.049418183981472304
DOGE,022177e6d3fdc750510a99f3f144747d237e6292f54f9a14041420c3bd2e05c6,0.0580622833213531,0.6666666666666666,0.2765866528289477,0.43442816303160436
DOGE,02499935eb936de6e69f4c9df77346a19ccb456606c77ba932d21c4691167799,0.0208808730225691,0.6666666666666666,0.212330895446981,0.20017608511682225
DOGE,02715b3d2df4ba217901a102aac5e59e02606df008c13be6cce9f44a5d2370f8,0.0137526065538601,0.6666666666666666,0.17642175552727365,0.08067112687982084
DOGE,02d2ab584f3f04a8730f02065959c557ec6e7e527b60f83fee5606cc1ecd35c6,0.0347221862878072,0.6666666666666666,0.19341919220463427,0.12096288045169212
DOGE,02edee83ac53a3ffa08bf54c562eb716776272dbd109a81c6386a3b1867cd2f4,0.0175713250012374,0.5,0.19015569944554012,0.13554464216202947
DOGE,0304f79f81d586170590f988295ab9a88c6de58aeb35c96c12c364a5674dd606,0.015731547003022,0.6666666666666666,0.19492692018988783,0.12947085638282393
DOGE,03648620dace2e744a4445c6b05b72f9525bcd34abb099ff69b39a595fdf773a,0.0063748012455978,0.5,0.20946221823298583,0.1443588615822287
DOGE,03d6d09b823fa266e3d5b9b2fb180874646e0da87ef740e51f05159243fe9010,0.0272961150201799,0.6666666666666666,0.1849037251947648,0.08674239274557874
DOGE,0402a1adfa9b55eecbc577d4c14d2a7ea927f48f61f82cb9706186fbe5e24a02,0.0023676436832216,0.5,0.1789833277012237,0.04973710686841463
DOGE,0406948a0fe40cacba38f10d013e15ba44e2745365a22707ad2a6205cc1c1973,0.0065890911807771,0.5,0.1862968732416771,0.08265776878555194
DOGE,04139f056c756fb32dde6f03eb2a775c987841a547e104830dfe535e1e886c61,0.0412170770281017,0.6666666666666666,0.19573502459808245,0.20121710164564885
DOGE,043fc32ec1c82a945bb5b200582138c244a3c1bc47bf40aa98232998191c02d0,0.1495188735864565,0.8,0.3872651821440707,1.8134420307261403
DOGE,045e3e33dbe99bad64663917b68d6744e7d049cc1d28c7acd78e4aa2e5e565de,0.0293596887124939,0.6666666666666666,0.20053365097207232,0.15870489427613216
DOGE,04b162c2696438045482985566dc88da324b831e78b444a56665bdc9560874e6,0.0031898482412845,0.6666666666666666,0.18940946053747873,0.114898582421635
DOGE,0511e5d7931c8c473b776a2756533b48c7cf90bfd1ebdad7ebbc86781f90d236,0.0572403970341234,0.6666666666666666,0.20355801491053682,0.20667001359001513
DOGE,05cc95148a64ef5b5906dbae8cbbf7b3b5d0b6cdfdc478f8ff13e32453708f2a,0.0031597192401181,0.5,0.19649397636692473,0.16049017278182856
DOGE,05faf38adf8149de6cb72ef66b69079ec7390d8c58666eb30c39b6be6b2a3e4d,0.0306889257097916,0.6666666666666666,0.18370180054465782,0.09888455377797084
DOGE,0634f43d1c5346e7b43fae61b74e974297fec799fb2bb4fba6e1f194db627e80,0.0532905150115104,0.5,0.21592373127485717,0.19649400412122645
DOGE,064472eabb654b7bb78abeb3426d2189922a95cfd604f08a2d4fea470d6a64a8,0.118206308789832,0.6666666666666666,0.27034271973236224,0.48036775956190847
DOGE,0665243ccd22ea3c45f722952cdd23eaaf6aa230d8dee237ba792f6b5e77b555,0.0196466486673815,0.5,0.19991758613239358,0.16038481208163177
DOGE,069b5b6fd4003fa054e18ad0d861c600945c30064352f9561599c5711afdcd42,0.0029235330398008,0.5,0.17985087757493814,0.06406611205171692
DOGE,0700f59a211658ab509baf0a6b98a14d32eb3a598a420ebda500cd18f10af71c,0.0412272493119457,0.6666666666666666,0.18942835266656075,0.12008923554928104
DOGE,080f59480c2b11a90c5ba80ce7a98a51e1223ff99c574d82a4b5d9abf1772593,0.107652361222383,0.6666666666666666,0.19603803126769406,0.17923077947036384
DOGE,081e51a90591afb6d5b8e48bdf646c08cf67503dbba25606682265b470af21ff,0.0035555716989613,0.5,0.19926462925238078,0.17651225550862637
DOGE,082e8ce4dfd6c9c7f0dded65343c0df7cac42985f853aa7321229fe3aab0083b,0.0236032076889653,0.6666666666666666,0.20464819931087067,0.22339135283238543
DOGE,085e31b57cb54176606d649c0cc61eed00010c698e050defc7f70f23795cb9db,0.0216899925081845,0.6666666666666666,0.20045510516357004,0.16434643475282154
DOGE,087b8ed6e6b0fa8cbf84e2688dc58c6ea88911d4c6be728f0eb227eec7c3bef9,0.0277491106522952,0.6666666666666666,0.1887868588180431,0.1296843627359531
DOGE,0893afb0695c7f7f4f83e640a8b95f3b2e88d8aeb9523f4603b5d73686730e8b,0.006866934632266,0.5,0.1829539593929473,0.08412759260843261
DOGE,08965cf9f102c06cd9b6521763037c0d8f7c75fe460d60534194ec89b7ea891a,0.0064620818931725,0.5,0.18582691190409412,0.08062624398678757
DOGE,08f1461096c37d548d86b5bce742d31cc239b9492644266a5fbdf2c6556aed16,0.0084645899530847,0.5,0.19356725950274814,0.16050683186413683
DOGE,092b33b16b9364afd1bd3bd3a3585f9c4a62913b8a980e3c1056fd9f7c4e425a,0.0115316993892107,0.6666666666666666,0.18081970074476716,0.073672875062777
DOGE,097b53f55096d509e46c8996004c97782edc12f1438d8e781a4622d8987e6fc3,0.0004216831770692,0.5,0.2101520673062895,0.25163542132941247
DOGE,097d74f43c6dcbfa58b3e5981342831204a6abcd0115765e3c5b8f6040be0f8e,0.0007398814540145,0.5,0.19074192674065937,0.07673222332881256
DOGE,0993074a0c698e6d2eb08abb2ccff804abe053bb63f88d275294296cf127d3ba,0.0042158108347843,0.5,0.18655836345339813,0.08736971775377024
DOGE,09b68e15e73d92f834b62fed15d096a5d18f98a9ce65caa8226cc70f2bf0ef2b,0.0117208793693032,0.6666666666666666,0.19538597900419,0.17555643620267217
DOGE,0a44411653e32d3bf9ad73793803568869890042182abcb79a6e04dcb6394e67,0.0420118539095305,0.6666666666666666,0.1848531714511808,0.09616230517821675
DOGE,0a675196163ed84a889886bc6fbdee689af62442a1756985256558b7394b1fef,0.0043069940997584,0.5,0.2807412299220723,0.5628433871747904
DOGE,0a8cfc236325b6cb47dd2eb5db07ec8ed02fbbf27823fcd051e6769a0711c381,0.0539441684305337,0.5,0.20488121928685968,0.19382257808024644
DOGE,0aa8ca3e421842a514af1ef3c010c9c31ec56a649af510313cc8bafc80f01dcc,0.0358022602505028,0.8333333333333334,0.18316514223850586,0.11152382833874089
DOGE,0aac3bc897f45aeda874f9e98c9cec555760255248d950251c4df975f2c3392b,0.0142001467922084,0.6666666666666666,0.1993315335224189,0.17287540889449518
DOGE,0aca2e9f21359d5edc665cb8636e21169599d647e5427df22962cd9acb55f805,0.0129949598100283,0.6666666666666666,0.17975926147085863,0.06071653838675873
DOGE,0acec82f38db98c01c6c404388226777e86d665624a2ef05b1da95e42f50f1d7,0.0155367932389059,0.6666666666666666,0.19055651639130128,0.09968358346666292
DOGE,0b1326660d97fe94421962cae7ad66d55e2b582e66d47e6be5eff639dbacee3c,0.0013030568237571,0.5,0.20927254983458718,0.16541937485854993
DOGE,0b9d4039050dc02591e774f2da81bc8b97f6e3bcc6d69a2c4a805fd55d8a1225,0.0444703093340019,0.5,0.19714754989386335,0.11313621829505546
DOGE,0ba2b8b35c138a5bc92eb8382538f01119b4fd2f98ff4a967ff003e0ad6fdb1b,0.0031030274272415,0.5,0.18021300406927138,0.06055908181054292
DOGE,0bb76ee9de78cad98dfd83fcf5d01a2cd70eb192d1ccfda68aa633f138607d37,0.0174481345738471,0.6666666666666666,0.19665475308658162,0.16757440464250123
DOGE,0c83a2e2f0f41262209f098efa975c9837d8fedb8daedbcf2b5248100ab1b499,0.0361395903214905,0.8333333333333334,0.18877623541224933,0.08776076073674773
DOGE,0c9249d75902f753481466da2ca63bc2437c53152c01ed280cbdd701defaadf3,0.0367157558688351,0.8333333333333334,0.20612310175912268,0.11296814831050543
DOGE,0cac9575e847edac0635b6d08c7ac70aa39c6e3266ed0ddcbcbc58c06f357a9e,0.0834818903836114,0.5,0.25706184558611583,0.4595798473308862
DOGE,0cfb10a31e20fdefa62b8639d2410883e35d540cea3915c19ee9d4147930ec1a,0.0586877796643013,0.6666666666666666,0.20343822408069812,0.20687318733004528
DOGE,0d3f7b6e4738095909989200aee1c92d49a446c022cfc3f2aac28774fd410574,0.0834899743995745,0.6666666666666666,0.21859384293480696,0.21779046320604675
DOGE,0d60006bb09e234bc4e1bbf34eb92ff03865b55f3554762656fe2a49b84739cb,0.0111884699288827,0.5,0.1859882213478309,0.08893818110708591
DOGE,0d92b96540894e1bf062d61d4abdf3f88fdd69ebef5f50d7d9f73d92c79857a2,0.0257040118638264,0.6666666666666666,0.19066020957991225,0.17748794123654354
DOGE,0de42fdd032c461fb61db6e3a37f996d49621f77e7befe2daeba82c9edf016ba,0.019904085958631,0.8333333333333334,0.18015806951039434,0.08806593000985116
DOGE,0e106ac52eaa2c5836e0cd2d2fa3969ca042695d1796287cad62ab2c490ea5fe,0.0508069967003461,0.6666666666666666,0.19461863503514026,0.1409793401104114
DOGE,0e18a85a57e002d03dda978b65d332bb6c74f5371e737a9e5409540eef8c46aa,0.0182192752895457,0.5,0.19164238646177195,0.11596770804383438
DOGE,0e42d1dd53cc331ca25b06a8207c2f530add3db9bbb37de8a09c10007dc7bd0b,0.1069565942887836,0.6666666666666666,0.23649491135454265,0.2780046036491634
DOGE,0ea131413bffd760b8d57bf4bfd93f38eccd7ae154c94869ed4c8ad6031a31ba,0.0259207196873092,0.6666666666666666,0.1840053765300029,0.10457103556693596
DOGE,0eb0a12870c106a13c9823a2b9193e817bf3719ee645b90e4cad4c68b759501c,0.0051355711246597,0.5,0.21106681084649953,0.13400481843927725
DOGE,0eb382f29de6ce485af5e5dac4906d063003780294e16e9e77293e08cb680d70,0.0054964388692401,0.5,0.18090473056907805,0.09899192709522317
DOGE,0eef82d22cc39e869cfa19dc9455a27199fa2a5f1c016049b5999da0be6956bb,0.0067142209710789,0.6666666666666666,0.18132806672408353,0.05706114609871617
DOGE,0fa55989d05c275c59c4699f96b47dc31ff314f96b3877999553eb9c06d526a8,0.0487877140057968,0.6666666666666666,0.251888946636879,0.2774873985016611
DOGE,0fd2f550ddd435ad7e4ea8b07e85e71d067b455727a14a13cc7f716a167d0848,0.0021242902450699,0.5,0.18504327042802587,0.11298350331196622
DOGE,102544a54c15c8c77712c03d5540984a4e53464b2a6fae62bead86b7f258cdd3,0.0100823582645532,0.6666666666666666,0.17756173085946592,0.08208483371773012
DOGE,11744b922c89d02dfbe0164412c3731505911b6eb9018658cb87228ce826d435,0.0338553747367346,0.6666666666666666,0.19803357550957465,0.18632668434939717
DOGE,11bfd8b04dfae392c4fff1ce695785f5ab8f847cc2b18336d8dea98ffdc0bcee,0.0088718452931799,0.6666666666666666,0.18704069250660033,0.12027411934017203
DOGE,11c24f78e1df1db21f5ffdc73c78ab15dd339d85d3f183b2da08a7cc2ec28f66,0.0135705838883114,0.5,0.20112326271078113,0.19760186968998256
DOGE,11ddb6779ea7c4501fa6edf7eda8afa4513be7a0f317395ebe6d017e087e14f2,0.0971669228195051,0.5,0.4379043158078256,1.3754320790099748
DOGE,11fbf0f2951a5717466972da6cbc9b130cb1b380b3c8f2b2683fa3b3edeefcf4,0.0388036071359501,0.6666666666666666,0.20651555170564462,0.14222397670309767
DOGE,124663b91c19c4345e6baa4307de0e46652650675a5b6140b03e77a6e9ddfcea,0.0854823687223922,0.6666666666666666,0.20692109538229447,0.13126930459330335
DOGE,1266571abae4bc03dd226004de126e92947d938b5505c84a09718cab71549e8f,0.0005772309982039,0.5,0.20373218772835652,0.13804080142993355
DOGE,136a70d8b1ea5013bb991096924b449ac721ae3b2f4996d66b69d722fabfef46,0.0076467888290908,0.5,0.17647456845847595,0.07377840635732846
DOGE,13b4fe9e26133e49d865da0b046de6ad6d6ff80c5f096593c1e822af4a3f17b1,0.0116660874066553,0.5,0.18233059027667908,0.09326838259124867
DOGE,13f89342ee022bdbc60932eed6c065eb53f3c0a7410a64dbfa6bd93274d2a545,0.0291789135333132,0.6666666666666666,0.21500399740179987,0.16060327762745308
DOGE,142fb465aebc3f6822ef8ce097f476a134fc644e7e815a947bf6dd130da5348b,0.0152506710547074,0.5,0.2209798757647078,0.255182414778689
DOGE,14dab0203c2111d9100533a1b9d8e75e08f33147761a0c25ea1470a9b45ededa,0.0304378021410513,0.6666666666666666,0.1828979278578346,0.11599998533840056
DOGE,1500fd432f3cd5db93a655b7d39959eb1f4d9f970733857485d2b2d2761a57cc,0.1228394968212647,0.6,0.6134944994684209,5.234148678677689
DOGE,1502c6f123fbecae13a506cb5e643e6a8b13c7bd6dcc56cc8109ffdab85fde7c,0.0245569953097248,0.8333333333333334,0.17396911622631847,0.03455729967741935
DOGE,1544c7fd648efcff521f4a06588e067926c3158163ba7d67a19efb0d63ccc166,0.0021301051178627,0.5,0.18381755916754672,0.08023405569417612
DOGE,1589de359aa07127e2b741695877de4a70f446ea0f782d97d71242e7627fbda5,0.0231426450935016,0.5,0.1859071811820268,0.13244421911801044
DOGE,1622a1def065640347bb4fe5dea4b478295e80eaf0fd3cf5fd55599b0c3d1aa3,0.0225748674231655,0.6666666666666666,0.1882385518298411,0.10023422885075689
DOGE,16e5a9354f9ac250e25bd174f3b12c022ade2c61b4246f89ab953cc417667a2b,0.0196120890928586,0.6666666666666666,0.18832782475883608,0.11372674555034756
DOGE,174dd1f0e39b1868336ab882103bde06c44c98b3a9db4ab7e1d13a948b155f16,0.0113804649662145,0.5,0.18284500800319842,0.08541092304040637
DOGE,17816bf88bfb8848484df9d5029fc4a5ccdfa4054e347d69a4997ae53c0ca492,0.0191854446283008,0.6666666666666666,0.27816298021228186,0.26308857909666017
DOGE,17addea442e5d6e51ed6da6fc441316674a4c7780ed78ee00dced52cacefff0c,0.0397439748785854,0.6666666666666666,0.21337378960998246,0.21502328655743164
DOGE,17f415e680eaaf310e2a0ecc627951c8f7214577b6fafec9bac3e6af519fda7f,0.0356809295450151,0.5,0.46129088084232744,1.5034676036958712
DOGE,18065e415689e59587c8e4e0392beafecac75316ec76527c760ac3b362888b5f,0.0164339116886656,0.8333333333333334,0.2038465119213291,0.17168251138525661
DOGE,188804fcf447ad13caefd693e7c5edc7a11fd9a4f378a680aaab271334d61766,0.0209631045359762,0.6666666666666666,0.18821047272891228,0.13217932626425086
DOGE,18b14353a852fa87f5313822192d807e4ef7fcc6725e016130812ed10492c30c,0.0324679419790381,0.6666666666666666,0.18657787396576317,0.06454762768798468
DOGE,18b7556fb929c3d323033e2c454dc8314d34aa8ffe20f68951e9716729d0806c,0.0063624207520874,0.6666666666666666,0.18859698437532432,0.15719986345831505
DOGE,18de6ddd36e0f71ba968ed5378b0f68e2ef5a6ba9f355bec729da7d76e41f5d2,0.0072264359153997,0.5,0.1821688046880446,0.06468276829698798
DOGE,1901bf52fdad3e78d07634fe74ac14fa4a957d02d67b112b33b09ac2779d9ab3,0.0068366914771067,0.6666666666666666,0.1824089555427061,0.07440236757605953
DOGE,190d362db44da7b30ab460ac4b483e7f49ac4a3ef24381676d63f7415a8bf340,0.0133739767198305,0.6666666666666666,0.1858885120107064,0.12624185015708392
DOGE,191f54ba424d2e3bdbfd758df0dd1431423faf57bddafdd5981f4b8a4db2a125,0.0856158072769961,0.8333333333333334,0.19508285055892272,0.16193905620217436
DOGE,193e551e002f67e404b9cfed6d8bd919de96751bfa743a2260ec1e0140ece9a3,0.0391533468161139,0.6666666666666666,0.20849652601769578,0.26489611259579815
DOGE,1a29b242c7632c69940b3fd7cae7a6c3786a05d7e81ab1b797545d980087d8b2,0.1093438806266075,0.6666666666666666,0.2550314435476459,0.5863684976273005
DOGE,1a462ab6c15940522e46cebf437ec070b885055ef7cfaa6b60cc3aa9b4068ba5,0.0741375873681599,1.0,0.1859949307909669,0.0783503420878068
DOGE,1a66776c43ac59d05be268e9c44c4f8e60468d8abed57cdc3dd7bb3024702706,0.0118548719522922,0.5,0.1964213038739336,0.1408400096272061
DOGE,1a76e0fd0635f324a78afecb1d367ae550ac9177361c23ffbdb69a08f0e2bd73,0.033294322438407,0.6666666666666666,0.19088031595310598,0.11911055891689708
DOGE,1af562f85a9e95da0a6faa2984e73c91aef08b5c49f2ef078f791eec1ebdf1cf,0.0177370360996266,0.5,0.19239328252878526,0.1439902844849086
DOGE,1b31d79c105389f1634605cbb8c43f2b9c36c331edf32437047f52271a7c7440,0.0321945302990844,0.8333333333333334,0.19011095111512433,0.07659191432429797
DOGE,1b40cd9d1fe08d5d879c654be2375a53dbfe053a1fce6eb9118c9c828e53881d,0.0054964388692401,0.5,0.18151841381559175,0.09960571545806554
DOGE,1b6e66afdfa0f96976553d8bfbb42e315ae05cba44ab62132510cd96c923a241,0.0279359267474618,0.8333333333333334,0.1942804077001831,0.13108914877425396
DOGE,1b8bd9a43358c0c8144257f7c0ef6f503542a359e3b268416588a7388c1fdcb3,0.0451592594992947,0.6666666666666666,0.18888222352247494,0.11089448211272299
DOGE,1c1f01469ab44857c70b6d7ced2152ca2ca607c296bcd0394ddca05aaf69f6d6,0.0115133264211649,0.6666666666666666,0.17881017961590406,0.06721944254245829
DOGE,1c5c79bfc76ac814d31c15a47d833f549c679d209d2338af5b43540468a9fafe,0.0301809450884007,0.6666666666666666,0.204755627906036,0.18234643561723612
DOGE,1c5d83c84068019bac66fcb9768f36aa2533ed3fe1b9fc1716e6319b8e3c406c,0.0027005283537813,0.5,0.19898759707839586,0.10634063327217741
DOGE,1c7ec67d81a3d469ce3ab7f05363d71770bf7e8d6e971494bc0f2b8557d6cb2e,0.1696958039236523,0.6666666666666666,0.30629561291760327,0.7066606145523894
DOGE,1dd6883ee02d55fccc9e3f45e7b3808894110d1583f55802c966823dd53bb8a4,0.0442233155533366,0.6666666666666666,0.19256379697319137,0.1370374730537096
DOGE,1dfe9c41f05e98536b8d1478884b2ee1640096cae0ad706b72032a327ab8c923,0.0123906124460173,0.5,0.18939271319802878,0.0963576668355639
DOGE,1e48f806b915c1fd6a46e70fc5166b8114ad2e81fef332d9de608f23b747f45d,0.01776311667681,0.6666666666666666,0.18886530558077422,0.12873121169255178
DOGE,1e5931cde707df3f1f30c13cdb455817ec168530265a11585d7a127766289c87,0.029983088953719,0.8333333333333334,0.22776393293226505,0.2143907669702114
DOGE,1e6a930276724b3f98bb0e499f92bdd591145489594b5eab4c35ef6ca58cd384,0.0269528717272113,0.6666666666666666,0.2011339097162434,0.13961909242226003
DOGE,1f0b746f1dd98c1bfcd7ca3d75b40075aa199dcfd6d45a6990be298717208de2,0.0339194833514768,0.5,0.21058056611237974,0.21697453995395236
DOGE,1f38b99fcd7164a0760f50ab4719940159f39739a166ba6833fb6670f58e8ddc,0.0130603077183708,0.5,0.20169910632732532,0.16503845758503088
DOGE,1f4212d4b78f43484744abab6a90137d3cc83f6e2cd8788f38ea72c7bc62d63a,0.0115743755041359,0.6666666666666666,0.20568533388857263,0.22347507557229196
DOGE,1f4e17d56f7a915f49b0d1aad8654643853c5b752078ff0d1a5237a6c131bc56,0.0766880407166926,0.8333333333333334,0.1997996576547092,0.10583797922471272
DOGE,1f57836c96a5e97df0fa3f584888df4793d02eb5a703629443d693b61c963734,0.0307287141653046,0.6666666666666666,0.19343679953845716,0.14697077451918072
DOGE,1f5e811cf84548086f7ab17c9e612b35e1b5049221fb85f9bcbb61d3922bb181,0.0223042278532434,0.6666666666666666,0.20240695038008238,0.0900555907526847
DOGE,1fb3f50feda81389356afc02bc61178da69cb61d21c5a2ff6c43ab1f9dcc3095,0.0112361453667085,0.6666666666666666,0.17991946091594563,0.048917939405381514
DOGE,1fcb71a42f1710fccf60b898521c7f85b85c512e5fbc8ee0361a26b94ff57c9b,0.0057078930028844,0.6666666666666666,0.19125857130399915,0.08525128247150411
DOGE,2069dc20c886e92cb10f606fc0952e46a449d776ddb2880e8fe9be177970c4fd,0.0739847709439644,0.6666666666666666,0.2024426733621964,0.21057275028385808
DOGE,20c551fc4fd8d7efebd961076a468c4fb413545b28874765c785b6783fd8c0c3,0.0215743784166131,0.6666666666666666,0.1882600878885602,0.10338066144136433
DOGE,20c5ee9e3e021c1b0fe8dc97a24ca6606451b1755985eb73f25edd7c7c93589a,0.0075465720981584,0.6666666666666666,0.18364945545459066,0.10210345732335674
DOGE,20c98a4734edfb6fb9c87de3711aa7a79b88e923f2a38f2a564ae828e0c2f422,0.0372907563360454,0.6666666666666666,0.18114466169556756,0.0660181262499744
DOGE,210f6bb9b6ef904ed8a901de3f06e028142b029fe4732f7477cf3ceff81519bf,0.0459124399449753,0.6666666666666666,0.19432380947219255,0.15314607354153356
DOGE,21245288fcb786056937662a6dc22a90608a7c7cf3270da92ca82cc29eef91d2,0.0558975980871365,0.6666666666666666,0.2022082332962531,0.1749880113823746
DOGE,21a00329ed580dfdbc87ba117e45518b68be46e2f4d232851c4977fa2b15759a,0.0051355711246597,0.5,0.21106681084649953,0.13400481843927725
DOGE,21e4590d1374741e01eb0c7cf6bcc104fa4569d59479c11dc10dc7b3c97c4de0,0.0290921396158276,0.6666666666666666,0.2391918080636734,0.2490132918190756
DOGE,22050c88c835697036a05e11dc06c60e1a04eadc7f50f22e9c372914deaf34cd,0.0396836904644091,0.6666666666666666,0.1871825299306485,0.10832093137327643
DOGE,22661829f6a2549ff9a7834e1f8ad8d0be4bb429855c41a6a9beb4fdd6433eac,0.0499956633006187,0.6666666666666666,0.18985359611645658,0.13363857301235352
DOGE,2279fbe9c697a81f806691196060157f5119d7a4b31e9ae018cf4376f84f5351,0.054352895349844,0.6666666666666666,0.19592860127802258,0.15042960034078964
DOGE,2293ef9906325423e00500c3603f275d902674b900e7d262aca642447d0d913e,0.0292933699816608,0.6666666666666666,0.1818188278868069,0.07199905446966173
DOGE,22b8c26b5f906f52dad0d0d1e0ffdd764c98ddda38e8db31ef38cba259f5de21,0.0987170365855745,0.6666666666666666,0.20153308444586077,0.24971050354935279
DOGE,22d73150ac73d9666b253b3461e9683a44b8686a983857ad0d28fb0b969d4f5b,0.0152618816434909,0.6666666666666666,0.20815856119724332,0.2531654609659751
DOGE,22d81b71c7731038f8033eb78c352e72f35b3ef6520a1f277bc4c2ef7735716b,0.0169971539322829,0.6666666666666666,0.18257268838607527,0.06846721004620289
DOGE,22dee08445e2a76c4fd265048a625611dfe2ecd47f0922caf5a96e46cd010f0c,0.0041967725878483,0.5,0.22406071499478664,0.21980805551944113
DOGE,2361740510ac6dc59cf585c8cb34cfb4cf11ccec7983e12a328bd4f74824f64a,0.0009076460551154,0.5,0.19883162477520702,0.12548132289133934
DOGE,23b64b95ffd75a77ceaef564f100d031e43ef2d668817aa3422282408ab0f012,0.0406817980710793,0.8333333333333334,0.20449527820247063,0.13418529765801065
DOGE,23fbf5e6d33469499b009c9b9fe905d0fbe64bcc7a405677da457c71b8a1cb8d,0.0383426308451183,0.8333333333333334,0.17535166563912793,0.0647009223077855
DOGE,24124446effa509077166d421312c333d3b85e5709fa1e351ea7096a20ff762a,0.0009154309238471,0.5,0.19042571162642719,0.18600587597395876
DOGE,241c1a76d6bed3d9c4247f4d5762b045ac9abf6edec965801e29a806271bc018,0.0427332392426805,0.6666666666666666,0.1881102167963211,0.09187861004307107
DOGE,247e4b1526d54134ebf48edfdc384452adac81ce24f406ebf08ee365764377db,0.0472312925662906,0.8333333333333334,0.18529316671645474,0.08481961537600598
DOGE,24d2e8adf19d841bb2992a6e498cb34303852dd220c3a16381bfb19100f54ae2,0.0252160619327188,0.6666666666666666,0.20911796294681242,0.22484819328291142
DOGE,24f0cd868e9464261264dada24c6463f2988f549f3f68317420ac4a2ae0b2c83,0.07329571973052,0.6666666666666666,0.3450299571184291,0.607954313452024
DOGE,2540205ab945c24494194423e6fe06acc105e8471144672b11a9accde4ea4e1c,0.0067697135156067,0.5,0.18704877456300012,0.12672181106017294
DOGE,2563b4456618984dc43ac80fbdd6208d9bee1779cbc594db5b617bc21087607b,0.0012548442479758,0.5,0.2895031242465879,0.30412907312710563
DOGE,25b30e687caade51d255f7a59fb579be8002da7f792f6a78b4846bbc4e07994a,0.0185990964502237,0.5,0.190730590164104,0.0913313054213234
DOGE,25f0e241da7a8b154cc67a96945b448a17114e1f8fb572b386474a84580ce179,0.052929744248419,0.6666666666666666,0.2014252082146855,0.1760090472530879
DOGE,265af2940fac24ef6cc936441dd0a4b8ca920c6d352c0a6a04d82aab99c163e9,0.0344115156353785,0.6666666666666666,0.18456464116894683,0.10767057262464233
DOGE,26e7c3e6c5e0ef945bb9afe3e0e924e3771e0a61bc5a5f957d7d9509621cb86e,0.0082265711405448,0.6666666666666666,0.19453150005419276,0.16163931690481403
DOGE,26e7c6b2b7d74816d92d40d7b372cb6e85e8ee3167b637d5e879d611fd94fd68,0.0064760079580641,0.5,0.20999541721066683,0.12706746792683316
DOGE,26ef0c0a66c78bd7b5c34c9e3050a65d4aca3119f36661f8d1e386b9a21f3b37,0.0122996215318502,0.6666666666666666,0.18619345826465625,0.1188067357006806
DOGE,271a07821a44700c515098d2145d94b97e926776ca4fa789712be3215de09964,0.0745770062168441,0.5,0.22162630695353475,0.2976097007086783
DOGE,276f7067f21b77ee00c2fb78d591e489b6353d63ad0b867b4df67c6618fcb9de,0.0086308039264747,0.5,0.18800602114375675,0.07456311174354292
DOGE,27a02fb2e0db9ca039c299f92ea684b7685f1f655179257f4f4080fb5f61dc91,0.0467191587285829,0.6666666666666666,0.2829307106315425,0.28204261608262254
DOGE,27d79b1ccacf6d5c06f00a0f76f9688e13325356f73a322b4e2021447e20c0cf,0.0284272315950405,0.6666666666666666,0.18473683199345428,0.09484933088973252
DOGE,2819d270ea36a229b35067bd84866b871e4eb46b6d36b664e32feb623d5703af,0.0009478806376195,0.6666666666666666,0.18348250037632655,0.06946659500203224
DOGE,281cd68b0400463ae41602be2407b60055735145a9c1e32f4f654fd5e26e98d5,0.0182735714522195,0.8333333333333334,0.19532845787314174,0.08015115020588927
DOGE,285228625521d2cc55c243d0d024d3bf2462e5e5ef8b49e48b8b1f3a8138444a,0.0016190207927764,0.5,0.1925222867154196,0.1287673734522526
DOGE,28523fb2fa170699053ad3e4b7a3586bf9f0b0ca48f8b93603d5255b893c79cb,0.0045257316841448,0.5,0.1803179934570865,0.10381171910697659
DOGE,2916103d9d215013df5bb79fa981492271f87f1775ca42b8d1eb8092ad3c2329,0.0225360504084118,0.6666666666666666,0.20583436786201492,0.2134257662836224
DOGE,294b9d53bc7125d0d14417629c441732b85c828d3cc221e66b9be4a8713a408c,0.0324177042047563,0.8333333333333334,0.18964937843485802,0.09754950118823545
DOGE,297747e6d7c84531daf693f301b66bfd85939664be2c66123fe838814c2c4334,0.0023349378466156,0.6666666666666666,0.1899067114387762,0.08275976530598234
DOGE,29a6d3006bfe80072802bd57a0a123e145e893e2261d0c2968dd339e755c551f,0.0497292953730622,0.6666666666666666,0.19775322256558237,0.17883566385603877
DOGE,29c60920190c81143abe821561e702b6893e13c6932b574978c0c9e6fa35e3af,0.0067935749232437,0.6666666666666666,0.18291131923135423,0.07451918858321262
DOGE,2a4e4eb2ab86911bcb49bbcd514c3097e20ecf4e38748f925b14b7722eb61482,0.0049401957976699,0.5,0.23059924678410476,0.25431884996561843
DOGE,2a5409b5987b427fd1454ace5c74fee5a67e49570b24ef9b02087237f33e14f4,0.0116276488811804,0.6666666666666666,0.19024422557223994,0.09966687166861829
DOGE,2a62379a62f4953182c70c2d35fbd6bed482803ff9ee6a8cbdd9058085768c74,0.009454129139857,0.5,0.20291688192473284,0.2001686968306583
DOGE,2a67c064664c5c891e34c7c7fd8002b5a84a4b347e9acead568b81dd850d4a3e,0.0011970822204538,0.5,0.17747898360493286,0.04532212834277684
DOGE,2a7cf5448de6edf6db13f3e055cb56dd96a7808e539368eff14a845777fae586,0.0053621164055866,0.5,0.18005289276993766,0.04547914198245342
DOGE,2ac8c7f3d061cae149694450def067dc097c2f9e28e4445dd870909a4e21f5fc,0.0102719430522907,0.6666666666666666,0.1775036395664338,0.04206046188419821
DOGE,2ae73bb974f1328395dcfcad4a29a147e8acf8dde6e0519a0f8e6d2ef750815f,0.029615496459578,0.6666666666666666,0.20362410482165375,0.1766184676664421
DOGE,2b2792c71d0224318d5e8e5594eb1838b4d842e6c66e6a730ecf62da9cfe8613,0.0063609927164768,0.6666666666666666,0.21145626024994832,0.18393171110799023
DOGE,2b2a2cdd5c41f7c6ef5e1d7506fa244652e21981e51191072aea7907d2285eed,0.0332413315788586,0.8333333333333334,0.18472197794456555,0.0494625422608799
DOGE,2b608536eec3256ac35ec8ae26ffebc51fd8efb2f33cdf84b09a28ff0f7382a4,0.0205554656544659,0.5,0.18319333122119713,0.09160598708339872
DOGE,2b7b818d9e18cb8c7ebf36948c26b9cdd614b44062ef9ad515cf3e3ba9a29b27,0.0536941727065728,0.6666666666666666,0.1964045524970319,0.15372189965064942
DOGE,2bcffe7939cf116c15f8430c0f5398835fb7e1c2016476e20b18e854d08eb3ab,0.0040956083965854,0.6666666666666666,0.18637174831986664,0.08401061143309566
DOGE,2be02c1d1865f4129f8abae2d9c51e5bf316f8b6153db917d7a5ce6d99de5aa5,0.0893531225873491,0.8333333333333334,0.27878535238768604,0.414978500252085
DOGE,2bfd0004c3800faf2325ea29875d3cbd53a4f076440a6c4ef59c3b980416502b,0.0007712789130803,0.5,0.18881965881280025,0.08757728142990105
DOGE,2c0474b9fa2550171ed5567266c5da569adda27d3e17685547417ee195d01c23,0.0121060716864172,0.5,0.18332879419417072,0.08859651217146149
DOGE,2c3a772c8c04ba8f0e7b391e30f57967d80992161649737bace1589745311fb8,0.0037553422224093,0.5,0.21809850748345894,0.20662473710426543
DOGE,2c57e776985f890aab6238f74540d71fda2284ca8234320d5db407beeff520ed,0.0344615214999111,0.6666666666666666,0.19916176890141463,0.13306015018045692
DOGE,2c67016bb71349b14357352623a0fc0f8793eea3da8e2d60f91036260db0939c,0.0229610111065744,0.6666666666666666,0.18528144354284495,0.08942858287360561
DOGE,2c6f24bef571f64e7d95c53d1a17c998a436b0c783e0fa10f75bb6e3d5df37e3,0.0148204229158625,0.6666666666666666,0.18505225493078972,0.08326173061656365
DOGE,2c74a48bb2f428665a893938f871be3dcc68e1b0302acb1073462565207ad91d,0.0524477177972194,0.6666666666666666,0.20869134368244202,0.2333906096889065
DOGE,2c882868777d624f323384e6351c7feb3624a9d0913e9bf4561fe82fc279f817,0.0661385503454723,0.6666666666666666,0.1875428258059545,0.10792672574628336
DOGE,2d1756340109e1755043e6747b9a8e1b23b83fea02c22ff2c2284adbb8a8e0a4,0.0318665153263039,0.6666666666666666,0.18903898953714732,0.1429996842152498
DOGE,2d32a72d17d5d86933f3483595eea8801b2d55257b8b0454692aaf263c02f6d1,0.0149079167280614,0.6666666666666666,0.17971164185637709,0.05456163272455348
DOGE,2d7e034857cab06596a92180567ebd2feae601e143ef16ea78fd87754cc1f196,0.0067392486913864,0.6666666666666666,0.18423392711997558,0.10655790428874687
DOGE,2e08a5513fbc65a85de64cce4f0dced68a2e8379f21f362ecdb8dee4d0c2d849,0.0038995552699285,0.6666666666666666,0.18211465441659294,0.06727271614926879
DOGE,2e67fae3f78254ee9227fc1f013c01e5efa27524f36adc74d6a38bc2adc14711,0.054984836409797,0.6666666666666666,0.20800215691799542,0.16898532382290926
DOGE,2e73f76b4d9bb77373f380e0b1f8553d4f6b771d2bdd8d416ec6c59f12fa886d,0.0107108206700601,0.6666666666666666,0.18437537242685118,0.07250099207002761
DOGE,2e8f2b016b56a955f11d889a8cfc08d11b8052a11805f92a74116c8bc0578e0f,0.0415370720249739,0.6666666666666666,0.1966500699800288,0.13407983388572092
DOGE,2eab7ce5d84c0272b9d3fb8696d148698f59386b1b3c5fdc2292883efd964f39,0.0101412285974227,0.5,0.18803760000013897,0.09752709972490232
DOGE,2ee412c0e8e7ea8851db059fb5406f8ed0983ae1fd3cddd65d21d12c351f2998,0.0071947338508684,0.5,0.18664963704648269,0.07096346514173374
DOGE,2f0bee061cee16200f48aa85222b25d57b72bb0e1dc178198055711f99b1b521,0.0632393092308722,0.6666666666666666,0.3717246532896237,0.5979658835822697
DOGE,2f2d93fc32e014616bbb80c757f63d778c57101806f6d657b42b39dce077abf4,0.0092816400991766,0.6666666666666666,0.1752689474286723,0.039445839137673716
DOGE,2f607078f983fe7805ff3979b15eb37616462a96acf5c0598b829f376a4ce4f0,0.0372112592118574,0.8333333333333334,0.20136968106037487,0.12748302555140195
DOGE,2f93c9781e5ea095aa70ef99ba8ea1a2272bd472a6ef40c24455f059b678b774,0.0151127679181018,0.5,0.18804289385503267,0.1310677664921658
DOGE,301d997b02bbf79578485f7b0d943b20ddb93345800c208abf1a64740960bd45,0.0131896104655719,0.6666666666666666,0.20938928953226402,0.20608714194873087
DOGE,3042ce55e1555eb89c7fd864dcbe1512446650eba2efd12a77812a4172ffd352,0.0092307979148022,0.6666666666666666,0.1794602068794706,0.0611569356570135
DOGE,307518b509391c7948a803615b2798f439a9ae58a8eeeed96bce1de0b24a7ba6,0.0023913966830803,0.6666666666666666,0.1779968013418035,0.06513333485391554
DOGE,30786cb70f0b497bd85a818224386d9cd396a66450d563220b76b6fcf4d44f50,0.0114773368425941,0.5,0.20005331762710818,0.15481496599510122
DOGE,30984d0a085590a2788ffe0b592b2feb0139272a5ef8989c58d13f268d1d5e71,0.0548914367970779,0.6666666666666666,0.19293198708903977,0.1630615678059465
DOGE,309c9620a04dcfba1948f00d73cf81c226da5ed78b322502b04d549d91cdcdc7,0.0292872355139844,0.5,0.19878367875695338,0.1558482942757333
DOGE,30d08d59716556a5b6af84e6c75f063fff86862aa3f734f769c15b07d7f55756,0.071532637366649,0.6666666666666666,0.19913996116891164,0.15933154041395473
DOGE,30ff674e3a7ed07879d896799ac6757b475c6c2acb4c93f2766472a02caba727,0.0024224183216703,0.5,0.19331534225265107,0.0994684677673851
DOGE,3104a982da6c03f5569f25d9559fdb2f04a65593ff3317d5b402e83919861b00,0.0058949871416322,0.6666666666666666,0.19210725979152013,0.13922708419737803
DOGE,3143745b68d93df86ee058336daba52451a19757a0abc79d2eeeb6f3d7844fe5,0.0056118655282189,0.5,0.1991322324005643,0.09515436380402129
DOGE,315556f28dd16df27724c06b43080223c57fddc90e4afc4a81995a47b1bf7343,0.0708481304684487,0.6666666666666666,0.19952089080374333,0.19377337838186348
DOGE,3185455c31a4b423c04d015315eaea9357d09ced5de8d90d902aa833f54b8e4b,0.0144740531662184,0.5,0.1769279084565119,0.056210095079344595
DOGE,3196bc53429b1eaec249df07c7dc789738345d5038e099d853eb0902184879f7,0.0203634295652349,0.6666666666666666,0.17880868438205208,0.0690887753018786
DOGE,31b048b41f481832ded8cb09d3fe3f030a11bc35d1e727905db6780fd8b96f32,0.0026425498400499,0.6666666666666666,0.19001144660183508,0.1105822297961316
DOGE,329b74cc32074b37d19a3926a329d7904afcb9505de8b99e287546244bceddf4,0.0113600976690908,0.5,0.1977858801903703,0.15195263633272843
DOGE,32c0608dce4893e82cca3f2012e9dfa61c6d18c4f7cd102a784775db95a11878,0.0289400467637868,0.5,0.18937687417276663,0.10990231809571811
DOGE,32e23ea6c06d25007e6d47ae39f68f3eb5802ebe785058c9e1538816e6b7228d,0.0684424447073305,0.6666666666666666,0.18906373280624186,0.09774083587031147
DOGE,331aaf63b92b3797cfae2ce4851abd63497b232bbcf950f6a71b43e4b45a2e3c,0.0082636593988404,0.6666666666666666,0.19608303673938077,0.11765423615954647
DOGE,338685274652e10c1b80a82b87899ce849e2b3adc58d663d5f421ad82d34ffc0,0.0567199508561867,0.6666666666666666,0.23567195029077082,0.31104533009653496
DOGE,338db0883ff50f297647a73536a6e3e640dc841ab1f06b37c31980c2bb9a4268,0.0528839688699853,0.8333333333333334,0.1898098220851857,0.15718679813349135
DOGE,3390cc0bbd1b7dae7414105c6c3f5d1a46c3a9a5490f8183da7e48365c3e4770,0.0146666906176141,0.6666666666666666,0.19076822966675003,0.1825984510580321
DOGE,341bacb76a11f835c5baa154c2747f725f99ca2d2419c6a8482a036455ec748c,0.0130245616243981,0.6666666666666666,0.19502247239736206,0.1550407283111499
DOGE,341fccd41e64b95988e5aa56deb3027b9990e288ccd5f253658a30c718769677,0.0103310472029868,0.6666666666666666,0.18308643044889164,0.10399758671400086
DOGE,348ae34d24bbdda832db563812697c9ce4e5d665c8ef25cef48a95f2105c38eb,0.0114432866960859,0.5,0.1982330175865828,0.14583419556212388
DOGE,34c1ee4c9a76ff1b27b9b6a962dbf9702a589642ec38d31a0e4bc0a4deb45a9f,0.0283291496403819,0.6666666666666666,0.2008112801630129,0.1832204915332783
DOGE,34d0939c582bebcc046348d3bd9e3bd7341e28feb03e57ff9cf68ae61d75da57,0.0153194448097643,0.6666666666666666,0.19791215710464302,0.18777352058413918
DOGE,34d8410eaddf34c20d79d35019c4edde773eb111f494e53c04f5fdf7547e112c,0.0500204311359457,0.5,0.20874386745883636,0.1918268836565558
DOGE,351aef78d93a6a173dc1c7e3115b5a86d802c0bc5b33b3b04b0c4ce3c6f8f2b5,0.0281343777396076,0.6666666666666666,0.18522045981513013,0.08091838490102111
DOGE,353d8a7d81234882f4942a9bfafd6f480b7fcd23ae0ea7dbd978a7f71454af49,0.0370025000845976,0.6666666666666666,0.28988771639450117,0.4820251835535156
DOGE,354451b30886d98b90f726688f70473a8810f820044108c5a8cf88996b086513,0.0447292004747205,0.6666666666666666,0.20203034722788255,0.19277305597759578
DOGE,3547ef2aee06aa490bb9e5787649979b8b7a3b95f4a5ad6e045cb08aaa5dbfe6,0.0247379838801321,0.8333333333333334,0.19363762273108376,0.09557994737137836
DOGE,354839f13cc97a706a424d6cef85b48fa3e6cbd5542ef936d7a972d3fe8c6678,0.0377634170331131,0.6666666666666666,0.20428144867640957,0.17367477344610635
DOGE,35914baa8d086bf773be45224e670a9c22b3b473400fcc41e773b8624ecccba0,0.0512061139927669,0.6666666666666666,0.1951405719382642,0.1537050522652612
DOGE,35ed8b99f8b9cb8e24b7f1de092b10213d65bf49abfdcd89265cf70dc856b795,0.0240377152491522,0.6666666666666666,0.18711659055591157,0.15195450967904087
DOGE,35ee37aec9831e4d7f5ccfac06860d51e1b8a47d606a08baa463558f6ebad080,0.0093584895152526,0.5,0.17907205087586447,0.03953705512499318
DOGE,362a8491b5b0db83c8368cee8f118fbe1370bbf2c3d8ce8a01fc19428b236b7e,0.0574477316763083,0.6666666666666666,0.23198694398888647,0.21620444289333043
DOGE,3679d152276b1927052cee1bcc67a70ce395947611ef288d1afaf561e2da6e73,0.0160611550609515,0.5,0.24729247250022138,0.4480183410841521
DOGE,36a048b3adf52251238325bab7f3bd07f9e871dc85a01943075d16eca685656b,0.0045460612607302,0.5,0.19835665014139037,0.13180345794660417
DOGE,36a361236745013e8fcf5fe94455bd2dfa77bfac9fc17c22c777e91d955bc4ee,0.0037654466294025,0.5,0.22156998353371837,0.28826747032089867
DOGE,36c2fce28e0575b3aaab1de109489645e338f6f0a3c9dc8c03fde4147e386dc1,0.0199813683416944,0.6666666666666666,0.19512175280987665,0.12924118555663083
DOGE,36eb42ee69d134c5ebdebca5470039dd4ac53e36a1adfedab600d313728b7c2c,0.0043287424261272,0.5,0.2144936850898314,0.2613757907534145
DOGE,37999525b043ee21a4c5eeaa286a2bcf4ed6893b9d962d02fd9a48c4e9e5b1c5,0.0079014586880449,0.5,0.17986349594833032,0.09777888056386541
DOGE,37c04aa8d529777db4365dc78e22514a75307b359891f7ed227762dff97ed217,0.0172767931740568,0.6666666666666666,0.23165488302968554,0.35623550540086907
DOGE,37dcdc7cf70b221440d2dcb385e131e64fa312e8e1ffed7e8a17fdc2fde375c3,0.0222819765847777,0.6666666666666666,0.19722611764858078,0.08019086879521418
DOGE,37dd19086b17a672da4bd48efa8e2e4ae2ed91fb86a30d64c2cf412091209367,0.0050701687102458,0.6666666666666666,0.1970936684777918,0.17659870256594318
DOGE,3825b766b9812eaa550c5a878c1de53013c102ec1d74dad66941a1f1a820aed1,0.047242370402076,0.6666666666666666,0.19776742132367578,0.17528058820762574
DOGE,38a86a7858c4f41719b46ebd1854772d94516a018ba90aa3bbe85df843167bd9,0.0268026775631597,0.5,0.19823892552186825,0.0905912270863724
DOGE,3914859fa108f8b262e9f5a1dbea9f5358d62be0e47501a18f04361fe7bc527e,0.0065376902947536,0.5,0.19380821960797553,0.20544580288607864
DOGE,39583974e322a79acfa0624963a78f6388422e1c2649c82ed30834b554850565,0.0086717193240037,0.5,0.3288795846417804,0.5139815896331166
DOGE,397711943fd1adaaf29358ab51f681a635b9e1710873fae6ae4112d3318f8a2f,0.0295908540131625,0.6666666666666666,0.19781476958042898,0.15908256212174252
DOGE,3984f5abd3c94e6b49ceb49123d1ffca676a1d8e7371eb8b9ecdd4cc0582c948,0.0683838516694311,0.6666666666666666,0.19518808640448468,0.16236805011130778
DOGE,3995e2cd78dea7684011338c8056d535fc0cb9a31ac6bce52114328576971c4c,0.0123444322258426,0.6666666666666666,0.2034654300545927,0.18765570440330248
DOGE,3a2081de35ca5b93a05e56b2a7589c2cd2e0ff3af4a923929d3de71b0462f8a0,0.0363801397817152,0.6666666666666666,0.2121787189202823,0.14956063065576228
DOGE,3a24cf7546d52db378733fe881442165976a0df60491570f6e26f3c98580121e,0.0997995018674482,0.6666666666666666,0.2016626024593685,0.2532467011273541
DOGE,3a372ad2fe05dd469ea12221d180993723c7cd2cbeb18e3b2720ed02ae91c5cc,0.0536130799304819,0.6666666666666666,0.19390909122864794,0.12216180076716987
DOGE,3a4b3f0b2b1bcad1d65a40aab9abcc73823003a88a34a4af3c2cc35ce5398295,0.0351468206621065,0.6666666666666666,0.20367492603562048,0.19491891401327335
DOGE,3a6dc8d1ea1c00af1e65d7bedd64b5e661ca916b69f91df45014721c4be2d6ff,0.0086570591471276,0.6666666666666666,0.21375479708710932,0.12361403289238536
DOGE,3a7d981eaf54579be456de4b0c78bf5a8db631ea02ed742c97e8be404a348fa1,0.0107308890802659,0.5,0.19778894887174953,0.1394858450119095
DOGE,3a8d9880704a54bbc69d02f0793113c558eb7d0c1929fb2b6b1b2875579843ee,0.0379294256459224,0.6666666666666666,0.1838832483049648,0.1281211733335659
DOGE,3abb4aff736a14e8cc9a59781f4a7e85bcb7050b95cd481b5ef96963e0f15ab0,0.0217798055128681,0.6666666666666666,0.19452555147027786,0.13615541592339253
DOGE,3aef577741568294a3c6ac5274d4615066774ef4bc7a55475cf05e2802d172dd,2.5210722963698792e-05,0.5,0.19537867397768657,0.17186333758073868
DOGE,3afb4cdd6fe2d4ea0ca5554f7c429e7825a577e3c9c883be7fbae0eb55f0222a,0.0493860434442072,0.6666666666666666,0.1876344011075723,0.15796014821390097
DOGE,3b005206343012aa8c494bcdf916b195c00a3cb114ba2e9d9b5c24a62bcca9ab,0.0027114982228109,0.6666666666666666,0.1800612718575585,0.05818924953535662
DOGE,3b1272b885fec2a680faad3a781eb2fb43a2f93f0d602053a6ece1bf7c21f6d2,0.0116943034372726,0.5,0.18964907656797855,0.12797900731672576
DOGE,3b5a1d16d7baaaa0135dd39048bd5635676bf09b957248dbaff9ce0dfcc5ea70,0.0084498147100443,0.6666666666666666,0.19159841077862716,0.17459703632881296
DOGE,3b5f0a7cffc9f9d6797c696e803d37b7017a15fd7175c045ee4327b4c6fa05fb,0.0221307664421449,0.6666666666666666,0.2015312637376331,0.27796763533028296
DOGE,3c0b5f76b3174b47ddc950e1a60f906b44b574ba71d4fb9d23a02fac1a13c93f,0.0088098495604702,0.5,0.182402745405819,0.09445658545553416
DOGE,3c2ec516fe3be0fa60bdc755e9b31fac16ac62a3aa731b7859d19efbf0dcba42,0.031941632959042,0.6666666666666666,0.19786457966122709,0.18730756344045055
DOGE,3cb1b4f06baef6b49fbb92dd42cea7c82a5c1f4fce4a5a5687289260aa9068e7,0.0152675583024999,0.6666666666666666,0.19206551009604822,0.11382247376641853
DOGE,3cdca1cf150caaa80361a5c4306ed5ac08bbbf22d5b7c1353631a8ef438c3b91,0.0708481304684487,0.6666666666666666,0.19952089080374333,0.19377337838186348
DOGE,3cf58270579c06dcde8a1d48b5647988ba948fd8d4f6c04455b583ab26b97c0d,0.0144458739304838,0.6666666666666666,0.19463404622727948,0.19948752756314478
DOGE,3cf806ed734bac69fdf3840703957631ca5d6e9c6d8c89783f6f86a01219796a,0.0523222668457319,0.6666666666666666,0.19032437527035226,0.14741804135693895
DOGE,3d0eb8b253758ba7bf0c59f131eddfcd1483fd1a8fc9987bfc3874362c7c29ce,0.0082080903072147,0.8333333333333334,0.18032963244372543,0.06850834910605141
DOGE,3d1422f5a2f24de3130aeb1f00ebc0f6961a7f0b0768710d39378af97020b395,0.0238656630501257,0.5,0.22796133726620824,0.1727401312040919
DOGE,3d1b9757c07183caaa2fce2bdc2e5629b4f28854a7fda9f6216e8154cca9585c,0.0180618392869321,0.8333333333333334,0.18568807414693117,0.08024993750923032
DOGE,3dc5f76c89419adeb88050d0ad0f60209c3cc64dfbd36fc8972547b026bb9f07,0.0325341308661745,0.6666666666666666,0.21454483420753523,0.16191854282618948
DOGE,3dec836c41716fb6a0211b4fcdf3bea4224b9926bbeeb7a1d21d382357181964,0.0175296009347363,0.5,0.18775555055608256,0.08839514196214271
DOGE,3df27201ed9b38aa51dd70cab021c77f42766b95d8a7c3091d973080af31f1b8,0.0266290290294883,0.5,0.23801110218982774,0.20823739358866925
DOGE,3e18a16bcf575302cb5fb93e0ef141bf8109f6f8e9b7ae75bfa5a20ee132f833,0.0508783724717274,0.6666666666666666,0.1841741947307628,0.10630013883054948
DOGE,3ee448047b2012f055f189c86172ba5b20eb7cb909c4a916a68b91ee543b6193,0.0431831668436307,0.6666666666666666,0.1830517681445007,0.12467358632631384
DOGE,3ee8e21caabdcf7a6cd48bd27a368606d3b1fd4612da749d8e6fd21da4bbf44b,0.0016122318946704,0.5,0.19502736031492973,0.16164898003624278
DOGE,3f054f262b444eefd9dcced3378f33440de65f7c6edf0002554cd33044dc7144,0.0168979609045246,0.5,0.21610139490650707,0.187846518785539
DOGE,3f51b7782bf2426d368c66ef109c3ec58a7537e214df8d82ad4bc78d61229010,0.001530005035102,0.5,0.2028372440349233,0.1692918866063764
DOGE,3f962930f20eb52dd38f87f5533a4940e65598edc8764574a2e939ec8077b594,0.0681186455471982,0.6,0.4697876496494913,5.171167318320756
DOGE,3f9e7a9eb956bc6b2194874fa55edee41be3743b22d10ad272b8ccec8aa407e6,0.0423508559273556,0.6666666666666666,0.18991496024669896,0.11901726743707754
DOGE,3fe3885b73af93718ea08961ebff3b62c01b068c114e41057001297dbbe479c7,0.000994634424077,0.6666666666666666,0.19131971370861736,0.1268500342325251
DOGE,40395362d6bf55fa02bd8a28714950fa2d3a11e9b533dfa6df3fc9052fc97c3b,0.0222143140551134,0.6666666666666666,0.18000775747706577,0.0796012315161155
DOGE,40459721063073f1b81d5a204e2aad64612263947ce73c5f8f32bf272c9c3bef,0.0005807819893761,0.5,0.18259433021320895,0.07452592075163032
DOGE,4059a7ceec89d55c3abac64dd80870f141112af716607aa2564b72b161653ffd,0.0146651401443626,0.5,0.26313402834807453,0.27376377564350246
DOGE,4064fe410d1404f5de7aa3efd0138026e2a2e5abd3398e3915edf8b11bd8301e,0.0324256055720383,0.6666666666666666,0.18681311104449752,0.09334775133272605
DOGE,407b8dff5f61ddec88fc71325610d3fb3aa8a3ba46538705a55996b0ac6d3570,0.0298162775662735,0.6666666666666666,0.224156148273337,0.198337369809021
DOGE,40c0730b3e766d2b5e94a593a6b1fbb73b95b0e4a32715b0e6c15b5c1ab6b044,0.0490968691690744,0.6666666666666666,0.192523829910243,0.1604731075351217
DOGE,4128e9d6a82cab828ce236ac68aff483400e9ae82f963e163d0cc31eb77b3a09,0.0154302783926461,0.6666666666666666,0.1895040081668911,0.11775718397638536
DOGE,41e6583dd7beb2687ce9f80f2ca9baf4cddf21cb4042b9b9c57c3516245cf3c1,0.0750191020163523,0.8333333333333334,0.1954478653963981,0.10303673721236539
DOGE,420c6ed0e98b1a1bbba7b3bc6b32dc873f29848ae10d9f4bb5380586e95314c0,0.0362433068707604,0.6666666666666666,0.20446283532855597,0.2092440754113448
DOGE,424dd22706896d57ee04b1717c640227a794ee420cc7aee74575150a6e8704ac,0.0205353076243447,0.6666666666666666,0.18873019462616578,0.0852153092905327
DOGE,426d478d18997f77948dd418fd1f65904650697d30fa5b3b4ec1fb7a2bf903c5,0.0036276507252397,0.5,0.1818816164834834,0.05415053545479679
DOGE,42857ec1af90cd97229913b4af67d6abac81e8aa685e558db6f52f57ec73d3ac,0.0544410226097131,0.6666666666666666,0.2122802588130052,0.1726269179400965
DOGE,42b4be20f7427479a62dc0dbfacc22145d17a1dd3a1c43b7ef9ad50b101cd1c3,0.0339951422572681,0.6666666666666666,0.19811991479388047,0.18182366642497494
DOGE,4322a31970f3c5a0b547dccafa156a8206985ae302eee3cf007c50c1097a4dec,0.0473208242842331,0.6666666666666666,0.19769847161185453,0.20227195219088606
DOGE,432bf628a65ea6f1ace89e77002d3f1feaf13183215097eaf00022140f6117f8,0.0104020814022446,0.6666666666666666,0.19659919063102094,0.10931329938189341
DOGE,436644e909314e6216f599b9e1b50dca7f66b25fe5d070706f74a9642a0951e7,0.0291034252261751,0.6666666666666666,0.18883468731816327,0.09966979150803529
DOGE,43a894289ff330769b04d22f050ad1d7eb176c946b37aeafd919b1096f4d8839,0.0058697719369692,0.5,0.1852664793817203,0.12682031349754067
DOGE,43b88180f524ed6f684f231b7c889524f80a23b4591a4a80560fabe58ba336b8,0.0438932610947328,0.6666666666666666,0.18316291137763743,0.11736885253987812
DOGE,4407ea57364e1c52381d605f0fea9ba283f2de07a1f47dfa0ead07bd1da4d766,0.0119070921295586,0.5,0.18948226008730096,0.13915422734425437
DOGE,4518110537b6751c7508b98aa5dfb484ca45f773c38e50d627a39f520a450e0e,0.0034253856363896,0.5,0.31997285533155956,0.4276470765813771
DOGE,455bf05b3c0e51f383d794192d8db913b7ad7f05312f38ec1be85250f14e467d,0.0497576861822803,0.5,0.2018545801916155,0.19853104454153137
DOGE,45b22cfb126b51e2dea89fb43f28b75b7694f0379372dfbf504c6c4e43cc708e,0.0230040768212347,0.6666666666666666,0.18335525994018426,0.09416054019893184
DOGE,45ec8212943ad6e29361e5269806adf89304f318884a2f031de9a73c6b256ecb,0.0286000855588666,0.6666666666666666,0.18854995609618047,0.14590306042370296
DOGE,461a01b94c430903fd090fdfc16c7d7f7653a5c3a706c640828710d7f40bdc99,0.001563562427129,0.5,0.18150006693395618,0.09749886507155327
DOGE,4622bd9344bade1b57fb1babf9cad9aaa70516545c61fa6c71f1249bd41db2ad,0.01163420425211,0.6666666666666666,0.18964236843755763,0.07859004258165962
DOGE,4637b709d626d68b5ed1b16b9f12dcecdd32b3fcdc5d737f444b20b358c0ef3e,0.0094083315676426,0.6666666666666666,0.2000470469297818,0.19674520189408629
DOGE,46402f3603047f8d9b0af57fe3ac32e2550f8307170c46aa649a9c6c071d144f,0.025402991914589,0.6666666666666666,0.25648928709404356,0.2403915181771082
DOGE,46571fc36c6d3426e4c30f41bb1cfa4e13a1f2acc0abad78da40717f88aadf57,0.0373439039047192,0.5,0.22304657849137002,0.26449238144243387
DOGE,468abeaf3e449a894abe32c5c4f47a89bcf8b68922659731fd8a210509864eb6,0.0177480321069348,0.6666666666666666,0.1852672818360913,0.06405180928279437
DOGE,46ac3c755f15d6d98246fbdc706871ffe6f547a75432de4791e745431c91b7c9,0.1962818186031904,0.8333333333333334,0.24231782832881368,0.4685795006581945
DOGE,46b428e24caa2639515125d71e4157a69b1b4e5f2850220de6fcd6152d115a82,0.0111414599455518,0.5,0.1948046954908676,0.14490987809412456
DOGE,46ed91073ca2cefbbbdb8230072df0d48bc94ebd9a7863d8004382ecd43f6988,0.0575508077147038,0.5,0.20138036034547113,0.12594753716306756
DOGE,46f203b5628253b2ec82fc14dcf9d6b3b2c669001102c677db0d17a97537a634,0.0112489925267429,0.6666666666666666,0.17581875477703693,0.047319294633205354
DOGE,47165d7f7b46461252d98063b7657d1ecf41f1d15099e9a5b7e215fec6db3fe0,0.0452999452994739,0.5,0.21258782402643508,0.2842106411154125
DOGE,4716d94c53080bfbb6167111e4592173e9626de7cf62b5cc2a784693d08cd879,0.002023255606099,0.5,0.18385675405360735,0.09518501508656767
DOGE,472a6ad9efdc31f4725de71814b4d333c18e665f4c9a3ccaae9da343c46a4ecd,0.0441404581249553,0.6666666666666666,0.2053049678983345,0.16398298840627704
DOGE,473e435f494284751b6014cc4c7f92e9a2421086799611b5e54fc9ca27da5f16,0.0308352758117919,0.6666666666666666,0.18381197023407533,0.08958416539323621
DOGE,4759d45463e6bb6cb1c89868a4b52d896ae56ccc806cd77968aff2bb406e8d6e,0.0132016403948688,0.5,0.22376700006764186,0.2370630809321805
DOGE,4765f6c8b1d6bd5ccbe3443e3c7e373a78f677537f3df3934ff86b55dc1ba426,0.0702650610530391,0.6666666666666666,0.19176234124590763,0.1538925976202458
DOGE,47d5c59253c69f68aba9744a4ca4c5ff1cecd63d7b3ec97ef6876215352b8614,0.0275603407368217,0.6666666666666666,0.20120855195421494,0.12707678245686319
DOGE,480ccf55186994c09bcb2e7cca42e2ee709fd231fb6449e8deeeee55c7d7befa,0.0234807189813236,0.6666666666666666,0.20122925019362742,0.18176805695443882
DOGE,481222c1b4cadc13ad513e7000954b7efa43dc7a41b8436153b729317c5bae62,0.0315934452674924,0.6666666666666666,0.19244750709713712,0.1128018107246068
DOGE,48382898eff6d7ad3e248e6e562e8cb844ac12bf5c0f121b45f6070ecea1f2d1,0.0163835380274718,0.6666666666666666,0.19636395612110585,0.19759276223643996
DOGE,48d42bce39b6c7a2e04551b4c151d5080652d2de93b5db14da81f6759bf3945e,0.0230419870436906,0.6666666666666666,0.18015787441618192,0.06039780193307987
DOGE,48ea2b9429369ddd991898bfda90942726689e7a6d16654b23fcd11d94828185,0.013990641617732,0.5,0.18551753892338027,0.06697301120275245
DOGE,4986f7a2230e9aa30a11ae84de33aebf552dd18a8133d46477c5340b5cac7a9d,0.0190030225983733,0.5,0.20892563483746454,0.13414198913065373
DOGE,49909a1a725f3d4a0bd67e2529f0d15e711b1b97d3de248f7696e0684baa1711,0.0797843321152097,0.6666666666666666,0.19531124707538738,0.18992459447269433
DOGE,49ee48113fa4d251b2a3a5b506324ba4aa82e6ed8ea4ddf9b8725264503cb541,0.0838727299464149,0.6666666666666666,0.19975365035101025,0.18622620441589302
DOGE,4a01a8b7b5053281d51633246dd78130e8d6d5d7dedbcdc8927eb6183f91e423,0.0427929061365617,0.6666666666666666,0.20349164975780676,0.1756745921327216
DOGE,4a25efdc172b1e51b34423e96ad8a6eb947898dc85f35ade1d0819ef235676c7,0.0153134917958458,0.6666666666666666,0.1932674801629468,0.12460315815716072
DOGE,4a32e970bf5a6cc7ebde157189412d170df7489291258ffedc4eeb420b9b6447,0.0245605792447233,0.8333333333333334,0.19170097692586638,0.08768202435172955
DOGE,4a5cc4c2dd452c969919cb0e6eb487bd15602627d137197a88c443fad3f9a0c5,0.0176905047709487,0.6666666666666666,0.19966883871336658,0.13500623309906717
DOGE,4a633412a1b91b4fa1e87bf9a4ab66317463644127bc394ba9386a36ba3ec984,0.0535285782076599,0.6666666666666666,0.20653522079442327,0.16558060572227762
DOGE,4a85c017e425bff132e6fcfb4b1b865139e797ca0cd1a427361b3f70b493bfd2,0.0068831592780719,0.5,0.19043222663058995,0.14726708196070074
DOGE,4a9018f5cbf1d4e6d9a342549f50d145e05aa37d8407dd54de869691f02456f6,0.015182507213315,0.6666666666666666,0.19284286055048777,0.11565554061112579
DOGE,4ac0f8c229854a66554295a7b605bd2e3adf2695162c777a723f87c32b699d59,0.0520369914683876,0.6666666666666666,0.19478361076477654,0.15626620907918615
DOGE,4b188d0e4398bd9f389c28d9866622d186191ffe31275c8c79dea28b66769f17,0.0475617413914357,0.6666666666666666,0.18417481865156993,0.11735015636285404
DOGE,4b27fe27fcdf11633f8e9cc6f44f9647ab26c32f8f6044bd64d1a3c899cef7b4,0.0220022451140703,0.6666666666666666,0.22609839422792388,0.20863002606390843
DOGE,4b8b2f2861977af00ecf9d94d1a7e626618c7d82a3dc87eaa10435a0425b0d65,0.013967478401717,0.6666666666666666,0.18518156459088553,0.09075993844040485
DOGE,4b8f48ee9b315798a440983fc2a439f702e0042e69577a33d04dd6801c578cd7,0.0319654393505719,0.6666666666666666,0.18033253567630744,0.08422744162524302
DOGE,4bd0005c75b4493fd45b074427fdd357648cec45ca2882200f6d1f4b0c95c38b,0.0003738306108247,0.5,0.20691536070270822,0.2347423602482441
DOGE,4bf72daf234c9a5acae6fa646d45b3bae285ed4ca636c3385014c0aa1abe484b,0.0012144301997634,0.5,0.18590427368894316,0.08075252672657773
DOGE,4c072a5a1c8dab663fb77658fedf25af4aa54644acc8676f052ca24dd0c26e5d,0.0002438099477687,0.5,0.1857295304854398,0.0864292975038191
DOGE,4c3522e8c1f2d10da67cb9a24081fee8873a183a244014746bc411b759de9f37,0.041879960125893,0.6666666666666666,0.18299689813728362,0.0605691306743452
DOGE,4c5e93872557f5d2c317121e6fe898b3a54e0b1a19498edc25e34496ac1a58c6,0.035298817567713,0.6666666666666666,0.20428968310646048,0.24728586872763544
DOGE,4c911ae6164c2f99e9a3d382457617f5ddb1ae28fa0559b6c9c19140cec674f2,0.0127232097639194,0.6666666666666666,0.18800158108207865,0.08921202278919817
DOGE,4d111470922867150541662647f60360920746c6a6d7da19c43308c1b3d3f192,0.0212793526657427,0.5,0.20779649841337658,0.21064727985878595
DOGE,4d2f731934297a801be6dfafc931de41f5e60b5fe28605e1270e381a93067ddf,0.0276208670421587,0.6666666666666666,0.18397031785483178,0.1291113586892846
DOGE,4d443fc906e8564979f1bd87725326049c7128b2857b3b679437d143add42e3b,0.0029022741913764,0.6666666666666666,0.18052940865337808,0.06043406120362559
DOGE,4dbcb47fd4602f8297ce1d82483fb8828fc609041d8be6010defdb2e428834e1,0.0042444615642689,0.6666666666666666,0.2020174589005458,0.10607181604339246
DOGE,4dcd2ab7b196450d564178f5bfca47ab66f4abe633163f21b73ccff9d3eebd7e,0.0392186122678917,0.6666666666666666,0.1891063820596198,0.08001284221077734
DOGE,4df9d1bb0778d99203f5aed0b69f9981f44fdea11f7d5e7df970e11097a260cd,0.0056293152863682,0.5,0.18659483147206804,0.1626866289576108
DOGE,4e17a66ed4e7d265a68bf2caaa7db3afec773e48001ac1c4fe3a15a1500e23d4,0.0042584781566474,0.5,0.20506493335586565,0.16388383984331825
DOGE,4e4526bfa8cb8947c5a6534de6e31d4eb0f040a1f15b4cba91d5c02c2243d661,0.0074770098795408,0.5,0.24698056455387032,0.43503983890283326
DOGE,4e545a60397f258b4b00eda15035254146c9eb0a733e12a45dd756355a3471b7,0.0400611128349302,0.6666666666666666,0.18866102642219518,0.096982196283218
DOGE,4ea67bce809cf61548d54ce24833f099377c90c0e2538dd08a7147fbd4dda90e,0.0032544215941415,0.5,0.17413174203407625,0.03878038773525169
DOGE,4eb484a926991f7675cec84dfee3845cc415cbd91990f7c751d50df68a48509f,0.0346493955201131,0.6666666666666666,0.193703964538278,0.11521039758130991
DOGE,4ece0d4408c37c8995139c2e55c09775e13a1f7ce8b5731b2b3eb1523c4d8548,0.0055741150599717,0.5,0.19607224116588237,0.11325277679063482
DOGE,4ef076070833c43ea7d35360b8723708d7d8a7047e826c94c9d9089e423529e0,0.0049742972428419,0.5,0.17306779846087472,0.03665825857056747
DOGE,4f0978c7f7f5dc056715bb37f3062e1bbc0fab8f0280c443c25a1f2b26aa18ff,0.0128590736683972,0.6666666666666666,0.19065487245296922,0.10116004959208515
DOGE,4f6ff954c4c63d6d691f8c3dbd6fc84b1fd010cb2b8ec0486efd6b3666c801cc,0.0365424041140734,0.6666666666666666,0.19626481474897256,0.21150835926128822
DOGE,4f7f4a1c51a0b4d1b1f302dc13d1ff52f905e9bea1384043624fc49847af9a7b,0.0439635674958369,0.5,0.35428297846485574,0.989682162550365
DOGE,4f973573f5ae5b80e70f307d0d29541afa002e43fb65b4cca31a42a9a55ee8bb,0.0409817825032097,0.6666666666666666,0.19190221557081452,0.13522309686610023
DOGE,4fd8dc56ae84df0f71374fea3f4a80e525b4a74bb110225281e9e2ff7e60d99d,0.0021301051178627,0.5,0.18381755916754672,0.08023405569417612
DOGE,4ffdff238d0ca1da93d3f398e1fc2665fa61c815fafadb8499de4c395f5a0eb7,0.0132347988852371,0.5,0.1849697443607429,0.14570317866031984
DOGE,50159851b12682f987adc7ee9aad9bd40b64033f3893f3b1b4776437c9cfebf2,0.0346580627136613,0.6666666666666666,0.1886059273593975,0.12547734066760605
DOGE,502b1471449c211b2dda19202d04fe357dbe8dc0dafec0ea539d9b47d2e372f8,0.0060481401471352,0.6666666666666666,0.1781161654268926,0.05509783033276059
DOGE,505a2478b71a19c9cc43ac996b54c24d2b6460ccba1e07c7a9d270d35d9e6512,0.0361531821219393,0.6666666666666666,0.19668986620680795,0.14693599518685865
DOGE,507d881df2c948d2aea5ccd8a4d53da16e28ce6b4885c5377a934e01ab05533a,0.0410462367025462,0.6666666666666666,0.1870883055708039,0.09465879187864522
DOGE,5096eed5871d5140de14d24f10a6bcc02c7fc157c7c7cc54f1071825f6373958,0.047242370402076,0.6666666666666666,0.1982972872667403,0.1762017960249945
DOGE,50b20c1b8479c545a0be2b25b969717cf4cfbdb645e5d6ad91fffaf5370f5d99,0.0004355858966316,0.5,0.1994870668557389,0.25184124305146577
DOGE,50d799117f24c3f921e8bc69620ea87796e3d51a468422be80d3f809c9dca94c,0.0699617961055102,1.0,0.18179112901314923,0.05763298193036583
DOGE,51997dae10a35317d1ec3f1b7e394b6c5d5ed162490618b5e387755d07c754b7,0.1299738171295087,0.6666666666666666,0.4668697057439063,0.6171505189737126
DOGE,51a9c128b8f9ed1fd6bd17c72dc459de0f9518daf10523fdb2ea8d71f8b64138,0.0268739917904374,0.6666666666666666,0.1838350672640865,0.09050377243988005
DOGE,51e6a1c028731979add45ad97228459c8f2046059a70fcb29417c2b967e24c94,0.0100526061961039,0.5,0.19013965515760803,0.13387583721314272
DOGE,51ef25be50479de6d66853f734781f57bedf9dd39af10449f868494db515f5a5,0.0193500295298834,0.6666666666666666,0.20403898900288456,0.12343418395538742
DOGE,521ad0ebff1a0b496a6e73e85d9589951982cbd56fdf74acfa4ff4f61b28f965,0.0099344631889675,0.6666666666666666,0.18050019414727364,0.061885728290520005
DOGE,521bbaf1c8411ef50cb8be97b50a042c6a3d58298df11fdb565692fb542c3753,0.0597184904137857,0.6666666666666666,0.19955409101925878,0.17866666859446242
DOGE,52a139452dbb28a835d173d93adacfb4bf2bfcdc2083b2182f6e7bee9fd7a72d,0.0143086556053405,0.6666666666666666,0.1871155992420653,0.15776700528060741
DOGE,52a385310c1f1b8664a813a3a6f258a8f6f6211ffb7076e083c75e7ff1d95469,0.0108486344747879,0.5,0.18407748305465435,0.10632533532170638
DOGE,52a3d481e724b33c7390be0ef6efe793ca6f763566f5eed98cf33da2dd0071cd,0.0151308983374197,0.6666666666666666,0.18883293147549204,0.11343558520893132
DOGE,52f6d4ac1d4f5652982f378eccb514845801568712ebc9f6fff5f4bb7fbc4316,0.0393245678214221,0.8333333333333334,0.20064247278042996,0.15976491188701641
DOGE,53468a2aa49df6b0e423798b758d72ed44daf1c8802e63f1083469b80582e50c,0.0146152977018454,0.6666666666666666,0.20623425965718517,0.24513071617984009
DOGE,53dcb735a1c78a3ce262902812b78e8adba2bcfb276d93f544146d35c1f36242,0.0008166787641902,0.5,0.18109649926686622,0.06718899604424246
DOGE,53ef44f4a93f9c8e3632352aafcc61b388328c76f4a4f7fc06fc79bcf3d3d63b,0.0267931075505979,0.5,0.45587150086177675,0.942310975510213
DOGE,5404463ff97d6a03b68a85a4a519a2c26026454ff443ce8e7ae3d13e2f45db16,0.0086810409703855,0.6666666666666666,0.1855444123865026,0.10020190080892265
DOGE,540d80985e54e5776126894012733ba57d72d1e81f3bc52660c2784ad4dce129,0.0064077257032983,0.5,0.191167675676824,0.1526382843357728
DOGE,54176830c265a5039630ce4189c2428adad4d61468590876afcb62747ecd5dad,0.0073029960377358,0.5,0.18466849748499115,0.06233000882908069
DOGE,542089b612de21e083d8009bce41a5e33db58cfc6dd62f4e0170b67f35cd6689,0.0025710702837784,0.5,0.20585506193758002,0.1053114671380283
DOGE,544f43f07d3648f9f94fcc86ba443f14b7f52eb29fd225891d65da92ff89fc62,0.014573448948353,0.6666666666666666,0.17989888100260557,0.08095681515600006
DOGE,547445b4faa4ef890a569fb00071f5d2397d29893b460f257374bdd14c959b4d,0.0270139294237594,0.5,0.18910850992464304,0.10405226100846839
DOGE,54abd804f2076a5025de18f2ca836dc4127ab461c7badecfadf6ccc3b3d415d2,0.0147496847865206,0.5,0.19049073800245078,0.15784351144631814
DOGE,54c8c6b0529ec2d10352922887236f3575f8d4c999279c336b279d0ea501cb5d,0.0497562496638557,0.8333333333333334,0.1795014431201749,0.08883437485698896
DOGE,553637ae988c66d13d437883ef8003e57a754fa8e286ce251bad0ca27cf97216,0.0088733510011503,0.5,0.18929024585673995,0.13734830778760046
DOGE,553be1a3d3d43c9a10efba8c61fd5a78ba5b5aad221165768067c07dae8d6abe,0.0085068656016717,0.5,0.19741662975876928,0.18265389709701943
DOGE,553ff5000f027ffe8bebad13bffa9faa776d4c4d6bcd62aeb2b13e48e3ffd70d,0.0234481306608239,0.6666666666666666,0.19311039804488264,0.13113817477184384
DOGE,5586ea4cc33bc18ceb8e572576fb1089bc5dc6014b327bbf92ad48b0fdbdfed2,0.0109854842458857,0.5,0.20152793773837563,0.1128143057033723
DOGE,55c2d4776628affe31332b8656e1dd45780873772076be3962048c3cd7067f1c,0.0599169503510684,0.6666666666666666,0.20024507151115659,0.20503054921562433
DOGE,55c66bdb8df32f20aac1b94251ef23ed533d8ab46171f57c2be763c5a9c0e607,0.0359831596081039,0.6666666666666666,0.18466671256660158,0.10134850452788456
DOGE,55d7e64915337b7983a3d96541f1e0ecb7723e08c36369879ef7a2e7faf5d943,0.0008166787641902,0.5,0.18109649926686622,0.06718899604424246
DOGE,5676c509fd7c8aa9d543e05f6115728d9fa7f8daa78ac7b24ba09976950c3919,0.1142132893851053,0.8333333333333334,0.2209180671490291,0.2197101830253712
DOGE,574494bf2dae40ae4ed1fb7b356106276af03a982609bbbad75cb85ade032bf3,0.0727773796229778,0.6666666666666666,0.1981795372638009,0.17593653066878515
DOGE,583ad141a69cde15baf34918796db36ce310854ad9c08c90aeede92898051ace,0.0121031089980669,0.6666666666666666,0.19073766853910482,0.0827976081486239
DOGE,587d6b30e8fa4b07e4415c9b6ea6d7766e4cabdc3c6c6fdd893cf25865d2bd16,0.0309248874785708,0.6666666666666666,0.18352026122630866,0.0844589056955666
DOGE,58c8ff514b9309e729437c0debe7e04e33b08488a22d8f77bba1c1946a76dbeb,0.041618908574314,0.6666666666666666,0.22283368625718133,0.23214755513619298
DOGE,58e3778fe028a0a6b9202ac475cc0009146e15fd3fe6fd9e19f216e3f2ea8f23,0.0390513500315635,0.8333333333333334,0.19917013677364395,0.12074684242205115
DOGE,591a20898bce5e740176dc4c32fabc6406babb45f0a16fe7de096f37aace16f2,0.0119467565739707,0.6666666666666666,0.19837842589644297,0.09462819320554644
DOGE,592372e4c501bcb7fb599d7c1b2fd05ff9be67986a1b83786d47379fb7703c05,0.0065632197735117,0.5,0.1881868881925375,0.09214540508930867
DOGE,597377a27f6ccb20e3248d55fec9462d55f8d7c803a7f7320882cf4052b51933,0.0667598518509108,0.6666666666666666,0.20300271534730208,0.20554734870579733
DOGE,5a5658ceb78d492a1bfb6d5849e555ce8745f66087a16cc2fa67b71554da12c9,0.0403207298412318,0.6666666666666666,0.18821772130899136,0.09400799316242779
DOGE,5a57a249f81315293f68ae114ca8f47284d321800347c473aca6a3357ee62022,0.0299257930590789,0.8333333333333334,0.1983283076854297,0.12661248018099874
DOGE,5b404cad6b106029a030b511c2571c62502b7ad660d06ee2fb0c5190ac5ff0e9,0.0119467565739707,0.6666666666666666,0.19837842589644297,0.09462819320554644
DOGE,5b684379df96176e81aee6a74954c6244d024c056c84250713803ff8ab516215,0.0133576708422681,0.6666666666666666,0.2037280496139666,0.20380223338111328
DOGE,5b71caa80691dbe872b7fe3de9ccbeb722d8a4ad307521b86d8157f2213875ae,0.0567714339129166,0.6666666666666666,0.1968284934416622,0.15384889678034927
DOGE,5c03b9da0225cecefbcf4cf17fc975830d9723b75f5b9a7dbc970f968cd4b46c,0.0602807480044201,0.6666666666666666,0.2007354629262546,0.1664184549909748
DOGE,5c18caf189dac2b1c4fa09532bee1c939de2a59bf4a11ef6cfa3968fb977fc3a,0.014858080526431,0.5,0.19347508223051374,0.20550632504220356
DOGE,5c31ef76c375b3503c71b552e41a11f2e0104a25b0dfb84cb29050d5ea36c40b,1.0837050195522738e-05,0.5,0.1781139648091705,0.062016353607318886
DOGE,5c55238812fa632e43a7f2c007cfe8b6412d5a5682d8bc401b678891bacf8d38,0.0573780463307273,0.6666666666666666,0.211198933660829,0.20338677900046923
DOGE,5c6e9fa34502a5b8ab7cc0fdf9180107cf8062fce85eb9217646e0726a4524fa,0.0364861386296174,0.6666666666666666,0.17944376797010586,0.07784457917576605
DOGE,5c6eb29c2b99fbe8ce2e02f7b8ef3d71ab97c2547ea0a7acebee0f8297e5df86,0.0478299389056127,0.6666666666666666,0.20325373248907397,0.15880459540102487
DOGE,5c78dda73fcbdbceef21e89b37cc3a6472d3a9aae961845b387e6e5c2ec56c5e,0.071532637366649,0.6666666666666666,0.1990702475632997,0.1588236116193559
DOGE,5cc11c17dca94b802103aace82ee8b87e973a92afd379f96cc091f8242596afb,0.0032244972283623,0.5,0.1806705393343595,0.06797430693678125
DOGE,5cf23e8579b82e215753f984d6a51d1732b31d4cbae897564507d27b2a3d3815,0.0310418298806065,0.8333333333333334,0.1953628539141991,0.08768579447662733
DOGE,5d15830af801eed456a6d3e7d5cac6271fa95d8f7be8f11da17a8730118d32c5,0.0207886575890724,0.5,0.22905561408005634,0.2918643351292921
DOGE,5d4e339fd4172d733dc95a2d47e4312745503e417c7b20c37fa581e490021def,0.004372599142472,0.5,0.18893664615016412,0.13992779095643537
DOGE,5d784c6a2605b2f8a0812bfcaa2e4b0a9e9baf62de6a0c811737426eb8f22d45,0.0039258767980371,0.5,0.18979722333760707,0.13718393278690813
DOGE,5d82bd24758a618f96e73e1a5c4ac064cff7b5b694143a1ccbada6f16a934e10,0.0063179450576195,0.6666666666666666,0.18502353791840043,0.08185744315389787
DOGE,5dafc4c8f2fe82a842a13f991ccc4cfe287fbcf4a2cb626869edb06738519ad9,0.0216767567850329,0.6666666666666666,0.19325556469364183,0.1307541203040817
DOGE,5db6bcb88d44245c32019a5bf808c14b2250697494303245cb11a033a862d413,0.042209430974393,0.6666666666666666,0.17672121264917193,0.06601042775555535
DOGE,5e3d3d485ab17ac78b4eef071e7cfd2f1a3ded3222a421e7db3d4c6dcfbd4feb,0.0294523798224355,0.6666666666666666,0.19314909504490982,0.0994411973763317
DOGE,5e4e460aa4db0320deb7e9b560c8af405645c64286cb59aa45a1cefe653d3048,0.1082630628195007,0.8333333333333334,0.2179784502923031,0.3877397989869854
DOGE,5e5ebf850dd1bff9a5186519f5a2f33fc6b5190286f46f226c02e32a5645ca96,0.0581614476707545,0.6666666666666666,0.19442962566189465,0.19802601802277173
DOGE,5e6f3399264cadbe0bbe712150e5517fa6ad7d17126f9e450661f673b89a3f75,0.0264825707883674,0.8333333333333334,0.181537087190067,0.06324604039286984
DOGE,5ed58a052239e11c69e3e6eda29b643e0ad04257773bbd870065d153c6f33cfe,0.0285345645175585,0.6666666666666666,0.18390375513281246,0.07182157552297942
DOGE,5ee92e0ec9595d4f23b2d817a69b150cbd1c6639d25343cf0e6e614f82a3077e,0.0117672453797181,0.5,0.17613481570665845,0.056002573457422815
DOGE,5f4efbd1b69309211e7c20d722439204fc6766030cdf18511682334917e70f2c,0.0415556383431565,0.8333333333333334,0.21006607518461567,0.12614292439442715
DOGE,5f5882b944f60e0c091c6b4e7e1e022338c67ca1d144bd26b8f2332f02951994,0.0436694873097412,0.6666666666666666,0.19813422206172712,0.13882460549155112
DOGE,5f7cf022682ca61ca0ed5ebcb47cfee44a355f46f86f16393bff79cc43168bab,0.000807346263477,0.5,0.1823916384864065,0.06667245458959167
DOGE,5fdff6cd9c41262406a13656e0230ceddc9b0b7323a4cf724f34c222688857f7,0.0191723620946768,0.6666666666666666,0.39193585476984344,0.4836423689885121
DOGE,60082a2711b8efa8c8a36f286b450674c8cec41c1fb5ef6682bd59081380fd4a,0.0430620102944304,0.6666666666666666,0.19633835565197533,0.14120206073815214
DOGE,6029b61bb8493d84cb49f52a82b91417e11476e84f63bb99c599fd690306ac87,0.0503654608272262,0.6666666666666666,0.20222042352815936,0.19242681844674323
DOGE,60d32555e09109cdddb9a65a09a7cdcaa42ba2e9fe48931727dc9715db05863e,0.0566769246825616,0.6666666666666666,0.19905259643454298,0.21150055195155368
DOGE,60d5996a92feab0446dc85e29afc167ac3f67960534f309bef059104d71ab240,0.0312907891797735,0.6666666666666666,0.2059766938179325,0.11670413439350769
DOGE,60edab82cfbccdd7392ce8b25685ea49969ffbb3932747bf61b2b6d27e7dd511,0.0075571135506838,0.5,0.18271503157065686,0.082387882607414
DOGE,60fbe99e82b12d94f9e45db94497d8af591ecb97fdd6b4ae4ea6444bc2e1c488,0.0214285793588811,0.5,0.19310757788896246,0.11757069537907733
DOGE,6195fbdabb7b15400c848da0139aa24ce2839f74c54c943f21a9d14417410545,0.0018122902986599,0.5,0.18054234414827475,0.08334329589259955
DOGE,61d0a50661e91d44d199d81d425ba603ac38758c4494571c17532e34bdac1091,0.00496187203117,0.6666666666666666,0.17887859064383543,0.05551771740702369
DOGE,61e72aed2520a0d6b7a2eaa9180a7420decaf66bb1058ee25625d8130b62d733,0.0269451703438902,0.6666666666666666,0.2483513439829917,0.26591488612518877
DOGE,61f54051da2ebdcc0e2df91cf7653b23786be76a05a5858d8b0207792ebfac65,0.0334875179587272,0.8333333333333334,0.1846039283740443,0.09197928064543635
DOGE,62360a55c5cab843fd3dbec44a97aac35ef3b4fdfe5d8a5dac5773ec8207e237,0.0481008093580584,0.8333333333333334,0.23613059179840465,0.20279203961277528
DOGE,624f58ae0161e4e1b9befe546e5c2c5c819967662166b1a4be42e1fcd6f4fb1f,0.0329075649232004,0.8333333333333334,0.18337136562017325,0.09037592664662868
DOGE,62d6c5b38c09222cc41e884496cbc0ae47a908b8cb9a8d4ccc6935dea7b7ebe2,0.0441404431998934,0.6666666666666666,0.20201679981419504,0.15174925232596212
DOGE,62db235de4fe1937a6c0a8ab65b291c3ab6fa46733b6ce00e77b6f2c611d251a,0.0884943982849167,0.8333333333333334,0.2545116072358837,0.32151864035846034
DOGE,631ad0bfe1beb7880eda0ea2809b9f1c06fa103118cd2de891fe5f4bd11e9646,0.0389355012838893,0.8333333333333334,0.1904556726977297,0.08763864681254614
DOGE,631e88e9912a508288eb269b32da73a989adb4f32817cbdd446a99b4acf63fab,0.0970606732144878,0.6666666666666666,0.19675809955821355,0.20331764937235391
DOGE,634d13161b07bc65f617a5039c875584c4bb97a244ec9ce3987b974516b4e313,0.0549902898626746,0.5,0.1931654719454381,0.11931622412628377
DOGE,638de9a4823dfdbc436a92a72d950109ac7b5da1cad21ba24ade5c071709bb6f,0.0055934642141575,0.5,0.22499353737589195,0.265492017224319
DOGE,639ccb004bf227fdc99f00504db38f1cc2517af88cd3c8ab4326c8d591609d05,0.0128702084928793,0.6666666666666666,0.2767730704473696,0.2531600382378292
DOGE,64d58ba2a1f6f2d1fc0ba13f2513bcc41502e81f103d8e5887031ee108559e6f,0.0029284527808282,0.5,0.20226393525506078,0.257555236927871
DOGE,64db97f214364843ff394c0fd3bd194d20baaaf5caf63c9c902d4a031a1c76f6,0.043085633763818,0.6666666666666666,0.18490619056952526,0.10695853549087192
DOGE,64df4db8c128db456965556814a329cc38f286f7bbe8ecc3f3ad3babc074da47,0.0297371549808565,0.6666666666666666,0.2051311881383497,0.20456369921207
DOGE,65363427ecd46f4bf858b2c45ae01e4cd1fac954f081414df7e472168e283bcf,0.0151302130160436,0.6666666666666666,0.1890475435973751,0.10703035439432768
DOGE,6536d0fe95753d1b453fbad29449a748302ab22ca549e82ffdb2292ce371e9aa,0.0535472132779872,0.6666666666666666,0.1954762755038725,0.15140020571407026
DOGE,65b3969e819ba05d973a316ab86b99ae743fef37862fed4c0c9a7a886b0d6cbe,0.0028562022393482,0.6666666666666666,0.1825553276170162,0.06685557864930589
DOGE,66060a8ff47244e664691e790499e9e388a97a8d9db4b6f535750fc6a3e313de,0.021887568890258,0.6666666666666666,0.1849388520117131,0.09350370708443051
DOGE,66743ac288a84b7ca8ccd7e0326cf42f32b3f0099c135a53f6142d4c77a54dba,0.0404647804747084,0.8333333333333334,0.19310398838339965,0.08338777687204106
DOGE,66dcd71bd3978f5fdaaf9cad5a2063938a06b6b3dd9b0227e752277516c02e5d,0.0065211857448082,0.5,0.18878346898049256,0.09523861617145381
DOGE,66e097cc156f5d2a4ee200bc349c0c670f14940c5cc794dc19f1f9210afa3408,0.007292850970783,0.6666666666666666,0.1955538030439476,0.10317985358379486
DOGE,6712db1fbf58f019f16cbadd898035a5c2db29d40e7c14a598cad34d47a20225,0.004659293295425,0.5,0.22466427942145342,0.2816969302645532
DOGE,67b155a124c2367ffb2da2a9f8af9dddbb9e0398655cc298c845fd4cefe884d1,0.0478419362360624,0.6666666666666666,0.18845841313156333,0.12061616014396032
DOGE,67e2a859138059f601bb61994bcfdee8336d9b7d183f1562f8adf9fec2512db5,0.0159111937066687,0.8333333333333334,0.18385873234607408,0.07057418400862106
DOGE,688bf9756170f26d1e1da20995a3a15f8cf60a6661344a45ca0a115f08674364,0.0374188944250966,0.6666666666666666,0.2493080328570414,0.25069717406814507
DOGE,68feb309ae76435b128a83673e1f79f58839f0e73b5a366a17c57c725a6ce3be,0.0236224792648353,0.8333333333333334,0.19334965600211454,0.09066457618110288
DOGE,691b3171841c4875f78253e9c42f10233a4be834cb4df20e7253973d91442b3b,0.0836126701819811,0.5,0.2556182286333887,0.45357135549500077
DOGE,6926febccce264ebf1e8160d617be7ad8e3cc2945f62b2d76e3aa2830c2b30b1,0.0262602430885637,0.6666666666666666,0.22804556209008334,0.7331206829960027
DOGE,6968625248e38d450a5174ad52b728a88382910c771db00ba9ab2a5a2bae40a4,0.0017172175845284,0.5,0.18259043717367346,0.08297602407226357
DOGE,6a318bb6e5f4f22f039dee4d4996ea44506784fa4dd27d97e2457abd605da67e,0.1603082120072276,0.6666666666666666,0.340941919574994,0.5358833986275107
DOGE,6a38fc8a1cc7db7165605462a6068855f5c5884dce2c1a6604cf4a727334524a,0.0482152099248427,0.6666666666666666,0.20432648710526022,0.1504155280562302
DOGE,6a7e01fa69ba96fd46740927b70e163835e8ecd1846cac7fd11e6fb7a2a55e1d,0.0066254218471063,0.5,0.19770632256395865,0.18080775837668112
DOGE,6acef0bcc2bf1fb9a3c0d4e1cf479fcfc9394829170d097e7e9f3b8c84245b12,0.0160955509562688,0.5,0.20712206242695896,0.19455372988717676
DOGE,6ae2ffa05ebee9c00ee83032f4b7ca6bcc07caaab13303a37899071965729cf4,0.0018268219563863,0.5,0.18410594445725634,0.07804032082583819
DOGE,6ae841c825760f9db991269f64d1454fbdcaf3834a44efcb4dc0e7b81effa20d,0.0067750863006943,0.6666666666666666,0.18318296935600453,0.0777419951267753
DOGE,6b0051213ae79a2a3cf5aa13a919481f07243d4064d6635192556b2ecb825759,0.0157945593182083,0.6666666666666666,0.1767423825721803,0.07585756393832813
DOGE,6b0413cea9c04a4d35b1ce614e6677267e9c53a48f47684ea7a85d006c96a941,0.0064779858186366,0.5,0.19665350486199842,0.08409110167391813
DOGE,6b4a488ad7546548d484186bb3aceea4728bd9048a4cada66679c52ad7568d23,0.0153899494915654,0.5,0.2001374685926679,0.20210702196834995
DOGE,6b99d829b5d6a1c3012da993976ced8bc6f6aa1b55b7cd31fdfc3fe61f9d0c69,0.0813198081661643,0.6666666666666666,0.186664522846973,0.13535891177450468
DOGE,6bf0fc9f759292a501450c1c83e137bded874f7f6942ebe0de0e125c78e43cf9,0.0146322378608685,0.5,0.1836407084699229,0.11344439598401342
DOGE,6c04b2bc9da976d4d715da3ad57aa595be5b4dcc2af36258a3bed17c112723c8,0.0205317498359589,0.6666666666666666,0.19618242340353068,0.1370200298597834
DOGE,6d5294bd98f71b7e62e57492254107a19e734d164602788a9dec70227c08b6ab,0.0129119531781043,0.6666666666666666,0.1770358634994517,0.08063137284377131
DOGE,6da16b04632d0c44b4252d298fa8f8febb0710c5cec2061a208107b00cd7af98,0.0580286123718963,0.5,0.22878609957199106,0.3816050539022303
DOGE,6e2fe1f2d091b18e325a89db93f02e9b12e5b260e3d79528e98c06c13974b48b,0.0134901125334962,0.6666666666666666,0.2039543880771233,0.15862136450712122
DOGE,6e43d3e8e4f85433bcb7a04d4f2d3694983714aa2eb915015af6a2bc6dc03c04,0.0079860420406945,0.6666666666666666,0.1864182211295187,0.11304391765437205
DOGE,6e4c08fbb0b9e05c738c6231b2548a92d37f0b8179f2c01a697ac328dc0c58c5,0.029332390644573,0.8333333333333334,0.18492002300333216,0.0741339198118836
DOGE,6e630cd95f33fe4ed1737952e6788e712fd735acc917d5bfb6e6a55b9522be6b,0.0183991112632583,0.5,0.19141122647888834,0.08415268178975614
DOGE,6e6fc8df45b973e3b75118cc72e2a00f6cfed1286710a642ce2e5c558e44234a,0.0208053508023303,0.6666666666666666,0.23034709819763588,0.2566783476451726
DOGE,6e959d1bcb75068621650fe04fb8e2018d792722b869be76ccb898f684b025b4,0.0194614068341427,0.6666666666666666,0.18983117103723246,0.0755295666806294
DOGE,6f681fcc17427856dbc41c8779f18e3905809010506c7f08cd35fa26e1b4c10c,0.066782357815005,0.6666666666666666,0.2388252199296858,0.3756591790376469
DOGE,6f8b46bde223a767b1a367d0875bbdf2d2d7579903fca831e7d14db7acebc880,0.0039649276772463,0.6666666666666666,0.18533727712839382,0.1302838351077682
DOGE,705e6adde5b11c7a5e0be36cd938a7397a955d6ad86051b42c2d61b75e95d3cd,0.0470513067416258,0.8333333333333334,0.18532272405586234,0.09294350774972461
DOGE,70d182fb3ef131a4ef0579c5872efb46618761f33b5cda4aa7c84f539f7882c2,0.0388537915206131,0.6666666666666666,0.19322872551205975,0.10865541944748834
DOGE,70e1e1db5a7e1b3432771dc944402f378b2abc417552b20d619526f4e392130d,0.0327844196224796,0.6666666666666666,0.17956394844263115,0.08460729831466032
DOGE,70e7f3ad69d7fdef1fd33ed7f206d7ad32ec92c56571c669ad0fe50065e4506e,0.0265463394396869,0.6666666666666666,0.1908814310896894,0.15803050892163095
DOGE,70efc610889f541ba68f185667b684ffdfbb80e699da8fa063b250c8882a6399,0.0017788901399858,0.5,0.20787906949717694,0.242831424532736
DOGE,7112ae66f281e01c4926b6031e047cf722dca5bc61b5234ace42498e99419c4b,0.0045576174257874,0.5,0.469037463092335,0.8928465342625193
DOGE,71860c17e4a13c69fea36ed464ebc44d628d30919d14c218c9d996b5cb05cb40,0.1498073664005702,0.6666666666666666,0.2678296858627166,0.5968736895507393
DOGE,71888a56c594ba00f468eb1a4ffc2fc048a060e9e839cf96e96806b2c110453f,0.0554241526405877,0.6666666666666666,0.2514432543479347,0.2861982435858154
DOGE,71a99cb097184f222bc21d25be8e34d9b00fc8a8fa371ec4f50227fc79a08d65,0.0316202492029523,0.6666666666666666,0.1834112474876298,0.11318851344341613
DOGE,71c6c264f636a40b24da531c3c74ff86810438b49045f8d9127edbaa64a43ff7,0.0629345122799771,0.6666666666666666,0.19609298739952602,0.20496021315318536
DOGE,71f130fa5af1882475e8cc3b150310e91a9d9abfe574f57513275a2701516909,0.0112577404766918,0.6666666666666666,0.19933171989748427,0.19510642461873126
DOGE,7258008569395df0c6655a43d05a3d0887794a1a484b1e130719885387be764b,0.0216432209742383,0.6666666666666666,0.1913922228673067,0.111299966969011
DOGE,730c3f88adfb51b04be96a55ca254b68ab7b8a7d1914b6a12ec881f52ba59de5,0.0141235437947121,0.5,0.24067736588045407,0.27125621678518813
DOGE,73309ca956a1032bcbfd39c69a893ee5e186d72e9b7dd7fbc28e3020d21c5fe5,0.0031220660944608,0.5,0.1799795053656055,0.05901121280511201
DOGE,736f69d685599a846316535d2e4d9d8f0e761d05ccddb0e0811e5fe950b31f03,0.0018339798468936,0.5,0.18870258419196362,0.10978552958746245
DOGE,73c85bbdec0032b340fe27329154b31793e1c103bde623dd5ac6e55f29e93aca,0.0340796912097984,0.6666666666666666,0.19539964565792373,0.15418230294049648
DOGE,73dfd5db2ce9cf6efda9e7eceec7de513d12d515fb512be61ecd666982eeb64f,0.0436562622336923,0.5,0.20812933445856024,0.2124208805658134
DOGE,74277c5bfc459804a733dbd066cedf75e05db45c4be64ec92e9665a446c21d2d,0.0099462704722894,0.6666666666666666,0.19047590095935815,0.1678081435464098
DOGE,74d93d0a1366d1804612e6bcd9242e8f64d8fcfd7e8be167bd00da0993ea31bd,0.0054195295187722,0.5,0.20058946493962423,0.14647879952646284
DOGE,74e72bfc5afc392b0945619999ab51cc0071100eff38ffd6119ea833b2715aa5,0.0337955535463094,0.6666666666666666,0.19905790525720515,0.21364327131000602
DOGE,74f757b50d008d518431238d40941f496e568fb22c346f2034f44aadf22f47af,0.0824237017956178,0.6666666666666666,0.20291833239391635,0.16284402112104657
DOGE,75815ee407b1b347d4513d8d061f388a474849ff30bef4fdcb31726fce25a95f,0.0204553942050389,0.5,0.22721258209934936,0.22431974964949009
DOGE,7588c127014020490dd6fe5aa58bbe3b22671beb741af8f9ce4a30eb402d2d23,0.078768680926422,0.6666666666666666,0.1904952400449163,0.15492565725412358
DOGE,760500efb61ba984d6255b2334bc54178041662bd2431dd2deaafd524bb8acff,0.0071659841047938,0.6666666666666666,0.18870376173900186,0.09826503962694809
DOGE,761a589b0227d920bf8a8f143006ed1e1097724457cbf3197f10f93e77689376,0.0208278852548597,0.6666666666666666,0.34469484270503986,0.49255108503374423
DOGE,763c9284a43f7d8c680602ae68e9ed417a9d0450cbca2e0cf8b471caff677930,0.0021874542631062,0.5,0.1980900466366311,0.13322092260181967
DOGE,765cf32b4502b748ec193ca1b065ae7eeffdbd7dbf1df876187ea13afb2492d2,0.021968956051941,0.5,0.20338488814765535,0.20636332091070683
DOGE,7661be8512e981abcd1175a60607ec57f1a81d85c711a4e8accc1e5d23e403b1,0.0218608060701874,0.8333333333333334,0.19063671572845511,0.09002408448778704
DOGE,7698c401fe03b98c12d2903d81e802cf8f50fc0db5551961da1d5c0afe6d2c39,0.0110415022597302,0.6666666666666666,0.19995284364521151,0.1742026395489597
DOGE,76c4433ad1b44cd6ae81ef975ed6798b24b16ea51812f5965153ba91e3ed9b89,0.0201666264876695,0.6666666666666666,0.19201073676774089,0.14117900004898343
DOGE,76d23e77aee4755903c647013ead02a5db1bb93fa01e2a0bb97406e7d304fa19,0.0404662875820948,0.8333333333333334,0.17857428363612807,0.07908734502118196
DOGE,76df2c381798d9428aeee46680c3a28460754fdbac3282da8d879d6eeb2dd43b,0.0256926502578491,0.6666666666666666,0.20398010485790424,0.19910631429098943
DOGE,77308e4130386f9bf28f818c621c2e7502c44af72d128201863028f9892050ba,0.0181930732652674,0.6666666666666666,0.19391454012737253,0.09226429654235546
DOGE,78017ab3d8ae410566a917edc8496fbe0768a979ec97f74fd0db3c80fdf0cdee,0.0008452170261565,0.5,0.21304557362225557,0.18164980291260518
DOGE,783a90973f116c13ead84fe9e2e1016e4cfc6a6399e1450edc60acb9e4e6e77f,0.0460102687048957,0.6666666666666666,0.17919322233353857,0.06945626625854012
DOGE,784c60ec24c1a4f8623f864b00a1b93fd17f551fca79004be216ced6d30271b2,0.0160766690150837,0.6666666666666666,0.1892020601783191,0.1646827832576978
DOGE,784fb05c01480f71f49782a588896406750599bed1bf65a8cbf7afc050151b64,0.0168073024677248,0.5,0.18390566728396787,0.07316339998500433
DOGE,789f3df2c88678c9d5f078116a3008ffd62dd62cd78560edd15a7ee1275d3e54,0.0092173897682454,0.5,0.20488853881490138,0.21682198443316059
DOGE,78fa5b283307422faadbac8b66ff4cb8086d2a830caa61e4d9743dd987c37907,0.0100060058201301,0.5,0.20382596093068872,0.11780910848804134
DOGE,7920d82cb69f2c33b6cfecd126851c8c1a7fdcbe179b0f56cd71f5012e262da4,0.0330554151112023,0.6666666666666666,0.19792996270604746,0.17538133672582648
DOGE,79993af1e5b0657abc12e6140d2281de05144500bec43f983411d5f780f78aff,0.1031625328735349,0.6666666666666666,0.25160229776284854,0.6687997711517712
DOGE,79a4c025c385c9039750b005483ca61130dcd2e2f147d94d6e4799fac35529d7,0.045221511042032,0.6666666666666666,0.19229848960022974,0.15695526937108056
DOGE,79a7a2ef857187e2c2372c88fa528ad541a3d2d080508c9bdd150acf50c0fbce,0.014184602808586,0.5,0.2015792553088541,0.15531640941146932
DOGE,79b14102b37d7f10598fe9dd148f5b6239ed95e009d74ae6c13bca25356ce999,0.0021364905843915,0.5,0.19308760988944904,0.12514117679636164
DOGE,79d6e9978eba234eed56cbf6e15455d1144b7eebe6ee4e8b9d56d3c81ea47f2d,0.0377712737561337,0.6666666666666666,0.18204713597121244,0.12950507633109756
DOGE,7a02be792dbdeaef1f97827cfe96283b635c8c18a151fe5dccd77c19268b491d,0.0559267327566926,0.6666666666666666,0.1998132010225695,0.12625727559418265
DOGE,7a1e55b782453e0198ddf6d1225251a23d0589d8831cb6fd5b5c85a44aaa5388,0.0470213084822839,0.5,0.2077439686016561,0.1997734344112584
DOGE,7a52d2971a30da28137d64b136702b563362ce5c5ea893a4523bfc300ea8364a,0.0281710932677418,0.5,0.19310935900734028,0.09621933697194485
DOGE,7a7c3c920636d53521ed4abd8bcaec8c042ee91594628602b05d1745dc29cb58,0.012099448591534,0.6666666666666666,0.1941640178167217,0.17298740912400767
DOGE,7aa5167fd8c1b3c7dd4553f175f336117f56aec397b99fca41679b9a0ba94d47,0.0103474732407023,0.6666666666666666,0.21319770996317242,0.27652046158123245
DOGE,7b1d1c36583ca7aa2425bf82decc8fd6be2dac22373c24d1bf43e816dd695ecd,0.0118044388525044,0.5,0.1906584832727232,0.09206896231238858
DOGE,7b32d7eace216c9425c1540b00aacd6d7b6143e2edf7d32252a317eac5d956bc,0.0198171634558937,0.6666666666666666,0.2074796443328422,0.22426509491610805
DOGE,7b65b84e976c9f0516b045de054cdc7d07b28b2245949949cbfd4a180653bf00,0.0130871217997091,0.8333333333333334,0.18841357632377256,0.13389539480914
DOGE,7bc2f35f9b4c94bf3dee91396dde4943c233b576ef022be1626fd46787347edb,0.030649307957483,0.8333333333333334,0.19777265138749814,0.10042977204809743
DOGE,7bfb3e39a7d6717a62bc27aa7e5f41f5fd01f8fe9cecf541172d082d68a809ac,0.0108486344747879,0.5,0.18309087476492478,0.09571714876780964
DOGE,7c97e451ef6ed1d00b09ffd5f78c1d9e0ad3431675e509734155a3879ae6b56c,0.030102982187584,0.6666666666666666,0.20030625319148831,0.12241439673860324
DOGE,7cccf0e443a3bb248cfdf3b348084a9dc05b4e96b3cb67890c0ab9e307cb8d5d,0.009414423465,0.5,0.20923866948489822,0.21119605586064938
DOGE,7d54202c10aa589fba6d922fe9eff4c79b6f662a7c512bbd65bd1ef5fc5bb8b9,0.00667675095382,0.5,0.22786215513114563,0.26281768985932036
DOGE,7d5f679cd604c87fce09a375955e476b0906a4a67a7da90e493eb0ae983a94a5,0.0587483743223956,0.6666666666666666,0.20946834549802582,0.1754974491625835
DOGE,7d65fc3d2900d93f019b7a008445fe7fbf8223aade2fb2fd0455465a12bb830f,0.0085559515999199,0.5,0.19957413098254376,0.15942613904776706
DOGE,7d9ba7fdf769bd9785fb9122fe90bb7491afadf51478a0fd6919492073236956,0.0114751177498762,0.5,0.17928819457861367,0.04583126989727069
DOGE,7ddc898769a55fb45248a90bae4af9e70c912e92f36e58ca78c2a3812d7e4729,0.0015893070227822,0.5,0.19281055908084854,0.1639001571925071
DOGE,7e45f1b9506d5c2ca15d8aeedfa4970cec71a1b5b1580e6ed10b337106d3c0cc,0.0041689907705379,0.5,0.18416655951949037,0.08662168803004876
DOGE,7e5b7c5dd0ed43c0ebfbdfdff4ff85e7d374209e61440c2296ac67b32f23d216,0.0548476728485239,0.5,0.20754833652318622,0.12521347813667458
DOGE,7e7fe9504fe9418edaf4008ada777200d1b3de890979823845e0e151aeed8024,0.0204669398596709,0.5,0.22467952453457155,0.20859963654977753
DOGE,7e99880b24baf0b34168b93c2a6742123176814b24655df7d5c947d4451b4377,0.0474554180487769,0.6666666666666666,0.20434700090436075,0.17412193240971702
DOGE,7eb0c2e1a80c208a4370a8aa2ede72607d8e23696f3b18a7edea8c06d2b6569b,0.0280749558545984,0.5,0.19921576034020724,0.2239363607847438
DOGE,7f2f756de7ce3c1149497289b13e301c918f53015f567e0e768f74033eb5d5c4,0.0504874966808158,0.6666666666666666,0.19832471616496286,0.14489205792662255
DOGE,7fa2ff1a0832e0de1cf33c02a8301ab85c06d973f177393ff57d2c7a0897d3ab,0.0765232790837303,0.6666666666666666,0.19773455840209697,0.16766250863828913
DOGE,7fbe4cc4e1de5840d99f4969cb3370ed936f791f1a7e865a412e809858a8e8a3,0.0234351221518531,0.6666666666666666,0.1865382907998209,0.09600188299516485
DOGE,7ffea02172156c9eb30a86e26931fea925f74150f64524493591b511fb4f3b0e,0.013611081104155,0.6666666666666666,0.21821964323606524,0.19206925653596413
DOGE,807d03dd873cfb26d9fbad43bf7fc386ab0f3fb96f37585bdbaeff8e346a64f0,0.0243387185327855,0.6666666666666666,0.1962962921589792,0.15702720988773441
DOGE,80823e80b76982ac77bf026361a565bc69a1e29c8224abcc6833b2215b48f2e2,0.0316025985056244,0.6666666666666666,0.19731278899919957,0.14324880061556242
DOGE,808e02ac0fd251c6eb405d04a9602bc567c892be1f873baec4a6a0251780e935,0.1211686938562208,0.8333333333333334,0.20250185678833546,0.15778739418563273
DOGE,809afba6431ef28e7d6aa5fc0fbac51781343fb43bee1071bdce914a599d5208,0.0389417652410458,0.8333333333333334,0.18379553162298004,0.06830149978785706
DOGE,812501e7c7c75831bc94ec6cee9fcff4b5b686517f743b3ead3b001c5e970363,0.0316398700663067,0.6666666666666666,0.18862129752760456,0.08488929774755301
DOGE,8198387b92008303c61840ec3ca07b900dbbe00d4b395773cd88bc00b3715a30,0.0442812802691626,0.8333333333333334,0.19413039978005578,0.1310681589928999
DOGE,81cb06c0fc3e0691f6ba10d73e04c49b1a6df63d86900a0a36e3868037b01983,0.0223355829192209,0.5,0.2078360197648057,0.1366455281751148
DOGE,81f0cacd4928ca671849cf7e83d3d6461165b4e1a58c40b7967354be7a987098,0.0234714182627856,0.5,0.20484568693296332,0.18905649696109258
DOGE,8237e539884aa874f6a4279ca04f953e2e1fd6fbec7106b5fba72caf8cf148e9,0.0197449470127302,0.6666666666666666,0.18794447582410084,0.08911444152024553
DOGE,82ea5c568bcf7b49c77f3346052a1d96bb80c98d4087b97efbe2923f7a24916d,0.0442212412978032,0.6666666666666666,0.20092534043651905,0.14594391124360215
DOGE,830e31a1993a9682ab235f2de95ae8979a57eb1222c11c6ea073b712681e3b51,0.0690457609512462,0.6666666666666666,0.2051307610922738,0.20424794270487262
DOGE,83303179c84d2eda6de73c315acd7de976a3b795b085d51abcedf2a02a52d8fb,0.0413251237500457,0.6666666666666666,0.21532766412297918,0.34296956493162684
DOGE,835f75d8536d01344085b5de4e5cb57dc4c918db6bde01aca0bbdf349b5ff01c,0.0670917681518847,0.6666666666666666,0.20144120357850542,0.19553551768196598
DOGE,839178c16656b8b45f25622c693db87d5fd684313c978c8606ea997850901189,0.0219869808046605,0.6666666666666666,0.1895851222499162,0.15097091745995025
DOGE,83c1e9b3ece86ca3c063d339836f98064fe25ee21cb483fcc577b31dff4ac3f9,0.0361162454145449,0.6666666666666666,0.1934559543305448,0.1263941245427203
DOGE,83ff8de99d40390e1f658661ddeddd585969c4a133cec861a55006340a00edd4,0.0175938602505527,0.6666666666666666,0.1972390961970096,0.09008960379019001
DOGE,840cd00a546ed784f66a430d9d4f7b49b31063b39ac0741ad6663488702a57d1,0.001313033331128,0.5,0.1839961700937693,0.10773555758782281
DOGE,8414408cf5a570a4a9875db32da68238ae0825c11df8b7bf569fef49a2e0e371,0.0098755636498579,0.6666666666666666,0.191171657157976,0.09956270773528406
DOGE,8447635f1b28a53bce3dc7589c8a42b251e5386e10d546f9eea357fc501b4e30,0.0447881097070174,0.6666666666666666,0.1845339821213395,0.13920552014644363
DOGE,8466dedc942f334fb1e6493dcd5ba569353e4cb07c2631e1b06f6d125fb87edb,0.0399559820668204,0.6666666666666666,0.19587187963635752,0.11852952143919494
DOGE,848b8acc3d0e61e4b84adc95d94778d5beb444a169a95e26cf5407a765ff4f82,0.0321697731096447,0.6666666666666666,0.19862733930094825,0.18065947334753346
DOGE,84a6881cab2cc821a361c237106fc8cb622fa9614edf80bdf02d26dd17ce5ba5,0.0520733942080753,0.6666666666666666,0.22312467341244288,0.24820056803405557
DOGE,84ab3c154462f7a6c54eaa23a017fc9cbc64897357500b2009a8e57e049abbea,0.0329871836927668,0.6666666666666666,0.19348413307374615,0.08807576470007762
DOGE,84ddb748cd3fd1c11af3fe6dd400983b66eafc92c34e37240d29b17529d17ab6,0.0344490525091659,0.6666666666666666,0.18382031825990566,0.1407903337174031
DOGE,855aaa485d5947a2c3e11748278d1096ba8faa5adce051ee53280c902358e4dd,0.0101604471337995,0.8333333333333334,0.19481289878485045,0.07485471109913074
DOGE,85bcc4d920d4767450745ea519c6d1a4340d4a659ac3321939328f0f4a7ac649,0.0098739269389028,0.6666666666666666,0.18792677995815005,0.10423415046320936
DOGE,85c1277d86dd155f493dbe0b159850beb9edb3e1687f95d99d730ce8b4219d36,0.0230109161710177,0.8333333333333334,0.1939165192276773,0.10317685906675765
DOGE,85d14a362ef556876e57dc61ca4946d52ce9c9f3e01df2a44acf9c030a717bce,0.0012168286512011,0.5,0.20546539872808556,0.13700267148445236
DOGE,85f41883c50398aff7329334f16377b420ff1f7497dd48beec91d06f1e833516,0.008940908771596,0.5,0.20494680318459324,0.21725044753404027
DOGE,861a105379d05f5c3a635314dcb4348688ac30d38f4431eb67a61fc59b74745e,0.1113640140826629,0.6666666666666666,0.8320859761518438,1.473505417509144
DOGE,86274590bdb23e347bc12a4ff05cbebf431f29ffe9cfc3113b413d9313034985,0.0559645512323475,0.6666666666666666,0.2640678745085821,0.2657163887690512
DOGE,8660125adb7479b91caf6f9eacf17b55586e71ead1db4b633ac8aeecf5f1b7be,0.0340907640848054,0.8333333333333334,0.2014719760751764,0.1304467888051091
DOGE,86861c606609164db7332332d45502c9b00a2b4a73f5505ad9351679bdea149c,0.0336073254955221,0.6666666666666666,0.19684073402999125,0.13305070672996003
DOGE,868a4fb6550d816e30f587fdf8efe6b40a9390376ba7f0bc5346342825d959e4,0.0050731206593347,0.5,0.20263714056587123,0.11687043288588428
DOGE,86f62e2cd4d242a97b02e9b4dcb02332f370ca9e7ea83ebd45b8e43fe649142e,0.0685761352063154,0.6666666666666666,0.21299618214138738,0.14575588771269832
DOGE,86fe54e8c83ea8106f06ebc4f338fd7f66d913d0d55d0b70b47f1868cd9afd2d,0.0513653854279295,0.6666666666666666,0.2097913141362609,0.1702340597810362
DOGE,870063dfcef8974b1894be53f891134ca86cde584026b1b31130049717002906,0.0068166248057055,0.6666666666666666,0.18761896744547657,0.08057937626589351
DOGE,873f3683b166a5ce8b672fccaed6af047779ea0200cbfd9ee87fef6aa00a867e,0.061683639916892,0.6666666666666666,0.19948040113169818,0.19102243704730806
DOGE,874642e192a81ff3a23e1c69fe10b5066ffec4d4223d7986a74c5a599b5a2733,0.0582900421795064,0.6666666666666666,0.2104831644881212,0.20631504418465121
DOGE,876d713a0baae269d8e24e6a065c3f19d0770f5263c78e4d167bc292d99a2025,0.0173422885643511,0.5,0.1935983574980189,0.11983102337243745
DOGE,87d2950ccf901d9765b40fcaf3ae72dbea67055da13f8080e9fdbb089fa50b66,0.0776412973373075,0.6666666666666666,0.20988347832052348,0.1350103436414022
DOGE,87f98f49c37fe1f17e04962f9106d7bf399924a15b8b24b28ad9cf544d18529b,0.0112400193691703,0.5,0.2201930979365882,0.25926425211145065
DOGE,8804a9fc3c5734f50b26e46d0275bf75241674ac6986ac4040935e2ea3501da7,0.1653422851407216,0.8,0.4615492894357748,1.9138473596041492
DOGE,881ae4e19c34a3f340a2ffa1ee7501590dbe372acddd78c170165f0233d15682,0.0418812312974324,0.6666666666666666,0.18614738726301136,0.1437779991585253
DOGE,88d6f05b199106f2fdefc1c39ab68ee3c9f7d8f07f381d6ff938a4a29d45eb13,0.047242370402076,0.6666666666666666,0.19832905363549452,0.1764625187167013
DOGE,88d7dd835f38371195ccd3a6f0462bf3c924ac44a6e7987543a72523747c3e8d,0.0614328351991824,0.8333333333333334,0.18298631011276995,0.1114890870380867
DOGE,89c0d246f4cc6b3529cf6636c0e328b13ab0157b4638244ff80ae3f8263d4767,0.0214285793588811,0.5,0.19310757788896246,0.11757069537907733
DOGE,8aeb5e28a044d7319eba79b5eea1f1f88de15a68d0637688346ed96d80f369f1,0.0020170011991154,0.6666666666666666,0.20458718838910375,0.21325125506442638
DOGE,8b312b035f9cd77e792c2af96ed7bb2c35ce42473249a8d4ec8ce574887ff4f0,0.040639868882128,0.6666666666666666,0.18575927701035258,0.12412039607720901
DOGE,8b715867f8456b6bef0caf5db3ed5df30eba1840949ac7035651c76ed531a497,0.0014640658325115,0.5,0.18007514611742598,0.06641760845934354
DOGE,8b76951b0b74af40b227084a17397216cb0fb5bf9cd66d4796190ee2d6915927,0.077559035732856,0.6666666666666666,0.2072737601445107,0.22259366882790285
DOGE,8b8ce4927e00dac2b5833da3d23101237c9189cc558c1dd39c83a66b4b1295b3,0.007256701354804,0.6666666666666666,0.18794731060495487,0.07499489411828653
DOGE,8baa5f04512322884f03ab1a2579ea0fcf7609a961168607d22bc011cf7801b0,0.0029483488351102,0.5,0.17334046044180076,0.06254642034805445
DOGE,8bef50003f4743b3b4970720e7693a4d91c431ed2ebcc038f8a5a5697a40a3ee,0.0102303636241472,0.6666666666666666,0.17790856213739592,0.04205248038391561
DOGE,8c33213ff77a3beab4112ef905b4ba8405ae7df7486725de9964a4f759bd604a,0.0015624078736722,0.5,0.22133464820999282,0.2657426311228802
DOGE,8c6119b0d3799a34a67caab1d65fe97fde7d8f1288951166a6800f19a03fb38f,0.0119661047984317,0.5,0.1816641750897731,0.09770209080367608
DOGE,8cc75d6c620f9c53a9184da1f4385914a00b594c898746d6b21bc252c3209f9f,0.0282465674061882,0.6666666666666666,0.20610219096828594,0.22884540124724964
DOGE,8d089803d3d4f0ff281c1e50804e9a3b7b66f76b8c0745e44a3c561f94eaea45,0.0729572528257144,0.6666666666666666,0.19551910991991428,0.1810883969639006
DOGE,8d34ad7f58b5e61ebbf71e39220f6b764ddb9b46a50f32794af592deebd199c9,0.02707353162963,0.6666666666666666,0.22319587151455375,0.21650071895793577
DOGE,8d468760083f719cf64e54c63fa88b4e5896677312d8391eb78222517ed388eb,0.0009478806376195,0.6666666666666666,0.18241458840573443,0.060144518220707266
DOGE,8d726df5885e80e6f45c99070455131f94db9c389821fc05d4fe473fcd678085,0.007119238499535,0.6666666666666666,0.17546988892328153,0.04153817060426942
DOGE,8dc880610646cea3e5d8a8fb81c8cbe998281c7d0baedc41e107954f69a22da8,0.0118457855059826,0.5,0.18546371022803188,0.0919804791463023
DOGE,8dcc4ef3a9e25873f1c623e6ed2d86b8d623d3df3fef014d3c9c548626c69f5f,0.0219184558920701,0.6666666666666666,0.30355134987761795,0.47967239695798397
DOGE,8e344399faa741c7d3b1347044686c331989e87e79cb76e85f69cc2bf98c6426,0.0281295005953041,0.8333333333333334,0.1870126314121215,0.07448166201253228
DOGE,8ea948f2076f6be8aded5d7971db98b3c97639f9862c6eeafe3332688fa922ec,0.0764643398659016,0.6666666666666666,0.19942862636243017,0.18098236191644376
DOGE,8ebbd9c8c6468d2a4024783f0d1e6e1558d590002a1cffbd58d9b1d86c69543e,0.0099349351656997,0.6666666666666666,0.18059274464661648,0.08388643359871163
DOGE,8ec12deb2914599166d056885879b13cf9b8829c40918ebc72aa3e195430e7d5,0.1801153683202738,0.8333333333333334,0.2548888380268828,0.41048880015222144
DOGE,8effdb0eee1b46f569c96e0d8d485f5e43fb4807c0ddb29945a5bf4c74027df3,0.0345844425224787,0.5,0.19266340217401873,0.08902622905229493
DOGE,8f3b0b1936194f3d455db26e4a88f0d33bb610bd5c84393ce222777d7193b742,0.0166024675956372,0.5,0.1837590514905076,0.0762884534889839
DOGE,8f44e4b5bc93a2220e36ea2a66a6bff76deb55ee4b48ed26c4c5312a9e8c667a,0.0341691999805593,0.6666666666666666,0.19419982187901788,0.16835026143764692
DOGE,8fafa12bf358d3868db2adcc52bd8d819ad43405f80a921b5045c8951ec1b45a,0.1439888562353838,0.6666666666666666,0.2617214474870765,0.5414222729422429
DOGE,902c88779dc453f8ad1e42f83484381912c0a6adef2e4dff157750393b32a85f,0.0495878292041221,0.6666666666666666,0.1933720726804553,0.15770196864777236
DOGE,909d8ea30794c518fd655d5b331d4c1cefd883c0c5aa48cf140013c37bcac69a,0.0526315839160766,0.6666666666666666,0.20220528076377353,0.1553994448664313
DOGE,90a18252e75c60eb8c59939e92ee9dcad936d2acd58eee771e069cb6ff7801e6,0.0482152099248427,0.6666666666666666,0.20432648710526022,0.1504155280562302
DOGE,90b50800b51e274a1de77ea8cc3fbc146291c5558645b1959006c2b8369c15a9,0.0049285738073586,0.5,0.19143127997498946,0.08776796293722014
DOGE,90d1d0247253d06721aa880b2a88f96cdb960f6cfa623f43079376271bcb9226,0.0331789717324643,0.6666666666666666,0.19919093937141955,0.14171109845889443
DOGE,90df229412c2da56093877c8fb8ceb8d0e01eaaf9e74bb48bd544d490660e191,0.0125676608024287,0.5,0.1998554582522177,0.17652658428867038
DOGE,90e27b3a67e61f4b8e5b0211a13d85b70c84cd2faabd7ceed4c82a13033da0f2,0.0014800727494198,0.5,0.28681212065136746,0.3172409573061761
DOGE,90e491d1d058d88f018263f3d3ebe36f5a0513a3021811ec5c2ebb9c36b8ba3d,0.04287852780982,0.6666666666666666,0.1844993798257972,0.11120505870991214
DOGE,9100426382425d7e27ceffe3bc202dc3bfcb30d41e3b58f33790f187a4f10e15,0.0280491196239517,0.6666666666666666,0.20696178856111078,0.2660172282127636
DOGE,9133500c187a9b15b162e5a20935f1e03a9cba2e65ee03a60db1aac14421ae4b,0.0232167682645201,0.6666666666666666,0.1815199766755112,0.04777517285827902
DOGE,91801d4b09e654111d153323b0d2cc058164edd262927f8ccb05f5d0237a37f4,0.0354279383196831,0.6666666666666666,0.200299340744756,0.16359116193312567
DOGE,918dcb4fc9153dcaf2975d8596e597c8912f9b9247a7d062e6650dc9171b541e,0.0625092279961329,0.8333333333333334,0.2511697082659205,0.3357838971086493
DOGE,91c75593b265d8d8a4db635d525b25f124b9dca6bfccfe634d67e58ef5c11577,0.0402865446818931,0.6666666666666666,0.18729194742367558,0.09596279172465805
DOGE,91eadd0f7655a15cd1ab9710f08ce63269633bed77db941195fdc215720cd560,0.0353281680916357,0.6666666666666666,0.20286091860265354,0.1931674763939556
DOGE,923250fd1113004535ef4877d6b9eecc0f314cf41b0e0d5166a81eef57472393,0.0046218549919649,0.6666666666666666,0.17406235229473196,0.037472045703116824
DOGE,92384eb6ca220eed6ef03fe75991832149fb31735def4c52a0d28f2c0c8857fb,0.039438949044989,0.8333333333333334,0.20336925974310144,0.11269547958666946
DOGE,923ba6f8d6c47c73d4c31295fd999ea3620cd1116988c821fa64c4d1c7a4b721,0.0045127904367684,0.5,0.1979885185105953,0.11235568143871556
DOGE,927d43238e693978e663f5e9fe69237f5022927e2818460b04cdb66252abed7e,0.0113190093790735,0.6666666666666666,0.209652561071453,0.1831794243594554
DOGE,92bf4049190184096d5abf26afbba8a3bccf394485ed66a598ed19cf48da3212,0.0496667090887492,0.8333333333333334,0.18766317472257893,0.0794978371424637
DOGE,92c3db363ca0ea2d0732317cebb77436533771c97c0304bfe02275c0c23c7d4b,0.000388809325327,0.5,0.27789498612986746,0.38494050484629383
DOGE,92e73dacfe7298d57350b9f5774a2e34d63ce1d1512230208ea56361c5bcec7a,0.001274651303541,0.6666666666666666,0.21432718804880846,0.25816410036535214
DOGE,92eb59e8e79d76149ecb461e3b88693776a4346b6a558ede00447da6710fe6ac,0.0191873991297441,0.5,0.19032797622200587,0.10870836391769267
DOGE,92f5022ebb92ca38223c54db49e39e8cfa62f21ed74997b3aa405f483af8c771,0.052135983507061,0.6666666666666666,0.19326145859525656,0.16078772249161224
DOGE,93276db192207b3589151bf6f1b26ccb35513c1352e06b1d9a7685495e998be4,0.0508805381401789,0.6666666666666666,0.19194613695063342,0.12816190435128702
DOGE,93788694bd25395cc748c04ce4910ad3b2128f4334f01222b99d50ae62cf17b8,0.0091699516035188,0.5,0.19386054931810526,0.12920971142420826
DOGE,93e6b9ddee0333ff37b4b869f59e50059c7bb6f96ca302e6e2530144ca2d94de,0.0118259102312101,0.8333333333333334,0.1823070016068434,0.07390390655899733
DOGE,942edfec86e90613ea257327360deaf17b80f592a0b9d067882e33d505e786ee,0.0069259313163223,0.5,0.19016804201990023,0.08139125033447094
DOGE,94ac7b4c34fd592a3d62370db5cf80d54ecce2903503c9cd9717dd36d6f691f2,0.0146823189581615,0.6666666666666666,0.17809824440313604,0.0669899098688902
DOGE,94c1dfe93fcc74a1155e06684281433192d6ec23d7be458689a18d9854181c03,0.037507240236452,0.8333333333333334,0.22034833503471835,0.15866950259153412
DOGE,94de577ab26bfe1a097933cb6b35c53cf41ba2923662b28dcd5998e143f1fbdb,0.0427242975571643,0.6666666666666666,0.20500077031965,0.13849400920599833
DOGE,94ee64f01bdf10fed3eda6884ddf7f64aec76a4b7cb8a5079c1edb172a89cbc0,0.011170493466195,0.5,0.2076470682537402,0.21681187855470932
DOGE,9599ad71fda075f2e688eba9b1d7833ae59bd41929b10384d910afb226c19fb3,0.0811052337451731,0.6666666666666666,0.18950612562390456,0.1437924024374914
DOGE,959cac50046fe66c19358218a0d907b580fb7f59cf787c57d6aa55d062324041,0.0490986058354563,0.6666666666666666,0.20048682380139152,0.1750766637579891
DOGE,95d3c71a281cd47af670c0df351429f93e31ed4be1ed4d0d325b03bdc8d499b6,0.0413004197413012,0.6666666666666666,0.22426166878622072,0.3156795123884713
DOGE,9611060e9c64d28ad9e2ddfc8d64dc3e6bf522c443317e184506a9feb58ecea2,0.0167647405864718,0.6666666666666666,0.19425148305510928,0.12538744795535103
DOGE,9634731402a61b05f67fe4a5f5f888151c180fd72e1e81c2a9b343306e8f8047,0.0065535383663261,0.5,0.19094544396330426,0.08849031186762879
DOGE,96597635cdb4310788a7d8c4033ddf7e8fa1ee2681ef30ac4a151213435da818,0.0419058040836383,0.8333333333333334,0.17402475867723952,0.03710003136014163
DOGE,96727722f2fd19e55f73d6e0f94fccf0f390cef17b9662715a0cd1dc9955db76,0.0162047090809373,0.5,0.23713714945785028,0.23029095206689706
DOGE,97de3d138eb522a8438174bbc470edbe3a0e3f70bd8fd211729723bfeee6172d,0.0042615933588203,0.6666666666666666,0.19425209480822414,0.1373113772186976
DOGE,983bbee85ef90aad12fbd71721ce7af4731c93d12068d8728d80f60b1e892bf6,0.0046218549919649,0.6666666666666666,0.17406235229473196,0.037472045703116824
DOGE,987dd88baeea1c6f41b250f0be2657709875a696c851ebccd5d00aa7e0fefa68,0.0489227882025111,0.8333333333333334,0.2388759705793405,0.34120579684408286
DOGE,9880adee335504b8a2b90af7b74447c8112093e4381db3008365c31b9a473fab,0.0014516251102355,0.5,0.1845966222230113,0.054161493415384905
DOGE,989bfbb8a4eaf7b2591dcac6ae439c5da323eaa780d0f18b80ce37d0a93136ec,0.0413366659589336,0.6666666666666666,0.19032203823165728,0.12346628271196827
DOGE,98d8da71b0179f9c2a8f8680d99b8fba791e1e96ffa92a4af7640048d121b8d8,0.028181251919482,0.6666666666666666,0.1897471755818343,0.14418715982968305
DOGE,99790b74ac4bdb3ddbf53c039345ebcd249f851ed973767c172c8dee0d8b14f7,0.0332475961274715,0.6666666666666666,0.18178366005492852,0.07025636084636638
DOGE,99d2fbe2bfea61bf27fb1133963119828e2950043f68fad152f0e61c5bbb6292,0.0254588938962498,0.5,0.19074413401033216,0.1241619469538852
DOGE,99dda0849697fbd84383970fb438ab9f46b22c892a9246d5bfd425c518166d9f,0.0718808225320341,0.6666666666666666,0.1944137575001628,0.19409574424064707
DOGE,9a819d27c7a451d20525b0a2a832a9d971177231143836a0238138dfd796da86,0.0194162935326133,0.5,0.4147625203224508,0.6575901556983428
DOGE,9a87b1bc24360b7ba8d79e28e94577e249778a6ace86bce5deff836275c67b19,0.0287964420065287,0.8333333333333334,0.1993942719085063,0.10632509117026713
DOGE,9b1b0ed0f120a23f0d5c9a4c74190999686ade7774bb43fd97d6b85c10b7e0e7,0.2004627156567772,0.6666666666666666,0.8039314809094343,1.465670174718684
DOGE,9b37c58bdc83a592c9281c786759d3edb948949b62334b2767705e6d9ffbb4c7,0.0047623994067655,0.5,0.22549975956857865,0.17522713408376414
DOGE,9bb52948c22c26c0954eb90fdddc1192567fd42c7eb5190cdb66c3e1ddbb21d2,0.0125051423374739,0.6666666666666666,0.18683450850414973,0.09816956817658407
DOGE,9bfa33430d74b07cabe1ef14fa352dcc01cf5e83b22d83547c66471e81a7ca2a,0.0554929361386258,0.6666666666666666,0.19984117147040797,0.14382937724106187
DOGE,9c7f45aee19c5468d1a258011dbb79420e2883f2cb7286459aefb88207fe4a78,0.058429688175689,0.6666666666666666,0.2286823915117605,0.1805089480084496
DOGE,9ca763826a4e350af49628c701d43ad23d0925dca9f24a6df9b44e39068fe40b,0.0775674431204,0.6666666666666666,0.27852750128491194,0.4510052600699065
DOGE,9d3916d46744aa3de157659e676172976a006d23f3d5a383e426974a613c4178,0.0396926962001896,0.5,0.19370554958399563,0.10886502369426285
DOGE,9d5ff6f93191a9b8d4321dd6e6a4a7d9e5b80f123d0a7a30a9ca70124da968e3,0.0101412285974227,0.5,0.18803760000013897,0.09752709972490232
DOGE,9d761a20fcf57837a1ec8cdb2416c75e6a6d83fb5b278b1e9c41882831695723,0.0278519602621015,0.5,0.3022350053714115,0.34803523467108693
DOGE,9d84fd9523e94e551aceec502f7b7134c636b70d2363dcd17bd29f2b2e84c443,0.004045042765915,0.5,0.17656695298893663,0.05089625146838984
DOGE,9dc13b5b5625b2ec0bd571b2a1691fd32c88601902bdd000e59289416b709bc8,0.0415508607471125,0.6666666666666666,0.1915978136793051,0.12316580568939436
DOGE,9dfc46a7d146725d1b7c0cbab5eaae53aa0a6c79d878951426279c8fd9787284,0.044991731553593,0.6666666666666666,0.18720743438841672,0.10792875179311104
DOGE,9e24461a8397d1dcceee59b6dd406611c8d12d4741e03f8a2959fc356e9836ce,0.0350120561776864,0.5,0.20610572518971715,0.2239112886836044
DOGE,9e30227ebe6759ab5f4eeaa5f57cec8fee20d28b7dd8bdde9f2987880514d3cc,0.029266560723613,0.6666666666666666,0.1953082156862721,0.20349447296712356
DOGE,9e38e4d46e02c6ae3bd50c7e474875cfa7befbd81f2356b787cd431369b85388,0.0221465072919384,0.6666666666666666,0.18107750504652356,0.07718322491890393
DOGE,9e3f3841bd2f3c2e11e215599ace12eb5e4114c1f37513e18f5296a37003866a,0.0172953107428558,0.6666666666666666,0.19667980370148785,0.1989857602030926
DOGE,9e52c349f9446f6b1b2ccea6cfe425e4948450e470ee286adeb9bc6fedf5a1eb,0.0583260456478793,0.6666666666666666,0.26197707504968176,0.2987588203689229
DOGE,9e73bf96fac58c7d3865786a36901ba992bb49df3a2930bbdee4156bf23fa1d7,0.0357088158923343,0.8333333333333334,0.20199850993550067,0.13384014533997013
DOGE,9edc11d75c69e212e2282440adf96447865ddac195b37eb02a9e3f1d7844cb1f,0.0140952815308813,0.6666666666666666,0.1903623311741934,0.12872064932431632
DOGE,9f1f9de72ed4b968652126685fcc2c7b01e1fca866b5f7dc4af06d3b90f67567,0.0326805848454821,0.8333333333333334,0.18580453304817454,0.07046153581783181
DOGE,9f3370f71dc8a500e302b0994f61632c7cd07d71fb3d25411d4cde8475ccd55a,0.0083986040169372,0.6666666666666666,0.21447720319958785,0.1975395410027066
DOGE,a0b01d0ffd0b97c5fd76478bf37aa201585e67b0ca77b68e6e356618d7ac862c,0.0258444910133884,0.5,0.2080386900846048,0.2161991319119862
DOGE,a0d9a7fb629ffd84c3ad71866f7e35d98ba1b70c8bd5f1c52424f1def823f743,0.0357102328222608,0.6666666666666666,0.23563014556763273,0.24137182621239814
DOGE,a0fdc3000ad6d3d93617f4805e86b1677d9ea57ed8cd856f0c82b748358cb536,0.0388116513472918,0.6666666666666666,0.18336365355520978,0.10566915920271723
DOGE,a102df4a24695a81735ee5ade8174c4e0409524cddadc5f395819f37ce2de2c0,0.011631241565613,0.5,0.24274531064097715,0.31782488020515104
DOGE,a17a854e2dd167f5e84ed3868c0f91dfd142cadcfe8445c2173b8a7624cf22d3,0.0017210669884819,0.5,0.18850837673598092,0.08219402680036787
DOGE,a1b975f6cd52a215e8acafa68e445f775c2640ead762dc1df4417d42d0a080fd,0.0157361265022383,0.6666666666666666,0.18787826146716172,0.09510823847201304
DOGE,a1ba980b5a155aef89a6bc16bc9e14a2fb8145e97527df8b11423f331957da62,0.0030163650146937,0.5,0.22875792874994755,0.2342193019849318
DOGE,a1dcd761c2cfe3fd7b70172f5483a3b24fd7e780437d9a22e35cdc8e6b3183a1,0.0042934036953121,0.5,0.2042850412294684,0.21021734282229335
DOGE,a3110bcc8a1698427a6a2896b73e7f8a909191197dba8f9a522c9ff9109a0320,0.0404662875820948,0.8333333333333334,0.17857521813703042,0.07909698577646058
DOGE,a35c691bc21e00ad2b048145cead96ee7e91b9f079c60550c68f6d087b6e9be6,0.0483324328047834,0.6666666666666666,0.1908546694089717,0.09734959736602743
DOGE,a39b475c88974b2c2785764477dff913c77c3ac6d7114c60bc6f0da0791f1863,0.072692320685431,0.6666666666666666,0.20548704994516578,0.16158960875213269
DOGE,a3bc7b75eec53f973997ea99115e327c76368cd399d3b0c5a9df8146957c1189,0.0267148444763576,0.6666666666666666,0.20160551639744584,0.17982577008219072
DOGE,a3e449e3acb3436f672eada2df024a4c6702947def2279535ced58518fee94a9,0.0641817791479792,0.6666666666666666,0.18371297276790166,0.1313596923715742
DOGE,a3f0bc18691592fb7b7d5a0fa3e7f494859ec3a89fc5ae227884c5699a6e1999,0.06164965869621,0.6666666666666666,0.19038034245686886,0.14455334548640508
DOGE,a4773cb1c30cdcaedd9b2ae0768967596526ee894e4c2fee1969769522746475,0.0237146623923988,0.6666666666666666,0.19613092866519127,0.15261523628848955
DOGE,a49cc7ed53b1b1934a4cb60e69c4dc99c5e9223192dea6d83de0279d32e97096,0.0018709367440143,0.5,0.1716036174927221,0.02322912035649919
DOGE,a50b082afab66f4bfcff2e9ac4b8a7052043cb1627e5c0ee543f8fb0ba93086f,0.0251317189251772,0.6666666666666666,0.2043705586701411,0.17632063264138356
DOGE,a543cab6d73f818ef83556451b619771e82b224cf3efce1bce22e08ce1ea6921,0.0001972276200483,0.5,0.18718530966428568,0.07652251838917142
DOGE,a5454b563769a96659ddf350dd99f553fc3166543446713c769852bdbb7f6a75,0.0126886193812089,0.6666666666666666,0.1804809098367623,0.07548825630409788
DOGE,a55e3b976d73a3663cad0c0d1c9c08d5c80d18658ed1bec59fad1077095f1f7a,0.020838433284138,0.6666666666666666,0.19181815463364937,0.06995796109827576
DOGE,a5af6e8deb38f9322fbfa305c6c2d83e936aca75f89ae0c1a0fd9d3dbb265de0,0.0951532325765321,0.6666666666666666,0.20210471114477715,0.14901946460875212
DOGE,a5cddff6ffe7f5346ae17faddd23af74d3d1caf46a7700f26df98d07c46cce98,0.0056098598344334,0.5,0.18338911197452265,0.07870287089038851
DOGE,a629c535e20baca632cd47aad4a5d21a885532e7ecc8593c4d593513b8484d83,0.0176908873932719,0.8333333333333334,0.18614837933123918,0.06077213052850751
DOGE,a64d3aeacf3e59b62d42488a531a811696bb74d23eaf751f47055d470055b4c3,0.107527516817679,0.6666666666666666,0.19896428363109378,0.2062304785629544
DOGE,a674b5f7ad11815860f2f6193882b6b21397cb174cc51da0ac04508db3a6c778,0.0515498101606179,0.6666666666666666,0.1926128617764358,0.13430282646952774
DOGE,a68996578e8ec69ebe6166756cb27b85ac62da12057b45d603a77231bd008fb2,0.0069490652171681,0.5,0.19277199068775117,0.1531061008874194
DOGE,a6d583da70f1d24ca7f115856f44c1ea823f74e913036afa57562b92c1e2f095,0.07331684448836,0.8333333333333334,0.297605925502635,0.4026534959669089
DOGE,a6fcf647afc1ff4d73dd63731cf04695c0fde952e902869fc2182bcfcf9654f8,0.0038290725196282,0.5,0.18913294110693032,0.15598973633235214
DOGE,a708043eae8b2faa4e90df959a89f576e82cf798af3c4e162bd1086b0cc14b43,0.0203037610754211,0.6666666666666666,0.18640230844615602,0.07951834035153671
DOGE,a7463ec54b73b67598cafe42dcbf49c7d4a10077a936e8204450514dba64a1dc,0.011618561755933,0.6666666666666666,0.18132867692442278,0.07947568583525833
DOGE,a79c42c50ebb20c0c085532668babf25f983c80d6bce6f8f23fad7e3125b3ff5,0.0032544215941415,0.5,0.17413174203407625,0.03878038773525169
DOGE,a7b55896b960d3d06de1bcc673f9c63dd436d8f85dd7ad91130b4261c2a29587,0.0306889257097916,0.6666666666666666,0.18235319692977545,0.10381375443331926
DOGE,a7ee3ffc49eefeffeb15f27140049ba9113abafc3070c808670712910426e531,0.000807346263477,0.5,0.1823916384864065,0.06667245458959167
DOGE,a8433da8c535492c49ed3866846100f9a47a1286265bd5d0eb9245f2ddebb716,0.1090887515038317,0.6666666666666666,0.2615240105983665,0.4022202224810176
DOGE,a85d273c53097f5598f7f3da3bd386934ab4256bb0212756e3c9a45ee2e5c553,0.0335455684491612,0.6666666666666666,0.2436342688682521,0.24226622651447338
DOGE,a8794ee5c5be4213d330822ebb5e6da65040a5838b67e9f186879597e38cc8ea,0.0568991691794756,0.8333333333333334,0.19104904357789665,0.08891541611838592
DOGE,a88883d2a57429c9ed4b95dfddacfa092a07a7245acbb3d127f86af30de8260d,0.0430209459347073,0.6666666666666666,0.19413415526114614,0.16243226545954548
DOGE,a88f750718bdcb27f796c38038ec806364e8f9ea8afb74755e7929ae25aad5bb,0.0223207802861066,0.8333333333333334,0.18099271009856865,0.06823239352893536
DOGE,a8d3d7586e247d3d2dcac27aa7b46c72f8f81d072266426cc080055e721a7e37,0.0263563583271773,0.6666666666666666,0.1880651416530599,0.08309666289243654
DOGE,a96c41ce75dd968a91d608f514f9d2dac0bf6e2813cac8a230795d0a2612ae94,0.0011734494109759,0.5,0.19042894390612478,0.08525543505110186
DOGE,a996e15a776e3b15a98e66946095ab909ea9f45fb31beb612c1858386144b14d,0.0515625879263244,0.6666666666666666,0.19271975095512037,0.15305962496526443
DOGE,a9c617503b6afc228d3cd2baf54388ee61ffd55479df77d9cf5ce924365ab59a,0.0229184256518001,0.5,0.253713295163618,0.3149661208092093
DOGE,a9e6672e0ef882441490cf0eeead8069b67ab3271210e5801f03978b65e5666a,0.0485368242365898,0.5,0.3536704004774817,0.536605245222886
DOGE,a9ecadabecec7165fe0fbfb0eb43959154a793e17c1b853612c0a311c04871bd,0.0115708894190828,0.6666666666666666,0.1922083208834183,0.11798947409338974
DOGE,aa678cba68337a2b2e1a5805111d9ca37f1f54fc9770d097838542e526d016fd,0.0428294761390713,0.5,0.21179464974376697,0.19900459514072874
DOGE,aa77752bc7d7defa779e7e992a4b24c175ef9395fae56fc8a733f454c33474f8,0.0017986362648786,0.5,0.21330755114947006,0.2558577884779564
DOGE,aa78993e636001bbbbeeadf746f43d8c122e5774660d2060ef8f90156a37b6ef,0.0071005216415466,0.5,0.18533735501286158,0.08886324992897272
DOGE,aa90ca66130aa1bc127be8a860452b57315d175095277a7f09d45cfa41360871,0.0116516922018796,0.6666666666666666,0.1748572703557796,0.02860017747665365
DOGE,aa9b1d476d71d29efd1d49217b21f4aef1a5db29f590cc8b1a288bb39b88be71,0.0033237086712887,0.6666666666666666,0.1914395518885717,0.10655269367924691
DOGE,aac2766c14e4ff0f1dfa04db6314de8a433e93500f7001703ba6efc9505c327c,0.0044906952716661,0.6666666666666666,0.19927574628596323,0.1023592733070803
DOGE,ab1aca6788249cce8be84c4703e2cee883663086a8a28d391fc8fc8c08541f22,0.0268462150784773,0.6666666666666666,0.1793269317255361,0.06375887535114595
DOGE,ab5f836b5975f3c97bc57e810b3c56f2cfd49549533d19cb600b021d49cf45ef,0.0073270145797983,0.6666666666666666,0.2066452329942371,0.1822023243189902
DOGE,aba4e08fc0d69ecf02bb3b204714274955c0cfad474b2c6641b58846e473b415,0.0779901755008504,0.6666666666666666,0.26174784087663217,0.40251044887061305
DOGE,ababd00b1cd0742b344a66dfd83c8c9bccc8e4b5beb308665508b5010ff5d5ed,0.0728377012202229,0.8333333333333334,0.1994083122913646,0.10877216019268944
DOGE,abda9dafe1cbd1391661520b4275e29debca07ba93c0dccf5331b5702961a55f,0.0088939272746566,0.6666666666666666,0.19707533947050984,0.11801750431115476
DOGE,abdf61ba7572d9517b85386f0ff863edd680cb1823542cef9ed379e886837d11,0.0043027261190488,0.5,0.18591530220172686,0.08902932496988909
DOGE,abe8ef6ee5f4b019eb037d45faf195c8f11da3bdc52b1f5d7a012997be5507ab,0.0304565154696804,0.8333333333333334,0.18450692460175816,0.0912497520431536
DOGE,ac2b9c2c6373ede5e812f1e97ffb68aa2c5b9291b597f9b685029d025f17ae92,0.009336485796888,0.5,0.18946498626672634,0.11686712112112622
DOGE,ac596efe0ccb94e27a64379a02d392de04b70304bab3c0a824ec63b11349cecd,0.0068179676234468,0.5,0.18297845816956762,0.05354338576733413
DOGE,ac8800468a06c55b1b5e5d93286697e172b00819e21f5d0505a31bedcf0d0f88,0.0215095330964725,0.6666666666666666,0.20070626289369153,0.1640000084841684
DOGE,ad025d58eafddbef4f91cceb8eaa2d226fe353d14a625ee2c1693cb93d0f7ab0,0.0273072321579847,0.6666666666666666,0.22238587437331034,0.21512733937614736
DOGE,ad15639dc67f979748a5b2e60b6b0cc6d4e1dbab7cec5df8d87c90175b7f76e0,0.0324302231110307,0.8333333333333334,0.21736547669458417,0.15384578174807842
DOGE,ad1c49df342c89a03c5da4aab2f9287541621b91cd206b56e506038a97948385,0.0199702615029706,0.5,0.18927592609367497,0.11139825086638398
DOGE,ad1d8d95d3cf03bcc607a7cb66c16a0ce1208d1c8b078305f6379a163738effd,0.0007501259798423,0.5,0.2962571887502733,0.3470687359007405
DOGE,ad40b580d7bea0646ad0c40a37fff4499227d571f382fdda47a5d7ee83ee93e5,0.1196672348051502,0.6666666666666666,0.29725803791931193,0.6675914706188433
DOGE,ad62b1406d5e8891be78b13dc2c6558a00e0128efe2134f034e6f3f5c8c672a1,0.0153640172008554,0.6666666666666666,0.19360359206517797,0.12462990694761444
DOGE,adb9a75070b93bed98298e1dd25cc298f697dd2a29c16da8fdacf33d18856e4c,0.0012533309265171,0.5,0.25542147664385306,0.34100111161029045
DOGE,adf056a03c7c84a2a4a05380023114e31a43ce0c6011438ace6d2dc3804e664c,0.0256655107521568,0.6666666666666666,0.20547988161185868,0.12570157392554013
DOGE,adfb32e2b9dd14133d1504cf63513500cdfd86f205d8b56c7e18206ad472d27d,0.0129097056806437,0.5,0.19356528870247922,0.10085854920050989
DOGE,ae1b9e8a9efc3c8e1a8e4b7847490dca26718a809284a5028a3c0535598ef94e,0.0215564764576424,0.5,0.25259953735332963,0.4034107751771561
DOGE,ae275364fd753ef63ee5cb64f2b409c72eeb323b98aa342a4e5494fe61f3e5a7,0.0187564682660829,0.6666666666666666,0.1900891663589897,0.08660666794670767
DOGE,ae49e6cc855211cfd4b7b6c2130113bcf5f3911b84245a80f11b1be3049628ee,0.012152399814424,0.5,0.1816245036599017,0.09314465084649928
DOGE,ae5e3bf3ef1afca88e67901d9c0f8c5e08ebd71461d9fd4aec58e79f84d53ac7,0.030169639080014,0.8333333333333334,0.19159581574512075,0.11461238244503685
DOGE,ae6fc95e048b8099d60a526c349678e5725f1cf85e3b65556a5194d96c0d4390,0.0481902174181853,0.6666666666666666,0.19802316079480553,0.17792650133026935
DOGE,aed18b7135c83ff3fda52765ae66eb30ae1786ad2e198487cedc1e45079f8b45,0.0458411268514031,0.6666666666666666,0.20207125638130782,0.18118273976664143
DOGE,aee415990fd37522c63494c7b87521fa170db71367ea0826687451727979e298,0.056732213566333,0.6666666666666666,0.1970402681349411,0.18742427498966185
DOGE,aef6c7c2ecb3415ce716091ee30ae79186ce54f906033af793dc83f7ebbc7a04,0.0275537693768045,0.6666666666666666,0.20844589464974467,0.18742188368353643
DOGE,af0a4d6aadbfab27db5f573d766ca6382f1be510c61e8bd35c9f983fa81de1d1,0.0751525187628976,0.6666666666666666,0.20568325713592608,0.20495237741267894
DOGE,af31471d42278e7401b840b8738a5c3e6905610f5def59c980365e519660da3d,0.0045157843941109,0.5,0.1751518743452788,0.043882847441418696
DOGE,afbb92efa9f618fe949b17316dc36b3444ec8d5ce9ab1c9b48646ea84e208c4b,0.1033291808602602,0.6666666666666666,0.26368200260608293,0.4276753060040557
DOGE,afccbc1ff90cc7b0f721e48c8ef3c2faac7e4afbf55d50d59b4a02d652f88631,0.0122310477490928,0.5,0.20061323750100335,0.10873264317781864
DOGE,b00cf22fcda4781dfc2dc0d3c3e7ebb1bff90fd25fff97634833ac5748ef5c07,0.0361937471453086,0.6666666666666666,0.17592841168524487,0.049560182925101726
DOGE,b0327681aa944285cfdc4c25edcd9938cab139425ea1384749ce86d4f16b4373,0.0173305414044291,0.6666666666666666,0.17942671793175685,0.08568985636931425
DOGE,b04630343ea6d3efbd3c32522669675460b14ef6791fe67ced8383c7f6eca350,0.0189067905263387,0.6666666666666666,0.18660361678174822,0.10165659868245683
DOGE,b06c455eee11498f72049e022646bb50b1881c85e764c7cc9009f3c85d53bdcb,0.0016952132868743,0.5,0.1807320865827603,0.11194982758336842
DOGE,b0e98f9547338b9cbe95a7445a9e87dfe8011c7fb05a3f6eb880e05b886c418b,0.052811570731776,0.6666666666666666,0.19767695475196295,0.1400311733333936
DOGE,b1239490f32fa1bee6440a01fcb5b4144f73db54b17c854080beba646b81be6c,0.1143756715062301,0.6666666666666666,0.28501734287802155,0.37550527940929873
DOGE,b14c2962941127ebda5edc9edcd8f1b1ab1469923b706a8ef520bca467a5512f,0.0391542864392868,0.6666666666666666,0.19447537808697696,0.18543768339497352
DOGE,b18c96abe6e250c6c87eb93389957763bd5ba8ee6ef021452cbcac40df0a33f3,0.0469513642843094,0.6666666666666666,0.1785284690913701,0.0792332750147754
DOGE,b195fd1474d2e74513ad32d33f8d47d341c133c3599ca5959270c047ced9becc,0.0574796624582301,0.6666666666666666,0.24226365889245666,0.2763395034803788
DOGE,b2930d6742880c9f00691c52baff074514aa9b82209e67051f1b5cac60adf133,0.0168254685451509,0.6666666666666666,0.20397908257461925,0.12793136483477036
DOGE,b29d5e8f553fe09d55451a0a336c39bb3f267e98d4003955599f667edc5c6f08,0.0715626503143779,0.8333333333333334,0.21302189633431481,0.22584716848934352
DOGE,b2b100ec2adec8ccb0987ec7667adecdb90d2a8b07dc71656c42e1b0cadb9df3,0.0421292540291821,0.6666666666666666,0.18578790231572612,0.0984848610271356
DOGE,b2eeff9bb5df7817f0321e3ce6175b0cdfc4c7d81b86dff78a0128507554c0f0,0.054500809507665,0.6666666666666666,0.1854706770147125,0.10059390151612325
DOGE,b3244fcfcccd6118b9936a40e30556320b88dee01175d98f4508bced8c482203,0.0008372806287833,0.5,0.1771116994970251,0.03939308827974674
DOGE,b35377cd6c7e1ece66cafccc9465b19304f924ab65634ecb45efc2131d10bd41,0.0084969980225568,0.5,0.17801899148858064,0.04913251857002443
DOGE,b379d2e666f9ea1282a4c69c38e700e0061c9cb7dea0abf3c7c48df398ba4822,0.1110642311078618,0.8333333333333334,0.24663869699591467,0.5750799902934057
DOGE,b396968521907aead373f5a2a47ef6553565640cda3f2d0c5f918f0c9a7eddb3,0.0139696870160474,0.6666666666666666,0.19331163201122314,0.11609225351484345
DOGE,b3ba3d704474775ae0e2fd3f892141e42a7c60a5d3ec831cd661dface668d6f6,0.0058864257867411,0.6666666666666666,0.20801014708278198,0.18942250143399203
DOGE,b3f777393e6242d6867764ee5a07c8a93cfcab07b4b9bf6883e2345ac83f6936,7.395356252017614e-05,0.5,0.1841998922736807,0.07248498510241705
DOGE,b40df1817fbda928b6c1751d708971a07cb6c1147545705172693261356d5983,0.0009987988315012,0.5,0.18213261607218045,0.054516774790777406
DOGE,b449b37ec02766eb00f7e6e89aaf4370887ce5f9d980fd640d7f5f762ff99498,0.0004800056130856,0.5,0.1863090081575124,0.09600519541782303
DOGE,b46cc1559cade35f9fe3c9fe33e6e26a35df39582e6fab6b064bf5407e77b59f,0.0171977173397609,0.5,0.19736051582064154,0.1966261628180552
DOGE,b4b5d829b4db88b28075eaecafa6293f95eaa250e54967689e75d6421c7379f2,0.0508679487032588,0.6666666666666666,0.2051230109897357,0.2134092601278623
DOGE,b4e3dd2aa175dfa0e2122b85239e8bd6626b08033d1490025cfca399b51d83c8,0.0281566529936231,0.6666666666666666,0.1884500088019436,0.12030102285629342
DOGE,b4e82df620484068a1bd74e1dbcfbd9dc8c87af862cdd36bd1be712cb8da55f1,0.0037349689767032,0.6666666666666666,0.2022591175307257,0.09363943278381154
DOGE,b4f196b3eed544e369a77416510e62d57d3a86d1cd6f8ed1e79be2997800183b,0.0362528621033574,0.5,0.19841778249357803,0.21166520739178385
DOGE,b4feafa0cbfc95e6299741ac2f20759f9225e24275bd7775cb613954bd1f122b,0.0361774323222459,0.6666666666666666,0.21214462240939252,0.15923421408612423
DOGE,b51890c26f967533043847363573719de88af9f080ede8f5452e8c9f69503fbc,0.0286448524399889,0.5,0.23256220978303604,0.2462080443187576
DOGE,b5201c5038fb58fa0825c6c2a602d0ad93111c5b473dd736288b70a69a9c17e7,0.0805358532612163,0.6666666666666666,0.20646784995526285,0.13173759598203033
DOGE,b57fe0b9da8486d9d9e6f35216bd785abe09e50e895dc918f715463d44ffb71f,0.0136955864451267,0.6666666666666666,0.18113961529820982,0.09444722992125651
DOGE,b58002c74e0165296de3db2b43ba7d51da0da57163692f8e12b4c1acbd0f2b81,0.0631588898130174,0.6666666666666666,0.19599814981546212,0.11964742742202436
DOGE,b6465fbe2ef66adffec08c2e3b4af1cde1fa06280f2f16d15cf9a54f00dc5938,0.0406817980710793,0.8333333333333334,0.20449527820247063,0.13418529765801065
DOGE,b65fa94b64b60e966257c3bcf62ddf44717202d6badf016d6fd2341e58f91d9c,0.0143950710815938,0.6666666666666666,0.2023185977561055,0.19545065881600823
DOGE,b66775ff521a5326267e56f6f7b70e1a7f0bdb85481d6a463d5917764232ddef,0.0026696633022089,0.5,0.19240191949137658,0.13352470941322606
DOGE,b6c875c923c42702a5cb1e470d0f3a81caadd01ed26f866c63d5d10bebb8d0f7,0.0349631542292887,0.6666666666666666,0.1959983538646747,0.17043490439195155
DOGE,b705ebf70f30a8d50d8955079f3c74ab122c894fc7d4b1cd04bfcda1b61fc572,0.027102452465762,0.6666666666666666,0.1865689657396862,0.07903699528295106
DOGE,b7333909da6cb789f5a6e261f5f149cc8b826d50a6b624ecfb3c1d748ab5d8d8,0.0424997692945706,0.8333333333333334,0.19810510909624887,0.12685461394142283
DOGE,b74513b15d8e6382bcc70d9a8931132f1fa4d535f56ab8db4b4dfac023d63da9,0.0015438372795948,0.6666666666666666,0.18772035307051937,0.11835799222566164
DOGE,b883f6edf9cdf919ce82d72ed8ae10a38a114371f9c586f82c87ab748b7edd26,0.1058828030619629,0.8333333333333334,0.2789799043135028,0.28883507225403304
DOGE,b8e2e89f9048feb367f142aa6965b9b8de9a74c049c7de9985d7003b7d1e0b44,0.1334934552394404,0.5,0.4789542155583499,0.9175490158479306
DOGE,b90965b25624a170fb4e1c584c03b6ae15f39ece22054d56815e3a6e5a581f01,0.0140186402298303,0.6666666666666666,0.1742068815318127,0.061482120021324964
DOGE,b93a16608e985fe0ac341b8893b3825e08e2bd1407614c758a5fcc416b5980a2,0.0228484672372829,0.5,0.19663651969156856,0.13538455884408368
DOGE,b96904007fc8adcb468d3b7dd1c99c274ec541f9bd66f559cb4deaf2c8bafc6d,0.0797093740063536,0.6666666666666666,0.20741130519348755,0.22374814598501433
DOGE,b98135ed3ea0f7273f74c40ac9b0be45e8bf0dd871417081b95b147b0032eb10,0.0255707405181535,0.5,0.1826490004764523,0.07827606842380927
DOGE,b99874956ab21c02131f24989d4fadc18443f97baf3c2ff57ffb63a16d3c7875,0.0159774446959499,0.6666666666666666,0.17582823095530498,0.05785455535771915
DOGE,b99b3df94aa603a904675054abe6d75c724933325c531ea84db20eb064f8993b,0.006507930584373,0.5,0.1897242729904134,0.12380532395315684
DOGE,b9a78d48d11fabf9756f0c5413cf1ea8d5afe50b318e8386218ec1f9c16fe45d,0.0334086074932495,0.6666666666666666,0.20480386061082415,0.19240716093889476
DOGE,ba0885776878e8ff62a7275f16c89fde95f815238544cc9d12597356d2cacdea,0.0140452440380505,0.6666666666666666,0.19748290928808196,0.19518519492228678
DOGE,ba370680a4dc6f60df2903777ba817623c3e8aebf40c5007389f3d4993ba18bf,0.0065182738114609,0.6666666666666666,0.1880162538946806,0.13546615916562538
DOGE,ba379bc2b42f8d60cf4b68ffce54aaa0febe53c27dcea57c1e3dcc6b683376f4,0.0230328232328953,0.6666666666666666,0.18339329431345197,0.11780827501774506
DOGE,ba5929c494c9282fd58ab99d46c9a706c150ccaa4e20ddb6540cd1243f4a2fc5,0.0141367701844834,0.8333333333333334,0.24855020028713506,0.22738730192337714
DOGE,ba68c961a82f95142ab21f5fd0b54f7c5150e39a141cab56d4464857aa5a4dfa,0.0492146289332595,0.6666666666666666,0.21447569794188798,0.15884923164144454
DOGE,ba9898b5879c745d21710955f14f383029901c02494aa9d68d33c1932ff7bee1,0.0474942187650157,0.8333333333333334,0.19436257414636202,0.12023397508306777
DOGE,bae43c2dabd5e44adb35c43e04d8ad21ed6019e4bc11de1833af1c56d478dc6b,0.0047189227291493,0.5,0.18605095369435531,0.09420006492358628
DOGE,baee5750adde755ec2007146974caa7f6436fa394fb23765fd0c5b38174250f8,0.0236511708173422,0.6666666666666666,0.1880210550481705,0.08132441084897317
DOGE,bb51c447d2584f4274bdfc8ec8aa6d74cb866d16d90aa9e107904ff97ac2fb20,0.017381543763329,0.5,0.21757029376947382,0.19285884004941645
DOGE,bbcfaa8b30a47ec3f34331a33094a09da3d44ac788c798831ebab4ee377757cc,0.0256706673408093,0.6666666666666666,0.18935415858943522,0.15980440551508052
DOGE,bc110c759a55e7f6ad56d3dff5302db341fd8ced643ba039fd9504730bd748f9,0.0087295473260543,0.5,0.19297626466408008,0.1512947287439206
DOGE,bc58875df8d8607fca67c4e8522f39b3684b7d4a26083619f181f149fa15bc2e,0.044652458709641,0.8333333333333334,0.18916787462479234,0.08216129005462605
DOGE,bcc1dd7d3abcb52f194850aa552d692291ef35e999c07f5ecf4b07d094c49751,0.0003871683250024,0.5,0.17986263673737116,0.10025938806784762
DOGE,bcd9a47d6ff460868dab6c1f313c1e5522acc2190728db25d931c536fe3b40e1,0.0518883728415374,0.6666666666666666,0.20771543091133823,0.15535445469602283
DOGE,bd03085a5e984fad8402c31216a53e5a3575f0fe0537c45c49c351c811b3d90e,0.0125149804562452,0.6666666666666666,0.18800272859681236,0.09527778202649281
DOGE,bd1362344b753b8d11648fad6b5dcd82ef8135112954c21f9aafd02386a15ff8,0.0021301051178627,0.5,0.18381755916754672,0.08023405569417612
DOGE,bd6fcdffd0628ca06fd0ad9bf44a180f639f61efeb479dec13d7603df21079e6,0.0091634042019185,0.6666666666666666,0.17425105116947956,0.03840706504092564
DOGE,bd760f09882723a52793cc9b2025f11e447c63219b7b55e28cc209882546accc,0.0147388771622247,0.6666666666666666,0.19334338655793815,0.10148823126796584
DOGE,bd9cc1316afacacd3fc64bcf6089000c2d674ea25252da50406ebf4083960cd7,0.0032544215941415,0.5,0.17413174203407625,0.03878038773525169
DOGE,be44f7c76d322a1037533dc61dc5c7d5945fb8d0a7c8af38d7a6495dcc9da0bc,0.0171868821299033,0.6666666666666666,0.18523521329272125,0.06065875896223717
DOGE,bea05038af6977ea77ed19c2a589a3262d6afc2b9d1da749d93706ba6efab208,0.0023854571785475,0.5,0.18936113203175997,0.07781105093716137
DOGE,befca96b5816053cc1f77833909e71bd4fe54597a6ccf26bca9abc04a5fb36e8,0.0102863981878982,0.5,0.2636785247083507,0.3602603887477472
DOGE,bf0117494b70cee2133f2527bb20e506932f50d4ddba95582a0d454ea3180a71,0.0262851614650819,0.6666666666666666,0.1844806478475103,0.12724857085712518
DOGE,bf2a3ba9dd8c1b11ea7994ad3f623d93579aef69fc27c66ab2b18c4f1fce82c0,0.0398944880300616,0.6666666666666666,0.1967470354047978,0.15396992530634565
DOGE,bf423d737adcdd3fa9874b5e3857c9d7c33772861f497a6bc1695bd959999760,0.08874842558294,0.6666666666666666,0.2197684045542347,0.19842796760751535
DOGE,bf46880cc430a7e8229a1deaff4d3522a59ccb746d7c9cdfb117fc4657078ceb,0.0111616251256016,0.6666666666666666,0.18683748483496837,0.085864463332333
DOGE,bf65eb8fe4de3897c12a57eb9e80393718366e0e2be39eb0790b9645fd73cbe8,0.0645667609713531,0.6666666666666666,0.3177938188959775,0.3696370905863126
DOGE,bf71be641eb010315cff0ada56ac1c6aabb876bd4faee920facd6d5a1004dad5,0.0206663873092543,0.5,0.20863417484744956,0.18259623114721701
DOGE,bf9023270f2f5bfaa523c26e465725f26f57eb6dc41fc3729864599ade7efa13,0.0348349956807556,0.6666666666666666,0.20584316225458985,0.1839588033743194
DOGE,bfa6fe7b58791baadfd368a7d31b5a64dd90ca7113811dbf6caf8245dde2f58a,0.0470781468245808,0.6666666666666666,0.20534647114190624,0.12767117439875508
DOGE,bfba6065f631ec3096fd49d452e3d83273ec1e1afbcede58dacf1f2866108e30,0.0506723408368834,0.6666666666666666,0.19341657574814644,0.16935790730097863
DOGE,bfbde643f43e4d2eb501496a39392299f6058abc3cd74cbcc393daafe029622d,0.0019396036357527,0.5,0.19061943616040636,0.15475507908931613
DOGE,bfd31b680968cdb4a206378691371313ee0ea9e47ab30138d268c130ee894cad,0.0259604683477775,0.5,0.19168971270675236,0.17349104800468784
DOGE,c0225e85f91550bf2860b37123ad0a8fa241bf7127d8e7c0902039986ee100d1,0.002023255606099,0.5,0.18386087514498592,0.09523494491280043
DOGE,c032935da0fff96d20b27430df27b395df9ae9ba48cfa1885e875462c9dd85e7,0.0032364019353143,0.5,0.18508245021007977,0.11167791105890931
DOGE,c03ec0909cf9a4aa34ee6fc8e982f148ba55a86b996c7ff749815275c17d35d8,0.0025193772602973,0.5,0.20193459948243414,0.0951013844259419
DOGE,c045a8a3a02e3504cff317c8b9d0c28836a47fbe0da0be0fb4848467a42c9f70,0.0013309128802576,0.6666666666666666,0.18098823978940404,0.06420941715808252
DOGE,c09fb773a8b938a91b99d894b0cea3274ee080c6b567589d4d48500cd99f2f06,0.0042799076409494,0.5,0.19529446657926067,0.15543736305201322
DOGE,c0c6aa88fbf16cf4d0bcd1a071066625488b9ab0fa8c9fdb0e96f8842cd2eb57,0.0007781060010433,0.5,0.18756225230913437,0.134782090881874
DOGE,c10f3a877c32a83e129f45a62895b066ce17cdcb17ed50698e41374264b1525d,0.0043199517201867,0.6666666666666666,0.178830558615523,0.04570394056844878
DOGE,c128ffbb77cd35b82ecab3c7cb5aa5f62a4da9a271e438b90f8526ea78b1886f,0.0532689147093058,0.6666666666666666,0.20945363672311013,0.18142161482623367
DOGE,c15e1dc5a0bc9e56df504ee6af711cf7a5a32b6bc48b28909c086686ff10738e,0.0304846351483669,0.6666666666666666,0.19070872223071306,0.11237050767172838
DOGE,c1968ecae174e31df11f3be78486cecbcee919599a0e642eb9db9212d8df5fed,0.0495879203910985,0.6666666666666666,0.1802019181666708,0.07991653449226735
DOGE,c199db4bf8d0c34647f29252d2a360acf821e9c098377ff315aca2bc2e4f4ac8,0.009326891837682,0.5,0.19187390084374195,0.11310944685708639
DOGE,c1aeaf1bffa4efad7f18b41f31f5dc4993de406a432e50e73d4c97c68b6ece64,0.026707350969435,0.5,0.2001452134446341,0.20178689800097208
DOGE,c1fa7378891a9a1fac599de6889d6339d9bf7c0b52303b6f832a08e2a4a8db60,0.0200369865501339,0.5,0.1937908825527944,0.18646279936259286
DOGE,c2026f592f51dcdad654db1edf476bcdd866cf082c383a26590f2a334e83da9b,0.0271348287224018,0.6666666666666666,0.18957653396527074,0.16421124339598261
DOGE,c281208bb90f8ce583c762314b2cee16bdc75548e0078cfa405baf888fa0c8dc,0.0148672672382935,0.8333333333333334,0.17806134220915376,0.057499667460127794
DOGE,c281562b5df5d19654a79ea66e6e46e0d2bb18ff572c6f3305a7bdcb8b8e7757,0.0085462622479807,0.6666666666666666,0.19261347038042206,0.11010202099850488
DOGE,c29159c8e1228f63725f67d821339311772d642d4dfed63b93f6d2bb3eb014a5,0.0158016954099001,0.5,0.2627093770575269,0.22628476386285024
DOGE,c29337204ebfff664c8bfb7a16371c9a64b3e083e7f3456524bc41be339c748f,0.009902940724321,0.6666666666666666,0.19068599912927492,0.08820398359650602
DOGE,c29aeb693abfefc65dc8419ae7618e6f38cb74b94c8fc4cf63a4a05d8ce19744,0.0032615715041038,0.5,0.18334752461440032,0.05088767203134643
DOGE,c2b76b099dc288d685e7260e175917ad507dd6620c7b2e37b189d33765bf3d86,0.0687485265347978,0.6666666666666666,0.19612207384779065,0.17010878252832962
DOGE,c3367c7f03fc5381ab81739f93ce424a3ad179ca663332e470fcf55cd1db3840,0.057473998014504,0.6666666666666666,0.20039903156851563,0.20743694350523076
DOGE,c35d1130cd61187ea420a609c75d243fe0a2491029697ae1afd5d08284a98c1c,0.0103769397558815,0.5,0.18940142606054042,0.15767419784027564
DOGE,c35eab36ff3b53fa48f7ab8b36c88576a027d3bfaab0b00ba2b925ce3102a1be,0.0659656302452243,0.8333333333333334,0.19368207758190276,0.11356253092498034
DOGE,c37b5ce8eb346cbb0b010f15d3a6fd457eb08c7b72e29af9f645e514d8787e64,0.0047346122596184,0.5,0.24178512121102422,0.28128452271648097
DOGE,c3de7b27067f0a7b05bd13f99f25aa662aabcc7c33b6294078214e5203315bdf,0.0153394922410238,0.5,0.2838787145207989,0.3980507794288229
DOGE,c4153c2ad5f75a94bac0ed875a9673622918615554f4d38c486f5329fd5edf5d,0.0313275589509329,0.5,0.3062455032632828,0.32197569633123624
DOGE,c4330f6f7a45067f8ab24abfc3b272936379cf11bf6d41645d2f0736146fef2f,0.0013427271497155,0.5,0.21122693521264524,0.22730617414143175
DOGE,c48c24061aeec5df2d2d6524c3baa8dbe3c5650e3b65bf5fd43ac0169761ec63,0.000807346263477,0.5,0.1823916384864065,0.06667245458959167
DOGE,c4d1b6d9353d8ff13cecc0fc5d599f360555a2c33315dbb1050e8362fd366b96,0.0005765583383672,0.5,0.22552513604002114,0.29176841100047474
DOGE,c4ff8ccd543e31a6778208f3eff2e47faf91e1e5024231944f882115dcf19c87,0.011009624980708,0.6666666666666666,0.1859495197264668,0.12739502647120582
DOGE,c51862d1ad4550535260f213bba4c1e0c9ead705ea62b6fbcc4c64b48c41612f,0.0204760005588137,0.5,0.22770484330647744,0.2873534083693267
DOGE,c520517a0039ad2168c6e2f8710cf6cde7a9fd96d9321d199b0651bd8a9123c7,0.015712177575331,0.6666666666666666,0.18824050526824662,0.15588956444850727
DOGE,c630074da910bb25d76ac2e9dad343ba34e8139a64a7756335fe537e782fe553,0.0076905135683111,0.5,0.18956955392676875,0.11499497080178511
DOGE,c63e306a913f99feda874d477cf283810c56ac334abdd0997e359e1787542e81,0.0269663093460677,0.6666666666666666,0.17932445445048853,0.05725099847450164
DOGE,c659f94026ca7027635baadea6754c31c3de69b887b57f5ab64ce320ec7c662a,0.0128777583391594,0.6666666666666666,0.18474499796618776,0.08044109695984834
DOGE,c68b95156da1266241009b695a7757612bd08839e1c0f97afbf2118b855e990f,0.0108486344747879,0.5,0.18309087476492478,0.09571714876780964
DOGE,c6a191db86ef3db378e69076f5c2d3c923250ddea4b97707aab917d55d421696,0.0006415420147695,0.6666666666666666,0.19104285815999064,0.16060877062887102
DOGE,c6ae3a7b15a8bfdbe6d4276b76ea94736d5050ac4cc41bb219fdc6dc132ea0d8,0.0166457569657049,0.6666666666666666,0.18759423021860935,0.07802449851149423
DOGE,c6d089dae11dbbe4a2b9dc4a8e675da711b58b9180664b3b39140620b88a763c,0.0056084881288526,0.5,0.19123653035759794,0.12754946597476102
DOGE,c70b4084fbdcd726ea0e74f08eaa1870fe6fc433d17c09514411eeabc5e6a2f5,0.054045301644645,0.6666666666666666,0.17933001215854907,0.0727433827189482
DOGE,c71a280183dfbcbd72650d844e8486fee76f15d876ffee1985049ff2a553bdd3,0.0090190255020344,0.5,0.18277422871789087,0.10023446277198501
DOGE,c76a061b45791a715f3d3822d0007619453d1414cfb393a8ff97d4f45605d355,0.0470213084822839,0.5,0.20777354750836854,0.19990186329521148
DOGE,c780ffb2bf7519862cdaed60de705887322cb4cef9464215e75322d68297a787,0.0045452183004053,0.6666666666666666,0.17723496435358072,0.04339089642642892
DOGE,c78da6fda020124856b7d6dfd9be2b5bbce36135022b876fe9214a7efdc6c319,0.0322571514906351,0.6666666666666666,0.18486132556801455,0.093276144851324
DOGE,c8018c9700b7fdd1cc2bee217338d9edce14b5a91017c163a2c2b90fb2894d42,0.0344323643953928,0.5,0.2294526651380444,0.2277204642411237
DOGE,c83d0f31147978d5f45d90e611d92a6144156c6b8b166839644f102ec79ee9cc,0.1087848076629951,0.8333333333333334,0.2968955078037699,0.44740539066892304
DOGE,c83f31482e1a997e2117f43af3718814c221070740388a36fea9409cc8fc8fd1,0.0104122172011277,0.6666666666666666,0.17548672068145982,0.06981596393544007
DOGE,c85d37e58e0291d8b68804933c1e54d4b2279441f003ce8125ecb6ebfccfb584,0.0396284946824908,0.6666666666666666,0.18843102290931393,0.09595935007238228
DOGE,c89738af659e5360258a33016f2843f5ccac776da728d2aac2b442e6f0e1d5cf,0.0116670042921994,0.5,0.182618957315313,0.09308296634131163
DOGE,c8cf723aeabfab1354d32dc71a12964d44ab7b53b6e22ee6ebe1ade1f09799d2,0.0167632002095126,0.6666666666666666,0.19598618974334747,0.17961183913669482
DOGE,c91c9eefd53ea91b42116c332d0c918a67b7aea784625cae87648d4d8e1cae7b,0.017678102815512,1.0,0.1827490588082362,0.06674387697018917
DOGE,c91eec665b97e2898a6eb8bc53e9bcfed7d87d9886c4fab479eb304c27bcd8b4,0.0215241534593423,0.8333333333333334,0.1885225794016119,0.08403586415368947
DOGE,c95b61a0aa7697d507f8ce853d551556a07f31d8b67694c63af1f71a009e590c,0.0196219630061028,0.6666666666666666,0.22273262265364158,0.24362282205894883
DOGE,c98702d6610aa446b5ec98d5883210a707c67a5c521bcd274cfed9358d6ddcf7,0.0087112289187037,0.5,0.21707622872966176,0.1445728589351553
DOGE,c9bbcc61513edf3468cbe8864fe3b565ec489f461a98875573c309b08377d4cd,0.008852153043517,0.5,0.20491018664275198,0.21696746078275989
DOGE,ca0ab6e7f7028caf9b867f22bfafb082426e35ac3869558f385faf54a1561d6a,0.0353791707568896,0.6666666666666666,0.19892253537871604,0.12347218991965755
DOGE,cab0a9213d8e386f1f82bce472dad73d89ba72874e1898914d4acb164b4d5fb5,0.0078611801676406,0.6666666666666666,0.17861719580815016,0.04707807285721935
DOGE,cad418a08e85c483bf9976a47d23bfbfb86eed59057230137f0960483938461b,0.017807201687187,0.6666666666666666,0.23565279912659046,0.263598169045054
DOGE,cae59341877b83246cacabc2e28d8c2b0fb5932554e35eb79b72bb63c59dc299,0.0370027027291453,0.8333333333333334,0.20049385044282872,0.12767195406532372
DOGE,caf63a5f44bc728f6c08df6206b59369fe498feb58d730291959efcc23922be9,0.0405742911939651,0.8333333333333334,0.20622634738020465,0.11802705305272855
DOGE,cb0966cb1f252caa50c1fa6cb052c3f3ec6e9fb6bc851de9a15e5d4274040f14,0.0261121984584117,0.6666666666666666,0.1931171374100578,0.1688553144064275
DOGE,cb6007f9a0ae5024fa2398b587a2521dd0294dc9fbf4cbc1ca25de7893681ddd,0.0118865846174951,0.5,0.26744828504340634,0.6671909632712768
DOGE,cc05a36b6631e39d5d65164f3110a6c874df91662e0d82ae6426e4fb13fc56f4,0.0056907900911749,0.5,0.1905126738315321,0.11704175408965534
DOGE,cc1d9e250d8703d68f13f792b554823a027e3577e85cf3e84d54f09e6220e1da,0.0600294838837767,0.8333333333333334,0.19941818668463313,0.11606016359357468
DOGE,cc39f59d2259aced1a7cd06885c6bac0edc2a7d2c32e6c1ca315e21fa6618487,0.0422023873456207,0.6666666666666666,0.18252722770044935,0.09250952502367109
DOGE,cc90af4bd86b7b0dbdd936b81571474d2c648c3547cf332429cece4f4cb36b21,0.0173422885643511,0.5,0.1935983574980189,0.11983102337243745
DOGE,cca5e35354a4ef8b70ccad7e426c89f3e487bec01ae365261d9d655efe379dfb,0.0108342817881757,0.5,0.18693028948471718,0.09238554799620383
DOGE,ccb83283eb6f1c1d9a89822590af137fdd30f5ca215028e121a224eb2d4d5565,0.0263546077592256,0.6666666666666666,0.201045405938109,0.18123284092725117
DOGE,ccda2746265c7d3415672bccd535cd7f52dc550d13dde305ad86e8bf17339108,0.0094674428519727,0.6666666666666666,0.2084584625466148,0.22581110530069068
DOGE,cd2f739e082a4b3ec36bd502ad2dcad2ae68986c9d5ddd4230a618f82cbab3e3,0.0394721458481153,0.5,0.27535795190728357,0.610753075938659
DOGE,cd8bd71c32ac49ac2db88b401b80839c677752cec3ebb6a87f3c5ec28f11d11d,0.0038333331689698,0.6666666666666666,0.18800105354874863,0.15372093803931178
DOGE,cd8c516bddf955380a3c84fb007060e737284c12e451a5c541afec7bd047d713,0.0805358532612163,0.6666666666666666,0.20646784995526285,0.13173759598203033
DOGE,cdab2ff939363d7d1c077da0c46d08d69d1c434a75dbaafe692220b1ac061ff2,0.039632184718791,0.6666666666666666,0.18784549667380895,0.09142002588126105
DOGE,cdc265f5e49bf2a5bc865675ff532ad5aeb0482b4a9dcc62092f27d314522f97,0.0257810637193392,0.6666666666666666,0.1916337678989065,0.16821010399398822
DOGE,cdd1ee68e27cb0a924a4681460f26813871378a349cf8b2600df48dddff3d416,0.0570972718252822,0.6666666666666666,0.19153837372391094,0.14845337563148903
DOGE,cde8c78e5e57f7b00dffa50933e0be3e1f4a91b4cdca9873e9a1b323b9fb5c10,0.0576009685901891,0.5,0.27851111128324096,0.41735228851553796
DOGE,ce20e2bb0765d093316f36ab5998d0bf2df818253122a32d0ce24c08a6241115,0.0471892455621384,0.6666666666666666,0.18680087729251105,0.12088860502349862
DOGE,ce532fe2a62d1d311cf836a9e9155aa0b8a346f5a4ee76dc45e1f0775c3abed1,0.0591443526410624,0.6666666666666666,0.19661612398801073,0.15662547725233214
DOGE,ce90e573a48aa944fd8341ef84720d52a6af45cef1b153c88045de9071f08f29,0.0088439431054632,0.6666666666666666,0.18660034174818035,0.07847697212502959
DOGE,ceaa2d9b77bef5ac8b1c62ccf9cc6500cf87a00370790fddb9ad0bdb3e8ab98c,0.0554292842806476,0.6666666666666666,0.1825972385590735,0.10367711406873212
DOGE,ceb0f201015aea84213e74e2154c1d0d907287fee4ac85de449aab7c92ac74dc,0.0189067905263387,0.6666666666666666,0.18670488296796037,0.10128593572174067
DOGE,cec97e661513625468aac702082567cdc06afd1303c50644788dd858e82a34d6,0.0311089125579073,0.6666666666666666,0.23453978994973765,0.19423272370965272
DOGE,cf26f7fbb124c53ddf4b8310f64a8d48f1b6dfed3c22e38fa633eff87ac4a182,0.0452763619686064,0.6666666666666666,0.1940614071316272,0.1536741540311691
DOGE,cf7a14bf8658a8a29246e7cb5538c0e370ac6d6c6c581a4fdbbf43f9e72806e1,0.0486697772071136,0.5,0.19799435313501496,0.11588254770293424
DOGE,cf7a57bd7903cd1ad33c733f8b08bf67ad8ac37db747aa8d567da778286dc95e,0.0257759635559581,0.6666666666666666,0.18249589058448296,0.12527658622394072
DOGE,cfa33704f6f0f99eb7f95bd80f0290599d7c4f19780489968aa472f315cece60,0.0576956463672298,0.6666666666666666,0.21042714717558286,0.22568555471960855
DOGE,cfd98dcc6bb6be0e786ec68b30ddbb44911d128e4d5a74e93dcedf498cf63fc4,0.0417773852657749,0.6666666666666666,0.18400175820620263,0.09367651801970246
DOGE,cff3adb244bc74421fbf8dbc07aaedc27e141918b809b38d1fc9eb50e447168e,0.0354033465706984,0.6666666666666666,0.20379770413993803,0.15843273030595817
DOGE,d071fe76003d91bd8915ffaf99bbbb4818637d8e3812597316ffc66ad9b95cb5,0.0250347241797897,0.6666666666666666,0.20794418087813427,0.18788078230263688
DOGE,d0a69210218fb8408c4672e0ee34f3a6070c1cad746f59d418115b3346dbd254,0.0420327952695747,0.6666666666666666,0.21272295475722336,0.14329544318806073
DOGE,d0def8e940c0d59ec4de0e33357a59b088510ac5b624ad4ae92eb40f437f2317,0.0293802439814247,0.5,0.3289783055128835,0.36855697226400014
DOGE,d0e1c890bfd535baa74778cac64ec1563f81dfe6f1e0298535295fb411cdc4b6,0.0185578423761079,0.5,0.17719090706474566,0.05358042817877833
DOGE,d168cbd3d02834a6131c26933a5a4763691015c4a55b1dc274ab374919a116e9,0.1142573314619813,0.6666666666666666,0.41313461844793936,0.6579772307899323
DOGE,d1813f68fca9dfbd1f8a69122b715b1d60caae982ed68be3cae4238c65d1eb7b,0.0734453729305205,0.6666666666666666,0.21741876748808547,0.18080888788342553
DOGE,d1842b149ee42f2a106cd20d2c7984a101aff35c19232fef51e0f67834f89bdb,0.0367847175090749,0.6666666666666666,0.19679883797437314,0.14836874976140935
DOGE,d1b3de22588d67e009abff018ac39f22301d33fa926c7c03c3c2695fc857a9a3,0.0422668443025715,0.6666666666666666,0.19867757357746854,0.15749076881458843
DOGE,d1ce337f6ab86b68ba107b0d576fb558f686624e75dc5a00852c2cc37dcdc5ab,0.0001528501392001,0.5,0.16973626644275966,0.019028565018495366
DOGE,d2280a81b211d70b42f70e742c3aae16ec34f3745ebd749a5c9f893fc9d7ed49,0.0127339311363506,0.5,0.1939394576786742,0.17191997522906677
DOGE,d2600d07785318f5aba7173b250d86a71ed4bc0df45c5638fe79dd4e4a53b210,0.0124484941218038,0.8333333333333334,0.1767970934559747,0.04683517972732646
DOGE,d2a3273783731a79117550572d340fd68c011292d1964da184f5b956aa3d7af6,0.0103382400057925,0.6666666666666666,0.18552300415185177,0.08779195074102492
DOGE,d333d8d4817ee8bf5d27dee392a8d8289acfc922806a1e6056e5cb94640542e1,0.0295813267301945,0.8333333333333334,0.2026844833723267,0.12791919301538704
DOGE,d35b964bc5103a8745b0f96596dc13c39652a8167f60ed9e656b579145160ac1,0.001167660947787,0.5,0.18820636454180978,0.15098324307454683
DOGE,d3dd1c7c3bd733884385dced5200ecc9e22f5fa9d27c04571f9bea294a57b38c,0.0054802666550691,0.5,0.18098973229051143,0.06198161010580949
DOGE,d41cb294737925d86b5bddd0327ac2fe530a5ab2935c6638068498b1ab038ddd,0.2810073058446382,0.8,0.3763617235143305,2.1669302642356323
DOGE,d42064b7c9c2810b22006a096c8fc0cba3656047f69ba3a2280a91cc0321bc82,0.0023339641141678,0.6666666666666666,0.18928801466881703,0.07984397509507882
DOGE,d49c5c6af864ba6e8b495af0ca21d4965b0ddf8464a9732ef02f87b05cc1a5a9,0.0290705121216729,0.6666666666666666,0.1832440791705336,0.14047154039670562
DOGE,d4bca3aac5e6373c8a4a52f4ddbc5bae56c0db41e99ae35bcb988f4231ed4c8a,0.0139535735655938,0.5,0.24365203738591126,0.19796522561127064
DOGE,d53ae4e92670b5698b726bade8779ebec7721545d2690c1fb9656c0299c3f910,0.0108489748868182,0.6666666666666666,0.20511557538371575,0.2500240375550643
DOGE,d545cd30fc59e479322db826e096e37440424031894f087547e669506a85e97c,0.0495709698521464,0.6666666666666666,0.20326749407107558,0.1587871213913752
DOGE,d55d1cdaa11dff598502d7a96bef81158075444c498749a4056fea0b6f70877c,0.010032446746087,0.5,0.18870467423874543,0.08504559843111394
DOGE,d57d8be73ff91b3c85cebd2f1d56bc22720b08cd7b590eda46dffa4a7380534e,0.0076658333061078,0.6666666666666666,0.21352890340388705,0.20166007050394652
DOGE,d5d9c252686c22b5fbf3336180dcaa2a46bcd278d4177181e6122f622a7b0235,0.0067138644641593,0.5,0.207422603878786,0.16466549988087953
DOGE,d61af04b76788228cfb284b12464b5342377530f6273f9df2dc8ea679e6bb661,0.004668717956317,0.5,0.18113101375834956,0.06476401671362049
DOGE,d64d199583458e9b8395f25f61e9ffec744cc2131710e6becb64bc45e8b5ce5c,0.0492910484907479,0.6666666666666666,0.2226550839736652,0.16513937053300617
DOGE,d6ab0f7005dc237e48b97a91aaf9e18f29366c118b0c15d84a6b07e7abdd6f57,0.0596614854015619,0.6666666666666666,0.216117774947638,0.19061453848259935
DOGE,d6bf9e709895ffeb314cc7dc5fcec444224ea50583524b4b5f7d20165155ec42,0.0075340564025456,0.6666666666666666,0.2169436352732242,0.7256911435996811
DOGE,d6c923ad19eee64b96a8adaf252bd161876b98ba10753d08be22b7a873f9d4b0,0.0486850434008135,0.8333333333333334,0.18007418120124502,0.07553635343441685
DOGE,d6cb99dade8f1c3f480827a8b88883fd83779fae26935a2b2d189c17ba2be711,0.0588888886594544,0.8333333333333334,0.28067672016523865,0.3033827038197265
DOGE,d6d42df8f1060162da5a16b54dfb86356fffad1c0a5f1bb1d1b0b150fa34d3c0,0.0229050198902703,0.6666666666666666,0.2304792536942996,0.22425575776854492
DOGE,d6fc149a56fa2b26b9f4abfa9f2272e2cc91bb35b51787316fed4caeae9c6820,0.0172282942605422,0.5,0.20947855557317124,0.22949568241049562
DOGE,d705c6cd4b4e34e6bc7513b11d7211955dfe95a80200e26fdf20cf890df29cde,0.0557998029743488,0.6666666666666666,0.2319532998925653,0.23863888911764403
DOGE,d70d55e82ca7d437ae5d08ea67e2f72c03bf5828fdf3c9a1b3a058ff6d4c71c6,0.3153453270488253,0.8,0.43628175836382654,5.396557745125169
DOGE,d7280f740dcfbda041686432657488fdc2f84495c74396f879162ec4c0bc9222,0.0156207287313142,0.6666666666666666,0.19869284847453125,0.1517422606181102
DOGE,d737ad1cf1c5291cc21e68c57b96eaee662b440934f696d66310f80aef11db5e,0.0282089412756748,0.6666666666666666,0.198865680336899,0.1346511171917533
DOGE,d74971453409396aad69ab0a70c7d8d851ae773b72edbbc9c0d6480fdf0d2862,0.0047181393785071,0.5,0.22653375285341298,0.1550368302569737
DOGE,d8248e17cd1cfb9a6d07460eff607ea592e051dae8070a0d4ab959ea75f700ef,0.0362322046531736,0.8333333333333334,0.19335087088534494,0.09541832482298628
DOGE,d8a3277020629283e5dd7d0dd741a51b4423953fdf7eb34b1e23c5611c0dcb9c,0.0031783528235292,0.5,0.24599820002285638,0.3313749621383038
DOGE,d8bcae3c39716c4cbd8d478590984dee86d1393a5713e24a92df789e6d92ce84,0.0088884233606144,0.6666666666666666,0.17294246562633686,0.02099402200384028
DOGE,d9cafeb6e32a387958d80aaf52c97dcff4d2094e32015297a881dcb4a5c74bfe,0.0003037235200873,0.5,0.19695739376074023,0.12933302345212358
DOGE,da58a7c971cb00864b194100582b78b34ed61e8603be321d2d9898671431ffd3,0.0889680013607533,0.6666666666666666,0.2350157879075359,0.3345859779725719
DOGE,da88211e35f48ba6ab2bfe8029cccc67af23fba0016e3f591a9d2c2c2d1f73b0,0.0703038426100015,0.6666666666666666,0.2209488896063189,0.2265304272585388
DOGE,daa2ff898465e32d4cb9a1b3ff9b63e5dbf0ea17fd3ebdbb3e38483ece9913c8,0.0080589720003223,0.5,0.19146133748113908,0.1749180840604135
DOGE,daf0f6fa01c69c8b90637cb3c8600ee88e135a54953d8cef54cb0d7d8f647004,0.0298691059635259,0.6666666666666666,0.2109713129555654,0.1690389723048835
DOGE,db11b6850795cdb68bfc56d0f4b536508051f18fe37bea4fff49201a1221475c,0.0589953343208723,0.6666666666666666,0.22276751277503126,0.17175653962350335
DOGE,db24143e8b5fca4979218b0acfbafab1e099b74d240cea6770528ad13c81e386,0.0435949434947383,0.6666666666666666,0.18692514180189856,0.14435949117039154
DOGE,db257218ed7edc22f30b33c25b3923ad066953ca202313e5f8f61c47e2f2c961,0.0010550317691528,0.5,0.18155386421667807,0.06490410592091445
DOGE,db94ac70e22cab857f7635ee09607e0b007aafe4d07484af13da4b36ca969b06,0.0142121344759508,0.6666666666666666,0.17479142019618527,0.04431868815105748
DOGE,dba1e5fd8e154ef933dabd0141cdc66353cca0f51ffd1777abc5d87c209af1dc,0.0102705985143373,0.5,0.20022121881083663,0.16463619290796982
DOGE,dc424b2462bc7d69a6872d0f8a20c542e7edd07dfdff21ac959bbec1aaf9bc61,0.0211383859566721,0.6666666666666666,0.18606535483258071,0.15648251958297243
DOGE,dc44607079bd1fae6f328a15b9ff15fb6a5f8d45ce2dcecd79208f340780bb55,0.0083209288423517,0.5,0.19078082245873607,0.11764151114844347
DOGE,dca4a2e6d4908e449f480302eada0ab1188d117dc9bd8949142eb2310599e8f9,0.0056028744692755,0.6666666666666666,0.21639953304543483,0.7148706095253751
DOGE,dcb46883eeda43e50df43b383100074072dcb2100f4b70daace643566bc78230,0.0365781786026878,0.8333333333333334,0.17955336545234188,0.05854024631289149
DOGE,dccbfe91206ca9d47446920e110ab8711833be0737590c02f0b558e420305134,0.0005154475816484,0.5,0.2028110211446679,0.2474697626162883
DOGE,dd369420e0e72f682284830407f9a1b461ca175d7bf23684179f7c30c6c95806,0.0341611479320138,0.6666666666666666,0.18282720740107766,0.10426855604188286
DOGE,dd6dae623dd9dda9951d84b5bba24ca6828d5a1c541f01552dacde40606c679b,0.0583195171110737,0.6666666666666666,0.2149519150506545,0.21123938299157474
DOGE,dda6291b035caa80c234c9ce2cc920e1d5a2831b372074a596d7c00061faa15e,0.0059005917281607,0.5,0.18499510493277674,0.088503943681552
DOGE,ddb58f1bb914803f89443cc9ae1a28a05d5e169dd0ed79724b9c9a41e0310ba6,0.0387659164668557,0.6666666666666666,0.18384958653726124,0.10819696281190387
DOGE,ddbf0571a9ddf0d50c51fd4ff28947c62c01f662f4d23663ebceca35cfedf47c,0.0016551168147716,0.5,0.20125782974577042,0.18426827614866995
DOGE,de695caf70d31f198600d242bc7d39b2e9c1248657bce7b1efccbe2c24758e56,0.0034051749987297,0.6666666666666666,0.17717191414605332,0.075283755908375
DOGE,de7ea8c9293bb708663e44cdac885a6429efb707100f03cf4a610e2db692fd7a,0.1160648775439738,0.6666666666666666,0.3291340871559836,0.4288479328869765
DOGE,dea6bb95da3770cf1b79e258cca519ef04ae3f525c5f293c5c00472ac2c33128,0.0017637844227509,0.5,0.17475826053596266,0.04901236102915386
DOGE,ded3b5bc2aecad6bf85de66b43e01c2d8c0a254796609b1d4b6adcebda062c53,0.0011522265694159,0.6666666666666666,0.19062930294360667,0.07041940842474272
DOGE,df021bb593db60c98d997432299fe33d07454b82df3da7accb02e2781f949799,0.0068380753203436,0.5,0.19515803361277806,0.19414475555628066
DOGE,df5ca97a4b43d4375d83659e8d7cc082f9d506bafcd6b3c342f60a9664c474d6,0.0453722433033171,0.8333333333333334,0.19605447394051342,0.15568763347262216
DOGE,df77ca12591a0dfbf84add3e88caf5fef78c88f5246aba30c476b977c260172f,0.0050554007325497,0.5,0.1930677862522489,0.15432357839281957
DOGE,dfd3744174371e264fe143dd93d946fd5a98251d0ef4371fadec996350e2fe90,0.0678441113437842,0.6666666666666666,0.18737945246607882,0.10616062270909682
DOGE,dfde83468b6850e74d995d4ed9cfb82ef07ca479ab589d8a5154a5323b053d7a,0.005610969186877,0.5,0.1923344103613162,0.18516618216504702
DOGE,e04617bd765f8f599620e2f64b3018ecb8f2e9abb5a3c442586f2ac7501119d2,0.1419852675664296,0.6666666666666666,0.2196241244155536,0.29684463744068085
DOGE,e0a9627a9e487a37d56b8248e5ccd26f71d9aa22a4091229f734360c03bc75ce,0.0076732068327661,0.5,0.1844690357892052,0.10097200213825334
DOGE,e0c796a623f92df1d656e14a39f3d69bb379061b352f8b0f5d8ef36995b85b0a,0.0650248406662912,0.6666666666666666,0.1921617619078426,0.15921796564236745
DOGE,e1031766aa4f4a267d9a0b21b5bd9ff87faee4c7de9aa9a702e0d9d6f401bf20,0.0252722947308927,0.6666666666666666,0.18511015822416604,0.10776477781637682
DOGE,e12ff3cba19a5ee3b1504958ae2f23ae50af88c71d258d756aa8f9a2f303631f,0.057507434298315,0.8,0.4108850228379549,0.515810291487013
DOGE,e13e6a4c2748967e8172711eaf198ad7829ed93d5fc1048ec669358ff878515d,0.0145855132246533,0.5,0.21793274536391313,0.17122129377994993
DOGE,e19cf375da87ab2696d4a81a5eb7cbf78c7f0c32ef2ca6af8d547fe8a404d3c8,0.0276728736654284,0.6666666666666666,0.18490119680089653,0.07519935888154039
DOGE,e1eee5fb49f3868e89b7d512c890fdc3fbfed66d95d883ebca8ba72d374aee3c,0.0427338241468264,0.6666666666666666,0.1925055442218511,0.1385800070619832
DOGE,e204713bdb6b27998bd1ca4341ea62e0041cef36c4a1fa388dc0c1a3a3f18503,0.0326841859129168,0.8333333333333334,0.19095775584128136,0.09719760343969247
DOGE,e20bd49ecb1c0bd16518b4a2592b517ac4c15326b2b82e03d6ba3551b722314c,0.0223874679792366,0.6666666666666666,0.19748534423297803,0.16035568193454153
DOGE,e220841232c93d90303e02adab5ad413f7821a24b6ba84f4fc5f7e196e8f5ce2,0.039702770832839,0.8333333333333334,0.18979917845943484,0.09003674636207412
DOGE,e2590dc837544d72bff5b4c3bfb753b05cf038067531829e75c31aad8dc11123,0.0479545914671235,0.6666666666666666,0.20542774793832555,0.1541622226946768
DOGE,e261c850342b2fc21f9b7bb4d6015ed71be2b4f1f5c613b3c4a04fcda5c059e4,0.0166408954110367,0.6666666666666666,0.20428644448072908,0.2062331437123485
DOGE,e284219804ad7b0346cffa9ee718ece7a1fcd0bf0357bead93c9c16d6cf0dab8,0.0473261170973733,0.6666666666666666,0.1927654681404039,0.19550854676099308
DOGE,e2b3e37e9ec3cc887d7af6bebfc2c8ba7e691ed7799c559beda335bdb0b5f1b6,0.0360569477536655,0.6666666666666666,0.18080190424086243,0.08615857360840636
DOGE,e2b74dc1142e9e0213c7e864eae9bd04d897dac2853c5716c49fc858d8e6cd28,0.0302112979439788,0.6666666666666666,0.1914562025877363,0.14240862869768767
DOGE,e2c1e2a1f5264ade746b6bcae1cde44e75acd4c5c01bbf6fd03bcf004a829752,0.0092668987615107,0.6666666666666666,0.21216344594831701,0.17709412991619755
DOGE,e2c4c7b393fda915aeb949213b9c5ff369d99aebf9bd4305ceb482e49761d672,0.020591816075487,0.5,0.19869358384623004,0.1505772437826337
DOGE,e2c50e24814c8b6a9375a115dee59b788e109b00650fdbf1f0f64c9c46adbf7e,0.0161692747930768,0.6666666666666666,0.20198128876925314,0.10474368458875255
DOGE,e32fa7e349e05e8cc5840c29d81854a5a72ce597d2f9a36cd4e95713bc5e6bca,0.0003709248009353,0.5,0.18645605506099622,0.09581473714136965
DOGE,e375ee3a39c2807e0a6efaa60ca35d60c25de9361dd7a0b93fd04127580e5da3,0.0174901737937673,0.6666666666666666,0.19461014145967015,0.08463008016096894
DOGE,e3bbc600c88eb3ddb1c1b797ec73bfec96b9a4e307676a6e5736a70561ff83f8,0.0477120337332462,0.6666666666666666,0.1974200066831166,0.17977332773595114
DOGE,e3f6e9ee6d7469ac3e23eb026d0f3559048c97a2d0f08b6527b34c34c0eedd46,0.0487250785783089,0.6666666666666666,0.19184693256810353,0.1253293723485408
DOGE,e43ab369c217443a4d6c86064354ce9638a90c9b3df85f0ac091dbd14dbc13e8,0.00431756385668,0.5,0.196601703466975,0.14863466938447467
DOGE,e458b216144ec9b0f605e3458559b3d301cb40d7622271f595d2415cdbc5efd8,0.0261575310950363,0.8333333333333334,0.19051256252228438,0.09435603066705282
DOGE,e4618ea107b75684cdf6b48b69a8b6e2efaa2a1551f156f8c84d58eec3dacf2e,0.0565762244094408,0.8333333333333334,0.18023710404630372,0.08684632712726811
DOGE,e55431f8e863e892d04a12de241924272e3b2b66585b7e488907b7a71a5ab580,0.0292952245038259,0.6666666666666666,0.18347287373095317,0.0817153842376593
DOGE,e5590d33006c40eaaf0fc2ccceaf2ccf880962c3901311622914fd8f329d2148,0.0424434712517054,0.6666666666666666,0.20350760396757495,0.13145631745782646
DOGE,e55eeafd75bfaa80f59b7b647eda7f2d739dcc4375dc94753028d0ff21f4da20,0.0429925681783181,0.8333333333333334,0.1874478067237067,0.09011719718960966
DOGE,e59293dcd8e64be974a3f732491b7011c0294e8d2e27f7f042032f49eb1069b4,0.03412595715916,0.6666666666666666,0.19772833090710593,0.21396112893538274
DOGE,e5bbbb2975843ca84978f43b68d95d37f58906bbed5e39c4024818d20f19d4c4,0.0038995552699285,0.6666666666666666,0.18211465441659294,0.06727271614926879
DOGE,e5fad27c03d99ba49e154c4688bf875b6d601742737ab01903c8d6265682a80d,0.0427332392426805,0.6666666666666666,0.18894588625932568,0.09336183083288763
DOGE,e60e1f678648fac3c755ac638f48b60ea7b15c64a683417cd2f3c6fbc6a63d9f,0.0222866935633512,0.5,0.2081651557830197,0.24736683564576278
DOGE,e64cdeaf600525e186a5cdc6696c9de35309575ba4df56e530b42498baf193d2,0.007668425055352,0.5,0.1863812702875897,0.13449358150447793
DOGE,e660c5d2aebccd8fc626154d99b7ece369bdfe5227ed58e2aa9cec967a0d16f7,0.0207609858321005,0.6666666666666666,0.1841767876821735,0.08860812097824913
DOGE,e66f02c707ff57395ab7af7cfbcc15830d06874e2e6c5b01c8181712c77197dd,0.0158898078956564,0.5,0.20754086442960118,0.19554827341144557
DOGE,e67e98ea240aafc5699ee561212bc204479c50c27b7e244848c64db9994c8f34,0.017599062021598,0.8333333333333334,0.18323581612313738,0.08735970388697542
DOGE,e6977876231e287f5291db421a2dfeedd14284249ffc280e45a92c574dc9b8b6,0.001305875402187,0.5,0.19368245714216803,0.086421607298741
DOGE,e6f0c504fb2b8d7223e266b50e5018d79e2b22362d97931806b01883456675a9,0.0177975156094918,0.5,0.307817495334256,0.6021910721629423
DOGE,e753b2a3eba7d7beb5e20a17d8e4cd4b3419a3dc92cdb39e980289a56b3a8636,0.0157101685820588,0.5,0.2170676961361297,0.21377017855341654
DOGE,e7dd930c5917a1387245e4042a1f57564d30fa0f3f6caa3123748ade9e245358,0.0097570053779693,0.5,0.18921070725979353,0.08619937421129541
DOGE,e7f6cfc85443cec3a1d8543ea54426fa72393ee462635cfb3adece02129078ff,0.0074657961749372,0.5,0.19711955358092015,0.11485421344809979
DOGE,e81d86f04d147c2518d0d412051d8566389236b12e0d6f9b810eea3554fb7ca4,0.0587483743223956,0.6666666666666666,0.2089501794649285,0.17160368213088703
DOGE,e8207733116c9bd5312d6c8d1c12617cb522baa4f1d7611adb255b2fd80f1d72,0.0263444573875075,0.6666666666666666,0.1859367437778881,0.15738221816401754
DOGE,e8464cd5986242ba04eb1a4adc9220fe712cdf4ca21127cc54092863ba6f80b5,0.0120499843796947,0.6666666666666666,0.19275439554904983,0.1524724274630419
DOGE,e8539678923d142fdff4d6de73ca4078c2531f31e40593d0af53672311cb39f3,0.0081952301375158,0.6666666666666666,0.1839267938131171,0.060955689565737825
DOGE,e8e72c890a3796d05813e6f4897c7d80bfe94a5cfd5474e8ea2e576ec3358373,0.0327305893735412,0.6666666666666666,0.22976723860114037,0.2978069485678239
DOGE,e94441aae60fbd610c24743e4b726d1c8fa8945885edab2a2f8f272be0dcddaa,0.0435805055590979,0.6666666666666666,0.18931761905247999,0.11860228275788852
DOGE,e982b09b05cec3c46c0438e9465f0a52fcbfcd8964b5aee92096dfba2a99a3c9,0.0206357511940862,0.6666666666666666,0.17695241467567574,0.04781975177405744
DOGE,e98ec476f62c885c4760dab0256ac65e4b8262ea5b1486ea18c89154d7c28f38,0.013740679914125,0.5,0.18477555769917994,0.06863845817883002
DOGE,e9a99a5ff388ee1b368e0fdb48be66093d258bc24de527613c942b84d98d2c9c,0.0113748144392096,0.6666666666666666,0.17760262463861556,0.05266854109004566
DOGE,e9ab91923e9fe8b81c7f063a13c69a669061dcc4560fdbf325d28744c1a36688,0.014891543190475,0.6666666666666666,0.1867834549295744,0.09944320239827777
DOGE,e9b566eae5d158d7202d0d87a89f8aeb645c2724ffbab577f0e06143967dff64,0.0138126299740121,0.6666666666666666,0.20804336872475238,0.16548736275189868
DOGE,e9b60eee576cff61cdbe422488d8e5e5c30300811061e457997f7614dac8fa13,0.0739187378454434,0.6666666666666666,0.2079447318537011,0.1784646347371268
DOGE,ea070447b946487c4622d48705b40e31a1f0b1e160728fad9de6179152cc45c4,0.0201177525134527,0.6666666666666666,0.2635694348038691,0.2744004293375394
DOGE,ea277ad884cb528689f4e7bcb48ec7e93d2569d5f9f7c6e73f9172bd1984708e,0.1368543459299683,0.6666666666666666,0.22200952785465805,0.21210918969322462
DOGE,ea48f0581d25e1f788efe7d6d00dd8347807578d966249a4b5b0c08922a3cd72,0.0400349158450811,0.6666666666666666,0.19240089641047,0.16884370508116928
DOGE,ea53d38414015b3bdabf63d4a705912ea3978d7feba9da5341bd184dd7502a35,0.0040703457280416,0.5,0.186028098310754,0.08701987416746111
DOGE,eb08cfea8e822726bfcb156dc18a5013108cc160a6d762cccc222323355b53b8,0.0075538726493291,0.5,0.1954666458136445,0.1433665801236212
DOGE,ebda7697aca02ccf0756968918d8f66183b179633c2f2727d8e119cad75a69a7,0.0115785582495484,0.6666666666666666,0.17588913120902624,0.07790984536565222
DOGE,ec487540cfaa3dd4bb738fd946d4164a6ef212d657554501efa8777e6c61ceac,0.0644212516806832,0.6666666666666666,0.18515197620087268,0.10380585961303426
DOGE,ec9a0886f7de4b28d04d50f4b20137273d465e09cd3fa5843be12e59a575274e,0.0049826036052164,0.5,0.2287637224260161,0.17811727263371982
DOGE,ec9a2070671f23e1d3ea1da21eeff59d6e723d68acfbcb650c0febb14a3a9654,0.0264101779666095,0.6666666666666666,0.18062169888035715,0.09649804003472015
DOGE,ed4f87ba68a3b78132be0311393d33321d2b12f94da07a290f495377c976f56d,0.0242607548418362,0.6666666666666666,0.1834029949358567,0.08961308281913671
DOGE,ed6954998924224fa349401d403d060eaf8af94462a6617c99b9a0a5a9ff53a3,0.0025769043886637,0.5,0.17876802628737912,0.04561088056102158
DOGE,edd024de21b0a4cb89540bc0b0ff41d80596009c39adea63dc02751d8ebdaebc,0.0243742483858869,0.8333333333333334,0.17997292487919322,0.06032284483419047
DOGE,eddc6bfb9fe9c976b5039a319a2c79b60d59c1ac872d43bfa559a38685726d07,0.0176905047709487,0.6666666666666666,0.19949676761156382,0.13713084115157453
DOGE,ede9dcafb10c6cc3877c681da62997087c95cccee517bc3276038d415c4735ee,0.0108172843297529,0.5,0.19136381693248122,0.12216338674707997
DOGE,ee13531084450a02c72bcf6075d22cd892bc3b61c1dfdaff23db42b5639e79cf,0.0485456111766948,0.6666666666666666,0.205063254100267,0.1514641860339165
DOGE,ee151bf70d6fd67899485215c7952f83c7a2389249f005649c6086a089a800c2,0.0500050041340031,0.8333333333333334,0.1964109190941904,0.12447744881661621
DOGE,ee2fff124b7787e9591f84843139d2d8985d4de08110a1e54a404559203a9b03,0.0047518596841643,0.6666666666666666,0.1737952948820046,0.02038901334271985
DOGE,ee3b88dced4925edbe1ab5255de708327b5b492109c857bd376a3ff0a745b0ad,0.0514146824075517,0.6666666666666666,0.2007801116995943,0.19625241673213245
DOGE,ee501fab071334a8dfaba6fa2b60075b8bafe6b43b544219f03869dff3b7706e,0.0166196731320123,0.5,0.1993000760285361,0.15343486242513296
DOGE,eea4f849e9d3fbc37fac96dd02ee3d0114fa8e98a4fae3b6e577dbec194e7887,0.0174619966763667,0.6666666666666666,0.18406166449391,0.11985260660917749
DOGE,eef79df61a066635769a78a97f3c04e004b6a1006dac756ac83696d872def99b,0.0019257957812999,0.5,0.18533785506662145,0.11918133232091709
DOGE,ef4d71d961f955dafbfd674a9d38492ea1cc411a3008d7ccb189bfce7e38ad9e,0.0697518493163745,0.6666666666666666,0.19243474680882572,0.13472635273405245
DOGE,ef6fac64af591e87d201c6ee8496986260d4ce3cca88ed30089c65258c4d5104,0.0043850330152635,0.6666666666666666,0.18948337845403554,0.09385960006177094
DOGE,f005b5e3410ce9044a73bd8c7e4dcc132b99ea4c07a41edae7501d9fe3f6d192,0.034000812908793,0.6666666666666666,0.21942146901692838,0.1660447790822198
DOGE,f04da93eaf1cfc6646a94be16c689d679c0632b5d7669ee8a1a15c6bd211f2c3,0.0704923570294488,0.8333333333333334,0.18544780785315185,0.07665077841929316
DOGE,f0596de5391308d53514d2fad5b3b7c38b7f2dc356c20d74b3f7efaa13a13c47,0.0040992602715377,0.6666666666666666,0.1858630527916744,0.09466561993614721
DOGE,f069b8e8ebf8e5ec488ee9950a2acf74acef123c408a418fd4872c6d376f8f69,0.0405568268979661,0.6666666666666666,0.24617494075423707,0.2678992646042657
DOGE,f0c23004688fa84f343f485b31d18a6491ba3a912362b65eeff6b2e0890a3737,0.0390316738299996,0.6666666666666666,0.19485608342842894,0.17345840080603378
DOGE,f0c53a693109d7b8acd5b6c3a6e69b9b50325b9ca3cd1921e32e03933bf588ae,0.0155155340169004,0.5,0.17912886591330154,0.0753472780640068
DOGE,f0dbb097710cb262a579c9970dba15674786e90917ce8217bd7aef95d658d462,0.0277587897080628,0.6666666666666666,0.1924516529953802,0.12660482153405078
DOGE,f105f98f4d43d051f58c12ff09da58569819355c56f7c128622fc360d8fce28a,0.0800575522122938,0.6666666666666666,0.2090026576437286,0.139965616922581
DOGE,f12d7a336ca0eeaed6c8dacc2e6ba65c036c6fb6cf69a402d2a031823794a671,0.0165503406037108,0.8333333333333334,0.17969796363509183,0.04970328177998767
DOGE,f13b2d450beac9e231df459e981ddba98e4009c17e3a4727c9e5c9389d66036e,0.0980051506727301,0.6666666666666666,0.24218253615065255,0.2137396610461916
DOGE,f1aff5223e2522810fec89a097b22b12d624f0e7bb5d14efe887ee004a863ac0,0.0490352510635956,0.6666666666666666,0.1902799514113471,0.09929463836080235
DOGE,f1f49df62fffc387ce272e4cdc2d3cf21629040d18e24e2a4cf3aca627154ce7,0.0047816297920944,0.6666666666666666,0.18429048586521962,0.11358219430175266
DOGE,f2682366fb2109d1d0bfeef822052ab4bc53bdb9fff283c8577d3dc937b1b5f1,0.0005154475816484,0.5,0.2028110211446679,0.2474697626162883
DOGE,f3b2e1ff0d263631fb568641007d7543eb56f420794a2d8bc3d85b385c85bed7,0.0692872981096686,0.6666666666666666,0.1924196200904837,0.11255979208226659
DOGE,f3b34531c4868e05505ceea1a57d132667c4bf4e805f10f0ce47b27b2fc23d9a,0.0160959750864119,0.6666666666666666,0.18748651740855243,0.09195902549126722
DOGE,f402366d113af92fe23aa9ca2694d58e09b84da2ede9d868dcb69796ebda6d76,0.0256918181181282,0.6666666666666666,0.18555300268143768,0.13083862682729538
DOGE,f407ab9b46f8d1235341917a0f9bd227db0e3e2f476cd76330cf79d3d67327a1,0.035939022885006,0.6666666666666666,0.20786026921213413,0.22958052261798742
DOGE,f4417b5b59cdd828fa8e0d47811594a172c346ea0bcd6e3d40bcd12086f3b372,0.0661385503454723,0.6666666666666666,0.18712798657558738,0.10428690774857398
DOGE,f46ec55f9102e6ecc65a00c1a869b5adc616f9488471519085b9999c9481f3bd,0.0439776287906228,0.6666666666666666,0.18946348681472888,0.10086379461170156
DOGE,f4b347e5a1d09bb320c49b6dbd56fc134545b3dbef7498f10011129a3065bcdf,0.0288672304105965,0.6666666666666666,0.19351841560979005,0.1646221196096796
DOGE,f4c3bff70fe72b84bcab9330bab3afaccb9c09e8b36ade85f614a06072ef9a03,0.0290869055258003,0.6666666666666666,0.1914319807688257,0.08070407948050042
DOGE,f4f1a3897f73d74a581484216532a4d3418aac36ff167f91ea34d5712d4368ee,0.0113167777249462,0.6666666666666666,0.17640991062331987,0.07787637986455252
DOGE,f4fb670e569e80edd12e406e2d8544302b53dbbc7ef1737d9199d743463913b8,0.0190861954773881,0.6666666666666666,0.20224558305907928,0.10075831634252412
DOGE,f5145f74f30c2f861b71c3abf4f6f910a76734f88b8cdcf75de1b23e6cbb3637,0.0400209143200189,0.6666666666666666,0.21960890591147375,0.1729639357956259
DOGE,f52b1e51bfba7039db1566c9bf3c4b86167cff9781dd2f19bcc0a3901871c2c5,0.0096301561167118,0.5,0.19789647462684395,0.12446430815826166
DOGE,f54cb8f8f4c44fe3f4339767a410019315612b587bf650a0bf4a403419b3804a,0.0048375931548264,0.5,0.18346082023190538,0.06705363019475227
DOGE,f5a2da0c9522902c10df0113b878c9daeff5ba893d7738b081e34dbafcfae775,0.007064794386882,0.5,0.18109640536865865,0.05193596902238069
DOGE,f5e67936763c9753d3cebc26a1bbf595cb37a2bac955f9f2a58285cf24f649d2,0.0458100194263886,0.8333333333333334,0.24323491749045087,0.2599141163952618
DOGE,f6398ce29b8e68848d4200a272d48351308eeeeb6579b041b79b3f910d9b708b,0.0618067471487957,0.6666666666666666,0.20991310349837317,0.17130945593253274
DOGE,f669476e63f409c21ae64c16bdb87e8cd0938febb8f688dede9e68a95aa38536,0.0478299389056127,0.6666666666666666,0.2034640378395839,0.159717879577045
DOGE,f67b45390e8cb1e5cdec1925295c98474a1b484c94fe7a9350a1100f54a4f8ff,0.0183521587760036,0.6666666666666666,0.18837670052093833,0.1415352099266134
DOGE,f6ccf17f0f13df78106b50c843b2199c165382c1629b3551e42de8b4c199d535,0.0130579387080176,0.6666666666666666,0.18027696609247124,0.07664494986139221
DOGE,f6e583a76052b39e3f78602a3c64c10d659dd13a4c3c685d3390886ce09dda0b,0.0251479304018886,0.8333333333333334,0.17818353211482166,0.07217273670283092
DOGE,f6e948d05a304dad0c3a2f4af67cb05d8f88f17b675a21a4b6a1b0c14f628025,0.0007327002020428,0.6666666666666666,0.178685352128874,0.07367863474826403
DOGE,f752c2088c1e57a4d984ae81d5fadaa18e7415972ad3f16fa79ca39284dd636f,0.0752869705253064,0.8333333333333334,0.17778620387278768,0.07501052915971784
DOGE,f78997b3b55842bd986b311ac106782dcdf1efa6d60555bcaa3e00770a09a3c0,0.0305931411388615,0.8333333333333334,0.2018508021803126,0.1184298306145274
DOGE,f7a5a3b46ef6b06692d7c24ed782f3ba9ffbf71d6f9311928f9f70b820cb2955,0.0050268421247381,0.5,0.17864988936965656,0.0500158230804351
DOGE,f7b5966dee4d0f4519744dd7f9599051db8d894f970ca42228f94e73e43dd78a,0.0317130392740975,0.6666666666666666,0.22719027744274262,0.2600745064246558
DOGE,f7dd001495363e1e54fa4e344ca543874f715564c91353c29c046c00d44d94c6,0.0030459528219194,0.5,0.18743117660798522,0.06511962328510275
DOGE,f8046d48904dfbab3c1a29eba8d645b55a40c2b07285396140547320965b204e,0.1734658781820287,0.6666666666666666,0.41524502286341675,0.8941853768648741
DOGE,f82d5bd05b48fedfb836e10b681ccfc19bbf271645eb90e1f1bbe666189c3635,0.0191165798325414,0.6666666666666666,0.20935646156872087,0.2104404829130769
DOGE,f8494184daf2f8716d1eb4849c8ca50c0251e79eed1fb175dbe06385dfd3f6e6,0.0619772664812105,0.6666666666666666,0.1909699434175877,0.1328204660978093
DOGE,f88e002e785d92bd1ce3f07f9bd50180e832bd47b4209aff7a2188a8180e45fe,0.0380685628960365,0.8333333333333334,0.20869594958441656,0.11789573257792187
DOGE,f8a76a16600514a463264eed46cb85a1268f70fe376ff11ee36f6aff06cccb68,0.0698691422957146,0.6666666666666666,0.20012739809191726,0.20731405229299757
DOGE,f8af32059f2dfc8a9161aab0554672a2bc163b71d005118609e818e950c5a9a1,0.0116195313903364,0.6666666666666666,0.19872607570312256,0.11488306236000297
DOGE,f8f792235466e5021ebb4612f3f1165c3d19cc86bf49b75aa98696e17196d0a2,0.0165794066271456,0.6666666666666666,0.18545963025299517,0.09267687148845244
DOGE,f92c1e80865587523ee86cb215bcedd4b990771911d75f76883fbe5f757d1e84,0.0400889365808594,0.8333333333333334,0.20439826126662627,0.1335143116635599
DOGE,f92dc0d3efa9bcb3c42d421ce8eb986d98f4abe8d4de3c86187336b5ee26e0da,0.0182028903701314,0.6666666666666666,0.19316190990604926,0.20456566544190785
DOGE,f9c65d81853e7308522e0a515cf3c351ce37fb00e11c360e84ff1bd593dfd115,0.0011176074892504,0.5,0.18815178993113968,0.0906568669201741
DOGE,f9edd81dafae024780e957e674cb09feb4d9373bbb6be926e082848006300587,0.0502224255501227,0.6666666666666666,0.19849154973185434,0.17427058964354414
DOGE,fa643bf53279240f289bd9dacd681b311789e799d1297316d7e653f567db4a05,0.0090787203401369,0.5,0.1959843501853968,0.19554865695328158
DOGE,faa9f36955e9f09010c82dc813e3a7309671872da6ecbf1006820c1168530b4d,0.0180815018863077,0.5,0.20125006390855807,0.1850477338088486
DOGE,fae70568a81729365f434752c657b6a6d31d485056af033418d1026b82e539a9,0.0294587214528502,0.5,0.2782990649623075,0.3688653481184138
DOGE,faec81e548bf37b91d644c16dae05f972378b617b939d6b8878918beaefdc813,0.0268734969358715,0.6666666666666666,0.18456430137571378,0.11981953025436619
DOGE,fb3ac344fc7ecbbd596948993de26df8d26158308e85675f55b221da8af9ab0a,0.1019223195621622,0.6666666666666666,0.19414605011895308,0.2088739659544356
DOGE,fc72440686cfdd25ac6edab1c60cf6ab8ee18c77ff30da718940cf3fa020c351,0.0069113186208195,0.5,0.1840574822455317,0.08927759063363232
DOGE,fc7a28e265b56d608ea6f6d50de282e42184f18f74b6bd356d37e31a95bbd189,0.0059341169922231,0.5,0.19427438790078194,0.20231914005451074
DOGE,fcf511a07b04946661b5159902a48f3b27a1ac11d814d64039b77a526777c2ef,0.0030449887303869,0.5,0.18678408204292798,0.0640543862224143
DOGE,fd2cebdff10a0e7681109d2af7ea45004c04bd5272389dd0462db8636353add1,0.0076770863496523,0.6666666666666666,0.18699452052134186,0.08881069411411652
DOGE,fd3806da786c8cc94b32a8bbf8d1d1e5f6f0e5e3a872bfc42d30dbd2d32de342,0.0420016763153286,0.6666666666666666,0.20708161124444882,0.14661774468966093
DOGE,fd45ab37027796427f039006c6e3c2e71880db60a7890f798eb0aa0e9496a774,0.0044634389609509,0.6666666666666666,0.21010745794664257,0.1605936381612603
DOGE,fd6836b89b8289cf2b03a418fc5207c4d543ef98d093a6f81c3d69caeec5c36b,0.0051323335809987,0.6666666666666666,0.18562812737047477,0.11244488008321309
DOGE,fd978f502bf914d63cd5006dfa3e62ff5fddc64ae11c55011b92ac5d70d1df8e,0.0115379344092717,0.5,0.3219528440457133,0.48784398925353456
DOGE,fdc14bd4707265947d79ac6a9d25ad4be25af78ab873a5d753fe6fd2a316c825,0.0222866935633512,0.5,0.20950751629445274,0.2442813448373835
DOGE,fddf44d1121e20bc9933b328b8836a5a8c57b884e6fd600a1ced7b5cbaffc0fd,0.0115341915886823,0.6666666666666666,0.17942398579730381,0.0916140358302959
DOGE,fdf3edc095549c554686bdf77802102f0b494f0bd95b82a5bdabbc76e3897f97,0.0909173973713484,0.6666666666666666,0.19481434146582774,0.14458347877520183
DOGE,fe163a1aa5f3612a6f97df916d553efafe1ee8164348b5bccda413bd2677f0fc,0.0161023184264527,0.6666666666666666,0.2043762416431836,0.15084991056349256
DOGE,fe732d1762d33f8f22a5126a1e6e0462e497a7ee36211b3f3feb1d16067075c9,0.0059285879508746,0.6666666666666666,0.19956761462695757,0.2224259753615332
DOGE,fed3f2f7702f7eb46021ddf8af56c82a922cb3d0d3fccf262ae1cff96f4f43a6,0.0246391214870685,0.8333333333333334,0.17267501611619,0.03700382586995694
DOGE,ff0892122a53b72040898a6f2afff67a7be3881c2cf5752e06e0163ad602e7e2,0.0460102610723771,0.6666666666666666,0.17919742206712536,0.06972653453115471
DOGE,ff34ce2372c79b32be79051b9420e86480b14129098ae80a0027aa3420d7ed01,0.0470467476729417,0.6666666666666666,0.18472733159190985,0.10418994959260713
DOGE,ff7215f2f0f481e375654e0782f2abc20d147da211189e79f1c05f7389386492,0.0192498966096695,0.5,0.20668925441855762,0.2295689684592698
DOGE,ffed5e9f60a84313499334b586bf56533f968b221b4dde5c14eff911f82af34d,0.0467305109301985,0.6666666666666666,0.2035896380267,0.1614994422257739
ETH,0427ee6c864089d1a4de3787b36573f2af15adf49db02abf6abe7228f66d7f71,0.024694923638803,0.5,0.20826118683163336,0.2947659475720063
ETH,044884a793e223d6681e9e1f1b2cb6ff87737280e6aa37423973f7d6cb163b00,0.0059202774682222,0.5,0.1876090721651639,0.09123455552647021
ETH,047d89399c0b37c9118d1eb4655ac83d464206aa3a56c0be8359baccbb877749,0.0014342153014303,0.5,0.18536708684124034,0.0829311379148346
ETH,0598ea2b796cd828cc4aca897b95bf9712354f7e75a7d4bda37cf2e766c59c11,0.007171129911602,0.5,0.31592449641391046,0.4526630430824822
ETH,0644ab535ba40d53feda053c5a564560fdf3f16528b2697c5c9cd3d531c0589c,0.0275162408688869,0.5,0.24187038734588992,0.5606303798650528
ETH,06655859de68022284e5e49ffbc9da8e97edb9b4cd41d5db5b475dfaf5235d93,0.0225550110008627,0.5,0.2096843577953424,0.36103873306528245
ETH,06e978ab43f4bf2064380268a59a34cfa648ddf13fd53a3a64c497d88951c867,0.1631927163304741,0.8,0.4698871309186825,0.8623284000539608
ETH,08ef9eb60c977c5f674135cc234b5bfad39cb533936a430563c95f15658e03e4,0.0430845041659448,0.6666666666666666,0.21910195242012237,0.2369809697612224
ETH,0a4766e73cf69e5ffa63f47b152ab4a71a0651c77f9a5628898b23af65c7575c,0.0471326159626516,0.5,0.20378062690205478,0.20140254963053733
ETH,0cf1c7d88441819ed07ab45af397b4f4b8b49f52a5f3e0f438609c5b14e6f494,0.0418375053688715,0.6666666666666666,0.19547678033935956,0.1354476986144069
ETH,0d9ce3b8a15a536162445b1f61e31c9b83a96118fcc28de80a027010c11fbaa2,0.0028513262592662,0.5,0.20542373422512844,0.1454706768201412
ETH,0ed58adc803bbb08e2470692281efe050da7562436edb77f675d7191091a9afe,0.0068771528202086,0.5,0.21782844381949246,0.16939416767851745
ETH,0ede5c0e474e68535c984002fe603c1fa773d221389dc36b8a2f4b4086b89575,0.0006476440023454,0.5,0.18549866101532383,0.08250929952307336
ETH,1234d63127d09412a37637b88a120550cb6663a535bbfc6a7684c875770cbe6f,0.0496958645939652,0.8333333333333334,0.310227472366796,0.4889508188893401
ETH,1484c8a3b3a5ddc0a32782649cf23ad0683bc4c4eeb55dd72378dc105898945e,0.0049740482156036,0.6666666666666666,0.21542297123107573,0.2015735873741758
ETH,1519e1d2df7f6e735238e270b749a071bce72cf4a1bdc557686673377740fc74,0.0055027969617393,0.6666666666666666,0.1969560475519835,0.10445903070899279
ETH,189f8ed4f6cf8d85aa4aa17f7879f66a097cccb98ba06e980ea2671ae746e9ef,0.0036640775978412,0.5,0.2054477075001443,0.16982038815236872
ETH,18ab37b824ad048f5f35ba93109ebaa4cd0fad1b1ba6678cd25c367988bc5cdf,0.0126829706214395,0.6666666666666666,0.21793925416267176,0.32922182662176824
ETH,1c32151b2e195d78903ea268a7ea0490e36421abf933075089d03fafa1ff7422,0.0656165820805882,0.8333333333333334,0.25665110854851575,0.4823039879473087
ETH,2021f3b8fac2fb4633498284d2cf4dff8cffe4808c737d67607bc8953f37b8cb,0.0369431811902085,0.8333333333333334,0.24692129762809298,0.3806743198603627
ETH,208208a09c1cc05d9833ad261bc857d7186c39596201d516cb80e93800427fca,0.119431593654733,0.6666666666666666,0.28817168312624714,0.4499915054326931
ETH,209e4736eaf35f15520a12e39a9e53c8ab70dd455ba03e19ba933abf4a1c4ace,0.0034752126338586,0.5,0.2560053069424078,0.40118217516246757
ETH,221ff44ef29d5f1b1a9a22c43d8cfb38500cc356747369738d2d5ffa2f1c01f8,0.0032634216947371,0.5,0.19315438955017777,0.1086143104664572
ETH,2537cef902ea63f912afd15fd84eccdd84e77cb16b6c89631f759e3dc4b446b2,0.0230831689364612,0.6666666666666666,0.18744992612927433,0.13044636019150485
ETH,25455a71fde74b422c3ddd86c679231345bc6cce276839986e7407bea28012c3,0.0030226284521168,0.5,0.21005010335039873,0.12702182592246974
ETH,2b8703666c263e1356b759c93fc40e93ae782d59850fb11e05f648c0f771dfc6,0.0190073435933711,0.6666666666666666,0.1913284729485666,0.09424820375491585
ETH,2c333f3df93d4dd93eeef9af119585678b6d16bb25ca3ecfe56af5267792829c,0.0244728325653302,0.5,0.3051680262107998,0.6577993938247518
ETH,2d5282cdd49ddd7b9e1c7e51c0431d0826f0894a08a4b83874f4acd8ac9a01b0,0.0102750239330544,0.5,0.23537039871523766,0.20050767013208254
ETH,318b79cfe3ad9f90887e672098598a122ddbe4102a4eb91296f9e87bb42b7135,0.0768331527120401,0.5,0.25671009576661835,0.5817895635798125
ETH,33d92886190af226fdb37c84f7f4ef46d2746d6d77e02ad918d5ab80a32872e3,0.0175102651684357,0.6666666666666666,0.1915682809987139,0.11704982597663852
ETH,33f6c0f4a41330481e9342c6a7bbb0360e116c24a85500e35b14820cf3808283,0.0636781748965712,0.6666666666666666,0.26509609505304826,0.5641338325156138
ETH,34f732a77c41148eb1495e5ec07154be7f55c7b044025aef2502c9041f85a5cb,0.2416803004513248,0.6,0.3473239397501983,5.487190232157111
ETH,3dbb784e18c75bb7f4843977098a9332475a47d92d5c4c5023f0d5796c965e49,0.0654875053748723,0.8333333333333334,0.2395397493669324,0.3879886218203966
ETH,40de78ebf6a263cbc0dbab2e1b92724e026aced6a66192dfce48777e6ffc8c7c,0.0297921511260043,0.6666666666666666,0.1940666154771658,0.0995186688801489
ETH,4158a114ec2305d412b35d172229e833312191a807f5fcce3ca942d0aee6f44b,0.3044736613374445,1.0,0.258566773025039,0.6500474584648773
ETH,41e69c9cc371ff1080b437e36ed12243ebe219cbe7089e907fda0df1f8cd65b7,0.2274643859812733,0.8,0.30680523384947606,0.7098882430038002
ETH,44c73d0fc97707682c05f44cbc2c06b2d03582b672d8fc286d7f540d1348f7d8,0.033501156507993,0.6666666666666666,0.1900526329085961,0.07916268458117126
ETH,4659161157d17cee31d06fc94a770cb5f0161f086f18339f7ee0818543baa327,0.0124044937115852,0.5,0.2117636548261767,0.17241995537928106
ETH,49526e4466965b80eaeb9b9e853ccfd125b9136394e1930c08fa70c6bf1211fd,0.0105251504144913,0.6666666666666666,0.19758309905244242,0.1842781063314006
ETH,4a5464ff1c285791803c00be6db768e25157704ce9c5b7af0b8aaff437ac0051,0.4596506641337415,0.6,0.3986288611483147,5.403693486621786
ETH,4b85f17e3eb6071a8ca69e29543729fe64193ca04d3f438d730d53e552a4833f,0.0203363927604714,0.5,0.19969476831045965,0.14202682582068482
ETH,4b8679daa68d922e1364ccde10a5d23716dcf869f7879c215008b478245c7511,0.0339195477181448,0.6666666666666666,0.19509382116152454,0.10918930819819313
ETH,4bf69b923b6a274eaacc64bb75ee6fd2e2c06972674685bea19fc91c07c88b61,0.0155489557059056,0.5,0.32990282005461047,0.705262147232703
ETH,4ce41eb395088de09cc753668b99d7af5c1093ae7a50a455abe2956a820fe506,0.2552655267523148,1.0,0.35898905101178913,0.6020639358576833
ETH,524fec11b3842f60626bd31d2d0a2ce4857e19bc47476014746bebe0e102294a,0.0353397416038634,0.6666666666666666,0.25411547446473864,0.6214917790235613
ETH,52bcc0c382cc91c2e86f372a4e610ccd94ad8b0aefa2e6dabed2e6d38cb775a8,0.0108732318344366,0.6666666666666666,0.21197656856128205,0.13262924828072634
ETH,539cb96a3f592cc4b326e805a264a8463cb4d113c8e4112b7b22839efe170e0a,0.0441839152500087,0.5,0.33057270177002024,0.5037481711023805
ETH,54d47875df4c2b92b12da05bf3d1fed4e7d2e930d921c2071504320ab8841ae1,0.0283138494164633,0.5,0.21687832987408517,0.17547401674840413
ETH,56ec1e7bfda96dab6dc9fabb00598ea174603dab59b9a0f5f9a093b3571a6029,0.0134777861764411,0.5,0.20796955189540806,0.16603061671536545
ETH,58b63881238b1cc6178e4cab3e1dacc75983d4cbf3db06819ca0b37656914f44,0.0158944876387695,0.5,0.18127592916155985,0.10699549268169901
ETH,5a52fc086a32ab3a7f399879e76e3326e15b0017557c96ef8384fbead49b9c17,0.0463582944802218,0.6666666666666666,0.19871958281001442,0.12368825209274428
ETH,5c40577a0b4ad7d063d59be6324b60eabe16e7b304c6de6ed7f8cfe8aaad3245,0.0029210522850941,0.6666666666666666,0.19734664290777337,0.1345033539938744
ETH,5c78d66e61f547e8effe9e26462a155e5cb5fd08c18c23384837dd3bdb0f5e39,0.0844906216040918,0.6666666666666666,0.20881477999246736,0.3669378416647918
ETH,5d493d1c0138af50c3aa62539701f46efd56bcd6e08b75f411bfc4516ea1273f,0.0081193490827895,0.5,0.2335448604104525,0.18879515359454938
ETH,5f9a05bf13471feb86dc0d6ac3e3d16f76b5350578e24a65a2d5cf4de6e14ca9,0.0224776369137086,0.6666666666666666,0.182227263993498,0.10218246576566949
ETH,606a03d8d9165b88a15b7ebebcd104ec31d714213b3cff5c39cc80bd18664eee,0.0397481615381499,0.6666666666666666,0.23517117214363542,0.4485128254156823
ETH,61bd7b8dfef0a9ede266ac2edbef8c78aa713964c32758826d1e820c2810969d,0.126461593487282,0.6666666666666666,0.2551793940844522,0.28022501456870363
ETH,641116ae7ead7e818a32347edb5b77639ad6fece45d8d2ee58a42ea4ebad0195,0.0711534887480018,0.5,0.30914405431602027,0.569031992692977
ETH,67428de782e5d1873158047bf9718d6530dad8c9b0818ad40e3edd804d90f5dc,0.0142682917433793,0.6666666666666666,0.19299159883702427,0.1316951554014571
ETH,6904577f77cd251c846160f23f1b775e1446bc47e65fd03ae5ecfb4761866715,0.0184081481107515,0.6666666666666666,0.22238862632038203,0.1547534027434286
ETH,69102ff5304823798b816db56ff68bc58008e43df7acbb4153e6b91cbea72e26,0.0878447044029464,0.8,0.3262872775488807,0.9683576132541495
ETH,6a1be0792ba5b4ae193b036e5c875223e0a7d49af418090ab9d3fc489bf0dc32,0.03331183434933,0.6666666666666666,0.20569347970149923,0.28865892168860774
ETH,6c1f4010c0d8c507e263c14cc061c64e9065172f83c3eb9d2274117b7284c0d1,0.0102227769392502,0.6666666666666666,0.19186827639701665,0.11438563667491201
ETH,6d98ee6271f951ff79712522170eaaf9d4ab40c853f2d53d17676dfa51cd009f,0.0290208983267961,0.6666666666666666,0.19782320600282574,0.13044646603880278
ETH,6e35c791fb4a2f1e8795dd19fe67beb3197463091374c3b22c75e9708c136666,0.0284239631124159,0.5,0.407941860000193,0.750431290097612
ETH,6ee101bcb24e9a345963016012cfa3de63b90ab5ade65fdeb9fca857519c56a3,0.0645517278639124,0.6666666666666666,0.31531692226061653,0.35934023139337384
ETH,6f091252dc617f9c3bc1b737521ffef315de6ecdaceac6125643d7910186ceb6,0.0145942881100302,0.6666666666666666,0.19181600487556952,0.08833072234212536
ETH,703150a26daf1fc4905df46edc50f531aa7cdfcd659d8f1e3ca7322090d0e687,0.1020508541600037,0.8333333333333334,0.32733682411639653,0.4702187852695382
ETH,71369c35f5aa12a0d46ddcf020581b8bfedbf521da67defaeb132e23cdf050be,0.0778873074848518,0.6,0.3989241759019337,0.92466774543342
ETH,716b70c561dc6459e18d1b8267325eb7e7062ecfd01417922f07689fa36a5072,0.0022413207591282,0.6666666666666666,0.18848204489685552,0.15747850864390298
ETH,71e0a17a5f5e8274357d259febb5027d619fcf5d6587ab414d5240f301f7dd3e,0.1171459829527216,0.6666666666666666,0.24828082724940514,0.32400512146243043
ETH,724064ab9711a672d37026d4e5f703deedf4735005a4bb27657fa389240fbc52,0.0162057978867673,0.6666666666666666,0.217970889238682,0.2992688459616727
ETH,74825b682ac58cacd7e3c7f53fffbc63101bf9c75ed1e3c62cac6dac6ef367aa,0.0111671185205764,0.5,0.2167621091553304,0.184429001190131
ETH,74b20a928d7bf8e1a2e3b46413ba25c20d549dd098eae6030936773453930917,0.009601136825454,0.5,0.20594804654947907,0.1155609883442298
ETH,755ffe59902f54b2d2ec27843d47d671c383fce87925a63554b75df1d6340f9e,0.0045326438551593,0.5,0.22042215934696796,0.18104368140699245
ETH,7580d0bc04032d544c8236104779d7621c3c7c9834f3b6b47ae1c106b0f2f164,0.0496958645939652,0.8333333333333334,0.310227472366796,0.4889508188893401
ETH,7a2ed8ffeaacbead678ba94f29e2b2dfb4dbad535a7d2f9e109550a828e1d5e8,0.2016542547920147,0.6,0.41097000969840886,0.7501140957437619
ETH,7c0f8cba624cc8cb372f574416031b2cdaf97da77d1d34f8673de16abf3e8839,0.1209744256817884,0.5,0.2932724618974819,0.8319011000394011
ETH,7df2852105eceb86aad47d96d060c31684fbd15f2dc60c036fb468566f30234b,0.0286441077726777,0.5,0.21939854119861088,0.17818795728458534
ETH,7e4e3d24a2371fd82c05748307ed66068a1cf2a4487a6b9182822a59017b1a85,0.0345035006392949,0.75,0.5826408919959556,1.4302229703787865
ETH,82b4a49537d92423d5515ed63e77f5dee7995d2ae439e7cf870ea5c89dc196be,0.033902263295807,0.6666666666666666,0.22724515759868577,0.27248244972386276
ETH,83fd0ab882d18f0b45f378e42acb248f5daf6985f22dfd250bc92e60d2c92d7e,0.0134549636972618,0.5,0.17933775121775877,0.0665418082514614
ETH,844be86bc83eb039da16c5347af07c022d2ae4e25dacb16b807380f9362ec597,0.0032482864275257,0.5,0.1989566081764571,0.13262702738284518
ETH,8566b9cc7b0d936caf37ffc4eb896285b22446c53df75277bef244edb3be9177,0.0367233195644193,0.6666666666666666,0.26849440327818497,0.37385860840347834
ETH,88ec0558fc4c7986ab9d88a0f882eb62c5f637615f266a4f19e476c2311baa00,0.0077125668685897,0.5,0.19540753185830403,0.13726753920062698
ETH,89b1fba69bde453f76993ccb00253ab49abced8c72734d6d8db7ebd11d9f7a88,0.120413568983017,0.8333333333333334,0.228881623077169,0.3960047326419507
ETH,8a77ba6a172690c2ff9ca9a47afef889f937f9672404d496723eaa3a7a75798d,0.004923678225774,0.5,0.19392336382200678,0.12783034904615545
ETH,8c564320b2a8e826e45d769ce7fc2f5db5977de9a208842675d056cfd027047e,0.0612933855928113,0.5,0.22619801644614027,0.2702316083160831
ETH,8f98c9742bc16922896e389170c166abd35d703cebf42a099ae4af3050ce0c29,0.1799853098150647,0.6666666666666666,0.29249787953670175,0.5678901396201401
ETH,91c4088693e7ee5f98f984334693d0bb975a67de9560dd7ee7107d60320eb019,0.1044220700180122,0.8,0.5478826290231914,0.8448742380044725
ETH,93e84a3769839c5226d399b3c3206a98b6d4ad948155949c382046db1611142c,0.0259603642210101,0.6666666666666666,0.19044000121533283,0.09458351135914812
ETH,956df569e4bddd74ea86cfb295062307124b4055d99cbe4fbfeb3471e99dccb0,0.0031304489235549,0.5,0.1799675165475292,0.09053539648223084
ETH,95cc62c30589181d98477fa4235f8dadd75fb992544a5f22accd98135d12f84c,0.0030226284521168,0.5,0.21005010335039873,0.12702182592246974
ETH,960363b50195ff1df580449d0ecb09fb0a2e04d087ca72734302315b698d125e,0.0113277478120149,0.5,0.21875397402680452,0.2343417058625709
ETH,96343978f5ec6c584655a314dc198aff5fd686fe2b98d183eb3d52a929f87221,0.058155135199481,0.6666666666666666,0.1868124545606675,0.1158477874501654
ETH,970c445ca03c698927c52e17c30918f2906b0519e62d09aeb1cfc4876018a163,0.0215570992125718,0.5,0.2190794753978553,0.3286765490384553
ETH,9826e940354310fb737efde20357a4f8a7d6713f112c8845f94e762347129fcf,0.0631545939638894,0.6666666666666666,0.19582485217705586,0.34313670264560986
ETH,9bc783d9284ccd92602e5ce3ba2117ba9c42d130f726261645eb686c93a5399a,0.002759033397868,0.6666666666666666,0.19740642930429061,0.1346733799952572
ETH,9d884cbe93974e91677b1a3993e623825ac2a581cece49475c585d4f7c460557,0.2279580594551037,0.6666666666666666,0.2567641338970933,0.7305855044452546
ETH,9def27d29b14e66498e6fb6f0608faf38d054fdb2ec6f8630725811a7f84f4a3,0.0366156783649723,0.5,0.28397914525608026,0.5506278135234063
ETH,9f307ee017ae03c4442c1feba1bf291bd97088d6692be23fd72c2dd5cd4503cc,0.0134549636972618,0.5,0.17933775121775877,0.0665418082514614
ETH,a00ab27b542c3bccf15a9047bf7764acfc4d943562e9cc3a14801fb74ed82b05,0.5456339194507286,0.6,0.3953451878301061,5.404406451833194
ETH,a3b12979388b3d214c7ce2bcf3142e5cd86adb44150324708857ea81fb90ce68,0.0044208252860109,0.5,0.2024045711654191,0.1570414535833275
ETH,a5f3e668c827cc19083e9c9832b6ed2d6b6fc5f21e9ad5f7a6cb417f652afa55,0.0009964838967785,0.5,0.19120138352935953,0.08914364220158293
ETH,a8332571f440a1bb97273fb019b964c6a879ab72a884e285a721ab1e651361f9,0.2063135691914404,0.6,0.3893587027970884,0.9942125919713394
ETH,a9886b75cc83f08357c384f38a8982c489249e0f480c1a4bffce0505aba6a3d8,0.0527930103980941,0.6,0.5296415831675815,0.856184481662717
ETH,ac223daa323fc7fa72526e46525ee06dc2c0218332fce7d2d0a57add059faedb,0.0295033030535886,0.6666666666666666,0.21758723154221796,0.16116368202660028
ETH,ace7427f1a4214fd659731960c77a3ecaabc4d461a6c9ee55800323e69756b21,0.0188164878940309,0.6666666666666666,0.19402452155066316,0.10121010726712104
ETH,ae49827dd00c528bce46b4f868f5998357fd89cd342c96fb4cfa42f194cd947e,0.0881539230578879,0.6666666666666666,0.2672610768179069,0.29660748329035636
ETH,af6e1a6f08b6743c07cd88be606c0fd9190db17b2f849e71dd3bd31ff38b99bd,0.0935062481248166,0.8333333333333334,0.27471967740271963,0.41078213695384175
ETH,b0126dcd869ba720743a2ffa3d4ffbde322cb6e6a97d19fbdd1e7314353ff556,0.087340570329772,0.8333333333333334,0.22906460332693387,0.4079837150756792
ETH,b1eea4627654be5196120b3efa04bc2d5be3f5150009759b4794269fe0eb94fe,0.0277191828921841,0.5,0.21769290710750022,0.1802098774938581
ETH,b536885f650c4dd087552b0be3b84d01fd56a87c1947c5d847c588020a6e67e4,0.0344182832193268,0.5,0.2850132472997416,0.410200979901427
ETH,b73df24fa80c893a5c2f53255cbf23f920339b434c14230db864922aca9ffaf2,0.0762712118394742,0.6666666666666666,0.1886821614060708,0.3493061141753463
ETH,bab357e9d4146e5724b07a447e47af8d54468b9080191c30203276bee9b61fc3,0.0253004759110861,0.6666666666666666,0.26197529988051016,0.3754444274946931
ETH,bb06a002fbbd8e9f405aab7b2feceaca736c97d9e581a286a287e1251b4791ea,0.0042122025249189,0.5,0.20134053699051,0.2108674154792344
ETH,bce1b0f5e4428ab8d47d92a3ce85a005820997d0b27c160c0f17736f005e50bc,0.3043209146197713,0.8,0.4492207594914558,5.510543343323382
ETH,bdc03f15c79c2758ac4e25556fbc27052ef7fe0adf3c9502de1c72c5ee0a1b70,0.0046612489440953,0.5,0.1951931679060957,0.1195792090921746
ETH,be52b121ac3086d2d0a50326dc56fd376fdab9e4b92505a1d330a7b1d39d4505,0.0645231859701835,0.6666666666666666,0.27198530335833404,0.5465666440401292
ETH,bea77e71b6a5442d3f87b6cd06bb499641b6b7e4fa95454c8dce484d1f3f8a21,2.7547982288155925e-05,0.5,0.23116617984558216,0.4050347924025185
ETH,c4f8a4d9b4f32b59e3492cb13babe74a6147bce0a773743ae277709e3a040be4,0.100915406473121,0.6,0.34667907769217365,5.34932574536958
ETH,c55691d54c50d3bd5bd33f708be5f7b3b76a5b392bec058d29e6cb2fb8708400,0.002759033397868,0.6666666666666666,0.19740642930429061,0.1346733799952572
ETH,c8b146cbab7fb4a950c76d30176ce891c08adc114efc3d4079f6f2bf00629d6c,0.0286441077726777,0.5,0.21939854119861088,0.17818795728458534
ETH,caf2d3ec083772bfdff53f46e8825c072f47b7dbbdb5701b741afe8072899221,0.0420697307437983,0.8333333333333334,0.2190919319865163,0.3075306201553417
ETH,cc839b1bf67cd5fa12e796e96225b47a9734ac04002ee34a4e843a57f3f7d134,0.0045326438551593,0.5,0.22042215934696796,0.18104368140699245
ETH,cd76b2dcea10bbd684a2766a2fe605b3a035ea637104a3d92574eade2248d96e,0.0043782699322498,0.5,0.20129606034305036,0.15140769681562657
ETH,ce10fd6cba67bd48c229c6dd363c0cd037c0518fa9063a9bde1fa9e6ceed1dd1,0.0173152840931386,0.6666666666666666,0.1938298631121018,0.15862710486818862
ETH,ce706770f2ca615a9791d32054b619c64f38ac02a8cf7b91cc594f79bd51ac7a,0.0469748851902053,0.8333333333333334,0.26258427806491985,0.32195544656759245
ETH,cfffb69328b53dfb082b9911874488bbdeef268512a720e17c479c145341eb31,0.0092834822524482,0.5,0.20051250524946018,0.15116258750414927
ETH,d10f4791a77e100e0ed20b764333447f779c73d78aef9ef88603ec47ae774077,0.0007989228465404,0.5,0.1825863156615419,0.11447913961538225
ETH,d167f569bf123e1bb7c8050d097ee37696a94ee8a4ee14ed4521a0c714fec107,0.005907208221721,0.5,0.20372477116507587,0.14470513944610766
ETH,d2fd1480e6fad74142af501e725f485271e075ab3f73ec56a831b2e20cd36a7e,0.0205257945073991,0.6666666666666666,0.2069538902405503,0.14086184489044373
ETH,d40cf619d958a22fe750cc20d77d7949c211d2a4e2a69853f6abf8f04fa170c7,0.0165718564867805,0.6666666666666666,0.19899889362473708,0.12037510018216664
ETH,d4337607e16c6990e4da50e0756bff8e8b0524c5af9a0dbb985ca2fd4c6d87e3,0.1902478396799453,0.8,0.25378545016934606,0.7343823374673221
ETH,d56a49503fc66f1d3c486674194e098e715d421360881016a5785c80462d9365,0.0492616018815273,0.5,0.2904055489789671,0.546823426822466
ETH,d61e4fb6034fb4931feed56c0af64ea7d0c72a3f607980dfcd7b796437196522,0.0935062481248166,0.8333333333333334,0.27471967740271963,0.41078213695384175
ETH,d6269fcd7c4906ebe733fe8ed12889419268f21405b541690202d409e08d192e,0.0028513262592662,0.5,0.20542373422512844,0.1454706768201412
ETH,d8eaa69eece46adcd6954cfe33a60bd8b30847574fda81b97c25953161ce84b1,0.0016722877220067,0.5,0.19494001206370815,0.11423697307627305
ETH,da0d3037e4e44dc342dea60866807510c97a7705b966ebcef5afed65692c8404,0.0006103482914777,0.6,0.3782711506084055,0.6893605226117999
ETH,db3d27ad63764c6017825e1b924a9aac0a660c9156a14f964f8e9be50824346a,0.0116277875360389,0.5,0.1914117560648417,0.14941093555921064
ETH,dbc162f6e124baa00932769c320a4d60bde3e618f1daf63e1a0b1c90d253b4f3,0.0329473299692389,0.5,0.23840659699191166,0.29149434608280167
ETH,dd2b6b1854ab638caa8b8506f6c21adcec06faa5698959d5d10956e963c28c93,0.1764900152139941,0.6666666666666666,0.25033734929971524,0.5948182949626851
ETH,dfb9c9130c33f5f7f4d9b2271d63bf9b27f0ae01a0d85c96d1c680ecebd70bb0,0.0273009881364628,0.5,0.2909152932961467,0.5874321546922634
ETH,e37d6fa9194449976272215d93bc316714f3e2c0ed35d9766d5f75f36ab6ef67,0.0527930103980941,0.6,0.4896599830281499,0.769467238228726
ETH,e5217e71d8fdc4e12fdfccc5d9f11109d9dee230501e66773ae0a7cf7b8641c2,0.0004761644039772,0.5,0.1879479876175074,0.14035411589039232
ETH,e5781d5b839d57d944ed478e2a95074b89b06a58bf13aacb6d1f755111a0e282,0.1734095638517675,0.6666666666666666,0.26269561441401773,0.5222907350257163
ETH,e6bd5119eb472dd290e1a50a97bd87019f8c1db599eac6475d0cb2df31e5cbb6,0.0265806148729435,0.6666666666666666,0.19802989431112275,0.10978240641592993
ETH,e6ee1a3f8f51091be34130ed2a88167a9aa98c3080eaeea6350876822f802f27,0.0287929322024938,0.6666666666666666,0.21643630955005466,0.3104258993157871
ETH,e7d3f38de7a1d4847634c9d03f2f3cff9ebd21f0f57a7673753d3f300af6d487,0.0064781103303671,0.5,0.19505656486044234,0.11117834336498159
ETH,e85efc577d5bf580eeacd9f422b5e1b9b884e48e7ad02c33e9301f29e7fc1cec,0.0506555419368776,0.6666666666666666,0.20574842001539476,0.11840708404640304
ETH,e8eba0672fa6c6f01dbb7e4534809220a3214d6ed75e2987ffd95329d0aed583,0.005577402705099,0.5,0.2414196055340411,0.5653822380872182
ETH,e97caff52d4f1541fb775e8db047f8cbb68926dd3b3089952214b9164ab6a27f,0.0060366849467922,0.5,0.2735550676686955,0.31979681269351284
ETH,ebb128e0c566617f762a67a96c53ef5fe36eede87a5b3d9610ce1cf308236bfb,0.1509954997800029,0.6666666666666666,0.26633342704823565,0.4293963094481771
ETH,f02f1dffaa401dae7e9a9173cf59a052784dfa1d8009b9da007fd5ea43b41f17,0.0501843156497736,0.6666666666666666,0.19336536695043674,0.11119716208021885
ETH,f80ca907ed71d200b4f0aadf587fd3deb4580c08f688f826565978230b5bdbd9,0.0184898030557621,0.6666666666666666,0.1903345269255825,0.09579186630379233
ETH,fbcb7af7cbe65b66629c91265cd276b1a2f6e0d21c994e4f89f537b1b676c825,0.0284239631124159,0.5,0.407941860000193,0.750431290097612
ETH,fd866a4df8b764a644a4399e25441fbaba1945c8f34e039e9213ebf06f97a83f,0.0469789859528618,0.6666666666666666,0.1929850469771458,0.13216819982610528
ETH,feda9b1098b274471b341a6b84326c2f4c63f27da3a369ac5c0e8fa917f9f1eb,0.2028249537210995,0.8333333333333334,0.4440439020035531,0.790214172817783
ETH,ff04a0f082b558d4d38c5db1fa78b541ffd904abc9e2afbb8350072ebb81b883,0.0006476440023454,0.5,0.18549866101532383,0.08250929952307336
LINK,0004d1f7247c8d2e3f5727e592f1a2fd22e4af197d0f4e6a1ce3124f062c35f3,0.1242799939248009,0.6666666666666666,0.4232636934393898,0.6988361555300266
LINK,0012e3467cf3f990351af7d08b187b4f5f333b3c2fc4045b4b4e7f3256c97b5e,0.0195420797015029,0.6666666666666666,0.17828810939423692,0.044256692187479955
LINK,001b92f88833a9d3e1a540146b2383bcb94373897cff272be816c2518841df52,0.003367407059158,0.5,0.17440637934999517,0.03334331089683054
LINK,0055078db143da468516afbf338be102b0862c326f66a17a808361593885026f,0.0223680799102759,0.8333333333333334,0.17093352229220746,0.014814399409391246
LINK,00847b3edbd88de47aa9284ed1628598c46808bc2017ea81e3dfd1e8f07ead71,0.0140625061712037,0.6666666666666666,0.1808925462599576,0.06128967230336873
LINK,00bf73d523f3b0c8a93b239d938fe836ac60774c51d62b63f1a4e8621895cb9f,0.006325397619333,0.5,0.1969664769776667,0.10315943675200129
LINK,00d62b835c733cc643f18ee1c62737ce7db6281decd0ee37a3045823efb57029,0.0506971050090158,0.6666666666666666,0.16986354529931533,0.0164082828552626
LINK,00dcd8a0e2e83d78128754714c6cfe69ac665aa918a21adb63e6c79533de4a35,0.004517074016018,0.5,0.18803065059822713,0.1344729345340199
LINK,00f49957e0ffa7bff998cb38d405c4d19e57690e84e194919bb27201edfba292,0.0579690771572661,0.5,0.2527307727254941,0.34411588892744593
LINK,00fd476997a584385b42bc8712a50467524300fd25733f1e9a469566c0b610b2,0.033213621506167,0.8333333333333334,0.1737861230903504,0.036901734792433354
LINK,00ff85633a876e8cac788196a44c6a82942edb82dcaa306d4fea2e6f336a910d,0.0196888674697682,0.5,0.18297845395653853,0.05018229543628413
LINK,011e80ec847e0960fd39f0d13bc497d363bd48369c048390e6deaa20e74c64df,0.035001675219584,0.6666666666666666,0.17945957368985044,0.06998130590767408
LINK,0126551c3bf98f5cc1436e09a4d7771078b9b39ff731944235534dc1499339ca,0.0253288497294704,0.8333333333333334,0.19623703539307302,0.11239614060508532
LINK,0131c939053b0cdb52fbecbc470bce4cfd04985ff8835213c628ba0d3aeb0514,0.0148946963926281,0.6666666666666666,0.1760530185976882,0.05745716384315164
LINK,013886375b77bb69d141f666a5ac470255a8a12bf1a2a8536adeb2e36aafd64a,0.0033580276097742,0.6666666666666666,0.17052875953199928,0.022633581650353618
LINK,018391b89bf65f5fb8d013768329805c6c98ea85e7a4e8f1d1d3424acc8cfa85,0.0662662504736339,0.6666666666666666,0.28151829021927227,0.5407407326697291
LINK,01d221be8877c3726c4cee9e5c3a1e897b5dd1c31f83d6a03a646d7180bce88a,0.0229599307500577,0.5,0.2286924069354849,0.415559160778461
LINK,01f8c81a5487c8dca176e718363c1f70b45b54c59b9aba0377e78c3cc731befc,0.0084936260764399,0.6666666666666666,0.18901810385787962,0.08274235103210749
LINK,021e1781a3efa770ab25cfbeab9f65de1b1c1a5c087eeac462239d80602fb130,0.0366608484104068,0.6666666666666666,0.18030026211393488,0.038153311418407984
LINK,029bf868bd38ede8931d740e01bdac10fe8848c6dfa9b2fdc8b59b1b3c278453,0.0224842270140237,0.6666666666666666,0.20787394030436826,0.16258435056505252
LINK,02a34f09e3589d557112fe583c17432d997c5b7ddbedc65441752021cc098cf3,0.0958901184937686,0.8333333333333334,0.20774214190782145,0.11838225315029743
LINK,02ae34f7115660ff6c1112169e2452ea05bb960c103d3400b80745df36738cec,0.0077929045508965,0.5,0.17541792512878265,0.04239822362772232
LINK,030045711ecd1975e310eafaaaa9a5edbb70b5b2f9f3ca43efb0672c546f775d,0.0160558930376047,0.6666666666666666,0.17161822155388773,0.039634638088983
LINK,0311c5b928d0f39da0354ab4e04ad9269745a7c47d38c9a4e832b28d7a5c940a,0.0205425320815643,0.5,0.18646489717819062,0.0938668237589727
LINK,032524bfab028f84e02598e3af935fae560dffdc5c2339f9643f83a160f2b65c,0.0328725781524906,0.5,0.19782556761049178,0.11218832224939917
LINK,03542b486574545171c81497ba08592ca29fc0ab009809d21593544e7dc79324,0.009910074425107,0.6666666666666666,0.20256608994725397,0.14015529629983486
LINK,035e66b5461b033168f7aa0181d90f7e8723c013942c38705deaa1456f015239,0.0250519417354549,0.8333333333333334,0.18169761482909114,0.05914989387458438
LINK,0374b6d2a72c332d432eb89be74e32336fe4fb94edc3ad0bdbe5f669262098da,0.0047765881634485,0.8333333333333334,0.17332645117894308,0.028990630321203116
LINK,03767afd532185a6717f81e116d9971168c96ed63679a98995d4c7eba8612101,0.0016620633381717,0.5,0.17804740494821897,0.06310119754643302
LINK,0381b18bbd6220feb2a1455fcb835dea5ac988ee9024aca7a2ff563bd4b1564a,0.0134875394439632,0.6666666666666666,0.17879419555006418,0.07726113669082257
LINK,038547a4914603724a4f2b529b622dbb0e125c66ed2eca19f925a0279b9eba75,0.0084716432899059,0.6666666666666666,0.20712225843496157,0.12125115232289169
LINK,03afb8fbc808a7b8931bff3b9a5ab121988cc71f65e4b1da64ecde8441c5afb8,0.0170253480982707,0.6666666666666666,0.17883986127116974,0.07478752163943146
LINK,03ccc3255683f840e909c1f41f3a7ae2e0431e33f246fb81c78f77374546014a,0.0073946156186985,0.8333333333333334,0.1711275171838692,0.0158844907083547
LINK,03f37362483b349988b99358853d4c66f0bcb249460193f62643505d42a01aac,0.013776002525822,0.8333333333333334,0.17494504480987985,0.03215143212097015
LINK,04024d782031175583516d668cc07376ac9c1ee3754e9f4af72ec38759f725f6,0.1304448902696599,0.6666666666666666,0.2839365576945408,0.37299092244702386
LINK,044750f68c198a1b9ae859df6d88d631d26fe8473fae8bcf0f68cbc8bd9a54f5,0.062694981851802,0.6666666666666666,0.24808706967924538,0.33959175637509204
LINK,046489649ca634671d58f451f6d7533d6cc5b9e748605097d1049aeb8d83bd7d,0.0515908422293663,0.6666666666666666,0.17310234811543868,0.045753033743432876
LINK,046a7a2bc6bb19fbabe2b42e76f60bf6703cd50dd6962a38af1711993fd5f037,0.0182131623424128,0.8333333333333334,0.19012921609288533,0.16443105237229014
LINK,048d41adb100f6d46e30682951ee1f44e93d1af7cffc4e1835d18d6ab309e659,0.0238796356398003,0.6666666666666666,0.17094753200247761,0.020188962777337983
LINK,0491157d7b88c83f5dbb463547c331f1f17b750e846837a0e647c13535f86860,0.0276000161656187,0.6666666666666666,0.18482634433582212,0.0706317837329615
LINK,04a6c282bdab473be1db575836a210358a83e6fa8181896cc8968a33778b15b3,0.0044507864065797,0.6666666666666666,0.1959514262045673,0.1827855655252881
LINK,04d2cce117b5445c4fe948316dadfd92f44c19f585bf61747d3cc0d36325c429,0.0070785148483084,0.6666666666666666,0.1799484406367625,0.04735459817874138
LINK,04f88dc57407b3caf8f822b608514b98ebc99ecdf13fd2d81f46105fdc44791b,0.0008040606126784,0.6666666666666666,0.20088247477746848,0.11994686813312581
LINK,0541e424441a036f856b3e6b968360f9c236616ee1a03887760331430f04b0b6,0.0146016165049815,0.8333333333333334,0.17319377891961865,0.040502006227303204
LINK,055048c38d3a83da0c2e9e138f4ee394113aa390e2b718e94785e63b9c9db821,0.0045324757281738,0.6666666666666666,0.17572415285798634,0.03346798972391753
LINK,05b69b5bbf67748baccc449fb8c3d85ffb7a0720c7fcc27c2ab840c7c194c1a3,0.0079077078485553,0.8333333333333334,0.1757550732056443,0.02590827649346865
LINK,05db6c66b0251fe130ddb6a5bb137dfb9bc84c6b7aff5849c8791e256903f04b,0.0580600146767861,0.6666666666666666,0.20784392984497008,0.198270327069701
LINK,05e8472d0335318fd3255d72170dd88511619bc8ccca8d10b8d70b57340c930d,0.0613615943845208,0.8333333333333334,0.18258072240356546,0.045287803491563146
LINK,05f2db0cadefa0a86b1f94b372c2b5dc870ff33ad110883b3b1b7e0240b4127c,0.0040350287892608,0.5,0.1784326566869689,0.07083300349728183
LINK,05fa998bfd1233556307e53468f5bfc7666b230a23474cb4ed0b8e4682795da7,0.0051807116292364,0.5,0.17682820472424904,0.027215024725491043
LINK,05fdae904ddaad7ef34224a56f3933f12bbd1d9fb20a7ca677e8a1716539f31b,0.1136790559338831,0.6666666666666666,0.4757780178373,0.6604484479730998
LINK,0608008d3065f11464583b281b712a457a50c7119ab65793d4fcd62e5ff191cd,0.0075842892029966,0.6666666666666666,0.1788820232179977,0.05749918019478974
LINK,063c14f76de8319de94b9a2332e1d12b2c96798c792f40e96d177e5e143a45dc,0.0037915581192746,0.5,0.1791809105055531,0.04914220016886506
LINK,0666f4fec73251e0ce9cb0b0cfe6ffbaa47c3fdd6671d54f7a26176dc69e6db5,0.0086192400767418,0.6666666666666666,0.17642328448573036,0.06139320220526987
LINK,067f73d9d768c4589e6802e6e2345b10b0df38916a308b2b6cfba25d65cf2954,0.0167099335987343,0.6666666666666666,0.1821731952441246,0.17089495990692924
LINK,069750b6530af5ed6cde612c19f5d1965bfc62467b82b919de3a071e7055e94e,0.0143811409656442,0.6666666666666666,0.1786071090432654,0.04044748834272145
LINK,06a0022af76b2c536aec50ab0dd03d579a5ef767c66cbc3487440ef596c926d2,0.0674567762628105,0.8333333333333334,0.18179079051226396,0.07286021476779524
LINK,06b44352239c4e1344b65a84aabb6eaa3e93296bce7e0ace0897130a5d8485bb,0.0280465397449188,0.6666666666666666,0.23683169789484898,0.23835487068237926
LINK,06f5c5e174b09a45838dc293676a1588a052d327d03d234f71ec663880b74f42,0.0062686245014793,0.6666666666666666,0.214029560122754,0.14770447166261672
LINK,07104ddad8570c4121f2941c080e9c20a48c1d5c5a6938efea58f96cb66c911f,0.0496861991891756,0.8333333333333334,0.16888953151082334,0.011118501143845189
LINK,071070911117c683a3cfb1efeeb3ca98f702ca39791ba3fed7775dca98c2b7e4,0.0098567824301016,0.6666666666666666,0.17174156566740617,0.03113086052865516
LINK,077762618bc5f03fc1ceb6e9f116372bcb29bf16afcc9b70d66064bb169138a5,0.0313652561849781,0.8333333333333334,0.1842755554627894,0.06402952831067935
LINK,07a11892a2a2c5a275004b29456b0a2a079bf71568ea768ce13281f0deb5aba7,0.0011402707777999,0.5,0.198232055624706,0.20268490279639825
LINK,07aeda99e76bd3b86a08918d3747db8dc3bb933a39b5876dfd340b1e15eafbb2,0.0698936462034477,0.8333333333333334,0.25917306461787193,0.31179636778363357
LINK,07e79d4d928b452e555fc0414207c6696b5cfc4efc27abc6361f800556ebd7ed,0.0006887484665557,0.5,0.18247796181162942,0.06488843774995413
LINK,07f6cee66690ee0259c5cf658423f085e6c1c3e61e4a3544d0916fe8f2fbfeac,0.0061957250120378,0.5,0.19943926816225865,0.1097584930661862
LINK,08057d8d3886f1377c17b3173730f11120a59bbdaec72fd18ea4e65ee9efedcd,0.0214969634139436,1.0,0.17559921921897015,0.029795463762987397
LINK,085c8a7a0eeab77ee5a27422de79eb74d4578b16a5097af0cbd560f15fbf0420,0.0053877310873434,0.5,0.19567648593142178,0.10451605486457206
LINK,0871446e338f6753d92117ddec23e94a016943949bda0e202be2b2c99d99d8b7,0.0014045725893164,0.5,0.17457227374880266,0.028815947652610863
LINK,08c653f0ab5f98b43b961b82e2ee34fe2affd3f19ae897a55fd61e3e24ecfaa5,0.0290884213428605,0.6666666666666666,0.1867949199872165,0.10012686637942295
LINK,08daefe146c41fac3d437440b24f7ebe7360cf28f2f45ccb6d3d24baeb9778b3,0.0300548667527082,0.6666666666666666,0.2165603859462657,0.1671435745314924
LINK,08f93dc0d43e6135c655b90323a8f01061b847029932e673f139b77117b1e0d3,0.0119451708289219,0.5,0.20055147123775346,0.11578192689608398
LINK,09217d16610abcd3eca8affecab0fef5921a339b275d1989c7eeb89e2b35b004,0.0070178626538094,0.5,0.4582557548088761,0.7159628071898063
LINK,092c292bbeb08d8854ceaa93a5c6a7deefb917a159bf7dc258cf1d5a0dc712ae,0.0259923604064809,0.8333333333333334,0.1824982115100254,0.04799056119908058
LINK,095227e4f14ba2c14ac155e7628623eb9b4ee629119d0bd169d582ed0d5cf44d,0.0017255103200597,0.6666666666666666,0.1966865914614021,0.0858308036334624
LINK,0991ea932f72d48358f8e8db962839786ea7516c14caa57beb247539c48fa960,0.1046181375952381,0.8333333333333334,0.2134383800644687,0.24045447511257578
LINK,09a0d0798a5949e81952b0c2d9b99332d202440733e9709c758c469e7dbcbac0,0.0059139456829722,0.5,0.18543278807898378,0.059751062163127554
LINK,09ac5c9278d3acf2ef0a84345d2bb7451882fb1097a11ad506e41725a7e73ee9,0.1454497576702628,0.6666666666666666,0.3628434787805485,0.5377473833687312
LINK,09c90af060d27a68d8702a300ff9f5a3db6b2558c3285f25caf8f045f72aae92,0.020487233758188,0.8333333333333334,0.17295147458127869,0.038713885043490284
LINK,0a16da93408501a90224441045b447d910fcb0178ad381a8472f73ef480f997c,0.0287238754331178,0.5,0.21556386108797565,0.20428843044161854
LINK,0a24c7011bd588db3ce9c71793fa4959b1eb941eba8fa6df28040e74a0eadb37,0.0371743321873928,0.6666666666666666,0.1812224853810894,0.051420156238375446
LINK,0a34a126b49587876a1c83cfd1e485bee4963964f888ba3165c23caba076bef9,0.0306915879994134,0.6666666666666666,0.180961729153475,0.0693471380111434
LINK,0a44ce83ce79b2210b5f539804e2e27451e8826acd1368202a8cdbebf8b9dbab,0.0317554995609967,0.8333333333333334,0.18745827273904062,0.06181567902079001
LINK,0a87005623f78e2e2aba24c352abc21450129cd15a49448ad0b8d5439fa8626f,0.0533684898414392,0.6666666666666666,0.22628837154643525,0.2725185116465511
LINK,0aa3af6ab740e1776a92931a8cea372f59791ec2f860298d1b9cb5a7773a799e,0.0808066438746826,0.8333333333333334,0.18591991114291515,0.08404664643945396
LINK,0aaeb5d5fa049b5f250f3ca56ed0b6b5686e1c39e0c3771ab543277801939272,0.0469525868451547,0.6666666666666666,0.22971444303557884,0.23611418008916438
LINK,0ab074057e4925f05a428e9d68df1af8f027e6cec525b4a60f9d6dac96a01738,0.0021424578463863,0.5,0.19381667721705254,0.08832540418690861
LINK,0ae0d0d89301643892827fce8f7fd2cb13e84ed2ce041e80b5e9824d84381260,0.0233884356962242,0.6666666666666666,0.18220857468956508,0.08667412897060833
LINK,0ae5cf0c78c3b4df28a1841a83c2bdfbd1c5a4676609dd8548a2cb7635869bf2,0.0211623146279725,0.6666666666666666,0.18685296298269266,0.10798707679129686
LINK,0b697b464a962491bd6131904b835f574e03c8d74a92fb1d28e6da912a45c800,0.0152976930100557,0.6666666666666666,0.1802183550933356,0.06559831835393666
LINK,0b7191c226caf27858c084d5d3672098febb08ebd282d60248ac89fda4b1bccc,0.037768381272723,0.6666666666666666,0.186369690959661,0.08658167606583658
LINK,0b7b8b17b150c299dd37a66b3d32339619eb2037ca8595224330c027af705ccb,0.0278529215751777,0.6666666666666666,0.1851514184638039,0.09260340708398372
LINK,0b8496290060d716a78321dd3781da9a4659e409b3041d4ce3b57dd998ad1fa4,0.0133650610644473,0.5,0.22224350908464297,0.2550575901349315
LINK,0bdcc70328058801d766b9f239002115ee7beea6aec4cb92a756f4d28b60990b,0.0336707316878811,0.8333333333333334,0.22557025554492724,0.26077526865942047
LINK,0c178b00750b17c7614a633973762e3378afbcece26f7a1931507cf87f162b80,0.0080123084386886,0.8333333333333334,0.1805314536737185,0.05108052950185307
LINK,0c1b952b36d5395985a467b66013decc108fa603fb60fd50091913ba956bc380,0.0126812496248363,0.8333333333333334,0.18367806713271628,0.05860364634353785
LINK,0c24475bd0df0f603726082eb4add8599e3189d3a80e9888db9d965ee6659767,0.0026978135045974,0.5,0.18090069853046942,0.0642393870915029
LINK,0c51bd1545cec895be58e070536bb9bd3de18e1b3721b8533eebdee92eae0b4d,0.0601766737363672,0.8333333333333334,0.17661713279679278,0.03924318747356274
LINK,0c7bb240e900837c8f75277adbfd8817cc131425c48faa2086616004eb97aeff,0.0138229062316262,0.6666666666666666,0.22058777186978692,0.18088452814813663
LINK,0c879a9cde00020e829844cd453bed6039cece24d1777c64436f84c24ac9a06f,0.01962027804491,0.8333333333333334,0.18593325112258047,0.07443016149439347
LINK,0caf4eb05e000b8f7c5f38e69f29c51587edbd9f42aeae220c4a51dc37711849,0.0140143919663819,0.8333333333333334,0.17995031289567168,0.08333900122148921
LINK,0cbcc7cd0cd7f4bd2e5fad482c5ba2436bc1a3ed73cec3d33b8ec05087bb85e7,0.0043386762022184,0.5,0.1766076836253321,0.03974152415438346
LINK,0cd2e75b13924317c9e9de430abfa1190918afd60ccb391ef4effc8315a7f300,0.0078303564659064,0.6666666666666666,0.19747043228106262,0.10045978192989825
LINK,0cef9bdcbd66bc52550967993ae922348d1da5c25db01706b8af8dfb7479c01a,0.0384746161617837,0.6666666666666666,0.21250183067885733,0.24991523078475886
LINK,0d29da645fc4da8738b3aced7006a041b2a173ff10bc83112ec47ba55a64569c,0.0159517011279371,0.6666666666666666,0.1728353777393807,0.033407795728910575
LINK,0d2e022d259aad96af066d024d04bb979c271343b9273c754f848de0932d1822,0.0181053091369732,0.6666666666666666,0.18332390384153377,0.0699957519710103
LINK,0d5e0b5a6f88d87429a3a96cd98204d857c5d5e596a78cb337dbe77b23e4e21e,0.0104304909743882,0.6666666666666666,0.18634364404327183,0.08364461355538558
LINK,0d8af11eb54c870fc7054fbd322e269d45a785b1ea81925a23f8d8e1bc6811ee,0.0210306413963477,0.8333333333333334,0.17264335320477792,0.019869805216707906
LINK,0dc891afb6294da002a8e4e70911e22f7398cb80bcdf21d8d68d81800afe77fa,0.0232903024005613,0.8333333333333334,0.18149861887524077,0.054372880818310904
LINK,0ddee0e03eeede3669ec75fb4bc3ddda139db6c00bf431244c497f72e44fb50c,0.0135680499443031,0.6666666666666666,0.17435906093545467,0.03429876071804554
LINK,0e1bc032319cc59c367ca6c21211d34e35cbc22231c905ad6017eff94093112d,0.0094966591066266,0.8333333333333334,0.1831875121302724,0.053867713920439896
LINK,0e3dbe8ee9e8672f42392a1ef2cfbdcad242ea2062fb32bb382f4b3214278508,0.0471159326115152,0.6666666666666666,0.2050690829013415,0.2761057586370041
LINK,0e5168efdb8c19b36e9a8200c98cbfd9b25b4af8dd0f65b66783d7e2d46d14bd,0.005541397587567,0.8333333333333334,0.17709827834539277,0.03751927900636866
LINK,0e65857b2e2118c1e3db263e6fb69747428e676764a784b49c852d10aef78c49,0.0095614924911605,0.8333333333333334,0.18096460289169317,0.042773068595163215
LINK,0eadda165b6941a25ae3f151023e338adaa32f9f6d31690d7fc02199371c7d70,0.0395199313620523,0.6666666666666666,0.180722109123248,0.04718456459571739
LINK,0ecc2869bb953894fdc4e2f0ba42eced1b29a6f0080ebb3ad6e71a3b2cbd4a0a,0.0014449464222404,0.5,0.20366219010206804,0.1053856254732972
LINK,0ee48cf1fa5e72ca88090506bdb2edba88e06fb5db3d0a8282fc9e367e2f6c3b,0.0064542782311844,0.6666666666666666,0.21115699628859866,0.14714878339690107
LINK,0f0b9b3eb5e052936c9f417be81de9e51d84e67aeb7e86086ed31ca40ca0a5a0,0.0041989640130507,0.6666666666666666,0.18163543170935667,0.08351233175088665
LINK,0f5923e6a47e3ce68641e05b872d75a0266389ffab1e01a75446cb50235883b4,0.0072329865945515,0.6666666666666666,0.17584051607607984,0.07517525281782275
LINK,0f6e87c720648116eb4390b7d552e9a85067ff315e6f19ad73901b08c9048242,0.0126060284287171,0.5,0.1953397536668064,0.12864603492830337
LINK,0f756e0e9b40274c38836556c2395ea5c40e1acb2f95c0cdd72a4958149c7f27,0.1313237525576173,0.8333333333333334,0.18198977689090332,0.12870636260746052
LINK,0f9cb453700f27943b4f1f4d2a93b0063cb63412753ea4b18220e7e1b4fddca0,0.0376306747281421,0.6666666666666666,0.1752301057736197,0.03209240068196541
LINK,0fa5ed05f56f2b64b91f1cee5ebeca760ee3e63a8e69267a22048665ffcb9cdc,0.0165171862706566,0.8333333333333334,0.17604695957583757,0.03764031563307576
LINK,0fb82bf2e7be107fef5e37538e5c4d577ac7effaad45fc9a6a6e51d79812b32a,0.0198343433455143,0.8333333333333334,0.18719810601027623,0.061157989551014855
LINK,1008b656358a60bd2dc9eae55af036aedad9fba8fccbfbc3127820dacdba0aaf,0.007000328806284,0.6666666666666666,0.17335203528233675,0.039636450517646214
LINK,104a9a699ef5b2769310e458700220d9400bbdbfc89a701548d623f5f7536039,0.0082371490369401,0.5,0.1820835165499356,0.047729204193855526
LINK,104e90738cbc50dbdff52d0b330723e036494cd970bb6304b300c80ffc2b05d3,0.0678578214571773,0.6666666666666666,0.1996218724537668,0.19188922359411545
LINK,105fd03d4d65640d8e60b82c3ab694a1d1b6cd178f5e334efaae3a87bfb3684a,0.0086110411884201,0.8333333333333334,0.177318444404382,0.033406671354022095
LINK,10f5b50764c011d6ff59aec28a92e44f01927be023b943759d7bae2a9da3d374,0.0106183689104743,0.6666666666666666,0.17938516050430076,0.059675962032702146
LINK,111af44bd9dc7eb7459e6ae00a6223913f95f0e537669fb0912ce433187f3ffc,0.0127883073813115,0.6666666666666666,0.18831317022782945,0.0779059193393054
LINK,112df471d479d767a55f2886494e0b8b433efd68972e4af07c25da64bc8d201f,0.0002067834535316,0.5,0.18814611669616052,0.08895299669408574
LINK,115f1e447d71d027248e04992b3aa0da1763dda7166cae6f1a9043418b1e1d12,0.0449271044474218,0.6666666666666666,0.1799722431877151,0.07442513049792442
LINK,11977921ddabac61a24d6b2f2d0664d0e6b845d1e5344ac9604c616fc0ebc21d,0.0078031764602991,0.5,0.19038759904041785,0.08508610187109049
LINK,11dc4f141475f5d5a5a6141e09d9ffeb4a805da92d32f5ea6b6bc3df20fab27e,0.0016738233377897,0.5,0.20859251486827643,0.19676100707137026
LINK,11e9618e186941f65389f11b616ed31fd397c12604bc09938058bd07882754b5,0.0040636944957727,0.5,0.18322762831937425,0.05241682992610568
LINK,11ee4064e005a95e69dab347ba8522b31ce73a2773f8c211161579e1c3ffd093,0.0586512367140579,0.6666666666666666,0.17142389866238988,0.023528925206580186
LINK,12043796417d79943cea918851b8e2acfe7068ddf1e0e47a71fe17703b2e324a,0.073301021870524,0.8333333333333334,0.18211194176649223,0.06765345860169719
LINK,1233da913a177ddc9c38183fea05e2203f9afa5c67884d8bc4a7194407444e90,0.0002942446982081,0.5,0.18344568781477577,0.05637626506523507
LINK,123407d92b018195b5fa3ad872d315a4bbc24693036aee1859dfc969cec735c8,0.0630881949295329,0.6666666666666666,0.20761285339553026,0.1512012138052561
LINK,1239863d2df32a1cf5853b54abfc86104737d3384819cc4e7e9de91d63f757ee,0.0287612671571941,0.8333333333333334,0.1799595208223832,0.08640829889528566
LINK,125570f9663feba561b8515ba3a354cea4814c9f8d5d544873d24e067b17cd62,0.0339223289540169,0.8333333333333334,0.30369466756190083,0.3226540711680324
LINK,1281f9eb892730050b493b84cade24d88bb2ab2b67b1e4cb8fdcffda65ae65bd,0.0170334880443598,0.8333333333333334,0.17360294532283915,0.023943794869667342
LINK,12bf35c4aae8e6b20bc2d9c3013d2ca5d85f9587aba7aaf09ccb5667c3f947e0,0.0219960772707326,0.5,0.2738930837207044,0.4420078034945494
LINK,12c25f1ac8d1ffb5697e5998abe9d0b9bb82a273606ba9acdef1bee9ba5316dd,0.0552127154384048,0.6666666666666666,0.20907237966317813,0.22110858558465712
LINK,12ced13898f0e6d25e8c2d579c845d0ff287fcdeeb7e526080ff8cb22cb7d54f,0.0042094098343071,0.6666666666666666,0.17457434764323063,0.047633736515471814
LINK,133ade2f1d788eac797dc1ba90c5e8fe6f1cb1339d1f18a8e81c99835e734524,0.0411858173940573,0.8333333333333334,0.17420923799147342,0.04293847219748445
LINK,1346de31706cf8a061657ac4ce4d56338a1c433dcbad36be62cca0d51dbf6b8a,0.0304967198570439,0.6666666666666666,0.2814793932465073,0.3851052731274288
LINK,134c3b8b3bcb2e352903d3e95cd4ec27ccdd7a3cc09fabca80b76607b841e325,0.0297699700095926,0.6666666666666666,0.1779031493543754,0.05004165558393715
LINK,135830573d83aff7da28a98e785ac569056c2ce8271558375d2b512d6a558fac,0.1022062474201778,0.8333333333333334,0.22769686340972353,0.2400455719338922
LINK,138287e7ae702269d79dc985175dd9bc3f82b857e633b57d53933eb61f6a0170,0.011028272168604,0.8333333333333334,0.1738278018175599,0.027141293679755867
LINK,1397d9effe9d35a367e90d6740a12fd4fee7fb689e4bec49a5ea99f4feab1385,0.0044789966843465,0.5,0.1779395523878343,0.05740980707911608
LINK,139f20919436567ce2724d0e655d193258900e02907886155af8cc524bb192b7,0.0389922332786318,0.6666666666666666,0.1817722879750951,0.09459235325737313
LINK,13a7a3bc5d64de8d98b798a00e87c6859a73333e079b83ac41ef90a07308ec8b,0.0057016897746637,0.5,0.18419410538486353,0.08533581450114283
LINK,13b5642c10db1da22b36dfa33c1ba6c3318ee00b8309e9b3bc3ca08bfe6dc163,0.0195420797015029,0.6666666666666666,0.1782442599485169,0.044329451578048414
LINK,13be13fdc25dab254c3aeee1edfc3814183a337c33b31eac3769cb3ee2883a14,0.0191094680269493,0.6666666666666666,0.18369693352533165,0.05413116180368234
LINK,13de58fffb313ccea8bccbfab509ae831785193ff29c499d4a6977b7afd7e4cf,0.0676494158008907,0.6666666666666666,0.18894902588132292,0.11357840209956264
LINK,14295f6c3d3f5ae5a3d43dc8d62dd9b93ca6f7f8f71e3286bbc67a41988b100e,0.0071339783757792,0.6666666666666666,0.1726608839878133,0.03771441251551873
LINK,14445d88d4ab5c5db28bf3cf565c3b34139d34018ac864d9a020a7eaa034a8bd,0.0038239983137127,0.5,0.18761094491852198,0.08187428562179283
LINK,1464723bf66eeaa595efafa9834bc764e41f5402c7ee3b336d521ad0b57a6e1d,0.0055479824899653,0.6666666666666666,0.17410088876771077,0.030702183841459816
LINK,14d55b08239e07157eb8982ee583add97dfedfaf358cd806e1e1a181c366a4a9,0.0265842822352613,0.6666666666666666,0.18757793004835546,0.09181748280087534
LINK,14de437802c481636badaecd79378ae90edc585e0b6504a3d4315fabcc85842f,0.0144712860452588,0.6666666666666666,0.1728923217765361,0.026971935704071408
LINK,14e9d569b3e81ad0e9aaa00e5c90be104e61eec2dbfe58f85d4aa22ca9b3a57d,0.0125228340238457,0.6666666666666666,0.1732499173365054,0.030096259010649454
LINK,15acd732d7dbe188a34314dec1c90bfb1a8ebcca578d9d5486063e523ebbfbe0,0.0193913604072179,0.6666666666666666,0.1899486869122676,0.09228979459010213
LINK,15afb4a20e689cd3b1050f23e851e6ebb792ee3fd295a536b0d3c3a74db7b05b,0.0702001476899688,1.0,0.18885506002249725,0.09481354102609785
LINK,15b7beb07785b79b351a7723e2f13736c83e2150160dabcdedb8b318e1df2cff,0.0210064901854938,0.6666666666666666,0.17592684472782913,0.038612783176885816
LINK,15f50b3d2d3078067b2e303d386dbc6053fd90bf02ebc706201ade5103d64362,0.0184309701042361,0.8333333333333334,0.17411517206680283,0.024431650846948632
LINK,163ed135abe6fd92555213789efc6cc81929c087f9fd4a976f8c3624b060f30b,0.0040204602517648,0.5,0.17854899948498812,0.05234052457388879
LINK,166bc33f98457fa5f6d46bb1048747a219c5cf77f9e9ae8b9cd0caf4cdd6c54c,0.0117369343606758,0.6666666666666666,0.1822845466395127,0.09323811270292558
LINK,1684c19a55daa023b0a14edfd021bf55dcad8ec340087be35cf64087cc63499b,0.0199938257851419,0.5,0.21369349998973838,0.28695842306244235
LINK,16b7b22f89352e267a2747cc7ada2971fbd384aeb2a13cc5837712ebc815d49f,0.0572691652358506,0.6666666666666666,0.1832953981267006,0.09651149473455178
LINK,16ccc05930db5efe1e7d0898096aa5b2293281074563c6fc78951e9ef0344db5,0.0152560245818841,0.5,0.20340371505830268,0.14411969970485086
LINK,17189965fe032fb53423f17dd4b76c3b15d8ac4de0ab9dc1780e62ec964e471c,0.0051960162999619,0.6666666666666666,0.17301456286767697,0.03358222201446342
LINK,172f67c146b2d9256672d0d026eeb366b61d336174b9cbd1316cacc9829844a9,0.0208799560109755,0.8333333333333334,0.17868256992651368,0.06095434502482922
LINK,174354526b8dd3e59b740410cab7eb2233731e473adb4259ec04e3067f298e93,0.015350059136386,0.6666666666666666,0.17375917176326058,0.029378311493039277
LINK,1745f17e4003ddcca76acce5f3a303afefc4be6641fbfdd9fd912da43af34f72,0.0139730797352925,0.6666666666666666,0.20001086310491648,0.08943520810508337
LINK,17642c5aaf8991a35988e66abaa559d927cf0c2cb250f34542bd0cfc918e51b6,0.0227220446615249,0.5,0.17619336310584988,0.05415565550908689
LINK,17849655ef1a3cdf95d7a745c44e09e1e25424c6f8f3fcc62f2134fbc2ffcfa1,0.0187156052469276,0.8333333333333334,0.174938474879231,0.06203839582324499
LINK,18134f2be12bf0c19ad077804f368dfb173335111dddd954db6e7267f1e87433,0.0254104727228879,0.6666666666666666,0.2352792156339322,0.26679882010545924
LINK,1816cde5ddbd9e8fdfb5b0f8f65163d0a5a98fd24ce81a2f9a0388e6f5667fd1,0.0218931968116382,0.6666666666666666,0.1784349754997415,0.060317275537660905
LINK,1818ae81de4a1fddffb1cd8b9bc2fc14c1176cc05535d36ef49ed7db312b2266,0.0092181076435359,0.6666666666666666,0.1816755647569378,0.07162937579399008
LINK,181fb5b86f46046f24f32664fd98e9b4989cac8f12b847b424a79b28ca541afd,0.0915007021597445,0.5,0.2654555048008353,0.5760238452402333
LINK,183cbecc7a021391aee74ce9e8fc2f84404fba803c43debc9c0024aba53e0b50,0.0237982601543494,0.6666666666666666,0.19802266300208626,0.12335623392108942
LINK,188b1e6e820633ebeb5415770aa647cba5f37ba3136d2e60ca322f92fadb60b4,0.2073991457849698,1.0,0.231942462822801,0.3132703864886912
LINK,18a199c5af0b65b2c33b2cbb043ae4f5f8c9f65258469be871b7a6cb322a5f05,0.0168430960383028,0.5,0.18349225618942372,0.06472265424665118
LINK,18a81a0a913c32ffac3fdb2dafdbdaf1c589d6e077152c5299fbc5c7df6b11bf,0.0412311212987727,0.8333333333333334,0.19548601624743922,0.08365701809818195
LINK,18cf188ccb18d609be76cb26b7fab86d6ca300b5203a3943971e22567042b01d,0.0299160251899867,0.6666666666666666,0.18211259018721304,0.08745678993924613
LINK,194e2029e3d81e5fac075ce5613943c3c1407305b736349d34577f93c67ceab9,0.0192587004076713,0.6666666666666666,0.215018376585943,0.1606338163846542
LINK,19665ba84bfbf4c2bad3ca0298822025e3e1ec259d8f6a11fc49c321be639f2e,0.0587412972803395,0.8333333333333334,0.2029539133544597,0.1837122178953623
LINK,197beac107a383e220e3d6e172a2a3931294e5080a1dcbd4950fb4c2312c461a,0.0195402249749862,0.6666666666666666,0.1878631689837613,0.08848243253452064
LINK,19a0a6077ee3f0f2b726aaf8a941e2bf07edbd25b41302b3f0ed50aa5c306b37,0.0166656022613858,0.6666666666666666,0.18216018437179743,0.07098281132047657
LINK,19b6f7c6bc5036f0d3e0c92eff2294659c92feb65ef12df48300f3f8e2eb6fc0,0.036032039240367,0.6666666666666666,0.18085069085288435,0.06133746071950605
LINK,1a0bf32ca936871cc5a1657ef3fa57cbcada396dd05757a71e8bc97b3d53975c,0.0490516075700443,0.8333333333333334,0.17986882120109304,0.05622538850786463
LINK,1a1823b897bce258c2eb0560f895734395049ed99de7e4094acd942907f29ec8,0.0437536694569965,0.6666666666666666,0.24996892387488923,0.2250954601289251
LINK,1a86564d51f54fde8e464c163b9664111f825e6cb1d7ae731189907c66239ade,0.0641579011639716,0.6666666666666666,0.2099326286686034,0.1619580691836114
LINK,1acd2724945f9b75c2d84f71e749f59eeae38b6c409ec871609b0539bb3d9f46,0.0102323159267146,0.6666666666666666,0.1979651598707168,0.09764127242568463
LINK,1b0f7364e4691be3c3d322f96d485243d78289945c2f57c7fd8f3fbe4daeef33,0.0267987152844549,0.6666666666666666,0.2183787713104264,0.20996958158819337
LINK,1b1e484a2ca24d77ed328de902ff08d0598d42d8a17b418c438d6c21bbfb0a2a,0.0050366559262583,0.5,0.19375923118717414,0.12194460624196851
LINK,1b2c179bcfbe697167ef547476ba2d6f757164cbb0cd9ec6b592dff9a43b60e4,0.0102267627384757,0.8333333333333334,0.17578413355306052,0.041160265610155386
LINK,1b65fea6ddd9435584a71ec3bae1f593219d0be127322fcc3dceda1a3e199c46,0.0027882727780298,0.5,0.20454372898410217,0.1505081036394713
LINK,1b97b73a04a7ae3f983da2a2a2be9cc5111a502ea08f8654be2aadc1d63fe2cd,0.0311740230595006,0.6666666666666666,0.19699421001994194,0.12367311988139595
LINK,1bc7ac8c7261d4ff9be3eb8b299cae9a964f28ed1ea772c914bbaee8218819a7,0.2116330821211438,0.8333333333333334,0.27017055445369115,0.2976950680101962
LINK,1bcc2c008537e15da1be73e7c4090073da9275d4034f93ea79568dca00a2d25c,0.0516649763917394,0.8333333333333334,0.20867499762814712,0.12023586184644432
LINK,1bcda62ce54ccd04d484dc164a11d4874a3cc6c6d47624fb7bbbd1d28664991e,0.001743019142837,0.5,0.1764559648743492,0.03201908926590417
LINK,1be101e3d97ce733cbabdf96fd44d666f3980ace82f9e73a91ed3e1046ec4499,0.0044622289027443,0.5,0.1794059037163691,0.07640631094218993
LINK,1c0f9c854931007be175f495158c83503df78e81b632e3483a6d09b0196be7cb,0.0267638565628812,0.6666666666666666,0.1833240064354037,0.07781793851861298
LINK,1c1b33d9f9eba350886dfd10b8632470c0e6d56fb8d4aecde8082087eac0421d,0.0350363426814526,0.6666666666666666,0.17821779888732694,0.05543772535005452
LINK,1c34d04478f665be3853bea3741b508ac56f901a4af1c62f4fb409e365599ff3,0.0947631543558932,0.8333333333333334,0.19070952768553262,0.1091937159865208
LINK,1c48e28b27ff372084d2824c4365cd4622b671f4d4363fd6a87059cba80c85e1,0.0101897567050861,0.5,0.18193428743896775,0.06456781113262687
LINK,1ca0119909ca63bcae449fe8571985acc0cada94465fa1e16f43ac880e4fcf23,0.0308984647837296,0.8333333333333334,0.23271466833808854,0.2605878289270598
LINK,1cc35367c6f1f63a03562b4622590ed910467bf913326e1a72baaf093327e3bc,0.0752234136349292,0.8333333333333334,0.18878166837560162,0.0999143445620629
LINK,1ccfd3e1ae5be9b90eeff6e5665fa7f64953cfaf8e504191d4f4d79802b2c5bd,0.0171766417589989,0.6666666666666666,0.17553525783203536,0.05243038044891787
LINK,1cdb970fa14e0f386b1aad8c80edb1da4cf792f0c924cc3547274c7cb4fdc1bf,0.0155670941944019,0.6666666666666666,0.1832594913899086,0.09842436048577316
LINK,1cdd36c076c2e066bd7cc7990e0c6b6f23e8dad2e6d4df44292e4aa7bb4542db,0.0677399456348333,0.6666666666666666,0.225942601072196,0.352999459504149
LINK,1d3c76de2938d31fd16f14e46e4c5cdd34c6efdcf57f48693106abb5901a83fb,0.0283897784265543,0.6666666666666666,0.19135012122533238,0.08859244109767725
LINK,1d761ac8a147fd9916d60183b36b30fa037ea7e98951726e42381931f24a81fe,0.0167133425582801,0.6666666666666666,0.18371940617971314,0.05434984988006007
LINK,1d9c71497cf77e1fb556575389c47134d1022c4f8d678682166f522cd1887db3,0.20223568697339,0.8333333333333334,0.39800797795394316,0.5978005125476005
LINK,1dd04ac0fc27bab972ffa13a631c9b03961f290bd4d072cb6eb26e9d6b992c30,0.0085668743228728,0.5,0.1766420357468147,0.03395647218599423
LINK,1de36219cdfb561559050004e5ea11a44c776d7b5b7e5225cce2b3892186e369,0.0079392396539288,0.6666666666666666,0.1750197959662769,0.03099891355511963
LINK,1def26ae67baac99182fc5db9c030097ff739b651444c3596f07ff8e9f78458f,0.0506291290071226,0.6666666666666666,0.30620774698797215,0.8311211286835625
LINK,1e23d7b711e5d1741862e20211b51c0387c2f0ce872855798d2e80bf3368cca3,0.00136071084077,0.6666666666666666,0.21232244988855248,0.1423346229778564
LINK,1e4b956857da940483906db538dba19bd874c8c5f2ab34e6ea1ee801ab236b77,0.0167775969065658,0.6666666666666666,0.1819566415755031,0.07676068244456177
LINK,1e763d91766bc916e53bd300f27b3d4b2beb84157392e250471545544c42ef7f,0.0097180027571626,0.8333333333333334,0.17815390074297474,0.0630861877651692
LINK,1e7a9f724963ceca24cd810dd21bc4f3b71a561f1365a291eaf9c310d850b232,0.0102394053640858,0.6666666666666666,0.17302308911482792,0.033790023368283996
LINK,1eb44da6dc617bcc864a2131cc1179cc6bd0e262987069d6fe5c7642ce661d4a,0.0170729351661451,0.6666666666666666,0.17135880425720426,0.01497848764441495
LINK,1ec4f533a87120385f8eb1d038840b7cc4f039e7dfbe68a5be7f589e9c1c46ef,0.0050297718393901,0.5,0.2229651679323791,0.23444068375012758
LINK,1effe95fdc5bb121a3a1196ae22a9487c35526abac9fdbad58afaa832709de35,0.0311740230595006,0.6666666666666666,0.19699421001994194,0.12367311988139595
LINK,1f24f81b884a78f8bf40a81339f53075fe97b458641ee4171e9b420bfe6f7854,0.1271770099750017,1.0,0.27357092931895005,0.28062323674836287
LINK,1f265926f3a8ff9115209597dbb7dfabcf30902fb928dc40b0517c6675520747,0.0130255180675003,0.6666666666666666,0.1961965283664315,0.08439658391587206
LINK,1f47687ebf76c2d45d3e7456ac519f06640d0527699a0aad99cb7790c3fcef71,0.0124504302917944,0.5,0.18646002085786578,0.0833854935833423
LINK,1f5b53c61e1e1344d71538e40256081e70eacfff1d4a0cc387bdb66682f71c61,0.0626951891827556,0.6666666666666666,0.18947890437079398,0.06991676907939283
LINK,1f6c2c7fcec0b75d0d6bd9bac7834b6acb3a8cbfc4279c8552f74839fcdcc409,0.0010109421339841,0.5,0.1779836087650173,0.04017589624999054
LINK,1f734cb2287bc21335ded409f0f81b263d2aed2813da1308783ff7129c8caf52,0.1066549432586321,0.8333333333333334,0.2658343850709743,0.3134771532011256
LINK,1f7a5455d19bac45746408dd39599a337d11bc76c1934063dad83fd97711908a,0.0207017286020195,0.6666666666666666,0.17478813983335964,0.03089453505623187
LINK,1f9f3a6c7ba99f8ca66bae899257e06f2a0da8d2f6ebe34e3c126d77d64e8283,0.0048298448538464,0.6666666666666666,0.17405132303756826,0.03152462115905905
LINK,1fd98b83149a62459c2fc39473ffae4d82a163122de6759c695639bee4bc495b,0.0223262614700025,0.6666666666666666,0.18550777451683167,0.058504568044240444
LINK,1fef1c3c3744965deaaad3459c1e6e5b35c013c906e9d3a14686a73d90a0fd8b,0.0009895465525093,0.6666666666666666,0.1835444982350596,0.057421070912632356
LINK,200010317bed2a5cc7e2e142282794cf2d82419107697868734b2acaa4311c6a,0.0536790999962855,1.0,0.18457411732771778,0.07815662934067007
LINK,200a19353906325b8fd1cc36ba6f02d3f8f2c0bd15c58449c528699d18843a26,0.0857580089228254,0.6666666666666666,0.18597791514410084,0.10426043770635599
LINK,200dce818fc14dc71e7289b3d067ad8bda8354a958155f7f173970a98111abd9,0.0028543433998421,0.6666666666666666,0.2173404904085158,0.15447099289017055
LINK,202a3027516147eb13d9422770cec67015b3c943b7f4bb1981548ba42f2a0284,0.0041843862568709,0.6666666666666666,0.1790338003992405,0.040660845396551654
LINK,20379c0fdeda623c7ac6de5e795d4fead79ce7410c1e8863f21ad9304c336d6a,0.0102553859289748,0.6666666666666666,0.21554682242295894,0.15532307496757755
LINK,206983c46683a32b3a2b161e917e8bfb9d8a91edf52203ba8d32ec84f2a365a8,0.0232105543344219,0.8333333333333334,0.1727171658584226,0.02928426165130052
LINK,20a1d815de3c714a64048289682b80c5dd580f84152c4f9e260d7bb388759fcb,0.0463648649681205,1.0,0.2048467775824606,0.11721613232666271
LINK,20b8f2297414f5fa893e41fac522a4698396d36974e385ae60e12c0657254499,0.1318322140311593,0.8333333333333334,0.2677978186627896,0.44130118113879824
LINK,20b951154075476018564e6287dd870905db43bb9a70df29e0e2caf8a5b9da9d,0.0050341604390332,0.5,0.18554642619208167,0.09717350195290464
LINK,20c403d89ce5058824366273bd68dc75e3d5c4d98c8dd52a857ec75bba4eb622,0.0019573646310422,0.5,0.17016861237665734,0.018995640716778398
LINK,20c92dfa5a3144d06bcf54a68b2d230f869d4b856e745b48d01c0f3e6ec57ec0,0.0296304067246707,0.6666666666666666,0.19780160191998084,0.294766225953622
LINK,20d539bd66b459807c7c35708eb739c91cce6dbe1729a0b7cc3eeff41ad28048,0.0003130856464039,0.5,0.17856100668965494,0.04892438746763541
LINK,20e2b1d0b3663fc37b8a5c65822870086ba05e9c85ac2726e7e5ff97861d3913,0.0121469002899193,0.8333333333333334,0.17274456274420186,0.018828603998263332
LINK,20e4c0c5e2f3306cd0eed74b4d65504f73b26276b5001f6af245cfa435ad7c91,0.0103767236623361,0.6666666666666666,0.18816634898124404,0.09631089840297741
LINK,20f15170731e09e3fb3ba87e4772ca2c4d01209d18e9f57ebfc057417dbe07ea,0.0067125997463238,0.6666666666666666,0.17760974060188348,0.04613518177562098
LINK,2117447d6a000bff784a827d49265a2cc279800efc37b6643da4c4d69e808b29,0.0049532155149134,0.6666666666666666,0.1821995257237275,0.07528927951408194
LINK,213588592bb66f9e9980428a43d8e1fc24b3218741ec3cd7f83c27bac2958258,0.0086174296811096,0.8333333333333334,0.1744936757364623,0.02789535262107405
LINK,213a55ec982427f13184fd7bba0186c6be9f172f447ff0e7a2d10307e2232554,0.0131831309035289,0.6666666666666666,0.2406783877580824,0.20279691679431638
LINK,2154f89995070105d9d6e0d1bf714ce77a8433f162e12fe1d9abb633e1d3ca79,0.0131652120792177,0.6666666666666666,0.18170904920750794,0.06726353172942956
LINK,21b1e396510d375970fbcaa6b639c940086659817c3434fe231002d07086d04d,0.025502466489815,0.6666666666666666,0.20038966210108172,0.12753420299437782
LINK,21d157ede530267f1150992d5ecb3ad9e4ad496d602b3594e842a49c1f31c926,0.0014773908489712,0.5,0.18402714521831404,0.055066996565994
LINK,221417fc0ccc7a016dd90c379c44cbc6833dfe36dcf8f2015d15c56074531a2a,0.0519538412334222,0.5,0.27267167145362137,0.46480207435773463
LINK,22665e7773491a01546184902bf010ae4f4013277debebb45be749b0fcfa507a,0.0594529622843182,0.5,0.3491390861444229,0.9090060634643811
LINK,2290beb098f4ccf89a5c67df7107c0384687c66b77f51ebd2433fad6495da3f3,0.0233875526504547,0.8333333333333334,0.1734540159270421,0.026067549924515186
LINK,22ba56035810eda8085ff6682cadfd3cccb9f2dfda58461318cf4be56bb04f7c,0.112675616809706,0.5,0.27012499321368155,0.6540006086817379
LINK,22e936d75ac71aa521464e345d613e4a71f0aed36b07ccb8a9a6891d0ae0458e,0.0378514779673865,0.6666666666666666,0.19679138743065908,0.10014637855278913
LINK,22f5111cf340367ffe3ef300ec08a3308905cab2c2f22b114b74890baa2a1aef,0.0328798605316028,0.6666666666666666,0.18513088353980736,0.06391496947872133
LINK,23256c18cd0d0a15632d5cc761cf826f261612befcb59650d34813953f63f575,0.0177757790365065,0.6666666666666666,0.19870767890495378,0.11841607169705888
LINK,2354ab9bfbec04578230a5657f3841d222df8eca6ee9c43530e9f29cb6dfa104,0.018741886806961,0.6666666666666666,0.17247907770339044,0.030072153462227955
LINK,235d6c62347c99c0c79f5eb8098cd48c544ce0c4b3e61e0a5ccc68c5ad61ffe8,0.0081337269479934,0.8333333333333334,0.17197074746675717,0.02391122840419503
LINK,2362c8a99079835b97369b511a665c153d29e5d48b64ff910707328eff66e7a9,0.0321634580124359,0.6666666666666666,0.281382104604429,0.5424684450707529
LINK,2369835d9403be0c0245da941806b5a7337422950c3761f0bd0461b111aa8d2f,0.0210847707115568,0.6666666666666666,0.18264104346678373,0.06521597558008271
LINK,23d84642677b62f911d5665b3bcf88738bd4b4bbeb20a07c99fd0bf7d50841d6,0.0755556142290133,0.8333333333333334,0.23793234230354537,0.42091503580865053
LINK,2403de486be463ce9386588e4e6262827cfce2db88d1c6e9863df38aa41b0160,0.0179357345469323,0.6666666666666666,0.1778620901356714,0.05623272398090345
LINK,243e900f72b3d4864fc27ca16c2a81df2ec7a45d51ae153e4b4127b90145f837,0.0960842359643786,0.6666666666666666,0.3327371753978245,1.2166546155860878
LINK,2453d46a19e68d4ce636bee93e0544fbe2b33396b29a6abab8d75f26fa999833,0.0153013481613384,0.5,0.20772283008439182,0.16677733372704293
LINK,247030652700ef6c4332418d5bca580e6c8ae6b3627544079fbe14e6110fdcea,0.0013220705768075,0.5,0.19999005967607808,0.20098541734196737
LINK,25096cb5b9f0ff3a0601ee44344455c34cd607eb9220bcd619fa9bd826f784f7,0.024187602105718,0.5,0.2710399825368304,0.28214436632859086
LINK,2567384027e699e22b58b6ddc43fe670f08cace18df8616b4adbc6c8e06ba6da,0.0061500374808522,0.6666666666666666,0.1776978938230388,0.05270431019520446
LINK,25754bd8f5e3f8590fcfa606cfd81ebc277fc25b44d847cd48557543c7b5869a,0.0164336883873857,0.6666666666666666,0.17508453785990016,0.05333848691650928
LINK,259864f7b5b4d92fed1b328fd1a59323e5b4435598d86f2b45c578c7f014f84b,0.0127278947216766,0.5,0.17899845867230088,0.062060603339874836
LINK,25d6f71778d34576da36213a6b2d805921897d4fac1190b48d60d466af9ce150,0.0066011017815664,0.6666666666666666,0.1775330440207771,0.03542320149925221
LINK,25f266c6d33af63e7d863f25391a9b583846cd12c21c2d06f6f0ae4f099343b7,0.0101483148475085,0.5,0.19404136366811844,0.16769753499853682
LINK,262e62f8c87a79fca1675daa809ab8800e809af771f93af2823e87f8099359b0,0.0863157728731512,0.8333333333333334,0.187839392273229,0.09543916053390433
LINK,264c3b3b7fb2a85c716480a768dafa6959fdb65ae43329b133482b86e5d7d771,0.0030787666798925,0.5,0.17793536285338132,0.04301101563198198
LINK,268aad29b605607ff0cf18e13fa2984f27b4f2762a2222552991ff38a6536123,0.019432432774239,0.6666666666666666,0.18301829954684126,0.06129374878603062
LINK,268c315171cda09acb39cad139b2d19610b81369dfe60c26a5eb4d0aa7fe0ee0,0.0109427943727928,0.6666666666666666,0.1733590233258755,0.02594386597330622
LINK,26b1879034356d908be34004951234d185d372c16db6c0575adce2d0afa3aa1a,0.025916261566507,0.6666666666666666,0.1852869808512153,0.0915773205103615
LINK,26beafe45f376312a8dbf16287c6e9c9700ec67ed7a2db79a07d317206094b68,0.2206757264511626,0.8333333333333334,0.644958122534106,0.9691009297850076
LINK,26c7adc30e532537322134ac068f7dcb4a20e3e4a0266e370c8b2e5b6ba4faa2,0.0148327485547948,0.6666666666666666,0.18176834324144608,0.06604369086858092
LINK,2707993b040800cf19752c41d4cefec7181c2da075d0fee960fe3fe8fc457c0c,0.0271306220481716,0.8333333333333334,0.17266418958299443,0.03550968935055536
LINK,270c1fc6888b39d15c3bcbd946339bbd7cea43c82ebdf2c9a3f7ec226bf6c975,0.0110902680739531,0.6666666666666666,0.1839556159833557,0.061949941144416626
LINK,2710572319de104906bd7019db07cf0caeff42a5f283de1190909508b01ab940,0.0652793357269267,0.6666666666666666,0.2004660787428271,0.15936603368253896
LINK,27218c5c7048db86737ead285bc9ef9c3d5be88d70959f696e5aa7c1319e1984,0.0250838424666759,0.8333333333333334,0.1728725507880223,0.03619715797150924
LINK,27953960598df355355b19da70c1bc554f720914500af9854e8e408b34518979,0.0385396829046136,0.8333333333333334,0.18851559466597714,0.08555331739407421
LINK,280bc565a3e1aad949b1f518f72d751c7fb4bae9f36979b784c0b442f81ceacd,0.0061921473397762,0.6666666666666666,0.18706978411847855,0.06834090754069026
LINK,282b4b00a1590a1734f9f25917c4697fc5bc70abba99d7d915311b888efdb22e,0.0871304524549913,0.8333333333333334,0.23610500873292953,0.3477743781987865
LINK,28400ddf21cf33b50edda176de193627a23ec06c1f959949c86abbcc34c16c08,0.0024509843149769,0.5,0.17759873855848235,0.03972130513237385
LINK,28ca06d94d2b6202506e3527a8721e412ad385598634cfdc574fe8fb07e4c25e,0.0541093801542012,0.6666666666666666,0.37939786064846737,0.7018644147288385
LINK,28f03d299a75b6fd372020db7bae98b0435995f4e8e327413d537572621dff73,0.0147557699045793,0.6666666666666666,0.19230999430107154,0.08414068620177273
LINK,28f32ebbdf70ab39f7b7acb712958c002afef534bc9e6718a437a446f347341f,0.0094141160576561,0.6666666666666666,0.20417832240330583,0.1381804759055647
LINK,29445bbc42dff6942c68f0add024094356702d7eaedd6e414ea50a8885e768b8,0.0370973648868398,0.8333333333333334,0.17441740998299582,0.034418500634797365
LINK,296333757cc3278ac57bbcfd36cc73ad0f45649c2154bb3282ed9cb1176248a4,0.0245372320867181,0.6666666666666666,0.210121771208837,0.1482264315757052
LINK,296e01abce7ef33bdb233316349b754b46d26faaeb3971e1b2a70922b6971fa2,0.0148805263248464,0.6666666666666666,0.18537805018402634,0.08509700896257158
LINK,29886b73088e60ae695d7903ac101ccde35ab30e4823f9ac0a17984e424ae47a,0.0082797067906311,1.0,0.1742434289731479,0.031246799064812602
LINK,298b6b5e686ce2f5ea8acbb430d3f0d90c262a6e9087cc4762fa7e40e416d8bf,0.0075758347829953,0.5,0.1794883781460113,0.06193839687409049
LINK,298c5b95c1178ade648a63cd38d43a142acef566756e546b5c227659373b3ccd,0.002219797452253,0.5,0.18021295011469984,0.05374915371460839
LINK,29afc7d4c8c926c2dc1e2c76ed7c75d5c78c4cddbf9213e5caf52e7807cf86b0,0.0213775436955163,0.5,0.32885877841506966,0.607911022824647
LINK,29cf5025bd74b7c81c4d89e114246daac54922de64215bd772077bf0fc30cb23,0.0086442431035228,0.5,0.1960388244534043,0.11371470524207779
LINK,29d3e8649f9d5b0233d1b489870b61a665c58049d6b7209f3eb1e20236652ff7,0.0115046999134142,0.8333333333333334,0.1707118355390245,0.021117636034252034
LINK,29ebd73092c0c623f8fd23b0ec84c7449a8c677cb53cfef3029721efe09d4dd5,0.018922402778331,0.6666666666666666,0.18864606594602257,0.08118453637405067
LINK,29efb566972555e57fedef63cf9fecfc6ee821710acb854dbe73d9d39c45f44f,0.0233448053375248,0.6666666666666666,0.206925468923176,0.28578104579162633
LINK,2a6b97bb3d386457e0603bbf9f27502ff94bee1c6d3ca0bb3b2d58fccac4ac58,0.0189116023607148,0.8333333333333334,0.17886211973746102,0.04459204920935398
LINK,2a900ad0f23538553b89625659f0430e9b7698edd8c3472464821d7b46d239d9,0.0119397828009111,0.6666666666666666,0.18236193132683712,0.057303526353003884
LINK,2a94d596e4dfeb6c0a9b2611fcb2d9f8384c6d56eefc75a64508d78f7219fd0c,0.0082904715145475,0.5,0.2137761416664554,0.1676920590982827
LINK,2aa9b03b1f21d70d51751a62e690a6abc1c1cbf56767ac11175a873984500c3e,0.0139411243015211,0.6666666666666666,0.1759358280837456,0.04558939480928372
LINK,2aaa9aa30f12a08086d79521bd72928efa3c70a3694cbde9572e3acc6c9d42b6,0.0073962976496489,0.6666666666666666,0.18382308696628058,0.10328338707158564
LINK,2ac48da86025d3e07663aa6c067a9454f1341a8d619f35396491dd7c2b05b094,0.0621850408434591,0.8333333333333334,0.229554323110496,0.21491300399864907
LINK,2acb2826a1c94c96e33ed5731117c8f8d9d5b6b60980c20a540583ad70520931,0.038577513842334,0.8,0.3499663447359927,0.7746208483838638
LINK,2b194a87b70fbd201ce9ea84e924f08551b15c046af9e666b80867ec1f2da348,0.042181865818366,0.6666666666666666,0.42543029217195255,1.201547344939979
LINK,2b2245d6253b980327f0db169c330223326c278eb47eeb09d13bb5b5cb4d8489,0.016479827089742,0.6666666666666666,0.18653231443528115,0.06957565178586114
LINK,2b2c88ae9daab819908ad5e90adfaacb6cf0ba846ce76a4e2a7b1b4131401d4d,0.0181554043206068,0.6666666666666666,0.19841239638388056,0.1237870618837216
LINK,2b80c58b95e3ac85aafe055f4dc6155741628c869a207ab27366d3f8e36c0412,0.0256485548538256,0.6666666666666666,0.18161310403130965,0.05271642192356505
LINK,2b87951e3f6706f2e44368fdfad49f784200a1c73fd4e391867570223e90e95a,0.0296651072220467,0.6666666666666666,0.17598509823083702,0.051409869387287685
LINK,2b8b8b7a5010b68361caf1f7f0b82a83c229eaf9c87dabe0586b25f4178850c8,0.0051754748399146,0.5,0.2994939084417783,0.4761440188877013
LINK,2bbfdf7fe07fc56ca99ada12503556a3985ab518472bff91b0fa761be31b40a5,0.0130691267839102,0.6666666666666666,0.1859960403918443,0.09272606416818786
LINK,2bc47e6b5d6578c54f41fbc461bab1b7d9b04e31817cd6c93767f96db60a2cce,0.0251330188615236,0.6666666666666666,0.29340829213185093,0.5914759259308784
LINK,2be7c42440a90538a5b4310323fba2345a834f9addd75512e409aa54a2987545,0.0088561288555334,0.5,0.17516341768005145,0.04225736608602343
LINK,2bf6cb37f257895badc7e0a84cc98d6cc619e1ce5bf7ad9c14bd737988e6af97,0.0256971177575164,0.5,0.2150385022031124,0.18045447436991527
LINK,2c086f75339a6cb0b776e6afa329b6d50c4ec8679ee599ed31cff00f54ccc000,0.0330358440939808,0.5,0.19602227815769985,0.12606585117407584
LINK,2c1bce8be391737ffda4ca1abf96af83e21c4d19ae5a8b03e317b08b6af16569,0.0089957777495822,0.5,0.17492017761153977,0.045948342355136854
LINK,2c4c7f9e8a154c12ad61c683e70c093af31eaed1ae050c192e9f6303080fc4b4,0.0385787757923044,0.8333333333333334,0.17962573644500343,0.07669399695326687
LINK,2c6dac242552194221b32499ddf2a8b0e8b5b62b8904d2db3439d692fbcb8728,0.0800127664056336,0.5,0.3672559868449025,0.7343184246277454
LINK,2c6fd2456f409cdfde0883e9115dffe17987cc5c8336dfd240d6df4d68a8e724,0.0147846622437438,0.6666666666666666,0.17791549565875142,0.03348338867656349
LINK,2c7d745f605bad7cc6628627d860338efbc84effd850e70d36ffa2bd489cabb8,0.0326418796314888,0.5,0.22134023361204425,0.2462011463028895
LINK,2cfe4343a3b09e78ccf1037147e96e9a89a9d9b73bb0220e649cb0691bc6896e,0.074186279953502,0.6666666666666666,0.20147131334054566,0.14355268728899823
LINK,2d34c21c9198839576e28e631da6d93551a2a10b98679455512c5155520b0542,0.0746901226319322,0.8,0.2943307343902741,0.7700126742579625
LINK,2d69bdab152283038a68210a776f6c0cf4b2c7e3e0af50451d1bc3ebf835dead,0.0514931875246869,0.8333333333333334,0.19295194833349913,0.10682254599423593
LINK,2d71480f3094df9c07fca18da83eecc77841b756e077151fc5f52d3e49da9570,0.0078861144527623,0.8333333333333334,0.17414646311424029,0.02878620735959281
LINK,2d902bf3f34c0c32c8a686681e413b17ad7fb5522e4e2a32bf2c4e964c3361b8,6.485644403091963e-05,0.5,0.1761075943352087,0.028272092287036876
LINK,2d9377f66eadeef2928e1e3e178ade463f1bf138e0a00b5e7230161a5b1dc3ab,0.0050554456575922,0.5,0.17523740383934966,0.03839598778442224
LINK,2d9e24bf2a267c4af4df458b07fa7779fd1677d8eee260901894d9c9cf9665a4,0.0059066842465542,0.5,0.17572572393701977,0.038138796915666455
LINK,2dbbb2bda1a1697acd8f2eb745c4c9b1e6698d6467a7420aa86f539434d5a2eb,0.0449639880047319,0.5,0.27126254467870003,0.2824295906740103
LINK,2dd0e66e6f42a184a2223d3c828806c2f81d812c8b5de29518967e8a28bf2c4c,0.0196069654572478,0.6666666666666666,0.17643839106436215,0.03799138454901929
LINK,2e0c67e4cb0c3b7ede80fec415642f54e1213d01830489ed67bd9ca329ceb014,0.1281976359264485,1.0,0.22977674451883595,0.19907193777826507
LINK,2e20f243651070266d9915e25a752324178cfb9719413176fcd2853f944e585f,0.0006757563792837,0.5,0.17993946786509765,0.08896154491849119
LINK,2e23c792d4fea2b516eec66896cc8521ce835a0cd88856277848d0fde741e0ad,0.0088304724453077,0.5,0.18361515937333037,0.05751245801655948
LINK,2f0badf44e05a0fc6dcbca4eaa47887a095611708eb2115eb4e3a175652c5179,0.3309546760559303,0.6666666666666666,0.3192237893084356,0.6682875226699413
LINK,2f378d302d0cbb32fe347608f6a0699dfc7ae22cc49cf4dc90a04fa7797090f5,0.0039945493211031,0.5,0.2112077430798322,0.23392125390811588
LINK,2f4c07c354937de9d84ac34178c1a12348300abf4d953d666f39abee1cbfd4a7,0.0548307181368166,0.6666666666666666,0.17695550814582023,0.03856407793721978
LINK,2f65a4dabcbb3e1c6bec4c1b83b489a8e3aa26a683cf37870abc24a2f8a37468,0.0133022850744113,0.6666666666666666,0.1838867501366139,0.07220403738422262
LINK,2f68700001b3724d7fb8aa229838ca65d08a22e2936abd299e2c05dc4b64399f,0.1471767229256875,0.6666666666666666,0.3299507581437789,0.4377062136475086
LINK,2f9bd35c45dc46ed09490519f3e64de1ce84be699233ce5ee28e06f5d1b445b6,0.0113667043904917,0.6666666666666666,0.18426744184223953,0.08296887959580881
LINK,2f9f7af61eb0ff17e109408c4d50913deddeb41fd1b5f49181cfdb511a2a0856,0.0119352976253638,0.5,0.24082060841677227,0.39880680296642507
LINK,2face3b1ec6ae464a3ccb9d7106cfa014a98b72d4358b12e865a3f669c5a3eac,0.0073073543722578,0.6666666666666666,0.1734158619591942,0.02574537948975704
LINK,2fcb375fdc310a6120c82907860cd3233200732504ad30ed9c1bb00f13182996,0.0073190247759725,0.5,0.20477270452110385,0.129478421889657
LINK,300db1066deac4506266bb69955988dfdcd40c1f488d39ec87004297671bd9c3,0.0348553640040514,0.8333333333333334,0.1805611356067133,0.06845492908242405
LINK,3018a1d2d785b153d654e88152788b563697f043e878dff017eb85db81d14930,0.0398615732167859,0.6666666666666666,0.19329926888989618,0.12854264146141794
LINK,304427cec72db1224dce31dd09363f1479efa2598d8730cbf260445fc5f53b43,0.0133292387887334,0.6666666666666666,0.20130053851786317,0.19448190730899295
LINK,304d60c7001879edccb6803f5c48dfa68de7fc87854980d8fe0a79dc7d616115,0.002074024610133,0.6666666666666666,0.1732800370711655,0.03523073400421063
LINK,305a70528dbdce219def27f78b457dd5aee39b84a94725a864d91afe9af8f782,0.0006835449590019,0.5,0.17755824112918916,0.044294459709198375
LINK,305ffa02ddec8226445121f1a84da175a2921bfe8a8a3bd97c00a76d206f2f35,0.0156167484471434,0.5,0.18367542250209368,0.08975928796872759
LINK,30640d8ce7d2fbfb48df1c129a6476db32ed57d622c7ff46d7d198cb7d11f1fa,0.0027332474719032,0.5,0.18226675317557484,0.06571882880636319
LINK,306c7312946454a522bd54f0ab492060a419d0861fa3b0f40ddcbdc0aad23b27,0.0094516594039336,0.8333333333333334,0.17247963690702514,0.03391758082475655
LINK,30a206dd68d12a562497f7c55d91e7d66648dded9adc49d5c73cdda9a9132ec7,0.0393011472667491,0.6666666666666666,0.18123468053009414,0.05729522155475009
LINK,3118e3304e21ff6f52fcb688764802707733a7ca05230ca5748c7144e7ee8ddb,0.0115813418854309,0.8333333333333334,0.1856253910832892,0.06280822366044882
LINK,312f906146ebc478944f51da986d4587551f227d418ee4c844302cd6337deb32,0.0032261612393211,0.5,0.17360900139402954,0.035549955756893174
LINK,314e1f05ea82e871e0b796a5a0b42f70c8e9754d3c523aba414ef27c66a63d4a,0.0254872383278662,0.5,0.22972976722542093,0.23183199671405244
LINK,315efab3530dc8ba997ab787cf48b8835c14fcd2e5bf7aa17337d1f5009697cc,0.0024365314956375,0.5,0.18697087005462193,0.06201103958310157
LINK,316720aa1854b33251e19982f109d68b8ee741754ac4b02c0b9dee27201154fe,0.0251136140766482,0.6666666666666666,0.19245925111005718,0.1601868976236093
LINK,31ac376515d8695be34d82f3755679ce11cbe78d9ca1f177c8232654ec95495d,0.0185699159480111,0.6666666666666666,0.17677784640451388,0.07282571556008377
LINK,31d5d97578c0e43f75931c268a8ddf71b04bf44ab41a89cae38323d247ab40ee,0.0160538251789971,0.8333333333333334,0.1772626424988431,0.05612592784762032
LINK,31fb8e5c201930d07d81183949e589ac832e7dfa62eca4e2f588c4e0dac0fc0f,0.0062255494469692,0.6666666666666666,0.19225164165652112,0.09326115502504691
LINK,321866395cbb105dd751d4fc6dc9006adbd8d60e488ccdf056349ee3c3c361ca,0.0203274843100858,0.8333333333333334,0.18891045007854054,0.1616457318595008
LINK,324a922e9179bf65d370df7a2aa174db087b3dcb81773c44a56c84c506f6a6ea,2.7202468471635224e-05,0.5,0.20177009672473759,0.12585078366846056
LINK,328dfc05e73b1f38cb89ef24b27f7f92993c25d4ae835ce35b72f509f251d03c,0.0063449546886709,0.5,0.17964852064490197,0.0788780683222489
LINK,32dc5cb0a5e3189cf37f38e27489a761d8be546b52534efa2b1761a555e4efdd,0.015301147378525,0.5,0.18045430657366088,0.08533739823711084
LINK,3305d99cf908c0f878149b7157dbb665fa29bb6ccbd008a01830c3bd7d42c6dd,0.0011801671379616,0.5,0.28905206498821495,0.34175595979542417
LINK,330751288e622ca1acdb40d2b4b346f9c386a541682028232e53b43b0725a615,0.0008116177426226,0.5,0.21774657234417094,0.12808300994691496
LINK,3308860efe7f893af669e40627b69bb614bd47ffeb60614453651d04bb3422d4,0.0007947236373725,0.5,0.17059041926139182,0.01910303724063277
LINK,3309e702c8e5e3ccfa94a38648c388a4b584e94f9cc99ed5a91888523255eac9,0.0438937435675464,0.8333333333333334,0.1917147577722676,0.09680314080963233
LINK,334178d670da440ebe4795fee1743c94959d1095eb514b42711579d738ee6b37,0.043671579767732,0.6666666666666666,0.17242721351126883,0.020741872205234
LINK,3342021b2bef6d9c0fbd50d484cd2fb3ff0392d30b28486c293603bb9ea82d16,0.0235629974405117,0.6666666666666666,0.18434421053169275,0.05435627396151871
LINK,33481bd7cced61a746bd2c0489ca6830d38295d828cf39b44ec8e96eb291fcfe,0.0386248460625095,0.6666666666666666,0.22696597468282934,0.1879638397640414
LINK,33982f125c6e9a709f90bb55edda451ca6966d176d0a51bccad25ea2e370cdab,0.0347081018923829,0.8333333333333334,0.17425013787168003,0.038527539039750036
LINK,33a100bd51da3962f71b926c519cbad713554ef8d7b68b1f360a579db227ed94,0.0383319230074686,0.8333333333333334,0.18764765126011324,0.10557479311788094
LINK,3416c62a3385b259b4fcf20c67012e70065519ae201da1cfbfab8092b6de17c9,0.0142826583501167,0.6666666666666666,0.17453765476047994,0.05054617301654759
LINK,346ed5b460e16ccb7c8d2392b23e14a9b7b0ca29573a1dbf1135bde8c6baca20,0.00452227332911,0.6666666666666666,0.17627819788327748,0.058429161454691354
LINK,348370f75be257a907e091655a9c418387fe46f84753567b8880164f3977cf0e,0.007635947163458,0.6666666666666666,0.17838400560429568,0.09300505867447982
LINK,34a5ad80403eaae19c7ba7a4b1b600f054d8faeaf8a3cf78cbcc2c5e3a7e5b3c,0.0319555939662776,0.6666666666666666,0.18274888444376305,0.10803431660703552
LINK,34c34066f01ffb10123126e50e8152685b9384fb6c2f6f08628e7d42fd684947,0.0125926243257765,0.6666666666666666,0.17784447066593367,0.04231656070017016
LINK,34f73260e5a67e92ec863b71236d2eb37ba7432a77bf6e1d805f6b09085b7633,0.0375420131595855,0.6666666666666666,0.1774604885418308,0.043632441026785096
LINK,3540f4e412e063fa4c75a553d98fad587a9014ae2993d4cde6b2e6435919a23c,0.0195840821600541,0.8333333333333334,0.18081038593305257,0.04123816315987019
LINK,35820df1987e93c5b3db449d070ca957e21e1cf69d10e4f98fe0451107f98007,0.0031890217861248,0.5,0.18407857113685316,0.07471449123383798
LINK,358342103720994fcb2ab0bb9ece22c962a479bd72599b2dfc29550b02c98f08,0.0447153025090688,0.8333333333333334,0.1693061676421802,0.011717373866112478
LINK,35b699529f8257659a3ab877aa3e532b2d5f9359a1351f992e5e90b5f9f8a947,0.0202081003456936,0.8333333333333334,0.17420186627107445,0.03338201485233825
LINK,35f25e93a30e29e604ab37fb7a91f88d6a39b4e9606fa5b009d085a4649cffe1,0.0028543433998421,0.6666666666666666,0.21734237876013748,0.15447756617365158
LINK,362316bfd66318cc88c6836bfe506c9db44a2daaa2c5a1f2ddfa1554b3d085d3,0.0074931092403258,0.5,0.20537640078124714,0.1594164224893951
LINK,3640f5f61ef9eb2dbd49d98f034468ca7b15c82e308dc5ff4990a01cbb26885c,0.0019783569806977,0.5,0.1780083223227872,0.046831898874042696
LINK,36ec38d7c1a8c4703a36cbe96c8f89ef7104c639ff8a73e99cffa8de1b4cb0f7,0.0164210722467541,0.8333333333333334,0.17021463673608045,0.013625945757638163
LINK,36f2b0ab76bcb07f850396744dd3acd45b7d80b55111aa9e415212aeb74611c3,0.0130841878102521,0.6666666666666666,0.18319491189452125,0.08319405284809671
LINK,372ff4251623461591ba616d58979a55ed9943e64b53361cab1b6c2f9762e0e9,0.0011588829492751,0.5,0.20148869542610537,0.13711570114929836
LINK,37415a0a4e17ad4bbe7311c8e8fe38fa5664e6214f392c04463d9ba71699388e,0.0837751763115482,0.5,0.38896167031413387,0.7969334664160376
LINK,37a4fb967d62337e29483560d0404c7b257c98d963729fd5e780d825757df726,0.0198906568535476,0.6666666666666666,0.17570005896840926,0.03430247084699059
LINK,37b1cb9f3c98411b719413ba4a310d47043b5cec81786a87c9eefb05c8d8fc82,0.0375374268895353,0.6666666666666666,0.20891719923980842,0.15347127176644235
LINK,37d647dd7ba8c939891910ce4b03fdfcb76748a44ae149a1f3092888af4e509e,0.0076104963719472,0.6666666666666666,0.1853014092478351,0.06510206336422107
LINK,380d4d2024607ef933d8220b15a8434a69b1a750e2bbae37f3a4f317e6d68849,0.0086777346592379,0.6666666666666666,0.1742423159884622,0.04294382013738345
LINK,383a98c73636446a805b975c497a290f6015d60dfb85ba39563fcefd37b79e52,0.0915025207762174,0.8333333333333334,0.1863017305150338,0.0899893687556225
LINK,38451dcef70bd8705bce9660fdae83437c217e3550eaa0352237ac6e862afeca,0.0595329540811437,0.8333333333333334,0.17980994875606612,0.04230870467591795
LINK,38a3d51b152d206ef83851c31ce769a958328273ef3d1b1e868e00b85dc28f7f,0.016902578198823,0.6666666666666666,0.17981336321869557,0.06090992358815721
LINK,38b066918f1eb9b99903c387ff345564750cf31e8a2fc423b02e6277caa55d56,0.003539068342015,0.5,0.17593751978182487,0.060919742540944975
LINK,38d44209b97daee3a1e0ca3b32ae75af977d117fa2b9dd4ebde7044ab63838df,0.0454516469922429,0.6666666666666666,0.18275970382874362,0.05455918082784624
LINK,3902eaaa8faa747217024fc6961e484aac3a4bdeb8c56f4748c28bf819792d82,0.0092465802741396,0.6666666666666666,0.1763734360335622,0.0331044712474966
LINK,39522780b7832a8d7a8af0fd57d341e42437b8d3c6fe720c5459bb4e0a927ee0,0.0471758498942271,0.8333333333333334,0.18383036520195856,0.08540047190821158
LINK,395407d4a0a8d3c5c69d235693c9bde0fa0f335df331766706cc54edbf11f70f,0.056331473468043,0.8333333333333334,0.18004965711283408,0.04948501144411917
LINK,39725b23c32f5eb972a93e46e9da5dcac9465944a05b459c6eae3ea94ac0dbe2,0.0194855821508388,0.6666666666666666,0.17737284919029672,0.041405576223836296
LINK,39829627ead2f59cb1d1a674b9697736d675a1bcbb4b917b6c4dbf29b5e4fe8a,0.0089880349612311,0.6666666666666666,0.18350355476780958,0.06251298206329454
LINK,39c29b131484b2e5420b91ef3c80e3cb45c056cd104a5fa7be5d6ac90ff0e182,0.0076798318516327,0.5,0.18244534451536792,0.06847435823097883
LINK,3a36f7197e6be8098a11cd820de69f7346a682856cc763901a35f76c4959bb3e,0.0279200314186227,0.8333333333333334,0.17439052330108384,0.031222217439928323
LINK,3a43460cfc90d55d8ffc3a402dca0d6e27b6583e8e090f0cde699a27fa8e744e,0.0003953240129693,0.5,0.18818097124051386,0.08543073088003147
LINK,3a7ce1b3ee3034b8f9625993661cc9f3f53cea11d2b952984b38b0f28a2c5934,0.0163875795128354,0.6666666666666666,0.18402826716068418,0.08188478765797362
LINK,3a8aa5543960580de1fb611cdca262ebbf841096037827427adb5a0746bbc18e,0.0385942750356823,0.5,0.3608131446701371,0.796017304013538
LINK,3ac43a968f205af5dd75b36986d3c92e86dc7be32b9b15109fe75df072774dab,0.0210978473362497,0.6666666666666666,0.17730443238666632,0.05995815180461398
LINK,3adff6f9a791520b33082a344bf095427abb7702a1f684645c51c91cd22d9668,0.0109992749001289,0.6666666666666666,0.17111984553089782,0.02346314474214057
LINK,3af414b728f33b5661e7b33a9298dc8f264ef107254f40a28f73c1d146ddbbcc,0.0471072420463328,0.8333333333333334,0.17047968793291182,0.018239071057776092
LINK,3b02f11f26da70fdbd29af9ba47d2a0a10b1ad203738fb7a6c7bd9d827a1d009,0.0023534401950118,0.5,0.1739029951289221,0.0350677188979885
LINK,3b2457a5bea6bb3262b951011cd6272d82f9935a22abd6a1f8577f2daffe0a1d,8.391464383685106e-06,0.5,0.17450297281386365,0.03469632461481126
LINK,3b5add83f8d738c41a3e147dfd749a2cc483f9a41b531521d4d1f66f8e9204fb,0.0189660327371806,0.6666666666666666,0.20929349993693785,0.16482176432555187
LINK,3b71e63fbb807baf4836c1dfb62722338728eb376790d56152d29351235da745,0.0044518227115455,0.6666666666666666,0.17727334340942622,0.04631183950308884
LINK,3b8c787b80b86ac20a8c2694832b56d30c1fac454d1cbefb98240ed9c5cb90ac,0.0249889075116011,0.6666666666666666,0.18618287737337874,0.09993986129171045
LINK,3b91abe8d586734d94a344d3b02efe36ea4821b5c3fc9d647ba53fc98b290f3d,0.1412188641120615,0.8333333333333334,0.30945352440271623,0.4479302643957136
LINK,3bc9f7a30f0fa1811979ba3624995a0eccd3b001c3c43513bb0bd69d74bc167e,0.0397080555288194,0.8333333333333334,0.1698670171585055,0.012902524971301134
LINK,3bd1da7076210a16734b308a9e4ecb318d36135912cae16c9e2adbeef3348249,0.1354800792307579,0.8333333333333334,0.2909328024093873,0.4733894994493205
LINK,3bd291f39d7716a54d960cd754cf70d7d1f1b7c7e9b7b57df1f1a251223b25ec,0.007521868238441,0.5,0.20657845230970842,0.11948447303684397
LINK,3c077d7ceeedf967d0c0aaff7a9a93b81c5f988206ce108b3baa577564df5fd8,0.0201662795209905,0.6666666666666666,0.18723328652244692,0.05576325339728722
LINK,3c5d64205969976a3d9004ec5f4a36d38d9f6431db5b65c5bc2553a241927ea1,0.0343954629501525,0.8333333333333334,0.17974659181748237,0.05953916107087352
LINK,3c79efa6b8000cc8a6edeafc71d47f84ddc29a29e994f2c2719f410798b4f9b3,0.0114364458747182,0.6666666666666666,0.1831363286573746,0.09011777525585189
LINK,3cd5e847db1290b2d9c98aa355aab35f8b8d2ee82551d504d4382747fbb0e86b,0.0291538097249603,0.8333333333333334,0.1937844317369581,0.07773633503856762
LINK,3cf19c4f28eb5e450914e766aff3eacdd1871bfd4466ed251c49893163458773,0.005466347799177,0.6666666666666666,0.184772187305197,0.05923450364153846
LINK,3cffbf73504824f63366176f0467d4ba4c7d9bf52db85c07f632e4c05c387b92,0.0063778718789011,0.5,0.2865366381308315,0.7327520666611305
LINK,3d1d1bb95990e399b3bb54e1c27174a03b76ec499d36837c1e19afd8af06343d,0.0006231498737166,0.5,0.1745582497874876,0.029379864337959617
LINK,3d8bd04f2b7d18876369ae8793a4e2dbc2a155d1218d545faa4448d6e7d9d72d,0.0638077725243805,0.8333333333333334,0.183542181747541,0.05882021675963549
LINK,3dd6d2b20e49022d4ed2bde0c25e67d6d09ac2d8d6c3b518671c158bf7a42b58,0.0178702917824879,0.6666666666666666,0.20555579939621973,0.20940955719600504
LINK,3de3c36368dbc9774e9873f0716c8966cede936a1433a40c885ab3a6190fe38f,0.0408061352141653,0.6666666666666666,0.17302949302408208,0.023740964583551218
LINK,3e187a8fd2b80ef56ed6f5b93e1d8e8bf7381b6a2486d51056ff270d9e67540e,0.1148881021720173,0.6666666666666666,0.32236780045109065,0.508512871958684
LINK,3e905b9ec295bc117b78c8cd60b55cbde20d3a838922c72fb8f5a6d31572c0e2,0.0190607951069351,0.8333333333333334,0.17254114764863565,0.027942281528738993
LINK,3e9c48344a88b23ab95fd11c19f14f985b66e5ca4d86a175d859a59b0b876195,0.1619966545072654,0.5,0.304719217442825,0.906581943876643
LINK,3ee55f6421d7182ee4ecf093587476f6ec466ddb9a48adf28aa4a25e47fd524f,0.0178279452042231,0.6666666666666666,0.1771887940323201,0.05659475140826475
LINK,3ee98a00af922e712f2f6dc101bbaac7ac998b7da2054b814b4c4596b9283bd7,0.0016549841889449,0.6666666666666666,0.20102143549305923,0.1448588662468875
LINK,3ef0b408f5d0980165b470be9677116eee7eb24dfcb70515c0042b401f9ff3e9,0.0448534547156085,0.6666666666666666,0.26890018341918975,0.3428341085437452
LINK,3efbb6b39b6b64df366a85818d572ed7a8327b92f976844af557e091e8cc85f3,0.0314019133661864,0.5,0.2559813673796778,0.4377086888890312
LINK,3f3ebef14b8d26726ea52c8cf785f3faf535601fba8b0ba985793ca00748c117,0.0124019102456701,0.8333333333333334,0.1733696194681972,0.02683561788278929
LINK,3f48f17bcb1880143fb809680b91a1ab258cfee7f85c63d9de887ed4d3b4928f,0.0218511912165323,0.6666666666666666,0.18788823120524345,0.08382868821641737
LINK,3f84813b173d9906fa007b99d5c16ee5dc4e37403accd008e272176551683d93,0.0327543722266506,0.6666666666666666,0.2254165487306751,0.25511338156947716
LINK,3fac6189d123f73a72f339de5776b5fadeab37ef47454fde9bd9e1919b56549d,0.0214366312855263,0.5,0.2151076355703423,0.19648327844649366
LINK,3fae9d115594189dcf0880f3b658234af81209244fd6e1e7539537da037cb2db,0.0091803686179968,0.6666666666666666,0.18548875823617259,0.11970829895377659
LINK,3fc1b5793aeb0d9ba845d3ce6cef7a697ce0bc948492ab70ec92108aaadaedbe,0.0306987809347738,0.8333333333333334,0.1766732497521909,0.03417371279821458
LINK,3fd573679021775b775bb4c730150e4ca7db5e5c4b6c75ed1293c6e53046ec3d,0.0143436229055745,0.6666666666666666,0.18378683334953175,0.08536306905070905
LINK,3ff86b166f09c07ad85162f3d837c8559c090c3bab809154316080139cf6b083,0.1159920118405468,1.0,0.2490350262186078,0.1902955695374024
LINK,400b06772d217645dfe5c392a5cf5dea23a46a1b518ca3f7008ec8d69fe034fb,0.0002570231926027,0.5,0.1749918616667003,0.06292562531613492
LINK,402ea87f09cf96a4e083385b9a4363ac853838334003b4f9a4e4fa5412300eea,0.0125025301466329,0.5,0.17494302394768,0.05326231488269064
LINK,403fe504409394aab8382a092bd05cd31599ba65cf01ec869147840293acca1e,0.0368225741964468,0.8333333333333334,0.1783452786414226,0.04310835934950329
LINK,406a8184f39fd5c3464344469c0e70d7d7794941253a54117f6b7b6af535a70f,0.0517146044712652,0.6666666666666666,0.19644385572459822,0.2047330128700817
LINK,407b0a4c17b5f22ffd02b16b0a2414e95411dc0a75bcf5a21109b2afe832fde9,0.0036557421901551,0.5,0.1846865033594377,0.052086064056991684
LINK,40a33ad1fca53ee52448b25d75afe9e7b158e616fc814cda6172848670e0a9af,0.0188369989709892,0.5,0.2789551693409048,0.4440182481792783
LINK,40d62889a18c58cb5d866ef9e7b4de50858da695ea376bee67d9d17cde384e57,0.0174061399175921,0.5,0.17516776192209285,0.03567495897597962
LINK,40d9e63bf0a4d8839fd9fe713331442930bd3545314cb9924649553a462b9e0a,0.0116197120802043,0.6666666666666666,0.22068619051450317,0.20517729208735758
LINK,41a49b95ca5d20af2f7f282742be07efd7a0937d7b99f30bcdeb72ad0024921c,0.0155244643903158,0.5,0.18101333328897615,0.07761964500542308
LINK,41c1985b7e34a05f9d116c0b0a486991e099df7c58f8dec6f6b61bd7b6d3edc4,0.0179643876546715,0.6666666666666666,0.18121328642977064,0.057193478181140504
LINK,41c442fb82a099d0b2b1d3d43aaebfe2054c7b03bc761ccb08896c27ca529ae7,0.0067656221515716,0.6666666666666666,0.17243602958861967,0.026395815958911165
LINK,41ce67439d4ff1b10e416a39511be083049ce9c3cabdd3b76bb6ac7b13b63081,0.0045166698874692,0.6666666666666666,0.18161268199902234,0.07565856529237962
LINK,41edfd9860970a076688fa3ff5f5c90d762e98b4c8bd829eeff71e6c61724a0b,0.0026610092371527,0.5,0.1827362449691242,0.06945166969384266
LINK,41fdef24f3bb02c808d346e0c53b5dc24d42c9418229c9b57c24dbb093d6c423,0.003194802525008,0.5,0.17716874946576452,0.0396056747123975
LINK,422dfb504fd4789d0cf065c41e3c9a77e463a87aa3deaa616c9ed00f79380ecb,0.0376563450281159,0.6666666666666666,0.18351287482609546,0.09696855977535881
LINK,42323f864a82bee333ece1c04a601bcb2f67d25e226458bb7076b7f5fc0c9e56,0.0500983572427568,0.8333333333333334,0.2046741571166237,0.13799086286187312
LINK,4263b7a4ed85874ae4d24aadeda378249d5f8934fafd0ff3fe6952beb807fa87,0.0420374991399944,0.6666666666666666,0.186471520404482,0.10694316165844091
LINK,4263d599021b7af5c0925f63949c54ccb6b8d661659ccf0d2422cef2242e2d4b,0.0683321447947,0.6666666666666666,0.39909604163153045,0.538278302685495
LINK,4264fa0cc8c1a3d194d3b899509dc27351fdadd330d23d352e0fb2d853a38020,0.0180303835031491,0.8333333333333334,0.18010219859352702,0.06245394791220209
LINK,426f378a48a71fe638f26282b5cc845d680c79ffd58a5ec18f25c48bcd0d1bc8,0.1227761068377151,0.6666666666666666,0.3825800363553067,0.7346593374662086
LINK,42d8d1d9b90208288aacf3dfa4023d27fa8d87b8457f15216a39f4c68888fae3,0.0036774476180787,0.5,0.21233318091322756,0.1894493972640995
LINK,42e40c5d60d8c9230c8ae90fa703f38b03bda3e599317b4e50a37634c44ed62b,0.0231991320939714,0.5,0.23069010548617722,0.2663393756500749
LINK,42e5d953fc3c48a9fcf6ee49f2ae94ab1758642485ee974c9cede07b6854e84c,0.0057850122785674,0.6666666666666666,0.1781493009289651,0.05653603128145338
LINK,431a194f71993d72d9cccf407724fdbf6c078073b99af711bbf0168ecbdb4dbd,0.0094139784661309,0.5,0.17055312007740864,0.0254386197630137
LINK,431fbd27da6518e6e5a4f640c0fffac1abf117b19f2603eaa3fbb87d00e8be31,0.0404757816230452,0.6666666666666666,0.18060996494446988,0.038523474759920635
LINK,4333ee9108fea588f52593bc9f30eb7931bcee44421367ccada694965dbba1f5,0.0364768990732307,0.5,0.18960071669652748,0.11313209448908357
LINK,433c3613b1946121d0b64e394c3f4442b45ce1051df16d8691253ba3a16bd658,0.0186949461496155,0.8333333333333334,0.18049456108765563,0.04193522038316338
LINK,434710ef5a0f56a38e5f87fdcfc69d9135ab06079a5a2fbf4b6feafaead81b6f,0.0009554742296304,0.5,0.17259889897910272,0.036610311843298604
LINK,436a467f5310c134140c87f3f332d34887015410ac02f0615810e5b8646648d5,0.0258074348598743,0.8333333333333334,0.1722314204470634,0.04046603444375502
LINK,437b706612ce8f4fff391ee50b2c1db2d241dcdf072bd28dd923622a07ae9786,0.0135524380027172,0.5,0.18796190777781047,0.10838933009019011
LINK,438629f39a8d4b9019b9385919ba4b8cdc406abe1ab120a6c2eb848a224c60a6,0.0144888631125029,0.8333333333333334,0.17510730783778766,0.03840309124037578
LINK,439e294a533d8b0545da1f412c03851a6e2bb083faef485dd0c5dd77cb75f973,0.0002719724538097,0.5,0.1974068140638614,0.10624214247992822
LINK,43a14a7cb14511a2b0a094d69e3b43ede54c940e1274aace3edfd9826b0dc103,0.0002307892782994,0.5,0.19781324802381964,0.14748185977768755
LINK,43aa3beaf81a8c7551f25e0b204412f61f4979c4d63dd3cd55e53a97719b61cf,0.0111632165329874,0.8333333333333334,0.17154961389814288,0.027426041705198825
LINK,43b95d04ed1bb155ca2435924a2116da37561fc4c4f73a2117c208d615825f4c,0.0078970790319058,0.5,0.16985924639920427,0.017352221359985022
LINK,43d10a2d7402dff1aee3d6905d2ba5a737d0bd3793b92daded9d15c2d77fb230,0.0191931153409417,0.5,0.19752747958790798,0.11185849764581003
LINK,43e0524ec6a39f5c6b8edbfa9f46ef3a8b23bf13578a0e0a229378ecfe6793ea,0.0087189733087173,0.6666666666666666,0.18337205995384104,0.07276005091689328
LINK,43f62d5cbbb3f524999ba6f3776c2be7a0339fbc45083a09e751cc09bf6054a3,0.0244384118604822,0.5,0.23508273885964123,0.24970433221035251
LINK,43fc90a65f2d5fd3103ac368196bd10480082f011894261436772bfdcd42aa52,0.0202250801904995,0.5,0.1754100969342272,0.03833167244490982
LINK,43ffea197391392fad85f44f6efc6be8a981aa68dbb52f28fc7c6003933f1b11,0.0610893453621987,0.6666666666666666,0.2992283022801221,0.3404033266829072
LINK,442d921b03ac258ce4674b9fd80f0d1853430d98c8e5b3c491c1b48a5f738b9c,0.0359065501440775,0.8333333333333334,0.17443785905405054,0.03376815003651371
LINK,444593f7d2b3a708a925f8596df309413e75ee68735b9cfb5969f19632c09775,0.0610644217392125,0.6666666666666666,0.21151518176121867,0.32153175495452563
LINK,447a194c54c2fd5ed85d93a18d2f40a964ebc541fe83a6e951daf4b4c2cfbce0,0.0170469878943046,0.5,0.1921342486098366,0.14160571741870567
LINK,448dd6a1f8e4927f6774169fd2a2885f919d090f5c333127ae34ea7ca78265ae,0.026314693718339,0.5,0.1971939465061535,0.1171344824687159
LINK,4490eff43a1df82c9f3d8f18901061acbdcd3dfbdc73c6a8e143368a90563fce,0.0155268321605901,0.8333333333333334,0.1820757845353416,0.05186520971188393
LINK,449592217c7e73f201786bed8ffa85ab9b7b714cd16a492a1c4971ba2251370b,0.012919236101715,0.5,0.23324848095750905,0.18469715543865636
LINK,44bd56e3f206e44e92718a4e81a60f9675e77bccf72b5a03991ce53410a0d3ad,0.0015832404417802,0.6666666666666666,0.1770789878262339,0.048068388374184944
LINK,44c8971b48dc6169189df69ee778562291f511069f73d4790d039c4bb3570717,0.0096380656347309,0.6666666666666666,0.17331529200517207,0.03259148281278981
LINK,45044797f3607aed3147ec623a179e58bdba7b42af0f93ae0f15a19564ef71d7,0.0051029352844695,0.5,0.1975178098080186,0.12768299195597047
LINK,4509c469a227e2bbca0d04b50fec79cab3ccfd2164ac89142259cfbbd5c74608,0.0134155947063024,0.6666666666666666,0.31325968413563654,0.5420039191589293
LINK,45303c106505b740063b26e43db05d5aadb190b5c9fe6752a1402900474f8717,0.0131831309035289,0.6666666666666666,0.24067654061177013,0.20278537751602674
LINK,453420ef8a463ea7164b85e790a7dd67122c5e9f868c88ece97d24f191712391,0.0140657160951976,0.5,0.20064467288754662,0.26088123380800515
LINK,454a789303d1287973c9d3897834493cd99425e9abeea7bd366607e9705f606f,0.0015286113281128,0.5,0.1807922356535601,0.07683042768339222
LINK,45510728dc679e9dbb62499e6dbd0585a43eb5a4c7e69406a8c165c051c44fde,0.0058690788189774,0.5,0.1798441224587982,0.038250827793149374
LINK,456e80c1a556fb985e459e0c39e3adb2fe48993729fecc02098be0bee9bcf071,0.0120013749302933,0.5,0.20719487005006523,0.13117646710088868
LINK,45988e4f1c24091d81c935de9f88a314976cecd53ef0532c9f1f71a8f05097e2,0.010333622815391,0.6666666666666666,0.17960894845116526,0.04860057401530658
LINK,45a30737b68ccfb799caf1ec8ff7d49257092043c1222ae74772048bdcab379c,0.0181455335727203,0.6666666666666666,0.21191614868542769,0.1353504874586411
LINK,45c4c3a621f1a344292d5f7dd0dc662172a231079d940243a2060b7df00abcc9,0.0604184110697216,0.5,0.336030458203143,0.6695047446548168
LINK,45e3cd19e0b58c1f54f46fa6274194fb087bff02aed1e41f6bf4635a62b69351,0.0252887491954003,0.6666666666666666,0.1861346351298658,0.0859974409667938
LINK,45f7662bd7f455822c5ad851efed109c16b794d71dd08fdf7dd1a077bcc7e5f6,0.0191941568506705,0.6666666666666666,0.17110936312750974,0.023589182046346188
LINK,46296de7bdf6e0258f427f9d5b3207b602bbcd51ab66cdedb7bfd28a0ba33cfd,0.0306130148079658,0.6666666666666666,0.17751621663239928,0.03061548377069241
LINK,466f7db44b2f5fa3033c644bbda3789e1f7194b445db8c8ad3272065bd6c2d08,0.028399026790371,0.6666666666666666,0.18287025327398299,0.07680673855146133
LINK,46ab209dfcf8c8e0273c78a2baa28292541419b1d335f9132bc7cf53b98f5b91,0.0649936514941652,0.6666666666666666,0.2526361025531591,0.36299691619264135
LINK,46b80d2caf0d568357a328dddec474dcf4c346ebfab18325db420ce5e5b6f8ca,0.0169963921145182,0.6666666666666666,0.17507727792743114,0.037890466832633786
LINK,46f5d7eeba355c28671ddcc3bf96430c70c02840342803b02030a4342dc0952e,0.0202027504537079,0.6666666666666666,0.17186759143931166,0.025047137588870054
LINK,47123c1f43aaf0c268986399dfd066639bdd40e9637230f69e5f922a40c001cd,0.0129244416839909,0.8333333333333334,0.17436319916027304,0.031409197592396965
LINK,47311b08fc31da2916e2da6f1b62acb5eeeac615249179e3912f8f1e785baec2,0.0677098661811748,0.6666666666666666,0.2919116883941483,0.3775785858562302
LINK,473e63606fb83de41bda16761a84a8769f5b05b28b6b4baa37c78281fa63e9bb,0.0073103685564975,0.6666666666666666,0.17582879109024602,0.0484251925350952
LINK,4744fc120a212bdf8b8f5c6633e30fd94589b64a8308b7fdcc32062b97698ce2,0.0223806048040452,0.6666666666666666,0.17092674728021992,0.02708943144196832
LINK,4771f3b86977d4fecf9390f235c1c5d40f489516e8f2a4a8e0455184aa782778,0.0180069975283026,0.8333333333333334,0.17360912473610943,0.03367850580760869
LINK,478cb980a1b9d45ae44c62afafbaed035a69c593d2da389351d9eb04aca49d0a,0.0049775463192556,0.6666666666666666,0.21424191985723687,0.18894239536398336
LINK,4793248f67341a090376dd97e157c203dabb9e45d2556aae8bc34b9b5eef3c43,0.1021750148316397,0.5,0.2994513381766002,0.6488296215512542
LINK,47abcb55e7e7a2ff6912fd87b0322604c0d1cac4c6e50888c62e0c2225912411,0.0587237661705598,0.6666666666666666,0.22707849685742293,0.2377737643384728
LINK,47bd19dad30bb3e5ebe87fca7a53a748ae2f0f77ac394dc53fb5cc56624fe4c5,0.0359450313659743,0.6666666666666666,0.17075951794466843,0.019412286970453715
LINK,47fc0a154a8eb9f41ae9165cbbd143c9c25b8baea9ae80dc99234faee51d4fb2,0.0459969416518868,0.5,0.24396762104047817,0.2618043842513467
LINK,4834f767decf0a5a3021344a9a90938545e3c268c8b6733d46a3bdb11f366fa4,0.0327426046164127,0.6666666666666666,0.17161348287178474,0.025460751020136122
LINK,485e8aae92117782c8c41f9ff5fa2ff87e0887fee4ce57cd9a1ccbd31be3ff18,0.017355901091314,0.6666666666666666,0.20351029457074102,0.23840932369338216
LINK,487a6d52c72e044dc86103c8b5e16f05603f64bf07b24a594b1f959b81e51807,0.0500334507755874,0.8333333333333334,0.16989165039171367,0.013121829560750871
LINK,48990e6a9a60d752ff06537d96c4fe5cf3a605f155224332ec986f9b844cd69a,0.0154880326859255,0.8333333333333334,0.17621224252255271,0.04003573067838685
LINK,48e09330f54a60f70b34deb454e92acd8f61080963eb74c00a84979d07f01610,0.0120666537585835,0.6666666666666666,0.18512946594653454,0.07527340659220974
LINK,492f7022af3e6e4b56453504818baeced0901669ef52897312d409a1e9f62a50,0.0272947208456928,0.6666666666666666,0.1840551158006527,0.08455716935789694
LINK,495d459b3ada5c2852f8b54ee2d60b603d97393dee68523815f94a6d3e477a54,0.0276245531177765,0.8333333333333334,0.16996904509112284,0.02321210848756842
LINK,495e9515c7e4dc540ff61dc0135410c5969b4c90a2dccbfaeb5418b6e7b02d6f,0.0337315351566828,0.6666666666666666,0.21679479319890113,0.2045991516178972
LINK,498bfc7c13bf3601c997018a37f9a6ac7160f49ef7479940c4dbe97bd633c227,0.1057577378246226,0.6666666666666666,0.2571715669299363,0.2877768053101835
LINK,49d5f088745e52558331ae956c483fada3b3d398bd9abe928a7ea9fdb7578479,0.0182916528994156,0.8333333333333334,0.17683462029178226,0.032462212100149074
LINK,49e5b893dd3cb0eeea7718683c7049aead6f9d6618da09b845378b1f51b9af42,0.0111645504893219,0.5,0.2074058627602915,0.1471505541035612
LINK,49eb0118503c33f2b9c836c87c7311dcd32d3563e03475401de8188f2c8bacd7,0.0072061462131713,0.5,0.1868357118169623,0.09545130294555702
LINK,49edf32d0b7b4e28fa3e2cc4acaf99d240639f9457af3db036fbd1d7912d1ead,0.0111152535036082,1.0,0.17905344991978422,0.05614518302052868
LINK,49f981b4ccd3c496ca6d67ad146a0d4f31698e8bfef4798b2bb8ef35a602b249,0.0109197394584593,0.5,0.24036677042821342,0.27376762427135365
LINK,49fe42604a1d29b349ae42089ddbef975727cf0d845d734c86ca1f717662c24b,0.0303389414596966,0.6666666666666666,0.1780556322313168,0.049261676281189305
LINK,4a12ee31dfe96181847d072b934807ea4e72ba6f201108d3052dca8d256e3d8a,0.0075282553664659,0.6666666666666666,0.1751649418275701,0.03944835960040079
LINK,4a38c80219b37ac4411fc199d3a24e0b1331d80ae727f6db843175c3832b87ef,0.0363103947608561,0.6666666666666666,0.2078734279067987,0.320248273272505
LINK,4a565a2893ce07c1119a397d7b94bd05b37b91024be0b0dae83385552d881df8,0.015831240585346,0.5,0.19441453492997252,0.10023400112837344
LINK,4a992dcf3adda7fd472f0fcd5076cc74bd0066f11da6cd14acd84b905780f790,0.0132750463608597,0.8333333333333334,0.17425062693568738,0.033548409368519536
LINK,4ac710b50c70e4afeb6b98c7c4981a63f7fffa4ac7699a67f1a8948c600e8c0f,0.0242558408580251,0.6666666666666666,0.17295217281952605,0.02489377224581524
LINK,4aed1c3b50b7a8c81dec35a2efdea2b373f09b73ddae30ded4516a0983e6aa57,0.0002227969941946,0.5,0.17947328514584915,0.0661633612962269
LINK,4af78d3fa24da3fc0a8f345673ad3ed17935665522c9b250ba8f761eb2ccaf2d,0.0095847487037396,0.5,0.1834306031606515,0.07343740953738913
LINK,4b466c46993b5934e2aca5dce472da183d2242a907bbea2b7456f466c16dea5c,0.0236106612659479,0.8333333333333334,0.18146490063706425,0.07939832210597234
LINK,4b4889c3f45cd5fc61f89827ac6916e977543e83036764b6fa6ecc6d719e202d,0.0139044418962066,0.5,0.23778667368812767,0.24420878737969395
LINK,4b632c819c321a7ddd087e00dbfb87a29b9614efe99fac4e608e547ced097cfb,0.0218530238434823,0.6666666666666666,0.17749005645880642,0.052470703004456415
LINK,4b664a3857f74bb2ec872e7c029ddd0c79870dd04e065adfa7ad90f3cf578bbd,0.03498316017809,0.6666666666666666,0.22832579564058614,0.2712951353648451
LINK,4b7c1b59722a1f769b4abeed0fdf9bb6538e1a2c297a6a085aef593962433bbc,0.0006654692008345,0.5,0.17367780983313694,0.029070211600579758
LINK,4b822e9ec8b47a7fde0516c2f55488bc5f9d1bf10ecb245b49b5ef1301c6f899,0.01493930045591,0.8333333333333334,0.2282683232228462,0.19367144286428184
LINK,4b8702525a2c7b4a21a34a003bf4150884539863597d41d46c08263404da9ab4,0.0052612604120537,0.5,0.18712750406966738,0.08470309403773803
LINK,4b87c4672ac7937ad64bce28554368f49d2d9fd7fd175a1d71af483b2beb4143,0.0037935446214261,0.5,0.18739461849804168,0.14014066653877436
LINK,4c03d3fe49dc7355c5b284dfe4e32cdb193d73109a649775313958ad41ccbe79,0.0296745225252638,0.6666666666666666,0.20248961959450093,0.18698681916305915
LINK,4c0562e44a18b19a93fef49d6de52fa6e00eddfe013360be016891f5bffc9289,0.0073238270903984,0.5,0.1803618391451955,0.0770455727441116
LINK,4c12db7e6fdb3b0f27ad5dd0e1d7422f63db3764d0a8c2c2804f167116ccb6c4,0.0100486708317679,0.5,0.1924630020940706,0.12726963119759446
LINK,4ca35f26e6b21913295de50a7806e36ba6a3552a96389d0df1708bd86fbabd25,0.0116730591355856,0.6666666666666666,0.1857129895106983,0.07952411304075431
LINK,4cbb8e4801a1ac8db5147a3d8c53fa9c2338f8c9329845281dba2d006a503a4c,0.0197816001817724,0.6666666666666666,0.17869251862610364,0.060711949025507965
LINK,4d0f3a7d5bbf694dab0c423bd4071f456040e58e5b4d26bf77af1f015033bcd9,0.0002139330508517,0.5,0.24453123808188995,0.36024838226169825
LINK,4d28b99be14dd9aa5b7441ed3c4fa1d2a67a68f507ca0120e07b3f02cc6ebed0,0.0882649950442854,1.0,0.23654799711555077,0.35636585949729505
LINK,4d3262be117e64445977c674d8e3be9e1acac22dde361f69f648497b74460a11,0.0033919203079529,0.6666666666666666,0.20474768467364288,0.13858621710569585
LINK,4d42f32e72cadb8006f09f6d5494e5f6a4405682d946bf1ae1521e3ac33da955,0.0110497283238029,0.5,0.1880477986931238,0.12381333308989083
LINK,4e04e9a16382d90c1bda7f977585aeade2fd504800ee193478bfac75b786b584,0.053636122383543,0.8333333333333334,0.21153751097409448,0.1192745803482465
LINK,4e316f0210d7c0421a73a82e6e6be53e096ec39c9abb078f0e8234428efe2f2c,0.0074123313211685,0.6666666666666666,0.22224595416706366,0.1610835067769992
LINK,4e8836609107a3b504dddc81c2bc1bbb53cc285940c22d4c54a49910826d19d2,0.0086689481891659,0.5,0.2065210111145934,0.13618913395030088
LINK,4e8b37d6950fbc55f69d03cfb7f5deb96ec4fc1f7c9fee9b6b32d2168e55bebc,0.0158421738450296,0.5,0.22995175390709302,0.3491197285018607
LINK,4ed8dedcb461531886f26e189901b8668346c5a520a37e4802107d072c503003,0.0171093106461264,0.6666666666666666,0.1879582860825622,0.0827841032789439
LINK,4eef2672c2be8cd25192dae33ea0d0396f7f81843da798f007d5da8a5315076c,0.0111904282698637,0.6666666666666666,0.1843294290839555,0.0826422213557651
LINK,4f16c7e8b5d1461f7ce068334b46950301c6a888493d2178b6ac2bb46495a7b8,0.0419875128026214,0.6666666666666666,0.2122461838184634,0.2191835143833247
LINK,4f2b614678565c56ec9ccbd76212c19476aa64e2d00d257871204aaf44e8459c,0.0383445569413457,0.5,0.2529163216842727,0.2936530686737999
LINK,4f45b25ded4910a08b30ca14303a5d52fb79ec1521c1053ee286016cb4c56862,0.0022292378794721,0.5,0.17950071333040038,0.05247573459446642
LINK,4f956eb233db2480ee517d224c4b26a0ab823a5169d5a471188ab08cf88ec147,0.0210449198201119,0.8333333333333334,0.17641311240921567,0.0720281078276436
LINK,4f9588755dd7f4b9e530f22ab2aaee19423908a63cd3d65d0d43bdb386c701b7,0.0169477612864887,0.6666666666666666,0.1893075031638912,0.07282243546876219
LINK,500d45b6c5668f45dcfc0e9b8d33cfb1c93d5551dd1c41bf5130762e17829f99,0.0110145137705736,0.5,0.38233243863490046,0.6716797404243542
LINK,5094cbf66ca7fe3fc9337780955a6cef30f4f1875fac7138723b0a787979db95,0.0082592033917122,0.5,0.1783338506813476,0.044206317372395505
LINK,509be178fc674cc310fb8d776810d5f45c9ba9db24625869f54af78e6fad01ea,0.1419864150449825,0.8333333333333334,0.2967766730831256,0.6503292809259861
LINK,50efa307442a2201a9ceba0045425d5fc47d8c800930a9e918758c359d999703,0.017664046504755,0.5,0.1775522036223427,0.05795010600672867
LINK,510619661256f5752c8f58ab8b40ecec40f9a3aa6b36d6dd6552d71a1fdf7a6a,0.0218187140866652,0.6666666666666666,0.18133887257988268,0.06587195771949343
LINK,5179b627e273e95e2eca0dc2ea4259ccfd6831875a98422e9e3f74e286e23f5c,0.0058951950634932,0.5,0.20291043409607507,0.19681415873130556
LINK,51ba166a2f7ce8fb1b9dd7137ecb27ec14d255b7bbdc1bddf563fd62fd113ec4,0.0175317126992881,0.6666666666666666,0.17618750511376804,0.0300023598833086
LINK,52000c8eabab007e897720125fbd570fb603e4943c77926813f859d290f31806,0.0457625820042628,0.6666666666666666,0.173268997271567,0.034796981761468684
LINK,528206b0210a077dbbcd2ce7e73b9a5c48c4fe9b96063a1d8152b22566f88645,0.026071602698623,0.5,0.20068033584692024,0.18260475130537313
LINK,528a7f0d5e45dd5fe2b800c3be059afc0b69ce4e558a76960175ec44dbc50cf8,0.008974745526501,0.6666666666666666,0.17424003613584774,0.06547806336099174
LINK,52a8efc0a0a9b96287ba3c28b5f471cc4e489fb6875b760af34696ea5157f64e,0.009732284888553,0.5,0.21496904700171043,0.19077726778807447
LINK,52d92a15fc449a70513881f75a086d657ebca5b0c5c96f50632a15e734c1da85,0.0083207198896465,0.6666666666666666,0.17938521401982452,0.04752214028244787
LINK,52f6e0c70fa275012cda094efe899f535df11b8c62182da93867ffd7f33b33b2,0.0132828560806503,0.6666666666666666,0.1730043195284801,0.025652365189525083
LINK,52fe4742fb36d11f349c32cea6068a360657d6f1b0b11e7c00b08cc576ac7a8e,0.008738554924602,0.5,0.17708286329723064,0.06028444560582729
LINK,535fb3474c8a0b285e92fb9ae27dafd4dba7d37b5a26358eac904d73ab3092f0,0.043937292508459,0.6666666666666666,0.17269892094277525,0.03020187439851028
LINK,536ea25b1235ca2f27862f88073c1185ffa51bf8ee704d1a50ad9c2da03100a2,0.0534356230622327,0.8333333333333334,0.18164110194207048,0.06021894472481827
LINK,538749f407ccc78db7670a71168e957fbcddf9020cd3ed45faedaf00b1abc903,0.0168778472410583,0.6666666666666666,0.1802918577540504,0.06331901404750488
LINK,539265151f1c5e36c39815eda0e64d9589e7738c42df8f0aeb6b8ae51163ab90,0.0930173474756549,0.6666666666666666,0.26476085948436145,0.4643249793421491
LINK,53ac79e03b41e9d65c371aed1ad939df7dabe5bc566116675498dd7efca69c93,0.0829672684725937,0.6666666666666666,0.3119079208063292,0.5905352825995946
LINK,53df29674d4797d6591fc5759b846d5abb3c97009e6a0093a118ad04eae763f7,0.0184867538644332,0.8333333333333334,0.17581838246107964,0.0374480033355147
LINK,54252d716a5fa9e487d2b6c55817c183692b96e6af7c00dfed40d86b0008b184,0.150646586388174,1.0,0.19774364058702196,0.1474575622457149
LINK,54652c6a8cf9f161879ee33c2cd05dfc8b0fef2aaec8851c78a071ca71e90df8,0.0302876235692633,0.5,0.21531803745819947,0.20439753932077162
LINK,5472bbe9f2dff5b357b85563c7f3d38e71582f715235678528771250057445eb,0.0231563066994175,0.6666666666666666,0.1835634739438588,0.06565480164201523
LINK,54743eb4e862d4f4e3e8265e26c24f414c2091ae4aea036c7ce95a9f69cd1722,0.0212558561209662,0.8333333333333334,0.1767857332315354,0.05446410714027187
LINK,547b29897fcf4e011385fdbbd3658c63ea7ae3408d76057dbfaf983025937760,0.0357714806147714,0.5,0.2754682228355621,0.8231374178740588
LINK,54b68545fa257f68ffaafc456f1702880741d97cadbd011035bb03b15f2ae9a7,0.0058090991733152,0.5,0.1837683249908152,0.06370189341804555
LINK,54ff7a398ffdf7bb0f22142167d0b17c91b92febb4badfac6aa3fd4ec645b46e,0.0102266973981358,0.6666666666666666,0.17706960150435727,0.03406905353371047
LINK,5508bb1e7028c8dd50c6a4409f52c710720d4fefcc549b3e71f218260bf7d221,0.0076608227496235,0.5,0.17639610361477928,0.04443243530240345
LINK,552cd182877fc9fab6d900ffc1d8c3ca8455ee8a020dc5c960e049d3664f38fe,0.0310253251629451,0.6666666666666666,0.23358298454672624,0.1916945276740591
LINK,5542cf70663f1f8e6a4b2a926d7798ab58ac426dd98c8e5ee6cdcdc9cd41aa37,0.0064824935049781,0.6666666666666666,0.17870148983576215,0.0416178961586207
LINK,5550271b431bd25ffaac7c7594403b9b0fd6f08ddda0d664e06b7fa3b7883a65,0.0349360610252282,0.6666666666666666,0.17646440409553066,0.05402356444094877
LINK,5572e9b5837c2e968e79bfa568acd958fedb4b2f7580615f8bbd397768876b9d,0.0035264615947262,0.5,0.1799466375490964,0.04223959516697508
LINK,5573fd6b1197877b7a0bf2ae799276efe17e9d95c01c20d0511be72fbe23605c,0.0026908850634757,0.6666666666666666,0.1721059068880955,0.022098431664741423
LINK,5599a2798a2357c1bae70ee9064abf4032559beafd3a4a691f5d0a8d55e34c32,0.0163390931410776,0.6666666666666666,0.18244157185255797,0.08718906182985865
LINK,55fe1428da6555e646a24109173ec5c2186899fea5d18e8d935d740dbffee952,0.0192254978744014,0.6666666666666666,0.16926615110146045,0.011360609853275657
LINK,56003525ccff274892cecada4459079a4fb0c9faefd9be0426e91cf3138f255a,0.0826529103528041,0.6666666666666666,0.2275975235452112,0.281479782848886
LINK,5649718941a3218a032dbf66ffd6f909b31737bf6ce3193867fe79c74ac0683f,0.0104265624484458,0.5,0.1806666853745733,0.050686249944638606
LINK,5683733725250c296a235464f69d4d49f55faa71656576057c0b56660f24d113,0.0151601091317144,0.6666666666666666,0.17390507915583708,0.03832983732980679
LINK,568bb77897f5b32b8bc5529cccc83172f0852d62a9c05f04c4eb9c5a613ac5fc,0.1074583736752597,1.0,0.2425253369453915,0.2314898215597668
LINK,5695f5ccc32dd9eac67a43cc819ed5e2bd89348cedcca56f2b7762f0f9db4f85,0.011311472773294,0.6666666666666666,0.1777197959419984,0.05671220426538836
LINK,56b866f27a98b2d8ea5b9a1f67a024184dc58bcf26e6eb1505c13665a8bb66a2,0.0161485221469249,0.6666666666666666,0.17288956426170624,0.041142761455411694
LINK,570b8ca309edc9471c3ae5bc923160f9750288f7c46c73cd0c956d4832c7b320,0.001699814623381,0.5,0.18686749110665946,0.10062097891452323
LINK,575e146016b42e93f7a6eff7e2dc15f1307414fe7789602f9977b34b3cf486eb,0.0372514684543608,0.8333333333333334,0.1763322853394565,0.0470130417255677
LINK,57623b5a454e747b6867c98495009945554fbf6eceefd29398340f83b48b924c,0.0262867675569391,0.8333333333333334,0.1734974734159604,0.03500822258062635
LINK,5794bf043145861220bf67f05b9dd9c415adca26654bfe6b0cd55897c6bf5d47,0.0049660170091985,0.5,0.1805294663892927,0.07314397568312607
LINK,57a2fbba82446001e851851ba9cafd56df54b4035ed00ceb09a1622297a102bf,0.0377420892940058,0.6666666666666666,0.1782383065725448,0.037791395890740424
LINK,57ca44b42f6b809793ceb5c3f3cc722528f2f8a2d03462f6ade6e46d0319fd4e,0.0318695989385612,0.6666666666666666,0.3554795528919887,1.0689028325748966
LINK,57cdb914d2cf595733d40da522c4cd407c2defbada3ef5f8957a38d6d534e995,0.0014165331146384,0.5,0.1855277709479892,0.0948191858013587
LINK,57d1a1bf880e26af0c50944b0b9c922dcc95d8a904cf64b2d7d60461393cc8b4,0.0082503484937551,0.8333333333333334,0.17705229585864052,0.036522167793587586
LINK,57de4cc1721affefc839e09896f97e35dd14fd9d4a43b031fb87e8da984b4b95,0.0068482493063509,0.6666666666666666,0.218892629096555,0.15814697605948674
LINK,57e5cccf95e409f664844accf52ccceb3b3de77ebac7bb0a6a39bae387625a95,0.0159449818987282,0.6666666666666666,0.2421348381817858,0.20854609052067433
LINK,57f02c88d0049b159885af2d175375e918e19089daab9ab1664498273da385ac,0.0183628498988931,0.8333333333333334,0.18813746410264864,0.08055818128214363
LINK,57f6f24a5ca25a272afcd11b50241581679d9b9b9cbb6b656e26650e031558e9,0.0299052631848414,0.8333333333333334,0.1746903051700159,0.026426174740455485
LINK,57f86506e857b8bb56b284068687ba9f67b2cff6ed06154571676e8de80d1bb0,0.0187392250069097,0.6666666666666666,0.17005725675398972,0.009385278093622221
LINK,583dd881787e83d410305df546686f5d30f7eba6020179ffc65ac82fa33d5da1,0.0496887626044263,0.8333333333333334,0.1830128518975285,0.08916548752254386
LINK,589118c917d4819d09a7d4ba688752b66ce6f4e4ff5c80a52175a98fe1d144e8,0.0229338780027653,0.6666666666666666,0.20573771638142302,0.12217793233753092
LINK,58992a005c11e21df203cdc0754f81f84855c775454846ddd2eef2e311e444d4,0.0331150793603266,0.8333333333333334,0.1701067372752475,0.01610898885386912
LINK,58c5bcbb419cd393c7dd82cd3495913ffa681dc4eefcfdcc652c25b9a4346bdc,0.2090799748753732,0.8333333333333334,0.29782463318694624,0.42025821369337857
LINK,5914a08217a90293687da0983fddc0e7d62eff732c1c12e14f32c10be57960c3,0.1267032407698311,0.6666666666666666,0.2274142787201021,0.3450896628077658
LINK,5923afd0377aea8c2c2c2505c890ddaa9a0fb83f3cf5319e6a6c622894b8f64f,0.0236954457251611,0.5,0.2508491943328476,0.27256068166505554
LINK,59b57a97470de53ca23de377a8da0a74de49455fc3abd063c6686d15447ce7cd,0.0167934820219347,0.8333333333333334,0.17353993343797836,0.04522245773093629
LINK,5a206235dca1e64ae3941cb7af6f313a9aa6547aa6320cdec50be5efec9436d4,0.0245956172364945,0.5,0.22460893631103238,0.1765174581351621
LINK,5a4bb0e41f8540ac2935e4c9baff5e13b43b88a175bcce80718410d4640de1f7,0.0375221341557033,0.8333333333333334,0.18167262144669177,0.10790377986890623
LINK,5a8d24ca7ef53c6d706b4dea27b0ba1355d18182bff7931b58f19253e59fb477,0.0357894098764021,0.6666666666666666,0.17505750659339886,0.04474575581884481
LINK,5aa1fbfedcf4c7596a314658ce881a6529035c4e364b6a2e4dda5dd8f5f59d51,0.0261993710128997,0.6666666666666666,0.1795234137191628,0.062519327647015
LINK,5aaa35b4c38a74ecfbaf22511a355743c86acdc2e74689bff2d2b58d8a901335,0.0185559487496659,0.6666666666666666,0.18063245889362392,0.05770283359419765
LINK,5ab82d41e184a410cf516e26c66954df306e9e9d58c9b8400ba58440ee4f9de4,0.0152108871088261,0.6666666666666666,0.1790900682048894,0.0723797164030629
LINK,5ac17ff6327a24cb5de7d318b1f23d06019fb248050c3c3b67d6eede66eeece9,0.0916892770285616,0.6666666666666666,0.20006071559927538,0.12282771111655374
LINK,5acdca8725cd4fb5966f4294a2263a0f6280dc933947406cf5d7d3f04b8f022c,0.0224385014723909,0.8333333333333334,0.17461147365443078,0.023050358961216755
LINK,5af98eeb61fb084157edafb9162c72d5e964b071044f0639504e2861c6c29fdb,0.028279225534862,0.8333333333333334,0.1766063387460758,0.04430602766254062
LINK,5b3a9984213c0d0dfef7d453f15a4dbdaa4ede6bcd01eb36ad37ce8d28fad4a5,0.235143584283734,0.6666666666666666,0.42083966053662264,0.6767029916106524
LINK,5b3b374955f200499f8ca24f777b8c2c07065292d805a2199a55cae60d45fb91,0.0428349432682731,0.6666666666666666,0.170846422164448,0.023021237933757856
LINK,5b583f000a5e342c667ab4f99888fa86a08c16e8d9b7b263560eac83cdf628b3,0.0284659138191035,0.8333333333333334,0.19662987915651559,0.10590376192494609
LINK,5b74992e763cb01514757f8914c6951f3f4a87ab8e357828302b22975338326c,0.0209157894965852,0.5,0.17429918267876068,0.050833607833796354
LINK,5b7eded7ed1203473add53de25f92b8cbb36fddda644239555ea25797326efb7,0.0538735467409958,0.6666666666666666,0.17884291968110283,0.06938433114517849
LINK,5b8830648a73f4f3b5e2d99fdd67c7d4e80165cb1e5bb69616fbb94a63f1495f,0.0133086035373945,0.5,0.20293613761385085,0.1276579844349012
LINK,5bd84ccaffc7b9d2e377028bb280711207e1460f904ff289f62a3a97a715319c,0.0589061191215901,0.6666666666666666,0.18394198377056414,0.05507237002840304
LINK,5bd897044a435118fa223c1b729f583628962bdaaf5e5f44275f2616d3e30686,0.0091936766067171,0.5,0.18490869586010958,0.0852667195143309
LINK,5c0830fd8ededa8956f45824bb938f2b155e81f0dd1f8166b2ccb224e20862b9,0.0178762699433155,0.5,0.30518315270509644,0.6032884793087296
LINK,5c0f0941daae3b23cc4c7a67b676c237b0d27903b0995ed5b812bc55f5e0a356,0.0713884498124802,1.0,0.18687039956810725,0.06584270219234221
LINK,5c215f6735bdb5c718829ac5bcd3a95b60a706351da417a8ee2d1ae328f5aae5,0.0321892048396434,0.6666666666666666,0.23174108348639882,0.2992305667947608
LINK,5c49e694af40702047526d5f2de079501c9df5fe6c6d34f00be7ffe353c4231a,0.0184776914114743,0.6666666666666666,0.1886485245523519,0.09167940526152621
LINK,5c88059fae8b9aaea5d573eb7153775be18798c5340fcb49ccc4a507cbf68c45,0.0238879291388165,0.6666666666666666,0.17737469356224267,0.043585848223852655
LINK,5c88ff519f07aa114e52c7164baa8f4125814139180779ccecab2c4eb002622c,0.0212520258738756,0.5,0.21749298523916888,0.1502004836336351
LINK,5c8d6509ebd83674cf618b97d4df31054901113f63a53fd188477db85eca74f9,0.0331328082799387,0.6666666666666666,0.5810686421516239,0.8505820831128217
LINK,5cd02b879c3ce26f40462dab01a5f67cda1f2ccc688ed5731cb7c1e31814ad93,0.0555691600926567,0.6666666666666666,0.19815787745847058,0.12726480945586968
LINK,5d08564c51f156421dd3d20b437a15f10688dc1e2eaeedb8ebb7903018ae86f8,0.0421466570563414,0.6666666666666666,0.18769930653729733,0.09736405275546112
LINK,5d11ec37dfd15d050353c21c02aa288a1159f453eef14903fafd20b64c604068,0.0366432910382358,0.8333333333333334,0.17594188853013254,0.05469117677653484
LINK,5d1d78c60387b44dfc8080caf601ae1cbdec36c4aa9953aaf2c38ac20c27fc1f,0.0296622381025801,0.6666666666666666,0.21081342906033226,0.22132503359934863
LINK,5d3907ef8e5163efaff9c58c3ac34510ac37dbea897ee73eacf50716fc1ca467,0.0072941111025416,0.8333333333333334,0.19117260288375648,0.09727430051917789
LINK,5d42db321fd292e8fc8d1ebe7972c2299d331dcaf5819ec65218a05d4afc3310,0.0157601654269555,0.5,0.18118195690358044,0.07705933855572122
LINK,5da9fdd4fadfdcbf5a02cc8fb7bb459ce58c46c4deef7001d01777c109da23af,0.0258077908264191,0.5,0.20907963885628955,0.12845634884086338
LINK,5dd75aab3ea062e786a297bfab4564ee1d4c0cbbbfc901383ee24ba5cd6625df,0.1274309802903705,0.5,0.2934262397155432,0.7679138402677885
LINK,5ddb07aed4289edd278b3b9a7a60c01eebf7d781b66b11746c336368d9b61d1b,0.01768453832319,0.5,0.18130323273244545,0.08309661078626593
LINK,5e23ccf6310501ca85fcd4f8f36705476c5e90445a22825138b1d0d2d2bab0a5,0.007535559119935,0.5,0.17733393444005377,0.06329469375096516
LINK,5e319470ad52bb89a87721e12480a672e442a7f82d87cb67609895bda0ff6054,0.0005924269557178,0.5,0.17630917287500456,0.029509850337769542
LINK,5e5c839b27551d98233b7a29e64ce7950752f56a4631532f4425ab73622f37db,0.1026686923245478,0.8333333333333334,0.2037286255437739,0.14843029140509365
LINK,5e643ab7ce7a7235b8c4882fc11e512c92c06edef76f0a00eccd19a25c8555af,0.0422938455878863,0.6666666666666666,0.1701097816343357,0.0214049680228413
LINK,5e6abaf31397598e18e4c2a631b5c3a7e38f351e23a613378d1906c56a464a17,0.0035743551057246,0.5,0.18609334548570408,0.10579673247131767
LINK,5e8266eccffe21ee1b1f35a0190bec6033907fe3212ae10dd29e5112328e9bf5,0.0118834654009976,0.6666666666666666,0.2023045751877972,0.15312849522472882
LINK,5f000c426a0f782092b5f4038bab1f87f2cf2f57438e1aed5e3676a62e087b1b,0.0004653350603261,0.5,0.17446313479861075,0.03454108851875365
LINK,5f0f38e407e89d034c5e2018814220728cda89d52eb55b44538897218c0fbd92,0.0098198201897096,0.6666666666666666,0.18096934971532752,0.04774967688856076
LINK,5f145dd154bc6bdf9eaf4f6eb6c79e79a64b82e714c5367e1c98d27ec1090f0a,0.0045616561252222,0.6666666666666666,0.17632404075758634,0.0330389604706741
LINK,5f440a42eb291212939c5b52536b476f33d409df5b9a33203a3c9e657c2e027e,0.0152361693666254,0.5,0.18799002726419217,0.09184174762402739
LINK,5f44ae7d370f01f4cd6f71402ecc1f40292cb659d70ef48f82bd2e19e32b47c2,0.1400366957899595,0.8333333333333334,0.2391788992411443,0.5015766421252705
LINK,5f5cb1d5c5a334203f9f7c0c238d14acc2c3b3e18cff7d1bb21b70dac95381bc,0.0383967179760525,0.6666666666666666,0.1833835862860619,0.0588053182117023
LINK,5f7079c0a52fbc41393947c8f2a394d48dd94ef76e28d9325074a48df916b15e,0.0151342842668019,0.6666666666666666,0.20449626814547842,0.1513640268673661
LINK,5fa687c456bcd131ee77cbcfcf3d4916c8918f2b73d55eb51f0d921fd3c7b4cb,0.0055030384222629,0.6666666666666666,0.17462105858277388,0.02562867140540238
LINK,5fca478bc39f4303e830d75eceba936228c1957192f674d038ea846ee693df62,0.0103790712472026,0.6666666666666666,0.18934490716299307,0.07051862995998204
LINK,5fd40ed0bf53120226ae14dbf3a67b43038b38e615045d9041d0c8ea442b75ee,0.3099638760079544,0.6666666666666666,0.32328007199548225,0.6706521224304144
LINK,5fe17ac219c78e14864b190266792fd9b423f3f7343f15f50167daac91df3bc2,0.0135524380027172,0.5,0.18796190777781047,0.10838933009019011
LINK,5ff23545144f77a72bc0d36b8d9edf178541f23ce664047fc094ba505200731a,0.0415759497840901,0.6666666666666666,0.17345798730200968,0.022211274581740582
LINK,600830644e7bf71911befc22a809f8bc813f5f6823685e8c70d4c5288b279571,0.0754464243784322,0.8333333333333334,0.1818688986105183,0.06853486889657687
LINK,604ea7108faa6fe4a6b044911121ee0606d1504f7686807f5fcdf2ab4c04b548,0.0313587964581652,0.5,0.28145609740170513,0.295385166306349
LINK,605f8ffa87c3eb371ba7ade6588faa6fc84aab4603d90221ac52c4acc8bcaa16,0.0280398958053805,0.6666666666666666,0.17031142237542446,0.020750096402559117
LINK,60a0789210b1b576e994305a191fb2484420670029968b719ed2145ebb8b87db,0.0056491290873542,0.6666666666666666,0.1710601339661694,0.023334087677704826
LINK,60d6cde846ab3116a824e0f9ea65aa03cd021d3013fe8b105558553f332591f3,0.0346413908245372,0.6666666666666666,0.2351437957436739,0.18282015614380137
LINK,61509cbf12c1fbd170ba1c39d4b80827be14fa82ec03ba13cc37034deaca9d17,0.0503992811160784,0.8333333333333334,0.1695698286111592,0.024744791542531844
LINK,6180f1bc092c1b95a84fce3fdbaa057a3429deb6fb20e0d63d3d269e327ea9d8,0.0065860688907379,0.6666666666666666,0.19762926353080545,0.12850880934525916
LINK,618e43ecfb5472b4b6ca79fef84c71c70e1f6e09cf8a86def888b05f2ebcc659,0.0190402658590775,0.6666666666666666,0.1739927571595984,0.03796915228864292
LINK,619f07355197136b1bb2ddb4433af79b93e7a805cbac69f2138d0cf06ca8c2c5,0.0120086183227348,0.6666666666666666,0.19886480907103898,0.1553186189473676
LINK,61bd4d607b20a3b9b3183c2a96aa7b9a59dc7dedeac8898ab6f4be59031b5425,0.0169435466664954,0.6666666666666666,0.20811353328419718,0.18721790527238868
LINK,61bd954e10416ad64f7124dba0a26fc89a0f33e734b43f484d29a4a715e92ed1,0.0036237769033839,0.6666666666666666,0.17394817485166358,0.02932940672077505
LINK,61d72fe941957872eb911d6fef2b8bc81682922d59937a82e8297362ea371002,0.0448129628688637,0.6666666666666666,0.17130721402878452,0.03226367217691901
LINK,623d387d06a4a9b4ff1bc7bec5aebda64f9406cce55f258801721d6e9afb36f0,0.0034326375704819,0.5,0.17062753423315125,0.019766449720221062
LINK,623e05af8470e4e9622a8bd764cac4a416093b4baea8d343c5a8ed8044948a6f,0.0012206625597598,0.5,0.24665657384207829,0.19848082266439449
LINK,624283632162e2cd3c5fa61cdaaf14c1fae447fac3b5fe301ed33b0c50b9cdf3,0.0574578792060973,0.8333333333333334,0.17611837378890963,0.055799198934667046
LINK,6278495fec9bcc183d495993c8d4d655e9ae3b420709d2c721b4d769e45f5c1f,0.0114221334545462,0.5,0.24232116547336485,0.2007374286133555
LINK,627ecfa07743788bc0a619cc860d19bd252bd661ad2c5afb8fdbaed579d4eadf,0.1087044292494083,0.5,0.3307887273912515,0.4007244998119174
LINK,62a13a6425dd569675dc35848486cdb12f37ccc328b116c6bff49c6b54f7c07d,0.0021360433996233,0.5,0.18499178966559404,0.08061070913854552
LINK,62d7a5205b082bc8111a67381b8c9ea61e35f7d67f50b5684e681415ce8e0117,0.0439751976891658,0.6666666666666666,0.17241910383170958,0.027067118536690176
LINK,62fbb65886529411e33aed7b6e01cc01df1a00c898cf3512eda8fd9faaf2b9da,0.0183208514782162,0.6666666666666666,0.18705966962396425,0.07372140455496287
LINK,62fe3f1031c53e829dc5452bfd3f9acb653e5b45cccae2157c05ce58300c93b4,0.0024404386424463,0.6666666666666666,0.17245713678281224,0.029816060060430322
LINK,632db810f999065485c0a520907cec40becd964bc8872a1a438048e17475a550,0.0273101272858372,0.8333333333333334,0.18149113170623526,0.06134497433929331
LINK,63543e1cce507c42c558776e178400100edbcf4c3490e44c9ac4e06a29d4a1e4,0.0162448940066054,0.6666666666666666,0.21728509249508365,0.1707793577744703
LINK,63b69e5e1aa1830849d329a15f45c50344d565af9a99f0d6575a54167b8d8728,0.0092224975031668,0.6666666666666666,0.1951709669999288,0.08401051457260773
LINK,63d4aef033ba91c13fdc959bf243161a050aa98aee96338f296860606d07c45e,0.0122894319070354,0.6666666666666666,0.1827606096980337,0.09485572375655371
LINK,6406e1df68b94437dedb0b722708af6fce8b560f6b4a9621b78c94f2c16a0bdd,0.0022073782337943,0.8333333333333334,0.18819190656350393,0.06554408062606348
LINK,6469052d976669fcf679d1c56af7b9a04c9d77d8a5564cba9db145c7651a8971,0.0276189834504312,0.6666666666666666,0.1828823769677924,0.0783012314543045
LINK,6494649a94ea0ac9162ecc5b1e46837380290166512cc9a7744b5f6bc216f967,0.0045558898776841,0.5,0.18157464089637146,0.06214905702817552
LINK,64ca32e8daa94c4475a5e7ded381dd18059dc0a27fec7f14dc7fb352eadb70a5,0.0678570012543476,0.8333333333333334,0.29377683587929737,0.3508479099622239
LINK,6513633de4ab6f423ebc54bb36d2a532755539a6ab4dc35aff3cdc99c60b0178,0.0542266924713564,0.8333333333333334,0.1753510155264693,0.027004639704756
LINK,652380f88e251f9019dc9be5b0bedc0ec81ee789dccc55e48b32bd5029a40174,0.0471072420463328,0.8333333333333334,0.17012023570609558,0.017540553928472737
LINK,65271b91a4b2dbc3da333232471e6350c33dda3a641e8e5d41b668129d948e09,0.0167132979862251,0.5,0.21740675139128618,0.19037157288024387
LINK,653d66f1e60431fde5f92e7cec06f3dfbc3b17334d59fc8dd32e2f9644dc9ed9,0.0125725728744088,0.6666666666666666,0.18497045874176443,0.10836270992046255
LINK,65536b9009bc3d35f73daa364565216d1ad024655b638c16240c0f16f65449bf,0.0166178548357626,0.6666666666666666,0.21892601106423554,0.15339902569267547
LINK,656b97a43b8c32cc35a2bbb62924f72784e4a57fe6da7ecbc8a9fc4a53d53a53,0.0091320762232082,0.8333333333333334,0.18465026406502583,0.11087328927866325
LINK,65728ac2790e3cb308276bd3d06446de93a6760e6c22ac3a6006306855424815,0.1385887563009101,0.8333333333333334,0.5074289215933148,0.7382676706365726
LINK,65a38300d40bd552a923aa6865d36d1b873ac33bf12d373797fa0b74ed1cd01e,0.0055979692868124,0.5,0.18276358908641607,0.06607473453479566
LINK,65c203f7c2d386c8b5425e64b380af32a33786be6f7ecac08b58defd83404f8b,0.0037118814001043,0.5,0.19858690952976438,0.11323454822461325
LINK,665d106879ed0493a581b9d88eda52ffd954db5d523acc77ba3ae56389822132,0.0061903125668083,0.8333333333333334,0.18397040306950296,0.04801153687257573
LINK,66878ca8cdcac13f8f858d8b268cb755d4a4d682275d8917a9aaaaa2f53ee4cb,0.0538054548514911,0.6666666666666666,0.17029090537817113,0.01752239400372445
LINK,66998a3b168fca7ebd0957e9bd58b1cd16f014c52ad2720e9cb99a3dc5628d57,0.0160249871282383,0.6666666666666666,0.1881188368799266,0.11495843723622391
LINK,6699ecce041dc64a55ecc04fb72d9b8904fead022c818a5ee2dd384ced243959,0.1125197283725927,0.6666666666666666,0.2879743016841803,0.606023828470642
LINK,66bbc8343bb278fa110f149014901ac53517483819065ddbb8315e51fd79113c,0.0625465006563066,0.8333333333333334,0.17877071903683975,0.07126834160674504
LINK,66cd6c2c4f1208041f2f502172382a580f2d0e94b6598c35c8af1fe7e2ed52ee,0.0373646659704486,0.8333333333333334,0.20405419624320956,0.12380364961450865
LINK,66cf3a0cdf899046681af7e4b0117da0a6e0c5ec39988ae5aa40878f9cda219e,0.0041900499368553,0.6666666666666666,0.18025130735210684,0.0691973837986305
LINK,670de31f48ffa159b83af303b710dd84bc821a3d3736c5d6fdbc8c4f04fe394f,0.0088989766579187,0.5,0.17757537144251848,0.050208467647292476
LINK,673c605c263782b73acf1db3d81c7cb462b8fef8bbff0af3d91ac5bddfcae31f,0.0150987186830135,0.6666666666666666,0.20067075760321904,0.11482362458012009
LINK,674a71ffa751b80a51ea2189632c12815c04458c3b4aeb78954efd40a8762d81,0.0089323996286071,0.5,0.17992876935454116,0.059691187194515875
LINK,6793bc17c0a94d0c7af4d5217530482371895cbbaca2afbe9b690b7af6db91fc,0.0376844851087697,0.6666666666666666,0.17232081750247483,0.021610943205022576
LINK,679be6ed8175ab8c35425305ce21dfe7b38f3e5143264400cb228a8db509b1c3,0.0095894836575799,0.5,0.22008482583117858,0.20436352467367971
LINK,6808d83d48a51d9551f8f3bcff9556f9d97044b2177b13499a2489299a8f88eb,0.0023378198244492,0.6666666666666666,0.17624789529184964,0.04416966327174597
LINK,6828aed58a9c9593ddc35d707ab0ad5ef6ecd68d06b82d750084a3a8b17b3868,0.031084070473706,0.6666666666666666,0.17573062190709132,0.039355768263619514
LINK,683b57e7dde0fd2777198e1c0eac3dff051365ae50ff49c0572a97050b05e22a,0.2204358041457764,0.8333333333333334,0.4042756232572996,0.6609757820432487
LINK,6844cb1630ca282e75d02db4f638e0c774eebdc9737be079f701f216aea9a371,0.0308867318594605,0.8333333333333334,0.17415663321622146,0.03149132072572784
LINK,6847f4a44ccc297fcd44fbe28d2ff83b898165b1e5ec4ab472e2837795ff0edc,0.0179777080084254,0.6666666666666666,0.1796103357891806,0.04931579685364406
LINK,6878200c11dfa508d121824da08f235fb168d537efaf1ce23adfda989b3352aa,0.038774833188699,0.6666666666666666,0.18108314002340714,0.09131615684705228
LINK,68886dc9d48adf83bd3cc5e21fc891d2bb8a1398fbd564a955b5bad5f20365e9,0.009894248490723,0.6666666666666666,0.18841827852501905,0.10116222797472997
LINK,69422302ffb0debfd19092dfb15da57570a38c8c9b157112c8767b419958d0ab,0.0034529027133565,0.6666666666666666,0.17683471122174702,0.03469495594622053
LINK,69513f667abe80641b329b0c645bdee02cf6d8a2e44ce8158287fa434e51080b,0.007819401067426,0.6666666666666666,0.1779788906240694,0.05548213292503783
LINK,69adda11255c5548b5245e80b0642167fdf1480852bd1c50a74e0632dc687a35,0.0086643015284147,0.8333333333333334,0.17420650930310946,0.04884735016005332
LINK,69b552e900cd98bcece1c9a27ac55480056ae6612c47f560ad77c36e6f4c542d,0.0189453100251114,0.6666666666666666,0.18194605573850148,0.06900973005452639
LINK,69c24b2431aefba98a042b7fcb4f7d87de4a6ce806acd0e143ffaea55ca13637,0.0171955730454309,0.5,0.17399444906461975,0.04208609670977858
LINK,69c61981daaa137cb03aee4c072f4dd25064e61efdb43020f038bcf2abb17f18,0.1771231979630625,0.8333333333333334,0.333397882544347,0.49886980180664076
LINK,69dd0c98a4b7f7103d1d2f63b1f11643b0158e48054e19ca9737b0829467e1e9,0.031921437800041,0.6666666666666666,0.19070873650005507,0.0923370623992838
LINK,69ea39509e1b30b89582c0d76f9326b4debac4a0760b5fd9f4b9e8baaee074b0,0.0020151919460712,0.5,0.20682823502592634,0.11836255214108207
LINK,69eef9bfb282abbbc47e16618ff4be8a2063027f1f3a47b08e0b26f737404f34,0.0510123173928787,0.6666666666666666,0.17974231862881487,0.05142103371246398
LINK,6a0797421318c46a75d527f4b91897f8caef56a1870e0d5cda7454948db27b1a,0.0066910052579093,0.5,0.21441558078088882,0.20210214870005794
LINK,6a1d41319f735e44523d444a54033b467bea913312c142c357a203be2bfacedb,0.0040379575432408,0.5,0.18618228140035967,0.09077826432154051
LINK,6a28af49fceac1a7d64f8f56d2a1c5b0f8d0385fb88c61160efb6a4c45774d78,0.007666312043458,0.5,0.18893357676899847,0.09206719898404582
LINK,6a2e8b8b5336c66d9c8221f8d4aadb06f7efe7fce185cb03456ba701657994b8,0.0379544901371484,0.8333333333333334,0.21479692740395412,0.17612043444114156
LINK,6a44516d1c8d09c7fe2f2b40a7070d784ea0ac4823da1f354f36eedb5ffba1b2,0.0040253743032552,0.6666666666666666,0.17721618997501337,0.06605394068263407
LINK,6a676fffab370381b7feb39f5910013b09a831bc33addfd67f0a7b2caad04a28,0.0033236396716779,0.5,0.22092191564501706,0.1733318928160105
LINK,6a83609cb0f3acdcbc94dc6907972b7732dee01df62e10f5757ae52969371ba9,0.0054709798914167,0.8333333333333334,0.17404245496682624,0.031935920655709826
LINK,6a91239c2ca1167bcc4db34f4827d46c5c0039d1bf5941765311d6989acfa0ab,0.0229714649078647,0.6666666666666666,0.22287721707715313,0.1554079078166915
LINK,6ade7211ca6052d8ae380bc5392517d820e0bf0db1bd896e403df3359f75bf23,0.0068695640678683,0.6666666666666666,0.17681890087093807,0.031448284975514544
LINK,6b23c50a23fded0dcb9f979749f3055bbb24fae0156c91f723094064092ee694,0.0334352150279017,0.5,0.1883287778289358,0.10352799195028962
LINK,6b36eb0d8776d6caea338a3fba528897c2f237b9f6f546514a3cf0f033e8cfa4,0.0038619494428304,0.5,0.1787187914714153,0.08671911210327657
LINK,6b519cb51f9542dadc914ad0b23b84f536262afb0b5b5e52c5efd252b227a507,0.0262522787146463,0.6666666666666666,0.18123018485342046,0.07595479766334397
LINK,6b54752da6882480d978233e9310c1e993817d5b8de6c9e13f975c29854fae43,0.171114887629431,0.6666666666666666,0.26480308292878196,0.35352833630294633
LINK,6b5e787ace6f03c0032c731accb529401eb37cad0fdfd57b18c9319e55a7758f,0.0102259608763198,0.6666666666666666,0.17257041234544274,0.02579129767571855
LINK,6b7aafd3f48a1c632afdb608469b5ba51f071032d5cbef3fefb1fc2116416c1e,0.0422850043491929,0.8333333333333334,0.17152872804188546,0.021256111919487723
LINK,6b8b91a148f3d42ee73bd9c022005cd86c6d34bef0137def64e48dea30177d94,0.0393225659536621,0.6666666666666666,0.1819647210140899,0.06620211421803013
LINK,6bced3b6a3f6ccd42131ba4db3b63f001317702fc0ce379848c39633c8f53445,0.0153506279072531,0.5,0.1795907748855703,0.050894860319613336
LINK,6be5d2308b5b9faa8214f7ca6a288af6b3a5738e0311b5c852c29bb3c2f7d450,0.0298351167258958,0.8333333333333334,0.17874140933608185,0.05980179491200862
LINK,6bf45d75f5955a91a557aea75854708cb6405d9ffa3858b2b1e92f9cd7d98e71,0.0044369481488939,0.5,0.3307073925071126,0.8969106458882793
LINK,6c1d96220eba0bc0ed3d7c3239a7d1ad3ebd6f3b1b51d0216b929a7f0e464241,0.0160173120674734,0.8333333333333334,0.170400809809279,0.016000615568023017
LINK,6c3caf64c7a21f1c0d4f627bc5c15d281d5e92af54c471e7ce8474a155af980b,0.0171635237403102,0.8333333333333334,0.16969403919245735,0.010686227475198606
LINK,6c62e29c787a165dbaa449371c971e41ce5dbf56451f16c7a0d53192127257c2,0.0102577112669717,0.6666666666666666,0.19158771666751045,0.10468203749547167
LINK,6c6c641770d505d53d33f0eb421f750cf66d954547a93502a4887f65119dadd4,0.0224683504959365,0.5,0.6210813171426487,0.8158989922511721
LINK,6c82b5d37edbaadd14b04c4ae338c0b3ffa9b26cbaa696adf845a8e56874127c,0.0120005575266908,0.6666666666666666,0.17342037861385248,0.022005254568501147
LINK,6cfdf379ce3487d84a3d0d9796d91e32e076a210d3114cb584c913f1138f61db,0.0464783528341677,0.6666666666666666,0.23421976356332605,0.3792670942843774
LINK,6d01e31a53ccaa7a438412b2b198ff401eb521bec8ec4ef7438d454f10b75a0d,0.0058879777042357,0.5,0.18308261670175327,0.051759123839101126
LINK,6d06892a8ff364e1d8a3adcf52f4afe4cc3b487c6843dbdf1dd2e885fa973aa3,0.0152616166301198,0.6666666666666666,0.19921788638506724,0.10122293638772044
LINK,6d13508c7c990fdfae1e913316987483f5fb0296e5cf0c0ea5e39aec75bde943,0.013035361028764,0.5,0.21901540845383863,0.20323824446325392
LINK,6d439c40c1e4d49704918c265bbe85befdc4016db14690dd7cfb116fce876671,0.0086438795123549,0.6666666666666666,0.19878476441951556,0.13015179092217485
LINK,6d58ad13dfc34dba3313b79bfe78b0fd562e256904f6c8be519dc7205fb8f929,0.186460705834185,1.0,0.3015129550272937,0.4177546723767652
LINK,6d5f496c3a69eaa5c20103b544c195de8c8baec0454f4fd92225b8304becedac,0.009084693950424,0.6666666666666666,0.1947383770859931,0.12997380268998324
LINK,6d8991149fb11e17def9679d83b289f534bb4679fa228605b21c619727cc5b06,0.0057365542081279,0.8333333333333334,0.178475623472083,0.053313935625757584
LINK,6d8f4c2f85f49e0721f5d2de818d6b24f6743409fb0a95f72ee2394d59c93c7e,0.0464859754303115,0.6666666666666666,0.2413353358180737,0.3987294365663774
LINK,6d9bbfb3ae875f2af2da086ff9ecfbdba21b18076a7e2bc97689f02f46f13bf4,0.0284130195826632,0.8333333333333334,0.17686028664249132,0.04157437040374813
LINK,6db00ad38fc78265663a81592c5a8ab6de5696898e0eca3bf83a6d98d67e35da,0.1009624421509844,0.8333333333333334,0.19240051157265362,0.09459347578858535
LINK,6dec7bccb89242557612fa1af0a79524959cac7037eee5f1b41c024eb9984b58,0.0463679475123374,0.8333333333333334,0.18521008975680645,0.09989986228458604
LINK,6ded6abafa6c3884f1ce0cf517be712e1b76bb20527d831a1965ea6427c978da,0.032872438036741,0.5,0.19800702489294844,0.1131376235142988
LINK,6df053baf59623bf93eefd30c16d0751cad6299641832a07fddfb28de7d50571,0.0426102528893981,0.6666666666666666,0.17297166047185206,0.022122531876391318
LINK,6df3d58c5c448a0c908b4a238ce091d76e04759a81d428c41b3eba145c1b9b90,0.0004267109625186,0.5,0.21484909363685273,0.15909275243283638
LINK,6e3053dafe8b72702d87075b0bc42f3822fcc023e4017549c05560a8254404b5,0.0116288617502186,0.6666666666666666,0.17228484095546293,0.021551951452305606
LINK,6e30b4d12a499d79fe9082a7e3426bef39b8b5649b6f8e7e8a97c2c39427043d,0.0309416200340215,0.8333333333333334,0.17935499275571132,0.046520339655609505
LINK,6e8ef097b67083d1ac0e52e648b68837d9497dcca82038258144ff383a6be85a,0.0068773684784732,0.6666666666666666,0.18425661223221632,0.057057522758183606
LINK,6e9b555095c99a022fd4bb26e346d41c2c82902ac668fd1f48949c366fa77a3e,0.0040139689808845,0.5,0.1862813741004134,0.07785020953454026
LINK,6ebe2acb9ce7d430b66cd4ef355cc53c71a6c60d6d5f5e9f6d28fb5480daec6a,0.0296622381025801,0.6666666666666666,0.21081342906033226,0.22132503359934863
LINK,6ec37a55bd6d3146e9e7026094d3cf487204a07da9447925ad8dd8f802550c75,0.0128384392568233,0.5,0.18682954283307443,0.10047301467042874
LINK,6f06920ea69443d5004c26db8862bf092e5ce9e8d7afe5522078ce221eff38c0,0.0196331570079944,0.8333333333333334,0.18148631325303213,0.059675238794497175
LINK,6f2ea9046d42f4924c4449c4f676b9ac8aa68ce2d7cb5d7387221d002b8e3ffc,0.0568939858355066,0.6666666666666666,0.1838936564384209,0.0591406120938327
LINK,6f3ee6d29b7d454924f5b67cdea42cd2cc24ce2f9ae0c96d86769ef9d34e3b55,0.0819552466305463,0.6666666666666666,0.2112897378334588,0.154200930662774
LINK,6f62d9807b9eb849340197553390c326f6784a07978d2ee0578d11d76434c036,0.0046362421072056,0.6666666666666666,0.1763349873631216,0.04219332968551814
LINK,6f979cde76fd4584e8331553efa408b517a469edba56df18d401f5ca02f70638,0.0084239805150834,0.5,0.21252904516214327,0.21965809258765695
LINK,6fa5ac93b27087902be7e83c9136b711b4459ed62e5f83782db30b75d9b6e894,0.0056964373717116,0.5,0.28210148207584285,0.3553130735361329
LINK,705589c0779bee3324519f81362e0b1a001d4ecc91a0af2f9f5d13254b01caa9,0.0011604306022309,0.5,0.19257275544165706,0.0781198337233585
LINK,70588ab46003f25e3c53050487acfe367d023efed41332b5d5308b7cb44862e5,0.0259412476583915,0.8333333333333334,0.17882238348945934,0.04416189002514064
LINK,70e52bd17cbaa568835cf52304538b8cb509e2f2273af0bb718c3d9d77d92bb0,0.0122899217268418,0.6666666666666666,0.18293434414414383,0.0924905543018326
LINK,71145745f30f7ec478f8385a786a99ffc1c8780db8406472f3f4b77b884cf6a0,0.149120679492649,0.5,0.533305231844623,0.9989773619864022
LINK,71172b332e81b33d7f36de16bdf9ae0eec98f80f56d00cf70efeb1fb610437f0,0.0471040362817688,0.6666666666666666,0.17072628918772545,0.01904620452139178
LINK,7131e13008d75bbed272a39ad66dabd5b8c062935503f59c4cc9623c78997c71,0.0478926229336344,0.6666666666666666,0.18930416949521534,0.10538816810882466
LINK,7142593787e7af6a252dfa5092b9df4c85f56c627aa17b3eb2f5c47438f78ccc,0.00479974356456,0.5,0.17952676460678543,0.05201101084259448
LINK,71674f9fb15b26bc9ca191f054b55e6ed138cb85b8fa717bdb186e3c5f3e174a,0.0191549270312411,0.6666666666666666,0.1840364423588088,0.07519842946796577
LINK,718132b34a12ea70c26c07b7214bca3636f4c01dceed27ddae60361f9640b1b9,0.0438289495533653,0.6666666666666666,0.25450268811849025,0.2335264927402053
LINK,71c4d8465a52dda438370186c72e16e86f2801ed636864b374084433b78ff3a3,0.132723556701933,0.6666666666666666,0.2579301984072661,0.35381191070401397
LINK,71eb01b5e00151ec2f2816e0e28dba0305bd39b207fbd85d4b4fadc66a88cbc0,0.0021432724343712,0.5,0.17320579289877538,0.028393467055058408
LINK,71fa8f82e171ef69641f09decd87c477842f11e6e21a85d95a62528a37dfeb4a,0.099372826337532,0.5,0.3257620969294028,0.7553229468677104
LINK,724c39e32688832401e615fada2adf55392984d15774dd08421044f86d18f139,0.047896786311762,0.6666666666666666,0.18849338316160455,0.07420196206340704
LINK,728c658cabc3f6b0e103e5b6e4beebc76e117c517bc5eceeef695ff5812d2af0,0.0028482689614759,0.5,0.17833558781624345,0.06125116870158716
LINK,72ceb883de0c034e73cc7d19658367ea6928a3d7e6f7b038fd3fcb0c58df0605,0.0251770549220512,0.5,0.19858801239203733,0.21268987999148745
LINK,72d653008e69269aee41192f678edaa10b550cb885f484ca5c8a51d40643b06e,0.0330890049763622,0.6666666666666666,0.1819035237749516,0.0824453509239156
LINK,72f3ea4226785e106a2aeb04dbfa6f33110afd4c37e7ce65ebae14bb2ee408c6,0.015682723706591,0.8333333333333334,0.17781133152953443,0.04151065984658787
LINK,731ba254e67bcc884a7b0c087847c62f8c16733ae4390057412dee52456b0ea5,0.0410765508819929,0.8333333333333334,0.18455799913306778,0.07959526384291317
LINK,7335f8c04bb36db67ecca56888646aa42d420618541423663fc44c2602af28cb,0.0503641013330136,0.8333333333333334,0.1723487091690098,0.026619877725289197
LINK,73422efd37e4c0b7414968286cc6233c0dc94ef180d615830b1db282547b1a47,0.0329669246558542,0.6666666666666666,0.17518635326624232,0.04082197239438381
LINK,734908c09645f90e3cc6a4d4980b87cc1c27d1881ccf38b913a0c0ff6c873beb,0.023714440483941,0.8333333333333334,0.19248301632449447,0.13085486413081726
LINK,738fbb6f73d69b294402c6f9b9ee2818a4e37cc5b120894be2f84f71ac0c9159,0.0195429935983157,0.6666666666666666,0.18938371307366594,0.11171186106549236
LINK,73a5e4c147ef612c82bd95a33a6b668ae514acd30cf8ad5c1c5edb0ebeaf6c9e,0.0097522673130929,0.5,0.1853203486153066,0.07192515078640523
LINK,73c6161a2db55195c594965d215a479b2f8630639dca32c6297f6803df3dc08e,0.0014212592638955,0.5,0.1891409894991027,0.09007144526631711
LINK,74029b666ac29732f0bb8f534aa2c6a770762239203b3c0e06e02f424d3d27dc,0.0167132979862251,0.5,0.21740675139128618,0.19037157288024387
LINK,740e4b650b2c4ed27a30af0114d8e3cb94fecb2b32829bb67fb8e58ef6ac6249,0.0186912306694848,0.8333333333333334,0.17837075365351684,0.031089538230245288
LINK,740fd5375eeb0a671da6f1a30d0a0221ec9b044d599bf48d260ff80895709e59,0.0054275993641847,0.5,0.1774915581078183,0.05158364874676215
LINK,7414d5536b307c71bc1da4f9819f24079389daebbf453031041b551286f6b47b,0.0035027704220064,0.6666666666666666,0.1735429607176983,0.042746756188550776
LINK,743d3ce7fb05ba99c427afc12959d51d0915aeef08ba3802efa3801023c87345,0.0207862004243754,0.6666666666666666,0.1712959178067121,0.0246858924231733
LINK,746a4d24bcd1c5a6c48a2a9cb387bce30dee521b33c5e5f692c747c2db3d835a,0.0044158502961579,0.5,0.18056455369513602,0.048797755925210386
LINK,747b0bc4a410b2a2474955c519c2525f460344ba6b84b9324646259a23a3c0ee,0.0136289051917644,0.5,0.1776593512957998,0.045823187150015925
LINK,751898724464a2bc5f00c15f35592b81d46e9c6f7c3bc2aa1ad92e5d7e80df35,0.0431652643152467,0.8333333333333334,0.18633698263370058,0.06037471193014171
LINK,7529c82f9eb9ffd3ba4043ee8f04edda250f82e526655ed36fee24ae66ed1eac,0.0167162941010556,1.0,0.17791485671755924,0.05788530424129235
LINK,752f6ab6e070ab345531430e8a84b9db130308a0b7976221d2c824f87cc1ebad,0.0132445809364333,0.5,0.1757557788832541,0.059109340463613456
LINK,75484947977ab9bcf7c5a0fcdf1e5ee59213712516cebc720d03e61bc3b96340,0.0036475792634775,0.6666666666666666,0.18881268495229842,0.09653438663342336
LINK,755108203b6e751cde4c66b35796229cfc6dccd930d7562b5dd9fb9ec321e25e,0.0149442318731918,0.5,0.38602561246319744,0.775840581708236
LINK,759a1bdf9073782548fb52d26d78410b047c3765dd2783e63cc158be1c8881b6,0.0058172839167437,0.5,0.1784038567051955,0.04795337869873579
LINK,759e483e50611a6d38c902fb1bc4fd00caa6e861f6accbe36cf85016c2ec6046,0.0078020827741421,0.5,0.1922132847371723,0.10654791951516232
LINK,75ffce2ff7dc8cd957387797340d8eb8848caeb1f962cf1a25aedd9d99abf403,0.1444140799528731,0.6666666666666666,0.32286295833264234,0.5173143363423641
LINK,7659dcdaac95f32e778cb496cf5e71753dfbb233ff06c850a3ed78c5b4fb47f6,0.0022254294909016,0.5,0.2079077577490652,0.249341967043598
LINK,76967b7e4cca0fa228a1147e980a7e8535b3ff50e30505e93138f42fca776e78,0.0127604718386066,0.8333333333333334,0.1748882772492717,0.03164623195278454
LINK,769f7283ec91d09d63d30be729959d2cd0b1d2346986088fe49dd30cae76b2e5,0.0272998580260632,0.6666666666666666,0.17795836951130153,0.04784751887688318
LINK,76b5a96fc629fc55d1a4686631db3e59aed6d8a7c88fc2f950b8043af3ef94c1,0.0412510673786687,1.0,0.17710102936517438,0.08957467221241747
LINK,76c4aa5bd411b78581a157f61be9add58c752ef0eab1c077d8ed4caa4722d790,0.0317523640220544,0.5,0.19426250494987982,0.1241471083388983
LINK,76d4e01187f006eee6a5e3f43f200107cd1baa2911e02a95f9b80642989b606a,0.0301857769413457,0.6666666666666666,0.18009770562958,0.06100061609933406
LINK,76d5d574789c3097b9a2ed8efd3b8832cb25322d2c3726dba02c7e5a8a6de506,0.0547827935193075,0.6666666666666666,0.19562052765056134,0.08799743442397907
LINK,76e39fec822c29a4f6527cd5b7953e8e44b05becf6d0620062f73c7815a8bb1b,0.0038502249193633,0.5,0.1749229018929952,0.03558942508808872
LINK,7705ceb7544edcaf6d6edd2f2f3c7202534b5d21abfe12f17ed0909247e00de6,0.0045346254393115,0.5,0.18782987141733096,0.10041846615023356
LINK,770807b284f203cebc4ee70062948bfd9c36ab1ce8d186629465af468588a85b,0.0095618208962889,0.6666666666666666,0.18754162490672735,0.058795220191248374
LINK,770c20419aeebf6b112a074be996172eeb9db4f3881d3298f880b011fb5e5063,0.0133478770541859,0.6666666666666666,0.18436766441637126,0.10339774825964969
LINK,77223e6c592b8b757237fc5ed0f53000aff2df78c7547ba7e5572596c67adb3f,0.0011657573316874,0.5,0.18008654157116966,0.06776634651198864
LINK,776858cf439baed9ea9e47c18a0b2935c1ffe6c5280921a73b601155873b81cd,0.003969397501826,0.6666666666666666,0.17846660824198726,0.05088134701624882
LINK,7781ff052dfa1d7f40390b9964f5fdc22c22ca62f6d09e33bb93100c131cc16d,0.0114722714977132,0.5,0.18009546592413342,0.06928119179354525
LINK,778f3d46c9e0e1cbbb2747ed93690e48dfb295efcb926cbf48caa221a186b04a,0.0216375350318534,0.6666666666666666,0.17287232977714248,0.025535786044842988
LINK,7798860214270243491ba2ce4bc24ec3c3ca2f3127fc97136b230b6ccf68d8cf,0.0086679294546843,0.8333333333333334,0.17115748714384849,0.02539146317760664
LINK,779de7dc6fb37c0c02c02fbc7ef014e35379f1850fc379de695675af799bb600,0.0274203688730105,0.6666666666666666,0.18655488403295015,0.103638658641212
LINK,77a0a684ae63a82d4f5e8556f38fc506828a86323ab7b30fedf22146b2bc4ce1,0.0369166394868722,0.6666666666666666,0.294615385562994,0.5490657327118137
LINK,77a57da4d4e814f0ef55f3543c3626f30bfa44d7e7a0e0ff8b3c04633e30fa52,0.0434378216598834,0.6666666666666666,0.24260064231222284,0.25659635437681144
LINK,77c8bd7a10078adf0f0dfc025053651d388f83a2aece945793fcbb668a589806,0.0048943473912619,0.5,0.2408901057781653,0.19391564376227366
LINK,7846cdc9bbe9d668b3e6edf5b8c2824139b336e3c8d3b87e1324cb4ee63c0586,0.0088473422692534,0.6666666666666666,0.1780423777751838,0.0938992343878064
LINK,784a3ea419c051068565e88ef66f6c7036058d33dd18c588fce12a41ebec07ce,0.0959521358545873,0.5,0.40013703902016,0.562766890060723
LINK,785280ed0e40a829f91a65a256691f1568c897ae8efe417a4218a23c9f88a161,0.0323474315177511,0.6666666666666666,0.21863014992887875,0.17229137469482744
LINK,7861dabb430d78da0125057f2b459558cbc1ba30e9a6bad7d438c278e994743d,0.0123037549194159,0.6666666666666666,0.183967076543488,0.060136268683123446
LINK,786590b392c3e0dd1dbdbee8c44b0659c1597cee4bd7bae0215c31217e39bba2,0.0101491259214713,0.6666666666666666,0.20194974387182188,0.12020928705716039
LINK,786b1b56bec46376b807ff31339d4f5303e93e4d273d3a8c75d4d72d4dda8c9d,0.0160724209030689,0.5,0.210459937749666,0.18778392059724225
LINK,78b39d3155f68a73d6f055a57a4011ac01b540d5a3fe480d2e7e84e6904a0310,0.0021362705505502,0.5,0.18027572727380925,0.03729292321765758
LINK,78cfec16a5453609684d2f108d9c2219bec047fe7c640520b0b6274158696445,0.0484551254091712,0.6666666666666666,0.17703965009398637,0.03605109715549859
LINK,78d2eea2fd802c115b2846a8160dfc3bd11ee1e734c88fb9a1e1d1a76cd5e048,0.1166827266283165,0.6666666666666666,0.26214117103490947,0.5133022231435737
LINK,78eaa707c64737ba53c4183ac28fad1b226d075834b338deada4ffb27ad21068,0.0128664266764485,0.6666666666666666,0.2106349509627653,0.22571511542451514
LINK,78ec403f3a83b1c94fc5123c7007087dd0376b60fad6f03a92d578b146c8cdc7,0.006064693239309,0.6666666666666666,0.20619119464196314,0.14235960808778525
LINK,78fe895ccb89db289ded6586448ac3c5fb545f6d2f415b443cb47e6de224f3be,0.0236837492944375,0.5,0.2059712231131306,0.17039195612574962
LINK,790465de6e88546b8dece27c73bf8594914006fef6d8094749fb018c931906c6,0.1607978716220093,0.6666666666666666,0.29146633324039667,0.5199378140871032
LINK,790581caa26e6eeb360aa0cba89304ee98e8e3ed176e26631819cf6eaf90df60,0.0001116943154745,0.5,0.1870517165053752,0.09122152562364132
LINK,790b1912873a2e0d2b9961d193dc768ebd61aaa650759df6d95e34f6a1a1c79c,0.0020919106123828,0.5,0.2079004254645458,0.11652100341917698
LINK,79179cefd649ee91ddaa700ac2d1f6dd0ffd83705fe3387b9c6e2948a6aac7fa,0.1820355615804667,0.8333333333333334,0.31844219816696917,0.6704339408333111
LINK,7924c26d7aebf6b481a9087f174da117bd9074d1a462d1aecef21a1c66d8c33d,0.003410687568859,0.6666666666666666,0.18179874576853608,0.1127473586446973
LINK,79438aca67cfdd8fa16a6f65d39212186693bea724aa17809d15857e7b74f26b,0.0305492185668087,0.6666666666666666,0.18391624043483945,0.09361707624320434
LINK,79484528b772913e4936f6b2f6ea48e6a28c4f9ed8b0dc249e54e44675995ef6,0.0095766345067647,0.6666666666666666,0.1786259756738383,0.051864951728666134
LINK,794867b0c61e1be750292f207ae98adb513a8b798f25a3a4a1d9ea35784eda74,0.0115148330628749,0.6666666666666666,0.1735117100796377,0.03785297584533171
LINK,79b0e5b80548d52efd721f89cfc56ea02a6ba02372e53f054c1f82f8a63d141b,0.0299819028507193,0.6666666666666666,0.17807864429946454,0.061474282736353136
LINK,79bbe87f88d4bcd8de86d59898de91e7503e874a411ea55dcc0f9de8a2ef68fc,0.0041444245953182,0.6666666666666666,0.17343890570210468,0.03791691141877271
LINK,79cf88cf0f0846530dc57e89e9557dc26a90e8f497784da4b1b6e286060a005b,0.0095716353848674,0.5,0.1924799554210238,0.12501969212230035
LINK,7a098409def4a387549db144ae99196cf9df6e6445f2c7efd2e2121f1cc328a1,0.0233678186096834,0.6666666666666666,0.1727614422896841,0.025349018696939712
LINK,7a666362d8cad2a3fb12eb7d3c758cc8d6d598b627b9494d0921e3d6f28b8c8b,0.019957484824491,0.8333333333333334,0.1806796224106015,0.04940380649764144
LINK,7a6968222aa83240088ba154a53e86c7cdc7aeda1d7566ac01805a69eb1e0217,0.0042864894549269,0.5,0.20587909759391154,0.11742377682150311
LINK,7a7b875af479d05d5c4dc219a70dca67bd0d68c282eaf0df2854dcdb9c668e4f,0.0051732828938854,0.6666666666666666,0.1832011571111929,0.07921326203326744
LINK,7a9059062ddd0727e206c31e59b9184585cca3197a2b625381b94a35aa50d69c,0.0280889720908495,0.6666666666666666,0.2075472274853596,0.18719240816796892
LINK,7aaa43fbb767e77295435fe3620a5258f7bb61b6f107d6eaced9ac4b5d39cb62,0.0233736547086574,0.6666666666666666,0.17135942296939133,0.02994255248054466
LINK,7ae335c5898393ec21565f7bf2cb3d975320f7790e62c458f254e7778d33406a,0.0148287724318553,0.6666666666666666,0.18406078227177192,0.06101734917735116
LINK,7b13f05db2c9e786e6f1f18801a39576105e5b7e96e23166d8e660296aedf2ae,0.0142610392236111,0.5,0.23544588598877525,0.24569458058162494
LINK,7b44f440dfe99e4b9791a2fc54ec2dc93231838cf7146e73271bcd824134f07c,0.0051918561741785,0.6666666666666666,0.176370244169947,0.06702642163793315
LINK,7b4bbfa120e52b48e94790f2326f32999e85e9c326284a1c674702bfe22d8222,0.0296622381025801,0.6666666666666666,0.21099179958194644,0.22079072919046108
LINK,7b5adf5b59570acf96caeeb0d28e4308bd73b077489a577ff04828aa943ae1c7,0.0109203196064712,0.8333333333333334,0.172076004704508,0.037094876398093495
LINK,7b727d986585dfd2fe1b2d05d92887ea57935c523571eb3d05b69879824e2593,0.0578686457317924,0.8333333333333334,0.18033239055869937,0.058216826966373356
LINK,7b8990b5501a417da07522076d507dbca241296c51d02431c1e4182246ee9435,0.0366857436255631,0.6666666666666666,0.21037125498698703,0.17962863133483462
LINK,7b8abc029b008ada167f1cb8c64c2fac5c187b68c27072cab79b56d646ea32dd,0.0081035685008585,0.5,0.20632147699398795,0.1283422970669531
LINK,7c24a72f36b122c498ddf29cd19cd6bcd3dd735c89d7886634baa8dfd0c0079f,0.0154771730142267,0.6666666666666666,0.17540659007817155,0.0572872219903
LINK,7c4c62a38ddfb43d39a96f752cb0c24481f4d6688e399978c2b0822613a245c1,0.0145115557600227,0.6666666666666666,0.18417127555285828,0.07181974806242784
LINK,7c5467af73030c344c28ef3eb53b8b59b347a0d7cf8af19fecfe9be41c4fddb3,0.0018280416625421,0.5,0.18310864654688683,0.060058926482425404
LINK,7c9a3a4db3b46099cd6bca5cc3851cdee3a48d766b4de772a99ea2faec946fc4,0.0192668154876408,0.6666666666666666,0.1760193464109965,0.027765152373122524
LINK,7cc6b6d495af6797e1c36a67a513186576d7fc73c512567f5217d4f7799264e2,0.0302673858681609,0.6666666666666666,0.2683156425356741,0.32731057485911424
LINK,7cd2f7744687f1b1773bc372f6af80aa0af4c339ae3f229a98d6b85897b1c6e8,0.099937526476267,1.0,0.2057718001901002,0.13464836079461867
LINK,7d0b10929f245c5c990eaf600b03d1a59fddd3aca2ac118dfa5f463660651c5b,0.0024562490180055,0.6666666666666666,0.18083116944199276,0.05957816632168533
LINK,7d25c75d8eb2ca8577b527d5d7ceaffe12acabc43dc6415e0b97dcfc72fa98bf,0.1253140890492928,0.6666666666666666,0.30761977558928366,0.651311762642067
LINK,7d6480bab5363a2d85e328439ba1260ed80c802ec1ae5f807c17ecdbb19fbdda,0.0315040187319792,0.6666666666666666,0.17446316034451956,0.055976733681009125
LINK,7de5813a03ba05bbd72cb704ae6e1b22e253725b2127be74d3001669346db183,0.0467555071461962,0.8333333333333334,0.17087629750344382,0.016370332807056204
LINK,7e2a484838e100e500f87714569b5925030907309a32d72096d1f3aaec5de3cd,0.0085466021637764,0.8333333333333334,0.1724945226091898,0.029786795891499032
LINK,7e4011bdda6bc67ff1abe19c37373c2fe683454ec4547399055903f2fac0e28e,0.0094149534678046,0.6666666666666666,0.18682663221393217,0.09443932774236939
LINK,7e61383cf90033f5f745a92eb400f3c198de82262b6660472843e33fc3d1d2d7,0.0390987340292292,0.8333333333333334,0.17344403321762886,0.028686835921770248
LINK,7e88972dae65d2a280f9559fe52795042ec802cbd291b2210fb8d3061a4f756b,0.0136507508908832,0.6666666666666666,0.21175388365220552,0.13690169088627413
LINK,7e8a067392640fff005b56b3b3fe2d3a63e772319e4e84872bf83fc7bf8c5857,0.0215485238962452,0.6666666666666666,0.17355721633815974,0.026368829893623068
LINK,7e8d5407f3e6bb5b93a86fc47433bec113ba5dcfad217f924acad8b7fece4112,0.0329892873783252,0.5,0.2185497911537894,0.16418142607978825
LINK,7ececeac320038171e467489e4d3eb79732393777467f46f6ffbae9d5c5168e8,0.0484957306718971,0.6666666666666666,0.1728434551978499,0.024374099445278234
LINK,7ee24ea2166037d6949f6a858ec8dc6fd34353ae253525dc83879e268f7841e6,0.0599879306703667,0.6666666666666666,0.25451346365967126,0.3808873756437603
LINK,7f0b2ac50e3ac50b4c26d6802bece7692fc0bcd9e4e6c0d3e58e9214b6bd2e9f,0.0450077190137555,0.6666666666666666,0.1850833346548793,0.10840506883178642
LINK,7f7dac09ab0cb50d1ba9e39dba2979613b85d0474192a4170726780f5ff70520,0.0384629249177122,0.6666666666666666,0.19641596543201076,0.11133026143078056
LINK,7f874e917be5eeff990bb548b11803c572e8ee83b975577cb359cd571b9bdaa7,0.0137065424606905,0.8333333333333334,0.17726218722299547,0.0307348009400729
LINK,7fc1c76b0f9573c4a28f2e2fdd3b7d77f7aaed7ea9b6cde214eb1b8489196453,0.1068162049650464,1.0,0.24733878207455853,0.48353688150709695
LINK,7fd4274041fef7de5d1cfb956ecd4f19774ded222b63d42da8159d0dd335b2d3,0.0264698751788345,0.6666666666666666,0.20907914409472397,0.15534831815386707
LINK,806a092d8ba97ddd95d4290370fb6fa9dec8a68db18a3deecfb88316b4b5b6b8,0.0035668673254542,0.5,0.22778511475285165,0.21113390342312532
LINK,8076564ce920f1fe35de3f212a289bc7882dc29e7aae5d1b9aee520ba1b1249f,0.0032862874948672,0.5,0.17573329535885457,0.04221154410385016
LINK,8078bcf5b9f6984fa55fe3b51daf83fa2ce172955fc7f84c3d078e0a5700aa3f,0.0127664736030519,0.5,0.1837119506685267,0.11670698627539174
LINK,8082d0f1c5bd0f4b65046c62abae40fa12a2a7f819a9a93ef82ff9578e052884,0.1124938228445627,0.6666666666666666,0.3481873454325146,0.5464783834934206
LINK,80b1c5233210ad79991c5207c889a589cd2eb042e41ceb6d3178becdb00d374d,0.036164842327682,0.8333333333333334,0.1709541846773968,0.01819620982589984
LINK,80bf5066c8f1abe6c3a4211d83993ce90b7c3a1a1cc085b38464ab7a77fca6cd,0.0077068913015478,0.5,0.18868563681939488,0.10930031993744718
LINK,80c8bd18be1aafe96e7e760162088246b5aefbc720e1e69a18c25ae183491658,0.0088943458253322,0.8333333333333334,0.17474918819075067,0.02814140630109483
LINK,80e63c801dac11fda17d9eb9f6eb0e66e0440c998aec67dd4d90a0a63593f74a,0.0530919127347528,0.5,0.2868349919806653,1.0005355740937178
LINK,80ea0a84287ed2f3759646dae2ca74fc2d36b0a2223ee18aa2d696324eec7f85,0.0096092130571763,0.5,0.17824175857592028,0.05027945767262059
LINK,80f8c0e7f5771738f06c6041aa05952e2d48d6360d253e24f08746c1816d1f46,0.0012055658400998,0.5,0.179580809067421,0.07215439499222238
LINK,8124a58fbe8943842b97710e931500a8b66ffbf203f8f417862e734d759c7f16,0.034557289547782,0.6666666666666666,0.20124864878411092,0.17806118466184756
LINK,8129ffb0d41b047387905651cb7052150b23e93f84a2f267f518d2b3fc16d7d0,0.0279875392983294,0.5,0.20280440240252484,0.16426782322527006
LINK,8131560a2d0045cc5999a355681d12cb27892e80699978becaf7f164518cdf3e,0.0064509514851874,0.8333333333333334,0.17004575711506154,0.024497007143498957
LINK,8142ec1dccbb5d0b6aa556795cd067b5e142b676f3fc37088ea11b8802342b92,0.0003616588529709,0.5,0.1696263155584633,0.014803690698848569
LINK,8155357388aac6a3938a09d5601cef55e9c6c9ac067ae4b387bef3d420860dc8,0.0732956702213004,0.8333333333333334,0.23586367568388772,0.25595196425245176
LINK,815b1c562f057ea38df60fddf3b93bebb517b49d1ddf3f0a481888528c7cc731,0.004090387992164,0.6666666666666666,0.1869559779598694,0.08195333671115097
LINK,81a3d3cd9f71486933e3d75153870dfa432fae5bc2a3666ce376355a487d9465,0.0284452124271627,0.6666666666666666,0.17979465476783763,0.05711246843971276
LINK,8206a2948d777f7b3738565557d9c8e85fa071737a832ab037769958aab16bcc,0.0286471685347148,0.6666666666666666,0.18625650296339927,0.11991281568983853
LINK,82222e272605f696cf0eb80c320c8cbe28a1e86f2fe79f77c06b6598f06ff9c1,0.0007184933443526,0.5,0.17539740461963862,0.03351065408546165
LINK,822fdf8e86575de4034cb9a188f377de420b73bbcd222c27830370209777b445,0.0308169046232255,0.5,0.21023676696590776,0.2255153209635753
LINK,82535d384c52e0a587c07c166cf43a304015164643bed4ea5cf4717cf840ed9d,0.0507950270923324,0.6666666666666666,0.17293818110126252,0.026000371901437454
LINK,827791327fbdf80f5b104c0580405fd5f2e6da564cb5cfe68ab2dd828a2d629a,0.0082283776216543,0.6666666666666666,0.18058057939655547,0.04461455839427065
LINK,82dd7fc19ca45827191e0687ae78d5f6343194e1664506ef9f8da1b4b54d2d85,0.0918670890196373,0.6666666666666666,0.25857415059148364,0.3271138322261816
LINK,830dc3d789ab703437ef23f589b15e9be908a65113d2e1b04affbd354c01e367,0.0130396114255908,0.6666666666666666,0.18184979858058883,0.06584281426608517
LINK,833c3c6a11f5a8e47ccba8dad7c0de5f45d331153e3446b8252a3e26748a548b,0.112870219202369,0.6666666666666666,0.2680082848410873,0.450815347151013
LINK,835d12d9b604c5ee86faef25fa4a1bbe1ed08861617fad423b1fe21f1309cbc8,0.0180337294974827,0.5,0.19694882122135446,0.13336231937922652
LINK,836806552fb017e46e267b03724698bcf715a71fdaf3347deda47b2c1bb5a7fd,0.0589500463264464,0.8333333333333334,0.18061389967602884,0.0710577851041539
LINK,8382f8c9baf76cf6356d6526afc3010265ace516b7385e8c2c55bfe693fb846f,0.0312317692442976,0.6666666666666666,0.17934975231139913,0.079705819873124
LINK,838f600aec1172d012f4938f3e4ae6efaafea76ca9ecfc0fc7ba867b7efbeea0,0.0337834418454189,0.6666666666666666,0.20991834036329501,0.15285802668181084
LINK,839856f46194cad86a329d91a5f9ca9dccf04b3da71fd62b98e295c1d9bf2103,0.0068695640678683,0.6666666666666666,0.17681890087093807,0.031448284975514544
LINK,83ab4f4bb8a9105cb45768f2955301307b8e4cd13fff4a8cbfd365c126e09304,0.0081742958216538,0.6666666666666666,0.17469443169646054,0.04176186448318968
LINK,83c7a0b4cd0a3411a2befeba7eb99150bcdc921ce88f7c268aff8fbe66974911,0.019876272318629,0.5,0.21997701748129467,0.22130425091588887
LINK,83e134b2491ead29b994ecf974edd9c2810e01723af7608adc513c27c7f1e4a7,0.0030533255958463,0.6666666666666666,0.17209939632318086,0.020385067688582798
LINK,83ec9c42b01e93a310d818f76dbbd0e543f71ea8189b5b8d48dc262ae4de3026,0.0328772909654239,0.6666666666666666,0.2148115537968268,0.23055232948905569
LINK,83f867393a692f22a75f7a7975bf65246f138427dbdb09277a3e7b75d5a583f0,0.0113367886360126,0.8333333333333334,0.18688960477757677,0.09621565486643438
LINK,84020a2ac7447796b53df2a186537f281c515852e71c22ae67784e1d4e37f488,0.026300144167337,0.5,0.19044454410140568,0.08917935590864957
LINK,841f992197d19eefa79de1662c229a35ab8f5d7c6274394f5484c72bcbd787cd,0.0606222764731111,0.6666666666666666,0.213861584422107,0.2308087201424754
LINK,84448959a6b3bcf905f14bf38efd8a36e0fab985cc665cecf9c4fb8f7bfc8979,0.0039064485864192,0.5,0.18685044291703862,0.05688432747945969
LINK,84e3f8b208306a329108026b2a530cb4c6eb10d411fca1af346b46b3608dfc72,0.000702596572619,0.5,0.18568622346458857,0.06621771582205903
LINK,85207b8d260bfc9649c30ccdd463a5a0cf9d495d38b965ed60fe968baf4f49be,0.1362785904835489,0.6666666666666666,0.4356123147246044,0.7030814812314148
LINK,852c96413dad7c585ad2814aef5825e4e18fbfe1b0141333e1b288d7aa840de4,0.0082371490369401,0.5,0.1820835165499356,0.047729204193855526
LINK,8568c7ba512717fae87c894949deadd92b1ab15b9cb8c0156e92efe6a6f1aa5d,0.0044398720906527,0.8333333333333334,0.17813661035726874,0.06347842391792245
LINK,85fb95461ac11caf84cae3352a051470c2647fa38421034824585534b7cce239,0.0270042874253604,0.6666666666666666,0.18786654579769704,0.07915919192418264
LINK,8610b9744e60f77d6f291fd677e18418eadbdb11ec1ccdc22da2abebec498315,0.0487069386538363,0.6666666666666666,0.175764913013211,0.03490970499223351
LINK,8612280a080d1dfa209acdf15752fc7a652d9d7c7598d19ce419f81213c25b9e,0.1119529813129725,0.6666666666666666,0.2974302827078638,0.46018340514853523
LINK,861c44dd2764f4da8881c5008e51acc64e7f03b3efbf6f9de6bd80a63610ec83,0.0410395143798056,0.5,0.26632725497831566,0.809315727241757
LINK,8638ee7f294def3a0a95e5a3d6b07768305792663ee7481b9af1f812026b5ad6,0.0619039354330894,0.6666666666666666,0.1889875702531414,0.10201079020144532
LINK,863ab3384f330be121c85feca111ed26bd0bdaf479de6de8a2b88e3e3efcbf31,0.0321132834601597,0.6666666666666666,0.18249248390534253,0.07751912144983973
LINK,863cefded8623eb16f03a00cbb8094ce38fbc4c464f86dc735dc766cee056c2e,0.026328920269722,0.6666666666666666,0.17608095857637815,0.03503655325050858
LINK,869e96be34cbee7a999916cb1fc5bcfe5922ffe07ef90dfd1000c8c7f7bf7d87,0.0418082747162379,0.8333333333333334,0.1772546497949862,0.060395744063277995
LINK,86a905e5772bf8fc60a1e9a37bb5d428a6182b1a770173c913db4d072cc87286,0.0098063340901977,0.6666666666666666,0.18596459959449546,0.07651547391017159
LINK,86a9d2baa343b19f5941e5fde2a19183a767270498d678617af2bac238b8b5c9,0.0233327644913042,0.6666666666666666,0.17360516348488184,0.03602296431323359
LINK,86ad0f7d73495e3bee51505c5333a102f11ee0bb7d1cb2ca3b88ba5096982570,0.0045105371249077,0.5,0.18440051816334643,0.0810930834080721
LINK,86b86189e428e00c1fbe4d2a9575aa265d9921000ef8f53ec71f6e3e288a3ce1,0.0291082970043338,0.8333333333333334,0.17330473497827376,0.02726864774682752
LINK,86f1be26dcc3170eb1f58414a984e44b8ec64e1fe06f2459d06bfb80ab39bdaa,0.0266222339309911,0.8333333333333334,0.1736972362168803,0.04592507557429799
LINK,86f923d211d8fa7114e8ef300be2c77e5fcaecfff8ba18fe671c0d6aa34a3838,0.0007339380199805,0.5,0.22384796436709575,0.1677551727102875
LINK,8704dbde2f4f28444985b86ec858317796e1b4b8ee2204c749935317f8e02204,0.0030762542831432,0.5,0.17488875436249582,0.03941617433865143
LINK,87214a9ed00a485754a1db72cf30a3c1d8ed15dfc879efd1aef6320b95776152,0.0027646242560603,0.5,0.16911910737890984,0.011970092944652426
LINK,8723374d41bf73d116cc24c318a7e99e2e59fe1d9e379d27e4ba2917871ab018,0.0134782349452369,0.6666666666666666,0.21649010647170738,0.1884932425143634
LINK,872df91a4a492b465d40bd664714733fb7132b77352ae0ab588ceff48c1bcb88,0.007489439135819,0.6666666666666666,0.1807439835504074,0.04463768246127757
LINK,87b47e281127ac6f109cb292dbebf46f03e4c84cafe29c9a4ee7cf59eae3b4d5,0.0002860136950882,0.5,0.18505743908114908,0.07693968766853773
LINK,87c28e043a53d210e2b2a6a0276f339e83d4666247c90bc9f93009fae8376dc9,0.0124341734001211,0.6666666666666666,0.18404871998278893,0.08276849312042696
LINK,87e7c69b851dc8106653fe885362fd1e7b66b65b27893f06d74a0955cbc12dbb,0.0061207116714049,0.5,0.1788693268033854,0.05436246610108853
LINK,87f22d360e923b876dec4d8ef31439164a7846b355d7b39cafc3c4e3f76fde13,0.0194219346011699,0.6666666666666666,0.18287911749153518,0.05847647873093196
LINK,88103d5257ba2137c428f669ca73e22c12d6347283e8dec9e0c998321adcb5fe,0.0111129641055082,0.6666666666666666,0.1843260785809457,0.08645727461567905
LINK,881fd90cebb57d5c637910de116e56d6f1ab8039e33165c36c9b77109747a93e,0.0035952596379378,0.5,0.19130739217214487,0.10950515247268804
LINK,884f6780f448a68bee03bd90291d61c09ddcfa3a02d26e3b0a301876286c28dd,0.1785369761109423,0.6666666666666666,0.2742517855988539,0.9273270519900018
LINK,8898bf3d0a8f0561ef1bbe670cd4a56f8d56cf9df0534d552b2afdd9752dffc0,0.00854435279676,0.8333333333333334,0.17558771060285905,0.054667751782015626
LINK,88e84a070116d32418a21d8ae670ef3ceb3665dde962d9810715365ed4735179,0.0135578913555969,0.6666666666666666,0.17871533288675087,0.04118531747468869
LINK,89384f3b9c967a5d5fbd99a685e8d63130ff005dcf960623ca99c3decf618c00,0.0664132837626226,0.8333333333333334,0.2272996042223798,0.2207827999341749
LINK,89593ac31d4c2d83aa07ade5a4ac57d6dd042292cf4e15515b35c72d00945f53,0.0063917585815775,0.5,0.18321836836714625,0.06231470192983908
LINK,89b2931a32defa21a55cd70b4ed2e019d2881052e60d7f334a1d7a3cb8d2cc0b,0.005459595467584,0.5,0.24594136300156805,0.2261807938528842
LINK,89e2b1905f67f4b67bacbd32bd587f52c113dc9e12a7f76619160cf4b962443c,0.0253229797723489,0.5,0.3381443679135801,0.8232416118225043
LINK,8a2c5a02691906cc45f5d81b35a98ff4bcbf4647bd7aae51874289c2684531ca,0.0061673396802519,0.6666666666666666,0.17694454811025043,0.04916272053746597
LINK,8a4ff70e598a3414525dd199440bb702afa21e89c9681a23a6ba69f540863fed,0.0061834651555292,0.6666666666666666,0.18524416645637373,0.058006382365099834
LINK,8a7033c3c72c62f95a3ea952afe571f38b6fda4b464d816724be0818ad99e858,0.0137408144017662,0.6666666666666666,0.17459144836290136,0.03924560708507124
LINK,8a79445131ae065364f3d59931959373cad3a602f643287164655b7739fb23e2,0.013154738404818,0.5,0.1874152156029289,0.08364980657833038
LINK,8a945ec9efccf4e1fdc566a73e0ec448b16df7c4c64143d8418b34a1f4437e06,0.0307433349304671,0.8333333333333334,0.1752904037736014,0.029217660315958443
LINK,8ac88ffff95cc53d95b837f1d28a3d3cfe930e178aaf3d0e1e263276d5244e59,0.0505568176629211,0.6666666666666666,0.3656201558660913,0.6708376997355961
LINK,8b626834b7b2e706afc7bdb998b07b2e25d85596e3f5b45a5bfbc4222c45ed12,0.0162240196005987,0.5,0.17510079363262393,0.05761649571453144
LINK,8b6ebf0c2b5e0a2f86f8f31356958ec50ecfb4256e353711bb5ee395c326f5dd,0.0042473923253874,0.5,0.1781995036839594,0.03880278545149348
LINK,8b832caca1a9bb06334fb86a3241ac90727ffe54fa3ef07b5504f2a15751e2e9,0.0471446534355972,0.6666666666666666,0.1737761650173873,0.024519293027610908
LINK,8c0abea45b61cfac477d245e38391d5791a898d6a8fe605e24553e92df55b9ee,0.0742129800383993,0.6666666666666666,0.1867341171006901,0.10431033196381136
LINK,8c2f001a54596accf15d44fd197eaa1228526015890a4cf2edfbc4921e90e80c,0.1572893714097987,0.6666666666666666,0.3517236428211826,0.6576092092946294
LINK,8c7348587e50a89c29bd67184c14ad2854d9bc3b04121edd1a0e70d93cf82b9f,0.0083067120402438,0.6666666666666666,0.1777581949016968,0.06153968990574644
LINK,8c782f524d56e32d11c268dbc533c631035bccfd047a778ebd21d37108f3d09f,0.0098977811591334,0.5,0.20063282742524094,0.12936286254886462
LINK,8ce27180a9cf5af2d10bd9e7befd1bff0e1e130d78182c15c1550673939239fc,0.0324207354959823,0.6666666666666666,0.19383877037803796,0.09273595128129206
LINK,8cf2b2426dbbb111d2cf42f510916be39d13e37af2ee00c02763fa482fbd0299,0.0256432875319031,0.6666666666666666,0.18078641089861708,0.08126181209408448
LINK,8d1dfcc19802fde63bbf8210e8d8e5f7f36d3209bcd3a9b3c41912582b22a9c1,0.0031890217861248,0.5,0.18373326409422383,0.07419344715395802
LINK,8d3ce728f14f56206a3f1e8598d0be5cc470107129752843762b9dd1567344ba,0.0007177916308187,0.5,0.1888719802970985,0.08918121033025589
LINK,8d56d7085d23499f3dc328129887d6552a42ddc00c5255eb39ad4694fff006e7,0.1024520487995405,0.8333333333333334,0.22781573053866605,0.19043310907988237
LINK,8d76c401c05039b1cfe683f26d7fa054a319e94c0e8649afbf17f61b28ed163b,0.1129380436302039,0.6666666666666666,0.24656117351890752,0.35838380425237026
LINK,8d8a6463b6774d1d49bdc5f60e9ccee078688a7e872c2518b8f47b71ab5180ad,0.0099568967778235,0.6666666666666666,0.17581376922630051,0.037372819368862185
LINK,8dc120b1b6575cf4c6ffc41f50326c67fa150d30756d7f110efacedab9b0bda2,0.0307031256864894,0.6666666666666666,0.2113779187795228,0.13308343167540293
LINK,8dc67050d29689b07ecbc0c7d29f29ddf95e492f485e7f5822194f32a8c9388a,0.021156916751099,0.8333333333333334,0.1707504356265771,0.023104619396364056
LINK,8dce700845c2051c66bff50e1020195f23821442005a3e8f9ffd19bad8390311,0.0229518768857818,0.6666666666666666,0.17583899003573694,0.06444553340355917
LINK,8de194e416522c8f6be45c47036a8faabf4731971faf7abccd5c7e6453547584,0.0271845936798174,0.6666666666666666,0.18160648331238263,0.057802004476646025
LINK,8dfc420391507a09758df12faf4def2cc55adfbb5b437aee4a228ba2d3c2ce1c,0.0035228387171675,0.5,0.21032839702602182,0.1336932864899227
LINK,8ea32ca3d5e322bf64ae94a0836cd1173e940216aa5d08dad201262bbbf2b204,0.0269724497290055,0.8333333333333334,0.17325288355737228,0.03073568757298907
LINK,8ea49340bf49f796a783db7151e36671308505ea568c431e2e742c2d3e7e89bc,0.0010743938733422,0.5,0.23678641646969048,0.2122242265559476
LINK,8edf51d16095e7553d0042c3d377fb0cfb18b9ed89152c41df6a11b7ad5f1261,0.0376980791572834,0.6666666666666666,0.18536989066320111,0.10009886848489005
LINK,8f09db4e9336a15a83cc45cfc591488cdb3b59ed875a330ba7a00991dc19fa8f,0.0014170086049449,0.5,0.21407173423446074,0.14848545469951077
LINK,8f447fcc0af1747a4454a18a450fc66f51f265f14325e50c4260b42b68efdd24,0.0301744062882874,0.6666666666666666,0.17592220416731988,0.04284387162285057
LINK,8f59af57f1dcad5a0f5ae8c148b678ff6a3192067bd41001bb14df00aa70276e,0.0320112742645895,0.6666666666666666,0.17884907944676592,0.08687745221508786
LINK,8f6d8d5ca52364c11253a4a514367240514d88329e5484ff86ecc7ec4aebb51b,0.032277572607422,0.8333333333333334,0.17732159077674614,0.05871768608067708
LINK,8f75d1036c2541578496a002fb0d7f2ef4f6b8286a0c4b563d25e56b56aef9cc,0.0003879296858111,0.5,0.1849844354255012,0.05513790689279878
LINK,8f7d9abd9cf7b4f1639376b700ae8eaba168c44e57aeb07ebe9185061c669e87,0.1168935260815254,0.8333333333333334,0.21669324387490838,0.2235838932817721
LINK,8f97326e1a37a02e658cd73ddf259a7ff15a1f1c3726fe40aaa81fdf164029cc,0.0102296695126725,0.5,0.19116390158990162,0.08849116839919283
LINK,8fa5aaa0dd68b8d54d4c8f4fab35f0b3c816e529f7fad65f7a5da29b3a5e43db,0.0150999807242181,0.6666666666666666,0.1772638003040588,0.07069366627598553
LINK,903dad4a7d00e685faefd3d604b8ca9e40457003e86fe9e241ba5efe23373a14,0.0029503375645963,0.5,0.18199359055792866,0.061436861894066455
LINK,90aa2db1ec2c9897725b0c8fd8dd2b83fdd2e3d6146c064b8cddb10ef24e9f5b,7.529611977651063e-05,0.5,0.18702424847599172,0.07343891931236565
LINK,90aa3464f00472ba14adcc4f6d1905d7ad881fa95716608cd1b687be13f5a7fc,0.043051062546758,0.8333333333333334,0.1825590519115566,0.08133792350581524
LINK,90b9e8fb5b889bc4c7b58f27244db9ab259b55253511f8d8bc55251dea6ad973,0.0536852361059757,1.0,0.20599788222215373,0.10638559886943728
LINK,910486583c7b977353970fe3f954ff014cbce2e62d31c8475f46e39f2816a974,0.0173853836912316,0.6666666666666666,0.2432136282339081,0.20977006400423456
LINK,9115bdfcd30a5013adb32006683646685ef7118a68e4ffd00325bf598e6a1b41,0.002218659855862,0.5,0.1861391131159228,0.10912555706770698
LINK,912b9f7210b27a8a919e94cc9fa15339fe0e211ed64043f01b794e4ae2272ece,0.0105807690590744,0.6666666666666666,0.18696736210972426,0.08677065248984366
LINK,913ca39a7e350c2c56791efb7ab7226e9fe09e0c421d6163722eea843fe9f529,0.008103815696187,0.5,0.19646097446062669,0.10007006690715105
LINK,914185e39c0ab825c94b645565956ad97fadb3efc891937721e777bd7def3241,0.0211012180997297,0.5,0.1902551311665877,0.09600904888372488
LINK,914d0d46cf786a471001150b3f83257c6c0629e5d0d44fb2523c37f9cbfa886f,0.0159091602659249,0.6666666666666666,0.17808723941247062,0.0528335358148925
LINK,91d5f9dc383d60b25f3ecfae5ed0b81206378d605a37e72d3bc3826fb9549629,0.0229864662673759,0.6666666666666666,0.18428064830968668,0.10096157150393739
LINK,9240767002f097368055f6ecb8b7ae3dc1874977a0b1f03b8d4430fd7e4af490,0.0145904752887248,0.5,0.19749634842726269,0.1493531352052977
LINK,9254528fdeffbcb647117483978cb3f09aed4ea1febf4605303f08a647457d76,0.0060636863218215,0.5,0.18436464013128834,0.09149233508464377
LINK,9257d0496839c0f3c9614b3858d6cdec9d122aed79f4538ed76ad4f57cc0c3c1,0.0165294383713249,0.6666666666666666,0.17739865730170198,0.05219905938025902
LINK,925e843da80e5790a6c22ec72a7a0aa8dac4e6f12bdefc3ec5095fc9e077625a,0.0240328564674976,0.6666666666666666,0.1788170365940681,0.04946329662839937
LINK,926f79bcd2def319aa71a4b809e99aba32b71c1138c87ac4f4f7eaba2ddc99fe,0.0092899377047063,0.6666666666666666,0.1809602770732796,0.0659326827506477
LINK,92a8c4cbb21c13e08afa665cae04023d69269692aca65f21f95d03e3ebbaefd3,0.0166033067559768,0.6666666666666666,0.17528386451518196,0.03117652597744099
LINK,92a98f245685581e4aba24e56f7117db77e4b2739580b8f86f661382a6f69e1c,0.0003879296858111,0.5,0.1849844354255012,0.05513790689279878
LINK,92d65473b38539b95a3e77289299c42adaddbce2c35eb35a7ad43f5244d6b75e,0.0123526472907161,0.6666666666666666,0.17932692578556175,0.04633458847358587
LINK,92e5929e757142eef663771da04dacb7df328a7f7c5efb4766deb566b0702e83,0.013108924300521,0.6666666666666666,0.18092154136849023,0.06511278005006561
LINK,931c5a649e3c05072acce58fa9a943372c20b489e72caac2283d2b751b7a6f71,0.0111329801717093,0.8333333333333334,0.19777523651606707,0.14165393043247795
LINK,93258dd29e5f60b62ada24cefc78ad36b5f0a5843699bc7003f4145e08a25949,0.0783362030051282,0.8333333333333334,0.19968523852680609,0.15214174685586238
LINK,932db0cbfb41ee07cfd2b6a52bc3ee384d949942590060908afb5bd676c98d8e,0.0269206523315074,0.6666666666666666,0.22816780397462605,0.26389800639716054
LINK,936402746e73f54dc0bcc7782ad08fd86832bc034e3d4b901c0bd2c77a196c32,0.0121775377792154,0.6666666666666666,0.2036527915732666,0.11592615437184486
LINK,936d45018933d83533cbc17e8ba27d7e7e14ec06a840a06d1de511b321d7a1fc,0.0427985162705236,0.6666666666666666,0.2245645195879827,0.21456214231849835
LINK,937887ae5b488e85badcd410bab8754bb424557103bacf50ca7694f7afa6da7e,0.0015602179230062,0.5,0.17855401944521393,0.05517896355927679
LINK,93a03eb7d3972f444c99bb725511ea11c73b274ecb909d1c3765f3a21d085229,0.0174962476504455,0.5,0.17837595696855235,0.07476315346486959
LINK,93dbd7579b8244d86a1923b880b7fd370398f39d5f60e9191aedfaccd3928073,0.197107560539453,0.6666666666666666,0.3027554242222865,0.3578844883421582
LINK,93f6768660e4f33d742ccf8bddfbb161692ee699ae54697ff1a99638a53e3918,0.0401789479313776,0.6666666666666666,0.18853516956850255,0.1412956182571878
LINK,9413810aca8e6eeaebdecc9368c538750de9bacf406a7990b1bdc4ef512683cd,0.0100110380502058,0.6666666666666666,0.1913058423592128,0.08180432190675817
LINK,941b094f8c94dee527ba4ccb0beeec27a593fa30d7dd8bbd5979cdbfcd2fa177,0.0653004231461821,0.8333333333333334,0.18223552848552063,0.07452730156208191
LINK,9457ce2b9ae64d33d0ab96517d839f40cf144c3003ee843596b472ff56853491,0.0090933640501858,0.6666666666666666,0.20622571174345805,0.14254171028432971
LINK,94895a2f8dc1e3d45655d92644c7962ac3c0efd5588c64056b15524a936b1b10,0.0126846269187615,0.6666666666666666,0.17857056736843172,0.06604517462132888
LINK,94a23e214053856ea579dfd9add1e643bffae31d12b2c8666ecf81493d9866af,0.0282092222534508,0.6666666666666666,0.1855264158183343,0.11487583040438924
LINK,94b641f2b69627bc15e169a640d308838e9382547c5527316319252596244616,0.0209021308395924,0.8333333333333334,0.19630627651450325,0.13555622091194983
LINK,94de9c366f76178018c1e74aaa2bae10714ac62be4f93c24205e14df676ea235,0.0139814751322641,0.6666666666666666,0.21703882691171322,0.1876284442088683
LINK,95130c624b4c1519008d5a5c4d27eb722924aad956ee06ea44e9a5805c6f548a,0.0130912466540156,0.6666666666666666,0.1735422897278503,0.023716049819439654
LINK,9552600837bb8904287803891f2602133cfe02989f6b136b0e6221eafbe5c9b8,0.0029757869369068,0.5,0.18525956493256335,0.08137377263965896
LINK,95598a613918930c53e72632ccc2b0be8f1b39e54c2998f85de6e1576a923176,0.024323149667507,0.6666666666666666,0.18760095597895055,0.10788894486613436
LINK,95aad8a54093366dbce137e31c472e96b53332cfb3ab866756c18691f56c6511,0.021996125001253,0.6666666666666666,0.18353197707049168,0.07460650471798652
LINK,95bc7a61be6ebdd0057eb15fa055c65250e17853ed329295103925c057cd4348,0.0375792598423659,0.6666666666666666,0.19722112850213686,0.16913825822686918
LINK,95be945b352182bb4ed8eb87ddf20c92e05a53ef76a5906d02be3affd11e878b,0.1687910245233463,1.0,0.31841742555350666,0.36536651111832397
LINK,95e3097c9d1e6253bc36c88051fbfbbab74f01f5c6ec82d6a5f4656594b24c6b,0.0977801650749974,0.8333333333333334,0.24384724114495052,0.3523183325960371
LINK,960ef8b447855fcb400153ae9f8fca6697e55cc5e8d54478161e5aa40fa31732,0.0110022993133054,0.5,0.17922148795213294,0.05646555041722963
LINK,96820982b50a64ab0bd0898c37dce6f6dc5f00e22bbcbf2ed80db2206678ce4f,0.0795130292495497,0.6666666666666666,0.357696653152967,1.000370345458617
LINK,96b0f0e7e5b58447ae4fff27197bc0881c2faad86ee95b7a45989983dcf8a371,0.0192557559222816,0.6666666666666666,0.17726160390393578,0.041424156801311666
LINK,96d5c25a90cbe30ec6174663dbc1444eb6c3bc08ac0b389d1662ee0abe57c8cc,0.0190608109515169,0.8333333333333334,0.17242017026258943,0.02777532247631255
LINK,97127e5331bd1965f24921fcfa198dd89fbed5db83fdb9a0d2dfd72bbbd11568,0.0035880801783194,0.6666666666666666,0.18024480003966828,0.06743956081055673
LINK,9764f116f4a60e60fdba3beaca55cabb109440b9c4898faca57e0ee7b518e2f1,0.0364395336414089,0.8333333333333334,0.17699125624568318,0.05465949797857875
LINK,979e8c866df23bac833eb150d438421ad69d2397f86c37385310c0b8088e4af3,0.0736900445083584,0.8333333333333334,0.22257067445138387,0.17523673732572118
LINK,97acb94f0877d7c3c7a3ae9a3f571a9f20220bf29fa4be908b0477ace2513351,0.0340581641412214,0.6666666666666666,0.1751708537940611,0.035352361598427244
LINK,97b3b78a406879ceb4e32b662d46102a12d1676d42043af5159a55d28c6ed6cf,0.0335728257618997,0.6666666666666666,0.18506663424966768,0.11410389268043009
LINK,97c04bb535ad3c4ab6463b3b685a6a2f2e3e1b8c861563c1de09764ce5e7a946,0.0151457537051957,0.6666666666666666,0.1770041340859157,0.03499550423920212
LINK,97e8c80930cda3dcc9420c014507801087c195353100cb9e0cb30a2e38376a44,0.0098377431159356,0.6666666666666666,0.17835680486117975,0.07231765774345023
LINK,97f9cf4279f08ed136be83a9f702b46430bfac27279fb86f7473947c925ac7a5,0.0006767633877508,0.5,0.18348618798461433,0.07541776966701359
LINK,97fbe3feee22cd7a4ada7666740a07679d0e3f83c145fe56a4c5b1a938a56797,0.0492141160107408,0.6666666666666666,0.18260330417449444,0.05631536422894341
LINK,981580b47f272f9aacbe0475adf142a7d7bd50249f0541d303c9cca3bf0fae54,0.0474775968662977,0.6666666666666666,0.19115932609601585,0.10726898831900904
LINK,98342d69814436cd052f82316a38adbd04ccecc188b5680018bf14ff937da89f,0.0114882319637318,0.6666666666666666,0.21843723089111997,0.24703180644303363
LINK,98408fb8b98ae96514185c9bd5d3d24215d88861fd00f63b7dfc367f581c4a8c,0.0222197697975825,0.8333333333333334,0.17593881887953916,0.025958598739903808
LINK,98541778e5d465ff06b518d5ae8469d5d63f69e1ea79f285eba988bc3be8bdd9,0.0044751061704191,0.5,0.1776639983980544,0.04152559761307078
LINK,9875c1261f99c8a23d585ac01a98d67d3247a9094a234bff95f7eabf2d69047c,0.0337851651934327,0.8333333333333334,0.1860342703035286,0.0821057952120548
LINK,989cbd2180bf35bed71132e5dfe448c652947aed5ce857570287c25846bd53e9,0.0354437856541595,0.5,0.20760279779767746,0.21497413939799576
LINK,98a2daf14d05ec73cdf14a11d6d59c592ac5da5fc8b3f91c3889b26ab27af5ae,0.0520355921178144,0.8333333333333334,0.1882259595391974,0.06457708821774771
LINK,98cff7924f5119eba5ff23ab66a80e8212fe9dd1e4f190993992852a8c64c727,0.0117786051999361,0.6666666666666666,0.18972866565130994,0.14079151372924462
LINK,98d63824866ee7099816e32a4aad047f6f4384ac11467d1cf5775d6ba3183ef1,0.0104926616903083,0.6666666666666666,0.17714267381967233,0.04403074935483409
LINK,98e76f25f62c333fed64712d2787d1b26b9b9285c43de2c02344eb82ba6bbb1f,0.231212454293509,0.8333333333333334,0.37119551159853786,0.585689525836325
LINK,98f1896e59c4b92bd54abab0848089092f335030743ae93c6bf60b571d692740,0.0152419938919047,0.6666666666666666,0.17574014298468926,0.03410467086959612
LINK,9900f500c0236bd0426f452facb1984dfd0fa4117862dc48f659c1d33d18f7a9,0.0482653589533621,0.6666666666666666,0.17870572482435024,0.04477514336037868
LINK,9961fd95b329e0a9a88b717cf0f5521a2d452f0472ba4c5bf77c4d5012e1c2bd,0.1724480212515251,0.5,0.5590067125250374,5.439366429220257
LINK,999adff29067f8ac45fdac6bfe70d3d060e5b559c6a943f95ad0e21eee8cffb3,0.0469859888131802,0.6666666666666666,0.2545608938397193,0.23027045556122056
LINK,99a9dd07e8a2054823f169d9306c0a212aefcd2bfd971a2038f412d71e6f94e1,0.0258312118432879,0.8333333333333334,0.17714636695765987,0.047923629205191526
LINK,99fade22cfcb0edc991d2ed15212e0b00fba0476c4bd4feea6e1a8cdd2c38db2,0.0184474325943556,0.6666666666666666,0.17827373075315914,0.05150137705438842
LINK,99fd70853b92b64698910cb94dd667bce4b8fb1cf62c2334404adf677160845b,0.015486857112944,0.6666666666666666,0.17391615022144655,0.029002881015071064
LINK,9a4836affb7a5cef08215a29b8312b9c672ff3db48cfd28d989d8b3d2a2bcfb0,0.012658588466601,0.6666666666666666,0.17987294995985942,0.040877577271390964
LINK,9a4b15d937aaced37ec877fca374697c7d0edc3b151efd680c9dc73ec7e60270,0.0516610052438395,0.6666666666666666,0.17764999155814332,0.042194043568196095
LINK,9a4ffc623381272256727c18e5f0020ecf4bf72d2935cfdca1cda2df7bc2b059,0.147176103695168,0.8333333333333334,0.3572322290785438,0.5952750963443905
LINK,9a58023bbb68bfbc9ae40e07c00da45a9e4b10bbe285d03d71913d34b89b725e,0.0123254326149999,0.5,0.17832470733758377,0.043969844299834214
LINK,9a8bf75cf12b4a9667ade9a8c4bb3eda4c2a51999180c179225a0d3943bf606a,0.0386640616266266,0.8333333333333334,0.19134210824518502,0.09297047717480135
LINK,9a8dfa27ba775b8d573ad8d8908eb88ae9a0e771d5b7728a196affb5b4342f73,0.0126644777035096,0.8333333333333334,0.17526229886686173,0.02772674825347297
LINK,9aaeb7508e91921b24eb806b923711a69965a4fcddea31156daa6f02422d210b,0.0756501810165205,0.5,0.2945526066778855,5.30329631644757
LINK,9ab4a8b78d3768dc3dd48cbaca120ab9d2797aca2bebe6bb8ca143b3fb5e3f25,0.0164407836919969,0.8333333333333334,0.1708116591176761,0.0165548116685011
LINK,9b1727e9cca3240f94636973d195a53de309168c92fe8ae565c707010b54cf66,0.03809022542181,0.8333333333333334,0.1751240753767808,0.041372869625409814
LINK,9b260ea5cafd06e261ffcf6e868a4a6e699e2df275c923c88026dc1082a06d9b,0.0272641657586572,0.6666666666666666,0.20827798953976892,0.21206608423973813
LINK,9b313f5c0d8817481c8d51f119e1cfe5111eaf2c0c9a2d59b17398016a23878a,0.0069313699729961,0.5,0.19075082166038532,0.13572931682629671
LINK,9b43b9b922fdf65af72cf325d7e8a5ef5fa0887839e351ba7c5552d3d1bb2709,0.0890847093302783,0.6666666666666666,0.20314814590240254,0.14389772890810798
LINK,9b58a57029f172efe8dbac24421d9485dc9a2ed8ba93ff253b7c4cb3bbe63892,0.048058078646977,0.6666666666666666,0.17121402606704558,0.01947805789040916
LINK,9b5c540b6aa3d6850b367764675ba119e2815e73994d9c3f1ec2d4a892664247,0.059563456896624,0.8333333333333334,0.2605807195036829,0.35212065918008617
LINK,9b80cfb307cbf4b2bf38793e3d88a3f0865fc0ecee7db837e16dca8dd1bdc1d9,0.0097139614445683,0.8333333333333334,0.1767377397479999,0.02962623734800349
LINK,9b80d00dd92684ffcb34575f3dd90be8f47c6248530ad1995ca80cd84ceb8359,0.0115200486960354,0.6666666666666666,0.18127721769835994,0.07757395629282618
LINK,9b85dfe5dc9b48b3a950334186a364ebce0f450db15a79e41d02049769207844,0.0286711244730178,0.6666666666666666,0.18125017290000206,0.0899235740347263
LINK,9b89c7674d58027e57a1021fad970d2610fc599901a600c87a0cad90d5423505,0.0271291135700566,0.6666666666666666,0.18079014258296885,0.09707022253702328
LINK,9c1dce262fe434ede7aa215a46162bf04e7a8db7749a0bbf52bb7e5e6387b441,0.0058057345044418,0.5,0.18204712397401018,0.0727197877539224
LINK,9c27829f24c04b7b69064e8e928e51925012fbda08cc2b6f3ccd988cccd6c6df,0.0411507551314063,0.6666666666666666,0.17952694237850175,0.09209340030190166
LINK,9c2aeb7595a1c5dc668237438e65a5b29d68466123990bec648ec2ef9ad7687c,0.0424961843926429,0.8333333333333334,0.180306802805232,0.07295530560983117
LINK,9c383deff04a35fd8ae53f2a5cb241cd36375a9e6954fd458026d3ed465f8b55,0.0216154972107084,0.6666666666666666,0.17612193995374048,0.04455756215259679
LINK,9c4ef2ff4a40c8738d2f915d677cdc8cf1c6f29fe9cd275716bdde85974f239e,0.0100708866882187,0.8333333333333334,0.19769905424244053,0.14132964589969949
LINK,9d157bb684c1138df9ab42e203befa1e554986b604a0f547d58139d020c1ab5e,0.0066461060718569,0.5,0.18505284184636103,0.07089245098863742
LINK,9d6941fc104b80e45c3a46b29f1cd8af63f0717b8a4b025a6a1e534edbaae50f,0.0141333674542591,0.6666666666666666,0.18090833979220863,0.07807644040414001
LINK,9d7cb6627206bc20d8f8cf5c46e57f3ee5cf8fc3948321fe702e5fe27982334a,0.0128474549822265,0.6666666666666666,0.18369355840567242,0.06378529942976473
LINK,9d8a2accd2b3947bfa6906d698e4f58abe42ceea37133eeb64f3bca8a2265302,0.0064809469743507,0.6666666666666666,0.19297494692686304,0.09859409629129941
LINK,9da50173cdfaa53bf379d1f7f4d9559123b735dc784243d08be372d835844a47,0.0159449818987282,0.6666666666666666,0.2421329824668218,0.20853542128458702
LINK,9dd7c6336ff60de9eda6b2ebbe315b5cc0746bfc9bc3cae0a8d3ec3dfcf88077,0.0582787222589027,0.5,0.22115506685045827,0.2199329047014769
LINK,9dd9b171687317b95debc79a14e76b9bc14d4ec5ea6c250773a853dd5e9b8125,0.0209796567398557,0.5,0.18082385091319317,0.09686885542358374
LINK,9deb98bd3a7d6849d7c1f79a43e7ebd2bb5874f53304c61438165ceab1ad0446,0.0221807715442346,0.6666666666666666,0.20522631688354778,0.16036909354710607
LINK,9e01c70276330593768e62c4818085dbf46cb69a63f34e3981268defb689da2b,0.0360584417794173,0.6666666666666666,0.17585997950032717,0.06390879406259985
LINK,9e184a580df31a163fee6a4dc1d60f8126618557ef4cdb3c613e7ec64b620999,0.0181520480984421,0.6666666666666666,0.17659523540240338,0.04128547526756428
LINK,9e2b7a677516bfccbf58931a816aee7ce867624bfb44ffe21f86842d50ab68ab,0.0099975756388681,0.8333333333333334,0.17021479026987432,0.022155757165595556
LINK,9e74c739d8797a9a68ad65af316174ef44a53735e427b4477f875324df26e99a,0.1724055577559052,0.6666666666666666,0.2802882475253848,0.4155636151812219
LINK,9e787771787fa1583ca73a73ddbd8af8a711fc07680d4986e29ed2897e04e8a1,0.0093451375575949,0.6666666666666666,0.17575423589141656,0.027496767082167223
LINK,9e7c5e7e9c682f6a8108be4f8c71e45fd924fe2dddd3aaf088d72ecf2e2143b5,0.0137763600340544,0.5,0.17500776519633643,0.04173372800388456
LINK,9e85a697e702573a0fbbc726e623fecd09ad5b9ff4dca546d6be057300e88b62,0.0637133095353601,0.6666666666666666,0.3176717390532399,0.8310284154537316
LINK,9e9fa28cf8e6bcf4029ffbfa8b172a606c0a906ebdad3e4e3b0f23569c89109f,0.0006399583848445,0.5,0.1836676901752265,0.06288802548546642
LINK,9eb0ec181c052185569af36942e84fb105b2c5e696ad66b7f7879d0f4bea6dc4,0.0351093769552311,0.6666666666666666,0.17412737227071193,0.06024291598528886
LINK,9ecd167d50ae4ff5c48bfcc557652776c17db076728c97bce8de6fb9fdd337a8,0.0007403617657353,0.5,0.17687717126041988,0.04862114601344471
LINK,9eeebcb3a2b16b366293a4c30792e1e6772b9110a7ae1ba68455aca65c2efafc,0.0025533881159369,0.5,0.18460664752965034,0.05180143223004905
LINK,9f03bc0d303d0b859228efe740949f618857226e9c1557eecf9d233e30613645,0.0536429785829157,0.5,0.32329037456696236,0.4597403228757616
LINK,9f2a767688c21e42d8dd2620b17a87ff0038d0bd1517091a0e31a8bedd77b301,0.0204074569394787,0.8333333333333334,0.18968106430972814,0.0801924376932252
LINK,9f3a8ca69c1ab97311c8d9da7c5a450dc592f783e28f15ee287f2d2698c9c4a4,0.0197180976795114,0.8333333333333334,0.17140382841830182,0.021820421929337006
LINK,9f44efc9a9bd312e29bbfce55584ff5b6329dddb20fd43d0f7c05a1cd6591afa,0.0102174840697519,0.6666666666666666,0.179941676001732,0.07079266246178566
LINK,9f49fd9cf001f5440bfe9115c7e678fa27182c94aefaa813f6bdeb0371fe1c3a,0.1903796829519505,1.0,0.21320431692298425,0.2702009955047482
LINK,9f5482309cc46c4dcb3c90fb445995743fbc53d5f737409d7d4b8dd7cc9bac9c,0.0067815245499939,0.6666666666666666,0.17529639179042708,0.08315977216704794
LINK,9f582373539131d2caced4c6f061abafcaa94df0b6d6159795ec05b35d6a6c9b,0.0008335196235183,0.5,0.4111992775198238,0.8272007394622259
LINK,9f584545587c267591787dd8abf3dc34027030a19bff20a75b1e923c235abe45,0.0256997670674905,0.5,0.17689118080671376,0.05306828274399564
LINK,9f6e0c102e9b39e0bbbd0784f11f91d6545ad0055c0620e6e8152380eeb8e04f,0.0032776415114902,0.5,0.18141930331630648,0.09466593121114777
LINK,9f73c6daecfc6086ef381ae38fb2032bff19f1de22e4e89109baf45d355fb9a0,0.0408498864030138,0.6666666666666666,0.18254134856653098,0.06606891195271576
LINK,9f83e3e18d83f1162b573bf57d7a12a16052981ab3ada155b8cea79ccc982b22,0.0013316560013175,0.5,0.2046213879463559,0.17928467761213915
LINK,9f8793c9d6bf38d63f4c9bc48c269eb49dc6cc15f74f2da1533acad525f398e6,0.0240341126092798,0.6666666666666666,0.2137359337238531,0.1678843342818133
LINK,9f91951a6cdfddeaee5f040e0e8e0200db800501800da23d4efda570bb847761,0.0152741698809449,0.6666666666666666,0.18388954286950043,0.048479102177690594
LINK,9fc16bcc5bcdc54fb806575bdf649ebce603e31f2237e31c8d0ecd55252cce8e,0.0423799860292564,0.8333333333333334,0.18759333920009313,0.10223335340633902
LINK,9fd3179ccb4cfb676ddcb4e42ce214df9f1a6219396b66075a013228be263a8c,0.0053850683593531,0.5,0.27318462958915934,0.4004626344760186
LINK,9fd32b2cbd1a1af0dcbc5c06b9b8cd8bce44aed3a7b5048d8dc08354c29d82dc,0.0943839798989152,0.8333333333333334,0.18785039929158134,0.13809776908408675
LINK,9ff788bbae75fa20cf7dc53a90e61b5f58495469d29c2cd856cb0461524db569,0.0181661192643194,0.6666666666666666,0.1846704179563484,0.12582723151545247
LINK,a027bbad5f8dcaa018996ff933f11902983e870e7ec926bf76761a4804483f85,0.0064713378290242,0.6666666666666666,0.17922716868454086,0.05592008495004319
LINK,a030ceadc8daa301da1a3a9c432b1ea0534ef30295ed642cbb700a73bad173de,0.003474539796355,0.6666666666666666,0.2649210470927521,0.4715553362705701
LINK,a093f97e05fec4cba986b65b4d08a72c32c747eaf02736d69efaacda9822ef0c,0.1090826691198138,0.6666666666666666,0.24392557934375103,0.41797713886860427
LINK,a0c72f9da74145b71158c79722a863c05ef0e936eb433c39a011535681b661be,0.0263998416339514,0.5,0.21506028222405552,0.20617007660263398
LINK,a0c9163888ed60a505a946968885db72eaedbb8fd0a7c20ad7b405926691aa12,0.0104171680478338,0.5,0.17215672260408293,0.02195204084823951
LINK,a0edaca648ec60c37a5d325c7e893127359ac28129d522a0187cec4b2671b7e1,0.150677954321149,1.0,0.32886719941767895,0.37457186972888673
LINK,a0fa91e513e388c470520433d521ad82e393c9f487e8fa56e7204946ed19199c,0.0165076524009525,0.8333333333333334,0.17189547015996118,0.01901556449819128
LINK,a13457905d2fe6e299e83900148db64ba537255e2991bd79859c45ea65a03fc6,0.0043257284281183,0.5,0.20600434087669484,0.16425154095449732
LINK,a13be3a8e0d3e9fdd5368268b1dd449c635970be456797841a2c3381a4bf3e5e,0.1064017468087113,0.6666666666666666,0.3039637617418119,0.3814013850856953
LINK,a18fc1586f889b254b55fcd7124194674bf9b1b7cab2d75bdd5cb4b7c060916b,0.0622809949443427,0.8333333333333334,0.18583256197914938,0.09725761403611624
LINK,a28982e539f41e609bc0fff91d283a580e0f137ed8cba90989f5921ea70031e2,0.0110710254469557,0.8333333333333334,0.1773904368011673,0.045174423249240155
LINK,a2b6bd84cb2b56b3211ec84e92001875d800fa35d16869a2cdfdd44881069701,0.0080101304479871,0.6666666666666666,0.17154080791541645,0.03902067636736284
LINK,a2e27e57fe02ef6e03c15971eba286f1f3fefe7a38e29b8278255c14549c6f19,0.0516060638456008,0.6666666666666666,0.18571137232918108,0.19203109025808707
LINK,a2e454fbb80fa3179bc4e7f6661682279b16a872e1fa7316cb9592324a52a5b8,0.0466689871153722,0.8333333333333334,0.17073739437826363,0.016966937345998127
LINK,a2e6c03f03e30edc3907227fa795992d9008d09461e24558dd4bdf8121a0563d,0.0071528009268693,0.5,0.17865184269913725,0.04535648802230543
LINK,a2f131dc77d715bd7766c69441e57d4eef5464044e2f49102324e4e20f2b50cb,0.0386284721670293,0.6666666666666666,0.21247043009383013,0.17819261987305307
LINK,a3318ede93b0345f1e9c0267525c163acf3bc15c8b7f7125be3fe6789886b88a,0.1043807627115861,0.8333333333333334,0.27090239718357584,0.284003635947309
LINK,a334f2f1b1158eab8d6f0f633336e8b27734404143a24fc8706f455d4168fb46,0.0133975140200319,0.6666666666666666,0.17931628375524883,0.042572889206032735
LINK,a3962a318fab4f8c0d282bd5e6f131375ae9f35f9b644e6ab6c697bba19298b5,0.0133826214925024,0.6666666666666666,0.17384203875317775,0.03376506627375625
LINK,a3b06ef58766334e9cbfc51c362588ee3dca18e71f1c6ed57ae5926690b89711,0.0117203997655542,0.6666666666666666,0.20230748218961536,0.14153235113719595
LINK,a3c3dbf411523cdd87f120138275de2984962d611c0eb740b1dc86e7853a25ba,0.0201838841537984,0.8333333333333334,0.18022742396118904,0.05887493038926703
LINK,a3e58602e0ee807d47248133a85611adab020dc685ffc63ea901cc63b44bd603,0.0095488553181618,0.6666666666666666,0.17017310665535704,0.028855779491866265
LINK,a4010e8287965249f221667df7fcffcad5505d9a6b1884ca7ae7ae7cdff67547,0.1052935247273162,0.6666666666666666,0.26651516029328776,0.3277039253755844
LINK,a40a8fb6ddc757dff653a7d9f45114a68c7c11459aa4aedc8500a3500883fd9c,0.0118644829411295,0.8333333333333334,0.1960971102291583,0.09862410548921492
LINK,a419e89c17719ca0298d7e98345c258251ff1b7856504273c7b1cd5c98767515,0.0266063054578562,0.6,0.3916608895489758,5.1766807633395375
LINK,a4578732089f7117294c2db4da82aadfcc3964297a7c4a22e7e82c0b4ada6bf2,0.0354274589464012,0.6666666666666666,0.19968225493263403,0.19112117154853486
LINK,a467f89057489d147224a5a0eb5eec7fcbcfdf67324f8863abf6945cda51dbfe,0.0113845511808725,0.6666666666666666,0.17973060211604133,0.09001262522402505
LINK,a46a15e4ab85f8c82399cc025c714e1fada01d80715d0d16f81b62b9bde9e064,0.0088884698749831,0.8333333333333334,0.18705738919682935,0.0569160290252625
LINK,a471515b342ecb41af662c531038caf334321b97b3d0463ee0cb900d5fd9820f,0.0150825317491393,0.6666666666666666,0.17377387544739673,0.05277272941938298
LINK,a4d2a3e36aefdf897fc191707a3685a56f87537e02fb0df13b5df49bea4f166c,0.0396640347020294,0.6666666666666666,0.18014160098642293,0.08053576957749187
LINK,a4d90139d92eb92470550fd4b2f4c9b4489a4ada94ec842e6d426e940ffbdef6,0.0285738708748249,0.8333333333333334,0.1742323396265714,0.02485882911520514
LINK,a4e16c89874bbe4a123cadc4306eaaf637710621c16cd17a72778a066549c506,0.2631025501404239,0.6666666666666666,0.3144967812241407,0.6606665186012248
LINK,a4ffc65e1c2b725d2058340e175791e3bb39a277990b76c9799bfc28f7fd6395,0.215171241125437,1.0,0.39915810934368146,5.329248950692053
LINK,a51868e5f442e1097bf8a65200bc79486f1bded2a0dda66a5ec2068a03aefe03,0.0124085513495888,0.8333333333333334,0.17680044721354962,0.04076419860752873
LINK,a51b31ffac806841f3186eca62c4502cf3417ce34f8e9bd9441cc5a3a750e44d,0.022059999390665,0.5,0.1756141587036227,0.04152342593930826
LINK,a556db39b438432d4657d38eb55ee0dfb010f232fa111b66d495157ed0951783,0.0053772427350197,0.6666666666666666,0.17186530111957987,0.030956639751488525
LINK,a56508bd42932fc9e8d9f0ced3d9113a1152a4d173a32acd61ecfa8e9c94ef19,0.0485626013946405,0.6666666666666666,0.2674410775895233,0.3442337812122778
LINK,a5a5abadd92ef35993173e8e75d514d4d98dfcca26b05dbebf05ae7358fbcfa9,0.0089584136271031,0.5,0.19686162865216142,0.09635891104496169
LINK,a5d6e830cbe45bb0798423a55a4e98af3a10688e8ae9260f8f8208d227ee61a3,0.0198326139421487,0.8333333333333334,0.17496175629951113,0.03841060794933786
LINK,a5ec562d15eb828e754baa1dc0bc39b09df8b7501419e531ff2efed846d76da1,0.0052107377343438,0.5,0.17864775055569576,0.06451150700539093
LINK,a66cbb6a86e858726d07d03f53b49655093a2347afca74f81c114d87b775b8bf,0.0003563093497332,0.5,0.19202059434306587,0.12162258233341794
LINK,a674fb4b4e62fb3de70a2068e915a5ddc692a9fc5c7e1c2be3621d0daf15f137,0.0100708866882187,0.8333333333333334,0.19769905424244053,0.14132964589969949
LINK,a678d2b1baaca1d45c03214292708cf43725d36c2796f3f34b2d16949605698c,0.0082191857582637,0.5,0.19120943051057165,0.10566193201210626
LINK,a680a17e85205b4848d5644648428f929bd4b75ca73d6cc8e5b7932e134ccad7,0.0005956077269061,0.5,0.17365745351841563,0.034038946553533324
LINK,a69fedcae0d6415fc8f21e99e15594858e5fecd82d8e2c908a06e6fa18a76caf,0.0102888262416923,0.6666666666666666,0.1860681411466077,0.05973969792901013
LINK,a6a0683e57e33dc651f0418c69aa35c941a50b24655e9c3f0c8bf9085191afef,0.0009103818835003,0.5,0.17005019202978247,0.01776504336384728
LINK,a6a96123dffa56ec85c52a5b7f0bbd3e6ecb99b32c32627bad6a10cf360f0862,0.0243264652737427,0.6666666666666666,0.2081907020580671,0.1832229675781927
LINK,a7121b0d09aba01f3547f7d22b6509677c4b838d8800ffea51de010a7fcb77a8,0.0275466381213636,0.6666666666666666,0.19700276154864355,0.2882408578701856
LINK,a736ee5925d9127c45108a03926c27bee5b9e32d5e16bfe07ded2a763ef56a4c,0.0114634408107892,0.6666666666666666,0.1861751565428335,0.07605726829085915
LINK,a74980e92ae94cf9e8e04a9d63ac8320968048b7186e0c4524c6c43ffc6bfec8,0.0130821994666521,0.5,0.1760389505673832,0.03629095601597669
LINK,a7b0b29db31ec7c003e68dd2182fa3366d0391d13394717bc8114a7d335cf232,0.0068095021217802,0.6666666666666666,0.18580430335528403,0.06057132161836843
LINK,a7d17570ad6dc053599f4d8f9b8e3116138f2b901cb1db1b9f8587c2be6099b1,0.0086244695434956,0.6666666666666666,0.2091037646680882,0.13756501975801508
LINK,a7ebbec1f2b5ad5afe548d2541acac3141c3438b3049e7e71ee4bb2b1395c9ef,0.0127066567684951,0.5,0.185434724995019,0.06494586085271249
LINK,a7f54c7eafd68c10d49462648782557e65b388bd3feba31945d1145aa9649aa9,0.0409815096954367,0.8333333333333334,0.17370030201942663,0.023542458225454702
LINK,a81d2d8d61d0895377e2a43e664b16935797394fe2d5d5bdfea97cc5b2eb06d4,0.0209787830716483,0.6666666666666666,0.17789792194961482,0.05169622980031983
LINK,a82e5b0d9ad00925b0487aa78db95353159ebfe7701890aef6466a95bdbd8aad,0.0437922572511092,0.5,0.19768824138827001,0.18619581016012218
LINK,a83755f629ab67fa0e56319f256736b21f399557baac37cac6f702cb06fdb84c,0.0114632174927969,0.8333333333333334,0.1754562165877491,0.037643182221960045
LINK,a83e06d7e87eee8066f3ee7f06fba24d23a0c0cacec6ab8d3c9ef5795c49ee4f,0.0127814042006379,0.8333333333333334,0.17446367451662892,0.030643057037877203
LINK,a8402e4d6d8b4516f3330e59017dc452f6e49b5001c50059e39695c5a7d842c6,0.0019457143024343,0.5,0.19103790962340225,0.11488016342266523
LINK,a850b6c8e49639a2070cd61a26b515bd6e3846696fe4f3d67bd92be36fe3b06e,0.0259731046490279,0.6666666666666666,0.17383011443250662,0.0329937873169215
LINK,a8693f2e1d1d91202e2756331ef041a70603ca00a35de72eb68b819db332f432,0.0070785148483084,0.6666666666666666,0.1799484406367625,0.04735459817874138
LINK,a88633b761473163722f1f249c9c3b0897df4ef5d334f668bba88ae850ae98e5,0.02901262567783,0.6666666666666666,0.17824033174500703,0.06590056690015964
LINK,a8be1384e6eeddd82105d57773bed5c4ff44c3a0ddd378cd732ee6f9f5df634d,0.047943782808487,0.8333333333333334,0.1691847200529141,0.011275830492461534
LINK,a8dbd7c08c563485f410d7bc6980528a01d991361d9715d1ce86a9e6dfed47ee,0.0164747572219051,0.8333333333333334,0.18388495983235578,0.046935896526847466
LINK,a8f451f48fbd4349ec10851380d8225bc202afc646c94eba1a8f975d3f75c3b6,0.0253229797723489,0.5,0.3381443679135801,0.8232416118225043
LINK,a9076af8f0ab963577847b3b7bdc5f071c2706bead1149638eb5d90425ecb85d,0.0182701241155204,0.6666666666666666,0.17920120198136855,0.04739168783187713
LINK,a90aa131a1f80de8abc07fbba7929980370dcec6b3e4ca39c4c0e9bd4a47a972,0.0062784351259131,0.5,0.18472434966169024,0.06925200386125972
LINK,a942b7a255d406ba8f185b7d35d859da1e9a987a60431552ef53898002bc0302,0.0235823928789958,0.6666666666666666,0.19621309387144814,0.1067970440194988
LINK,a9489939d916c656c4c2a9ebe67cd56e20c9d0de3c3dbe3941ff7c7165a32634,0.0412535976863281,0.8333333333333334,0.17691415238762362,0.046106585933425315
LINK,a9551cf5997e54e8052de23f0c9b0d45fb7494047dbd28839b732e648426be0c,0.0158659765345289,0.6666666666666666,0.17439045781622423,0.03794841801294719
LINK,a9673d694f7d5f8f78ac00e3aadc29d4a501eeb8fdfd5ff6838fbe8de8128b5f,0.0051139183915662,0.5,0.2122377351725303,0.19586370203790335
LINK,a96bad0928b6d0fc31461119f6da83fb71d6e7c0cedc1c40e15bbd5fa798943e,0.015593480815234,0.5,0.20389879654751555,0.19017453884016663
LINK,a9767b087b178d12864dd4f773660fac05da92669f4254ca2a49de3706a74b28,0.0006926054632554,0.5,0.187931180986816,0.09207064363196792
LINK,a9bb6cfb704a59a05d7a74d2ba735ab29f0ab1cc60e0244c74c4d24230823c3b,0.0342223833412978,0.6666666666666666,0.1821946328661702,0.07154657856492341
LINK,aa0f0110f5d2d11e29b668434796b60445b6a5782ad4352fb54159cf5bc67211,0.0345026385586574,0.6666666666666666,0.18064425289561595,0.06427414691963258
LINK,aa253df1d1294b5aba9a0a66bf94299cf8b7c6f598c8a883e4adb7abc5272a5b,0.0179722900943899,0.6666666666666666,0.17645414592518466,0.04929671869499244
LINK,aa473d2990fd293b07187fc3a52733060e380c38ea723c394afb5b98d228ebe6,0.0135238042064472,0.6666666666666666,0.234274901355394,0.18495882838497088
LINK,aa4fa01914d3b79bb9f12f8873793bda2569770af3d2784459477e4e7e7a6e0f,0.1133343500549023,0.8333333333333334,0.1856071888006356,0.0944115668169251
LINK,aa5c856daa309ce8a8f12239c7171d47eb523f6fd07bc5c75fcbe0f6fa529b47,0.0209355269950813,0.5,0.19312166275930487,0.15695766817439152
LINK,aa7199f3c46bd1bf6950c587ab41e77f46d2a059a5d5eb8b79c7ae1f302e4bf1,0.0421033059894342,0.8333333333333334,0.17335376898432817,0.02462021403020431
LINK,aa7ab0971f1ee5a33e4416ac05bd0065dc5f9eaebdc2f4f703976187406b0660,0.0059126948691685,0.5,0.1764406699705289,0.05930784758681764
LINK,aaba0cb8f545fe5032da6a2a56e0f45f5c8e29ecaed8d8194bf04fa248896747,0.0110957563937535,0.5,0.1866850300820151,0.07323503430473066
LINK,aaec95683c5caa473818101776d3bf8e50b01e6c885607b360f439ab67779a43,0.0112968050502346,0.6666666666666666,0.19747585877234833,0.16519650437406133
LINK,ab2216214b4fb5918d654f24cc75ac2bccf6ab0ef05d99496a2e92ce3e7385fd,0.0047319984240832,0.5,0.19331394467035662,0.10098575991172877
LINK,ab72eeb8b92c701307e7cd0c5ad90b939c071c51d0dfd0db8876e0d6519ad310,0.014213139712577,0.5,0.18666326239699804,0.0626595804244475
LINK,aba323d6ea6d516376a30d801b4dae6da25c81fed9e1e8b6e857c515da415f70,0.0075764718365773,0.5,0.18983218594214768,0.11002717753005377
LINK,aba3dbe2527f4b03cdbcd2d5fb9a6cfa4411a7d5e5a181a6f4ae664dcfc10a84,0.0145869494822252,0.6666666666666666,0.17525681195044282,0.03857407151051577
LINK,abae5525eb3185927c76f5ccead67de6c6c7bcf93489348a872c4238c41b0013,0.0022148205656717,0.5,0.177193247663332,0.063704747521659
LINK,abbfcc24fb835cb0c8d7392fa47d0cf2b31e85fa1e3e612949b63f43950e1ff4,0.0123131768703301,0.6666666666666666,0.19927744685880644,0.1122784484057534
LINK,abde638fb4f3736cd2eae79df09503b13e22f3c6f53856f9ddb422c1e5fad856,0.0153695483745466,0.6666666666666666,0.17936433435826638,0.05283315283323584
LINK,abdea67b0b8f6373845beb504487e53e662a6cebf9b5638e9e16fb9f522f5723,0.0169260422340275,0.6666666666666666,0.24664266563454398,0.2645798767810728
LINK,ac0597aa253dfe6d6bfea12db1e6da88f3ae2184be8a7d1c8ffcaabea34de2b8,0.0259677383369161,0.6666666666666666,0.17934453910031772,0.0874659446557649
LINK,ac0e9e4931ad7792a7d72a78cea8511179ffb2fe174a192cc85ea02f3b467090,0.0512371641598053,0.6666666666666666,0.17248809021226177,0.03563646428661269
LINK,aca60005436a2110cfbd54f4cb6c6232223a2978304e9735b4d4ef7ab1566b2a,0.0052723471544589,0.5,0.18269152747060227,0.07028181973860613
LINK,acfd0722d4b711a66bbfb0481cf832e819ed997bd6763e70e946d1951cb117bf,0.0056093553291663,1.0,0.17613966827746755,0.0375275989537921
LINK,ad047f0b3355ef7e6a961ddbbdf90e97cb7b3718c84b39dba00463ea7c741246,0.0201744002041083,0.6666666666666666,0.17702277001845898,0.046186228113970114
LINK,ad1b978a93e37a2d56ac3375e67c1a534a383bd84a356e9a5a7cbeaa8c9dd732,0.0209516606925034,0.6666666666666666,0.17870582644718955,0.04950012644363176
LINK,ad24d73e6ca51efaac48d7758985c66f824fe78ee5ae7b0de6e1657f30212fd0,0.0110427529341112,0.6666666666666666,0.1988836663305651,0.08327062393543729
LINK,ad3fc8ae37f197dcd518164e1510d2c43c7b5edc06dba04c5040d65d2ca49d81,0.0108843711275041,0.6666666666666666,0.17900446467430153,0.08869897485184117
LINK,ad4b3b89046ff7db3dfdc12f5c9d5e14b8201f2a43c6208b3f980e8e88d73ab3,0.0020014171934407,0.5,0.20368070270927469,0.10914151461083876
LINK,ad54956142fa8411d6edad4ccc57721f0b14b495284cbdbe39d7b93818c0139b,0.0528929020663708,0.8333333333333334,0.1748451286153236,0.03092018670661647
LINK,ad54ebf5ce242f426be395e7d5e6a4f4610ada9a44cf911488d32fcf2e2d4203,0.0061340000094964,0.5,0.17378648094093158,0.033972328025253275
LINK,ad58d5f8e4478da5e7465b2aa5416e0680255a05fae03e1275ef63b958b6a308,0.0224699927732152,0.6666666666666666,0.16891661164334335,0.01628916393640834
LINK,add04b34e67f8fb6eb99fdcce1a52f35b1289ebd5edd8284d7204d1b154dc6d7,0.0477585511343177,0.6666666666666666,0.20518600553861488,0.13174479993650615
LINK,adf509548d493145cb7a82a93d49a816295e40782702bc4c324502293c6b3d30,0.0388047906049539,0.6666666666666666,0.18455299225387906,0.10597731096207866
LINK,adf5c43daf56dc8c8148bc0acd7bc211c0a9dd2528bc15c4f0e0acdf01b317d1,0.1114092605112194,0.8333333333333334,0.17940937843805374,0.06541417687131128
LINK,ae247fcd050e5b10e18a82b20f879275f19e133ab87140051473b44bba0e61ee,0.0063031125845962,0.6666666666666666,0.18527695550319048,0.06202633345685341
LINK,ae5f09733d2d192b7ea27e76ab142f36c1eeaaabb77173faecedc83587418ce0,0.0038359972976523,0.5,0.17164082804265604,0.029639285793072158
LINK,ae63d78ac2d554a22f6734cd91c27c7326c574dd869e598001d0f778a268d877,0.0035513565966173,0.5,0.1769767135167648,0.05137803392151298
LINK,ae998904bb3a99686f3638e296df3ccd5227e592115951b9e05f8bdf0f794cb4,0.0069750279091478,0.8333333333333334,0.18290299392420004,0.04684640229382067
LINK,aebcb9aa7d6582976592ed203bce1b38241bb2501f22335ed3d39c490f95a9d0,0.041592883319457,0.5,0.2822558647274508,0.38993682730719814
LINK,aed60b290b18196bc9a0fa03516158d52330a5574839404bfe18ff0eda164a2a,0.0151702925926797,0.6666666666666666,0.17867081856497372,0.05161696960271063
LINK,af19211316082b8ba3787101fa09d0d2dea960d414a8c34f5ee080ac07597686,0.0038936004675649,0.5,0.18590308534078456,0.06756425154804592
LINK,af33a706c15aaef99246663c5c2d4186101ae601d9b089ec77a737b217607bd9,0.0132052006389131,0.5,0.17486471948701596,0.04597086349502226
LINK,af3e482d0b78a74729965d6d73d0d6ffef8d0bc8ece6b63bfe3d872371585263,0.0140140870376307,0.5,0.18399597269961568,0.10446962218535596
LINK,af8241f0580ff489e16b4a8cdd482d01885d595b33af78e6ac86b0724baf7019,0.0031423090237676,0.5,0.18860383960165317,0.10336690971928997
LINK,af9a0fed7621a6e385f8ded47d7d7e41821d6d38c321e1e21dab9b24f126874f,0.0253274521520288,0.8333333333333334,0.17213276928846255,0.02652609458482281
LINK,afa07878f4ed687404002752ef916efefd9dfeaf4a57495efe0723faf2b3a685,0.0061469745786847,0.6666666666666666,0.17793053401840528,0.03421952695318996
LINK,afa11fd820a740b4368f8f8c40bb15cdc89439d9e8c766a806e55110654c6459,0.0101529201289178,0.5,0.2931236759599011,0.46950034220509185
LINK,afbdcf0a2a1de804400d2c8c24bcfa3015849dd5185c0130e305ae4a48b9d418,0.0194797302078011,0.5,0.18465346042103736,0.08220928982790843
LINK,b0c6c27f1cfa54ab33e39de75c204b264ba874b4f686a2116ecbe03a7f366d08,0.0468591123327493,0.8333333333333334,0.17003133932441125,0.015732524302276826
LINK,b10b9549d6ab3be79c7cc78dec33980b0eb637b6807c0d1af5e85b57d56a1ee4,0.0295896558872284,0.6666666666666666,0.17776163634082912,0.031106751412720506
LINK,b13ed599d698bebaffb4981dcce7dfebfca17aae0b89ded2a2f5f6d35798a28d,0.0140140870376307,0.5,0.18399597269961568,0.10446962218535596
LINK,b1a5932a64165e096cdd8309f512a545a36927044ab8e1ecd284608e6185ca2a,0.0297420655147274,0.6666666666666666,0.21651667919638276,0.2411065741675039
LINK,b1b7606aa27f990217ea980764464b301bc3e008074ec816d12a990d6c64a864,0.00126852265693,0.5,0.17459613900216753,0.03368143036876477
LINK,b1c111230df0915cef360be692a029de84deab8390340a29261671c44a86abf3,0.0632827518114658,0.8333333333333334,0.26295588087837946,0.4415529450696583
LINK,b2071b040605c8cb74b52fafdcecf4225af3108bbb14e55fe516ef26460ad254,0.0343388461766921,0.6666666666666666,0.173864500410394,0.055382146096049245
LINK,b20c7d3c95e3bb348315ad7a08c05e85adb56ee56b51bd677c3bdeac0aec3101,0.0138363059552143,0.6666666666666666,0.18443455298430045,0.087838971945535
LINK,b25fbe5b531be87de2e735a1008f3fac7486c04af5a4d0e0aa512eb280ec25d4,0.0607798300789406,0.6666666666666666,0.3442506070714482,0.5114797516847377
LINK,b27968e43c56251798ba3313979314d6b7f900aef681f20ac41c39c3922af202,0.0094432367897846,0.8333333333333334,0.181574577485147,0.04975318072058859
LINK,b2a46172482fc02d37c9541f260d1b3950cfdefd9ed64cf57b371066cac6ad69,0.0055849162888245,0.8333333333333334,0.18271122228519243,0.04780932066940797
LINK,b2cc451ed7eb21cbe8e893658d543e2b00ba87f31d404386191088b6571e690f,0.0082945588230562,0.5,0.18565710960756512,0.06162037186687113
LINK,b2ee4aff9afb8188ee288cea27530f69954c9faa2f6d75e205d81fdb4cc09625,0.0426327649481631,0.6666666666666666,0.17320514554916844,0.03718042089059896
LINK,b31b8ff87b49640d620a477b3fc428134ac5b98320e97c87e14cf0b29cd38fcf,0.0071035240516701,0.6666666666666666,0.18298219342150404,0.04541311576805921
LINK,b3462b40b212c9c5d33046ce9f49ae90420b62d9179bb6f69ba0a567de0a1853,0.0006462801584118,0.5,0.1850105215821941,0.08764185437962446
LINK,b34bb40ff117e553c421e102d04b8ea9000aba447b7e969633cadfe8a35f8572,0.0129699190782833,0.6666666666666666,0.1761018823214607,0.03435745169526803
LINK,b361e694c6fb522913d7000d8e735e7171adfec06808434b3693b879a2795fae,0.0248170150107484,1.0,0.19099610109045104,0.08138690225083899
LINK,b3abe9b16ddbd6e445886cd85bc183f3410109e1ff2b5c9f4fa0d33961164b88,0.0043502134993612,0.5,0.18058626640326267,0.05490103049821675
LINK,b3af45bde1e3392988478ef8625199c2b1c4237cf556e79363d4a0f191814ae3,0.0251455551792911,0.8333333333333334,0.17629857003925098,0.030965748343774444
LINK,b3f8c72635aec6a9bf62aa4e17cbbd48a87e22fce0be7f9b55b7b81694544c6d,0.0339470316439832,0.5,0.20667874541622666,0.1834664735070087
LINK,b43ad268700887ea6bc90b5772d3689e7bdde73fa87c7f71ace528e932c55f2c,0.046438171300392,0.6666666666666666,0.16994049355903776,0.016619354678554993
LINK,b4434e76fd1cb12d3c69ae602ff0fe2f52a1eace93522385315274a468eb3733,0.0066016240498583,0.6666666666666666,0.18362934715261037,0.04623659701907204
LINK,b457b58f62d36fa346fa8b4f4cfa61bef5c870211e9fc46432dafefc35f7c206,0.071385205420374,0.6666666666666666,0.20683102208653578,0.18906022896439137
LINK,b46fa4527f2511779eec07a28ec44d39096bda0c57058a76d29677358ac6dc9e,0.0027193349467362,0.5,0.21411048065801597,0.1707742012936327
LINK,b48435aac31519c8e405afa0c2b7920b56af4ebc397c25e4c391c32edc697653,0.0009849879211441,0.5,0.18389491490953905,0.07062402017772774
LINK,b48709d7453acfcc2beadd2abf1032dbad3fb8fc86d842bcfd39bf072dc20e03,0.0102780121155472,0.6666666666666666,0.18941748342143483,0.08995497816594504
LINK,b49b1f6e0962549ced1eaf1def4205d0bfac8fa3913baa942f28b9899f8b4c76,0.001608805152411,0.5,0.18035959302854593,0.04965243843399956
LINK,b49fe85abe3e84c059c9d1ce75f7faa630f4f36af7b589e5923c1e11749d00ca,0.0511283059714422,0.6666666666666666,0.25345617149076793,0.43161660561873333
LINK,b4a8e933608b8a5cc40de9762aa7e570e285bf8e96867fb7373589d0191319b8,0.0152534913204994,0.6666666666666666,0.17192403729327568,0.024251111056391283
LINK,b4e61bb160907d439ec98cada5cb50f583d7eebe131ae060c16d8592ebf67d65,0.0313056834053203,0.8333333333333334,0.17554578262955475,0.03242405303265581
LINK,b517ae2cdc52f9b646ba7280d1178d1ec97e7705580a921a1ce432de64ea5ba0,0.0061113854041672,0.6666666666666666,0.18192368483023724,0.06365271960346712
LINK,b53477d3b4c94d116dbf67cd804d386e8b1a14928f79984cf3b2ac24b0a6f545,0.0001806868597377,0.5,0.18488433841399243,0.05341071168700785
LINK,b53dce70202b96e846b3e37ec02759872e6a6999cd9aa081ae993a8415843efc,0.0187586267934209,0.6666666666666666,0.17990164908591766,0.09153991068920657
LINK,b55aaf19c4fbc056f3d1cb376389e1ad610794126b6776fb40e11ba10f8658dd,0.000202827747153,0.5,0.1967145337880917,0.08560425721540604
LINK,b5a1da22cbcd70120fd634b978bb27361e9cfa4d8eb63b3b891c88996d0eb790,0.0074931092403258,0.5,0.20537640078124714,0.1594164224893951
LINK,b5bcb70145556e621af134a214167b9b49f4bf120b1285f4c859a99e13ebdab2,0.1041166627795712,0.5,0.47767758277274264,0.8066877723167776
LINK,b5ef1a8b43c9eeea9e860f5827bd8f09f7604997d8792262f9fe3b47a99c99a5,0.0052971997287398,0.5,0.1830826692187971,0.06957415706459857
LINK,b5f3b5c3f16f9993eddfb92a3542e6409d85fd174dd162b5618154383a2af66f,0.0035919123801622,0.5,0.1816668896969358,0.06382371934849497
LINK,b61b1dbe228a3ce1893c4527739e68472d35b83706ed25d518efde25cb058478,0.0111098473254494,0.6666666666666666,0.17466124817072223,0.04326196097105666
LINK,b6876c69ccfd500e1bf897118879f7b3fc0472b39b84ccfbec0954e3ed1d6477,0.0505382984974702,0.8333333333333334,0.16911664789203465,0.011710148211923253
LINK,b6aca2d6d2f97e64ff1f62b17000ab22fb4e689360af91616e6a6f5a78f9293a,0.0046514128365797,0.6666666666666666,0.18459776771746927,0.0890613968258575
LINK,b6bb5e949e391c2ac9da42c45e2a72aea856382867a5002331bcd7639d8a212c,0.0317689922691103,0.5,0.2089858894846453,0.22200107995148002
LINK,b705beb354d2929cd788773933e7fceb3371b37ef50744732b300cb857dd7330,0.0691972281537424,0.6666666666666666,0.17986299981030876,0.08553342723030656
LINK,b707a62afbdeb485c7f6a473be14c534f2df0cf2f34a4f37493f8678e2ef6b59,0.0225618305908707,0.8333333333333334,0.18019812985086825,0.059385813856485316
LINK,b74e6a91588a662c78c83c8a41069e6b77174772a30b30b2f03d55b1f95a37f6,0.0701928118644538,0.8333333333333334,0.18290456915129896,0.04853981295106403
LINK,b75638652154b83721f4109d61d31ffb0a4efad268545e5e7e2df447939cdf13,0.0145510798317255,0.6666666666666666,0.17568366593324816,0.03328451552877229
LINK,b76003fbbb4c6d0dbd91e182de7ebdbba5b77c69d06d5e807e3091d4288b4d4a,0.0112149306099746,0.6666666666666666,0.1772000635289437,0.05980753352534782
LINK,b7cbbca71c74a2d78810169f4bdadc3964ad4de438b47ad0617bd2d423e328a4,0.0200287525302055,0.8333333333333334,0.18178525927239694,0.0822753156377488
LINK,b824a705b6cb40e90b5a186d04280ec4e23fb199131bc17c4b324aa52ab4ea4c,0.05715846182838,0.6666666666666666,0.17135847301883714,0.019536808523661856
LINK,b8611bbfc88cd7e8cd93914a749642ff601e75dd81325b1a56c7a0329e4feaec,0.1529742414210033,0.5,0.5335070185688698,1.3305540144641483
LINK,b8d87b1e2a3507d5598a259f027c417af3d18aef13e433f5fb5a768a53854ca8,0.023938205196909,0.6666666666666666,0.184673908370671,0.10757348602784438
LINK,b8dd711e147a8bf4923dceb89f6b2c4d0a565acffa6694a401a64596f0fcb413,0.0396267636885429,0.8333333333333334,0.1709492012631798,0.015446466735410162
LINK,b8fde3f3915f3011e96a76a763c2a848ab45af1754f40badcb19ae7c67dfd4bc,0.0511218560823974,0.6666666666666666,0.24774016629864784,0.4050158496117966
LINK,b914b70b9497e6abc29831cdf92ad7148ee82779732e2635d3dbb2a090f518f4,0.0086445138256992,0.8333333333333334,0.17574687831894653,0.031911834436069444
LINK,b922e1ea565d212e8fdb5dc45237fd409d82151b3494053908f71af864d1169e,0.002315789974532,0.5,0.17822851533325934,0.047489040888644245
LINK,b92648de41b74c646760984717614bac5d04f64f7520228367b98d4e66dffdc6,0.0663395808710365,0.5,0.4972360374894056,0.8950992323905197
LINK,b92bd48191e437deba15c1508a09c061d8469ab9897e0af0306d88c3612ebdcb,0.0383962292888553,0.6666666666666666,0.21456597544720926,0.1886280739332813
LINK,b9360396c7411f42b5e52c095f6185954cd1fe5f3000f6de1f67c0118a386ab6,0.0357441000882055,0.8333333333333334,0.1706823496475828,0.019508608620640848
LINK,b98f38cbc320b5508043aaecd42879f6ba95ba99ec0ca96c51179b5b3c5bdfc1,0.0156826867781783,0.6666666666666666,0.18324216209983488,0.09172726866207617
LINK,b9963e317db51ecaf685f0c20d674de489e74ba8055eec55c3f940d81f548924,0.0014598606873943,0.5,0.17446156117333408,0.03079766030649054
LINK,b9986034b4feaf261b9d40d4fddf5795a85a1691a10003cec62d1e9cb139ba16,0.0392400769060145,0.8333333333333334,0.16998420627353686,0.01385737667752947
LINK,b9e976987a771c52940d2a9cb14c620d3e720ef0cabb584aa8634be859b0ed1c,0.0005481156182375,0.5,0.17622198922824206,0.029191503674048148
LINK,ba03d2a43964c6786da7fcdce74c8c16396a3b6020a397d01bf7934d9c8f57bf,0.0160192877087061,0.5,0.19158754608426865,0.0979229931950066
LINK,ba27e08bd2d53ad3a9d3cd7da75588048f08e2ed73f47082fd0a7a17ff9120b0,0.1176368715182063,0.6666666666666666,0.26065740404946824,0.3077430642084473
LINK,ba38d78c597bb33c577fac9bd6d964501ab007fbe9d726784399024b140daa72,0.002065426164163,0.5,0.1752102352100641,0.040006722037197774
LINK,ba65959fe78bcfbf449d2b6ab09643e6af2b7380d87665a07484f9f742eeafb9,0.0295330357224279,0.6666666666666666,0.18331883138843943,0.06526182097400346
LINK,bacc59f67c2d8381074b552f34c730aee566ba706fb6ef5b60c8d09975eec36a,0.0125890568533948,0.6666666666666666,0.17560741095757543,0.037754232494983025
LINK,bae1486ecf79a9ef9f115e282ad428a608e174f4b381d5cde1a76b91d4c8d83e,0.0500310492428687,0.8333333333333334,0.20508758631230883,0.11347421759850473
LINK,bb051c3967b159bab2d09e5b760626311318a89eb6d5a5f8975bb1df33f94adc,0.0038914955432471,0.6666666666666666,0.20736047287634882,0.23458534201301148
LINK,bb23c9fb38d4ee3d21ffb49bd61282e0a9f580e50903d94ebac92254e194cac7,0.0885069897337204,0.6666666666666666,0.2574277959063751,0.3109862318746794
LINK,bba2b8e9b6ee224e160a50588119e8ea7707648df6825a40f755913e45100fe9,0.0079218686717012,0.5,0.1817681530040652,0.0695599905815895
LINK,bbd28d6ee866eee9bf0acfce99674e88ced0ea05576ee68c92132edd4e12c6ce,0.007932428522667,0.8333333333333334,0.17373287182252542,0.027159345953472955
LINK,bc0ec04445f2a1173251c746e0f4be7af10e1cbbba8641566e4cb4ee166d6f7b,0.1171962496070329,0.6666666666666666,0.3171012279651157,0.4164564598183633
LINK,bc1667845ff9d78117b0512bbd552a1fc75034e600aabc5238c44101a32b3596,0.0480063983012082,0.6666666666666666,0.1889075985342965,0.09479329152069754
LINK,bc28cf1f31293a9c237db772dc2c2ab655c8287c168571b273eb6093b319271c,0.0481670737165888,0.8333333333333334,0.1967486835947636,0.1622421293234941
LINK,bc429e4701c39cd44e2f75ce23365aa21972b66614708aece21cd1e59eae8da0,0.0477787510112254,0.5,0.5895622725877319,0.9269688924902724
LINK,bc940ea11a2c9b4e29ea6ca7a44ff845a4bbb08d17e8a30ec01bafa9e4096e8c,0.0061355363280213,0.5,0.18271670356077838,0.06192092951080574
LINK,bc959bc370d8c8791d3439510aa23eb58f5d34745b65fdbb674191fe935e450e,0.0082464766736018,0.6666666666666666,0.186391291797453,0.05783239680999191
LINK,bce186d1bdb1d91ca7ecc0f514750f4d3f2c2fa03800cac5e0e77b3dbd7cb860,0.0100708866882187,0.8333333333333334,0.19769905424244053,0.14132964589969949
LINK,bd1f4cfd48e7f16dc5e273e1924f9e30215190136c0f2d8d08ff165133981155,0.053307507161971,0.5,0.32335883290907347,0.524624710292485
LINK,bd427040bd150202d90fcf0603fe5f06c772d2403e3358a72996c3e7117e529f,0.0074525531910707,0.5,0.18089935778134805,0.07592650071093263
LINK,bd4dce8e11526790c800b9413daa4816e31d3a3567a9ee5106d043650e625c3f,0.0448534547156085,0.6666666666666666,0.266028916567669,0.35006968866351545
LINK,bdfa809fa598c34f285c2b4d3e5f6fa69216e8870848391d26fea5440af19779,0.0051119412626684,0.5,0.17889690701413843,0.04088951792843383
LINK,be111e8a74ee0bee3177488648783a579d6b33d39743e64afbf9883a0919bf7f,0.0034162202169776,0.5,0.1773375251495095,0.03890535252704329
LINK,be1d792017a914d57d4cb92379eb438012b0f55dc6086035ccf25769689233f5,0.0217676583302092,0.6666666666666666,0.18542751971965116,0.10564114505093902
LINK,be8a0f8a267fbdd54d3e9e0cde9bbab02181ef0c5f2373f594f68494dd2a1913,0.1946320607672569,0.8333333333333334,0.24582648841325358,0.21343890155838413
LINK,bedaf16aff29903c2d0801942f6c51042ed95b2d210b988eef5888bdaab44c73,0.0060715048538528,0.8333333333333334,0.1718832525054382,0.022414664371798752
LINK,bedded9089a600022e0958ba4768e21b3cd6abebe81161f7ab9c2f9cfda476c6,0.0383165638218353,0.8333333333333334,0.17573623129365634,0.03828521659165808
LINK,beea7cf74a90bcc563f65e4a80a90c707b8229205ea4053778e4a38ed7f2821e,0.0025467757301393,0.6666666666666666,0.17077619590853305,0.030631892967772745
LINK,bf38fb0c9d29aa052feba247c9e4769b23b6b1469af3c2e4cc11ee663c6e4762,0.0229525546173856,0.5,0.1874112103637506,0.09782588333779788
LINK,bf5b26dcdc3484270a80b1ae729ef7f71d677d3a3f2aaba6acb0096f5f1ba617,0.0347207795618607,0.8333333333333334,0.2523639650504681,0.26618472107996843
LINK,bfab8b8ddfa7e30b762dcefdbb1d40be8e3cede5e28b356a0d287853ac9abb4d,0.0932873091576733,0.6,0.5318748462145285,1.129200436485152
LINK,c0013307f06993612e5ef15108c2ffe58c845e6e148b7a32c86614fdad1381d6,0.0076878539692133,0.5,0.1778982279282312,0.06205613919456799
LINK,c061236ad1570150f0061481168b4711a138a18b451efdfc79d8ac513957a65d,0.0069296912781611,0.5,0.17885805557475504,0.05115367402980642
LINK,c088c0e1600eaf5a9aab14571decf3ed2e1ef05e926c702f8dba1f845b96ffcc,0.0108963154666867,0.6666666666666666,0.18421248097336262,0.09516938818195013
LINK,c08b30d65130adbbb09e143245ae3411130f0ca74295f52ca5d8d11662534822,0.0265611649200799,0.6666666666666666,0.17810191398565173,0.036229448078255656
LINK,c0954d9c1c382869eec87ce936fe3f22e6599431664500d6c077a31e3c7aae4b,0.0294140589588566,0.6666666666666666,0.17751992701732722,0.045302462134591916
LINK,c0bbe7d79a5d81af73ed2e9c2466b1b9f43df0ce15c53e6283c1012cb3716623,0.0133378614349047,0.5,0.17556956498482723,0.04177384618202264
LINK,c0d94d205f292e95f3e0100f273c5c66e4fa02053679178cc06fe9fd641b7c7a,0.0430628799508818,0.8333333333333334,0.1864641862829278,0.08036914700020976
LINK,c0ddfc5bf2515cf666036e2eb336c0f3ca4506d471be05298199dffee1143a60,0.020109855405077,0.6666666666666666,0.18220192990592016,0.07452690409322144
LINK,c0f0fc5662500747893b87e35c436bbcc95aeb035257ddac30c7c638e86b40c3,0.0390524223386576,0.8333333333333334,0.1780933899886353,0.05865204470951674
LINK,c11edeb39cc31f1edc8d2111122324f02c42806719c97117e404802222f8ea30,0.0092475959159035,0.6666666666666666,0.1800492242646909,0.0511975553069384
LINK,c16102231a60fdedf11ee44b8cf87741e1dc60b2e123b6a70a8896b39474b447,0.0342788071696828,0.5,0.23390815589749775,0.1877287978876342
LINK,c178ec7b096678e223f580e7eff8414288aace93a83897281847b9b3b229520b,0.0409666213461016,0.6666666666666666,0.18768758371811087,0.07155228610597628
LINK,c196d8a828d8d89ca0659baeea0114aa5163ae7d6c14a551b9c4daca7a622b40,0.0590211715533329,0.6666666666666666,0.2800392486402211,0.5399171007795649
LINK,c1ca4f06777392d7f54bfee0e73d7a88fb1176e43df8dfd2d03ea129388c3e31,0.0434087874581307,0.6666666666666666,0.22285419366043285,0.2480721542149323
LINK,c1e21c00cfb6093c439b80a425e58a86fedf7998cca0483ae82030c05821ea50,0.0198814286755703,0.6666666666666666,0.18071587134596312,0.06224248207570441
LINK,c1fd0d03895ed2bd0d9174d8f31220ac8060148ed754db9cd1d5f587e0a96f1d,0.0412823840871056,0.6666666666666666,0.21286174681483525,0.13864024886147988
LINK,c1ff288aa0e84742340aaac5bb3c8ae465fd24adc0b4916687596386fd55dfd5,0.03148295831277,0.8333333333333334,0.18563809746579188,0.0852295312231
LINK,c215c2918b2d8a0a9092f2d307865eb41b552fbc502d133892c90c51cb9c18cc,0.0091505632580901,0.6666666666666666,0.1825782690337539,0.09833661284893554
LINK,c22742d01451489cbf838870e63dc5c59660304b715bb543b2e014ca0cac0ece,0.0006021449854847,0.5,0.18114294017518143,0.05175578530320897
LINK,c2671ea2550f87b8c920970a5b133cb551c49dbca786a55cc15357475b78a72a,0.00608236656515,0.6666666666666666,0.17021838172762108,0.014786286157334357
LINK,c2a3f6e1f5a837bca48f428f134a3dbb409eff3b91431098e56c840bb51e16e8,0.0124042539028326,0.5,0.1770357361235907,0.05066386487016011
LINK,c31c57efee67c524f4a5656c5ad0d43df9e6114e7f1ec7c56c475d852f4a2f3c,0.0203521215576452,0.6666666666666666,0.18280364554975503,0.09585145116118042
LINK,c332abd891c33b311f0c22e0ec7d56bc0fdf52878d827d8b045c52b46e6570dd,0.0252873337951513,0.6666666666666666,0.1807819450718583,0.08681718593776762
LINK,c33784f16e99fcb616aa538affe31f1ac92fedc1b6d4e2771c059b370aea4b82,0.0081436586758015,0.5,0.18541001523403214,0.09925022984354992
LINK,c34699d44fdb115afab871d5e1d5336adfdc7a272a2ef6203dde9169c084b0b5,0.0256393465480088,0.5,0.17564064581100233,0.05175157280814843
LINK,c34c0b424435600bc971245a3c023a05dab202c4bb6273a6267199d08ab8220f,0.0023556898002586,0.5,0.20605742294001203,0.11807306888817429
LINK,c37a55544b44639e352c4b933447546fc21fe9b2e09e287486fc7bf86652656e,0.0281096095987293,0.6666666666666666,0.18485248819347297,0.07708511311273882
LINK,c38fdb5eeb66823e34d855fc14637010a924cb919e0206b6ebdd96d4f178131b,0.0040572924271937,0.5,0.1761734141031849,0.0527226995856423
LINK,c3a09300b7e69abd03b1023d45321b7ba68ab7ffc38919acab06c1d2aa108a18,0.06567680083161,0.5,0.26261261962456633,0.2989573893652871
LINK,c3ba21ee3b2f09887374f1f958ac8c679c2198fae1961f08516f55b572a75942,0.1567405472312048,0.6666666666666666,0.2251383290350176,0.2408736470690055
LINK,c3cc84df0dfab4cccbe211e0274a4ae2690c9f114325f05dd94a9fce08628ccf,0.0010068414236136,0.5,0.2005120230129299,0.14749302720757104
LINK,c3cfd6dcd1951176a8d3f1f24871fc2e071978df5bca8e4f4376f85f7b030cca,0.0053272901417365,0.5,0.18547297116830264,0.06394430615169819
LINK,c4048c561b0e159eb6dc6d977714c0c7f3d1cec7fc0324c4b737f725c58c1422,0.0059542180363141,0.6666666666666666,0.18274470852610689,0.0674930884873826
LINK,c40e6ebd774719be1bbd85e23eb088f1c5656eab7b6e3c0ae0f68537dd72eac4,0.0046907938681973,0.6666666666666666,0.16976496421851034,0.024675030590184593
LINK,c414631ea329abccd7f52a2bc70c7ea24eb79718b38d7e82d4c982064e74f3c6,0.0063844617209345,0.6666666666666666,0.1823491794819969,0.051971082887280945
LINK,c42fed8ef43eed5637d68cb398f02ff1263803e975fdd41fcadbc5f1473c43d2,0.030471717815814,0.5,0.4703149564462071,0.9344191963223073
LINK,c44308cf43f77bc898ced12850380b1bd32b6ad978420aec06f7ca880f9e0bbc,0.0214180102584231,0.8333333333333334,0.17199327101149525,0.02064625185962724
LINK,c4470f36adaac2390caedbfde504713ec9d82529cfb63739ea456b3a847ab9ea,0.002833317898692,0.6666666666666666,0.180266991291093,0.04765978183233035
LINK,c4644c893185ac2ac015451654bc2e12b6ccea460f76b37bcd01278dd0a254fa,0.166304715311722,0.8333333333333334,0.3420913143446315,0.5789573544956094
LINK,c46c7dbd619e30e453e321cd4a8558b2fb173d1843f1a54c8a7abd41200a7ded,0.0077772539099067,0.6666666666666666,0.17425189201445918,0.03723026991486888
LINK,c483d5decee00bf32e9faeb3f5bba8518f97ebb96ac5d37614eee77182df14bc,0.1017781716973782,0.8333333333333334,0.17913606094503123,0.05663988403255666
LINK,c48841943037b498e8b79b172d6d0bf56a949053d5f0c25b32ccbe9674ac4f29,0.0473634526378224,0.8333333333333334,0.17421270929574065,0.05647587119537823
LINK,c49b8a013f4a72d4671227425384a91b92c901118f188f40f5d87cfe327e5f9b,0.0124705998717973,0.8333333333333334,0.17601543815202658,0.032335307337618566
LINK,c4a4559c2ab33e3b154c600525e8af7e3d6b9707e45a9436b295d04555c272a9,0.0153318723872309,0.5,0.19967400870718072,0.10702084477312357
LINK,c4c47a78ee0f8be3678a42d593c1c1328ffc70dbdf443ca4d093bc7c56d3dd89,0.0004101525654038,0.5,0.2095708486732891,0.13933562575550185
LINK,c4e0582916da6573ffc3a103838a5a84da2feb583ad264205d19696680e8437d,0.0350645875878845,0.6666666666666666,0.20892442096715172,0.21697099191406632
LINK,c4e0b210caf97d52c680764b522974d78887974bce33bc35496dbff5e41f9471,0.003375892681416,0.5,0.17391410405400626,0.041402046116541476
LINK,c52a1018618aa85a51e3deb25ee4904d8f9357ec142c28844433c43fd438e599,0.0074280842277316,0.6666666666666666,0.1833573992159806,0.05527403907354908
LINK,c583ff6bc76c38b565cb9f187717911d07388e4223dd99bd34785131645f072e,0.0048255132557688,0.5,0.24148151619658054,0.19663904476712082
LINK,c59a02a4d8eec3bbf173e7f253f922e39773abfe2c00e27aeddbb060b06a5f44,0.0130955656794096,0.8333333333333334,0.17642175851606587,0.04205554071303579
LINK,c59a99e0e938fe187c294659f0103be101c8ac90cd6c590d4569ce105929e094,0.0132226839352928,0.8333333333333334,0.18097233153138192,0.04385290248774292
LINK,c59e7a7d4156aa1f95682aea1c21e6becdf3ced8a1433b8bafc523ef6674d929,0.0320322049011556,0.6666666666666666,0.17540161361403164,0.04429882056421783
LINK,c5a5e53b4ab3b50123d5485cf14f69eed7de11260401e26e80cb91a049512417,0.0028112445947705,0.5,0.17791640388913793,0.0472961767897101
LINK,c5abac4c7da15173f25eab7f02e5cfde445d7c871be859ac6b491d00060f5443,0.0039907050648519,0.5,0.19310283623978802,0.08412148620310117
LINK,c5de2db263e4fc74cda8adc33d738d22e9685c4461c59ce8460723e0a41828a2,0.0050866948324259,0.5,0.1806952269744645,0.08164215271079073
LINK,c612f4b24c83c95c0a7867bcbcdfd059440675ccbd2bb3195db2424deb1b7815,0.0036883412479415,0.5,0.18432316554654216,0.11404853063071668
LINK,c62c0be0680e46d4227e45deb9bfb43d8a62094e0648240d0afcdf0e97fed9c5,0.0626604243919206,0.8333333333333334,0.2242504104560336,0.26318057496223307
LINK,c66c4af7a675ecdce75172869b59ad330d600d0d662e736039ff40dd7d4eb726,0.0018641538964423,0.5,0.18185505707668975,0.04734499528855893
LINK,c6945d552d6d7326b9e157a5a58be0fab7ab021560a7e74b258f960b85068c1b,0.0154436534049083,0.8333333333333334,0.17713104122236095,0.046407023230621985
LINK,c6c733aa89f259f269c5c43fbdabf6bd0f8cc4c6414a0ff5fe6616814808af7c,0.0020064394715576,0.5,0.1957976444144927,0.07828154549443837
LINK,c6e105658a4fa48b94a0056d3152050784978321d2403be47135fe8ab2e80840,0.0461926836454544,0.8333333333333334,0.1753632490656531,0.038244652956875125
LINK,c7137ae93f719e02d17f31065d4b1f5eaf46a6ca779fcd3ab57f2e7257d38c7f,0.0099774790709167,0.6666666666666666,0.1725134873942263,0.02649920920884966
LINK,c71f9af882712b75ac921d62f4e11cfd9345f183d2ee7aa39fff18c7cc5f5c35,0.4293871859680084,1.0,0.2766686093392747,0.3377624702454753
LINK,c73286b4e21035a10be381d890cae15e0eaf1df36c3804039ebe12f08c434728,0.0256332765590846,0.6666666666666666,0.19078616342597826,0.09930069642778458
LINK,c78207f8d2033a1f6230dce4315011871411499ffc0b810f36fa7eae58dc10a4,0.2021728501603489,0.6666666666666666,0.2836350857216765,0.758962177904726
LINK,c79e04cce9a71190c68657c76b0ec750c8c91ef493832175367e7b98927ccae6,0.0031158208634147,0.5,0.23215300619832235,0.22391233554542941
LINK,c7b6ee32ac9796a2bfda55a8f440a219edcb72b147dc24ce8195b4a1fac95d9a,0.0114851691402513,0.5,0.18690555028688038,0.07125774234336221
LINK,c7b963ccd98983c01b8fd4c27fce416db171a355d970178ba933ceb3c52a2347,0.0017944346953773,0.5,0.22584727131836088,0.16946155113876799
LINK,c801c507223315f539c7cebe1c901849fee91b3be09b4f6a0b4feee8126c6272,0.004152924139392,0.6666666666666666,0.1877422209329604,0.11985616174647123
LINK,c89cd2b44cac0f4bf59b57ab4b6b885975757fbae3f0af8116ed655f66eede0a,0.1466060405856864,0.6666666666666666,0.21103938949768664,0.15803136718059985
LINK,c8ae20212e08d622ac12b07df5613adc16b64e2686c051346323beab9e72f177,0.0212093960193041,0.6666666666666666,0.18642006945874634,0.09615796800437228
LINK,c8cd9b03aaf208721ec497ba7deb066d67f62e109dd2797890371a87c4e8dcc5,0.0004895562899878,0.5,0.20976348491262078,0.11228405654620491
LINK,c8d61f6b2b839859f361859ed9a39b89f67a0a3bdd4aa5c4eb99c33ab5af32c8,0.0341162473045588,0.6666666666666666,0.1853505219381397,0.07714489378373084
LINK,c8d8068ccc5562a3d194b8f7f32f6b679f17998408caae9c53203b445b22bd3f,0.0297452890065656,0.8333333333333334,0.2581074605814271,0.304353194030488
LINK,c8e85cb29a95b26ae68c23751c6716da5a54acf2a0284bf38a8c55033d1b2dcc,0.0012722699270956,0.5,0.18477199133909614,0.08536255199527477
LINK,c9020b36e57db0d81735bd4162179f41bcfef020b9826e2af2c78debe2dac0f1,0.0302881042513987,0.8333333333333334,0.18188960055709655,0.08446828658946788
LINK,c94413ccb8ca480b164ef28db3a4e62314bdb48de7d83471086ab55f3857f4a4,0.0062108791484852,0.5,0.18435288885827478,0.07539070084950543
LINK,c960c7de76fd069164d0b45cc1333e47393e6d1eb0aabd43652a1bbf7fbe6bbb,0.0130662277677961,0.6666666666666666,0.1920449673146532,0.12476551337119043
LINK,c99e534136fd7234f4be65f720a37768a0f60141d0992f6da041b31c5f516a88,0.0037227623099167,0.8333333333333334,0.17051307611678543,0.01621617537013851
LINK,c9bcacdac22a616c823765c9ea73f01148deb8cd8d944b91e2c8e37d4d387401,0.0154220605510751,0.8333333333333334,0.17483115375744995,0.025360023485901422
LINK,c9bfd4693e22a9a5c266465eb2ddd67bab2304a72be582ea43959c483944af3e,0.0185124820136852,0.6666666666666666,0.17810923877140428,0.04487245138531566
LINK,c9d17952b5d43f63462068b1d751f3fcf32f373ad655ad2729b4df538ee128e0,0.0062486605313779,0.8333333333333334,0.1795123892107115,0.05246024159478536
LINK,c9e3c9a0ca28715283221afb4714531bc5375501eac17523a972512a5184dcc9,0.0030740592075967,0.6666666666666666,0.17506946596841017,0.032228689261774066
LINK,ca0a9ee9521901a4e18b10394d88aaa921521c40befcca1d007348b02ba06ea6,0.0232941609323623,0.6666666666666666,0.17581439112181171,0.04370186926712111
LINK,ca2fdd600beaea70423dfce5fef061fbe65788b67dc68b2783c44dfd6601bb61,0.0107780360727636,0.6666666666666666,0.17320154892796197,0.04194167604127819
LINK,ca40f641817d6a34de93b59701cd69960e1159d2d2d34f702824c7c1d0eb2df8,0.0389452708722034,0.6666666666666666,0.19201331404666275,0.1102135046305826
LINK,ca5383f9fc0fcea89fd8ec4cc5ce7d547cc02ba8c076dbaa7cec50de643e897a,0.0112249390891906,0.6666666666666666,0.17728154580432093,0.05135216544770909
LINK,ca55eaf4a7cfbbf2e87a3aa1c64a84f7117d885b876c1b5ab7a52be1a5d1b389,0.0139425736276158,0.6666666666666666,0.18825867380443984,0.09245402380983322
LINK,ca7947984df328459427987e8a8bfac0f1d0f1ddb219272ad5d67349b340bba7,0.0017590162123275,0.5,0.18247126150956886,0.06522667356980283
LINK,caabbf88a7635769d6820ff3fac2a7e6edeb12a4d9deda764f1674e88ee995d5,0.0142436659210453,0.6666666666666666,0.21006098347221297,0.17186769793729476
LINK,cac10f7f09e8cf81171492d9c87f81e31c330c0e141f87e87a51310c58b1c02d,0.0116754665233778,0.5,0.18124180497593323,0.06472110287885008
LINK,cac53e932f9849889860c82317e37ca83e7708b24753d4798b92e285ec31a931,0.0138595615687132,0.8333333333333334,0.17213134676392516,0.028112838126659597
LINK,cacfdde7069b25028033ecd1478f4a13bf402f3a1f1218b5de10df9345dd3acc,0.0401502482251119,0.8333333333333334,0.17737277444748387,0.04469174103876531
LINK,cae96bd17a881ecb44ec4a36bc97952f5be5d2d1bc052f85e9cb308935624867,0.0011014141267276,0.5,0.1842973130694965,0.05209170726928771
LINK,cb08b77ab6e416a8e93f1306e0c052035a01da60ef4540011ae60377545292eb,0.0354227349599555,0.8333333333333334,0.19254216575890615,0.10122926507977761
LINK,cb158cadac4bd3832a0300cd6b892316a5a643dae07657bf121aa1a9bc96236f,0.0029746784390718,0.5,0.17896181425416224,0.05417506781340346
LINK,cb6725c2f3a9470e60fd91ee64d7769f4f75b43110b51c30bc6f9a1f0b307253,0.0027882727780298,0.5,0.20449595983391705,0.15113445517057383
LINK,cb78a02c1490ec265e84ad0d524d72802ec0a12a8db4abb0523630a5c893d22a,0.0497818012140123,0.6666666666666666,0.2934112400218201,0.9496237953936265
LINK,cbd23d4a1cd4c65312bd3682b37efdc8087f257fdd11f1d4b67c71464e8e6f6a,0.0146914190487017,0.6666666666666666,0.17561673952816587,0.042666779662356144
LINK,cbf67e51d821ba28c345615e472c2bd541462d5577f368842d9673a8c5f2aa1b,0.0027278791729028,0.5,0.1859960672734177,0.10707311030069334
LINK,cc0e20e6f51a3075a90275821c8af73a070a6184eb8a8d871905577ba4e3bf81,0.0123446958891776,0.6666666666666666,0.17517391222662348,0.048881521254341934
LINK,cc0ee36625d54ec2ba1a1b647091348870202e535899fc588e0c50a62a6193da,0.0103360924915586,0.8333333333333334,0.1711245222349163,0.018584023207257435
LINK,cc227e6ca0f219050f8f7e2cdfa879e705472129b0131f5ca7d512dbf5952cbe,0.0017801968789938,0.5,0.2002791385057366,0.18423409246056438
LINK,cc424c9c7e17413e604c18fc96e3d387f4cece141bd59d60a96bac2754cdae43,0.0156165890253534,0.8333333333333334,0.17436599178397752,0.024286695835220057
LINK,cc73ba9d82915402fdf3d8b85aa0c30cf2b9e051b1165ab8ff2acfc3994a662a,0.0022249334404554,0.5,0.17865582937530672,0.0403782993172904
LINK,cc9dfd819d82ba3fccf4a4baa3249140a786b6d4c2f49af854083e204ef7b843,0.0093329188709809,0.5,0.17857829711917575,0.04071449439082726
LINK,cc9fd68f6ca94f0c396f6883bba86cd79aefa079681403961f2c353b28c0bc35,0.0421968440382121,0.8333333333333334,0.17528606109852976,0.03344441206039941
LINK,ccbe216c2637bed06649646babc9cf6d5c2e30b045f599aec01498da3d740825,0.0326418796314888,0.5,0.22148489346034822,0.24581206714826598
LINK,ccc9b937d8dbbd103924a9301fd5f0441eb2a28d02d96e5b069632b02c8d675d,0.0180539728445731,0.6666666666666666,0.17613810407451463,0.045413339564021674
LINK,ccd7c5b7a2152011393d6c0f7f31f622cf99fddfe2ca196e5e3508ef09bffb50,0.0076103828585882,0.8333333333333334,0.1742971101424367,0.023362260674457774
LINK,ccf8e0f20e433575ea6e9b5f1798accb499ebaa6d2a704b45aaaaeebd5efc2a4,0.0018431405928618,0.5,0.17701916354040498,0.04560217231934109
LINK,cd4a4b52032c2637a894876d6594453a7b42aa5120ad10ddcf3a94b8da03dfa4,0.0165263584278522,0.6666666666666666,0.21337312295317798,0.28111259729826504
LINK,cda770766ace2dcc424371f4bc54372e530ea5446882f1db9224c58dba4938cf,0.0075509745063987,0.5,0.2159046501828508,0.2614328695232119
LINK,cdca48b9323674ec743542d76e68442ef287c74ee891b5621e289247ad037179,0.0292494830370944,0.5,0.221148459723951,0.20227472332380286
LINK,cdd3c82725d8f1d961ae9df73a99e962ae8682c7b6f5ac792cd6bff80832db0a,0.0044870331810267,0.6666666666666666,0.17908715580528817,0.08536986278042714
LINK,ce05f2457ff4a175b770eefad216f81ab2b57ea2b145d5fd681f09edcb10e56c,0.0137319807411493,0.6666666666666666,0.19431872968504058,0.11901354680008029
LINK,ce10daa4c30235ba689c53056deb8b206d49998df9a82b669b5d964ef6b6a83c,0.2563778718789004,1.0,0.333706473455109,5.313469137793183
LINK,ce27097e865a6fc8957a3a6208e70a76b120659ebf388abedb0983c21e48b29b,0.0240228565007493,0.6666666666666666,0.18912319203130099,0.08240198593689103
LINK,ce293adbe8484920b2beaa7b970ee8ba2cb16e4305fad7ecc2213ff91d23c8b1,0.0168538224635416,0.6666666666666666,0.17407913841529613,0.035866801115295555
LINK,ce51c64de0b22beb58ce0a6475c4df3f0b0c7152ba54be572fbdfbc36c453f39,0.0036105158624714,0.5,0.18557531018161544,0.09056830898276459
LINK,ce9213dfad4cfdfdd647f64af5dcbeca74d0870b0ce4d6d7cce1408cdc074972,0.0205926192560496,0.6666666666666666,0.17252766903728622,0.03169125900594515
LINK,ce9ea0265cfb9524d1490117e65c9b5483b5b859408763202e1ba21efa45b709,0.0308338898020085,0.6666666666666666,0.17822938479153075,0.048858247412724334
LINK,cea03ecf5d029347be1b66341e38b807baa535fa61262c5340d65906c3076497,0.1442525357827709,0.8333333333333334,0.25421417009891073,0.47883141120251216
LINK,cea2996fb2862fe01f7c0b90bb4fd954a32b9e50548ddb6028c08c7f6ff62d18,0.0849411098930878,0.8333333333333334,0.18477581313998565,0.08863965119084016
LINK,cea46b2bd9d2527ba68b7edd36681bdd330c495ef471c62805eee18eddef5216,0.0077061667715041,0.6666666666666666,0.1760401578363766,0.04593927797709972
LINK,cea955df53ab488549bd277f91d4be8d7591a4ee5a64b2035580259d9d741ed8,0.0128699299746329,0.6666666666666666,0.1823443275970082,0.06108989775793026
LINK,cebe9459dd13c1d1904a6809f64eac653b252a655509f2100e96f8ba3c247bdf,0.0352261732239732,0.6666666666666666,0.1757689592082331,0.03389712263987575
LINK,cec071e7a1324e635692a4c680a08d5c43d28e8bb14e09a4c7055d4b76995fe6,0.0579655818805338,0.8333333333333334,0.26351362874020307,0.2988518831588279
LINK,cedffdd01ed2c4cf0992561b329d4ce0ad7f9c6b6852565f2eb4e9fcd4d952c6,0.0476033006975024,0.6666666666666666,0.1692089740174674,0.01545806560395811
LINK,cef322d88459c5371eb34c267f4e698eccacdc8ed93d477142d11f636c50f008,0.0194104155959309,0.6666666666666666,0.17729916822551173,0.04149105384657991
LINK,cf5f58cdfe161b7d5530ecd4880d9c80c501744e06ff11fe32e5ef125d855332,0.0317482368881157,0.6666666666666666,0.1719791173670576,0.022116388275201532
LINK,cf63daaa0987087f6b462d5f577bcb07936b342598041576c8c35fece8ecd928,0.0096856169379204,0.6666666666666666,0.17929795467108006,0.0513713965311331
LINK,cf67a5f420b3d20f32e6d2081c5cde40785c7c5844c8bf79af7e2e9133607370,0.0025315503317747,0.5,0.17780453688170594,0.06429377394962281
LINK,cf7a3aab6c1a188eefb758682ac42ba58c2d243a651bc1f07824fce4e5032df7,0.0230662756755341,0.6666666666666666,0.1822253391132127,0.08102837447079717
LINK,cf940b6dd563348744b05470c146f16bad19d20bbb748435772fb10c9d317d70,0.0955152204060664,0.6666666666666666,0.19240856492145542,0.11480742475248436
LINK,cf9d9487d1f8ab5f1f3a5e11ef6237e18e1c02fcb964c63988e9bbeac88d298c,0.0286818341441634,0.6666666666666666,0.2279971974181481,0.28499520544605395
LINK,cfa867392631f1ae6ce0053759b50cd58f6a971fbf935966a4dcc2593e482bb0,0.0012070992763081,0.5,0.18677137329068672,0.07414150040500729
LINK,cfb77e614b782b170fab012cca2b6d17072f3681fec93ec89c35748b4cc0c215,0.0218511912165323,0.6666666666666666,0.18788823120524345,0.08382868821641737
LINK,cfd20f6e82ce4f32d64564f8d9535fd5c7609dedc7493ac503af68bfc53b8e0e,0.0304666495797788,0.8333333333333334,0.17343960298298808,0.02414230251921367
LINK,cfe13020281bc2df2bc9bc2c3e38f9ad2dc6c2292a5e67ccf1cac12633a1683e,0.0309391514642831,0.8333333333333334,0.17432005581618204,0.039937884105911876
LINK,cff9e42a78af4789edfba3bbefb0405d6df7d169854c2c56f19d92645494b429,0.0046880458790162,0.5,0.19274164805928182,0.1589469133454522
LINK,cffaac8f5ab2247f436430a824fa8e0b42781b2de9b113bff7c640750630d38d,0.0114537091907424,0.5,0.21461571356316747,0.22157555863543138
LINK,d07fda554f21b8f0b60db8855db740f342dfdec3c398536281f4c5781585e6ea,0.0066292415132304,0.5,0.18294194850658624,0.06116918064942977
LINK,d0818f8650e73b521e8178006e2de49e2a9169c5cf5da4d3b10946508c53f9af,0.0034405002471188,0.5,0.18244679435278008,0.07080689788897594
LINK,d10028590a43a4a7c6979bae85d8edf81ea47a49b28f9ee22355414dff7ce1ff,0.0123413813122677,0.6666666666666666,0.17422189256724582,0.03772843279719311
LINK,d11995793c8ed507e8afdd1c50486b99682c0438184eaa81cd696c8d3101ca60,0.001642632640905,0.5,0.1770591920391581,0.041030820897594494
LINK,d12e621fb122c212abdd468eff2b31f363204ee5f0036528280a89011862cc72,0.0048998852638225,0.5,0.17003777551993293,0.01395336214087197
LINK,d12efc672b92f17b11abc6c6aec3245791efbbbbfe15dd2d0897d3d8b10b84f0,0.0069835770938021,0.5,0.18205652239993494,0.05985186789100641
LINK,d13d772f6e7716ed8b12d4ff71c09254d1eec6b903bb4bee9a9207ec11d19122,0.0033724206100043,0.6666666666666666,0.18455177585065213,0.06269879275569663
LINK,d1523ee65c9294a5f14c2ea54c80d463ef640345e036b1580d87b39dee67911c,0.0075246887580258,0.6666666666666666,0.17649577129546357,0.05019999159478303
LINK,d200eac5281327486c904fd951409c34f35dcdf2c6a5c89f37fd4d3a19e4980c,0.0068482493063509,0.6666666666666666,0.218892629096555,0.15814697605948674
LINK,d23ada05d7ddd5a230706826cd7cd2d6f47053fe5aacddfcf240d6ce8de9d86b,0.0840369603015517,0.6666666666666666,0.1839802388713514,0.08330933171334078
LINK,d25b99c55ed415cf6bfddc0da5e34024db63644d58e81f6b2b8ee2e8a4a7baaf,0.0045119101261522,0.6666666666666666,0.1844018320701155,0.09265503054656567
LINK,d260a634b6b899d4f76237069d4f5a30aba7cf92011fa627815b9f7deb39593a,0.049237545319003,0.6666666666666666,0.17397130726856697,0.037084759655612365
LINK,d26c146af660272c902607b49759725aae75699b823fb816ddf3103665946b12,0.0279870189358464,0.8333333333333334,0.197467649747845,0.10496203210124051
LINK,d26f7538e2e0e6e0d6892b2dd80d6f57c011f6626681ac587ed25a2248802cc0,0.1233709432862115,0.6666666666666666,0.26233598139236347,0.34469595438051737
LINK,d270654eb4611c8c314bf23011931519ff7422d09f9a1d3f585d5f52feae02eb,0.0109149020938057,0.6666666666666666,0.18244156032832498,0.05268439141171201
LINK,d2915cf6349153a3cba8233c66c6a4ece7441b46f529ae3591016993fcfae4df,0.0178072865312977,0.5,0.2190349351621449,0.20518852781249544
LINK,d2b4982b79ba50e72f6c45c844c8348bb4a037112c2e593e1fe6057ef0a55990,0.0495092195128846,0.6666666666666666,0.5638051195990484,0.8993437679814423
LINK,d31150d8246ba183a9018949477c53d491324205bcc061af12bb9892041114f1,0.0095716353848674,0.5,0.1924799554210238,0.12501969212230035
LINK,d3384f82b5e93bb5c325cddd0f5535778461c8b6b22e7b3f2a73d340a86507d9,0.0041849921075282,0.5,0.26351335255657726,0.34517430997418286
LINK,d33c1891ac38a436f07946a41ce04aac4f620066d97e71801c1fb98872c7ebb6,0.0136531559729601,0.8333333333333334,0.20379650131648033,0.10151019000711418
LINK,d33c48cb46376c3ac1a54cdaaab3f2b4647959426e2bd5aa1808ac3a75f1f627,0.0123956056877781,0.6666666666666666,0.1762235243111953,0.05298420633681685
LINK,d3ec5beb2ed6d4f6273b472312729777bdf1a1e7ba10f28b81c6129cd6e78856,0.0190611560407186,0.8333333333333334,0.17241791720856675,0.027800402301745377
LINK,d3f3a70004425e68fe19860cca1e607eb4a7e7748ac754067ba8a5ee1faa6bbc,0.0235407448610697,0.5,0.21061879812615772,0.16535139333094584
LINK,d438e1ba49b8fae80d959170738c2a09b7e3cce8c871c82d81f33c9f677d0e37,0.008122455356938,0.6666666666666666,0.23303975212742978,0.1793084660091576
LINK,d4499a7cb7c6530f637c2be16dba86a3212daf42d78b82bb74203a8a20611d99,0.0272270195437793,0.8333333333333334,0.18335252215314304,0.05483728638095255
LINK,d4529ae1f7d2be9b3c03a2ce785d3fe741c8a88ecb148256c9b0d77bdb18d734,0.0469912567885633,0.75,0.5722299665453816,0.9847513502365449
LINK,d461590c1d3e0f308871c4dd489ae2ab49811dfa77bb49601129625a209c6709,0.0041180062763309,0.5,0.1772547429241947,0.06611191793047606
LINK,d495c02ce98935943a1dacb791f3288165f450a96c99643b4b0ba97186ef146e,0.0068482493063509,0.6666666666666666,0.218892629096555,0.15814697605948674
LINK,d496914f27f57f605ebd054ef70d4e3999c355629d22815d95e23318e72e82f6,0.1524324391591573,0.8333333333333334,0.2895033867587174,0.4904485476960961
LINK,d4a12c0df762719cb3fff79ca832001213d28d386b75caead075998c4fb6fb7d,0.0292734607199691,0.6666666666666666,0.17843642533151127,0.05171967308345136
LINK,d4e9440860475367ab50e18ff0d9f981f7f8992e9a9c922eec13d87dd876dce8,0.00854201129229,0.6666666666666666,0.17355460288873084,0.02567448683189623
LINK,d4f21808be63e19e6aa67de43e916cf5ae2c9dad50a200bb1daf7eb4e0afbed9,0.0086689481891659,0.5,0.2065210111145934,0.13618913395030088
LINK,d5007caea5982557e21a96cb35c68b2add8d35a5cb7a0c362b4cdb490c69b7a4,0.051949948351612,0.6666666666666666,0.28126862531950075,0.31325395746293416
LINK,d52cc4415bfd3f966394997d3930e051923a2a890b063a228127ec7d00699698,0.0024922245281606,0.5,0.17137379412053996,0.021863282351189017
LINK,d55914a1678b72cb2d07a1fe2cd1070cc57f59d95c514b4f3813213780dc1a44,0.0027221191733692,0.5,0.18882177339934866,0.0839738428075724
LINK,d59bb03d040ec533099b0fe403a13b351266ced303bcef9d5a09dd405f1d67c0,0.0030871629361697,0.5,0.17716404775013544,0.0741038652582168
LINK,d5a6c612ca6f7e5acff76e172d11de9a33dc145d582c8426d0aa47c50295089b,0.0194855821508388,0.6666666666666666,0.1774165536951104,0.041348823132001
LINK,d5a893204f20ff9fcc4e0abaaedfc95158ad55f34f66a25cf77b39b55274d857,0.023435025859895,0.6666666666666666,0.1925237588811043,0.10206611443870506
LINK,d5d715aee0391c19e87952683d311450203b41f9904f1fc7b9933da32e052394,0.0121441335197174,0.6666666666666666,0.19466330677909474,0.128937892537451
LINK,d6000423d68d80fcdca8e4f721e0e39ec0b0449b40e396d707b0c3ab7cb288a7,0.0285961421503856,0.6666666666666666,0.23653495169855285,0.29021300495857455
LINK,d6107922f74c63694f70604aea9886dcef920211c6e83809049f748c1414fecd,0.0064081721993291,0.5,0.17924381512475088,0.04787564991436461
LINK,d61bb442a5f537e3fbdcbf96e684d270c5584c00dc36b79a73aef2f372ec242f,0.0270485832879777,0.6666666666666666,0.17971875546881502,0.061733593273987794
LINK,d6278d15c663601d4ffb9ccc8895eeb48c940b7fda7cc71a41b55dce8a85d44f,0.0077051648096681,0.5,0.21424886666330653,0.23173489144798903
LINK,d627f7cbb768cf41d175e5e57a8d4b6c6d33613f3d86ca4015908f79533ea4a8,0.0323793797228628,0.6666666666666666,0.23264040744163259,0.1925227803778261
LINK,d63d1ccba3604cd6a1fa332e6896ddb500015cde9a1dd844d49db474704b176f,0.2077709279914279,0.8333333333333334,0.22376654839767993,0.29309197131102116
LINK,d680ed6f510ceff8918afa47fe07c8c127afca0bcd3fbe15091514da037e13b3,0.0339770997807281,0.8333333333333334,0.2050305813112156,0.1295374048156792
LINK,d6ca7abaec8eb451b88f3c625c10cab194421ed73891ce4909fa95d620130e82,0.0027738387442591,0.6666666666666666,0.18435307218090538,0.08322316290192149
LINK,d6ec908e169b4a4ac69185c5c3cf8009cbe314be76c7a02852dfef3e2b24b6c1,0.0220515617086838,0.6666666666666666,0.1726292752603898,0.024903519473935393
LINK,d6ef7cb25772c519a395734bdf81e73d6750933672c1f8ffe6f222b4acd7c8cf,0.013029994040316,1.0,0.17611991393621074,0.030740276381886002
LINK,d6f41cdc13c424e391f1d701b64b429ba0180a3b44b5e629ad804bf716e3f834,0.0057728537113997,0.6666666666666666,0.1789243320884986,0.0530982568704455
LINK,d722262c7d59c4a21fa26c8d56bd6ecb3912333a8c68daf93cf6c0551389de32,0.0572378614594138,0.6666666666666666,0.17909895558134742,0.0699253778728161
LINK,d7574ab2445a8ae7e11302c1c8f543fc2e5fbb61302bc4dfee08523ea14968ec,0.0305759293819377,0.8333333333333334,0.19677815749282768,0.10555738622519015
LINK,d799cdc72277771a604c58cf7de79dd10168f68e5b018f12fbfd21794fbe95fe,0.0366998268417109,0.6666666666666666,0.21997907561179167,0.26636121984378386
LINK,d7f3faeff70e84c4f66e5a031c9a80d61de1c1fde2cd9de35ba0713935747477,0.0100334290455701,0.8333333333333334,0.17142077680902662,0.017346767044144465
LINK,d816493ba135a4f38cccc1ef402c33ac0dfb0b55992e2bcf6b60882d591f86d3,0.0116442862753256,0.5,0.17865573973497628,0.06585228790491811
LINK,d8406f48251e4cfd0b6097761bca77dc3e8adb314310410342ba7a39816c0e7f,0.0105611576155422,0.5,0.18348884465361975,0.10102961252479242
LINK,d8465155bbbc914200f84ed6bf262e172ab3d03814cbdd61b7e5f4934fdf3721,0.0185164377429475,0.8333333333333334,0.17332909405349922,0.02368005648447456
LINK,d86fe1002dba3d13772ba5175d24eedcca1f3e191cd3cdf33af4e7c11edc5f2f,0.0071798759884669,0.6666666666666666,0.18688303018311672,0.059066957629251994
LINK,d88814000e8b8cb6806f4e83efb6887838311c0230fb99e6d2f4a9d8b52deb38,0.0264715859140422,0.8333333333333334,0.19210435607226958,0.08802160527618143
LINK,d8b8ada9c76ec32cb47cc64cca78cea0017fd41bd093758a026079e62a6dc477,0.0135817650286043,0.5,0.20074261470372473,0.1617676239637362
LINK,d8c32d1b4e0f4660352892f1f89d6fdd997be6e05164392b9bb75d8c3d5edb46,0.0379351647553185,0.6666666666666666,0.32532822139280954,0.4308538799788311
LINK,d8d21f28771c4a825d970fc73ffb5ec58a6c6fd9431cb481d6b75bee64f77d2f,0.0039107388150602,0.6666666666666666,0.17876346933671852,0.044368022830643096
LINK,d8e3b9737f4d73e124f2f67898984c9af733d99eea7400fefe07d0de0bdb597d,0.0110020609957149,0.5,0.18268522487554242,0.09809488990981846
LINK,d91123f68b4a3352702750c20f200f3d692a8ecd956c91640c2c862203fbec6f,0.0105084455150487,0.6666666666666666,0.1901049523814999,0.11078178098729351
LINK,d967b4b1512662d01c44193ac10707153198afa4cc4944362be1f2da3109ffdf,0.0853941615289937,0.8333333333333334,0.2103451134478457,0.15818328117228259
LINK,d9b582451c454c62db812de54ad0f5723ce5109c297c27dbfc8f0228c91c6279,0.1107482099805941,0.6666666666666666,0.3142230971782859,0.4956851448444586
LINK,d9c788341a2cf52d78ffa3e304dbc69f09eac3ec0c2d2a2aaf55ea2da3d6981f,0.004141588458967,0.6666666666666666,0.19122727041193868,0.09123939413856749
LINK,d9d43cef11eec6dec56732e1b7561fe13249bb94ed8b63fa77065ed3f7f02a42,0.0329669001047764,0.6666666666666666,0.175185551955148,0.04081768092035248
LINK,d9e809c7a9dbe29c36683d66750179c17d604390de9c5ba6d80b4702ff0d3327,0.0057619060143303,0.6666666666666666,0.18013955149523567,0.04277950276911503
LINK,d9eb6a70c4e20fcbe0035e5b2e97d4d1c2d8670e4487987df5108add559cc804,0.0172988625740295,0.8333333333333334,0.17477828802414502,0.05073309214587091
LINK,da19b193c4ea7409a91b0279af5ea1e83043648a062d2fc8108ba59a478019dc,0.0177539849090089,0.6666666666666666,0.18269769634040853,0.08621449960304461
LINK,da432cd8865ffcc75e183381f87f9368e9f40b3048676b044d3b3c79f9a55f8a,0.0122794471371797,0.6666666666666666,0.177525259499493,0.04520470496726469
LINK,da68ddd5ecd934e350271441a803e3697f47f165d6b6ea3be59978a723384cfc,0.0334052569633242,0.6666666666666666,0.21026740379656197,0.17070511289833337
LINK,da73f5b810182b14dc79dcf7d845bc02264380fff6706530bc06703ed690fcf5,0.0249158457225539,0.6666666666666666,0.18346885054933443,0.06735335653437284
LINK,dad7499ca1ea33aaa390e306721703a86281c4ca3614ebd6ce1a64e12621a38d,0.0093599741086747,0.6666666666666666,0.17509413649110275,0.03850637749693855
LINK,db0ace167102c51955fb85e11f4bc6476e1ef115972baf8b8b2a7f808da7c7fe,0.0158208272028205,0.5,0.17643449251408957,0.046555188317073955
LINK,db1b25ab41cda640b6064e5479a791518747c14b36e45610b58a14dde97c690e,0.0312436932623342,0.6666666666666666,0.18264354825868434,0.0750834845123877
LINK,db29b1900e78650a29837f5e8c3ed59183f93fb235924c369909d280538debec,0.0365845915149185,0.8333333333333334,0.23087848767122773,0.17703911383942683
LINK,db5fa487fdd7f07523c7e5ea4bfb7e78de9352fa43b9d066f941bfd502bc13c8,0.0536800127362002,0.5,0.30432348661406705,0.6434234712187782
LINK,db7734b1bfa42d76bd9e497499021504477a67a4a9fcfefa04abd06d7c2d1e22,0.011950723672232,0.6666666666666666,0.18131709247131608,0.061786361743891224
LINK,dbbebb911c4a40e40e3481d9eece86fc77d83d118577a2c1e7a50badce695e93,0.0076487884105526,0.5,0.1770954214416382,0.038496510478104345
LINK,dbf16996b81f3afca0992e7b0e79019dd686525d69a4f236cb93f1dddb01199d,0.0141692459930083,0.6666666666666666,0.17378352431345007,0.02717365136776047
LINK,dc00d65d65d1aa9ddbe06f1cfd97522e0141acb0dd7b3a39d755ec522472d270,0.0290790012539184,0.6666666666666666,0.1834638206899531,0.12938033450174954
LINK,dc28eb0b88e421d818b8bcc62315b25e4198b19b28ec5c2b135ee9ee3dfc6e01,0.0400068962477664,0.6666666666666666,0.20866795645836267,0.14327318135096848
LINK,dc2aa854967d6a812d696ca4480ee6eba50f086f54ea7f4bef97dba016cda617,0.0038650403188548,0.5,0.24875556629711054,0.21793773541438177
LINK,dc6805a9b5fc61949afeb3b03322140741aade39d0710987345ceba246431ea9,0.0050284151553634,0.5,0.22532848481538212,0.1862282340926176
LINK,dc68db5da89d6527879545d573280f94774dd884070296e0f80c987e7607fcbe,0.0078646431346122,0.5,0.17823536155411962,0.04032625327706739
LINK,dc846ae9c3a2f3383ea6a547e0bb3f8b8814f3c381902e4309c10b6e202ccacf,0.0115481937874088,0.6666666666666666,0.17404546886716896,0.028855979270317834
LINK,dcab10c3ae4fa9c7a1a8510dce2a040c624ac8f247fb4d312160fb062dda9681,0.0068844356702311,0.8333333333333334,0.17103043568635107,0.018360874848592158
LINK,dcca66814cdb99b8034b33ecb2e21ddd4f80b72bbf6ee82584e2ccf819db89cd,0.0233409927819273,0.5,0.2072226786270898,0.14487700183973728
LINK,dcd11bb2bdad025bf29040d92702277d3c861505f636ae39c81bc95ec28eff1f,0.0163940629903405,0.5,0.18129006125148775,0.07169520683732347
LINK,dcd1d73665e7e787154f7460276397426e8364a29845c94ced213b67398e771a,0.0225338981382059,0.6666666666666666,0.17765411326402472,0.0619739829540781
LINK,dceaf46d4cb0c23c9c46cbaf7195ed826844225709b9574856276db07ad56f53,0.0119963247670138,0.5,0.18572216292844018,0.0900700442198499
LINK,dd1f191f0b1db7157c97a58ae195a0889056776f17f959759bd9ae59a6810f22,0.001268665187242,0.6666666666666666,0.18169228686853067,0.052129611654538756
LINK,dd3bff24f66e9139a25ef8324f0704dfad78f68df9428aa22519930b009e66ea,0.007111142087094,0.6666666666666666,0.17543898816675765,0.054347088999740785
LINK,dd69b560ba3d9393e7ba0b5061dd2b14777c9c89d7253d47d97425639b0423aa,0.0120789408132833,0.6666666666666666,0.17571617014130683,0.035347643740648985
LINK,dd6eadb0a10c421495c8aebd08b574bd4fb108a9b581286367772e4a1bd333cb,0.0287238754331178,0.5,0.21556386108797565,0.20428843044161854
LINK,dddde63225591c1816281c8a851800880cc3838de33a8af0881390842f69f544,0.0947418086147279,0.8333333333333334,0.1874600467625159,0.09171095875815045
LINK,dde2ed6456eaa4de570cb0b6a8831ebbbbebbba8e8166d3042466e5efe0c2b78,0.0032620748297358,0.6666666666666666,0.17554499579378233,0.0365146481583675
LINK,dde9e2d6ceb41e4a9c76ee0ee8e76184c062bed4a317082147cf384dbacf4626,0.0632125196234413,0.6666666666666666,0.186774304572789,0.08209678605497346
LINK,ddfe79c7651fae2253f4c4febd324e01f0aa04a055f16f026fe91d233cf1e100,0.0400830550350472,0.5,0.1902012423198528,0.10252352787853615
LINK,de0499f94a4a7dad16d496a1649170e089c4b2c8e172bc69c0ee0e4db5bd47a8,0.0333659772464214,0.6666666666666666,0.22114165350645695,0.3193773152638208
LINK,de2251717a2cd46758c838cfbfa96e3faad0ae77602841492ee1634faf993292,0.0423741034838507,0.6666666666666666,0.1882322377585712,0.11245652037121298
LINK,de3d47924c21e2e318809fcbe3c7f405684a05f32896807a476a9c4da32924a8,0.0646528271785043,0.8333333333333334,0.23470723183507494,0.24700331212625748
LINK,de8bc76e3e7d7fce54447d37d969fde01994e38381c4b975dcc505710a9a59f2,0.0014450461967613,0.6666666666666666,0.17943723086022134,0.0553388270432077
LINK,dea7246ad3008665bf9bc72b142db759582eee46d936e13845c62b48d9bb1f0c,0.0078419055446843,0.5,0.18844446075355936,0.09290363228838427
LINK,dec02196f7d0df37275a00c54c7e3550d17c074835631d48033886f195e2634e,0.0138746018977372,0.8333333333333334,0.17890492893399268,0.041147680931170896
LINK,df10748267cbff937537b52cdfc8ae625a9918c2a0a0d19c97186dacbe8b64a2,0.0114339511791735,0.6666666666666666,0.1760962361060651,0.051495061013123865
LINK,df5685b6a96f0065b43cce92fb84edb146ba5bd1fedc1312689937bcc3066f01,0.009129835834636,0.6666666666666666,0.17266970522783687,0.019858482593313357
LINK,df6e03eb98f58cf85e5ea31fdb08c8f6dc92adcf869d6e3a7296445c4c70af9d,0.0510325866373998,0.8333333333333334,0.16926643494326,0.010817068644438405
LINK,df929ad4b9a3a13f2fdd641dee3cc7407929edf3b6f6314318055690299e4ed8,0.0078148206126854,0.6666666666666666,0.18100842769757294,0.05244770320360909
LINK,dfa4c76036ce0b79f274766f24d1eee637196cddc84084f23676625e7769750f,0.0106048774659332,0.5,0.21761463642645126,0.13602136181640598
LINK,dfc3ff07088f18bd3d4c82c34dd92ed479f97218e41e04a17c3b48928021ba78,0.0213915823474348,0.6666666666666666,0.17671050768235222,0.03752071977284905
LINK,e0352aa6c9a4dc70cc06efe64e0404649830896d8186ced5c22c27b61a7b1769,0.1070031542108973,0.6666666666666666,0.23648582428045506,0.4401228704494056
LINK,e038923979a739951b3809afe03cd57f0a38ba08f3edcfff89449bf7c7ffbd68,0.0036033698463149,0.5,0.18562027389370794,0.07121991353379348
LINK,e03a2f3c66d021a42eae8b5b679fb0ccb87aae43394b5578b7265ed9f4dfb157,0.0399169042334214,0.8333333333333334,0.17446429572766137,0.028845763815625664
LINK,e0494fa9702698b7a0a766ea3a74642dbee8304fd928d08fe385b83a7e7d3676,0.050541383025543,0.5,0.5036286179235977,0.982763719130044
LINK,e10937b5aa4742af38c0908be88079f969484abaab7104c151e7a28d6e7104b2,0.0244806391143906,0.6666666666666666,0.17211222598937315,0.028149363512689318
LINK,e1337446788ab0ae506cb5f8df0b42817b167b977695c4516a81015d929b53e6,0.0016607066582607,0.5,0.17380212400317407,0.036710098436937226
LINK,e14e2f6f5603a2188e1afa3e1ebfa3bec419f1986a2a9c20dc78358d178132c2,0.0019406124266383,0.5,0.18119364852206865,0.05618621713265452
LINK,e1ba131af503249f72645a8ea28cf1c943f09798c193803f67e279cd025debd1,0.0115503967574346,0.8333333333333334,0.18354797360544933,0.06770640910082712
LINK,e1f98bc72bb2e5e626906a148978db50ad0297e13ff2fdd0b15cd87d99937c0e,0.0038415596576728,0.6666666666666666,0.21651596836048415,0.14845585586040402
LINK,e203075f002d79826dba6d6a55ef7065ee51bce39e9d94d5ad292e5bf6a867ed,0.0095643912205944,0.5,0.19687927151570106,0.11027263459245844
LINK,e20dfd4048f747ef77b6c01e5d100d2696b2245480ae6b80ae0a7a717d0cf5c5,0.0515944183833629,0.8333333333333334,0.18922568808011364,0.12878308928061044
LINK,e26e6fae4ff5baa982351d005808fd170b636c8562cbcaca7dfa900489f50127,0.0115543121675738,0.5,0.1944117137464088,0.10940513272539926
LINK,e2920724b0c91f60a09425ae8cc831c9cf11d3d1656074a9a9d54efb8070e2b9,0.0079479882981436,0.5,0.1837855563297319,0.09121677578787335
LINK,e2c33370ed6ab4c37677bafb5d61ee2831b47d574ad940bb8759218074570e92,0.0154644890028545,0.5,0.18314700201372597,0.10114953759597126
LINK,e2d3307036bd9734910f1ea9e1e67bfa0fd076a32594c34938dae18b3e9da839,0.0300606788102458,0.6666666666666666,0.1728311763151453,0.02544819057963251
LINK,e329ed8ea970a202a69f69a5e37c2b846b8a86dafc7641d073a8ea5a595372ca,0.2186207616659739,0.6,0.3965556564435282,5.1915765685564566
LINK,e383c83dd244d852d823c018ed4cb1f42497f538a369ee6536e048dfe945f929,0.0097583020245929,0.6666666666666666,0.18337255814544068,0.08342310599476171
LINK,e3d08815f27c5a7984b25ad73970d41461917ef792f3492e9f8740c7e606acfe,0.0121742932523481,0.6666666666666666,0.1801963727540699,0.08185978396617166
LINK,e3e73ac5ca2e02807710640206e428db57cef262f3d3bfb24b41ab752992c4cc,0.0174910098861496,0.5,0.17319919986307122,0.03906468415947053
LINK,e3ee3ee8e171a0260d76edb351aee4da9fb4f804483792472f1c6674f8cd38ac,0.0054412873806873,0.5,0.1785708845852537,0.03751170348279364
LINK,e43f7d7699ad0f3e2e82b1bfbcc3adf873eec272f6223889ecaabf21e02d98de,0.0097079872994812,0.6666666666666666,0.17958463038057676,0.04682247128704223
LINK,e45c2e1154c9669c40739e6802f682e313d361ef9665694bf44697bad88331af,0.0471073482922085,0.8333333333333334,0.17048506240994651,0.01831925221917353
LINK,e48f0068bcf6f49ff75aabd97ae96b740d7b46b454ba0b66dcc3fd80ff456e30,0.0218653666532628,0.6666666666666666,0.22400730173984545,0.2315479563548921
LINK,e49d8b9d967c87d37716a1d20580ea2f1b9def17acbc6718a7083ac3646161a6,0.167425778745062,0.8333333333333334,0.3136737118589311,0.3386212061953294
LINK,e4a193427084b91c1d573367e8f4475aff54b8806b2acc86a7234c1fddb6e9b9,0.0093295922895303,0.5,0.19383182320084572,0.11360440697206751
LINK,e4b4fbb0d64a293e8a596728d5da273b9c4d762de3ef3dd61be97bee12a29064,0.0110111074456163,0.5,0.1767699399015342,0.06046893045839342
LINK,e4c4fa40cf77e90dc51983174007d3c10f804c7870fbf4bd261926bac4ca559b,0.0563541295564088,0.6666666666666666,0.1695825168865707,0.017997260745292766
LINK,e4c9f02e9bd3c61c24dd84123a7eb9c123969c98a8748ce4209adae20148c918,0.0032865265189989,0.5,0.19442543999842452,0.1489359107055259
LINK,e4d80ebf9d35db3c30d4542f2a29273fddbd22397efb25ed20f24d8f9b278287,0.0057734365931273,0.6666666666666666,0.18025560418435374,0.061794097077127054
LINK,e4e853638a576a82efcb668127e8ed92836c77b943146b68cfcc703867f38fed,0.0725906507792361,0.6666666666666666,0.1889271427356296,0.07044678136358717
LINK,e4e85f0924de24b891165c37eaa245cb2cdc955fe3358c1fae2a95b224641eef,0.0161793517318024,0.6666666666666666,0.21457122016893634,0.24207577442089565
LINK,e503c7fb96f092b46229187ca88a2ccf1bd1ce4e28e2367bed33f5f1b3b86c46,0.0062655083735086,0.6666666666666666,0.17027661053801435,0.017707097976320373
LINK,e50d6e72af51e2f1e0bcb98226875f07e10006e1f0de916a1a09ae305c07815d,0.002363756206454,0.5,0.17907995039927632,0.052746042583347114
LINK,e51a2df6305241250304148cbaecb4688bbf356d41c67cb953ed4096da763dcc,0.0029185451677277,0.5,0.1742959742743607,0.04003370754570138
LINK,e5899b654c757a3b27f8c4f9b648bea044d60622730729114a10310cbe6ed574,0.0068461486498177,0.6666666666666666,0.19001703465971057,0.10458292914750973
LINK,e5df4c8b2bb79d19917d3315cc59e4075285feeb117779c69fc9d2a612caae2d,0.00136071084077,0.6666666666666666,0.2123205776858985,0.14232798052147858
LINK,e607e01da5063dbb6732315203d741c7c1eef13a67eef32b8ae2176fa9284adf,0.0168571778207573,0.6666666666666666,0.17263498734861904,0.04139145293217577
LINK,e61e83ae26ab08a792fa0af8a1c66f4ad1de8c6a42b960bcf3db1e41b49cc6c2,0.0008300809943855,0.5,0.18133086782156185,0.10380254586747781
LINK,e61eda0c1515ac41b349d702a2e3a2f2a5b419835326426150c109cd8137e9b6,0.0062031823051236,0.6666666666666666,0.17479393196595996,0.03540212375330605
LINK,e62901e5cf0bbe33237d401dd06c02d0516b681ddf11563edc348550b880b812,0.0018119188548375,0.5,0.2253002241067992,0.25444803969574
LINK,e679df9b5b472728216d4b5f2d6c7bb7fbcf044e6c2341626d477b73bf4b9d2a,0.0451113249397228,0.8333333333333334,0.2388066848809251,0.23420528935959012
LINK,e6a1d4cfe78c67043730ac430208c7212f67a7ede6a48d756619097ee20fa67b,0.0017975954856725,0.5,0.17984015945608833,0.07405926949805221
LINK,e6febd9307120356bc355e04f9a821f3377a6876d5fa80bad36de12c37379735,0.0254753051832551,0.8333333333333334,0.17296786582217613,0.02108272988031434
LINK,e71805866c2c2802a6f5a05b9a1bc0c909f7bac09c2757da010a2c1e621c8e30,0.0078236516189519,0.5,0.20554380904005645,0.12806338319435887
LINK,e71a39fb929e8fee3ad746db985489d0030d4432c37f1bec0e80e8160ef4e5a5,0.0003087365095737,0.5,0.17803166555788721,0.04226812594497635
LINK,e77479c704f02edd216fa2b2b3437f19dcf6fb431ddeb650c556402695079a9f,0.0598891252036715,0.8333333333333334,0.18330096088488063,0.07810301750703436
LINK,e7aeba387c9f897d3b67792a426a7c8ed586cda9cda9606875fec3085410587d,0.0094243200859101,0.6666666666666666,0.17826574007506726,0.054896964998241586
LINK,e7d406737e0a4d25776e8f33b8058d11bf06e84193bac986052dfbdcbdf40d0f,0.0167132979862251,0.5,0.21740675139128618,0.19037157288024387
LINK,e7db3d1af06937737f7d326594f7a82816c482cbefacb9d4f7de412eb245af63,0.0035220326500331,0.5,0.18224393316914453,0.07133577622625151
LINK,e8398b027ada0a0aed919df7338d350749e1c2258e07dde4c7dc81b1f8bdd236,0.0182916528994156,0.8333333333333334,0.17683462029178226,0.032462212100149074
LINK,e8449ff5909433f51631fe5fa0687863d82367e084ad7189472a191d3870b46a,0.0209431878815837,0.5,0.2146171225860445,0.21680267924010205
LINK,e8c13695772eee77e0896ee566275fa83014c1884fdf62a10a9119b9f124bda1,0.1726136910778003,0.6,0.4690666194175153,1.1791733743837796
LINK,e8e866edfe76e9756543733ac1e97143dac2df47bdb993271b77d0668f484882,0.083441564795066,0.6666666666666666,0.27381263991610233,0.3568103201761767
LINK,e8f7dd3a58123e60d853ad67ada87042c15b52b01d007d12f7037b55d0bbb3fa,0.0377629289392634,0.6666666666666666,0.22725835952149748,0.2728339934097039
LINK,e9068ee1583aee5cb7dcd97db703f8565f6607c408b9b7c0f2ee19b4d964fa5b,0.014918358393962,0.6666666666666666,0.17638566917920442,0.061586731351407416
LINK,e997c44e0f8f0b8944d772ba99c38113898391215d351cec869e3449aa1f19e7,0.0067824478199306,0.6666666666666666,0.1815372597782472,0.049162294299234376
LINK,e9cc7409efebd58b37413bd92938cd3667a3a0ad267f07c40b28ebc3acac9556,0.0104674812612602,0.6666666666666666,0.1815639282216407,0.06737010305507767
LINK,e9eecfe4ec5c667abc3d5c4a8d2f59ba711f8e41889701359e01dcf635f86bcd,0.0275082801146795,0.6666666666666666,0.1735144123541854,0.026101420358515644
LINK,ea01972583f96c3243fb6212813f6ce9e0d487e7528d0cf74a99e36cb469b7fe,0.0030337675388025,0.5,0.17685041450904102,0.04124503817138511
LINK,ea169a6acd5bf79baf0136f536952179a2cddd7d580a07ceb05b558789f593cc,0.0085508870879904,0.5,0.18195875167676476,0.07008040197885192
LINK,ea3452916daf0ab39d32bba46587622437c52605a94d49b439e57afa80584a2c,0.0141668879039404,0.6666666666666666,0.18937169196900094,0.08774391764139813
LINK,eab314ab765eff60f73dd41911beeeb0ec7d36ffebb248f1de7adc9cd60eb013,0.015486857112944,0.6666666666666666,0.17404654530227665,0.028789852167461615
LINK,eabaad3bad23ce725af8203135a22595d346d452edbeaf3fbdd25b8ffd84b7cf,0.0553079593706946,0.6666666666666666,0.17169093491854912,0.01891558390076748
LINK,eabc658aa5e0f6a1b81eabd9ef8275861b7477628f037ecb9362d1f6711d2ae9,0.0376841670945749,0.8333333333333334,0.17194188140194216,0.01824622422209441
LINK,eb1dadd8e38e79fd5bc4dc41e5e6669fa837984c2aaffd8bb89c2769b6ac6785,0.0508438479818414,0.8333333333333334,0.19534285159017256,0.135612988464524
LINK,eb2874caee337d42c63a09500cb421dfea32f8e04cc65e1d0f21a484531eeb21,0.0133650610644473,0.5,0.22253601736910458,0.25408667394587514
LINK,eb46e7160169812274ae8d5c82c8a51b74a595548085dbf1fe233fdf710a0286,0.0203152388229191,0.6666666666666666,0.18114218454929018,0.08517212161141795
LINK,eb56f9710aa475912f3632512dc37dacb9c6e57e79bbb0b7c935f3c6e06eca75,0.1101265818515554,0.8333333333333334,0.3307434764700032,0.4217233188611224
LINK,eb8be7b08264e13edd44f44c24611b6d263fea85fd49f8b427c3e81c2c801baf,0.0095248490135532,0.8333333333333334,0.17213100498673253,0.018530135129094745
LINK,eb90ebe84ca23f387c99f747d14bf492d5963909c27eae39813e3dcc055b67e8,0.0294928135075303,0.6666666666666666,0.18310210517316938,0.08580504449715845
LINK,ebd2bb754f26170c4c269e5db39302a83ff385349a646a0d2ae51801e51f7cac,0.0232970768400865,0.6666666666666666,0.17160671267951189,0.02549392098547238
LINK,ec088d7509c27659fa7537b12a8a789f21443cc27cc35045f39d416309d25f60,0.006471940680014,0.6666666666666666,0.18324591224864858,0.07301821152743887
LINK,ec143373c8ef9ed08b1988b92f460845e6a38b1de4d3a5fc62c226341082dede,0.0012107460096457,0.5,0.17350585381528896,0.02291462982913091
LINK,ec29418fc2e5fa164a27192e73e20f2582c2c50806b56b66a2c6f0eff4a652cf,0.0323834799685161,0.6666666666666666,0.19378563828025647,0.08725536289420485
LINK,ec468f31b398fd7f5050a4351e3b87a3774e071fe300993983b9c93f0c77da12,0.0077918388991564,0.6666666666666666,0.18539907491419044,0.06263242040379485
LINK,ec59b915397288c15b7b6b65ba4e5fbc4d631692bc813542f1621edb51e748f0,0.0139279999131178,0.8333333333333334,0.17358446816542317,0.03143707072005234
LINK,ec721a543abb1ebeba2dd395658df0d3cb0f4267752f9b7aee67fe750f714e12,0.0168155298456395,0.6666666666666666,0.17596021045686755,0.056779440727692504
LINK,ec9acac4eee00396af3611833731757709fda3d1af212e80c65825cab66dc3c0,0.0302260921239442,0.6666666666666666,0.19365582139011359,0.19630209723515446
LINK,ec9fdd22c9a373761daff99346f14fc502273c490376cde29815feb81e032ea5,0.1007633803494043,0.6666666666666666,0.33176677190574266,1.1919578449566655
LINK,eca8bd68b705b5a86dc478d706b522b62074fd3cb926a00e5efe2ff6556c57b3,0.0060437270657455,0.5,0.17807067290898246,0.04316996239457857
LINK,eca967a7a946dddcffcdc1503a271390da3d9fc71f105b641a7553b046c6f115,0.021088186188559,0.8333333333333334,0.17187230930750813,0.03445808633759163
LINK,ecf7e584d79901f9a62a533c072dd6d34cdcb1669219af5fd743c84dc1d37a15,0.0071622179002859,0.5,0.27281007359950826,0.34185291026843156
LINK,ecfdb08576c0f9ae4f77e48cd5fcc650f48f6b67d6041c4fbbc8c63f200b0f49,0.0611159760458375,0.6666666666666666,0.2234140447943781,0.21666833999398696
LINK,ed031c529a8b28f2158d9053f6f80cc560f35c2a8e0c5d2766ccc37e18a3b7b8,0.0295976874598352,0.5,0.1770144086099751,0.04965519696369851
LINK,ed556fc92057a60c7ac2e4a65750f274513b0dbe49feeed75c5534fc7eb41b24,0.0455503555838482,0.8333333333333334,0.17713001070947693,0.032103827090822885
LINK,eda0253d64c861e936fc4ee29d26f2401df2746a314e4e5543233a115ef50a38,0.0366998268417109,0.6666666666666666,0.21997907561179167,0.26636121984378386
LINK,eda51d2ea0c0ed8c92baee5af3a8a835f9698c37bb27d678d7e68f177d68f5c4,0.0217798065657858,0.6666666666666666,0.2132950284291905,0.16371301162583324
LINK,edc1d168e8a665840ee15c1888e84becd353eabf6965c9c9aaf0102e0f2a2a11,0.0599639250607604,0.5,0.292819884302666,0.792168920212039
LINK,edcbad69faa0dab0255dde621069772e8ac10d4c382ea65b4e621531cb26123e,0.0144258184112399,0.6666666666666666,0.18029369730004846,0.04642923326051804
LINK,edf2bf27cbfeb363cc0640a7dbbc30ae6e9534fdbd267e570fe4c85a1f9b639b,0.0165026874154323,0.6666666666666666,0.1734936449213032,0.03200249706700177
LINK,ee01a31b62f9d99c0c9f825c7c3d0a1a862cf94c76c9d3fcb146b2f025f03d85,0.0375448717657613,0.5,0.20920825358453193,0.13953961803670267
LINK,ee17f9d5bac31ccf16ddb7765d3915b717fec95d6f051ad90149a453c2b4bed4,0.0168248843383611,0.6666666666666666,0.19046752501385494,0.08726886288515226
LINK,ee2f40ef99123a74c1ea20cc9058438a93f5f5738f94fe19e9518430c50ab861,0.0543278540998435,0.6666666666666666,0.18880941071815466,0.07619975212744712
LINK,ee3b8de0dc6ba76cb21a896dcca3d1fbe9204d3b903f6d4ebdb518a60e240c4a,0.0300005761653512,0.6666666666666666,0.18237893879397032,0.08261067212823822
LINK,ee49793788a71ca7c24e97b3d8bd7ad1b5f76cbc7f3d61cd8c9e9de165024e35,0.0235621166019001,0.8333333333333334,0.17906585753217213,0.050241251980417685
LINK,ee6a6bdab61ae2c8c61912ce7e4d452ca21611ac4bab03733e314ce52b8e2c3e,0.0347514385273302,0.8333333333333334,0.17717878478511562,0.03988430144599328
LINK,eee361421e8a4e05d00a4bd1e7ee60bac8e82942106b0a5a9cfcf7a4e02a9cc3,0.006015751903698,0.5,0.1894001627642496,0.12285035756570697
LINK,ef35e88557a377118aae840952894664237d84050d48a62c22812b7574ad805d,0.0523913548190441,0.6666666666666666,0.2028561216363306,0.171291486273163
LINK,ef52345bae8c1f020d842be3542aa2cada3d9032afb6416490240558237e1e57,0.0465878737997493,0.5,0.332610403571636,0.4774332487531621
LINK,ef93bc66c402c663f020206835a35924bf0969959bacc1518edf062deca4cf54,0.0217143218982421,0.6666666666666666,0.1882645357561111,0.09714864384213576
LINK,efaee0074fabe624927afde8991c406c552c542c4628aef7e3e1ae758413f3c7,0.0205140663195971,0.6666666666666666,0.1817025925865342,0.06483909924785868
LINK,efde59a81a8e0f99dce680ae4c5638ddd41e3a7aac800a7deddc496c20ca96d8,0.0114992825486068,0.5,0.19103715188831275,0.10164644137224764
LINK,effe0f374f7b5fba6d50fbe19922d6fbd1b7f9e89df5788c2227c98ee33da339,0.009546702450779,0.8333333333333334,0.17116009434688367,0.02244323931691068
LINK,f05da36e1ba5efdb4479163096d2c47a083029d6a2c734f83a509f5d90accea3,0.0097700446691651,0.8333333333333334,0.1767102595352436,0.038399324001532294
LINK,f097eac728fdce507131dc620e42549d31a54fc129813021a29c087d77c21fa0,0.0054543871330861,0.8333333333333334,0.18442823277983533,0.05465051042463262
LINK,f0da020effc3f08666f8b912e7cb2a722dda9df56b872b392417ac95396e4ff2,0.0083005711125007,0.5,0.17902714331346153,0.055218327262383744
LINK,f0e15ab82df2903cf06f9e1944406174a6f5d0051204f7a682fd32f3fe3ce7e5,0.1613675399981727,0.6666666666666666,0.374248376248504,0.44788755870759855
LINK,f0e78e4b4c6fc5d403ad3310e5b033664cac1a317bceb5063194e82e8868524a,0.0107036405623235,0.5,0.1831394286866632,0.05500512260871605
LINK,f10fee0edbcb6b0c424d4dd7b87c6c5aed91146135d0be52730539051e5e570c,0.0127774777009217,0.6666666666666666,0.1754076238201413,0.03896651460060515
LINK,f142ea8dc7da11e103515101599dce0dee0c19381e0f8e3094c480dd3c7609d2,0.002411918380617,0.6666666666666666,0.17306934402182736,0.02650656398092233
LINK,f15bef4e6767c96d4e2b051c1449262f377c1c4b6668730aa16823bfafb3df85,0.0112651335521577,1.0,0.1765530085407747,0.029465027278947058
LINK,f1b59acd588cf967bbed704c37177b088837a9491a914d610406df6535d1e2df,0.0138656477567803,0.6666666666666666,0.17815101501685487,0.062240968374211385
LINK,f1bc4b48cc83d558d7f7143d283a9fe0f31172e53d7fa8d4779b139b8cc5f5ed,0.0140855605816636,0.8333333333333334,0.18469376841138752,0.05188655042079885
LINK,f1e19e594f2dca52874aad757e808895032dccf37e520966cfa348c985914bde,0.1130328629677412,0.6666666666666666,0.285385638880688,0.505800645464464
LINK,f1fa64908901be9cc78c361a98f9d2db9e71f9a9863cd569c34d6cb06bb0a4c4,0.0083932833158865,0.6666666666666666,0.1856663181992618,0.08851762084162067
LINK,f21b0951f2d8d31849ad66869369d6c9fe71d35af373ebd6674c1e2a0f7325ff,0.0490679675794618,0.6666666666666666,0.2073525236976398,0.1562748357455681
LINK,f231c7b7fe59da0cd9ffc811b6cbaa09bfc4ee2690a840e5d83e32b1d042cff5,0.0183444249588313,0.5,0.18885404575563716,0.0613870735015427
LINK,f24788ab695608750d4e014a1118437d4b1911890178f0e8aefb42483bbd269d,0.0251275593541861,0.5,0.17619209565152005,0.046990726306864614
LINK,f252e72928a22fbba89bc5297f62c1df3eb7f96e4d5c2be9451e25f6cc2bed92,0.0252886497726131,0.6666666666666666,0.1830467828290719,0.08747822499575493
LINK,f2564734d66b80e8058666a911cb357d86c96fbc2750d202d9dbf80ac7d28b2e,0.0086059159488177,0.6666666666666666,0.18319674423717494,0.05006318356648065
LINK,f26787b1a9570c8973d199f4676a8f9d7aba8d374d8f5444be6486362902b83b,0.0079235315735209,0.6666666666666666,0.20564403295989447,0.1414307450163779
LINK,f293d45d835903bfeee1de73d9ab1bdf576eeee500a82a1ebd6e1bf8da9c04ee,0.3722125908265362,0.6666666666666666,0.6542616346490807,1.09568336843443
LINK,f3529c508949ec18b4533edc2970410950403b43361df06d19cee2fefaa6607b,0.000377469280627,0.5,0.24605009058360525,0.24770311378201337
LINK,f37eda5c08863586687c8355727e51ad9499b3ab133259e82afa82ca85faa52a,0.0195793371169515,0.6666666666666666,0.17492598126920658,0.023970471203398718
LINK,f3a56f6a8a271136b4285ed7432b19898f2a906e322221e6a56f1c53aeef15b0,0.0105882802408485,0.5,0.19724822705039635,0.13774695643757467
LINK,f3a5fdd50980664e1f05185250f69ca141fa4a506ea101dcf363c61275b106e7,0.0030613891732599,0.5,0.18137396079754972,0.06394641607300189
LINK,f3f1f7340adee1076f2a3934369c3334e4e0c54bf9a93210b9111d33c605d0fe,0.0036774476180787,0.5,0.21233318091322756,0.1894493972640995
LINK,f40bd01612f1e40830aba27a22aa4200703a44a3fdeec8cc167f5c548b4becd1,0.0349312030809155,0.6666666666666666,0.18447919878369382,0.061636034396759014
LINK,f4218420b249267632b43edc958465fdf3181f3365e15b068494191d1d92856f,0.0328957293419707,0.6666666666666666,0.19017568043227193,0.10859067824072
LINK,f438ddbae6baba72460141a35578a1839194e6b52cadd5030f9da0437b90501c,0.0124526857351251,0.5,0.19486717654347793,0.11445012382327431
LINK,f46d73eebec54f09fe40c05ac1d101a6dbbb496f491b2c04e9796493b35e3eda,0.0076537037100163,0.5,0.1888545969774824,0.12518823745094462
LINK,f4f4a63a46b5c16f9d34a90ae3cf0501542ca80fb2cdcffae007eb75df423706,0.0004641099262537,0.5,0.1774356231088062,0.04611982801038299
LINK,f51f45c0a81f55efd82f13b47f268842e3830dd02a0893d4fc6d45a3214e5a7a,0.0447493565340133,0.6666666666666666,0.2510931336330658,0.2461905542966141
LINK,f52e796d79b89191e97c20ece78340b82ee1bf1fe4d5cb514bb08cffa189fb44,0.0077918388991564,0.6666666666666666,0.18508378690484475,0.06078670319576175
LINK,f52fe0508de65f9c923c6856ef6d33e362fb28e552338dda2684dec858e399b5,0.0052714141213465,0.6666666666666666,0.17547395394448068,0.029498045626859447
LINK,f5851364bd1e0a39ba276c310e0b02598f1d23ab79bc94d0502587f63e39ed07,0.0161952915667607,0.8333333333333334,0.17728714922871014,0.036876854995671345
LINK,f5885232604d9e73e304408b8621f30019ff85b450f7cb78ffd9340ee3c5845b,0.01572628854433,0.6666666666666666,0.1753901264347973,0.028941318974636043
LINK,f5a36de1d07fc91591e6a46d9f71da55d950afee6097c19449641d9f5e75cb3d,0.0458751131361444,0.6666666666666666,0.20047102895192637,0.14549041525945752
LINK,f5aef9a4f0d2ffe122d40dde19eb5f94e73aaf176b475572359c4c80cc7a35fe,0.3073490466112811,0.6666666666666666,0.42828307732985216,1.04237610025817
LINK,f5f58eeb6b75b89aabbf9c637bc8eab011eec6eaafaada06d4201a4fdf82d1af,0.0196457760022005,0.6666666666666666,0.1832958341442647,0.0867837115148433
LINK,f6301f5233d876d7ee029edbf063f45859b96d08ec7b6a484b2079a3701edd1c,0.0068817300216306,0.5,0.20762643119438373,0.17979039233308616
LINK,f652537c306aad3441861974fb13d9a3ede0bb8863ee7986a639fd0de3b66cae,0.0043449637481299,0.5,0.1843523706008954,0.0559275281982103
LINK,f6771c08b44e28f93d7d7b9c03b709ac21d07f6503fbbcbda2d7fb7179f952d2,0.0170402826372767,0.5,0.19438618914020758,0.11641099598742038
LINK,f701461ebb5d91a41b50d9fbd35915156029834ae21b674b0afa9f806fb00f78,0.0164653121021439,0.6666666666666666,0.20009840665173803,0.2082604292738868
LINK,f70cf4d93f0020aa39692e49e4b62cf8cd772bbfaf711771997abbe56fc0a9d8,0.0104927848093299,0.6666666666666666,0.1855331659200879,0.07455811215909404
LINK,f719ae6a5fda820a591d7ba9980cba048ae6fb6ea2c76e963333873423676773,0.0398558481669481,0.6666666666666666,0.17466143574426346,0.03498017386659363
LINK,f7226df86b3521c4dffebad7d0f971a4e315aac2b6fcd7243f9db95c11aa9de1,0.010854867641445,0.6666666666666666,0.1946671529548198,0.10625366582788673
LINK,f76f0fc8382ac7a7279e27b6653b4c440d34b8216fdcbe3ec82ab5b8d011376f,0.0244120057790874,0.6666666666666666,0.18279785057327083,0.05195834930730874
LINK,f77f3e00d7fbaf02dd69679c3ce808a006955b0b3b18969f02db12f2b96a24d6,0.0074754685048772,0.8333333333333334,0.17636551432469336,0.038437844760582304
LINK,f79e9000d7e43f2ab221d0bce7ac9daed44dfb0cc9eade9788798c549efc3b29,0.0082533591727856,0.6666666666666666,0.17604110379783897,0.0393601483409962
LINK,f7a2d255ebe2bb78e443395cb02c50ecf042bb7b2dd10f5614076414947753b7,0.0056519469299804,0.6666666666666666,0.17859829245947176,0.03613912308991733
LINK,f7f3ff6265d4566be50b861c1a28ee3d011b2f2cb77e6abc7a772c0d972496b0,0.0062106903276556,0.6666666666666666,0.18440021744189988,0.08933242061019685
LINK,f81e47fb867436966a02aa8b844e64c540038cb08bbaa067f1757efee2324789,0.0180780192697059,1.0,0.1773656774822015,0.0330150165637407
LINK,f8292116c769aa4b31d553b24963a2459729ecf8807def8c3df6ec4d49e33a45,0.0252904873065312,0.8333333333333334,0.1765136403449088,0.047315053924915765
LINK,f86ac48e68dce5b1db78108f1e8f8e91e14e04a816e8f7174c5dfd1a3b857dc9,0.0113925584296317,0.8333333333333334,0.17527053370675957,0.045655441350332136
LINK,f890a842e5371994259d2fd8e5cb4bccd24dcde80cced8ecf7c495ab4a59938b,0.0471072420463328,0.8333333333333334,0.17047968793291182,0.018239071057776092
LINK,f89cc015d80d04ca7aaeae812cfbc4d17686bf30479a8535ac4c35c5650e18c1,0.0219438226133197,0.8333333333333334,0.17313911888514164,0.051730896270308795
LINK,f8a11d1fb39b5e6dcad3b1e3ed76737b6eb73875aa32c4bf2fbf4a384e4efbd6,0.007644429391721,0.5,0.18603433081996287,0.060011904646215454
LINK,f8a4ac366c4fdaf8dae042059f45c8a5c5b907cb32af3ab1c42cc6dc8be167ea,0.0049192178948902,0.6666666666666666,0.17880020678026778,0.0413902285548697
LINK,f8c277e769f439abd10dfa45384ea8387f0d3485c4b4c4655cbda59b417c0ae4,0.0105915276340518,0.6666666666666666,0.1856819899496068,0.08335909626632794
LINK,f8ecda34e1386fde406264e4c30a8afba195dbdce22c38a6b555ac0fa8aab284,0.0185949630453604,0.6666666666666666,0.18594447661419405,0.10096369352579476
LINK,f8f85d379bc9fa30fbb547c3597f3a4a0c095bf9f61f32b40f6f0bfdb54d2804,0.6389784198162589,0.6666666666666666,0.5756211027142574,1.2460161858297136
LINK,f90f32dd24854f1f5c00cee2b2af86bfc807aad1f517adc87eda903cc50671ed,0.0193127582801752,0.6666666666666666,0.17806352286076169,0.04432819079776718
LINK,f9948dfaaa6c5db01cfeb69cf7b8b8423e94f4ca7ee5bafc8caaf5bd8f04fea5,0.0587763551538821,0.6666666666666666,0.22873332875567165,0.32397519322014834
LINK,f9c2ded4191a44f7a53a37eb919e77c605a44dfa9c4f4d69db8b7e5e66e2c898,0.0019491405692131,0.5,0.18674858927859106,0.09596439614636261
LINK,f9e40cad8acf16d0f4a0922945eda5bc3803a9cd91657b8026ad182388a2adb7,0.0114634012598517,0.6666666666666666,0.17993305359884224,0.06609016576697534
LINK,fa1dacd163037b73c369ed61e3e44688dce663a88f86c7ad65fe824709f8c636,0.0054419786927632,0.6666666666666666,0.1820242123334233,0.0633303158353851
LINK,fa2195004bb7cc8640aa4c8035530b7007a0387b53d2c9544da230cb17408038,0.0037908182022539,0.5,0.19768189777814624,0.09617125875913696
LINK,fa4befd048abfed84676cbdbf3d45f98f3187466f7f0a64c4b9ba93319c4096f,0.0151232620101126,0.6666666666666666,0.17313545495951096,0.02735135233694937
LINK,fa86688989e2437d74e55d680bcf4c49b569e6283ab3fd108902cfee50ee58df,0.0162702143374473,0.5,0.1741637235304379,0.03582117913543116
LINK,fa9bec08af52ba1bf6b6a1ca93b0ee5e7dadf53fee88fb02aa8f291612988b15,0.0536748628494204,0.8333333333333334,0.1761791662363213,0.036382644452091745
LINK,fad68942a7d94d2dc031b912a3238b410dae06fa13b14ec87c5635bc638feb13,0.0411235602851353,0.6666666666666666,0.1882064604073211,0.12522180864211188
LINK,faf59d8758aea48b6ca6059f4420c778296d484aacdc1929fb2d0228025ad3c2,0.0033569360268758,0.5,0.21051861840577235,0.1464378207912437
LINK,fb0830add86482885456c0ee95d26d446fb1607ef6b988241cd747a2f2903a92,0.0360551169329141,0.8333333333333334,0.17143733403429215,0.02223802190445587
LINK,fb18c3eda4e3b82142c5c0684c56d676fba22057c6e6d0cceecb68ec0f1399b1,0.0225130361489288,0.6666666666666666,0.22868501365409336,0.2649570054618442
LINK,fb30e8fefb9ce1e5ac811c10caa83df21018d4e41e749dd5dd687582b0585e73,0.0222299190832813,0.5,0.3775874613181882,0.5884149522980379
LINK,fb52b88486a9b7724be853b7603116860397cd2628690dce2b0bf8e741f0cd73,0.0128373708435805,0.6666666666666666,0.1777592823651994,0.05184185542896723
LINK,fb61f135f0490aefec8cc9c05a61a9c831833127b2a714939e6e87397585f011,0.1328772741969678,1.0,0.19472945468029687,0.18563866162398596
LINK,fbb05c77f62586635fc7f54f5be09c63a8584842d612897d7b2be1953f51df2e,0.1284431336679201,0.8333333333333334,0.35788209747181204,0.5964203776931692
LINK,fbd4fd4d11fa88af456728fadd8a0f1e5208a8b46354b7c81284da41313cb327,0.0002067834535316,0.5,0.18814611669616052,0.08895299669408574
LINK,fcb4f765ce274790c45765b7d374c7999d3dfe1883c6226ffc90c213c06b6940,0.0156143616869717,0.6666666666666666,0.18295918681756945,0.07113099262198712
LINK,fcc375e8a3c2eca5df147a8baaf74efac1bc497840acc1b7d9e514b5c58879d7,0.0008458935143363,0.5,0.18569066748584326,0.10912434253187156
LINK,fcce03b3eb605ec976c0a988989687c3db567cdf80edb14ecf9b797309cab9ee,0.0767453425433141,0.8333333333333334,0.21914803299113872,0.24566174220614836
LINK,fd1e424f5dd862f09b28b64b39b1f9afaf6c5823acb2315dbd6f8fe3a3accdc0,0.0150042651926114,0.5,0.17714738885538417,0.05571496841249514
LINK,fd7500f97712b56e66d22eda32c1192d452bea719ef0e2894c56b07d11a2f7fa,0.0091568256116412,0.6666666666666666,0.1702340560460311,0.022149139295300997
LINK,fd9fa5d08404764399817995b3d230e71db8b4eed8625262bafe2d70cf4f0c03,0.0421345007429064,0.5,0.27617196593183063,0.5344535158349175
LINK,fdaa52a1f17328a8fb35789510012688257e6d2749eed00fff8275652df89357,0.0736755585702976,0.5,0.29227430118598674,0.3714831360602631
LINK,fe399d90d7edd2b057fb3317639f8a3b92f75e4561c1395a0eca4269daeb87d5,0.0088539676390354,0.6666666666666666,0.1753059174195699,0.04585564013405442
LINK,fe447b6e26c1c9fedeacae273ec6b08938c841a94936478ab7d73c7354afee06,0.0270401476598862,0.6666666666666666,0.18804570541326057,0.07631942125252014
LINK,fe6d829ee4120d25ae9bfabc0be1e6a11fd2e19d8dac5a0bc44f14d0129f1827,0.0130851345928089,0.6666666666666666,0.18189240544126759,0.05925174385881221
LINK,fea732ad3fdc70a1e8512e0ed76714a98d4d0679ca4f0d7d2ba6cf577d61efc3,0.0232458095524354,0.6666666666666666,0.1773446955482891,0.04483258066976289
LINK,feaf234f3dad0a829a20e18e1d666e4d2ecabdcd257e0165a145d7810f4273d4,0.0082904715145475,0.5,0.2137780734179218,0.1677044545841148
LINK,feb1928ef7dd3bd0ec6d844029f3e539fca9275f79ad4308e377b626988a5882,0.0071599004173559,0.6666666666666666,0.21824500606801472,0.15396824203315346
LINK,fed112b62856beb3235bc07f9a1f384fa8f8ecf2c206569c44da47027e2f204b,0.0093295922895303,0.5,0.19437346076721465,0.11440771103991966
LINK,ff33e5663b7f26c5499746426a3c68eb7e04e6684f4d4f385a23900a59287a5c,0.0055436979073835,0.5,0.17902161531231892,0.06269914394504193
LINK,ff46711d17e7275ca79176ef21c7aabcda711c96a5242002aff5d68a90389d4b,0.0863284419543959,0.8333333333333334,0.19310465305432395,0.07928439418800944
LINK,ff9e8c78ecf6fd23e2d31ac93f22a2ca13fdeb6f36609368abd09858cf7cfafc,0.1436183928265022,0.6666666666666666,0.3465493186974752,1.0708571502243198
LINK,ffa6b76f2131e7f086b1ad0ba684587670b9981d74c5697700a1c1b6fff663a5,0.0089329658860194,0.6666666666666666,0.1742630785344051,0.032945829650641814
SOL,0019bdda77d9d5c457673fccc80a86ffd933bd309085f028dbc46d72105c3ded,0.0060166090382177,0.5,0.21489130602562395,0.1752391862064697
SOL,0032b53d39d666bf98a22c89fa787feae286d54d1c8b8dcdafb6b20ce46454a4,0.03825697279467,0.8333333333333334,0.20324417316084442,0.12776851462579447
SOL,00841573d23d85571f779a3efd20ec551498818da2ac9c9ed0a12c1a52bf2b8e,0.4963915628494771,1.0,0.5573866929141129,1.0401795901863347
SOL,00b6584653da24180a6b771ddf0e24c92752f962ab72ae174c413d07be3f347c,0.0212275386253863,0.6666666666666666,0.20376090939459754,0.1416574453005232
SOL,00e0bfe2a1f1dd3bfcbaa070d3843f96d19daf2340ef821dac19d070153f6315,0.0889117969814438,0.6666666666666666,0.21687577491168572,0.255253245601992
SOL,018cc707f934805d684935fc0e83fa3df9963ecd7b9986cec1568b964a3bee2d,0.0389455559559299,0.6666666666666666,0.25037696422793715,0.19924058224296703
SOL,023fe892be8392fe8c967a532b17b28d178e8a04655edbf015aceca8cc3a296c,0.0014905797654187,0.5,0.1799160018619931,0.07753614905154614
SOL,02ec8fd4158f9ec0533dcf6d030bbe76ceb5667cf1d63dc83823dcf69e0c2646,0.0249491144087989,0.8333333333333334,0.17301335643258503,0.02783331902939903
SOL,031176e194a0d3665fd86d1fbb9244e6a6f473ebced1ec01f048a96b88b694c7,0.0185336045673439,0.6666666666666666,0.18985251995225907,0.09880662124642409
SOL,038935dc6e7d2739aa59127f812f81ad71daaf894fc4d7c7261f93b711a09adf,0.0360245069734941,0.6666666666666666,0.21188937746825345,0.18445669139360518
SOL,03a61d060f94ef51adab6b7a9bb7c86ba1b3f36804dab480b3dd2b834f240108,0.0054839226814798,0.5,0.2107046955828902,0.17992213235193022
SOL,03a7a8ce1dc784a9acb1cea63fbd8bfdff9f7d67e36a62e371b3a31ed81f755d,0.0224099255918391,0.6666666666666666,0.17852058834536655,0.04125044363927044
SOL,04d6dde6ebb3b3fca21faf0647ef11faea25c277f4d0427b417509266449f7bb,0.0414276814477841,0.8333333333333334,0.18518197336981856,0.08152074375988529
SOL,0530acb4b741ffc82786483c3bed7695590535f5a637db08c83515d906438f47,0.0374144442592567,0.6666666666666666,0.19821953341700596,0.14916250922528845
SOL,05386636a5bacdb9071b8a4841ec5ee2876ca106466b810362d0d1f4fea5525c,0.009440115910312,0.6666666666666666,0.1782601212162818,0.06403727754116988
SOL,058bc4217fbdd0efeaa4389192b8f8fcbfb6a7022f57407589f90dba2b6cce6b,0.0390380141541418,0.8333333333333334,0.19682294775215214,0.10139368533324411
SOL,05bca8535ca4c7fa7e5333594bead2b6126b9481199c389dae35ab58e74e6988,0.0222307436389325,0.6666666666666666,0.2888778105975306,0.36842840297383606
SOL,05fcf538703a8f4a4486a6758c73d9a7bcb40811970d64562eb7a9e9f4b9904e,0.0154066160684018,0.8333333333333334,0.17143637167966325,0.02909063835121889
SOL,068bb04ccd775214241fdef2fa78431f73a04db041c2f4e020cfca562cab3586,0.0240458412794627,0.8333333333333334,0.18433238422568027,0.07745336343350352
SOL,069b988a9a6668d335ea018ab47bdc04a8d157972dc678a587f212bbec84d685,0.0556995995931185,0.8333333333333334,0.19146294378598627,0.07219830493934702
SOL,06c2837caad3f16c75ef3a6be00c57ee32ce6d09b6d39906edc2a93a230356e0,0.0010413764242647,0.5,0.18225092747097815,0.07499940920462037
SOL,070fc69cde7d02e5c573324d7be6f0bc5bd963d202ace47b03954c0552981f71,0.1055487177675536,0.6666666666666666,0.3748023668514537,0.4635003105748779
SOL,072928052cccd4cc27383a632ac604be5b1001a09531b6da327b30ae2bbe63ca,0.0191265786258154,0.5,0.19739230987284734,0.1381293322875268
SOL,07637d830d1f563389d5f855acd5c63683d49de3926ce1b86ad2f4837d86c35d,0.0130301063236696,0.5,0.19148854969004125,0.08158792662332118
SOL,07f2a7dfee68fe5bef1df411106e0c0393d318a9f6abbb4d86da3e320534d23e,0.0176297263093615,0.6666666666666666,0.2505560101028342,0.3926815308164311
SOL,082005c83c45d22b589cf24e498cc252ab324a470fdcd75ee705dcd9874a82a7,0.0145221712679647,0.8333333333333334,0.1822128347489104,0.05789442594741401
SOL,0825c71d77138858b4437837237f983c3bcbbd127d1574fde98f331575cf1788,0.0142625797135417,0.6666666666666666,0.18686696457845015,0.05628572472933547
SOL,0842aa0bc243994f3ad7024325ad56dfe3f7166feffa3eafd8027a321586dc69,0.2136959975257692,0.75,0.31760907030643126,0.6470436176588399
SOL,090ea52dc7279e6ca5f4b6e8ce519d7d6326dbfb0399b2867023312c0a5a4a71,0.069339562428205,0.6666666666666666,0.1836581237265355,0.07736381273385863
SOL,0a27271a82cfabe3806e36e8b8607c451a7f6c78dc68622938583f3011cb52e3,0.0068755986552207,0.5,0.1945535535528375,0.1389981315020153
SOL,0af2baf7564caff351dd0a5680b246c2802969fd8852b3be1f870532e39a32ee,0.0078989454028283,0.6666666666666666,0.1744586521933808,0.062209204247376776
SOL,0b9810b0e466067a88ea2a4ce1691f9dcfded6fdb3dcf86f35012a6ce25e41d6,0.0158428138749281,0.6666666666666666,0.18100593412399887,0.04863568861470387
SOL,0cc12ccc6598601e1ab86aa54f04b83cb3098e027cdb2d78bb772f46249de647,0.0050191274340372,0.6666666666666666,0.18207135684964487,0.055358589097023146
SOL,0cc3f8023691b1fbf7c6dc1e70c01ba1aab023506531582317eddbeff0d93901,0.0802098287412916,0.8333333333333334,0.23169499736420004,0.3219140578590678
SOL,0d258073cd4b6910bfdec21d7fc2a5ac1a7bcbf6bde106c8eee10da4ad0faf71,0.1688733137614155,0.8333333333333334,0.2435805321163528,0.39940570951355187
SOL,0d2e7c386029d7738dfb550f87cf7324fe5a44186a5c164c2cd0e76dddd13d75,0.0029856034775294,0.5,0.18425107723553755,0.11525295488505466
SOL,0d609031a70f9d4b5da9b613eac330de59060ced393eefdcc7c32a3e3ca9571a,0.0095876892789344,0.5,0.1948871795639714,0.11574902801185892
SOL,0d99632b1183e83ffdd231f913d09e15184152c6243223cb164cfb37a8c4311f,0.0142282982206142,0.6666666666666666,0.18729186311599505,0.060053596382362434
SOL,0e8dc6941908ba0de6b3669bfb670dc908731b5af6424773a6bb81554c077fb0,0.0050312955498065,0.5,0.19813469535737896,0.1332320775904196
SOL,0eca7d91061e06775c43bf7f1c32ce30f50efe7562d5e3ca2b8bfe42b17f00ed,0.0029812961459722,0.5,0.18848114438714023,0.06454709552518603
SOL,0f057ca1a53e682e7c3bab085112903ee6a5120c0a1f3ca22138f186ceb9ed26,0.0271380253068827,0.8333333333333334,0.1861588706835373,0.0821629395736179
SOL,0f07cdb7614b55ecb4759668ccfe07dd588347d3689f8740b925a5a6ba58eb5a,0.0210652401153567,0.6666666666666666,0.17971693236503694,0.05732682080811329
SOL,0f5f2bfde0a9ceec57a4a9886edfbc3a7876bb4dc51f437228995d467fe63938,0.1585935689902491,0.8333333333333334,0.4584517201786021,0.6203067043151356
SOL,0f85f0d9cdf939755c761a64180d072766d5c9a7b8b300e3a6e15a16456563d1,0.0161660678820055,0.5,0.19294385148138365,0.08383981093973361
SOL,0fc7bd8d713a219e7205cb95b52f327f1e075de9c84bf42dd293fa3f2bfad551,9.120013165616996e-05,0.5,0.18694002954690872,0.08177239226325529
SOL,0fc96fb256a75047c14e1d08d404f9d747e742f9f136b9edfc0703d5ad94c04f,0.0263461898728869,0.6666666666666666,0.17899994415964082,0.053200376224773784
SOL,0fda615380a6565ce8a915a6e0ff11685d58fe52dd6ba4ac5f4a3af2cf6ebb71,0.0106314245122685,0.6666666666666666,0.1833779630736459,0.06391571891206799
SOL,10a636fe44272f5fce9aefbf86fd4d8187c2c07a7e827b328a28cd00002654bf,0.0299851219360575,0.6666666666666666,0.18376318196079397,0.08020892203162346
SOL,118d9370c75fa7d761aa2737c95c5f93c714309083145242f3ac274d2c846ef0,0.0324190058835279,0.5,0.2975345418419841,0.3550211033696908
SOL,119afbcf30ba6194a2f531f70078146c028ef0a6857b0edc2fc79755c698dd9d,0.0985603761893064,0.6666666666666666,0.2599495208655954,0.42254094904151124
SOL,11bad149e566c9d5967ec0631409e31f04b0cbba8889cb3ce7a9d329d5fd557e,0.0323789808330103,0.8333333333333334,0.20600811558053997,0.12000180518114341
SOL,11c051214c9acc7c063f5f19adf94e922a540e8627e0113fc7942358832b0e83,0.2091104919162081,0.5,0.3129007930119551,1.2734171440095692
SOL,122d51464153c35a8ed4775005cba2bab0cf0abe3e45a4d23d84bbde64fddb2f,0.015881674002766,0.6666666666666666,0.18215061140090333,0.06894288295819437
SOL,1231be2b872bcfad34f8d0bf333c910280c14ec1e1cdb9e130d07e2022db23fa,0.0218239197731436,0.6666666666666666,0.19389898200764408,0.09844071636160642
SOL,124826d5b173f8a5f4fa2dc190bae6d034e8006a2702165975a52ba0e49df9ed,0.002902016754942,0.5,0.19218551289987867,0.09323553899151736
SOL,12abc0c9c4c3896fe6377d2564fd8c9cd807c9bae357987845d5abd2cd3af129,0.0911204962869219,0.5,0.28942441280833686,0.8047131979702821
SOL,13017f9e988abe81ef460746d0dc1b7863e71b73ca6343f5fc46184258755d79,0.0431273862355164,0.6666666666666666,0.18390820600364455,0.049282476480849144
SOL,1409eba21c5c734f2c6e2ad9beb870a46db16997ec759db419b7100809a33885,0.0515337330474013,0.8333333333333334,0.47287219293830124,0.6283020198159016
SOL,141361b64347abf03a6cf31016a0276a63695dc4d68cd6b4b73d09ac7f9ffa70,0.0150819646930886,0.5,0.20135508105255517,0.1910475862392137
SOL,14817a0b7f6adc4acdc53e84a21f4aae00dd98c01af63dd2d694aa5a354fa840,0.0014734986787263,0.5,0.4883137625895145,0.6115964159952181
SOL,14a88db766c5ce1ae6dfb32187f3dfd02dbcf594492f169bc1637f4d40b3b5ed,0.0166874973422438,0.6666666666666666,0.18456995533705597,0.0757511165466205
SOL,14eff45750843e918b1bca9440c2e87aeaae7c226059d6c7656ece99f128038e,0.0432607195375218,0.5,0.182047128746572,0.08991346243430395
SOL,1548e070f75eea41ccbd47ed4823faf37b4662c2fa127ec057b13d2890dac97f,0.006458582234998,0.5,0.21443658855592207,0.16677766648729628
SOL,157f082b2a0f1f656a8f67286ef6aa6e59264618db51a2b3e26cf92e62ad3b28,0.0117305756682755,0.6666666666666666,0.18781603674122194,0.09525892307823984
SOL,1597a3d06007e6511f9e56045ae568c97441cd528d672aac027e65ecf30c102c,0.046069451077075,0.6666666666666666,0.22841144478931685,0.2062095323706279
SOL,16472feee050ff419113847b925752889726f41103d1eec0b326ef67185fcfce,0.0703802065359223,0.6666666666666666,0.18452129473770132,0.05878876846306372
SOL,16a433e74a0e76e6f90dd5853f0aca84feb4d3f1f470121ef74fbdb9541d6b02,0.0163010553101254,0.6666666666666666,0.40589338608415354,0.7371024484174935
SOL,16a7287865f40e6744f68320270805ebde851a98b5bfedecbf54561c4041fcc0,0.0375818898795569,0.8333333333333334,0.1793558819524387,0.047811929328120936
SOL,16acbddee20bfad3e09e393b9a85a0f03d7f1d3d259a17c4c6772f38b2b9e974,0.0050159289373602,0.6666666666666666,0.17831847381213642,0.05319282311037643
SOL,16c1117c0c9f6909a4715e02b420bf06c09fd856e053a44021f97218c557ddb5,0.005987893716321,0.5,0.181498654742037,0.05875863334141853
SOL,16de5e94e6685fe841927ba4bc49f7cb049bd076fd0a63042759d917084d4538,0.0148755900609059,0.8333333333333334,0.1894288743123701,0.079842889796891
SOL,16ebb446ff9f262ad811ecdccb9f0f4ce7473a57b5e5fbfd433111244cc42bb2,0.0056962527690772,0.6666666666666666,0.18115883241360928,0.05131999160586684
SOL,171cf54b765ece96b44b4fca08b873c3f076273c1aedb8d86aea00aefc71b618,0.0185965279249697,0.8333333333333334,0.17753800343242168,0.036547195351285325
SOL,176c9e4ddeca7192edbfa60517dd372c1cbfa7411f910f2e9514df0590a320e1,0.0062624980303063,0.5,0.20334243344829656,0.15657537905740346
SOL,17f9f71d62433bea5c4df33c2f26e2b190aa682511dea17522fa245322bf0771,0.0141061095109549,0.6666666666666666,0.17974516006894245,0.06928774843867526
SOL,184a99eee44caf1e24bdeba1c988bc252802a73099aeafd4cd41993c426db9b9,0.0201834265480759,0.6666666666666666,0.19463778848772822,0.11747444628362413
SOL,187623d2c97c74ce63c2d63a7784f36eee76037c9fc2e5a365a07705f18c6243,0.0149113491515632,0.6666666666666666,0.1821369025750493,0.05705558583984804
SOL,187c7b697ca2644b443b65abac5202efc75cb89460d372bcb06eaad40e2d0db6,0.0051861914583106,0.6666666666666666,0.18143853375996596,0.06749359729383277
SOL,188f84dcfe2966eced5eddc8fe1e794270686fa80e3e092471a3cf557489574e,0.0562703011149228,0.5,0.45446595957099367,0.6858948950737435
SOL,18de99a27d5eceeecfaf35392d81f1fd14549c09b3658de661f52ace4ffbb8b1,0.0230371866214792,0.6666666666666666,0.17467250697201916,0.0361097337256643
SOL,18f4e4f8363fe8b5c7f5505f7a9d6667160cc3a067c6095bee5cb90a9129326c,0.0077826634735223,0.5,0.18756999742861655,0.08891779800864075
SOL,192f441200d3a23d34d27fa0a25ea92179a437dff54c9bbab8f0163c74cbe753,0.0026566914468665,0.5,0.21427899972670833,0.1418906333855172
SOL,1941b19d8fe7d463951ae494a618067eedafb1b0cb88055e803680095bbeef55,0.0059575319519883,0.5,0.185462088498719,0.08334281378226993
SOL,1945a5e39b3f6ffa398a9cf856987bb26a85a0f5f3fdf7d6925b9511e430e3ec,0.015939158382038,0.8333333333333334,0.19942810461242116,0.1193744518628884
SOL,1952055080d303300a110a93648ff453b518b1b23805b5c44f5fe4fc702e887d,0.0036423557259849,0.5,0.24912921317856213,0.3207853155456225
SOL,1974dfcac4e7d97abd4eac37ca6c8b9a8ad231c97de5e14ffec85990731f2e56,0.0086024526415607,0.6666666666666666,0.17038009905771884,0.022242079065616312
SOL,1a35e65e597be319f3d75615d1a4b98306717d9b01b3a72b3c2a900621812c31,0.1220106159989433,0.6666666666666666,0.2478888510617567,0.32414683569314867
SOL,1af0f1c33080f3faf5606e52b4feb3e53ed931f2c647d211e641f186000f2de2,0.0426321961656874,0.5,0.24311500139459685,0.40815195971670565
SOL,1b0ad9cd26b81ddf8ecbea68a1695367009faa3d32a9a45b18a8abd48893f78c,0.0105388804180797,0.5,0.20335383832139461,0.13368779934818212
SOL,1ba841e84c1afffe687e4078b2d055c74979a951dab22059eee66fc7d359e2e1,0.0031403931041818,0.5,0.18887780685153233,0.11531038944221993
SOL,1bb6410b4e6e710f9a6161314d62b52146c1aa913952b9b56b2c8470e938809e,0.0058500616303436,0.5,0.18456740335111868,0.06824577834686532
SOL,1c0a71e9234be035a95df369fb43c7c93c8836c0c7a58df9a1838abd0b55622f,0.016916870131421,0.6666666666666666,0.2006215644114424,0.11237388884689917
SOL,1c3f6cab220c3d83b02350e8eb3c74e1e7c8526e0d2e794b20fa77b612b585bb,0.0414473667642953,0.8333333333333334,0.17904779634108592,0.04420325773206734
SOL,1c787fd40cb5fc52f6d9232bf317a2c79635952ec42072adbf323e853f87f1b6,0.0357124729237295,0.8333333333333334,0.18311011641261882,0.08855253699388206
SOL,1c8c15cc1707556b385ad97dd31b7740fe56c3f7ce3585b2b1ec7f3cd45898a3,0.0650527877206681,0.8333333333333334,0.18978853426542447,0.07044152212984062
SOL,1d063cd5ab2ada4eb9a57b8531f59d81a1259c2ba02469f4b87854c51b5e49cd,0.0076781237105127,0.6666666666666666,0.19335993414058536,0.08260862179921007
SOL,1d134c5eb1ea05c6793d4cce337b8a459185c375b6f3b0e8e51fba7efcc16fa8,0.0407844842668406,0.6666666666666666,0.18707340286563617,0.10493934812809048
SOL,1d311acebe6c733af3d7cc7aefbaa3b94ae58dd63fe468d3ea05e56c5cf832bf,0.0144551473487316,0.6666666666666666,0.17434462908206588,0.03951263733027806
SOL,1d508969cc11d0b459f535deda5a11e7bd28c23c07e3f9a4659a419474ebebbb,0.0124853304382893,0.5,0.18078002745535768,0.06526090528407168
SOL,1daffd609d53a500572a4db6eea5e7cbe0f8a738b34596f4aa2712aa0e369c38,0.0009090982647438,0.5,0.18020284090119687,0.09329459016594296
SOL,1e26de5b3b792a85571309dd46d64777472d8f9e52e3ceb551ccc70403209743,0.0388918907569296,0.6666666666666666,0.2615663372933974,0.275581447113071
SOL,1e5b9ecc240df63afadbc85a02c1793f3c8ee5c403a194325a2e075c182732b1,0.046192385879506,0.6666666666666666,0.26982241561320686,0.3419897060582063
SOL,1eadc0f69a935131f09956201b2519f4c455ec78c116c931c321c5fd2718c1cc,0.0642766425883984,0.8333333333333334,0.20121717807820083,0.1121348756062552
SOL,1fbd4452f883a3b1a545b67ca2695878be1b90b4a06f0401d1855d7fa1aee10c,0.0631920168055613,0.6666666666666666,0.19648415798045385,0.24408350539314333
SOL,206d6ff6c25dddda6478ec9f5b196bddc7857f7b17b55ae3788de0586986aa1f,0.0042553917090597,0.5,0.1782798029716814,0.042012480171876296
SOL,20c78b2603fc8a0b19439156e0b7b326c6a1be0a500af9f6d03c64150f198669,0.0039791081173609,0.5,0.1763640250938825,0.0394115387819159
SOL,20dc25e4ed2547be84047af031fde1fd2ed07406622f7b031b1e4b1a926ba4c0,0.0084479278377641,0.6666666666666666,0.18310924057687925,0.060496912642394346
SOL,211f0785755961b5b829729252a350a67fa4648ee0310538052d2fca887213ed,0.0074035817462565,0.6666666666666666,0.20217375754805744,0.09867465698909289
SOL,21ccf3d65312e41b179b8ba9c6604c9f488b38aaceef75a6a84fd1d0fafc3153,0.009953545045056,0.5,0.19129648992314224,0.08347539625087165
SOL,21f4dc04a1dcd553e575b66733d8f74fa7cd9311595736f6304d1153c7eb183d,0.0675697900437778,0.6666666666666666,0.2137996901084303,0.19956916887171222
SOL,2224cde5e65061a1487df92f273ca3b086767ce4b5dcb77e636a9c8a578b0cbe,0.0012468645580078,0.5,0.20063722226093472,0.1277959171177832
SOL,22729e84cfff1d3d0eaf18561e9cfd2b01e6ff91c9972c6546cf42403b368cb6,0.0054311471933674,0.5,0.21712488014949763,0.182228379951587
SOL,22833db50fd9053a4ed6d1205d9ff692c5c9c8ebf034c0851a25c23d2c244401,0.0326516450786178,0.6666666666666666,0.18266995541814213,0.08979749083565403
SOL,22928fb7e970b027c89b39da4fae7e59bf6b9364af0270b5fd41fc5ac871281c,0.0070933305671497,0.8333333333333334,0.1781116551154634,0.06524771272029892
SOL,22dd661a71c1eadbbf9150dbfa6f1085833c71652116b77d936c40a6718abae6,0.0059235784845703,0.6666666666666666,0.18065817613055307,0.057772114638740206
SOL,230d4a09f2c0a29aba7bf083a2733921514046c92f5f32a7f996b49aa3227e57,0.187406850892167,0.5,0.6260589637826821,1.4357702380256712
SOL,2329c5090edb77dc7d751dd1be5bb8360eb9634a7d7dec6a44fd60627e6d1849,0.0398263253423293,0.5,0.2570291093125716,0.3886306487805644
SOL,233592077e26ff5007d78e0e136420acb82da617afa6a0fdb5e593fcf7b58dd6,0.0371825243880533,0.6666666666666666,0.19935332060533292,0.13820114190084767
SOL,237a4dc65d68626c128d44edb7196352d8ad77e94d0d4d86f4aa232480a6cba5,0.0226734307545935,0.5,0.18646677624721264,0.08335289603452856
SOL,238c8dfb1b282b92d682d816eaedb523dabdbe595fc2a0f0b684d2ca5c3c0641,0.0406985761196885,0.6666666666666666,0.17683664248872488,0.047364242074791923
SOL,239e56129b5ae2d47d4d95d00e18471e35afd6eeb35186e624d20bd5bbbf454c,0.0031938108797971,0.5,0.17822935185913538,0.06801952005763355
SOL,23de9ecab69f2792f0a336c1165164c292847fe5a52387e1cb2fc695e05405a4,0.00890829665145,0.6666666666666666,0.19184172410472078,0.0857336265324886
SOL,2415461f0a9bf142588da43278a723a66f3e401dd6228f8ec50c153fd779a4df,0.0182453790981204,0.6666666666666666,0.1798115729207755,0.08056907768296388
SOL,24c13852efd275abb7f0ba37cb7891e92d5d4df963360d8468c0b26d5fb7518d,0.0113257322617443,0.5,0.17713845351611826,0.049543505057104906
SOL,254a1aaf9da7566b5eef5c8ac3b1cf7eda1e79b1c8b228e54c4fe08be537b69e,0.0147102142741517,0.5,0.19459713290119185,0.11379139062390574
SOL,25516e434e66bc0f9248a0343d3fadbac21f1b38b875eb25e9391cf6e37065a9,0.0140527428746631,0.5,0.27338069268614257,0.38288043194159815
SOL,2552b9cd632505170394a4ec6f3b3b9d34cb6302d452dc2f8bcac33c49b58753,0.0107962801963892,0.6666666666666666,0.1856331371071687,0.06504004535583717
SOL,256a5b3f2936697648290fc9fb236c35c28f49f170a6de7152272ac31ee7129d,0.0053100696459473,0.6666666666666666,0.17565264052070786,0.05127776650296783
SOL,257242c4c327649b5970f44545e1414572e207950604bf7c5991f837287e4ac3,0.068696433511086,1.0,0.18041526653180523,0.06859156254742753
SOL,25c2b96006999e2592037bbdc85bce63da5e7e67bbec5a3398d3953679978ccf,0.0299824313249073,0.8333333333333334,0.21991854898138494,0.157480124688627
SOL,25d56b986453786783d1143e6f876a1b63a1f4f1f9183590500c1c89c8fbf88d,0.0011773820754172,0.5,0.17917097254901834,0.09247956730341365
SOL,25e4bac7f0da0d9dd84578e9c9e78c4b18b31f360afab0ed5d99ae3ce2b9b8c5,0.0189022964222017,0.6666666666666666,0.19482624961500733,0.10755770520330397
SOL,269788a0994e413b46f0ee0c11fd09f14a5601411b00783c17a8e886c04b2ed7,0.0192678580054669,0.5,0.18613232180001266,0.06665599519550758
SOL,26e9f7862b474a8b2a8ff709e9e95390025645014bf10c932510e5a6e39cbf2b,0.01803934958329,0.8333333333333334,0.1746606705630897,0.07168439233681967
SOL,26fb5f7b619ed97b0746f069a5d697e3e0e8358acbccd7ffb63753d2182435f9,0.1143626974687431,0.6666666666666666,0.27470676972016533,0.39819859254521994
SOL,27c57e8eb55a3d1fbf0af29bb0545b304656a088ec5d9fe0469fc388d19466d8,0.000363634646876,0.5,0.19484590633866924,0.1715411718166074
SOL,27e17369b09c17cc84727cf5f29370486f2823287d4cf95b0a498cea10bf99c8,0.013727320909916,0.5,0.18089470586808204,0.04639334699292077
SOL,28447e02442f1ede2249471839c5f45ce5e563ef572155c1b1bcc4c7923ffe9f,0.0051557781776848,0.5,0.18558854798353766,0.07243947163256845
SOL,28c6ca2f39dc23dcdb2b3842c67804e6e0faa3724645041dab834425fd274510,0.0067407456673553,0.6666666666666666,0.18104578816714867,0.07916875509944489
SOL,28fbce47ce232147c1975312e94da6ede15b6deffceca5abe02f63dbdadacf0f,0.0148281323410953,0.5,0.1910831772291582,0.1433640948607034
SOL,2949b7fd47e7889cc07a8748ef0a3b2ae479c4aaddc02902349f5284fec65fd7,0.0006023620932587,0.5,0.18021872321764562,0.05257517294151483
SOL,29507431da9bfc9dd6f9c76ad098b829687fbad4733b7de8787eaf71d4b2e487,0.0058701731856263,0.6666666666666666,0.17694896678170807,0.04966061142760788
SOL,2952837262b8e367b3f2f836803d4452e97dae4b024478d10ce624eea6d4ae33,0.1475614326539263,1.0,0.20272874742086608,0.15368862664980038
SOL,297b871f88a2670e54c34c920a54beb37bf364b4a168ad7e3b3811844cb9d7d0,0.0168870001968233,0.5,0.18236430079834137,0.06745298678011862
SOL,298502784b62f3cd7183860f296b720661b75e50d2c03bdd08325b193d693fe9,0.0007417992802613,0.5,0.1802602050549649,0.10178321584535406
SOL,29860d322f794030644f254da7e71bb45fce84f37a5ee54258ad27cbcf2850dd,0.0013993560710722,0.5,0.18283582487061326,0.06625778781007521
SOL,29a9c3ec938a402d0d3a1907ebdc5441aa6d72192a6bbbb5de8ebcf345056fa1,0.0105960650992244,0.5,0.20788708515673954,0.17979815104270727
SOL,29abb24e52bc8c255f60ea5d20280df1c165639158c76faa2762be0fcad6807d,0.0400746918814902,1.0,0.18805259086128384,0.06865013201012189
SOL,29ff3c984c90c87ecbfcf27a7aa3669957a20857cb323b922bef22a037c488d4,0.005774514069163,0.5,0.17962048634335934,0.042464452899039384
SOL,2a26aa1a08981ca03d8308942f1b421f36c8e5446c7c6a02ecd63f5bb499d56d,0.0061483674450702,0.5,0.18451036784512148,0.06352709498152014
SOL,2b120af00ef0dc21711abb3b9c2a817e6a3cc1796c46465c28d787a12104d39f,0.0415893088358495,0.8333333333333334,0.18489981776640246,0.0596083353241788
SOL,2b1d7e721f7c2cf1d6ba69500dd47cffd213b2992414e492c22e030e7e9d2eee,0.0340854347957645,0.6666666666666666,0.19040574799440915,0.07358925998676918
SOL,2b27a93ef3e006250470506a6308c7247f35815c8b55150260df791a4712b6b9,0.0059547422509792,0.5,0.19036025764991277,0.12533390003841302
SOL,2b5ac073d090a8ff30e9f41695606b47e88b6e86b6159cceb41d03fd721f6e05,0.0642202764002978,0.6666666666666666,0.1849818830053358,0.0739291429143581
SOL,2b64cc0d2602f946342c5c6b7e24dd6c8ed0be4b3de097aa8af7e7f5ec62d2e8,0.0053252553657428,0.5,0.18367219560498355,0.0857419375973609
SOL,2b6d8f7a8da8571dc959345757c1988f327ea90efed72caaf60c309c233391ed,0.0614181318135713,0.6,0.41828109992589463,0.619130246983161
SOL,2b965e59301534cdfdbbd3a84966e318cc4d1d31ea6eb517b2131e4876416a1b,0.130723458993988,0.6666666666666666,0.21837466158579902,0.19504269286874343
SOL,2bce0bc74afd97d50effca066d1eb7605075e96b5da25a76d0594f2fbc9979fc,0.0018502303752092,0.5,0.18447483506414564,0.11501203047356931
SOL,2bd89f6d310bbfe8376c0a2da3cbce8b12f70f278426274f5e6c74a3f4b75345,0.1115035317754663,0.8333333333333334,0.1958078799879826,0.09671017047997818
SOL,2beb3733971876db3252d04592a1d0ab1d8c46b54ed2c28025504228435c6d17,0.0003995270477564,0.5,0.18036203463059244,0.053909236218536376
SOL,2ca659219eeccda1f0114173cbc0b4168338b3b5d75239d4d5f73ff54b5fc392,0.0078421275397059,0.5,0.18659920928479648,0.08581880381638991
SOL,2cd09c4e4b534709b038a485985d1a99586aa5d2fd8f2196736d21c2a52a2e8b,0.017791256651005,0.8333333333333334,0.18569006796545298,0.10276870384079398
SOL,2cd29ffe775ad7afdad0bf8144590055706edaccae6ba1cbb33b62073921915f,0.0024985417915947,0.5,0.22091960816792985,0.27653040191075473
SOL,2d7fabb0e149931657bb1032882043d06c54f711084f045d1490c90b529034ae,0.0217310281154465,0.8333333333333334,0.1731466388178842,0.0405758434880256
SOL,2d81e2aa6462de4eaf109668ac14a0e96b588830018f4c76519cf274ce7fad20,0.0103588079404829,0.6666666666666666,0.18171800465127433,0.06707097497123744
SOL,2da41bfb7d82b9e061a5631501612f085e39aca754d466fc938511fa0d1169c9,0.0220308434555877,0.5,0.18442856240528271,0.07940625588139509
SOL,2da73c3ddf4295af2404cf6d218c551a4e7e5ff6ef0c29ab35316c7774a7f296,0.0121280762658985,0.5,0.1895197686302865,0.08521107884204086
SOL,2e19389cd345e6db903f25a5b7ed01c56513c102180e69513c8580dd08ab9dca,0.0298269988144821,0.6666666666666666,0.17204707606911782,0.025910001886124388
SOL,2e830309b98ddb110598a850d93ab38706739d68fc75311a856232b954b8febd,0.0014930146912603,0.5,0.17914690136595998,0.062126339920540875
SOL,2eda571e49926b39ea816d19f3b7d5fd3ac80277ca2127ede4bc2aff51a0cbb3,0.0203341073376776,0.6666666666666666,0.18947631264952203,0.07089548556095353
SOL,2f3720a1ca6807b37782db1b56f3fedca27ccd084994da916950cd0e0184042d,0.0258007109183542,0.8333333333333334,0.17466562650813075,0.04868234839530011
SOL,2f4c98641dfb098d384c6878f325a83ad8b6aa906efd7c2598033e3d002b98f9,0.0343096223465171,1.0,0.1918260308644388,0.07601032810685929
SOL,2ff852e366893f44864dc96485c0df265367868061632ec71db1fa023b569f1a,0.0071644401263435,0.5,0.1905596396634859,0.08517418899181607
SOL,2ff8ccc10a5d25fbe0af0f717319b33b8b872a55f9a651771e17a623b4f4d260,0.1124099691845128,0.6666666666666666,0.3865015602010615,0.8743602403666171
SOL,302055043a4410f31d0854cf8c88680536a2d4a035c2e748ead384515c695b24,0.4827721263145001,0.6666666666666666,0.40008433158362594,1.2321117827708028
SOL,30506d4674ba61954431ba1e79c0066e5bf8af4c4506762f64abd4d9727bc69f,0.0178784922609325,0.6666666666666666,0.1810780942955607,0.048537038779204254
SOL,3070c71faf4e2deaa900f5d6e1f18e915d1d2f4c583f24d9051fdf8326dad0c3,0.0205558140306453,0.5,0.1785008654395369,0.06412486532408715
SOL,3080540247a924637ef0a99abfe13e53347fcd0491cdd2e15fc56d2719600e9b,0.0317633791945997,0.6666666666666666,0.255954487083158,0.2548440340526833
SOL,308880318261554a5918aa87da25ad90b2487458ea74e873a989f96856dc3963,0.0204756776865345,0.5,0.19862586665425638,0.20596937748920943
SOL,3088b391abfd2084251d516156a139919b6c6b4e222a426ea01f083e32abf351,0.0075690600472686,0.5,0.17442255090391018,0.04806812864836713
SOL,3154082526f6f8c651682b335c76da8832c0f50c8b859c309c3ba3df12f63cd8,0.0109911424471429,0.8333333333333334,0.18096512742596105,0.08268608732117952
SOL,31cbecb8365a6823ca56d7e4a9ce2575e0c2583467572aeba64663e29d669ad7,0.0090085177505559,0.5,0.17901999015776746,0.06899377443201514
SOL,31d78ae0d6eef2991d19e5913fb3f8ec13df043f6790e89dc8663cccd43ce0d9,0.0602320345977619,0.8333333333333334,0.1913788350783622,0.11127030605829381
SOL,31f48e3e311662ac7949adea1ad774feeeb9d069dc999f6b125919e1a01d1281,0.0156124131284668,0.5,0.18890791537440788,0.06250653477032947
SOL,32025439997cae9a9838567adbae93b434f0d11e85ef5a567dc2dfbb1dd00285,0.0096009227924257,0.6666666666666666,0.1756855686003501,0.05820129962678737
SOL,32513a4bb321c43429001353711b086a1aaafa965f3fc4883b4e0f48b96c7d22,0.0242149848095703,0.6666666666666666,0.1993606919766606,0.13899326823006775
SOL,336fc38c26d87e727d3f8b92beec1afe3a38c49b2507f405c758a81f80997854,0.0123171743599313,0.5,0.17900543011132178,0.07193617766866307
SOL,34170f94e1fa4131e3e857c09345748077a7b8b80f9490cd95778215ce61a7db,0.0072154991268596,0.6666666666666666,0.190027001884138,0.09012048349090925
SOL,346bf7620baf50a15a618577916af987c001df4739332f99b00c47b6699f233f,0.4556761401303112,0.8333333333333334,0.41714785798551335,0.6951845573447502
SOL,35461bfb3e5f855f34a03d3d1f8289ac26900d321d1e018ba4a0fe883720d0d6,0.0204044631363552,0.6666666666666666,0.18364771694333948,0.08122365055947428
SOL,359d151d72ed8ef0447ac151b9c96a588994be3f99b270bd33224e8f6c88782d,0.0495216591952307,0.6666666666666666,0.23404937989331814,0.28838304270956194
SOL,35a80985fdd577f1cbe4eff9daa29078445cc2c76729c4af3b812ce70ce9e659,0.021333343973731,0.8333333333333334,0.21084936850505448,0.15405385158058624
SOL,35cc989a1c2e1be66fe045057ac61420ae3ac84b4730b5f94c080bf7b63d0993,0.0516340980655098,0.6666666666666666,0.26314984001103353,0.5100320767255111
SOL,35ea3cfd48f3afdc58fc05950e201a7ede6175f44f6f3044107f34376af839d5,0.0086431220613686,0.6666666666666666,0.18168342810097815,0.07776640431760924
SOL,364e236f9a336a83650c4313fad238d13c4717023129d81459f4957a1f4a021f,0.006808663271336,0.5,0.18074012991784075,0.07222515929511404
SOL,3656276a7bc6d9029c6aa6475ccbbcea09481ef7cde4509eab3bad2a58df961d,0.0423817419678113,0.6666666666666666,0.20249420840808852,0.09957071727583278
SOL,367f38f19cfe3e9de5083059802cf3dc6c17650f0dccfa839cb67b3a1900f7bc,0.0207119999870026,0.8333333333333334,0.1781829994951448,0.07278791723591309
SOL,3743f36ec94313900c7914c191b59bd3f9bd5324065187b75da664462c7ea141,0.0385799346212308,0.6666666666666666,0.1830075467949725,0.05719545440369389
SOL,379416fd28aeb48700fc0222570d521d415a3633faf43f8972deba9ea8d0ff36,0.0551732038470529,0.6666666666666666,0.19720973143923134,0.12852373841161857
SOL,37b2c5d3c548542cf01a5ace0e03857f824cb67ac2b83a17672a104a35a3614a,0.0497286330480234,0.5,0.3142891355491428,0.5439256843118426
SOL,38378620e46062a48e5dc073e285c1a41d48adbb7f2d43a0f8b050f6ad29ea19,0.0602239891237349,0.6666666666666666,0.1913284477880369,0.09360936563564617
SOL,3891f28e994fc783600bc11487c0f26b94a4918cf3e6bbc5b52f34e9b4b77a68,0.0354610536655018,1.0,0.18406812186962093,0.0738150348367255
SOL,39a78359aa71ef6862f308093613826d596184030e05c759aa5c4d1f2574b4fd,0.0088116211090733,0.5,0.18911760188719595,0.07638285350716886
SOL,3a0f63a5abced999910f31f251f342c1d18363757bf4dede72675317b5417e5b,0.0090271133084917,0.5,0.18121326138505633,0.09203661562059745
SOL,3a138600f219fd960952b8d3ab00e5c0587f2e3e12165edfc3427d950c0c9147,0.0134938172939097,0.6,0.34754638517928793,5.014427269507275
SOL,3a344ab3c40b7592a2cfff69c197a32b292c8bc928f8d73d978db50c912c8fde,0.0311740565103034,0.8333333333333334,0.1926120374651408,0.10943594001992317
SOL,3a6e2310ae504c05428ae75cc28ac8bc4e369b7b868dfff766b6d1ef5479f351,0.0001650889116658,0.5,0.17412730323420392,0.026126140710178773
SOL,3ae28c4d44a31c48b1dd8dfdb46b129afe56be91e92bdc32fbc68ccbb2dab078,0.121224495185836,0.8333333333333334,0.25421518805273857,0.3580579790868131
SOL,3aff88d26da256abf66b61cc7b62d7d2d735f45556a9890f0a83d33f5d3b3841,0.0074605000902338,0.5,0.18800246847501498,0.09398857261473384
SOL,3b397c1d56a549d974e451a5f995134fe1016fa1c0d880839d36b71a185a8894,0.0122221133402729,0.5,0.19226188853638154,0.10007699547803463
SOL,3b7d41d8a6f4e5611d56d1570d5751bd73c2494f5accbbcb40399d9d2167fd77,0.0143482624988887,0.6666666666666666,0.19472334879129855,0.08273840590549486
SOL,3bc196fa6e18e0cdf22f00ef922cfb93886bc631697f22be8a21577a17bd612a,0.0212220865156141,0.6666666666666666,0.17705137739314558,0.049831460705980636
SOL,3bdb9f07ce58ef5293dbd4138b753cebeab5c8a7dfdcb4a34e53a682f3fffdad,0.0833433356599913,0.6666666666666666,0.1943020698761215,0.16041403912384
SOL,3c31701f4e2674d86a78ee39638100fcd56d73d1afcebc17c4cc71af8bd31a7d,0.0136102205494222,0.5,0.2566423245395106,0.25725940694234944
SOL,3c8cf282d148a766b4041f79b0fd73202ec57084e2be2be260fb1c1acab5c3cc,0.0077930459621184,0.5,0.20617776389812853,0.14280129303762268
SOL,3cb01cb1b3ab51126b1c8da9796d5dbffbb68a1d9cad95be6abdad5dc1280203,0.0185965279249697,0.8333333333333334,0.17753800343242168,0.036547195351285325
SOL,3cdfb9c91a9bc9466abfb5c3f1db41c4ba7f2f474fdefeaaf003902f958dcce1,0.0065432983183207,0.6666666666666666,0.1879112705914883,0.07535180143509336
SOL,3d1498bf6ff135f2454b96b113f34d3574fa0ff29f7cf87acbf0c394705cbd74,0.0169407719568163,0.6666666666666666,0.17558391000550844,0.032419918715554774
SOL,3d37bc52e7524b09a4757164ff6d21af6f8ec079b56e60626b9cb23178853625,0.0148289929975015,0.5,0.19183118696769408,0.14000723094408374
SOL,3d99fa80e96e0cb2edf433fa3a50c763e5cf5908b2e61ac39a101a4f79909e1c,0.0073419255104618,0.5,0.18491916937003128,0.06516300588198347
SOL,3e1bf89d6b271e7e493d43d10fd9255483a0c2ebbcda021a75862436c038bcd6,0.0105267881489655,0.6666666666666666,0.19183580829465408,0.11588853461099918
SOL,3e46b935efa12572168cee69e00c642d9936348de3f88a50c725bd88b1a44ffe,0.027125375279083,0.6666666666666666,0.18572641409886662,0.07862910580081611
SOL,3eadb4a5d781bc2906b90efdf14514daca88e3ca6cd86ecb22c69e2d010daf41,0.0300730462677366,0.6666666666666666,0.18121785619156394,0.06549520683677156
SOL,3f29ddb23bce25851ae872333ea85f9ef4b15c152eeb6cff312036ae79619a61,0.0406322596904747,0.8333333333333334,0.1849020174388644,0.059562083258591136
SOL,3fa6bc204820087482670dc9d9b1bb73c6b07e4b165a41b609a1cf966ae6f4a3,0.0120549236306247,0.5,0.17458448943730862,0.04102805132125874
SOL,3fd035fe2b4db31e81a1d363775ae1218b8075d9a5499430de37afb75934c772,0.0062634336445081,0.6666666666666666,0.17699171575685815,0.04747252715161625
SOL,3fdc62b47c49d40ba55c1a53d12cb115d18d9adde9e96b40ff44746aeb7ec725,0.0166350154238022,0.8333333333333334,0.17663953431597648,0.07534925760841968
SOL,3fe9c4be18aac4f542da1052d6fa843584bcdbe44e1bba9d4ec8f45deb59ee2e,0.0051227661028415,0.6666666666666666,0.18737449140292642,0.07868671431783932
SOL,40003642d298f661b0e7dc7a84ffb5a437ffcd5d00715e528db6477d97fa9e15,0.0902077669694289,0.6666666666666666,0.2234430856690619,0.23231027711099642
SOL,4012bae6d6bb0592f12c9cd6cecd825510053211b7572b134ace11079151d2eb,0.0038037724712722,0.5,0.18170225108731608,0.06272355603161647
SOL,4024e66ffe08505733959b40d8e8088ce1b5d38e188e8e6dab331e921c157439,0.0631306262188613,0.8,0.4914449657185502,1.443802952052573
SOL,405267165fc1fb1ab72e6419b173581c91f8dd1ffe3e9bd1ecc72afc4e19abc0,0.0327302815749753,0.5,0.23101461792843703,0.2588264285123896
SOL,40e0cc555df765fd30d8258cb082fe1f0cf6dfc070465cd806df3530065138aa,0.026766011120764,0.6666666666666666,0.18524868361835903,0.04931859660113225
SOL,41a17d312707a2de905eda0b33e8c955305b3300a6fef3ef5c2c65e8bc4d6286,0.0023240646749429,0.5,0.19164385521806165,0.09512864487496668
SOL,4230ecd6f64947e91cba59aaba3ae4183d064502b56c9dde9af6ce2f8a1025c1,0.0991666312307758,1.0,0.18715223855498542,0.10736890598826174
SOL,423517d8ad9c6c5edc1d5d7e734bc5d33ea9349e228df0b7549cf52e77c853f8,0.02391450284599,0.6666666666666666,0.18156049221768608,0.05812526441876926
SOL,4243f205195341b3fc69b23e6120a34f1ae414269502f0755411e7ce6a7791be,0.0338887497265607,1.0,0.1762117837748171,0.046348326408831464
SOL,43176095fb6f0a2af90db59b5bf9ae9e2f109867c329b8f216be5f033911bbc1,0.0173140656819374,0.6666666666666666,0.17988183965378626,0.05521303984096124
SOL,433ea7b087c5906ffd5ffdccf70afe4407a54773703f020bd058d613bd4c3444,0.0524300409373069,0.6666666666666666,0.18192360272032448,0.045631408698959604
SOL,450e569651c4a7693e487b6a8a80726179dd0ad7c5adc081a0db16603a9b7381,0.103252578340379,0.6666666666666666,0.5408736088015307,1.2780561207572427
SOL,455b75a0ffd2a097b51dc8b539457dd45c5cdf2d31305f5bf013b9e54212cfe4,0.0125720253832889,0.5,0.20357209026048065,0.15344781850277645
SOL,45def661b3979a06b078d90286d29e00f0cbb56ef79bc1dcafb1386f77f91346,0.0861514329999267,0.6666666666666666,0.2267461801849756,0.23184174596381163
SOL,464fb8fa284b7644cb13333e1a56545159d8ad957d770822a14746a92c575e43,0.0423290378837592,0.8333333333333334,0.18627165814179986,0.099362755377338
SOL,469c441df7c9125a960d8e2c3e8e23d0e4304e8e0468dc5447913069ae5b580d,0.0009090982647438,0.5,0.18020284090119687,0.09329459016594296
SOL,46c269707886acd4c83ac77095930238403d261aa079599294a6ea1757862759,0.0002495882118464,0.5,0.18133278371042616,0.07202836527160797
SOL,471dd6ffe824dffdd99be23cef0f4ca0d529dc3bf9895a3050a8e74a4bb742f9,0.0089743926241348,0.6666666666666666,0.1785824054406706,0.061380473492145315
SOL,4750a6abe9ae174b0bdc445b6636b4eb779e87bd649d28e49dd9024377168d16,0.0157600557886813,0.8333333333333334,0.19928121592835085,0.12710092680576626
SOL,4778a7cc2841173caf766680722ecdefe81d1afc13be0127ec4ab59a5085f4b7,0.0197937904570239,0.8333333333333334,0.19140197742461462,0.09260007192105335
SOL,47874985a64ecfc233dcff4ee21c28f0be3d0413c3d0c12c19663315e5d17b00,0.002353057327538,0.5,0.1857419927025889,0.07520036352037561
SOL,479feb43994ddfd42ced2769ebe12ab94accff69ff418a8b72388fe5231b7a48,0.0002020258402961,0.5,0.19467290020783892,0.11159830205063724
SOL,47e7d4e242b704412245e0d1598fb294f0c4ee0b7dfe58a58e92adf848c61508,0.0245681465251254,0.6666666666666666,0.18511294119325925,0.052565664641386824
SOL,47ef8da998f5b2288f70251687b43a301a519c2241bbdf5d029ee44fed157ed0,0.0920194013073658,0.6666666666666666,0.20275864179348335,0.1827749119303429
SOL,480ee56515f9b4c235d9629ddf0640cf6d53e5b7d144b9625b5c558c0893a33b,0.0297611324740593,0.5,0.3319301848381517,0.6600464320151703
SOL,484262f52fe69055517e1c1c12d7c530994c39f2cfe3bd1cd77fc68be8f480cd,0.0433673131645976,0.8333333333333334,0.17414937557856963,0.037331373748836306
SOL,484947b1bb196f306de84366e6a698dbece88c9f1c5ba83210909d76d9bc159a,0.0133679098779548,0.5,0.18339488126508824,0.11870869177355271
SOL,485f5774323942106d6c51aaacf7e28103c64ff337b44fcafdc68c5f663b6a14,0.0324951039356144,0.5,0.18811601732301433,0.09577865635796093
SOL,4860ba81c2f29e63a78c42d4349780859b3b3ab84b9ed398108dc0d2d048eb68,0.0419075045809834,0.6666666666666666,0.18855610030734543,0.09813836822649914
SOL,48898cc838244f6ace48dfac5776d2438c1cc6d608616c65dca8e751f0d32d0c,0.013634999953695,0.5,0.19500311385712715,0.19323337181266456
SOL,48b011eaee22c8d5c1eb849101f1e70a870cd3fb4d1d9f45930ae5693baa5812,0.0292896543028968,0.5,0.3307326574850004,0.7702161942778807
SOL,49aad4dbab9e4b79c3f91c2db0ea8db54c22c9f114e647e1b22bf32cb3773c34,0.0331179727150556,0.6666666666666666,0.18812028976533698,0.06953100982625754
SOL,49e0b1b81dc4a224392ed58845c88988d3298e997f7f27c35b6a3a8dcd09b5fc,0.0539709363375646,0.8333333333333334,0.1833422287917593,0.06194425048746085
SOL,49e55284e52d6ea5fafa31a6477e64a91f08cc74fd16ede649be09748fa47b57,0.0258176198403501,0.8333333333333334,0.18349305444614555,0.0853577880079444
SOL,4a01ea838226e39fb7344f1909fd89c61d4f7909982fec9138c5d32f10cc0c95,0.0152323057493272,0.6666666666666666,0.18341772119756747,0.06664492870364983
SOL,4a2b623da703c01e2e007547f61c0efe13404c1f96f8d18ee7e3c4659062ad97,0.0126492312083643,0.6666666666666666,0.1871373253042748,0.07827154464410456
SOL,4a39435685b764cece059684342a054810370f7d185f6ae3a2595fde5c6c9e90,0.028156323857576,0.6666666666666666,0.18751578040723046,0.0931443494062668
SOL,4a6b7967983a1936a2d44e4175fe76264d3200566b1b2c0efd92f8fd199c9363,0.0124121647748718,0.6666666666666666,0.17826088217870686,0.054245253053474045
SOL,4a87fe7559783d8983bfa62c5e7d89da60730a774e907293b7dbd4824a3a7f31,0.1161363868863031,0.6666666666666666,0.23703558333330021,0.19838059886141043
SOL,4aa30ca0687cec3c9c6931c75db68ff307f09b6aadc3a4aa0ba82f87997e2df2,0.0227344298252598,0.5,0.19674001973656377,0.1439922348489954
SOL,4aaa9504896517dac43aedcc1e711a0f46a8067051944d3ba9da13df68a8a168,0.0107961608069875,0.5,0.18436942406445353,0.06755061021138194
SOL,4b17ddcaf4e4f60d1e9fc2ad538181fd26472b77311b44191fbe743e6c59d629,0.020211240532643,0.5,0.1845999293312066,0.06423900589285245
SOL,4b1d1f51b75fcba07ce742743080b3be29fc4b016a09357f1f2a3c789798e484,0.01210514226412,0.5,0.17739729213642788,0.0371040206123647
SOL,4b2cfcda09966e43da3ec620775b1145c47ab47f5cf8e2523ee5e7ff8befc784,0.0361917040889142,0.6666666666666666,0.18009773848549485,0.08011465435976463
SOL,4bc5283a2b49ace5d029b949919a37341e3f79fdde209624c68de85db3fb1df8,0.005032918577319,0.5,0.19264219305754532,0.13365787901499682
SOL,4bf02c722975be331d8ea9706e05b566f74600193caafe5fed0b725e74293042,0.0098191830406648,0.5,0.19564891515934096,0.1136497603110521
SOL,4c248a6e12b2fef6561c411c83a948e0112cbe1c3ce4f0a50f4ec05bfd00df3c,0.0035662107430441,0.5,0.18368531859982334,0.08359690102924072
SOL,4c9625826324548ac3516699e7e15f31540bf449eefebf3746067cd37eb90e4a,0.0171295733640997,0.6666666666666666,0.1795719169083128,0.06700320351852364
SOL,4ca6c79b85f442a68b955b622227bec31fc461d60433e6e144054daa14536eb7,0.0069716428415282,0.5,0.17945484685943988,0.0822212501535845
SOL,4ccf6f37a02ce9a7e397576370c81561ace13bc35ca2c269e4257f04b1a36a03,0.0094060409642434,0.5,0.18631091490369037,0.08982908408971098
SOL,4e011d69727d0fbeaef3746553522fca934f1f79b065245e0fccd57c26f1956b,0.0533797347526784,1.0,0.19508708882908246,0.10805985986133501
SOL,4e3930be053b597bc49bd7b5fd1053cdc5bdab82684a6085c2751b22d7523d68,0.060844050430315,0.6666666666666666,0.46005813474877977,0.9828901263540132
SOL,4e6b97b3dcb7e3c5a6cd4fca79219a229d738d6fb2b4aeeab91aa79b5eb94227,0.0445963053988538,1.0,0.19090375063306075,0.08079710195083167
SOL,4e9dff3224f8e0b6124684f0e7472800be0cd7b23e911d588d4b5d172e537118,0.0402025523779945,0.6666666666666666,0.18589537205141227,0.07282302633657159
SOL,4ed118888bab1add911cf4b7755ebed5aa458d9b95eeeb9d5fe0c69f6f2ac691,0.0026543228556015,0.5,0.1970766967235265,0.08512491867035521
SOL,4f53e67c609a5a178b7f3f4d4db08159b60c91964c6ffde6c49b879700150d13,0.0116196450739129,0.5,0.18608226668803587,0.0903973880255055
SOL,4f87df8c14831d632ff62ec871ec0f916d000e3b44579c383d53ce248a1d13a0,0.1227791193908556,0.5,0.3168379122154026,0.579941399816008
SOL,4fa3d67f5704b60f5bac30c28103d3760d9a0037c9fe0536b2b0d2467c1c375d,0.0161607785801749,0.6666666666666666,0.1988793854628439,0.0868504047559283
SOL,50111645983b63375ad0a65ef9e5a33ffb26c6077ba441a4e72819385f17dd67,0.0077324774080852,0.5,0.19506035390994966,0.08209814302404264
SOL,501ccda9393ba5688e4f72c4ad319eb15d5101b33b6bb098e0805010b3dade32,0.0225346647454353,0.5,0.18279156386441617,0.0854509044306522
SOL,504be01ab62e65e9515e3dc7745906fab1fa044f722bf741d1e4e216ff9a870e,0.0020209961565915,0.5,0.18068683998084786,0.06193998155684446
SOL,508c54ce8f45490db56f28838d09a7a5ac583ecac600b37234749bb559969a64,0.1110217974626414,0.5,0.31356277190088405,0.5017071557131428
SOL,508d3e0319b1e154c6e171c9c6df902b51cc8f517eb56fb4e3f8234776e29051,0.039795321628125,0.6666666666666666,0.18647224659766926,0.10150747082331776
SOL,511152a4b5871ab476b219d2144e20f2888a879de3bc41af78a3e97f4032ea9f,0.0309648262966278,0.8333333333333334,0.18075151900668576,0.057611990679332196
SOL,51771d94701bc618045f9e516672610321b21f76e4aec4f98c62f2b617acc400,0.0842313917457708,0.8333333333333334,0.43822785156363314,0.6503764177276852
SOL,51797577ec246e6bee84ab211366bd9705dd0fbc149a5e5162a6d6cdded6dd45,0.0069517303716787,0.5,0.2107135342038642,0.15454693041390602
SOL,518a2ed2c67de191665b679148000b4fafee9e521ffe8b84f3102da316166099,0.012995031295359,0.6666666666666666,0.1901858944782129,0.09521643495042012
SOL,518d1949486e89924c6d3e1706100c3f175e58e2ed6475a3d1ca8be5e185fc0a,0.2017056338074662,0.6666666666666666,0.411861577081744,0.6043040545627973
SOL,51e4135c6620000c63474d9cc01dc699ea3089e3d2ac90090c808866874b34e1,0.0180894194191416,0.5,0.2211854801195417,0.2603036791105364
SOL,51f1b20fe1dc1f3ef5427f3cd430b0b1c6b0eb22e40343f32bda34359461a2cb,0.0053061073612664,0.5,0.18640217914347937,0.09316676471425607
SOL,5211489055f69c7dfb181af42551bc1203437189cf53165b84366375c981bf79,0.0112596949452672,0.5,0.20750513519489203,0.14481845021368833
SOL,5248975b01619f78aab64c53ea6c61fb79b4f0ac32e40375dd3c38d0634d00c5,0.0119857153062051,0.5,0.2008240227640263,0.14816377744168957
SOL,5274f41d99223294eaf662973f78925e57d33def9a76f218378190bf581c5aaf,0.0024070709150097,0.5,0.17928200784737408,0.08182738237654129
SOL,52c1c430af5ea5f539cd0c3eb5d78946dc65ba22dd9db0c7cf2e2991dbcc65ea,0.0209863008473711,0.6666666666666666,0.17720336660256958,0.04132260559411156
SOL,52d0012a4d2f394fb3e7e8c99cfb6db984caccd805cc3e45f3c6153c81ca7530,0.0011708130945926,0.5,0.21744547353681576,0.15794517357039736
SOL,52dd24c245e918e433ecbba06d05bb0cb48a189e0124a9870e5895facb1ab2b9,0.0242668374301514,0.5,0.20814093053729077,0.1892682864990093
SOL,5311e0ff9bb9bc5f6b67401a0e546b869cbcd7109516174866816ec5491354b2,0.0621791325546036,0.8333333333333334,0.20146938695242989,0.10981084846278195
SOL,5336c7e8dda229a25fe6fefd6d65e48a595fe782a7dee57eaee979b2d70fb977,0.0077291959704963,0.5,0.19737931191872254,0.11864306114198997
SOL,536ad36dba41fec0d00ab05b2303a55b9425f29b82c09df09940ab1d2c2fd9d3,0.0708018985284262,0.6666666666666666,0.17832744061485026,0.04949357648891454
SOL,53b21374575eed49978817dbc218014bcb9d0f597526ffc4a3c3f248926639ed,0.1038945282910453,1.0,0.19591421146802485,0.08577469534307557
SOL,53c665de52e76e1a4ada7222493f8e68ec291d76e096060c398d6ee8af9391ce,0.0261371907485471,0.8333333333333334,0.1849764121904106,0.06094610615181896
SOL,53ce87fbd25d1a116b87eec2ad82d586e5f9b575a0e6a743a38c6318ad7a3fb4,0.0150987466593801,0.6666666666666666,0.19082367850937593,0.0726756531840991
SOL,53e51bf3a93abdebcde27ba228be657e915b755224a980cc0dd17ffe9e897433,0.1321056657629093,0.6666666666666666,0.18967561151042442,0.2739385985601777
SOL,5443a740ac9434f407f97a4b61773a5bac77d991e1ff5dddf93a20d1e5bd534e,0.1838840071367187,0.8333333333333334,0.3291351835359681,0.4659222277444391
SOL,5461ef1283bea995ef1db2da89cee5a736eadef0174e61c63796cb78a2bef7ee,0.0561641761806367,0.8333333333333334,0.1774296145982027,0.0524750832998159
SOL,5484e2f3562ab4237069f18b484129fd6eefb42f357c38d06d5c482538646ad8,0.0111506603915231,0.5,0.1867576222849982,0.08097780652163128
SOL,548fd92baf0386b38b9ba03ca4899cd2809a80a42edee204fa39fd23381d3bba,0.0216925496266317,0.5,0.19986582537192854,0.15592626646186467
SOL,54a1448fa9c3e76e4e5e00f4e0c2ee421575769905d376a028403fe3447e8143,0.0328788869223245,0.8333333333333334,0.18816642958435617,0.092319215462345
SOL,54d723f3a1fa00a67dc1b652acc58c1242d6fa103536cb8627ac99cc57d038d0,0.0339258067869725,0.6666666666666666,0.1863837092955565,0.09546520931946573
SOL,5524ec3582a4f9123f8613d044ae89016300087bf458ddeb336b541cc9f10809,0.0408293375330861,0.8333333333333334,0.18451693837503796,0.0742564766372722
SOL,5527f9a575ede2be1eb33fa85e7e2504b8bed6281f7e8e1ee757b6947b63986f,0.0163994441977759,0.6666666666666666,0.1844998145460627,0.07566258870375032
SOL,556e68739c9868344d2264c683bf0e4ecff4e3c99b277c669e6c8adb6866d0f2,0.0285180011479286,0.5,0.18926988535786307,0.12216452937503289
SOL,55ebafba1eeff63c504b1f21119d74dcdc5bb3ac1734846dfedef3811a00e336,0.0084854225561797,0.5,0.19328153558751648,0.10131786072952015
SOL,562827e11a01433eaf767d899922a98a41962b6b1c7e83a6ba9c6b96720290cf,0.008625748377583,0.5,0.25178745027290267,0.25801646196723715
SOL,5663c17d4775119ee62d30985fd713f315bf9ee09681f26d7ca46144cda0c405,0.0118367065731486,0.6666666666666666,0.18327231450870476,0.10851645961584636
SOL,56c24d7054640b1b3a60cd9520deabc8a6672a9584382ff41bb4c2b920889323,0.0149389789840955,0.8333333333333334,0.17927642849710695,0.0545343437383745
SOL,572e7f9fb43b1281444618fa906c4ac8a0fbc3e4d1665bc77f80d58fe2fd9679,0.0442570250452864,0.6666666666666666,0.19734851169205989,0.09547577722447927
SOL,5736e96fe67caf3fb3938f385a5492bc15e917fa4e3091962c986aa5f027e4bf,0.006066013511164,0.5,0.18085078076899017,0.07677398400546942
SOL,573a5841099b973b0d9786cc90071fe4f5c49a9464e92fb6a365b9280f719d23,0.0306819778978597,0.8333333333333334,0.1872435419430793,0.06848510556099996
SOL,575277d3d59abc71658cd9f9e3678a4ea5684c046c6cbce6beb178d45c2ea149,0.0061690651452918,0.5,0.2125901537915277,0.14327947718792164
SOL,576468aac4d4e192520f286561f8265aaa99daffbe6b5e9a965b82791c229c9c,0.0102063280815799,0.5,0.2004224260677248,0.1689197252098959
SOL,5792708632d0c2f851c6096a84f9e680b538fc0725a93044454681ed54541d85,0.0355885239007924,0.8333333333333334,0.2634973673322483,0.329091171157513
SOL,57c4e9439dc70059d6c277f35254e4a25d8d1bc4228c60c5a55313b18f4d3769,0.0194690120685707,0.6666666666666666,0.18437503167818795,0.07504864922475402
SOL,57eaa0c7b7889543f3936ed86bfd34a600a1ac5a2799c68b22265e3b3cabdade,0.0176287638058992,0.8333333333333334,0.18437450802950342,0.06230682590915447
SOL,580004af3d4db382946989d56b0b30a45d15e809eac6049c64c44ec523eda874,0.0050318304570629,0.5,0.1705919208219614,0.027531710090471527
SOL,58270c08c1d69d4b3490f5850b21aff8653ff73018e5f8cfa9128f7aa0bae94a,0.0504401907734277,0.8333333333333334,0.18414908391590765,0.08398566070399281
SOL,587a33bdde53098ad9319a4e1cbc502850452a7adcd4eea20a59b5230bdf7e53,0.0815614498062229,0.6666666666666666,0.3036520047378171,0.3854664252083809
SOL,58d763e7b665b783a36bd710b0f4b7fa49e32a9cb71bc31f20c931c5b2f9aa28,0.0529566891317938,0.6666666666666666,0.18061384728153482,0.07006322084726047
SOL,58f4d524e75038812a7e95f4b097227d3d203f268e6df3b9dae26c142d767d87,0.0250893193457595,0.5,0.18686355749521,0.06695947869847879
SOL,59b084c3c4f77caee4a6b4418a9086a5543af3a40eb61caef16782d3734a345e,0.0167397712698226,0.6666666666666666,0.1758849836410457,0.047136604075020246
SOL,5a5ce71128d9a5c03b022afd347c73b66cbe20f7ab21ffcd392391db593b1214,0.0134631614146453,0.8333333333333334,0.17074809755280665,0.027352015164241825
SOL,5a8b868bc05f6e5cb7f11cc38b88c46d4a8156beb9ebc1ca2710feec382e0ea0,0.002342412154668,0.5,0.17734934325768448,0.044258691717217934
SOL,5af1cf01c58ad4eafb81f9162f713e5f4838f45e2a7ab22f0a257c5f35d02615,0.2428420752144533,0.6666666666666666,0.2770991500060033,0.8500040543337394
SOL,5afbc01691a05eef20a037912bccaf513d2cf2d952e75aa63b4dd1573cdc040b,0.0223773846442147,0.6666666666666666,0.19178556044625017,0.12247901133615284
SOL,5bde160f0dbd413220c3da4dfe125e6203dc6aada43bf8bf66c27a28eb95d55c,0.0047356329401847,0.5,0.1815676922622453,0.09084777963247119
SOL,5c1f900b44a4a2bf86bc3ec7cf24a1a64634df280e0201d0feee024d5b2dd503,0.0277301880631195,0.6666666666666666,0.19040905862267624,0.10878258054107394
SOL,5c49715f6c58ebcc2a9c337da1aceedb53026ae3cf0bd4a79d860ccfa8a9e5fa,0.0163865020190644,0.6666666666666666,0.17956836087532294,0.05640542872017195
SOL,5ca33de79e251ca4d0071cbc1c65c76dc17873c1dad9c2b033c077e8abc8e345,0.0674455763345311,0.8333333333333334,0.1839169082991342,0.08173776928721825
SOL,5cfdd2ac84218e52696a1da84a4be4bc33bee456daad5bb929bf16a2d209feb1,0.0092494553576614,0.6666666666666666,0.20602182846652067,0.23782959922026783
SOL,5d11e56c77f260e896ae60efac67dbd47a60b098acd9da95c1ca932c0241ba26,0.0237169167949107,0.5,0.25071204958294524,0.26221940479502803
SOL,5d1928577caeabed4684cf8ea31358a14e7a6574fca6f7d973cebc023a4cc14a,0.0007084028106326,0.5,0.2200273727085782,0.25192806540762835
SOL,5d3cfc81c0744587374e63affa13346338dcaf105342027e9ba8ab4712b6add5,0.0052676752638986,0.5,0.18276109550299577,0.06005312509285375
SOL,5d6de221f843143fbfdba4bf07b6aae380b507422f126f1f0d0d127ece7061c3,0.0080744778991411,0.6666666666666666,0.18290211776897555,0.11264330598533252
SOL,5da81db75adf8bf971926ebd642f73db0b1a7f709b6d838ca7399bc5992cef6e,0.0286552412194377,0.8333333333333334,0.20480347966351015,0.13740834563091878
SOL,5dad822ddea31800a38fdfa878c6c88dd0a8c9bc21238bb81fd44821849e46a3,0.0195436597798376,0.6666666666666666,0.19802979860607853,0.10588791899030268
SOL,5db243dbf402316bb1a541fd556cbf3aeb0da0d97936c70a4f75c8f9e1986df7,0.042083942115226,0.6666666666666666,0.22178357902309084,0.17574044920443987
SOL,5db760e2880bd9dea0f66b7b7ae28c3fd516203ad86d1900b4bfbe7f61362ae9,0.0584850087579267,0.6666666666666666,0.17956536808602977,0.04409265208850546
SOL,5e082ea85b10719f675716db12acf8db19b1475d73532924e5cb854e866f2e96,0.0758859259611673,0.6666666666666666,0.339166474186887,0.7737886180944333
SOL,5e55f57a61e453738fedae23c7a100940ce091eba9df44ee090b40643e81a838,0.0363805557450272,0.8333333333333334,0.1871914571964491,0.08496074347853376
SOL,5e851d18e70a156de5cff5bca37aabfb3b7fa6fd66b1ee8bbc9f6093a747ad81,0.0119127345051366,0.5,0.1782910975265982,0.04480775788534505
SOL,5f428f9ce5d7150875b2c9cc479cad2cd93c84e22aec5319528cd719b5de4ac8,0.0165825501101066,0.6666666666666666,0.1834229155439945,0.05717789344593374
SOL,5f49bf108f2b1c614f328524df0d5b7e8fb21566808f5eed5c88f7d0b753d36f,0.0068993100514695,0.5,0.18896360243342925,0.08828607156228384
SOL,5f550cc9bd9372c8743a4bedcc11ff565d6e2abb25ec7a517e14d8d824547e85,0.2161333145275568,0.8333333333333334,0.26082149320267084,0.42311166346731804
SOL,60190f147870fe43cd76ad68f7238a7c563d54918c946697fc47c2d166b0a38c,0.0002902610108117,0.5,0.1757566200492064,0.06216342298974745
SOL,613a168dfb5dfe819048be5d29ebf19a8e21d5b80b98abca1f6f6dd97dcf1808,0.0349973952942672,0.6666666666666666,0.18590108287563983,0.10878281497506151
SOL,615ff498a70cdd1a1c8ee8decbc5e23e87089a74817316f7dc3472253e8d2c27,0.0332745425144497,0.6666666666666666,0.1875919098941638,0.10132757776979136
SOL,61a26b1b54755155bb07c67fd58d8c0d6ff553b30bfc93d5b9ddea1c9f029520,0.0075597899655368,0.5,0.18126521554892147,0.07012712459613964
SOL,61a94c0314d4ce944a403db428dee85c3f672e9d6322aee1dc37180b0ff01b4e,0.0426522511809924,0.6666666666666666,0.17876680186059454,0.07451644085337843
SOL,61c5115a19b56004ee4e2e71ae64524582d071376a4b9b4597368c201f7ef4cc,0.0483281027382888,0.6666666666666666,0.1874437154622058,0.08526720140214353
SOL,61daaf789733e943fcb96ccb51496173261dc17c673ac7b7c6edba3a76c59ad8,0.0104488601625274,0.5,0.19089265481256926,0.07708958330634508
SOL,61f808579b3d3a4dbba9ac4c809aacd6ba4bb5acbcf7744e5f312be651e57eda,0.0399067893989715,1.0,0.1878838624157632,0.09348915130632268
SOL,620316049efb4abf14db00bc7b76b3b24454d1f6e3960110bc25cf36ec3a2a5b,0.1992019412509054,0.6666666666666666,0.23616281981990006,0.21346012084158814
SOL,62c9f05704bcaadbcae3af67835299db1f25c5f47a067a935a51e765e630435d,0.0014527794662232,0.5,0.18895974465255339,0.09828239526781059
SOL,62f9e1cb962bfb307b8af610a1545890d730a6ffb6ce722ec4f6a8172e667261,0.0317999370060259,0.6666666666666666,0.3316121237130815,0.3613506765895983
SOL,631c9b13eb200842545354c07050b73f56a6a1a33f11231d1fa1424840d9e25a,0.0181826081689074,0.5,0.1881157503998919,0.0904497306381905
SOL,6359b6b727baf5f8cfb8610560fdf99974a4bf7646c093f7ffadc6ad79b5612b,0.0142887071786236,0.6666666666666666,0.17370773613859228,0.03444894888593098
SOL,638abfeb3dd009ea1bfcc4e69be0f57d66fcc192e6d101d0d5273ba91c3c4bc1,7.212678688072252e-06,0.5,0.18697453601131656,0.10428124979121223
SOL,638e5fece59db6c9e7c1babada91297929478a2756f6541f99ce9050c759db93,0.0407914491229736,1.0,0.18289891174827044,0.07794954562227184
SOL,63d3180066489ce56922f08daa15eca97d9772e0089e0711244e7852a5044e3f,0.0054023355738959,0.6666666666666666,0.18435760337037077,0.06328946647468388
SOL,63edc78cc8b71b6d335cf312a424a1b52870f7f3495613f1f51ad239daac5c95,0.0658283637500285,1.0,0.20094351943482952,0.1064555489133781
SOL,63f9b44973be99b28706176c281d2be094408809d73e7fd9646d725e9d167646,0.0293223503715155,0.6666666666666666,0.21265632224226408,0.14367671598071435
SOL,640218f04079a4b84fb68f60ee92ca684121c67e329d2db358f741fd686837ad,0.2010746154442596,0.8333333333333334,0.31984095901922055,0.3924612739676383
SOL,641bdab8209ab6021737de15eaa331f4c444d75d06d0cca427a100129305341f,0.0301489827904405,0.6666666666666666,0.18452578879384793,0.09026464631431741
SOL,6432ae1ce11efe9551c019b20900e0ad11ccf9023448a0a96a9033e7553f978a,0.0073989609888768,0.8333333333333334,0.18282595401404517,0.06718265989455881
SOL,645c47bb789e725b591d0b0aed3560ab2bef8060b2d0ecbfdec046b22020a439,0.4687759513656501,1.0,0.3401356916414448,0.5606456196968962
SOL,64997cdcc203dd0bd522987821315f82ec22003de7bff3e4ae40e61348a51d96,0.0112596949452672,0.5,0.20750513519489203,0.14481845021368833
SOL,6513dca32f6251b04cc140b8580e1082329c0aa982031065364b1dc8bccfd01e,0.0450387668021445,0.8333333333333334,0.18217217551269563,0.04997451965026416
SOL,6531e6be47ee4983f392a6e69735457f4b6d4f9d108b174821bf6ab1476ec8c6,0.021809587548837,0.6666666666666666,0.32406965473605776,0.47446607045354294
SOL,65437d416a09a7d1ada7c9c91cd13120c7f94695d23a1dc33693534c9cf569b5,0.014673136739567,0.5,0.17743718448458515,0.057124430971391325
SOL,65a852f097475874d171bfbcf6f8889aba6a4424d60e67ebb24d6fd2ee77c50f,0.1900180236439883,0.6666666666666666,0.34397224997132736,0.7668174390178574
SOL,65e457e60cdcd215d702c3afa33fa58df1238708dad73992821ae910035cd2b8,0.1736597606389316,0.8333333333333334,0.2952775746708966,0.43158866382455435
SOL,66078b724d66184173dfc38c4598cc23407f15320ac865b003fd3a0c4576c556,0.0249539418108982,0.6666666666666666,0.1796206482699181,0.05137240290701974
SOL,662409a8bd034065e1e9f2385b6d9d15d0d0221f306170fc3c766715b2c5d69f,0.1268542254365466,0.6666666666666666,0.25043394064886254,0.4849489924413037
SOL,66c7f27cdd1b9b6373ae3016357d4e4772396dbc7e261ed5740a4a1fc53c6f71,0.0224333753339733,0.5,0.21803115497731204,0.1550458155128201
SOL,66d96e5cc243de549255ab0c6a187b84d6ca4596b8eabfa1545e070792012feb,0.0231327426361617,0.6666666666666666,0.18822291971327693,0.061437922728507795
SOL,675b85a305d327265a7b4536eb697ae4e65685dfecd2b9026946ebb8621f2e63,0.524331506921206,0.75,0.25571622225163165,0.35534174468646434
SOL,68000b8b321a2e1577b71e5c5d05daf781e88c9058e07b8fa39693a51ecb5c8c,0.0430861418630496,0.8333333333333334,0.1936685657546192,0.09614925418734431
SOL,68076d670e5cf9facdfdfee94c43148fae29c8e2780dcb28655baf1dfe251bc1,0.010337138722871,0.5,0.1882493626012437,0.10050753811693891
SOL,6827b1879a81daa44e64a2a6dfa60e81653ad38c649c2f95509b77e482cd6e40,0.0455895752646716,0.8333333333333334,0.18985548643522296,0.1006206518611716
SOL,6876f8fb82eed09ae96f863fbcb7c1ea81ff939bae99247a593ad6e248581046,0.0068189843806609,0.6666666666666666,0.20069067670376667,0.09951131143330326
SOL,688b88c60854d374992c7d6b3279858831338eae0a02fefe74ac1cc4d1c4fc62,0.0013637663937239,0.5,0.19665548417924508,0.1450126779767028
SOL,68970b05a3b412a1a7540dc2c1fa10db4c810a40b37e145e1c87f35073957d4d,0.018082551332884,0.6666666666666666,0.1778475700528263,0.03849928050965117
SOL,68ab5c3bbe7834cd10d1d164b38957093d07cd05ff6fab2c2f3cb5e107897290,0.039352386045433,0.6666666666666666,0.17960717404237225,0.05630702824880578
SOL,68cf2abcfe9d38d12f19efdc1cded53e22e25f5bc7975767337e8375d1a3eb77,0.0062917737575472,0.6666666666666666,0.17701452658747135,0.05170703742034153
SOL,69a55fe1ef84d4136a76a7d9637bcc73ff897e809506565c1264d632ff3ca0c4,0.0156368254642178,0.5,0.1832087463733712,0.06620169504279212
SOL,69cecc61c746b640d6310c1b214d89529e6e24aa4dd10b8d67c652a8024dd580,0.090118084207215,0.6666666666666666,0.2619013528444317,0.3448750654508264
SOL,6a01abb271ddb7c4e243237da8d99aaf269916837bb849661c2ae635f006cd3e,0.026585694495737,0.5,0.2027325756796429,0.16733605824571374
SOL,6aa00dcf00642a9a8b52873701ccd9bd1cdc00015e8ae0f430c694d08711115e,0.0553293257405438,0.8333333333333334,0.18168343903346118,0.06822835038160945
SOL,6b050d1073c8540c2c6e7d80b3fe682ef5bf860634c1ef84842b7df09675c92b,0.0551396600106556,0.8333333333333334,0.19020083121222722,0.10138891757515768
SOL,6b525caad82472d55585c409ece3c680672aa7f7f7a0d9eed6e242295bd73f2d,0.0058947233140643,0.6666666666666666,0.182478275231426,0.05969852054272568
SOL,6b580a1bf2a1966396296a2d7a4e47c574677d52d4d7d512370441dfe8129437,0.0086363959503909,0.6666666666666666,0.18207149635410258,0.051818069107931644
SOL,6b654291192487cdcefad2909771b15c4629b35243be3cc30eb48095d42ec7c7,0.0087029656742954,0.5,0.19823247876608135,0.14478002684520194
SOL,6b930ff65c63a03d709f199b926ed8d0011e0483a310abe21cc229cc13033c05,0.053805342737418,0.6666666666666666,0.20466067538199434,0.14968876688736035
SOL,6bbde96b504abc9361133a0fe325848108c958fd3c1e9549a86a9ce67ac5c209,0.0219259733886636,0.6666666666666666,0.19618803359697604,0.1029442587197946
SOL,6bc009255188b248a49c0429ef76946aafcdf86700c0cd91252e94bc09fe4bb1,0.0035610633268069,0.5,0.20426072952990526,0.12241379179646449
SOL,6c03668124ff49f18dbba350c4dc0b9d898963f1ff5efc413bb3120b107db1ae,0.0465292394582074,0.8333333333333334,0.19125158969850048,0.10182092834880277
SOL,6ca1986bca4fcfaa3ed93993709de9c36c9b6b56c5773c2adc681c5df5d5f0cd,0.0023544570261536,0.5,0.1870528703558077,0.08562578974436127
SOL,6cb1166120efc3a3db9aa3ba89ada8b55227c129af3b49fe1d115adc9680de19,0.0419630004961741,0.6666666666666666,0.18257099235169003,0.05840698924823289
SOL,6ce717d3df3b6653abc747b94ca45cd92f5c142213407d65d06bb17d8cf1d959,0.0154066160684018,0.8333333333333334,0.17143637167966325,0.02909063835121889
SOL,6d7844a0f0a017aad164baefa1887fd9df26f58aa69c857e8e3e450f3a387de6,0.0202416008921433,0.6666666666666666,0.18775344494178486,0.07827320607252569
SOL,6dfc3db4a22bf937e09dcf67c5a9662b00f36ea239701157272eee3a79f4e80a,0.06642120525498,0.8333333333333334,0.22531193481804318,0.23426302928090006
SOL,6e353a9f1ded2a0318d8508e2226bb3f7d443efd1abf328f4374cacd6505d228,0.0117305756682755,0.6666666666666666,0.18804572520657187,0.09731820638723208
SOL,6e4ca8cdfe8a70a8dc04c3dfe6a24ba2da5f9663bb3d83a5bcdac7b385ecf771,0.0260655554831238,0.6666666666666666,0.19507628889599984,0.12427142678591731
SOL,6e5ca2043a800ecfe208d15d7915f5b296977156debf0f41a46149ccb60af272,0.0103873864146786,0.5,0.19112697987607255,0.09283954028206443
SOL,6ecbaace714bb8107ed139f237ddcaf25c2aade95470b939a282127010824dc1,0.0302881497341854,0.6666666666666666,0.1861601468761876,0.07811946167876369
SOL,6ece8c76a0d816be8d9549b92f1bb6a30185164c745b33b95ae4168378ad6f18,0.0175550617954679,0.5,0.19056226086617775,0.07015779239863369
SOL,6f370ef4448d0bc71c644c2552b35ccda378b13dba2fa3311e61b96fcbf1ede5,0.0385664911258903,1.0,0.21489672279692104,0.14980175501769905
SOL,6f54f78d445d24490f28b030e098051fb038370cae97d846ee6d399b60f7b500,0.0002275228572633,0.5,0.17765110812150514,0.09516738155968063
SOL,6f6fb2dff70bc9c95397e76127eea8bf0f74e86bdb33fbe0eeb298fcb22658c2,0.3172307420553056,0.5,0.5140462348418517,1.0839482726792842
SOL,6fabd671c1497fdab9013960198c06d873a2c97be5d437453db28e33f9dc12ac,0.0126726677561461,0.5,0.23323359073673428,0.21064585050364867
SOL,6fbad6f1ba9c07fbfd91d767a4f10ea4b89114a988264a6da14c238875e758a7,0.0174270457550801,0.5,0.1950213923588564,0.0866078389652238
SOL,6fbc6000a9f0cee46abe354351c92b0fb83e0780ee0e64bdb3b8a732bf0bc14e,0.0418184233350004,0.6666666666666666,0.3148697112439661,0.4836859795332739
SOL,7006f7daee500f2b8ea7960611df8ff781530c5cdabdd8071cd6d325b5142f18,0.0554778183575282,0.5,0.3444608509232993,0.883615082723815
SOL,706daf793ee00f942686f0a780af58fca0083f4013639d45cf500f3aab2689ba,0.0102528716205574,0.6666666666666666,0.17982161965708543,0.07714156339838946
SOL,709733dffb0088e29d6b7f889b1c0357e6d3968fcf1210d603ad759e495b076b,0.0534507894702586,0.6666666666666666,0.28162365863678757,0.47968740309694025
SOL,71a9454a60a95eff38897428d27f9444a4374483793177feac8c5a16f3e5dbd3,0.0045469877243656,0.6666666666666666,0.18074959859162398,0.08366384608958624
SOL,71ec9b6dd224f886c2db30a2c9ade80bcace2504bb9d868c629b584ca654b5b3,0.0040945922995108,0.5,0.18449015260021864,0.09873021098062794
SOL,720ab9af458a9618e6fd38c0423be385266896cf504332f3d874841d522b9fc5,0.1510596699026144,0.8333333333333334,0.2223559571849196,0.22633721204071686
SOL,726b35f33c43a91a4cc8aa29862c799c6d88bdb5a8dd10aa6c477646f8dabda9,0.0612574636645086,0.8333333333333334,0.21591148539640437,0.14524982053231317
SOL,728fc8cf50e590c74f6774475a8dfd41f6fef2cc4e0b56dbc72e5fa410154027,0.0255809667307333,0.5,0.2139304657516296,0.14119170915131904
SOL,7296d1becdb03e207e4cf19c2283e4894d78cfb087607c9bdc4134e3dd1ee4b1,0.0281090535308513,0.6666666666666666,0.18866167450767993,0.10108952359211065
SOL,729bf5a65f86eadac2ff086006f3f94e8e6796ba04ef8a01b5bd1853ba616d64,0.1345312793263738,0.6666666666666666,0.2729560726661253,0.3351733757858972
SOL,729e3f0161f6090e253cf5cf7d792a9498723115eac0e26cd4deaae2c7b49de4,0.0426004070359091,0.8333333333333334,0.17350900223189758,0.03140232006576261
SOL,72cfc8ec1acbedb5a6820d8ff43fb2630288d3fb04e002eec7fa98bdd7625f5b,0.0041164797319998,0.5,0.18014092817721244,0.05525669545669458
SOL,72f03f78dc207d42232325c46a5b2de90037777868743e709085e1f38fa0a385,0.0250068417909753,0.8333333333333334,0.1879178776213838,0.11027503359169115
SOL,73e7e5217903d4efadf35c4876db7e55dea0f3c422e0b202f63bd0eaf3d09ee7,0.0164589142086381,0.6666666666666666,0.17509861200114543,0.03243722718271441
SOL,742eee5284ed0b02b3e0e0c96abef3f94801f98823e3c9f2b357ec667c1bbf58,0.0024123486966564,0.5,0.17742975492824323,0.04145417455141113
SOL,74b39f37cd4613c77ef0110c52e81b9c96848112d464de287e5a0c85ebaea135,0.0237977113431418,0.6666666666666666,0.18323618396640293,0.06264766997855761
SOL,750b75d2611890dac6e9f76cdd16de24163a0f0f79563802604a1d0e85ff74c6,0.0342406448403866,0.8333333333333334,0.1981378576778803,0.11016823718716864
SOL,751530c74365e6a3b57a12a610db3d9a4f3e2dc9e10349c47104e04d8691782b,0.0324951039356144,0.5,0.18811601732301433,0.09577865635796093
SOL,7517245559b52906bb09fe0ee829f5ff28f963f7c18cec458047de0165f99f90,0.0014553625378761,0.5,0.1871717524365759,0.11112448447203212
SOL,752ab8f9a2e6932cc45fd1357d56d662f828c148d7993476645f9bb80e27b0c3,0.012157087627372,0.5,0.1806198984593189,0.05363279906069124
SOL,75358de402fbb42f5809f05f35ebde00cf935f14bb19192291a65522447f004a,0.0208639692966933,0.8333333333333334,0.20271764717080135,0.10000711682507729
SOL,75421c162b479990a92367bffe930c620554c6d1acb14da2316a018f1e1be13c,0.0714540470433292,0.6666666666666666,0.24853727720107868,0.3677564682741142
SOL,755345542291c1c15ef80926a8c8cfb15711dfa92c46985620e7f227085d8707,0.0670267701652119,0.6666666666666666,0.27527076671932466,0.29229557574268666
SOL,76ea978e029f0768fbdd2853b648a49b665df7d69c2f5f9b6528fdfbce3a5e2b,0.010235640431288,0.8333333333333334,0.17644283592801588,0.04691175279332443
SOL,772f0bf61f518ede09cb4cd9b88c55c662e45cbcb29ef830afe0f7968c27de1e,0.0125931171824094,0.6666666666666666,0.18496693388104066,0.0693839587371854
SOL,775460f1e10dbe57fdf558b35dcb29a32e86c2b369d2796fc70eb300cd40fe3a,0.016127722597046,0.6666666666666666,0.19751490415192982,0.11038971241700005
SOL,77ce40dff73eb28e46c400c43fa64066c68bb8ed0ea324a222953b8b7821bf21,0.0131441904574665,0.5,0.24497340807162743,0.21310931525393706
SOL,77d40716883a4ff64e14c36f9b3a6c978fc13d415d9f2d29fe6720b9b476da9b,0.1988766462253574,0.6666666666666666,0.2236983578415283,0.1937830607796092
SOL,783da0baad7cc85c635c081f49fd2ae84cd03f469055ba53a1fc5e8ea03f8208,0.0515934766637066,0.75,0.36950763053218993,6.783011117243795
SOL,78d82b69b06000a7102b11b0e6db7a25edf0aef4cd70df3c67433fce650727d3,0.0117040684579274,0.8333333333333334,0.178526615614256,0.04842944786048275
SOL,790dda9a22041ca17ec8d48b8db54a0415fea1671dad54f32ccfa717289510e6,0.095950502698088,1.0,0.22794638660972746,0.22029561572346118
SOL,7940b064d5c416f29907394e143a34840e85e87b9180de63367264bdc9f968d2,0.014523237257734,0.5,0.17920334798664037,0.0747356013325132
SOL,799a2199ca416083e5376a4863189fafc0d502839d7538e3930817cfa970d9d1,0.0121778096971229,0.6666666666666666,0.1791953061072341,0.06349498043131632
SOL,79dbbb4e548265f25b6d6aa25fc32d09102464dcd1ab45048dd68ffd596c69c7,0.0046160546647986,0.6666666666666666,0.17480425222127197,0.03675855652738919
SOL,7a176f4a545f55030cec955d9cf6f571588e30129324c8b2ea669982b11c9c86,0.0002847519357938,0.5,0.3402890635899911,0.6497499746180336
SOL,7aa62270b8a8b567724b83542e8814ce0ad052e58f51a22a67c9875b286bdf63,0.0380233449765276,0.6666666666666666,0.18739394961003203,0.08808250723831866
SOL,7acc4310a54e5df9d2fabc7c6f09c6c6fb8720b73f55ae0660069afc33cef682,0.1046550378461155,0.8,0.5993597217650669,0.9904305728414449
SOL,7ad8781ccbd85925e8646a3f5f18007944ae253968c1b441756ffa37fc5d56c3,0.0107872481109791,0.6666666666666666,0.1861688671280251,0.09694526906977646
SOL,7bba373a1f5701b4fffd7611cf3c7e9c58780aa2fbcaf8be7db5b4ec28118884,0.0549310249473844,0.6666666666666666,0.19188371118935624,0.10813569676924584
SOL,7be9eaf0598a21f16a95328244c628831a3eb149f00f6870d99665f6edd6a2ad,0.0524303261774589,0.6666666666666666,0.18531200697128428,0.09393412415982398
SOL,7c77343843b415a27607ce3b495efede1e7c043499d55e7c42b4046dd3ff05ae,0.0309882322710537,0.6666666666666666,0.1837171927693218,0.04720854320627854
SOL,7c92ae811ec53c4cfb165731c1e621e881c4507020169fa578aa0e688e4f9595,0.0186135383345119,0.6666666666666666,0.17878979499701506,0.05474911889907073
SOL,7d4190997bb6316c4f7a1fb9c36c7d74acbe60ba9f6b9ea840d74719424f352e,0.0268496017884376,0.8333333333333334,0.20356403391211003,0.15926313638163656
SOL,7e29ae8e9990e092d4f09cc5aebd552ca652d0289e1d755612ff516b8b9a5b2e,0.0110405247516338,0.6666666666666666,0.17826630941259475,0.03925455087641264
SOL,7e3f0ca737cac2f53b340fcfc8c28b26e8b917b01675858e922491657fb23583,0.0356485051964676,0.6666666666666666,0.24923012942140252,0.1962609096629099
SOL,7ee0c1bf2099292328d98c090a94b43b42075f8ba34893fffb5cbd884e99c711,0.0219784101846955,0.6666666666666666,0.18674761630180273,0.07533107116761925
SOL,7ef3abcabf85a7dbabfd637b679505345a8484f2b2b1a89008f52df11da50f9a,0.0181666112162473,0.6666666666666666,0.18926338039840987,0.10157420789784405
SOL,7f6f0acbc289e93e165329d10bb1e818984289069cb6a2a2bc50ff0c8e6d386c,0.0189652101163904,0.6666666666666666,0.18221357321031906,0.05804371075232851
SOL,7f7c32b41b704c2aa00dda518b4b6681c173662256ea77a109ae4a8b4f4d5595,0.0193699016013874,0.6666666666666666,0.189732189105444,0.1269150298668784
SOL,8028857dea5ad6cba8eaac32d13d648ff111058a534b858643b9f24cf213d13c,0.0797973711425029,0.8333333333333334,0.2101131950427186,0.21822914763864792
SOL,804333bd8726fa03bb0209af8d501bf011313510abf5c45f8276c55d53e00a62,0.0317295846987423,0.6666666666666666,0.18193897495447547,0.04878326134813253
SOL,8058117571b6e5a22a2c1e024b7596d8177925df0e1aa3d0b078c12963d39e5c,0.0144115625461594,0.6666666666666666,0.18445026338394716,0.07588280876079366
SOL,80b4cfb093e1c1bd04cab2491f3f173013f65c0fb39f8098f93418fc495b84c5,0.0518344610544568,0.6666666666666666,0.23717295069666505,0.31813734915593933
SOL,812cdcd9640fb6390899da227f1a32bad0c0d4a62e88cd59c612c4397a14e0da,0.0103558265097795,0.5,0.2080771548525882,0.11115864287541745
SOL,813ca448de25f95bcdde29597471ad2b73a89f50b79365f25b4a456e091c4fc9,0.0023686465607398,0.5,0.18961414138018282,0.11262232163826895
SOL,8194a27627259b975c6a905f4b9b38ba8856ef32a1a3724951e259186090d33b,0.0230383375429567,0.6666666666666666,0.18232257740708926,0.07328444571959492
SOL,81ad0b491cafa4738ffea31188f7b1a081067080e6e91352974673f80198eae1,0.0182645372338886,0.6666666666666666,0.20460037135845688,0.1819757197806366
SOL,81e530dfb0c5b4aabfd6a58a23d380c208b280d1ac97fe1ad6879614351cbb8c,0.0015764189851119,0.5,0.2061708425062698,0.198732225596036
SOL,823a2690728281f77d6fb17b91c4b24cdae8edff55b3aa2cfcd589b13f44c357,0.0227264797665966,0.6666666666666666,0.21088755149881172,0.14634005554023533
SOL,8299aaf40db05b58675ee2d6b1af896d768b5f051c167a4e9eb11f3685e5ef89,0.018543429632499,0.6666666666666666,0.18375044558248435,0.08125785565700014
SOL,8302f44370c41535b6e156c85be3005012d2ede17adfb36a06d36cd5757c4e1c,0.0202835366662169,0.6666666666666666,0.192390052464087,0.1269325529942145
SOL,8314c68d09518c97b63d726cba5278588ddbf54415eca63a6cd7a39680983bcc,0.5519471184050309,1.0,0.3190818650089859,0.6677421904443597
SOL,831517e3c223257249497554c2b1cd7a5ef7baba3f31b89cc19b337c64b11ec2,0.0030294361717034,0.5,0.19077109157768388,0.10345403582396841
SOL,8340b74f9ba2aef1eedff463728f51b54519143af5f6f905a0dad48b2bcc88ca,0.0223186771576631,0.8333333333333334,0.18897291323144136,0.13175822696612033
SOL,835a404a2e884eab09691ada1cbe285d4ce230ee7928a0e681802681270524e2,0.0023240646749429,0.5,0.19164385521806165,0.09512864487496668
SOL,84bb64be7baf2497f93625f39c0cbd04e02b58b9ea1bd657972971abf270f662,0.0258603013378617,0.6666666666666666,0.2047630252969305,0.15896188181486792
SOL,8513143e3a0904631da29a0abddcb863fe035128c22c6e641309a0c93cb2512c,0.0284421282370271,0.6666666666666666,0.19348341719794673,0.10755299675301774
SOL,85243f314f0b62fb46cff8c3a02303bbc8abaf0bed9307ed6a9672fbda4e05f7,0.1780975338029815,0.8333333333333334,0.32325777812066536,0.49780563043561754
SOL,85541a204629a95e95079311fab8ee85f569a39080cdaa8653c8a048e2aca975,0.0949348290706028,0.6666666666666666,0.23685451747431263,0.2944105943093252
SOL,85585833506e4f2df9f0a7d3765eea6d4ab326e34a541229702d675e7e644c37,0.0203171231565724,0.8333333333333334,0.1951266358265829,0.09700922304416668
SOL,85690f8818ed52ec0a918af9e750282050e87255b77310644593f1286a1940c6,0.0160056060266396,0.6666666666666666,0.1790437200200887,0.07277713844209452
SOL,8573fd641a99e4bf72fcff0b85a7e837da80a637f25b3bd22082365511fc14ec,0.0125882874745477,0.6666666666666666,0.1844187594131322,0.06344602440277303
SOL,85b554a5b9bf5d54236a2b148e6c72f03a991b656bd14841c3b7706edbc330fe,0.0458140670794106,0.6666666666666666,0.1876309707182674,0.08774496936834866
SOL,8667c992aa050c01276063a880e87832bc2741abe31d15d40fcfd64f2d5a9c76,0.0058126879913653,0.6666666666666666,0.17277608582658,0.027092030957548686
SOL,868044865c4b7eefa0c4778b501a0c5f052a49b6b168a7a49c97930ed95794a7,0.0648323475366877,0.6666666666666666,0.26748559801348004,0.6075857550932053
SOL,86b4972a23687aa62e79aac9ad9f961a67a25ba3eb8aa4eafc68d138db758bf5,0.0236981494893505,0.5,0.17835714902023142,0.05168982957401899
SOL,870e00b87e53dac379e3056b94d385c748445adeebc8da7b24c31cc87a1f51ac,0.0002188694289959,0.5,0.18855590060661614,0.08935315114660874
SOL,88dec8a8fda2bbc8310dd2a4905cb8fb831c0acd1536d2d870a5400af1f2a1e4,0.0107053179916459,0.5,0.19634152557840148,0.11643728897329475
SOL,88ead2cc88b4a36b177f0f5f9a17d0d53e1233550b87c3a6ff45d6208a4b15e7,0.0458250340594102,0.5,0.22868456874181153,0.29334141047405354
SOL,892d4eeeb5df27e781eeb98b2229ab21353191824cb2f169cd802c62037271f3,0.001220104513129,0.8333333333333334,0.18704412784432872,0.05618854767099324
SOL,898fb3b2808e2f85d1eae18ac4e12e04d236bcab2ad4152606046a24655c14a0,0.0107109333011172,0.5,0.1805237978103903,0.07494754649706369
SOL,89b71a03531b07892d1a3b787c6f51e73282ecb5103fb1647ab9e9e6a0e5d6f2,0.0110923688773311,0.6666666666666666,0.1796624632103449,0.05059892826268938
SOL,8a62381d6abf6fc26f41b29e827a8f58180448c68b0abe42ba633b2fa5f1dc9a,0.0309884828923748,0.6666666666666666,0.1861856406825968,0.0796144234006404
SOL,8a92720f8bec5afa3775bb0b3ac2f0921cb20be9f58a62d331df823d083e7ece,0.0166350154238022,0.8333333333333334,0.17663953431597648,0.07534925760841968
SOL,8ad6f875a6a41bf81d8759006ebe5c101ce37a4a65f67861d1f7ca95c09e0a06,0.0121574727593392,0.6666666666666666,0.1866770196824557,0.09323320762026259
SOL,8b4d50b5c52a69e90b30063b272e7d1c0736235f478a82736691a13df3d712a5,0.0672252974043656,0.6666666666666666,0.18608934391971726,0.07809695324999517
SOL,8b5be07c3d12b3203396c1b927a19a43be17a18d1e727a412155eb19bc554b95,0.0112238263109092,0.5,0.21483016684925196,0.1636848262249574
SOL,8b7b9349dcc791a545ee8cfbcfec4e5c99ac29159ccd47ec25f1f50023632148,0.0845455509086416,0.6666666666666666,0.1892132122377085,0.1304595524318067
SOL,8ba54927a18e81ba24fcec7ad22b22ba35f93ee4ce44f0c4dab61bc13bf33919,0.0132636220368524,0.5,0.185182794233561,0.07003421160389894
SOL,8bad7506379e7c9a12134d7a6c385d841e6bb0036c2213e04837a9595e96a190,0.0521132423231687,0.6666666666666666,0.18106437477968967,0.07835155527035662
SOL,8bc350b5bcdd536dd49bfb2c56928a90f78ecc68be6860ef6efa797d2d5bddf8,0.0020584385967778,0.6666666666666666,0.18678104755760908,0.07317455528396401
SOL,8bce1b9fbe5b104fba42a3e537f7a5b2047737ad505f6fe474c017f805ce930c,0.0380101346710766,0.6666666666666666,0.18120098375336013,0.05982801143995535
SOL,8c28a5e0d1552d5d8f6e645a58aaf24c60a63724ac74fcc72733f63b14c13565,0.071169958729838,0.8333333333333334,0.19047616698668182,0.08298783643992388
SOL,8c4ccdf3bf4d05a91452fc7820cbd13d053996e34a06a078d2a7bae6c0c6b202,0.0614027195545244,0.8333333333333334,0.18627689778268702,0.09418812108388165
SOL,8c4d8a78ecc004a081250e82ae2f72584f5ef2f0b7ece6de1d5949be0a99e70d,0.0228055673110254,0.6666666666666666,0.17419640783841192,0.03172224408974036
SOL,8c5181f0ab3b174b76d0f2b3a15e74f78d71e43af9e661eb63a770875a74aed1,0.0388815293399363,0.6666666666666666,0.1824140846220263,0.08747930353493295
SOL,8cba792c51688e5d3b1d14414b8178aaef7f47c66a678cbf747d270501ad07dc,0.0225105194660816,0.6666666666666666,0.17912096400586575,0.05617179443578482
SOL,8d3a6cb46ca6d61e590545077f6d4423d4f98a49d27aa4d00cb1c06a9b2023b6,0.0652624831674001,0.6666666666666666,0.1895471338722941,0.07685779573113134
SOL,8d50b7751dd15bd8d7e409ffb11cde37e7d919b3c8e8e4b00fb4cacd8bf39188,0.0134562432981735,0.6666666666666666,0.19178042802996467,0.13650087150550225
SOL,8d785db0cbf60a85ab356a12fd4a2eecc20198c50cf0edbfa65280e3f7abdb86,0.1351324519810506,0.6666666666666666,0.3333981303735869,0.43003263444769707
SOL,8d9c8a7ab2501cfaba94f0269764ca5854d41b76f9f09055cf1db83755cb949b,0.0066108891207849,0.8333333333333334,0.18611208294219703,0.06428744794621612
SOL,8db15f0a0334b2d2d5fd0171f0071a6399999df1c69f46274f38a0aab8a0ee7d,0.0263061457575872,0.6666666666666666,0.1839109829804604,0.09227715535534682
SOL,8e1d16627d2f2172394c9be9b18bc62e819fb603d5b8f0f639ebbfcf29dcaead,0.0037973661726323,0.6666666666666666,0.18225788530358192,0.07116279686252436
SOL,8ecfd71d8d74798639ee9cd13f377d68be2175c5ca61ceaf6089d97b947a482f,0.0009800621931088,0.5,0.17677777441516343,0.07628802614865318
SOL,8ef8c9af7993c9b0f79f20f190c938067b27fa23c1df7b177a7f6205fbfc8a45,0.0728825837918513,1.0,0.17683527240120542,0.049150351514609725
SOL,8f0cfc3492da0451bdda2652b61e7a64e042df3d5d662af459015cb1441608d6,0.0104634917166259,0.5,0.18179938583274374,0.05443521481429502
SOL,8fcb317c73d03f5ab0970bb0afd3ab21ea0c92773c239116d977a52245956a48,0.0060920498709684,0.5,0.23905370781888066,0.31034376930609586
SOL,8fd4ad09ede403f6c41545abd03e6ea6a8fe2f2101594cd568c497c0640cf7e9,0.0351246326426912,0.6666666666666666,0.23651483860037345,0.2179036828778041
SOL,9023828d6ba635fbe907547bd7772738feeb39914513870ca3f0169c2042899b,0.0149642401015888,0.5,0.18262500674082585,0.08811091953985457
SOL,90444531ef5f92446cbf5b17d8243886d588422f4e06dc442086dd9fb0a2030b,0.0415429835724993,0.6666666666666666,0.17529649855331675,0.05204757952327462
SOL,9052d14aa89b367a372ac765d39fce2bdae6906093fc92ae489ffbf3ac74a667,0.1005943869496907,0.6666666666666666,0.20111498959036586,0.14728123007771413
SOL,90682994f8fd0b51f1233d296e15be9e7027e42ba278f72cb54843f5b40e1296,0.016256201912759,0.6666666666666666,0.1841509873729164,0.09618683429991146
SOL,90689b89067fbc4d12dc72fed0c207d425f1f208d03ef9fff33c5247bcc757fc,0.0104705678813901,0.6666666666666666,0.1721711619149052,0.022779708723909727
SOL,907619290de3517b1e4e0be4a8851a0fa0396d7430d1569968fdf5fbfce7db9d,0.001247503825536,0.5,0.20216365522640548,0.09991017065666655
SOL,9191af239a007bd1aa87d89bb17c19ac0035ecbbadf871fe6ce0b48e542f2a12,0.0010193786409355,0.5,0.19223224639064931,0.0776965196419679
SOL,91e45a79c4931f79b715fe912551be04226025c0a22e54871856477e1e4d6cc8,0.0462322851130149,0.8333333333333334,0.1921170059390131,0.09636859532534288
SOL,92330c4636e3de04ea93413c06dba6efc985196b8e3defa476c45b0f706eb6c5,0.0093823465963886,0.5,0.24780407937074542,0.27771124342484704
SOL,92c2eb63fab8f937735e667cd3565f5472a6b9f1ef193e11e6f4f525e37c1b70,0.0957159286639617,0.6666666666666666,0.20623186675801886,0.21869334937580276
SOL,92cbec3def19e3632d2e6114b8ea61cbe901eb4ac0f7c50bc928d57bf4b72390,0.0069580064139009,0.6666666666666666,0.19093781081967462,0.08119161666372395
SOL,932deb4015e43a2ba6a474e89d5e4dd25905adbe80a3eed7d08b1b81196213a1,0.4570430963642323,1.0,0.3754083090941491,1.5876294807338245
SOL,932e5524c34418b3d6b69f50796fe41625957e0494d070ac44b0d67038918242,0.019781952323329,0.6666666666666666,0.19252515915529783,0.084075145535973
SOL,93685a03712fdee4d13d73cde52a2cf73a5a91418e4efa161c8fc0a7a6a195fd,0.0042602391103452,0.5,0.1795964431792862,0.0633030166914504
SOL,93caeca9d222d1c1ec2c3a3c2ad595904d834c58f80fb34175d6522be6bf7fe8,0.0110621688271809,0.5,0.17750987646402885,0.07718893443429184
SOL,93cc0b6d70d542f11ededd1dad78db7edc6f2a7f9e2a6300128ba0912730b8b0,0.0044317043410887,0.5,0.24246641934629237,0.45177977067978975
SOL,9403eac6813cf73ec7d3e076c387067b6b551243c1175d0c26bd37c3d28a166a,0.0384413276684135,0.6666666666666666,0.1899938843074267,0.11039459672769449
SOL,9479f349e08717340fc60ca079934b8dfb255bbef445ddf914e6b5a82b15e12d,0.0122282601405336,0.6666666666666666,0.1811592889532458,0.056933752615198244
SOL,94fd34aa55b221a9da1824fe8b29192f2e4901b045028b71e9e6abc450e69d9b,0.037230739579448,0.5,0.27553962656849124,0.3434775391469358
SOL,95034538f296c1a15315f467b28e3f11e2194888016c41bcd077f01d6bb36d6c,0.0044539400428866,0.6666666666666666,0.17616023798888056,0.03051147326353313
SOL,9537f0678e04a001b9da00f5cd33cc825d5fca1b1e75c50b1b3486d035c704f0,0.0017906116097107,0.5,0.20298750042712577,0.13494952692710244
SOL,9542adb48ea3ca96230d2faf45d47203436ba851d704e843cff2e65444a44413,0.0782679551264946,0.8333333333333334,0.1885739407557481,0.10655936267122411
SOL,95a0ac1b74dcacc19a9918119f694b4611243f8dda3aa23db6a5a8c04e0bc9e6,0.0159868039907813,0.6666666666666666,0.187139143280435,0.08068613824132889
SOL,95d07d66b7e48a4ecb393ddf5f7776f68fae3507e3079d3aa6fe8cb5e2f5a2d1,0.0066394793212107,0.5,0.17894846924618554,0.05299312442645192
SOL,963795d0303130935041032e468cd9f8c430faa3aef6624dddedfa773cd20bfe,0.0234506250003973,0.5,0.18462282578193656,0.06655355566053213
SOL,96b179a1211b2daf006a122700539f04286fc891409a77a820ac2a2c70099498,0.0024530022166088,0.5,0.18770914149079693,0.07071895302086914
SOL,96c2e4ee5c3f27367c8fc1f671e9501ffe9ac6f78766f2ebfc02b806e4627252,0.0213964754320262,0.6666666666666666,0.18610616723171114,0.09627277624529954
SOL,96df8f69410ddbecbeaf6df9ef92403be7d31a869fb52f2dba0894ea6572920d,0.2430210558495856,0.8333333333333334,0.26022126374234306,0.374570799249121
SOL,9703c2e611dea169ce0eb218628d09370e3ce7c0f454333a734b2e95cc7daf83,0.0024267701796728,0.6666666666666666,0.18044081894265437,0.04980173451288908
SOL,97184176dcbaa67e1996a5cb9b132e21c27de5e6790bb515673b4c47aabc93ac,0.2464279536045616,1.0,0.4658491695547883,0.9904299140177109
SOL,972209d98acf4f32097341e7d9aaab40078c9771636d770927f3ead75b6ed3cd,0.1070338108091067,0.75,0.817196549289194,1.4390609244793793
SOL,9727230feb6c81dc681bb97f648a1dcc623df5e7155fd2d20a310eded6a4fb75,0.0549310249473844,0.6666666666666666,0.19188371118935624,0.10813569676924584
SOL,9729bd123722f2efdc71fe8f549da7855822a0736f6cfee1dfa13e44c52298b6,0.0036100086795974,0.5,0.18145958676123788,0.06414773492829301
SOL,974acf4d9a923cb33913607ab91b57b13bb4302403f3fa454391e82cbff8e325,0.0321005512474703,1.0,0.1906302553277879,0.07751981332391693
SOL,9770373b7b60cfd1c6e632d3b42a392f15807067a917fbf56a0fecd2145aab04,0.0107936101190962,0.6666666666666666,0.22530498294557755,0.1928966299988883
SOL,97aa77f8c2e647cdd46fa735d2dcee6efccc24654d69202adeaee768a94dc832,0.0341631011330312,0.6666666666666666,0.183025701651057,0.06779869379906896
SOL,97b384421a62b9d70c7a48014afba9fc67076aa7838256be9b41ec8e0a534fc6,0.0571986297494259,0.8333333333333334,0.18496795817611653,0.07056423008692674
SOL,97bbaef1065dea5e1c8cf18a88b2c0782ccec3a50b979deb998bc3fbdb40b16b,0.0060047794259597,0.5,0.1760362633767101,0.04862688379801532
SOL,9800d044fbfe2fc757d8d5b09c0187cbf3bb097261ff8ddcc9ec20c61e6f979a,0.0098112182796647,0.6666666666666666,0.19220775812533078,0.11548871490493186
SOL,9868fabdc176b333b45b41baab4c145ffa7d08632c27e3de400902fd373a7091,0.0186200805240388,0.6666666666666666,0.19304161818828766,0.12183683812253604
SOL,98954ad87dc4b195522a9a4742d707d7d4ecacf7746c5cbe2e7345808b98a7a8,0.0414894174527014,0.6666666666666666,0.24544122986455089,0.2742788516667014
SOL,989a96207843485f752194fd60f714cdcf6467fdab645fdb11ec0d7de9c31a45,0.016794060835216,0.6666666666666666,0.2057962450012281,0.10963990160939856
SOL,98b38d2f34bc0ada47da15e0bd1c024c55287a6b6d0f47099d17eef1bde08f69,0.0312416563921076,0.8333333333333334,0.18686090406630845,0.07153490193713777
SOL,995096a6959ba0a508a53533aa6418400d6f8ea3fd73e65e47b699355957bdd1,0.063642038980776,0.8333333333333334,0.1880398467922625,0.07300258553662149
SOL,99669dbb26e9437c2760e1d433cc4cccbe0c5542690bc5e649ef6818d45d7ff2,0.0008250730748517,0.5,0.1884619446061229,0.10744446890565511
SOL,9abd913a5bd56b7a7136e79b3957d6fde7ad10abe9bdf2a19bf3c7e829a60a73,0.0294107945777644,0.8333333333333334,0.18921855543601254,0.0902726350216848
SOL,9b412b6d977ea56e122e5f8e2944df355101be3102e785dd56d9b6250eb6a468,0.1328948682381992,0.6666666666666666,0.301179255652074,0.489906637098993
SOL,9b67c6a2a0eeb370932a4bf69913be0d9d7e1c4b3e1844653d50cf0ad82a06ef,0.0914229688366569,0.6666666666666666,0.37468031701871857,0.4915948411042666
SOL,9b80837def61fa55ff60f697cc98f23f7ba1a946508f06e5e78787c38f78b3f5,0.0068329722275704,0.6666666666666666,0.18768675135863355,0.11334525647849697
SOL,9b86bfc23a0bde550d023b5a0eeccbb35f5729a3c51003ad09bfb1d68aac302a,0.0006053873158873,0.5,0.17750762868223732,0.0544946231216701
SOL,9bc763cad1eb861aa2b588d648848626793bb0b23796537fe7a4328998c1e8b6,0.0007785898802932,0.6666666666666666,0.19274244586791364,0.10627576428942435
SOL,9bf4ede04fc4c5c816eebf55061a23f6568d8628f5113918232da6ff2f744c81,0.0032769514265619,0.5,0.17574335770335997,0.04631105707780594
SOL,9c63293c355a3d110442dd441c1c0927f51c4b8f4fe46dcd3094423a0f1672db,0.013643265579015,0.5,0.18551285377323676,0.0907096083702958
SOL,9c6fc60c00737349e03bbd5aff9fdc6ea41dca67a55080a9b15f61368dbda5dd,0.026773066549711,0.5,0.19746718455776224,0.14950176753690259
SOL,9c7a2852ed6d5bb0c01f9712b868fc2ed625e126a7bfdbe0370269828bea7bbe,0.0340515813872316,0.6666666666666666,0.1896516396647295,0.10645534143915897
SOL,9dd69eacb5c9e3fe16b7cc0934fb3d850bfec6fe1966733a2837218f04e46cec,0.0046791478013728,0.5,0.19145821611984357,0.09880463268526415
SOL,9ddc359d56304e9e59200b8bc0fb713aac9399ebb0bc3e5e5a75524da25d755c,0.001861339037598,0.5,0.23103173660756196,0.18693104295726257
SOL,9eb9b43f54643d5744fd0d3cc1601f9de59d2c5ed7055dfae188840175afa8f8,0.0185331011875367,0.5,0.19499921401167417,0.15353744545981857
SOL,9ec5a1f75b16d4b149536debcbeef9d69f843cb095aa5d8c7abf35e73e80c8dd,0.0256800770382304,0.6666666666666666,0.18107728984268776,0.06543846502331391
SOL,9f0b5e08601df835d420cbb75245a8cc7e9b2888db7699e84d45963d5eab6c76,0.0172951185903646,0.6666666666666666,0.1949154380151113,0.12446835441244605
SOL,9f434c5000a2f569eb0e2b620493c0e18dfd02bed228a72033d4027a5da3ca38,0.010337138722871,0.5,0.1882493626012437,0.10050753811693891
SOL,9f4d9a9abb5b69e95c7c371b98508a5057270fb32c553d4387bb8b13d1ad2fd1,0.0106934896075517,0.6666666666666666,0.18042573092033226,0.06986016593706448
SOL,9f9fd9267574857f09c743e015aac85b8131beb0dca4fe5fd25550d57e1fe31b,0.0354610536655018,1.0,0.18406812186962093,0.0738150348367255
SOL,9ff1dc5ce6332639c14562e05fd106d503c4169059cdd821c413fe258c039e0a,0.013085522060572,0.5,0.1863076575481457,0.06233638250431398
SOL,a06b7acad8db4fd2b26556bd7c2162ad36ca377fb1ef1a285a8020db1f4dad83,0.0184348227248581,0.6666666666666666,0.19182252551582993,0.1400758861805666
SOL,a0eb39779412c693bdb89317bd8de39f5ce476d3f5ed6e7912e7287150088723,0.050704430374311,0.6666666666666666,0.2079628067815652,0.15993722803460902
SOL,a1192b3030ad01942141f4863323ddd5fe2dd150f90b87ae5b269350b97ec058,0.0797458673759129,0.5,0.2698394438996779,0.5037313265489641
SOL,a15f62395641d04fea31e1a0b4b3c1c0c23fd388e2b9e0b199124e39b9f436ac,0.0029856034775294,0.5,0.18478277566437146,0.11810971500171481
SOL,a1a21c0e35cfa70081da847b4bd66aee665fd1494af15d01aa720b93709d9c03,0.016860274736368,0.6666666666666666,0.17988605298751545,0.10062407156992602
SOL,a1edf7d5ca20202797c8d0c491bb5801463e5eb985f874ba5f08cd78dda78b2c,0.0007733958608297,0.5,0.1918443112413339,0.07501886631003601
SOL,a1ef68655c464c21e70a9559cd8db019436e34f69d7791bbe23d8f2a7572c979,0.0303811875754194,0.6666666666666666,0.22158868341594182,0.22931500515161235
SOL,a20dce333d3f22986ebb59ca7daa035b5f007c9635790e7f9d1954fc30e10785,0.0051086085071473,0.6666666666666666,0.24139488150145336,0.296001960018157
SOL,a2219bc7a7c3bfa231345d9f464e27d5b025b74fbb24fece8c9722e7daeb8569,0.0206065791897556,0.6666666666666666,0.3236267913818044,0.41064920148981326
SOL,a2bd770443f5dc9036e5b1e93397176b730bb348d17d25ffcfa47f0a5181395a,0.0025565999238783,0.5,0.18557665524348366,0.08200214154070067
SOL,a2d533043372a14536e319ad2e29714d47b89c01d48640fa3ad691f1b0c51086,0.023980406415564,0.6666666666666666,0.18691815273461598,0.10654684753848077
SOL,a33d8ef31f005736705dbd23ea615db6ebeb14acae34bbf432dc447fdd735647,0.0127194466695294,0.5,0.1949388832958025,0.12061212950348577
SOL,a3b570689390b06a5ee03e2f06d49a1b42335059ae0d4b9eb4459c732f4558d3,0.026369051936524,0.6666666666666666,0.17993581180502957,0.041577865004825854
SOL,a3d6563e33b0fdd65c07943fb1b5e8a10f92db06f1bb857e2ad0448a5aaacbec,0.02802988704257,0.6666666666666666,0.17960365403575693,0.05576230484972549
SOL,a3dcb20ed9488553cd3a8061ac3ea47f0c6d24f8af9f931996ce60975535bb03,0.0357380242083347,0.6666666666666666,0.1985234588110041,0.14365826561607065
SOL,a3f69df5f785a39fe4a90962784a76974c52bf9f950211cc5f086c6988c7b682,0.0192098748243945,0.6666666666666666,0.2119901125302979,0.15077798657644575
SOL,a402de06818dad764b551f5308c453066d65095bd13d72d17735c5c08e3d8376,0.0295373769944361,0.8333333333333334,0.1863870683365526,0.08926538933907079
SOL,a40bdf5165e73917f015fcc2706695fc71374ec834493b210221333d8b3a2fea,0.0088102935339665,0.5,0.1979883925522161,0.0998843092914011
SOL,a40c3a692c3c4bbf23cfa80c992f900248a7a0cc6a36e935ed22d62a4113d380,0.021813627470725,0.5,0.2241963535330154,0.14560274691291183
SOL,a4b1ef57b463fe1b21c48162000c7c526072dbe8644e2a3845113972416afdb8,0.0012357304843326,0.5,0.1846394599249974,0.10153886243396024
SOL,a4d258ffd8dbaf32ce22517aea115c17093c288b14e840eba171a1979909f3d3,0.0093143935119586,0.5,0.21922887682169526,0.18398781277617685
SOL,a4e218ef155e635659c4577f9b9a83747780af516b5fbd936115c672c1ab16ba,0.0259719037660094,0.6666666666666666,0.17782354517560808,0.060569362345973154
SOL,a51b8abb13cd0ccf18979c55967d79a2d5c5a0653043fbe14114284e0bbc8bce,0.0207460930828789,0.5,0.18405065531145373,0.05018468449237882
SOL,a54e150600f58ab3a3f3dd16d12555b418c2fe280c6eddfe76a82f4550a529d1,0.0103306946053217,0.6666666666666666,0.18309007811760974,0.054778515881664644
SOL,a5aed0986b747b4f99c96ca879813fd173ff1b2238bbb95a62a1fe2b0c50ec42,0.0297066765359226,0.6666666666666666,0.1899797604201062,0.17414711866276547
SOL,a5eb02e9fead2b89d7aa97ec6a4461b1bf571a999022a4d769805fce5dbeb65b,0.047796876383961,0.5,0.2529855492054696,0.32011389178404803
SOL,a603f06388ca48a769f6a05f381d2b60537437a7cb4d774bdcf9643086cfedfe,0.0749951307736421,0.8333333333333334,0.18406899993292572,0.06771350393037529
SOL,a616d3009cf893f361c7b6b301f576e6a8ec0f32adb2ec77be745c780eaa369f,0.0013895454613171,0.6666666666666666,0.1742890374325712,0.03406775877971607
SOL,a61d4168ddf16ae8b5567014c6961be449e5b46ca3abd6bdf927891b953c9324,0.0011773820754172,0.5,0.17917097254901834,0.09247956730341365
SOL,a6829810da1def8776a93c2de2295c3cc56cf1a01d5133d018a6463ee16ec91f,0.0006576265997062,0.5,0.19147628300617864,0.06736706918463717
SOL,a6c01ebae6b7595014bae1a3d11795ac71384d5a98d6e547e257386e40e3d80e,0.0333303824762466,0.6666666666666666,0.18961112227214313,0.09271753722752799
SOL,a6fac24d9963b8d2097f5c2cd15e87aecf22ed2215074c5d7fdd0c4a8b339238,0.1502790991176772,0.8333333333333334,0.31834485911185545,0.5270425068321591
SOL,a6fc85047f2dd679839c24dc2431529b672be30d89c9736ef8f80e9ed85d3a8b,0.0348420577338728,0.6666666666666666,0.1952084347452785,0.11751659309402297
SOL,a7871f5dee4ca083286a8eccbc698720632f19827c69c4117ec3e7b5175cf6b0,0.2155523199318355,0.6666666666666666,0.30644166406073853,0.49437411902155753
SOL,a79af6c99e6e0fcaae1bfea50b4dece2cc29efc6fb3ac37d04f890d5662e9cc5,0.014428376003551,0.6666666666666666,0.19135214987889265,0.13603968418284207
SOL,a7d23b2e1f0b8dce99798aae5e5bfed3f4a0d886014c7c7b01229565dea9dcb8,0.0046175019546382,0.5,0.19174284720633306,0.07786020084756533
SOL,a7fed3dc3b95019270ab26a25e841c30605ab9d1a882f642297855cddf5310b0,0.0445344347817739,0.8333333333333334,0.18186356153817587,0.06401710861677354
SOL,a841bbc32b3869cadfc7fc4758ac6bf368f16c6b0da7e533548b0476ec1636af,0.0163578452975331,0.5,0.4533187518250951,0.7687168525626511
SOL,a85152aa27cc8fa0df7886251ff7aa1f176590f4aa2bc35e2bf2625b6269170e,0.0196271732057237,0.5,0.19254526679507475,0.08531551754228976
SOL,a884b2cd23f10526b972c1a95f40ba7410a19e1ed86f43e286a7924151a6f96b,0.0202010049615213,0.6666666666666666,0.2455728909637716,0.35232120716178883
SOL,a8877d76fe4f9f7bd88f3803e45880e6e6d8fc4806e85cc06e717f719ed92136,0.0183108576449703,0.5,0.1923987592359821,0.157583259216215
SOL,a8a6edbc70944d3a488d05222312b233e22f279011ca54c378818969b0a9df04,0.0045899855514385,0.5,0.17795141649144727,0.09547521302245382
SOL,a8c96752a7be6dc160a3fca77f080caec3d0b620277945d506d9c4fd9c0c2428,0.0413756577683123,0.6666666666666666,0.1960883959259983,0.1782750564457533
SOL,a8d1579d9d92cd883d4a49f3b8ad3e97c2486b00ab0237f18707366057fee799,0.0110381528699762,0.5,0.1918029657848133,0.09197800243304662
SOL,a8d7b0e1033edc6ac21ebda07506074a28804c665c23efc944b76787a8815d30,0.0255232771664206,0.8333333333333334,0.18397192008365038,0.0757454246439452
SOL,a8ebf1ea324a39822b80a18f1072e637c1885ebdcb8c3328580097a07e19032c,0.0060875493213147,0.6666666666666666,0.17952064584968527,0.07102532213101555
SOL,a8f387aa1f0615c1e2958fc4c23d3ab01b391a3f0e8e63d169beef79b93061e0,0.0108100038972874,0.5,0.2197287460916402,0.23320352694236635
SOL,a903283eac37d93ee1d876fbf8cfa2d08f8f0a9eec73e8dc8c9a832165945fb2,0.0162977431786053,0.6666666666666666,0.18537835778189218,0.10288415572692002
SOL,a95b4a5a76a87b2c5d7886d4da446b031db1a913cc3bd8c51628250e8805d086,0.0002696271283551,0.5,0.1828819548462767,0.06031215973732061
SOL,a983d2098397f5c5f978604dfbeb74ed60d3b4010f2da4680fee8985d5f5877f,0.0019439284382816,0.5,0.18356374993453697,0.0768294429915547
SOL,a99ccf3e314428a80c0c12567dbf03880f351da4b759b6a478cca7b7e9cce132,0.011362838786504,0.6666666666666666,0.1772901476036775,0.03314314063496399
SOL,a9b4442e9a05ac601258269d63467fd977b06bfd7a95ed1f94deaa065cc77162,0.0114204126923033,0.5,0.2025564226922543,0.09863962283017734
SOL,a9f0ff0b0530df973206e93b7fd79e2cafd3f72f3f36f9beb531eb3e87e33e1a,0.0251310976412294,0.6666666666666666,0.18625830203836308,0.08373085454061047
SOL,a9f6419297c955b3dd89664b64ca4e407ada2d27f89200e17c3d8ce5ea8b526f,0.013855971788685,0.6666666666666666,0.17581519668358242,0.04135070387693499
SOL,a9fb7bd9ac4a5eb0ca4ac4bc5f1f3e11caf685c1a3cfd81763cc22290c023cfd,0.0189450041863926,0.6666666666666666,0.1833863088656948,0.07654647010585956
SOL,aaa1b77538e8cd0124acbd0f6b58514e76ca345d69df10e81a7123224d2f7a52,0.0814871164522396,0.5,0.23951368609278792,0.33014386808392243
SOL,ab03de29ccd42ba2a96acd8de49de58ca99106fa19f5fd62796291c8cda54a9e,0.0082023416752426,0.6666666666666666,0.18407274417992286,0.08317807941094897
SOL,ab0c34808b9999406e0b053b9c7738384eeda0ed5902945d86b93b9067ee62c8,0.0217132404095656,0.6666666666666666,0.18808028440330649,0.09423224361664066
SOL,abb8cd347ce4d3dc14d6ae7353ba717f8158899527583652a0e0a9f3b8176a1a,0.0138943040305342,0.5,0.1818479166803828,0.08324908128500548
SOL,abede3787c4faa74af0a8b004002e2e48dfbe06f69614227700fe95bbe3abb5e,0.0032637179307823,0.5,0.18107326679581504,0.07961895987369634
SOL,ac2ad75ccb990a5e18167ac6d64dc0e84c267f3231662c64ec1bf9dd7b5688a0,0.1190242501536389,0.8333333333333334,0.27554659460248254,0.32659997658946244
SOL,ac3c4960008085901b29b3fc6883940646c4bd41e2ee7f37658b90f5167d5876,0.0385164411285045,0.8333333333333334,0.17940151556051132,0.054602090906317326
SOL,ad0951b1d4768e144a95ff309bdbe70b451104163b36e30ae39e9172b37ded07,0.0403483703692411,0.6666666666666666,0.2089306261168373,0.1892740115506223
SOL,ad1635e53f1c6d12edcade0e291cc1279d72c470990e9805df9525bd6d98e8a0,0.0100792163855684,0.6666666666666666,0.19002016648940284,0.10157400845062525
SOL,ad66e343ef9ad4fbc4c1a81bfc275c99015f99dbe656159f940ceb8bb3fb6f03,0.2227240919380078,0.6666666666666666,0.2795708621386733,0.602820901982123
SOL,ad6ac195bab27c9dbe545e6be2ef3a9d37c0a1019d91a30a4abe9afeb9685b61,0.0109181565873542,0.5,0.21224627798233076,0.1545834379641149
SOL,ad735551b53b2b8e21e16dfdc91953fa66ac87d7e3720613552e460f67cf9680,0.524331506921206,0.75,0.25571622225163165,0.35534174468646434
SOL,ad80afdb14af2e8a3b6af77f22acc91aa07b97eb2cede4d3592eb331efd1c476,0.0083077564967462,0.6666666666666666,0.18073861579061765,0.07038982229385189
SOL,adc72c956c115daff5fb0feff98d6fdbca364e1a60909239cdf5f6d2f981cea6,0.0184483635896538,0.5,0.1863461201382497,0.09179770993745966
SOL,addf74c05500c9724aa046e49f3552e0c189be120339cc8da82afa5ea0533e29,0.0626137326469997,0.6666666666666666,0.2580030311002038,0.2745751086784329
SOL,addf974c0404bb83b02da18ab3f0559b63b16be1a8bb4ff3586df0c06c5e6ce8,0.020851907311421,0.6666666666666666,0.17686180162034099,0.06371357323002587
SOL,adf699aa01286dd4ddb6e665274b5ce7b84d1b7cd7580a487bed6e4b3a9da20e,0.0711555628043557,0.8333333333333334,0.22587009735867042,0.18498031085181246
SOL,adfeabdf93590fd8e9a5756f230f4ae6b4a0785592db9f60ced300203842598f,0.0155257556021821,0.5,0.18030449004737695,0.053663774875653915
SOL,ae3bcb4bc2d1c228a656c9973aa079e037fee5541a91cf9cb0b704508ca48f90,0.0086198685851937,0.5,0.18695233049771381,0.06422197018297247
SOL,ae4812dcf06b3bee1fed377641dc7df17c18df4a3514c0f6b36cdac3f61391d3,0.1108896943942205,0.8333333333333334,0.250266356681909,0.2061058727033819
SOL,ae5231bb251cb4071317625c0a35a19081d38226fab4c63244d90d0efd8e5888,0.027606709799446,0.8333333333333334,0.18214221027901897,0.06466077566164007
SOL,ae5ed59be784226f9f3d17d5f18b48edc19a1cafa243ed6c8c44e69d2fe463f2,0.1348887970772473,0.6666666666666666,0.3269775670800492,0.6639992453074178
SOL,ae63449c359451488a2f4e16d848210a9c44f8c61ebeb5a35cfd7d24869759ca,0.0139382249624772,0.5,0.18380764805505018,0.0796085741078812
SOL,ae6f66e7e6234662aa49408d25c4bf9c723de95723b96d89022c99cd8321e80e,0.0210478544363455,0.8333333333333334,0.1741856648496586,0.04035416496560588
SOL,ae862fead1097b7f876a515acde8f3ee46c2f14bafcfae58e2c1286b7be137cd,0.0495191546258386,0.8333333333333334,0.1864173258571659,0.07190145697091144
SOL,aed605f809614e6755c0d0df3b601c676b26da8d8be2cc57e9ca02aa88cadfe4,0.0419075045809834,0.6666666666666666,0.18855610030734543,0.09813836822649914
SOL,aef1ad7d921e057f2ee9aac9ab745cd46827b5ffe11b196c46188cf1a0b4283a,0.0340515813872316,0.6666666666666666,0.1896516396647295,0.10645534143915897
SOL,b009969782d4d51bde3f64f44f550caa7de9eb342f90342802dbc3877e84671e,0.0033908971143491,0.5,0.17842389288584623,0.053194538540848206
SOL,b03ce95f03e888ee39e566ca7c1827788e180220354d282917e9711b030f9f08,0.0063054136813402,0.5,0.1787807476921544,0.05988456928486071
SOL,b03d458f87dcd0ca2d7332828683f675e1381849802164016224ede037426ce1,0.0091304387279226,0.5,0.17632326362388337,0.09402545869126756
SOL,b04342231b5d47dffc43563f2bdd32c1f70c5a8049d146cbed671e2f07dd49cb,0.0135948290910831,0.5,0.19197580552162463,0.10466948815706585
SOL,b09f0110e4ff8915e7d74df9e453a4de9c570f819545367b448e859ee3ad800a,0.0592601524201171,0.8333333333333334,0.17707137247204072,0.08877366248632003
SOL,b0ac436b5d37dcbc741aaa53bbff5c1bf2cf7c21f40f6f5bcac8e4a5c316c940,0.0481707528077738,0.5,0.4705511417883086,0.743887254909625
SOL,b1132b103d5bb2f3e786863045fef8d7cc838ca0a17a5c51b817b04af2149bdc,0.0014603601884177,0.5,0.17343584357529895,0.0460523728477626
SOL,b13e8b707f6c3bc83b36f78366a90fd7df4864e97bb7445730754dff826600e1,0.0325897927224932,0.6666666666666666,0.2002224043147959,0.09609827536813999
SOL,b147ce6c607640045b47cd9626d58c159b630901de232b2e8aff80059c580895,0.0245942164347733,0.5,0.5684254454249965,5.17366523557115
SOL,b18b55437c3c1048b8b807cda345177556d917beebdf8ec7df010bdb88313b1b,0.0076929996687128,0.5,0.18692501409892823,0.08703918027058195
SOL,b19b1e5b0ddee97f21ae294586d2313a918476117f6f89f79c9c6a958fd535f9,0.0028011873930202,0.5,0.1860842049542832,0.06056039245395152
SOL,b1c8688239ce26c4284d86495a4100587697ee93f34ac4b885f23e11965fa639,0.0088422339908838,0.5,0.18088975913221111,0.05641583626508781
SOL,b1e8af780251528f3b5ab307e301fc230026c77ad9323ea7b08835bfd239759c,0.0269186879519115,0.8333333333333334,0.20656400642497852,0.1073331150455363
SOL,b1ec2b05472dd97cbc0ca652372f2c8bc79970a7b1573737ad49fdc7dacf3ae1,0.020367591506447,0.6666666666666666,0.17921525941212935,0.1007737184714881
SOL,b2158e4589ebfa942a122588f2b7c2a7bf4af3b0d7e0f565a019581c99c24a2f,0.0346430724461213,0.6666666666666666,0.1841594669532271,0.0716553515446626
SOL,b255c65dbc294966bf431228144cff4b01e4e1dfbec371abad8cdfd4989fa31f,0.0527004680329076,1.0,0.22782210161169306,0.16023194572355895
SOL,b2b065e58c1082ee67dddcd285717e8de68d5d14f25e372bcaf56e6ae6da02e7,0.0180735888750006,0.6666666666666666,0.17657555390358207,0.04758940158612415
SOL,b32bb13c51a185a18d70f475d0c7002f23d7726b8892f027a2b442660e65eb3f,0.0085853554374077,0.5,0.18641154523074735,0.07009168855038446
SOL,b35b653dd073b8941698e6f5eccbaa3662936ccbb0f092ded2f9f43c9e6e448c,0.0413288917344338,0.6666666666666666,0.2007652613025543,0.1212453548852005
SOL,b42c3a984e7c64165194a38b3273222d376d96f60597722095e80789784be685,0.0419075045809834,0.6666666666666666,0.18855610030734543,0.09813836822649914
SOL,b4bb800fc0abf50632e1559523b1d5403ca0c3b978011f31e8a6b1f2faece96b,0.0065406860853211,0.5,0.1771140103578663,0.04019823137968037
SOL,b51cd562fcc2beb43e5eb9d835a7d44815192b34bc0a4b0a0253950fa4365e61,0.00530427328593,0.6666666666666666,0.1817679302286948,0.06175658339765564
SOL,b532763d82a74605bb44d4dc3dfce9f779a1248e12b4df4be79725a73fc9f30c,0.0226687872839377,0.5,0.17834349402384045,0.044000510062814226
SOL,b576a6050bb5d9fcb40ba1baca4f4045a4f5d4a6eb44d1dda6b7db3cc44b8599,0.003650970295941,0.5,0.18160679558820408,0.055496377955184174
SOL,b57f4bfc1f98c8084d6ebd116992d86832fa7b69629090673ae68544feea9d70,0.2916157577944057,0.6666666666666666,0.49852670565077045,1.1534745194966531
SOL,b610f83577578a52bf9f5aba2168d8de9331f0e70e69b1eca958c6cfe9d961dd,0.0283376591305123,0.8333333333333334,0.20176864200276529,0.10816556541560003
SOL,b6284b421b9791388626f1b2feab7e3812a7fa381796855b095f6794f105fe6a,0.0276386532012686,0.8333333333333334,0.1855636835399742,0.0660456699955627
SOL,b6db284f307547be14eecdb4f857210f15f2b4fd8787b7d8068428c6e01214b3,0.0028268625166398,0.5,0.17966589089723234,0.06521774187749312
SOL,b709a5719628a4d7034e79bc1836fb4101985c1bbb04dd5b742ff9a3ccab4d22,0.0520238077362589,0.6666666666666666,0.19209198679282877,0.10764101752905122
SOL,b764794e7b58c9df1cef9ea23162a66ace4288de7485a98db3d8ae1731f49ba6,0.0394856691501547,0.5,0.23231652957797552,0.23415021390846993
SOL,b77802ed6af9de76893e9e66eec25bf4e7aa8f746a6817d9a5423c9ad9b71e88,0.0224849155282922,0.6666666666666666,0.18297568015107588,0.06710469583421036
SOL,b79510eeb212565e1ede009eae9dde1f4f4c7905c4bafbee650de511705396be,0.0135035751312348,0.5,0.18590441160099078,0.07923097264432258
SOL,b7ab87c3011031316970625d9f35dce797fa0b9e4f5e697803f58bf0e850d5b5,0.0129765401929774,0.6666666666666666,0.179348574260872,0.04962659303826444
SOL,b7e64c9b1a5bd30cc2890f5ab07649edb3379aec442564a89eeba756577b7b6e,0.0382227992675456,1.0,0.18936192294409798,0.0757958832692897
SOL,b7f9e6548150d755e2e7f56261d9f4982f4ab29a763b398e94a56be624cc418f,0.010337138722871,0.5,0.1882493626012437,0.10050753811693891
SOL,b84fd88f85e64e40f75c739a36322c566a75ed459cf7694fc88ebfea11f5a32e,0.0234783193740701,0.6666666666666666,0.19496636456944338,0.15712611207146301
SOL,b85a1e6b47aac7dfeccabd7aeaad85c06abca0116a1afdcb0db34ff414109814,0.0144886105941298,0.5,0.1915882971888904,0.0840091603219421
SOL,b86a6252b3af085b502fc61a3637945d8a55110769e3958208c79b460dab6e01,0.066042656229601,0.6666666666666666,0.21084584851179958,0.23845727547666076
SOL,b8d25cf28ef568e9220d55147940f318c50c1fd8865577a6a9f98770626b6018,0.0961939177739399,0.6666666666666666,0.2801501367562689,0.66469811940082
SOL,b8df978eabb8f6f5591128b9f92af1147383e41142147e0dcf81378e66e20d13,0.0097780365132883,0.6666666666666666,0.18003181714336564,0.04818170430452576
SOL,b8dfe132a216fa5192e25c43dfbe16c7d2a8e95002cb7e976c0833fb24f0b7aa,0.0012990409019459,0.5,0.18347802279614214,0.07790362782154506
SOL,b8fe6bb87abb5e528f30f10cadae73b3628fb80830cbd1cb44ca8ca5a88ebead,0.005774905861775,0.5,0.1942793565381638,0.13486782534089525
SOL,b956168ce2700cda6eff80e8083187a53b9b45f8f8bb720044f37fc4ed1dccdd,0.0020391696361061,0.5,0.22042763556490594,0.22698357851297438
SOL,b995b5dd8c643e42203f09eb09caf3777ceeef851b890a57b5d63b32fed4fea0,0.0241006048755911,0.5,0.18534596107728837,0.07406310406851847
SOL,b9ce41d179dbd48ec633588756f6d2a28f7bd479c227b8aea28d70691a605fb0,0.0158237077150135,0.8333333333333334,0.19635607658985682,0.08357098668054162
SOL,ba1421d36617306502a266881ff93dbb69add947ccb25fbbcc2de2ee5553d42c,0.0040171679468038,0.6666666666666666,0.18548115860148512,0.05233300466121599
SOL,ba9313c08329de6eb164c4572e6c6adc8d8110fe31b481056493cd0b9454a2dc,0.044421746848875,0.6666666666666666,0.18514394567039658,0.07795215074962883
SOL,bbb9b263e0c003a7f9a909187151de423f8b0d61f0965fd930c0a45facb4fb7b,0.0033731961021411,0.5,0.18622066573803311,0.11139640730194184
SOL,bbdfaf4dfeb1872cea07c26b24211deadab17c6a333803e2074c31026f8045bd,0.0011779628155202,0.5,0.21397457089144936,0.167956325239984
SOL,bbfd897f318d529cf06cca8fb3b834d87ef4bc1c37287fc0715a80ed7653f661,0.0123562371448597,0.6666666666666666,0.18306696358249908,0.08697138915670082
SOL,bc90c164b28269fd19228c16172b82744a55b59f399889d25164b6ea2ea0ffe6,0.0087243036152809,0.5,0.1783050354699551,0.054068953975058134
SOL,bd8c425e4369e54ad538ddb0cdbba36048d7434f4ed1ac0ee9dd2daec3115d5d,0.0094522036819861,0.5,0.1879109022090559,0.07441350878311104
SOL,bdba6fe91f31e749274c9a749479a68f1bf2495a710ebde38e00b56fea1a987f,0.0001627675914028,0.5,0.17563993277032253,0.04600217431907126
SOL,bdc416f9bea7963e54610747ac01e35111455363c09f8524b77b2778b2f82bf6,0.0500010563885507,0.8333333333333334,0.2531793863385721,0.3231189839866441
SOL,bdd3e338a86e6c803bb1dea5bfbea04a60f74ac963a8aba25da4fa624d28537f,0.0204642070587144,0.6666666666666666,0.1849829994333708,0.08239911238134125
SOL,bddcb89956e3fd22baa2e1b507c8dfa716e7c30b3c400c99fac6203696de0e99,0.0015866776137821,0.5,0.19471474547365675,0.12470118874463916
SOL,be0139e370cbbcf055ad0c3a2301402000247e07907d4b1be8a27573b9899af7,0.0551644914086355,0.6666666666666666,0.18553371895918766,0.06425667057112669
SOL,be0a913deb54c3faccfcc3d7ac17a2a2f7dbe69e8fb1d677d5ac49b2e6f91847,0.0947743604153156,0.8333333333333334,0.19073733861109385,0.12103682243059166
SOL,be0c21cdbad0a0a11f1ade7ffc9a1f3b34c6f678d86a27a43d8151349bebb4c8,0.0029448813134101,0.5,0.1755094818617886,0.029811097756512767
SOL,be2e747a60eb68bdc824767f7b2035d30682bec4ce8d1a554afa383b81262b84,0.0160179265274418,0.8333333333333334,0.19165403183098678,0.11000049733394893
SOL,bef2b1383b1c6b8f1de7a8acc380d38a894fe3823a822a783bb4f652cc4d9abb,0.0131158511802863,0.6666666666666666,0.18062029660783446,0.072805860729888
SOL,bf32728962d33b7b84cf8f56c0dfdc469391c1c0dcca4405bb940f0bb442e50e,0.0032769514265619,0.5,0.17574335770335997,0.04631105707780594
SOL,bf5711255f2cef5b69376491aad4a6b386fffab2c9b153c122fbcd8ef8f7ba4b,0.0689904324632118,0.6,0.4325527719549544,0.5700451367044043
SOL,bf620eebd11b3e0eb1e6be734da8bb2e569f35d27de06b59aaf2fc3e3b65f5ea,0.0181611659343987,0.5,0.23184223884520327,0.26471386461493035
SOL,bf8b477546bb2ef866c4567c59d184f44cf15a28e857db0c6e72774350a350c6,0.0142606922124522,1.0,0.18129635173376749,0.07446876825746879
SOL,bfcab65107aa588859cb4f1e6e3e3b7bab22009638421bec1fa4ac1d0bfcc6fc,0.0245681465251254,0.6666666666666666,0.18511294119325925,0.052565664641386824
SOL,bfde0d019b66131a8bf9f7e04382379fc30c4bf83ebfbb95fd19ebd03f913a8f,0.0234796455319346,0.6666666666666666,0.23929448996928945,0.2519893314037797
SOL,bfde2c761dcc9667e806922a56cb48621f98f1bc0695a20d3adade4be03a545f,0.0126492312083643,0.6666666666666666,0.1871373253042748,0.07827154464410456
SOL,c02f17aad9dbdd208f3212eb27e8fadad6308cd6fd68cd370998f00038cac812,0.0064603609056672,0.5,0.18083200430336102,0.06594443312288063
SOL,c0429f6c6c2135a7994c20fd7c908514a2094baad2fc4eee0600240315f2df2a,0.0233957327115414,0.6666666666666666,0.22223722325188097,0.1733717715061318
SOL,c07ca420c5cf94a89c7a7c6a97178d89026e3143f84246f5c565629668ffdbd4,0.006551587613537,0.5,0.17946733183063499,0.07023169531041767
SOL,c0a7a955da994a007846748df40d763d5abbeaf9683ebd6038d7ae3547659d9e,0.4687759513656501,1.0,0.3401356916414448,0.5606456196968962
SOL,c0b79111f1cd884f1ff237db8aed45cf31d654e7201256d98fc2dcb967f1aef9,0.0122259998478844,0.5,0.18465828726031863,0.0901027723133128
SOL,c0c61f16f5c5baddc976b39a9b178b396c579945b36440e16c2133888676d86d,0.0038963785917964,0.5,0.1979478374903486,0.13245663677613514
SOL,c11e4a0a51dba2146eabd4cdbacc86c746514d12a1c183d0e81f76ca7e0e5db9,0.0040082567310727,0.6666666666666666,0.19218802481296582,0.08499838184225807
SOL,c12456e8b21e574465db418fdf9d982e136704491ef4e9f41a69a4fd100d19aa,0.0171857420445142,0.6666666666666666,0.18402023124112424,0.09694132794560936
SOL,c197846147117d5e20055073fb61d56dc224404e696e10bf6a52dc1dbcb15fdb,0.0162548254238199,0.6666666666666666,0.19663488400615464,0.0981716002923258
SOL,c1990500c2878f9761cc016887c9d04b05a530c7e164082635013142422c14e8,0.0452142612309745,0.6666666666666666,0.2400178032067709,0.29674683884827546
SOL,c2a07ef3c71f123c59319d9aa53de5a639ae3e14effc87f47810619daf2670e5,0.0107334230333295,0.5,0.1923662293861627,0.0966172507384294
SOL,c2a50b82a182ad24bf0173ba44200e3ed0e18f19ddcce50151c3a67b3ef39c61,0.0045328416406149,0.5,0.18585479046140535,0.11016390310782673
SOL,c31f4b78e5a83669fa8e0b8d99bf3a0880573190b81bcc659b785daf5bcf12b1,0.0269836087200682,0.8333333333333334,0.1895057790235402,0.08839722879259762
SOL,c411c566d156a7401ae76753032a7481014d4eaa125f2e251449f27c99a6a942,0.018989000771538,0.6666666666666666,0.18257808666981487,0.07929585150260107
SOL,c4be40fbf28ab9d66db9c73bc4c748929cf240d855b43dcebcb3bf20439205a9,0.0225559035395477,0.6666666666666666,0.1821203753980661,0.08248058970511447
SOL,c4f11de0ec53023ea7b4b122a61ca0aea5fd369734cc525102725fc0173eefa0,0.0299824313249073,0.8333333333333334,0.21991854898138494,0.157480124688627
SOL,c5091da8cb436ce628b70413d6f51aae0d7eab3ed64c01a94d9de8c18776f16c,0.0147851971631679,0.5,0.20157452366071157,0.13661560379648338
SOL,c55056560d61a9238688dba835efeb403499b4056f4d0895d83da8c549d4dbd3,0.029696446400514,0.6666666666666666,0.18811042022724522,0.12019696716570934
SOL,c564b46433f9536e719a52c6c8c644f06096f06340792a79098129f2efaab16b,0.0034546933478747,0.6666666666666666,0.18346587289119912,0.0703451790327512
SOL,c56649062516bf71e457f415335ba48b8ba7f4df85c3068386dd76752d072326,0.0242684269755066,0.8333333333333334,0.1917506393420861,0.08703724185421469
SOL,c58621d346ab0439cb0f9f874b56799b74f82cbe443e29f2d2e560a9198a62fb,0.0044606593363795,0.5,0.20204985617318058,0.09896660067445534
SOL,c59c091ed21679a4861f40406cc9505f59fe4caf6dd4a3611c07980bff064655,0.0117864686186475,0.5,0.18622631665725006,0.08602586582972842
SOL,c63b4d43bfa1f53cda44a04ab815ae8573bfd20cc12b71394a37f389eb33590c,0.0012315239983432,0.5,0.17887144943791863,0.06157062299689749
SOL,c69e174ea35de896aeb99d4c68bce471d80b9e53e9757c57d2be1ee8c1f088c6,0.0150457058143801,0.8333333333333334,0.17977399683786716,0.04273863172270695
SOL,c7023b17681f744ed142354e366529ec4f300b9acc4a65448e4831493414110b,0.0173272451814413,0.8333333333333334,0.19415400106417474,0.09650348117515507
SOL,c7268b05bfc0b504350b001382706253015e038f6a6f711f7a1d5f91036c18f9,0.0134714728588048,0.6666666666666666,0.18712006037350698,0.08513178116328148
SOL,c7acdd55de23c346b06a69608eb3180cf27c0e0d8fcf1de97de5bef44e9ac9b6,0.0188293404117879,0.6666666666666666,0.1840654879120186,0.09238199608735725
SOL,c7bb4f42a856ba607a6425ccd8148490ba76065d5b94470fcd8721836899d05a,0.015299841371984,0.5,0.19912443307830077,0.1891487315083505
SOL,c825047fb39be48e163e73f967d55f3df6793429f367d6404c19a8142ae9dbb5,0.0048708430732725,0.6666666666666666,0.18610554074165625,0.09443909267679795
SOL,c8a0645a3ff974a6b89c44eae02e6009d32278d01b0430009ecef53e633303e7,0.0039987576772163,0.5,0.22685690569572492,0.2144971700266528
SOL,c8b7cb7d61010b0e23393457683872aa9357b358aa5776e04aa38f358308fa6a,0.0141814151606384,0.5,0.23599508542330902,0.2679444477794904
SOL,c8f28ed38b92bdbff223bfad8c2f88d4274b7efe5bb04fe01cde5dfd534b43c6,0.0032188493070622,0.5,0.1812914253921383,0.061539607113315235
SOL,c91be37c7cea06a4858c292c25bdad3d2eca270e5a64160eea87a0cdd95daa90,0.1727444671643167,0.8333333333333334,0.37809041871270094,0.7649443203256455
SOL,c9952ecc448ff1520997663c360a5185d7d711f431d9715647000db1c5df2bf5,0.0059470654163122,0.5,0.19212553971347654,0.08503232231887504
SOL,c9a436f06019b41364ecc00081b64c895095fc4bfb9ee59b57790e72845fa23a,0.0094469784339971,0.5,0.19064539006516973,0.10208278910283633
SOL,c9ae108adc4fd22d9de4c981054930490ffa86699e3ef93c81ee6a01de235d2f,0.0063126336412723,0.6666666666666666,0.18330288155901872,0.07815381535498594
SOL,ca1ba50f8686b905bb1972d343c6244a165a68b746bf38210cb4198100492e5f,0.027125375279083,0.6666666666666666,0.18572641409886662,0.07862910580081611
SOL,ca94217d3776c080033ef839e29d834809b8b463a4c9f9d2a0c512f43987589d,0.0006558477031184,0.6666666666666666,0.17805503480952026,0.05458987948223874
SOL,cb0f98573db34ac3b231f5114d870ce1ce381f63dbf304c4a4273b7749b9a287,0.039889212584478,1.0,0.19084747312626893,0.09097833494724765
SOL,cb461d9f3970bd5cf84d6d249f35be0dfe9c69ecf7ddf13320058b6c46d2b47c,0.1334821243070069,0.6666666666666666,0.3325925753899919,0.3946614242388455
SOL,cba9b73271a06d6c14d7c56d7859f3ce7107be5c147332b50fb7c4e280f5c35b,0.0076046560507305,0.5,0.1817989662019064,0.05656361906271446
SOL,ccd58752aa07586591f18139377bd4cee7b6ace9e41f580ca1f02d80c51e7f78,0.0382070756187477,0.5,0.2620999066865102,0.3074555887034704
SOL,ccf9a8b811a0e49ac19d7419ea4d0d7dd6de0964a05038f85125cf8957661f88,0.0204811131938071,0.6666666666666666,0.1967549531424236,0.09024792489036693
SOL,ccfab81a54c6fb3b482fae1e0d79805aa6f2d662775084584956b82621305181,0.0957462981818055,1.0,0.19923244695514772,0.1289307851828643
SOL,cd70ade6c077e5a4831060a336c5dd8b0b24b7b5c7b6c6c78cba0de6707108d9,0.0076584200380501,0.6666666666666666,0.19836490255685896,0.08303426547287722
SOL,ce00d839ad45e03f398da72d739a3ff734e14a8ed5f2316dfbb6b9c0961558c7,0.0001900825470994,0.5,0.18538471819309263,0.09273253785403275
SOL,ce1ba674368ce98715e30464b48bc6748f666bc40d3bdd9e82e4aceebaf531c4,0.0195436597798376,0.6666666666666666,0.19801174548599254,0.1058195406656221
SOL,ce47ed364412e0117138d3045886d124fadfb4282c20a49c5abbb994895354ff,0.0135656263770365,0.5,0.17775746415971333,0.059534618158412156
SOL,ceacd8d3c4da8ea3e30a1174b1ca3c7d0156c96df85616b54e1343bf1f8aeef8,0.050742278448301,1.0,0.17773698524602205,0.08117413779536471
SOL,ceff08802ea8328e19744dfbf42860e7c629534acfa89be0c20a55c345b2478f,0.0223390801500072,0.8333333333333334,0.17558985423821982,0.04675635933448104
SOL,cf14a201b89139d74806f4b1f6e13a4e14a82baaa8c5ee3a10fb4b277d54dd3c,0.0138400213533174,0.5,0.19854588410202684,0.09875117320668458
SOL,cfbaee1be8a1cf29719bef97838951145537befdead6b5d5b3a2eec7d56f5254,0.4282219846450338,0.6666666666666666,0.36210867846688294,1.086271344838354
SOL,d01f5a890c25e1e82b008aeca72785174f64edeba01cb36916d8039688e6a6af,0.0035360136594154,0.5,0.2107573503159719,0.1269170061610865
SOL,d0a0b091d5bbf1ff92b24618dc4eaeb14275a9efda80246a04c03ac81249ed5d,0.0082069086122219,0.6666666666666666,0.18466516707262007,0.08928633085517677
SOL,d0d64796d6caac4ff45d9ab71eb871e4608af38cd192ee129b9d79889d8fee2b,0.0009768443661427,0.5,0.17874902076321075,0.0748241496246291
SOL,d156e0b35773c90c879686d315fd0ce4f99194411f951fced6fbfbbe14d644e5,0.0197005419532224,0.8333333333333334,0.17621048818237903,0.03493177417921509
SOL,d1783c9d943df725ca494e80f0f19949f4f3f343ced889c15ff953d27e582bc3,0.0275270418123071,0.6666666666666666,0.1842061045144214,0.07116006149332518
SOL,d2238387c4d81b5b46b10db21b764b7e83290827d4c19f332ba759b81a0c56e2,0.0122826562162997,0.6666666666666666,0.17956228641259733,0.04008401801852634
SOL,d235a357429b5999229682229400ebd8875d17bd1fe07566888614fb8e3c14ec,0.0306839562310303,0.6666666666666666,0.18821643101365212,0.15682175020864927
SOL,d238cde440ab64cf0e4140dec063b145c8847447e42fa0f66d3cd968721e509b,0.0139530513871281,0.6666666666666666,0.20541633130911283,0.21586275161019045
SOL,d2949dff134a3813d7081a209a7a99d1db9b2a3d3d9b01376c0730321c2c5a86,0.0311649232933143,0.6666666666666666,0.20264816230285457,0.28603326710408317
SOL,d29b23c2d6e0dbffe436cfdd7a9e7740eb6647993d53723c5a30edb56550eecc,0.0257832544884497,0.6666666666666666,0.19776772900581405,0.10890587403617423
SOL,d2def1e8efa02b0f545eced670f7572602f1ed7fab74c3e67a050213c1748ea1,0.0002593572612178,0.5,0.1858486113826118,0.07477859201398088
SOL,d3750518689e86c75f4b451f153dfedfe124b12af8bef5b151fc9a07f55d8e10,0.0061893343410415,0.5,0.22005351081683197,0.18632074609336655
SOL,d38223f48d622d21785aa22de80370e9eafe8368c7fe3ff7ec33459e9d73cb14,0.0320657948958244,0.6666666666666666,0.18908823839310965,0.07254957701914497
SOL,d3976d8437afbe41c12fbc5e5a3ce503f9b19f6a970afa0a416b27e174d6a935,0.0657595183839709,0.6666666666666666,0.20277194825586328,0.19872696394008346
SOL,d3bd8e7ac9e407e68f1a3d9e42c4573a65e1b63ca3a733612456b0decdf2a2b1,0.007172895120247,0.6666666666666666,0.18608924507031763,0.07531471662309681
SOL,d423be5777196a26260395033e33542fa67b53c7444d589fc0c90d544bb43149,0.0055128342605364,0.6666666666666666,0.1790283372363832,0.04972764616566841
SOL,d43e2e98dd81cd4d57e7f09225ae710b9924b0f775a4191fe78286622f115675,0.010818934224211,0.6666666666666666,0.2153858144745801,0.20941084634633017
SOL,d450bfba67ca1bee705af9b313798cb576ad3b36980b44ccc315a81f1ff2c986,0.0339258067869725,0.6666666666666666,0.1863837092955565,0.09546520931946573
SOL,d4ac5b776fc5d15c61909ea9db4a3ccc8247927fda4d1b4c9190113d07026b05,0.0082489826558218,0.6666666666666666,0.18107269879354831,0.05130982023080511
SOL,d4d1c0e279cf0c5395e0f1853059beca915a04a31e589b9f8842ba496c8ebacc,0.062140441903313,0.8333333333333334,0.18506959569259554,0.05931897948904516
SOL,d5522645eb80765472cd6ef7e6da9754fa843b746727c966f44020b7d0f83aff,0.0018954704476807,0.5,0.1811156839098112,0.08259061248926514
SOL,d55d533ee67ed72635940ddb759651b72eb7421eb0e7ff5a11da9c6b98cc0d7f,0.0344841322663873,0.8333333333333334,0.19935283641594934,0.11119198293268757
SOL,d55f98544c690dd56c126a962e1a4f944f32965fb4a8cb111f692c334837fe41,0.1049419856985958,0.6666666666666666,0.25256760831376296,0.5440549945509343
SOL,d5b25e35181c7d679b959d4c249b9c05bfb736ba68b90cd924841968a621f3d6,0.0441692265254259,0.5,0.19390363575616276,0.13718887056067414
SOL,d5e2fab12cd0bca629ca094ad660fd28bf451ee1e5932bb5746781cbb3d28991,0.008973713965285,0.6666666666666666,0.17391766771292533,0.03784663230865894
SOL,d60fb66c4a739214194f29df454c31c2ac0b7fdb9cfbc683d80cb04bbe25b421,0.0001850236675158,0.5,0.18675658345435425,0.10401544755173422
SOL,d6383a6b1a1381307d1045afd7d5b7d182660882c974bb8d27bedd72416ff09e,0.0191778847879771,0.5,0.2385437921031136,0.35508897997088895
SOL,d66618bfa9aab1bdd16324e099515d817788744c2889ecfc3bc0a0caae5cbb12,0.0132622158427986,0.6666666666666666,0.18275041444423334,0.05332233504770701
SOL,d67fa07cfe06dcaf23e7f8ce3d4e9debc70fd11bd50bcf85bfdbd45d9483e320,0.0086208735937682,0.6666666666666666,0.18436961562819099,0.07626555282092048
SOL,d6ebc56360de5e380215a2929f34018725faac47366a3620128edb05867f0727,0.0200534572297893,0.6666666666666666,0.20131145941087975,0.11613468340336004
SOL,d7626856c5573733d517218355c892e55da5cbde41db5e08c1d11f988c6855e7,0.1619193885137962,0.6666666666666666,0.20776349224171506,0.24752047594770804
SOL,d79214004c9ee95764c3baf6a5cd5ef720e45e154cd0bed0d49a577caa52c485,0.0006906253792529,0.5,0.18812861687974486,0.0882102411085055
SOL,d7bef8c0f74fe10d6cef95357e88916ffebac5059bbcd88c6ddb2534b3366825,0.0204423495465848,0.5,0.1910498691004053,0.07967707836851096
SOL,d7fb28e88c1e28c955989dabd3857ac8e851c30dd66dd6b959b4916c9c374ed1,0.0017253041378066,0.5,0.17598546972650053,0.04294732877803046
SOL,d8082ae2ef9f8a53699553d9f84c986a451a1c2d9fb87e75242f9768dd954aa6,0.0386527831878605,0.8333333333333334,0.1971541059487223,0.10557882819244742
SOL,d80dd1984267e519802c3a2e4f88e632b2cc7bb462dc7701252f13fc67654c96,0.0011648220636975,0.5,0.17628619324389272,0.0356334348670348
SOL,d94713ec46aa155d84b35123a4e06a2aabf25d1967e299fc234f6545c7f118d5,0.0816097529265647,0.8333333333333334,0.18315287703513827,0.07848375662515414
SOL,d94727a0415bb9eed69a4d98501d866f9c1a7eff89f5f5fce00be89e8f1d4d82,0.0055090384440819,0.5,0.1784902971967688,0.06304487440006276
SOL,d9807b51f5b5e0169eb32a91a3d7c22548e6da9d2e800e6ec909f629afff464b,0.0108751692048607,0.8333333333333334,0.18185416975066507,0.05057115674131076
SOL,d99571ec06efb31577f44b5f29b6123704ae4c5ba4025df7c2d447178ddfa1a0,0.1861161284377455,0.6666666666666666,0.4298535953429657,0.8763892660555557
SOL,d9cb6daa5744ee408885965f166415a99f215c45af4fd3aab23c67109999c7ec,0.0014907176055913,0.6666666666666666,0.17250877533981993,0.03069038699925348
SOL,d9d39a0402e83c0a9476ad6b2a05d3800be1711c5054fba2c5bc0faaa2a370f9,0.01568793930752,0.6666666666666666,0.22071458428283994,0.15573459965066097
SOL,d9f759042852dd2872a38407df5f8cb4c140c260511a21b98e47bcbe64a92755,0.0280134945393,0.6666666666666666,0.18692920143117012,0.09035434209818771
SOL,da0ef98a310e9812fd58aac06855ab666d75824715f9bbb688ff13ef1e4d7469,0.0285188690604453,0.6666666666666666,0.17963442172463875,0.05176547656731806
SOL,da539f9d79d77449e3723efed0ce0f58d5a19029603aacf146132fb57227fa19,0.0924698611405605,0.6666666666666666,0.20264840248467922,0.1495900882163415
SOL,daaef8d86135847c4675800525571a033b81d3a9ddfbf065d4d32cdd7c26adf1,0.0148375948312441,0.5,0.19187365160409728,0.09858381278458744
SOL,dae4261043ad9250adb7d2b32e304b9afc0a608830661861264b4b25e225dfab,0.0208845327471095,0.6666666666666666,0.18964904154295203,0.08743877311007872
SOL,db0676b659fb4de10611524f7c84ec231a4d18566143ab8aa7748c656b26260b,0.0165740138833538,0.5,0.18053334896220607,0.055671937441614985
SOL,db3bd47087434c003b6f3759b9e277d1a0d793700751764e0458a4da65a96cfc,0.0498961492070418,1.0,0.19425957032417918,0.11333434965598042
SOL,dbea3ae787df18625971499491432a40e2605d32a9ca0ea03f53a342e1bfa15b,0.0135758034403389,0.5,0.22808396091214891,0.19278674899091838
SOL,dc51c13f27eeaf5e491ffbb4b1247ef3d83040497a9091e7f40c1c6f7b129342,0.0108665208609656,0.5,0.18883318547938943,0.08708117444779317
SOL,dce622c4e89a8c25cde149390a5e501a5deb67f7734f1108b0ff8cadd112a457,0.0240474001593777,0.6666666666666666,0.2872798529993821,0.28955884005706956
SOL,dd2576592fc71c0f29f26362d2b2e484b96f4f743f4a2c005e148560dacfdb41,0.0120771546003001,0.6666666666666666,0.1850489017225831,0.055462002134430234
SOL,dddc3f9fae6e65d96aeb996148d0ac91cafbe73e7746b9b880e990d7ced47bb7,0.0232246871786236,0.8333333333333334,0.20552471363698077,0.11577222020889522
SOL,de3f3b3530289a7324bbbf206da0ed33967a75d96bbb821356522b83125129be,0.0255015725429279,0.6666666666666666,0.18212430989678785,0.06782160319176782
SOL,de4fb0195919e848e65aacfda2db6e2945a8863ab16bfd0a89d08f743b56a2f3,0.0232239441076779,0.6666666666666666,0.18355993876288362,0.05587672887900412
SOL,de516d547a25dd81f2c2af271ffa261299fb56946a2114f84ea10aca11581906,0.0005714221066402,0.5,0.20405626900811014,0.12236949769771069
SOL,deea14ad79ab40e3b1095b236025c6fb01f9bc5458e042ec909819997b4a5198,0.015268383458441,0.6666666666666666,0.19535058025592883,0.129588556115241
SOL,def1f3fe2d4113193621ac2aee1f77ff7dda38d4b4d514259d1eb9dd0e13c325,0.019727091474892,1.0,0.1806271501430195,0.05836251801690435
SOL,df1fd7774bcff291316847c38e816513a1ffcce02bb96b7c1eac5ee7a996deff,0.0097377580675734,0.5,0.1830005370608749,0.06670131396316734
SOL,df29ed3e8a9e43ce3a3cca7e584140cf2109b39f792d9c02cf96ad2d335454a7,0.0020402007918867,0.5,0.18345752904963028,0.09836029030025006
SOL,df557a5e47a1a1daef9a20f4d98d05b4993fed5db8dcc8b5b85960bb350b3f1a,0.0252198104460819,0.6666666666666666,0.18154966454685664,0.06730874525250705
SOL,dfe6d3ab2d1f371fb91629452dee86b67866ff9c2ba97332857ae8c1267c9739,0.0308090125577493,0.8333333333333334,0.1856453884490761,0.08584340869974588
SOL,e04cc32f3d4bd3b4561a630bc0a78a880073ee883268b936692de64d564aad87,0.0017494757953606,0.5,0.18483890700413133,0.0822135237376025
SOL,e06bf7c43978e7dc36a5639d040a54da7b64aca4e40039d9f1317e4bb2164417,0.1384938172939101,0.6,0.4494205467615901,4.9940848676657525
SOL,e0bf828d529ee3008b07397ac6da35c6993d392ba1e257cae5178cd7d297147e,0.024624859575031,0.6666666666666666,0.1896532878954522,0.11647115665308118
SOL,e0c69625252e9af7255e96f69f3bff22ea03d7203876264dfaffd8cd50610261,0.0362228748760544,0.8333333333333334,0.1819182877960167,0.05641610947217969
SOL,e0f51a26392ca4fbae9b6f111b759deb34ba46ca2fedfa2b101f002e156314ff,0.0381708076622894,0.8333333333333334,0.1872744489359667,0.09031371229583204
SOL,e12eaa3c15da54ba207498f1b853a5aa70e3129f6671ff6fc0641c1e6fc63577,0.0283377827023455,0.8333333333333334,0.23895138517277653,0.21074733872868984
SOL,e158f77c5ead884b62cc7696a0be197ef8824af5fcbf65587f68ae818f41561d,0.0006790869857922,0.5,0.18053538217202478,0.05589800324674916
SOL,e1c741afba114d575e97fe08fbbeb47b28a5fd431b5352f51f093ff03babdebe,0.0750991895530149,0.6666666666666666,0.3671580891237197,0.5300683760402899
SOL,e1eb5bfc2e8d2ded3aaccc404c538ae9f7de2148e01faf46bc494447a8f53a2d,0.0146621479424806,0.6666666666666666,0.1692770834951329,0.01585155648428957
SOL,e2042a085873d52b2a16b8b7243156fb148cd0094457751b0ed3231785a75131,0.0482736615265419,0.6666666666666666,0.18575077181764738,0.07480952263749427
SOL,e23598fdd84239467623ea1a84157ae710572f0cc094b80fe3a96a673749aa2d,0.038277294951027,0.8333333333333334,0.19794158686686597,0.13009221538320292
SOL,e3a1859264d380f5ad48dfc243718ab2dba2b3dcbaf575968abbb8444ebf4114,0.0007374793527102,0.5,0.40247007420165387,0.5327371619125
SOL,e3f375eed1522ec4a58be6a2e62ff729e6a0b8cdc84976e0208f3c9f16fa48cb,0.0096637320838367,0.6666666666666666,0.1777466354920229,0.06244709734900835
SOL,e40b5ed4d9d0aad51070cae3c27091bab558a0350dd0fbccc7c04f4b0890ab59,0.0051234762991275,0.5,0.20188354068315298,0.12631411843190465
SOL,e41e583bd981f79f1c9b83fe40599eb8f335b522c8fcba971938ceba0bddc228,0.0164033234648975,0.5,0.1952475978938755,0.0908782450808115
SOL,e44ef4a00612db8537489e2510c6b5570d407e0a777cbc84d3beff6c7ee5fc86,5.889064570879267e-05,0.5,0.17817050166905266,0.0558087393147629
SOL,e518889beab16bff88d3edbe54c1fd8b7f331e97af676cda2702c5b1d6290b0d,0.0356219096814575,0.8333333333333334,0.18719438475727918,0.0831542781050327
SOL,e519726cff4b35dddbbcb513b0de4412b827be3fd29ac7fc25114ffad143536d,0.0148289929975015,0.5,0.19261910185151304,0.14531775188954374
SOL,e54c7b9c9e6edfd19bd335cf75518d2c14fc27692f827edc34bf43c7633a12e0,0.0123271393569903,0.5,0.18002017005643153,0.07273096906016245
SOL,e5a7be99aad64bae2efbeb7dfa7e23d0d58aa56292f8c6a8325b8421ba930a9b,0.0239969258115975,0.6666666666666666,0.23864243284580222,0.2791742265343371
SOL,e5d440279eacb8b4d6bd60b6a1c8334522c3e0a0421d1dbb2ea5f8d514cc9d74,0.0007472518529932,0.5,0.1862770763758581,0.08071661112191854
SOL,e5f1e9f3bf881e78fa457e5e514e395957c1a81f6c58899941a91bc5cfca1575,0.0455280113157623,1.0,0.18884422521805316,0.08145087123883345
SOL,e62c60eeb04c750b9b2668f0baa10cf837e1ca36d3cdf7441ef45a39092898fb,0.2061641474269684,0.8333333333333334,0.26827774199743015,0.39077671628181243
SOL,e62cb009588cb2efebca5b725c1cfcf6ad63dcbc9558d24d5b94befc879bc6bc,0.0091623117397741,0.6666666666666666,0.17861689472576783,0.046218095448112194
SOL,e6f9f9f65f3e27535ffff4627cd4f7f90a344b27f1dde5fa9dbac235198f5068,0.0179187198690507,0.6666666666666666,0.1828955206462069,0.07684505791307213
SOL,e71435ccb0f8a144e0a8f7a4b65a1463ab1e0f4b423e8e1fe1a115d0f59b7c14,0.0443540512612459,0.8333333333333334,0.17382644731327063,0.035627807460402325
SOL,e749b95ab6c6f7afe8b008d607988fbb2c3ca73bf956cbf60b4504f6efd4619b,0.009592669981456,0.6666666666666666,0.1722724127270644,0.024171474728174467
SOL,e76d01fafa0031990383f806195608956ddc22f88707a79a58504921f360e759,0.0211113605481181,0.6666666666666666,0.1821798541478408,0.06469279789449656
SOL,e76f2d6dfe6c017fc9bd1a8bbc87dd757180332bb303336937bd4232722f2987,0.0003781807807669,0.5,0.1891781611146406,0.07950095359163571
SOL,e7b7280c3a8a07b905784811b9af973a62187b218ccc5ab119663bd1391e514d,0.0909931601983912,0.8333333333333334,0.22204249720496871,0.17082052378471416
SOL,e86a6c238ec60e6bc9ae4fa33d0c529eb8a8ce1d4544c82af26b418600e2e986,0.0232239441076779,0.6666666666666666,0.18355993876288362,0.05587672887900412
SOL,e8df8d6e7507f22897e5b0bb996973cbc292a9d5ae6aaaca133041720746bbba,0.0010668672968587,0.5,0.18903999677393832,0.0795366817157169
SOL,e8f9647e0d8de61448b3020125a631b4f25277b5eb5772ecd818dedbef7946e6,0.0083350309391064,0.6666666666666666,0.18043238757681243,0.08445918569818935
SOL,e95d8db2c0a7b88478d43ae157f49d63d455314b7c9971ccaaa1891ce8c8b0a6,0.0625599286873622,0.6666666666666666,0.19127277526206118,0.12423792248539535
SOL,e9729e4944988756affe1c1e84dd84155ade30acef4cc7e7d80fdaf969bc2081,0.0167859993527867,0.5,0.18930867169353172,0.06380581903287791
SOL,e973fee6ce1ae37bb7d36eace4e17460d478125d46c129e6d6633a635100b7ef,0.0461798525011271,0.8333333333333334,0.24599564070938174,0.33473796864826894
SOL,e98dc8a1a33b9fb20cac68c1fc3e9cb5834fdbc7f884f5ff5f0ab962b00a0a55,0.0224493832527747,0.6666666666666666,0.19544657222589334,0.08464195537126976
SOL,e9dd17fd6a91a44e5cf16418940b60a06ba86f0fd1c196f4f5d5d393cec49f1a,0.0230992946505309,0.5,0.22162689720663234,0.20166750073584447
SOL,ea0f6de94cec8979103c65d05772cce42997765d6b6433e61a3b2fc5b67721c2,0.0183332508757871,0.6666666666666666,0.18356049735217317,0.0635653602690387
SOL,ea6d8e95bbca9a4059d0f0e7e373ad589135f4b9f4d0d089544e4dae88a2dc84,0.0111717178926368,0.6666666666666666,0.19054311399563584,0.11514063424923202
SOL,eb0745607ba9b65167621c8d6081ec78fdd10737c10e3f1f4bcd236947aa82a3,0.0389084285158769,0.5,0.23608438283767155,0.31430471983698083
SOL,eb42ad6f0b1c42864f8a0a9d07535e2890763041c03d229e7c3c5850139e3507,0.0244540013999535,0.6666666666666666,0.18489206231133676,0.04879768654159347
SOL,eb441bac3c39a5768ff4dd5664abdcd94b35ddbfc99d3eaf2fcf44e774fdb986,0.003157079461173,0.5,0.2031502014017826,0.13919232103970586
SOL,eb62aee446debcadc56228a8609bccb9d082860b0e40f5b8b324afc3816f3490,0.0137542834072102,0.6666666666666666,0.17652269000355839,0.053569474140509596
SOL,eb76f12b6a7d65807670c178c891ebac12e0bb3e058500f353d154c0e11a068c,0.0230177985231095,0.6666666666666666,0.18889317623871613,0.1163223971559606
SOL,ebb117d04e5e03f2a0e76148f9038f6cd7f237752b2bbcadba3688f56098e2bc,0.039419336254475,0.6666666666666666,0.29111734641878806,0.3082779865733048
SOL,ebd46e94b29daa7dbdcef10227544e255d4bc2e9473ab4c107c8a2dba3fab5d8,0.0414914925376589,0.8333333333333334,0.18079694001896884,0.06426014004382367
SOL,ebe87f872e622ee02e5bc0b3f06930aee224062690951bd03a26a5b1aa87667c,0.0351593147725415,0.6666666666666666,0.1839356478353326,0.0712903748144741
SOL,ec005d4a4b48fd5365a2d235813ca17d6fdc79ca7f4d4db73c2564122d33cb35,0.0406012237606372,0.8333333333333334,0.1871281610642701,0.06280778566926666
SOL,ec605f17d84eafa23e9cdda89e7844a75a90ab0bf151538fdf51f15eee700fd2,0.0076258656467336,0.6666666666666666,0.17564553511055356,0.027066107078580495
SOL,ec69c85e5b967d56ea4759362c0a955a7149db2d287aaf836a7b1e39a55831c3,0.0014360440034246,0.5,0.1774604649387776,0.07331551593178465
SOL,ec97060eb91c46b79c59925326db7af5f9a2e0f974976d549d328c69b690cfd7,0.1372762927704009,0.8333333333333334,0.2794597988295522,0.44332731108420953
SOL,ec981f7109c638b7d7585e3c66a1e9d66ad4e666dd3932128331314114927b71,0.0278547776170817,0.6666666666666666,0.18826237478263835,0.10361418258622432
SOL,eca420a0d07cf58b8c5145525dfc27ef5ebdf70769f353ff1f01d6476e40eb56,0.0786438329559844,0.6666666666666666,0.23774003986066625,0.24315057757624586
SOL,ecf9f278f2cc9ad0c07abb2f253619b20d67ebfa7e19720176711ee2a1aaf79c,0.010337138722871,0.5,0.1882493626012437,0.10050753811693891
SOL,ed88566badc1274c2868707a76ef7f872634c678455a7988f74246af3865d28b,0.0734652784343385,0.8333333333333334,0.202396494580642,0.1656644826666284
SOL,edd4f921948bfa9943aff15897bab9c1a9df3e5291dce044bfeaa03897c33a59,0.0457029715093693,0.6666666666666666,0.2139491053490064,0.15819016846233794
SOL,ee1d44596b7ad31c2a4f6d9eaa2db4c1b0c63649a667d3ddbc76d38f5a1c9c4a,0.0133860825397598,0.8333333333333334,0.18145289584722563,0.08958777083060748
SOL,ee4d7aa0360e907c450023be1c1a245469a18e546e71ad627af03a109559b507,0.012192699027455,0.6666666666666666,0.19025012971940644,0.11441900269335349
SOL,ee5cff9023484176c4be0025cdaf56ba1356eb7561b37f7d702b3e3ffbb3711b,0.0115333783378138,0.6666666666666666,0.17226477914059127,0.022440483903047814
SOL,ef4fc6ae71828d5bd34a5caf4f31bc76b92dc6cc71b1d3860f61c982a99f2059,0.0174410967220106,0.6666666666666666,0.18815276962571426,0.08532049590398684
SOL,ef64220000bc2fdde7d5f9d226351371641c734483efd6817a12cb4f0843add8,0.1473759855698165,0.6666666666666666,0.5210209161750985,0.769937752078988
SOL,f034bd35bc59d50a20f7557737c73232398457721944ff609343ffbfb11febc4,0.0279819406281513,0.5,0.2499355902480261,0.2582611056260914
SOL,f03c2562f6c7249080ea3d576ad40a96c0238d96ae1d71d9337ac8193fb7f012,0.0398492860830383,0.6666666666666666,0.24163287566166797,0.29151604020821587
SOL,f044225d00502a22684bd2c88f1ba6323be052c84ca69dc2700250c6430b75ea,0.0297177282375081,0.8333333333333334,0.18819834086236142,0.0825479548703846
SOL,f0602d1604dce01f9de51cab529a6b53dc2fecb651e33f3bdfd1db9e9ca1527d,0.009650564776075,0.6666666666666666,0.17195860966989382,0.02447273418966579
SOL,f098a5c01b5588da52a700b7abf19598273654d6b2c7146976be04229c5e63b0,0.0735673894703572,0.6666666666666666,0.2644061014199569,0.48077025690573405
SOL,f116dd995af025f2ad5521777c4b5b99a85b14b2aca33af0cc1a540ca60308e1,0.0428662784618099,0.6666666666666666,0.2509535984133423,0.28888381177046996
SOL,f187341934cddf020f7fad8002a290c9a8b1eed64f5afb7d3d8ecf46ab833f8a,0.0236285860785684,0.6666666666666666,0.19112144539617862,0.09236929542220546
SOL,f1a6fadee39497262f9c84e1ed940076543f6cc2d59211b3faca27c975033ab4,0.0079026752154325,0.5,0.18926828256040268,0.0896969663901988
SOL,f1dc114b9a2f7d92cbad2b64e54e460dad95afe6b798b903d39fb4bf15d9fcec,0.0479267970539138,0.6666666666666666,0.18533393317949934,0.08554746588874937
SOL,f22a336025b1b1719acde816cc9fb7693fc5e43f2b1194172d14a0333666b0fb,0.1384938172939101,0.6,0.3967576232577216,5.0818794406309795
SOL,f2357a33c167cbe6736bafd69a8ff4f627d2c5743b159a2e42e450954490644f,0.0301114591019633,0.8333333333333334,0.186252830103936,0.06480026547867465
SOL,f28f34a37c8bafe0d3d78536e4c60c61c9e1b7d358a58d89910b53681e089702,0.0026879649278157,0.5,0.2675640006591526,0.3061595900808892
SOL,f29a528e11260b80255fc6841eb059aeb47901e668713ec51ebfe9d27d9c1989,0.0179257729021998,0.8333333333333334,0.17930407321991126,0.07479088859808912
SOL,f2bb56f453fab0d9fd1e9e726e1c93fa34d05609fced7544b843fc8041ed8704,0.0301906663319975,0.6666666666666666,0.18785304369209666,0.08373301983732848
SOL,f2e4110e3fdc70cb5e76f50e0f625051187c8b8aad43dd3d6501ce0a75bd4215,0.0124977175188183,0.6666666666666666,0.18627969226883223,0.08468655473967127
SOL,f364aaa650c33e974bb745cb8a779943c33e2e2ffa2d50edc1cc2383b086c378,0.0059684555429525,0.6666666666666666,0.17379445015701434,0.03044156027504783
SOL,f394ad10214ddac1749d041dd9008d152aa0ada6dab3f6f6a1f5b2fa4de10905,0.0033562291727821,0.5,0.17659252745009635,0.05775701652496431
SOL,f3b5c52f683b0370b553c7d7c988f49d529fb4a221ebecf9d6b85d400d666c66,0.0333789289356769,0.8333333333333334,0.1838402354450396,0.05445581147873459
SOL,f3b8042f5101f55e1871c5a012230b2633f3d64cab621a6821ac8be2717e3271,0.0013116561882754,0.5,0.19677976145594847,0.14604186842801423
SOL,f3e3e07b1de9e85ef6a7e3a5f3efa5377749b1850508607ce2d0a391d4d80a0e,0.0065488009657034,0.5,0.2595748376459058,0.29073757756426843
SOL,f40670ce0e842f4f80b926be25489c7a0d59cc9d717fa8c127efc9cdae9a0981,0.0007068235884625,0.5,0.1880678158312052,0.07380571761488847
SOL,f4074c0131bdb7698ad1d9f552bee5502adfc7268bc7001ad42d9843bd1ec096,0.0015578294470301,0.5,0.18115221345355076,0.06522670168922876
SOL,f4096f4ace3430b4298159a3a1a9b8520501fea36b4bbf781f414f54318e5eef,0.0038913157015349,0.6666666666666666,0.19812074257629672,0.1507620691935623
SOL,f471691b350d54baec58857b069232d2c66fdbc2e291ef00cd1a745974f7908b,0.0041297601051921,0.5,0.24205975781710543,0.2670763794618329
SOL,f47410e0cc0fb9b83e269ab35c802f96c8cf72e2dbb553e11ae8c583f27e45da,0.0545021365803665,1.0,0.1796343329311685,0.07966135210237667
SOL,f47f3238770eff3c3eed240dbcd35d3a575f83bbb5fc678532b7d4c34c6fe821,0.0036901901630073,0.5,0.1904970962705325,0.07486288626116247
SOL,f50dcecc9128c0c194b19fd7a259c117697e09c0a79fbb6d27374d104900dbaf,0.0165026472055871,0.5,0.20311089611118247,0.15797553757524568
SOL,f524172cf57672575bfb668faaa0b0985d00e1d27042aba95e38e1b1f780d565,0.000217173465965,0.5,0.19448912331211637,0.10672668289940652
SOL,f53315ff3515c4c0c33bb07723c63d77c8f9b769105329f5c3e32dc69b83224c,0.0137260483162326,0.8333333333333334,0.1813628918522085,0.06439547990326545
SOL,f5cf96f7dbcef3ca52d317dff026c9eff3aa664ad827144af90c28e8eff327c5,0.0299807501032476,0.5,0.2320386076793452,0.27434674436311224
SOL,f5d167321e9a725a0fdd5718a1855ecf4dcbf60647fc8a1c06e2b01b48b79264,0.0095844059776079,0.6666666666666666,0.19510155014779876,0.08358224678634733
SOL,f622f616c017566b929580f7488f9a228b70402e2d1626abe219542e4fa245a7,0.005308743970559,0.5,0.20618365484081494,0.11926560246305712
SOL,f62a3f278fee5efd5b4dfef879e0973ac84e476622efc2eee43ea19245181d08,0.2076494977187125,0.6666666666666666,0.2411575624791002,0.3289529845074595
SOL,f631c3e5b434bf189fff7b00f683f3926a8dae1d4a49275f6cc0cadeecff4b21,0.0339907886339981,0.6666666666666666,0.18314266558711512,0.08173357235324831
SOL,f63d68c0d6d3ae3cc1df6e93672c168355b3d05c8169738dab49e24a53c5833f,0.025511570473851,0.5,0.18950529761010848,0.1029567264662211
SOL,f6539229f4d951145c134d0d412900920940c2b8e4c336b30a0f1c85ada72cd0,0.0015050698432849,0.5,0.195054744615734,0.10570986287633102
SOL,f66331a34b5103d610718961560bf1a2cc4840b0b54309f15e2b41040a0b7665,0.0200690456790029,0.5,0.18640862697491614,0.07183438719919599
SOL,f6aaa62aa1db39a58454bf3fbea7bd37003f24b9211ff2fcddd24feafe82d16b,0.0018677127612121,0.5,0.17821866835018263,0.05978858461883593
SOL,f72ff14f0906e3c623e5ee061d359f3fbe9d8fec77d0d7f4be2215aceef40443,0.0001850236675158,0.5,0.18675658345435425,0.10401544755173422
SOL,f7a375af685f9c04109520e62c0fea9b6dd5b5a0a9dfca8df14a8714544a824d,0.0041757295183991,0.5,0.18233588117414082,0.07485532242814043
SOL,f843ea923d14327c43527f705c19ac1a845cf32af8282798c0cf8f8378f79046,0.0114208962344641,0.5,0.20822552966383703,0.22161540686565426
SOL,f84af61b693a5c1a8706d87bae08bb34878d3714c53691210cfb7ac954d9e6fa,0.0038688360751034,0.6666666666666666,0.19397857088267575,0.13754176313169564
SOL,f84e74d11b468d458984a7eb5ae86f721e373252f81b8cf9cf6087357fd66012,0.029863425421576,0.8333333333333334,0.17793630445131178,0.056587887208379546
SOL,f856705b1681d9c4cab284eadaef1838c7294f02ca5aef3e81b1938e5eabfa28,0.0244540013999535,0.6666666666666666,0.18489206231133676,0.04879768654159347
SOL,f89ce2270c40e164aff370259501cdc5d876d4305eaacd869ee49e731dfc89f4,0.0360179846657879,0.8333333333333334,0.18085568877948813,0.06078660177248181
SOL,f8a1db6db11e37bb2d054be7c62130267c56c5d367632f781af2ba43070a36ae,0.0395360314347636,0.6666666666666666,0.20776346362372777,0.17596449848384962
SOL,f8b5d1ceccd77ecb281ee39752054227984bab97f977dba7ff97c5e3c79b3a41,0.008139473641856,0.5,0.20754320476471255,0.14372183435960534
SOL,f8e0e042c79472bf66a22d472d9649322ed4cdb623a02fe0cb313dfd7bbe571b,0.0287334002224507,0.5,0.18653994528482043,0.08199148441171389
SOL,f8f0f41ac7246ff2e8c025bc757438ea84cde1aa89ae74aa0ac392c89ca31ad2,0.0124167931316697,0.5,0.2026002120996507,0.13567056075231124
SOL,f9c28a44b964c6d650e847f9720b55407e94071ca2ad1ce5f4661c10104cdc0d,0.0071971288819974,0.6666666666666666,0.18744406820081588,0.08834056131613365
SOL,f9ff5e3a5983f2272772c4044b2fc45978915a996d82b30aa286cdb5a29c0c92,0.0104871177867664,0.5,0.21696055621554283,0.24942621308773336
SOL,fa0ac462fe89b03b0a25bc12fdb5bb3ad9d94d08d0be373eacc02acaae22e707,0.0125710340294329,0.6666666666666666,0.1819299845755314,0.059466145883220765
SOL,fa473181068c4c45257390083b38efd2ba2d06cb6e644f066a1cfa53b1131b0b,0.0142589278309151,0.6666666666666666,0.18264819989849343,0.07282285084503821
SOL,fa4eede8294a173f753375cceac74aba4f314801ad0de05a6358fc3f308be510,0.0423933909942995,0.6666666666666666,0.2321470424900441,0.24642259296359925
SOL,fa94765d0d1f76f97357254635a1b200da1533b1fd89f3924260d9a6cb075526,0.1181369453714803,1.0,0.22835603767864052,0.22358926465959442
SOL,fb921063e39b39db0f572e138e5d0591fe26909418feae8a98740d29ed29b592,0.0232239441076779,0.6666666666666666,0.18355993876288362,0.05587672887900412
SOL,fbe96a24fcfaf0252756e10161c3d117163a568e987377a53029503733ca7dcb,0.0137411657727044,0.8333333333333334,0.1858931535567094,0.06692067892725281
SOL,fbef69fb49ab7d8344064451e8ee120ac785bc3cab09d4aeaa92cd72e3db1ebe,0.0165125240309793,0.5,0.1936281834700356,0.08726932147052727
SOL,fc187b0153699173f65664c51e3e6b940a03e26dccc2e95d3cca9c83501c913c,0.0100945789062354,0.5,0.19031252930442197,0.09152827613364878
SOL,fc2aca517e8c1d5e5c53943e48def05f0b5efd47ea1f0c1a582ccc70c3d0f4f2,0.0071899341350228,0.6666666666666666,0.20335120434689488,0.11361554869007491
SOL,fce08b97dfa648a0d56804c1f1fbb9c655de880585a671f45f9bda19cb501b2c,0.0108454635152281,0.5,0.19327161247344074,0.08488602668191962
SOL,fd16efcebe38ec45653464ab2b3a1c2420460f0655de80711ea35ef2dc7edfbb,0.0419075045809834,0.6666666666666666,0.18852817749348774,0.09809864084302862
SOL,fd3af5fffbd60312b4ff62855ca2c31226692385a0f26cd5c752e61b961992c0,0.0043031912502125,0.5,0.1829151044687664,0.06616537014386228
SOL,fd3dff49b5cd0209752bc54cfe0faff01f4e1e55d0988888da16b92fe699fdb9,0.0068800862764063,0.5,0.18488108578532533,0.055883080305995134
SOL,fd6cbdacad85438cb493cddb0a1e3c2acd453552438b10d37680728a3262f867,0.010376406468952,0.6666666666666666,0.1879873908108268,0.11025686109100326
SOL,fd7fc8fbf08a77adea28729c48af1b4da15a457dba6119a713132072d80f6e6b,0.0536453066094837,0.8333333333333334,0.1875530335545787,0.11660083820598681
SOL,fd9e846a74e6ffdfcba6b41441ed0f16ee5cd0080b31430fd97c11acfa4ae28c,0.0190209602362905,0.5,0.19611342402868645,0.13816057118474176
SOL,fe15b674161b32c10ee89a89e56fe2a4a5c40a71d1bb82fb9cd852a85442ab62,0.0452619649931683,0.8333333333333334,0.18804588186958077,0.08452806909254032
SOL,fe66387763d37fb1cfd826b76cf0eaf268db9e5237edcf9ca27a2d19a9e7a3c3,0.0004906051093711,0.5,0.18349032103181673,0.09562570457188878
SOL,fed41fc871ea09b364c10894cae727ab6ef69f8b9c00f3975d7d642240c41ffd,0.0466210699408395,0.8333333333333334,0.18546900665106475,0.0668276525202137
SOL,ff51b36c955f8d08f416423e8b0dbe6893d882ffdc3f7b362912e5db9459a028,0.0012919544413607,0.5,0.20701797323246204,0.12367963444321572
TRX,0065162c11b41c23f8a3c46d69a1389833e1baf33df04e14aa722907e9b2b426,0.0648644735068889,0.6,0.3519267609808646,0.527688615486081
TRX,03654e7571d40d9fde520e4bea1955db67ac15a16ccec55dea0583b088a9fa25,0.0683152632497257,0.6666666666666666,0.3347673241006467,0.8644850558636467
TRX,03a530e07e01bc3ec4f04f2c869f4b55c38176fd8514c7847d3461dfcf6525ab,0.0177311757403365,0.6,0.44767715510146194,0.8544872109577941
TRX,03e916ef377feddbea89756be86be56059fe4f4d194e0cf3a0abedbb6b660898,0.301505531823211,0.6666666666666666,0.44765439090408066,0.7542159033785983
TRX,068f1d8e6c31bc6d1b48b15682822d323e5b10c1a67a0c86d1a4c9edd78cfd60,0.0222364260520567,0.5,0.35437406069509275,0.779062312934707
TRX,0c1b4754aca19fc1460b6353091674276521ed211325ff82e2607d3eb696f462,0.134692834013874,0.6666666666666666,0.4657384441123315,0.695968407004402
TRX,101a1e015323889cb93700b07b1c9907415d73ef8d17ad85298f39b3bfeb9690,0.0313771433109147,0.6,0.3089014569673079,0.6290083055542536
TRX,147a2d0885949274260e79eea38b7fa102d2162fdce754dea4d9652fc22f36bf,0.114058093849797,0.6,0.2724894334862843,1.023956395675459
TRX,18aa6a6275960c16359f6a7ec1a77a344ffc4629f3e58f2d3d64870d08f8544a,0.3779785353899958,1.0,0.43152390596058066,5.1411916070519
TRX,18b478f905f6b14ec81591dc43d9926fc57642327fb576d22681e6e8993546ab,0.2720107197670485,0.8,0.48301391314858094,0.7096735487832969
TRX,18c123f8583950317e06370bcf401076ede54ebedf719eb6e3b0e549cd80e40e,0.0190863292615204,0.5,0.34243151837829167,0.49718731378777875
TRX,1c9b268c7886c63a9719c48ade8b0280b64463e1233ea5656bb5fa319f85504b,0.0823250084525283,0.6666666666666666,0.41820994302518416,0.5600153307275321
TRX,1d3b037dbf9d64a9018f1098938b1226152e2ce4eaee5144403ac7849ddc89db,0.0056659466445354,0.5,0.28568646153101435,0.3559817205702738
TRX,1eb6f4bd82c42542cebaa3d86f9142c73d27798f9d2b8eb5841e42419183a68e,0.0438580264525653,0.6666666666666666,0.4383920723599651,0.5843535499859633
TRX,1fdb35996640c68500618d10dbf9c3e2f2ad3c3aac7a75c189bcf89048f8cc49,0.2390550124575653,0.6666666666666666,0.32927005910266827,0.5819211081139178
TRX,20a93b59484205b7945d3d5caf0e98bfdc0af22554869eb78abf4da282b7a742,0.041838254473025,0.5,0.39736102860936195,0.5722578260107343
TRX,26d1227a24640ea781875535c36772a1769c1e2241ecf2a08486605ce9537bdc,0.0554163153708413,0.6666666666666666,0.2383518683892923,0.24214001057616658
TRX,2a7dd8a3e1c41c4ff3c64a10c966e693cae031ddd055043967257179ba79709f,0.153647632703332,0.5,0.3236051762865681,0.7745678998350387
TRX,2c76b0dec2bb5647daa12a78762a2d2042fbc196e8dd073a90ec4ce2bcce5b34,0.0844557005840742,0.6,0.3334174463060338,5.237921050285121
TRX,2d701d8616900ec7d80ec291d8bc381ab0777683ff29eb27c808ae44c05a8173,0.2917122256633978,0.6666666666666666,0.31526281925894145,0.51517659354308
TRX,3037933b66b7f964d9a2e6c5c627746385c53ff3ccafc6d5269a8897524bc168,0.1141246851097359,0.6666666666666666,0.3007456919713248,0.5648070703564616
TRX,305ae78cbb2b295e86da2d832c25ec354146f4d47cb8c80967dd8767b72112e1,0.0736374982447445,0.6666666666666666,0.32152334264885224,0.46228907627098714
TRX,336cc5027a72cb3eaa978635e465537c1d98d25c06647a4762170257342ad336,0.1848295661872491,0.5,0.48880547245698863,6.589726185197131
TRX,3489d9df760b227abd3d5325749e27e0b00286be24daed47281c34ec2d73597e,0.1617761916106264,0.6,0.33106796808684785,1.0881285419970066
TRX,35771acda223221eafa6ccd9d2c54146a36d7b7435bfdf39bbd4d7814eed9ba8,0.0830187846253288,0.6,0.5424826676640391,0.9294125660266165
TRX,36080e981299512f31da9ff7ce9ca2e911b0bf35d9ed8789db47bc6d755f47f3,0.1801127169224966,0.5,0.37042785265222195,0.8074462757156854
TRX,381fd45091d6c5b46143d849bb646c13226e578575890fc1eafbce9d1c354211,0.0878825124897585,0.6666666666666666,0.31958000445586143,0.46989847562606046
TRX,3a65a1545f935943e1562f8a694d65ec6414c567825e744134d29b46d86439a3,0.0024453698259935,0.5,0.2653673570325898,0.6022562702613583
TRX,3d15bbbe078932454dd247c8dd8bd873a4a0017eeabb218a72a5e0fabf0ecbde,0.070216736818339,0.6666666666666666,0.3637176465251168,0.4799004943874717
TRX,3d901b2436d4f34d9c3f150604fe07d1fb503ed23eace55cb09dcddde483aaa7,0.3670234224997976,0.8333333333333334,0.28797212669775707,0.7676003852523905
TRX,44e4ba1c1e115888de11b66147661f002d93dc0942a03d86f20b7368e5adc9ca,0.2893972307797269,0.75,0.610047657771819,5.202988180795096
TRX,45705c42b7b0bde36e455234f0619a83c757f13964e6ec3b5aaf4511789b4a03,0.0407035148147481,0.6666666666666666,0.3967386537047914,0.5789213851789894
TRX,46a7284c43b195ad88b94cb8da0968bd328cea58a9aae9514d9dcb4303726a27,0.285447195964249,0.6666666666666666,0.29338991475837173,0.8618871041042157
TRX,477df05ec64abdc9476bf7f09447befda6375ad6c7848ac734dca48e5270f019,0.0751444127504539,0.6,0.393945238400407,0.5619530516466315
TRX,4a3e95f74aa4e992a8b4718c5c9fbf617e3b8d1564ecf6dee78ccc494924545d,0.6881310098009503,0.6,0.33021247555148453,5.233659797319147
TRX,4cf9395304d554e1c7337d0214d673c41ac58ef46e0ffec6f61d221447906101,0.0403921113789239,0.5,0.34780415030320716,0.8382917551919147
TRX,4ea2e1f9194bcdd6f84a55702858d8d6be287de09a02c5eb89f40a411c1f524a,0.0205237127375923,0.5,0.33115783559545525,1.1779114043338312
TRX,4fd13e9c18a12b16aa5be9a7cd0a192ec18d289939c29ba8dd8934f893bdce37,0.0946809868357596,0.6,0.42302495546377017,1.0973462563031113
TRX,50026f4319caec0d933472ec3c60408677be797cd77193484586f785455a8b39,0.2290994081272697,0.8,0.3712057853483253,0.5446623509564076
TRX,53a52d55462ada43ec2b69febe597e4269323bc63e6983913d7cf3ae3af7cf1c,0.0470269307554069,0.6666666666666666,0.35174342188073315,0.5162887529247042
TRX,56eb71760634db058e632e51b4d6288f84235f84711f4986142ed584f2e09a35,0.2946754860640276,0.5,0.3943520630038467,0.7683738310129312
TRX,5736be159e7eb6d9cf43ce4c61522bc58875bc91dad1e211bd1a05ce070d2975,0.0422531278275161,0.6666666666666666,0.2767124328992364,0.348676446766321
TRX,578302d3ea53ed68176ea9782356065765c0e3ae466de0dff1f68b3d1f7c0baa,0.1949186458165686,0.6666666666666666,0.393200165341681,0.615616578664907
TRX,590953638079da2394b0fdc294b7ee0c8690ef157181fe1a775ba4babbef0bcd,0.3712678247238033,1.0,0.254587311144543,0.8139421149617164
TRX,5a5fe73b7873687257c631e11f62ab8bef9e286eec4f797be0f3dfd20690d614,0.0039730463650809,0.5,0.328671866061898,0.5817693640676608
TRX,5a71ea494c545fadd0953507a8fad6f3d341ae9f53a9a85895ac4effe9382fb7,0.0083576117080236,0.6666666666666666,0.27728808386345116,0.3994803699940233
TRX,5aea1e6121a7dbe11198e037ba356159093728ef0aca3f3be0fbeb3ba182b3c7,0.1367659990257116,0.5,0.25017720840681834,0.6182803763233056
TRX,5ce5bfe62a4d2dc0400abad233f56e660ab779fc950ac850a18e81932cead2c6,0.0096705174947019,0.5,0.2019115056256138,0.18095531243029797
TRX,5f79f10982a07841f6325b90dcb860c8f6917defc350fb605c15c61f89e76e68,0.0933347988370265,0.6,0.9453561883939563,1.7834240731968385
TRX,62f27318fc8251f83583432c39a04ef0d699ee05834842c22a6ce598f0487a5e,0.078287282140375,0.6666666666666666,0.2983205946619912,0.4967607101293677
TRX,664f0d9fea696374a926f7a368def7dde584768d405ed0a1e796d2c820fb5f01,0.2143199952057357,0.6,0.33965506200788115,5.258734508719284
TRX,68706d0dd6ebb61376ea1b1ccec10772e29ec430d2bd6546a5a8b600e48d16ad,0.1400083763465445,0.6666666666666666,0.30332274101347556,0.5161226845534089
TRX,68da0e8f7f4dd614e4cb5b5395ab61e7f49dc4c4e9a0711e4b3cf423d4b0aee7,0.1643130019477728,0.6666666666666666,0.3858040829208674,0.541609816747825
TRX,6b3f863e4b5dbae562bce05297bee0a98f18f1787ec09f5ba2daa7585c758a82,0.0727305641130612,0.5,0.5325471091447969,5.089660367672317
TRX,6b72af99d03a79f113af745608ee2d326f07ed77b476e09eb50d5bf424e0b10a,0.0676202673739701,0.5,0.3363825220114602,0.8643839652413603
TRX,6b88708d0f9184ee6359739ea7aeed5661e80186a1df6f75156454a3ec779482,0.0548038916299869,0.6666666666666666,0.2969708353699161,0.5109705725142673
TRX,6cad67279e26778834f24806880628e0343e0cf8a2e83ca4318aa1a8c3f15a8a,0.145062517091823,0.6666666666666666,0.4190708511927311,0.7644825264723157
TRX,6eccc5a008505c4fe6466159ca3f12ca3d56f4f5fa2b7fddd64210036041e5ff,0.0350815629580495,0.5,0.32157876423287396,0.5737608243441993
TRX,6f2c76b5ec111b135806a08871336ec08723f73ebd398e5a710cd62ed524e752,0.0650394617170622,0.5,0.3068041114711186,0.6659544999380541
TRX,733f3f320084b08ac7c7c21a05cd852d2150ed0eab4df592ce81d3b0f328c3bd,0.0366645750578581,0.5,0.2913553563398607,0.4646107694105309
TRX,74203c61bff1303f868bb7b1d5214554e498686c717d57ffa863d9286eb97ced,0.0320972361154451,0.5,0.33011032867892737,0.6497078717593675
TRX,748b5535cc55a92ed0b3acaf6b9bde737129b39cfa4af9779c9d86bb018e30ba,0.1150181693628207,0.8,0.31464977193487786,0.6177669456701642
TRX,7546f0a336aa763534abeaaf8fd7dd3444d6e5d5bafdf7453516f91622174da1,0.0940615129505388,0.6666666666666666,0.2842490624588558,0.5385417825753195
TRX,7b13fd7bf7a2e0dccf55c43ff407ae69ac03ef48bbf6f630d0cdea23bc38b672,0.3274070930475604,0.75,0.5129107275871657,6.544205232080793
TRX,7b6a9e4e7f6719c03ce6993870bd4df154534ec01cc4c26e207ce0e684d2b658,0.3066669490329706,0.6666666666666666,0.31619006511817555,0.5443511942038601
TRX,7bde15b58d11ce1bc6285790aa787752132a87ea012b61148c9501367bdd999d,0.03916859289484,0.6666666666666666,0.2950111801606963,0.5186536866715944
TRX,82cc65fb9977c05ff716a1283bb2dd0ac2cc8103140b7d93e73c7a8642a88a94,0.0584678075190933,0.6666666666666666,0.29303090111609653,0.5043607108643643
TRX,833a45a54c07c67f4ff866baf038d3cf355a46a7d07154957eb8a0a232056263,0.0456095194629203,0.6666666666666666,0.20676187742247412,0.21213120745786587
TRX,8374daecb11f875d727b1cc5439a307b6ffd7cc3fdc63b6a3a62f36c60f5dd54,0.1542434736704844,0.5,0.5146221913093793,5.401313760449606
TRX,85708ad4e60c72972df001276e9b2930ab2f522261a659e27ad80cd8a0b0eb66,0.1065568149855981,0.6666666666666666,0.5833468497150738,0.858763867686795
TRX,87167d3c1315cbc1b4760ab2e2ed4d6c7b6bc71989b8f56ed70b997038cfaa99,0.2580496578800719,0.8333333333333334,0.2254522987916005,0.5066424832551019
TRX,8787e2e90275ff8bd4bf63e93b29fd1054e25b176e44de88c47ff818d34e54e9,0.228945883035165,0.6,0.2842091718946058,0.7306901071690675
TRX,87ea9f867f22c286469675ad6b1287c777b957a91d085f310b3a3a138d9c71d2,0.2198410791569096,0.6666666666666666,0.3246024970724521,0.6120508081587287
TRX,8c2725659f854b9997219aa9cd36cfbecc5168283d120df890be82cffa3325dc,0.0717147014264203,0.6666666666666666,0.2918116866118776,0.6399390430526536
TRX,9002106f23bf979fd95d2323b8a5296388a06d9f5b6e624f538b4c0b4544c41c,0.0338982146991878,0.5,0.3389882860682717,0.48597479352030143
TRX,91cadf9b5274e451e5f825ca0ca343efce3ad53906bb2764cbf9808341d2287d,0.0446019568180788,0.6666666666666666,0.2802941325031776,0.4435974614274482
TRX,91d2bb97b9fe1eed62a3c82abb299f969bdcf46d99c523bc7540ac8e5e47d1ba,0.0597364826131987,0.6666666666666666,0.4731227733436608,0.6724282678986838
TRX,92fa71baf4ecf259b90ecf2523a4c0ca7281c41df5356174f810ce82233f0ba9,0.4221226613774975,0.75,0.5304994665837951,6.706361304940155
TRX,969dc72bbe8ebd3dda56b67966fff55ee6a4890e9bac3ee82bca9391d0e7c1bf,0.0106575976660512,0.5,0.3588346173096398,0.6928058370218947
TRX,96a24cab8cea23267e16e5543c36bab24cc3475b3b5218c8bdedfc74602ab566,0.0801934051116956,0.5,0.33825941548287064,0.6817702345607476
TRX,96a53eed5b7b544c90b7a7cb3dfc37e771a34ff8a77842af9cad968e8196c613,0.14728145203242,0.6,0.6753627029155049,1.0760236921054174
TRX,98b38edd24e5a5f219e79b2e2c19f4463c4f1fa4051c2a40f698f8711fc72c5b,0.058111510328432,0.6666666666666666,0.2435559179371881,0.34530962147161204
TRX,98b570fbb5a9fbb1ee116cb253cb313473a909f22960209021dbf6946c73b8d0,0.0468111285623218,0.6666666666666666,0.2966664161530822,0.41436082373915634
TRX,9ce473114523879ba077c23e34d60675c3a8f5d3718e53588ec19d5b66d5baa9,0.109320623189373,0.75,0.3893496464492054,5.147921100554883
TRX,9cfc28df18935047774144ac0015c121776efefc0e76d4391627de1e88330c47,0.0237230439664347,0.5,0.4046768708593508,0.5903405955539689
TRX,9d12c24e6b55dc7395500509e80ee93109db6ea9e20e13e21e47f01dff407b29,0.0319266981018069,0.5,0.2977906191278337,0.672142657313416
TRX,9f6890922ee7382607bfa5b6ad8aada53667773860922137d7a0b42dd3304e97,0.0427629568492518,0.6666666666666666,0.20017957501542713,0.2400286784471133
TRX,9f825a1aa8b1fc0976a31316b10a5fd6d21349aea6e669ea7fec8d1d4f16f430,0.3146929310601897,0.6666666666666666,0.457589788277978,0.8381872018824629
TRX,a0197855a91c0e4781e04f358a966b0e515a96d8550641b49bf77b376e7ad508,0.2346097807169014,0.8333333333333334,0.3254638959873312,0.5784205740617414
TRX,a0f40e2b1facaa90b10d88177af78496c5ee621a715c619acc0c08c09ce83148,0.1408651097213846,0.5,0.5437798041487188,1.4107620798302554
TRX,a1c8b87d4110a0f42d7f2bfefacd19c3ed95e89a544aed1051ebe3be297d8d69,0.194322376238357,0.6666666666666666,0.36102386796222585,0.7897335619947534
TRX,a31416552fce6b3cb23a7364f35237612009f3e6a58db9176328eb9d82e0eaf0,0.3788779598155066,0.75,0.6290943127121031,6.756995486937333
TRX,a384b1ef4614d3b6e00034ceafe0ae44bd7649a26438348f63147c471d68cb06,0.058111510328432,0.6666666666666666,0.2435559179371881,0.34530962147161204
TRX,a40798997b470cad6b7e9f2ae98379260b01720ac3de699ee1c32559e04d159b,0.3354057375932853,0.75,0.6844929401145126,5.265240681416682
TRX,a88dbf8445beaacf8cb3b678b801750029f665be9ec1dfcfa3a50a01a4ba9dcd,0.1696524420000581,0.6666666666666666,0.40371826746289374,0.6622021457451209
TRX,ab0c29f5bc5dc25f75246cd1d38f8353787cf9b6ef55906dab8895fc05a3f4f9,0.3354057375932853,0.75,0.683260605494562,5.266990892334477
TRX,af2e71583d90ccd7cc358c81dfb0735d231794e308a54e06e1b48c117856c542,0.0582302105152978,0.5,0.3343436102106522,0.47086113854803957
TRX,af601337f73188ec102c903752e7a8ffffff224b3676e716c82bec0ac3f53305,0.0187617612268627,0.5,0.6539474648185732,0.984297775284797
TRX,b3fb07b8f3aa5987372e010060093595b05c5692d91621c2ec19ea646ca51e83,0.0576041233046745,0.6666666666666666,0.23748999381240415,0.23879871000286526
TRX,b5889fdba10a617c6a5ecfcfce729675a136339f453798d95940bb9632525731,0.335195477561499,0.6666666666666666,0.30988344007666874,0.5249495630155879
TRX,b794a32121e03714d47e583827497a11893394aeb414bd497bc647e3d54f2112,0.0231850887534508,0.6666666666666666,0.19995630787585392,0.2035602091185846
TRX,bc55aa5aa4aa7bee5b5506fd2cd53d498a45815868f9c0ccb74ec7984ff819cf,0.0430394541443147,0.6666666666666666,0.3307000822440659,1.2754246051884812
TRX,bcb1398b30ac229d8f50d040ad16c50708a44b083326b43a0ded43db42607cef,0.0377456823828121,0.6,0.35864171183920235,0.5471412860276721
TRX,bcb34fa7ae1c12b7700a75b1df81831978b3356c91d76dc7e8793e092b4657a2,0.0958276654344286,0.5,0.36119940404065787,0.8935029371598634
TRX,be18974413e1b2856035c45d2d4095afe364f583d960ae7652cd15fd5ea729e9,0.1528541998001138,0.8,0.41512720127718045,0.6538277193377647
TRX,c070ac60486963abb28a8c37b2b34966fda4777554502e278193ef9a70383508,0.3617729049892327,0.6,0.4562142290042938,0.7836929675532963
TRX,c18b8c46ca0955f63df3d172a87cea463fa4925808ea5cd15ffa7a96b7274b1b,0.0950294052600947,0.6,0.4460474960999937,0.8635354616850155
TRX,c4a23ca749034dd576acd1f093f6569a23d7650f2c495c92372a54e4b8ee4f87,0.0107640668085173,0.5,0.3685563962051128,0.45916305992612677
TRX,c67d938b276fb7d07c4637e5b383c21c92ee57f53685f08d01f6be4782bc9d04,0.1005434110558845,0.6666666666666666,0.33915109412643546,0.4530003193333827
TRX,c7202bad562485422ad309ae9301cc6a4f864727fe84d0ac21c62a4a5b3cde7f,0.0672429434233759,0.6,0.4067234845479286,0.767314796432383
TRX,c81cf6c4a906c041d1eab67400ab52accb51d9d98dd1baae4cd1d1e7556bc2cb,0.0927049570274438,0.8333333333333334,0.2581358236297312,0.5854644466889369
TRX,cc56808bd6ac6960e34db26c7bcbd8d4b29dba24122a6ef8b8da0624499a33d5,0.1783985180821296,0.6,0.4968468587812779,1.100973699695273
TRX,ce64a1b116cf4531560116c35eae7611caba39c81fa9c702f87bbbdbdb5939db,0.0199398323656823,0.5,0.40344441547634,0.5911475944810036
TRX,cec9fcdfba526b4c75dc01ed573bd18c4f1016d58e6a2007120c0d248a5bbfe5,0.1982685522050286,0.6,0.42737166752136896,5.158893734436219
TRX,d2779c6ce09966d2db99d135743954657c6d48dee901d35cdb37772bf42b8c88,0.3205966282822736,0.6666666666666666,0.3093562618828391,0.5923062291011377
TRX,d296324560767e9f555445674c6ab35a27053329b7cc1bd85f2b4945b21e235c,0.146850172953426,0.6666666666666666,0.3904316682413384,0.5479758536676318
TRX,d438e7dcf52e6fc4f1fa22831e0ca5ad3e8af2b65bc995dbfd63abe192cc14eb,0.3670234224997976,0.8333333333333334,0.28737760489210495,0.7655267578474628
TRX,d53f2e4b594fa7b571cfd0ca7a298493fa92de89de28b7a6c807b6efe13bc0fa,0.0098290069537698,0.5,0.4511243705102018,0.7388412787869026
TRX,d8fe53e7788edb8db633cb6d0860ac91e0037fdbb842cf455157e159a290398d,0.0367522276936943,0.5,0.2840133668931726,0.5532410517798544
TRX,dbbb0c4352ab27c9df0b131752556b2ef64990c91c52c0b392230dd41c2c12db,0.0149743330079292,0.6,0.32363027968601393,0.45787164217106424
TRX,dc13fb24476bec6ee1cc21791291ce6ac92990e4a4a2343acb68065edf4e5a33,0.0079946705968626,0.5,0.28896546497536674,0.4019137099458308
TRX,dc83e0b46ec8fc931242f12060bbbded35f06b16506888951a0bb44691d69f02,0.1529263836888448,0.6666666666666666,0.33472027365504436,0.798160640207828
TRX,dd6cf7b0bdd9ec46de39d05862dd812be5ad3fc2c69313774f45f99e4c4f5c42,0.022618445178778,0.5,0.38750406684025873,0.5148783164690305
TRX,de87f5c35451957de79b979e226da20daf42f843cb0affcde513d0c8564f870a,0.005350905328715,0.5,0.24099108639885164,0.3553321423726577
TRX,df841ecf2b6cbba84607e09b930770c9a30b19b0afef8eef4896f21299417767,0.3256612820199835,0.6666666666666666,0.4771293014135743,0.920722876658797
TRX,e100aa3258381c53aab430eea201064f9fd88c54c013c8a2ac4a34c159c4aad5,0.1958928280959086,0.6666666666666666,0.33925172584967894,0.6504778274206735
TRX,e227cb093be50bc339c3eff3fb82a9709b5f3ebd19a223a30edf1114c1dedc01,0.0443809885455667,0.6666666666666666,0.2922890309241027,0.49059725180632036
TRX,e2c265d807b9fda572b1faa4d727bf1d3455759a6aca0c4f6cf3f07a43123270,0.3000681645559798,0.6666666666666666,0.2513672108967032,0.494589485736822
TRX,e30735d126583a15c977b25b1d8179cd0b28c69ab6617d411625a30498a4bc5d,0.0166471649002279,0.6,0.8077421548826331,1.355752267424833
TRX,e951838b49874dc6d4c3e53129c798b9de74174b7556e08714173a7529442f4a,0.1005434110558845,0.6666666666666666,0.3428452880847813,0.460665798184646
TRX,ecc93f7d5e14a7872016f28f212676bf53617f65e8678b6f37ad8ebb3f225d9a,0.1381229870307418,0.6666666666666666,0.3739371295982754,0.6726797728078283
TRX,f028f38ae981d127dc8b97b358df252e7e0ca406044058d9008dd8c97fd41a08,0.1740769321518347,0.6,0.38370047378861627,0.7539501136290457
TRX,f09b8882555ac131d54acce1cef4cca8c9142ab0dcc2a4596aa003a3997c5357,0.1601684351428438,0.6666666666666666,0.3545169327442219,0.5257218041058664
TRX,f1e51f75ee92ee24d44381c13607433c107af898a77a6cdbc74000d6977d29dc,0.335195477561499,0.6666666666666666,0.31022633809112254,0.5277578195155473
TRX,f3fbbdf108a01a06b402988d9bfdb441e4f013cb1d935d39859c3eb34e2984f8,0.041386350126495,0.6666666666666666,0.526088037127916,5.428490742689315
TRX,f682b0eed0eeb89ff947554a5aead9993282f8366d1285a255cc3330c04e9384,0.2358477845993306,0.6,0.587179872249017,0.7938876423597708
TRX,f6fee4d45744001d4a40a1cc6747b31c961abe3ea7e477b6c356abd2250d32bd,0.1154937780675801,0.8,0.35625300707925434,5.2405477467595905
TRX,f91e5e6593b1296c7252b5ca3b3f5c3d4881736bf62bd21ecfb899ca40b0fd5d,0.0770620711078864,0.6666666666666666,0.28595824361995104,0.6532179464809469
TRX,f9582eab19ce7c471a5abcb97e4b498a6c4b7530bfbb526c36d33b4a0dcf36c7,0.0098017873196234,0.5,0.20870750384275508,0.24095362429464373
TRX,fa7045bb56c47a0786b6c85600851b15eb3f3ec3a4a5baa875b536690f4c09a4,0.1963780266951691,0.6,0.354782977856355,0.8840623991742775
TRX,fad4580fcf8ed895f4f9856c55e503ac5dc2ed8318c4858a2dd1dd37e294a2da,0.0127467588871509,0.5,0.31344935381066374,0.41019722562273836
TRX,fb7cb49b28796e7c9a58662847b40f1a18844aaf30d7a2ab59ae8908da61ff39,0.0693247898633528,0.6,0.4383636971524574,0.7160823691721775
TRX,fd17493996e9ff3af0eee5a0ff305af5561051032c062bcca952e478ed2a283c,0.1130168630092603,0.75,0.5824291746444862,6.3411494507795485
TRX,fe3350fdc432b5ad812987713b8cfac14196267f7b20ba62d40cf20a9e4b9ba8,0.0015478756584183,0.5,0.2998783423716288,0.6136966070707087
