hash,strategy_id,asset,direction,period,trades,pf,expectancy_r,net_r,return,maxdd,win_rate,average_win_r,average_loss_r,largest_loss_r,val_pf,val_expectancy_r,dev_fitness
0014d401c268e53271e2875c0d2e2f4ca5fc669f6817d7e1f2eb48f25caae564,SQX-ADA-M15-0014d401c268,ADA,LONG,D1,10,0.18183590912842748,-0.7682964142665287,-0.041862117103384104,-0.041862117103383945,0.042854113380722314,0.2,0.0,0.0,0.0,1.756419218779338,0.718553169947715,0.2975416293492341
0014d401c268e53271e2875c0d2e2f4ca5fc669f6817d7e1f2eb48f25caae564,SQX-ADA-M15-0014d401c268,ADA,LONG,D2,4,0.04932729316172561,-1.05125663964972,-0.009404624444408795,-0.009404624444408705,0.009404624444408705,0.25,0.0,0.0,0.0,1.756419218779338,0.718553169947715,0.2975416293492341
0014d401c268e53271e2875c0d2e2f4ca5fc669f6817d7e1f2eb48f25caae564,SQX-ADA-M15-0014d401c268,ADA,LONG,D3,5,0.9965745253341418,0.9659025596475747,-4.724731631397007e-05,-4.7247316313780985e-05,0.01379292533816856,0.8,0.0,0.0,0.0,1.756419218779338,0.718553169947715,0.2975416293492341
0014d401c268e53271e2875c0d2e2f4ca5fc669f6817d7e1f2eb48f25caae564,SQX-ADA-M15-0014d401c268,ADA,LONG,D4,5,0.916304260571358,0.15945256504079164,-0.023490388472586846,-0.023490388472586887,0.17486365430593265,0.4,0.0,0.0,0.0,1.756419218779338,0.718553169947715,0.2975416293492341
0014d401c268e53271e2875c0d2e2f4ca5fc669f6817d7e1f2eb48f25caae564,SQX-ADA-M15-0014d401c268,ADA,LONG,D5,13,0.9746942912222827,0.362778900790941,-0.01647367179602656,-0.016473671796026657,0.5472544487411968,0.46153846153846156,0.0,0.0,0.0,1.756419218779338,0.718553169947715,0.2975416293492341
0014d401c268e53271e2875c0d2e2f4ca5fc669f6817d7e1f2eb48f25caae564,SQX-ADA-M15-0014d401c268,ADA,LONG,D6,4,0.0,-1.1032709355925212,-0.03978362991607915,-0.0397836299160792,0.0397836299160792,0.0,0.0,0.0,0.0,1.756419218779338,0.718553169947715,0.2975416293492341
0014d401c268e53271e2875c0d2e2f4ca5fc669f6817d7e1f2eb48f25caae564,SQX-ADA-M15-0014d401c268,ADA,LONG,VAL,16,1.756419218779338,0.718553169947715,0.05351450714847335,0.05351450714847439,0.10262743377031902,0.625,0.0,0.0,0.0,1.756419218779338,0.718553169947715,0.2975416293492341
0014d401c268e53271e2875c0d2e2f4ca5fc669f6817d7e1f2eb48f25caae564,SQX-ADA-M15-0014d401c268,ADA,LONG,OOS,7,0.3978133401717338,-0.2740810276439368,-0.05459832640682895,-0.054598326406829045,0.07304404293897693,0.2857142857142857,0.0,0.0,0.0,1.756419218779338,0.718553169947715,0.2975416293492341
e3098ff41a080c146f6618678aff9b8449f5b703fec33cc2c0153c35cace79f1,SQX-ADA-M15-e3098ff41a08,ADA,LONG,D1,10,0.2541744346953299,-0.634963080933195,-0.03816085000775553,-0.03816085000775549,0.04053814712001835,0.2,0.0,0.0,0.0,1.4229374363180414,0.5618310100357312,0.6180544498620537
e3098ff41a080c146f6618678aff9b8449f5b703fec33cc2c0153c35cace79f1,SQX-ADA-M15-e3098ff41a08,ADA,LONG,D2,4,0.09609542342216196,-0.8845899729830475,-0.00894196605745521,-0.00894196605745512,0.00894196605745512,0.25,0.0,0.0,0.0,1.4229374363180414,0.5618310100357312,0.6180544498620537
e3098ff41a080c146f6618678aff9b8449f5b703fec33cc2c0153c35cace79f1,SQX-ADA-M15-e3098ff41a08,ADA,LONG,D3,5,1.415767157222869,1.4992358929809138,0.005734645357637616,0.005734645357637458,0.019527570695806018,0.8,0.0,0.0,0.0,1.4229374363180414,0.5618310100357312,0.6180544498620537
e3098ff41a080c146f6618678aff9b8449f5b703fec33cc2c0153c35cace79f1,SQX-ADA-M15-e3098ff41a08,ADA,LONG,D4,5,1.2238768009485124,0.42611923170745875,0.06283417842032794,0.06283417842032812,0.17486365430593265,0.4,0.0,0.0,0.0,1.4229374363180414,0.5618310100357312,0.6180544498620537
e3098ff41a080c146f6618678aff9b8449f5b703fec33cc2c0153c35cace79f1,SQX-ADA-M15-e3098ff41a08,ADA,LONG,D5,13,1.3023574230963808,0.6704712084832459,0.19683056487111966,0.19683056487111994,0.5472544487411968,0.46153846153846156,0.0,0.0,0.0,1.4229374363180414,0.5618310100357312,0.6180544498620537
e3098ff41a080c146f6618678aff9b8449f5b703fec33cc2c0153c35cace79f1,SQX-ADA-M15-e3098ff41a08,ADA,LONG,D6,4,0.0,-1.1032709355925212,-0.03978362991607915,-0.0397836299160792,0.0397836299160792,0.0,0.0,0.0,0.0,1.4229374363180414,0.5618310100357312,0.6180544498620537
e3098ff41a080c146f6618678aff9b8449f5b703fec33cc2c0153c35cace79f1,SQX-ADA-M15-e3098ff41a08,ADA,LONG,VAL,15,1.4229374363180414,0.5618310100357312,0.03679069922925912,0.03679069922926015,0.08590362585110478,0.4666666666666667,0.0,0.0,0.0,1.4229374363180414,0.5618310100357312,0.6180544498620537
e3098ff41a080c146f6618678aff9b8449f5b703fec33cc2c0153c35cace79f1,SQX-ADA-M15-e3098ff41a08,ADA,LONG,OOS,7,0.5370354255610646,-0.0836048371677459,-0.04197550798821127,-0.04197550798821137,0.07304404293897693,0.2857142857142857,0.0,0.0,0.0,1.4229374363180414,0.5618310100357312,0.6180544498620537
4a97d90f904017698344f8e44d0188e2ac8d54065b71c4329edec88f2f436a72,SQX-ADA-M15-4a97d90f9040,ADA,LONG,D1,10,0.2541744346953299,-0.634963080933195,-0.03816085000775553,-0.03816085000775549,0.04053814712001835,0.2,0.0,0.0,0.0,1.4229374363180414,0.5618310100357312,0.6180544498620537
4a97d90f904017698344f8e44d0188e2ac8d54065b71c4329edec88f2f436a72,SQX-ADA-M15-4a97d90f9040,ADA,LONG,D2,4,0.09609542342216196,-0.8845899729830475,-0.00894196605745521,-0.00894196605745512,0.00894196605745512,0.25,0.0,0.0,0.0,1.4229374363180414,0.5618310100357312,0.6180544498620537
4a97d90f904017698344f8e44d0188e2ac8d54065b71c4329edec88f2f436a72,SQX-ADA-M15-4a97d90f9040,ADA,LONG,D3,5,1.415767157222869,1.4992358929809138,0.005734645357637616,0.005734645357637458,0.019527570695806018,0.8,0.0,0.0,0.0,1.4229374363180414,0.5618310100357312,0.6180544498620537
4a97d90f904017698344f8e44d0188e2ac8d54065b71c4329edec88f2f436a72,SQX-ADA-M15-4a97d90f9040,ADA,LONG,D4,5,1.2238768009485124,0.42611923170745875,0.06283417842032794,0.06283417842032812,0.17486365430593265,0.4,0.0,0.0,0.0,1.4229374363180414,0.5618310100357312,0.6180544498620537
4a97d90f904017698344f8e44d0188e2ac8d54065b71c4329edec88f2f436a72,SQX-ADA-M15-4a97d90f9040,ADA,LONG,D5,13,1.3023574230963808,0.6704712084832459,0.19683056487111966,0.19683056487111994,0.5472544487411968,0.46153846153846156,0.0,0.0,0.0,1.4229374363180414,0.5618310100357312,0.6180544498620537
4a97d90f904017698344f8e44d0188e2ac8d54065b71c4329edec88f2f436a72,SQX-ADA-M15-4a97d90f9040,ADA,LONG,D6,4,0.0,-1.1032709355925212,-0.03978362991607915,-0.0397836299160792,0.0397836299160792,0.0,0.0,0.0,0.0,1.4229374363180414,0.5618310100357312,0.6180544498620537
4a97d90f904017698344f8e44d0188e2ac8d54065b71c4329edec88f2f436a72,SQX-ADA-M15-4a97d90f9040,ADA,LONG,VAL,15,1.4229374363180414,0.5618310100357312,0.03679069922925912,0.03679069922926015,0.08590362585110478,0.4666666666666667,0.0,0.0,0.0,1.4229374363180414,0.5618310100357312,0.6180544498620537
4a97d90f904017698344f8e44d0188e2ac8d54065b71c4329edec88f2f436a72,SQX-ADA-M15-4a97d90f9040,ADA,LONG,OOS,7,0.5370354255610646,-0.0836048371677459,-0.04197550798821127,-0.04197550798821137,0.07304404293897693,0.2857142857142857,0.0,0.0,0.0,1.4229374363180414,0.5618310100357312,0.6180544498620537
71b876627aedf2959aea32f86c1dee31937a2a1425ee463a9529a74511032f0e,SQX-ADA-M15-71b876627aed,ADA,LONG,D1,10,0.15282430000645894,-0.7431396039329783,-0.05157526890347291,-0.05157526890347286,0.052112629771666086,0.2,0.0,0.0,0.0,1.6799614860560683,0.4589661801665797,0.168260454559571
71b876627aedf2959aea32f86c1dee31937a2a1425ee463a9529a74511032f0e,SQX-ADA-M15-71b876627aed,ADA,LONG,D2,4,0.039704628788204355,-0.9759424797372912,-0.011802157646165302,-0.011802157646165323,0.011802157646165323,0.25,0.0,0.0,0.0,1.6799614860560683,0.4589661801665797,0.168260454559571
71b876627aedf2959aea32f86c1dee31937a2a1425ee463a9529a74511032f0e,SQX-ADA-M15-71b876627aed,ADA,LONG,D3,5,inf,0.939330466717635,0.01842432192465885,0.01842432192465915,0.01374567802185478,1.0,0.0,0.0,0.0,1.6799614860560683,0.4589661801665797,0.168260454559571
71b876627aedf2959aea32f86c1dee31937a2a1425ee463a9529a74511032f0e,SQX-ADA-M15-71b876627aed,ADA,LONG,D4,5,0.7765576793752921,0.02985711020506827,-0.07399770810267355,-0.07399770810267359,0.2325515390745766,0.4,0.0,0.0,0.0,1.6799614860560683,0.4589661801665797,0.168260454559571
71b876627aedf2959aea32f86c1dee31937a2a1425ee463a9529a74511032f0e,SQX-ADA-M15-71b876627aed,ADA,LONG,D5,13,0.8296536088825285,0.22323360088056307,-0.13027961200879534,-0.13027961200879534,0.6324317298075037,0.46153846153846156,0.0,0.0,0.0,1.6799614860560683,0.4589661801665797,0.168260454559571
71b876627aedf2959aea32f86c1dee31937a2a1425ee463a9529a74511032f0e,SQX-ADA-M15-71b876627aed,ADA,LONG,D6,3,0.0,-1.0793013202079156,-0.03842899450693434,-0.03842899450693438,0.03842899450693438,0.0,0.0,0.0,0.0,1.6799614860560683,0.4589661801665797,0.168260454559571
71b876627aedf2959aea32f86c1dee31937a2a1425ee463a9529a74511032f0e,SQX-ADA-M15-71b876627aed,ADA,LONG,VAL,15,1.6799614860560685,0.4589661801665797,0.0479025234939537,0.04790252349395474,0.08943373608682026,0.6666666666666666,0.0,0.0,0.0,1.6799614860560683,0.4589661801665797,0.168260454559571
71b876627aedf2959aea32f86c1dee31937a2a1425ee463a9529a74511032f0e,SQX-ADA-M15-71b876627aed,ADA,LONG,OOS,7,0.3641256767856882,-0.026989342161523742,-0.07262328321646506,-0.07262328321646516,0.09679205725196938,0.42857142857142855,0.0,0.0,0.0,1.6799614860560683,0.4589661801665797,0.168260454559571
ccdcd3cff7b49bd59ee308014fd227d358e1bd60e0773139c66458bfa78b91c3,SQX-ADA-M15-ccdcd3cff7b4,ADA,LONG,D1,10,0.6164560674481089,-0.5262223106998951,-0.01917046153517004,-0.01917046153516999,0.024027570695806078,0.3,0.0,0.0,0.0,1.2685610907933025,0.3864072576076567,0.3529072913237957
ccdcd3cff7b49bd59ee308014fd227d358e1bd60e0773139c66458bfa78b91c3,SQX-ADA-M15-ccdcd3cff7b4,ADA,LONG,D2,4,0.039704628788204355,-0.9759424797372912,-0.011802157646165302,-0.011802157646165323,0.011802157646165323,0.25,0.0,0.0,0.0,1.2685610907933025,0.3864072576076567,0.3529072913237957
ccdcd3cff7b49bd59ee308014fd227d358e1bd60e0773139c66458bfa78b91c3,SQX-ADA-M15-ccdcd3cff7b4,ADA,LONG,D3,5,inf,1.0273205102770633,0.025987315672084878,0.02598731567208512,0.01374567802185478,1.0,0.0,0.0,0.0,1.2685610907933025,0.3864072576076567,0.3529072913237957
ccdcd3cff7b49bd59ee308014fd227d358e1bd60e0773139c66458bfa78b91c3,SQX-ADA-M15-ccdcd3cff7b4,ADA,LONG,D4,5,1.6284748900936947,0.344656345386714,0.14615280296101413,0.14615280296101418,0.2325515390745766,0.6,0.0,0.0,0.0,1.2685610907933025,0.3864072576076567,0.3529072913237957
ccdcd3cff7b49bd59ee308014fd227d358e1bd60e0773139c66458bfa78b91c3,SQX-ADA-M15-ccdcd3cff7b4,ADA,LONG,D5,13,0.7678946067446768,0.16926939261082496,-0.19178910854019582,-0.19178910854019582,0.6885925744666084,0.46153846153846156,0.0,0.0,0.0,1.2685610907933025,0.3864072576076567,0.3529072913237957
ccdcd3cff7b49bd59ee308014fd227d358e1bd60e0773139c66458bfa78b91c3,SQX-ADA-M15-ccdcd3cff7b4,ADA,LONG,D6,3,0.0,-1.0793013202079156,-0.03842899450693434,-0.03842899450693438,0.03842899450693438,0.0,0.0,0.0,0.0,1.2685610907933025,0.3864072576076567,0.3529072913237957
ccdcd3cff7b49bd59ee308014fd227d358e1bd60e0773139c66458bfa78b91c3,SQX-ADA-M15-ccdcd3cff7b4,ADA,LONG,VAL,15,1.2685610907933023,0.38640725760765676,0.02484983392435953,0.024849833924360576,0.08943373608682026,0.6,0.0,0.0,0.0,1.2685610907933025,0.3864072576076567,0.3529072913237957
ccdcd3cff7b49bd59ee308014fd227d358e1bd60e0773139c66458bfa78b91c3,SQX-ADA-M15-ccdcd3cff7b4,ADA,LONG,OOS,7,0.3641256767856882,-0.026989342161523742,-0.07262328321646506,-0.07262328321646516,0.09679205725196938,0.42857142857142855,0.0,0.0,0.0,1.2685610907933025,0.3864072576076567,0.3529072913237957
7bc42dfc4f8e1f822644d9be8585e2c8ff90e04fc9b3c5666087246459f14e3e,SQX-ADA-M15-7bc42dfc4f8e,ADA,SHORT,D1,11,2.2080454659980893,0.0786923531738942,0.025808937062413405,0.025808937062413495,0.04109600937083835,0.6363636363636364,0.0,0.0,0.0,1.769613097284274,0.3252948467491603,0.2121855514884948
7bc42dfc4f8e1f822644d9be8585e2c8ff90e04fc9b3c5666087246459f14e3e,SQX-ADA-M15-7bc42dfc4f8e,ADA,SHORT,D2,21,1.4783976772489245,-0.2295659794129536,0.01079972668388921,0.01079972668388951,0.015056363023699948,0.5714285714285714,0.0,0.0,0.0,1.769613097284274,0.3252948467491603,0.2121855514884948
7bc42dfc4f8e1f822644d9be8585e2c8ff90e04fc9b3c5666087246459f14e3e,SQX-ADA-M15-7bc42dfc4f8e,ADA,SHORT,D3,6,0.39546276573584827,0.13646476886623418,-0.006969829324518781,-0.006969829324518839,0.011529197755705711,0.6666666666666666,0.0,0.0,0.0,1.769613097284274,0.3252948467491603,0.2121855514884948
7bc42dfc4f8e1f822644d9be8585e2c8ff90e04fc9b3c5666087246459f14e3e,SQX-ADA-M15-7bc42dfc4f8e,ADA,SHORT,D4,4,0.031019180484809467,-0.14604203944338076,-0.19706742403577343,-0.19706742403577338,0.202890679439249,0.5,0.0,0.0,0.0,1.769613097284274,0.3252948467491603,0.2121855514884948
7bc42dfc4f8e1f822644d9be8585e2c8ff90e04fc9b3c5666087246459f14e3e,SQX-ADA-M15-7bc42dfc4f8e,ADA,SHORT,D5,11,1.5235001602593563,0.21862655198117958,0.18717107823473267,0.18717107823473333,0.19331275706958273,0.5454545454545454,0.0,0.0,0.0,1.769613097284274,0.3252948467491603,0.2121855514884948
7bc42dfc4f8e1f822644d9be8585e2c8ff90e04fc9b3c5666087246459f14e3e,SQX-ADA-M15-7bc42dfc4f8e,ADA,SHORT,D6,7,0.7853060637035563,-0.30602720674159756,-0.019818717607226664,-0.01981871760722631,0.05497380123339857,0.2857142857142857,0.0,0.0,0.0,1.769613097284274,0.3252948467491603,0.2121855514884948
7bc42dfc4f8e1f822644d9be8585e2c8ff90e04fc9b3c5666087246459f14e3e,SQX-ADA-M15-7bc42dfc4f8e,ADA,SHORT,VAL,14,1.769613097284274,0.32529484674916037,0.08043979931858165,0.0804397993185828,0.10331348769542714,0.6428571428571429,0.0,0.0,0.0,1.769613097284274,0.3252948467491603,0.2121855514884948
7bc42dfc4f8e1f822644d9be8585e2c8ff90e04fc9b3c5666087246459f14e3e,SQX-ADA-M15-7bc42dfc4f8e,ADA,SHORT,OOS,9,1.90389901772934,0.15758897677893866,0.06954905355605058,0.06954905355605101,0.11985205521948195,0.5555555555555556,0.0,0.0,0.0,1.769613097284274,0.3252948467491603,0.2121855514884948
824d00bf03a39f526a8f5e0ab6f4ea4481830cd7fdf50d1cf736db25b373e0bc,SQX-ADA-M15-824d00bf03a3,ADA,LONG,D1,18,1.655354493538231,0.2446627694813269,0.03335392243385052,0.03335392243385127,0.03952707059685667,0.5555555555555556,0.0,0.0,0.0,2.129171456063077,0.2868072192876401,0.4660078052982932
824d00bf03a39f526a8f5e0ab6f4ea4481830cd7fdf50d1cf736db25b373e0bc,SQX-ADA-M15-824d00bf03a3,ADA,LONG,D2,22,1.2662522119172368,-0.514553733076408,0.015022398014580418,0.015022398014580718,0.04226807603643534,0.2727272727272727,0.0,0.0,0.0,2.129171456063077,0.2868072192876401,0.4660078052982932
824d00bf03a39f526a8f5e0ab6f4ea4481830cd7fdf50d1cf736db25b373e0bc,SQX-ADA-M15-824d00bf03a3,ADA,LONG,D3,27,0.7709367493715042,-0.33427093639911915,-0.01085482635601701,-0.010854826356016534,0.02365298909409841,0.37037037037037035,0.0,0.0,0.0,2.129171456063077,0.2868072192876401,0.4660078052982932
824d00bf03a39f526a8f5e0ab6f4ea4481830cd7fdf50d1cf736db25b373e0bc,SQX-ADA-M15-824d00bf03a3,ADA,LONG,D4,35,1.749966733053307,0.48851617102717,0.723169373084512,0.7231693730845132,1.1954777998855364,0.4857142857142857,0.0,0.0,0.0,2.129171456063077,0.2868072192876401,0.4660078052982932
824d00bf03a39f526a8f5e0ab6f4ea4481830cd7fdf50d1cf736db25b373e0bc,SQX-ADA-M15-824d00bf03a3,ADA,LONG,D5,29,1.8007764907306074,0.5380343131097104,0.8697457020907869,0.8697457020907877,0.8892711370699002,0.5172413793103449,0.0,0.0,0.0,2.129171456063077,0.2868072192876401,0.4660078052982932
824d00bf03a39f526a8f5e0ab6f4ea4481830cd7fdf50d1cf736db25b373e0bc,SQX-ADA-M15-824d00bf03a3,ADA,LONG,D6,34,1.7540778635806253,0.28129637432013,0.22741896631953878,0.22741896631954206,0.40345094911827495,0.4117647058823529,0.0,0.0,0.0,2.129171456063077,0.2868072192876401,0.4660078052982932
824d00bf03a39f526a8f5e0ab6f4ea4481830cd7fdf50d1cf736db25b373e0bc,SQX-ADA-M15-824d00bf03a3,ADA,LONG,VAL,43,2.1291714560630766,0.2868072192876401,0.3090292298476158,0.3090292298476196,0.3707557040697913,0.46511627906976744,0.0,0.0,0.0,2.129171456063077,0.2868072192876401,0.4660078052982932
824d00bf03a39f526a8f5e0ab6f4ea4481830cd7fdf50d1cf736db25b373e0bc,SQX-ADA-M15-824d00bf03a3,ADA,LONG,OOS,24,1.157667500990771,-0.13315822702273752,0.02965345656627366,0.029653456566275382,0.1564223932007942,0.4166666666666667,0.0,0.0,0.0,2.129171456063077,0.2868072192876401,0.4660078052982932
d00b5a8a77747f5024304edf97b235f60b5df9f33f324f6b8a5e17640fbc3751,SQX-AVAX-M15-d00b5a8a7774,AVAX,LONG,D1,12,1.2143287792140218,0.18212824842721034,0.16105251322751363,0.16105251322751357,0.3852121693121692,0.6666666666666666,0.0,0.0,0.0,7.064857531518848,0.6123210978431074,0.4942194932948004
d00b5a8a77747f5024304edf97b235f60b5df9f33f324f6b8a5e17640fbc3751,SQX-AVAX-M15-d00b5a8a7774,AVAX,LONG,D2,11,5.1234203640817135,0.2596856854452459,1.2148883597883604,1.2148883597883606,1.212587830687831,0.7272727272727273,0.0,0.0,0.0,7.064857531518848,0.6123210978431074,0.4942194932948004
d00b5a8a77747f5024304edf97b235f60b5df9f33f324f6b8a5e17640fbc3751,SQX-AVAX-M15-d00b5a8a7774,AVAX,LONG,D3,12,2.038429210823083,0.28632242469002706,1.2550730158730197,1.2550730158730192,1.4643063492063524,0.6666666666666666,0.0,0.0,0.0,7.064857531518848,0.6123210978431074,0.4942194932948004
d00b5a8a77747f5024304edf97b235f60b5df9f33f324f6b8a5e17640fbc3751,SQX-AVAX-M15-d00b5a8a7774,AVAX,LONG,D4,5,2.0278623329534344,0.4248612429063476,0.11309259259259248,0.11309259259259252,0.1100269841269842,0.8,0.0,0.0,0.0,7.064857531518848,0.6123210978431074,0.4942194932948004
d00b5a8a77747f5024304edf97b235f60b5df9f33f324f6b8a5e17640fbc3751,SQX-AVAX-M15-d00b5a8a7774,AVAX,LONG,D5,2,0.6120349674082142,-0.12275522388059867,-0.017540740740741276,-0.0175407407407413,0.04521216931216976,0.5,0.0,0.0,0.0,7.064857531518848,0.6123210978431074,0.4942194932948004
d00b5a8a77747f5024304edf97b235f60b5df9f33f324f6b8a5e17640fbc3751,SQX-AVAX-M15-d00b5a8a7774,AVAX,LONG,D6,8,0.6374033302264643,-0.061864768601782236,-0.2437079365079373,-0.2437079365079371,0.5410079365079372,0.5,0.0,0.0,0.0,7.064857531518848,0.6123210978431074,0.4942194932948004
d00b5a8a77747f5024304edf97b235f60b5df9f33f324f6b8a5e17640fbc3751,SQX-AVAX-M15-d00b5a8a7774,AVAX,LONG,VAL,10,7.064857531518848,0.6123210978431074,0.8798888888888874,0.8798888888888876,0.7559211640211625,0.9,0.0,0.0,0.0,7.064857531518848,0.6123210978431074,0.4942194932948004
d00b5a8a77747f5024304edf97b235f60b5df9f33f324f6b8a5e17640fbc3751,SQX-AVAX-M15-d00b5a8a7774,AVAX,LONG,OOS,3,0.012081771903669955,-0.6723190834985662,-0.07783227513227517,-0.07783227513227509,0.07878412698412718,0.3333333333333333,0.0,0.0,0.0,7.064857531518848,0.6123210978431074,0.4942194932948004
84d0595662928b026f35512f5968f86207fd828abb4eb3fa65cd1f3ed64645dc,SQX-AVAX-M15-84d059566292,AVAX,SHORT,D1,2,7.568264972077818,-0.22612965699361776,0.1263296296296299,0.1263296296296299,0.019233333333333325,0.5,0.0,0.0,0.0,2.780120978640897,0.5838413745374269,0.3133709497546664
84d0595662928b026f35512f5968f86207fd828abb4eb3fa65cd1f3ed64645dc,SQX-AVAX-M15-84d059566292,AVAX,SHORT,D2,6,0.9821711825390145,0.20908652247011364,-0.009436375661373286,-0.009436375661373342,0.4318167989417975,0.3333333333333333,0.0,0.0,0.0,2.780120978640897,0.5838413745374269,0.3133709497546664
84d0595662928b026f35512f5968f86207fd828abb4eb3fa65cd1f3ed64645dc,SQX-AVAX-M15-84d059566292,AVAX,SHORT,D3,6,1.2598270775050062,0.2150339724646763,0.1888460317460312,0.18884603174603076,0.7268142857142851,0.3333333333333333,0.0,0.0,0.0,2.780120978640897,0.5838413745374269,0.3133709497546664
84d0595662928b026f35512f5968f86207fd828abb4eb3fa65cd1f3ed64645dc,SQX-AVAX-M15-84d059566292,AVAX,SHORT,D4,19,1.506799558679509,0.4968306612867983,0.1730455026455023,0.17304550264550356,0.1868698412698394,0.42105263157894735,0.0,0.0,0.0,2.780120978640897,0.5838413745374269,0.3133709497546664
84d0595662928b026f35512f5968f86207fd828abb4eb3fa65cd1f3ed64645dc,SQX-AVAX-M15-84d059566292,AVAX,SHORT,D5,9,0.1862221771504671,-0.43086229086178895,-0.1401105820105808,-0.1401105820105809,0.14120634920634945,0.2222222222222222,0.0,0.0,0.0,2.780120978640897,0.5838413745374269,0.3133709497546664
84d0595662928b026f35512f5968f86207fd828abb4eb3fa65cd1f3ed64645dc,SQX-AVAX-M15-84d059566292,AVAX,SHORT,D6,20,1.1546227353932041,-0.1699392898863521,0.03411640211640066,0.034116402116400435,0.17202010582010585,0.25,0.0,0.0,0.0,2.780120978640897,0.5838413745374269,0.3133709497546664
84d0595662928b026f35512f5968f86207fd828abb4eb3fa65cd1f3ed64645dc,SQX-AVAX-M15-84d059566292,AVAX,SHORT,VAL,16,2.780120978640897,0.5838413745374269,0.9652296296296297,0.9652296296296301,0.7439074074074079,0.4375,0.0,0.0,0.0,2.780120978640897,0.5838413745374269,0.3133709497546664
84d0595662928b026f35512f5968f86207fd828abb4eb3fa65cd1f3ed64645dc,SQX-AVAX-M15-84d059566292,AVAX,SHORT,OOS,34,1.3640239069428748,0.08478664536505753,0.10789206349206523,0.10789206349206859,0.18622116402116617,0.35294117647058826,0.0,0.0,0.0,2.780120978640897,0.5838413745374269,0.3133709497546664
4d5503c1c13592902c04dd29c704d5b958233190bfd327bd83c7131c239de093,SQX-AVAX-M15-4d5503c1c135,AVAX,LONG,D1,12,1.0250681806738082,0.01932697720067898,0.02265370370370301,0.0226537037037029,0.5080142857142853,0.4166666666666667,0.0,0.0,0.0,3.125475571958043,0.5069455075373748,0.1994260551944403
4d5503c1c13592902c04dd29c704d5b958233190bfd327bd83c7131c239de093,SQX-AVAX-M15-4d5503c1c135,AVAX,LONG,D2,11,1.325897411632543,0.4127889249883774,0.28242804232804264,0.28242804232804297,0.8159275132275136,0.5454545454545454,0.0,0.0,0.0,3.125475571958043,0.5069455075373748,0.1994260551944403
4d5503c1c13592902c04dd29c704d5b958233190bfd327bd83c7131c239de093,SQX-AVAX-M15-4d5503c1c135,AVAX,LONG,D3,12,2.4492991777460937,0.3251717822505578,1.4802052910052894,1.480205291005288,1.6477719576719552,0.6666666666666666,0.0,0.0,0.0,3.125475571958043,0.5069455075373748,0.1994260551944403
4d5503c1c13592902c04dd29c704d5b958233190bfd327bd83c7131c239de093,SQX-AVAX-M15-4d5503c1c135,AVAX,LONG,D4,5,0.4504942183108265,-0.018923446367062936,-0.13333597883597897,-0.13333597883597903,0.1693407407407408,0.4,0.0,0.0,0.0,3.125475571958043,0.5069455075373748,0.1994260551944403
4d5503c1c13592902c04dd29c704d5b958233190bfd327bd83c7131c239de093,SQX-AVAX-M15-4d5503c1c135,AVAX,LONG,D5,2,1.4630541871921179,0.3297649253731393,0.013279365079365026,0.013279365079365002,0.02867777777777769,0.5,0.0,0.0,0.0,3.125475571958043,0.5069455075373748,0.1994260551944403
4d5503c1c13592902c04dd29c704d5b958233190bfd327bd83c7131c239de093,SQX-AVAX-M15-4d5503c1c135,AVAX,LONG,D6,8,0.46433029722977043,-0.0796036880249543,-0.46566560846560895,-0.4656656084656088,0.5824878306878307,0.375,0.0,0.0,0.0,3.125475571958043,0.5069455075373748,0.1994260551944403
4d5503c1c13592902c04dd29c704d5b958233190bfd327bd83c7131c239de093,SQX-AVAX-M15-4d5503c1c135,AVAX,LONG,VAL,10,3.125475571958043,0.5069455075373748,0.6411322751322736,0.6411322751322741,0.4547306878306867,0.7,0.0,0.0,0.0,3.125475571958043,0.5069455075373748,0.1994260551944403
4d5503c1c13592902c04dd29c704d5b958233190bfd327bd83c7131c239de093,SQX-AVAX-M15-4d5503c1c135,AVAX,LONG,OOS,3,0.0827736072698537,-0.5212977307777028,-0.05158888888888876,-0.051588888888888684,0.05624444444444432,0.3333333333333333,0.0,0.0,0.0,3.125475571958043,0.5069455075373748,0.1994260551944403
deafc67f8d6b43be555f2e043274d771d7f9cc363cb353cc354ebb824a354605,SQX-AVAX-M15-deafc67f8d6b,AVAX,LONG,D1,7,1.6268770742332324,0.6206909422455649,0.1479374338624329,0.1479374338624333,0.235991137566138,0.7142857142857143,0.0,0.0,0.0,1.2038427690486369,0.4602657262228454,0.2317553878772536
deafc67f8d6b43be555f2e043274d771d7f9cc363cb353cc354ebb824a354605,SQX-AVAX-M15-deafc67f8d6b,AVAX,LONG,D2,10,0.3571904989642682,-0.37283495368040154,-0.9550846560846552,-0.9550846560846551,1.348629100529101,0.3,0.0,0.0,0.0,1.2038427690486369,0.4602657262228454,0.2317553878772536
deafc67f8d6b43be555f2e043274d771d7f9cc363cb353cc354ebb824a354605,SQX-AVAX-M15-deafc67f8d6b,AVAX,LONG,D3,8,1.4379989502896808,0.3707619556757784,0.4115169312169291,0.4115169312169291,0.5547994708994701,0.625,0.0,0.0,0.0,1.2038427690486369,0.4602657262228454,0.2317553878772536
deafc67f8d6b43be555f2e043274d771d7f9cc363cb353cc354ebb824a354605,SQX-AVAX-M15-deafc67f8d6b,AVAX,LONG,D4,4,0.14615490628445368,-0.6677274518657628,-0.12456560846560855,-0.1245656084656086,0.1245656084656086,0.25,0.0,0.0,0.0,1.2038427690486369,0.4602657262228454,0.2317553878772536
deafc67f8d6b43be555f2e043274d771d7f9cc363cb353cc354ebb824a354605,SQX-AVAX-M15-deafc67f8d6b,AVAX,LONG,D5,18,0.8928999882536192,0.11296412629735404,-0.029427513227513892,-0.029427513227513247,0.17341798941798858,0.5,0.0,0.0,0.0,1.2038427690486369,0.4602657262228454,0.2317553878772536
deafc67f8d6b43be555f2e043274d771d7f9cc363cb353cc354ebb824a354605,SQX-AVAX-M15-deafc67f8d6b,AVAX,LONG,D6,15,0.6522175111493733,-0.23781903356217474,-0.32150264550264085,-0.32150264550264074,0.6173566137566113,0.4,0.0,0.0,0.0,1.2038427690486369,0.4602657262228454,0.2317553878772536
deafc67f8d6b43be555f2e043274d771d7f9cc363cb353cc354ebb824a354605,SQX-AVAX-M15-deafc67f8d6b,AVAX,LONG,VAL,14,1.2038427690486369,0.46026572622284545,0.1721883597883574,0.17218835978835734,0.6915227513227525,0.6428571428571429,0.0,0.0,0.0,1.2038427690486369,0.4602657262228454,0.2317553878772536
deafc67f8d6b43be555f2e043274d771d7f9cc363cb353cc354ebb824a354605,SQX-AVAX-M15-deafc67f8d6b,AVAX,LONG,OOS,8,0.6622107359635886,-0.10577716369081469,-0.037689417989417065,-0.03768941798941716,0.06811005291005212,0.375,0.0,0.0,0.0,1.2038427690486369,0.4602657262228454,0.2317553878772536
322f3b805e404581d72f80c9d19f4da40c2ca165009f5cd8a7fee82b66ddefb8,SQX-AVAX-M15-322f3b805e40,AVAX,LONG,D1,10,0.048511867396579235,-0.724248013416771,-0.31878703703703704,-0.31878703703703715,0.31878703703703715,0.1,0.0,0.0,0.0,1.818243124789661,0.4493421293497043,0.1511170231754766
322f3b805e404581d72f80c9d19f4da40c2ca165009f5cd8a7fee82b66ddefb8,SQX-AVAX-M15-322f3b805e40,AVAX,LONG,D2,14,0.25379228200636167,-0.49556198339969615,-0.833995502645504,-0.8339955026455044,1.0694447089947092,0.14285714285714285,0.0,0.0,0.0,1.818243124789661,0.4493421293497043,0.1511170231754766
322f3b805e404581d72f80c9d19f4da40c2ca165009f5cd8a7fee82b66ddefb8,SQX-AVAX-M15-322f3b805e40,AVAX,LONG,D3,14,1.1675308611711088,0.4807352019637024,0.2928894179894168,0.2928894179894166,0.9911142857142876,0.42857142857142855,0.0,0.0,0.0,1.818243124789661,0.4493421293497043,0.1511170231754766
322f3b805e404581d72f80c9d19f4da40c2ca165009f5cd8a7fee82b66ddefb8,SQX-AVAX-M15-322f3b805e40,AVAX,LONG,D4,9,1.0543972120462384,0.19026127899911757,0.014519047619046196,0.01451904761904621,0.14833492063492104,0.3333333333333333,0.0,0.0,0.0,1.818243124789661,0.4493421293497043,0.1511170231754766
322f3b805e404581d72f80c9d19f4da40c2ca165009f5cd8a7fee82b66ddefb8,SQX-AVAX-M15-322f3b805e40,AVAX,LONG,D5,12,1.054545995411432,0.0007634407268877763,0.01552275132275242,0.015522751322753159,0.1563777777777774,0.3333333333333333,0.0,0.0,0.0,1.818243124789661,0.4493421293497043,0.1511170231754766
322f3b805e404581d72f80c9d19f4da40c2ca165009f5cd8a7fee82b66ddefb8,SQX-AVAX-M15-322f3b805e40,AVAX,LONG,D6,11,1.8631914810319845,0.29513845448322346,0.27998095238095216,0.27998095238095244,0.4261878306878306,0.36363636363636365,0.0,0.0,0.0,1.818243124789661,0.4493421293497043,0.1511170231754766
322f3b805e404581d72f80c9d19f4da40c2ca165009f5cd8a7fee82b66ddefb8,SQX-AVAX-M15-322f3b805e40,AVAX,LONG,VAL,15,1.8182431247896613,0.4493421293497043,0.6766455026455035,0.676645502645504,0.8172280423280434,0.4,0.0,0.0,0.0,1.818243124789661,0.4493421293497043,0.1511170231754766
322f3b805e404581d72f80c9d19f4da40c2ca165009f5cd8a7fee82b66ddefb8,SQX-AVAX-M15-322f3b805e40,AVAX,LONG,OOS,6,0.0,-1.0436355820112417,-0.15440793650793644,-0.1544079365079365,0.1544079365079365,0.0,0.0,0.0,0.0,1.818243124789661,0.4493421293497043,0.1511170231754766
93083a51c67526fd317a08271c0e3532236b137d32e49aedc38f27c6bb9e7018,SQX-AVAX-M15-93083a51c675,AVAX,SHORT,D1,12,1.5946852031646326,0.46095230695176087,0.19493544973544918,0.1949354497354494,0.311375661375661,0.4166666666666667,0.0,0.0,0.0,3.2512443794755934,0.4308021373403108,0.3093724532264124
93083a51c67526fd317a08271c0e3532236b137d32e49aedc38f27c6bb9e7018,SQX-AVAX-M15-93083a51c675,AVAX,SHORT,D2,15,1.9038398262700778,0.10729610791044907,0.4360238095238125,0.43602380952381337,0.5686698412698448,0.3333333333333333,0.0,0.0,0.0,3.2512443794755934,0.4308021373403108,0.3093724532264124
93083a51c67526fd317a08271c0e3532236b137d32e49aedc38f27c6bb9e7018,SQX-AVAX-M15-93083a51c675,AVAX,SHORT,D3,7,1.4166538083109848,0.41936767599377534,0.22002275132275562,0.22002275132275573,0.32341534391533944,0.42857142857142855,0.0,0.0,0.0,3.2512443794755934,0.4308021373403108,0.3093724532264124
93083a51c67526fd317a08271c0e3532236b137d32e49aedc38f27c6bb9e7018,SQX-AVAX-M15-93083a51c675,AVAX,SHORT,D4,23,1.375407592231513,0.1824068364243506,0.1442470899470904,0.14424708994709223,0.2220328042328048,0.30434782608695654,0.0,0.0,0.0,3.2512443794755934,0.4308021373403108,0.3093724532264124
93083a51c67526fd317a08271c0e3532236b137d32e49aedc38f27c6bb9e7018,SQX-AVAX-M15-93083a51c675,AVAX,SHORT,D5,18,0.37434448913652585,-0.24089223034743393,-0.2606444444444427,-0.2606444444444428,0.2623095238095231,0.2777777777777778,0.0,0.0,0.0,3.2512443794755934,0.4308021373403108,0.3093724532264124
93083a51c67526fd317a08271c0e3532236b137d32e49aedc38f27c6bb9e7018,SQX-AVAX-M15-93083a51c675,AVAX,SHORT,D6,11,0.4672024248204503,-0.35258274243061655,-0.15606402116402118,-0.1560640211640213,0.18235820105820133,0.2727272727272727,0.0,0.0,0.0,3.2512443794755934,0.4308021373403108,0.3093724532264124
93083a51c67526fd317a08271c0e3532236b137d32e49aedc38f27c6bb9e7018,SQX-AVAX-M15-93083a51c675,AVAX,SHORT,VAL,18,3.2512443794755934,0.4308021373403108,0.8368423280423263,0.8368423280423274,0.9103354497354492,0.5,0.0,0.0,0.0,3.2512443794755934,0.4308021373403108,0.3093724532264124
93083a51c67526fd317a08271c0e3532236b137d32e49aedc38f27c6bb9e7018,SQX-AVAX-M15-93083a51c675,AVAX,SHORT,OOS,22,0.40311858795338606,-0.46135136582057146,-0.10912539682539553,-0.10912539682539524,0.12610582010581928,0.2727272727272727,0.0,0.0,0.0,3.2512443794755934,0.4308021373403108,0.3093724532264124
6a4dfd8ab26420006c165b8f614580cf3e7f76048abc80e8f01d86af85672663,SQX-AVAX-M15-6a4dfd8ab264,AVAX,LONG,D1,12,1.3635888362323014,0.22021374737868407,0.246999603174603,0.24699960317460312,0.5848595238095236,0.4166666666666667,0.0,0.0,0.0,2.062053621247624,0.3244057581036189,0.3639059319229957
6a4dfd8ab26420006c165b8f614580cf3e7f76048abc80e8f01d86af85672663,SQX-AVAX-M15-6a4dfd8ab264,AVAX,LONG,D2,11,1.1116983777142309,0.34230442523703,0.1095246031746035,0.109524603174604,0.9112317460317467,0.45454545454545453,0.0,0.0,0.0,2.062053621247624,0.3244057581036189,0.3639059319229957
6a4dfd8ab26420006c165b8f614580cf3e7f76048abc80e8f01d86af85672663,SQX-AVAX-M15-6a4dfd8ab264,AVAX,LONG,D3,12,1.4879754472305269,0.4424696077275522,0.7617529100529103,0.7617529100529099,0.8876529100529098,0.5833333333333334,0.0,0.0,0.0,2.062053621247624,0.3244057581036189,0.3639059319229957
6a4dfd8ab26420006c165b8f614580cf3e7f76048abc80e8f01d86af85672663,SQX-AVAX-M15-6a4dfd8ab264,AVAX,LONG,D4,5,0.1631659209598747,-0.42523126182275367,-0.18465873015873085,-0.1846587301587309,0.22066349206349267,0.2,0.0,0.0,0.0,2.062053621247624,0.3244057581036189,0.3639059319229957
6a4dfd8ab26420006c165b8f614580cf3e7f76048abc80e8f01d86af85672663,SQX-AVAX-M15-6a4dfd8ab264,AVAX,LONG,D5,2,1.5264191257146154,0.462074626865678,0.014469841269841213,0.014469841269841188,0.027487301587301505,0.5,0.0,0.0,0.0,2.062053621247624,0.3244057581036189,0.3639059319229957
6a4dfd8ab26420006c165b8f614580cf3e7f76048abc80e8f01d86af85672663,SQX-AVAX-M15-6a4dfd8ab264,AVAX,LONG,D6,8,0.618040635784766,0.10219508263339602,-0.24946190476190483,-0.24946190476190477,0.4373158730158727,0.375,0.0,0.0,0.0,2.062053621247624,0.3244057581036189,0.3639059319229957
6a4dfd8ab26420006c165b8f614580cf3e7f76048abc80e8f01d86af85672663,SQX-AVAX-M15-6a4dfd8ab264,AVAX,LONG,VAL,10,2.062053621247624,0.32440575810361894,0.4028386243386234,0.40283862433862394,0.3107894179894173,0.5,0.0,0.0,0.0,2.062053621247624,0.3244057581036189,0.3639059319229957
6a4dfd8ab26420006c165b8f614580cf3e7f76048abc80e8f01d86af85672663,SQX-AVAX-M15-6a4dfd8ab264,AVAX,LONG,OOS,3,0.0,-1.0443769993390584,-0.06654920634920666,-0.06654920634920669,0.06654920634920669,0.0,0.0,0.0,0.0,2.062053621247624,0.3244057581036189,0.3639059319229957
c26c33a01fddc2b43eaa717361fa9a1ed1b610d96eefc75404339362b43727c4,SQX-AVAX-M15-c26c33a01fdd,AVAX,LONG,D1,26,1.045822609864967,0.35344450547874023,0.024340079365078704,0.024340079365079426,0.40089126984127055,0.6153846153846154,0.0,0.0,0.0,1.2765604886777857,0.3239875160950156,0.3242854649375833
c26c33a01fddc2b43eaa717361fa9a1ed1b610d96eefc75404339362b43727c4,SQX-AVAX-M15-c26c33a01fdd,AVAX,LONG,D2,33,1.400537990987338,-0.026541778101266556,0.7057649470899423,0.7057649470899432,1.1269228835978824,0.42424242424242425,0.0,0.0,0.0,1.2765604886777857,0.3239875160950156,0.3242854649375833
c26c33a01fddc2b43eaa717361fa9a1ed1b610d96eefc75404339362b43727c4,SQX-AVAX-M15-c26c33a01fdd,AVAX,LONG,D3,22,0.9769022774152575,0.05592029925431518,-0.06609629629629164,-0.06609629629629199,1.238071957671956,0.45454545454545453,0.0,0.0,0.0,1.2765604886777857,0.3239875160950156,0.3242854649375833
c26c33a01fddc2b43eaa717361fa9a1ed1b610d96eefc75404339362b43727c4,SQX-AVAX-M15-c26c33a01fdd,AVAX,LONG,D4,31,1.1828140233263102,0.022122744463093872,0.12362116402116623,0.12362116402116885,0.44737513227513426,0.45161290322580644,0.0,0.0,0.0,1.2765604886777857,0.3239875160950156,0.3242854649375833
c26c33a01fddc2b43eaa717361fa9a1ed1b610d96eefc75404339362b43727c4,SQX-AVAX-M15-c26c33a01fdd,AVAX,LONG,D5,26,0.7963111870539745,-0.1456108943511515,-0.09006666666666688,-0.09006666666666696,0.15069523809523733,0.38461538461538464,0.0,0.0,0.0,1.2765604886777857,0.3239875160950156,0.3242854649375833
c26c33a01fddc2b43eaa717361fa9a1ed1b610d96eefc75404339362b43727c4,SQX-AVAX-M15-c26c33a01fdd,AVAX,LONG,D6,17,1.5464540956569548,0.26642925507652704,0.26664444444444485,0.26664444444444535,0.28545238095238035,0.5294117647058824,0.0,0.0,0.0,1.2765604886777857,0.3239875160950156,0.3242854649375833
c26c33a01fddc2b43eaa717361fa9a1ed1b610d96eefc75404339362b43727c4,SQX-AVAX-M15-c26c33a01fdd,AVAX,LONG,VAL,47,1.2765604886777857,0.32398751609501564,0.5535994708994747,0.5535994708994749,0.8021190476190475,0.574468085106383,0.0,0.0,0.0,1.2765604886777857,0.3239875160950156,0.3242854649375833
c26c33a01fddc2b43eaa717361fa9a1ed1b610d96eefc75404339362b43727c4,SQX-AVAX-M15-c26c33a01fdd,AVAX,LONG,OOS,17,1.3361160117352195,0.17281437290932958,0.05413121693121746,0.05413121693121781,0.13128571428571367,0.5294117647058824,0.0,0.0,0.0,1.2765604886777857,0.3239875160950156,0.3242854649375833
671f3d1c114e471afe2bf4e6f4988c3c56c9aec80d1111472b8ed1b5690688ae,SQX-AVAX-M15-671f3d1c114e,AVAX,LONG,D1,31,0.4870536665809965,-0.1707712665215937,-0.9712353174603151,-0.971235317460315,1.0927584656084641,0.4838709677419355,0.0,0.0,0.0,2.4449214378644912,0.3030118351494168,0.2819197443852924
671f3d1c114e471afe2bf4e6f4988c3c56c9aec80d1111472b8ed1b5690688ae,SQX-AVAX-M15-671f3d1c114e,AVAX,LONG,D2,30,0.682558657976004,0.011733320528003858,-1.1250357142857177,-1.125035714285717,1.7069917989418024,0.5666666666666667,0.0,0.0,0.0,2.4449214378644912,0.3030118351494168,0.2819197443852924
671f3d1c114e471afe2bf4e6f4988c3c56c9aec80d1111472b8ed1b5690688ae,SQX-AVAX-M15-671f3d1c114e,AVAX,LONG,D3,29,1.306142180061692,0.05170861680881216,1.2061089947090058,1.2061089947090036,2.10544021164021,0.5862068965517241,0.0,0.0,0.0,2.4449214378644912,0.3030118351494168,0.2819197443852924
671f3d1c114e471afe2bf4e6f4988c3c56c9aec80d1111472b8ed1b5690688ae,SQX-AVAX-M15-671f3d1c114e,AVAX,LONG,D4,23,0.9722164607276448,0.0001584681700443757,-0.02076613756613925,-0.02076613756613921,0.34340317460317493,0.5652173913043478,0.0,0.0,0.0,2.4449214378644912,0.3030118351494168,0.2819197443852924
671f3d1c114e471afe2bf4e6f4988c3c56c9aec80d1111472b8ed1b5690688ae,SQX-AVAX-M15-671f3d1c114e,AVAX,LONG,D5,18,1.097832805739222,-0.03229862159026475,0.024871428571427767,0.024871428571429544,0.16036666666666677,0.5555555555555556,0.0,0.0,0.0,2.4449214378644912,0.3030118351494168,0.2819197443852924
671f3d1c114e471afe2bf4e6f4988c3c56c9aec80d1111472b8ed1b5690688ae,SQX-AVAX-M15-671f3d1c114e,AVAX,LONG,D6,21,1.1938758638522835,0.17827588658158536,0.1650285714285733,0.1650285714285744,0.517673015873016,0.6666666666666666,0.0,0.0,0.0,2.4449214378644912,0.3030118351494168,0.2819197443852924
671f3d1c114e471afe2bf4e6f4988c3c56c9aec80d1111472b8ed1b5690688ae,SQX-AVAX-M15-671f3d1c114e,AVAX,LONG,VAL,37,2.4449214378644912,0.3030118351494168,1.6805888888888867,1.6805888888888822,1.8097957671957596,0.7297297297297297,0.0,0.0,0.0,2.4449214378644912,0.3030118351494168,0.2819197443852924
671f3d1c114e471afe2bf4e6f4988c3c56c9aec80d1111472b8ed1b5690688ae,SQX-AVAX-M15-671f3d1c114e,AVAX,LONG,OOS,28,0.6284054552356176,-0.20491276414391063,-0.14502804232804134,-0.14502804232804167,0.1512814814814809,0.4642857142857143,0.0,0.0,0.0,2.4449214378644912,0.3030118351494168,0.2819197443852924
7c42371b99be75dd71e73bca9c8236e7fce2e3b8becd52379c261108d97f8922,SQX-AVAX-M15-7c42371b99be,AVAX,LONG,D1,8,0.7875478191849264,0.24192257058254102,-0.05183293650793654,-0.05183293650793608,0.24397460317460307,0.75,0.0,0.0,0.0,3.193929842542344,0.2706801264442343,0.1559813186614154
7c42371b99be75dd71e73bca9c8236e7fce2e3b8becd52379c261108d97f8922,SQX-AVAX-M15-7c42371b99be,AVAX,LONG,D2,12,1.0608903901926614,0.01092853689580058,0.05259947089947087,0.05259947089947126,0.4138997354497357,0.5833333333333334,0.0,0.0,0.0,3.193929842542344,0.2706801264442343,0.1559813186614154
7c42371b99be75dd71e73bca9c8236e7fce2e3b8becd52379c261108d97f8922,SQX-AVAX-M15-7c42371b99be,AVAX,LONG,D3,8,1.3369989193318144,0.08845244459472162,0.19981058201057691,0.19981058201057644,0.4406603174603161,0.625,0.0,0.0,0.0,3.193929842542344,0.2706801264442343,0.1559813186614154
7c42371b99be75dd71e73bca9c8236e7fce2e3b8becd52379c261108d97f8922,SQX-AVAX-M15-7c42371b99be,AVAX,LONG,D4,4,0.7683688271280625,0.27985681420005637,-0.01748888888888795,-0.017488888888888,0.07550317460317435,0.75,0.0,0.0,0.0,3.193929842542344,0.2706801264442343,0.1559813186614154
7c42371b99be75dd71e73bca9c8236e7fce2e3b8becd52379c261108d97f8922,SQX-AVAX-M15-7c42371b99be,AVAX,LONG,D5,19,0.33520349902576585,-0.29178887293754074,-0.24858148148148274,-0.24858148148148296,0.27813068783068917,0.42105263157894735,0.0,0.0,0.0,3.193929842542344,0.2706801264442343,0.1559813186614154
7c42371b99be75dd71e73bca9c8236e7fce2e3b8becd52379c261108d97f8922,SQX-AVAX-M15-7c42371b99be,AVAX,LONG,D6,17,0.4031400475262699,-0.21206449703894203,-0.5298502645502616,-0.5298502645502613,0.6382560846560827,0.47058823529411764,0.0,0.0,0.0,3.193929842542344,0.2706801264442343,0.1559813186614154
7c42371b99be75dd71e73bca9c8236e7fce2e3b8becd52379c261108d97f8922,SQX-AVAX-M15-7c42371b99be,AVAX,LONG,VAL,15,3.193929842542344,0.2706801264442343,0.6614338624338623,0.6614338624338636,0.4718576719576739,0.7333333333333333,0.0,0.0,0.0,3.193929842542344,0.2706801264442343,0.1559813186614154
7c42371b99be75dd71e73bca9c8236e7fce2e3b8becd52379c261108d97f8922,SQX-AVAX-M15-7c42371b99be,AVAX,LONG,OOS,9,1.1703004613475185,0.11385006061783673,0.011542857142857736,0.011542857142857965,0.04968359788359733,0.6666666666666666,0.0,0.0,0.0,3.193929842542344,0.2706801264442343,0.1559813186614154
1de87d885f2f5f466523ac120130649510cc99968267fa3cf9f65b74a8b3529f,SQX-BNB-M15-1de87d885f2f,BNB,LONG,D1,10,1.640014467968555,0.0719109793350575,0.3063109243697497,0.30631092436975016,0.4382592436974799,0.6,0.0,0.0,0.0,14.339402424251086,0.618392036623047,0.1086678041794859
1de87d885f2f5f466523ac120130649510cc99968267fa3cf9f65b74a8b3529f,SQX-BNB-M15-1de87d885f2f,BNB,LONG,D2,14,0.3399593734855305,-0.5046705483325332,-0.5379109243697445,-0.5379109243697446,0.5379109243697446,0.2857142857142857,0.0,0.0,0.0,14.339402424251086,0.618392036623047,0.1086678041794859
1de87d885f2f5f466523ac120130649510cc99968267fa3cf9f65b74a8b3529f,SQX-BNB-M15-1de87d885f2f,BNB,LONG,D3,8,9.293424895904792,0.5670254584227108,0.6728546218487459,0.6728546218487466,0.6861798319327772,0.875,0.0,0.0,0.0,14.339402424251086,0.618392036623047,0.1086678041794859
1de87d885f2f5f466523ac120130649510cc99968267fa3cf9f65b74a8b3529f,SQX-BNB-M15-1de87d885f2f,BNB,LONG,D4,8,9.330651486701512,0.34163222270982235,1.1781361344537773,1.1781361344537773,0.689397478991594,0.75,0.0,0.0,0.0,14.339402424251086,0.618392036623047,0.1086678041794859
1de87d885f2f5f466523ac120130649510cc99968267fa3cf9f65b74a8b3529f,SQX-BNB-M15-1de87d885f2f,BNB,LONG,D5,2,5.134994962093196,-0.10029470320832795,7.300771428571469,7.300771428571469,9.066377310924397,0.5,0.0,0.0,0.0,14.339402424251086,0.618392036623047,0.1086678041794859
1de87d885f2f5f466523ac120130649510cc99968267fa3cf9f65b74a8b3529f,SQX-BNB-M15-1de87d885f2f,BNB,LONG,D6,5,0.057264630323927805,-0.6409727006222863,-5.380550420168112,-5.380550420168112,5.707381512605061,0.2,0.0,0.0,0.0,14.339402424251086,0.618392036623047,0.1086678041794859
1de87d885f2f5f466523ac120130649510cc99968267fa3cf9f65b74a8b3529f,SQX-BNB-M15-1de87d885f2f,BNB,LONG,VAL,10,14.339402424251086,0.618392036623047,4.635957983193251,4.635957983193251,3.796521848739486,0.9,0.0,0.0,0.0,14.339402424251086,0.618392036623047,0.1086678041794859
1de87d885f2f5f466523ac120130649510cc99968267fa3cf9f65b74a8b3529f,SQX-BNB-M15-1de87d885f2f,BNB,LONG,OOS,2,0.0,-1.0003844097079466,-5.1436067226891256,-5.1436067226891256,5.1436067226891256,0.0,0.0,0.0,0.0,14.339402424251086,0.618392036623047,0.1086678041794859
80e69762fc8f5081556001d08c6e1853493275c2bc62f3f2d67b0f91ad29589d,SQX-BNB-M15-80e69762fc8f,BNB,LONG,D1,16,1.552270451734493,0.14361267192738736,0.21275546218487384,0.21275546218487507,0.39309537815126117,0.5,0.0,0.0,0.0,1.3868020081702377,0.4713408720815744,0.3508612391082722
80e69762fc8f5081556001d08c6e1853493275c2bc62f3f2d67b0f91ad29589d,SQX-BNB-M15-80e69762fc8f,BNB,LONG,D2,31,0.47901118340634447,-0.37903599586294434,-0.4901500000000001,-0.4901500000000004,0.6252836134453779,0.25806451612903225,0.0,0.0,0.0,1.3868020081702377,0.4713408720815744,0.3508612391082722
80e69762fc8f5081556001d08c6e1853493275c2bc62f3f2d67b0f91ad29589d,SQX-BNB-M15-80e69762fc8f,BNB,LONG,D3,14,1.5419111736071165,0.31327505504433545,0.1739084033613406,0.17390840336134206,0.2633168067226883,0.5714285714285714,0.0,0.0,0.0,1.3868020081702377,0.4713408720815744,0.3508612391082722
80e69762fc8f5081556001d08c6e1853493275c2bc62f3f2d67b0f91ad29589d,SQX-BNB-M15-80e69762fc8f,BNB,LONG,D4,7,7.55769565033568,0.3228511579734729,1.759559243697479,1.7595592436974794,0.432358403361345,0.5714285714285714,0.0,0.0,0.0,1.3868020081702377,0.4713408720815744,0.3508612391082722
80e69762fc8f5081556001d08c6e1853493275c2bc62f3f2d67b0f91ad29589d,SQX-BNB-M15-80e69762fc8f,BNB,LONG,D5,12,2.749011248844705,0.4979860576013187,14.082897478991631,14.082897478991633,13.152824369747877,0.6666666666666666,0.0,0.0,0.0,1.3868020081702377,0.4713408720815744,0.3508612391082722
80e69762fc8f5081556001d08c6e1853493275c2bc62f3f2d67b0f91ad29589d,SQX-BNB-M15-80e69762fc8f,BNB,LONG,D6,7,0.21544404480456011,-0.5249971641770232,-3.4852915966386506,-3.4852915966386506,3.7031798319327662,0.14285714285714285,0.0,0.0,0.0,1.3868020081702377,0.4713408720815744,0.3508612391082722
80e69762fc8f5081556001d08c6e1853493275c2bc62f3f2d67b0f91ad29589d,SQX-BNB-M15-80e69762fc8f,BNB,LONG,VAL,19,1.3868020081702375,0.47134087208157444,1.8064294117647521,1.8064294117647517,3.123054621848773,0.631578947368421,0.0,0.0,0.0,1.3868020081702377,0.4713408720815744,0.3508612391082722
80e69762fc8f5081556001d08c6e1853493275c2bc62f3f2d67b0f91ad29589d,SQX-BNB-M15-80e69762fc8f,BNB,LONG,OOS,1,0.0,-1.0002932840418943,-3.0695974789915668,-3.0695974789915668,3.0695974789915668,0.0,0.0,0.0,0.0,1.3868020081702377,0.4713408720815744,0.3508612391082722
73217bd31f2c7c86eb7132966b54170ced55a65ca08b1b3daa823bb1bc8d40fc,SQX-BNB-M15-73217bd31f2c,BNB,LONG,D1,9,0.6121198719366212,-0.12838487433623577,-0.1695117647058828,-0.1695117647058828,0.3090210084033619,0.4444444444444444,0.0,0.0,0.0,3.320395910327619,0.4433386866767785,0.2302732428357748
73217bd31f2c7c86eb7132966b54170ced55a65ca08b1b3daa823bb1bc8d40fc,SQX-BNB-M15-73217bd31f2c,BNB,LONG,D2,12,2.4363868840679093,0.15095269235779996,0.5711327731092398,0.5711327731092402,0.569495798319327,0.5833333333333334,0.0,0.0,0.0,3.320395910327619,0.4433386866767785,0.2302732428357748
73217bd31f2c7c86eb7132966b54170ced55a65ca08b1b3daa823bb1bc8d40fc,SQX-BNB-M15-73217bd31f2c,BNB,LONG,D3,11,3.2562280187573274,0.2606829825013735,0.5951588235294122,0.5951588235294132,0.6936403361344545,0.6363636363636364,0.0,0.0,0.0,3.320395910327619,0.4433386866767785,0.2302732428357748
73217bd31f2c7c86eb7132966b54170ced55a65ca08b1b3daa823bb1bc8d40fc,SQX-BNB-M15-73217bd31f2c,BNB,LONG,D4,14,1.5245309645140361,-0.0065747367147827186,2.5593747899159616,2.5593747899159616,6.354736974789926,0.5,0.0,0.0,0.0,3.320395910327619,0.4433386866767785,0.2302732428357748
73217bd31f2c7c86eb7132966b54170ced55a65ca08b1b3daa823bb1bc8d40fc,SQX-BNB-M15-73217bd31f2c,BNB,LONG,D5,16,5.150113961322458,0.49964991573491596,33.21585210084032,33.21585210084031,35.19154201680668,0.75,0.0,0.0,0.0,3.320395910327619,0.4433386866767785,0.2302732428357748
73217bd31f2c7c86eb7132966b54170ced55a65ca08b1b3daa823bb1bc8d40fc,SQX-BNB-M15-73217bd31f2c,BNB,LONG,D6,7,0.7072579190083571,-0.1436629399429352,-1.6197453781512263,-1.6197453781512263,3.7851126050419674,0.42857142857142855,0.0,0.0,0.0,3.320395910327619,0.4433386866767785,0.2302732428357748
73217bd31f2c7c86eb7132966b54170ced55a65ca08b1b3daa823bb1bc8d40fc,SQX-BNB-M15-73217bd31f2c,BNB,LONG,VAL,18,3.320395910327619,0.4433386866767785,11.3199344537815,11.319934453781501,8.592442016806709,0.7222222222222222,0.0,0.0,0.0,3.320395910327619,0.4433386866767785,0.2302732428357748
73217bd31f2c7c86eb7132966b54170ced55a65ca08b1b3daa823bb1bc8d40fc,SQX-BNB-M15-73217bd31f2c,BNB,LONG,OOS,5,6.342698667903899,0.599710199414434,15.947600840336188,15.947600840336186,14.283914285714278,0.8,0.0,0.0,0.0,3.320395910327619,0.4433386866767785,0.2302732428357748
1353562862cdba28e74a6c5d50121f944f0f7e0d12f82d93c69608763b66c9fb,SQX-BNB-M15-1353562862cd,BNB,LONG,D1,9,0.6121198719366212,-0.12838487433623577,-0.1695117647058828,-0.1695117647058828,0.3090210084033619,0.4444444444444444,0.0,0.0,0.0,3.320395910327619,0.4433386866767785,0.1995880657266987
1353562862cdba28e74a6c5d50121f944f0f7e0d12f82d93c69608763b66c9fb,SQX-BNB-M15-1353562862cd,BNB,LONG,D2,12,2.329320638677823,0.08958233813964774,0.5285613445378111,0.5285613445378115,0.5269243697478982,0.5833333333333334,0.0,0.0,0.0,3.320395910327619,0.4433386866767785,0.1995880657266987
1353562862cdba28e74a6c5d50121f944f0f7e0d12f82d93c69608763b66c9fb,SQX-BNB-M15-1353562862cd,BNB,LONG,D3,11,3.2562280187573274,0.2606829825013735,0.5951588235294122,0.5951588235294132,0.6936403361344545,0.6363636363636364,0.0,0.0,0.0,3.320395910327619,0.4433386866767785,0.1995880657266987
1353562862cdba28e74a6c5d50121f944f0f7e0d12f82d93c69608763b66c9fb,SQX-BNB-M15-1353562862cd,BNB,LONG,D4,14,1.5245309645140361,-0.0065747367147827186,2.5593747899159616,2.5593747899159616,6.354736974789926,0.5,0.0,0.0,0.0,3.320395910327619,0.4433386866767785,0.1995880657266987
1353562862cdba28e74a6c5d50121f944f0f7e0d12f82d93c69608763b66c9fb,SQX-BNB-M15-1353562862cd,BNB,LONG,D5,16,5.150113961322458,0.49964991573491596,33.21585210084032,33.21585210084031,35.19154201680668,0.75,0.0,0.0,0.0,3.320395910327619,0.4433386866767785,0.1995880657266987
1353562862cdba28e74a6c5d50121f944f0f7e0d12f82d93c69608763b66c9fb,SQX-BNB-M15-1353562862cd,BNB,LONG,D6,7,0.7072579190083571,-0.1436629399429352,-1.6197453781512263,-1.6197453781512263,3.7851126050419674,0.42857142857142855,0.0,0.0,0.0,3.320395910327619,0.4433386866767785,0.1995880657266987
1353562862cdba28e74a6c5d50121f944f0f7e0d12f82d93c69608763b66c9fb,SQX-BNB-M15-1353562862cd,BNB,LONG,VAL,18,3.320395910327619,0.4433386866767785,11.3199344537815,11.319934453781501,8.592442016806709,0.7222222222222222,0.0,0.0,0.0,3.320395910327619,0.4433386866767785,0.1995880657266987
1353562862cdba28e74a6c5d50121f944f0f7e0d12f82d93c69608763b66c9fb,SQX-BNB-M15-1353562862cd,BNB,LONG,OOS,5,6.342698667903899,0.599710199414434,15.947600840336188,15.947600840336186,14.283914285714278,0.8,0.0,0.0,0.0,3.320395910327619,0.4433386866767785,0.1995880657266987
50b144fc1f9ebe46d885debd826afbee0c475028cf424a0cdea55fa40793c7a1,SQX-BNB-M15-50b144fc1f9e,BNB,LONG,D1,9,0.8133680821707772,0.014005352736868822,-0.061381512605043195,-0.06138151260504321,0.21665168067226948,0.4444444444444444,0.0,0.0,0.0,2.731183020421104,0.4244515822357096,0.1566072327396417
50b144fc1f9ebe46d885debd826afbee0c475028cf424a0cdea55fa40793c7a1,SQX-BNB-M15-50b144fc1f9e,BNB,LONG,D2,12,1.149181742316007,0.06388756196397703,0.079767226890752,0.07976722689075255,0.36469915966386834,0.5,0.0,0.0,0.0,2.731183020421104,0.4244515822357096,0.1566072327396417
50b144fc1f9ebe46d885debd826afbee0c475028cf424a0cdea55fa40793c7a1,SQX-BNB-M15-50b144fc1f9e,BNB,LONG,D3,11,0.8719111587694405,-0.1675742051496825,-0.06564789915965898,-0.0656478991596583,0.2490983193277293,0.36363636363636365,0.0,0.0,0.0,2.731183020421104,0.4244515822357096,0.1566072327396417
50b144fc1f9ebe46d885debd826afbee0c475028cf424a0cdea55fa40793c7a1,SQX-BNB-M15-50b144fc1f9e,BNB,LONG,D4,14,0.9771681253787314,-0.1754329822863825,-0.12178697478995426,-0.12178697478995426,2.8467466386554734,0.35714285714285715,0.0,0.0,0.0,2.731183020421104,0.4244515822357096,0.1566072327396417
50b144fc1f9ebe46d885debd826afbee0c475028cf424a0cdea55fa40793c7a1,SQX-BNB-M15-50b144fc1f9e,BNB,LONG,D5,16,5.472004233342681,0.6036998876465547,32.34820504201676,32.348205042016744,33.830197478991536,0.6875,0.0,0.0,0.0,2.731183020421104,0.4244515822357096,0.1566072327396417
50b144fc1f9ebe46d885debd826afbee0c475028cf424a0cdea55fa40793c7a1,SQX-BNB-M15-50b144fc1f9e,BNB,LONG,D6,7,0.9428060828249597,-0.001074396114394067,-0.23739243697479118,-0.23739243697479073,2.6086420168066917,0.42857142857142855,0.0,0.0,0.0,2.731183020421104,0.4244515822357096,0.1566072327396417
50b144fc1f9ebe46d885debd826afbee0c475028cf424a0cdea55fa40793c7a1,SQX-BNB-M15-50b144fc1f9e,BNB,LONG,VAL,18,2.7311830204211036,0.4244515822357096,8.979598319327792,8.979598319327792,5.691181512605092,0.6111111111111112,0.0,0.0,0.0,2.731183020421104,0.4244515822357096,0.1566072327396417
50b144fc1f9ebe46d885debd826afbee0c475028cf424a0cdea55fa40793c7a1,SQX-BNB-M15-50b144fc1f9e,BNB,LONG,OOS,5,8.456081680848435,0.8662802658859092,16.6936092436975,16.6936092436975,14.283914285714278,0.8,0.0,0.0,0.0,2.731183020421104,0.4244515822357096,0.1566072327396417
c2bbf380fc446c766b9d32ef9254b1893152871a3f6c62489022e071f87426cf,SQX-BNB-M15-c2bbf380fc44,BNB,LONG,D1,9,0.5753805570183408,-0.4617182076695692,-0.21750756302521107,-0.21750756302521113,0.37636386554621915,0.2222222222222222,0.0,0.0,0.0,2.2013217593666985,0.3877831311212201,0.2525839880548191
c2bbf380fc446c766b9d32ef9254b1893152871a3f6c62489022e071f87426cf,SQX-BNB-M15-c2bbf380fc44,BNB,LONG,D2,12,2.5180924922412586,0.03256827647994012,0.6831747899159631,0.6831747899159628,0.7457563025210061,0.5,0.0,0.0,0.0,2.2013217593666985,0.3877831311212201,0.2525839880548191
c2bbf380fc446c766b9d32ef9254b1893152871a3f6c62489022e071f87426cf,SQX-BNB-M15-c2bbf380fc44,BNB,LONG,D3,11,2.422913938952304,0.2663010599626514,0.5251210084033556,0.5251210084033562,0.5810815126050373,0.5454545454545454,0.0,0.0,0.0,2.2013217593666985,0.3877831311212201,0.2525839880548191
c2bbf380fc446c766b9d32ef9254b1893152871a3f6c62489022e071f87426cf,SQX-BNB-M15-c2bbf380fc44,BNB,LONG,D4,14,2.2845254327223294,0.2321254701311493,6.26766050420165,6.26766050420165,10.063022689075614,0.5,0.0,0.0,0.0,2.2013217593666985,0.3877831311212201,0.2525839880548191
c2bbf380fc446c766b9d32ef9254b1893152871a3f6c62489022e071f87426cf,SQX-BNB-M15-c2bbf380fc44,BNB,LONG,D5,16,3.353245416848123,0.562149915734915,35.805768067226694,35.80576806722668,37.78145798319305,0.625,0.0,0.0,0.0,2.2013217593666985,0.3877831311212201,0.2525839880548191
c2bbf380fc446c766b9d32ef9254b1893152871a3f6c62489022e071f87426cf,SQX-BNB-M15-c2bbf380fc44,BNB,LONG,D6,7,0.6945493083923903,-0.28652008280007957,-1.9726865546218342,-1.9726865546218342,5.633852100840294,0.2857142857142857,0.0,0.0,0.0,2.2013217593666985,0.3877831311212201,0.2525839880548191
c2bbf380fc446c766b9d32ef9254b1893152871a3f6c62489022e071f87426cf,SQX-BNB-M15-c2bbf380fc44,BNB,LONG,VAL,18,2.2013217593666985,0.3877831311212201,10.265312605041942,10.265312605041942,5.5135100840335465,0.5555555555555556,0.0,0.0,0.0,2.2013217593666985,0.3877831311212201,0.2525839880548191
c2bbf380fc446c766b9d32ef9254b1893152871a3f6c62489022e071f87426cf,SQX-BNB-M15-c2bbf380fc44,BNB,LONG,OOS,5,9.51465103034258,0.9997101994144302,25.415668067226875,25.415668067226875,21.612366386554584,0.8,0.0,0.0,0.0,2.2013217593666985,0.3877831311212201,0.2525839880548191
55170ce1bb8f238d6fab8823be3b6aa3920dbbd1104c558673c28f0baf9906d0,SQX-BNB-M15-55170ce1bb8f,BNB,LONG,D1,13,0.8948705769572296,-0.04197216526692715,-0.06119159663865359,-0.06119159663865359,0.3490415966386542,0.5384615384615384,0.0,0.0,0.0,2.817852997606048,0.3748321618478794,0.2097147921158653
55170ce1bb8f238d6fab8823be3b6aa3920dbbd1104c558673c28f0baf9906d0,SQX-BNB-M15-55170ce1bb8f,BNB,LONG,D2,28,0.7868771009422975,-0.21394453736712027,-0.19465168067227062,-0.1946516806722709,0.43399201680672317,0.42857142857142855,0.0,0.0,0.0,2.817852997606048,0.3748321618478794,0.2097147921158653
55170ce1bb8f238d6fab8823be3b6aa3920dbbd1104c558673c28f0baf9906d0,SQX-BNB-M15-55170ce1bb8f,BNB,LONG,D3,8,4.647926380264323,0.5631510992741215,0.36259621848739176,0.36259621848739254,0.3280126050420138,0.875,0.0,0.0,0.0,2.817852997606048,0.3748321618478794,0.2097147921158653
55170ce1bb8f238d6fab8823be3b6aa3920dbbd1104c558673c28f0baf9906d0,SQX-BNB-M15-55170ce1bb8f,BNB,LONG,D4,7,1.0439951609742733,0.025179333933080028,0.09452352941177877,0.09452352941177855,1.8653537815125942,0.5714285714285714,0.0,0.0,0.0,2.817852997606048,0.3748321618478794,0.2097147921158653
55170ce1bb8f238d6fab8823be3b6aa3920dbbd1104c558673c28f0baf9906d0,SQX-BNB-M15-55170ce1bb8f,BNB,LONG,D5,7,1.1378942842721917,0.028285871039195554,1.496641176470615,1.4966411764706158,7.788056302521005,0.5714285714285714,0.0,0.0,0.0,2.817852997606048,0.3748321618478794,0.2097147921158653
55170ce1bb8f238d6fab8823be3b6aa3920dbbd1104c558673c28f0baf9906d0,SQX-BNB-M15-55170ce1bb8f,BNB,LONG,D6,7,0.7137089694699376,0.027889185648877372,-1.552518487394953,-1.5525184873949525,4.192976470588232,0.5714285714285714,0.0,0.0,0.0,2.817852997606048,0.3748321618478794,0.2097147921158653
55170ce1bb8f238d6fab8823be3b6aa3920dbbd1104c558673c28f0baf9906d0,SQX-BNB-M15-55170ce1bb8f,BNB,LONG,VAL,17,2.8178529976060482,0.37483216184787943,4.627557142857168,4.62755714285717,4.425575630252093,0.7647058823529411,0.0,0.0,0.0,2.817852997606048,0.3748321618478794,0.2097147921158653
55170ce1bb8f238d6fab8823be3b6aa3920dbbd1104c558673c28f0baf9906d0,SQX-BNB-M15-55170ce1bb8f,BNB,LONG,OOS,0,0.0,0.0,0.0,0.0,0.0,0.0,0.0,0.0,0.0,2.817852997606048,0.3748321618478794,0.2097147921158653
f87468eb5b59f6a6152b150174934677d73b5e5223d1b9994798a64cebab7f13,SQX-BNB-M15-f87468eb5b59,BNB,LONG,D1,8,0.5703295798611477,-0.015415553580204966,-0.15788907563025018,-0.15788907563025012,0.2955319327731091,0.5,0.0,0.0,0.0,1.773084761355416,0.3731303420853989,0.1843119748121245
f87468eb5b59f6a6152b150174934677d73b5e5223d1b9994798a64cebab7f13,SQX-BNB-M15-f87468eb5b59,BNB,LONG,D2,17,0.28335603945093973,-0.43622089533875463,-0.48005630252100684,-0.48005630252100706,0.48005630252100706,0.29411764705882354,0.0,0.0,0.0,1.773084761355416,0.3731303420853989,0.1843119748121245
f87468eb5b59f6a6152b150174934677d73b5e5223d1b9994798a64cebab7f13,SQX-BNB-M15-f87468eb5b59,BNB,LONG,D3,10,12.062415363781724,0.78426336795385,0.5285882352941152,0.5285882352941162,0.4459336134453753,0.9,0.0,0.0,0.0,1.773084761355416,0.3731303420853989,0.1843119748121245
f87468eb5b59f6a6152b150174934677d73b5e5223d1b9994798a64cebab7f13,SQX-BNB-M15-f87468eb5b59,BNB,LONG,D4,6,9.991674839598536,0.32846544515142284,2.018532773109248,2.018532773109248,0.5938361344537846,0.6666666666666666,0.0,0.0,0.0,1.773084761355416,0.3731303420853989,0.1843119748121245
f87468eb5b59f6a6152b150174934677d73b5e5223d1b9994798a64cebab7f13,SQX-BNB-M15-f87468eb5b59,BNB,LONG,D5,7,5.2068113092882555,0.7138745651020459,12.97773361344535,12.97773361344535,11.592078991596633,0.8571428571428571,0.0,0.0,0.0,1.773084761355416,0.3731303420853989,0.1843119748121245
f87468eb5b59f6a6152b150174934677d73b5e5223d1b9994798a64cebab7f13,SQX-BNB-M15-f87468eb5b59,BNB,LONG,D6,5,0.2141911157533981,-0.6008518838939375,-3.9120630252100663,-3.9120630252100663,3.9942966386554373,0.2,0.0,0.0,0.0,1.773084761355416,0.3731303420853989,0.1843119748121245
f87468eb5b59f6a6152b150174934677d73b5e5223d1b9994798a64cebab7f13,SQX-BNB-M15-f87468eb5b59,BNB,LONG,VAL,16,1.773084761355416,0.37313034208539897,2.6410621848739826,2.6410621848739826,3.4672915966386784,0.6875,0.0,0.0,0.0,1.773084761355416,0.3731303420853989,0.1843119748121245
f87468eb5b59f6a6152b150174934677d73b5e5223d1b9994798a64cebab7f13,SQX-BNB-M15-f87468eb5b59,BNB,LONG,OOS,0,0.0,0.0,0.0,0.0,0.0,0.0,0.0,0.0,0.0,1.773084761355416,0.3731303420853989,0.1843119748121245
1f9f424d6a897ddc3e1d55c4bcac73fc9ec13ea3bf2ad3d10b1e8e400e4af00b,SQX-BNB-M15-1f9f424d6a89,BNB,LONG,D1,8,0.4252979756862861,-0.1404155535802056,-0.2111831932773091,-0.21118319327730906,0.2955319327731091,0.5,0.0,0.0,0.0,1.6010554536035737,0.3106303420854042,0.171811974812123
1f9f424d6a897ddc3e1d55c4bcac73fc9ec13ea3bf2ad3d10b1e8e400e4af00b,SQX-BNB-M15-1f9f424d6a89,BNB,LONG,D2,17,0.2525833868053422,-0.40680913063286983,-0.478648739495796,-0.4786487394957962,0.4786487394957962,0.35294117647058826,0.0,0.0,0.0,1.6010554536035737,0.3106303420854042,0.171811974812123
1f9f424d6a897ddc3e1d55c4bcac73fc9ec13ea3bf2ad3d10b1e8e400e4af00b,SQX-BNB-M15-1f9f424d6a89,BNB,LONG,D3,10,9.00443186015008,0.5592633679538499,0.38247058823529156,0.38247058823529256,0.3207046218487368,0.9,0.0,0.0,0.0,1.6010554536035737,0.3106303420854042,0.171811974812123
1f9f424d6a897ddc3e1d55c4bcac73fc9ec13ea3bf2ad3d10b1e8e400e4af00b,SQX-BNB-M15-1f9f424d6a89,BNB,LONG,D4,6,18.46447698342696,0.4534654451514199,1.6798331932772985,1.6798331932772985,0.6115357142857154,0.8333333333333334,0.0,0.0,0.0,1.6010554536035737,0.3106303420854042,0.171811974812123
1f9f424d6a897ddc3e1d55c4bcac73fc9ec13ea3bf2ad3d10b1e8e400e4af00b,SQX-BNB-M15-1f9f424d6a89,BNB,LONG,D5,7,3.9046708712526175,0.4995888508163379,8.960716806722768,8.960716806722768,7.921700840336209,0.8571428571428571,0.0,0.0,0.0,1.6010554536035737,0.3106303420854042,0.171811974812123
1f9f424d6a897ddc3e1d55c4bcac73fc9ec13ea3bf2ad3d10b1e8e400e4af00b,SQX-BNB-M15-1f9f424d6a89,BNB,LONG,D6,5,0.16059814148005255,-0.6508518838939363,-4.178869747899135,-4.178869747899135,4.178869747899135,0.2,0.0,0.0,0.0,1.6010554536035737,0.3106303420854042,0.171811974812123
1f9f424d6a897ddc3e1d55c4bcac73fc9ec13ea3bf2ad3d10b1e8e400e4af00b,SQX-BNB-M15-1f9f424d6a89,BNB,LONG,VAL,16,1.6010554536035737,0.31063034208540424,1.8154319327731603,1.8154319327731594,2.1248546218487867,0.75,0.0,0.0,0.0,1.6010554536035737,0.3106303420854042,0.171811974812123
1f9f424d6a897ddc3e1d55c4bcac73fc9ec13ea3bf2ad3d10b1e8e400e4af00b,SQX-BNB-M15-1f9f424d6a89,BNB,LONG,OOS,0,0.0,0.0,0.0,0.0,0.0,0.0,0.0,0.0,0.0,1.6010554536035737,0.3106303420854042,0.171811974812123
d948d173030a5af6fd8c915608f3e760db671af2d258e67bff55e6c9499fadb7,SQX-BNB-M15-d948d173030a,BNB,LONG,D1,9,0.4907064572318227,-0.2138190105800987,-0.2776420168067218,-0.27764201680672174,0.40794747899159567,0.4444444444444444,0.0,0.0,0.0,2.656806868857569,0.2991153937858699,0.2640848661099528
d948d173030a5af6fd8c915608f3e760db671af2d258e67bff55e6c9499fadb7,SQX-BNB-M15-d948d173030a,BNB,LONG,D2,12,4.05472781169518,0.18742882055290888,0.8581705882352947,0.8581705882352946,0.6843815126050434,0.6666666666666666,0.0,0.0,0.0,2.656806868857569,0.2991153937858699,0.2640848661099528
d948d173030a5af6fd8c915608f3e760db671af2d258e67bff55e6c9499fadb7,SQX-BNB-M15-d948d173030a,BNB,LONG,D3,11,2.612112167110902,0.13581911327382645,0.5301126050420172,0.5301126050420182,0.682491596638656,0.6363636363636364,0.0,0.0,0.0,2.656806868857569,0.2991153937858699,0.2640848661099528
d948d173030a5af6fd8c915608f3e760db671af2d258e67bff55e6c9499fadb7,SQX-BNB-M15-d948d173030a,BNB,LONG,D4,14,1.219939797457942,-0.10525978937182508,1.3411100840336072,1.3411100840336072,6.085087815126062,0.5,0.0,0.0,0.0,2.656806868857569,0.2991153937858699,0.2640848661099528
d948d173030a5af6fd8c915608f3e760db671af2d258e67bff55e6c9499fadb7,SQX-BNB-M15-d948d173030a,BNB,LONG,D5,16,4.120461843820265,0.3497199325879328,31.21585210084032,31.21585210084031,33.685239495798285,0.75,0.0,0.0,0.0,2.656806868857569,0.2991153937858699,0.2640848661099528
d948d173030a5af6fd8c915608f3e760db671af2d258e67bff55e6c9499fadb7,SQX-BNB-M15-d948d173030a,BNB,LONG,D6,7,0.882828385377945,0.027926790902795245,-0.6575605042016737,-0.6575605042016732,3.6581621848739263,0.5714285714285714,0.0,0.0,0.0,2.656806868857569,0.2991153937858699,0.2640848661099528
d948d173030a5af6fd8c915608f3e760db671af2d258e67bff55e6c9499fadb7,SQX-BNB-M15-d948d173030a,BNB,LONG,VAL,18,2.6568068688575686,0.2991153937858699,10.10144705882355,10.101447058823554,7.9348789915966425,0.7222222222222222,0.0,0.0,0.0,2.656806868857569,0.2991153937858699,0.2640848661099528
d948d173030a5af6fd8c915608f3e760db671af2d258e67bff55e6c9499fadb7,SQX-BNB-M15-d948d173030a,BNB,LONG,OOS,5,inf,0.7997681595315455,21.915668067226935,21.915668067226935,19.38043361344541,1.0,0.0,0.0,0.0,2.656806868857569,0.2991153937858699,0.2640848661099528
2169141dc188371d6f8febd493c7f68842b889553b59dabd11c517d3613a20ca,SQX-BNB-M15-2169141dc188,BNB,LONG,D1,9,0.4907064572318227,-0.2138190105800987,-0.2776420168067218,-0.27764201680672174,0.40794747899159567,0.4444444444444444,0.0,0.0,0.0,2.656806868857569,0.2991153937858699,0.2640848661099528
2169141dc188371d6f8febd493c7f68842b889553b59dabd11c517d3613a20ca,SQX-BNB-M15-2169141dc188,BNB,LONG,D2,12,4.05472781169518,0.18742882055290888,0.8581705882352947,0.8581705882352946,0.6843815126050434,0.6666666666666666,0.0,0.0,0.0,2.656806868857569,0.2991153937858699,0.2640848661099528
2169141dc188371d6f8febd493c7f68842b889553b59dabd11c517d3613a20ca,SQX-BNB-M15-2169141dc188,BNB,LONG,D3,11,2.612112167110902,0.13581911327382645,0.5301126050420172,0.5301126050420182,0.682491596638656,0.6363636363636364,0.0,0.0,0.0,2.656806868857569,0.2991153937858699,0.2640848661099528
2169141dc188371d6f8febd493c7f68842b889553b59dabd11c517d3613a20ca,SQX-BNB-M15-2169141dc188,BNB,LONG,D4,14,1.219939797457942,-0.10525978937182508,1.3411100840336072,1.3411100840336072,6.085087815126062,0.5,0.0,0.0,0.0,2.656806868857569,0.2991153937858699,0.2640848661099528
2169141dc188371d6f8febd493c7f68842b889553b59dabd11c517d3613a20ca,SQX-BNB-M15-2169141dc188,BNB,LONG,D5,16,4.120461843820265,0.3497199325879328,31.21585210084032,31.21585210084031,33.685239495798285,0.75,0.0,0.0,0.0,2.656806868857569,0.2991153937858699,0.2640848661099528
2169141dc188371d6f8febd493c7f68842b889553b59dabd11c517d3613a20ca,SQX-BNB-M15-2169141dc188,BNB,LONG,D6,7,0.882828385377945,0.027926790902795245,-0.6575605042016737,-0.6575605042016732,3.6581621848739263,0.5714285714285714,0.0,0.0,0.0,2.656806868857569,0.2991153937858699,0.2640848661099528
2169141dc188371d6f8febd493c7f68842b889553b59dabd11c517d3613a20ca,SQX-BNB-M15-2169141dc188,BNB,LONG,VAL,18,2.6568068688575686,0.2991153937858699,10.10144705882355,10.101447058823554,7.9348789915966425,0.7222222222222222,0.0,0.0,0.0,2.656806868857569,0.2991153937858699,0.2640848661099528
2169141dc188371d6f8febd493c7f68842b889553b59dabd11c517d3613a20ca,SQX-BNB-M15-2169141dc188,BNB,LONG,OOS,5,inf,0.7997681595315455,21.915668067226935,21.915668067226935,19.38043361344541,1.0,0.0,0.0,0.0,2.656806868857569,0.2991153937858699,0.2640848661099528
b6939e360e4213e6d57fa9c205678a0a31e89b9b800cb8d658f94126d7a46eb1,SQX-BNB-M15-b6939e360e42,BNB,LONG,D1,12,2.8742615328973993,0.19210598538718796,1.1126600840336143,1.1126600840336134,1.3407029411764704,0.6666666666666666,0.0,0.0,0.0,2.8134473954243413,0.2798375700005624,0.3934337871552539
b6939e360e4213e6d57fa9c205678a0a31e89b9b800cb8d658f94126d7a46eb1,SQX-BNB-M15-b6939e360e42,BNB,LONG,D2,8,0.49067442349734397,-0.10739637223379778,-0.37432605042016703,-0.37432605042016687,0.620578151260504,0.5,0.0,0.0,0.0,2.8134473954243413,0.2798375700005624,0.3934337871552539
b6939e360e4213e6d57fa9c205678a0a31e89b9b800cb8d658f94126d7a46eb1,SQX-BNB-M15-b6939e360e42,BNB,LONG,D3,8,inf,0.7151116616493407,1.1000689075630259,1.1000689075630259,1.0069100840336138,1.0,0.0,0.0,0.0,2.8134473954243413,0.2798375700005624,0.3934337871552539
b6939e360e4213e6d57fa9c205678a0a31e89b9b800cb8d658f94126d7a46eb1,SQX-BNB-M15-b6939e360e42,BNB,LONG,D4,17,1.4125593516937747,0.26563599317017955,2.3565823529411865,2.356582352941187,2.748053361344516,0.7058823529411765,0.0,0.0,0.0,2.8134473954243413,0.2798375700005624,0.3934337871552539
b6939e360e4213e6d57fa9c205678a0a31e89b9b800cb8d658f94126d7a46eb1,SQX-BNB-M15-b6939e360e42,BNB,LONG,D5,15,1.1286685925622508,0.07979310837355214,4.738233193277376,4.738233193277376,17.314292857142846,0.6,0.0,0.0,0.0,2.8134473954243413,0.2798375700005624,0.3934337871552539
b6939e360e4213e6d57fa9c205678a0a31e89b9b800cb8d658f94126d7a46eb1,SQX-BNB-M15-b6939e360e42,BNB,LONG,D6,16,1.0150338993697656,0.012016910096402655,0.2334991596638587,0.23349915966386114,9.031510084033574,0.5625,0.0,0.0,0.0,2.8134473954243413,0.2798375700005624,0.3934337871552539
b6939e360e4213e6d57fa9c205678a0a31e89b9b800cb8d658f94126d7a46eb1,SQX-BNB-M15-b6939e360e42,BNB,LONG,VAL,26,2.8134473954243413,0.2798375700005624,14.928280672268809,14.928280672268809,10.172878151260443,0.6923076923076923,0.0,0.0,0.0,2.8134473954243413,0.2798375700005624,0.3934337871552539
b6939e360e4213e6d57fa9c205678a0a31e89b9b800cb8d658f94126d7a46eb1,SQX-BNB-M15-b6939e360e42,BNB,LONG,OOS,12,1.1121329729400076,0.19963569062066047,1.7986537815125607,1.7986537815125616,10.91488739495805,0.6666666666666666,0.0,0.0,0.0,2.8134473954243413,0.2798375700005624,0.3934337871552539
45e64e54fe91888b7671fce0892b38e9fe8926624f0babc79fa780f8fefebbf4,SQX-BTC-M15-45e64e54fe91,BTC,SHORT,D1,7,15.385663067088318,1.5009935999868678,0.15522503690870598,0.15522503690870648,0.16601529636249768,0.8571428571428571,0.0,0.0,0.0,3.4588450329210425,0.6696742655167256,0.2114513865366496
45e64e54fe91888b7671fce0892b38e9fe8926624f0babc79fa780f8fefebbf4,SQX-BTC-M15-45e64e54fe91,BTC,SHORT,D2,35,1.579362817007758,0.12643612902123216,0.07135125623693517,0.07135125623693761,0.10400089787719868,0.45714285714285713,0.0,0.0,0.0,3.4588450329210425,0.6696742655167256,0.2114513865366496
45e64e54fe91888b7671fce0892b38e9fe8926624f0babc79fa780f8fefebbf4,SQX-BTC-M15-45e64e54fe91,BTC,SHORT,D3,30,1.5054191821809277,0.24146409698623614,0.10570104685293656,0.10570104685293957,0.20424784548359498,0.43333333333333335,0.0,0.0,0.0,3.4588450329210425,0.6696742655167256,0.2114513865366496
45e64e54fe91888b7671fce0892b38e9fe8926624f0babc79fa780f8fefebbf4,SQX-BTC-M15-45e64e54fe91,BTC,SHORT,D4,16,0.5955998701279163,-0.3360415246229199,-0.06911238027298364,-0.06911238027298383,0.06911238027298383,0.25,0.0,0.0,0.0,3.4588450329210425,0.6696742655167256,0.2114513865366496
45e64e54fe91888b7671fce0892b38e9fe8926624f0babc79fa780f8fefebbf4,SQX-BTC-M15-45e64e54fe91,BTC,SHORT,D5,6,0.8706318599763604,-0.009512593636473018,-0.052544251695254326,-0.05254425169525445,0.23008085212515073,0.3333333333333333,0.0,0.0,0.0,3.4588450329210425,0.6696742655167256,0.2114513865366496
45e64e54fe91888b7671fce0892b38e9fe8926624f0babc79fa780f8fefebbf4,SQX-BTC-M15-45e64e54fe91,BTC,SHORT,D6,18,0.4617382231664789,-0.2861189958083514,-0.3119979722671826,-0.31199797226718284,0.474948539541597,0.2777777777777778,0.0,0.0,0.0,3.4588450329210425,0.6696742655167256,0.2114513865366496
45e64e54fe91888b7671fce0892b38e9fe8926624f0babc79fa780f8fefebbf4,SQX-BTC-M15-45e64e54fe91,BTC,SHORT,VAL,12,3.4588450329210425,0.6696742655167256,0.15585135787834858,0.1558513578783498,0.17557312201394892,0.5833333333333334,0.0,0.0,0.0,3.4588450329210425,0.6696742655167256,0.2114513865366496
45e64e54fe91888b7671fce0892b38e9fe8926624f0babc79fa780f8fefebbf4,SQX-BTC-M15-45e64e54fe91,BTC,SHORT,OOS,3,0.0,-1.0069664745801106,-0.4130044683335995,-0.4130044683335995,0.4130044683335995,0.0,0.0,0.0,0.0,3.4588450329210425,0.6696742655167256,0.2114513865366496
ee6fb8c7d7cd813bdcc7040e6e599c48723d946afa3a0839e7a0222821c9ecfa,SQX-BTC-M15-ee6fb8c7d7cd,BTC,SHORT,D1,11,3.487379687971934,0.5855435631272192,0.17274647158130252,0.1727464715813034,0.15005775190108483,0.45454545454545453,0.0,0.0,0.0,2.637442107142024,0.6188988961303313,0.1951643115126034
ee6fb8c7d7cd813bdcc7040e6e599c48723d946afa3a0839e7a0222821c9ecfa,SQX-BTC-M15-ee6fb8c7d7cd,BTC,SHORT,D2,18,0.8672404301977386,-0.2704708900860916,-0.010762586572873666,-0.010762586572873656,0.03322844390748192,0.2777777777777778,0.0,0.0,0.0,2.637442107142024,0.6188988961303313,0.1951643115126034
ee6fb8c7d7cd813bdcc7040e6e599c48723d946afa3a0839e7a0222821c9ecfa,SQX-BTC-M15-ee6fb8c7d7cd,BTC,SHORT,D3,14,0.9430085004476567,0.22385358343950154,-0.008158886986278147,-0.008158886986278313,0.09160077585386162,0.35714285714285715,0.0,0.0,0.0,2.637442107142024,0.6188988961303313,0.1951643115126034
ee6fb8c7d7cd813bdcc7040e6e599c48723d946afa3a0839e7a0222821c9ecfa,SQX-BTC-M15-ee6fb8c7d7cd,BTC,SHORT,D4,11,0.6307680815300922,-0.283598924336372,-0.032385984077966536,-0.03238598407796667,0.0428805952056901,0.2727272727272727,0.0,0.0,0.0,2.637442107142024,0.6188988961303313,0.1951643115126034
ee6fb8c7d7cd813bdcc7040e6e599c48723d946afa3a0839e7a0222821c9ecfa,SQX-BTC-M15-ee6fb8c7d7cd,BTC,SHORT,D5,12,2.5434269730646304,0.7862553150353874,0.8133689004088409,0.8133689004088409,0.5312920942288297,0.5,0.0,0.0,0.0,2.637442107142024,0.6188988961303313,0.1951643115126034
ee6fb8c7d7cd813bdcc7040e6e599c48723d946afa3a0839e7a0222821c9ecfa,SQX-BTC-M15-ee6fb8c7d7cd,BTC,SHORT,D6,13,1.1153228072886001,-0.09972549824610864,0.04860860841102728,0.048608608411027765,0.32053402479889836,0.3076923076923077,0.0,0.0,0.0,2.637442107142024,0.6188988961303313,0.1951643115126034
ee6fb8c7d7cd813bdcc7040e6e599c48723d946afa3a0839e7a0222821c9ecfa,SQX-BTC-M15-ee6fb8c7d7cd,BTC,SHORT,VAL,18,2.637442107142024,0.6188988961303313,0.3206979623444015,0.3206979623444026,0.3466978940917902,0.4444444444444444,0.0,0.0,0.0,2.637442107142024,0.6188988961303313,0.1951643115126034
ee6fb8c7d7cd813bdcc7040e6e599c48723d946afa3a0839e7a0222821c9ecfa,SQX-BTC-M15-ee6fb8c7d7cd,BTC,SHORT,OOS,21,1.787226455555914,0.4917186669356911,0.9266165810938941,0.9266165810938953,1.0020280382804678,0.42857142857142855,0.0,0.0,0.0,2.637442107142024,0.6188988961303313,0.1951643115126034
a4ba0f0765801fc0c6fcb74d668316773579bc93ad648afcf69389153fb600cd,SQX-BTC-M15-a4ba0f076580,BTC,SHORT,D1,7,6.305207475157923,1.5251343237920134,0.11323442734180865,0.11323442734180911,0.12155212193215248,0.7142857142857143,0.0,0.0,0.0,3.5244004459723195,0.572417592804456,0.3722807366009879
a4ba0f0765801fc0c6fcb74d668316773579bc93ad648afcf69389153fb600cd,SQX-BTC-M15-a4ba0f076580,BTC,SHORT,D2,36,1.2365125988385899,0.09803012398803121,0.028338958564362304,0.028338958564364303,0.053678897740424114,0.3888888888888889,0.0,0.0,0.0,3.5244004459723195,0.572417592804456,0.3722807366009879
a4ba0f0765801fc0c6fcb74d668316773579bc93ad648afcf69389153fb600cd,SQX-BTC-M15-a4ba0f076580,BTC,SHORT,D3,31,1.87852318236575,0.44617431884619135,0.14723860040576037,0.14723860040576353,0.21135168197769016,0.41935483870967744,0.0,0.0,0.0,3.5244004459723195,0.572417592804456,0.3722807366009879
a4ba0f0765801fc0c6fcb74d668316773579bc93ad648afcf69389153fb600cd,SQX-BTC-M15-a4ba0f076580,BTC,SHORT,D4,17,0.732929312223449,-0.25268149631929665,-0.03709055163933639,-0.0370905516393365,0.04680944889702954,0.23529411764705882,0.0,0.0,0.0,3.5244004459723195,0.572417592804456,0.3722807366009879
a4ba0f0765801fc0c6fcb74d668316773579bc93ad648afcf69389153fb600cd,SQX-BTC-M15-a4ba0f076580,BTC,SHORT,D5,6,1.1574228789979681,0.20953876404025976,0.04809591825241083,0.048095918252410774,0.1730106390938626,0.3333333333333333,0.0,0.0,0.0,3.5244004459723195,0.572417592804456,0.3722807366009879
a4ba0f0765801fc0c6fcb74d668316773579bc93ad648afcf69389153fb600cd,SQX-BTC-M15-a4ba0f076580,BTC,SHORT,D6,18,0.6115363544214174,-0.1407512536703962,-0.17001301130794433,-0.17001301130794455,0.35823640465619666,0.2777777777777778,0.0,0.0,0.0,3.5244004459723195,0.572417592804456,0.3722807366009879
a4ba0f0765801fc0c6fcb74d668316773579bc93ad648afcf69389153fb600cd,SQX-BTC-M15-a4ba0f076580,BTC,SHORT,VAL,13,3.5244004459723195,0.572417592804456,0.1482097362552788,0.1482097362552801,0.16322605935697876,0.46153846153846156,0.0,0.0,0.0,3.5244004459723195,0.572417592804456,0.3722807366009879
a4ba0f0765801fc0c6fcb74d668316773579bc93ad648afcf69389153fb600cd,SQX-BTC-M15-a4ba0f076580,BTC,SHORT,OOS,3,0.0,-1.0092886327734847,-0.3104283512502014,-0.3104283512502014,0.3104283512502014,0.0,0.0,0.0,0.0,3.5244004459723195,0.572417592804456,0.3722807366009879
6a213373b540b5ec9daacea2c37329788106e118cb1955c3d521c769d36198fb,SQX-BTC-M15-6a213373b540,BTC,LONG,D1,11,0.6084634836497596,0.035114844384310985,-0.1360543608592048,-0.13605436085920486,0.298618984014943,0.36363636363636365,0.0,0.0,0.0,2.420192535636522,0.5309494379173274,0.3099199475783784
6a213373b540b5ec9daacea2c37329788106e118cb1955c3d521c769d36198fb,SQX-BTC-M15-6a213373b540,BTC,LONG,D2,8,1.1234304609238777,-0.06873202884133633,0.005223249333899931,0.005223249333900615,0.024644445323489306,0.375,0.0,0.0,0.0,2.420192535636522,0.5309494379173274,0.3099199475783784
6a213373b540b5ec9daacea2c37329788106e118cb1955c3d521c769d36198fb,SQX-BTC-M15-6a213373b540,BTC,LONG,D3,9,0.35507085350648776,-0.41937916584875473,-0.07599064898982189,-0.075990648989822,0.0886498215911582,0.2222222222222222,0.0,0.0,0.0,2.420192535636522,0.5309494379173274,0.3099199475783784
6a213373b540b5ec9daacea2c37329788106e118cb1955c3d521c769d36198fb,SQX-BTC-M15-6a213373b540,BTC,LONG,D4,7,2.208838289862411,0.6591733719767674,0.14741244262556824,0.14741244262556874,0.09625875718563304,0.5714285714285714,0.0,0.0,0.0,2.420192535636522,0.5309494379173274,0.3099199475783784
6a213373b540b5ec9daacea2c37329788106e118cb1955c3d521c769d36198fb,SQX-BTC-M15-6a213373b540,BTC,LONG,D5,23,1.1841829822971621,0.3210813003634897,0.2990666739523057,0.29906667395230624,0.9024275324870361,0.43478260869565216,0.0,0.0,0.0,2.420192535636522,0.5309494379173274,0.3099199475783784
6a213373b540b5ec9daacea2c37329788106e118cb1955c3d521c769d36198fb,SQX-BTC-M15-6a213373b540,BTC,LONG,D6,12,2.005178793038025,0.5582505437935747,0.239707536617059,0.23970753661706,0.28590584424727195,0.5833333333333334,0.0,0.0,0.0,2.420192535636522,0.5309494379173274,0.3099199475783784
6a213373b540b5ec9daacea2c37329788106e118cb1955c3d521c769d36198fb,SQX-BTC-M15-6a213373b540,BTC,LONG,VAL,13,2.420192535636522,0.5309494379173274,0.28954183885142215,0.28954183885142326,0.26333781878596163,0.5384615384615384,0.0,0.0,0.0,2.420192535636522,0.5309494379173274,0.3099199475783784
6a213373b540b5ec9daacea2c37329788106e118cb1955c3d521c769d36198fb,SQX-BTC-M15-6a213373b540,BTC,LONG,OOS,13,3.805016104837753,0.8359825272678042,1.3206185673924185,1.3206185673924176,1.4029490295122153,0.6153846153846154,0.0,0.0,0.0,2.420192535636522,0.5309494379173274,0.3099199475783784
d14b39a1493201a6dfbbccd0a14d591aa1f4007efc014ab5ca076495620f8271,SQX-BTC-M15-d14b39a14932,BTC,SHORT,D1,7,12.517341132741189,1.1722234514180658,0.15275247204525816,0.15275247204525866,0.16601529636249768,0.8571428571428571,0.0,0.0,0.0,3.2158017777761487,0.5189340674018773,0.1950548612477247
d14b39a1493201a6dfbbccd0a14d591aa1f4007efc014ab5ca076495620f8271,SQX-BTC-M15-d14b39a14932,BTC,SHORT,D2,34,1.977727757591136,0.33941475510989655,0.1136848829179403,0.11368488291794265,0.13870592255675307,0.5882352941176471,0.0,0.0,0.0,3.2158017777761487,0.5189340674018773,0.1950548612477247
d14b39a1493201a6dfbbccd0a14d591aa1f4007efc014ab5ca076495620f8271,SQX-BTC-M15-d14b39a14932,BTC,SHORT,D3,30,1.402805258640949,0.19791009938242768,0.09610134708397589,0.09610134708397888,0.19714400898949935,0.5,0.0,0.0,0.0,3.2158017777761487,0.5189340674018773,0.1950548612477247
d14b39a1493201a6dfbbccd0a14d591aa1f4007efc014ab5ca076495620f8271,SQX-BTC-M15-d14b39a14932,BTC,SHORT,D4,15,0.6730205907375878,-0.1256765052928221,-0.05891790645503507,-0.05891790645503492,0.07839982608322593,0.3333333333333333,0.0,0.0,0.0,3.2158017777761487,0.5189340674018773,0.1950548612477247
d14b39a1493201a6dfbbccd0a14d591aa1f4007efc014ab5ca076495620f8271,SQX-BTC-M15-d14b39a14932,BTC,SHORT,D5,6,0.6977423741060964,-0.14094340824251095,-0.15318442164291768,-0.15318442164291768,0.28715106515643707,0.3333333333333333,0.0,0.0,0.0,3.2158017777761487,0.5189340674018773,0.1950548612477247
d14b39a1493201a6dfbbccd0a14d591aa1f4007efc014ab5ca076495620f8271,SQX-BTC-M15-d14b39a14932,BTC,SHORT,D6,18,0.4055257540713521,-0.30424774318831216,-0.41208057267830744,-0.41208057267830767,0.5916606744269947,0.2777777777777778,0.0,0.0,0.0,3.2158017777761487,0.5189340674018773,0.1950548612477247
d14b39a1493201a6dfbbccd0a14d591aa1f4007efc014ab5ca076495620f8271,SQX-BTC-M15-d14b39a14932,BTC,SHORT,VAL,12,3.2158017777761487,0.5189340674018773,0.15106093630784223,0.15106093630784345,0.17548814147734215,0.5833333333333334,0.0,0.0,0.0,3.2158017777761487,0.5189340674018773,0.1950548612477247
d14b39a1493201a6dfbbccd0a14d591aa1f4007efc014ab5ca076495620f8271,SQX-BTC-M15-d14b39a14932,BTC,SHORT,OOS,3,0.0,-1.005573179664091,-0.5155805854170011,-0.5155805854170011,0.5155805854170011,0.0,0.0,0.0,0.0,3.2158017777761487,0.5189340674018773,0.1950548612477247
ab3d17d8f8270ebb3374e89870a1660975d143961edfcfab174816d128941a02,SQX-BTC-M15-ab3d17d8f827,BTC,SHORT,D1,6,11.049950026083291,1.061759441364057,0.13938361977528896,0.13938361977528957,0.15325270563278504,0.8333333333333334,0.0,0.0,0.0,1.5466443845459774,0.4209309360645555,0.294178491178988
ab3d17d8f8270ebb3374e89870a1660975d143961edfcfab174816d128941a02,SQX-BTC-M15-ab3d17d8f827,BTC,SHORT,D2,13,0.08395532147002223,-0.8357024499167678,-0.11787915774398956,-0.11787915774398972,0.11787915774398972,0.15384615384615385,0.0,0.0,0.0,1.5466443845459774,0.4209309360645555,0.294178491178988
ab3d17d8f8270ebb3374e89870a1660975d143961edfcfab174816d128941a02,SQX-BTC-M15-ab3d17d8f827,BTC,SHORT,D3,9,1.1419901038282068,0.30310410365817986,0.010784200525907338,0.010784200525907561,0.04170398292209654,0.5555555555555556,0.0,0.0,0.0,1.5466443845459774,0.4209309360645555,0.294178491178988
ab3d17d8f8270ebb3374e89870a1660975d143961edfcfab174816d128941a02,SQX-BTC-M15-ab3d17d8f827,BTC,SHORT,D4,4,1.4235684800724406,0.7463538604942765,0.013426194119011286,0.01342619411901147,0.03425387853180406,0.5,0.0,0.0,0.0,1.5466443845459774,0.4209309360645555,0.294178491178988
ab3d17d8f8270ebb3374e89870a1660975d143961edfcfab174816d128941a02,SQX-BTC-M15-ab3d17d8f827,BTC,SHORT,D5,6,0.6083853681707703,-0.7608103466626298,-0.17294801148896627,-0.1729480114889661,0.44162806348967854,0.16666666666666666,0.0,0.0,0.0,1.5466443845459774,0.4209309360645555,0.294178491178988
ab3d17d8f8270ebb3374e89870a1660975d143961edfcfab174816d128941a02,SQX-BTC-M15-ab3d17d8f827,BTC,SHORT,D6,12,5.979086271634636,1.1081007289561224,0.8627058846088329,0.8627058846088336,0.8836311206435306,0.6666666666666666,0.0,0.0,0.0,1.5466443845459774,0.4209309360645555,0.294178491178988
ab3d17d8f8270ebb3374e89870a1660975d143961edfcfab174816d128941a02,SQX-BTC-M15-ab3d17d8f827,BTC,SHORT,VAL,26,1.5466443845459774,0.4209309360645555,0.28012231753153494,0.28012231753153616,0.2279305142814253,0.46153846153846156,0.0,0.0,0.0,1.5466443845459774,0.4209309360645555,0.294178491178988
ab3d17d8f8270ebb3374e89870a1660975d143961edfcfab174816d128941a02,SQX-BTC-M15-ab3d17d8f827,BTC,SHORT,OOS,16,0.6785608616336418,-0.28410810328524927,-0.37843700793420076,-0.37843700793420065,0.7625842017327328,0.3125,0.0,0.0,0.0,1.5466443845459774,0.4209309360645555,0.294178491178988
45437cccb9cc7e3acd4397988929a33d6392d2780b25af296f7ecc991fa7606f,SQX-BTC-M15-45437cccb9cc,BTC,SHORT,D1,15,0.5262134971932094,-0.41715645333646884,-0.08527276774400264,-0.08527276774400283,0.12614274236046752,0.26666666666666666,0.0,0.0,0.0,1.8552081647239416,0.3642728069314129,0.1343815360443878
45437cccb9cc7e3acd4397988929a33d6392d2780b25af296f7ecc991fa7606f,SQX-BTC-M15-45437cccb9cc,BTC,SHORT,D2,17,0.6814305664758775,-0.1061127370541957,-0.009829650329396438,-0.009829650329396644,0.014168021572653289,0.5294117647058824,0.0,0.0,0.0,1.8552081647239416,0.3642728069314129,0.1343815360443878
45437cccb9cc7e3acd4397988929a33d6392d2780b25af296f7ecc991fa7606f,SQX-BTC-M15-45437cccb9cc,BTC,SHORT,D3,17,2.9490747380744478,0.21557944527278444,0.16812076662836067,0.1681207666283624,0.22531746958467846,0.5294117647058824,0.0,0.0,0.0,1.8552081647239416,0.3642728069314129,0.1343815360443878
45437cccb9cc7e3acd4397988929a33d6392d2780b25af296f7ecc991fa7606f,SQX-BTC-M15-45437cccb9cc,BTC,SHORT,D4,14,0.17012557422393662,-0.3796859111266536,-0.25051885180064876,-0.25051885180064837,0.27002090876543205,0.2857142857142857,0.0,0.0,0.0,1.8552081647239416,0.3642728069314129,0.1343815360443878
45437cccb9cc7e3acd4397988929a33d6392d2780b25af296f7ecc991fa7606f,SQX-BTC-M15-45437cccb9cc,BTC,SHORT,D5,14,1.14599828262919,0.2338569504452152,0.07737720778428238,0.07737720778428359,0.33717417208508493,0.5,0.0,0.0,0.0,1.8552081647239416,0.3642728069314129,0.1343815360443878
45437cccb9cc7e3acd4397988929a33d6392d2780b25af296f7ecc991fa7606f,SQX-BTC-M15-45437cccb9cc,BTC,SHORT,D6,19,1.0130235052803556,0.14145403581120577,0.004488240973287072,0.004488240973288482,0.20106971461289713,0.47368421052631576,0.0,0.0,0.0,1.8552081647239416,0.3642728069314129,0.1343815360443878
45437cccb9cc7e3acd4397988929a33d6392d2780b25af296f7ecc991fa7606f,SQX-BTC-M15-45437cccb9cc,BTC,SHORT,VAL,35,1.8552081647239418,0.3642728069314129,0.2818746961149644,0.28187469611496785,0.37536473847449736,0.5714285714285714,0.0,0.0,0.0,1.8552081647239416,0.3642728069314129,0.1343815360443878
45437cccb9cc7e3acd4397988929a33d6392d2780b25af296f7ecc991fa7606f,SQX-BTC-M15-45437cccb9cc,BTC,SHORT,OOS,18,2.088311264233519,0.36802223346075486,0.4179410898158724,0.41794108981587397,0.5672849610933255,0.5555555555555556,0.0,0.0,0.0,1.8552081647239416,0.3642728069314129,0.1343815360443878
c587bee79b30b288d33c627b407d33d76052606f207acdb092f7bcc2bbe82aeb,SQX-BTC-M15-c587bee79b30,BTC,SHORT,D1,113,1.2312761534070555,0.19849816888803645,0.36668221194782413,0.3666822119478321,0.38375789846317643,0.25663716814159293,0.0,0.0,0.0,1.218901432098462,0.3317296981835854,0.8245485893414934
c587bee79b30b288d33c627b407d33d76052606f207acdb092f7bcc2bbe82aeb,SQX-BTC-M15-c587bee79b30,BTC,SHORT,D2,128,1.0828866127225905,-0.2388120243117556,0.041531095434315705,0.04153109543432332,0.13185539631436338,0.2109375,0.0,0.0,0.0,1.218901432098462,0.3317296981835854,0.8245485893414934
c587bee79b30b288d33c627b407d33d76052606f207acdb092f7bcc2bbe82aeb,SQX-BTC-M15-c587bee79b30,BTC,SHORT,D3,128,0.9311161684927387,-0.12065929582303564,-0.07155285661990163,-0.07155285661990263,0.28353262541920643,0.2109375,0.0,0.0,0.0,1.218901432098462,0.3317296981835854,0.8245485893414934
c587bee79b30b288d33c627b407d33d76052606f207acdb092f7bcc2bbe82aeb,SQX-BTC-M15-c587bee79b30,BTC,SHORT,D4,132,1.8469290059087855,0.2366716886174948,1.3391225661373232,1.3391225661373314,1.5475202177915546,0.2803030303030303,0.0,0.0,0.0,1.218901432098462,0.3317296981835854,0.8245485893414934
c587bee79b30b288d33c627b407d33d76052606f207acdb092f7bcc2bbe82aeb,SQX-BTC-M15-c587bee79b30,BTC,SHORT,D5,124,1.361751536257231,0.3954531676493596,2.188376433405436,2.188376433405436,2.249077421392171,0.28225806451612906,0.0,0.0,0.0,1.218901432098462,0.3317296981835854,0.8245485893414934
c587bee79b30b288d33c627b407d33d76052606f207acdb092f7bcc2bbe82aeb,SQX-BTC-M15-c587bee79b30,BTC,SHORT,D6,167,1.5091198239574002,0.3187545026107441,2.022220378567349,2.0222203785673414,2.081638421795785,0.2754491017964072,0.0,0.0,0.0,1.218901432098462,0.3317296981835854,0.8245485893414934
c587bee79b30b288d33c627b407d33d76052606f207acdb092f7bcc2bbe82aeb,SQX-BTC-M15-c587bee79b30,BTC,SHORT,VAL,202,1.218901432098462,0.33172969818358544,0.5635828917921069,0.5635828917921151,0.7076672866167142,0.2871287128712871,0.0,0.0,0.0,1.218901432098462,0.3317296981835854,0.8245485893414934
c587bee79b30b288d33c627b407d33d76052606f207acdb092f7bcc2bbe82aeb,SQX-BTC-M15-c587bee79b30,BTC,SHORT,OOS,142,1.4745481876637376,0.3631903612039227,2.815195659455678,2.8151956594556773,2.960160195451888,0.28169014084507044,0.0,0.0,0.0,1.218901432098462,0.3317296981835854,0.8245485893414934
d7c98e96db83f16abb27add0c124bbf88ccab8c986e76576f18d6a930cf671fb,SQX-BTC-M15-d7c98e96db83,BTC,SHORT,D1,11,2.599335869854744,0.2825132600969147,0.11107255949978548,0.11107255949978634,0.09734279787438083,0.45454545454545453,0.0,0.0,0.0,1.9688910143444744,0.322602599834038,0.1589433593525023
d7c98e96db83f16abb27add0c124bbf88ccab8c986e76576f18d6a930cf671fb,SQX-BTC-M15-d7c98e96db83,BTC,SHORT,D2,18,1.1671649560280852,-0.04347559530903974,0.011351041958595594,0.01135104195859582,0.031804325257891564,0.3888888888888889,0.0,0.0,0.0,1.9688910143444744,0.322602599834038,0.1589433593525023
d7c98e96db83f16abb27add0c124bbf88ccab8c986e76576f18d6a930cf671fb,SQX-BTC-M15-d7c98e96db83,BTC,SHORT,D3,14,0.6993980195202739,-0.014241654655734062,-0.04303409466060698,-0.04303409466060715,0.09160077585386162,0.35714285714285715,0.0,0.0,0.0,1.9688910143444744,0.322602599834038,0.1589433593525023
d7c98e96db83f16abb27add0c124bbf88ccab8c986e76576f18d6a930cf671fb,SQX-BTC-M15-d7c98e96db83,BTC,SHORT,D4,11,0.5040861226471703,-0.404811045548491,-0.04349748256474293,-0.04349748256474306,0.04733897250988606,0.2727272727272727,0.0,0.0,0.0,1.9688910143444744,0.322602599834038,0.1589433593525023
d7c98e96db83f16abb27add0c124bbf88ccab8c986e76576f18d6a930cf671fb,SQX-BTC-M15-d7c98e96db83,BTC,SHORT,D5,12,2.7072942913233624,0.7390987276594941,0.760369456218427,0.7603694562184273,0.507767989927038,0.5833333333333334,0.0,0.0,0.0,1.9688910143444744,0.322602599834038,0.1589433593525023
d7c98e96db83f16abb27add0c124bbf88ccab8c986e76576f18d6a930cf671fb,SQX-BTC-M15-d7c98e96db83,BTC,SHORT,D6,13,1.2666953663731526,0.12653389613498425,0.10233181188561088,0.1023318118856118,0.2557438787865812,0.38461538461538464,0.0,0.0,0.0,1.9688910143444744,0.322602599834038,0.1589433593525023
d7c98e96db83f16abb27add0c124bbf88ccab8c986e76576f18d6a930cf671fb,SQX-BTC-M15-d7c98e96db83,BTC,SHORT,VAL,18,1.9688910143444744,0.32260259983403805,0.18976021972245682,0.1897602197224577,0.21576015146984528,0.4444444444444444,0.0,0.0,0.0,1.9688910143444744,0.322602599834038,0.1589433593525023
d7c98e96db83f16abb27add0c124bbf88ccab8c986e76576f18d6a930cf671fb,SQX-BTC-M15-d7c98e96db83,BTC,SHORT,OOS,22,1.6206638349419433,0.4861438587786278,0.695585265213017,0.6955852652130186,0.907207616267451,0.5,0.0,0.0,0.0,1.9688910143444744,0.322602599834038,0.1589433593525023
0b8d9e483c0ea4a518debdef64eacb94b609b0b27c5f963cf99f34177cad867a,SQX-BTC-M15-0b8d9e483c0e,BTC,SHORT,D1,7,9.655036898623663,0.9060867047443961,0.07198995359090518,0.07198995359090565,0.08030764818124903,0.8571428571428571,0.0,0.0,0.0,2.983169630791717,0.3160073363941929,0.372179847092608
0b8d9e483c0ea4a518debdef64eacb94b609b0b27c5f963cf99f34177cad867a,SQX-BTC-M15-0b8d9e483c0e,BTC,SHORT,D2,36,1.0328031385097591,-0.019187464537964334,0.003022385113689678,0.003022385113689685,0.028132975800493343,0.5277777777777778,0.0,0.0,0.0,2.983169630791717,0.3160073363941929,0.372179847092608
0b8d9e483c0ea4a518debdef64eacb94b609b0b27c5f963cf99f34177cad867a,SQX-BTC-M15-0b8d9e483c0e,BTC,SHORT,D3,32,2.3172388867726377,0.3407973184961271,0.13805827794233821,0.13805827794234138,0.1663903077267619,0.625,0.0,0.0,0.0,2.983169630791717,0.3160073363941929,0.372179847092608
0b8d9e483c0ea4a518debdef64eacb94b609b0b27c5f963cf99f34177cad867a,SQX-BTC-M15-0b8d9e483c0e,BTC,SHORT,D4,19,0.652767199609337,-0.13050031954589364,-0.044476639101908126,-0.04447663910190802,0.0642261611324837,0.42105263157894735,0.0,0.0,0.0,2.983169630791717,0.3160073363941929,0.372179847092608
0b8d9e483c0ea4a518debdef64eacb94b609b0b27c5f963cf99f34177cad867a,SQX-BTC-M15-0b8d9e483c0e,BTC,SHORT,D5,6,2.8570261383683535,0.5428720973735931,0.25662382405039513,0.2566238240503955,0.1656154461427879,0.6666666666666666,0.0,0.0,0.0,2.983169630791717,0.3160073363941929,0.372179847092608
0b8d9e483c0ea4a518debdef64eacb94b609b0b27c5f963cf99f34177cad867a,SQX-BTC-M15-0b8d9e483c0e,BTC,SHORT,D6,19,0.7756256363824869,-0.05553484761943914,-0.08465944279586231,-0.08465944279586257,0.22430206232844674,0.42105263157894735,0.0,0.0,0.0,2.983169630791717,0.3160073363941929,0.372179847092608
0b8d9e483c0ea4a518debdef64eacb94b609b0b27c5f963cf99f34177cad867a,SQX-BTC-M15-0b8d9e483c0e,BTC,SHORT,VAL,13,2.983169630791717,0.31600733639419293,0.08032897651922416,0.08032897651922544,0.09534529962092408,0.6153846153846154,0.0,0.0,0.0,2.983169630791717,0.3160073363941929,0.372179847092608
0b8d9e483c0ea4a518debdef64eacb94b609b0b27c5f963cf99f34177cad867a,SQX-BTC-M15-0b8d9e483c0e,BTC,SHORT,OOS,3,0.4606378776799457,-0.23151085499571447,-0.12381008717293715,-0.12381008717293718,0.13985876549931076,0.3333333333333333,0.0,0.0,0.0,2.983169630791717,0.3160073363941929,0.372179847092608
52cbbb3edf9182b264daf735651e3c3c5b9828fde53aff8ad18cfa594a6cac02,SQX-BTC-M15-52cbbb3edf91,BTC,LONG,D1,36,0.9495705911269062,0.03356964626064005,-0.030160167829016593,-0.03016016782901665,0.29522079304440085,0.2777777777777778,0.0,0.0,0.0,1.3123425938925577,0.3159085638558231,0.398893795656928
52cbbb3edf9182b264daf735651e3c3c5b9828fde53aff8ad18cfa594a6cac02,SQX-BTC-M15-52cbbb3edf91,BTC,LONG,D2,17,1.0787759427267505,0.01142020907873597,0.01162056012733345,0.01162056012733359,0.0627387314132315,0.29411764705882354,0.0,0.0,0.0,1.3123425938925577,0.3159085638558231,0.398893795656928
52cbbb3edf9182b264daf735651e3c3c5b9828fde53aff8ad18cfa594a6cac02,SQX-BTC-M15-52cbbb3edf91,BTC,LONG,D3,24,0.7659574438413753,0.12006873293141407,-0.10599422118941951,-0.10599422118941904,0.2674221243055731,0.2916666666666667,0.0,0.0,0.0,1.3123425938925577,0.3159085638558231,0.398893795656928
52cbbb3edf9182b264daf735651e3c3c5b9828fde53aff8ad18cfa594a6cac02,SQX-BTC-M15-52cbbb3edf91,BTC,LONG,D4,17,0.6478588684145025,-0.08903490908972937,-0.2850476664713388,-0.28504766647133883,0.6216050232045462,0.23529411764705882,0.0,0.0,0.0,1.3123425938925577,0.3159085638558231,0.398893795656928
52cbbb3edf9182b264daf735651e3c3c5b9828fde53aff8ad18cfa594a6cac02,SQX-BTC-M15-52cbbb3edf91,BTC,LONG,D5,31,1.744108637418937,0.2677164917227036,1.4028532661355717,1.4028532661355704,1.6112623816809415,0.3548387096774194,0.0,0.0,0.0,1.3123425938925577,0.3159085638558231,0.398893795656928
52cbbb3edf9182b264daf735651e3c3c5b9828fde53aff8ad18cfa594a6cac02,SQX-BTC-M15-52cbbb3edf91,BTC,LONG,D6,11,1.731944088560594,0.8010385259253752,0.3427750934283038,0.34277509342830426,0.3829009023022161,0.45454545454545453,0.0,0.0,0.0,1.3123425938925577,0.3159085638558231,0.398893795656928
52cbbb3edf9182b264daf735651e3c3c5b9828fde53aff8ad18cfa594a6cac02,SQX-BTC-M15-52cbbb3edf91,BTC,LONG,VAL,15,1.3123425938925577,0.31590856385582317,0.1968943767356462,0.1968943767356468,0.31135531947988593,0.3333333333333333,0.0,0.0,0.0,1.3123425938925577,0.3159085638558231,0.398893795656928
52cbbb3edf9182b264daf735651e3c3c5b9828fde53aff8ad18cfa594a6cac02,SQX-BTC-M15-52cbbb3edf91,BTC,LONG,OOS,10,0.5745011087242173,-0.20805194923890485,-0.43868254489721337,-0.43868254489721326,0.5769248718419763,0.2,0.0,0.0,0.0,1.3123425938925577,0.3159085638558231,0.398893795656928
79468b1833eb2c014982d29776d0e455cec5f577233096959627e4411b9b26ab,SQX-BTC-M15-79468b1833eb,BTC,SHORT,D1,26,2.090345415240244,0.6700856338228062,0.30417558071709455,0.30417558071709694,0.28043675637840293,0.5769230769230769,0.0,0.0,0.0,1.7066268304929264,0.3113874740802353,0.8156064793665492
79468b1833eb2c014982d29776d0e455cec5f577233096959627e4411b9b26ab,SQX-BTC-M15-79468b1833eb,BTC,SHORT,D2,32,1.2693875770100758,-0.006789266569552144,0.04094706305924606,0.04094706305924678,0.06600911165671486,0.375,0.0,0.0,0.0,1.7066268304929264,0.3113874740802353,0.8156064793665492
79468b1833eb2c014982d29776d0e455cec5f577233096959627e4411b9b26ab,SQX-BTC-M15-79468b1833eb,BTC,SHORT,D3,38,1.3358414987821055,0.3803129585395092,0.11030345218763717,0.11030345218763826,0.11411551761359895,0.5,0.0,0.0,0.0,1.7066268304929264,0.3113874740802353,0.8156064793665492
79468b1833eb2c014982d29776d0e455cec5f577233096959627e4411b9b26ab,SQX-BTC-M15-79468b1833eb,BTC,SHORT,D4,27,1.2897530778759463,0.023612743782035442,0.10092711760769929,0.10092711760769912,0.2411300794224407,0.37037037037037035,0.0,0.0,0.0,1.7066268304929264,0.3113874740802353,0.8156064793665492
79468b1833eb2c014982d29776d0e455cec5f577233096959627e4411b9b26ab,SQX-BTC-M15-79468b1833eb,BTC,SHORT,D5,32,1.9722481393983529,0.48947993003834617,1.5365475184342356,1.536547518434236,1.5409240880767094,0.5,0.0,0.0,0.0,1.7066268304929264,0.3113874740802353,0.8156064793665492
79468b1833eb2c014982d29776d0e455cec5f577233096959627e4411b9b26ab,SQX-BTC-M15-79468b1833eb,BTC,SHORT,D6,54,1.6358546050502616,0.41962796681169856,0.886973271660149,0.8869732716601533,0.9693574129175841,0.48148148148148145,0.0,0.0,0.0,1.7066268304929264,0.3113874740802353,0.8156064793665492
79468b1833eb2c014982d29776d0e455cec5f577233096959627e4411b9b26ab,SQX-BTC-M15-79468b1833eb,BTC,SHORT,VAL,47,1.7066268304929264,0.31138747408023537,0.4072601125832923,0.40726011258329575,0.3759734292177548,0.46808510638297873,0.0,0.0,0.0,1.7066268304929264,0.3113874740802353,0.8156064793665492
79468b1833eb2c014982d29776d0e455cec5f577233096959627e4411b9b26ab,SQX-BTC-M15-79468b1833eb,BTC,SHORT,OOS,42,2.0049282805843536,0.4166963296691073,2.010242749065041,2.010242749065039,2.064272932542542,0.47619047619047616,0.0,0.0,0.0,1.7066268304929264,0.3113874740802353,0.8156064793665492
ca2488123127d75d0421f9b30e39e6c33c56bc5e04a44f5e415601dd4bb07e5f,SQX-BTC-M15-ca2488123127,BTC,SHORT,D1,15,1.878540365845638,0.5241703715729752,0.09011457253616792,0.09011457253616917,0.08893271110372236,0.5333333333333333,0.0,0.0,0.0,2.1222063380143563,0.3107865711106524,0.4338112019676609
ca2488123127d75d0421f9b30e39e6c33c56bc5e04a44f5e415601dd4bb07e5f,SQX-BTC-M15-ca2488123127,BTC,SHORT,D2,33,1.4899433768030306,0.20282422027299474,0.05273380234097065,0.05273380234097291,0.08114259485973507,0.48484848484848486,0.0,0.0,0.0,2.1222063380143563,0.3107865711106524,0.4338112019676609
ca2488123127d75d0421f9b30e39e6c33c56bc5e04a44f5e415601dd4bb07e5f,SQX-BTC-M15-ca2488123127,BTC,SHORT,D3,32,1.612579206323388,0.3228184618680572,0.14194651462469804,0.14194651462470098,0.2223000372774595,0.46875,0.0,0.0,0.0,2.1222063380143563,0.3107865711106524,0.4338112019676609
ca2488123127d75d0421f9b30e39e6c33c56bc5e04a44f5e415601dd4bb07e5f,SQX-BTC-M15-ca2488123127,BTC,SHORT,D4,13,0.5668352803034178,-0.16682291874209165,-0.05884995058725392,-0.05884995058725406,0.07203620459156335,0.3076923076923077,0.0,0.0,0.0,2.1222063380143563,0.3107865711106524,0.4338112019676609
ca2488123127d75d0421f9b30e39e6c33c56bc5e04a44f5e415601dd4bb07e5f,SQX-BTC-M15-ca2488123127,BTC,SHORT,D5,6,0.916532952916421,-0.009923422992586825,-0.03171647757519673,-0.03171647757519691,0.20390818776575403,0.3333333333333333,0.0,0.0,0.0,2.1222063380143563,0.3107865711106524,0.4338112019676609
ca2488123127d75d0421f9b30e39e6c33c56bc5e04a44f5e415601dd4bb07e5f,SQX-BTC-M15-ca2488123127,BTC,SHORT,D6,21,1.2356683657082856,0.17487630970003953,0.10549139185715399,0.10549139185715561,0.1797702497723791,0.42857142857142855,0.0,0.0,0.0,2.1222063380143563,0.3107865711106524,0.4338112019676609
ca2488123127d75d0421f9b30e39e6c33c56bc5e04a44f5e415601dd4bb07e5f,SQX-BTC-M15-ca2488123127,BTC,SHORT,VAL,19,2.1222063380143563,0.31078657111065244,0.1858187713457037,0.18581877134570535,0.11163084079441421,0.47368421052631576,0.0,0.0,0.0,2.1222063380143563,0.3107865711106524,0.4338112019676609
ca2488123127d75d0421f9b30e39e6c33c56bc5e04a44f5e415601dd4bb07e5f,SQX-BTC-M15-ca2488123127,BTC,SHORT,OOS,3,0.0,-1.0069503255800143,-0.41376376188553643,-0.41376376188553643,0.41376376188553643,0.0,0.0,0.0,0.0,2.1222063380143563,0.3107865711106524,0.4338112019676609
bd1bcabf40f2b08afe30591827b5e874fff1db336e98ecbbdd89b33f70744ee5,SQX-BTC-M15-bd1bcabf40f2,BTC,SHORT,D1,15,2.082821296865099,0.6100049398750801,0.09241080697651691,0.09241080697651816,0.09426591083714753,0.4666666666666667,0.0,0.0,0.0,1.977009911843116,0.3008185305843109,0.490921391118044
bd1bcabf40f2b08afe30591827b5e874fff1db336e98ecbbdd89b33f70744ee5,SQX-BTC-M15-bd1bcabf40f2,BTC,SHORT,D2,35,1.2604947334260255,0.01377519667413731,0.027974474997954905,0.027974474997957133,0.06267178471865753,0.37142857142857144,0.0,0.0,0.0,1.977009911843116,0.3008185305843109,0.490921391118044
bd1bcabf40f2b08afe30591827b5e874fff1db336e98ecbbdd89b33f70744ee5,SQX-BTC-M15-bd1bcabf40f2,BTC,SHORT,D3,32,1.9451175150925284,0.49292461582407415,0.1743189868308656,0.17431898683086855,0.24001604875033422,0.4375,0.0,0.0,0.0,1.977009911843116,0.3008185305843109,0.490921391118044
bd1bcabf40f2b08afe30591827b5e874fff1db336e98ecbbdd89b33f70744ee5,SQX-BTC-M15-bd1bcabf40f2,BTC,SHORT,D4,13,0.5236842505899889,-0.2737126096048358,-0.05336409657811719,-0.05336409657811736,0.07769654526462244,0.23076923076923078,0.0,0.0,0.0,1.977009911843116,0.3008185305843109,0.490921391118044
bd1bcabf40f2b08afe30591827b5e874fff1db336e98ecbbdd89b33f70744ee5,SQX-BTC-M15-bd1bcabf40f2,BTC,SHORT,D5,6,1.2181968783813717,0.20899099156544018,0.06238052628261832,0.062380526282618254,0.15338114082431598,0.3333333333333333,0.0,0.0,0.0,1.977009911843116,0.3008185305843109,0.490921391118044
bd1bcabf40f2b08afe30591827b5e874fff1db336e98ecbbdd89b33f70744ee5,SQX-BTC-M15-bd1bcabf40f2,BTC,SHORT,D6,21,1.189388441781961,0.24904142880639904,0.07165179018958892,0.07165179018958989,0.25344049713111183,0.38095238095238093,0.0,0.0,0.0,1.977009911843116,0.3008185305843109,0.490921391118044
bd1bcabf40f2b08afe30591827b5e874fff1db336e98ecbbdd89b33f70744ee5,SQX-BTC-M15-bd1bcabf40f2,BTC,SHORT,VAL,21,1.9770099118431161,0.3008185305843109,0.16033987508028993,0.16033987508029135,0.08615194452900021,0.38095238095238093,0.0,0.0,0.0,1.977009911843116,0.3008185305843109,0.490921391118044
bd1bcabf40f2b08afe30591827b5e874fff1db336e98ecbbdd89b33f70744ee5,SQX-BTC-M15-bd1bcabf40f2,BTC,SHORT,OOS,3,0.0,-1.0092671007733574,-0.3109978214141541,-0.3109978214141541,0.3109978214141541,0.0,0.0,0.0,0.0,1.977009911843116,0.3008185305843109,0.490921391118044
1500fd432f3cd5db93a655b7d39959eb1f4d9f970733857485d2b2d2761a57cc,SQX-DOGE-M15-1500fd432f3c,DOGE,LONG,D1,12,0.41338889407531015,-0.7554864597424066,-0.03827231450719845,-0.03827231450719826,0.06459269102990028,0.16666666666666666,0.0,0.0,0.0,8.390745393086835,0.842267815439321,0.1439678818856631
1500fd432f3cd5db93a655b7d39959eb1f4d9f970733857485d2b2d2761a57cc,SQX-DOGE-M15-1500fd432f3c,DOGE,LONG,D2,14,0.29811910839423306,-0.5281774569229655,-0.050386083425618386,-0.050386083425618455,0.05173853820598029,0.21428571428571427,0.0,0.0,0.0,8.390745393086835,0.842267815439321,0.1439678818856631
1500fd432f3cd5db93a655b7d39959eb1f4d9f970733857485d2b2d2761a57cc,SQX-DOGE-M15-1500fd432f3c,DOGE,LONG,D3,1,0.0,-1.0001888792051588,-4.765850166112953,-4.765850166112953,4.765850166112953,0.0,0.0,0.0,0.0,8.390745393086835,0.842267815439321,0.1439678818856631
1500fd432f3cd5db93a655b7d39959eb1f4d9f970733857485d2b2d2761a57cc,SQX-DOGE-M15-1500fd432f3c,DOGE,LONG,D4,7,1.3014436474285673,0.1992132203592131,0.5594069029162118,0.5594069029162116,1.8557594684385368,0.42857142857142855,0.0,0.0,0.0,8.390745393086835,0.842267815439321,0.1439678818856631
1500fd432f3cd5db93a655b7d39959eb1f4d9f970733857485d2b2d2761a57cc,SQX-DOGE-M15-1500fd432f3c,DOGE,LONG,D5,10,5.198645601666907,0.9415923508013491,3.022284606865988,3.0222846068659877,2.74960712440014,0.6,0.0,0.0,0.0,8.390745393086835,0.842267815439321,0.1439678818856631
1500fd432f3cd5db93a655b7d39959eb1f4d9f970733857485d2b2d2761a57cc,SQX-DOGE-M15-1500fd432f3c,DOGE,LONG,D6,16,1.26222868521423,0.12283949682126473,0.35686245847176856,0.3568624584717688,0.7356053156146153,0.375,0.0,0.0,0.0,8.390745393086835,0.842267815439321,0.1439678818856631
1500fd432f3cd5db93a655b7d39959eb1f4d9f970733857485d2b2d2761a57cc,SQX-DOGE-M15-1500fd432f3c,DOGE,LONG,VAL,13,8.390745393086835,0.842267815439321,10.319326208933198,10.319326208933198,10.323779623477312,0.6153846153846154,0.0,0.0,0.0,8.390745393086835,0.842267815439321,0.1439678818856631
1500fd432f3cd5db93a655b7d39959eb1f4d9f970733857485d2b2d2761a57cc,SQX-DOGE-M15-1500fd432f3c,DOGE,LONG,OOS,6,0.3706479847536013,-0.3939183881285726,-0.8295971207087354,-0.8295971207087354,1.167221262458463,0.16666666666666666,0.0,0.0,0.0,8.390745393086835,0.842267815439321,0.1439678818856631
b8e2e89f9048feb367f142aa6965b9b8de9a74c049c7de9985d7003b7d1e0b44,SQX-DOGE-M15-b8e2e89f9048,DOGE,LONG,D1,4,0.3706924668011935,-0.7092020078294283,-0.011040014765596191,-0.01104001476559624,0.01104001476559624,0.25,0.0,0.0,0.0,2.7945269617445714,0.499922311966731,0.3231975808214307
b8e2e89f9048feb367f142aa6965b9b8de9a74c049c7de9985d7003b7d1e0b44,SQX-DOGE-M15-b8e2e89f9048,DOGE,LONG,D2,3,0.46334278234385,-0.23736106223744127,-0.020839534883720888,-0.020839534883720923,0.029703986710963415,0.3333333333333333,0.0,0.0,0.0,2.7945269617445714,0.499922311966731,0.3231975808214307
b8e2e89f9048feb367f142aa6965b9b8de9a74c049c7de9985d7003b7d1e0b44,SQX-DOGE-M15-b8e2e89f9048,DOGE,LONG,D3,11,2.430900952192858,0.47591518500094077,5.02197338501293,5.021973385012931,4.050513178294579,0.7272727272727273,0.0,0.0,0.0,2.7945269617445714,0.499922311966731,0.3231975808214307
b8e2e89f9048feb367f142aa6965b9b8de9a74c049c7de9985d7003b7d1e0b44,SQX-DOGE-M15-b8e2e89f9048,DOGE,LONG,D4,19,4.733576592947142,0.28063590736403965,16.19330974529351,16.193309745293515,14.413964008859399,0.5789473684210527,0.0,0.0,0.0,2.7945269617445714,0.499922311966731,0.3231975808214307
b8e2e89f9048feb367f142aa6965b9b8de9a74c049c7de9985d7003b7d1e0b44,SQX-DOGE-M15-b8e2e89f9048,DOGE,LONG,D5,27,0.6117684333775358,-0.013648996885158863,-2.8845805463270593,-2.8845805463270597,3.237407973421922,0.4074074074074074,0.0,0.0,0.0,2.7945269617445714,0.499922311966731,0.3231975808214307
b8e2e89f9048feb367f142aa6965b9b8de9a74c049c7de9985d7003b7d1e0b44,SQX-DOGE-M15-b8e2e89f9048,DOGE,LONG,D6,20,1.2728692681084768,-0.07718349767203894,0.6147057954965054,0.6147057954965047,0.9084954595791896,0.35,0.0,0.0,0.0,2.7945269617445714,0.499922311966731,0.3231975808214307
b8e2e89f9048feb367f142aa6965b9b8de9a74c049c7de9985d7003b7d1e0b44,SQX-DOGE-M15-b8e2e89f9048,DOGE,LONG,VAL,33,2.7945269617445714,0.499922311966731,9.950181875230713,9.95018187523072,10.338933665559251,0.6060606060606061,0.0,0.0,0.0,2.7945269617445714,0.499922311966731,0.3231975808214307
b8e2e89f9048feb367f142aa6965b9b8de9a74c049c7de9985d7003b7d1e0b44,SQX-DOGE-M15-b8e2e89f9048,DOGE,LONG,OOS,18,0.0899957139066273,-0.6454879402702783,-6.03982495385752,-6.03982495385752,6.03982495385752,0.1111111111111111,0.0,0.0,0.0,2.7945269617445714,0.499922311966731,0.3231975808214307
a8433da8c535492c49ed3866846100f9a47a1286265bd5d0eb9245f2ddebb716,SQX-DOGE-M15-a8433da8c535,DOGE,LONG,D1,9,0.49968761214817403,-0.26772821330224184,-0.0198644887412327,-0.01986448874123259,0.02634640088593565,0.3333333333333333,0.0,0.0,0.0,2.1455471263464623,0.4685852833644555,0.3298233648449379
a8433da8c535492c49ed3866846100f9a47a1286265bd5d0eb9245f2ddebb716,SQX-DOGE-M15-a8433da8c535,DOGE,LONG,D2,11,0.9023799079108845,0.2022096410047164,-0.006522369878184204,-0.006522369878184331,0.04047497231450736,0.45454545454545453,0.0,0.0,0.0,2.1455471263464623,0.4685852833644555,0.3298233648449379
a8433da8c535492c49ed3866846100f9a47a1286265bd5d0eb9245f2ddebb716,SQX-DOGE-M15-a8433da8c535,DOGE,LONG,D3,15,0.840846681727244,0.2638463087403793,-1.5895317460317582,-1.5895317460317577,4.13632864525655,0.4,0.0,0.0,0.0,2.1455471263464623,0.4685852833644555,0.3298233648449379
a8433da8c535492c49ed3866846100f9a47a1286265bd5d0eb9245f2ddebb716,SQX-DOGE-M15-a8433da8c535,DOGE,LONG,D4,27,1.7100536725430926,0.015967862002947128,11.09714702842379,11.097147028423795,15.124006386120346,0.3333333333333333,0.0,0.0,0.0,2.1455471263464623,0.4685852833644555,0.3298233648449379
a8433da8c535492c49ed3866846100f9a47a1286265bd5d0eb9245f2ddebb716,SQX-DOGE-M15-a8433da8c535,DOGE,LONG,D5,33,1.4732779965680873,0.2687890617011629,3.2958813953488515,3.2958813953488537,4.398041749723159,0.42424242424242425,0.0,0.0,0.0,2.1455471263464623,0.4685852833644555,0.3298233648449379
a8433da8c535492c49ed3866846100f9a47a1286265bd5d0eb9245f2ddebb716,SQX-DOGE-M15-a8433da8c535,DOGE,LONG,D6,26,1.1125559340706064,-0.15811583621585662,0.3693648578811435,0.3693648578811435,1.1113396087117025,0.3076923076923077,0.0,0.0,0.0,2.1455471263464623,0.4685852833644555,0.3298233648449379
a8433da8c535492c49ed3866846100f9a47a1286265bd5d0eb9245f2ddebb716,SQX-DOGE-M15-a8433da8c535,DOGE,LONG,VAL,37,2.1455471263464623,0.46858528336445554,11.631520967146564,11.63152096714657,12.810233923957183,0.4864864864864865,0.0,0.0,0.0,2.1455471263464623,0.4685852833644555,0.3298233648449379
a8433da8c535492c49ed3866846100f9a47a1286265bd5d0eb9245f2ddebb716,SQX-DOGE-M15-a8433da8c535,DOGE,LONG,OOS,22,0.16992059478771396,-0.5936921724646557,-7.0592979697305385,-7.059297969730539,7.059297969730539,0.13636363636363635,0.0,0.0,0.0,2.1455471263464623,0.4685852833644555,0.3298233648449379
e6f0c504fb2b8d7223e266b50e5018d79e2b22362d97931806b01883456675a9,SQX-DOGE-M15-e6f0c504fb2b,DOGE,LONG,D1,4,0.9800770385541946,-0.418404015658852,-0.00012639350313765202,-0.0001263935031377006,0.004936544850498326,0.5,0.0,0.0,0.0,2.46386536890485,0.3823256199622798,0.1849123848614091
e6f0c504fb2b8d7223e266b50e5018d79e2b22362d97931806b01883456675a9,SQX-DOGE-M15-e6f0c504fb2b,DOGE,LONG,D2,3,0.42066676114993634,-0.30805545780821425,-0.011769767441860387,-0.011769767441860424,0.015301993355481658,0.3333333333333333,0.0,0.0,0.0,2.46386536890485,0.3823256199622798,0.1849123848614091
e6f0c504fb2b8d7223e266b50e5018d79e2b22362d97931806b01883456675a9,SQX-DOGE-M15-e6f0c504fb2b,DOGE,LONG,D3,11,2.191867236531647,0.3445643363159888,2.788705574012549,2.7887055740125497,1.4129448874123285,0.5454545454545454,0.0,0.0,0.0,2.46386536890485,0.3823256199622798,0.1849123848614091
e6f0c504fb2b8d7223e266b50e5018d79e2b22362d97931806b01883456675a9,SQX-DOGE-M15-e6f0c504fb2b,DOGE,LONG,D4,19,2.3582981723143956,0.18156156952205432,6.175960169804364,6.175960169804366,5.597013473606495,0.47368421052631576,0.0,0.0,0.0,2.46386536890485,0.3823256199622798,0.1849123848614091
e6f0c504fb2b8d7223e266b50e5018d79e2b22362d97931806b01883456675a9,SQX-DOGE-M15-e6f0c504fb2b,DOGE,LONG,D5,29,0.7255317068763006,-0.1459665383030707,-1.0569231819859783,-1.0569231819859781,1.3074047988187532,0.3448275862068966,0.0,0.0,0.0,2.46386536890485,0.3823256199622798,0.1849123848614091
e6f0c504fb2b8d7223e266b50e5018d79e2b22362d97931806b01883456675a9,SQX-DOGE-M15-e6f0c504fb2b,DOGE,LONG,D6,21,0.9849110481893124,-0.1795405229923309,-0.02148397932816326,-0.02148397932816326,0.5639561461793979,0.3333333333333333,0.0,0.0,0.0,2.46386536890485,0.3823256199622798,0.1849123848614091
e6f0c504fb2b8d7223e266b50e5018d79e2b22362d97931806b01883456675a9,SQX-DOGE-M15-e6f0c504fb2b,DOGE,LONG,VAL,36,2.46386536890485,0.3823256199622798,4.935484828349944,4.935484828349948,4.761689368770768,0.5555555555555556,0.0,0.0,0.0,2.46386536890485,0.3823256199622798,0.1849123848614091
e6f0c504fb2b8d7223e266b50e5018d79e2b22362d97931806b01883456675a9,SQX-DOGE-M15-e6f0c504fb2b,DOGE,LONG,OOS,21,0.6624947919268982,-0.41094960722353674,-0.9714655223329681,-0.9714655223329688,2.068271576227393,0.23809523809523808,0.0,0.0,0.0,2.46386536890485,0.3823256199622798,0.1849123848614091
17f415e680eaaf310e2a0ecc627951c8f7214577b6fafec9bac3e6af519fda7f,SQX-DOGE-M15-17f415e680ea,DOGE,LONG,D1,6,4.768252698525553,-0.26006787204824333,0.02817050572166853,0.028170505721668793,0.018357585825027778,0.5,0.0,0.0,0.0,2.157422617766625,0.3577636906193187,0.1025141458992406
17f415e680eaaf310e2a0ecc627951c8f7214577b6fafec9bac3e6af519fda7f,SQX-DOGE-M15-17f415e680ea,DOGE,LONG,D2,1,inf,0.97373156342184,0.002437024732373628,0.002437024732373727,0.0,1.0,0.0,0.0,0.0,2.157422617766625,0.3577636906193187,0.1025141458992406
17f415e680eaaf310e2a0ecc627951c8f7214577b6fafec9bac3e6af519fda7f,SQX-DOGE-M15-17f415e680ea,DOGE,LONG,D3,3,31.813849893495778,0.5477126097098701,1.755253119232194,1.755253119232194,0.12012506459948358,0.6666666666666666,0.0,0.0,0.0,2.157422617766625,0.3577636906193187,0.1025141458992406
17f415e680eaaf310e2a0ecc627951c8f7214577b6fafec9bac3e6af519fda7f,SQX-DOGE-M15-17f415e680ea,DOGE,LONG,D4,7,5.982928276500994,0.3314297311382736,6.317989405684761,6.317989405684761,6.973167035806577,0.5714285714285714,0.0,0.0,0.0,2.157422617766625,0.3577636906193187,0.1025141458992406
17f415e680eaaf310e2a0ecc627951c8f7214577b6fafec9bac3e6af519fda7f,SQX-DOGE-M15-17f415e680ea,DOGE,LONG,D5,7,36.95761916650124,0.9919684970263225,3.2378860465116266,3.237886046511629,3.327933333333335,0.8571428571428571,0.0,0.0,0.0,2.157422617766625,0.3577636906193187,0.1025141458992406
17f415e680eaaf310e2a0ecc627951c8f7214577b6fafec9bac3e6af519fda7f,SQX-DOGE-M15-17f415e680ea,DOGE,LONG,D6,11,0.5951686806115779,-0.3726671345830981,-0.4521296050203035,-0.4521296050203034,0.6415897748246615,0.2727272727272727,0.0,0.0,0.0,2.157422617766625,0.3577636906193187,0.1025141458992406
17f415e680eaaf310e2a0ecc627951c8f7214577b6fafec9bac3e6af519fda7f,SQX-DOGE-M15-17f415e680ea,DOGE,LONG,VAL,12,2.157422617766625,0.3577636906193187,1.9922454042082012,1.9922454042082003,1.7602181247692927,0.5833333333333334,0.0,0.0,0.0,2.157422617766625,0.3577636906193187,0.1025141458992406
17f415e680eaaf310e2a0ecc627951c8f7214577b6fafec9bac3e6af519fda7f,SQX-DOGE-M15-17f415e680ea,DOGE,LONG,OOS,7,0.22995757079802442,-0.5407119933655405,-1.7263073827980806,-1.7263073827980802,1.7263073827980802,0.14285714285714285,0.0,0.0,0.0,2.157422617766625,0.3577636906193187,0.1025141458992406
d70d55e82ca7d437ae5d08ea67e2f72c03bf5828fdf3c9a1b3a058ff6d4c71c6,SQX-DOGE-M15-d70d55e82ca7,DOGE,LONG,D1,12,0.8239418477974073,-0.030257290462866054,-0.006281727574750949,-0.006281727574750318,0.01899191583610149,0.4166666666666667,0.0,0.0,0.0,4.462952846603114,0.3537440227798157,0.5677810044331089
d70d55e82ca7d437ae5d08ea67e2f72c03bf5828fdf3c9a1b3a058ff6d4c71c6,SQX-DOGE-M15-d70d55e82ca7,DOGE,LONG,D2,14,1.2394357159547564,0.13436872829872268,0.007300332225913701,0.007300332225914419,0.016351568844592324,0.5,0.0,0.0,0.0,4.462952846603114,0.3537440227798157,0.5677810044331089
d70d55e82ca7d437ae5d08ea67e2f72c03bf5828fdf3c9a1b3a058ff6d4c71c6,SQX-DOGE-M15-d70d55e82ca7,DOGE,LONG,D3,1,0.0,-1.00028331880774,-3.177533444075307,-3.177533444075307,3.177533444075307,0.0,0.0,0.0,0.0,4.462952846603114,0.3537440227798157,0.5677810044331089
d70d55e82ca7d437ae5d08ea67e2f72c03bf5828fdf3c9a1b3a058ff6d4c71c6,SQX-DOGE-M15-d70d55e82ca7,DOGE,LONG,D4,7,1.9189417917516935,0.4010607268973632,0.7818136950904412,0.7818136950904409,0.899801365817646,0.42857142857142855,0.0,0.0,0.0,4.462952846603114,0.3537440227798157,0.5677810044331089
d70d55e82ca7d437ae5d08ea67e2f72c03bf5828fdf3c9a1b3a058ff6d4c71c6,SQX-DOGE-M15-d70d55e82ca7,DOGE,LONG,D5,10,4.715339712458254,0.632407591978961,1.630350313768922,1.630350313768922,1.435029605020305,0.6,0.0,0.0,0.0,4.462952846603114,0.3537440227798157,0.5677810044331089
d70d55e82ca7d437ae5d08ea67e2f72c03bf5828fdf3c9a1b3a058ff6d4c71c6,SQX-DOGE-M15-d70d55e82ca7,DOGE,LONG,D6,16,2.110355757461811,0.3153453270488253,0.724433517903286,0.7244335179032872,0.7314014765596184,0.4375,0.0,0.0,0.0,4.462952846603114,0.3537440227798157,0.5677810044331089
d70d55e82ca7d437ae5d08ea67e2f72c03bf5828fdf3c9a1b3a058ff6d4c71c6,SQX-DOGE-M15-d70d55e82ca7,DOGE,LONG,VAL,13,4.462952846603114,0.3537440227798157,4.72473410852713,4.724734108527132,4.503781026208934,0.46153846153846156,0.0,0.0,0.0,4.462952846603114,0.3537440227798157,0.5677810044331089
d70d55e82ca7d437ae5d08ea67e2f72c03bf5828fdf3c9a1b3a058ff6d4c71c6,SQX-DOGE-M15-d70d55e82ca7,DOGE,LONG,OOS,6,4.372350171090304,0.4924557511404597,1.0579074935400479,1.0579074935400476,0.9285942783314822,0.5,0.0,0.0,0.0,4.462952846603114,0.3537440227798157,0.5677810044331089
53ef44f4a93f9c8e3632352aafcc61b388328c76f4a4f7fc06fc79bcf3d3d63b,SQX-DOGE-M15-53ef44f4a93f,DOGE,SHORT,D1,11,0.3891352991296455,-0.38086226728851447,-0.019822480620155104,-0.019822480620155236,0.031024289405684913,0.36363636363636365,0.0,0.0,0.0,2.1935894893336974,0.3481724266074883,0.1325775407284693
53ef44f4a93f9c8e3632352aafcc61b388328c76f4a4f7fc06fc79bcf3d3d63b,SQX-DOGE-M15-53ef44f4a93f,DOGE,SHORT,D2,8,6.4803204201868,-0.1745694441270484,0.14559162052417904,0.14559162052417896,0.14788257659653037,0.375,0.0,0.0,0.0,2.1935894893336974,0.3481724266074883,0.1325775407284693
53ef44f4a93f9c8e3632352aafcc61b388328c76f4a4f7fc06fc79bcf3d3d63b,SQX-DOGE-M15-53ef44f4a93f,DOGE,SHORT,D3,11,0.7473386957658981,-0.17753611821774676,-0.41831731266148986,-0.4183173126614901,1.6145837209302356,0.45454545454545453,0.0,0.0,0.0,2.1935894893336974,0.3481724266074883,0.1325775407284693
53ef44f4a93f9c8e3632352aafcc61b388328c76f4a4f7fc06fc79bcf3d3d63b,SQX-DOGE-M15-53ef44f4a93f,DOGE,SHORT,D4,9,3.556675726751474,0.9694902419571583,5.924347397563663,5.9243473975636665,6.135657142857127,0.6666666666666666,0.0,0.0,0.0,2.1935894893336974,0.3481724266074883,0.1325775407284693
53ef44f4a93f9c8e3632352aafcc61b388328c76f4a4f7fc06fc79bcf3d3d63b,SQX-DOGE-M15-53ef44f4a93f,DOGE,SHORT,D5,17,1.9188207621286015,0.6445514676181108,1.6420458840900451,1.6420458840900447,2.950047434477643,0.5882352941176471,0.0,0.0,0.0,2.1935894893336974,0.3481724266074883,0.1325775407284693
53ef44f4a93f9c8e3632352aafcc61b388328c76f4a4f7fc06fc79bcf3d3d63b,SQX-DOGE-M15-53ef44f4a93f,DOGE,SHORT,D6,20,1.1229438890361365,0.22815565922824427,0.2549789590254723,0.2549789590254723,0.9810789221114784,0.45,0.0,0.0,0.0,2.1935894893336974,0.3481724266074883,0.1325775407284693
53ef44f4a93f9c8e3632352aafcc61b388328c76f4a4f7fc06fc79bcf3d3d63b,SQX-DOGE-M15-53ef44f4a93f,DOGE,SHORT,VAL,21,2.1935894893336974,0.34817242660748837,1.770228829826511,1.770228829826511,1.9045729051310532,0.6190476190476191,0.0,0.0,0.0,2.1935894893336974,0.3481724266074883,0.1325775407284693
53ef44f4a93f9c8e3632352aafcc61b388328c76f4a4f7fc06fc79bcf3d3d63b,SQX-DOGE-M15-53ef44f4a93f,DOGE,SHORT,OOS,10,4.3056676311406825,1.1353721113751585,2.9887851605758624,2.9887851605758615,3.2845356589147325,0.7,0.0,0.0,0.0,2.1935894893336974,0.3481724266074883,0.1325775407284693
1c7ec67d81a3d469ce3ab7f05363d71770bf7e8d6e971494bc0f2b8557d6cb2e,SQX-DOGE-M15-1c7ec67d81a3,DOGE,LONG,D1,12,0.2703232663507472,-0.6075372718508745,-0.045591435954226725,-0.04559143595422688,0.04559143595422688,0.25,0.0,0.0,0.0,1.953164153537924,0.3421154977408597,0.3844781526276003
1c7ec67d81a3d469ce3ab7f05363d71770bf7e8d6e971494bc0f2b8557d6cb2e,SQX-DOGE-M15-1c7ec67d81a3,DOGE,LONG,D2,20,1.4999005805444199,0.38553977962610164,0.045289036544849844,0.045289036544850614,0.04250431893687723,0.6,0.0,0.0,0.0,1.953164153537924,0.3421154977408597,0.3844781526276003
1c7ec67d81a3d469ce3ab7f05363d71770bf7e8d6e971494bc0f2b8557d6cb2e,SQX-DOGE-M15-1c7ec67d81a3,DOGE,LONG,D3,27,0.6306438614100085,0.07220039487500855,-7.556391177556291,-7.556391177556291,13.294067404946485,0.4074074074074074,0.0,0.0,0.0,1.953164153537924,0.3421154977408597,0.3844781526276003
1c7ec67d81a3d469ce3ab7f05363d71770bf7e8d6e971494bc0f2b8557d6cb2e,SQX-DOGE-M15-1c7ec67d81a3,DOGE,LONG,D4,39,2.2706288579549536,0.2922039388598931,20.065675193798477,20.06567519379847,17.25372912513844,0.5128205128205128,0.0,0.0,0.0,1.953164153537924,0.3421154977408597,0.3844781526276003
1c7ec67d81a3d469ce3ab7f05363d71770bf7e8d6e971494bc0f2b8557d6cb2e,SQX-DOGE-M15-1c7ec67d81a3,DOGE,LONG,D5,55,1.5936034031298296,0.26719121297229603,5.549244924326313,5.5492449243263104,6.0402484680693975,0.509090909090909,0.0,0.0,0.0,1.953164153537924,0.3421154977408597,0.3844781526276003
1c7ec67d81a3d469ce3ab7f05363d71770bf7e8d6e971494bc0f2b8557d6cb2e,SQX-DOGE-M15-1c7ec67d81a3,DOGE,LONG,D6,47,1.1480942201258302,-0.048987881685917715,0.8360684016242425,0.8360684016242406,1.5435303433001257,0.3829787234042553,0.0,0.0,0.0,1.953164153537924,0.3421154977408597,0.3844781526276003
1c7ec67d81a3d469ce3ab7f05363d71770bf7e8d6e971494bc0f2b8557d6cb2e,SQX-DOGE-M15-1c7ec67d81a3,DOGE,LONG,VAL,52,1.9531641535379238,0.34211549774085975,10.47830151347361,10.478301513473617,10.727956109265422,0.5384615384615384,0.0,0.0,0.0,1.953164153537924,0.3421154977408597,0.3844781526276003
1c7ec67d81a3d469ce3ab7f05363d71770bf7e8d6e971494bc0f2b8557d6cb2e,SQX-DOGE-M15-1c7ec67d81a3,DOGE,LONG,OOS,37,0.4861910746817098,-0.3272695997510936,-5.553048984865269,-5.553048984865271,5.986164341085283,0.2702702702702703,0.0,0.0,0.0,1.953164153537924,0.3421154977408597,0.3844781526276003
11ddb6779ea7c4501fa6edf7eda8afa4513be7a0f317395ebe6d017e087e14f2,SQX-DOGE-M15-11ddb6779ea7,DOGE,LONG,D1,6,3.9311399062867247,-0.32005090403618114,0.026578589885566564,0.026578589885566828,0.017432890365448594,0.5,0.0,0.0,0.0,2.590628258564743,0.3308227679644897,0.1771541968104598
11ddb6779ea7c4501fa6edf7eda8afa4513be7a0f317395ebe6d017e087e14f2,SQX-DOGE-M15-11ddb6779ea7,DOGE,LONG,D2,1,inf,0.73029867256638,0.002437024732373628,0.002437024732373727,0.0,1.0,0.0,0.0,0.0,2.590628258564743,0.3308227679644897,0.1771541968104598
11ddb6779ea7c4501fa6edf7eda8afa4513be7a0f317395ebe6d017e087e14f2,SQX-DOGE-M15-11ddb6779ea7,DOGE,LONG,D3,3,23.955007877988493,0.3274511239490688,1.7365654115909979,1.7365654115909979,0.10143735695828737,0.6666666666666666,0.0,0.0,0.0,2.590628258564743,0.3308227679644897,0.1771541968104598
11ddb6779ea7c4501fa6edf7eda8afa4513be7a0f317395ebe6d017e087e14f2,SQX-DOGE-M15-11ddb6779ea7,DOGE,LONG,D4,7,7.143822983885042,0.42714372692513525,6.996283979328174,6.996283979328174,7.318335695828726,0.7142857142857143,0.0,0.0,0.0,2.590628258564743,0.3308227679644897,0.1771541968104598
11ddb6779ea7c4501fa6edf7eda8afa4513be7a0f317395ebe6d017e087e14f2,SQX-DOGE-M15-11ddb6779ea7,DOGE,LONG,D5,7,27.787647011864188,0.7082620870554557,3.2081702842377244,3.2081702842377267,3.327933333333335,0.8571428571428571,0.0,0.0,0.0,2.590628258564743,0.3308227679644897,0.1771541968104598
11ddb6779ea7c4501fa6edf7eda8afa4513be7a0f317395ebe6d017e087e14f2,SQX-DOGE-M15-11ddb6779ea7,DOGE,LONG,D6,11,0.638361091987407,-0.23280988128612504,-0.43293433001107406,-0.43293433001107395,0.7205857142857153,0.36363636363636365,0.0,0.0,0.0,2.590628258564743,0.3308227679644897,0.1771541968104598
11ddb6779ea7c4501fa6edf7eda8afa4513be7a0f317395ebe6d017e087e14f2,SQX-DOGE-M15-11ddb6779ea7,DOGE,LONG,VAL,12,2.590628258564743,0.3308227679644897,2.660296345514959,2.660296345514958,2.4282690660760506,0.6666666666666666,0.0,0.0,0.0,2.590628258564743,0.3308227679644897,0.1771541968104598
11ddb6779ea7c4501fa6edf7eda8afa4513be7a0f317395ebe6d017e087e14f2,SQX-DOGE-M15-11ddb6779ea7,DOGE,LONG,OOS,7,1.5058033074134074,-0.4224686924284806,1.0243386120339675,1.0243386120339673,2.5339837209302387,0.2857142857142857,0.0,0.0,0.0,2.590628258564743,0.3308227679644897,0.1771541968104598
2f0bee061cee16200f48aa85222b25d57b72bb0e1dc178198055711f99b1b521,SQX-DOGE-M15-2f0bee061cee,DOGE,LONG,D1,53,1.0797659583061088,0.04329584779178971,0.015601956441491175,0.01560195644149287,0.07303654485049815,0.6415094339622641,0.0,0.0,0.0,2.253997454981659,0.3178602901977549,0.4249925468628566
2f0bee061cee16200f48aa85222b25d57b72bb0e1dc178198055711f99b1b521,SQX-DOGE-M15-2f0bee061cee,DOGE,LONG,D2,39,2.1512683508428236,-0.2052295593696278,0.15879534883720933,0.15879534883721025,0.18625459579180514,0.48717948717948717,0.0,0.0,0.0,2.253997454981659,0.3178602901977549,0.4249925468628566
2f0bee061cee16200f48aa85222b25d57b72bb0e1dc178198055711f99b1b521,SQX-DOGE-M15-2f0bee061cee,DOGE,LONG,D3,32,3.702130195312035,0.0831827706699547,17.16399623477296,17.16399623477295,19.27916965669987,0.5625,0.0,0.0,0.0,2.253997454981659,0.3178602901977549,0.4249925468628566
2f0bee061cee16200f48aa85222b25d57b72bb0e1dc178198055711f99b1b521,SQX-DOGE-M15-2f0bee061cee,DOGE,LONG,D4,48,1.1350381823152036,0.219775183668831,1.982732078257677,1.9827320782576754,2.8428861572536075,0.6041666666666666,0.0,0.0,0.0,2.253997454981659,0.3178602901977549,0.4249925468628566
2f0bee061cee16200f48aa85222b25d57b72bb0e1dc178198055711f99b1b521,SQX-DOGE-M15-2f0bee061cee,DOGE,LONG,D5,50,1.3498036725584863,0.15533750617484984,2.2855647840531796,2.28556478405318,3.8746461794020153,0.58,0.0,0.0,0.0,2.253997454981659,0.3178602901977549,0.4249925468628566
2f0bee061cee16200f48aa85222b25d57b72bb0e1dc178198055711f99b1b521,SQX-DOGE-M15-2f0bee061cee,DOGE,LONG,D6,34,0.5413282248786087,-0.24365371613872888,-1.5120507198228172,-1.5120507198228175,1.8253080841639022,0.38235294117647056,0.0,0.0,0.0,2.253997454981659,0.3178602901977549,0.4249925468628566
2f0bee061cee16200f48aa85222b25d57b72bb0e1dc178198055711f99b1b521,SQX-DOGE-M15-2f0bee061cee,DOGE,LONG,VAL,74,2.253997454981659,0.3178602901977549,9.518948172757467,9.518948172757474,10.391597563676621,0.6621621621621622,0.0,0.0,0.0,2.253997454981659,0.3178602901977549,0.4249925468628566
2f0bee061cee16200f48aa85222b25d57b72bb0e1dc178198055711f99b1b521,SQX-DOGE-M15-2f0bee061cee,DOGE,LONG,OOS,38,0.9967121715399473,0.0488121784646721,-0.01869612403100461,-0.018696124031006733,2.0645089700996735,0.5263157894736842,0.0,0.0,0.0,2.253997454981659,0.3178602901977549,0.4249925468628566
4518110537b6751c7508b98aa5dfb484ca45f773c38e50d627a39f520a450e0e,SQX-DOGE-M15-4518110537b6,DOGE,LONG,D1,52,0.6560825960706346,-0.1084867349020709,-0.0852025470653375,-0.08520254706533703,0.13630826873384982,0.4807692307692308,0.0,0.0,0.0,1.641077061841365,0.2863287586662238,0.3128872265632139
4518110537b6751c7508b98aa5dfb484ca45f773c38e50d627a39f520a450e0e,SQX-DOGE-M15-4518110537b6,DOGE,LONG,D2,39,2.1931447840862885,-0.28215263629270304,0.20085238095238098,0.20085238095238211,0.26540741971207105,0.38461538461538464,0.0,0.0,0.0,1.641077061841365,0.2863287586662238,0.3128872265632139
4518110537b6751c7508b98aa5dfb484ca45f773c38e50d627a39f520a450e0e,SQX-DOGE-M15-4518110537b6,DOGE,LONG,D3,32,1.3273063028849554,0.12484943733662127,4.900253156146209,4.90025315614621,14.362579808047261,0.5,0.0,0.0,0.0,1.641077061841365,0.2863287586662238,0.3128872265632139
4518110537b6751c7508b98aa5dfb484ca45f773c38e50d627a39f520a450e0e,SQX-DOGE-M15-4518110537b6,DOGE,LONG,D4,48,0.8180956290821758,0.11611405127206564,-3.588142783314865,-3.588142783314865,6.013129974160206,0.4791666666666667,0.0,0.0,0.0,1.641077061841365,0.2863287586662238,0.3128872265632139
4518110537b6751c7508b98aa5dfb484ca45f773c38e50d627a39f520a450e0e,SQX-DOGE-M15-4518110537b6,DOGE,LONG,D5,50,1.1894837281908837,0.11533750617485014,1.5389793281653907,1.5389793281653925,4.164935215946849,0.48,0.0,0.0,0.0,1.641077061841365,0.2863287586662238,0.3128872265632139
4518110537b6751c7508b98aa5dfb484ca45f773c38e50d627a39f520a450e0e,SQX-DOGE-M15-4518110537b6,DOGE,LONG,D6,34,0.6700458282982341,-0.18483018672696444,-1.1167941675895254,-1.1167941675895257,1.5885048357327474,0.35294117647058826,0.0,0.0,0.0,1.641077061841365,0.2863287586662238,0.3128872265632139
4518110537b6751c7508b98aa5dfb484ca45f773c38e50d627a39f520a450e0e,SQX-DOGE-M15-4518110537b6,DOGE,LONG,VAL,74,1.641077061841365,0.28632875866622387,7.105142340347009,7.105142340347015,7.7858380952381125,0.5540540540540541,0.0,0.0,0.0,1.641077061841365,0.2863287586662238,0.3128872265632139
4518110537b6751c7508b98aa5dfb484ca45f773c38e50d627a39f520a450e0e,SQX-DOGE-M15-4518110537b6,DOGE,LONG,OOS,38,1.3300046989750989,0.22425077495590015,1.8765604282022972,1.8765604282022936,2.8809954226652055,0.5263157894736842,0.0,0.0,0.0,1.641077061841365,0.2863287586662238,0.3128872265632139
5fdff6cd9c41262406a13656e0230ceddc9b0b7323a4cf724f34c222688857f7,SQX-DOGE-M15-5fdff6cd9c41,DOGE,LONG,D1,52,1.0943428574736043,0.028174060781066216,0.01744880029531224,0.01744880029531415,0.07370771502399465,0.6923076923076923,0.0,0.0,0.0,2.3055309896785854,0.2788288239559756,0.3852493325815501
5fdff6cd9c41262406a13656e0230ceddc9b0b7323a4cf724f34c222688857f7,SQX-DOGE-M15-5fdff6cd9c41,DOGE,LONG,D2,34,3.1160857565826086,0.0490273162799389,0.32540313768918455,0.3254031376891853,0.3348239940937625,0.6764705882352942,0.0,0.0,0.0,2.3055309896785854,0.2788288239559756,0.3852493325815501
5fdff6cd9c41262406a13656e0230ceddc9b0b7323a4cf724f34c222688857f7,SQX-DOGE-M15-5fdff6cd9c41,DOGE,LONG,D3,44,0.7909595249407575,0.1432974871079109,-11.823494425987422,-11.823494425987416,28.755007124400144,0.7045454545454546,0.0,0.0,0.0,2.3055309896785854,0.2788288239559756,0.3852493325815501
5fdff6cd9c41262406a13656e0230ceddc9b0b7323a4cf724f34c222688857f7,SQX-DOGE-M15-5fdff6cd9c41,DOGE,LONG,D4,50,0.7825674674037542,-0.021996105181168436,-6.517960502030269,-6.51796050203026,15.360053820598019,0.6,0.0,0.0,0.0,2.3055309896785854,0.2788288239559756,0.3852493325815501
5fdff6cd9c41262406a13656e0230ceddc9b0b7323a4cf724f34c222688857f7,SQX-DOGE-M15-5fdff6cd9c41,DOGE,LONG,D5,52,1.3266308964446372,0.010170663408287556,4.14155363602808,4.141553636028082,6.986793503137708,0.6346153846153846,0.0,0.0,0.0,2.3055309896785854,0.2788288239559756,0.3852493325815501
5fdff6cd9c41262406a13656e0230ceddc9b0b7323a4cf724f34c222688857f7,SQX-DOGE-M15-5fdff6cd9c41,DOGE,LONG,D6,18,0.8399128420346016,-0.20235878471917365,-0.7288245847176207,-0.728824584717621,2.077105426356598,0.5,0.0,0.0,0.0,2.3055309896785854,0.2788288239559756,0.3852493325815501
5fdff6cd9c41262406a13656e0230ceddc9b0b7323a4cf724f34c222688857f7,SQX-DOGE-M15-5fdff6cd9c41,DOGE,LONG,VAL,56,2.3055309896785854,0.2788288239559756,12.423391066814315,12.42339106681432,12.771905721668508,0.7857142857142857,0.0,0.0,0.0,2.3055309896785854,0.2788288239559756,0.3852493325815501
5fdff6cd9c41262406a13656e0230ceddc9b0b7323a4cf724f34c222688857f7,SQX-DOGE-M15-5fdff6cd9c41,DOGE,LONG,OOS,15,0.2763915895254007,-0.25516850623382353,-4.536109819121444,-4.536109819121446,4.85137814691768,0.4666666666666667,0.0,0.0,0.0,2.3055309896785854,0.2788288239559756,0.3852493325815501
9d884cbe93974e91677b1a3993e623825ac2a581cece49475c585d4f7c460557,SQX-ETH-M15-9d884cbe9397,ETH,SHORT,D1,42,1.0232041509756644,0.1042973125873494,0.014544199424737097,0.014544199424736615,0.2051841323106426,0.4523809523809524,0.0,0.0,0.0,1.447366518387638,0.5601437377507349,0.3180064834643565
9d884cbe93974e91677b1a3993e623825ac2a581cece49475c585d4f7c460557,SQX-ETH-M15-9d884cbe9397,ETH,SHORT,D2,23,1.5270627650753708,-0.005987585619084407,0.03601860019175508,0.036018600191755956,0.06811184084372068,0.4782608695652174,0.0,0.0,0.0,1.447366518387638,0.5601437377507349,0.3180064834643565
9d884cbe93974e91677b1a3993e623825ac2a581cece49475c585d4f7c460557,SQX-ETH-M15-9d884cbe9397,ETH,SHORT,D3,14,2.0371091278748286,0.351618806322858,0.0573688398849473,0.0573688398849479,0.0328743048897413,0.5714285714285714,0.0,0.0,0.0,1.447366518387638,0.5601437377507349,0.3180064834643565
9d884cbe93974e91677b1a3993e623825ac2a581cece49475c585d4f7c460557,SQX-ETH-M15-9d884cbe9397,ETH,SHORT,D4,16,2.343224601570421,0.5740890968944652,0.11060958772770776,0.1106095877277089,0.15047770853307818,0.625,0.0,0.0,0.0,1.447366518387638,0.5601437377507349,0.3180064834643565
9d884cbe93974e91677b1a3993e623825ac2a581cece49475c585d4f7c460557,SQX-ETH-M15-9d884cbe9397,ETH,SHORT,D5,12,0.2739415915975391,-0.7904729706296552,-1.0421518696069039,-1.0421518696069039,1.1927176893576221,0.08333333333333333,0.0,0.0,0.0,1.447366518387638,0.5601437377507349,0.3180064834643565
9d884cbe93974e91677b1a3993e623825ac2a581cece49475c585d4f7c460557,SQX-ETH-M15-9d884cbe9397,ETH,SHORT,D6,14,1.9214387400996096,0.362237729276328,0.4307988494726758,0.43079884947267666,0.3724850431447768,0.5714285714285714,0.0,0.0,0.0,1.447366518387638,0.5601437377507349,0.3180064834643565
9d884cbe93974e91677b1a3993e623825ac2a581cece49475c585d4f7c460557,SQX-ETH-M15-9d884cbe9397,ETH,SHORT,VAL,17,1.447366518387638,0.5601437377507349,0.15127718120805678,0.15127718120805844,0.3329309683605042,0.5882352941176471,0.0,0.0,0.0,1.447366518387638,0.5601437377507349,0.3180064834643565
9d884cbe93974e91677b1a3993e623825ac2a581cece49475c585d4f7c460557,SQX-ETH-M15-9d884cbe9397,ETH,SHORT,OOS,9,0.7009370274608878,-0.14610142617334967,-0.1708217162032598,-0.1708217162032598,0.5711897890699904,0.3333333333333333,0.0,0.0,0.0,1.447366518387638,0.5601437377507349,0.3180064834643565
0644ab535ba40d53feda053c5a564560fdf3f16528b2697c5c9cd3d531c0589c,SQX-ETH-M15-0644ab535ba4,ETH,SHORT,D1,50,0.7082738485920672,-0.13386327716969215,-0.19321428571428656,-0.19321428571428712,0.30026021093001043,0.36,0.0,0.0,0.0,1.077777863561967,0.322251055275745,0.1483343156584002
0644ab535ba40d53feda053c5a564560fdf3f16528b2697c5c9cd3d531c0589c,SQX-ETH-M15-0644ab535ba4,ETH,SHORT,D2,36,1.2980096398386107,-0.057768370031355105,0.02765992329817879,0.027659923298180455,0.06296481303931101,0.5,0.0,0.0,0.0,1.077777863561967,0.322251055275745,0.1483343156584002
0644ab535ba40d53feda053c5a564560fdf3f16528b2697c5c9cd3d531c0589c,SQX-ETH-M15-0644ab535ba4,ETH,SHORT,D3,20,1.4768757791444764,0.2014931042398247,0.03194487056567599,0.03194487056567685,0.038844295302014276,0.55,0.0,0.0,0.0,1.077777863561967,0.322251055275745,0.1483343156584002
0644ab535ba40d53feda053c5a564560fdf3f16528b2697c5c9cd3d531c0589c,SQX-ETH-M15-0644ab535ba4,ETH,SHORT,D4,22,1.5750866672912889,0.2682141388384862,0.05296366251198398,0.052963662511985365,0.08503815915628077,0.5454545454545454,0.0,0.0,0.0,1.077777863561967,0.322251055275745,0.1483343156584002
0644ab535ba40d53feda053c5a564560fdf3f16528b2697c5c9cd3d531c0589c,SQX-ETH-M15-0644ab535ba4,ETH,SHORT,D5,15,0.31489958504533694,-0.6767277008419469,-0.8835910834132298,-0.8835910834132298,0.9523028763183112,0.13333333333333333,0.0,0.0,0.0,1.077777863561967,0.322251055275745,0.1483343156584002
0644ab535ba40d53feda053c5a564560fdf3f16528b2697c5c9cd3d531c0589c,SQX-ETH-M15-0644ab535ba4,ETH,SHORT,D6,22,1.1389648900278027,0.112800851769129,0.0921630872483204,0.09216308724832034,0.4862999041227226,0.45454545454545453,0.0,0.0,0.0,1.077777863561967,0.322251055275745,0.1483343156584002
0644ab535ba40d53feda053c5a564560fdf3f16528b2697c5c9cd3d531c0589c,SQX-ETH-M15-0644ab535ba4,ETH,SHORT,VAL,21,1.077777863561967,0.322251055275745,0.028976318312560784,0.02897631831256242,0.2062688398849506,0.5238095238095238,0.0,0.0,0.0,1.077777863561967,0.322251055275745,0.1483343156584002
0644ab535ba40d53feda053c5a564560fdf3f16528b2697c5c9cd3d531c0589c,SQX-ETH-M15-0644ab535ba4,ETH,SHORT,OOS,11,0.6473240698723065,-0.10940966443250892,-0.18248389261744966,-0.1824838926174498,0.4182846596356674,0.36363636363636365,0.0,0.0,0.0,1.077777863561967,0.322251055275745,0.1483343156584002
4ce41eb395088de09cc753668b99d7af5c1093ae7a50a455abe2956a820fe506,SQX-ETH-M15-4ce41eb39508,ETH,SHORT,D1,7,0.9005553490420347,0.680972286391753,-0.018749664429530095,-0.018749664429530077,0.16129904122722905,0.5714285714285714,0.0,0.0,0.0,0.9193958148472472,0.2749453845965199,0.5592655267523149
4ce41eb395088de09cc753668b99d7af5c1093ae7a50a455abe2956a820fe506,SQX-ETH-M15-4ce41eb39508,ETH,SHORT,D2,10,2.117219917012444,0.04669962376250121,0.03252684563758374,0.03252684563758401,0.057037583892617594,0.5,0.0,0.0,0.0,0.9193958148472472,0.2749453845965199,0.5592655267523149
4ce41eb395088de09cc753668b99d7af5c1093ae7a50a455abe2956a820fe506,SQX-ETH-M15-4ce41eb39508,ETH,SHORT,D3,12,1.250820992857133,0.015783922978600224,0.012924832214765283,0.01292483221476548,0.0421139022051773,0.4166666666666667,0.0,0.0,0.0,0.9193958148472472,0.2749453845965199,0.5592655267523149
4ce41eb395088de09cc753668b99d7af5c1093ae7a50a455abe2956a820fe506,SQX-ETH-M15-4ce41eb39508,ETH,SHORT,D4,12,1.2807920036956477,0.25526552675231484,0.04207631831256069,0.04207631831256142,0.10680604026845619,0.5,0.0,0.0,0.0,0.9193958148472472,0.2749453845965199,0.5592655267523149
4ce41eb395088de09cc753668b99d7af5c1093ae7a50a455abe2956a820fe506,SQX-ETH-M15-4ce41eb39508,ETH,SHORT,D5,4,5.009590898265013,1.2358948860189527,0.2937657718120792,0.2937657718120794,0.24552023010546464,0.75,0.0,0.0,0.0,0.9193958148472472,0.2749453845965199,0.5592655267523149
4ce41eb395088de09cc753668b99d7af5c1093ae7a50a455abe2956a820fe506,SQX-ETH-M15-4ce41eb39508,ETH,SHORT,D6,9,3.3957386338509394,0.3089529325331956,0.38955100671140847,0.38955100671140896,0.5521526366251188,0.4444444444444444,0.0,0.0,0.0,0.9193958148472472,0.2749453845965199,0.5592655267523149
4ce41eb395088de09cc753668b99d7af5c1093ae7a50a455abe2956a820fe506,SQX-ETH-M15-4ce41eb39508,ETH,SHORT,VAL,26,0.9193958148472471,0.27494538459651996,-0.04949539789070234,-0.049495397890700454,0.3312863854266531,0.46153846153846156,0.0,0.0,0.0,0.9193958148472472,0.2749453845965199,0.5592655267523149
4ce41eb395088de09cc753668b99d7af5c1093ae7a50a455abe2956a820fe506,SQX-ETH-M15-4ce41eb39508,ETH,SHORT,OOS,10,0.7277819231121485,-0.13409357064664731,-0.1291054650047917,-0.12910546500479136,0.3869963566634683,0.3,0.0,0.0,0.0,0.9193958148472472,0.2749453845965199,0.5592655267523149
fbb05c77f62586635fc7f54f5be09c63a8584842d612897d7b2be1953f51df2e,SQX-LINK-M15-fbb05c77f625,LINK,SHORT,D1,16,0.5329483995025025,0.17005324563059177,-0.17170011587485573,-0.17170011587485567,0.31044055619930533,0.25,0.0,0.0,0.0,2.4678597256498,0.6578196899440681,0.3579913147728482
fbb05c77f62586635fc7f54f5be09c63a8584842d612897d7b2be1953f51df2e,SQX-LINK-M15-fbb05c77f625,LINK,SHORT,D2,9,0.2886999914415904,0.08683302170524848,-0.773329266677702,-0.773329266677702,0.9318884401037348,0.2222222222222222,0.0,0.0,0.0,2.4678597256498,0.6578196899440681,0.3579913147728482
fbb05c77f62586635fc7f54f5be09c63a8584842d612897d7b2be1953f51df2e,SQX-LINK-M15-fbb05c77f625,LINK,SHORT,D3,16,1.760100400245428,0.24577640891819563,2.404184119626993,2.4041841196269935,3.200306251724329,0.25,0.0,0.0,0.0,2.4678597256498,0.6578196899440681,0.3579913147728482
fbb05c77f62586635fc7f54f5be09c63a8584842d612897d7b2be1953f51df2e,SQX-LINK-M15-fbb05c77f625,LINK,SHORT,D4,14,0.7703266847222173,0.06900116941629282,-1.236183291949446,-1.2361832919494464,3.542848264636088,0.21428571428571427,0.0,0.0,0.0,2.4678597256498,0.6578196899440681,0.3579913147728482
fbb05c77f62586635fc7f54f5be09c63a8584842d612897d7b2be1953f51df2e,SQX-LINK-M15-fbb05c77f625,LINK,SHORT,D5,27,1.118062798958561,0.2910594431592245,0.4894118578601675,0.4894118578601667,2.1674383711306073,0.25925925925925924,0.0,0.0,0.0,2.4678597256498,0.6578196899440681,0.3579913147728482
fbb05c77f62586635fc7f54f5be09c63a8584842d612897d7b2be1953f51df2e,SQX-LINK-M15-fbb05c77f625,LINK,SHORT,D6,22,0.4479630011625397,-0.331140608913621,-1.1927570159465901,-1.1927570159465901,1.537536936489543,0.13636363636363635,0.0,0.0,0.0,2.4678597256498,0.6578196899440681,0.3579913147728482
fbb05c77f62586635fc7f54f5be09c63a8584842d612897d7b2be1953f51df2e,SQX-LINK-M15-fbb05c77f625,LINK,SHORT,VAL,24,2.4678597256498,0.6578196899440681,5.088343166142479,5.088343166142481,4.540571980356459,0.3333333333333333,0.0,0.0,0.0,2.4678597256498,0.6578196899440681,0.3579913147728482
fbb05c77f62586635fc7f54f5be09c63a8584842d612897d7b2be1953f51df2e,SQX-LINK-M15-fbb05c77f625,LINK,SHORT,OOS,21,0.5324109779649963,-0.5942660418362838,-1.422365209954211,-1.4223652099542115,2.175131231032388,0.14285714285714285,0.0,0.0,0.0,2.4678597256498,0.6578196899440681,0.3579913147728482
6b54752da6882480d978233e9310c1e993817d5b8de6c9e13f975c29854fae43,SQX-LINK-M15-6b54752da688,LINK,LONG,D1,29,1.235426072418227,-0.04002675683212732,0.37031615626551895,0.3703161562655193,0.8434087457926394,0.41379310344827586,0.0,0.0,0.0,3.379967799030587,0.5926162531676187,0.4847748650880659
6b54752da6882480d978233e9310c1e993817d5b8de6c9e13f975c29854fae43,SQX-LINK-M15-6b54752da688,LINK,LONG,D2,24,2.251526613730394,0.4397291147100217,0.8044911548860528,0.8044911548860534,0.6890196932075232,0.5833333333333334,0.0,0.0,0.0,3.379967799030587,0.5926162531676187,0.4847748650880659
6b54752da6882480d978233e9310c1e993817d5b8de6c9e13f975c29854fae43,SQX-LINK-M15-6b54752da688,LINK,LONG,D3,25,1.2173658374105016,0.19774815692575276,1.6196536169508184,1.619653616950818,4.379989709209298,0.48,0.0,0.0,0.0,3.379967799030587,0.5926162531676187,0.4847748650880659
6b54752da6882480d978233e9310c1e993817d5b8de6c9e13f975c29854fae43,SQX-LINK-M15-6b54752da688,LINK,LONG,D4,24,0.9958715708620332,0.1444816183331092,-0.04678898637089546,-0.04678898637089712,4.430085090768631,0.4583333333333333,0.0,0.0,0.0,3.379967799030587,0.5926162531676187,0.4847748650880659
6b54752da6882480d978233e9310c1e993817d5b8de6c9e13f975c29854fae43,SQX-LINK-M15-6b54752da688,LINK,LONG,D5,31,0.8312028788712115,-0.035474899221869145,-1.1905110467362041,-1.1905110467362046,2.9197838547701926,0.3870967741935484,0.0,0.0,0.0,3.379967799030587,0.5926162531676187,0.4847748650880659
6b54752da6882480d978233e9310c1e993817d5b8de6c9e13f975c29854fae43,SQX-LINK-M15-6b54752da688,LINK,LONG,D6,24,1.9712520443864325,0.34637781905093123,1.3764853059647963,1.3764853059647946,1.5214735198366682,0.5416666666666666,0.0,0.0,0.0,3.379967799030587,0.5926162531676187,0.4847748650880659
6b54752da6882480d978233e9310c1e993817d5b8de6c9e13f975c29854fae43,SQX-LINK-M15-6b54752da688,LINK,LONG,VAL,36,3.379967799030587,0.5926162531676187,7.496844606301382,7.496844606301384,7.760814815427915,0.6388888888888888,0.0,0.0,0.0,3.379967799030587,0.5926162531676187,0.4847748650880659
6b54752da6882480d978233e9310c1e993817d5b8de6c9e13f975c29854fae43,SQX-LINK-M15-6b54752da688,LINK,LONG,OOS,27,0.7311244413328363,-0.0391757367746654,-1.119179434972139,-1.1191794349721391,1.5817051702256868,0.4074074074074074,0.0,0.0,0.0,3.379967799030587,0.5926162531676187,0.4847748650880659
9f582373539131d2caced4c6f061abafcaa94df0b6d6159795ec05b35d6a6c9b,SQX-LINK-M15-9f5823735391,LINK,LONG,D1,39,2.1574072465351226,0.2378158362849642,0.4352139656789724,0.43521396567897286,0.30683408376096755,0.28205128205128205,0.0,0.0,0.0,1.7296142060854205,0.5696866006655784,0.0826951563862808
9f582373539131d2caced4c6f061abafcaa94df0b6d6159795ec05b35d6a6c9b,SQX-LINK-M15-9f5823735391,LINK,LONG,D2,13,1.1393451089017,-0.2646856964846285,0.04681680185399696,0.04681680185399695,0.2918174143353742,0.15384615384615385,0.0,0.0,0.0,1.7296142060854205,0.5696866006655784,0.0826951563862808
9f582373539131d2caced4c6f061abafcaa94df0b6d6159795ec05b35d6a6c9b,SQX-LINK-M15-9f5823735391,LINK,LONG,D3,13,0.48300236313000133,-0.23614879703792757,-1.25969977928598,-1.25969977928598,1.7959073221872655,0.15384615384615385,0.0,0.0,0.0,1.7296142060854205,0.5696866006655784,0.0826951563862808
9f582373539131d2caced4c6f061abafcaa94df0b6d6159795ec05b35d6a6c9b,SQX-LINK-M15-9f5823735391,LINK,LONG,D4,8,3.8265591814920756,0.87237711696289,4.851543033714055,4.851543033714059,5.886081029630853,0.375,0.0,0.0,0.0,1.7296142060854205,0.5696866006655784,0.0826951563862808
9f582373539131d2caced4c6f061abafcaa94df0b6d6159795ec05b35d6a6c9b,SQX-LINK-M15-9f5823735391,LINK,LONG,D5,11,0.33994066716233495,-0.5525534529489498,-1.1767873806764886,-1.1767873806764886,1.1767873806764886,0.09090909090909091,0.0,0.0,0.0,1.7296142060854205,0.5696866006655784,0.0826951563862808
9f582373539131d2caced4c6f061abafcaa94df0b6d6159795ec05b35d6a6c9b,SQX-LINK-M15-9f5823735391,LINK,LONG,D6,11,1.3595963685397072,0.3446601300344068,0.17660333829939556,0.1766033382993959,0.3090130110908791,0.2727272727272727,0.0,0.0,0.0,1.7296142060854205,0.5696866006655784,0.0826951563862808
9f582373539131d2caced4c6f061abafcaa94df0b6d6159795ec05b35d6a6c9b,SQX-LINK-M15-9f5823735391,LINK,LONG,VAL,19,1.7296142060854203,0.5696866006655784,1.238348877117473,1.2383488771174727,1.4272696242343956,0.3157894736842105,0.0,0.0,0.0,1.7296142060854205,0.5696866006655784,0.0826951563862808
9f582373539131d2caced4c6f061abafcaa94df0b6d6159795ec05b35d6a6c9b,SQX-LINK-M15-9f5823735391,LINK,LONG,OOS,24,1.5713003523884026,0.44659964707543925,0.8543587264801565,0.8543587264801582,0.8057239860950158,0.2916666666666667,0.0,0.0,0.0,1.7296142060854205,0.5696866006655784,0.0826951563862808
9a4ffc623381272256727c18e5f0020ecf4bf72d2935cfdca1cda2df7bc2b059,SQX-LINK-M15-9a4ffc623381,LINK,SHORT,D1,16,0.5418952926269842,0.20751918568508765,-0.165630480604757,-0.1656304806047565,0.3104405561993052,0.25,0.0,0.0,0.0,1.3278201762080115,0.4908263631439375,0.3767242848000962
9a4ffc623381272256727c18e5f0020ecf4bf72d2935cfdca1cda2df7bc2b059,SQX-LINK-M15-9a4ffc623381,LINK,SHORT,D2,9,0.2886999914415904,0.08683302170524848,-0.773329266677702,-0.773329266677702,0.9318884401037348,0.2222222222222222,0.0,0.0,0.0,1.3278201762080115,0.4908263631439375,0.3767242848000962
9a4ffc623381272256727c18e5f0020ecf4bf72d2935cfdca1cda2df7bc2b059,SQX-LINK-M15-9a4ffc623381,LINK,SHORT,D3,16,1.760100400245428,0.24577640891819563,2.404184119626993,2.4041841196269935,3.200306251724329,0.25,0.0,0.0,0.0,1.3278201762080115,0.4908263631439375,0.3767242848000962
9a4ffc623381272256727c18e5f0020ecf4bf72d2935cfdca1cda2df7bc2b059,SQX-LINK-M15-9a4ffc623381,LINK,SHORT,D4,14,0.7703266847222173,0.06900116941629282,-1.236183291949446,-1.2361832919494464,3.542848264636088,0.21428571428571427,0.0,0.0,0.0,1.3278201762080115,0.4908263631439375,0.3767242848000962
9a4ffc623381272256727c18e5f0020ecf4bf72d2935cfdca1cda2df7bc2b059,SQX-LINK-M15-9a4ffc623381,LINK,SHORT,D5,27,1.118062798958561,0.2910594431592245,0.4894118578601675,0.4894118578601667,2.1674383711306073,0.25925925925925924,0.0,0.0,0.0,1.3278201762080115,0.4908263631439375,0.3767242848000962
9a4ffc623381272256727c18e5f0020ecf4bf72d2935cfdca1cda2df7bc2b059,SQX-LINK-M15-9a4ffc623381,LINK,SHORT,D6,22,0.4479630011625397,-0.331140608913621,-1.1927570159465901,-1.1927570159465901,1.537536936489543,0.13636363636363635,0.0,0.0,0.0,1.3278201762080115,0.4908263631439375,0.3767242848000962
9a4ffc623381272256727c18e5f0020ecf4bf72d2935cfdca1cda2df7bc2b059,SQX-LINK-M15-9a4ffc623381,LINK,SHORT,VAL,24,1.3278201762080115,0.4908263631439375,1.1392177454063979,1.1392177454063979,2.312964972686645,0.2916666666666667,0.0,0.0,0.0,1.3278201762080115,0.4908263631439375,0.3767242848000962
9a4ffc623381272256727c18e5f0020ecf4bf72d2935cfdca1cda2df7bc2b059,SQX-LINK-M15-9a4ffc623381,LINK,SHORT,OOS,21,0.6623493715482522,-0.5282939063619616,-1.0126648292225509,-1.012664829222551,1.7972174143353783,0.14285714285714285,0.0,0.0,0.0,1.3278201762080115,0.4908263631439375,0.3767242848000962
c4644c893185ac2ac015451654bc2e12b6ccea460f76b37bcd01278dd0a254fa,SQX-LINK-M15-c4644c893185,LINK,SHORT,D1,16,0.5539425305744857,0.248050520834951,-0.15906423881255932,-0.15906423881255882,0.3104405561993052,0.3125,0.0,0.0,0.0,1.2055333239938424,0.4476069434081378,0.4178079756433195
c4644c893185ac2ac015451654bc2e12b6ccea460f76b37bcd01278dd0a254fa,SQX-LINK-M15-c4644c893185,LINK,SHORT,D2,9,0.2886999914415904,0.08683302170524848,-0.773329266677702,-0.773329266677702,0.9318884401037348,0.2222222222222222,0.0,0.0,0.0,1.2055333239938424,0.4476069434081378,0.4178079756433195
c4644c893185ac2ac015451654bc2e12b6ccea460f76b37bcd01278dd0a254fa,SQX-LINK-M15-c4644c893185,LINK,SHORT,D3,16,1.760100400245428,0.24577640891819563,2.404184119626993,2.4041841196269935,3.200306251724329,0.25,0.0,0.0,0.0,1.2055333239938424,0.4476069434081378,0.4178079756433195
c4644c893185ac2ac015451654bc2e12b6ccea460f76b37bcd01278dd0a254fa,SQX-LINK-M15-c4644c893185,LINK,SHORT,D4,14,0.7703266847222173,0.06900116941629282,-1.236183291949446,-1.2361832919494464,3.542848264636088,0.21428571428571427,0.0,0.0,0.0,1.2055333239938424,0.4476069434081378,0.4178079756433195
c4644c893185ac2ac015451654bc2e12b6ccea460f76b37bcd01278dd0a254fa,SQX-LINK-M15-c4644c893185,LINK,SHORT,D5,27,1.194288273805822,0.38790107006220187,0.783375329691543,0.783375329691542,2.1674383711306073,0.2962962962962963,0.0,0.0,0.0,1.2055333239938424,0.4476069434081378,0.4178079756433195
c4644c893185ac2ac015451654bc2e12b6ccea460f76b37bcd01278dd0a254fa,SQX-LINK-M15-c4644c893185,LINK,SHORT,D6,22,0.5777607657255728,-0.24332029200694347,-0.74056918832423,-0.7405691883242298,1.3093604314958882,0.18181818181818182,0.0,0.0,0.0,1.2055333239938424,0.4476069434081378,0.4178079756433195
c4644c893185ac2ac015451654bc2e12b6ccea460f76b37bcd01278dd0a254fa,SQX-LINK-M15-c4644c893185,LINK,SHORT,VAL,24,1.2055333239938424,0.4476069434081378,0.7769708767864141,0.7769708767864141,2.3361600397285245,0.2916666666666667,0.0,0.0,0.0,1.2055333239938424,0.4476069434081378,0.4178079756433195
c4644c893185ac2ac015451654bc2e12b6ccea460f76b37bcd01278dd0a254fa,SQX-LINK-M15-c4644c893185,LINK,SHORT,OOS,21,0.7045563710464847,-0.5070750786887606,-0.8002275947690902,-0.8002275947690903,1.5529936158472668,0.19047619047619047,0.0,0.0,0.0,1.2055333239938424,0.4476069434081378,0.4178079756433195
69c61981daaa137cb03aee4c072f4dd25064e61efdb43020f038bcf2abb17f18,SQX-LINK-M15-69c61981daaa,LINK,LONG,D1,29,3.409038248359083,0.1276805391528142,2.0240779506704167,2.024077950670416,2.105897224521324,0.5172413793103449,0.0,0.0,0.0,2.927147102121327,0.4233328608054489,0.5213350281376032
69c61981daaa137cb03aee4c072f4dd25064e61efdb43020f038bcf2abb17f18,SQX-LINK-M15-69c61981daaa,LINK,LONG,D2,24,1.9004942919743284,0.2917581986807589,0.6857608122275537,0.6857608122275543,0.5702893505490241,0.5833333333333334,0.0,0.0,0.0,2.927147102121327,0.4233328608054489,0.5213350281376032
69c61981daaa137cb03aee4c072f4dd25064e61efdb43020f038bcf2abb17f18,SQX-LINK-M15-69c61981daaa,LINK,LONG,D3,25,1.545831505105367,0.27864186741818087,3.309688379407372,3.3096883794073717,3.8942500027589206,0.6,0.0,0.0,0.0,2.927147102121327,0.4233328608054489,0.5213350281376032
69c61981daaa137cb03aee4c072f4dd25064e61efdb43020f038bcf2abb17f18,SQX-LINK-M15-69c61981daaa,LINK,LONG,D4,24,0.8925924929814082,0.09891862799982003,-1.4515991723224602,-1.4515991723224606,4.888028825249681,0.5,0.0,0.0,0.0,2.927147102121327,0.4233328608054489,0.5213350281376032
69c61981daaa137cb03aee4c072f4dd25064e61efdb43020f038bcf2abb17f18,SQX-LINK-M15-69c61981daaa,LINK,LONG,D5,31,0.7537004897201878,-0.08448601263517076,-2.0128776527065155,-2.012877652706516,3.648829818462738,0.41935483870967744,0.0,0.0,0.0,2.927147102121327,0.4233328608054489,0.5213350281376032
69c61981daaa137cb03aee4c072f4dd25064e61efdb43020f038bcf2abb17f18,SQX-LINK-M15-69c61981daaa,LINK,LONG,D6,24,1.7234776438101262,0.22656585677331087,1.1727386856480697,1.172738685648067,1.3535239529879108,0.5416666666666666,0.0,0.0,0.0,2.927147102121327,0.4233328608054489,0.5213350281376032
69c61981daaa137cb03aee4c072f4dd25064e61efdb43020f038bcf2abb17f18,SQX-LINK-M15-69c61981daaa,LINK,LONG,VAL,36,2.927147102121327,0.4233328608054489,6.718069017270864,6.718069017270867,7.118743966230754,0.6111111111111112,0.0,0.0,0.0,2.927147102121327,0.4233328608054489,0.5213350281376032
69c61981daaa137cb03aee4c072f4dd25064e61efdb43020f038bcf2abb17f18,SQX-LINK-M15-69c61981daaa,LINK,LONG,OOS,27,0.5850848028923141,-0.13847740836478611,-2.145085741874975,-2.1450857418749765,2.5578008442311013,0.37037037037037035,0.0,0.0,0.0,2.927147102121327,0.4233328608054489,0.5213350281376032
37415a0a4e17ad4bbe7311c8e8fe38fa5664e6214f392c04463d9ba71699388e,SQX-LINK-M15-37415a0a4e17,LINK,LONG,D1,26,0.7054154304215792,-0.2938465633869747,-0.25752928323125385,-0.2575292832312528,0.5271984605197818,0.23076923076923078,0.0,0.0,0.0,2.1817725293366728,0.4226977903386624,0.2069990823734817
37415a0a4e17ad4bbe7311c8e8fe38fa5664e6214f392c04463d9ba71699388e,SQX-LINK-M15-37415a0a4e17,LINK,LONG,D2,20,3.398398519694925,0.9044205161999747,0.9875109529327363,0.987510952932737,0.8332490040280307,0.55,0.0,0.0,0.0,2.1817725293366728,0.4226977903386624,0.2069990823734817
37415a0a4e17ad4bbe7311c8e8fe38fa5664e6214f392c04463d9ba71699388e,SQX-LINK-M15-37415a0a4e17,LINK,LONG,D3,15,0.41034527773679536,-0.5151043757522662,-2.029060337692423,-2.0290603376924228,2.757375583512655,0.13333333333333333,0.0,0.0,0.0,2.1817725293366728,0.4226977903386624,0.2069990823734817
37415a0a4e17ad4bbe7311c8e8fe38fa5664e6214f392c04463d9ba71699388e,SQX-LINK-M15-37415a0a4e17,LINK,LONG,D4,20,0.4626221141592647,-0.2684657646356706,-5.463111184682451,-5.46311118468245,6.4026430392319185,0.2,0.0,0.0,0.0,2.1817725293366728,0.4226977903386624,0.2069990823734817
37415a0a4e17ad4bbe7311c8e8fe38fa5664e6214f392c04463d9ba71699388e,SQX-LINK-M15-37415a0a4e17,LINK,LONG,D5,28,1.4704173845167032,0.43601611725876716,2.0858605308171962,2.0858605308171954,2.1782048777796206,0.39285714285714285,0.0,0.0,0.0,2.1817725293366728,0.4226977903386624,0.2069990823734817
37415a0a4e17ad4bbe7311c8e8fe38fa5664e6214f392c04463d9ba71699388e,SQX-LINK-M15-37415a0a4e17,LINK,LONG,D6,18,2.2899051555841172,0.510152139910836,1.1448936379186647,1.1448936379186638,1.3657589913369717,0.4444444444444444,0.0,0.0,0.0,2.1817725293366728,0.4226977903386624,0.2069990823734817
37415a0a4e17ad4bbe7311c8e8fe38fa5664e6214f392c04463d9ba71699388e,SQX-LINK-M15-37415a0a4e17,LINK,LONG,VAL,30,2.1817725293366728,0.4226977903386624,3.7961804888815314,3.7961804888815305,3.416348821938975,0.4,0.0,0.0,0.0,2.1817725293366728,0.4226977903386624,0.2069990823734817
37415a0a4e17ad4bbe7311c8e8fe38fa5664e6214f392c04463d9ba71699388e,SQX-LINK-M15-37415a0a4e17,LINK,LONG,OOS,24,0.6344235934527114,-0.24165140582168085,-1.5550795563648492,-1.5550795563648494,2.236024455112288,0.20833333333333334,0.0,0.0,0.0,2.1817725293366728,0.4226977903386624,0.2069990823734817
a4010e8287965249f221667df7fcffcad5505d9a6b1884ca7ae7ae7cdff67547,SQX-LINK-M15-a4010e828796,LINK,SHORT,D1,41,0.8460630284227618,-0.451454834219536,-0.1257787728301048,-0.12577877283010475,0.30970035866026546,0.12195121951219512,0.0,0.0,0.0,1.506052821616821,0.4214278196426039,0.5422931584239162
a4010e8287965249f221667df7fcffcad5505d9a6b1884ca7ae7ae7cdff67547,SQX-LINK-M15-a4010e828796,LINK,SHORT,D2,57,0.8770610883889746,-0.5946681318802667,-0.27118633228493605,-0.2711863322849357,0.8813425481432426,0.10526315789473684,0.0,0.0,0.0,1.506052821616821,0.4214278196426039,0.5422931584239162
a4010e8287965249f221667df7fcffcad5505d9a6b1884ca7ae7ae7cdff67547,SQX-LINK-M15-a4010e828796,LINK,SHORT,D3,75,1.0391096344640722,0.18942435557021928,0.8104451525685726,0.8104451525685783,6.729174827567171,0.25333333333333335,0.0,0.0,0.0,1.506052821616821,0.4214278196426039,0.5422931584239162
a4010e8287965249f221667df7fcffcad5505d9a6b1884ca7ae7ae7cdff67547,SQX-LINK-M15-a4010e828796,LINK,SHORT,D4,94,1.6145238255982586,0.4933034359690993,23.08921228273468,23.089212282734685,21.79893532527732,0.3191489361702128,0.0,0.0,0.0,1.506052821616821,0.4214278196426039,0.5422931584239162
a4010e8287965249f221667df7fcffcad5505d9a6b1884ca7ae7ae7cdff67547,SQX-LINK-M15-a4010e828796,LINK,SHORT,D5,79,1.8905801870023087,0.3732840588906637,8.454668360646712,8.454668360646734,9.249258892015712,0.3037974683544304,0.0,0.0,0.0,1.506052821616821,0.4214278196426039,0.5422931584239162
a4010e8287965249f221667df7fcffcad5505d9a6b1884ca7ae7ae7cdff67547,SQX-LINK-M15-a4010e828796,LINK,SHORT,D6,73,0.8263682186343809,0.021162693884413233,-0.9925608949953187,-0.9925608949953187,3.098773834354139,0.2465753424657534,0.0,0.0,0.0,1.506052821616821,0.4214278196426039,0.5422931584239162
a4010e8287965249f221667df7fcffcad5505d9a6b1884ca7ae7ae7cdff67547,SQX-LINK-M15-a4010e828796,LINK,SHORT,VAL,105,1.506052821616821,0.4214278196426039,6.338347762511718,6.338347762511724,6.632593825525571,0.3142857142857143,0.0,0.0,0.0,1.506052821616821,0.4214278196426039,0.5422931584239162
a4010e8287965249f221667df7fcffcad5505d9a6b1884ca7ae7ae7cdff67547,SQX-LINK-M15-a4010e828796,LINK,SHORT,OOS,76,1.1600806120737053,0.2079276637557751,1.3316165535507087,1.331616553550706,2.08851437951774,0.27631578947368424,0.0,0.0,0.0,1.506052821616821,0.4214278196426039,0.5422931584239162
5f44ae7d370f01f4cd6f71402ecc1f40292cb659d70ef48f82bd2e19e32b47c2,SQX-LINK-M15-5f44ae7d370f,LINK,LONG,D1,29,1.9791380094328415,0.00022129860775254947,0.9351853832146957,0.9351853832146964,0.8615392263973933,0.5172413793103449,0.0,0.0,0.0,2.9903821165704394,0.4187359276704879,0.4679439701043845
5f44ae7d370f01f4cd6f71402ecc1f40292cb659d70ef48f82bd2e19e32b47c2,SQX-LINK-M15-5f44ae7d370f,LINK,LONG,D2,24,1.9879033852154873,0.28628890903328924,0.6874989350549007,0.6874989350549017,0.5720274733763715,0.5833333333333334,0.0,0.0,0.0,2.9903821165704394,0.4187359276704879,0.4679439701043845
5f44ae7d370f01f4cd6f71402ecc1f40292cb659d70ef48f82bd2e19e32b47c2,SQX-LINK-M15-5f44ae7d370f,LINK,LONG,D3,25,2.226392106738209,0.3176808814365575,5.290003448656387,5.29000344865639,5.439802637532405,0.68,0.0,0.0,0.0,2.9903821165704394,0.4187359276704879,0.4679439701043845
5f44ae7d370f01f4cd6f71402ecc1f40292cb659d70ef48f82bd2e19e32b47c2,SQX-LINK-M15-5f44ae7d370f,LINK,LONG,D4,24,0.800694786618483,0.07027886681687069,-2.3297650389008453,-2.3297650389008457,4.91346886828891,0.5,0.0,0.0,0.0,2.9903821165704394,0.4187359276704879,0.4679439701043845
5f44ae7d370f01f4cd6f71402ecc1f40292cb659d70ef48f82bd2e19e32b47c2,SQX-LINK-M15-5f44ae7d370f,LINK,LONG,D5,31,0.6064241210772857,-0.1497042360756336,-3.1659704077691444,-3.165970407769146,3.6488298184627377,0.45161290322580644,0.0,0.0,0.0,2.9903821165704394,0.4187359276704879,0.4679439701043845
5f44ae7d370f01f4cd6f71402ecc1f40292cb659d70ef48f82bd2e19e32b47c2,SQX-LINK-M15-5f44ae7d370f,LINK,LONG,D6,24,1.707928037152718,0.2097945247630484,0.9740960768084693,0.9740960768084677,1.2854119958064296,0.5416666666666666,0.0,0.0,0.0,2.9903821165704394,0.4187359276704879,0.4679439701043845
5f44ae7d370f01f4cd6f71402ecc1f40292cb659d70ef48f82bd2e19e32b47c2,SQX-LINK-M15-5f44ae7d370f,LINK,LONG,VAL,36,2.9903821165704394,0.4187359276704879,6.594607118026817,6.59460711802682,6.995282066986707,0.6388888888888888,0.0,0.0,0.0,2.9903821165704394,0.4187359276704879,0.4679439701043845
5f44ae7d370f01f4cd6f71402ecc1f40292cb659d70ef48f82bd2e19e32b47c2,SQX-LINK-M15-5f44ae7d370f,LINK,LONG,OOS,27,0.9471510795856944,0.10701107006041231,-0.18376587209623085,-0.18376587209623108,1.671370236715775,0.4444444444444444,0.0,0.0,0.0,2.9903821165704394,0.4187359276704879,0.4679439701043845
98e76f25f62c333fed64712d2787d1b26b9b9285c43de2c02344eb82ba6bbb1f,SQX-LINK-M15-98e76f25f62c,LINK,LONG,D1,38,4.234115680913652,0.2623335274811849,0.999879622579045,0.9998796225790456,0.8548876620868529,0.39473684210526316,0.0,0.0,0.0,2.1235441461835274,0.4160679578094758,0.4859686995930986
98e76f25f62c333fed64712d2787d1b26b9b9285c43de2c02344eb82ba6bbb1f,SQX-LINK-M15-98e76f25f62c,LINK,LONG,D2,15,1.2016872285018796,0.2000913811058332,0.10994120730563146,0.10994120730563162,0.3286287700711813,0.3333333333333333,0.0,0.0,0.0,2.1235441461835274,0.4160679578094758,0.4859686995930986
98e76f25f62c333fed64712d2787d1b26b9b9285c43de2c02344eb82ba6bbb1f,SQX-LINK-M15-98e76f25f62c,LINK,LONG,D3,13,1.579258620920477,0.4069155710628682,1.4844995806433705,1.4844995806433703,1.2916867626772568,0.38461538461538464,0.0,0.0,0.0,2.1235441461835274,0.4160679578094758,0.4859686995930986
98e76f25f62c333fed64712d2787d1b26b9b9285c43de2c02344eb82ba6bbb1f,SQX-LINK-M15-98e76f25f62c,LINK,LONG,D4,8,2.4999667329193436,0.37327748705540115,3.895713424929671,3.8957134249296734,5.07074633338853,0.375,0.0,0.0,0.0,2.1235441461835274,0.4160679578094758,0.4859686995930986
98e76f25f62c333fed64712d2787d1b26b9b9285c43de2c02344eb82ba6bbb1f,SQX-LINK-M15-98e76f25f62c,LINK,LONG,D5,15,1.2213893382649346,0.111750772705397,0.5449754179771512,0.5449754179771502,1.362967935772219,0.3333333333333333,0.0,0.0,0.0,2.1235441461835274,0.4160679578094758,0.4859686995930986
98e76f25f62c333fed64712d2787d1b26b9b9285c43de2c02344eb82ba6bbb1f,SQX-LINK-M15-98e76f25f62c,LINK,LONG,D6,14,0.6702819641064912,-0.2263083521349751,-0.3344286155713807,-0.3344286155713807,0.653264591954976,0.21428571428571427,0.0,0.0,0.0,2.1235441461835274,0.4160679578094758,0.4859686995930986
98e76f25f62c333fed64712d2787d1b26b9b9285c43de2c02344eb82ba6bbb1f,SQX-LINK-M15-98e76f25f62c,LINK,LONG,VAL,17,2.1235441461835274,0.4160679578094758,1.7297891132814622,1.7297891132814622,1.1347612867626768,0.4117647058823529,0.0,0.0,0.0,2.1235441461835274,0.4160679578094758,0.4859686995930986
98e76f25f62c333fed64712d2787d1b26b9b9285c43de2c02344eb82ba6bbb1f,SQX-LINK-M15-98e76f25f62c,LINK,LONG,OOS,40,0.6192417199196736,-0.09126704708643585,-1.7451541135573683,-1.745154113557367,2.35343011642665,0.25,0.0,0.0,0.0,2.1235441461835274,0.4160679578094758,0.4859686995930986
9e85a697e702573a0fbbc726e623fecd09ad5b9ff4dca546d6be057300e88b62,SQX-LINK-M15-9e85a697e702,LINK,LONG,D1,43,1.6377398511644874,0.047716756963662434,0.2294675219334552,0.2294675219334572,0.3169321469955333,0.5581395348837209,0.0,0.0,0.0,4.168160877001177,0.4078898871928277,0.2432138238905052
9e85a697e702573a0fbbc726e623fecd09ad5b9ff4dca546d6be057300e88b62,SQX-LINK-M15-9e85a697e702,LINK,LONG,D2,9,0.6239943733022482,-0.34866460924608617,-0.14513581084809535,-0.14513581084809535,0.2447367544004868,0.3333333333333333,0.0,0.0,0.0,4.168160877001177,0.4078898871928277,0.2432138238905052
9e85a697e702573a0fbbc726e623fecd09ad5b9ff4dca546d6be057300e88b62,SQX-LINK-M15-9e85a697e702,LINK,LONG,D3,16,1.3233086901495128,0.07970986210705784,0.8984455553716106,0.8984455553716089,1.8398966230756382,0.5625,0.0,0.0,0.0,4.168160877001177,0.4078898871928277,0.2432138238905052
9e85a697e702573a0fbbc726e623fecd09ad5b9ff4dca546d6be057300e88b62,SQX-LINK-M15-9e85a697e702,LINK,LONG,D4,6,3.423082794028019,0.2375607233767172,2.4599754897092025,2.4599754897092025,2.6926252000220643,0.5,0.0,0.0,0.0,4.168160877001177,0.4078898871928277,0.2432138238905052
9e85a697e702573a0fbbc726e623fecd09ad5b9ff4dca546d6be057300e88b62,SQX-LINK-M15-9e85a697e702,LINK,LONG,D5,17,0.3559886321381864,-0.3225246688386049,-2.5408200573856465,-2.540820057385647,2.540820057385647,0.29411764705882354,0.0,0.0,0.0,4.168160877001177,0.4078898871928277,0.2432138238905052
9e85a697e702573a0fbbc726e623fecd09ad5b9ff4dca546d6be057300e88b62,SQX-LINK-M15-9e85a697e702,LINK,LONG,D6,9,3.428512554906177,0.6141586033654014,0.6951500137946228,0.6951500137946229,0.6265251007007651,0.7777777777777778,0.0,0.0,0.0,4.168160877001177,0.4078898871928277,0.2432138238905052
9e85a697e702573a0fbbc726e623fecd09ad5b9ff4dca546d6be057300e88b62,SQX-LINK-M15-9e85a697e702,LINK,LONG,VAL,12,4.168160877001177,0.40788988719282776,2.0672224024719994,2.067222402471999,1.454537455167468,0.6666666666666666,0.0,0.0,0.0,4.168160877001177,0.4078898871928277,0.2432138238905052
9e85a697e702573a0fbbc726e623fecd09ad5b9ff4dca546d6be057300e88b62,SQX-LINK-M15-9e85a697e702,LINK,LONG,OOS,21,0.7608064548124381,-0.19432237810058525,-0.5624082491861183,-0.5624082491861189,1.4233696628593442,0.38095238095238093,0.0,0.0,0.0,4.168160877001177,0.4078898871928277,0.2432138238905052
c71f9af882712b75ac921d62f4e11cfd9345f183d2ee7aa39fff18c7cc5f5c35,SQX-LINK-M15-c71f9af88271,LINK,SHORT,D1,16,1.4017683416498259,0.5508688304203939,0.1621643105446115,0.162164310544612,0.23673785797053482,0.4375,0.0,0.0,0.0,1.7705441455987507,0.3691020155182684,0.7833871859680084
c71f9af882712b75ac921d62f4e11cfd9345f183d2ee7aa39fff18c7cc5f5c35,SQX-LINK-M15-c71f9af88271,LINK,SHORT,D2,9,0.9168538113201935,0.6625515302223746,-0.07430730563372494,-0.07430730563372467,0.6851410196987254,0.4444444444444444,0.0,0.0,0.0,1.7705441455987507,0.3691020155182684,0.7833871859680084
c71f9af882712b75ac921d62f4e11cfd9345f183d2ee7aa39fff18c7cc5f5c35,SQX-LINK-M15-c71f9af88271,LINK,SHORT,D3,16,2.1038756770737654,0.6013509392787976,4.21016960768085,4.21016960768085,5.403452805826852,0.4375,0.0,0.0,0.0,1.7705441455987507,0.3691020155182684,0.7833871859680084
c71f9af882712b75ac921d62f4e11cfd9345f183d2ee7aa39fff18c7cc5f5c35,SQX-LINK-M15-c71f9af88271,LINK,SHORT,D4,14,0.9339949567479229,0.30790554151562294,-0.47030567786789945,-0.47030567786789945,4.83399842741268,0.35714285714285715,0.0,0.0,0.0,1.7705441455987507,0.3691020155182684,0.7833871859680084
c71f9af882712b75ac921d62f4e11cfd9345f183d2ee7aa39fff18c7cc5f5c35,SQX-LINK-M15-c71f9af88271,LINK,SHORT,D5,27,1.4558112669645054,0.2593876993564898,2.2747123048060414,2.274712304806041,3.1818147547315476,0.37037037037037035,0.0,0.0,0.0,1.7705441455987507,0.3691020155182684,0.7833871859680084
c71f9af882712b75ac921d62f4e11cfd9345f183d2ee7aa39fff18c7cc5f5c35,SQX-LINK-M15-c71f9af88271,LINK,SHORT,D6,22,0.7920124680860369,0.080021025125705,-0.5099230480604808,-0.5099230480604807,0.9274394747006597,0.3181818181818182,0.0,0.0,0.0,1.7705441455987507,0.3691020155182684,0.7833871859680084
c71f9af882712b75ac921d62f4e11cfd9345f183d2ee7aa39fff18c7cc5f5c35,SQX-LINK-M15-c71f9af88271,LINK,SHORT,VAL,24,1.7705441455987507,0.36910201551826843,3.8895902002979774,3.8895902002979756,3.7084594438006953,0.375,0.0,0.0,0.0,1.7705441455987507,0.3691020155182684,0.7833871859680084
c71f9af882712b75ac921d62f4e11cfd9345f183d2ee7aa39fff18c7cc5f5c35,SQX-LINK-M15-c71f9af88271,LINK,SHORT,OOS,21,0.5716609260117999,-0.3326852977321234,-1.8199263201456721,-1.8199263201456721,2.5379754124592986,0.23809523809523808,0.0,0.0,0.0,1.7705441455987507,0.3691020155182684,0.7833871859680084
f21b0951f2d8d31849ad66869369d6c9fe71d35af373ebd6674c1e2a0f7325ff,SQX-LINK-M15-f21b0951f2d8,LINK,LONG,D1,176,0.8040662807430995,0.06045816329573427,-1.2787856977321665,-1.2787856977321628,2.5613352204381172,0.22727272727272727,0.0,0.0,0.0,1.3607227101150683,0.3620627664226583,0.680522837670616
f21b0951f2d8d31849ad66869369d6c9fe71d35af373ebd6674c1e2a0f7325ff,SQX-LINK-M15-f21b0951f2d8,LINK,LONG,D2,161,0.9328562762506553,0.037677771863189415,-0.5836932461513024,-0.5836932461512992,2.462961998565352,0.2111801242236025,0.0,0.0,0.0,1.3607227101150683,0.3620627664226583,0.680522837670616
f21b0951f2d8d31849ad66869369d6c9fe71d35af373ebd6674c1e2a0f7325ff,SQX-LINK-M15-f21b0951f2d8,LINK,LONG,D3,187,1.2264722648181612,0.19127506353292628,13.147748667439181,13.147748667439188,21.065513171108567,0.24064171122994651,0.0,0.0,0.0,1.3607227101150683,0.3620627664226583,0.680522837670616
f21b0951f2d8d31849ad66869369d6c9fe71d35af373ebd6674c1e2a0f7325ff,SQX-LINK-M15-f21b0951f2d8,LINK,LONG,D4,225,0.9930044365863002,-0.046272982461256607,-0.8153952160237612,-0.8153952160237902,26.122320184296207,0.19111111111111112,0.0,0.0,0.0,1.3607227101150683,0.3620627664226583,0.680522837670616
f21b0951f2d8d31849ad66869369d6c9fe71d35af373ebd6674c1e2a0f7325ff,SQX-LINK-M15-f21b0951f2d8,LINK,LONG,D5,168,1.1391368994324158,0.06589801973390937,4.172863344920809,4.172863344920834,6.0485066710809505,0.21428571428571427,0.0,0.0,0.0,1.3607227101150683,0.3620627664226583,0.680522837670616
f21b0951f2d8d31849ad66869369d6c9fe71d35af373ebd6674c1e2a0f7325ff,SQX-LINK-M15-f21b0951f2d8,LINK,LONG,D6,86,0.8193774537663789,-0.14084718630204954,-1.489969662859347,-1.4899696628593477,3.023319958064336,0.1744186046511628,0.0,0.0,0.0,1.3607227101150683,0.3620627664226583,0.680522837670616
f21b0951f2d8d31849ad66869369d6c9fe71d35af373ebd6674c1e2a0f7325ff,SQX-LINK-M15-f21b0951f2d8,LINK,LONG,VAL,195,1.3607227101150683,0.3620627664226583,11.180373751586373,11.180373751586412,12.30990449153013,0.28205128205128205,0.0,0.0,0.0,1.3607227101150683,0.3620627664226583,0.680522837670616
f21b0951f2d8d31849ad66869369d6c9fe71d35af373ebd6674c1e2a0f7325ff,SQX-LINK-M15-f21b0951f2d8,LINK,LONG,OOS,109,1.0456826583883934,0.0017259142196012506,0.7926189758869682,0.7926189758869717,5.457086906141358,0.22018348623853212,0.0,0.0,0.0,1.3607227101150683,0.3620627664226583,0.680522837670616
1d9c71497cf77e1fb556575389c47134d1022c4f8d678682166f522cd1887db3,SQX-LINK-M15-1d9c71497cf7,LINK,SHORT,D1,38,2.0473729394415567,0.13556269751313973,0.6143750151740859,0.6143750151740874,0.8008259283783041,0.42105263157894735,0.0,0.0,0.0,0.9768988414344252,0.3477203484424604,0.5752497575489269
1d9c71497cf77e1fb556575389c47134d1022c4f8d678682166f522cd1887db3,SQX-LINK-M15-1d9c71497cf7,LINK,SHORT,D2,28,0.6090846257556858,0.3833624572867384,-0.69654994206257,-0.6965499420625683,1.4307328422446601,0.42857142857142855,0.0,0.0,0.0,0.9768988414344252,0.3477203484424604,0.5752497575489269
1d9c71497cf77e1fb556575389c47134d1022c4f8d678682166f522cd1887db3,SQX-LINK-M15-1d9c71497cf7,LINK,SHORT,D3,17,4.032605688710905,0.3861193422998545,11.176769469734596,11.176769469734602,12.465087193069587,0.47058823529411764,0.0,0.0,0.0,0.9768988414344252,0.3477203484424604,0.5752497575489269
1d9c71497cf77e1fb556575389c47134d1022c4f8d678682166f522cd1887db3,SQX-LINK-M15-1d9c71497cf7,LINK,SHORT,D4,28,1.3800091962609442,0.1789685686407008,6.337853854218398,6.337853854218405,9.800969182806378,0.32142857142857145,0.0,0.0,0.0,0.9768988414344252,0.3477203484424604,0.5752497575489269
1d9c71497cf77e1fb556575389c47134d1022c4f8d678682166f522cd1887db3,SQX-LINK-M15-1d9c71497cf7,LINK,SHORT,D5,61,1.0517034057685637,-0.14927705103118555,0.6564888429067954,0.6564888429067968,5.970801489819578,0.26229508196721313,0.0,0.0,0.0,0.9768988414344252,0.3477203484424604,0.5752497575489269
1d9c71497cf77e1fb556575389c47134d1022c4f8d678682166f522cd1887db3,SQX-LINK-M15-1d9c71497cf7,LINK,SHORT,D6,30,1.0111961448285016,0.22550280530607927,0.025626496716884342,0.025626496716884217,1.0560020360867393,0.36666666666666664,0.0,0.0,0.0,0.9768988414344252,0.3477203484424604,0.5752497575489269
1d9c71497cf77e1fb556575389c47134d1022c4f8d678682166f522cd1887db3,SQX-LINK-M15-1d9c71497cf7,LINK,SHORT,VAL,36,0.9768988414344252,0.34772034844246047,-0.12385836781988802,-0.12385836781989024,2.552384097555586,0.3611111111111111,0.0,0.0,0.0,0.9768988414344252,0.3477203484424604,0.5752497575489269
1d9c71497cf77e1fb556575389c47134d1022c4f8d678682166f522cd1887db3,SQX-LINK-M15-1d9c71497cf7,LINK,SHORT,OOS,56,1.499568616511533,0.3038081889063799,2.9989019919439577,2.998901991943952,2.6908023781934687,0.39285714285714285,0.0,0.0,0.0,0.9768988414344252,0.3477203484424604,0.5752497575489269
755108203b6e751cde4c66b35796229cfc6dccd930d7562b5dd9fb9ec321e25e,SQX-LINK-M15-755108203b6e,LINK,LONG,D1,37,4.603510682968587,0.17188822072909224,0.8727103183799568,0.8727103183799576,0.7277183578877651,0.4594594594594595,0.0,0.0,0.0,3.745031777655563,0.3443034191731891,0.190806875398084
755108203b6e751cde4c66b35796229cfc6dccd930d7562b5dd9fb9ec321e25e,SQX-LINK-M15-755108203b6e,LINK,LONG,D2,13,0.7770895281511935,-0.06463575784082712,-0.15539171770678648,-0.1553917177067864,0.33870594272471555,0.38461538461538464,0.0,0.0,0.0,3.745031777655563,0.3443034191731891,0.190806875398084
755108203b6e751cde4c66b35796229cfc6dccd930d7562b5dd9fb9ec321e25e,SQX-LINK-M15-755108203b6e,LINK,LONG,D3,13,1.1899800776637857,0.09452422158721079,0.5011014125696546,0.5011014125696545,1.9029402196104348,0.46153846153846156,0.0,0.0,0.0,3.745031777655563,0.3443034191731891,0.190806875398084
755108203b6e751cde4c66b35796229cfc6dccd930d7562b5dd9fb9ec321e25e,SQX-LINK-M15-755108203b6e,LINK,LONG,D4,6,3.8042132204610204,0.491325614365002,3.0590760801191634,3.059076080119164,3.3110382662914333,0.6666666666666666,0.0,0.0,0.0,3.745031777655563,0.3443034191731891,0.190806875398084
755108203b6e751cde4c66b35796229cfc6dccd930d7562b5dd9fb9ec321e25e,SQX-LINK-M15-755108203b6e,LINK,LONG,D5,14,0.6200101259235727,-0.1765494259004313,-1.1590023616399026,-1.1590023616399021,1.4930358715444434,0.42857142857142855,0.0,0.0,0.0,3.745031777655563,0.3443034191731891,0.190806875398084
755108203b6e751cde4c66b35796229cfc6dccd930d7562b5dd9fb9ec321e25e,SQX-LINK-M15-755108203b6e,LINK,LONG,D6,12,0.9305985514742402,-0.1521961201661679,-0.040182552557519846,-0.04018255255751968,0.3872285383214673,0.3333333333333333,0.0,0.0,0.0,3.745031777655563,0.3443034191731891,0.190806875398084
755108203b6e751cde4c66b35796229cfc6dccd930d7562b5dd9fb9ec321e25e,SQX-LINK-M15-755108203b6e,LINK,LONG,VAL,16,3.745031777655563,0.3443034191731891,2.432421718258558,2.4324217182585577,1.8373938917397723,0.625,0.0,0.0,0.0,3.745031777655563,0.3443034191731891,0.190806875398084
755108203b6e751cde4c66b35796229cfc6dccd930d7562b5dd9fb9ec321e25e,SQX-LINK-M15-755108203b6e,LINK,LONG,OOS,34,0.6820591088353447,-0.09233798844791143,-1.3976473983336182,-1.3976473983336186,2.7590510345969297,0.38235294117647056,0.0,0.0,0.0,3.745031777655563,0.3443034191731891,0.190806875398084
6d58ad13dfc34dba3313b79bfe78b0fd562e256904f6c8be519dc7205fb8f929,SQX-LINK-M15-6d58ad13dfc3,LINK,LONG,D1,44,3.264917009276503,0.2596540563898135,1.0293248468796563,1.0293248468796579,0.9835400871820354,0.38636363636363635,0.0,0.0,0.0,1.963137698713491,0.3258074668293379,0.5694607058341851
6d58ad13dfc34dba3313b79bfe78b0fd562e256904f6c8be519dc7205fb8f929,SQX-LINK-M15-6d58ad13dfc3,LINK,LONG,D2,20,1.5600433937088767,0.44501773258602634,0.3618350162776556,0.3618350162776569,0.44972392539866357,0.4,0.0,0.0,0.0,1.963137698713491,0.3258074668293379,0.5694607058341851
6d58ad13dfc34dba3313b79bfe78b0fd562e256904f6c8be519dc7205fb8f929,SQX-LINK-M15-6d58ad13dfc3,LINK,LONG,D3,21,1.2241087472012,0.04419240668014094,1.042106731777301,1.0421067317773,1.685946642388128,0.2857142857142857,0.0,0.0,0.0,1.963137698713491,0.3258074668293379,0.5694607058341851
6d58ad13dfc34dba3313b79bfe78b0fd562e256904f6c8be519dc7205fb8f929,SQX-LINK-M15-6d58ad13dfc3,LINK,LONG,D4,8,2.4660868169171724,0.37328678627967915,3.8501911604039276,3.85019116040393,5.054192782651898,0.375,0.0,0.0,0.0,1.963137698713491,0.3258074668293379,0.5694607058341851
6d58ad13dfc34dba3313b79bfe78b0fd562e256904f6c8be519dc7205fb8f929,SQX-LINK-M15-6d58ad13dfc3,LINK,LONG,D5,23,0.9661154137632759,0.005312472104687617,-0.13760945207748476,-0.13760945207748554,1.6427631352425196,0.30434782608695654,0.0,0.0,0.0,1.963137698713491,0.3258074668293379,0.5694607058341851
6d58ad13dfc34dba3313b79bfe78b0fd562e256904f6c8be519dc7205fb8f929,SQX-LINK-M15-6d58ad13dfc3,LINK,LONG,D6,17,1.347175473036662,0.11326735527855657,0.3770881255862687,0.3770881255862688,0.7686633338851143,0.29411764705882354,0.0,0.0,0.0,1.963137698713491,0.3258074668293379,0.5694607058341851
6d58ad13dfc34dba3313b79bfe78b0fd562e256904f6c8be519dc7205fb8f929,SQX-LINK-M15-6d58ad13dfc3,LINK,LONG,VAL,22,1.963137698713491,0.3258074668293379,2.1188497820449075,2.1188497820449075,2.608565690007165,0.36363636363636365,0.0,0.0,0.0,1.963137698713491,0.3258074668293379,0.5694607058341851
6d58ad13dfc34dba3313b79bfe78b0fd562e256904f6c8be519dc7205fb8f929,SQX-LINK-M15-6d58ad13dfc3,LINK,LONG,OOS,56,0.8341373109665653,-0.09077212166585448,-1.0760304143905772,-1.0760304143905777,2.613315527230591,0.25,0.0,0.0,0.0,1.963137698713491,0.3258074668293379,0.5694607058341851
58c5bcbb419cd393c7dd82cd3495913ffa681dc4eefcfdcc652c25b9a4346bdc,SQX-LINK-M15-58c5bcbb419c,LINK,LONG,D1,43,3.20153601096811,0.28997358338949625,1.017671737571043,1.0176717375710447,0.9718869778734223,0.3953488372093023,0.0,0.0,0.0,1.963137698713491,0.3258074668293379,0.5373688854521296
58c5bcbb419cd393c7dd82cd3495913ffa681dc4eefcfdcc652c25b9a4346bdc,SQX-LINK-M15-58c5bcbb419c,LINK,LONG,D2,20,1.5600433937088767,0.44501773258602634,0.3618350162776556,0.3618350162776569,0.44972392539866357,0.4,0.0,0.0,0.0,1.963137698713491,0.3258074668293379,0.5373688854521296
58c5bcbb419cd393c7dd82cd3495913ffa681dc4eefcfdcc652c25b9a4346bdc,SQX-LINK-M15-58c5bcbb419c,LINK,LONG,D3,21,1.2241087472012,0.04419240668014094,1.042106731777301,1.0421067317773,1.685946642388128,0.2857142857142857,0.0,0.0,0.0,1.963137698713491,0.3258074668293379,0.5373688854521296
58c5bcbb419cd393c7dd82cd3495913ffa681dc4eefcfdcc652c25b9a4346bdc,SQX-LINK-M15-58c5bcbb419c,LINK,LONG,D4,8,2.4660868169171724,0.37328678627967915,3.8501911604039276,3.85019116040393,5.054192782651898,0.375,0.0,0.0,0.0,1.963137698713491,0.3258074668293379,0.5373688854521296
58c5bcbb419cd393c7dd82cd3495913ffa681dc4eefcfdcc652c25b9a4346bdc,SQX-LINK-M15-58c5bcbb419c,LINK,LONG,D5,23,0.9267567268755389,-0.048177691026307624,-0.30797307840866905,-0.30797307840866983,1.6427631352425196,0.2608695652173913,0.0,0.0,0.0,1.963137698713491,0.3258074668293379,0.5373688854521296
58c5bcbb419cd393c7dd82cd3495913ffa681dc4eefcfdcc652c25b9a4346bdc,SQX-LINK-M15-58c5bcbb419c,LINK,LONG,D6,17,1.3712037332265743,0.12818636636125014,0.39640060144567324,0.39640060144567335,0.7686633338851143,0.35294117647058826,0.0,0.0,0.0,1.963137698713491,0.3258074668293379,0.5373688854521296
58c5bcbb419cd393c7dd82cd3495913ffa681dc4eefcfdcc652c25b9a4346bdc,SQX-LINK-M15-58c5bcbb419c,LINK,LONG,VAL,22,1.963137698713491,0.3258074668293379,2.1188497820449075,2.1188497820449075,2.608565690007165,0.36363636363636365,0.0,0.0,0.0,1.963137698713491,0.3258074668293379,0.5373688854521296
58c5bcbb419cd393c7dd82cd3495913ffa681dc4eefcfdcc652c25b9a4346bdc,SQX-LINK-M15-58c5bcbb419c,LINK,LONG,OOS,56,0.8341373109665653,-0.09077212166585448,-1.0760304143905772,-1.0760304143905777,2.613315527230591,0.25,0.0,0.0,0.0,1.963137698713491,0.3258074668293379,0.5373688854521296
3e9c48344a88b23ab95fd11c19f14f985b66e5ca4d86a175d859a59b0b876195,SQX-LINK-M15-3e9c48344a88,LINK,LONG,D1,26,3.0115609606741716,-0.048764641598638456,1.183071058875461,1.1830710588754614,1.070675600066215,0.4230769230769231,0.0,0.0,0.0,2.1708132552208697,0.3232670087499937,0.2711717902236331
3e9c48344a88b23ab95fd11c19f14f985b66e5ca4d86a175d859a59b0b876195,SQX-LINK-M15-3e9c48344a88,LINK,LONG,D2,20,2.333101742226546,0.4926523097199846,0.8426949732384253,0.8426949732384261,0.7130767257076651,0.6,0.0,0.0,0.0,2.1708132552208697,0.3232670087499937,0.2711717902236331
3e9c48344a88b23ab95fd11c19f14f985b66e5ca4d86a175d859a59b0b876195,SQX-LINK-M15-3e9c48344a88,LINK,LONG,D3,15,0.37067910507069673,-0.5592994571345292,-3.055780527506479,-3.0557805275064807,4.589025972521111,0.2,0.0,0.0,0.0,2.1708132552208697,0.3232670087499937,0.2711717902236331
3e9c48344a88b23ab95fd11c19f14f985b66e5ca4d86a175d859a59b0b876195,SQX-LINK-M15-3e9c48344a88,LINK,LONG,D4,19,0.31739822505780446,-0.3927832485321431,-10.39748680130222,-10.397486801302218,10.632264630579932,0.2631578947368421,0.0,0.0,0.0,2.1708132552208697,0.3232670087499937,0.2711717902236331
3e9c48344a88b23ab95fd11c19f14f985b66e5ca4d86a175d859a59b0b876195,SQX-LINK-M15-3e9c48344a88,LINK,LONG,D5,26,1.5293336802609596,0.42376705749831756,2.7698737405506866,2.769873740550685,2.629595795398116,0.5384615384615384,0.0,0.0,0.0,2.1708132552208697,0.3232670087499937,0.2711717902236331
3e9c48344a88b23ab95fd11c19f14f985b66e5ca4d86a175d859a59b0b876195,SQX-LINK-M15-3e9c48344a88,LINK,LONG,D6,18,2.3209949882735375,0.3727579506131693,1.4773441152127194,1.4773441152127171,1.8745181813165628,0.5555555555555556,0.0,0.0,0.0,2.1708132552208697,0.3232670087499937,0.2711717902236331
3e9c48344a88b23ab95fd11c19f14f985b66e5ca4d86a175d859a59b0b876195,SQX-LINK-M15-3e9c48344a88,LINK,LONG,VAL,29,2.1708132552208697,0.3232670087499937,4.346589400209669,4.346589400209669,3.966757733267113,0.5517241379310345,0.0,0.0,0.0,2.1708132552208697,0.3232670087499937,0.2711717902236331
3e9c48344a88b23ab95fd11c19f14f985b66e5ca4d86a175d859a59b0b876195,SQX-LINK-M15-3e9c48344a88,LINK,LONG,OOS,21,0.44827067025216644,-0.3842742713786603,-3.321540291342514,-3.3215402913425147,3.6316200297964003,0.23809523809523808,0.0,0.0,0.0,2.1708132552208697,0.3232670087499937,0.2711717902236331
cec071e7a1324e635692a4c680a08d5c43d28e8bb14e09a4c7055d4b76995fe6,SQX-LINK-M15-cec071e7a132,LINK,LONG,D1,38,0.8952719690771893,0.028684102827516725,-0.15664109694863249,-0.15664109694863182,0.734458765105115,0.47368421052631576,0.0,0.0,0.0,1.586304210825926,0.3222183365421991,0.4660698996260128
cec071e7a1324e635692a4c680a08d5c43d28e8bb14e09a4c7055d4b76995fe6,SQX-LINK-M15-cec071e7a132,LINK,LONG,D2,33,1.1475301752212177,0.3682799110839408,0.2715677260939102,0.2715677260939118,1.0150182033879618,0.6363636363636364,0.0,0.0,0.0,1.586304210825926,0.3222183365421991,0.4660698996260128
cec071e7a1324e635692a4c680a08d5c43d28e8bb14e09a4c7055d4b76995fe6,SQX-LINK-M15-cec071e7a132,LINK,LONG,D3,28,1.5671371475344569,0.01956892121564566,4.97147549522705,4.971475495227051,3.9274326049770876,0.4642857142857143,0.0,0.0,0.0,1.586304210825926,0.3222183365421991,0.4660698996260128
cec071e7a1324e635692a4c680a08d5c43d28e8bb14e09a4c7055d4b76995fe6,SQX-LINK-M15-cec071e7a132,LINK,LONG,D4,33,0.9518783925813924,-0.0009160623514176832,-1.2650156210340078,-1.2650156210340038,11.990612359984539,0.45454545454545453,0.0,0.0,0.0,1.586304210825926,0.3222183365421991,0.4660698996260128
cec071e7a1324e635692a4c680a08d5c43d28e8bb14e09a4c7055d4b76995fe6,SQX-LINK-M15-cec071e7a132,LINK,LONG,D5,41,0.8899762219378387,0.08724706093355103,-1.1485399050929757,-1.148539905092977,6.113870490536897,0.4878048780487805,0.0,0.0,0.0,1.586304210825926,0.3222183365421991,0.4660698996260128
cec071e7a1324e635692a4c680a08d5c43d28e8bb14e09a4c7055d4b76995fe6,SQX-LINK-M15-cec071e7a132,LINK,LONG,D6,27,1.9506430145464244,0.378162985597028,1.6802329139767134,1.6802329139767105,2.0867350990454123,0.6296296296296297,0.0,0.0,0.0,1.586304210825926,0.3222183365421991,0.4660698996260128
cec071e7a1324e635692a4c680a08d5c43d28e8bb14e09a4c7055d4b76995fe6,SQX-LINK-M15-cec071e7a132,LINK,LONG,VAL,42,1.586304210825926,0.32221833654219917,4.379721933454719,4.37972193345472,4.795915836230197,0.6190476190476191,0.0,0.0,0.0,1.586304210825926,0.3222183365421991,0.4660698996260128
cec071e7a1324e635692a4c680a08d5c43d28e8bb14e09a4c7055d4b76995fe6,SQX-LINK-M15-cec071e7a132,LINK,LONG,OOS,30,0.2818661130901326,-0.5057690680333531,-6.519647464547809,-6.519647464547809,6.654955995144293,0.23333333333333334,0.0,0.0,0.0,1.586304210825926,0.3222183365421991,0.4660698996260128
9f03bc0d303d0b859228efe740949f618857226e9c1557eecf9d233e30613645,SQX-LINK-M15-9f03bc0d303d,LINK,LONG,D1,68,2.0721385851861363,0.17473865460389626,0.6293175743530317,0.6293175743530361,0.6336002096783124,0.3382352941176471,0.0,0.0,0.0,1.6122628947136302,0.3220409413823673,0.3096656305197014
9f03bc0d303d0b859228efe740949f618857226e9c1557eecf9d233e30613645,SQX-LINK-M15-9f03bc0d303d,LINK,LONG,D2,26,1.2437479766752113,0.19682341673900086,0.15053643436516867,0.15053643436516984,0.23208708271257705,0.3076923076923077,0.0,0.0,0.0,1.6122628947136302,0.3220409413823673,0.3096656305197014
9f03bc0d303d0b859228efe740949f618857226e9c1557eecf9d233e30613645,SQX-LINK-M15-9f03bc0d303d,LINK,LONG,D3,24,1.0147380391050755,-0.17190939225285753,0.05570508194007506,0.0557050819400744,1.758620051867789,0.20833333333333334,0.0,0.0,0.0,1.6122628947136302,0.3220409413823673,0.3096656305197014
9f03bc0d303d0b859228efe740949f618857226e9c1557eecf9d233e30613645,SQX-LINK-M15-9f03bc0d303d,LINK,LONG,D4,11,2.8903166302561547,0.45184081824573563,4.29623033162279,4.29623033162279,4.804293091651487,0.36363636363636365,0.0,0.0,0.0,1.6122628947136302,0.3220409413823673,0.3096656305197014
9f03bc0d303d0b859228efe740949f618857226e9c1557eecf9d233e30613645,SQX-LINK-M15-9f03bc0d303d,LINK,LONG,D5,26,0.9117659690597738,-0.08392984387373806,-0.2814974452353416,-0.28149744523534204,1.5258115047177716,0.23076923076923078,0.0,0.0,0.0,1.6122628947136302,0.3220409413823673,0.3096656305197014
9f03bc0d303d0b859228efe740949f618857226e9c1557eecf9d233e30613645,SQX-LINK-M15-9f03bc0d303d,LINK,LONG,D6,19,0.8076042275714649,-0.06745269743806473,-0.18884308889256562,-0.18884308889256574,0.8197824697897681,0.2631578947368421,0.0,0.0,0.0,1.6122628947136302,0.3220409413823673,0.3096656305197014
9f03bc0d303d0b859228efe740949f618857226e9c1557eecf9d233e30613645,SQX-LINK-M15-9f03bc0d303d,LINK,LONG,VAL,30,1.6122628947136302,0.3220409413823673,1.4117794515256858,1.4117794515256854,1.929570771947247,0.3333333333333333,0.0,0.0,0.0,1.6122628947136302,0.3220409413823673,0.3096656305197014
9f03bc0d303d0b859228efe740949f618857226e9c1557eecf9d233e30613645,SQX-LINK-M15-9f03bc0d303d,LINK,LONG,OOS,67,0.7402517995133129,-0.11578884985103999,-1.377686746123735,-1.377686746123735,1.652914958892044,0.22388059701492538,0.0,0.0,0.0,1.6122628947136302,0.3220409413823673,0.3096656305197014
ef52345bae8c1f020d842be3542aa2cada3d9032afb6416490240558237e1e57,SQX-LINK-M15-ef52345bae8c,LINK,LONG,D1,67,1.9301108605226116,0.1771055914732368,0.5799775478673502,0.5799775478673537,0.58426018319263,0.3283582089552239,0.0,0.0,0.0,1.6122628947136302,0.3220409413823673,0.3046105257365349
ef52345bae8c1f020d842be3542aa2cada3d9032afb6416490240558237e1e57,SQX-LINK-M15-ef52345bae8c,LINK,LONG,D2,26,1.2437479766752113,0.19682341673900086,0.15053643436516867,0.15053643436516984,0.23208708271257705,0.3076923076923077,0.0,0.0,0.0,1.6122628947136302,0.3220409413823673,0.3046105257365349
ef52345bae8c1f020d842be3542aa2cada3d9032afb6416490240558237e1e57,SQX-LINK-M15-ef52345bae8c,LINK,LONG,D3,24,1.0147380391050755,-0.17190939225285753,0.05570508194007506,0.0557050819400744,1.758620051867789,0.20833333333333334,0.0,0.0,0.0,1.6122628947136302,0.3220409413823673,0.3046105257365349
ef52345bae8c1f020d842be3542aa2cada3d9032afb6416490240558237e1e57,SQX-LINK-M15-ef52345bae8c,LINK,LONG,D4,11,2.8903166302561547,0.45184081824573563,4.29623033162279,4.29623033162279,4.804293091651487,0.36363636363636365,0.0,0.0,0.0,1.6122628947136302,0.3220409413823673,0.3046105257365349
ef52345bae8c1f020d842be3542aa2cada3d9032afb6416490240558237e1e57,SQX-LINK-M15-ef52345bae8c,LINK,LONG,D5,26,0.9117659690597738,-0.08392984387373806,-0.2814974452353416,-0.28149744523534204,1.5258115047177716,0.23076923076923078,0.0,0.0,0.0,1.6122628947136302,0.3220409413823673,0.3046105257365349
ef52345bae8c1f020d842be3542aa2cada3d9032afb6416490240558237e1e57,SQX-LINK-M15-ef52345bae8c,LINK,LONG,D6,22,0.6991167520979416,-0.10678442973641782,-0.3599754676378081,-0.3599754676378082,0.8197824697897681,0.22727272727272727,0.0,0.0,0.0,1.6122628947136302,0.3220409413823673,0.3046105257365349
ef52345bae8c1f020d842be3542aa2cada3d9032afb6416490240558237e1e57,SQX-LINK-M15-ef52345bae8c,LINK,LONG,VAL,30,1.6122628947136302,0.3220409413823673,1.4117794515256858,1.4117794515256854,1.929570771947247,0.3333333333333333,0.0,0.0,0.0,1.6122628947136302,0.3220409413823673,0.3046105257365349
ef52345bae8c1f020d842be3542aa2cada3d9032afb6416490240558237e1e57,SQX-LINK-M15-ef52345bae8c,LINK,LONG,OOS,69,0.7660805940979636,-0.08387396446709922,-1.2567145781603735,-1.2567145781603732,1.477243751034623,0.2318840579710145,0.0,0.0,0.0,1.6122628947136302,0.3220409413823673,0.3046105257365349
aebcb9aa7d6582976592ed203bce1b38241bb2501f22335ed3d39c490f95a9d0,SQX-LINK-M15-aebcb9aa7d65,LINK,LONG,D1,63,2.108035602190348,-0.0050720891410071444,0.5867227225073108,0.5867227225073126,0.5280123986095022,0.30158730158730157,0.0,0.0,0.0,1.6905034548806706,0.3218472429148888,0.2657344912058741
aebcb9aa7d6582976592ed203bce1b38241bb2501f22335ed3d39c490f95a9d0,SQX-LINK-M15-aebcb9aa7d65,LINK,LONG,D2,21,1.2807069309381178,0.2993625568145596,0.1441110908789915,0.144111090878992,0.23208708271257728,0.3333333333333333,0.0,0.0,0.0,1.6905034548806706,0.3218472429148888,0.2657344912058741
aebcb9aa7d6582976592ed203bce1b38241bb2501f22335ed3d39c490f95a9d0,SQX-LINK-M15-aebcb9aa7d65,LINK,LONG,D3,21,0.8526938624457687,-0.2434335684543316,-0.5001668984163651,-0.5001668984163653,1.7962350438669026,0.19047619047619047,0.0,0.0,0.0,1.6905034548806706,0.3218472429148888,0.2657344912058741
aebcb9aa7d6582976592ed203bce1b38241bb2501f22335ed3d39c490f95a9d0,SQX-LINK-M15-aebcb9aa7d65,LINK,LONG,D4,11,1.4556564781784902,0.08825785577992123,1.4739878772830024,1.4739878772830015,2.4602446835512843,0.2727272727272727,0.0,0.0,0.0,1.6905034548806706,0.3218472429148888,0.2657344912058741
aebcb9aa7d6582976592ed203bce1b38241bb2501f22335ed3d39c490f95a9d0,SQX-LINK-M15-aebcb9aa7d65,LINK,LONG,D5,21,1.1548875833966115,0.13578647084219814,0.3884552943773071,0.3884552943773074,0.8970712023395719,0.2857142857142857,0.0,0.0,0.0,1.6905034548806706,0.3218472429148888,0.2657344912058741
aebcb9aa7d6582976592ed203bce1b38241bb2501f22335ed3d39c490f95a9d0,SQX-LINK-M15-aebcb9aa7d65,LINK,LONG,D6,23,0.6165467397111764,-0.23212386740864657,-0.4811646029906762,-0.4811646029906763,0.8232311261932336,0.21739130434782608,0.0,0.0,0.0,1.6905034548806706,0.3218472429148888,0.2657344912058741
aebcb9aa7d6582976592ed203bce1b38241bb2501f22335ed3d39c490f95a9d0,SQX-LINK-M15-aebcb9aa7d65,LINK,LONG,VAL,27,1.6905034548806706,0.32184724291488886,1.3968223307399508,1.3968223307399508,1.7238996027147881,0.3333333333333333,0.0,0.0,0.0,1.6905034548806706,0.3218472429148888,0.2657344912058741
aebcb9aa7d6582976592ed203bce1b38241bb2501f22335ed3d39c490f95a9d0,SQX-LINK-M15-aebcb9aa7d65,LINK,LONG,OOS,67,0.8128987895232295,-0.0563083674385581,-0.9472944269712675,-0.9472944269712671,1.4834178392098478,0.23880597014925373,0.0,0.0,0.0,1.6905034548806706,0.3218472429148888,0.2657344912058741
57ca44b42f6b809793ceb5c3f3cc722528f2f8a2d03462f6ade6e46d0319fd4e,SQX-LINK-M15-57ca44b42f6b,LINK,SHORT,D1,38,0.5415458162498428,-0.1411021631329775,-0.2486098659162383,-0.24860986591623857,0.27552596148540465,0.47368421052631576,0.0,0.0,0.0,1.24032262652607,0.3120383758895617,0.1353775451782779
57ca44b42f6b809793ceb5c3f3cc722528f2f8a2d03462f6ade6e46d0319fd4e,SQX-LINK-M15-57ca44b42f6b,LINK,SHORT,D2,12,1.895025707195277,0.3439209865713182,0.28570168294432646,0.2857016829443271,0.385884952822384,0.5833333333333334,0.0,0.0,0.0,1.24032262652607,0.3120383758895617,0.1353775451782779
57ca44b42f6b809793ceb5c3f3cc722528f2f8a2d03462f6ade6e46d0319fd4e,SQX-LINK-M15-57ca44b42f6b,LINK,SHORT,D3,14,0.7714560421100307,0.08480718429473463,-0.7132152403023658,-0.7132152403023662,1.9455417701263509,0.35714285714285715,0.0,0.0,0.0,1.24032262652607,0.3120383758895617,0.1353775451782779
57ca44b42f6b809793ceb5c3f3cc722528f2f8a2d03462f6ade6e46d0319fd4e,SQX-LINK-M15-57ca44b42f6b,LINK,SHORT,D4,5,0.06686340337092704,-0.6246348817077996,-3.4912295701594616,-3.4912295701594616,3.741391756331731,0.2,0.0,0.0,0.0,1.24032262652607,0.3120383758895617,0.1353775451782779
57ca44b42f6b809793ceb5c3f3cc722528f2f8a2d03462f6ade6e46d0319fd4e,SQX-LINK-M15-57ca44b42f6b,LINK,SHORT,D5,11,1.2912631354461201,0.010803788908099273,0.6323777685813692,0.6323777685813683,0.983077343706887,0.45454545454545453,0.0,0.0,0.0,1.24032262652607,0.3120383758895617,0.1353775451782779
57ca44b42f6b809793ceb5c3f3cc722528f2f8a2d03462f6ade6e46d0319fd4e,SQX-LINK-M15-57ca44b42f6b,LINK,SHORT,D6,13,0.7647452167796834,0.05293540896902315,-0.18509844396623515,-0.18509844396623498,0.4965475969762203,0.46153846153846156,0.0,0.0,0.0,1.24032262652607,0.3120383758895617,0.1353775451782779
57ca44b42f6b809793ceb5c3f3cc722528f2f8a2d03462f6ade6e46d0319fd4e,SQX-LINK-M15-57ca44b42f6b,LINK,SHORT,VAL,16,1.24032262652607,0.3120383758895617,0.3710218396512861,0.37102183965128477,1.5401364564365774,0.5625,0.0,0.0,0.0,1.24032262652607,0.3120383758895617,0.1353775451782779
57ca44b42f6b809793ceb5c3f3cc722528f2f8a2d03462f6ade6e46d0319fd4e,SQX-LINK-M15-57ca44b42f6b,LINK,SHORT,OOS,39,1.9194335610928555,0.202105218269488,2.3486113060751515,2.3486113060751483,2.726768884842466,0.5384615384615384,0.0,0.0,0.0,1.24032262652607,0.3120383758895617,0.1353775451782779
22665e7773491a01546184902bf010ae4f4013277debebb45be749b0fcfa507a,SQX-LINK-M15-22665e777349,LINK,LONG,D1,26,0.5572056804168845,-0.2914859581422704,-0.5057428792142584,-0.5057428792142576,0.7025005628207254,0.2692307692307692,0.0,0.0,0.0,2.020964707956096,0.310805181879187,0.157704225164102
22665e7773491a01546184902bf010ae4f4013277debebb45be749b0fcfa507a,SQX-LINK-M15-22665e777349,LINK,LONG,D2,20,2.9080963417024552,0.7158153871499799,0.9676811786128102,0.967681178612811,0.8134192297081047,0.6,0.0,0.0,0.0,2.020964707956096,0.310805181879187,0.157704225164102
22665e7773491a01546184902bf010ae4f4013277debebb45be749b0fcfa507a,SQX-LINK-M15-22665e777349,LINK,LONG,D3,15,0.30802078185348525,-0.6029949484808649,-3.1721933730618415,-3.172193373061842,3.6732007780168763,0.13333333333333333,0.0,0.0,0.0,2.020964707956096,0.310805181879187,0.157704225164102
22665e7773491a01546184902bf010ae4f4013277debebb45be749b0fcfa507a,SQX-LINK-M15-22665e777349,LINK,LONG,D4,19,0.3693949688176061,-0.369778171117364,-8.05710441428019,-8.057104414280186,8.49313243392374,0.21052631578947367,0.0,0.0,0.0,2.020964707956096,0.310805181879187,0.157704225164102
22665e7773491a01546184902bf010ae4f4013277debebb45be749b0fcfa507a,SQX-LINK-M15-22665e777349,LINK,LONG,D5,26,1.7379838068350433,0.4965725630152174,3.3019324504772936,3.3019324504772936,3.411475175191744,0.5,0.0,0.0,0.0,2.020964707956096,0.310805181879187,0.157704225164102
22665e7773491a01546184902bf010ae4f4013277debebb45be749b0fcfa507a,SQX-LINK-M15-22665e777349,LINK,LONG,D6,18,2.4486332244975686,0.41039188271090693,1.4297526568448968,1.429752656844895,1.7230397947359708,0.5,0.0,0.0,0.0,2.020964707956096,0.310805181879187,0.157704225164102
22665e7773491a01546184902bf010ae4f4013277debebb45be749b0fcfa507a,SQX-LINK-M15-22665e777349,LINK,LONG,VAL,29,2.020964707956096,0.31080518187918704,3.77818185179054,3.7781818517905403,3.3983501848479847,0.4482758620689655,0.0,0.0,0.0,2.020964707956096,0.310805181879187,0.157704225164102
22665e7773491a01546184902bf010ae4f4013277debebb45be749b0fcfa507a,SQX-LINK-M15-22665e777349,LINK,LONG,OOS,22,0.5150844773957972,-0.3222429894739361,-2.5406298846769326,-2.540629884676933,3.1503978645919486,0.22727272727272727,0.0,0.0,0.0,2.020964707956096,0.310805181879187,0.157704225164102
fdaa52a1f17328a8fb35789510012688257e6d2749eed00fff8275652df89357,SQX-LINK-M15-fdaa52a1f173,LINK,LONG,D1,38,0.8240956555230403,-0.037687506188035326,-0.26667392815759183,-0.2666739281575913,0.7026631462782105,0.39473684210526316,0.0,0.0,0.0,1.578409353281081,0.3072195719308622,0.3822598314084208
fdaa52a1f17328a8fb35789510012688257e6d2749eed00fff8275652df89357,SQX-LINK-M15-fdaa52a1f173,LINK,LONG,D2,33,1.3696648464486885,0.45312839593242654,0.7161754069414542,0.7161754069414552,1.128033256083433,0.5757575757575758,0.0,0.0,0.0,1.578409353281081,0.3072195719308622,0.3822598314084208
fdaa52a1f17328a8fb35789510012688257e6d2749eed00fff8275652df89357,SQX-LINK-M15-fdaa52a1f173,LINK,LONG,D3,28,1.6637136566050281,-0.008188626719784842,6.045028439000164,6.0450284390001645,5.657168299950335,0.42857142857142855,0.0,0.0,0.0,1.578409353281081,0.3072195719308622,0.3822598314084208
fdaa52a1f17328a8fb35789510012688257e6d2749eed00fff8275652df89357,SQX-LINK-M15-fdaa52a1f173,LINK,LONG,D4,33,0.9082389263416798,-0.06566290864750736,-2.5699320256028,-2.5699320256027978,12.167132704298396,0.3939393939393939,0.0,0.0,0.0,1.578409353281081,0.3072195719308622,0.3822598314084208
fdaa52a1f17328a8fb35789510012688257e6d2749eed00fff8275652df89357,SQX-LINK-M15-fdaa52a1f173,LINK,LONG,D5,41,1.0088051198692698,0.15553974386038008,0.09821835788776456,0.09821835788776445,6.113870490536897,0.43902439024390244,0.0,0.0,0.0,1.578409353281081,0.3072195719308622,0.3822598314084208
fdaa52a1f17328a8fb35789510012688257e6d2749eed00fff8275652df89357,SQX-LINK-M15-fdaa52a1f173,LINK,LONG,D6,27,2.3847421053359485,0.533120736418886,2.4474899906196543,2.447489990619652,2.921355476466367,0.6296296296296297,0.0,0.0,0.0,1.578409353281081,0.3072195719308622,0.3822598314084208
fdaa52a1f17328a8fb35789510012688257e6d2749eed00fff8275652df89357,SQX-LINK-M15-fdaa52a1f173,LINK,LONG,VAL,42,1.578409353281081,0.3072195719308622,4.7687303757655926,4.7687303757655926,5.089741361805432,0.5476190476190477,0.0,0.0,0.0,1.578409353281081,0.3072195719308622,0.3822598314084208
fdaa52a1f17328a8fb35789510012688257e6d2749eed00fff8275652df89357,SQX-LINK-M15-fdaa52a1f173,LINK,LONG,OOS,30,0.2429934829961148,-0.5124357347000191,-7.335323677095399,-7.335323677095397,7.5743677923081165,0.2,0.0,0.0,0.0,1.578409353281081,0.3072195719308622,0.3822598314084208
20b8f2297414f5fa893e41fac522a4698396d36974e385ae60e12c0657254499,SQX-LINK-M15-20b8f2297414,LINK,LONG,D1,24,1.7235570275822352,0.014692630394093372,0.623519461457817,0.6235194614578186,1.1940681288969839,0.4166666666666667,0.0,0.0,0.0,1.8938392286605596,0.3037112807732938,0.4799314669563355
20b8f2297414f5fa893e41fac522a4698396d36974e385ae60e12c0657254499,SQX-LINK-M15-20b8f2297414,LINK,LONG,D2,19,1.6612260775414531,0.4631275263467927,0.4868728521767891,0.48687285217679,0.5016256083429909,0.5263157894736842,0.0,0.0,0.0,1.8938392286605596,0.3037112807732938,0.4799314669563355
20b8f2297414f5fa893e41fac522a4698396d36974e385ae60e12c0657254499,SQX-LINK-M15-20b8f2297414,LINK,LONG,D3,24,1.6992750230019864,0.12257741898463188,5.584039242950951,5.584039242950952,7.084555945483649,0.375,0.0,0.0,0.0,1.8938392286605596,0.3037112807732938,0.4799314669563355
20b8f2297414f5fa893e41fac522a4698396d36974e385ae60e12c0657254499,SQX-LINK-M15-20b8f2297414,LINK,LONG,D4,28,0.6057151540649435,-0.03693632163262867,-7.8596093141312,-7.859609314131193,10.073203934227234,0.32142857142857145,0.0,0.0,0.0,1.8938392286605596,0.3037112807732938,0.4799314669563355
20b8f2297414f5fa893e41fac522a4698396d36974e385ae60e12c0657254499,SQX-LINK-M15-20b8f2297414,LINK,LONG,D5,32,2.571062300739373,0.49640053554653085,7.245106086188812,7.245106086188821,7.433074606853168,0.5,0.0,0.0,0.0,1.8938392286605596,0.3037112807732938,0.4799314669563355
20b8f2297414f5fa893e41fac522a4698396d36974e385ae60e12c0657254499,SQX-LINK-M15-20b8f2297414,LINK,LONG,D6,22,1.3399233537096251,0.1410870090776867,0.5943367323290845,0.5943367323290838,1.201426171163717,0.4090909090909091,0.0,0.0,0.0,1.8938392286605596,0.3037112807732938,0.4799314669563355
20b8f2297414f5fa893e41fac522a4698396d36974e385ae60e12c0657254499,SQX-LINK-M15-20b8f2297414,LINK,LONG,VAL,36,1.8938392286605594,0.30371128077329385,4.445335474259222,4.445335474259222,4.649161115709319,0.4444444444444444,0.0,0.0,0.0,1.8938392286605596,0.3037112807732938,0.4799314669563355
20b8f2297414f5fa893e41fac522a4698396d36974e385ae60e12c0657254499,SQX-LINK-M15-20b8f2297414,LINK,LONG,OOS,26,0.5859561256979304,-0.3118458510112587,-2.226401710533581,-2.2264017105335814,2.365004204601883,0.23076923076923078,0.0,0.0,0.0,1.8938392286605596,0.3037112807732938,0.4799314669563355
a13be3a8e0d3e9fdd5368268b1dd449c635970be456797841a2c3381a4bf3e5e,SQX-LINK-M15-a13be3a8e0d3,LINK,LONG,D1,59,1.9551596180994255,0.22535270103619637,1.7655213651161494,1.765521365116149,2.5379364398830226,0.5084745762711864,0.0,0.0,0.0,1.688976052032014,0.2935105883093656,0.5280703008625132
a13be3a8e0d3e9fdd5368268b1dd449c635970be456797841a2c3381a4bf3e5e,SQX-LINK-M15-a13be3a8e0d3,LINK,LONG,D2,41,0.9313059292779089,0.16812626980124756,-0.20049046515478308,-0.20049046515478197,1.5189047398333626,0.4878048780487805,0.0,0.0,0.0,1.688976052032014,0.2935105883093656,0.5280703008625132
a13be3a8e0d3e9fdd5368268b1dd449c635970be456797841a2c3381a4bf3e5e,SQX-LINK-M15-a13be3a8e0d3,LINK,LONG,D3,37,0.5344508480459843,-0.18799245045145935,-10.175743304088737,-10.17574330408874,13.487000126910559,0.2972972972972973,0.0,0.0,0.0,1.688976052032014,0.2935105883093656,0.5280703008625132
a13be3a8e0d3e9fdd5368268b1dd449c635970be456797841a2c3381a4bf3e5e,SQX-LINK-M15-a13be3a8e0d3,LINK,LONG,D4,42,1.0170867750348318,0.08294287039097287,0.5928764884401091,0.5928764884401088,10.880403150692489,0.4523809523809524,0.0,0.0,0.0,1.688976052032014,0.2935105883093656,0.5280703008625132
a13be3a8e0d3e9fdd5368268b1dd449c635970be456797841a2c3381a4bf3e5e,SQX-LINK-M15-a13be3a8e0d3,LINK,LONG,D5,72,1.1089193914291156,0.12986062322644978,2.6032875131049042,2.603287513104906,8.21494331512441,0.4444444444444444,0.0,0.0,0.0,1.688976052032014,0.2935105883093656,0.5280703008625132
a13be3a8e0d3e9fdd5368268b1dd449c635970be456797841a2c3381a4bf3e5e,SQX-LINK-M15-a13be3a8e0d3,LINK,LONG,D6,50,0.8852903009083539,-0.013167564226907178,-0.6078896981735873,-0.6078896981735877,2.410736737846934,0.4,0.0,0.0,0.0,1.688976052032014,0.2935105883093656,0.5280703008625132
a13be3a8e0d3e9fdd5368268b1dd449c635970be456797841a2c3381a4bf3e5e,SQX-LINK-M15-a13be3a8e0d3,LINK,LONG,VAL,64,1.688976052032014,0.2935105883093656,6.79046599348894,6.790465993488949,8.922517800584899,0.515625,0.0,0.0,0.0,1.688976052032014,0.2935105883093656,0.5280703008625132
a13be3a8e0d3e9fdd5368268b1dd449c635970be456797841a2c3381a4bf3e5e,SQX-LINK-M15-a13be3a8e0d3,LINK,LONG,OOS,61,0.8687419184641486,0.01076373069750307,-1.745017530210236,-1.7450175302102369,5.306018385477019,0.4098360655737705,0.0,0.0,0.0,1.688976052032014,0.2935105883093656,0.5280703008625132
a4e16c89874bbe4a123cadc4306eaaf637710621c16cd17a72778a066549c506,SQX-LINK-M15-a4e16c89874b,LINK,LONG,D1,48,3.597541715058034,0.35697775303665513,0.9370460961209501,0.9370460961209512,0.7920541356287587,0.3125,0.0,0.0,0.0,1.5507045660449346,0.2931339317609582,0.4381987437066602
a4e16c89874bbe4a123cadc4306eaaf637710621c16cd17a72778a066549c506,SQX-LINK-M15-a4e16c89874b,LINK,LONG,D2,17,1.461251756452137,0.4382707597199035,0.21192507311151076,0.21192507311151143,0.2682518788280046,0.29411764705882354,0.0,0.0,0.0,1.5507045660449346,0.2931339317609582,0.4381987437066602
a4e16c89874bbe4a123cadc4306eaaf637710621c16cd17a72778a066549c506,SQX-LINK-M15-a4e16c89874b,LINK,LONG,D3,15,1.0674515913096345,-0.005388164106487163,0.1575395629862517,0.1575395629862515,1.7111564917508124,0.2,0.0,0.0,0.0,1.5507045660449346,0.2931339317609582,0.4381987437066602
a4e16c89874bbe4a123cadc4306eaaf637710621c16cd17a72778a066549c506,SQX-LINK-M15-a4e16c89874b,LINK,LONG,D4,9,3.354591280839032,0.664009326024117,4.654207564972714,4.654207564972717,5.4381628372786235,0.3333333333333333,0.0,0.0,0.0,1.5507045660449346,0.2931339317609582,0.4381987437066602
a4e16c89874bbe4a123cadc4306eaaf637710621c16cd17a72778a066549c506,SQX-LINK-M15-a4e16c89874b,LINK,LONG,D5,17,1.431489949438472,0.1692273472441927,0.8599689951994661,0.8599689951994662,1.6085122716989426,0.23529411764705882,0.0,0.0,0.0,1.5507045660449346,0.2931339317609582,0.4381987437066602
a4e16c89874bbe4a123cadc4306eaaf637710621c16cd17a72778a066549c506,SQX-LINK-M15-a4e16c89874b,LINK,LONG,D6,18,0.5267151529074418,-0.4622818924017216,-0.449075351762954,-0.4490753517629542,0.6534983060199757,0.1111111111111111,0.0,0.0,0.0,1.5507045660449346,0.2931339317609582,0.4381987437066602
a4e16c89874bbe4a123cadc4306eaaf637710621c16cd17a72778a066549c506,SQX-LINK-M15-a4e16c89874b,LINK,LONG,VAL,23,1.5507045660449346,0.29313393176095826,1.1363931964906313,1.1363931964906318,1.1715976493958016,0.2608695652173913,0.0,0.0,0.0,1.5507045660449346,0.2931339317609582,0.4381987437066602
a4e16c89874bbe4a123cadc4306eaaf637710621c16cd17a72778a066549c506,SQX-LINK-M15-a4e16c89874b,LINK,LONG,OOS,46,0.8908612309207639,0.18352673093814897,-0.3793683275395924,-0.3793683275395924,1.3936857860177618,0.2391304347826087,0.0,0.0,0.0,1.5507045660449346,0.2931339317609582,0.4381987437066602
5dd75aab3ea062e786a297bfab4564ee1d4c0cbbbfc901383ee24ba5cd6625df,SQX-LINK-M15-5dd75aab3ea0,LINK,LONG,D1,26,2.7606590639275197,-0.011626859062202356,0.9482658389891284,0.9482658389891299,0.8807580919273856,0.5,0.0,0.0,0.0,2.383544237367083,0.2854257546987516,0.2724986572608636
5dd75aab3ea062e786a297bfab4564ee1d4c0cbbbfc901383ee24ba5cd6625df,SQX-LINK-M15-5dd75aab3ea0,LINK,LONG,D2,20,1.820522609454511,0.35911661925967786,0.4959808530596478,0.49598085305964856,0.4689256469679419,0.65,0.0,0.0,0.0,2.383544237367083,0.2854257546987516,0.2724986572608636
5dd75aab3ea062e786a297bfab4564ee1d4c0cbbbfc901383ee24ba5cd6625df,SQX-LINK-M15-5dd75aab3ea0,LINK,LONG,D3,15,0.5563073394794017,-0.41572929211802806,-2.00269880814435,-2.002698808144351,3.838667312255155,0.26666666666666666,0.0,0.0,0.0,2.383544237367083,0.2854257546987516,0.2724986572608636
5dd75aab3ea062e786a297bfab4564ee1d4c0cbbbfc901383ee24ba5cd6625df,SQX-LINK-M15-5dd75aab3ea0,LINK,LONG,D4,19,0.35630901377384794,-0.306348852683365,-9.38709944821496,-9.387099448214958,9.392886492302587,0.3157894736842105,0.0,0.0,0.0,2.383544237367083,0.2854257546987516,0.2724986572608636
5dd75aab3ea062e786a297bfab4564ee1d4c0cbbbfc901383ee24ba5cd6625df,SQX-LINK-M15-5dd75aab3ea0,LINK,LONG,D5,26,1.3112519857049603,0.26648881964294346,1.5533946807923744,1.553394680792373,1.7571661093637914,0.5769230769230769,0.0,0.0,0.0,2.383544237367083,0.2854257546987516,0.2724986572608636
5dd75aab3ea062e786a297bfab4564ee1d4c0cbbbfc901383ee24ba5cd6625df,SQX-LINK-M15-5dd75aab3ea0,LINK,LONG,D6,18,2.6033078311975117,0.3372910213500791,1.4703778292777154,1.4703778292777132,1.9602517795067032,0.6111111111111112,0.0,0.0,0.0,2.383544237367083,0.2854257546987516,0.2724986572608636
5dd75aab3ea062e786a297bfab4564ee1d4c0cbbbfc901383ee24ba5cd6625df,SQX-LINK-M15-5dd75aab3ea0,LINK,LONG,VAL,29,2.383544237367083,0.2854257546987516,4.40507861281244,4.4050786128124395,4.120429862605522,0.5862068965517241,0.0,0.0,0.0,2.383544237367083,0.2854257546987516,0.2724986572608636
5dd75aab3ea062e786a297bfab4564ee1d4c0cbbbfc901383ee24ba5cd6625df,SQX-LINK-M15-5dd75aab3ea0,LINK,LONG,OOS,21,0.509249396872471,-0.37475046185485017,-2.6544321966562006,-2.6544321966562006,2.757192109474167,0.2857142857142857,0.0,0.0,0.0,2.383544237367083,0.2854257546987516,0.2724986572608636
2f68700001b3724d7fb8aa229838ca65d08a22e2936abd299e2c05dc4b64399f,SQX-LINK-M15-2f68700001b3,LINK,SHORT,D1,21,1.1809294809549697,0.2478932368915557,0.12635740771395576,0.12635740771395598,0.58321077084368,0.42857142857142855,0.0,0.0,0.0,1.3889264448240188,0.2825731462121701,0.4239458739694163
2f68700001b3724d7fb8aa229838ca65d08a22e2936abd299e2c05dc4b64399f,SQX-LINK-M15-2f68700001b3,LINK,SHORT,D2,13,0.6924514515547612,-0.163590062491752,-0.34666109915576976,-0.3466610991557697,0.5278777465099609,0.3076923076923077,0.0,0.0,0.0,1.3889264448240188,0.2825731462121701,0.4239458739694163
2f68700001b3724d7fb8aa229838ca65d08a22e2936abd299e2c05dc4b64399f,SQX-LINK-M15-2f68700001b3,LINK,SHORT,D3,23,2.8483049244127074,0.3631442599647335,11.34099508359543,11.34099508359543,12.049035181813165,0.4782608695652174,0.0,0.0,0.0,1.3889264448240188,0.2825731462121701,0.4239458739694163
2f68700001b3724d7fb8aa229838ca65d08a22e2936abd299e2c05dc4b64399f,SQX-LINK-M15-2f68700001b3,LINK,SHORT,D4,34,1.5896685409940434,0.2747563433731479,11.844365513435996,11.844365513436001,14.013223539149175,0.5,0.0,0.0,0.0,1.3889264448240188,0.2825731462121701,0.4239458739694163
2f68700001b3724d7fb8aa229838ca65d08a22e2936abd299e2c05dc4b64399f,SQX-LINK-M15-2f68700001b3,LINK,SHORT,D5,41,1.3521030312739482,-0.04730665241056859,4.040239546432693,4.040239546432701,6.5234114660928,0.36585365853658536,0.0,0.0,0.0,1.3889264448240188,0.2825731462121701,0.4239458739694163
2f68700001b3724d7fb8aa229838ca65d08a22e2936abd299e2c05dc4b64399f,SQX-LINK-M15-2f68700001b3,LINK,SHORT,D6,19,0.9690577389412146,0.046460208959819414,-0.06869189979584178,-0.06869189979584145,0.6655518567566069,0.47368421052631576,0.0,0.0,0.0,1.3889264448240188,0.2825731462121701,0.4239458739694163
2f68700001b3724d7fb8aa229838ca65d08a22e2936abd299e2c05dc4b64399f,SQX-LINK-M15-2f68700001b3,LINK,SHORT,VAL,17,1.3889264448240188,0.2825731462121701,1.9214654361860686,1.9214654361860681,2.7197671191303963,0.5294117647058824,0.0,0.0,0.0,1.3889264448240188,0.2825731462121701,0.4239458739694163
2f68700001b3724d7fb8aa229838ca65d08a22e2936abd299e2c05dc4b64399f,SQX-LINK-M15-2f68700001b3,LINK,SHORT,OOS,18,1.0740140124387203,0.0696858917749182,0.3606691717706788,0.3606691717706787,1.604676571207861,0.4444444444444444,0.0,0.0,0.0,1.3889264448240188,0.2825731462121701,0.4239458739694163
2f0badf44e05a0fc6dcbca4eaa47887a095611708eb2115eb4e3a175652c5179,SQX-LINK-M15-2f0badf44e05,LINK,LONG,D1,50,3.7489377120768475,0.33837680452666263,0.9670978866633552,0.9670978866633564,0.8221059261711638,0.32,0.0,0.0,0.0,1.4817155949507532,0.2730310799610513,0.5080508696221666
2f0badf44e05a0fc6dcbca4eaa47887a095611708eb2115eb4e3a175652c5179,SQX-LINK-M15-2f0badf44e05,LINK,LONG,D2,17,1.461251756452137,0.4382707597199035,0.21192507311151076,0.21192507311151143,0.2682518788280046,0.29411764705882354,0.0,0.0,0.0,1.4817155949507532,0.2730310799610513,0.5080508696221666
2f0badf44e05a0fc6dcbca4eaa47887a095611708eb2115eb4e3a175652c5179,SQX-LINK-M15-2f0badf44e05,LINK,LONG,D3,15,1.0674515913096345,-0.005388164106487163,0.1575395629862517,0.1575395629862515,1.7111564917508124,0.2,0.0,0.0,0.0,1.4817155949507532,0.2730310799610513,0.5080508696221666
2f0badf44e05a0fc6dcbca4eaa47887a095611708eb2115eb4e3a175652c5179,SQX-LINK-M15-2f0badf44e05,LINK,LONG,D4,9,3.354591280839032,0.664009326024117,4.654207564972714,4.654207564972717,5.4381628372786235,0.3333333333333333,0.0,0.0,0.0,1.4817155949507532,0.2730310799610513,0.5080508696221666
2f0badf44e05a0fc6dcbca4eaa47887a095611708eb2115eb4e3a175652c5179,SQX-LINK-M15-2f0badf44e05,LINK,LONG,D5,17,1.5849695879034855,0.32353254758519806,1.1096517188103476,1.1096517188103472,1.6085122716989426,0.29411764705882354,0.0,0.0,0.0,1.4817155949507532,0.2730310799610513,0.5080508696221666
2f0badf44e05a0fc6dcbca4eaa47887a095611708eb2115eb4e3a175652c5179,SQX-LINK-M15-2f0badf44e05,LINK,LONG,D6,18,0.5267151529074418,-0.4622818924017216,-0.449075351762954,-0.4490753517629542,0.6534983060199757,0.1111111111111111,0.0,0.0,0.0,1.4817155949507532,0.2730310799610513,0.5080508696221666
2f0badf44e05a0fc6dcbca4eaa47887a095611708eb2115eb4e3a175652c5179,SQX-LINK-M15-2f0badf44e05,LINK,LONG,VAL,23,1.4817155949507532,0.2730310799610513,0.9940326601555839,0.9940326601555842,1.1715976493958016,0.2608695652173913,0.0,0.0,0.0,1.4817155949507532,0.2730310799610513,0.5080508696221666
2f0badf44e05a0fc6dcbca4eaa47887a095611708eb2115eb4e3a175652c5179,SQX-LINK-M15-2f0badf44e05,LINK,LONG,OOS,46,0.8908612309207639,0.18352673093814897,-0.3793683275395924,-0.3793683275395924,1.3936857860177618,0.2391304347826087,0.0,0.0,0.0,1.4817155949507532,0.2730310799610513,0.5080508696221666
9f49fd9cf001f5440bfe9115c7e678fa27182c94aefaa813f6bdeb0371fe1c3a,SQX-LINK-M15-9f49fd9cf001,LINK,SHORT,D1,176,1.355441626930484,0.13042127529351896,1.2552180544060079,1.2552180544060043,1.5776695856094487,0.2840909090909091,0.0,0.0,0.0,1.229015232625059,0.2712558603468294,0.9403796829519506
9f49fd9cf001f5440bfe9115c7e678fa27182c94aefaa813f6bdeb0371fe1c3a,SQX-LINK-M15-9f49fd9cf001,LINK,SHORT,D2,186,1.0431308902368157,0.12405312522922454,0.288843447552833,0.28884344755284297,0.8224495447773513,0.24731182795698925,0.0,0.0,0.0,1.229015232625059,0.2712558603468294,0.9403796829519506
9f49fd9cf001f5440bfe9115c7e678fa27182c94aefaa813f6bdeb0371fe1c3a,SQX-LINK-M15-9f49fd9cf001,LINK,SHORT,D3,192,1.4115684037710452,0.2503380906103822,19.172920907134543,19.1729209071345,23.860303923191513,0.2916666666666667,0.0,0.0,0.0,1.229015232625059,0.2712558603468294,0.9403796829519506
9f49fd9cf001f5440bfe9115c7e678fa27182c94aefaa813f6bdeb0371fe1c3a,SQX-LINK-M15-9f49fd9cf001,LINK,SHORT,D4,179,1.6894296114269383,0.35021215190843136,48.26416071842404,48.26416071842383,49.073728466589166,0.2905027932960894,0.0,0.0,0.0,1.229015232625059,0.2712558603468294,0.9403796829519506
9f49fd9cf001f5440bfe9115c7e678fa27182c94aefaa813f6bdeb0371fe1c3a,SQX-LINK-M15-9f49fd9cf001,LINK,SHORT,D5,166,0.7811228189945953,0.020928860218610366,-5.656007625669039,-5.656007625668991,10.778429476355992,0.21686746987951808,0.0,0.0,0.0,1.229015232625059,0.2712558603468294,0.9403796829519506
9f49fd9cf001f5440bfe9115c7e678fa27182c94aefaa813f6bdeb0371fe1c3a,SQX-LINK-M15-9f49fd9cf001,LINK,SHORT,D6,187,1.6433001015363427,0.4304844895798951,5.712210952932739,5.712210952932785,5.846945616068024,0.32085561497326204,0.0,0.0,0.0,1.229015232625059,0.2712558603468294,0.9403796829519506
9f49fd9cf001f5440bfe9115c7e678fa27182c94aefaa813f6bdeb0371fe1c3a,SQX-LINK-M15-9f49fd9cf001,LINK,SHORT,VAL,284,1.229015232625059,0.2712558603468294,7.17790990454116,7.1779099045411865,7.876319764939559,0.2676056338028169,0.0,0.0,0.0,1.229015232625059,0.2712558603468294,0.9403796829519506
9f49fd9cf001f5440bfe9115c7e678fa27182c94aefaa813f6bdeb0371fe1c3a,SQX-LINK-M15-9f49fd9cf001,LINK,SHORT,OOS,144,1.0940723253991742,0.0018792756490604054,1.6558383932019773,1.655838393201977,6.033431815924525,0.2361111111111111,0.0,0.0,0.0,1.229015232625059,0.2712558603468294,0.9403796829519506
79179cefd649ee91ddaa700ac2d1f6dd0ffd83705fe3387b9c6e2948a6aac7fa,SQX-LINK-M15-79179cefd649,LINK,SHORT,D1,16,0.5358524232085823,0.28981832712798494,-0.15194621199580655,-0.15194621199580638,0.27428484246537566,0.375,0.0,0.0,0.0,1.077530310348734,0.2708389969278706,0.393419342655915
79179cefd649ee91ddaa700ac2d1f6dd0ffd83705fe3387b9c6e2948a6aac7fa,SQX-LINK-M15-79179cefd649,LINK,SHORT,D2,9,0.3123564861265496,0.1877647249805829,-0.6909891463885666,-0.6909891463885666,0.8495483198145994,0.2222222222222222,0.0,0.0,0.0,1.077530310348734,0.2708389969278706,0.393419342655915
79179cefd649ee91ddaa700ac2d1f6dd0ffd83705fe3387b9c6e2948a6aac7fa,SQX-LINK-M15-79179cefd649,LINK,SHORT,D3,16,1.7284986246397844,0.17630639818035065,2.3042282624289547,2.304228262428955,3.1003503945262905,0.25,0.0,0.0,0.0,1.077530310348734,0.2708389969278706,0.393419342655915
79179cefd649ee91ddaa700ac2d1f6dd0ffd83705fe3387b9c6e2948a6aac7fa,SQX-LINK-M15-79179cefd649,LINK,SHORT,D4,14,0.9649603444888301,0.14306826327230468,-0.1519257186999865,-0.15192571869998706,2.4585906913866284,0.2857142857142857,0.0,0.0,0.0,1.077530310348734,0.2708389969278706,0.393419342655915
79179cefd649ee91ddaa700ac2d1f6dd0ffd83705fe3387b9c6e2948a6aac7fa,SQX-LINK-M15-79179cefd649,LINK,SHORT,D5,27,1.870289963840258,0.6896222050756998,2.7377978866633494,2.7377978866633472,2.714360420460181,0.4444444444444444,0.0,0.0,0.0,1.077530310348734,0.2708389969278706,0.393419342655915
79179cefd649ee91ddaa700ac2d1f6dd0ffd83705fe3387b9c6e2948a6aac7fa,SQX-LINK-M15-79179cefd649,LINK,SHORT,D6,23,0.461290033153778,-0.40779820903154024,-0.9365251945042207,-0.9365251945042207,1.362634481046182,0.21739130434782608,0.0,0.0,0.0,1.077530310348734,0.2708389969278706,0.393419342655915
79179cefd649ee91ddaa700ac2d1f6dd0ffd83705fe3387b9c6e2948a6aac7fa,SQX-LINK-M15-79179cefd649,LINK,SHORT,VAL,24,1.0775303103487341,0.2708389969278706,0.2574652761684101,0.2574652761684102,2.278222612150309,0.3333333333333333,0.0,0.0,0.0,1.077530310348734,0.2708389969278706,0.393419342655915
79179cefd649ee91ddaa700ac2d1f6dd0ffd83705fe3387b9c6e2948a6aac7fa,SQX-LINK-M15-79179cefd649,LINK,SHORT,OOS,21,1.2847521724777387,-0.30961141348942645,0.5295743144070856,0.5295743144070846,1.9239886608177268,0.2857142857142857,0.0,0.0,0.0,1.077530310348734,0.2708389969278706,0.393419342655915
346bf7620baf50a15a618577916af987c001df4739332f99b00c47b6699f233f,SQX-SOL-M15-346bf7620baf,SOL,LONG,D1,18,0.36775363200064753,-0.38304728870804805,-0.10264989507412535,-0.10264989507412547,0.1433140803754771,0.2222222222222222,0.0,0.0,0.0,1.951784144320209,0.6964698207358986,0.6732476512866326
346bf7620baf50a15a618577916af987c001df4739332f99b00c47b6699f233f,SQX-SOL-M15-346bf7620baf,SOL,LONG,D2,17,1.7217841817145092,0.5515722984156554,2.16332219915608,2.1633221991560805,4.443246979714327,0.35294117647058826,0.0,0.0,0.0,1.951784144320209,0.6964698207358986,0.6732476512866326
346bf7620baf50a15a618577916af987c001df4739332f99b00c47b6699f233f,SQX-SOL-M15-346bf7620baf,SOL,LONG,D3,18,1.0516036332611125,0.2170576691328278,0.26585880361936787,0.26585880361936676,4.422197100435511,0.2777777777777778,0.0,0.0,0.0,1.951784144320209,0.6964698207358986,0.6732476512866326
346bf7620baf50a15a618577916af987c001df4739332f99b00c47b6699f233f,SQX-SOL-M15-346bf7620baf,SOL,LONG,D4,15,3.8005462724953705,0.9808841634753641,2.1529372588397258,2.1529372588397253,2.230326430038137,0.4,0.0,0.0,0.0,1.951784144320209,0.6964698207358986,0.6732476512866326
346bf7620baf50a15a618577916af987c001df4739332f99b00c47b6699f233f,SQX-SOL-M15-346bf7620baf,SOL,LONG,D5,25,1.1293231120226592,0.388221485247004,0.11514469616625465,0.11514469616625678,0.38991032560868255,0.4,0.0,0.0,0.0,1.951784144320209,0.6964698207358986,0.6732476512866326
346bf7620baf50a15a618577916af987c001df4739332f99b00c47b6699f233f,SQX-SOL-M15-346bf7620baf,SOL,LONG,D6,12,1.0397785438819387,0.5231307950136185,0.03320117336462358,0.033201173364624026,0.5620738429947881,0.4166666666666667,0.0,0.0,0.0,1.951784144320209,0.6964698207358986,0.6732476512866326
346bf7620baf50a15a618577916af987c001df4739332f99b00c47b6699f233f,SQX-SOL-M15-346bf7620baf,SOL,LONG,VAL,20,1.951784144320209,0.6964698207358986,4.16752699866867,4.167526998668672,4.354349809328235,0.35,0.0,0.0,0.0,1.951784144320209,0.6964698207358986,0.6732476512866326
346bf7620baf50a15a618577916af987c001df4739332f99b00c47b6699f233f,SQX-SOL-M15-346bf7620baf,SOL,LONG,OOS,17,0.5113807106225269,-0.3284971764273914,-1.192726269828736,-1.1927262698287362,1.3698747275311955,0.17647058823529413,0.0,0.0,0.0,1.951784144320209,0.6964698207358986,0.6732476512866326
2b6d8f7a8da8571dc959345757c1988f327ea90efed72caaf60c309c233391ed,SQX-SOL-M15-2b6d8f7a8da8,SOL,LONG,D1,9,0.7052116203798869,-0.5098287866684575,-0.050353537017397185,-0.05035353701739731,0.13575337680799693,0.2222222222222222,0.0,0.0,0.0,2.6306309259380902,0.4972533163076145,0.1599609351464569
2b6d8f7a8da8571dc959345757c1988f327ea90efed72caaf60c309c233391ed,SQX-SOL-M15-2b6d8f7a8da8,SOL,LONG,D2,7,1.1373204213966086,0.0614181318135713,0.07243163797188268,0.07243163797188279,0.3287873863303019,0.42857142857142855,0.0,0.0,0.0,2.6306309259380902,0.4972533163076145,0.1599609351464569
2b6d8f7a8da8571dc959345757c1988f327ea90efed72caaf60c309c233391ed,SQX-SOL-M15-2b6d8f7a8da8,SOL,LONG,D3,4,4.169083886963459,0.2461940659605849,1.070479924182591,1.0704799241825906,1.2588926168287569,0.5,0.0,0.0,0.0,2.6306309259380902,0.4972533163076145,0.1599609351464569
2b6d8f7a8da8571dc959345757c1988f327ea90efed72caaf60c309c233391ed,SQX-SOL-M15-2b6d8f7a8da8,SOL,LONG,D4,21,2.0379958995005665,0.2938717270749632,0.6895188911704296,0.6895188911704313,0.7665592391181713,0.5238095238095238,0.0,0.0,0.0,2.6306309259380902,0.4972533163076145,0.1599609351464569
2b6d8f7a8da8571dc959345757c1988f327ea90efed72caaf60c309c233391ed,SQX-SOL-M15-2b6d8f7a8da8,SOL,LONG,D5,19,0.7210248792195787,-0.16113829911451233,-0.16580140126813692,-0.16580140126813636,0.3863869147279817,0.3684210526315789,0.0,0.0,0.0,2.6306309259380902,0.4972533163076145,0.1599609351464569
2b6d8f7a8da8571dc959345757c1988f327ea90efed72caaf60c309c233391ed,SQX-SOL-M15-2b6d8f7a8da8,SOL,LONG,D6,16,1.1965453806191393,0.231955583298527,0.15788151725071853,0.15788151725071886,0.640758424532347,0.5,0.0,0.0,0.0,2.6306309259380902,0.4972533163076145,0.1599609351464569
2b6d8f7a8da8571dc959345757c1988f327ea90efed72caaf60c309c233391ed,SQX-SOL-M15-2b6d8f7a8da8,SOL,LONG,VAL,20,2.6306309259380902,0.4972533163076145,6.420274251415927,6.420274251415929,8.682136915856214,0.6,0.0,0.0,0.0,2.6306309259380902,0.4972533163076145,0.1599609351464569
2b6d8f7a8da8571dc959345757c1988f327ea90efed72caaf60c309c233391ed,SQX-SOL-M15-2b6d8f7a8da8,SOL,LONG,OOS,18,1.6187109318672295,0.10374506415352659,0.8623567615136392,0.8623567615136389,1.03471745605524,0.4444444444444444,0.0,0.0,0.0,2.6306309259380902,0.4972533163076145,0.1599609351464569
4e3930be053b597bc49bd7b5fd1053cdc5bdab82684a6085c2751b22d7523d68,SQX-SOL-M15-4e3930be053b,SOL,LONG,D1,11,0.3491266597963566,-0.20903483078752438,-0.08522211115373278,-0.0852221111537329,0.0852221111537329,0.36363636363636365,0.0,0.0,0.0,3.0879118207709064,0.4908613455258974,0.2442520094001006
4e3930be053b597bc49bd7b5fd1053cdc5bdab82684a6085c2751b22d7523d68,SQX-SOL-M15-4e3930be053b,SOL,LONG,D2,8,0.4530930343695601,0.2635665918414204,-1.9057806801001809,-1.905780680100181,3.2601268407157455,0.5,0.0,0.0,0.0,3.0879118207709064,0.4908613455258974,0.2442520094001006
4e3930be053b597bc49bd7b5fd1053cdc5bdab82684a6085c2751b22d7523d68,SQX-SOL-M15-4e3930be053b,SOL,LONG,D3,7,3.7836847220651832,0.08601785970796438,1.9682244488570921,1.9682244488570917,2.4029283006521136,0.5714285714285714,0.0,0.0,0.0,3.0879118207709064,0.4908613455258974,0.2442520094001006
4e3930be053b597bc49bd7b5fd1053cdc5bdab82684a6085c2751b22d7523d68,SQX-SOL-M15-4e3930be053b,SOL,LONG,D4,13,2.6153194615762,0.783484419968437,1.0065322810659576,1.0065322810659563,1.3340511993140334,0.7692307692307693,0.0,0.0,0.0,3.0879118207709064,0.4908613455258974,0.2442520094001006
4e3930be053b597bc49bd7b5fd1053cdc5bdab82684a6085c2751b22d7523d68,SQX-SOL-M15-4e3930be053b,SOL,LONG,D5,18,0.7242378392162341,0.035670241152665705,-0.17528116524133225,-0.1752811652413323,0.356260446329854,0.5,0.0,0.0,0.0,3.0879118207709064,0.4908613455258974,0.2442520094001006
4e3930be053b597bc49bd7b5fd1053cdc5bdab82684a6085c2751b22d7523d68,SQX-SOL-M15-4e3930be053b,SOL,LONG,D6,12,0.29890045870738696,-0.12515729087557176,-0.7209112439921513,-0.7209112439921508,0.8046418259358761,0.5,0.0,0.0,0.0,3.0879118207709064,0.4908613455258974,0.2442520094001006
4e3930be053b597bc49bd7b5fd1053cdc5bdab82684a6085c2751b22d7523d68,SQX-SOL-M15-4e3930be053b,SOL,LONG,VAL,17,3.0879118207709064,0.4908613455258974,3.490578105467438,3.4905781054674376,3.697263032244974,0.6470588235294118,0.0,0.0,0.0,3.0879118207709064,0.4908613455258974,0.2442520094001006
4e3930be053b597bc49bd7b5fd1053cdc5bdab82684a6085c2751b22d7523d68,SQX-SOL-M15-4e3930be053b,SOL,LONG,OOS,12,1.297255042690185,-0.13948727623436039,0.3442556219960724,0.3442556219960724,0.7969750028205892,0.4166666666666667,0.0,0.0,0.0,3.0879118207709064,0.4908613455258974,0.2442520094001006
85243f314f0b62fb46cff8c3a02303bbc8abaf0bed9307ed6a9672fbda4e05f7,SQX-SOL-M15-85243f314f0b,SOL,LONG,D1,25,1.7836725757740344,0.12031549388785891,0.2722988356612584,0.2722988356612597,0.42091847372340263,0.48,0.0,0.0,0.0,2.228272048428897,0.4740350825333298,0.5035963702594008
85243f314f0b62fb46cff8c3a02303bbc8abaf0bed9307ed6a9672fbda4e05f7,SQX-SOL-M15-85243f314f0b,SOL,LONG,D2,7,0.6519707297422773,0.06432133037392188,-0.31668991809012204,-0.31668991809012204,0.6242986032448045,0.42857142857142855,0.0,0.0,0.0,2.228272048428897,0.4740350825333298,0.5035963702594008
85243f314f0b62fb46cff8c3a02303bbc8abaf0bed9307ed6a9672fbda4e05f7,SQX-SOL-M15-85243f314f0b,SOL,LONG,D3,18,0.8461672621937105,-0.03133798750765569,-0.6829870117562167,-0.6829870117562167,2.1655269061533984,0.3888888888888889,0.0,0.0,0.0,2.228272048428897,0.4740350825333298,0.5035963702594008
85243f314f0b62fb46cff8c3a02303bbc8abaf0bed9307ed6a9672fbda4e05f7,SQX-SOL-M15-85243f314f0b,SOL,LONG,D4,23,2.8496312482501223,0.39883683004896003,1.44194413204865,1.4419441320486475,1.4972198930433,0.5652173913043478,0.0,0.0,0.0,2.228272048428897,0.4740350825333298,0.5035963702594008
85243f314f0b62fb46cff8c3a02303bbc8abaf0bed9307ed6a9672fbda4e05f7,SQX-SOL-M15-85243f314f0b,SOL,LONG,D5,38,1.6512735598778163,0.2543394532636856,0.6023503080082128,0.6023503080082153,0.6520563057066135,0.5263157894736842,0.0,0.0,0.0,2.228272048428897,0.4740350825333298,0.5035963702594008
85243f314f0b62fb46cff8c3a02303bbc8abaf0bed9307ed6a9672fbda4e05f7,SQX-SOL-M15-85243f314f0b,SOL,LONG,D6,14,1.032637080078551,0.23587957371810409,0.025421526727892024,0.025421526727892108,0.4465451452038729,0.5,0.0,0.0,0.0,2.228272048428897,0.4740350825333298,0.5035963702594008
85243f314f0b62fb46cff8c3a02303bbc8abaf0bed9307ed6a9672fbda4e05f7,SQX-SOL-M15-85243f314f0b,SOL,LONG,VAL,22,2.228272048428897,0.4740350825333298,3.471072577114877,3.4710725771148763,3.4123965814473083,0.5909090909090909,0.0,0.0,0.0,2.228272048428897,0.4740350825333298,0.5035963702594008
85243f314f0b62fb46cff8c3a02303bbc8abaf0bed9307ed6a9672fbda4e05f7,SQX-SOL-M15-85243f314f0b,SOL,LONG,OOS,25,1.4007593107262302,0.09212557821894574,0.768280061827277,0.7682800618272776,1.256428616557972,0.44,0.0,0.0,0.0,2.228272048428897,0.4740350825333298,0.5035963702594008
e06bf7c43978e7dc36a5639d040a54da7b64aca4e40039d9f1317e4bb2164417,SQX-SOL-M15-e06bf7c43978,SOL,LONG,D1,11,0.31154754450234307,-0.7641669368350446,-0.13076671029176132,-0.13076671029176146,0.13897641311460596,0.09090909090909091,0.0,0.0,0.0,1.2771973323004513,0.4271389910783513,0.161452083085149
e06bf7c43978e7dc36a5639d040a54da7b64aca4e40039d9f1317e4bb2164417,SQX-SOL-M15-e06bf7c43978,SOL,LONG,D2,16,0.8682636724544474,0.13849381729391017,-0.28752995013200344,-0.28752995013200333,1.1238837443870269,0.3125,0.0,0.0,0.0,1.2771973323004513,0.4271389910783513,0.161452083085149
e06bf7c43978e7dc36a5639d040a54da7b64aca4e40039d9f1317e4bb2164417,SQX-SOL-M15-e06bf7c43978,SOL,LONG,D3,2,0.0,-1.0034349622212928,-0.5260909041677067,-0.5260909041677067,0.5260909041677067,0.0,0.0,0.0,0.0,1.2771973323004513,0.4271389910783513,0.161452083085149
e06bf7c43978e7dc36a5639d040a54da7b64aca4e40039d9f1317e4bb2164417,SQX-SOL-M15-e06bf7c43978,SOL,LONG,D4,14,0.0817196010805247,-0.747125145470581,-1.612663181172007,-1.6126631811720067,1.6126631811720067,0.07142857142857142,0.0,0.0,0.0,1.2771973323004513,0.4271389910783513,0.161452083085149
e06bf7c43978e7dc36a5639d040a54da7b64aca4e40039d9f1317e4bb2164417,SQX-SOL-M15-e06bf7c43978,SOL,LONG,D5,13,1.7554048016607848,0.6002448438542827,0.26257398063948206,0.26257398063948245,0.25715586343840835,0.5384615384615384,0.0,0.0,0.0,1.2771973323004513,0.4271389910783513,0.161452083085149
e06bf7c43978e7dc36a5639d040a54da7b64aca4e40039d9f1317e4bb2164417,SQX-SOL-M15-e06bf7c43978,SOL,LONG,D6,8,0.8889935023898519,0.1484953798596007,-0.07365305413272599,-0.07365305413272605,0.42340855879233585,0.375,0.0,0.0,0.0,1.2771973323004513,0.4271389910783513,0.161452083085149
e06bf7c43978e7dc36a5639d040a54da7b64aca4e40039d9f1317e4bb2164417,SQX-SOL-M15-e06bf7c43978,SOL,LONG,VAL,16,1.2771973323004513,0.4271389910783513,1.3806628427014433,1.3806628427014416,3.0186295507367316,0.375,0.0,0.0,0.0,1.2771973323004513,0.4271389910783513,0.161452083085149
e06bf7c43978e7dc36a5639d040a54da7b64aca4e40039d9f1317e4bb2164417,SQX-SOL-M15-e06bf7c43978,SOL,LONG,OOS,15,0.40888758959810123,-0.348982738536827,-1.6401895322336806,-1.6401895322336801,1.8631313987860179,0.2,0.0,0.0,0.0,1.2771973323004513,0.4271389910783513,0.161452083085149
b57f4bfc1f98c8084d6ebd116992d86832fa7b69629090673ae68544feea9d70,SQX-SOL-M15-b57f4bfc1f98,SOL,SHORT,D1,8,2.435494715037449,0.40130123078882973,0.06139782927544711,0.06139782927544757,0.09057332851952982,0.5,0.0,0.0,0.0,1.4826759982953337,0.4249361654172574,0.4241142248754346
b57f4bfc1f98c8084d6ebd116992d86832fa7b69629090673ae68544feea9d70,SQX-SOL-M15-b57f4bfc1f98,SOL,SHORT,D2,9,6.031874124934834,0.9971806391387033,6.07983465261637,6.079834652616372,6.006717246203483,0.6666666666666666,0.0,0.0,0.0,1.4826759982953337,0.4249361654172574,0.4241142248754346
b57f4bfc1f98c8084d6ebd116992d86832fa7b69629090673ae68544feea9d70,SQX-SOL-M15-b57f4bfc1f98,SOL,SHORT,D3,13,0.1637792826259298,-0.5406727983425511,-5.230577631608629,-5.2305776316086305,5.651411954780325,0.15384615384615385,0.0,0.0,0.0,1.4826759982953337,0.4249361654172574,0.4241142248754346
b57f4bfc1f98c8084d6ebd116992d86832fa7b69629090673ae68544feea9d70,SQX-SOL-M15-b57f4bfc1f98,SOL,SHORT,D4,28,0.5378756205625655,-0.21380001138280974,-1.0226727531195685,-1.022672753119569,1.374236022293928,0.2857142857142857,0.0,0.0,0.0,1.4826759982953337,0.4249361654172574,0.4241142248754346
b57f4bfc1f98c8084d6ebd116992d86832fa7b69629090673ae68544feea9d70,SQX-SOL-M15-b57f4bfc1f98,SOL,SHORT,D5,33,1.942773098037583,0.6116997639371525,0.8009067648983422,0.8009067648983448,0.9113558160525292,0.5454545454545454,0.0,0.0,0.0,1.4826759982953337,0.4249361654172574,0.4241142248754346
b57f4bfc1f98c8084d6ebd116992d86832fa7b69629090673ae68544feea9d70,SQX-SOL-M15-b57f4bfc1f98,SOL,SHORT,D6,10,0.9876033645757748,0.18193028479998166,-0.01001541169302711,-0.010015411693026333,0.7668433580792922,0.4,0.0,0.0,0.0,1.4826759982953337,0.4249361654172574,0.4241142248754346
b57f4bfc1f98c8084d6ebd116992d86832fa7b69629090673ae68544feea9d70,SQX-SOL-M15-b57f4bfc1f98,SOL,SHORT,VAL,21,1.4826759982953335,0.4249361654172574,1.9658913893088603,1.9658913893088585,1.6238052959360987,0.47619047619047616,0.0,0.0,0.0,1.4826759982953337,0.4249361654172574,0.4241142248754346
b57f4bfc1f98c8084d6ebd116992d86832fa7b69629090673ae68544feea9d70,SQX-SOL-M15-b57f4bfc1f98,SOL,SHORT,OOS,15,0.28648329131728906,-0.40879088841923134,-1.1819003881129142,-1.1819003881129144,1.2850262630593248,0.2,0.0,0.0,0.0,1.4826759982953337,0.4249361654172574,0.4241142248754346
d55f98544c690dd56c126a962e1a4f944f32965fb4a8cb111f692c334837fe41,SQX-SOL-M15-d55f98544c69,SOL,LONG,D1,17,0.7605674719481172,-0.12643286170709714,-0.08822461132296885,-0.08822461132296844,0.2421663312047294,0.4117647058823529,0.0,0.0,0.0,1.6993213902849134,0.3949031046609796,0.3043923931157418
d55f98544c690dd56c126a962e1a4f944f32965fb4a8cb111f692c334837fe41,SQX-SOL-M15-d55f98544c69,SOL,LONG,D2,22,0.9377213292786272,-0.18486503699808293,-0.6196736376559723,-0.6196736376559718,5.4809459665591005,0.2727272727272727,0.0,0.0,0.0,1.6993213902849134,0.3949031046609796,0.3043923931157418
d55f98544c690dd56c126a962e1a4f944f32965fb4a8cb111f692c334837fe41,SQX-SOL-M15-d55f98544c69,SOL,LONG,D3,17,1.4588727903730734,0.1404240884120193,3.438453638558556,3.4384536385585545,3.8373432587945944,0.4117647058823529,0.0,0.0,0.0,1.6993213902849134,0.3949031046609796,0.3043923931157418
d55f98544c690dd56c126a962e1a4f944f32965fb4a8cb111f692c334837fe41,SQX-SOL-M15-d55f98544c69,SOL,LONG,D4,9,2.692149494959418,0.4223909354380501,1.0018961640002684,1.0018961640002684,0.7437481824130674,0.4444444444444444,0.0,0.0,0.0,1.6993213902849134,0.3949031046609796,0.3043923931157418
d55f98544c690dd56c126a962e1a4f944f32965fb4a8cb111f692c334837fe41,SQX-SOL-M15-d55f98544c69,SOL,LONG,D5,6,2.921465888859226,0.06945988298517243,0.4959877293138042,0.4959877293138044,0.33486797617167063,0.3333333333333333,0.0,0.0,0.0,1.6993213902849134,0.3949031046609796,0.3043923931157418
d55f98544c690dd56c126a962e1a4f944f32965fb4a8cb111f692c334837fe41,SQX-SOL-M15-d55f98544c69,SOL,LONG,D6,8,2.796287813150582,0.4208716157036454,2.2957537197915063,2.295753719791506,0.8831747613782533,0.5,0.0,0.0,0.0,1.6993213902849134,0.3949031046609796,0.3043923931157418
d55f98544c690dd56c126a962e1a4f944f32965fb4a8cb111f692c334837fe41,SQX-SOL-M15-d55f98544c69,SOL,LONG,VAL,23,1.6993213902849134,0.3949031046609796,6.799256224473703,6.799256224473705,8.528578926822675,0.4782608695652174,0.0,0.0,0.0,1.6993213902849134,0.3949031046609796,0.3043923931157418
d55f98544c690dd56c126a962e1a4f944f32965fb4a8cb111f692c334837fe41,SQX-SOL-M15-d55f98544c69,SOL,LONG,OOS,9,1.3146310328643964,0.3298704459183054,0.6828312453460362,0.6828312453460361,1.7365718776090402,0.4444444444444444,0.0,0.0,0.0,1.6993213902849134,0.3949031046609796,0.3043923931157418
f22a336025b1b1719acde816cc9fb7693fc5e43f2b1194172d14a0333666b0fb,SQX-SOL-M15-f22a336025b1,SOL,LONG,D1,11,0.31154754450234307,-0.7641669368350446,-0.13076671029176132,-0.13076671029176146,0.13897641311460596,0.09090909090909091,0.0,0.0,0.0,1.1227031019889993,0.3728901698181708,0.161452083085149
f22a336025b1b1719acde816cc9fb7693fc5e43f2b1194172d14a0333666b0fb,SQX-SOL-M15-f22a336025b1,SOL,LONG,D2,16,0.8682636724544474,0.13849381729391017,-0.28752995013200344,-0.28752995013200333,1.1238837443870269,0.3125,0.0,0.0,0.0,1.1227031019889993,0.3728901698181708,0.161452083085149
f22a336025b1b1719acde816cc9fb7693fc5e43f2b1194172d14a0333666b0fb,SQX-SOL-M15-f22a336025b1,SOL,LONG,D3,2,0.0,-1.0034349622212928,-0.5260909041677067,-0.5260909041677067,0.5260909041677067,0.0,0.0,0.0,0.0,1.1227031019889993,0.3728901698181708,0.161452083085149
f22a336025b1b1719acde816cc9fb7693fc5e43f2b1194172d14a0333666b0fb,SQX-SOL-M15-f22a336025b1,SOL,LONG,D4,14,0.0817196010805247,-0.747125145470581,-1.612663181172007,-1.6126631811720067,1.6126631811720067,0.07142857142857142,0.0,0.0,0.0,1.1227031019889993,0.3728901698181708,0.161452083085149
f22a336025b1b1719acde816cc9fb7693fc5e43f2b1194172d14a0333666b0fb,SQX-SOL-M15-f22a336025b1,SOL,LONG,D5,13,2.024160722324503,0.7890185636282787,0.3559918563982201,0.3559918563982205,0.25399680483787135,0.5384615384615384,0.0,0.0,0.0,1.1227031019889993,0.3728901698181708,0.161452083085149
f22a336025b1b1719acde816cc9fb7693fc5e43f2b1194172d14a0333666b0fb,SQX-SOL-M15-f22a336025b1,SOL,LONG,D6,8,1.8160648057529731,0.36080067580975655,0.5414607848004147,0.5414607848004147,0.42340855879233585,0.375,0.0,0.0,0.0,1.1227031019889993,0.3728901698181708,0.161452083085149
f22a336025b1b1719acde816cc9fb7693fc5e43f2b1194172d14a0333666b0fb,SQX-SOL-M15-f22a336025b1,SOL,LONG,VAL,16,1.1227031019889993,0.3728901698181708,0.695259949906347,0.6952599499063461,3.642489272739579,0.375,0.0,0.0,0.0,1.1227031019889993,0.3728901698181708,0.161452083085149
f22a336025b1b1719acde816cc9fb7693fc5e43f2b1194172d14a0333666b0fb,SQX-SOL-M15-f22a336025b1,SOL,LONG,OOS,15,0.24983678863855804,-0.5160078281425643,-2.2710986641695183,-2.271098664169518,2.4940405307218554,0.13333333333333333,0.0,0.0,0.0,1.1227031019889993,0.3728901698181708,0.161452083085149
230d4a09f2c0a29aba7bf083a2733921514046c92f5f32a7f996b49aa3227e57,SQX-SOL-M15-230d4a09f2c0,SOL,SHORT,D1,8,2.5093389172776503,0.4259759230916248,0.08426377236726322,0.08426377236726368,0.12256443802603978,0.5,0.0,0.0,0.0,2.406305157250575,0.3353375662035601,0.2395319950457592
230d4a09f2c0a29aba7bf083a2733921514046c92f5f32a7f996b49aa3227e57,SQX-SOL-M15-230d4a09f2c0,SOL,SHORT,D2,8,10.031931002537952,1.247796839484695,8.750432511225918,8.750432511225918,8.010756328271304,0.75,0.0,0.0,0.0,2.406305157250575,0.3353375662035601,0.2395319950457592
230d4a09f2c0a29aba7bf083a2733921514046c92f5f32a7f996b49aa3227e57,SQX-SOL-M15-230d4a09f2c0,SOL,SHORT,D3,12,0.08719882449708531,-0.6434994233856312,-7.124097380237812,-7.124097380237811,7.685509811133406,0.16666666666666666,0.0,0.0,0.0,2.406305157250575,0.3353375662035601,0.2395319950457592
230d4a09f2c0a29aba7bf083a2733921514046c92f5f32a7f996b49aa3227e57,SQX-SOL-M15-230d4a09f2c0,SOL,SHORT,D4,21,0.8111340459591598,-0.07676351510309062,-0.39121762077758315,-0.3912176207775836,1.3245093192228734,0.3333333333333333,0.0,0.0,0.0,2.406305157250575,0.3353375662035601,0.2395319950457592
230d4a09f2c0a29aba7bf083a2733921514046c92f5f32a7f996b49aa3227e57,SQX-SOL-M15-230d4a09f2c0,SOL,SHORT,D5,30,1.7626643163762634,0.3887748423388011,0.7334305345578426,0.733430534557844,1.1706905047724327,0.5,0.0,0.0,0.0,2.406305157250575,0.3353375662035601,0.2395319950457592
230d4a09f2c0a29aba7bf083a2733921514046c92f5f32a7f996b49aa3227e57,SQX-SOL-M15-230d4a09f2c0,SOL,SHORT,D6,9,0.8216724627567963,-0.013961140554467018,-0.19177669291693833,-0.191776692916938,1.0203578107723885,0.3333333333333333,0.0,0.0,0.0,2.406305157250575,0.3353375662035601,0.2395319950457592
230d4a09f2c0a29aba7bf083a2733921514046c92f5f32a7f996b49aa3227e57,SQX-SOL-M15-230d4a09f2c0,SOL,SHORT,VAL,20,2.406305157250575,0.3353375662035601,5.576692781551088,5.576692781551088,3.43845881490172,0.45,0.0,0.0,0.0,2.406305157250575,0.3353375662035601,0.2395319950457592
230d4a09f2c0a29aba7bf083a2733921514046c92f5f32a7f996b49aa3227e57,SQX-SOL-M15-230d4a09f2c0,SOL,SHORT,OOS,10,0.10300028647405714,-0.7061757032073199,-1.4856342487081733,-1.485634248708173,1.485634248708173,0.1,0.0,0.0,0.0,2.406305157250575,0.3353375662035601,0.2395319950457592
