timestamp,open_external,high_external,low_external,close_external,volume_external,open_canonical,high_canonical,low_canonical,close_canonical,volume_canonical
2023-01-01 00:00:00+00:00,16541.77,16628.0,16499.01,16616.75,96925.41374,16537.5,16618.8,16488.0,16610.3,105502.965
2023-01-02 00:00:00+00:00,16617.17,16799.23,16548.7,16672.87,121888.57191,16610.4,16799.0,16541.2,16666.0,215161.176
2023-01-03 00:00:00+00:00,16672.78,16778.4,16605.28,16675.18,159541.53733,16665.9,16774.0,16600.3,16667.2,203070.205
2023-01-04 00:00:00+00:00,16675.65,16991.87,16652.66,16850.36,220362.18862,16667.3,16984.6,16645.7,16842.1,349747.838
2023-01-05 00:00:00+00:00,16850.36,16879.82,16753.0,16831.85,163473.56641,16842.2,16872.8,16740.4,16823.8,176369.347
2023-01-06 00:00:00+00:00,16831.85,17041.0,16679.0,16950.65,207401.28415,16823.8,17030.0,16664.8,16943.8,316973.629
2023-01-07 00:00:00+00:00,16950.31,16981.91,16908.0,16943.57,104526.5688,16943.9,16973.6,16900.1,16936.5,77973.105
2023-01-08 00:00:00+00:00,16943.83,17176.99,16911.0,17127.83,135155.89695,16936.5,17181.1,16905.0,17124.7,157717.318
2023-01-09 00:00:00+00:00,17127.83,17398.8,17104.66,17178.26,266211.52723,17124.6,17387.8,17098.2,17169.7,400277.809
2023-01-10 00:00:00+00:00,17179.04,17499.0,17146.34,17440.66,221382.42581,17169.6,17485.4,17140.4,17428.8,297320.371
2023-01-11 00:00:00+00:00,17440.64,18000.0,17315.6,17943.26,262221.60653,17428.8,18013.2,17306.4,17935.7,386277.10599999997
2023-01-12 00:00:00+00:00,17943.26,19117.04,17892.05,18846.62,454568.32178,17935.6,19120.0,17902.4,18838.0,1040334.76
2023-01-13 00:00:00+00:00,18846.62,20000.0,18714.12,19930.01,368615.87823000003,18838.1,19997.8,18711.0,19924.2,806807.832
2023-01-14 00:00:00+00:00,19930.01,21258.0,19888.05,20954.92,393913.74951,19924.3,21544.0,19882.6,20962.8,1010666.683
2023-01-15 00:00:00+00:00,20952.76,21050.74,20551.01,20871.5,178542.22549,20962.8,21073.8,20556.0,20882.7,428486.559
2023-01-16 00:00:00+00:00,20872.99,21474.05,20611.48,21185.65,293078.08262,20882.7,21498.0,20606.6,21188.3,666148.201
2023-01-17 00:00:00+00:00,21185.65,21647.45,20841.31,21134.81,275407.74409,21188.2,21640.0,20827.8,21130.9,547390.593
2023-01-18 00:00:00+00:00,21132.29,21650.0,20407.15,20677.47,350916.01949,21130.8,21672.0,20386.0,20680.0,813785.517
2023-01-19 00:00:00+00:00,20677.47,21192.0,20659.19,21071.59,251385.84925,20680.1,21183.9,20659.9,21068.3,374733.617
2023-01-20 00:00:00+00:00,21071.59,22755.93,20861.28,22667.21,338079.13659,21068.3,22750.0,20856.4,22661.1,723645.2
2023-01-21 00:00:00+00:00,22666.0,23371.8,22422.0,22783.55,346445.48432,22661.0,23390.0,22422.0,22781.9,764681.1
2023-01-22 00:00:00+00:00,22783.35,23078.71,22292.37,22707.88,253577.75286,22781.8,23080.2,22287.0,22704.6,482529.811
2023-01-23 00:00:00+00:00,22706.02,23180.0,22500.0,22916.45,293588.37938,22704.7,23193.1,22500.0,22913.1,525802.84
2023-01-24 00:00:00+00:00,22917.81,23162.2,22462.93,22632.89,293158.78254,22913.3,23158.7,22450.0,22627.4,505615.816
2023-01-25 00:00:00+00:00,22631.94,23816.73,22300.0,23060.94,346042.83223,22627.5,23837.4,22310.5,23060.6,692786.607
2023-01-26 00:00:00+00:00,23060.42,23282.47,22850.01,23009.65,288924.43581,23060.6,23278.7,22843.8,23001.9,427760.786
2023-01-27 00:00:00+00:00,23009.65,23500.0,22534.88,23074.16,280833.86315,23001.9,23500.0,22516.6,23068.0,509920.307
2023-01-28 00:00:00+00:00,23074.16,23189.0,22878.46,23022.6,148115.71085,23068.1,23185.0,22870.8,23015.9,186400.943
2023-01-29 00:00:00+00:00,23021.4,23960.54,22967.76,23742.3,295688.79204,23016.0,23962.7,22961.5,23740.3,562028.231
2023-01-30 00:00:00+00:00,23743.37,23800.51,22500.0,22826.15,302405.90121,23740.2,23804.6,22484.2,22819.9,572537.407
2023-01-31 00:00:00+00:00,22827.38,23320.0,22714.77,23125.13,264649.34909,22819.9,23330.0,22715.3,23119.4,403726.966
2023-02-01 00:00:00+00:00,23125.13,23812.66,22760.23,23732.66,310790.42271,23119.5,23852.4,22747.0,23730.0,571429.711
2023-02-02 00:00:00+00:00,23731.41,24255.0,23363.27,23488.94,364177.20751,23730.1,24281.4,23365.0,23493.1,615740.338
2023-02-03 00:00:00+00:00,23489.33,23715.7,23204.62,23431.9,332571.02904,23493.0,23719.9,23201.0,23424.7,470831.43799999997
2023-02-04 00:00:00+00:00,23431.9,23587.78,23253.96,23326.84,166126.47295,23424.7,23591.4,23250.0,23322.6,197118.393
2023-02-05 00:00:00+00:00,23327.66,23433.33,22743.0,22932.91,209251.33917,23322.6,23436.0,22741.0,22929.2,356665.034
2023-02-06 00:00:00+00:00,22932.91,23158.25,22628.13,22762.52,265371.6069,22929.3,23159.4,22600.0,22757.7,417160.143
2023-02-07 00:00:00+00:00,22762.52,23350.25,22745.78,23240.46,308006.72482,22757.8,23368.6,22742.4,23234.1,447273.494
2023-02-08 00:00:00+00:00,23242.42,23452.0,22665.85,22963.0,280056.30717,23234.1,23450.0,22662.9,22955.9,383465.48099999997
2023-02-09 00:00:00+00:00,22961.85,23011.39,21688.0,21796.35,402894.69550000003,22955.9,23007.8,21684.7,21793.4,732295.35
2023-02-10 00:00:00+00:00,21797.83,21938.16,21451.0,21625.19,338591.94247,21793.3,21933.8,21405.0,21618.6,439986.497
2023-02-11 00:00:00+00:00,21625.19,21906.32,21599.78,21862.55,177021.58433,21618.6,21891.9,21594.4,21851.3,189249.667
2023-02-12 00:00:00+00:00,21862.02,22090.0,21630.0,21783.54,204435.65163,21851.2,22080.9,21618.0,21771.1,276787.093
2023-02-13 00:00:00+00:00,21782.37,21894.99,21351.07,21773.97,295730.76791,21771.0,21888.0,21338.0,21766.2,511595.693
2023-02-14 00:00:00+00:00,21774.63,22319.08,21532.77,22199.84,361958.40109,21766.1,22320.0,21485.2,22187.4,598791.509
2023-02-15 00:00:00+00:00,22199.84,24380.0,22047.28,24324.05,375669.16111,22187.4,24420.0,22038.5,24332.6,824676.471
2023-02-16 00:00:00+00:00,24322.87,25250.0,23505.25,23517.72,450080.68366,24332.7,25290.0,23518.0,23526.6,959463.159
2023-02-17 00:00:00+00:00,23517.72,25021.11,23339.37,24569.97,496813.21376,23526.6,25043.2,23350.0,24581.5,922717.148
2023-02-18 00:00:00+00:00,24568.24,24877.0,24430.0,24631.95,216917.25213,24581.3,24887.5,24430.6,24636.9,261555.556
2023-02-19 00:00:00+00:00,24632.05,25192.0,24192.57,24271.76,300395.99542,24636.8,25200.0,24179.4,24265.9,543506.628
2023-02-20 00:00:00+00:00,24272.51,25121.23,23840.83,24842.2,346938.56997,24265.9,25140.0,23827.0,24849.9,646401.072
2023-02-21 00:00:00+00:00,24843.89,25250.0,24148.34,24452.16,376000.82868,24849.9,25347.6,24150.0,24443.4,729290.575
2023-02-22 00:00:00+00:00,24450.67,24476.05,23574.69,24182.21,379425.75365,24443.3,24468.5,23572.0,24171.3,730414.101
2023-02-23 00:00:00+00:00,24182.21,24599.59,23608.0,23940.2,398400.45437,24171.3,24588.0,23590.0,23928.8,751339.414
2023-02-24 00:00:00+00:00,23940.2,24132.35,22841.19,23185.29,343582.57453,23928.7,24138.6,22800.0,23175.6,731577.942
2023-02-25 00:00:00+00:00,23184.04,23219.13,22722.0,23157.07,191311.8101,23175.5,23210.5,22700.0,23146.2,310795.648
2023-02-26 00:00:00+00:00,23157.07,23689.99,23059.18,23554.85,202323.73623,23146.2,23675.0,23050.0,23545.3,371395.056
2023-02-27 00:00:00+00:00,23554.85,23897.99,23106.77,23492.09,283706.0859,23545.2,23888.0,23088.0,23480.0,576754.966
2023-02-28 00:00:00+00:00,23492.09,23600.0,23020.97,23141.57,264140.99894,23480.0,23592.8,23010.0,23129.6,456919.838
2023-03-01 00:00:00+00:00,23141.57,24000.0,23020.03,23628.97,315287.41737,23129.7,24022.7,23008.4,23619.8,617250.311
2023-03-02 00:00:00+00:00,23629.76,23796.93,23195.9,23465.32,239315.45219,23619.8,23790.5,23183.0,23457.1,419256.60099999997
2023-03-03 00:00:00+00:00,23465.32,23476.95,21971.13,22354.34,319954.19785,23457.1,23468.5,21883.2,22342.8,608518.137
2023-03-04 00:00:00+00:00,22354.34,22410.0,22157.08,22346.57,121257.38132,22342.8,22400.0,22147.5,22335.7,175309.211
2023-03-05 00:00:00+00:00,22346.57,22662.09,22189.22,22430.24,154841.75786,22335.8,22650.0,22174.9,22419.4,282261.745
2023-03-06 00:00:00+00:00,22430.24,22602.19,22258.0,22410.0,203751.82957,22419.3,22594.5,22240.1,22397.1,298976.397
2023-03-07 00:00:00+00:00,22409.41,22557.91,21927.0,22197.96,292519.80912,22397.1,22550.0,21908.0,22187.1,548494.099
2023-03-08 00:00:00+00:00,22198.56,22287.0,21580.0,21705.44,301460.57272,22187.1,22276.4,21540.5,21695.4,547867.9670000001
2023-03-09 00:00:00+00:00,21704.37,21834.99,20042.72,20362.22,443658.28584,21695.3,21823.0,20003.5,20348.3,951903.36
2023-03-10 00:00:00+00:00,20362.21,20367.78,19549.09,20150.69,618456.4671,20348.4,20351.8,19521.6,20140.3,1238135.265
2023-03-11 00:00:00+00:00,20150.69,20686.51,19765.03,20455.73,427831.82133,20140.3,20674.5,19752.5,20447.3,753479.558
2023-03-12 00:00:00+00:00,20455.73,22150.0,20270.6,21997.11,430944.94288,20447.3,22184.0,20262.2,21986.2,881522.402
2023-03-13 00:00:00+00:00,21998.05,24500.0,21813.88,24113.48,687889.31259,21986.2,24517.2,21804.0,24119.5,1534982.176
2023-03-14 00:00:00+00:00,24112.27,26386.87,23976.42,24670.41,699360.93423,24119.5,26489.9,23951.0,24682.5,1572562.635
2023-03-15 00:00:00+00:00,24670.41,25196.97,23896.95,24285.66,581450.72984,24682.5,25200.0,23888.0,24288.0,1102056.429
2023-03-16 00:00:00+00:00,24285.66,25167.4,24123.0,24998.78,439421.32998,24287.9,25167.9,24120.5,24990.4,735446.946
2023-03-17 00:00:00+00:00,24998.78,27756.84,24890.0,27395.13,624460.68091,24990.5,27763.4,24875.3,27384.0,1341159.064
2023-03-18 00:00:00+00:00,27395.13,27724.85,26578.0,26907.49,371238.97174,27383.9,27726.4,26555.5,26907.0,740232.316
2023-03-19 00:00:00+00:00,26907.49,28390.1,26827.22,27972.87,372066.99054,26907.0,28397.0,26815.9,27955.7,759367.078
2023-03-20 00:00:00+00:00,27972.87,28472.0,27124.47,27717.01,477378.23373,27955.8,28483.2,27120.6,27704.1,937223.448
2023-03-21 00:00:00+00:00,27717.01,28438.55,27303.1,28105.47,420929.7422,27704.1,28460.0,27288.0,28091.1,685487.714
2023-03-22 00:00:00+00:00,28107.81,28868.05,26601.8,27250.97,224113.41296,28091.1,28881.0,26590.0,27233.8,1080393.27
2023-03-23 00:00:00+00:00,27250.97,28750.0,27105.0,28295.41,128649.60818,27233.8,28777.0,27101.0,28284.1,808174.047
2023-03-24 00:00:00+00:00,28295.42,28374.3,27000.0,27454.47,86242.06544,28284.0,28369.1,26960.0,27438.9,696075.37
2023-03-25 00:00:00+00:00,27454.46,27787.33,27156.09,27462.95,50844.08102,27439.0,27788.0,27131.8,27447.3,335674.055
2023-03-26 00:00:00+00:00,27462.96,28194.4,27417.76,27968.05,49671.70353,27447.2,28186.9,27400.0,27954.3,399756.985
2023-03-27 00:00:00+00:00,27968.05,28023.86,26508.14,27124.91,88039.46898,27954.3,28019.4,26480.0,27112.0,642434.822
2023-03-28 00:00:00+00:00,27124.9,27520.0,26631.78,27261.07,78602.44341,27112.0,27500.0,26610.0,27249.7,585080.772
2023-03-29 00:00:00+00:00,27261.06,28650.0,27240.1,28348.6,89486.16008,27249.7,28649.9,27223.6,28338.5,655852.971
2023-03-30 00:00:00+00:00,28348.6,29184.68,27686.0,28028.53,98865.43256,28338.6,29184.8,27654.1,28015.0,770966.1
2023-03-31 00:00:00+00:00,28028.53,28656.69,27511.71,28465.36,78198.12139,28015.0,28675.3,27500.0,28454.9,611557.29
2023-04-01 00:00:00+00:00,28465.36,28819.71,28220.27,28452.73,30238.44753,28454.8,28845.3,28180.0,28443.8,256487.222
2023-04-02 00:00:00+00:00,28452.74,28530.0,27856.43,28171.87,37365.65692,28443.7,28516.5,27820.0,28161.2,316658.67
2023-04-03 00:00:00+00:00,28171.87,28500.99,27200.24,27800.0,79180.01405,28161.3,28540.0,27166.0,27786.1,741665.563
2023-04-04 00:00:00+00:00,27800.0,28444.44,27662.79,28165.47,49722.55691,27786.1,28450.0,27650.2,28155.2,432370.612
2023-04-05 00:00:00+00:00,28165.47,28775.0,27805.1,28170.01,60737.647320000004,28155.1,28800.0,27775.0,28154.0,543712.838
2023-04-06 00:00:00+00:00,28170.01,28182.05,27711.0,28033.82,40118.94963,28154.0,28175.0,27684.2,28022.8,355916.782
2023-04-07 00:00:00+00:00,28033.83,28100.0,27766.94,27906.33,24762.09387,28022.9,28096.0,27755.0,27890.7,219250.17799999999
2023-04-08 00:00:00+00:00,27906.34,28154.99,27859.02,27938.38,19479.96735,27890.7,28153.6,27850.1,27924.9,159129.56
2023-04-09 00:00:00+00:00,27938.38,28530.0,27800.0,28323.76,32531.16101,27924.9,28539.1,27762.8,28309.4,305861.88
2023-04-10 00:00:00+00:00,28323.76,29770.0,28170.0,29637.34,67754.0622,28309.4,29840.0,28153.6,29623.1,580061.925
2023-04-11 00:00:00+00:00,29637.35,30550.0,29590.0,30200.42,67990.07621,29623.1,30564.0,29573.9,30185.1,628978.491
2023-04-12 00:00:00+00:00,30200.43,30486.0,29637.4,29888.07,62049.48451,30185.1,30480.0,29620.0,29875.0,563668.43
2023-04-13 00:00:00+00:00,29888.07,30595.0,29854.59,30373.84,51934.11731,29874.9,30648.9,29836.7,30362.7,436182.494
2023-04-14 00:00:00+00:00,30373.84,31000.0,29966.0,30466.93,75984.19452,30362.7,31059.0,29925.0,30453.1,615391.615
2023-04-15 00:00:00+00:00,30466.93,30595.6,30202.0,30295.09,25429.81247,30453.0,30599.9,30186.0,30280.4,180234.082
2023-04-16 00:00:00+00:00,30295.1,30549.99,30120.0,30304.65,26431.99322,30280.4,30560.0,30102.0,30286.6,210226.019
2023-04-17 00:00:00+00:00,30304.66,30316.06,29240.65,29430.27,56441.81127,30286.6,30307.4,29219.9,29420.0,455518.548
2023-04-18 00:00:00+00:00,29430.27,30485.0,29096.78,30380.01,62004.89434,29420.1,30480.0,29078.1,30365.8,533189.27
2023-04-19 00:00:00+00:00,30380.01,30413.53,28520.0,28797.1,86575.48656,30365.8,30410.0,28557.3,28795.1,643866.11
2023-04-20 00:00:00+00:00,28797.1,29088.3,28010.0,28243.65,76879.09372,28795.0,29078.0,27983.0,28229.9,639179.286
2023-04-21 00:00:00+00:00,28243.65,28374.02,27125.0,27262.84,77684.7679,28229.9,28368.9,27100.0,27252.5,687832.833
2023-04-22 00:00:00+00:00,27262.84,27882.72,27140.35,27816.85,36023.69686,27252.6,27888.0,27126.0,27807.2,345549.021
2023-04-23 00:00:00+00:00,27816.85,27816.85,27311.25,27590.6,34812.09581,27807.2,27807.3,27279.7,27576.0,332082.355
2023-04-24 00:00:00+00:00,27590.59,28000.0,26942.82,27510.93,53111.56874,27575.9,28000.0,26919.3,27497.5,581268.268
2023-04-25 00:00:00+00:00,27510.93,28399.99,27192.0,28300.79,52325.14637,27497.4,28379.9,27176.6,28286.7,508254.515
2023-04-26 00:00:00+00:00,28300.8,30036.0,27235.0,28415.29,129228.40403,28286.7,30048.2,27200.0,28395.9,1284924.668
2023-04-27 00:00:00+00:00,28415.29,29890.0,28378.86,29472.77,95430.82431,28396.0,29898.0,28365.3,29459.0,952584.7390000001
2023-04-28 00:00:00+00:00,29472.77,29599.54,28891.0,29311.7,54298.16578,29459.0,29591.1,28870.0,29300.0,508350.155
2023-04-29 00:00:00+00:00,29311.69,29448.88,29031.0,29230.45,20466.83058,29300.0,29443.9,29000.4,29212.7,218013.244
2023-04-30 00:00:00+00:00,29230.45,29969.39,29079.59,29233.21,39752.5372,29212.7,29950.0,29067.4,29223.0,417798.846
2023-05-01 00:00:00+00:00,29233.2,29337.34,27666.95,28068.26,64433.65958,29223.0,29325.5,27650.0,28054.4,624974.488
2023-05-02 00:00:00+00:00,28068.26,28879.88,27872.0,28669.86,50824.5224,28054.5,28888.0,27854.0,28656.5,513546.26900000003
2023-05-03 00:00:00+00:00,28669.85,29266.66,28113.69,29026.16,64615.79213,28656.4,29258.4,28080.0,29018.4,676466.23
2023-05-04 00:00:00+00:00,29026.16,29379.83,28663.64,28838.16,42575.47501,29018.4,29380.0,28660.0,28826.0,426425.58400000003
2023-05-05 00:00:00+00:00,28838.16,29677.0,28800.0,29505.61,58415.83048,28826.0,29693.0,28618.3,29491.5,578485.177
2023-05-06 00:00:00+00:00,29505.6,29820.0,28300.0,28848.2,49249.28459,29491.5,29840.0,28333.0,28837.8,475628.901
2023-05-07 00:00:00+00:00,28848.19,29138.29,28395.23,28430.1,30003.41028,28837.9,29137.0,28370.0,28419.4,308410.643
2023-05-08 00:00:00+00:00,28430.09,28631.01,27262.0,27668.79,68244.36179,28419.5,28624.6,27250.0,27659.8,658188.777
2023-05-09 00:00:00+00:00,27668.8,27818.0,27353.0,27628.27,40113.31069,27659.8,27815.6,27316.8,27610.2,367664.686
2023-05-10 00:00:00+00:00,27628.28,28331.42,26777.0,27598.75,71155.11355,27610.2,28297.0,26666.6,27582.9,722502.676
2023-05-11 00:00:00+00:00,27598.74,27630.14,26702.05,26968.62,47635.31365,27583.0,27630.0,26688.8,26956.4,538822.363
2023-05-12 00:00:00+00:00,26968.61,27091.12,25811.46,26795.01,67207.93494,26956.4,27090.0,25751.0,26785.1,615645.508
2023-05-13 00:00:00+00:00,26795.01,27045.45,26692.03,26775.28,22814.90421,26785.2,27051.5,26674.9,26762.7,242694.929
2023-05-14 00:00:00+00:00,26775.27,27200.0,26560.53,26917.62,21594.8036,26762.8,27200.0,26557.0,26901.9,247579.427
2023-05-15 00:00:00+00:00,26917.61,27663.59,26726.0,27162.14,40430.08333,26901.9,27650.0,26694.4,27152.5,450263.076
2023-05-16 00:00:00+00:00,27162.15,27296.89,26852.11,27033.84,33270.45451,27152.5,27284.7,26832.0,27024.8,373172.951
2023-05-17 00:00:00+00:00,27033.85,27500.0,26544.71,27405.61,42958.97785,27024.7,27500.0,26527.5,27395.8,490065.218
2023-05-18 00:00:00+00:00,27405.62,27485.33,26361.2,26821.28,49198.65143,27395.7,27482.7,26335.3,26809.3,544971.979
2023-05-19 00:00:00+00:00,26821.28,27183.6,26630.0,26880.26,28754.13544,26809.4,27180.0,26611.2,26870.1,324097.956
2023-05-20 00:00:00+00:00,26880.26,27150.0,26825.11,27102.43,14434.54718,26870.1,27144.4,26813.5,27089.5,137515.354
2023-05-21 00:00:00+00:00,27102.42,27277.55,26666.03,26747.78,21347.87279,27089.6,27288.0,26642.0,26732.8,238776.425
2023-05-22 00:00:00+00:00,26747.78,27099.89,26538.21,26849.27,26458.83828,26732.8,27097.8,26500.0,26840.2,328030.52
2023-05-23 00:00:00+00:00,26849.28,27495.83,26798.11,27219.61,38700.83858,26840.2,27527.5,26782.6,27209.9,369176.618
2023-05-24 00:00:00+00:00,27219.61,27219.61,26080.5,26329.01,54393.0657,27209.9,27212.9,26060.0,26313.8,535191.677
2023-05-25 00:00:00+00:00,26329.0,26631.98,25871.89,26473.79,37435.44895,26313.9,26644.0,25850.0,26461.8,394535.225
2023-05-26 00:00:00+00:00,26473.8,26932.16,26327.24,26705.92,35061.18713,26461.7,26925.0,26313.9,26689.9,324475.546
2023-05-27 00:00:00+00:00,26705.93,26895.0,26551.0,26854.27,15095.6867,26689.8,26890.0,26528.6,26841.6,163681.935
2023-05-28 00:00:00+00:00,26854.28,28261.32,26764.36,28065.0,43916.00855,26841.6,28252.8,26746.0,28055.7,440115.39400000003
2023-05-29 00:00:00+00:00,28065.01,28447.14,27524.6,27736.4,42385.41945,28055.8,28442.0,27513.5,27722.0,411290.549
2023-05-30 00:00:00+00:00,27736.39,28038.59,27554.0,27694.4,32686.75371,27722.1,28038.6,27530.0,27680.1,334379.313
2023-05-31 00:00:00+00:00,27694.39,27835.51,26839.01,27210.35,46588.80573,27680.0,27825.0,26826.0,27201.1,471381.89
2023-06-01 00:00:00+00:00,27210.36,27350.0,26605.05,26817.93,39217.8088,27201.1,27347.9,26600.0,26805.3,404787.572
2023-06-02 00:00:00+00:00,26817.93,27300.0,26505.0,27242.59,36380.90269,26805.3,27290.0,26477.6,27227.8,391110.093
2023-06-03 00:00:00+00:00,27242.59,27333.29,26914.93,27069.22,16595.34117,27227.8,27340.2,26900.0,27054.9,182464.1
2023-06-04 00:00:00+00:00,27069.22,27455.02,26951.0,27115.21,19258.41049,27054.9,27460.0,26935.3,27102.4,218271.544
2023-06-05 00:00:00+00:00,27115.2,27129.33,25388.0,25728.2,65805.60305,27102.4,27125.0,25360.1,25714.7,700502.548
2023-06-06 00:00:00+00:00,25728.2,27355.33,25351.02,27230.08,68392.60438,25714.6,27358.1,25321.6,27221.5,731445.649
2023-06-07 00:00:00+00:00,27230.07,27391.77,26125.01,26339.34,59619.44364,27221.5,27394.4,26111.0,26325.9,660044.537
2023-06-08 00:00:00+00:00,26339.34,26810.0,26210.0,26498.61,31075.51083,26325.9,26800.0,26195.4,26485.9,333104.839
2023-06-09 00:00:00+00:00,26498.62,26783.33,26269.91,26477.81,27934.7097,26486.0,26775.0,26236.0,26468.1,283719.198
2023-06-10 00:00:00+00:00,26477.8,26533.87,25358.0,25841.21,64944.60108,26468.2,26525.0,25300.0,25826.6,608917.569
2023-06-11 00:00:00+00:00,25841.22,26206.88,25634.7,25925.55,30014.29595,25826.6,26199.0,25621.3,25909.9,279365.563
2023-06-12 00:00:00+00:00,25925.54,26106.48,25602.11,25905.19,29900.50893,25910.0,26097.7,25600.0,25894.8,298900.468
2023-06-13 00:00:00+00:00,25905.2,26433.21,25712.57,25934.25,41065.60853,25894.8,26430.5,25708.0,25918.0,434536.754
2023-06-14 00:00:00+00:00,25934.24,26098.0,24820.56,25128.6,45077.31608,25918.0,26099.3,24796.8,25115.9,464681.602
2023-06-15 00:00:00+00:00,25128.6,25759.01,24800.0,25598.49,48664.86063,25115.9,25750.0,24777.0,25586.1,473971.375
2023-06-16 00:00:00+00:00,25598.49,26518.0,25175.56,26345.0,51596.916619999996,25586.0,26526.9,25142.1,26336.0,533144.956
2023-06-17 00:00:00+00:00,26345.01,26839.99,26181.0,26516.99,27842.2195,26335.9,26900.0,26170.8,26508.9,305738.396
2023-06-18 00:00:00+00:00,26516.99,26700.0,26255.85,26339.97,21538.31022,26508.8,26709.4,26230.9,26329.7,241977.484
2023-06-19 00:00:00+00:00,26339.98,27068.09,26256.61,26844.35,35872.65974,26329.6,27077.0,26241.2,26828.5,400533.75800000003
2023-06-20 00:00:00+00:00,26844.35,28402.74,26652.0,28307.99,69666.95525,26828.6,28397.8,26633.9,28290.6,758176.297
2023-06-21 00:00:00+00:00,28308.0,30800.0,28257.99,29993.89,108926.40412,28290.7,30822.0,28236.4,29988.5,1123474.427
2023-06-22 00:00:00+00:00,29993.89,30500.0,29525.61,29884.92,59054.5646,29988.5,30488.0,29500.1,29875.0,561051.742
2023-06-23 00:00:00+00:00,29884.92,31431.94,29800.0,30688.5,73931.89635,29875.0,31500.0,29792.0,30673.4,699073.071
2023-06-24 00:00:00+00:00,30688.51,30800.0,30250.0,30527.43,30513.30135,30673.5,30796.5,30222.0,30524.2,279539.288
2023-06-25 00:00:00+00:00,30527.44,31046.01,30277.49,30462.66,30223.44801,30524.2,31053.2,30252.6,30458.0,301533.154
2023-06-26 00:00:00+00:00,30462.67,30666.0,29930.0,30267.99,45180.41489,30458.0,30667.3,29890.1,30260.1,415099.35599999997
2023-06-27 00:00:00+00:00,30267.99,30994.97,30226.17,30692.44,42699.64157,30260.1,30998.5,30213.0,30683.2,406073.348
2023-06-28 00:00:00+00:00,30692.44,30709.74,29858.8,30077.41,40463.51937,30683.2,30701.8,29804.6,30066.3,416656.434
2023-06-29 00:00:00+00:00,30077.4,30843.98,30049.98,30447.31,36330.629030000004,30066.3,30837.0,30036.1,30439.9,382072.846
2023-06-30 00:00:00+00:00,30447.31,31282.0,29500.0,30472.0,89419.07618,30439.9,31300.0,29500.0,30460.2,809331.305
2023-07-01 00:00:00+00:00,30471.99,30661.6,30320.57,30585.9,17501.75075,30460.2,30668.2,30311.3,30573.6,135520.246
2023-07-02 00:00:00+00:00,30585.9,30791.0,30155.0,30617.03,23286.41019,30573.6,30800.0,30149.9,30612.7,231866.188
2023-07-03 00:00:00+00:00,30617.02,31380.0,30570.27,31156.2,43761.64311,30612.7,31395.2,30559.4,31149.0,370293.236
2023-07-04 00:00:00+00:00,31156.2,31350.69,30620.0,30766.51,33206.11943,31149.0,31319.4,30600.0,30756.1,300832.26
2023-07-05 00:00:00+00:00,30766.52,30878.07,30200.0,30504.81,33215.67122,30756.1,30875.2,30175.8,30488.4,294896.578
2023-07-06 00:00:00+00:00,30504.8,31500.0,29850.45,29895.43,71319.6261,30488.4,31568.0,29818.0,29874.4,721267.219
2023-07-07 00:00:00+00:00,29895.42,30449.0,29701.02,30344.7,34070.53895,29874.3,30443.6,29680.0,30327.9,337801.654
2023-07-08 00:00:00+00:00,30344.7,30386.81,30044.47,30284.63,13094.59042,30328.0,30380.0,30026.8,30269.3,138734.493
2023-07-09 00:00:00+00:00,30284.63,30445.52,30061.12,30160.71,15388.50196,30269.2,30443.4,30042.0,30147.8,162296.263
2023-07-10 00:00:00+00:00,30160.71,31045.78,29950.0,30411.57,41262.87652,30147.8,31040.0,29928.8,30396.9,429115.537
2023-07-11 00:00:00+00:00,30411.57,30813.63,30300.0,30622.1,28476.83311,30396.9,30804.9,30261.4,30608.4,298904.74700000003
2023-07-12 00:00:00+00:00,30622.1,30983.25,30210.0,30380.0,38108.99669,30608.3,30980.5,30186.0,30368.9,425058.257
2023-07-13 00:00:00+00:00,30380.0,31804.2,30251.0,31454.23,70772.51836,30368.9,31850.0,30233.0,31441.7,696023.51
2023-07-14 00:00:00+00:00,31454.23,31630.0,29900.0,30312.01,60749.48424,31441.6,31640.0,29876.6,30293.3,538692.246
2023-07-15 00:00:00+00:00,30312.0,30390.9,30200.0,30289.52,14118.55329,30293.3,30380.0,30220.2,30276.4,111622.474
2023-07-16 00:00:00+00:00,30289.52,30441.46,30064.29,30231.99,15760.1281,30276.5,30441.6,30050.0,30216.8,173805.94
2023-07-17 00:00:00+00:00,30232.0,30336.96,29659.2,30138.0,30882.76839,30216.9,30329.7,29630.0,30126.1,344113.427
2023-07-18 00:00:00+00:00,30138.01,30239.78,29512.0,29859.13,30003.860099999998,30126.0,30227.5,29400.0,29845.6,337396.417
2023-07-19 00:00:00+00:00,29859.14,30189.09,29761.96,29909.21,25657.36137,29845.7,30178.5,29745.0,29895.5,298418.854
2023-07-20 00:00:00+00:00,29909.21,30417.46,29570.96,29800.0,37540.68193,29895.5,30420.0,29468.8,29791.0,410263.764
2023-07-21 00:00:00+00:00,29800.0,30061.7,29726.34,29901.72,23881.40865,29791.0,30056.2,29705.9,29891.4,221145.074
2023-07-22 00:00:00+00:00,29901.72,29999.0,29625.1,29794.0,14660.40467,29891.5,29986.0,29602.2,29783.5,143375.956
2023-07-23 00:00:00+00:00,29793.99,30350.0,29730.0,30083.75,18292.78637,29783.5,30368.2,29718.9,30070.8,224713.846
2023-07-24 00:00:00+00:00,30083.75,30099.58,28861.9,29176.5,39628.99691,30070.9,30091.7,28830.0,29163.8,434182.417
2023-07-25 00:00:00+00:00,29176.5,29376.0,29047.65,29228.91,21565.7478,29163.8,29379.5,29033.0,29216.3,196438.618
2023-07-26 00:00:00+00:00,29228.91,29690.0,29096.94,29351.96,33931.63366,29216.2,29670.5,29083.0,29336.0,318527.582
2023-07-27 00:00:00+00:00,29351.95,29567.49,29083.85,29222.78,22476.47626,29336.0,29558.4,29065.5,29209.7,223376.534
2023-07-28 00:00:00+00:00,29222.78,29542.22,29123.12,29314.14,23993.61627,29209.8,29535.7,29112.8,29299.9,221299.867
2023-07-29 00:00:00+00:00,29314.14,29406.92,29256.18,29352.9,10851.36844,29300.0,29397.9,29237.5,29339.1,87100.719
2023-07-30 00:00:00+00:00,29352.9,29449.0,29033.24,29281.09,15706.97441,29339.1,29442.5,29006.0,29271.1,169901.253
2023-07-31 00:00:00+00:00,29281.09,29530.0,29101.8,29232.25,22605.48964,29271.2,29525.8,29100.0,29220.8,230381.722
2023-08-01 00:00:00+00:00,29232.26,29739.25,28585.7,29705.99,44719.65162,29220.8,29735.0,28550.0,29701.2,442328.643
2023-08-02 00:00:00+00:00,29705.99,30047.5,28927.5,29186.01,48181.65141,29701.2,30059.9,28906.3,29170.1,491725.492
2023-08-03 00:00:00+00:00,29186.0,29433.33,28968.0,29193.64,26476.91994,29170.2,29440.0,28955.4,29180.2,251967.942
2023-08-04 00:00:00+00:00,29193.65,29333.08,28807.54,29113.99,23551.95217,29180.1,29323.8,28780.0,29101.1,229395.673
2023-08-05 00:00:00+00:00,29114.0,29152.23,28978.64,29072.13,11645.52018,29101.1,29145.0,28960.0,29057.7,82508.624
2023-08-06 00:00:00+00:00,29072.13,29205.09,28991.88,29088.42,13178.1972,29057.7,29199.0,28978.5,29075.9,103094.44
2023-08-07 00:00:00+00:00,29088.43,29276.78,28701.03,29211.06,30966.87746,29075.9,29274.5,28682.3,29202.7,297752.439
2023-08-08 00:00:00+00:00,29211.06,30244.0,29146.45,29770.42,45700.53392,29202.7,30250.0,29132.4,29759.0,459269.801
2023-08-09 00:00:00+00:00,29770.41,30160.0,29376.67,29581.99,38003.88725,29758.9,30149.7,29362.0,29572.8,362009.701
2023-08-10 00:00:00+00:00,29581.99,29738.0,29320.2,29455.75,23463.45373,29572.9,29729.8,29303.7,29443.7,234546.038
2023-08-11 00:00:00+00:00,29455.76,29564.52,29252.45,29426.03,20637.0443,29443.7,29565.1,29220.0,29415.5,179044.008
2023-08-12 00:00:00+00:00,29426.02,29481.35,29381.56,29430.17,8971.48068,29415.5,29470.0,29360.0,29420.7,56238.034999999996
2023-08-13 00:00:00+00:00,29430.18,29474.65,29272.32,29303.84,11101.70947,29420.8,29463.0,29256.6,29293.3,84190.505
2023-08-14 00:00:00+00:00,29303.85,29695.32,29102.45,29430.93,31443.11532,29293.3,29686.7,29070.0,29419.5,295035.383
2023-08-15 00:00:00+00:00,29430.92,29499.26,29059.6,29200.0,27503.87691,29419.5,29492.1,29050.0,29188.8,191289.959
2023-08-16 00:00:00+00:00,29200.01,29259.85,28723.08,28730.51,32996.69854,29188.9,29257.4,28705.1,28714.4,280542.952
2023-08-17 00:00:00+00:00,28730.51,28783.48,25166.0,26623.41,100271.54033,28714.4,28775.9,24581.0,26609.7,868508.22
2023-08-18 00:00:00+00:00,26623.41,26832.6,25619.0,26054.0,69790.65711,26609.7,26818.0,25600.0,26042.1,522375.316
2023-08-19 00:00:00+00:00,26054.0,26281.0,25801.09,26100.01,26160.75343,26042.0,26269.4,25783.4,26088.3,202219.153
2023-08-20 00:00:00+00:00,26100.01,26299.0,25971.05,26189.99,19056.912089999998,26088.4,26285.0,25948.5,26175.9,141089.85
2023-08-21 00:00:00+00:00,26190.0,26258.42,25812.0,26126.92,30267.24233,26175.9,26280.0,25800.0,26115.4,232505.265
2023-08-22 00:00:00+00:00,26126.92,26139.42,25300.0,26056.0,34247.06688,26115.4,26128.2,25280.0,26044.4,313113.576
2023-08-23 00:00:00+00:00,26055.99,26819.27,25812.82,26432.72,44023.69978,26044.5,26806.0,25800.0,26419.2,412969.028
2023-08-24 00:00:00+00:00,26432.71,26577.87,25864.0,26180.05,30205.22116,26419.2,26568.3,25835.0,26164.6,286753.337
2023-08-25 00:00:00+00:00,26180.05,26314.05,25777.15,26060.01,27753.33772,26164.6,26300.0,25754.4,26051.7,274830.494
2023-08-26 00:00:00+00:00,26060.0,26125.77,25985.92,26017.37,10022.22322,26051.7,26129.4,25969.0,26004.3,63925.862
2023-08-27 00:00:00+00:00,26017.38,26182.23,25966.11,26101.77,12099.64216,26004.3,26173.6,25955.6,26087.7,86505.398
2023-08-28 00:00:00+00:00,26101.78,26253.99,25864.5,26120.0,22692.62655,26087.6,26244.6,25850.4,26106.5,219992.051
2023-08-29 00:00:00+00:00,26120.0,28142.85,25922.0,27716.34,74251.99488,26106.5,28168.0,25905.2,27700.1,700233.946
2023-08-30 00:00:00+00:00,27716.34,27768.57,27017.24,27299.99,35448.25848,27700.1,27758.2,26950.0,27290.4,315313.916
2023-08-31 00:00:00+00:00,27299.99,27587.51,25655.01,25940.78,51032.80401,27290.4,27674.3,25617.8,25928.0,502906.277
2023-09-01 00:00:00+00:00,25940.77,26156.0,25333.75,25805.05,41032.15056,25928.0,26151.6,25312.0,25795.6,361184.924
2023-09-02 00:00:00+00:00,25805.04,25987.5,25752.47,25869.51,16250.77698,25795.6,25975.0,25740.6,25855.8,107642.864
2023-09-03 00:00:00+00:00,25869.52,26135.0,25800.0,25971.21,17474.47667,25855.8,26135.2,25777.0,25962.1,133016.832
2023-09-04 00:00:00+00:00,25971.21,26108.02,25631.21,25826.02,21777.59609,25962.1,26099.3,25610.0,25814.0,173147.873
2023-09-05 00:00:00+00:00,25826.03,25915.49,25562.62,25792.1,21323.39337,25814.0,25900.0,25531.2,25779.7,186639.945
2023-09-06 00:00:00+00:00,25792.11,26040.0,25372.51,25759.95,27262.52386,25779.7,26052.0,25326.0,25747.4,251122.66
2023-09-07 00:00:00+00:00,25759.95,26443.14,25615.38,26255.0,27687.49567,25747.4,26451.0,25602.3,26240.7,257349.902
2023-09-08 00:00:00+00:00,26255.0,26445.5,25647.26,25910.5,28999.76471,26240.7,26437.5,25630.0,25899.8,249269.761
2023-09-09 00:00:00+00:00,25910.5,25945.09,25796.64,25901.61,10980.62277,25899.9,25940.6,25781.5,25892.6,67909.81
2023-09-10 00:00:00+00:00,25901.6,26033.66,25570.57,25841.61,18738.26914,25892.6,26037.3,25508.7,25828.4,162972.413
2023-09-11 00:00:00+00:00,25841.6,25900.69,24901.0,25162.52,41682.32,25828.4,25895.0,24888.0,25150.4,427216.374
2023-09-12 00:00:00+00:00,25162.53,26567.0,25131.48,25840.1,56434.38537,25150.4,26580.0,25116.4,25825.8,592049.678
2023-09-13 00:00:00+00:00,25840.1,26405.22,25764.17,26222.0,31610.82753,25825.8,26400.0,25750.0,26209.9,335252.718
2023-09-14 00:00:00+00:00,26222.0,26860.49,26126.77,26522.73,38333.1725,26209.9,26880.0,26106.6,26510.3,380666.471
2023-09-15 00:00:00+00:00,26522.73,26888.0,26224.0,26600.0,26227.29369,26510.3,26890.0,26206.6,26591.1,251656.77
2023-09-16 00:00:00+00:00,26599.99,26777.0,26445.0,26559.67,13960.93351,26591.1,26763.5,26430.0,26546.9,140482.465
2023-09-17 00:00:00+00:00,26559.67,26623.25,26399.0,26527.51,12998.10277,26547.0,26614.3,26377.4,26514.2,114239.394
2023-09-18 00:00:00+00:00,26527.5,27409.0,26377.35,26762.51,43000.43256,26514.2,27397.0,26358.6,26749.9,472539.032
2023-09-19 00:00:00+00:00,26762.5,27483.57,26667.79,27210.26,36190.52187,26749.9,27480.0,26653.2,27196.0,433511.747
2023-09-20 00:00:00+00:00,27210.25,27388.63,26800.0,27125.0,34207.21867,27195.9,27381.0,26740.0,27107.7,348921.447
2023-09-21 00:00:00+00:00,27125.01,27159.6,26377.7,26568.08,34476.82662,27107.7,27149.0,26360.1,26552.6,317992.869
2023-09-22 00:00:00+00:00,26568.08,26743.38,26468.77,26580.14,18198.2292,26552.6,26737.7,26452.9,26566.7,173534.648
2023-09-23 00:00:00+00:00,26580.14,26632.81,26509.0,26575.96,9440.7026,26566.7,26620.6,26492.2,26563.1,57836.484
2023-09-24 00:00:00+00:00,26575.97,26738.54,26122.08,26248.38,15706.65771,26563.0,26739.9,26081.0,26232.4,146632.773
2023-09-25 00:00:00+00:00,26248.39,26446.15,25990.46,26304.81,26266.2039,26232.4,26440.0,25965.0,26290.5,268385.836
2023-09-26 00:00:00+00:00,26304.8,26397.46,26088.34,26221.67,18495.35066,26290.5,26388.0,26073.8,26208.8,180491.169
2023-09-27 00:00:00+00:00,26221.68,26850.0,26112.06,26372.99,34771.57978,26208.7,26849.9,26050.0,26359.6,353002.84
2023-09-28 00:00:00+00:00,26373.0,27308.48,26342.4,27021.39,44517.83491,26359.6,27308.7,26325.2,27011.8,429587.858
2023-09-29 00:00:00+00:00,27021.39,27244.89,26665.16,26906.96,28478.76219,27011.7,27231.5,26625.0,26890.9,277397.643
2023-09-30 00:00:00+00:00,26906.96,27094.99,26886.31,26962.56,12804.62307,26890.9,27085.0,26870.4,26950.9,92317.154
2023-10-01 00:00:00+00:00,26962.57,28065.51,26954.09,27992.57,24602.81468,26951.0,28365.2,26939.0,27981.4,240382.946
2023-10-02 00:00:00+00:00,27992.58,28580.0,27281.44,27494.51,57071.14241,27981.4,28613.0,27255.0,27477.6,593277.72
2023-10-03 00:00:00+00:00,27494.51,27676.52,27160.5,27426.46,28928.96555,27477.7,27665.0,27123.0,27412.0,283077.899
2023-10-04 00:00:00+00:00,27426.45,27839.72,27202.0,27778.57,29816.142,27412.0,27830.0,27163.9,27759.8,280784.322
2023-10-05 00:00:00+00:00,27778.57,28120.39,27352.0,27410.39,30681.49619,27759.7,28110.0,27333.5,27398.4,370190.087
2023-10-06 00:00:00+00:00,27410.39,28295.0,27175.94,27931.09,37983.24277,27398.3,28450.0,27156.0,27916.3,438445.904
2023-10-07 00:00:00+00:00,27931.1,28029.67,27842.08,27956.67,13348.83825,27916.3,28018.7,27822.1,27943.0,117049.145
2023-10-08 00:00:00+00:00,27956.67,28095.14,27687.5,27917.05,19693.56921,27943.0,28082.0,27671.0,27901.2,178380.307
2023-10-09 00:00:00+00:00,27917.06,27987.93,27260.0,27590.12,31534.74639,27901.2,27977.0,27250.0,27578.3,314316.581
2023-10-10 00:00:00+00:00,27590.12,27735.0,27298.0,27390.12,22776.84383,27578.4,27727.3,27281.0,27381.2,239779.496
2023-10-11 00:00:00+00:00,27390.12,27477.39,26538.66,26875.52,37349.44706,27381.3,27467.6,26525.0,26864.5,388186.571
2023-10-12 00:00:00+00:00,26875.52,26947.04,26555.0,26759.63,23428.64112,26864.5,26939.0,26534.8,26744.0,220279.04
2023-10-13 00:00:00+00:00,26759.63,27130.0,26685.0,26862.0,24115.76499,26744.0,27120.8,26670.1,26849.8,243222.154
2023-10-14 00:00:00+00:00,26862.0,26989.58,26789.0,26852.48,10417.25576,26849.7,26986.4,26773.1,26836.3,82164.781
2023-10-15 00:00:00+00:00,26852.48,27293.33,26808.25,27154.15,15274.6917,26836.4,27456.1,26790.4,27139.8,160000.462
2023-10-16 00:00:00+00:00,27154.14,30000.0,27112.66,28500.78,78399.22445,27139.8,30720.0,27095.4,28486.3,823003.782
2023-10-17 00:00:00+00:00,28500.77,28613.65,28069.32,28395.91,38428.44532,28486.3,28605.0,28055.0,28381.9,314189.758
2023-10-18 00:00:00+00:00,28395.91,28982.36,28142.87,28320.0,32162.47591,28382.0,29100.0,28126.6,28307.1,297176.628
2023-10-19 00:00:00+00:00,28320.0,28916.89,28100.66,28713.71,35895.50179,28307.2,28933.4,28076.0,28696.9,333673.207
2023-10-20 00:00:00+00:00,28713.71,30207.55,28578.29,29669.04,59422.0992,28697.0,30243.0,28560.0,29653.0,551005.327
2023-10-21 00:00:00+00:00,29669.05,30379.99,29464.77,29909.8,27517.51897,29653.0,30374.6,29443.5,29895.4,258195.956
2023-10-22 00:00:00+00:00,29909.8,30248.0,29640.0,29992.46,22852.54563,29895.4,30229.7,29606.6,29981.5,198602.758
2023-10-23 00:00:00+00:00,29992.46,34741.91,29883.6,33069.99,93513.64246,29981.4,35981.9,29869.4,33074.0,987741.536
2023-10-24 00:00:00+00:00,33069.99,35280.0,32832.34,33922.73,115265.02418000001,33074.0,35300.0,32833.5,33917.0,921993.063
2023-10-25 00:00:00+00:00,33922.73,35132.85,33679.05,34496.05,54887.02529,33917.0,35154.3,33660.6,34487.7,465367.14400000003
2023-10-26 00:00:00+00:00,34496.05,34824.13,33751.0,34151.66,39744.66255,34487.8,34828.7,33750.0,34154.0,339552.964
2023-10-27 00:00:00+00:00,34151.66,34245.0,33390.95,33892.02,32330.40106,34154.0,34253.3,33350.0,33893.1,278052.978
2023-10-28 00:00:00+00:00,33892.01,34493.33,33860.0,34081.0,16880.13144,33893.2,34535.8,33867.4,34086.6,138314.932
2023-10-29 00:00:00+00:00,34081.01,34750.11,33930.0,34525.89,20685.52176,34086.7,34773.8,33933.0,34528.6,175897.55
2023-10-30 00:00:00+00:00,34525.88,34856.0,34062.84,34474.73,33657.95976,34528.6,34888.2,34050.0,34483.8,281841.348
2023-10-31 00:00:00+00:00,34474.74,34720.49,34025.0,34639.77,32737.89822,34483.8,34744.7,34016.8,34651.4,272450.567
2023-11-01 00:00:00+00:00,34639.78,35582.0,34097.39,35421.43,53473.28165,34651.4,35734.0,34076.0,35437.4,469214.787
2023-11-02 00:00:00+00:00,35421.43,35984.99,34300.0,34941.59,48015.57732,35437.5,35999.9,34300.0,34940.1,410221.727
2023-11-03 00:00:00+00:00,34941.58,34946.5,34120.0,34716.78,39071.20644,34940.1,34944.9,34123.0,34700.4,306048.199
2023-11-04 00:00:00+00:00,34716.78,35255.0,34585.18,35062.07,18377.55545,34700.5,35270.0,34571.6,35069.7,140746.874
2023-11-05 00:00:00+00:00,35062.06,35380.0,34448.0,35011.88,24528.73376,35069.7,35455.2,34356.0,35025.5,231363.339
2023-11-06 00:00:00+00:00,35011.89,35276.33,34725.9,35046.09,22346.47086,35025.5,35299.9,34743.2,35057.4,202227.215
2023-11-07 00:00:00+00:00,35046.09,35888.0,34523.06,35399.12,38688.73692,35057.5,35921.7,34520.3,35406.5,343525.95
2023-11-08 00:00:00+00:00,35399.13,36106.0,35100.0,35624.72,33401.34137,35406.5,36150.0,35073.0,35626.7,334779.449
2023-11-09 00:00:00+00:00,35624.72,37972.24,35534.05,36701.09,82537.88885,35626.7,38499.9,35304.0,36719.5,778877.937
2023-11-10 00:00:00+00:00,36701.1,37526.0,36324.71,37301.63,43414.04898,36719.6,37570.0,36350.0,37330.4,295923.177
2023-11-11 00:00:00+00:00,37301.63,37408.26,36666.93,37130.0,22984.97235,37330.3,37422.2,36588.0,37162.1,159239.28399999999
2023-11-12 00:00:00+00:00,37129.99,37222.22,36731.1,37064.13,17687.18874,37162.1,37258.4,36753.6,37085.5,118890.045
2023-11-13 00:00:00+00:00,37064.13,37417.99,36333.0,36462.93,32798.18252,37085.6,37464.8,36350.0,36486.2,257075.64800000002
2023-11-14 00:00:00+00:00,36462.93,36744.0,34800.0,35551.19,45503.68416,36486.2,36779.9,34446.3,35559.0,397265.8
2023-11-15 00:00:00+00:00,35551.2,37980.0,35360.0,37858.2,53569.13385,35559.1,38000.0,35388.0,37885.6,423818.57
2023-11-16 00:00:00+00:00,37858.2,37929.54,35500.0,36163.51,47490.39566,37885.5,37956.5,35486.1,36176.0,434444.366
2023-11-17 00:00:00+00:00,36163.51,36800.0,35861.1,36613.92,38283.61112,36176.0,37020.5,35868.3,36621.9,319943.051
2023-11-18 00:00:00+00:00,36613.91,36845.49,36178.58,36568.1,17102.24186,36621.9,36900.0,36196.0,36580.9,121720.922
2023-11-19 00:00:00+00:00,36568.11,37500.0,36384.02,37359.86,21246.34648,36580.9,37528.2,36380.0,37375.9,154713.007
2023-11-20 00:00:00+00:00,37359.85,37750.0,36677.0,37448.78,36022.70291,37375.8,37784.7,36600.0,37462.5,310504.037
2023-11-21 00:00:00+00:00,37448.79,37649.44,35735.0,35741.65,47646.54804,37462.6,37675.0,35720.0,35737.0,450731.16
2023-11-22 00:00:00+00:00,35741.65,37861.1,35632.01,37408.34,45051.30697,35737.0,37880.0,35610.7,37413.4,338189.618
2023-11-23 00:00:00+00:00,37408.35,37653.44,36870.0,37294.28,23827.92882,37413.5,37650.0,36856.3,37294.3,185369.931
2023-11-24 00:00:00+00:00,37294.27,38414.0,37251.51,37713.57,44680.80646,37294.4,38425.0,37257.3,37706.3,351031.723
2023-11-25 00:00:00+00:00,37713.57,37888.0,37591.1,37780.67,11396.14464,37706.3,37886.5,37570.9,37766.6,82589.329
2023-11-26 00:00:00+00:00,37780.67,37814.63,37150.0,37447.43,21264.53723,37766.7,37807.6,37126.0,37437.9,173758.644
2023-11-27 00:00:00+00:00,37447.42,37569.23,36707.0,37242.7,30001.07376,37437.9,37560.0,36700.0,37234.3,266112.699
2023-11-28 00:00:00+00:00,37242.7,38377.0,36868.41,37818.87,37544.46667,37234.4,38395.0,36856.0,37812.1,318426.327
2023-11-29 00:00:00+00:00,37818.88,38450.0,37570.0,37854.64,32994.19107,37812.0,38500.0,37551.8,37837.1,261631.881
2023-11-30 00:00:00+00:00,37854.65,38145.85,37500.0,37723.96,24740.29147,37837.2,38132.0,37442.9,37716.8,191188.871
2023-12-01 00:00:00+00:00,37723.97,38999.0,37615.86,38682.52,43415.66324,37716.9,38989.0,37600.0,38660.0,342361.994
2023-12-02 00:00:00+00:00,38682.51,39717.14,38641.61,39450.35,26696.92161,38659.9,39900.0,38613.5,39435.0,213210.31100000002
2023-12-03 00:00:00+00:00,39450.35,40250.0,39274.86,39972.26,26710.65335,39435.1,40410.1,39255.2,39979.7,221917.905
2023-12-04 00:00:00+00:00,39972.26,42420.0,39972.26,41991.1,79272.33059,39979.8,42440.0,39970.4,41993.1,602492.859
2023-12-05 00:00:00+00:00,41991.1,44488.0,41414.0,44073.32,67490.74644,41993.1,44528.1,41393.5,44081.7,575038.041
2023-12-06 00:00:00+00:00,44073.82,44297.21,43335.28,43762.69,51431.10492,44081.7,44349.8,43377.0,43774.8,383957.738
2023-12-07 00:00:00+00:00,43762.69,44047.33,42821.1,43273.14,47103.26845,43775.1,44066.7,42815.0,43296.0,346421.958
2023-12-08 00:00:00+00:00,43273.15,44700.0,43081.1,44170.99,42900.37556,43296.0,44779.3,43100.0,44209.5,281880.593
2023-12-09 00:00:00+00:00,44171.0,44358.02,43584.51,43713.6,24925.97008,44209.6,44389.2,43555.0,43734.3,189339.656
2023-12-10 00:00:00+00:00,43713.59,44049.0,43563.0,43789.51,18956.61758,43734.2,44099.2,43552.5,43810.0,144548.259
2023-12-11 00:00:00+00:00,43789.5,43804.5,40222.0,41253.4,76663.89804,43810.1,43833.4,40228.3,41271.0,620753.439
2023-12-12 00:00:00+00:00,41253.41,42104.12,40680.0,41492.39,42722.69773,41271.1,42125.0,40711.0,41515.0,356541.118
2023-12-13 00:00:00+00:00,41492.38,43475.2,40555.0,42869.03,45865.99773,41514.9,43517.6,40556.0,42875.0,396710.296
2023-12-14 00:00:00+00:00,42869.03,43420.0,41400.0,43022.26,42047.05709,42875.0,43450.1,41140.0,43032.4,361628.325
2023-12-15 00:00:00+00:00,43022.26,43080.81,41666.0,41940.3,33421.7932,43032.3,43098.0,41668.0,41968.0,257177.013
2023-12-16 00:00:00+00:00,41940.29,42724.43,41605.0,42278.03,24118.85747,41968.0,42756.7,41638.1,42287.4,160549.459
2023-12-17 00:00:00+00:00,42278.02,42424.07,41252.0,41374.65,27722.11452,42287.4,42476.0,41248.3,41396.5,224722.851
2023-12-18 00:00:00+00:00,41374.64,42757.81,40542.93,42657.8,46734.0925,41396.6,42795.3,40553.8,42671.7,375385.675
2023-12-19 00:00:00+00:00,42657.8,43497.0,41811.1,42275.99,40927.86444,42671.8,43550.0,41835.4,42298.3,315311.844
2023-12-20 00:00:00+00:00,42275.99,44283.0,42206.0,43668.93,48710.2947,42298.2,44384.6,42218.3,43708.9,377008.923
2023-12-21 00:00:00+00:00,43668.92,44242.35,43286.72,43861.8,34624.29384,43708.9,44287.2,43317.2,43896.3,276922.15499999997
2023-12-22 00:00:00+00:00,43861.79,44398.26,43412.54,43969.04,32783.19638,43896.4,44484.0,43430.4,43999.2,238341.933
2023-12-23 00:00:00+00:00,43969.04,43988.68,43291.1,43702.16,16557.1293,43999.2,44023.0,43304.2,43725.2,120792.199
2023-12-24 00:00:00+00:00,43702.15,43946.0,42500.0,42991.5,25144.33496,43725.2,43994.8,42550.0,43008.4,179967.251
2023-12-25 00:00:00+00:00,42991.5,43802.32,42720.43,43576.13,27021.23992,43008.4,43850.0,42755.4,43611.9,184210.274
2023-12-26 00:00:00+00:00,43576.12,43592.68,41637.6,42508.93,41010.04282,43611.9,43635.1,41597.0,42538.5,295583.678
2023-12-27 00:00:00+00:00,42508.93,43677.0,42098.69,43428.85,36191.21136,42538.6,43700.0,42145.7,43453.8,251351.538
2023-12-28 00:00:00+00:00,43428.86,43787.57,42241.79,42563.76,35150.52485,43453.8,43850.0,42320.5,42600.1,257515.182
2023-12-29 00:00:00+00:00,42563.76,43111.0,41300.0,42066.95,42597.18912,42600.1,43171.9,41283.2,42095.1,337421.865
2023-12-30 00:00:00+00:00,42066.94,42612.32,41520.3,42140.28,22906.57818,42095.1,42654.6,41550.0,42174.2,183890.66999999998
2023-12-31 00:00:00+00:00,42140.29,42899.0,41965.84,42283.58,23585.91603,42174.3,42951.0,42001.0,42314.0,173508.289
2024-01-01 00:00:00+00:00,42283.58,44184.1,42180.77,44179.55,27174.29903,42314.0,44266.0,42207.9,44230.2,206424.144
2024-01-02 00:00:00+00:00,44179.55,45879.63,44148.34,44946.91,65146.40661,44230.3,45950.0,44200.9,44979.8,459798.523
2024-01-03 00:00:00+00:00,44946.91,45500.0,40750.0,42845.23,81194.55173,44979.7,45582.3,40333.0,42849.5,595855.225
2024-01-04 00:00:00+00:00,42845.23,44729.58,42613.77,44151.1,48038.06334,42849.5,44840.8,42625.0,44143.8,333923.098
2024-01-05 00:00:00+00:00,44151.1,44357.46,42450.0,44145.11,48075.25327,44143.8,44500.0,42300.0,44145.4,374967.791
2024-01-06 00:00:00+00:00,44145.12,44214.42,43397.05,43968.32,17835.06144,44145.3,44214.6,43391.3,43956.7,138542.797
2024-01-07 00:00:00+00:00,43968.32,44480.59,43572.09,43929.02,23023.8508,43956.6,44486.9,43557.5,43916.9,180710.714
2024-01-08 00:00:00+00:00,43929.01,47248.99,43175.0,46951.04,72814.57589,43916.9,47312.0,43158.1,46972.7,495087.983
2024-01-09 00:00:00+00:00,46951.04,47972.0,44748.67,46110.0,69927.66617,46972.6,48100.0,44417.2,46114.0,513362.773
2024-01-10 00:00:00+00:00,46110.0,47695.93,44300.36,46653.99,89911.41203,46113.9,47699.3,44291.5,46662.9,668657.474
2024-01-11 00:00:00+00:00,46654.0,48969.48,45606.06,46339.16,87470.3296,46663.0,49027.5,45600.0,46337.8,596698.379
2024-01-12 00:00:00+00:00,46339.16,46515.53,41500.0,42782.73,86327.93707,46337.9,46536.2,41370.0,42788.9,575943.258
2024-01-13 00:00:00+00:00,42782.74,43257.0,42436.12,42847.99,36118.47464,42789.0,43273.4,42445.7,42846.4,207737.326
2024-01-14 00:00:00+00:00,42847.99,43079.0,41720.0,41732.35,28228.40894,42846.4,43096.1,41713.5,41734.9,181096.968
2024-01-15 00:00:00+00:00,41732.35,43400.43,41718.05,42511.1,40269.89303,41734.9,43376.0,41720.0,42515.0,240059.141
2024-01-16 00:00:00+00:00,42511.1,43578.01,42050.0,43137.95,45045.74589,42515.0,43589.0,42050.0,43133.0,287207.233
2024-01-17 00:00:00+00:00,43137.94,43198.0,42200.69,42776.1,33266.21388,43133.0,43198.0,42200.0,42783.4,209396.081
2024-01-18 00:00:00+00:00,42776.09,42930.0,40683.28,41327.5,43907.51641,42783.3,42932.3,40673.6,41323.1,335080.756
2024-01-19 00:00:00+00:00,41327.51,42196.86,40280.0,41659.03,48342.74559,41323.2,42197.0,40300.0,41662.2,345941.73
2024-01-20 00:00:00+00:00,41659.03,41872.56,41456.3,41696.04,15923.99493,41662.1,41883.5,41453.6,41691.8,95866.062
2024-01-21 00:00:00+00:00,41696.05,41881.39,41500.98,41580.33,11730.16301,41691.8,41880.9,41500.0,41580.0,67035.552
2024-01-22 00:00:00+00:00,41580.32,41689.65,39431.58,39568.02,55426.19911,41579.9,41692.3,39402.0,39567.0,459024.106
2024-01-23 00:00:00+00:00,39568.02,40176.74,38555.0,39897.6,57956.63351,39567.1,40172.7,38545.0,39890.0,414373.386
2024-01-24 00:00:00+00:00,39897.59,40555.0,39484.19,40084.88,39293.82861,39889.9,40560.6,39493.3,40078.7,272754.17100000003
2024-01-25 00:00:00+00:00,40084.89,40300.24,39550.0,39961.09,31022.11853,40078.8,40300.0,39535.3,39953.3,203728.679
2024-01-26 00:00:00+00:00,39961.09,42246.82,39822.52,41823.51,47384.96726,39953.3,42239.3,39813.1,41806.4,355418.478
2024-01-27 00:00:00+00:00,41823.51,42200.0,41394.34,42120.63,16224.41667,41806.4,42187.1,41360.1,42102.2,118437.114
2024-01-28 00:00:00+00:00,42120.63,42842.68,41620.81,42031.06,27294.99838,42102.2,42836.0,41600.0,42021.2,205736.453
2024-01-29 00:00:00+00:00,42031.05,43333.0,41804.88,43302.7,31542.74207,42021.2,43340.8,41768.3,43287.7,249502.11000000002
2024-01-30 00:00:00+00:00,43302.71,43882.36,42683.99,42941.1,37619.24546,43287.6,43888.0,42665.6,42918.3,257582.784
2024-01-31 00:00:00+00:00,42941.1,43745.11,42276.84,42580.0,39871.13688,42918.3,43748.6,42257.6,42560.5,313069.11
2024-02-01 00:00:00+00:00,42580.0,43285.13,41884.28,43082.94,35231.04664,42560.5,43288.0,41866.8,43072.6,274321.107
2024-02-02 00:00:00+00:00,43082.95,43488.0,42546.79,43200.0,29672.14418,43072.6,43480.0,42512.7,43182.0,205767.574
2024-02-03 00:00:00+00:00,43199.99,43380.01,42880.0,43011.09,12033.40998,43182.0,43372.2,42858.3,42992.4,89735.22
2024-02-04 00:00:00+00:00,43011.1,43119.04,42222.0,42582.88,17066.89404,42992.4,43112.1,42176.7,42570.3,127421.548
2024-02-05 00:00:00+00:00,42582.88,43569.76,42258.1,42708.7,29467.75905,42570.3,43580.0,42235.1,42692.9,240655.549
2024-02-06 00:00:00+00:00,42708.7,43399.98,42574.0,43098.95,24675.854330000002,42692.9,43378.8,42559.8,43079.1,196157.643
2024-02-07 00:00:00+00:00,43098.96,44396.5,42788.0,44349.6,34392.59915,43079.1,44388.0,42763.4,44326.2,252057.708
2024-02-08 00:00:00+00:00,44349.6,45614.3,44331.1,45288.65,45439.62231,44326.3,45600.0,44306.8,45269.1,299738.288
2024-02-09 00:00:00+00:00,45288.66,48200.0,45242.12,47132.77,73503.481,45269.2,48230.3,45218.1,47116.1,519919.419
2024-02-10 00:00:00+00:00,47132.78,48170.0,46800.0,47751.09,24802.35936,47116.1,48189.6,46836.4,47732.6,179626.604
2024-02-11 00:00:00+00:00,47751.08,48592.66,47557.16,48299.99,29958.80837,47732.6,48600.0,47539.4,48303.4,209951.626
2024-02-12 00:00:00+00:00,48300.0,50334.82,47710.01,49917.27,59009.96705,48303.4,50413.2,47702.0,49943.6,450895.202
2024-02-13 00:00:00+00:00,49917.28,50368.61,48300.95,49699.59,55551.56706,49943.6,50428.8,48301.0,49696.4,382348.085
2024-02-14 00:00:00+00:00,49699.6,52043.71,49225.01,51795.17,57046.37401,49696.4,52100.0,49215.7,51823.2,395191.791
2024-02-15 00:00:00+00:00,51795.17,52816.62,51314.0,51880.0,53816.030549999996,51823.1,52859.0,51334.9,51898.5,392724.603
2024-02-16 00:00:00+00:00,51880.01,52572.08,51566.0,52124.11,37772.25318,51898.4,52623.0,51611.7,52148.6,259819.793
2024-02-17 00:00:00+00:00,52124.1,52162.82,50625.0,51642.64,25674.00622,52148.7,52192.8,50647.5,51679.4,222342.005
2024-02-18 00:00:00+00:00,51642.64,52377.0,51163.28,52137.67,21992.10363,51679.5,52450.0,51178.0,52175.9,166636.426
2024-02-19 00:00:00+00:00,52137.68,52488.77,51677.0,51774.73,29534.99432,52175.9,52532.9,51688.8,51813.8,196387.978
2024-02-20 00:00:00+00:00,51774.74,52985.0,50760.37,52258.82,49614.47318,51813.7,53090.9,50788.0,52297.4,388913.064
2024-02-21 00:00:00+00:00,52258.82,52366.8,50625.0,51849.39,43079.40049,52297.3,52402.3,50528.4,51877.8,308127.301
2024-02-22 00:00:00+00:00,51849.38,52065.78,50940.78,51288.42,35309.44574,51877.9,52130.8,50967.5,51316.9,244144.647
2024-02-23 00:00:00+00:00,51288.42,51548.54,50521.0,50744.15,30545.795439999998,51316.9,51576.3,50512.7,50771.9,215474.562
2024-02-24 00:00:00+00:00,50744.15,51698.0,50585.0,51568.22,16560.4211,50771.9,51736.6,50611.4,51602.1,104944.457
2024-02-25 00:00:00+00:00,51568.21,51958.55,51279.8,51728.85,18721.63159,51602.1,52050.0,51300.4,51764.9,122177.26
2024-02-26 00:00:00+00:00,51728.85,54910.0,50901.44,54476.47,51256.72199,51764.9,54991.8,50922.5,54511.6,393466.231
2024-02-27 00:00:00+00:00,54476.48,57588.15,54450.13,57037.34,67194.98562,54511.7,57780.0,54495.0,57074.5,511475.535
2024-02-28 00:00:00+00:00,57037.35,64000.0,56691.85,62432.1,118763.46983999999,57074.5,64300.0,56730.1,62487.9,1010118.442
2024-02-29 00:00:00+00:00,62432.11,63676.35,60364.7,61130.98,78425.07603,62487.9,63762.8,60452.0,61203.3,584713.883
2024-03-01 00:00:00+00:00,61130.99,63114.23,60777.0,62387.9,47737.93473,61203.3,63199.0,60844.8,62430.6,299231.827
2024-03-02 00:00:00+00:00,62387.9,62433.19,61561.12,61987.28,25534.73659,62430.6,62513.1,61605.0,62039.9,159283.629
2024-03-03 00:00:00+00:00,61987.28,63231.88,61320.0,63113.97,28994.90903,62039.9,63330.9,61339.5,63178.5,200312.503
2024-03-04 00:00:00+00:00,63113.97,68499.0,62300.0,68245.71,84835.16005,63178.5,68600.0,62299.0,68296.4,632882.144
2024-03-05 00:00:00+00:00,68245.71,69000.0,59005.0,63724.01,132696.7813,68296.5,69350.0,59112.0,63747.4,1053025.132
2024-03-06 00:00:00+00:00,63724.01,67641.1,62779.14,66074.04,78738.85491,63747.5,67729.5,62829.3,66128.1,534011.813
2024-03-07 00:00:00+00:00,66074.04,67980.0,65551.0,66823.17,53059.8869,66128.0,68101.3,65609.3,66870.0,296092.788
2024-03-08 00:00:00+00:00,66823.18,69990.0,66082.66,68124.19,74261.932842,66870.0,70330.8,66120.0,68180.2,459387.207
2024-03-09 00:00:00+00:00,68124.2,68541.1,67861.1,68313.27,19872.89743,68180.2,68608.7,67908.7,68360.1,94899.005
2024-03-10 00:00:00+00:00,68313.28,69887.61,68094.75,68955.88,38404.66835,68360.2,69999.8,68155.0,69001.8,233596.523
2024-03-11 00:00:00+00:00,68955.88,72800.0,67024.96,72078.1,75292.825726,69001.8,72890.0,67000.0,72153.8,474396.897
2024-03-12 00:00:00+00:00,72078.1,73000.0,68620.82,71452.01,68783.546691,72153.9,73370.0,68600.0,71503.2,472072.331
2024-03-13 00:00:00+00:00,71452.0,73650.25,71333.31,73072.41,52659.711647000004,71503.3,73755.0,71388.1,73127.6,288446.338
2024-03-14 00:00:00+00:00,73072.4,73777.0,68555.0,71388.94,71757.628746,73127.6,73881.4,68600.0,71455.5,513901.237
2024-03-15 00:00:00+00:00,71388.94,72419.71,65600.0,69499.85,103334.03546,71455.6,72500.0,65580.0,69552.2,705810.685
2024-03-16 00:00:00+00:00,69499.84,70043.0,64780.0,65300.63,55926.95336,69552.1,70097.6,64750.0,65351.0,333426.129
2024-03-17 00:00:00+00:00,65300.64,68904.4,64533.0,68393.48,49742.21589,65351.0,68972.4,64559.8,68447.9,314890.309
2024-03-18 00:00:00+00:00,68393.47,68956.0,66565.2,67609.99,55691.08088,68447.9,69044.4,66601.6,67660.0,317885.916
2024-03-19 00:00:00+00:00,67610.0,68124.11,61555.0,61937.4,101005.32487,67660.0,68178.6,61582.8,61974.1,700466.795
2024-03-20 00:00:00+00:00,61937.41,68100.0,60775.0,67840.51,90420.58592,61974.1,68140.0,60800.0,67876.4,637362.465
2024-03-21 00:00:00+00:00,67840.51,68240.47,64529.01,65501.27,53357.48002,67876.4,68293.9,64550.1,65539.9,347218.385
2024-03-22 00:00:00+00:00,65501.28,66649.62,62260.0,63796.64,51482.37821,65539.9,66691.9,62294.0,63826.0,401149.333
2024-03-23 00:00:00+00:00,63796.64,65999.0,63000.0,63990.01,26410.11409,63826.1,66050.0,63020.2,64020.3,239124.0
2024-03-24 00:00:00+00:00,63990.02,67628.69,63772.29,67209.99,31395.78015,64020.4,67700.0,63822.0,67260.9,244179.435
2024-03-25 00:00:00+00:00,67210.0,71150.0,66385.06,69880.01,53431.14486,67260.9,71228.3,66427.6,69920.5,395156.191
2024-03-26 00:00:00+00:00,69880.0,71561.1,69280.0,69988.0,38934.38417,69920.6,71649.0,69320.0,70044.1,307861.116
2024-03-27 00:00:00+00:00,69987.99,71769.54,68359.18,69469.99,49119.356850000004,70044.2,71888.0,68364.8,69532.6,407286.574
2024-03-28 00:00:00+00:00,69469.99,71552.06,68903.62,70780.6,35439.03239,69532.6,71636.2,68941.0,70838.7,241970.822
2024-03-29 00:00:00+00:00,70780.6,70916.16,69009.0,69850.54,25445.08353,70838.8,70976.9,69000.0,69903.6,187970.84100000001
2024-03-30 00:00:00+00:00,69850.53,70321.1,69540.0,69582.18,13644.61142,69903.6,70388.0,69577.2,69642.1,91126.75
2024-03-31 00:00:00+00:00,69582.17,71366.0,69562.99,71280.01,19396.34433,69642.0,71495.5,69608.0,71363.0,132458.79
2024-04-01 00:00:00+00:00,71280.0,71288.23,68062.86,69649.8,41445.32039,71363.0,71388.0,68103.3,69700.0,282812.126
2024-04-02 00:00:00+00:00,69649.81,69674.23,64550.0,65463.99,71799.82793,69700.0,69731.6,64603.2,65505.3,499041.572
2024-04-03 00:00:00+00:00,65463.99,66903.63,64493.07,65963.28,39887.21778,65502.4,66940.0,64500.0,65971.9,275041.23
2024-04-04 00:00:00+00:00,65963.27,69309.91,65064.52,68487.79,41510.48453,65971.8,69329.7,65100.0,68489.9,326385.338
2024-04-05 00:00:00+00:00,68487.8,68756.67,65952.56,67820.62,37915.230729999996,68489.8,68787.1,65966.0,67825.7,313547.293
2024-04-06 00:00:00+00:00,67820.63,69692.0,67447.83,68896.0,20134.28919,67825.8,69708.0,67450.0,68901.6,127343.726
2024-04-07 00:00:00+00:00,68896.0,70326.29,68824.0,69360.39,21534.74433,68901.5,70395.0,68820.6,69362.7,171783.436
2024-04-08 00:00:00+00:00,69360.38,72797.99,69043.24,71620.0,45723.87624,69362.7,72890.4,69040.4,71678.4,297237.449
2024-04-09 00:00:00+00:00,71620.0,71758.19,68210.0,69146.0,39293.90242,71678.3,71820.6,68216.0,69189.3,334059.403
2024-04-10 00:00:00+00:00,69146.0,71172.08,67518.0,70631.08,42006.02377,69189.2,71412.2,67546.2,70681.7,337774.756
2024-04-11 00:00:00+00:00,70631.08,71305.89,69567.21,70006.23,31917.25595,70681.8,71387.4,69592.6,70055.7,256194.153
2024-04-12 00:00:00+00:00,70006.22,71227.46,65086.86,67116.52,56072.86229,70055.6,71297.0,65102.0,67136.4,415528.149
2024-04-13 00:00:00+00:00,67116.52,67929.0,60660.57,63924.51,71395.22019000001,67136.4,67975.4,59652.5,63939.7,515005.203
2024-04-14 00:00:00+00:00,63924.52,65840.0,62134.0,65661.84,61599.17818,63939.7,65822.1,62139.3,65615.9,395770.13300000003
2024-04-15 00:00:00+00:00,65661.85,66867.07,62274.4,63419.99,52389.53069,65615.9,66874.9,62242.5,63392.7,381532.225
2024-04-16 00:00:00+00:00,63419.99,64365.0,61600.0,63793.39,53435.29331,63392.8,64356.3,61521.0,63765.0,405931.439
2024-04-17 00:00:00+00:00,63793.4,64499.0,59678.16,61277.37,50610.54509,63764.9,64483.3,59625.0,61254.5,444032.99199999997
2024-04-18 00:00:00+00:00,61277.38,64117.09,60803.35,63470.08,43601.60918,61254.5,64100.0,60763.8,63445.0,363302.394
2024-04-19 00:00:00+00:00,63470.09,65450.0,59600.01,63818.01,69774.30271,63445.0,65480.0,59541.0,63787.4,574264.058
2024-04-20 00:00:00+00:00,63818.01,65419.0,63090.07,64940.59,23137.42975,63787.4,65400.0,63045.1,64897.2,197142.262
2024-04-21 00:00:00+00:00,64940.58,65695.56,64237.5,64941.15,19316.42152,64897.2,65678.7,64214.2,64912.6,160533.948
2024-04-22 00:00:00+00:00,64941.15,67232.35,64500.0,66819.32,31397.99371,64912.7,67222.0,64470.5,66778.0,246268.411
2024-04-23 00:00:00+00:00,66819.32,67183.01,65765.81,66414.0,22599.90004,66777.9,67158.9,65750.0,66386.3,178665.564
2024-04-24 00:00:00+00:00,66414.0,67070.43,63606.06,64289.59,33595.69637,66386.2,67068.2,63575.0,64250.0,280545.061
2024-04-25 00:00:00+00:00,64289.58,65297.94,62794.0,64498.34,31341.46338,64250.0,65270.6,62721.3,64478.8,275211.062
2024-04-26 00:00:00+00:00,64498.33,64820.01,63297.48,63770.01,27085.19346,64478.8,64783.1,63291.5,63748.8,202149.813
2024-04-27 00:00:00+00:00,63770.0,63923.41,62391.24,63461.98,20933.06052,63748.7,63901.4,62332.8,63421.0,167349.109
2024-04-28 00:00:00+00:00,63461.98,64370.0,62781.0,63118.62,16949.20005,63420.9,64350.0,62700.0,63088.3,126056.151
2024-04-29 00:00:00+00:00,63118.62,64228.35,61765.53,63866.0,28150.229470000002,63088.4,64200.0,61726.2,63842.4,228411.163
2024-04-30 00:00:00+00:00,63866.0,64734.0,59191.6,60672.0,54947.65535,63842.4,64700.0,59150.0,60651.2,408747.703
2024-05-01 00:00:00+00:00,60672.01,60841.63,56552.82,58364.97,81166.46823,60651.2,60816.7,56537.7,58307.6,564108.4
2024-05-02 00:00:00+00:00,58364.97,59625.0,56911.84,59060.61,47583.81961,58307.7,59637.3,56951.6,59036.7,299229.302
2024-05-03 00:00:00+00:00,59060.6,63333.0,58811.32,62882.01,43628.40143,59036.7,63333.0,58781.3,62853.7,353606.459
2024-05-04 00:00:00+00:00,62882.01,64540.0,62541.03,63892.04,24368.69282,62853.7,64547.9,62520.0,63864.2,205205.199
2024-05-05 00:00:00+00:00,63892.03,64646.0,62822.17,64012.0,18526.75029,63864.3,64644.3,62833.0,63988.0,185495.653
2024-05-06 00:00:00+00:00,64012.0,65500.0,62700.0,63165.19,34674.91949,63987.9,65500.0,62655.3,63142.8,305110.067
2024-05-07 00:00:00+00:00,63165.18,64422.41,62261.0,62312.08,25598.79472,63142.7,64392.2,62203.6,62296.0,238974.646
2024-05-08 00:00:00+00:00,62312.07,63020.22,60888.0,61193.03,26121.19004,62296.0,62994.9,60843.6,61157.9,241651.579
2024-05-09 00:00:00+00:00,61193.03,63429.03,60630.0,63074.01,30660.8061,61157.9,63447.2,60550.0,63050.1,242451.302
2024-05-10 00:00:00+00:00,63074.0,63469.13,60187.12,60799.99,36529.34025,63050.0,63446.5,60117.4,60778.1,307214.96
2024-05-11 00:00:00+00:00,60799.99,61515.0,60487.09,60825.99,13374.56936,60778.0,61491.4,60432.6,60809.2,113294.787
2024-05-12 00:00:00+00:00,60825.99,61888.0,60610.0,61483.99,12753.13236,60809.2,61849.4,60557.3,61455.8,104043.897
2024-05-13 00:00:00+00:00,61484.0,63450.0,60749.21,62940.08,32733.41839,61455.7,63440.0,60750.0,62912.1,261927.073
2024-05-14 00:00:00+00:00,62940.09,63118.36,61142.77,61577.49,29088.72041,62912.2,63099.6,60950.0,61550.5,244345.274
2024-05-15 00:00:00+00:00,61577.49,66444.16,61319.47,66206.5,43559.74719,61550.5,66440.0,61316.1,66175.4,365031.68
2024-05-16 00:00:00+00:00,66206.51,66752.01,64602.77,65235.21,31106.3671,66175.4,66800.0,64567.0,65217.7,242455.324
2024-05-17 00:00:00+00:00,65235.21,67451.2,65106.38,67024.0,26292.234089999998,65217.7,67400.6,65061.2,66980.0,227063.919
2024-05-18 00:00:00+00:00,67024.0,67400.01,66600.0,66915.2,14441.25774,66980.0,67340.5,66503.2,66884.9,96931.548
2024-05-19 00:00:00+00:00,66915.2,67700.0,65857.25,66274.01,18025.30409,66884.9,67750.0,65835.8,66239.4,148170.35
2024-05-20 00:00:00+00:00,66274.0,71515.56,66060.31,71446.62,50816.7011,66239.4,71674.6,66010.0,71466.5,366028.078
2024-05-21 00:00:00+00:00,71446.62,71979.0,69162.94,70148.34,49607.4336,71466.5,72132.8,69165.6,70168.8,263674.327
2024-05-22 00:00:00+00:00,70148.34,70666.0,68842.19,69166.62,27673.18026,70168.7,70715.4,68736.8,69219.1,194160.494
2024-05-23 00:00:00+00:00,69166.62,70096.12,66312.16,67969.65,40513.17374,69219.2,70133.3,66156.6,67999.9,300093.622
2024-05-24 00:00:00+00:00,67969.66,69250.0,66600.12,68549.99,28095.83664,67999.9,69273.5,66639.0,68584.1,186681.082
2024-05-25 00:00:00+00:00,68549.99,69610.0,68500.0,69290.57,12130.39418,68584.0,69622.8,68523.7,69314.4,85113.605
2024-05-26 00:00:00+00:00,69290.56,69562.23,68128.01,68507.67,11872.11797,69314.5,69590.3,68155.0,68524.3,84069.824
2024-05-27 00:00:00+00:00,68507.67,70687.56,68250.0,69436.43,23136.92737,68524.4,70750.0,68268.7,69461.6,170291.356
2024-05-28 00:00:00+00:00,69436.43,69591.81,67277.91,68398.39,32622.97042,69461.5,69628.0,67273.0,68440.5,227838.44
2024-05-29 00:00:00+00:00,68398.4,68935.68,67124.65,67652.42,23159.83149,68440.4,68983.0,67129.0,67686.7,158236.599
2024-05-30 00:00:00+00:00,67652.41,69500.0,67128.0,68352.17,28478.2184,67686.8,69568.9,67167.0,68402.5,194573.899
2024-05-31 00:00:00+00:00,68352.17,69044.1,66670.0,67540.01,26690.32184,68402.6,69080.0,66700.5,67577.9,195751.752
2024-06-01 00:00:00+00:00,67540.01,67900.0,67428.44,67766.85,8837.66133,67577.9,67936.0,67480.0,67799.2,50943.058
2024-06-02 00:00:00+00:00,67766.84,68460.0,67257.47,67765.63,15426.32529,67799.2,68545.9,67296.3,67805.9,102194.718
2024-06-03 00:00:00+00:00,67765.62,70288.0,67612.48,68809.9,29633.374,67805.9,70372.9,67642.6,68851.4,227676.93
2024-06-04 00:00:00+00:00,68809.89,71063.45,68567.32,70537.84,29619.78489,68851.3,71146.4,68595.5,70580.0,216100.016
2024-06-05 00:00:00+00:00,70537.83,71758.0,70383.66,71108.0,28703.18082,70580.0,71824.4,70423.6,71133.3,203992.034
2024-06-06 00:00:00+00:00,71108.0,71700.0,70117.64,70799.06,21842.00449,71133.3,71714.8,70101.9,70830.0,158483.564
2024-06-07 00:00:00+00:00,70799.06,71997.02,68420.0,69355.6,35598.45045,70830.0,72144.0,68405.0,69377.0,299412.37
2024-06-08 00:00:00+00:00,69355.6,69582.2,69168.02,69310.46,9773.82967,69377.0,69613.6,69192.3,69346.5,65739.857
2024-06-09 00:00:00+00:00,69310.46,69857.14,69130.24,69648.14,9890.56709,69346.6,69879.0,69160.0,69667.1,68024.1
2024-06-10 00:00:00+00:00,69648.15,70195.94,69172.29,69540.0,17122.66941,69667.1,70222.7,69201.2,69558.7,127381.604
2024-06-11 00:00:00+00:00,69540.0,69590.01,66051.0,67314.24,41436.01588,69558.8,69600.0,66000.0,67320.7,311984.942
2024-06-12 00:00:00+00:00,67314.23,69999.0,66905.0,68263.99,37175.32356,67320.6,70028.0,66920.0,68270.3,329918.46
2024-06-13 00:00:00+00:00,68263.98,68449.3,66251.78,66773.01,29079.55571,68270.3,68607.7,66251.1,66786.9,248355.461
2024-06-14 00:00:00+00:00,66773.01,67370.24,65078.0,66043.99,28408.18797,66786.8,67366.5,65052.4,66039.7,239411.231
2024-06-15 00:00:00+00:00,66043.99,66478.48,65857.1,66228.25,11451.80242,66039.7,66482.6,65801.0,66213.7,72423.755
2024-06-16 00:00:00+00:00,66228.25,66998.7,66034.5,66676.87,9392.52223,66213.7,66960.3,66012.1,66653.6,80361.551
2024-06-17 00:00:00+00:00,66676.86,67298.81,65130.0,66504.33,27386.16851,66653.5,67280.6,65094.9,66472.1,248420.787
2024-06-18 00:00:00+00:00,66504.33,66588.23,64060.0,65175.32,42350.10244,66472.1,66558.9,64009.8,65150.0,335559.394
2024-06-19 00:00:00+00:00,65175.32,65727.54,64666.0,64974.37,20060.79576,65149.9,65711.9,64600.0,64933.6,150032.669
2024-06-20 00:00:00+00:00,64974.37,66482.94,64559.15,64869.99,24265.29031,64933.6,66467.0,64526.0,64854.0,220954.676
2024-06-21 00:00:00+00:00,64869.99,65066.66,63379.35,64143.56,25993.56442,64854.0,65055.5,63361.2,64124.0,210109.601
2024-06-22 00:00:00+00:00,64143.56,64546.81,63943.82,64262.01,7308.95542,64124.1,64520.0,63915.8,64240.0,53855.862
2024-06-23 00:00:00+00:00,64262.01,64521.0,63178.32,63210.01,8224.45447,64240.1,64500.0,63137.9,63194.9,72052.293
2024-06-24 00:00:00+00:00,63210.01,63369.8,58402.0,60293.3,52161.35414,63194.9,63357.0,58218.0,60273.6,445903.184
2024-06-25 00:00:00+00:00,60293.3,62420.0,60257.06,61806.01,31189.24361,60273.5,62448.1,60230.5,61777.8,264647.317
2024-06-26 00:00:00+00:00,61806.01,62487.81,60712.0,60864.99,22485.66463,61777.9,62465.1,60696.0,60860.1,170601.18
2024-06-27 00:00:00+00:00,60864.98,62389.22,60606.63,61706.47,18344.28631,60860.1,62379.7,60605.0,61682.0,160172.482
2024-06-28 00:00:00+00:00,61706.46,62225.31,60063.0,60427.84,24821.19255,61682.1,62204.0,60038.0,60429.8,195508.125
2024-06-29 00:00:00+00:00,60427.84,61224.0,60383.77,60986.68,11509.55904,60429.8,61232.0,60400.1,60982.4,79680.289
2024-06-30 00:00:00+00:00,60986.68,63058.76,60712.21,62772.01,17326.30136,60982.5,63058.4,60705.0,62766.0,147777.915
2024-07-01 00:00:00+00:00,62772.01,63861.76,62497.2,62899.99,24547.10538,62766.1,63849.0,62502.2,62883.6,193937.938
2024-07-02 00:00:00+00:00,62900.0,63288.83,61806.28,62135.47,18573.11875,62883.7,63284.0,61800.0,62123.6,163101.243
2024-07-03 00:00:00+00:00,62135.46,62285.94,59400.0,60208.58,32160.11127,62123.5,62278.2,59299.3,60208.0,295303.265
2024-07-04 00:00:00+00:00,60208.57,60498.19,56771.0,57050.01,54568.77276,60208.0,60500.0,56560.0,57045.9,445656.277
2024-07-05 00:00:00+00:00,57050.02,57546.0,53485.93,56628.79,81348.24756,57045.9,57533.4,53329.5,56604.9,577193.595
2024-07-06 00:00:00+00:00,56628.79,58475.0,56018.0,58230.13,21651.31558,56604.9,58472.0,56000.0,58216.0,178580.022
2024-07-07 00:00:00+00:00,58230.13,58449.46,55724.37,55857.81,19118.93918,58216.0,58443.0,55688.0,55830.9,210361.981
2024-07-08 00:00:00+00:00,55857.81,58236.73,54260.16,56714.62,48090.2049,55831.0,58200.0,54243.1,56686.4,464106.957
2024-07-09 00:00:00+00:00,56714.61,58296.0,56289.45,58050.0,27732.20788,56686.4,58290.6,56256.2,58023.2,257237.048
2024-07-10 00:00:00+00:00,58050.0,59470.0,57157.79,57725.85,24951.73799,58023.1,59449.6,57125.0,57707.0,254248.937
2024-07-11 00:00:00+00:00,57725.85,59650.0,57050.0,57339.89,29761.05735,57707.0,59780.0,57030.0,57315.5,293106.959
2024-07-12 00:00:00+00:00,57339.89,58526.68,56542.47,57889.1,23652.4569,57315.7,58500.0,56500.1,57870.0,238100.616
2024-07-13 00:00:00+00:00,57889.09,59850.0,57756.63,59204.02,15357.74519,57870.0,59850.0,57728.6,59174.0,157884.322
2024-07-14 00:00:00+00:00,59204.01,61420.69,59194.01,60797.91,21178.33907,59173.9,61412.4,59164.0,60766.0,208060.883
2024-07-15 00:00:00+00:00,60797.91,64900.0,60632.3,64724.14,38690.9782,60766.0,64870.7,60622.6,64680.6,352222.181
2024-07-16 00:00:00+00:00,64724.06,65388.97,62373.24,65043.99,42530.52915,64680.6,65388.0,62350.0,65010.0,375258.616
2024-07-17 00:00:00+00:00,65044.0,66128.63,63854.0,64087.99,29567.52954,65010.0,66100.0,63823.0,64055.7,276656.393
2024-07-18 00:00:00+00:00,64087.99,65133.3,63238.48,63987.92,22568.7225,64055.8,65173.8,63206.4,63959.9,215648.157
2024-07-19 00:00:00+00:00,63987.92,67386.0,63300.67,66660.0,35634.72739,63960.0,67362.8,63266.2,66627.9,311859.805
2024-07-20 00:00:00+00:00,66660.01,67598.0,66222.46,67139.96,14386.92434,66627.9,67648.7,66159.1,67095.6,123564.406
2024-07-21 00:00:00+00:00,67139.97,68366.66,65777.0,68165.34,21819.11191,67095.6,68351.2,65750.0,68138.0,207228.372
2024-07-22 00:00:00+00:00,68165.35,68474.55,66559.97,67532.01,21451.04303,68138.0,68459.7,66538.6,67499.2,192991.391
2024-07-23 00:00:00+00:00,67532.0,67750.98,65441.08,65936.01,31406.15316,67499.2,67729.3,65416.5,65916.4,270430.68
2024-07-24 00:00:00+00:00,65936.0,67102.01,65111.0,65376.0,23082.56277,65916.3,67087.3,65040.5,65350.8,215079.421
2024-07-25 00:00:00+00:00,65376.01,66175.49,63456.7,65799.95,35126.42934,65350.7,66144.0,63456.7,65773.0,319685.441
2024-07-26 00:00:00+00:00,65799.95,68200.0,65722.63,67907.99,24244.36023,65773.0,68200.0,65688.2,67882.5,235384.526
2024-07-27 00:00:00+00:00,67908.0,69399.99,66650.0,67896.5,31710.21921,67882.5,69381.7,66624.5,67873.8,330982.647
2024-07-28 00:00:00+00:00,67896.49,68318.43,67066.66,68249.88,10868.69394,67873.7,68300.0,67037.0,68215.5,116913.935
2024-07-29 00:00:00+00:00,68249.88,70079.99,66428.0,66784.69,36467.29633,68215.5,70081.0,66365.8,66750.0,372537.81799999997
2024-07-30 00:00:00+00:00,66784.68,67000.0,65302.67,66188.0,23132.25441,66750.1,66966.6,65254.5,66159.3,246551.044
2024-07-31 00:00:00+00:00,66188.0,66849.24,64530.0,64628.0,22625.43905,66159.3,66826.3,64500.4,64601.8,246389.446
2024-08-01 00:00:00+00:00,64628.01,65659.78,62302.0,65354.02,35542.26854,64601.8,65650.0,62271.2,65328.9,372654.59
2024-08-02 00:00:00+00:00,65354.02,65596.14,61230.01,61498.33,38820.42937,65329.0,65577.0,61200.2,61483.7,421628.42
2024-08-03 00:00:00+00:00,61498.34,62198.22,59850.0,60697.99,28034.71567,61483.7,62166.0,59800.0,60684.6,290469.956
2024-08-04 00:00:00+00:00,60697.99,61117.63,57122.77,58161.0,31616.52003,60684.5,61089.5,57040.0,58144.5,339512.415
2024-08-05 00:00:00+00:00,58161.0,58305.59,49000.0,54018.81,162065.59186,58144.5,58286.9,48888.0,54003.1,1281982.025
2024-08-06 00:00:00+00:00,54018.82,57040.99,53950.0,56022.01,55884.77676,54003.5,56999.9,53925.3,55991.2,435953.439
2024-08-07 00:00:00+00:00,56022.0,57736.05,54558.62,55134.16,44269.37684,55991.3,57699.0,54519.8,55102.9,377442.54
2024-08-08 00:00:00+00:00,55133.76,62745.14,54730.0,61685.99,48349.52949,55102.9,62737.2,54672.4,61659.8,470117.50800000003
2024-08-09 00:00:00+00:00,61686.0,61744.37,59535.0,60837.99,30972.48017,61659.8,61726.0,59500.0,60808.6,308674.339
2024-08-10 00:00:00+00:00,60837.99,61470.58,60242.0,60923.51,9995.20621,60808.6,61450.0,60208.5,60889.9,115593.354
2024-08-11 00:00:00+00:00,60923.51,61858.0,58286.73,58712.59,19189.845119999998,60889.8,62000.0,58255.4,58693.1,202539.076
2024-08-12 00:00:00+00:00,58712.59,60711.09,57642.21,59346.64,37009.91743,58693.1,60666.0,57615.0,59323.6,367126.29
2024-08-13 00:00:00+00:00,59346.64,61578.1,58392.88,60587.15,27858.95851,59323.7,61545.0,58360.0,60550.5,255934.721
2024-08-14 00:00:00+00:00,60587.16,61800.0,58433.18,58683.39,28422.76326,60550.4,61839.7,58367.2,58648.1,295662.808
2024-08-15 00:00:00+00:00,58683.39,59849.38,56078.54,57541.06,37686.17622,58648.1,59820.0,55969.0,57511.0,360815.946
2024-08-16 00:00:00+00:00,57541.05,59817.76,57098.62,58874.6,27610.84344,57511.1,59780.2,57062.1,58854.9,268756.529
2024-08-17 00:00:00+00:00,58874.59,59700.0,58785.05,59491.99,7721.72931,58854.9,59690.2,58769.4,59468.5,77085.532
2024-08-18 00:00:00+00:00,59491.99,60284.99,58408.92,58427.35,13634.85717,59468.5,60250.0,58352.0,58390.0,149660.264
2024-08-19 00:00:00+00:00,58427.35,59617.63,57787.3,59438.5,22809.31251,58390.1,59585.4,57750.0,59398.5,214043.139
2024-08-20 00:00:00+00:00,59438.5,61400.0,58548.23,59013.8,31477.44548,59398.4,61386.0,58501.1,58982.9,287049.13
2024-08-21 00:00:00+00:00,59013.8,61820.93,58783.47,61156.03,27983.6422,58982.7,61793.9,58728.9,61120.0,270583.679
2024-08-22 00:00:00+00:00,61156.03,61400.0,59724.87,60375.84,21241.20588,61120.0,61392.0,59677.6,60349.9,211098.959
2024-08-23 00:00:00+00:00,60375.83,64955.0,60342.14,64037.24,38118.07089,60349.9,65000.0,60301.5,64019.9,382490.70900000003
2024-08-24 00:00:00+00:00,64037.24,64494.5,63531.0,64157.01,15857.15616,64020.0,64472.5,63522.7,64116.5,132741.902
2024-08-25 00:00:00+00:00,64157.02,65000.0,63773.27,64220.0,12305.47977,64116.6,65175.4,63731.3,64190.2,115546.888
2024-08-26 00:00:00+00:00,64219.99,64481.0,62800.0,62834.0,19470.05276,64190.1,64455.8,62750.2,62807.6,195977.222
2024-08-27 00:00:00+00:00,62834.0,63212.0,58034.01,59415.0,35135.94178,62807.7,63196.0,57928.2,59384.5,339269.805
2024-08-28 00:00:00+00:00,59415.0,60234.98,57860.0,59034.9,36868.54275,59384.4,60197.8,57820.0,59010.0,313788.567
2024-08-29 00:00:00+00:00,59034.9,61166.99,58713.09,59359.01,27020.90743,59010.0,61144.9,58655.0,59323.2,233896.685
2024-08-30 00:00:00+00:00,59359.0,59944.07,57701.1,59123.99,28519.32195,59323.3,59914.9,57525.0,59096.3,268276.469
2024-08-31 00:00:00+00:00,59123.99,59462.38,58744.0,58973.99,8798.409,59096.4,59436.0,58700.0,58941.9,68866.674
2024-09-01 00:00:00+00:00,58974.0,59076.59,57201.0,57301.86,20705.15741,58941.9,59052.7,57123.0,57268.1,222909.914
2024-09-02 00:00:00+00:00,57301.77,59425.69,57128.0,59132.13,22895.01461,57268.1,59412.3,57093.0,59112.1,201218.384
2024-09-03 00:00:00+00:00,59132.12,59809.65,57415.0,57487.73,22828.18447,59112.2,59790.0,57320.0,57451.9,230196.497
2024-09-04 00:00:00+00:00,57487.74,58519.0,55606.0,57970.9,35560.82146,57452.0,58500.0,55555.0,57944.8,326983.311
2024-09-05 00:00:00+00:00,57970.9,58327.07,55643.65,56180.0,27806.91413,57944.8,58318.9,55600.0,56145.7,294703.592
2024-09-06 00:00:00+00:00,56180.0,57008.0,52550.0,53962.97,54447.76826,56145.7,57000.0,52510.8,53927.7,479063.113
2024-09-07 00:00:00+00:00,53962.97,54850.0,53745.54,54160.86,16694.04774,53927.7,54820.2,53725.0,54134.9,127686.594
2024-09-08 00:00:00+00:00,54160.86,55318.0,53629.01,54869.95,16274.14779,54134.9,55300.0,53596.5,54839.6,162078.536
2024-09-09 00:00:00+00:00,54869.95,58088.0,54591.96,57042.0,32384.51737,54839.6,58153.2,54557.0,57010.0,313094.361
2024-09-10 00:00:00+00:00,57042.01,58044.36,56386.4,57635.99,23626.78126,57010.1,58033.2,56361.0,57609.1,228317.676
2024-09-11 00:00:00+00:00,57635.99,57981.71,55545.19,57338.0,33026.56757,57609.2,57954.4,55515.2,57306.0,338231.445
2024-09-12 00:00:00+00:00,57338.0,58588.0,57324.0,58132.32,31074.40631,57305.6,58606.6,57283.1,58097.0,261449.688
2024-09-13 00:00:00+00:00,58132.31,60625.0,57632.62,60498.0,29825.23333,58097.1,60597.0,57594.0,60456.2,277429.492
2024-09-14 00:00:00+00:00,60497.99,60610.45,59400.0,59993.03,12137.90901,60456.2,60572.9,59360.1,59964.0,102580.577
2024-09-15 00:00:00+00:00,59993.02,60395.8,58691.05,59132.0,13757.92361,59963.9,60369.4,58654.0,59100.5,130524.206
2024-09-16 00:00:00+00:00,59132.0,59210.7,57493.3,58213.99,26477.5642,59100.5,59182.2,57446.3,58187.0,250699.432
2024-09-17 00:00:00+00:00,58213.99,61320.0,57610.01,60313.99,33116.258780000004,58187.0,61345.0,57588.8,60281.0,318442.066
2024-09-18 00:00:00+00:00,60313.99,61786.24,59174.8,61759.99,36087.02469,60281.0,61765.0,59138.0,61735.3,355729.312
2024-09-19 00:00:00+00:00,61759.98,63850.0,61555.0,62947.99,34332.52608,61735.3,63830.1,61534.0,62926.9,302382.412
2024-09-20 00:00:00+00:00,62948.0,64133.32,62350.0,63201.05,25466.37794,62926.9,64126.7,62320.0,63175.7,257172.835
2024-09-21 00:00:00+00:00,63201.05,63559.9,62758.0,63348.96,8375.34608,63175.8,63546.9,62714.2,63320.6,78248.362
2024-09-22 00:00:00+00:00,63348.97,64000.0,62357.93,63578.76,14242.19892,63320.6,64000.0,62339.0,63558.4,149129.884
2024-09-23 00:00:00+00:00,63578.76,64745.88,62538.75,63339.99,24078.05287,63558.5,64724.8,62534.4,63302.0,234343.564
2024-09-24 00:00:00+00:00,63339.99,64688.0,62700.0,64262.7,23185.04759,63302.1,64666.0,62688.2,64243.1,236987.628
2024-09-25 00:00:00+00:00,64262.7,64817.99,62947.08,63152.01,17813.11168,64243.2,64800.0,62910.0,63118.4,184950.772
2024-09-26 00:00:00+00:00,63152.01,65839.0,62670.0,65173.99,28373.30593,63118.3,65800.0,62634.4,65139.2,321186.35599999997
2024-09-27 00:00:00+00:00,65173.99,66498.0,64819.9,65769.95,22048.80487,65139.1,66450.0,64788.0,65749.6,226404.021
2024-09-28 00:00:00+00:00,65769.95,66260.0,65422.23,65858.0,9127.23316,65749.5,66237.0,65368.1,65822.6,92773.553
2024-09-29 00:00:00+00:00,65858.0,66076.12,65432.0,65602.01,8337.74111,65822.7,66059.3,65400.0,65568.1,88131.799
2024-09-30 00:00:00+00:00,65602.01,65618.8,62856.3,63327.59,30011.08752,65568.2,65588.8,62825.0,63309.1,296848.373
2024-10-01 00:00:00+00:00,63327.6,64130.63,60164.0,60805.78,43671.48108,63309.0,64092.6,60128.2,60776.8,429817.835
2024-10-02 00:00:00+00:00,60804.92,62390.31,60000.0,60649.28,31534.70118,60776.7,62355.0,59934.9,60622.6,327001.805
2024-10-03 00:00:00+00:00,60649.27,61477.19,59828.11,60752.71,26221.43472,60622.7,61452.6,59815.0,60727.2,286137.212
2024-10-04 00:00:00+00:00,60752.72,62484.85,60459.9,62086.0,21294.65994,60727.1,62457.1,60434.1,62054.4,234795.836
2024-10-05 00:00:00+00:00,62086.0,62370.56,61689.26,62058.0,7807.46141,62054.3,62344.0,61648.0,62023.1,74330.781
2024-10-06 00:00:00+00:00,62058.01,62975.0,61798.97,62819.91,8906.86177,62023.1,62961.5,61778.9,62789.3,96413.453
2024-10-07 00:00:00+00:00,62819.91,64478.19,62128.0,62224.0,25966.1852,62789.2,64448.2,62091.8,62190.7,298949.375
2024-10-08 00:00:00+00:00,62224.01,63200.0,61860.31,62160.49,19702.223710000002,62190.6,63178.7,61836.0,62131.7,226276.359
2024-10-09 00:00:00+00:00,62160.5,62543.75,60301.0,60636.02,20011.15684,62131.8,62520.9,60251.9,60606.4,217302.173
2024-10-10 00:00:00+00:00,60636.01,61321.68,58946.0,60326.39,23967.92481,60606.3,61297.0,58900.0,60293.2,262947.653
2024-10-11 00:00:00+00:00,60326.4,63417.56,60087.64,62540.0,23641.35209,60293.3,63400.0,60057.8,62509.0,263691.142
2024-10-12 00:00:00+00:00,62539.99,63480.0,62487.23,63206.22,10911.30116,62509.0,63462.6,62458.0,63176.0,102784.406
2024-10-13 00:00:00+00:00,63206.23,63285.72,62050.0,62870.02,11909.21995,63176.0,63260.0,62020.0,62839.8,129696.156
2024-10-14 00:00:00+00:00,62870.02,66500.0,62457.81,66083.99,37669.95222,62839.7,66533.0,62420.0,66064.9,338251.60099999997
2024-10-15 00:00:00+00:00,66084.0,67950.0,64800.01,67074.14,43683.95423,66064.9,67953.7,64771.7,67044.1,422005.511
2024-10-16 00:00:00+00:00,67074.14,68424.0,66750.49,67620.01,29938.25544,67044.0,68400.0,66724.2,67592.0,254153.50100000002
2024-10-17 00:00:00+00:00,67620.0,67939.4,66666.0,67421.78,25328.22861,67592.0,67925.9,66600.0,67401.5,220272.837
2024-10-18 00:00:00+00:00,67421.78,69000.0,67192.36,68428.0,28725.635,67401.5,69000.0,67165.0,68407.8,245301.761
2024-10-19 00:00:00+00:00,68427.99,68693.26,68010.0,68378.0,8193.66737,68407.8,68684.9,68000.0,68357.1,68632.10800000001
2024-10-20 00:00:00+00:00,68377.99,69400.0,68100.0,69031.99,12442.47378,68357.1,69425.8,68069.8,69020.1,105939.492
2024-10-21 00:00:00+00:00,69032.0,69519.52,66840.67,67377.5,31374.42184,69020.2,69566.0,66865.9,67368.8,253437.333
2024-10-22 00:00:00+00:00,67377.5,67836.01,66571.42,67426.0,24598.96268,67368.7,67825.0,66536.5,67406.4,218518.977
2024-10-23 00:00:00+00:00,67426.01,67472.83,65260.0,66668.65,25530.2407,67406.5,67449.0,65222.3,66647.2,248215.058
2024-10-24 00:00:00+00:00,66668.65,68850.0,66510.0,68198.28,22589.83877,66647.3,68842.5,66482.0,68173.8,212340.722
2024-10-25 00:00:00+00:00,68198.27,68771.49,65596.29,66698.33,34479.71125,68173.8,68748.0,65557.2,66662.8,348511.871
2024-10-26 00:00:00+00:00,66698.32,67454.55,66439.9,67092.76,11842.9077,66662.7,67450.0,66414.1,67071.8,94169.992
2024-10-27 00:00:00+00:00,67092.76,68332.05,66913.73,68021.7,8653.19592,67071.9,68306.1,66909.4,67992.6,88468.808
2024-10-28 00:00:00+00:00,68021.69,70270.0,67618.0,69962.21,29046.75459,67992.7,70331.0,67584.2,69940.0,261419.022
2024-10-29 00:00:00+00:00,69962.21,73620.12,69760.0,72736.42,50128.60594,69939.9,73660.0,69733.0,72739.5,382502.06
2024-10-30 00:00:00+00:00,72736.41,72961.0,71436.0,72344.74,26885.99056,72739.5,72984.9,71444.2,72349.0,227108.808
2024-10-31 00:00:00+00:00,72344.75,72700.0,69685.76,70292.01,29352.10297,72349.0,72720.3,69705.0,70321.9,256485.328
2024-11-01 00:00:00+00:00,70292.01,71632.95,68820.14,69496.01,38301.86755,70321.9,71650.0,68822.5,69495.5,352591.088
2024-11-02 00:00:00+00:00,69496.0,69914.37,69000.14,69374.74,10521.67243,69495.4,69913.1,69022.8,69366.6,79314.105
2024-11-03 00:00:00+00:00,69374.74,69391.0,67478.73,68775.99,24995.70243,69366.6,69393.7,67446.6,68762.5,226477.376
2024-11-04 00:00:00+00:00,68775.99,69500.0,66835.0,67850.01,29800.39187,68762.5,69495.3,66810.0,67834.3,244912.166
2024-11-05 00:00:00+00:00,67850.01,70577.91,67476.63,69372.01,33355.06888,67834.4,70537.4,67454.2,69353.1,273070.87
2024-11-06 00:00:00+00:00,69372.01,76400.0,69298.0,75571.99,104126.994787,69353.1,76420.0,69272.7,75579.9,677440.286
2024-11-07 00:00:00+00:00,75571.99,76849.99,74416.0,75857.89,44869.422345,75579.9,76900.0,74450.0,75859.4,280675.033
2024-11-08 00:00:00+00:00,75857.89,77199.99,75555.0,76509.78,36521.099583,75859.4,77182.9,75576.3,76482.2,230370.324
2024-11-09 00:00:00+00:00,76509.78,76900.0,75714.66,76677.46,16942.07915,76482.2,76920.0,75683.2,76675.1,117754.034
2024-11-10 00:00:00+00:00,76677.46,81500.0,76492.0,80370.01,61830.100435,76675.1,81699.8,76501.1,80410.0,417426.899
2024-11-11 00:00:00+00:00,80370.01,89530.54,80216.01,88647.99,82323.665776,80409.9,89800.0,80261.2,88728.9,614141.662
2024-11-12 00:00:00+00:00,88648.0,89940.0,85072.0,87952.01,97299.887911,88729.0,90070.1,85159.9,87972.0,639481.584
2024-11-13 00:00:00+00:00,87952.0,93265.64,86127.99,90375.2,86763.854127,87972.0,93421.1,86180.0,90413.3,555288.297
2024-11-14 00:00:00+00:00,90375.21,91790.0,86668.21,87325.59,56729.51086,90413.3,91846.1,86714.0,87382.7,364621.68
2024-11-15 00:00:00+00:00,87325.59,91850.0,87073.38,91032.07,47927.95068,87382.6,91921.5,87111.0,91074.6,314431.908
2024-11-16 00:00:00+00:00,91032.08,91779.66,90056.17,90586.92,22717.87689,91074.6,91849.8,90120.0,90643.3,129023.447
2024-11-17 00:00:00+00:00,90587.98,91449.99,88722.0,89855.99,23867.55609,90643.2,91539.6,88736.1,89899.9,167504.792
2024-11-18 00:00:00+00:00,89855.98,92594.0,89376.9,90464.08,46545.03448,89900.0,92700.0,89422.1,90507.4,333557.11
2024-11-19 00:00:00+00:00,90464.07,93905.51,90357.0,92310.79,43660.04682,90507.4,93985.9,90405.6,92335.9,303532.031
2024-11-20 00:00:00+00:00,92310.8,94831.97,91500.0,94286.56,42203.198712,92335.9,94849.0,91500.0,94288.0,290044.227
2024-11-21 00:00:00+00:00,94286.56,98988.0,94040.0,98317.12,69228.360477,94288.0,99100.0,94008.7,98366.8,418383.136
2024-11-22 00:00:00+00:00,98317.12,99588.01,97122.11,98892.0,46189.309243,98366.8,99660.0,97199.9,98921.4,265774.067
2024-11-23 00:00:00+00:00,98892.0,98908.85,97136.0,97672.4,24757.84367,98921.5,98937.3,97173.5,97725.5,120358.422
2024-11-24 00:00:00+00:00,97672.4,98564.0,95734.77,97900.04,31200.97838,97725.6,98666.0,95822.1,97960.4,173118.84
2024-11-25 00:00:00+00:00,97900.05,98871.8,92600.19,93010.01,50847.45096,97960.5,98999.0,92666.0,93064.0,329375.021
2024-11-26 00:00:00+00:00,93010.01,94973.37,90791.1,91965.16,57858.73138,93064.0,95064.0,90866.4,92021.4,344929.233
2024-11-27 00:00:00+00:00,91965.16,97208.21,91792.14,95863.11,41153.42734,92021.5,97250.0,91864.0,95905.2,237005.987
2024-11-28 00:00:00+00:00,95863.11,96564.0,94640.0,95643.98,28814.54357,95905.2,96627.6,94700.1,95694.4,154007.026
2024-11-29 00:00:00+00:00,95643.99,98619.99,95364.99,97460.0,27701.78231,95694.4,98713.3,95404.5,97516.3,190520.949
2024-11-30 00:00:00+00:00,97460.0,97463.95,96092.01,96407.99,14503.83306,97516.2,97522.1,96150.0,96475.1,93074.218
2024-12-01 00:00:00+00:00,96407.99,97836.0,95693.88,97185.18,16938.60452,96475.2,97933.0,95736.5,97265.1,113222.99
2024-12-02 00:00:00+00:00,97185.17,98130.0,94395.0,95840.62,37958.66981,97265.0,98266.0,94400.0,95890.5,257613.911
2024-12-03 00:00:00+00:00,95840.61,96305.52,93578.17,95849.69,35827.32283,95890.6,96375.0,93605.0,95913.3,206601.98
2024-12-04 00:00:00+00:00,95849.69,99000.0,94587.83,98587.32,43850.53728,95913.3,99099.9,94650.8,98669.8,275949.205
2024-12-05 00:00:00+00:00,98587.32,104088.0,90500.0,96945.63,109921.729662,98669.8,104630.4,90200.0,97001.5,580277.3910000001
2024-12-06 00:00:00+00:00,96945.63,101898.99,95981.72,99740.84,45049.5331,97001.6,101988.8,96429.5,99802.5,282369.608
2024-12-07 00:00:00+00:00,99740.84,100439.18,98844.0,99831.99,14931.9459,99802.5,100499.0,98876.9,99899.2,95858.658
2024-12-08 00:00:00+00:00,99831.99,101351.0,98657.7,101109.59,14612.99688,99899.2,101457.9,98709.4,101200.0,109755.676
2024-12-09 00:00:00+00:00,101109.6,101215.93,94150.05,97276.47,53949.11595,101200.1,101300.0,94039.7,97349.1,326973.59
2024-12-10 00:00:00+00:00,97276.48,98270.0,94256.54,96593.0,51708.68933,97349.1,98320.6,94265.5,96602.4,291490.744
2024-12-11 00:00:00+00:00,96593.0,101888.0,95658.24,101125.0,37753.78291,96602.3,101880.0,95650.0,101115.3,221807.70500000002
2024-12-12 00:00:00+00:00,101125.0,102540.0,99311.64,100004.29,29232.08745,101115.3,102538.4,99280.2,99982.4,215219.075
2024-12-13 00:00:00+00:00,100004.29,101895.26,99205.0,101424.25,21904.03923,99982.3,101869.5,99149.6,101371.9,152437.318
2024-12-14 00:00:00+00:00,101424.24,102650.0,100609.41,101420.0,14191.70326,101371.9,102638.0,100559.8,101381.0,107680.549
2024-12-15 00:00:00+00:00,101420.0,105250.0,101237.14,104463.99,22228.921775,101381.0,105374.6,101200.1,104460.4,157733.916
2024-12-16 00:00:00+00:00,104463.99,107793.07,103333.0,106058.66,41302.40274,104460.5,107777.0,103264.6,106023.2,274395.756
2024-12-17 00:00:00+00:00,106058.65,108353.0,105321.49,106133.74,29064.936466,106023.2,108366.8,105252.0,106074.6,197773.912
2024-12-18 00:00:00+00:00,106133.74,106524.98,100000.0,100204.01,50307.99755,106074.6,106484.6,99951.1,100181.1,328581.935
2024-12-19 00:00:00+00:00,100204.01,102800.11,95700.0,97461.86,55147.398,100181.2,102756.7,95681.2,97434.4,372968.463
2024-12-20 00:00:00+00:00,97461.86,98233.0,92232.54,97805.44,62884.1357,97434.3,98243.0,92272.6,97764.4,396188.795
2024-12-21 00:00:00+00:00,97805.44,99540.61,96398.39,97291.99,23483.54143,97764.5,99485.0,96375.0,97261.8,161258.48
2024-12-22 00:00:00+00:00,97292.0,97448.08,94250.35,95186.27,19353.83036,97261.7,97437.9,94200.0,95153.5,148114.735
2024-12-23 00:00:00+00:00,95186.28,96538.92,92520.0,94881.47,32810.76703,95153.4,96499.0,92464.4,94861.1,247211.855
2024-12-24 00:00:00+00:00,94881.47,99487.99,93569.02,98663.58,23674.22488,94861.0,99450.0,93525.6,98627.2,211610.632
2024-12-25 00:00:00+00:00,98663.58,99569.15,97632.02,99429.6,14474.1651,98626.9,99580.7,97570.0,99379.7,124696.892
2024-12-26 00:00:00+00:00,99429.61,99963.7,95199.14,95791.6,21192.36727,99379.6,99950.0,95153.0,95751.0,194857.651
2024-12-27 00:00:00+00:00,95791.6,97544.58,93500.01,94299.03,26501.26429,95750.9,97564.5,93440.0,94258.9,206008.243
2024-12-28 00:00:00+00:00,94299.03,95733.99,94135.66,95300.0,8385.8929,94258.9,95700.0,94100.0,95259.1,67991.349
2024-12-29 00:00:00+00:00,95300.0,95340.0,93009.52,93738.2,13576.00578,95259.1,95300.0,92961.8,93700.0,95047.934
2024-12-30 00:00:00+00:00,93738.19,95024.5,91530.45,92792.05,27619.4225,93699.9,95031.6,91510.0,92759.3,222343.593
2024-12-31 00:00:00+00:00,92792.05,96250.0,92033.73,93576.0,19612.03389,92759.3,96254.3,92000.0,93548.9,178648.116
2025-01-01 00:00:00+00:00,93576.0,95151.15,92888.0,94591.79,10373.32613,93548.8,95161.2,92796.5,94580.9,91236.66
2025-01-02 00:00:00+00:00,94591.78,97839.5,94392.0,96984.79,21970.48948,94580.9,97822.4,94357.4,96967.5,181645.495
2025-01-03 00:00:00+00:00,96984.79,98976.91,96100.01,98174.18,15253.82936,96967.6,98949.0,96061.5,98145.7,125220.674
2025-01-04 00:00:00+00:00,98174.17,98778.43,97514.79,98220.5,8990.05651,98145.7,98760.9,97438.2,98173.2,71914.634
2025-01-05 00:00:00+00:00,98220.51,98836.85,97276.79,98363.61,8095.63723,98173.2,98852.6,97227.0,98340.2,74949.289
2025-01-06 00:00:00+00:00,98363.61,102480.0,97920.0,102235.6,25263.43375,98340.2,102444.0,97872.6,102180.4,207493.329
2025-01-07 00:00:00+00:00,102235.6,102724.38,96181.81,96954.61,32059.875369999998,102180.5,102762.1,96153.0,96920.3,258711.309
2025-01-08 00:00:00+00:00,96954.6,97268.65,92500.9,95060.61,33704.67894,96920.2,97242.2,92500.0,95014.1,262012.113
2025-01-09 00:00:00+00:00,95060.61,95382.32,91203.67,92552.49,34544.83685,95014.0,95358.7,91055.8,92505.9,257760.902
2025-01-10 00:00:00+00:00,92552.49,95836.0,92206.02,94726.11,31482.86424,92506.0,95882.5,92173.6,94675.5,261942.954
2025-01-11 00:00:00+00:00,94726.1,95050.94,93831.73,94599.99,7047.9043,94675.6,94988.0,93802.1,94562.5,64661.763
2025-01-12 00:00:00+00:00,94599.99,95450.1,93711.19,94545.06,8606.86622,94562.4,95444.0,93661.1,94499.9,77298.133
2025-01-13 00:00:00+00:00,94545.07,95940.0,89256.69,94536.1,42619.564229999996,94499.9,95934.5,88909.0,94485.3,361150.49
2025-01-14 00:00:00+00:00,94536.11,97371.0,94346.22,96560.86,27846.61753,94485.4,97353.9,94305.4,96514.9,212859.661
2025-01-15 00:00:00+00:00,96560.85,100681.94,96500.0,100497.35,30509.99179,96514.9,100658.9,96450.2,100460.0,222417.566
2025-01-16 00:00:00+00:00,100497.35,100866.66,97335.13,99987.3,27832.85317,100460.0,100850.0,97293.6,99937.4,216802.52
2025-01-17 00:00:00+00:00,99987.3,105865.22,99950.77,104077.48,39171.85292,99937.4,105784.0,99902.0,104042.5,249449.969
2025-01-18 00:00:00+00:00,104077.47,104988.88,102277.55,104556.23,24307.82998,104042.6,104962.1,102242.8,104524.3,167940.092
2025-01-19 00:00:00+00:00,104556.23,106422.43,99651.6,101331.57,43397.282979999996,104524.3,106450.0,99600.0,101311.5,280949.178
2025-01-20 00:00:00+00:00,101331.57,109588.0,99550.0,102260.01,89529.231732,101311.5,110000.0,99501.0,102247.6,530508.18
2025-01-21 00:00:00+00:00,102260.0,107240.81,100119.04,106143.82,45941.02002,102247.7,107241.6,100097.2,106114.5,273296.828
2025-01-22 00:00:00+00:00,106143.82,106394.46,103339.12,103706.66,22248.69254,106115.4,106390.0,103211.6,103664.9,151243.528
2025-01-23 00:00:00+00:00,103706.66,106850.0,101262.28,103910.34,53953.12031,103664.9,106840.2,101211.0,103864.1,418154.01900000003
2025-01-24 00:00:00+00:00,103910.35,107120.0,102750.0,104870.5,23609.24017,103864.0,107076.5,102680.0,104808.1,165746.95
2025-01-25 00:00:00+00:00,104870.51,105286.52,104106.09,104746.85,9068.32377,104808.0,105274.7,104040.6,104702.0,65630.163
2025-01-26 00:00:00+00:00,104746.86,105500.0,102520.44,102620.0,9812.51238,104702.0,105496.9,102450.3,102560.1,75787.087
2025-01-27 00:00:00+00:00,102620.01,103260.0,97777.77,102082.83,50758.1341,102560.0,103216.5,97680.0,102021.3,325689.874
2025-01-28 00:00:00+00:00,102082.83,103800.0,100272.68,101335.52,22022.05765,102021.3,103797.0,100235.0,101279.6,169917.261
2025-01-29 00:00:00+00:00,101335.52,104782.68,101328.01,103733.24,23155.35802,101279.7,104755.0,101269.7,103698.2,169989.952
2025-01-30 00:00:00+00:00,103733.25,106457.44,103278.54,104722.94,19374.07472,103698.1,106450.0,103224.5,104676.9,136967.4
2025-01-31 00:00:00+00:00,104722.94,106012.0,101560.0,102429.56,21983.18193,104676.9,106000.0,101509.0,102379.7,172237.817
2025-02-01 00:00:00+00:00,102429.56,102783.71,100279.51,100635.65,12290.95747,102379.8,102734.9,100215.0,100603.6,90863.091
2025-02-02 00:00:00+00:00,100635.66,101456.6,96150.0,97700.59,34619.49939,100603.6,101426.0,96029.6,97664.5,232934.693
2025-02-03 00:00:00+00:00,97700.59,102500.01,91231.0,101328.52,75164.7385,97664.5,102456.0,91130.3,101293.7,455088.034
2025-02-04 00:00:00+00:00,101328.51,101732.31,96150.0,97763.13,40267.98697,101293.6,101729.3,96100.0,97709.9,262746.203
2025-02-05 00:00:00+00:00,97763.14,99149.0,96155.0,96612.43,26233.30444,97710.0,99124.2,96106.1,96553.2,151379.666
2025-02-06 00:00:00+00:00,96612.44,99120.0,95676.64,96554.35,23515.20405,96553.2,99093.0,95613.5,96515.1,161521.013
2025-02-07 00:00:00+00:00,96554.35,100137.99,95620.34,96506.8,31794.22065,96515.0,100112.4,95555.0,96454.5,223373.62900000002
2025-02-08 00:00:00+00:00,96506.8,96880.0,95688.0,96444.74,10147.24294,96454.5,96850.0,95600.0,96411.9,69050.432
2025-02-09 00:00:00+00:00,96444.75,97323.09,94713.0,96462.75,14120.91613,96412.0,97301.7,94650.1,96423.6,101177.28600000001
2025-02-10 00:00:00+00:00,96462.75,98345.0,95256.0,97430.82,20572.87537,96423.6,98328.0,95200.1,97379.2,132932.545
2025-02-11 00:00:00+00:00,97430.82,98478.42,94876.88,95778.2,18647.76379,97379.2,98482.2,94814.3,95731.4,154832.904
2025-02-12 00:00:00+00:00,95778.21,98119.99,94088.23,97869.99,29151.166250000002,95731.4,98090.9,94003.9,97816.3,202448.079
2025-02-13 00:00:00+00:00,97870.0,98083.91,95217.36,96608.14,19921.77616,97816.3,98053.8,95160.1,96560.6,142240.526
2025-02-14 00:00:00+00:00,96608.13,98826.0,96252.82,97500.48,18173.02646,96560.6,98792.8,96225.7,97445.1,144452.957
2025-02-15 00:00:00+00:00,97500.47,97972.26,97223.58,97569.66,7349.37683,97445.2,97941.2,97170.0,97538.0,47418.593
2025-02-16 00:00:00+00:00,97569.67,97704.47,96046.18,96118.12,8191.4249,97538.0,97665.8,96002.0,96067.0,56684.873
2025-02-17 00:00:00+00:00,96118.12,97046.59,95205.0,95780.0,16492.0451,96067.0,97000.0,95150.6,95743.2,105576.986
2025-02-18 00:00:00+00:00,95780.01,96753.91,93388.09,95671.74,23368.19471,95743.1,96737.3,93321.6,95622.0,179173.362
2025-02-19 00:00:00+00:00,95671.74,96899.99,95029.99,96644.37,16438.50954,95622.0,96878.7,95012.5,96598.0,124996.873
2025-02-20 00:00:00+00:00,96644.37,98711.36,96415.09,98305.0,17057.39177,96597.9,98662.1,96366.0,98252.9,129180.172
2025-02-21 00:00:00+00:00,98305.01,99475.0,94871.95,96181.98,32249.2814,98252.8,99431.5,94830.4,96127.9,250618.273
2025-02-22 00:00:00+00:00,96181.99,96980.0,95770.49,96551.01,11268.17708,96128.0,96988.0,95701.9,96503.3,65792.15
2025-02-23 00:00:00+00:00,96551.01,96650.0,95227.94,96258.0,10884.84913,96503.3,96602.9,95180.2,96218.4,69298.691
2025-02-24 00:00:00+00:00,96258.0,96500.0,91349.26,91552.88,31550.10299,96218.4,96470.0,91300.0,91514.5,217488.75
2025-02-25 00:00:00+00:00,91552.88,92540.69,86050.99,88680.4,78333.11111,91514.5,92500.0,86020.4,88639.1,472296.502
2025-02-26 00:00:00+00:00,88680.39,89414.15,82256.01,84250.09,56893.54409,88639.1,89367.1,82222.0,84208.5,401141.821
2025-02-27 00:00:00+00:00,84250.09,87078.46,82716.49,84708.58,42505.45439,84208.6,87066.0,82667.0,84668.1,269408.53
2025-02-28 00:00:00+00:00,84708.57,85120.0,78258.52,84349.94,83648.03969,84668.2,85084.5,78200.2,84299.6,536343.231
2025-03-01 00:00:00+00:00,84349.95,86558.0,83824.78,86064.53,25785.054640000002,84299.6,86516.5,83779.0,86007.7,146996.671
2025-03-02 00:00:00+00:00,86064.54,95000.0,85050.6,94270.0,54889.09045,86007.7,94971.0,85015.0,94222.8,364711.538
2025-03-03 00:00:00+00:00,94269.99,94416.46,85117.11,86220.61,59171.10218,94222.0,94373.4,85029.0,86192.7,436032.402
2025-03-04 00:00:00+00:00,86221.16,88967.52,81500.0,87281.98,55609.10706,86193.3,88931.0,81200.0,87245.9,432434.798
2025-03-05 00:00:00+00:00,87281.98,91000.0,86334.53,90606.01,38264.01163,87245.9,91000.0,86328.0,90566.1,279001.09
2025-03-06 00:00:00+00:00,90606.0,92810.64,87836.0,89931.89,34342.44902,90566.1,92780.3,87790.5,89887.8,303058.632
2025-03-07 00:00:00+00:00,89931.88,91283.02,84667.03,86801.75,57980.357130000004,89887.9,91257.7,84600.0,86753.8,452474.195
2025-03-08 00:00:00+00:00,86801.74,86897.25,85218.47,86222.45,12989.23054,86753.8,86876.5,85108.0,86184.7,96106.187
2025-03-09 00:00:00+00:00,86222.46,86500.0,80000.0,80734.37,26115.39345,86184.7,86470.6,79933.4,80688.8,221609.348
2025-03-10 00:00:00+00:00,80734.48,84123.46,77459.91,78595.86,47633.38405,80690.7,84031.5,77410.1,78567.8,416386.797
2025-03-11 00:00:00+00:00,78595.86,83617.4,76606.0,82932.99,48770.06853,78567.8,83600.0,76560.0,82896.0,390779.169
2025-03-12 00:00:00+00:00,82932.99,84539.85,80607.65,83680.12,31933.986,82896.0,84487.0,80578.5,83640.7,306171.124
2025-03-13 00:00:00+00:00,83680.12,84336.33,79939.9,81115.78,27546.274120000002,83640.7,84307.1,79903.4,81085.4,247960.052
2025-03-14 00:00:00+00:00,81115.78,85309.71,80818.84,83983.2,26858.52755,81085.5,85270.2,80772.0,83939.8,233544.708
2025-03-15 00:00:00+00:00,83983.19,84676.28,83618.0,84338.44,11324.7332,83939.9,84625.0,83564.5,84302.9,76674.97
2025-03-16 00:00:00+00:00,84338.44,85117.04,81981.12,82574.53,17596.12531,84303.0,85136.0,81925.6,82541.6,174630.7
2025-03-17 00:00:00+00:00,82574.52,84756.83,82456.0,84010.03,17214.74358,82541.6,84727.1,82384.0,83962.9,182662.082
2025-03-18 00:00:00+00:00,84010.02,84021.74,81134.66,82715.03,17610.898830000002,83963.0,83979.8,81113.5,82666.1,188897.749
2025-03-19 00:00:00+00:00,82715.03,87000.0,82547.16,86845.94,28151.05374,82666.2,86990.0,82501.8,86809.8,251961.741
2025-03-20 00:00:00+00:00,86845.93,87453.67,83655.23,84223.39,22090.30463,86809.8,87500.0,83613.6,84183.6,242943.492
2025-03-21 00:00:00+00:00,84223.38,84850.33,83175.25,84088.79,11956.97443,84183.6,84813.6,83122.0,84050.3,144422.271
2025-03-22 00:00:00+00:00,84088.79,84539.17,83625.1,83840.59,5420.22114,84050.3,84509.0,83589.5,83804.9,52218.652
2025-03-23 00:00:00+00:00,83840.59,86129.64,83809.75,86082.5,8461.97813,83804.9,86110.9,83761.2,86044.2,90899.87299999999
2025-03-24 00:00:00+00:00,86082.5,88765.43,85519.09,87498.16,30115.62111,86044.1,88752.0,85478.3,87463.4,210907.484
2025-03-25 00:00:00+00:00,87498.16,88539.63,86310.0,87392.87,22643.25248,87463.4,88500.0,86260.0,87369.8,173505.289
2025-03-26 00:00:00+00:00,87392.88,88275.0,85860.0,86909.17,18408.78485,87369.9,88270.2,85816.3,86873.8,187956.695
2025-03-27 00:00:00+00:00,86909.17,87756.39,85800.0,87232.01,17098.03897,86873.9,87722.4,85724.5,87191.2,163451.689
2025-03-28 00:00:00+00:00,87232.01,87515.67,83585.0,84424.38,27182.73169,87191.2,87470.0,83531.7,84380.8,222284.56
2025-03-29 00:00:00+00:00,84424.38,84624.73,81644.81,82648.54,11696.39864,84380.8,84589.7,81601.0,82604.7,135513.705
2025-03-30 00:00:00+00:00,82648.53,83534.64,81565.0,82389.99,9864.49508,82604.8,83490.0,81501.4,82352.8,109565.925
2025-03-31 00:00:00+00:00,82390.0,83943.08,81278.52,82550.01,20569.13885,82353.1,83895.8,81222.0,82517.5,212064.576
2025-04-01 00:00:00+00:00,82550.0,85579.46,82432.74,85158.34,20190.39697,82517.5,85595.5,82383.3,85120.9,197263.176
2025-04-02 00:00:00+00:00,85158.35,88500.0,82320.0,82516.29,39931.457,85121.0,88500.0,82300.0,82485.1,348964.378
2025-04-03 00:00:00+00:00,82516.28,83998.02,81211.24,83213.09,27337.84135,82485.1,83889.2,81172.2,83181.5,239163.519
2025-04-04 00:00:00+00:00,83213.09,84720.0,81659.0,83889.87,32915.53976,83181.7,84686.2,81624.6,83861.3,353109.206
2025-04-05 00:00:00+00:00,83889.87,84266.0,82379.95,83537.99,9360.40468,83861.4,84244.5,82333.8,83506.1,99574.204
2025-04-06 00:00:00+00:00,83537.99,83817.63,77153.83,78430.0,27942.714359999998,83506.1,83790.5,77111.0,78390.0,281191.753
2025-04-07 00:00:00+00:00,78430.0,81243.58,74508.0,79163.24,78387.53089,78390.1,81200.0,74457.0,79140.0,693843.503
2025-04-08 00:00:00+00:00,79163.24,80867.99,76239.9,76322.42,35317.32063,79140.1,80832.1,76200.1,76297.9,328409.534
2025-04-09 00:00:00+00:00,76322.42,83588.0,74620.0,82615.22,75488.28772,76298.0,83554.9,74578.5,82588.0,560649.862
2025-04-10 00:00:00+00:00,82615.22,82753.21,78464.36,79607.3,33284.80718,82587.9,82706.9,78416.0,79560.2,293662.1
2025-04-11 00:00:00+00:00,79607.3,84300.0,78969.58,83423.84,34435.43797,79560.3,84300.0,78935.5,83378.3,295777.871
2025-04-12 00:00:00+00:00,83423.83,85905.0,82792.95,85276.9,18470.74437,83378.3,85884.2,82756.0,85237.8,158002.837
2025-04-13 00:00:00+00:00,85276.91,86100.0,83034.23,83760.0,24680.04181,85237.9,86100.0,82991.5,83713.7,207038.38
2025-04-14 00:00:00+00:00,83760.0,85799.99,83678.0,84591.58,28659.09348,83713.8,85755.0,83630.9,84553.9,209349.356
2025-04-15 00:00:00+00:00,84591.58,86496.42,83600.0,83643.99,20910.99528,84553.9,86443.0,83560.0,83608.7,184522.182
2025-04-16 00:00:00+00:00,83643.99,85500.0,83111.64,84030.38,20867.24519,83608.6,85493.5,83063.9,83990.0,209441.418
2025-04-17 00:00:00+00:00,84030.38,85470.01,83736.26,84947.91,13728.84772,83990.1,85441.5,83700.0,84915.0,141033.195
2025-04-18 00:00:00+00:00,84947.92,85132.08,84303.96,84474.69,6529.96315,84914.9,85100.0,84260.0,84421.0,55218.842
2025-04-19 00:00:00+00:00,84474.7,85677.99,84364.45,85077.01,9666.58153,84421.0,85600.0,84317.2,85046.9,73380.566
2025-04-20 00:00:00+00:00,85077.0,85320.76,83949.52,85179.24,8091.67725,85046.9,85283.6,83900.0,85138.8,90651.818
2025-04-21 00:00:00+00:00,85179.24,88465.99,85144.76,87516.23,31773.37262,85138.9,88418.2,85100.0,87466.0,274069.871
2025-04-22 00:00:00+00:00,87516.22,93888.0,87076.03,93442.99,43872.74705,87466.0,94142.5,87017.5,93404.9,334005.081
2025-04-23 00:00:00+00:00,93442.99,94696.05,91935.41,93691.08,27404.16808,93404.9,94904.3,91898.0,93632.1,232748.42799999999
2025-04-24 00:00:00+00:00,93691.07,94005.0,91660.01,93980.47,19497.06071,93632.2,93980.6,91619.0,93931.6,157092.728
2025-04-25 00:00:00+00:00,93980.47,95758.04,92855.96,94638.68,27500.66648,93931.5,95769.6,92788.0,94591.8,191830.477
2025-04-26 00:00:00+00:00,94638.68,95199.0,93870.69,94628.0,9415.06875,94591.8,95157.1,93833.0,94575.7,72538.209
2025-04-27 00:00:00+00:00,94628.0,95369.0,93602.58,93749.3,11162.841,94575.7,95280.5,93547.3,93697.1,83816.183
2025-04-28 00:00:00+00:00,93749.29,95630.0,92800.01,95011.18,22157.53351,93697.0,95578.8,92700.0,94969.0,194420.71600000001
2025-04-29 00:00:00+00:00,95011.18,95461.53,93742.54,94256.82,16955.3402,94969.0,95426.4,93678.7,94200.1,147831.794
2025-04-30 00:00:00+00:00,94256.82,95228.45,92910.0,94172.0,17661.2751,94200.1,95186.5,92848.1,94125.1,170929.31
2025-05-01 00:00:00+00:00,94172.0,97424.02,94130.43,96489.91,21380.45343,94125.2,97388.0,94086.7,96423.3,184526.755
2025-05-02 00:00:00+00:00,96489.9,97895.68,96350.0,96887.14,14905.74811,96423.2,97865.4,96283.1,96831.2,139197.526
2025-05-03 00:00:00+00:00,96887.13,96935.67,95753.01,95856.42,9723.34838,96831.2,96868.4,95700.0,95803.3,71420.629
2025-05-04 00:00:00+00:00,95856.42,96304.48,94151.38,94277.62,11036.38342,95803.3,96266.6,94116.4,94230.2,94260.87700000001
2025-05-05 00:00:00+00:00,94277.61,95199.0,93514.1,94733.68,17251.18189,94230.2,95165.1,93445.1,94696.7,154902.375
2025-05-06 00:00:00+00:00,94733.68,96920.65,93377.0,96834.02,16122.645129999999,94696.7,96879.5,93327.0,96798.9,173683.066
2025-05-07 00:00:00+00:00,96834.02,97732.0,95784.61,97030.5,16644.83854,96798.9,97700.0,95718.5,96988.4,185267.142
2025-05-08 00:00:00+00:00,97030.5,104145.76,96876.29,103261.6,34962.02847,96988.4,104305.3,96831.5,103228.1,317422.469
2025-05-09 00:00:00+00:00,103261.61,104361.3,102315.14,102971.99,27617.39907,103228.0,104373.0,102240.0,102941.9,172883.922
2025-05-10 00:00:00+00:00,102971.99,104984.57,102818.76,104809.53,15324.786110000001,102941.9,105000.1,102784.0,104788.8,104384.537
2025-05-11 00:00:00+00:00,104809.53,104972.0,103345.06,104118.0,17987.12197,104788.8,104950.0,103283.3,104072.7,139136.421
2025-05-12 00:00:00+00:00,104118.0,105819.45,100718.37,102791.32,31272.77792,104072.7,105863.1,100678.0,102739.3,256542.699
2025-05-13 00:00:00+00:00,102791.32,104976.25,101429.7,104103.72,21253.42409,102739.3,104949.2,101400.0,104082.0,162368.328
2025-05-14 00:00:00+00:00,104103.72,104356.95,102602.05,103507.82,16452.9081,104082.0,104319.0,102536.0,103458.1,126264.097
2025-05-15 00:00:00+00:00,103507.83,104192.7,101383.07,103763.71,17998.98604,103458.1,104162.8,101270.8,103714.5,176344.106
2025-05-16 00:00:00+00:00,103763.71,104550.33,103100.49,103463.9,15683.88024,103714.2,104524.2,103062.3,103412.2,115513.049
2025-05-17 00:00:00+00:00,103463.9,103709.86,102612.5,103126.65,11250.89622,103412.2,103658.0,102541.6,103079.6,90372.669
2025-05-18 00:00:00+00:00,103126.65,106660.0,103105.09,106454.26,21599.98726,103079.5,106629.8,103052.2,106407.6,173224.28399999999
2025-05-19 00:00:00+00:00,106454.27,107108.62,102000.0,105573.74,30260.03524,106407.5,107114.3,102038.8,105531.6,257825.604
2025-05-20 00:00:00+00:00,105573.73,107320.0,104184.72,106849.99,23705.48275,105531.5,107292.5,104115.2,106800.1,226187.246
2025-05-21 00:00:00+00:00,106850.0,110797.38,106100.01,109643.99,45531.040345,106800.0,110830.0,106037.9,109609.5,413589.854
2025-05-22 00:00:00+00:00,109643.99,111980.0,109177.37,111696.21,31630.77313,109609.6,111959.5,109153.4,111662.7,246067.033
2025-05-23 00:00:00+00:00,111696.22,111800.0,106800.0,107318.3,31737.72309,111662.6,111770.4,106721.9,107271.5,279480.347
2025-05-24 00:00:00+00:00,107318.3,109506.03,106875.41,107761.91,16782.53129,107271.6,109440.2,106836.0,107698.9,165158.758
2025-05-25 00:00:00+00:00,107761.9,109299.99,106600.64,109004.19,17710.04695,107699.0,109285.1,106497.0,108955.9,159465.80299999999
2025-05-26 00:00:00+00:00,109004.2,110422.22,108670.58,109434.79,14649.11593,108956.0,110400.0,108616.6,109386.8,146992.22
2025-05-27 00:00:00+00:00,109434.78,110718.0,107516.57,108938.17,21276.65635,109386.8,110700.0,107438.0,108889.3,223599.905
2025-05-28 00:00:00+00:00,108938.17,109284.7,106769.43,107781.78,15633.78829,108889.2,109252.6,106723.9,107723.1,158417.759
2025-05-29 00:00:00+00:00,107781.78,108891.91,105322.86,105589.75,19834.70116,107723.1,108860.0,105054.2,105539.9,213101.255
2025-05-30 00:00:00+00:00,105589.75,106313.12,103621.0,103985.48,23706.49799,105539.9,106266.0,103555.0,103950.0,219701.302
2025-05-31 00:00:00+00:00,103985.47,104900.0,103068.55,104591.88,11289.35922,103949.9,104859.3,103032.1,104544.7,103607.84
2025-06-01 00:00:00+00:00,104591.88,105866.91,103752.49,105642.93,9709.70006,104544.6,105823.6,103704.1,105583.3,97420.24
2025-06-02 00:00:00+00:00,105642.93,105935.63,103659.88,105857.99,13453.98813,105583.3,105900.0,103600.6,105814.3,158252.918
2025-06-03 00:00:00+00:00,105858.0,106794.67,104872.5,105376.89,13259.52634,105814.4,106775.0,104822.4,105330.1,139216.00699999998
2025-06-04 00:00:00+00:00,105376.9,106000.0,104179.0,104696.86,14034.89482,105330.1,105967.2,104111.7,104641.8,118534.125
2025-06-05 00:00:00+00:00,104696.86,105909.71,100372.26,101508.68,22321.50154,104641.8,105878.3,100305.1,101458.6,246238.674
2025-06-06 00:00:00+00:00,101508.69,105333.0,101095.8,104288.44,15839.07385,101458.7,105283.0,101003.4,104240.0,174300.906
2025-06-07 00:00:00+00:00,104288.43,105900.0,103871.09,105552.15,8344.93206,104240.1,105878.3,103800.1,105507.5,79833.173
2025-06-08 00:00:00+00:00,105552.15,106488.14,104964.14,105734.0,8048.06305,105507.5,106482.6,104927.4,105676.5,75105.104
2025-06-09 00:00:00+00:00,105734.01,110530.17,105318.37,110263.02,19975.37451,105676.5,110653.6,105253.2,110227.9,192956.409
2025-06-10 00:00:00+00:00,110263.02,110400.0,108331.03,110274.39,17071.82839,110228.0,110367.2,108282.0,110235.4,152216.974
2025-06-11 00:00:00+00:00,110274.39,110392.01,108064.0,108645.12,13115.91638,110235.4,110350.0,108001.2,108600.0,134422.321
2025-06-12 00:00:00+00:00,108645.13,108813.55,105671.72,105671.73,17778.67218,108600.1,108782.1,105602.0,105609.5,185790.19
2025-06-13 00:00:00+00:00,105671.74,106179.53,102664.31,106066.59,26180.81734,105609.4,106141.1,102614.0,106027.3,245935.413
2025-06-14 00:00:00+00:00,106066.59,106252.0,104300.0,105414.64,8798.93969,106027.3,106173.6,104225.4,105359.9,79911.57
2025-06-15 00:00:00+00:00,105414.63,106128.57,104494.53,105594.01,7164.20047,105359.8,106099.4,104399.9,105534.6,78819.399
2025-06-16 00:00:00+00:00,105594.02,108952.38,104980.37,106794.53,14922.6654,105534.7,108900.0,104920.0,106750.1,166813.219
2025-06-17 00:00:00+00:00,106794.53,107771.34,103371.02,104551.17,17866.33025,106750.1,107727.4,103300.0,104508.0,226051.863
2025-06-18 00:00:00+00:00,104551.17,105550.27,103500.0,104886.78,13968.641669999999,104508.0,105500.0,103426.1,104832.8,172706.399
2025-06-19 00:00:00+00:00,104886.79,105226.17,103929.27,104658.59,7678.60737,104832.8,105185.7,103870.3,104607.1,87710.605
2025-06-20 00:00:00+00:00,104658.59,106524.65,102345.0,103297.99,16419.06283,104607.1,106486.2,102255.3,103246.1,199102.135
2025-06-21 00:00:00+00:00,103297.98,103982.64,100837.9,102120.01,11154.21332,103246.1,103940.6,100789.9,102079.8,120771.35
2025-06-22 00:00:00+00:00,102120.02,103399.62,98200.0,100963.87,28746.41072,102079.8,103362.6,98115.4,100904.7,293562.636
2025-06-23 00:00:00+00:00,100963.87,106074.2,99613.33,105333.93,27666.50609,100904.7,106050.0,99547.6,105290.9,297222.041
2025-06-24 00:00:00+00:00,105333.94,106290.0,104622.02,106083.0,14651.69335,105291.0,106239.0,104570.8,106034.9,144449.887
2025-06-25 00:00:00+00:00,106083.0,108135.3,105808.03,107340.58,16701.15551,106034.9,108095.7,105755.6,107280.0,159277.823
2025-06-26 00:00:00+00:00,107340.59,108272.45,106562.5,106947.06,10573.272789999999,107280.1,108249.9,106500.0,106913.7,114433.386
2025-06-27 00:00:00+00:00,106947.06,107735.34,106356.76,107047.59,12232.44042,106913.8,107686.0,106313.1,107010.7,118637.45
2025-06-28 00:00:00+00:00,107047.58,107577.75,106811.51,107296.79,3282.17352,107010.6,107538.0,106767.0,107241.0,35670.419
2025-06-29 00:00:00+00:00,107296.79,108528.5,107172.52,108356.93,6831.7364,107240.9,108499.0,107112.6,108309.8,79448.325
2025-06-30 00:00:00+00:00,108356.93,108789.99,106733.33,107146.5,9754.12491,108309.8,108783.9,106686.4,107087.4,114681.386
2025-07-01 00:00:00+00:00,107146.51,107540.0,105250.85,105681.14,10505.62437,107087.3,107499.9,105182.6,105637.9,120434.401
2025-07-02 00:00:00+00:00,105681.13,109730.0,105100.19,108849.6,17691.89592,105637.9,109690.4,105010.0,108800.0,177567.261
2025-07-03 00:00:00+00:00,108849.59,110529.18,108530.4,109584.78,13047.08225,108800.0,110484.0,108480.6,109545.2,141487.997
2025-07-04 00:00:00+00:00,109584.77,109767.59,107245.0,107984.24,11793.86615,109545.1,109732.3,107200.0,107935.4,132305.847
2025-07-05 00:00:00+00:00,107984.25,108420.56,107756.31,108198.12,3736.9757,107935.3,108368.1,107688.3,108153.4,36660.948
2025-07-06 00:00:00+00:00,108198.12,109700.0,107800.01,109203.84,6447.607,108153.4,109684.7,107743.4,109145.8,72388.603
2025-07-07 00:00:00+00:00,109203.85,109700.0,107513.2,108262.94,9405.37601,109145.8,109667.3,107456.0,108203.9,106397.578
2025-07-08 00:00:00+00:00,108262.94,109216.56,107429.57,108922.98,9216.0208,108203.9,109180.0,107400.0,108873.1,95156.027
2025-07-09 00:00:00+00:00,108922.99,111999.79,108324.53,111233.99,17282.2865,108873.2,112036.8,108273.5,111199.9,167834.731
2025-07-10 00:00:00+00:00,111234.0,116868.0,110500.0,116010.0,24883.450665,111199.8,117500.0,110432.2,115979.2,225570.213
2025-07-11 00:00:00+00:00,116010.01,118869.98,115222.22,117527.66,25873.521148,115979.2,118882.8,115186.7,117500.0,199819.357
2025-07-12 00:00:00+00:00,117527.66,118200.0,116900.05,117420.0,8446.604370000001,117500.0,118176.9,116862.4,117389.3,63722.472
2025-07-13 00:00:00+00:00,117420.0,119488.0,117224.79,119086.64,9550.792947,117389.4,119655.0,117164.3,119038.3,90052.381
2025-07-14 00:00:00+00:00,119086.65,123218.0,118905.18,119841.18,27269.348877,119038.3,123300.0,118862.6,119816.5,221556.12
2025-07-15 00:00:00+00:00,119841.17,119940.83,115736.92,117758.09,32018.46083,119816.5,119919.4,115678.1,117738.5,269977.446
2025-07-16 00:00:00+00:00,117758.08,120063.84,117017.29,118630.43,17039.90851,117738.6,120100.0,117017.1,118590.7,159165.948
2025-07-17 00:00:00+00:00,118630.44,120998.71,117453.57,119177.56,15728.57651,118590.7,120951.5,117412.8,119176.6,164274.401
2025-07-18 00:00:00+00:00,119177.56,120820.71,116812.76,117924.84,19924.66266,119176.5,120846.1,116788.9,117896.4,162246.906
2025-07-19 00:00:00+00:00,117924.84,118499.9,117277.34,117840.0,6635.80306,117896.5,118456.0,117245.9,117814.4,52531.193
2025-07-20 00:00:00+00:00,117840.01,118856.8,116467.02,117265.12,12962.92889,117814.3,118856.6,116370.1,117216.0,82380.582
2025-07-21 00:00:00+00:00,117265.11,119676.73,116515.0,117380.36,17107.33128,117216.1,119720.6,116454.1,117330.2,141885.848
2025-07-22 00:00:00+00:00,117380.36,120247.8,116128.0,119954.42,20959.12973,117330.2,120300.1,115865.0,119993.7,186832.45
2025-07-23 00:00:00+00:00,119954.43,120090.0,117301.0,118755.99,14558.75083,119993.7,120146.5,117250.0,118713.5,136986.897
2025-07-24 00:00:00+00:00,118756.0,119450.0,117103.1,118340.99,15806.89043,118713.4,119469.9,117050.2,118294.3,137377.613
2025-07-25 00:00:00+00:00,118340.98,118451.57,114723.16,117614.31,38406.34873,118294.4,118410.8,114667.3,117583.5,260386.75400000002
2025-07-26 00:00:00+00:00,117614.31,118297.35,117138.38,117919.99,6991.67206,117583.4,118300.0,117114.2,117889.2,57218.604
2025-07-27 00:00:00+00:00,117919.99,119766.65,117825.5,119415.55,9328.30919,117889.3,119766.0,117800.8,119423.4,75978.959
2025-07-28 00:00:00+00:00,119415.56,119800.0,117427.5,118062.32,13961.74754,119423.5,119812.0,117388.0,118041.4,106712.329
2025-07-29 00:00:00+00:00,118062.32,119273.36,116950.75,117950.76,15137.93445,118041.5,119258.7,116923.0,117897.0,115263.463
2025-07-30 00:00:00+00:00,117950.75,118792.0,115796.23,117840.3,15586.73631,117897.1,118763.5,115700.0,117771.0,124917.857
2025-07-31 00:00:00+00:00,117840.29,118922.45,115500.0,115764.08,17010.0073,117771.1,118910.0,115373.9,115697.3,135037.467
2025-08-01 00:00:00+00:00,115764.07,116052.0,112722.58,113297.93,24487.10206,115697.3,116000.0,112660.0,113244.8,221282.099
2025-08-02 00:00:00+00:00,113297.92,114063.49,112003.0,112546.35,11507.33428,113244.8,114000.0,111910.0,112508.8,102459.448
2025-08-03 00:00:00+00:00,112546.35,114799.97,111920.0,114208.8,7397.76046,112508.8,114730.0,111850.0,114150.8,63183.869
2025-08-04 00:00:00+00:00,114208.81,115720.0,114107.6,115055.03,9667.67916,114150.9,115686.0,114053.8,115002.1,83328.591
2025-08-05 00:00:00+00:00,115055.03,115127.81,112650.0,114129.75,12042.79078,115002.1,115073.3,112582.4,114069.6,119316.428
2025-08-06 00:00:00+00:00,114129.75,115716.0,113355.13,114992.27,9761.15318,114069.6,115674.2,113304.5,114941.0,98598.67
2025-08-07 00:00:00+00:00,114992.27,117621.0,114259.0,117472.01,13468.56263,114941.0,117580.0,114211.4,117419.9,134409.055
2025-08-08 00:00:00+00:00,117472.02,117630.0,115878.71,116674.74,10045.31278,117419.9,117591.8,115850.0,116628.2,89828.611
2025-08-09 00:00:00+00:00,116674.74,117944.05,116299.13,116462.25,9514.13144,116628.2,117906.7,116304.0,116422.1,77924.534
2025-08-10 00:00:00+00:00,116462.25,119311.11,116460.63,119294.01,14322.77073,116422.1,119291.9,116413.2,119255.3,130331.779
2025-08-11 00:00:00+00:00,119294.27,122335.16,118050.11,118686.0,26494.33429,119255.3,122450.0,118050.0,118641.9,217088.254
2025-08-12 00:00:00+00:00,118686.0,120324.43,118207.47,120134.08,16720.10893,118641.8,120270.0,118154.3,120081.0,125708.555
2025-08-13 00:00:00+00:00,120134.09,123667.79,118920.92,123306.43,23210.07102,120080.9,123715.9,118829.0,123323.9,188073.873
2025-08-14 00:00:00+00:00,123306.44,124474.0,117180.0,118295.09,27980.947586,123323.9,124545.6,117004.0,118242.2,259801.57
2025-08-15 00:00:00+00:00,118295.09,119216.82,116803.99,117342.05,13623.33874,118242.2,119184.0,116736.3,117279.2,120542.357
2025-08-16 00:00:00+00:00,117342.04,117898.99,117143.98,117380.66,6393.68117,117279.1,117857.1,117089.7,117329.7,46674.42
2025-08-17 00:00:00+00:00,117380.66,118575.0,117172.21,117405.01,5898.64192,117329.8,118558.0,117121.6,117353.8,54386.804
2025-08-18 00:00:00+00:00,117405.01,117543.75,114640.14,116227.05,17745.93954,117353.9,117499.4,114605.0,116183.6,147219.779
2025-08-19 00:00:00+00:00,116227.05,116725.69,112732.58,112872.94,18065.47424,116183.6,116687.7,112666.6,112824.2,141024.287
2025-08-20 00:00:00+00:00,112872.95,114615.38,112380.0,114271.24,15636.34194,112824.1,114569.0,112301.8,114220.5,130522.37
2025-08-21 00:00:00+00:00,114271.23,114821.76,112015.67,112500.0,10839.69235,114220.5,114777.0,111944.0,112462.2,96406.356
2025-08-22 00:00:00+00:00,112500.0,117429.05,111684.79,116935.99,23128.09037,112462.2,117397.4,111625.9,116897.5,199447.977
2025-08-23 00:00:00+00:00,116936.0,117030.0,114560.0,115438.05,11329.36197,116897.5,116988.0,114510.0,115377.1,78419.415
2025-08-24 00:00:00+00:00,115438.06,115666.68,110680.0,113493.59,21175.98462,115377.1,115640.0,110484.0,113446.3,133388.002
2025-08-25 00:00:00+00:00,113493.59,113667.28,109274.1,110111.98,25182.79379,113446.2,113621.3,109219.8,110064.0,204839.785
2025-08-26 00:00:00+00:00,110111.98,112371.0,108666.66,111763.22,18452.43877,110064.1,112330.0,108559.7,111709.9,145041.438
2025-08-27 00:00:00+00:00,111763.22,112625.0,110345.42,111262.01,13392.60875,111710.0,112568.5,110306.9,111194.9,114205.122
2025-08-28 00:00:00+00:00,111262.01,113485.9,110862.42,112566.9,11104.27744,111194.9,113429.0,110811.0,112507.3,97630.277
2025-08-29 00:00:00+00:00,112566.9,112638.64,107463.9,108377.4,22580.31045,112507.3,112585.7,107411.4,108332.4,179725.172
2025-08-30 00:00:00+00:00,108377.4,108926.15,107350.1,108816.33,10708.39159,108332.4,108879.6,107281.0,108757.9,60656.883
2025-08-31 00:00:00+00:00,108816.33,109480.02,108076.93,108246.35,9489.51596,108758.0,109439.9,108021.0,108208.4,70149.546
2025-09-01 00:00:00+00:00,108246.36,109912.4,107255.0,109237.42,16053.60219,108208.4,109874.8,107211.5,109187.9,150280.626
2025-09-02 00:00:00+00:00,109237.43,111771.52,108393.39,111240.01,18510.28756,109187.9,111742.1,108333.0,111188.0,175961.356
2025-09-03 00:00:00+00:00,111240.01,112575.27,110528.71,111705.71,11773.72084,111187.9,112541.2,110486.9,111659.8,105504.421
2025-09-04 00:00:00+00:00,111705.72,112180.0,109329.12,110730.87,12203.13536,111659.7,112136.8,109269.1,110679.4,122300.369
2025-09-05 00:00:00+00:00,110730.87,113384.62,110206.96,110659.99,21587.40888,110679.5,113344.3,110153.3,110614.9,193375.40399999998
2025-09-06 00:00:00+00:00,110660.0,111307.7,109977.0,110187.97,5000.29897,110614.8,111256.2,109850.0,110135.3,46282.515999999996
2025-09-07 00:00:00+00:00,110187.98,111600.0,110180.0,111137.34,5681.29944,110135.2,111559.5,110120.5,111076.0,53840.584
2025-09-08 00:00:00+00:00,111137.35,112924.37,110621.78,112065.23,11582.40211,111075.5,112867.6,110566.5,112012.6,99117.859
2025-09-09 00:00:00+00:00,112065.23,113293.29,110766.66,111546.39,15379.28248,112012.7,113238.0,110714.9,111499.9,137275.133
2025-09-10 00:00:00+00:00,111546.38,114313.13,110917.45,113960.0,17517.41823,111499.9,114287.9,110855.8,113896.8,151901.539
2025-09-11 00:00:00+00:00,113960.0,115488.09,113430.0,115482.69,13676.73119,113896.8,115439.0,113340.7,115427.0,113066.078
2025-09-12 00:00:00+00:00,115482.69,116665.63,114740.99,116029.42,15324.10719,115427.0,116605.7,114681.5,115978.4,119013.718
2025-09-13 00:00:00+00:00,116029.41,116298.78,115127.27,115918.29,8269.40394,115978.4,116245.4,115032.0,115862.7,52529.590000000004
2025-09-14 00:00:00+00:00,115918.29,116165.19,115135.0,115268.01,6707.60197,115862.7,116118.6,115057.0,115210.0,55087.99
2025-09-15 00:00:00+00:00,115268.01,116757.99,114384.0,115349.71,13212.51149,115210.0,116759.9,114338.5,115300.6,117911.279
2025-09-16 00:00:00+00:00,115349.71,116964.27,114737.11,116788.96,10926.9094,115300.5,116910.8,114600.0,116747.3,99446.18400000001
2025-09-17 00:00:00+00:00,116788.96,117286.73,114720.81,116447.59,16754.2454,116747.3,117266.4,114623.3,116402.5,158125.07
2025-09-18 00:00:00+00:00,116447.6,117900.0,116092.76,117073.53,11657.23365,116402.6,117875.2,116033.5,117017.1,107215.717
2025-09-19 00:00:00+00:00,117073.53,117459.99,115100.0,115632.38,8992.09065,117017.1,117406.8,115049.9,115569.5,88151.649
2025-09-20 00:00:00+00:00,115632.39,116121.81,115408.47,115685.63,4674.92752,115569.6,116059.2,115343.0,115624.9,32355.678
2025-09-21 00:00:00+00:00,115685.63,115819.06,115188.0,115232.29,4511.52219,115625.0,115778.0,115137.6,115183.9,32793.431
2025-09-22 00:00:00+00:00,115232.29,115379.25,111800.0,112650.99,20781.71356,115183.9,115344.6,111469.2,112604.7,159461.568
2025-09-23 00:00:00+00:00,112650.99,113290.5,111458.73,111998.8,12301.3203,112604.7,113254.8,111405.1,111947.0,102258.264
2025-09-24 00:00:00+00:00,111998.8,113940.0,111042.66,113307.0,12369.25967,111947.0,113895.8,110935.0,113254.0,105314.096
2025-09-25 00:00:00+00:00,113307.01,113510.23,108631.51,108994.49,21231.14957,113253.9,113462.1,108574.1,108934.5,178663.741
2025-09-26 00:00:00+00:00,108994.49,110300.0,108620.07,109643.46,14243.01591,108934.6,110250.0,108566.0,109588.5,112277.659
2025-09-27 00:00:00+00:00,109643.46,109743.91,109064.4,109635.85,5501.78643,109588.5,109700.0,109021.9,109577.3,35871.924
2025-09-28 00:00:00+00:00,109635.85,112350.0,109189.99,112163.95,7542.3316,109577.2,112300.0,109136.5,112119.6,77247.963
2025-09-29 00:00:00+00:00,112163.96,114400.0,111560.65,114311.96,15541.12005,112119.7,114377.2,111501.0,114257.1,125405.709
2025-09-30 00:00:00+00:00,114311.97,114792.0,112656.27,114048.93,15044.15633,114257.1,114800.0,112615.3,113988.8,119320.015
2025-10-01 00:00:00+00:00,114048.94,118649.1,113966.67,118594.99,20036.39516,113988.7,118631.8,113899.4,118552.4,172989.429
2025-10-02 00:00:00+00:00,118594.99,121022.07,118279.31,120529.35,19670.83503,118552.0,120999.0,118226.4,120481.3,145456.938
2025-10-03 00:00:00+00:00,120529.35,123894.99,119248.3,122232.0,23936.328,120481.3,123900.0,119200.0,122182.7,167880.262
2025-10-04 00:00:00+00:00,122232.21,122800.0,121510.0,122391.0,8208.16678,122182.6,122781.1,121432.0,122343.2,70479.20999999999
2025-10-05 00:00:00+00:00,122390.99,125708.42,122136.0,123482.31,22043.097553,122343.2,125877.3,122088.1,123426.7,162571.0
2025-10-06 00:00:00+00:00,123482.32,126199.63,123084.0,124658.54,19494.628793,123426.7,126208.5,123018.5,124628.5,140201.329
2025-10-07 00:00:00+00:00,124658.54,125126.0,120574.94,121332.95,21633.99385,124628.6,125098.0,120516.0,121286.5,181899.347
2025-10-08 00:00:00+00:00,121332.96,124197.25,121066.14,123306.0,17012.618,121286.6,124170.6,121005.3,123237.5,127099.786
2025-10-09 00:00:00+00:00,123306.01,123762.94,119651.47,121662.4,21559.36007,123237.4,123740.1,119572.8,121579.3,163596.38
2025-10-10 00:00:00+00:00,121662.41,122550.0,102000.0,112774.5,64171.93927,121579.4,122497.0,101516.5,112714.9,391963.632
2025-10-11 00:00:00+00:00,112774.49,113322.39,109561.59,110644.4,35448.51652,112715.0,113300.1,109501.0,110579.1,163671.59
2025-10-12 00:00:00+00:00,110644.4,115770.0,109565.06,114958.8,32255.30272,110579.1,115730.3,109509.3,114894.4,217928.037
2025-10-13 00:00:00+00:00,114958.81,115963.81,113616.5,115166.0,22557.24033,114894.5,115912.0,113600.5,115111.9,195996.783
2025-10-14 00:00:00+00:00,115166.0,115409.96,109866.0,113028.14,31870.32974,115112.0,115360.2,109802.0,112983.8,259244.496
2025-10-15 00:00:00+00:00,113028.13,113612.35,110164.0,110763.28,22986.48811,112983.9,113576.1,110096.9,110699.0,131777.09
2025-10-16 00:00:00+00:00,110763.28,111982.45,107427.0,108194.28,29857.17252,110699.1,111960.0,107350.0,108129.4,193544.785
2025-10-17 00:00:00+00:00,108194.27,109240.0,103528.23,106431.68,37920.66838,108129.4,109199.8,103470.0,106378.6,242789.692
2025-10-18 00:00:00+00:00,106431.68,107499.0,106322.2,107185.01,11123.18766,106378.5,107452.6,106270.0,107117.5,68509.903
2025-10-19 00:00:00+00:00,107185.0,109450.07,106103.36,108642.78,15480.66423,107117.5,109399.9,106055.8,108586.2,113473.72
2025-10-20 00:00:00+00:00,108642.77,111705.56,107402.52,110532.09,19193.4416,108586.2,111650.0,107377.2,110469.9,139646.949
2025-10-21 00:00:00+00:00,110532.09,114000.0,107473.72,108297.67,37228.01659,110469.9,113940.0,107400.0,108253.7,241127.426
2025-10-22 00:00:00+00:00,108297.66,109163.88,106666.69,107567.44,28610.78451,108253.8,109160.0,106360.3,107532.0,180893.983
2025-10-23 00:00:00+00:00,107567.45,111293.61,107500.0,110078.18,17573.09294,107532.1,111240.0,107462.9,110025.9,129640.717
2025-10-24 00:00:00+00:00,110078.19,112104.98,109700.01,111004.89,15005.16913,110026.0,112086.0,109650.0,110965.4,110759.532
2025-10-25 00:00:00+00:00,111004.9,111943.19,110672.86,111646.27,6407.96864,110965.4,111903.9,110600.5,111589.4,45269.483
2025-10-26 00:00:00+00:00,111646.27,115466.8,111260.45,114559.4,13454.47737,111589.4,115521.7,111200.0,114497.8,97335.387
2025-10-27 00:00:00+00:00,114559.41,116400.0,113830.01,114107.65,21450.23241,114497.9,116380.2,113792.4,114064.1,118611.612
2025-10-28 00:00:00+00:00,114107.65,116086.0,112211.0,112898.45,15523.42257,114064.2,116074.3,112121.4,112833.5,131088.84
2025-10-29 00:00:00+00:00,112898.44,113643.73,109200.0,110021.29,21079.71376,112833.5,113593.0,109026.4,109985.6,163920.866
2025-10-30 00:00:00+00:00,110021.3,111592.0,106304.34,108322.88,25988.82838,109985.6,111565.1,106200.0,108263.5,205753.644
2025-10-31 00:00:00+00:00,108322.87,111190.0,108275.28,109608.01,21518.20439,108263.6,111233.0,108226.6,109557.3,152063.776
2025-11-01 00:00:00+00:00,109608.01,110564.49,109394.81,110098.1,7378.50431,109557.2,110557.0,109351.5,110047.2,41614.221
2025-11-02 00:00:00+00:00,110098.1,111250.01,109471.34,110540.68,12107.00087,110047.3,111216.0,109368.9,110494.9,61109.173
2025-11-03 00:00:00+00:00,110540.69,110750.0,105306.56,106583.04,28681.18779,110494.9,110711.0,105300.0,106544.0,174258.047
2025-11-04 00:00:00+00:00,106583.05,107299.0,98944.36,101497.22,50534.87376,106544.0,107271.9,98888.8,101450.3,281742.16
2025-11-05 00:00:00+00:00,101497.23,104534.74,98966.8,103885.16,33778.77571,101450.2,104497.6,98909.7,103837.0,167770.094
2025-11-06 00:00:00+00:00,103885.16,104200.0,100300.95,101346.04,25814.62139,103837.0,104210.2,100238.4,101305.6,145029.821
2025-11-07 00:00:00+00:00,101346.04,104096.36,99260.86,103339.08,32059.50942,101305.6,104070.7,99200.0,103305.2,163967.458
2025-11-08 00:00:00+00:00,103339.09,103406.22,101454.0,102312.94,12390.779849999999,103305.3,103373.8,101400.1,102269.3,70691.949
2025-11-09 00:00:00+00:00,102312.95,105495.62,101400.0,104722.96,16338.97096,102269.3,105440.0,101300.0,104670.6,92367.67
2025-11-10 00:00:00+00:00,104722.95,106670.11,104265.02,106011.13,22682.25673,104670.7,106666.0,104205.9,105966.3,120403.538
2025-11-11 00:00:00+00:00,106011.13,107500.0,102476.09,103058.99,24196.50718,105966.3,107473.7,102400.0,103005.8,132603.774
2025-11-12 00:00:00+00:00,103059.0,105333.33,100813.59,101654.37,20457.63906,103005.8,105297.0,100711.0,101605.8,140876.276
2025-11-13 00:00:00+00:00,101654.37,104085.01,98000.4,99692.02,36198.50771,101605.8,104024.6,97959.0,99654.3,236046.799
2025-11-14 00:00:00+00:00,99692.03,99866.02,94012.45,94594.0,47288.14481,99654.3,99862.8,93955.0,94544.9,287072.783
2025-11-15 00:00:00+00:00,94594.0,96846.68,94558.49,95596.24,15110.89391,94544.9,96800.0,94523.9,95560.3,90220.319
2025-11-16 00:00:00+00:00,95596.23,96635.11,93005.55,94261.44,23889.4051,95560.4,96600.0,92922.8,94221.7,135749.509
2025-11-17 00:00:00+00:00,94261.45,96043.0,91220.0,92215.14,39218.59806,94221.7,96012.2,91250.0,92169.7,205161.285
2025-11-18 00:00:00+00:00,92215.14,93836.01,89253.78,92960.83,39835.14769,92169.8,93799.1,89012.0,92916.9,232691.156
2025-11-19 00:00:00+00:00,92960.83,92980.22,88608.0,91554.96,32286.637600000002,92916.8,92944.8,88564.4,91508.9,226438.45
2025-11-20 00:00:00+00:00,91554.96,93160.0,86100.0,86637.23,39733.19073,91509.0,93150.0,86066.6,86601.3,276513.027
2025-11-21 00:00:00+00:00,86637.22,87498.94,80600.0,85129.43,72256.12679,86601.4,87465.4,80600.0,85093.5,449804.32399999996
2025-11-22 00:00:00+00:00,85129.42,85620.0,83500.0,84739.74,14193.93263,85093.6,85599.9,83456.0,84689.4,94197.055
2025-11-23 00:00:00+00:00,84739.75,88127.64,84667.57,86830.0,19734.46418,84689.4,88100.0,84622.0,86807.7,138930.073
2025-11-24 00:00:00+00:00,86830.0,89228.0,85272.0,88300.01,24663.12795,86807.6,89177.3,85226.4,88247.1,211113.332
2025-11-25 00:00:00+00:00,88300.01,88519.99,86116.0,87369.96,19567.0411,88247.1,88477.6,86061.1,87324.1,149637.655
2025-11-26 00:00:00+00:00,87369.97,90656.08,86306.77,90484.02,21675.82239,87324.1,90655.4,86260.9,90438.1,159146.533
2025-11-27 00:00:00+00:00,90484.01,91950.0,90089.91,91333.95,16833.50932,90438.0,91931.9,90024.4,91292.2,113685.232
2025-11-28 00:00:00+00:00,91333.94,93092.0,90180.63,90890.7,18830.86012,91292.2,93080.0,90155.0,90847.8,146920.347
2025-11-29 00:00:00+00:00,90890.71,91165.65,90155.47,90802.44,7429.88291,90847.8,91130.0,90092.7,90765.0,54196.679
2025-11-30 00:00:00+00:00,90802.44,92000.01,90336.9,90360.0,9687.74175,90764.9,91934.4,90300.0,90320.6,66139.718
2025-12-01 00:00:00+00:00,90360.01,90417.0,83822.76,86286.01,34509.01227,90320.5,90396.9,83786.0,86241.6,296847.166
2025-12-02 00:00:00+00:00,86286.01,92307.65,86184.39,91277.88,28210.22732,86241.5,92273.2,86140.1,91249.1,228101.165
2025-12-03 00:00:00+00:00,91277.88,94150.0,90990.23,93429.95,25712.525849999998,91249.1,94185.0,90954.8,93376.7,201298.317
2025-12-04 00:00:00+00:00,93429.95,94080.0,90889.0,92078.06,19803.94059,93376.8,94040.0,90822.5,92034.7,146772.427
2025-12-05 00:00:00+00:00,92078.06,92692.36,88056.0,89330.04,19792.97218,92034.7,92665.5,87976.3,89288.5,179125.057
2025-12-06 00:00:00+00:00,89330.04,90289.97,88908.01,89236.79,8409.50016,89288.6,90257.3,88870.1,89197.1,56826.867
2025-12-07 00:00:00+00:00,89236.8,91760.0,87719.28,90395.31,13021.11185,89197.1,91722.0,87688.0,90345.4,129592.005
2025-12-08 00:00:00+00:00,90395.32,92287.15,89612.0,90634.34,15793.63887,90345.4,92262.6,89553.8,90610.8,152474.739
2025-12-09 00:00:00+00:00,90634.35,94588.99,89500.0,92678.8,21240.43014,90610.8,94555.0,89368.9,92638.4,181930.263
2025-12-10 00:00:00+00:00,92678.81,94476.0,91563.15,92015.37,18998.68083,92638.3,94443.7,91520.0,91977.5,160488.78
2025-12-11 00:00:00+00:00,92015.38,93555.0,89260.63,92513.38,19972.58758,91977.5,93547.3,89200.0,92477.5,191148.068
2025-12-12 00:00:00+00:00,92513.38,92754.0,89480.0,90268.42,16679.19169,92477.6,92719.0,89429.0,90229.6,144844.11
2025-12-13 00:00:00+00:00,90268.43,90634.55,89766.39,90240.01,5895.70788,90229.7,90599.0,89711.9,90191.3,36237.733
2025-12-14 00:00:00+00:00,90240.0,90472.4,87577.36,88172.17,9416.94004,90191.3,90440.0,87504.3,88118.8,92086.654
2025-12-15 00:00:00+00:00,88172.16,90052.64,85146.64,86432.08,19778.6919,88118.8,89972.4,85073.0,86389.9,194216.045
2025-12-16 00:00:00+00:00,86432.08,88175.98,85266.0,87863.42,18456.05017,86390.0,88143.9,85226.0,87826.3,142225.048
2025-12-17 00:00:00+00:00,87863.43,90365.85,85314.0,86243.22,19834.11729,87826.3,90363.2,85261.3,86201.6,208646.748
2025-12-18 00:00:00+00:00,86243.23,89477.61,84450.01,85516.41,25405.41763,86201.6,89447.9,84408.6,85469.7,229573.679
2025-12-19 00:00:00+00:00,85516.41,89399.97,85110.24,88136.94,21256.65004,85469.8,89374.6,85062.7,88100.0,178284.494
2025-12-20 00:00:00+00:00,88136.95,88573.07,87795.76,88360.9,5123.13194,88100.0,88551.8,87698.5,88320.8,35973.848
2025-12-21 00:00:00+00:00,88360.91,89081.77,87600.04,88658.86,7132.87258,88320.7,89050.0,87548.5,88621.3,67624.388
2025-12-22 00:00:00+00:00,88658.87,90588.23,87900.0,88620.79,14673.2197,88621.3,90599.0,87845.0,88581.5,154693.469
2025-12-23 00:00:00+00:00,88620.79,88940.0,86601.9,87486.0,13910.32904,88581.5,88904.9,86536.0,87463.0,133657.948
2025-12-24 00:00:00+00:00,87486.0,88049.89,86420.0,87669.45,9140.8432,87463.1,88033.3,86355.0,87627.3,81543.508
2025-12-25 00:00:00+00:00,87669.44,88592.74,86934.72,87225.27,7096.58235,87627.4,88594.0,86902.1,87182.8,57796.252
2025-12-26 00:00:00+00:00,87225.27,89567.75,86655.08,87369.56,18344.61505,87182.8,89557.6,86619.9,87318.2,149971.737
2025-12-27 00:00:00+00:00,87369.56,87984.0,87253.05,87877.01,4469.55156,87318.3,87956.9,87203.0,87829.4,27294.109
2025-12-28 00:00:00+00:00,87877.0,88088.75,87435.0,87952.71,4446.29285,87829.5,88078.3,87402.6,87920.5,37359.964
2025-12-29 00:00:00+00:00,87952.71,90406.08,86806.5,87237.13,19894.98575,87920.4,90373.4,86760.0,87203.3,190004.209
2025-12-30 00:00:00+00:00,87237.13,89400.0,86845.66,88485.49,13105.91001,87203.2,89355.0,86789.0,88455.3,126745.26
2025-12-31 00:00:00+00:00,88485.5,89200.0,87250.0,87648.22,11558.62047,88455.2,89192.8,87189.2,87608.2,96768.357
2026-01-01 00:00:00+00:00,87648.21,88919.45,87550.43,88839.04,6279.57133,87608.3,88881.4,87508.4,88800.0,47941.303
2026-01-02 00:00:00+00:00,88839.05,90961.81,88379.88,89995.13,17396.97301,88800.0,90945.1,88324.4,89951.4,176662.448
2026-01-03 00:00:00+00:00,89995.14,90741.16,89314.01,90628.01,7057.46716,89951.5,90716.9,89261.2,90595.8,56891.269
2026-01-04 00:00:00+00:00,90628.01,91810.0,90628.0,91529.73,10426.529700000001,90595.8,91779.7,90595.7,91497.1,73773.029
2026-01-05 00:00:00+00:00,91529.74,94789.08,91514.81,93859.71,20673.595839999998,91497.2,94760.3,91476.5,93822.4,189416.312
2026-01-06 00:00:00+00:00,93859.71,94444.44,91262.94,93747.97,18546.41829,93822.3,94415.4,91209.0,93708.0,187443.05
2026-01-07 00:00:00+00:00,93747.97,93747.97,90675.52,91364.16,14276.490249999999,93708.1,93708.1,90634.1,91328.0,148986.85
2026-01-08 00:00:00+00:00,91364.16,91687.99,89311.0,91099.99,16132.79117,91328.1,91666.0,89242.0,91059.8,168475.944
2026-01-09 00:00:00+00:00,91100.0,92082.55,89694.66,90641.28,15590.27939,91059.8,91999.0,89632.8,90603.6,140394.677
2026-01-10 00:00:00+00:00,90641.27,90832.0,90404.0,90504.7,3104.11722,90603.7,90800.0,90351.6,90469.6,25270.740999999998
2026-01-11 00:00:00+00:00,90504.7,91283.89,90236.0,91013.65,5477.13594,90469.7,91252.5,90175.3,90964.4,43544.382
2026-01-12 00:00:00+00:00,91013.66,92519.95,90128.44,91296.2,16188.08268,90964.4,92488.0,90066.0,91252.6,169237.383
2026-01-13 00:00:00+00:00,91296.2,96495.0,91042.66,95414.0,23021.51482,91252.5,96863.7,91011.0,95375.2,200545.918
2026-01-14 00:00:00+00:00,95413.99,97924.49,94559.28,96951.78,22851.89428,95375.2,97932.1,94413.4,96907.9,182043.491
2026-01-15 00:00:00+00:00,96951.78,97193.34,95134.48,95604.8,21725.81369,96908.0,97155.0,95080.0,95567.3,149204.741
2026-01-16 00:00:00+00:00,95604.81,95871.47,94293.46,95550.94,11167.7146,95567.4,95825.0,94234.5,95503.7,101218.089
2026-01-17 00:00:00+00:00,95550.94,95639.45,95021.67,95147.77,4280.80137,95503.8,95621.9,94977.5,95107.9,38969.233
2026-01-18 00:00:00+00:00,95147.77,95531.12,93615.4,93673.14,6895.17819,95107.9,95490.0,93550.3,93614.0,62580.393
2026-01-19 00:00:00+00:00,93673.14,93673.14,91910.2,92631.0,14295.52747,93614.0,93614.1,91800.0,92589.6,108237.056
2026-01-20 00:00:00+00:00,92630.99,92870.0,87895.98,88427.66,22007.3261,92589.6,92845.0,87787.2,88390.6,188076.2
2026-01-21 00:00:00+00:00,88427.66,90574.0,87263.53,89454.73,20617.50372,88390.7,90599.5,87205.5,89411.4,208082.615
2026-01-22 00:00:00+00:00,89454.73,90359.99,88515.37,89559.67,10825.50492,89411.4,90327.7,88465.6,89518.5,105914.221
2026-01-23 00:00:00+00:00,89559.68,91224.99,88578.36,89600.26,13918.48919,89518.4,91195.0,88530.0,89558.7,124825.85
2026-01-24 00:00:00+00:00,89600.26,89957.39,89162.08,89225.34,4226.56737,89558.7,89893.9,89116.9,89180.7,30735.937
2026-01-25 00:00:00+00:00,89225.34,89319.13,86074.72,86670.36,14426.22019,89180.7,89281.6,86021.7,86628.9,124879.363
2026-01-26 00:00:00+00:00,86670.36,88860.0,86509.63,88347.08,17766.51453,86628.9,88834.1,86463.2,88300.6,134609.491
2026-01-27 00:00:00+00:00,88347.08,89523.16,87304.33,89250.0,13125.40425,88300.6,89499.0,87265.4,89197.8,117926.114
2026-01-28 00:00:00+00:00,89249.99,90600.0,88833.65,89299.99,14332.18502,89197.8,90592.7,88786.0,89261.7,123884.859
2026-01-29 00:00:00+00:00,89300.0,89348.0,83383.33,84650.16,30431.38201,89261.7,89316.8,83338.3,84604.7,226761.59100000001
2026-01-30 00:00:00+00:00,84650.16,84735.75,81118.0,84260.49,35195.847929999996,84604.7,84697.2,81000.0,84211.4,254794.516
2026-01-31 00:00:00+00:00,84260.5,84270.02,75719.9,78741.09,39491.89133,84211.4,84239.5,75500.0,78706.8,271548.511
2026-02-01 00:00:00+00:00,78741.1,79424.0,75700.0,76968.21,25395.48168,78706.7,79396.8,75644.0,76931.5,186984.08
2026-02-02 00:00:00+00:00,76968.22,79360.0,74604.0,78738.61,42273.59016,76931.6,79311.0,74555.0,78692.5,259646.414
2026-02-03 00:00:00+00:00,78738.6,79186.81,72945.5,75770.21,39120.10889,78692.5,79163.0,72889.2,75732.4,307725.516
2026-02-04 00:00:00+00:00,75770.21,76971.52,71888.0,73165.83,38375.36,75732.4,76952.5,71838.0,73137.4,293124.639
2026-02-05 00:00:00+00:00,73165.84,73341.18,62345.0,62909.86,106298.82899,73137.5,73316.3,62233.3,62868.1,670089.741
2026-02-06 00:00:00+00:00,62909.87,71751.33,60000.0,70580.26,92539.21531,62868.1,71714.4,59800.0,70544.5,559182.769
2026-02-07 00:00:00+00:00,70580.26,71690.07,67300.0,69289.38,44255.48036,70544.5,71690.0,67250.0,69254.2,266663.651
2026-02-08 00:00:00+00:00,69289.37,72271.41,68888.0,70330.38,21420.53168,69254.3,72300.0,68843.7,70288.1,162753.587
2026-02-09 00:00:00+00:00,70330.38,71453.53,68308.0,70138.0,29152.72842,70288.2,71434.9,68271.7,70110.5,222442.828
2026-02-10 00:00:00+00:00,70138.0,70527.59,67800.0,68841.29,20373.77072,70110.6,70499.9,67883.0,68805.3,183872.609
2026-02-11 00:00:00+00:00,68841.28,69292.88,65756.0,67082.52,28718.24602,68805.3,69262.7,65718.5,67054.4,256625.524
2026-02-12 00:00:00+00:00,67082.52,68410.52,65118.0,66272.17,24271.74283,67054.8,68385.0,65081.0,66243.1,199993.259
2026-02-13 00:00:00+00:00,66272.17,69482.97,65872.46,68853.96,20244.54955,66243.2,69473.7,65833.9,68821.5,183043.289
2026-02-14 00:00:00+00:00,68853.97,70560.01,68730.13,69822.95,18114.78393,68821.5,70557.7,68689.1,69795.4,114534.246
2026-02-15 00:00:00+00:00,69822.94,70983.0,68000.0,68832.58,22290.05208,69795.4,70938.5,68029.6,68796.9,151250.13
2026-02-16 00:00:00+00:00,68832.59,70126.67,67294.11,68892.43,15515.76534,68796.9,70110.9,67250.0,68862.5,149579.748
2026-02-17 00:00:00+00:00,68892.43,69241.5,66621.06,67503.52,16489.06921,68862.6,69228.6,66588.0,67475.9,149185.122
2026-02-18 00:00:00+00:00,67503.52,68476.22,65870.0,66461.0,15492.43839,67475.9,68438.0,65826.1,66422.8,163973.391
2026-02-19 00:00:00+00:00,66461.0,67320.0,65631.83,67003.73,14542.26988,66422.8,67299.4,65595.7,66974.0,147432.601
2026-02-20 00:00:00+00:00,67003.73,68318.39,66280.2,68020.01,35351.87091,66973.9,68283.7,66408.1,67979.3,225303.971
2026-02-21 00:00:00+00:00,68020.0,68698.7,67534.69,67975.93,8032.84131,67979.3,68687.0,67488.9,67933.1,87495.493
2026-02-22 00:00:00+00:00,67975.93,68245.0,67190.0,67643.4,8175.13484,67933.2,68220.0,67150.0,67613.5,84343.42199999999
2026-02-23 00:00:00+00:00,67643.39,67684.86,63888.79,64656.02,33075.90923,67613.6,67655.8,63860.0,64625.8,277151.296
2026-02-24 00:00:00+00:00,64656.01,65026.75,62510.28,64058.15,23102.83622,64625.8,64980.0,62401.7,64031.3,223150.569
2026-02-25 00:00:00+00:00,64058.15,69988.83,63913.27,67988.04,30749.992589999998,64031.4,69999.0,63876.0,67952.5,299238.81799999997
2026-02-26 00:00:00+00:00,67988.04,68860.0,66500.0,67485.18,20737.77792,67952.5,68850.0,66462.0,67448.2,177837.055
2026-02-27 00:00:00+00:00,67485.19,68216.8,64914.46,65872.1,21228.58424,67448.1,68188.8,64875.6,65836.0,205957.364
2026-02-28 00:00:00+00:00,65872.09,67760.0,63030.0,66973.26,22548.71649,65836.0,67735.0,62979.5,66937.1,257922.786
2026-03-01 00:00:00+00:00,66973.26,68199.99,65056.0,65776.47,23201.85859,66937.0,68189.0,65011.0,65750.0,219111.436
2026-03-02 00:00:00+00:00,65776.48,70096.0,65259.21,68830.06,32010.38431,65749.9,70100.0,65234.4,68801.8,277378.032
2026-03-03 00:00:00+00:00,68830.06,69258.08,66158.0,68338.0,24972.2418,68801.8,69221.6,66080.0,68295.3,257469.9
2026-03-04 00:00:00+00:00,68338.01,74050.0,67400.0,72666.77,44919.0761,68295.2,74046.5,67350.0,72641.4,357143.496
2026-03-05 00:00:00+00:00,72666.77,73558.15,70645.47,70890.72,26590.51253,72641.4,73539.1,70612.8,70854.8,226168.28
2026-03-06 00:00:00+00:00,70891.02,71419.98,67744.78,68114.02,22629.88722,70854.8,71387.5,67712.3,68083.0,213382.703
2026-03-07 00:00:00+00:00,68114.02,68551.04,66915.26,67262.91,12719.54315,68083.0,68524.9,66850.1,67232.1,94570.162
2026-03-08 00:00:00+00:00,67262.91,68200.0,65618.49,65971.2,21593.63901,67232.1,68171.6,65569.2,65934.3,155747.973
2026-03-09 00:00:00+00:00,65971.2,69516.65,65821.97,68432.16,28896.7213,65934.3,69498.0,65770.5,68394.1,237211.547
2026-03-10 00:00:00+00:00,68432.16,71777.0,68391.41,69948.63,32602.57726,68394.0,71748.1,68345.0,69901.9,265674.484
2026-03-11 00:00:00+00:00,69948.64,71321.0,68977.91,70191.86,27249.275419999998,69901.8,71286.0,68932.9,70150.0,195627.956
2026-03-12 00:00:00+00:00,70191.86,70800.0,69205.91,70541.34,21997.1605,70150.0,70756.5,69150.0,70480.1,186490.593
2026-03-13 00:00:00+00:00,70541.34,73913.74,70386.01,70930.0,35996.616780000004,70480.1,73870.0,70342.7,70895.5,300232.121
2026-03-14 00:00:00+00:00,70930.01,71307.92,70317.0,71211.95,13017.24737,70895.5,71272.3,70256.0,71174.4,79283.014
2026-03-15 00:00:00+00:00,71211.95,73199.0,70858.82,72815.24,14037.30704,71174.4,73199.9,70815.7,72778.9,126474.242
2026-03-16 00:00:00+00:00,72815.25,74909.08,72270.41,74884.67,28409.53019,72778.8,74880.0,72235.6,74846.4,269076.99
2026-03-17 00:00:00+00:00,74884.67,76000.0,73399.19,73909.36,24521.26636,74846.4,75998.9,73330.3,73872.4,218278.973
2026-03-18 00:00:00+00:00,73909.37,74672.34,70500.0,71246.54,23392.88093,73872.3,74633.0,70456.0,71202.9,226755.469
2026-03-19 00:00:00+00:00,71246.55,71613.79,68793.35,69930.0,22364.81819,71202.9,71598.3,68750.0,69887.4,218646.177
2026-03-20 00:00:00+00:00,69930.01,71367.0,69388.0,70510.73,18121.16745,69887.4,71342.2,69350.0,70472.7,186241.517
2026-03-21 00:00:00+00:00,70510.73,71100.94,68571.42,68918.12,13397.1675,70472.6,71077.7,68511.3,68881.5,74084.886
2026-03-22 00:00:00+00:00,68918.12,69588.79,67360.66,67859.0,14843.78682,68881.5,69555.8,67300.0,67830.6,134880.564
2026-03-23 00:00:00+00:00,67859.0,71817.09,67445.18,70906.45,28335.09119,67830.7,71789.8,67400.1,70865.9,291099.678
2026-03-24 00:00:00+00:00,70906.45,71400.0,68923.07,70556.74,20702.42244,70866.0,71377.5,68884.5,70523.9,196191.95
2026-03-25 00:00:00+00:00,70556.74,72026.09,70408.0,71336.53,17719.50066,70524.0,71999.9,70375.0,71297.5,166515.849
2026-03-26 00:00:00+00:00,71336.53,71436.82,68153.0,68820.31,20820.45768,71297.5,71408.1,68115.8,68788.0,186473.614
2026-03-27 00:00:00+00:00,68820.31,69179.05,65548.25,66407.28,28603.69557,68788.1,69142.7,65501.0,66364.2,212351.048
2026-03-28 00:00:00+00:00,66407.28,67288.94,65932.09,66377.03,11462.39847,66364.1,67284.0,65888.0,66334.8,89373.492
2026-03-29 00:00:00+00:00,66377.04,67130.5,65000.0,66010.93,10052.85584,66334.8,67100.0,64918.2,65977.9,110278.39600000001
2026-03-30 00:00:00+00:00,66010.93,68169.65,65800.59,66797.37,18353.38975,65978.0,68148.4,65754.2,66764.4,187059.065
2026-03-31 00:00:00+00:00,66797.38,68589.49,65998.05,68284.48,22105.40662,66764.4,68600.0,65938.0,68241.5,243333.085
2026-04-01 00:00:00+00:00,68284.49,69310.0,67578.75,68113.92,19020.1899,68241.4,69288.0,67534.9,68086.5,157276.22
2026-04-02 00:00:00+00:00,68113.92,68653.38,65712.12,66901.99,20203.47916,68086.4,68639.1,65676.1,66868.5,188358.921
2026-04-03 00:00:00+00:00,66901.99,67370.42,66282.0,66964.3,11429.13131,66868.6,67350.0,66240.0,66930.0,79267.833
2026-04-04 00:00:00+00:00,66964.29,67562.93,66775.91,67300.42,7373.51613,66930.0,67554.5,66745.5,67271.0,50770.337
2026-04-05 00:00:00+00:00,67300.42,69136.2,66611.66,69034.18,11733.46752,67271.1,69108.0,66575.5,68997.9,104918.169
2026-04-06 00:00:00+00:00,69034.18,70351.46,68300.0,68853.66,20281.61044,68997.9,70332.5,68227.5,68817.9,166757.236
2026-04-07 00:00:00+00:00,68853.66,72761.0,67732.01,71924.22,23750.49661,68817.9,72743.4,67711.0,71890.2,232828.247
2026-04-08 00:00:00+00:00,71924.22,72857.0,70707.23,71069.93,19802.68627,71890.2,72858.5,70671.6,71038.1,183378.492
2026-04-09 00:00:00+00:00,71069.93,73145.0,70466.0,71787.97,18158.42159,71038.2,73128.0,70428.0,71750.4,175806.457
2026-04-10 00:00:00+00:00,71787.98,73434.0,71426.15,72962.7,17372.63288,71750.4,73450.0,71382.1,72917.4,156569.666
2026-04-11 00:00:00+00:00,72962.71,73790.0,72513.09,73043.16,9070.94374,72917.4,73773.4,72451.9,73013.4,80169.67
2026-04-12 00:00:00+00:00,73043.16,73137.24,70505.88,70740.98,13472.46801,73013.4,73094.4,70458.2,70711.1,134822.989
2026-04-13 00:00:00+00:00,70741.56,74900.0,70566.99,74417.99,24230.21625,70711.2,74870.0,70517.3,74385.0,213029.519
2026-04-14 00:00:00+00:00,74418.0,76038.0,73795.47,74131.55,26532.94456,74384.9,76009.0,73766.8,74106.9,183261.49
2026-04-15 00:00:00+00:00,74131.55,75425.0,73514.0,74809.99,14425.04167,74106.9,75425.6,73449.0,74776.2,131029.771
2026-04-16 00:00:00+00:00,74809.99,75534.76,73309.85,75154.29,17088.68777,74776.3,75500.0,73256.8,75106.8,158397.725
2026-04-17 00:00:00+00:00,75154.28,78333.0,74529.4,77072.0,25941.36694,75106.8,78300.0,74480.0,77030.6,239395.915
2026-04-18 00:00:00+00:00,77072.01,77420.08,75445.16,75691.76,9141.84456,77030.6,77380.0,75395.9,75653.8,105894.391
2026-04-19 00:00:00+00:00,75691.76,76240.66,73762.9,73801.79,11369.82232,75653.8,76200.0,73700.2,73758.4,128978.211
2026-04-20 00:00:00+00:00,73801.8,76558.62,73724.31,75840.97,16993.41034,73758.4,76531.0,73669.0,75790.1,166149.667
2026-04-21 00:00:00+00:00,75840.97,76927.57,74821.57,76336.15,14912.57132,75790.1,76999.0,74777.9,76288.2,164760.987
2026-04-22 00:00:00+00:00,76336.14,79472.82,76132.95,78178.23,19737.51225,76288.3,79444.0,76078.6,78139.8,191087.096
2026-04-23 00:00:00+00:00,78178.22,78662.5,76960.0,78257.48,16970.79501,78139.7,78648.0,76504.6,78216.8,172485.012
2026-04-24 00:00:00+00:00,78257.48,78581.93,77264.08,77437.13,12675.14315,78217.4,78546.0,77206.8,77395.4,127783.005
2026-04-25 00:00:00+00:00,77437.13,77885.35,77140.23,77625.0,5685.1142,77395.3,77847.0,77100.0,77585.0,46592.486
2026-04-26 00:00:00+00:00,77625.0,78961.0,77326.51,78657.55,7963.5616199999995,77585.0,78994.8,77280.0,78613.5,79943.305
2026-04-27 00:00:00+00:00,78657.55,79485.66,76459.64,77371.32,16046.92418,78614.4,79455.0,76400.0,77331.2,169100.883
2026-04-28 00:00:00+00:00,77371.32,77478.0,75666.6,76342.77,13210.72383,77331.2,77450.0,75635.6,76298.1,103918.877
2026-04-29 00:00:00+00:00,76342.78,77904.93,74937.52,75780.0,18279.93022,76298.2,77873.2,74868.0,75749.9,186533.503
2026-04-30 00:00:00+00:00,75780.0,76669.14,75323.65,76346.57,10381.81607,75749.9,76630.3,75273.5,76305.4,99754.46
2026-05-01 00:00:00+00:00,76346.58,78914.12,76320.42,78231.13,17315.46502,76305.4,78879.9,76265.4,78192.0,152998.306
2026-05-02 00:00:00+00:00,78231.13,78514.82,78040.0,78426.28,4129.66294,78191.9,79145.0,77979.3,78652.9,51441.108
