hash,strategy_id,asset,direction,window,start,end,final_equity,return,pf,expectancy_r,economic_expectancy,maxdd,minimum_equity,trades,peak_concurrent,peak_open_risk,intended_risk_sum,realized_pnl,overshoot_loss,skipped_entries,resized_entries,ruin,ruin_timestamp
9f8d8f8d7ccbabd97a7546bc4b2f64d655ce1c58b977f69408af66405c02daf5,SQX-AVAX-M15-9f8d8f8d7ccb,AVAX,SHORT,D1,2020-09-22 06:30:00+00:00,2021-04-18 10:39:00+00:00,1.2220383509104547,0.22203835091045465,1.2374371772977497,0.19785690601931688,0.002000345503697789,-0.23123432877521072,0.9695457580581696,111,1,0.01237582921537861,1.2628155590905537,0.22203835091045457,0.08592570392322253,0,0,False,
9f8d8f8d7ccbabd97a7546bc4b2f64d655ce1c58b977f69408af66405c02daf5,SQX-AVAX-M15-9f8d8f8d7ccb,AVAX,SHORT,D2,2021-04-18 10:39:00+00:00,2021-11-12 14:48:00+00:00,1.0871941649207368,0.08719416492073684,1.1218118702530537,0.10308309716797288,0.0009082725512576786,-0.11055470270004805,0.9375491223829772,96,1,0.011345396090685038,0.9705377571431617,0.08719416492073714,0.014980065583316155,0,0,False,
9f8d8f8d7ccbabd97a7546bc4b2f64d655ce1c58b977f69408af66405c02daf5,SQX-AVAX-M15-9f8d8f8d7ccb,AVAX,SHORT,D3,2021-11-12 14:48:00+00:00,2022-06-08 18:57:00+00:00,0.858191309277956,-0.14180869072204405,0.8164619314867445,-0.12947063050382226,-0.001325314866561163,-0.33860110416385714,0.7003302250794496,107,1,0.010482934393392648,0.9832780078730418,-0.14180869072204444,0.006492675856366295,0,0,False,
9f8d8f8d7ccbabd97a7546bc4b2f64d655ce1c58b977f69408af66405c02daf5,SQX-AVAX-M15-9f8d8f8d7ccb,AVAX,SHORT,D4,2022-06-08 18:57:00+00:00,2023-01-02 23:06:00+00:00,1.030383188426781,0.030383188426780894,1.0572612774481356,0.06196908642359899,0.00046743366810432594,-0.2088832637666515,0.9288690325620843,65,1,0.011614270712002259,0.6954462108398989,0.030383188426781185,0.02458182847987317,0,0,False,
9f8d8f8d7ccbabd97a7546bc4b2f64d655ce1c58b977f69408af66405c02daf5,SQX-AVAX-M15-9f8d8f8d7ccb,AVAX,SHORT,D5,2023-01-02 23:06:00+00:00,2023-07-30 03:15:00+00:00,1.1735376726631175,0.17353767266311748,1.495168702148041,0.3520903891719594,0.003615368180481622,-0.10701100700026395,0.973003956753007,48,1,0.011774229246460712,0.5068078111376503,0.17353767266311787,0.021982062838709772,0,0,False,
9f8d8f8d7ccbabd97a7546bc4b2f64d655ce1c58b977f69408af66405c02daf5,SQX-AVAX-M15-9f8d8f8d7ccb,AVAX,SHORT,D6,2023-07-30 03:15:00+00:00,2024-02-23 07:24:00+00:00,1.1416862619927508,0.1416862619927508,1.4411395165598269,0.29408205176366065,0.0029517971248489727,-0.17873305400170822,0.8541160124416711,48,1,0.011200858663927258,0.4640859326547244,0.1416862619927507,0.013170663972576992,0,0,False,
73dc01afd888cb61200fb2f34e71bf24a00c5fb51ba72dc71d57a2af06ff7d85,SQX-AVAX-M15-73dc01afd888,AVAX,SHORT,D1,2020-09-22 06:30:00+00:00,2021-04-18 10:39:00+00:00,0.9759854576091775,-0.024014542390822458,0.9757805850596387,-0.006958250914071473,-0.00014209788396935997,-0.23989301045869463,0.8795187566008054,169,1,0.011451032290944416,1.672862909390399,-0.024014542390821833,0.04006563696187394,0,0,False,
73dc01afd888cb61200fb2f34e71bf24a00c5fb51ba72dc71d57a2af06ff7d85,SQX-AVAX-M15-73dc01afd888,AVAX,SHORT,D2,2021-04-18 10:39:00+00:00,2021-11-12 14:48:00+00:00,1.126872849100479,0.1268728491004789,1.152916033104862,0.08883788723132077,0.0008630806061257006,-0.1074908996099639,0.9598520953385408,147,1,0.011781670021164288,1.5273438730642017,0.126872849100478,0.007339918127503755,0,0,False,
73dc01afd888cb61200fb2f34e71bf24a00c5fb51ba72dc71d57a2af06ff7d85,SQX-AVAX-M15-73dc01afd888,AVAX,SHORT,D3,2021-11-12 14:48:00+00:00,2022-06-08 18:57:00+00:00,1.1923445982338647,0.19234459823386474,1.2132369389988729,0.12271469967338891,0.0012571542368226413,-0.1383277701862096,0.9823679865659684,153,1,0.012057262118988023,1.6847404020068952,0.19234459823386413,0.00272461191203093,0,0,False,
73dc01afd888cb61200fb2f34e71bf24a00c5fb51ba72dc71d57a2af06ff7d85,SQX-AVAX-M15-73dc01afd888,AVAX,SHORT,D4,2022-06-08 18:57:00+00:00,2023-01-02 23:06:00+00:00,1.3707119752243693,0.3707119752243693,1.4934352201889876,0.2566995198136637,0.0029189919309005434,-0.11344662449935984,0.9681658926684557,127,1,0.01419749307637046,1.4932676733543624,0.370711975224369,0.01436252709373289,0,0,False,
73dc01afd888cb61200fb2f34e71bf24a00c5fb51ba72dc71d57a2af06ff7d85,SQX-AVAX-M15-73dc01afd888,AVAX,SHORT,D5,2023-01-02 23:06:00+00:00,2023-07-30 03:15:00+00:00,0.9409747093166917,-0.05902529068330831,0.9127654241370007,-0.045537836833992915,-0.0005132633972461605,-0.10384230985567591,0.9074265279604993,115,1,0.010254717866508915,1.108705405057979,-0.05902529068330846,0.01749468048508797,0,0,False,
73dc01afd888cb61200fb2f34e71bf24a00c5fb51ba72dc71d57a2af06ff7d85,SQX-AVAX-M15-73dc01afd888,AVAX,SHORT,D6,2023-07-30 03:15:00+00:00,2024-02-23 07:24:00+00:00,1.134994085896922,0.13499408589692208,1.2301766039770872,0.12648879772313854,0.0012616269709992771,-0.14358117239997872,0.8806446660434529,107,1,0.011465477111511076,1.0583440249774647,0.13499408589692266,0.012763894948931926,0,0,False,
a494cb9fba3597935f7c5a02f62d8bb398e02a134381d51067c187dd5563c30d,SQX-AVAX-M15-a494cb9fba35,AVAX,SHORT,D1,2020-09-22 06:30:00+00:00,2021-04-18 10:39:00+00:00,0.8991875728797755,-0.10081242712022453,0.8957214242126731,-0.05431595268504526,-0.0005695617351425064,-0.18883976271500216,0.8512741692353478,177,1,0.010384268295728392,1.738002769105323,-0.10081242712022365,0.03529499265751431,0,0,False,
a494cb9fba3597935f7c5a02f62d8bb398e02a134381d51067c187dd5563c30d,SQX-AVAX-M15-a494cb9fba35,AVAX,SHORT,D2,2021-04-18 10:39:00+00:00,2021-11-12 14:48:00+00:00,1.02115239992205,0.02115239992204998,1.0212570556311305,0.01682750462502973,0.00011016874959400775,-0.23915358014275565,0.8889941090558368,192,1,0.010703887901976251,1.8646182961182167,0.021152399922049488,0.009433265380229719,0,0,False,
a494cb9fba3597935f7c5a02f62d8bb398e02a134381d51067c187dd5563c30d,SQX-AVAX-M15-a494cb9fba35,AVAX,SHORT,D3,2021-11-12 14:48:00+00:00,2022-06-08 18:57:00+00:00,1.227774435190976,0.22777443519097607,1.1549916465887713,0.08565667945390137,0.0008862818489921284,-0.14193962389119236,0.9802267821758183,257,1,0.014177260494362104,3.0002567630952717,0.22777443519097698,0.0051384668830238515,0,0,False,
a494cb9fba3597935f7c5a02f62d8bb398e02a134381d51067c187dd5563c30d,SQX-AVAX-M15-a494cb9fba35,AVAX,SHORT,D4,2022-06-08 18:57:00+00:00,2023-01-02 23:06:00+00:00,1.0858278483481711,0.08582784834817114,1.073857545090484,0.04260788166212206,0.00038316003726862326,-0.20885440255819135,0.8815200365765157,224,1,0.01103128913962716,2.2586355322531793,0.08582784834817161,0.023897372319057815,0,0,False,
a494cb9fba3597935f7c5a02f62d8bb398e02a134381d51067c187dd5563c30d,SQX-AVAX-M15-a494cb9fba35,AVAX,SHORT,D5,2023-01-02 23:06:00+00:00,2023-07-30 03:15:00+00:00,1.1296734363357728,0.12967343633577277,1.1490419798504388,0.07911212246947684,0.0007811652791311569,-0.15296431592519508,0.9477969242583248,166,1,0.012038985570799854,1.797502179202509,0.12967343633577205,0.02511959520714089,0,0,False,
a494cb9fba3597935f7c5a02f62d8bb398e02a134381d51067c187dd5563c30d,SQX-AVAX-M15-a494cb9fba35,AVAX,SHORT,D6,2023-07-30 03:15:00+00:00,2024-02-23 07:24:00+00:00,1.1759584832087273,0.1759584832087273,1.1982143400792553,0.1010656280087336,0.0010350499012278145,-0.10378927407943836,1.0,170,1,0.012080047788952091,1.8555769812633263,0.17595848320872848,0.025042800608156404,0,0,False,
173e4590a2985f65f3cbc7694ccb3d93838e6b014a99fcd41091d13d73fc5984,SQX-AVAX-M15-173e4590a298,AVAX,SHORT,D1,2020-09-22 06:30:00+00:00,2021-04-18 10:39:00+00:00,0.8492484822347239,-0.15075151776527607,0.9315491046155165,-0.03617618694272143,-0.0003998713999078969,-0.30842268760872077,0.7926985035953164,377,1,0.010637170189380927,3.645521201175617,-0.15075151776527712,0.09964930511592388,0,0,False,
173e4590a2985f65f3cbc7694ccb3d93838e6b014a99fcd41091d13d73fc5984,SQX-AVAX-M15-173e4590a298,AVAX,SHORT,D2,2021-04-18 10:39:00+00:00,2021-11-12 14:48:00+00:00,1.119305069784223,0.11930506978422306,1.0608039032062655,0.04066003676586869,0.00035402097858819683,-0.221898369812472,0.9175896559781175,337,1,0.011672704956711888,3.4781308861469755,0.11930506978422234,0.01963179113314416,0,0,False,
173e4590a2985f65f3cbc7694ccb3d93838e6b014a99fcd41091d13d73fc5984,SQX-AVAX-M15-173e4590a298,AVAX,SHORT,D3,2021-11-12 14:48:00+00:00,2022-06-08 18:57:00+00:00,1.4643378825188091,0.46433788251880914,1.173777293166812,0.10498430498129424,0.0011875649169278957,-0.16379788533416698,0.9535007106386956,391,1,0.015582166547583718,4.908271237717022,0.46433788251880725,0.010793009785051797,0,0,False,
173e4590a2985f65f3cbc7694ccb3d93838e6b014a99fcd41091d13d73fc5984,SQX-AVAX-M15-173e4590a298,AVAX,SHORT,D4,2022-06-08 18:57:00+00:00,2023-01-02 23:06:00+00:00,1.4227352672576281,0.4227352672576281,1.1646317319714128,0.09959688231290784,0.0011037474340930226,-0.11468868896637179,0.9794745613573267,383,1,0.014742936306829067,4.643731761288266,0.42273526725762767,0.06929743671809308,0,0,False,
173e4590a2985f65f3cbc7694ccb3d93838e6b014a99fcd41091d13d73fc5984,SQX-AVAX-M15-173e4590a298,AVAX,SHORT,D5,2023-01-02 23:06:00+00:00,2023-07-30 03:15:00+00:00,1.2073822182332563,0.2073822182332563,1.1156420373700755,0.06629783106024631,0.0006501009975964116,-0.19762290234186297,0.8411818511562664,319,1,0.012286508981471645,3.2631287779977423,0.2073822182332553,0.05378594241915521,0,0,False,
173e4590a2985f65f3cbc7694ccb3d93838e6b014a99fcd41091d13d73fc5984,SQX-AVAX-M15-173e4590a298,AVAX,SHORT,D6,2023-07-30 03:15:00+00:00,2024-02-23 07:24:00+00:00,0.9864022133674785,-0.013597786632521536,0.9938344602734589,0.003493818552400478,-3.7562946498680346e-05,-0.3109627689570268,0.862186279098529,362,1,0.012383808504727098,3.739993580725862,-0.013597786632522285,0.07882916150714324,0,0,False,
c749fe4779e192f0dafc4b66b1638fa032bfbd6989941bd8f906b0bb5df6916d,SQX-AVAX-M15-c749fe4779e1,AVAX,SHORT,D1,2020-09-22 06:30:00+00:00,2021-04-18 10:39:00+00:00,1.0483628539790364,0.04836285397903639,1.0601018842860257,0.04847244460108644,0.00039641683589373066,-0.15900978710636954,0.9550073280001421,122,1,0.011240105955116335,1.2560697148861482,0.04836285397903514,0.03840554392300221,0,0,False,
c749fe4779e192f0dafc4b66b1638fa032bfbd6989941bd8f906b0bb5df6916d,SQX-AVAX-M15-c749fe4779e1,AVAX,SHORT,D2,2021-04-18 10:39:00+00:00,2021-11-12 14:48:00+00:00,0.9863522871524755,-0.013647712847524529,0.9817543769084137,-0.002219116870229065,-0.00011765269696141601,-0.20636227453744724,0.8762235686780193,116,1,0.010928828506269818,1.1372365352320841,-0.013647712847524257,0.00906351179166401,0,0,False,
c749fe4779e192f0dafc4b66b1638fa032bfbd6989941bd8f906b0bb5df6916d,SQX-AVAX-M15-c749fe4779e1,AVAX,SHORT,D3,2021-11-12 14:48:00+00:00,2022-06-08 18:57:00+00:00,1.0566796608840674,0.056679660884067395,1.0772058349997973,0.056962894579810575,0.0004886177662419579,-0.09671681069305182,0.9505117875403123,116,1,0.011178788502229134,1.1988472713004115,0.05667966088406711,0.0030808456624945475,0,0,False,
c749fe4779e192f0dafc4b66b1638fa032bfbd6989941bd8f906b0bb5df6916d,SQX-AVAX-M15-c749fe4779e1,AVAX,SHORT,D4,2022-06-08 18:57:00+00:00,2023-01-02 23:06:00+00:00,1.11960371920682,0.11960371920682,1.2299051067316211,0.13561750900361502,0.0013289302134091123,-0.1616130149064094,0.8636752002845102,90,1,0.01098544355965317,0.8640703978227812,0.1196037192068201,0.012351842462534554,0,0,False,
c749fe4779e192f0dafc4b66b1638fa032bfbd6989941bd8f906b0bb5df6916d,SQX-AVAX-M15-c749fe4779e1,AVAX,SHORT,D5,2023-01-02 23:06:00+00:00,2023-07-30 03:15:00+00:00,1.0026041627993814,0.00260416279938136,1.0053299837081502,0.01199584402111072,3.0280962783498717e-05,-0.2560436737047909,0.7699683820470231,86,1,0.010245618671301669,0.785958380677665,0.0026041627993808898,0.015400582420038137,0,0,False,
c749fe4779e192f0dafc4b66b1638fa032bfbd6989941bd8f906b0bb5df6916d,SQX-AVAX-M15-c749fe4779e1,AVAX,SHORT,D6,2023-07-30 03:15:00+00:00,2024-02-23 07:24:00+00:00,1.002926197097774,0.002926197097774086,1.0055504535874322,0.013540760950149295,3.568533046065855e-05,-0.16514105786057254,0.860223014725074,82,1,0.010451711766404541,0.7931568320876649,0.002926197097774001,0.01448031131623204,0,0,False,
0ded107197b28d4b336864275dd4fa58b274e798a84293c0254866f86340d685,SQX-AVAX-M15-0ded107197b2,AVAX,SHORT,D1,2020-09-22 06:30:00+00:00,2021-04-18 10:39:00+00:00,0.7976962903440579,-0.20230370965594213,0.8265522743230154,-0.10143329703793749,-0.0009587853538196367,-0.293101414721787,0.751657568215323,211,1,0.0105217572849584,2.0247086039803848,-0.20230370965594333,0.04114026370482386,0,0,False,
0ded107197b28d4b336864275dd4fa58b274e798a84293c0254866f86340d685,SQX-AVAX-M15-0ded107197b2,AVAX,SHORT,D2,2021-04-18 10:39:00+00:00,2021-11-12 14:48:00+00:00,1.1019714779520993,0.10197147795209927,1.0936059626527186,0.0523592714569634,0.00048790180838325574,-0.22697811509623153,0.9184570079751544,209,1,0.011256625620862035,2.1246801081336,0.10197147795210044,0.009875524333783388,0,0,False,
0ded107197b28d4b336864275dd4fa58b274e798a84293c0254866f86340d685,SQX-AVAX-M15-0ded107197b2,AVAX,SHORT,D3,2021-11-12 14:48:00+00:00,2022-06-08 18:57:00+00:00,1.3269064377747577,0.3269064377747577,1.1970425117412349,0.10754998856618754,0.0011759224380387006,-0.15735764602502453,0.9781624828359717,278,1,0.01560195248828432,3.454801993435746,0.32690643777475875,0.005732794305393519,0,0,False,
0ded107197b28d4b336864275dd4fa58b274e798a84293c0254866f86340d685,SQX-AVAX-M15-0ded107197b2,AVAX,SHORT,D4,2022-06-08 18:57:00+00:00,2023-01-02 23:06:00+00:00,1.0123955019244097,0.012395501924409746,1.0102435149567328,0.010915741537299581,5.2301695883586275e-05,-0.23377077581978997,0.8537574068659534,237,1,0.01103128913962716,2.316761272867964,0.012395501924409948,0.024685585744330135,0,0,False,
0ded107197b28d4b336864275dd4fa58b274e798a84293c0254866f86340d685,SQX-AVAX-M15-0ded107197b2,AVAX,SHORT,D5,2023-01-02 23:06:00+00:00,2023-07-30 03:15:00+00:00,1.1604493280892363,0.1604493280892363,1.1684541817172682,0.08615547780993721,0.0008672936653472168,-0.16017877523448107,0.9134480577002771,185,1,0.012083264066460772,1.9735469520815505,0.1604493280892351,0.026922764480654948,0,0,False,
0ded107197b28d4b336864275dd4fa58b274e798a84293c0254866f86340d685,SQX-AVAX-M15-0ded107197b2,AVAX,SHORT,D6,2023-07-30 03:15:00+00:00,2024-02-23 07:24:00+00:00,1.1037752576346422,0.10377525763464224,1.0993187541690617,0.057118625303681565,0.0005404961335137553,-0.12030769571172309,1.0,192,1,0.011842515350281736,2.086314100514355,0.10377525763464102,0.02764382069379394,0,0,False,
9f985eccfe97bded418b9570d5db45aa6a1dee43dc11a23521912c8c61351e7b,SQX-AVAX-M15-9f985eccfe97,AVAX,SHORT,D1,2020-09-22 06:30:00+00:00,2021-04-18 10:39:00+00:00,0.6167761165186152,-0.3832238834813848,0.6855859310147283,-0.23571358237980042,-0.001965250684519922,-0.4303837834369333,0.5756523496705829,195,1,0.01,1.4470662091806559,-0.3832238834813848,0.09628041737644895,0,0,False,
9f985eccfe97bded418b9570d5db45aa6a1dee43dc11a23521912c8c61351e7b,SQX-AVAX-M15-9f985eccfe97,AVAX,SHORT,D2,2021-04-18 10:39:00+00:00,2021-11-12 14:48:00+00:00,1.0389775267828156,0.03897752678281563,1.0249253370971625,0.03230118789750084,0.00019295805338027992,-0.36916320570947453,0.8708342192794714,202,1,0.012763861952957903,2.163907551802663,0.038977526782816546,0.023545174762717162,0,0,False,
9f985eccfe97bded418b9570d5db45aa6a1dee43dc11a23521912c8c61351e7b,SQX-AVAX-M15-9f985eccfe97,AVAX,SHORT,D3,2021-11-12 14:48:00+00:00,2022-06-08 18:57:00+00:00,1.5879041253965553,0.5879041253965553,1.2832860135437407,0.2002894584909018,0.002361060744564483,-0.1574745544342619,1.0,249,1,0.016582501707213572,3.1076557410505177,0.5879041253965562,0.012000017458927967,0,0,False,
9f985eccfe97bded418b9570d5db45aa6a1dee43dc11a23521912c8c61351e7b,SQX-AVAX-M15-9f985eccfe97,AVAX,SHORT,D4,2022-06-08 18:57:00+00:00,2023-01-02 23:06:00+00:00,1.3484599043020091,0.3484599043020091,1.1951057795907876,0.14112433452706774,0.0014765250182288531,-0.4191525654678699,0.881165905332067,236,1,0.01363176470492931,2.551614957534257,0.34845990430200935,0.0644015557042561,0,0,False,
9f985eccfe97bded418b9570d5db45aa6a1dee43dc11a23521912c8c61351e7b,SQX-AVAX-M15-9f985eccfe97,AVAX,SHORT,D5,2023-01-02 23:06:00+00:00,2023-07-30 03:15:00+00:00,1.283517727253957,0.2835177272539571,1.1856008898164172,0.15114827022271746,0.0015492771981090551,-0.15594810352638538,0.9197187264027449,183,1,0.013984851688085356,2.1458205700817534,0.2835177272539571,0.07467822285234779,0,0,False,
9f985eccfe97bded418b9570d5db45aa6a1dee43dc11a23521912c8c61351e7b,SQX-AVAX-M15-9f985eccfe97,AVAX,SHORT,D6,2023-07-30 03:15:00+00:00,2024-02-23 07:24:00+00:00,1.0003109508548036,0.0003109508548035933,1.0002137035407428,0.013690422418030966,1.7469149146254862e-06,-0.19280572546091845,0.9805986800808404,178,1,0.012026764403548306,1.959510583207932,0.00031095085480333656,0.07177122774092086,0,0,False,
a47bb11a09faac851d818188061aa6c581e58687a54bcdd5c6e2d4d261187e99,SQX-AVAX-M15-a47bb11a09fa,AVAX,SHORT,D1,2020-09-22 06:30:00+00:00,2021-04-18 10:39:00+00:00,0.867747496099097,-0.13225250390090304,0.8676034084227052,-0.07302077928921084,-0.0007347361327827962,-0.2173389379130219,0.8326579916178176,180,1,0.010528873863759464,1.749819761965308,-0.13225250390090332,0.03984226717041358,0,0,False,
a47bb11a09faac851d818188061aa6c581e58687a54bcdd5c6e2d4d261187e99,SQX-AVAX-M15-a47bb11a09fa,AVAX,SHORT,D2,2021-04-18 10:39:00+00:00,2021-11-12 14:48:00+00:00,1.052564704131534,0.052564704131534024,1.0549362012833854,0.034180865988029704,0.00029041273000846723,-0.22697811509623164,0.9107083601175674,181,1,0.011143654491531058,1.8355195149327925,0.052564704131532566,0.00901605264265419,0,0,False,
a47bb11a09faac851d818188061aa6c581e58687a54bcdd5c6e2d4d261187e99,SQX-AVAX-M15-a47bb11a09fa,AVAX,SHORT,D3,2021-11-12 14:48:00+00:00,2022-06-08 18:57:00+00:00,1.124375954909872,0.12437595490987197,1.0860505154903495,0.05273710010169466,0.0004975038196394868,-0.14178859255864817,0.9957480195579095,250,1,0.012980732517189576,2.832008384274653,0.12437595490987169,0.005230310606440166,0,0,False,
a47bb11a09faac851d818188061aa6c581e58687a54bcdd5c6e2d4d261187e99,SQX-AVAX-M15-a47bb11a09fa,AVAX,SHORT,D4,2022-06-08 18:57:00+00:00,2023-01-02 23:06:00+00:00,1.0576526283340093,0.057652628334009304,1.0484001053355947,0.030454152945893532,0.00025286240497372883,-0.2378592641337453,0.8538728825815055,228,1,0.011092003954803573,2.2804068316201622,0.05765262833401017,0.025734748367215544,0,0,False,
a47bb11a09faac851d818188061aa6c581e58687a54bcdd5c6e2d4d261187e99,SQX-AVAX-M15-a47bb11a09fa,AVAX,SHORT,D5,2023-01-02 23:06:00+00:00,2023-07-30 03:15:00+00:00,1.141115362879287,0.14111536287928694,1.1667498580833962,0.08569107443529576,0.0008552446235108325,-0.17154613465579402,0.9308523809113842,165,1,0.01177431069259795,1.7574864848382823,0.14111536287928736,0.023775839598340454,0,0,False,
a47bb11a09faac851d818188061aa6c581e58687a54bcdd5c6e2d4d261187e99,SQX-AVAX-M15-a47bb11a09fa,AVAX,SHORT,D6,2023-07-30 03:15:00+00:00,2024-02-23 07:24:00+00:00,1.1594173728805353,0.15941737288053526,1.1912216825776305,0.09766167154243773,0.0009901700178915267,-0.10615066527905387,0.9874317004976303,161,1,0.011809357749320678,1.7222455667242742,0.15941737288053578,0.026211280783163208,0,0,False,
d111bb27293ecc59a1f7fb82a3e7ef6a9a220d015a479e123c6dd548b439c842,SQX-AVAX-M15-d111bb27293e,AVAX,SHORT,D1,2020-09-22 06:30:00+00:00,2021-04-18 10:39:00+00:00,1.0341609445616844,0.03416094456168439,1.0171995086674115,0.02058632068809815,0.00011463404215330309,-0.20436632395476426,0.9601195084256107,298,1,0.01193790468520773,3.159857450393166,0.03416094456168432,0.08792963772898625,0,0,False,
d111bb27293ecc59a1f7fb82a3e7ef6a9a220d015a479e123c6dd548b439c842,SQX-AVAX-M15-d111bb27293e,AVAX,SHORT,D2,2021-04-18 10:39:00+00:00,2021-11-12 14:48:00+00:00,0.9973149178020961,-0.0026850821979038653,0.9985429364703946,0.008301097603462981,-9.589579278225959e-06,-0.22531056002410543,0.9020098064771793,280,1,0.01182075221513412,2.901680247024394,-0.0026850821979032685,0.01868065608452932,0,0,False,
d111bb27293ecc59a1f7fb82a3e7ef6a9a220d015a479e123c6dd548b439c842,SQX-AVAX-M15-d111bb27293e,AVAX,SHORT,D3,2021-11-12 14:48:00+00:00,2022-06-08 18:57:00+00:00,1.5384735811877397,0.5384735811877397,1.2759381517498534,0.15583531867661046,0.001825334173517762,-0.18189340253573244,0.9499368627644164,295,1,0.015551636445785532,3.4246761061763786,0.5384735811877398,0.007165344976998823,0,0,False,
d111bb27293ecc59a1f7fb82a3e7ef6a9a220d015a479e123c6dd548b439c842,SQX-AVAX-M15-d111bb27293e,AVAX,SHORT,D4,2022-06-08 18:57:00+00:00,2023-01-02 23:06:00+00:00,1.5385993194724437,0.5385993194724437,1.3153905747333952,0.17555754951574906,0.002071535844124789,-0.22540945532282752,0.9236701517976373,260,1,0.015718476242271143,3.0460249405791773,0.5385993194724451,0.03537052642781621,0,0,False,
d111bb27293ecc59a1f7fb82a3e7ef6a9a220d015a479e123c6dd548b439c842,SQX-AVAX-M15-d111bb27293e,AVAX,SHORT,D5,2023-01-02 23:06:00+00:00,2023-07-30 03:15:00+00:00,0.9333637052777081,-0.06663629472229193,0.9487422612896024,-0.023732324414988543,-0.00031432214491647006,-0.18706156396307402,0.8567591891701897,212,1,0.010897451520009009,2.0791236435180616,-0.06663629472229166,0.037005671321582494,0,0,False,
d111bb27293ecc59a1f7fb82a3e7ef6a9a220d015a479e123c6dd548b439c842,SQX-AVAX-M15-d111bb27293e,AVAX,SHORT,D6,2023-07-30 03:15:00+00:00,2024-02-23 07:24:00+00:00,1.0438964657913508,0.04389646579135076,1.0313952910022883,0.027802896305563228,0.00019085419909282885,-0.23438697092276978,0.8518372815110037,230,1,0.011005460019049734,2.268718596213825,0.04389646579135063,0.03561513090740912,0,0,False,
623dd37533adbc2ff331866b1efc0c624478e5714b2d5677ff0697d5fa41f293,SQX-AVAX-M15-623dd37533ad,AVAX,LONG,D1,2020-09-22 06:30:00+00:00,2021-04-18 10:39:00+00:00,1.1805671683537553,0.1805671683537553,1.190718979063215,0.11311186129063286,0.0011428301794541465,-0.11622705277441266,0.9545071005247998,158,1,0.012046233746821575,1.688799724041258,0.18056716835375514,0.03563755783023466,0,0,False,
623dd37533adbc2ff331866b1efc0c624478e5714b2d5677ff0697d5fa41f293,SQX-AVAX-M15-623dd37533ad,AVAX,LONG,D2,2021-04-18 10:39:00+00:00,2021-11-12 14:48:00+00:00,1.176710486625652,0.17671048662565192,1.1916119579325115,0.11743329092879559,0.0011859764203063946,-0.0846074715359932,0.9725268090237743,149,1,0.012006468680207258,1.62385882822279,0.17671048662565278,0.007777268989455684,0,0,False,
623dd37533adbc2ff331866b1efc0c624478e5714b2d5677ff0697d5fa41f293,SQX-AVAX-M15-623dd37533ad,AVAX,LONG,D3,2021-11-12 14:48:00+00:00,2022-06-08 18:57:00+00:00,1.0570926350945142,0.05709263509451423,1.069647331608519,0.05008529340770719,0.0004325199628372304,-0.08888856617182811,0.9651489490967421,132,1,0.010969008773758017,1.3791379394145638,0.05709263509451441,0.002352634037035964,0,0,False,
623dd37533adbc2ff331866b1efc0c624478e5714b2d5677ff0697d5fa41f293,SQX-AVAX-M15-623dd37533ad,AVAX,LONG,D4,2022-06-08 18:57:00+00:00,2023-01-02 23:06:00+00:00,1.097110830673582,0.09711083067358195,1.1129549865294732,0.07594007370754807,0.0007140502255410424,-0.11889844587811806,0.9829653374279089,136,1,0.012164361921830666,1.5105698372286982,0.09711083067358177,0.019794176110682397,0,0,False,
623dd37533adbc2ff331866b1efc0c624478e5714b2d5677ff0697d5fa41f293,SQX-AVAX-M15-623dd37533ad,AVAX,LONG,D5,2023-01-02 23:06:00+00:00,2023-07-30 03:15:00+00:00,0.7373763047803543,-0.2626236952196457,0.7076663583255653,-0.20011511835056203,-0.001786555749793508,-0.3354262624033657,0.7428728175986727,147,1,0.010477765123135656,1.3244850278167066,-0.2626236952196457,0.023453632994869845,0,0,False,
623dd37533adbc2ff331866b1efc0c624478e5714b2d5677ff0697d5fa41f293,SQX-AVAX-M15-623dd37533ad,AVAX,LONG,D6,2023-07-30 03:15:00+00:00,2024-02-23 07:24:00+00:00,1.0319990021886316,0.03199900218863161,1.0372681513971704,0.029483762111821916,0.0002222152929766166,-0.1302303875993115,0.9088654622302214,144,1,0.011336964707563303,1.4728214988885,0.03199900218863279,0.020616643775981665,0,0,False,
c38015937e29433a0dce5846c45e3b98c02761e3cbca25d3bb67ac7353aa71c3,SQX-AVAX-M15-c38015937e29,AVAX,SHORT,D1,2020-09-22 06:30:00+00:00,2021-04-18 10:39:00+00:00,0.6593493538357521,-0.3406506461642479,0.7669651108346612,-0.13759621922009135,-0.0011706207771967285,-0.4226555630913753,0.6401821997772479,291,1,0.010728466779117563,2.5049845253417673,-0.340650646164248,0.05567341534567877,0,0,False,
c38015937e29433a0dce5846c45e3b98c02761e3cbca25d3bb67ac7353aa71c3,SQX-AVAX-M15-c38015937e29,AVAX,SHORT,D2,2021-04-18 10:39:00+00:00,2021-11-12 14:48:00+00:00,0.9705012668195482,-0.02949873318045182,0.9789182631234628,-0.005581186646710502,-0.00010925456733500571,-0.18623290880909799,0.9123573295719214,270,1,0.011173031875083665,2.714260955726667,-0.029498733180451542,0.011008726564642668,0,0,False,
c38015937e29433a0dce5846c45e3b98c02761e3cbca25d3bb67ac7353aa71c3,SQX-AVAX-M15-c38015937e29,AVAX,SHORT,D3,2021-11-12 14:48:00+00:00,2022-06-08 18:57:00+00:00,1.3150050106430005,0.31500501064300046,1.1938541268414413,0.09869899478159166,0.0010714456144319707,-0.15089106413132386,0.995345015722682,294,1,0.013940834491735611,3.487775451105004,0.31500501064299935,0.005123088835496659,0,0,False,
c38015937e29433a0dce5846c45e3b98c02761e3cbca25d3bb67ac7353aa71c3,SQX-AVAX-M15-c38015937e29,AVAX,SHORT,D4,2022-06-08 18:57:00+00:00,2023-01-02 23:06:00+00:00,1.1720065076409687,0.1720065076409687,1.125352247384246,0.06435994852701435,0.0006370611394109964,-0.1513481404314256,0.951010496830808,270,1,0.011843536909576248,2.834117821710411,0.17200650764096903,0.024237459353096312,0,0,False,
c38015937e29433a0dce5846c45e3b98c02761e3cbca25d3bb67ac7353aa71c3,SQX-AVAX-M15-c38015937e29,AVAX,SHORT,D5,2023-01-02 23:06:00+00:00,2023-07-30 03:15:00+00:00,1.3009122975012672,0.30091229750126725,1.304627203723186,0.12755900938111708,0.0013995920814012374,-0.12732492381523633,0.9026955319981778,215,1,0.013898046588254562,2.3436916812348145,0.300912297501266,0.022890898879211148,0,0,False,
c38015937e29433a0dce5846c45e3b98c02761e3cbca25d3bb67ac7353aa71c3,SQX-AVAX-M15-c38015937e29,AVAX,SHORT,D6,2023-07-30 03:15:00+00:00,2024-02-23 07:24:00+00:00,1.2655931033218952,0.26559310332189523,1.2085313773217492,0.11153859992532968,0.0011963653302788087,-0.10537313389109106,1.0,222,1,0.013646237636185735,2.784042935898687,0.2655931033218955,0.021481603661119085,0,0,False,
fbadb2452a2c5162d38be44ca06980f0892b7352c8921abf63a5fa7083eb2396,SQX-AVAX-M15-fbadb2452a2c,AVAX,SHORT,D1,2020-09-22 06:30:00+00:00,2021-04-18 10:39:00+00:00,0.6285945008639682,-0.3714054991360318,0.7941462196227811,-0.14964413599748216,-0.001271936640876825,-0.4877107033772107,0.5951873512476861,292,1,0.010160654239784166,2.473985409999223,-0.3714054991360329,0.08660579243279876,0,0,False,
fbadb2452a2c5162d38be44ca06980f0892b7352c8921abf63a5fa7083eb2396,SQX-AVAX-M15-fbadb2452a2c,AVAX,SHORT,D2,2021-04-18 10:39:00+00:00,2021-11-12 14:48:00+00:00,0.8920946860856047,-0.10790531391439528,0.9350163091546451,-0.03251164186337287,-0.0003981745900900205,-0.24016251904762395,0.7963747954529318,271,1,0.01037623303002303,2.459811175696662,-0.10790531391439556,0.018023685002130745,0,0,False,
fbadb2452a2c5162d38be44ca06980f0892b7352c8921abf63a5fa7083eb2396,SQX-AVAX-M15-fbadb2452a2c,AVAX,SHORT,D3,2021-11-12 14:48:00+00:00,2022-06-08 18:57:00+00:00,1.5866827561894867,0.5866827561894867,1.222023015081937,0.1532139766202869,0.001816355282320401,-0.14533726634835917,0.9663637629282705,323,1,0.01733981921235829,4.380301506566332,0.5866827561894895,0.011096393092033304,0,0,False,
fbadb2452a2c5162d38be44ca06980f0892b7352c8921abf63a5fa7083eb2396,SQX-AVAX-M15-fbadb2452a2c,AVAX,SHORT,D4,2022-06-08 18:57:00+00:00,2023-01-02 23:06:00+00:00,1.1911941083830753,0.19119410838307527,1.09364465056116,0.06753199348203227,0.0006268659291248382,-0.19928686651211516,0.9244037592103966,305,1,0.012171337623382445,3.1656876306633523,0.19119410838307563,0.05259408915358989,0,0,False,
fbadb2452a2c5162d38be44ca06980f0892b7352c8921abf63a5fa7083eb2396,SQX-AVAX-M15-fbadb2452a2c,AVAX,SHORT,D5,2023-01-02 23:06:00+00:00,2023-07-30 03:15:00+00:00,1.2289527541550953,0.2289527541550953,1.1198861699164546,0.08571989420595562,0.0008417380667466728,-0.12105366138678016,0.896033784789324,272,1,0.013912937299612689,3.055156574379908,0.228952754155095,0.063081519643459,0,0,False,
fbadb2452a2c5162d38be44ca06980f0892b7352c8921abf63a5fa7083eb2396,SQX-AVAX-M15-fbadb2452a2c,AVAX,SHORT,D6,2023-07-30 03:15:00+00:00,2024-02-23 07:24:00+00:00,1.3061851375810725,0.30618513758107246,1.1682835860751097,0.1164879769670252,0.0012198611059006906,-0.1869187703073684,0.9878949973108693,251,1,0.01315304040476813,2.958095856458149,0.30618513758107335,0.06250764047526372,0,0,False,
847337e7eb42fb4e43cf37bbc86760617333a943981245a9530ee153e7890334,SQX-AVAX-M15-847337e7eb42,AVAX,LONG,D1,2020-09-22 06:30:00+00:00,2021-04-18 10:39:00+00:00,0.9085822652454288,-0.09141773475457116,0.8634522169118726,-0.07972773620280368,-0.0008386948142621275,-0.1659990214772962,0.8831354547271436,109,1,0.010473389091650078,1.0666455510960626,-0.0914177347545719,0.023853557025235537,0,0,False,
847337e7eb42fb4e43cf37bbc86760617333a943981245a9530ee153e7890334,SQX-AVAX-M15-847337e7eb42,AVAX,LONG,D2,2021-04-18 10:39:00+00:00,2021-11-12 14:48:00+00:00,1.1436349970266924,0.14363499702669236,1.2479502639982916,0.1324709032886465,0.0013299536761730796,-0.10357970222373328,0.9196407589907648,108,1,0.011486703126510286,1.121019133135222,0.1436349970266926,0.004867748288311628,0,0,False,
847337e7eb42fb4e43cf37bbc86760617333a943981245a9530ee153e7890334,SQX-AVAX-M15-847337e7eb42,AVAX,LONG,D3,2021-11-12 14:48:00+00:00,2022-06-08 18:57:00+00:00,0.9306280658215622,-0.06937193417843779,0.8746995161089935,-0.06741399990011339,-0.0007226243143587245,-0.16932419611885016,0.8932947685123686,96,1,0.010325292768167389,0.9438874295687315,-0.06937193417843755,0.0016957524993945951,0,0,False,
847337e7eb42fb4e43cf37bbc86760617333a943981245a9530ee153e7890334,SQX-AVAX-M15-847337e7eb42,AVAX,LONG,D4,2022-06-08 18:57:00+00:00,2023-01-02 23:06:00+00:00,1.015342309624992,0.015342309624992057,1.0331325998598837,0.025419992946910268,0.00017839894912782185,-0.08586953699338853,0.9351182258892791,86,1,0.010705490505322431,0.867841337552951,0.01534230962499268,0.00995096088795712,0,0,False,
847337e7eb42fb4e43cf37bbc86760617333a943981245a9530ee153e7890334,SQX-AVAX-M15-847337e7eb42,AVAX,LONG,D5,2023-01-02 23:06:00+00:00,2023-07-30 03:15:00+00:00,1.0838312862837103,0.08383128628371028,1.1613899541360513,0.0899571144368254,0.0008554212886092903,-0.08243652957649528,0.9684194655022832,98,1,0.011066443634203189,1.015152310816153,0.08383128628371045,0.015780067114844816,0,0,False,
847337e7eb42fb4e43cf37bbc86760617333a943981245a9530ee153e7890334,SQX-AVAX-M15-847337e7eb42,AVAX,LONG,D6,2023-07-30 03:15:00+00:00,2024-02-23 07:24:00+00:00,1.097744363980455,0.09774436398045494,1.1811791110764933,0.09916850784023677,0.000958278078239742,-0.09342584489255701,0.9452099967100147,102,1,0.011529502648751825,1.0675560907648196,0.09774436398045368,0.01246084800988218,0,0,False,
9f80709ff19c8aeddf18d8b956ebe74b31f8f66c51d47cd255aae9288aaa4c6f,SQX-AVAX-M15-9f80709ff19c,AVAX,SHORT,D1,2020-09-22 06:30:00+00:00,2021-04-18 10:39:00+00:00,1.1502303004576768,0.15023030045767682,1.079454963443276,0.05669109988234718,0.0005092552557887316,-0.22958157954618594,0.9118397843399518,295,1,0.012068917975684285,3.0956630111798553,0.15023030045767582,0.0947427980146763,0,0,False,
9f80709ff19c8aeddf18d8b956ebe74b31f8f66c51d47cd255aae9288aaa4c6f,SQX-AVAX-M15-9f80709ff19c,AVAX,SHORT,D2,2021-04-18 10:39:00+00:00,2021-11-12 14:48:00+00:00,1.2018663828586433,0.20186638285864333,1.1267953695551018,0.08224987537082643,0.0008042485372854306,-0.29548544120424536,0.8374277629330324,251,1,0.01217279967164995,2.7409025115991206,0.20186638285864308,0.018929189528951722,0,0,False,
9f80709ff19c8aeddf18d8b956ebe74b31f8f66c51d47cd255aae9288aaa4c6f,SQX-AVAX-M15-9f80709ff19c,AVAX,SHORT,D3,2021-11-12 14:48:00+00:00,2022-06-08 18:57:00+00:00,0.9151883454869657,-0.0848116545130343,0.9545573913872676,-0.018610709430543444,-0.0002617643657809688,-0.299913619398922,0.741635694802249,324,1,0.01048841222923464,2.9917195491382036,-0.08481165451303391,0.00759820913367008,0,0,False,
9f80709ff19c8aeddf18d8b956ebe74b31f8f66c51d47cd255aae9288aaa4c6f,SQX-AVAX-M15-9f80709ff19c,AVAX,SHORT,D4,2022-06-08 18:57:00+00:00,2023-01-02 23:06:00+00:00,1.395053669012137,0.3950536690121369,1.2188700012785545,0.13650519635631742,0.0015078384313440424,-0.5285809256279033,0.5878754814672233,262,1,0.014416256771037918,3.159413080932945,0.3950536690121391,0.05147903946281102,0,0,False,
9f80709ff19c8aeddf18d8b956ebe74b31f8f66c51d47cd255aae9288aaa4c6f,SQX-AVAX-M15-9f80709ff19c,AVAX,SHORT,D5,2023-01-02 23:06:00+00:00,2023-07-30 03:15:00+00:00,0.8343460542278563,-0.16565394577214365,0.8885461236602346,-0.061910536069739945,-0.0006445678823818789,-0.22251059834907969,0.7855236112502155,257,1,0.01,2.3324500201085114,-0.16565394577214287,0.054867416083313233,0,0,False,
9f80709ff19c8aeddf18d8b956ebe74b31f8f66c51d47cd255aae9288aaa4c6f,SQX-AVAX-M15-9f80709ff19c,AVAX,SHORT,D6,2023-07-30 03:15:00+00:00,2024-02-23 07:24:00+00:00,1.086447166871756,0.08644716687175591,1.0597359787130476,0.04376394865933614,0.000357219697817171,-0.3627595789721069,0.7419142666239366,242,1,0.011516853701913372,2.317719494487239,0.08644716687175538,0.050144385309498773,0,0,False,
68ea9eeaedd01a5a0d00be52d95f9f72527f7cdc80b51ac9048bf998f4beebfe,SQX-AVAX-M15-68ea9eeaedd0,AVAX,SHORT,D1,2020-09-22 06:30:00+00:00,2021-04-18 10:39:00+00:00,0.8656222399219345,-0.13437776007806546,0.938284660817595,-0.028389195186509064,-0.0003326182180150105,-0.40490377763230956,0.6951887407780026,404,1,0.010299612261852489,3.6348876423183283,-0.13437776007806426,0.08998819639268837,0,0,False,
68ea9eeaedd01a5a0d00be52d95f9f72527f7cdc80b51ac9048bf998f4beebfe,SQX-AVAX-M15-68ea9eeaedd0,AVAX,SHORT,D2,2021-04-18 10:39:00+00:00,2021-11-12 14:48:00+00:00,0.8233913889964084,-0.1766086110035916,0.9139210101004985,-0.04437577248578156,-0.0004684578541209371,-0.31946538527406576,0.7372769251260686,377,1,0.010723912198016928,3.438235192990285,-0.1766086110035933,0.018688254772342826,0,0,False,
68ea9eeaedd01a5a0d00be52d95f9f72527f7cdc80b51ac9048bf998f4beebfe,SQX-AVAX-M15-68ea9eeaedd0,AVAX,SHORT,D3,2021-11-12 14:48:00+00:00,2022-06-08 18:57:00+00:00,1.3796934105988377,0.37969341059883766,1.1254799396181772,0.07381299054161317,0.0007812621617260051,-0.1582252504686543,0.9073710970117409,486,1,0.014073595545607543,5.495229934739514,0.3796934105988385,0.009555565239150179,0,0,False,
68ea9eeaedd01a5a0d00be52d95f9f72527f7cdc80b51ac9048bf998f4beebfe,SQX-AVAX-M15-68ea9eeaedd0,AVAX,SHORT,D4,2022-06-08 18:57:00+00:00,2023-01-02 23:06:00+00:00,1.3541775074963411,0.35417750749634114,1.1335015389282996,0.07884623622450115,0.0008333588411678605,-0.14184388616364232,0.9634307208549675,425,1,0.014139456233967045,4.852404156505361,0.3541775074963407,0.05460319559431231,0,0,False,
68ea9eeaedd01a5a0d00be52d95f9f72527f7cdc80b51ac9048bf998f4beebfe,SQX-AVAX-M15-68ea9eeaedd0,AVAX,SHORT,D5,2023-01-02 23:06:00+00:00,2023-07-30 03:15:00+00:00,1.1667759639774327,0.16677596397743266,1.0705921344840599,0.04573202047563473,0.0004159001595447236,-0.1920410634564662,0.8716420919107658,401,1,0.01340740986400861,4.288877058516371,0.16677596397743416,0.061608223924871766,0,0,False,
68ea9eeaedd01a5a0d00be52d95f9f72527f7cdc80b51ac9048bf998f4beebfe,SQX-AVAX-M15-68ea9eeaedd0,AVAX,SHORT,D6,2023-07-30 03:15:00+00:00,2024-02-23 07:24:00+00:00,1.1513789224952533,0.1513789224952533,1.0591753187538355,0.042768088415772065,0.0003803490514956096,-0.25082697663944015,0.985453921820666,398,1,0.013250335686978518,4.565759427254685,0.15137892249525262,0.06401084096611334,0,0,False,
d639482c875d3c5809c74e91e55a1bbd78ef3e4781e64335b8981869be6dd8ae,SQX-AVAX-M15-d639482c875d,AVAX,SHORT,D1,2020-09-22 06:30:00+00:00,2021-04-18 10:39:00+00:00,0.868661196834369,-0.13133880316563096,0.8890627094331486,-0.06277539995211968,-0.0006566940158281556,-0.3238966255947646,0.7637194414887573,200,1,0.011173237501211701,1.8659674604794745,-0.13133880316563112,0.048839875138687885,0,0,False,
d639482c875d3c5809c74e91e55a1bbd78ef3e4781e64335b8981869be6dd8ae,SQX-AVAX-M15-d639482c875d,AVAX,SHORT,D2,2021-04-18 10:39:00+00:00,2021-11-12 14:48:00+00:00,1.1016274477103307,0.10162744771033072,1.0849004859431797,0.06085021489059725,0.0005553412443187547,-0.12205460750982543,0.9623939362355105,183,1,0.012136442338023905,2.039146897826472,0.10162744771033211,0.010115769343446357,0,0,False,
d639482c875d3c5809c74e91e55a1bbd78ef3e4781e64335b8981869be6dd8ae,SQX-AVAX-M15-d639482c875d,AVAX,SHORT,D3,2021-11-12 14:48:00+00:00,2022-06-08 18:57:00+00:00,1.1351154226143512,0.13511542261435117,1.1118623591204453,0.07106806792172587,0.0006722160329072171,-0.17236066214492782,0.9384102424900937,201,1,0.01163617954975953,2.0759563926597444,0.13511542261435064,0.004144258987202316,0,0,False,
d639482c875d3c5809c74e91e55a1bbd78ef3e4781e64335b8981869be6dd8ae,SQX-AVAX-M15-d639482c875d,AVAX,SHORT,D4,2022-06-08 18:57:00+00:00,2023-01-02 23:06:00+00:00,1.1163844311386983,0.11638443113869834,1.0966135287983048,0.060468613124878494,0.0005568633068837223,-0.18436264258610058,0.8920493930190556,209,1,0.01152514943030118,2.0954477254738797,0.11638443113869797,0.02818086962733197,0,0,False,
d639482c875d3c5809c74e91e55a1bbd78ef3e4781e64335b8981869be6dd8ae,SQX-AVAX-M15-d639482c875d,AVAX,SHORT,D5,2023-01-02 23:06:00+00:00,2023-07-30 03:15:00+00:00,0.7692540501636649,-0.23074594983633512,0.8167251975754267,-0.11918395428237204,-0.0011147147335088697,-0.2569705098407092,0.7705382340144644,207,1,0.010252563400601948,1.9155237535484024,-0.230745949836336,0.037737510811033624,0,0,False,
d639482c875d3c5809c74e91e55a1bbd78ef3e4781e64335b8981869be6dd8ae,SQX-AVAX-M15-d639482c875d,AVAX,SHORT,D6,2023-07-30 03:15:00+00:00,2024-02-23 07:24:00+00:00,1.2491765460629123,0.24917654606291229,1.1939611072643064,0.11271129021341549,0.001169842939262499,-0.22590376865795078,0.9022396297431248,213,1,0.012421897595380916,2.2473017554340884,0.24917654606291229,0.04075268013354102,0,0,False,
c6ab8f91d65488d2503622f4b332fc198481eefb89e74a6af16eb68656d26912,SQX-AVAX-M15-c6ab8f91d654,AVAX,SHORT,D1,2020-09-22 06:30:00+00:00,2021-04-18 10:39:00+00:00,1.0202737984065113,0.020273798406511334,1.03304183706295,0.03263753644295873,0.0002277954877136066,-0.12766075133355123,0.9713337196616194,89,1,0.01100829331195399,0.9205805378650486,0.020273798406510987,0.03116248713621998,0,0,False,
c6ab8f91d65488d2503622f4b332fc198481eefb89e74a6af16eb68656d26912,SQX-AVAX-M15-c6ab8f91d654,AVAX,SHORT,D2,2021-04-18 10:39:00+00:00,2021-11-12 14:48:00+00:00,1.109684121337613,0.10968412133761296,1.1569599073417307,0.11021988978355576,0.001054655012861673,-0.07792677710963128,0.9654873682435825,104,1,0.011589467851911821,1.126068237388651,0.10968412133761399,0.007925802357978878,0,0,False,
c6ab8f91d65488d2503622f4b332fc198481eefb89e74a6af16eb68656d26912,SQX-AVAX-M15-c6ab8f91d654,AVAX,SHORT,D3,2021-11-12 14:48:00+00:00,2022-06-08 18:57:00+00:00,0.9088521401594072,-0.09114785984059282,0.889336271564068,-0.06650243079986508,-0.0007233957130205801,-0.15952599724601368,0.8831015195846971,126,1,0.010364885023740184,1.2128748287640951,-0.09114785984059309,0.003364773695847879,0,0,False,
c6ab8f91d65488d2503622f4b332fc198481eefb89e74a6af16eb68656d26912,SQX-AVAX-M15-c6ab8f91d654,AVAX,SHORT,D4,2022-06-08 18:57:00+00:00,2023-01-02 23:06:00+00:00,1.2038261946238007,0.2038261946238007,1.3736992079116574,0.2317293386519692,0.0024265023169500154,-0.06871467204099001,0.9942917545454545,84,1,0.012241426998894276,0.9241434366883898,0.20382619462380128,0.01387773499060054,0,0,False,
c6ab8f91d65488d2503622f4b332fc198481eefb89e74a6af16eb68656d26912,SQX-AVAX-M15-c6ab8f91d654,AVAX,SHORT,D5,2023-01-02 23:06:00+00:00,2023-07-30 03:15:00+00:00,0.8777028868904843,-0.12229711310951574,0.7919988460740338,-0.13922788215562332,-0.0013897399216990446,-0.15863127725960352,0.8594442188158189,88,1,0.01010890167225554,0.8278579532792059,-0.12229711310951594,0.02132179638991455,0,0,False,
c6ab8f91d65488d2503622f4b332fc198481eefb89e74a6af16eb68656d26912,SQX-AVAX-M15-c6ab8f91d654,AVAX,SHORT,D6,2023-07-30 03:15:00+00:00,2024-02-23 07:24:00+00:00,1.063434019418448,0.06343401941844795,1.1490212502103192,0.0983032562564493,0.0009062002774063924,-0.15901896040719574,0.8732233465033039,70,1,0.010742827808507367,0.6689989276669988,0.06343401941844747,0.014229810034325965,0,0,False,
180751c6f8da2b6302a4057e3edb177e3765eb284eeb514c30f19d80cffdf10d,SQX-AVAX-M15-180751c6f8da,AVAX,SHORT,D1,2020-09-22 06:30:00+00:00,2021-04-18 10:39:00+00:00,1.0653185453990572,0.06531854539905724,1.188323734039721,0.10885731703092404,0.001053524925791233,-0.292101132167855,0.9963086517948327,62,1,0.011092057238954402,0.6591700623834302,0.06531854539905645,0.02503403398479034,0,0,False,
180751c6f8da2b6302a4057e3edb177e3765eb284eeb514c30f19d80cffdf10d,SQX-AVAX-M15-180751c6f8da,AVAX,SHORT,D2,2021-04-18 10:39:00+00:00,2021-11-12 14:48:00+00:00,1.0331335387338785,0.033133538733878476,1.1306541711227571,0.07748987844263283,0.0007202943203016992,-0.0806594718318839,0.9764661011552461,46,1,0.010877479034213823,0.47624011117901366,0.033133538733878164,0.003293358014228691,0,0,False,
180751c6f8da2b6302a4057e3edb177e3765eb284eeb514c30f19d80cffdf10d,SQX-AVAX-M15-180751c6f8da,AVAX,SHORT,D3,2021-11-12 14:48:00+00:00,2022-06-08 18:57:00+00:00,1.0977685593034283,0.09776855930342832,1.2963613171272093,0.15486926756408012,0.0015518818937052192,-0.11442127319387974,0.9994053566504604,63,1,0.01119746787464365,0.6585949659177376,0.0977685593034288,0.0016386672039859981,0,0,False,
180751c6f8da2b6302a4057e3edb177e3765eb284eeb514c30f19d80cffdf10d,SQX-AVAX-M15-180751c6f8da,AVAX,SHORT,D4,2022-06-08 18:57:00+00:00,2023-01-02 23:06:00+00:00,0.9443111325701199,-0.05568886742988011,0.8562736592382907,-0.07784740424144686,-0.0008189539327923605,-0.23658887406796583,0.8377719411338631,68,1,0.010131474316939892,0.6449016624889133,-0.05568886742988051,0.013814616846097949,0,0,False,
180751c6f8da2b6302a4057e3edb177e3765eb284eeb514c30f19d80cffdf10d,SQX-AVAX-M15-180751c6f8da,AVAX,SHORT,D5,2023-01-02 23:06:00+00:00,2023-07-30 03:15:00+00:00,1.0927652787058855,0.09276527870588547,1.291725639914276,0.14508343184054123,0.0014494574797794461,-0.056270820299134584,0.9837595688952873,64,1,0.011047767514792764,0.6511752011407101,0.09276527870588455,0.012446916240885933,0,0,False,
180751c6f8da2b6302a4057e3edb177e3765eb284eeb514c30f19d80cffdf10d,SQX-AVAX-M15-180751c6f8da,AVAX,SHORT,D6,2023-07-30 03:15:00+00:00,2024-02-23 07:24:00+00:00,1.1199898384754137,0.11998983847541367,1.3055269724942162,0.1598031509018658,0.0016214843037218034,-0.06625565883811874,0.9888936585365852,74,1,0.01144890086598213,0.7966889744033382,0.11998983847541345,0.0172551026092327,0,0,False,
3658e052ed6bb2603ac4c00dd418a1052b0af43a49d16e46c3c5d868cdbfd5a5,SQX-AVAX-M15-3658e052ed6b,AVAX,LONG,D1,2020-09-22 06:30:00+00:00,2021-04-18 10:39:00+00:00,1.0327238328392332,0.03272383283923319,1.0409822624905252,0.02980836686605332,0.00023044952703685096,-0.29687335843551094,0.9113461248029588,142,1,0.010841928882393652,1.4447733926505049,0.03272383283923284,0.028254962801316473,0,0,False,
3658e052ed6bb2603ac4c00dd418a1052b0af43a49d16e46c3c5d868cdbfd5a5,SQX-AVAX-M15-3658e052ed6b,AVAX,LONG,D2,2021-04-18 10:39:00+00:00,2021-11-12 14:48:00+00:00,1.054284413141221,0.05428441314122101,1.0739692633672462,0.043909263146425584,0.00038228459958606096,-0.10132366429205157,0.9374655289341028,142,1,0.010757321135199028,1.4112150489648438,0.05428441314122066,0.006046920218009099,0,0,False,
3658e052ed6bb2603ac4c00dd418a1052b0af43a49d16e46c3c5d868cdbfd5a5,SQX-AVAX-M15-3658e052ed6b,AVAX,LONG,D3,2021-11-12 14:48:00+00:00,2022-06-08 18:57:00+00:00,1.1014676838810733,0.1014676838810733,1.131692420837968,0.07882490628087674,0.0007516124731931325,-0.3730707403084723,0.8167251283704693,135,1,0.011403615975151118,1.4410412601099591,0.10146768388107288,0.0025477610952130293,0,0,False,
3658e052ed6bb2603ac4c00dd418a1052b0af43a49d16e46c3c5d868cdbfd5a5,SQX-AVAX-M15-3658e052ed6b,AVAX,LONG,D4,2022-06-08 18:57:00+00:00,2023-01-02 23:06:00+00:00,0.959790987401224,-0.04020901259877596,0.9502771968026759,-0.023712202950358672,-0.0003000672581998254,-0.18660184702562688,0.9638170373096739,134,1,0.011789583465049294,1.4259656242979102,-0.0402090125987766,0.017806644096298285,0,0,False,
3658e052ed6bb2603ac4c00dd418a1052b0af43a49d16e46c3c5d868cdbfd5a5,SQX-AVAX-M15-3658e052ed6b,AVAX,LONG,D5,2023-01-02 23:06:00+00:00,2023-07-30 03:15:00+00:00,0.9072330547166769,-0.09276694528332308,0.8713354580130062,-0.07054473765431467,-0.000736245597486691,-0.15671145199968803,0.8933009579351905,126,1,0.010486134629210336,1.2371981348262353,-0.09276694528332308,0.019767590474098755,0,0,False,
3658e052ed6bb2603ac4c00dd418a1052b0af43a49d16e46c3c5d868cdbfd5a5,SQX-AVAX-M15-3658e052ed6b,AVAX,LONG,D6,2023-07-30 03:15:00+00:00,2024-02-23 07:24:00+00:00,1.1803874089578983,0.1803874089578983,1.272637411350904,0.13742497058227587,0.0014203732988810943,-0.0862602357057776,0.9473330460710535,127,1,0.012292671076297777,1.380643869774333,0.18038740895789898,0.014691140165705005,0,0,False,
bb7abeddd1020136c6470d4011cfdbd8a67d248b9c761b9c3c4fa85c626c7325,SQX-AVAX-M15-bb7abeddd102,AVAX,SHORT,D1,2020-09-22 06:30:00+00:00,2021-04-18 10:39:00+00:00,0.795929415261599,-0.204070584738401,0.8487946680220408,-0.09270082461594117,-0.0008950464242912308,-0.3301168477399678,0.7351637132786031,228,1,0.010386212844807317,2.116692280812169,-0.20407058473840062,0.04871014040285437,0,0,False,
bb7abeddd1020136c6470d4011cfdbd8a67d248b9c761b9c3c4fa85c626c7325,SQX-AVAX-M15-bb7abeddd102,AVAX,SHORT,D2,2021-04-18 10:39:00+00:00,2021-11-12 14:48:00+00:00,0.6777227504390301,-0.3222772495609699,0.7614812845275257,-0.15404919894101926,-0.0013372499981783002,-0.3858477789870239,0.6411823252339177,241,1,0.010336516941192446,2.0186655553201547,-0.32227724956097037,0.011199182807423456,0,0,False,
bb7abeddd1020136c6470d4011cfdbd8a67d248b9c761b9c3c4fa85c626c7325,SQX-AVAX-M15-bb7abeddd102,AVAX,SHORT,D3,2021-11-12 14:48:00+00:00,2022-06-08 18:57:00+00:00,1.235269826539748,0.23526982653974793,1.1460397280813377,0.08949605876938685,0.0009083777086476784,-0.2060950276374484,0.957908329356612,259,1,0.012752114741710912,2.845022769110304,0.2352698265397487,0.004999623458886814,0,0,False,
bb7abeddd1020136c6470d4011cfdbd8a67d248b9c761b9c3c4fa85c626c7325,SQX-AVAX-M15-bb7abeddd102,AVAX,SHORT,D4,2022-06-08 18:57:00+00:00,2023-01-02 23:06:00+00:00,1.2046959473512489,0.20469594735124885,1.1444900366100326,0.08886158830775487,0.0008899823797880414,-0.13373428790024966,0.9826344095325208,230,1,0.0121774556519537,2.5075128059805323,0.20469594735124952,0.028680626529608552,0,0,False,
bb7abeddd1020136c6470d4011cfdbd8a67d248b9c761b9c3c4fa85c626c7325,SQX-AVAX-M15-bb7abeddd102,AVAX,SHORT,D5,2023-01-02 23:06:00+00:00,2023-07-30 03:15:00+00:00,1.2515660617957058,0.25156606179570584,1.1981162024627006,0.10894510445092581,0.0011331804585392176,-0.14534923525799526,0.9091783025069796,222,1,0.012799252713929446,2.3111424432423564,0.2515660617957063,0.029591232878808833,0,0,False,
bb7abeddd1020136c6470d4011cfdbd8a67d248b9c761b9c3c4fa85c626c7325,SQX-AVAX-M15-bb7abeddd102,AVAX,SHORT,D6,2023-07-30 03:15:00+00:00,2024-02-23 07:24:00+00:00,1.0400422316432922,0.040042231643292236,1.0270476047103443,0.02465355988721701,0.00017334299412680322,-0.22076575430962392,0.9829699113019442,231,1,0.01248485981227472,2.5155520479465596,0.04004223164329154,0.04126827368262028,0,0,False,
47d160519af1de2616a98c5278ccc0335222116bbbdc489e5e589c6a5f7a2e8b,SQX-AVAX-M15-47d160519af1,AVAX,SHORT,D1,2020-09-22 06:30:00+00:00,2021-04-18 10:39:00+00:00,1.053595643329955,0.05359564332995492,1.1504191454497317,0.09111429101072739,0.0008644458601605474,-0.29989094220942913,0.9963086517948327,62,1,0.010969998816786945,0.6549343412726483,0.05359564332995394,0.026380492683298642,0,0,False,
47d160519af1de2616a98c5278ccc0335222116bbbdc489e5e589c6a5f7a2e8b,SQX-AVAX-M15-47d160519af1,AVAX,SHORT,D2,2021-04-18 10:39:00+00:00,2021-11-12 14:48:00+00:00,1.0274962111447021,0.027496211144702132,1.1076637630692268,0.06560065124240079,0.0005977437205370034,-0.08065947183188416,0.9711379813279837,46,1,0.01081812570730953,0.47369605647225127,0.027496211144702156,0.003275387696454097,0,0,False,
47d160519af1de2616a98c5278ccc0335222116bbbdc489e5e589c6a5f7a2e8b,SQX-AVAX-M15-47d160519af1,AVAX,SHORT,D3,2021-11-12 14:48:00+00:00,2022-06-08 18:57:00+00:00,1.0894544929565622,0.08945449295656216,1.2644934948813005,0.14287786255957466,0.0014199125866121058,-0.11442127319387974,0.9994053566504604,63,1,0.01119746787464365,0.6585949659177376,0.08945449295656267,0.001711331182693886,0,0,False,
47d160519af1de2616a98c5278ccc0335222116bbbdc489e5e589c6a5f7a2e8b,SQX-AVAX-M15-47d160519af1,AVAX,SHORT,D4,2022-06-08 18:57:00+00:00,2023-01-02 23:06:00+00:00,0.9442449837386919,-0.05575501626130808,0.8591885854497283,-0.07776589533640826,-0.0008199267097251224,-0.23658887406796583,0.8377719411338631,68,1,0.010131474316939892,0.6449779172548186,-0.05575501626130833,0.014159726217161024,0,0,False,
47d160519af1de2616a98c5278ccc0335222116bbbdc489e5e589c6a5f7a2e8b,SQX-AVAX-M15-47d160519af1,AVAX,SHORT,D5,2023-01-02 23:06:00+00:00,2023-07-30 03:15:00+00:00,1.1070324011224446,0.10703240112244461,1.3308999461292221,0.1656025187022507,0.0016723812675381957,-0.05627082029913438,0.9872930188303775,64,1,0.011192006954528528,0.6574352874624267,0.10703240112244453,0.012745082413265732,0,0,False,
47d160519af1de2616a98c5278ccc0335222116bbbdc489e5e589c6a5f7a2e8b,SQX-AVAX-M15-47d160519af1,AVAX,SHORT,D6,2023-07-30 03:15:00+00:00,2024-02-23 07:24:00+00:00,1.111340413040272,0.11134041304027198,1.2752625212150306,0.14957162027758603,0.0015046001762198929,-0.07592797218307673,0.9832269040166028,74,1,0.011360483622402995,0.7869604909945289,0.11134041304027208,0.018533941987860802,0,0,False,
1f4e8a06cfae804fd697cd4c966e54a12120dbfcc93715f693ceb4312b128b01,SQX-AVAX-M15-1f4e8a06cfae,AVAX,SHORT,D1,2020-09-22 06:30:00+00:00,2021-04-18 10:39:00+00:00,1.1360699056169992,0.13606990561699916,1.0793651616664657,0.04855437804313617,0.00045508329637792194,-0.24253929505747968,0.9748128501112906,299,1,0.012808264517866689,3.314871883831079,0.13606990561699867,0.06888363775228927,0,0,False,
1f4e8a06cfae804fd697cd4c966e54a12120dbfcc93715f693ceb4312b128b01,SQX-AVAX-M15-1f4e8a06cfae,AVAX,SHORT,D2,2021-04-18 10:39:00+00:00,2021-11-12 14:48:00+00:00,0.9352673792811609,-0.06473262071883912,0.9531298970853233,-0.019081302292402045,-0.00024064171270943925,-0.2017532421344735,0.8368799636247879,269,1,0.010377796051266399,2.539804811988998,-0.06473262071883916,0.013490056929353064,0,0,False,
1f4e8a06cfae804fd697cd4c966e54a12120dbfcc93715f693ceb4312b128b01,SQX-AVAX-M15-1f4e8a06cfae,AVAX,SHORT,D3,2021-11-12 14:48:00+00:00,2022-06-08 18:57:00+00:00,0.9825408876043148,-0.017459112395685206,0.989598485170989,0.00024256789480811523,-5.525035568254978e-05,-0.6806678523074705,0.4647690229341702,316,1,0.010782204055857052,3.134834685032871,-0.01745911239568573,0.0053294000554405686,0,0,False,
1f4e8a06cfae804fd697cd4c966e54a12120dbfcc93715f693ceb4312b128b01,SQX-AVAX-M15-1f4e8a06cfae,AVAX,SHORT,D4,2022-06-08 18:57:00+00:00,2023-01-02 23:06:00+00:00,1.1837013996271009,0.18370139962710086,1.112064024799125,0.06238640663025558,0.0006143859519300987,-0.14646141690148817,0.9324424658306735,299,1,0.011958221596726298,3.1807558027039846,0.18370139962709953,0.03380109329955425,0,0,False,
1f4e8a06cfae804fd697cd4c966e54a12120dbfcc93715f693ceb4312b128b01,SQX-AVAX-M15-1f4e8a06cfae,AVAX,SHORT,D5,2023-01-02 23:06:00+00:00,2023-07-30 03:15:00+00:00,0.8448824461113502,-0.15511755388864978,0.8885005992749995,-0.054412391699768366,-0.0005539912638880361,-0.19499578227635142,0.8133351444494693,280,1,0.01,2.47244801840234,-0.15511755388865012,0.03889725147198415,0,0,False,
1f4e8a06cfae804fd697cd4c966e54a12120dbfcc93715f693ceb4312b128b01,SQX-AVAX-M15-1f4e8a06cfae,AVAX,SHORT,D6,2023-07-30 03:15:00+00:00,2024-02-23 07:24:00+00:00,1.1073185561706285,0.10731855617062847,1.0773064044782368,0.04426097492611443,0.00040345321868657055,-0.20724213732419833,0.876503620353914,266,1,0.011282229035109767,2.672063075555601,0.10731855617062777,0.03669103276368502,0,0,False,
fc90cbbc56fedad1d54adae2d8aab4d1360a719df9dd3fb0ea6dcb7e5779d4d8,SQX-AVAX-M15-fc90cbbc56fe,AVAX,SHORT,D1,2020-09-22 06:30:00+00:00,2021-04-18 10:39:00+00:00,1.0126457940613964,0.012645794061396431,1.0410943526679681,0.02519137486996706,0.0002039644203451019,-0.21941694576825263,0.9699564365927742,62,1,0.010729291781733366,0.6402427709534816,0.012645794061396319,0.01692123149570602,0,0,False,
fc90cbbc56fedad1d54adae2d8aab4d1360a719df9dd3fb0ea6dcb7e5779d4d8,SQX-AVAX-M15-fc90cbbc56fe,AVAX,SHORT,D2,2021-04-18 10:39:00+00:00,2021-11-12 14:48:00+00:00,1.0455050306686033,0.04550503066860334,1.2151204442769914,0.10159566970153923,0.000989239797143551,-0.05658211756911312,0.9804848684957747,46,1,0.01089661290838732,0.47855138081332865,0.04550503066860335,0.001698370117317131,0,0,False,
fc90cbbc56fedad1d54adae2d8aab4d1360a719df9dd3fb0ea6dcb7e5779d4d8,SQX-AVAX-M15-fc90cbbc56fe,AVAX,SHORT,D3,2021-11-12 14:48:00+00:00,2022-06-08 18:57:00+00:00,1.0126551703522237,0.012655170352223744,1.0410479510577189,0.024882109403219194,0.00020087571987656162,-0.08779872635346848,0.9663454020009193,63,1,0.010396053245259908,0.63764515358256,0.012655170352223383,0.0011598624014999455,0,0,False,
fc90cbbc56fedad1d54adae2d8aab4d1360a719df9dd3fb0ea6dcb7e5779d4d8,SQX-AVAX-M15-fc90cbbc56fe,AVAX,SHORT,D4,2022-06-08 18:57:00+00:00,2023-01-02 23:06:00+00:00,0.9994921772316328,-0.0005078227683672498,0.9984584462333753,0.004114446818914937,-7.467981887757577e-06,-0.08779967143144299,0.9397093769749885,68,1,0.010292361826115586,0.674732278163243,-0.0005078227683675152,0.00922863112438523,0,0,False,
fc90cbbc56fedad1d54adae2d8aab4d1360a719df9dd3fb0ea6dcb7e5779d4d8,SQX-AVAX-M15-fc90cbbc56fe,AVAX,SHORT,D5,2023-01-02 23:06:00+00:00,2023-07-30 03:15:00+00:00,1.0422424124958605,0.04224241249586047,1.1516691111655164,0.06922220225878457,0.0006600376952478169,-0.06224698132297285,0.9616043932159195,64,1,0.010534662854082038,0.6381811972847043,0.04224241249586028,0.007885906623093741,0,0,False,
fc90cbbc56fedad1d54adae2d8aab4d1360a719df9dd3fb0ea6dcb7e5779d4d8,SQX-AVAX-M15-fc90cbbc56fe,AVAX,SHORT,D6,2023-07-30 03:15:00+00:00,2024-02-23 07:24:00+00:00,1.0706806950318815,0.07068069503188146,1.2081252669770175,0.09695446527850062,0.0009551445274578566,-0.05181612636391479,0.9891702439024389,74,1,0.011175274347338573,0.7883107712355437,0.07068069503188139,0.009268947537669096,0,0,False,
3af282dfc5b345653b1334372423d89e168bd258e61ae809c742682a000a0e17,SQX-AVAX-M15-3af282dfc5b3,AVAX,SHORT,D1,2020-09-22 06:30:00+00:00,2021-04-18 10:39:00+00:00,0.6561614775172596,-0.3438385224827404,0.8233493801356974,-0.09879475411913886,-0.0008531973262599011,-0.60091257786557,0.43265041258472914,403,1,0.01040231668853276,3.333517247822621,-0.34383852248274016,0.07451398984341151,0,0,False,
3af282dfc5b345653b1334372423d89e168bd258e61ae809c742682a000a0e17,SQX-AVAX-M15-3af282dfc5b3,AVAX,SHORT,D2,2021-04-18 10:39:00+00:00,2021-11-12 14:48:00+00:00,0.771816408089413,-0.228183591910587,0.8700202727181823,-0.06309690185466328,-0.000606871255081352,-0.3251530013613446,0.691019092687285,376,1,0.010137943656992242,3.0833375665453837,-0.22818359191058837,0.014110928621101523,0,0,False,
3af282dfc5b345653b1334372423d89e168bd258e61ae809c742682a000a0e17,SQX-AVAX-M15-3af282dfc5b3,AVAX,SHORT,D3,2021-11-12 14:48:00+00:00,2022-06-08 18:57:00+00:00,1.3725676633640378,0.3725676633640378,1.1345512250317644,0.08114849634002284,0.0008849588203421332,-0.23047448490923886,0.9768688766716117,421,1,0.015337139368627831,5.491880143634082,0.37256766336403807,0.00916144499604934,0,0,False,
3af282dfc5b345653b1334372423d89e168bd258e61ae809c742682a000a0e17,SQX-AVAX-M15-3af282dfc5b3,AVAX,SHORT,D4,2022-06-08 18:57:00+00:00,2023-01-02 23:06:00+00:00,1.2262763180129526,0.22627631801295256,1.1015097412099382,0.05836425024302582,0.0005816871928353554,-0.1641269865992842,0.9709386724826626,389,1,0.01252532201046423,4.341598425855594,0.22627631801295328,0.04381166466899039,0,0,False,
3af282dfc5b345653b1334372423d89e168bd258e61ae809c742682a000a0e17,SQX-AVAX-M15-3af282dfc5b3,AVAX,SHORT,D5,2023-01-02 23:06:00+00:00,2023-07-30 03:15:00+00:00,1.2615993511884276,0.2615993511884276,1.1352941279583277,0.07136826798367443,0.0007389812180464076,-0.1268148048580012,0.931799151331633,354,1,0.013393637031627433,3.922518158990036,0.2615993511884283,0.047029666197804076,0,0,False,
3af282dfc5b345653b1334372423d89e168bd258e61ae809c742682a000a0e17,SQX-AVAX-M15-3af282dfc5b3,AVAX,SHORT,D6,2023-07-30 03:15:00+00:00,2024-02-23 07:24:00+00:00,1.0003268269926036,0.0003268269926035572,1.000164524607914,0.005865569956297335,9.364670275203381e-07,-0.21804042173077295,0.9718660193754266,349,1,0.012299167775567584,3.7414146698322917,0.000326826992604598,0.047651221473974416,0,0,False,
d4fb3941fad5a00c69fa7bd06cea211ed637a441eb30b289b6f5480c777e3aea,SQX-AVAX-M15-d4fb3941fad5,AVAX,SHORT,D1,2020-09-22 06:30:00+00:00,2021-04-18 10:39:00+00:00,0.701972408859959,-0.29802759114004096,0.8640686393849732,-0.08105818066857128,-0.0007450689778501039,-0.5575038676190821,0.4887968411571421,400,1,0.010642284157869632,3.4716489512380524,-0.29802759114004157,0.08814517490267791,0,0,False,
d4fb3941fad5a00c69fa7bd06cea211ed637a441eb30b289b6f5480c777e3aea,SQX-AVAX-M15-d4fb3941fad5,AVAX,SHORT,D2,2021-04-18 10:39:00+00:00,2021-11-12 14:48:00+00:00,0.79723907851888,-0.20276092148112002,0.8969315990477822,-0.055244497636461595,-0.0005601130427655229,-0.31663719149041775,0.7235391365638976,362,1,0.010480536531301684,3.206805869601681,-0.2027609214811193,0.016162386373392595,0,0,False,
d4fb3941fad5a00c69fa7bd06cea211ed637a441eb30b289b6f5480c777e3aea,SQX-AVAX-M15-d4fb3941fad5,AVAX,SHORT,D3,2021-11-12 14:48:00+00:00,2022-06-08 18:57:00+00:00,1.4789283496957,0.4789283496957,1.1829186714360975,0.10240603946843221,0.0011568317625499952,-0.19223337800331963,0.9265098886661121,414,1,0.015019894363139054,4.734451361117839,0.47892834969569803,0.007772666354493463,0,0,False,
d4fb3941fad5a00c69fa7bd06cea211ed637a441eb30b289b6f5480c777e3aea,SQX-AVAX-M15-d4fb3941fad5,AVAX,SHORT,D4,2022-06-08 18:57:00+00:00,2023-01-02 23:06:00+00:00,1.0947694001575345,0.09476940015753454,1.0402127016729608,0.030265167378728145,0.0002369235003938397,-0.2195309758391808,0.8889218187159272,400,1,0.011607387650019578,4.038517319412117,0.09476940015753588,0.048423553193211684,0,0,False,
d4fb3941fad5a00c69fa7bd06cea211ed637a441eb30b289b6f5480c777e3aea,SQX-AVAX-M15-d4fb3941fad5,AVAX,SHORT,D5,2023-01-02 23:06:00+00:00,2023-07-30 03:15:00+00:00,1.0856461821038277,0.08564618210382768,1.0435354530474332,0.031592400201134546,0.00025116182435140215,-0.2128091611491969,0.8255685702724413,341,1,0.012103113874408529,3.4453514556571583,0.08564618210382813,0.04679966772894002,0,0,False,
d4fb3941fad5a00c69fa7bd06cea211ed637a441eb30b289b6f5480c777e3aea,SQX-AVAX-M15-d4fb3941fad5,AVAX,SHORT,D6,2023-07-30 03:15:00+00:00,2024-02-23 07:24:00+00:00,1.050006661980509,0.05000666198050907,1.0227165449335656,0.021594835885940956,0.0001445279247991629,-0.3177783927193351,0.9034919036188889,346,1,0.013108688024984019,3.795604009361295,0.05000666198051036,0.056839077737676345,0,0,False,
de2cb7313c508f6dc35d732c09699179a20556ff9d4e71f5e600fdfb4861b017,SQX-AVAX-M15-de2cb7313c50,AVAX,SHORT,D1,2020-09-22 06:30:00+00:00,2021-04-18 10:39:00+00:00,0.7791616014035543,-0.22083839859644572,0.8008275349967403,-0.120177832899174,-0.0011153454474567954,-0.30006217350032766,0.7467423044949827,198,1,0.010556632664460382,1.8530484697687182,-0.2208383985964455,0.0411496127977136,0,0,False,
de2cb7313c508f6dc35d732c09699179a20556ff9d4e71f5e600fdfb4861b017,SQX-AVAX-M15-de2cb7313c50,AVAX,SHORT,D2,2021-04-18 10:39:00+00:00,2021-11-12 14:48:00+00:00,0.9151370316491771,-0.08486296835082285,0.9184586783909902,-0.03774134918312393,-0.0004180441790680947,-0.25700448210336657,0.8156818329924841,203,1,0.010156162022822353,1.8401894310082183,-0.08486296835082321,0.009224525808000315,0,0,False,
de2cb7313c508f6dc35d732c09699179a20556ff9d4e71f5e600fdfb4861b017,SQX-AVAX-M15-de2cb7313c50,AVAX,SHORT,D3,2021-11-12 14:48:00+00:00,2022-06-08 18:57:00+00:00,1.2712687343495017,0.2712687343495017,1.1753472827140872,0.09900249924668379,0.001051429202905049,-0.1235441108618761,0.9880611787343037,258,1,0.014371074368857274,3.1134617365896524,0.27126873434950266,0.0052195025075738345,0,0,False,
de2cb7313c508f6dc35d732c09699179a20556ff9d4e71f5e600fdfb4861b017,SQX-AVAX-M15-de2cb7313c50,AVAX,SHORT,D4,2022-06-08 18:57:00+00:00,2023-01-02 23:06:00+00:00,1.0233562521004393,0.023356252100439345,1.020068065189568,0.016412793228681062,0.000106164782274726,-0.21237794442146304,0.8775939921641677,220,1,0.01103128913962716,2.1788135376874975,0.02335625210043972,0.023351327625474087,0,0,False,
de2cb7313c508f6dc35d732c09699179a20556ff9d4e71f5e600fdfb4861b017,SQX-AVAX-M15-de2cb7313c50,AVAX,SHORT,D5,2023-01-02 23:06:00+00:00,2023-07-30 03:15:00+00:00,1.117538437828856,0.11753843782885598,1.1317678269021627,0.07198347469603204,0.0006996335585051051,-0.17250924547421195,0.9191763789692996,168,1,0.011895390948631792,1.7854831048773914,0.11753843782885766,0.025147612886166123,0,0,False,
de2cb7313c508f6dc35d732c09699179a20556ff9d4e71f5e600fdfb4861b017,SQX-AVAX-M15-de2cb7313c50,AVAX,SHORT,D6,2023-07-30 03:15:00+00:00,2024-02-23 07:24:00+00:00,1.0889373134343825,0.08893731343438249,1.0896170098063227,0.05219363837718253,0.0004833549643172927,-0.100365602236294,0.9690207122498217,184,1,0.011317646704498566,1.9277767039098053,0.08893731343438185,0.026205637404924452,0,0,False,
c27a2ed4ac5ab8685e6d095ce37ab9e2a57f784b76d63b67c030c44559df799e,SQX-AVAX-M15-c27a2ed4ac5a,AVAX,SHORT,D1,2020-09-22 06:30:00+00:00,2021-04-18 10:39:00+00:00,0.5032440902432805,-0.49675590975671946,0.7927586741260507,-0.16006732242888275,-0.0012450022800920269,-0.6302609107355974,0.46791736961857744,399,1,0.010288704972712986,3.0294422084775157,-0.49675590975671874,0.16820245237858883,0,0,False,
c27a2ed4ac5ab8685e6d095ce37ab9e2a57f784b76d63b67c030c44559df799e,SQX-AVAX-M15-c27a2ed4ac5a,AVAX,SHORT,D2,2021-04-18 10:39:00+00:00,2021-11-12 14:48:00+00:00,0.6516488594964236,-0.3483511405035764,0.8576406590988607,-0.09907498869385223,-0.0009048081571521478,-0.4529996993704491,0.600691387666374,385,1,0.010869851853826449,3.25063208748675,-0.3483511405035769,0.036117757070630245,0,0,False,
c27a2ed4ac5ab8685e6d095ce37ab9e2a57f784b76d63b67c030c44559df799e,SQX-AVAX-M15-c27a2ed4ac5a,AVAX,SHORT,D3,2021-11-12 14:48:00+00:00,2022-06-08 18:57:00+00:00,1.9804783174808767,0.9804783174808767,1.2132478087004466,0.1736577294114062,0.002290837190375878,-0.5292018922978283,0.9461338705348455,428,1,0.02187802486230707,6.8572109925883975,0.9804783174808757,0.025640835168921905,0,0,False,
c27a2ed4ac5ab8685e6d095ce37ab9e2a57f784b76d63b67c030c44559df799e,SQX-AVAX-M15-c27a2ed4ac5a,AVAX,SHORT,D4,2022-06-08 18:57:00+00:00,2023-01-02 23:06:00+00:00,1.543011533467873,0.5430115334678729,1.1701875039899123,0.1209203457731415,0.001340769218439196,-0.27651721905766996,0.8524594329329337,405,1,0.015772313924843663,4.621505074454703,0.5430115334678745,0.11018750354306364,0,0,False,
c27a2ed4ac5ab8685e6d095ce37ab9e2a57f784b76d63b67c030c44559df799e,SQX-AVAX-M15-c27a2ed4ac5a,AVAX,SHORT,D5,2023-01-02 23:06:00+00:00,2023-07-30 03:15:00+00:00,1.097794276468524,0.09779427646852401,1.0371954490503152,0.03659979822180463,0.0002457142624837274,-0.2856123669102986,0.7251224045528795,398,1,0.011736587131870658,3.687984894274588,0.09779427646852351,0.11806791622701435,0,0,False,
c27a2ed4ac5ab8685e6d095ce37ab9e2a57f784b76d63b67c030c44559df799e,SQX-AVAX-M15-c27a2ed4ac5a,AVAX,SHORT,D6,2023-07-30 03:15:00+00:00,2024-02-23 07:24:00+00:00,1.1434313405981749,0.14343134059817486,1.0467828506213284,0.049528629172379296,0.00038975907771242595,-0.32148484308671504,0.962278971545291,368,1,0.014032306198691525,4.328391912082368,0.14343134059817275,0.14222999047263576,0,0,False,
4345436901c565ed24211de9f0a6b88bafe998b15bbe48fcce1e3ba125516cd9,SQX-AVAX-M15-4345436901c5,AVAX,SHORT,D1,2020-09-22 06:30:00+00:00,2021-04-18 10:39:00+00:00,0.6447017014500519,-0.3552982985499481,0.7661023753435318,-0.1640938965397246,-0.0013878839787107356,-0.44335312740403,0.6218443015452711,256,1,0.010931373814484653,2.262328131620201,-0.3552982985499483,0.055657065128942654,0,0,False,
4345436901c565ed24211de9f0a6b88bafe998b15bbe48fcce1e3ba125516cd9,SQX-AVAX-M15-4345436901c5,AVAX,SHORT,D2,2021-04-18 10:39:00+00:00,2021-11-12 14:48:00+00:00,0.9065919758925676,-0.09340802410743243,0.937131460504348,-0.03021618731035772,-0.00036064874172753685,-0.28302228994990536,0.7654074457622023,259,1,0.010628279208276945,2.399466358935653,-0.09340802410743204,0.013544070627273311,0,0,False,
4345436901c565ed24211de9f0a6b88bafe998b15bbe48fcce1e3ba125516cd9,SQX-AVAX-M15-4345436901c5,AVAX,SHORT,D3,2021-11-12 14:48:00+00:00,2022-06-08 18:57:00+00:00,1.5901851088479588,0.5901851088479588,1.3269426149116557,0.1786777195436964,0.002169798194293969,-0.6377890089084514,0.6648174629623769,272,1,0.016753315240011533,3.4167052237877487,0.5901851088479596,0.005792912024063573,0,0,False,
4345436901c565ed24211de9f0a6b88bafe998b15bbe48fcce1e3ba125516cd9,SQX-AVAX-M15-4345436901c5,AVAX,SHORT,D4,2022-06-08 18:57:00+00:00,2023-01-02 23:06:00+00:00,1.1255165884438285,0.12551658844382851,1.0852761672423856,0.05406026563282697,0.0004902991736087059,-0.17154368575826684,0.8976835695846944,256,1,0.01149694363543608,2.524727016625216,0.1255165884438287,0.02925051735484798,0,0,False,
4345436901c565ed24211de9f0a6b88bafe998b15bbe48fcce1e3ba125516cd9,SQX-AVAX-M15-4345436901c5,AVAX,SHORT,D5,2023-01-02 23:06:00+00:00,2023-07-30 03:15:00+00:00,1.2028179381945228,0.20281793819452276,1.15014123512251,0.09045107956275009,0.0009054372240826872,-0.1957808407390532,0.8252966988067859,224,1,0.01267133118959537,2.3610781803136542,0.20281793819452193,0.03688108395179015,0,0,False,
4345436901c565ed24211de9f0a6b88bafe998b15bbe48fcce1e3ba125516cd9,SQX-AVAX-M15-4345436901c5,AVAX,SHORT,D6,2023-07-30 03:15:00+00:00,2024-02-23 07:24:00+00:00,1.0576250026147165,0.05762500261471648,1.0395680742503324,0.03289145770164881,0.0002584080834740585,-0.2500012977054827,0.9804535337999697,223,1,0.012937856019943288,2.4620061093504226,0.05762500261471505,0.038473678665035524,0,0,False,
e5d591d8f9d95de3805972cb18fe658122b11d56ca4182518f017f826f3b7de2,SQX-AVAX-M15-e5d591d8f9d9,AVAX,SHORT,D1,2020-09-22 06:30:00+00:00,2021-04-18 10:39:00+00:00,0.6070189811582585,-0.3929810188417415,0.7327406767543073,-0.18464485610120415,-0.0015114654570836192,-0.450395176100272,0.560020752563714,260,1,0.010063531524941582,2.1490380185337328,-0.392981018841741,0.05331469239765088,0,0,False,
e5d591d8f9d95de3805972cb18fe658122b11d56ca4182518f017f826f3b7de2,SQX-AVAX-M15-e5d591d8f9d9,AVAX,SHORT,D2,2021-04-18 10:39:00+00:00,2021-11-12 14:48:00+00:00,0.8608487130284239,-0.13915128697157608,0.9049043302770664,-0.051468348251120344,-0.00054783971248652,-0.20602934878070625,0.8205968432144491,254,1,0.010232512545197955,2.344694831992753,-0.13915128697157608,0.011861110117748108,0,0,False,
e5d591d8f9d95de3805972cb18fe658122b11d56ca4182518f017f826f3b7de2,SQX-AVAX-M15-e5d591d8f9d9,AVAX,SHORT,D3,2021-11-12 14:48:00+00:00,2022-06-08 18:57:00+00:00,1.4329357432975616,0.43293574329756157,1.2354938107694864,0.13556971226445996,0.0015352331322608576,-0.11767329704270706,0.9512272086987047,282,1,0.015292050149093189,3.370529321441261,0.43293574329756185,0.006085434183520273,0,0,False,
e5d591d8f9d95de3805972cb18fe658122b11d56ca4182518f017f826f3b7de2,SQX-AVAX-M15-e5d591d8f9d9,AVAX,SHORT,D4,2022-06-08 18:57:00+00:00,2023-01-02 23:06:00+00:00,1.2046666180497065,0.20466661804970654,1.125954883461234,0.07903881503622488,0.0007811702978996424,-0.1556525381024337,0.9862216219433547,262,1,0.012173578782701422,2.827828320488416,0.20466661804970632,0.032693327413786936,0,0,False,
e5d591d8f9d95de3805972cb18fe658122b11d56ca4182518f017f826f3b7de2,SQX-AVAX-M15-e5d591d8f9d9,AVAX,SHORT,D5,2023-01-02 23:06:00+00:00,2023-07-30 03:15:00+00:00,1.7841589096358732,0.7841589096358732,1.5296050385761677,0.2680096299257735,0.0035164076665285793,-0.1845073205718753,0.9627990713454156,223,1,0.01832496966313781,2.990304511843372,0.7841589096358732,0.040188642118652355,0,0,False,
e5d591d8f9d95de3805972cb18fe658122b11d56ca4182518f017f826f3b7de2,SQX-AVAX-M15-e5d591d8f9d9,AVAX,SHORT,D6,2023-07-30 03:15:00+00:00,2024-02-23 07:24:00+00:00,1.007849351751445,0.007849351751445077,1.005227258831601,0.011200053213101495,3.4426981365995275e-05,-0.24438116538255328,0.9644483916348137,228,1,0.012629015783799696,2.4888117096629028,0.007849351751446923,0.03480621819021909,0,0,False,
76886d475afee8221d30e0025606327c49009c6b6bbae1686a5ded8f5bdaa860,SQX-AVAX-M15-76886d475afe,AVAX,LONG,D1,2020-09-22 06:30:00+00:00,2021-04-18 10:39:00+00:00,0.8907368392488203,-0.1092631607511797,0.8707090024687245,-0.09133446527832147,-0.000984352799560175,-0.1992213874142106,0.8576895560124845,111,1,0.010578048969584789,1.086098200609093,-0.10926316075117942,0.040159916209013616,0,0,False,
76886d475afee8221d30e0025606327c49009c6b6bbae1686a5ded8f5bdaa860,SQX-AVAX-M15-76886d475afe,AVAX,LONG,D2,2021-04-18 10:39:00+00:00,2021-11-12 14:48:00+00:00,1.132745575117413,0.13274557511741292,1.1634216627886234,0.12254634725955493,0.0011543093488470622,-0.13080595224751648,0.8974518036316648,115,1,0.01144240320475497,1.1624599905401272,0.13274557511741214,0.010619472754410728,0,0,False,
76886d475afee8221d30e0025606327c49009c6b6bbae1686a5ded8f5bdaa860,SQX-AVAX-M15-76886d475afe,AVAX,LONG,D3,2021-11-12 14:48:00+00:00,2022-06-08 18:57:00+00:00,0.9857681125541401,-0.014231887445859903,0.9808826398909368,-0.0018540307905124444,-0.00014824882756104323,-0.21239735819381864,0.935918327097112,96,1,0.011611193919444145,1.0253334768027873,-0.01423188744586015,0.003172947402479335,0,0,False,
76886d475afee8221d30e0025606327c49009c6b6bbae1686a5ded8f5bdaa860,SQX-AVAX-M15-76886d475afe,AVAX,LONG,D4,2022-06-08 18:57:00+00:00,2023-01-02 23:06:00+00:00,1.1196259732319749,0.11962597323197488,1.1880160710963559,0.14914340954404318,0.0014241187289520782,-0.14595299711755078,0.9145144673997945,84,1,0.011886086808059356,0.9036675594926347,0.11962597323197456,0.019104918756315384,0,0,False,
76886d475afee8221d30e0025606327c49009c6b6bbae1686a5ded8f5bdaa860,SQX-AVAX-M15-76886d475afe,AVAX,LONG,D5,2023-01-02 23:06:00+00:00,2023-07-30 03:15:00+00:00,0.9983023459113307,-0.001697654088669287,0.9977093122106637,0.011621414674979142,-1.6976540886685238e-05,-0.29474795198192216,0.8070305943636589,100,1,0.01127106109974089,1.0132498393289067,-0.0016976540886685237,0.02801484527403891,0,0,False,
76886d475afee8221d30e0025606327c49009c6b6bbae1686a5ded8f5bdaa860,SQX-AVAX-M15-76886d475afe,AVAX,LONG,D6,2023-07-30 03:15:00+00:00,2024-02-23 07:24:00+00:00,1.0008854660677358,0.0008854660677357629,1.0011544173371578,0.014421792500411038,8.433010168908674e-06,-0.12055855537816464,0.9093381898002062,105,1,0.010425471947090157,1.0340305734729087,0.0008854660677354107,0.02463490856619593,0,0,False,
974979b616be28c07cf92b9ab88fd13f3ee9bf4c964c3fe1cf4a26b2f46e5619,SQX-AVAX-M15-974979b616be,AVAX,SHORT,D1,2020-09-22 06:30:00+00:00,2021-04-18 10:39:00+00:00,0.49979211136617047,-0.5002078886338295,0.6888311195478524,-0.23439894657172766,-0.0017551153987151935,-0.5767482648900113,0.45921232103840803,285,1,0.01,2.116945841114808,-0.5002078886338301,0.07373288563937894,0,0,False,
974979b616be28c07cf92b9ab88fd13f3ee9bf4c964c3fe1cf4a26b2f46e5619,SQX-AVAX-M15-974979b616be,AVAX,SHORT,D2,2021-04-18 10:39:00+00:00,2021-11-12 14:48:00+00:00,0.9437009272943316,-0.05629907270566836,0.9678566329679574,-0.012231363316779332,-0.0002124493309647879,-0.22882297855964173,0.8689538712181037,265,1,0.011151603045519338,2.6333396090632872,-0.05629907270566879,0.017635932967474236,0,0,False,
974979b616be28c07cf92b9ab88fd13f3ee9bf4c964c3fe1cf4a26b2f46e5619,SQX-AVAX-M15-974979b616be,AVAX,SHORT,D3,2021-11-12 14:48:00+00:00,2022-06-08 18:57:00+00:00,1.249730044877732,0.24973004487773198,1.117211763302872,0.0827336969224024,0.0008134529149111789,-0.27559650627865956,0.9046437695516605,307,1,0.01308948633639464,3.3709784433052343,0.24973004487773193,0.008483733617111753,0,0,False,
974979b616be28c07cf92b9ab88fd13f3ee9bf4c964c3fe1cf4a26b2f46e5619,SQX-AVAX-M15-974979b616be,AVAX,SHORT,D4,2022-06-08 18:57:00+00:00,2023-01-02 23:06:00+00:00,1.114293542144853,0.11429354214485299,1.0620322545152052,0.04864268434483508,0.0004067385841453818,-0.24450788379745395,0.8568037234155629,281,1,0.011261537002233616,2.8196006271821434,0.1142935421448523,0.04549919258583036,0,0,False,
974979b616be28c07cf92b9ab88fd13f3ee9bf4c964c3fe1cf4a26b2f46e5619,SQX-AVAX-M15-974979b616be,AVAX,SHORT,D5,2023-01-02 23:06:00+00:00,2023-07-30 03:15:00+00:00,1.5462388246814445,0.5462388246814445,1.288839452985189,0.18790402435540932,0.0022204830271603487,-0.3586505057507646,0.8020030369479652,246,1,0.01599725669966738,3.113012172409285,0.5462388246814458,0.06460277396435082,0,0,False,
974979b616be28c07cf92b9ab88fd13f3ee9bf4c964c3fe1cf4a26b2f46e5619,SQX-AVAX-M15-974979b616be,AVAX,SHORT,D6,2023-07-30 03:15:00+00:00,2024-02-23 07:24:00+00:00,1.0709838740624642,0.0709838740624642,1.0389357564969626,0.03838900377124913,0.0002945388965247486,-0.26823554939776567,0.9945402702702704,241,1,0.013700662492967745,2.791462284347634,0.07098387406246441,0.051798413332460845,0,0,False,
0c29c2e20a0c5e79a5534880ff5d47272b916398146f6d359141a89ce95ef4f1,SQX-AVAX-M15-0c29c2e20a0c,AVAX,SHORT,D1,2020-09-22 06:30:00+00:00,2021-04-18 10:39:00+00:00,0.5987457721633458,-0.4012542278366542,0.8563699678352398,-0.07879437498860077,-0.000670993692034539,-0.46457727961791523,0.544753981650637,598,1,0.01,4.51821793720085,-0.4012542278366543,0.14349076796539553,0,0,False,
0c29c2e20a0c5e79a5534880ff5d47272b916398146f6d359141a89ce95ef4f1,SQX-AVAX-M15-0c29c2e20a0c,AVAX,SHORT,D2,2021-04-18 10:39:00+00:00,2021-11-12 14:48:00+00:00,0.8244102666220482,-0.1755897333779518,0.9383425967108813,-0.028358570160377097,-0.0003210049970346463,-0.3366524337367461,0.7394264534706368,547,1,0.010234830153847992,4.856483981000452,-0.17558973337795153,0.032904615991341604,0,0,False,
0c29c2e20a0c5e79a5534880ff5d47272b916398146f6d359141a89ce95ef4f1,SQX-AVAX-M15-0c29c2e20a0c,AVAX,SHORT,D3,2021-11-12 14:48:00+00:00,2022-06-08 18:57:00+00:00,1.8201625230070828,0.8201625230070828,1.1410832704077998,0.0905213384921434,0.0011406989193422522,-0.1613194267889675,0.9444788426252739,719,1,0.01976959970729871,10.745741811708251,0.8201625230070793,0.025186499824047356,0,0,False,
0c29c2e20a0c5e79a5534880ff5d47272b916398146f6d359141a89ce95ef4f1,SQX-AVAX-M15-0c29c2e20a0c,AVAX,SHORT,D4,2022-06-08 18:57:00+00:00,2023-01-02 23:06:00+00:00,1.2500212941074802,0.2500212941074802,1.0569492267105804,0.04011249620785186,0.0003698539853660939,-0.4566344034150218,0.8682379097400548,676,1,0.013660396935023892,7.8686952069396865,0.2500212941074795,0.12653873519808914,0,0,False,
0c29c2e20a0c5e79a5534880ff5d47272b916398146f6d359141a89ce95ef4f1,SQX-AVAX-M15-0c29c2e20a0c,AVAX,SHORT,D5,2023-01-02 23:06:00+00:00,2023-07-30 03:15:00+00:00,0.972294463263709,-0.027705536736290948,0.9925585792393716,0.0022631161318739093,-4.4830965592704965e-05,-0.24059596857591012,0.8506472345502822,618,1,0.012754598296841967,6.648465974190001,-0.02770553673629167,0.13044009094806475,0,0,False,
0c29c2e20a0c5e79a5534880ff5d47272b916398146f6d359141a89ce95ef4f1,SQX-AVAX-M15-0c29c2e20a0c,AVAX,SHORT,D6,2023-07-30 03:15:00+00:00,2024-02-23 07:24:00+00:00,0.9859849134260793,-0.014015086573920699,0.9963125732645919,0.0046572596407713825,-2.2937948566153218e-05,-0.48981842420125,0.7178572995565395,611,1,0.013925590420716224,6.686546303277059,-0.014015086573919616,0.14458702347676275,0,0,False,
14297090bfac833872ddb79d022005c9d9e257b63e607b83dcd486cac7482485,SQX-AVAX-M15-14297090bfac,AVAX,SHORT,D1,2020-09-22 06:30:00+00:00,2021-04-18 10:39:00+00:00,0.8822996343455498,-0.11770036565445019,0.8853726912891197,-0.051951701384530924,-0.0005254480609573677,-0.2520577298268415,0.8335026114918987,224,1,0.0107567613934754,2.2144496537129235,-0.11770036565445037,0.03767884879811993,0,0,False,
14297090bfac833872ddb79d022005c9d9e257b63e607b83dcd486cac7482485,SQX-AVAX-M15-14297090bfac,AVAX,SHORT,D2,2021-04-18 10:39:00+00:00,2021-11-12 14:48:00+00:00,0.7271957227859477,-0.2728042772140523,0.7391366552834113,-0.1275302338447175,-0.0011272904017109605,-0.31413765697925544,0.7048634653057768,242,1,0.010175054575463584,2.023504498082566,-0.2728042772140524,0.008520176390678272,0,0,False,
14297090bfac833872ddb79d022005c9d9e257b63e607b83dcd486cac7482485,SQX-AVAX-M15-14297090bfac,AVAX,SHORT,D3,2021-11-12 14:48:00+00:00,2022-06-08 18:57:00+00:00,1.3345330466065817,0.3345330466065817,1.2511725948548102,0.09850301423337632,0.0010968296610051784,-0.3509277421341173,0.9595586759005861,305,1,0.013583064620001981,3.4278155183619625,0.33453304660657945,0.0043026623595933695,0,0,False,
14297090bfac833872ddb79d022005c9d9e257b63e607b83dcd486cac7482485,SQX-AVAX-M15-14297090bfac,AVAX,SHORT,D4,2022-06-08 18:57:00+00:00,2023-01-02 23:06:00+00:00,1.2932797471951611,0.29327974719516114,1.244905561938153,0.1005164500458581,0.0011025554405833082,-0.12336600829225225,0.9842760422637364,266,1,0.012929306843454967,3.1057191121962475,0.29327974719516,0.02541484433262426,0,0,False,
14297090bfac833872ddb79d022005c9d9e257b63e607b83dcd486cac7482485,SQX-AVAX-M15-14297090bfac,AVAX,SHORT,D5,2023-01-02 23:06:00+00:00,2023-07-30 03:15:00+00:00,1.0166454744866564,0.01664547448665643,1.0170271139669316,0.011063925966986061,7.237162820285363e-05,-0.11923915212133274,0.9074887163653077,230,1,0.011090554220617525,2.2664385108725646,0.016645474486656334,0.021529799470060562,0,0,False,
14297090bfac833872ddb79d022005c9d9e257b63e607b83dcd486cac7482485,SQX-AVAX-M15-14297090bfac,AVAX,SHORT,D6,2023-07-30 03:15:00+00:00,2024-02-23 07:24:00+00:00,0.9941391624468805,-0.005860837553119502,0.9946960729575358,0.0014934500141814229,-2.411867305810746e-05,-0.15895004359716958,0.9562577731168463,243,1,0.011253538970113792,2.532323423117429,-0.005860837553120113,0.03317434925925381,0,0,False,
7ace312ace99daa1c41a95b9e95647f442e0d9abb8f2af46d2d6e117790e6077,SQX-AVAX-M15-7ace312ace99,AVAX,SHORT,D1,2020-09-22 06:30:00+00:00,2021-04-18 10:39:00+00:00,1.0318932015886717,0.031893201588671705,1.096688318530731,0.07182440727211946,0.0006133307997821524,-0.22965287760791292,0.8849808430246328,52,1,0.010517857059316866,0.5190976803669387,0.03189320158867193,0.024173769268879687,0,0,False,
7ace312ace99daa1c41a95b9e95647f442e0d9abb8f2af46d2d6e117790e6077,SQX-AVAX-M15-7ace312ace99,AVAX,SHORT,D2,2021-04-18 10:39:00+00:00,2021-11-12 14:48:00+00:00,1.094853206754022,0.09485320675402198,1.291254629618053,0.1790081947607011,0.0017565408658152205,-0.10455443341233736,0.9820841412810608,54,1,0.011171934558712227,0.5679240838673938,0.09485320675402191,0.00440258838225605,0,0,False,
7ace312ace99daa1c41a95b9e95647f442e0d9abb8f2af46d2d6e117790e6077,SQX-AVAX-M15-7ace312ace99,AVAX,SHORT,D3,2021-11-12 14:48:00+00:00,2022-06-08 18:57:00+00:00,0.8593465269994933,-0.14065347300050668,0.6418631121490331,-0.22891592585076243,-0.0021977105156329203,-0.18519511780804324,0.8344179158732745,64,1,0.01013852711447036,0.5977666464787064,-0.1406534730005069,0.002223240376948425,0,0,False,
7ace312ace99daa1c41a95b9e95647f442e0d9abb8f2af46d2d6e117790e6077,SQX-AVAX-M15-7ace312ace99,AVAX,SHORT,D4,2022-06-08 18:57:00+00:00,2023-01-02 23:06:00+00:00,1.2555367793336176,0.2555367793336176,2.26945807278327,0.5982378523295345,0.0065522251111183975,-0.1921880153356307,0.9517437048518869,39,1,0.012370259769677386,0.43276705752028255,0.2555367793336175,0.00648639607193177,0,0,False,
7ace312ace99daa1c41a95b9e95647f442e0d9abb8f2af46d2d6e117790e6077,SQX-AVAX-M15-7ace312ace99,AVAX,SHORT,D5,2023-01-02 23:06:00+00:00,2023-07-30 03:15:00+00:00,1.0873586738454335,0.0873586738454335,1.3393375312715643,0.21672641910509607,0.0021306993620837495,-0.09205865180866639,0.9961162323943662,41,1,0.010908939347795021,0.42963613048106875,0.08735867384543372,0.01266509153120466,0,0,False,
7ace312ace99daa1c41a95b9e95647f442e0d9abb8f2af46d2d6e117790e6077,SQX-AVAX-M15-7ace312ace99,AVAX,SHORT,D6,2023-07-30 03:15:00+00:00,2024-02-23 07:24:00+00:00,1.2092965849633384,0.20929658496333836,2.302179060873902,0.5910285188687386,0.00634232075646479,-0.09401197533429612,0.9555160460952837,33,1,0.011780110962184355,0.3412712370208688,0.20929658496333808,0.004797355585600167,0,0,False,
cf88fe005294409e7db4d3fd225b6d49491a01a0cce7b3a217e1b37f1af7fd4e,SQX-AVAX-M15-cf88fe005294,AVAX,SHORT,D1,2020-09-22 06:30:00+00:00,2021-04-18 10:39:00+00:00,0.6093490995225227,-0.3906509004774773,0.7662761626214726,-0.16884862175752008,-0.0014052190664657477,-0.5109331380724466,0.5789974575272828,278,1,0.010160068153356688,2.2569052658122617,-0.39065090047747786,0.0884362708483335,0,0,False,
cf88fe005294409e7db4d3fd225b6d49491a01a0cce7b3a217e1b37f1af7fd4e,SQX-AVAX-M15-cf88fe005294,AVAX,SHORT,D2,2021-04-18 10:39:00+00:00,2021-11-12 14:48:00+00:00,0.7885169672781426,-0.21148303272185742,0.8869692349856646,-0.06789043688035602,-0.0006888698134262437,-0.30735159216388225,0.727104196022005,307,1,0.010490710901411644,2.710282191928538,-0.21148303272185684,0.020564944458934083,0,0,False,
cf88fe005294409e7db4d3fd225b6d49491a01a0cce7b3a217e1b37f1af7fd4e,SQX-AVAX-M15-cf88fe005294,AVAX,SHORT,D3,2021-11-12 14:48:00+00:00,2022-06-08 18:57:00+00:00,1.4778635851744322,0.47786358517443217,1.1824385059691949,0.12954387313930488,0.0014569011743123007,-0.2755965062786594,0.9839992679668058,328,1,0.01576824263669649,4.198559646326788,0.47786358517443467,0.011049300422465262,0,0,False,
cf88fe005294409e7db4d3fd225b6d49491a01a0cce7b3a217e1b37f1af7fd4e,SQX-AVAX-M15-cf88fe005294,AVAX,SHORT,D4,2022-06-08 18:57:00+00:00,2023-01-02 23:06:00+00:00,1.2937347600236964,0.29373476002369636,1.1518195875431727,0.09517193640031049,0.0009694216502432193,-0.2328987074596764,0.8539608060745438,303,1,0.013075910964106074,3.0853899406204497,0.2937347600236955,0.050660472304943034,0,0,False,
cf88fe005294409e7db4d3fd225b6d49491a01a0cce7b3a217e1b37f1af7fd4e,SQX-AVAX-M15-cf88fe005294,AVAX,SHORT,D5,2023-01-02 23:06:00+00:00,2023-07-30 03:15:00+00:00,0.9589165083066479,-0.041083491693352125,0.9776851111244206,-0.004509608204143692,-0.00014021669519915353,-0.23099578871611848,0.7923899015476775,293,1,0.01109553840798015,2.7423159584749053,-0.04108349169335199,0.06194091940875218,0,0,False,
cf88fe005294409e7db4d3fd225b6d49491a01a0cce7b3a217e1b37f1af7fd4e,SQX-AVAX-M15-cf88fe005294,AVAX,SHORT,D6,2023-07-30 03:15:00+00:00,2024-02-23 07:24:00+00:00,1.3592036024355751,0.35920360243557514,1.1755769169994108,0.12307664208840423,0.0013206014795425524,-0.23343147031834807,0.9945402702702704,272,1,0.014254206974824468,3.291010538282994,0.35920360243557425,0.07678659762153671,0,0,False,
03b6a4a51e041357d9d720e3b9052e01d69bb3258bd31d26d9b3050dc2f52bf4,SQX-AVAX-M15-03b6a4a51e04,AVAX,SHORT,D1,2020-09-22 06:30:00+00:00,2021-04-18 10:39:00+00:00,0.7645899614309739,-0.2354100385690261,0.9126724438180347,-0.0371261136679991,-0.0003736667278873437,-0.7459282658864353,0.30159640852633185,630,1,0.01040185519439768,5.459889862882127,-0.23541003856902654,0.11348798787212326,0,0,False,
03b6a4a51e041357d9d720e3b9052e01d69bb3258bd31d26d9b3050dc2f52bf4,SQX-AVAX-M15-03b6a4a51e04,AVAX,SHORT,D2,2021-04-18 10:39:00+00:00,2021-11-12 14:48:00+00:00,0.7934048941001146,-0.2065951058998854,0.9126526890701177,-0.03587717481203583,-0.00036565505469006394,-0.41719400212763413,0.6198759055730443,565,1,0.01052818653296089,5.059737215584942,-0.20659510589988614,0.02122234677066697,0,0,False,
03b6a4a51e041357d9d720e3b9052e01d69bb3258bd31d26d9b3050dc2f52bf4,SQX-AVAX-M15-03b6a4a51e04,AVAX,SHORT,D3,2021-11-12 14:48:00+00:00,2022-06-08 18:57:00+00:00,1.5980335379672284,0.5980335379672284,1.1532247866809964,0.07173923152283593,0.0008423007577003244,-0.23542662031014921,0.910671031814486,710,1,0.016209807899245084,8.83123122878794,0.5980335379672304,0.012263352065454236,0,0,False,
03b6a4a51e041357d9d720e3b9052e01d69bb3258bd31d26d9b3050dc2f52bf4,SQX-AVAX-M15-03b6a4a51e04,AVAX,SHORT,D4,2022-06-08 18:57:00+00:00,2023-01-02 23:06:00+00:00,1.4278541043260786,0.4278541043260786,1.117112556919371,0.05832461074032173,0.0006347983743710373,-0.14193099064982728,0.9635334750389462,674,1,0.014879612860764288,8.370225877435862,0.4278541043260792,0.07603658805252449,0,0,False,
03b6a4a51e041357d9d720e3b9052e01d69bb3258bd31d26d9b3050dc2f52bf4,SQX-AVAX-M15-03b6a4a51e04,AVAX,SHORT,D5,2023-01-02 23:06:00+00:00,2023-07-30 03:15:00+00:00,0.8966010669550045,-0.10339893304499548,0.9619478726931804,-0.011438376227775599,-0.0001585873206211596,-0.2511340104497928,0.7718970842861267,652,1,0.0103459302610484,5.853120157589752,-0.10339893304499606,0.06754298581881941,0,0,False,
03b6a4a51e041357d9d720e3b9052e01d69bb3258bd31d26d9b3050dc2f52bf4,SQX-AVAX-M15-03b6a4a51e04,AVAX,SHORT,D6,2023-07-30 03:15:00+00:00,2024-02-23 07:24:00+00:00,1.1304731380442337,0.13047313804423366,1.0427641152922535,0.02522871303813836,0.000210101671568815,-0.32699892108376843,0.88488889263057,621,1,0.01301184510352861,6.701515339453184,0.1304731380442341,0.08019524269140747,0,0,False,
62a4bbad83ecc7f5b5eb5ce63732959c5e287f36819d1116ba21e0e5752536fc,SQX-AVAX-M15-62a4bbad83ec,AVAX,LONG,D1,2020-09-22 06:30:00+00:00,2021-04-18 10:39:00+00:00,0.9296919484179282,-0.07030805158207176,0.9164459750146924,-0.05194986488806654,-0.0006221951467439911,-0.18374300699858542,0.8951993892375779,113,1,0.010856323597484237,1.136118142270161,-0.07030805158207099,0.03926520079191321,0,0,False,
62a4bbad83ecc7f5b5eb5ce63732959c5e287f36819d1116ba21e0e5752536fc,SQX-AVAX-M15-62a4bbad83ec,AVAX,LONG,D2,2021-04-18 10:39:00+00:00,2021-11-12 14:48:00+00:00,1.1405984676875307,0.1405984676875307,1.1776609478736195,0.12815550444065898,0.0012225953711959183,-0.11805593687826692,0.910616325776118,115,1,0.011521729017262868,1.1700497038252768,0.14059846768753062,0.009932000498378973,0,0,False,
62a4bbad83ecc7f5b5eb5ce63732959c5e287f36819d1116ba21e0e5752536fc,SQX-AVAX-M15-62a4bbad83ec,AVAX,LONG,D3,2021-11-12 14:48:00+00:00,2022-06-08 18:57:00+00:00,0.9541795485423997,-0.045820451457600275,0.9368187549395879,-0.0359785885846433,-0.00047237578822269185,-0.20812687982804695,0.9059271804889442,97,1,0.011157351680049275,1.003723560024468,-0.04582045145760111,0.0030656357144242356,0,0,False,
62a4bbad83ecc7f5b5eb5ce63732959c5e287f36819d1116ba21e0e5752536fc,SQX-AVAX-M15-62a4bbad83ec,AVAX,LONG,D4,2022-06-08 18:57:00+00:00,2023-01-02 23:06:00+00:00,1.0766643339898014,0.07666433398980144,1.1236357704678286,0.1002521834838231,0.0009019333410564883,-0.08830409042391016,0.9297327919536604,85,1,0.011582391487259367,0.9033328758827536,0.0766643339898015,0.018858491059587347,0,0,False,
62a4bbad83ecc7f5b5eb5ce63732959c5e287f36819d1116ba21e0e5752536fc,SQX-AVAX-M15-62a4bbad83ec,AVAX,LONG,D5,2023-01-02 23:06:00+00:00,2023-07-30 03:15:00+00:00,1.0494245177440338,0.04942451774403378,1.067838157850607,0.06039210220543858,0.0004893516608320245,-0.15149273086830983,0.9770664742282424,101,1,0.011405977983869574,1.0651036177563897,0.049424517744034474,0.027754374077841475,0,0,False,
62a4bbad83ecc7f5b5eb5ce63732959c5e287f36819d1116ba21e0e5752536fc,SQX-AVAX-M15-62a4bbad83ec,AVAX,LONG,D6,2023-07-30 03:15:00+00:00,2024-02-23 07:24:00+00:00,0.9196471443226061,-0.08035285567739392,0.8909896189333966,-0.06623055815530315,-0.0007509612680130281,-0.17983377297561082,0.8293146076439631,107,1,0.010010987931931462,1.013191302721562,-0.080352855677394,0.023527707972734808,0,0,False,
2b797d2ad31da279e4ea2ece042dd68354f4d6133615fb790df61489582deb0a,SQX-AVAX-M15-2b797d2ad31d,AVAX,LONG,D1,2020-09-22 06:30:00+00:00,2021-04-18 10:39:00+00:00,0.7039250377926631,-0.29607496220733687,0.8201147701648386,-0.10042713415714183,-0.0009281346777659474,-0.43545565765881417,0.5756678165796772,319,1,0.010093332078154616,2.280141431900852,-0.2960749622073372,0.0710633193481284,0,0,False,
2b797d2ad31da279e4ea2ece042dd68354f4d6133615fb790df61489582deb0a,SQX-AVAX-M15-2b797d2ad31d,AVAX,LONG,D2,2021-04-18 10:39:00+00:00,2021-11-12 14:48:00+00:00,1.3192159451332244,0.3192159451332244,1.1355667313095783,0.0942870580385391,0.0009673210458582531,-0.22939371233194208,0.879050304269297,330,1,0.014014515512104376,3.6977148426762176,0.31921594513322354,0.022753718488397884,0,0,False,
2b797d2ad31da279e4ea2ece042dd68354f4d6133615fb790df61489582deb0a,SQX-AVAX-M15-2b797d2ad31d,AVAX,LONG,D3,2021-11-12 14:48:00+00:00,2022-06-08 18:57:00+00:00,0.9889899269128601,-0.01101007308713986,0.9936772047266375,0.005356570738026282,-4.3864833016497557e-05,-0.21920901947647278,0.9411019977654639,251,1,0.011933673724115967,2.6377620607575714,-0.011010073087140887,0.006890872796486761,0,0,False,
2b797d2ad31da279e4ea2ece042dd68354f4d6133615fb790df61489582deb0a,SQX-AVAX-M15-2b797d2ad31d,AVAX,LONG,D4,2022-06-08 18:57:00+00:00,2023-01-02 23:06:00+00:00,0.911722899976491,-0.08827710002350897,0.9545791265315633,-0.024608227956941994,-0.00032816765807996425,-0.24887661810802586,0.9079108464596699,269,1,0.011906663310016377,2.876927496832798,-0.08827710002351039,0.048257790398743484,0,0,False,
2b797d2ad31da279e4ea2ece042dd68354f4d6133615fb790df61489582deb0a,SQX-AVAX-M15-2b797d2ad31d,AVAX,LONG,D5,2023-01-02 23:06:00+00:00,2023-07-30 03:15:00+00:00,0.9676276672295142,-0.03237233277048579,0.9841536128105122,-0.0016447838041086212,-0.00011279558456615113,-0.250986744063978,0.8968641248826027,287,1,0.011852556642353405,3.0669577079961443,-0.032372332770485374,0.06296406338165249,0,0,False,
2b797d2ad31da279e4ea2ece042dd68354f4d6133615fb790df61489582deb0a,SQX-AVAX-M15-2b797d2ad31d,AVAX,LONG,D6,2023-07-30 03:15:00+00:00,2024-02-23 07:24:00+00:00,1.3026546947354682,0.30265469473546824,1.1412224289379342,0.09626672837687386,0.0009826451127774927,-0.22507477317451666,0.7833884362163699,308,1,0.013987241961770492,3.3555214827496824,0.30265469473546774,0.0569007803815654,0,0,False,
d889a97f3c623271b55b74fbaf97b077aa52b6b8fb4d4f3a2a94804bff46dd0b,SQX-AVAX-M15-d889a97f3c62,AVAX,SHORT,D1,2020-09-22 06:30:00+00:00,2021-04-18 10:39:00+00:00,0.6171195882482231,-0.3828804117517769,0.7386873689353438,-0.1763382650290081,-0.0014558190560904048,-0.4298087975173988,0.5815418662388004,263,1,0.010073467230807612,2.1847887760850164,-0.38288041175177645,0.05245071138502288,0,0,False,
d889a97f3c623271b55b74fbaf97b077aa52b6b8fb4d4f3a2a94804bff46dd0b,SQX-AVAX-M15-d889a97f3c62,AVAX,SHORT,D2,2021-04-18 10:39:00+00:00,2021-11-12 14:48:00+00:00,0.8210358433388099,-0.17896415666119014,0.8794394840167735,-0.0680634913045181,-0.0006830693002335486,-0.25421321134965896,0.7826455578234625,262,1,0.010389842678515273,2.4179982542521694,-0.17896415666118975,0.011859472629567162,0,0,False,
d889a97f3c623271b55b74fbaf97b077aa52b6b8fb4d4f3a2a94804bff46dd0b,SQX-AVAX-M15-d889a97f3c62,AVAX,SHORT,D3,2021-11-12 14:48:00+00:00,2022-06-08 18:57:00+00:00,1.39627744265467,0.39627744265467,1.2133500569222007,0.12252920267460182,0.00136177815345247,-0.11767329704270703,0.9467745705671634,291,1,0.014763126216262079,3.4278498955172574,0.3962774426546688,0.006206485162186227,0,0,False,
d889a97f3c623271b55b74fbaf97b077aa52b6b8fb4d4f3a2a94804bff46dd0b,SQX-AVAX-M15-d889a97f3c62,AVAX,SHORT,D4,2022-06-08 18:57:00+00:00,2023-01-02 23:06:00+00:00,1.0740146348972535,0.07401463489725346,1.0462480526342588,0.03376720401496234,0.0002711158787445221,-0.22083786606578204,0.8864828769374524,273,1,0.011263651268947086,2.761036250208035,0.07401463489725453,0.03196987690885333,0,0,False,
d889a97f3c623271b55b74fbaf97b077aa52b6b8fb4d4f3a2a94804bff46dd0b,SQX-AVAX-M15-d889a97f3c62,AVAX,SHORT,D5,2023-01-02 23:06:00+00:00,2023-07-30 03:15:00+00:00,1.7715199267097157,0.7715199267097157,1.541745215296985,0.25992631012831957,0.003398766196959099,-0.18450732057187536,0.9521529014967124,227,1,0.018098587396233674,3.00623026767103,0.7715199267097155,0.03849640445563593,0,0,False,
d889a97f3c623271b55b74fbaf97b077aa52b6b8fb4d4f3a2a94804bff46dd0b,SQX-AVAX-M15-d889a97f3c62,AVAX,SHORT,D6,2023-07-30 03:15:00+00:00,2024-02-23 07:24:00+00:00,0.9787027452851141,-0.02129725471488586,0.9853396229521978,-0.0017244619520512966,-9.062661580802199e-05,-0.22933712693542196,0.9383005170130322,235,1,0.012046775191520006,2.4654109785656098,-0.021297254714885167,0.034417219361113395,0,0,False,
04f399d1f5cd929916cb0ad934b9aeab6348b2cdcbc7ccb1648fce7349a9c283,SQX-AVAX-M15-04f399d1f5cd,AVAX,LONG,D1,2020-09-22 06:30:00+00:00,2021-04-18 10:39:00+00:00,0.9473526240749286,-0.052647375925071405,0.9483886651814497,-0.022392678506240663,-0.0003133772376492344,-0.486847071995357,0.518479639280347,168,1,0.01,1.502313252141547,-0.05264737592507138,0.053041734817611555,0,0,False,
04f399d1f5cd929916cb0ad934b9aeab6348b2cdcbc7ccb1648fce7349a9c283,SQX-AVAX-M15-04f399d1f5cd,AVAX,LONG,D2,2021-04-18 10:39:00+00:00,2021-11-12 14:48:00+00:00,0.8796166218395398,-0.12038337816046019,0.8793086387398236,-0.07281133259762959,-0.0007716883215414155,-0.8978832769846726,0.15109732899049955,156,1,0.010298582824357964,1.4441255734188851,-0.12038337816046082,0.010348763485216874,0,0,False,
04f399d1f5cd929916cb0ad934b9aeab6348b2cdcbc7ccb1648fce7349a9c283,SQX-AVAX-M15-04f399d1f5cd,AVAX,LONG,D3,2021-11-12 14:48:00+00:00,2022-06-08 18:57:00+00:00,1.3690737620234181,0.36907376202341813,1.4182915453580136,0.24884348862758704,0.002796013348662253,-0.552479852569509,0.7256626742189294,132,1,0.014266469579348618,1.5392923367165847,0.3690737620234174,0.003657801634617699,0,0,False,
04f399d1f5cd929916cb0ad934b9aeab6348b2cdcbc7ccb1648fce7349a9c283,SQX-AVAX-M15-04f399d1f5cd,AVAX,LONG,D4,2022-06-08 18:57:00+00:00,2023-01-02 23:06:00+00:00,1.1302338966452141,0.13023389664521412,1.19370989428761,0.12900018090485235,0.001264406763545769,-0.2613908337742551,0.9277425169843474,103,1,0.01209156903072827,1.1029011972571832,0.1302338966452142,0.0169548325265472,0,0,False,
04f399d1f5cd929916cb0ad934b9aeab6348b2cdcbc7ccb1648fce7349a9c283,SQX-AVAX-M15-04f399d1f5cd,AVAX,LONG,D5,2023-01-02 23:06:00+00:00,2023-07-30 03:15:00+00:00,0.7782392572342307,-0.2217607427657693,0.6381093620301369,-0.24244163812539482,-0.002217607427657692,-0.2678604503206956,0.7396388550866695,100,1,0.01,0.8353868431440683,-0.2217607427657692,0.018875427361419596,0,0,False,
04f399d1f5cd929916cb0ad934b9aeab6348b2cdcbc7ccb1648fce7349a9c283,SQX-AVAX-M15-04f399d1f5cd,AVAX,LONG,D6,2023-07-30 03:15:00+00:00,2024-02-23 07:24:00+00:00,1.0439148363486697,0.04391483634866966,1.0699336630784542,0.05406358986481867,0.0004527302716357757,-0.08718446011823804,0.9226337838287302,97,1,0.010861276242878155,0.9866595382649134,0.043914836348670244,0.01368482615677316,0,0,False,
94f0c57e2139859b31982824b49b0673f96e9179741a1c76772d4fa775a76bb5,SQX-AVAX-M15-94f0c57e2139,AVAX,LONG,D1,2020-09-22 06:30:00+00:00,2021-04-18 10:39:00+00:00,1.0261910651950525,0.026191065195052543,1.0973035784867597,0.05441791666606041,0.0004941710414160869,-0.07118841971453685,0.9826053254702839,53,1,0.010529136119013493,0.5433939081222705,0.026191065195052605,0.008719199099849473,0,0,False,
94f0c57e2139859b31982824b49b0673f96e9179741a1c76772d4fa775a76bb5,SQX-AVAX-M15-94f0c57e2139,AVAX,LONG,D2,2021-04-18 10:39:00+00:00,2021-11-12 14:48:00+00:00,1.002374553973745,0.002374553973744975,1.00795643267102,0.010036898500341947,4.240274953114868e-05,-0.05932173045854729,0.9799640468472252,56,1,0.010314003637234986,0.5647680740409013,0.0023745539737443262,0.001838786223525594,0,0,False,
94f0c57e2139859b31982824b49b0673f96e9179741a1c76772d4fa775a76bb5,SQX-AVAX-M15-94f0c57e2139,AVAX,LONG,D3,2021-11-12 14:48:00+00:00,2022-06-08 18:57:00+00:00,0.9066578553704584,-0.0933421446295416,0.776557403122812,-0.1268342272252013,-0.0012613803328316467,-0.13200399942483926,0.8871893404189848,74,1,0.010119746827906976,0.7135141087596711,-0.09334214462954185,0.0015275093116169803,0,0,False,
94f0c57e2139859b31982824b49b0673f96e9179741a1c76772d4fa775a76bb5,SQX-AVAX-M15-94f0c57e2139,AVAX,LONG,D4,2022-06-08 18:57:00+00:00,2023-01-02 23:06:00+00:00,1.0290683719813336,0.029068371981333607,1.0858755557173374,0.05129507684936055,0.0004614027298624376,-0.07570997685445156,1.0,63,1,0.011217852481764023,0.6628460205927321,0.02906837198133357,0.009852954168964654,0,0,False,
94f0c57e2139859b31982824b49b0673f96e9179741a1c76772d4fa775a76bb5,SQX-AVAX-M15-94f0c57e2139,AVAX,LONG,D5,2023-01-02 23:06:00+00:00,2023-07-30 03:15:00+00:00,0.9571324211368587,-0.0428675788631413,0.8752424545732301,-0.06507257480094461,-0.0006914125623087337,-0.14803927595436175,0.9154552298119923,62,1,0.01061342533902875,0.619874487980473,-0.04286757886314149,0.01057031003233425,0,0,False,
94f0c57e2139859b31982824b49b0673f96e9179741a1c76772d4fa775a76bb5,SQX-AVAX-M15-94f0c57e2139,AVAX,LONG,D6,2023-07-30 03:15:00+00:00,2024-02-23 07:24:00+00:00,1.151319633016727,0.15131963301672702,1.5426221495756476,0.22263413591513756,0.0023279943541034873,-0.0665646705412568,0.945065887757448,65,1,0.011377772938306477,0.6685676298708613,0.15131963301672668,0.008609291811128149,0,0,False,
d00b5a8a77747f5024304edf97b235f60b5df9f33f324f6b8a5e17640fbc3751,SQX-AVAX-M15-d00b5a8a7774,AVAX,LONG,D1,2020-09-22 06:30:00+00:00,2021-04-18 10:39:00+00:00,1.0216414363644943,0.021641436364494337,1.531857146147204,0.18212824842721034,0.0018034530303744929,-0.03218675784365697,0.9877215671382757,12,1,0.010203733386321348,0.12059990364573878,0.021641436364493914,0.0003080586130620039,0,0,False,
d00b5a8a77747f5024304edf97b235f60b5df9f33f324f6b8a5e17640fbc3751,SQX-AVAX-M15-d00b5a8a7774,AVAX,LONG,D2,2021-04-18 10:39:00+00:00,2021-11-12 14:48:00+00:00,1.028580908279407,0.02858090827940707,1.9073733295618396,0.2596856854452459,0.002598264389037012,-0.0471016800905778,1.0,11,1,0.010307967546499437,0.11166113716894152,0.02858090827940713,0.0008232612138755323,0,0,False,
d00b5a8a77747f5024304edf97b235f60b5df9f33f324f6b8a5e17640fbc3751,SQX-AVAX-M15-d00b5a8a7774,AVAX,LONG,D3,2021-11-12 14:48:00+00:00,2022-06-08 18:57:00+00:00,1.0345637943466195,0.03456379434661949,2.1392990215202823,0.28632242469002706,0.002880316195551629,-0.020615709803949424,0.9945951700850425,12,1,0.010450595362814008,0.1223907806130531,0.03456379434661955,7.429983745697345e-05,0,0,False,
d00b5a8a77747f5024304edf97b235f60b5df9f33f324f6b8a5e17640fbc3751,SQX-AVAX-M15-d00b5a8a7774,AVAX,LONG,D4,2022-06-08 18:57:00+00:00,2023-01-02 23:06:00+00:00,1.0212933887118136,0.021293388711813632,3.1119212804033585,0.4248612429063476,0.004258677742362755,-0.029020409967334675,0.9807694652679082,5,1,0.010134821223720041,0.05006596006691828,0.021293388711813774,8.247272727273172e-05,0,0,False,
d00b5a8a77747f5024304edf97b235f60b5df9f33f324f6b8a5e17640fbc3751,SQX-AVAX-M15-d00b5a8a7774,AVAX,LONG,D5,2023-01-02 23:06:00+00:00,2023-07-30 03:15:00+00:00,0.9974658418688955,-0.002534158131104469,0.7516287188213107,-0.12275522388059867,-0.0012670790655522558,-0.021465353435886687,0.9885187377979702,2,1,0.01,0.01989796895522388,-0.0025341581311045117,0.00020310447761198898,0,0,False,
d00b5a8a77747f5024304edf97b235f60b5df9f33f324f6b8a5e17640fbc3751,SQX-AVAX-M15-d00b5a8a7774,AVAX,LONG,D6,2023-07-30 03:15:00+00:00,2024-02-23 07:24:00+00:00,0.9947664177300649,-0.005233582269935089,0.8561690268560114,-0.061864768601782236,-0.0006541977837418635,-0.039930159657225794,0.977603292833163,8,1,0.01007687172413793,0.07937775004292737,-0.005233582269934908,0.0006061689597925603,0,0,False,
6dc9cb2d07b952eb834482499cdea5e607cb5f417c4670eb1c86259838b282c7,SQX-AVAX-M15-6dc9cb2d07b9,AVAX,SHORT,D1,2020-09-22 06:30:00+00:00,2021-04-18 10:39:00+00:00,0.9263697532925587,-0.07363024670744134,0.6956078547780133,-0.1334902067555834,-0.00131482583406145,-0.20104726818454663,0.9287824243655867,56,1,0.010231437311137855,0.5530734133846157,-0.0736302467074412,0.007373697488134264,0,0,False,
6dc9cb2d07b952eb834482499cdea5e607cb5f417c4670eb1c86259838b282c7,SQX-AVAX-M15-6dc9cb2d07b9,AVAX,SHORT,D2,2021-04-18 10:39:00+00:00,2021-11-12 14:48:00+00:00,1.0368853235611744,0.036885323561174355,1.2139272985242533,0.07378440398401062,0.0007232416384544033,-0.06768846172282358,0.9930436227144447,51,1,0.010906255088641193,0.5346297415139196,0.03688532356117457,0.0011830842239206382,0,0,False,
6dc9cb2d07b952eb834482499cdea5e607cb5f417c4670eb1c86259838b282c7,SQX-AVAX-M15-6dc9cb2d07b9,AVAX,SHORT,D3,2021-11-12 14:48:00+00:00,2022-06-08 18:57:00+00:00,1.0794378723999305,0.0794378723999305,1.505079417122424,0.14164001772242893,0.0014443249527260086,-0.06410347135885461,0.9452743616015743,55,1,0.010980601004979875,0.5593912357563289,0.07943787239993047,0.0004975321920932876,0,0,False,
6dc9cb2d07b952eb834482499cdea5e607cb5f417c4670eb1c86259838b282c7,SQX-AVAX-M15-6dc9cb2d07b9,AVAX,SHORT,D4,2022-06-08 18:57:00+00:00,2023-01-02 23:06:00+00:00,1.0273361294370857,0.027336129437085743,1.1759334795629475,0.05893161317446832,0.0005695026966059566,-0.10388459585035452,0.9550211366980094,48,1,0.010316189757330858,0.47544281776539804,0.027336129437085917,0.0022008668328321046,0,0,False,
6dc9cb2d07b952eb834482499cdea5e607cb5f417c4670eb1c86259838b282c7,SQX-AVAX-M15-6dc9cb2d07b9,AVAX,SHORT,D5,2023-01-02 23:06:00+00:00,2023-07-30 03:15:00+00:00,1.0396930392111277,0.039693039211127656,1.483240227390734,0.1322436924336589,0.0013231013070375763,-0.03866934713990574,0.9764854193680161,30,1,0.0105569738804504,0.304077222555423,0.03969303921112729,0.0015256242017315062,0,0,False,
6dc9cb2d07b952eb834482499cdea5e607cb5f417c4670eb1c86259838b282c7,SQX-AVAX-M15-6dc9cb2d07b9,AVAX,SHORT,D6,2023-07-30 03:15:00+00:00,2024-02-23 07:24:00+00:00,0.90299190020011,-0.09700809979989,0.49260909137953895,-0.2583574780148643,-0.002487387174356163,-0.13049982690830436,0.8941195888717235,39,1,0.010160441167439065,0.37644802976672603,-0.09700809979989036,0.0038447835496861343,0,0,False,
9d9a39ebf1beb156d383d708dd8540ab0f443354722948392c1fde7bec36c496,SQX-AVAX-M15-9d9a39ebf1be,AVAX,LONG,D1,2020-09-22 06:30:00+00:00,2021-04-18 10:39:00+00:00,0.9818205450753547,-0.018179454924645344,0.9470875219899176,-0.02292590808426422,-0.000432844164872512,-0.28746165872389623,0.7311337178759396,42,1,0.010050501793112067,0.39709828937782454,-0.018179454924645504,0.029680928402118473,0,0,False,
9d9a39ebf1beb156d383d708dd8540ab0f443354722948392c1fde7bec36c496,SQX-AVAX-M15-9d9a39ebf1be,AVAX,LONG,D2,2021-04-18 10:39:00+00:00,2021-11-12 14:48:00+00:00,1.047383875255644,0.047383875255643915,1.1098168678901317,0.10225499179988873,0.0008312960571165628,-0.17580057618207817,0.8823434998169234,57,1,0.010597997559856076,0.5461242708508218,0.04738387525564408,0.008319162839149536,0,0,False,
9d9a39ebf1beb156d383d708dd8540ab0f443354722948392c1fde7bec36c496,SQX-AVAX-M15-9d9a39ebf1be,AVAX,LONG,D3,2021-11-12 14:48:00+00:00,2022-06-08 18:57:00+00:00,0.8742598626789139,-0.12574013732108613,0.7320337198390451,-0.2191878763919247,-0.002205967321422564,-0.2113555517436361,0.8548011766037202,57,1,0.010731010946544694,0.5513360270463519,-0.12574013732108616,0.003972283223747253,0,0,False,
9d9a39ebf1beb156d383d708dd8540ab0f443354722948392c1fde7bec36c496,SQX-AVAX-M15-9d9a39ebf1be,AVAX,LONG,D4,2022-06-08 18:57:00+00:00,2023-01-02 23:06:00+00:00,1.087482320561242,0.08748232056124206,1.1827217110712211,0.15773670807464715,0.001411005170342606,-0.18619690380725404,0.8222470451804467,62,1,0.0114266788921768,0.5997714842098161,0.08748232056124157,0.022920515322554638,0,0,False,
9d9a39ebf1beb156d383d708dd8540ab0f443354722948392c1fde7bec36c496,SQX-AVAX-M15-9d9a39ebf1be,AVAX,LONG,D5,2023-01-02 23:06:00+00:00,2023-07-30 03:15:00+00:00,0.8344607589173753,-0.16553924108262474,0.6903447250333491,-0.27140033236282923,-0.002627607001311506,-0.230788306542786,0.8249577266283905,63,1,0.010614274873054955,0.6047254586858185,-0.16553924108262488,0.03519499793649309,0,0,False,
9d9a39ebf1beb156d383d708dd8540ab0f443354722948392c1fde7bec36c496,SQX-AVAX-M15-9d9a39ebf1be,AVAX,LONG,D6,2023-07-30 03:15:00+00:00,2024-02-23 07:24:00+00:00,1.3448683275326516,0.3448683275326516,1.8035290722156723,0.5671797745290396,0.006270333227866381,-0.1056641173265841,0.9397583605934164,55,1,0.013585834459327642,0.601966319948029,0.34486832753265095,0.03297567107044725,0,0,False,
6a4dfd8ab26420006c165b8f614580cf3e7f76048abc80e8f01d86af85672663,SQX-AVAX-M15-6a4dfd8ab264,AVAX,LONG,D1,2020-09-22 06:30:00+00:00,2021-04-18 10:39:00+00:00,1.0254318989150724,0.02543189891507236,1.345750079282968,0.22021374737868407,0.0021193249095893766,-0.07676701837508486,0.9842413726452564,12,1,0.010464330653920452,0.1226988205036389,0.02543189891507252,0.0014440482340243553,0,0,False,
6a4dfd8ab26420006c165b8f614580cf3e7f76048abc80e8f01d86af85672663,SQX-AVAX-M15-6a4dfd8ab264,AVAX,LONG,D2,2021-04-18 10:39:00+00:00,2021-11-12 14:48:00+00:00,1.0370288608037594,0.037028860803759445,1.5828376051940845,0.34230442523703,0.003366260073069012,-0.959196675466859,0.1059135563222604,11,1,0.010479872397595395,0.11240883654732173,0.03702886080375913,0.0017344029110610108,0,0,False,
6a4dfd8ab26420006c165b8f614580cf3e7f76048abc80e8f01d86af85672663,SQX-AVAX-M15-6a4dfd8ab264,AVAX,LONG,D3,2021-11-12 14:48:00+00:00,2022-06-08 18:57:00+00:00,1.0533359102453632,0.053335910245363216,2.027484437120569,0.4424696077275522,0.004444659187113595,-0.02882658944472434,0.9964194534377787,12,1,0.010640530525910604,0.12317008008352272,0.05333591024536313,0.00022295159755283955,0,0,False,
6a4dfd8ab26420006c165b8f614580cf3e7f76048abc80e8f01d86af85672663,SQX-AVAX-M15-6a4dfd8ab264,AVAX,LONG,D4,2022-06-08 18:57:00+00:00,2023-01-02 23:06:00+00:00,0.9785741325676865,-0.02142586743231345,0.46641585998849505,-0.42523126182275367,-0.004285173486462696,-0.05331583813809801,0.9562811295216789,5,1,0.01,0.0489907881487342,-0.02142586743231348,0.0007622838925993129,0,0,False,
6a4dfd8ab26420006c165b8f614580cf3e7f76048abc80e8f01d86af85672663,SQX-AVAX-M15-6a4dfd8ab264,AVAX,LONG,D5,2023-01-02 23:06:00+00:00,2023-07-30 03:15:00+00:00,1.0090390645611942,0.009039064561194188,1.8743103967200059,0.462074626865678,0.00451953228059708,-0.02252035648294175,0.9875853241061835,2,1,0.01,0.019896614925373136,0.00903906456119416,0.0003385074626864829,0,0,False,
6a4dfd8ab26420006c165b8f614580cf3e7f76048abc80e8f01d86af85672663,SQX-AVAX-M15-6a4dfd8ab264,AVAX,LONG,D6,2023-07-30 03:15:00+00:00,2024-02-23 07:24:00+00:00,1.0073611096636743,0.0073611096636743145,1.1419868471543952,0.10219508263339602,0.0009201387079592514,-0.03548696008285054,0.9939443824842452,8,1,0.010194786206896553,0.0806753364915318,0.007361109663674011,0.0011283478613311575,0,0,False,
47181b451803a5684e864ada99f480bbb31c82e8f23b19a41f2d87a0851a9557,SQX-AVAX-M15-47181b451803,AVAX,SHORT,D1,2020-09-22 06:30:00+00:00,2021-04-18 10:39:00+00:00,1.1018412148674013,0.10184121486740128,2.522500190601655,0.6170062572441977,0.006365075929212579,-0.043871469148992044,0.9979416870390104,16,1,0.011130474043777473,0.168856368676475,0.10184121486740126,0.002341810362715505,0,0,False,
47181b451803a5684e864ada99f480bbb31c82e8f23b19a41f2d87a0851a9557,SQX-AVAX-M15-47181b451803,AVAX,SHORT,D2,2021-04-18 10:39:00+00:00,2021-11-12 14:48:00+00:00,1.0273426818715792,0.027342681871579178,1.241588689899217,0.14399620150358175,0.0013671340935789398,-0.07025802073640589,0.9863110628972731,20,1,0.010501464411572538,0.20193239720401324,0.027342681871578796,0.0013961295854940606,0,0,False,
47181b451803a5684e864ada99f480bbb31c82e8f23b19a41f2d87a0851a9557,SQX-AVAX-M15-47181b451803,AVAX,SHORT,D3,2021-11-12 14:48:00+00:00,2022-06-08 18:57:00+00:00,1.1114555567575752,0.11145555675757524,2.3223697334424718,0.5678095284202903,0.005866081934609214,-0.05535229531625641,0.9947874641307974,19,1,0.010897417555579443,0.19806782259399694,0.11145555675757507,0.0005753481083773399,0,0,False,
47181b451803a5684e864ada99f480bbb31c82e8f23b19a41f2d87a0851a9557,SQX-AVAX-M15-47181b451803,AVAX,SHORT,D4,2022-06-08 18:57:00+00:00,2023-01-02 23:06:00+00:00,1.0302571736247355,0.030257173624735456,1.248609551462799,0.15987900288177054,0.001512858681236775,-0.1408556866700849,0.8851846540799548,20,1,0.0101985825,0.1947703189730983,0.0302571736247355,0.004530072492954677,0,0,False,
47181b451803a5684e864ada99f480bbb31c82e8f23b19a41f2d87a0851a9557,SQX-AVAX-M15-47181b451803,AVAX,SHORT,D5,2023-01-02 23:06:00+00:00,2023-07-30 03:15:00+00:00,0.9614004672008429,-0.038599532799157066,0.6184994952060445,-0.27307559335924697,-0.0027571094856540805,-0.07340662431460333,0.9367349401822733,14,1,0.01,0.13504662262963119,-0.03859953279915713,0.004097851011880588,0,0,False,
47181b451803a5684e864ada99f480bbb31c82e8f23b19a41f2d87a0851a9557,SQX-AVAX-M15-47181b451803,AVAX,SHORT,D6,2023-07-30 03:15:00+00:00,2024-02-23 07:24:00+00:00,0.9896307959931426,-0.010369204006857369,0.9271770752740156,-0.03968138713976283,-0.0004937716193741617,-0.08643366796955232,0.9387640927987547,21,1,0.010163209170736764,0.20427917288224465,-0.010369204006857397,0.005491656812427002,0,0,False,
2b2d4ab2ef1a9c1150ff498509cd80a81c4f77bfa08fcf2cc69b5d40e33e8a71,SQX-AVAX-M15-2b2d4ab2ef1a,AVAX,LONG,D1,2020-09-22 06:30:00+00:00,2021-04-18 10:39:00+00:00,1.0326820024290404,0.0326820024290404,1.3414638195697104,0.1274513186718596,0.0012570000934246047,-0.0355627965005158,0.9745544294874684,26,1,0.010308726509916545,0.2620806453434442,0.03268200242903972,0.004556740591567746,0,0,False,
2b2d4ab2ef1a9c1150ff498509cd80a81c4f77bfa08fcf2cc69b5d40e33e8a71,SQX-AVAX-M15-2b2d4ab2ef1a,AVAX,LONG,D2,2021-04-18 10:39:00+00:00,2021-11-12 14:48:00+00:00,1.0074677482886576,0.007467748288657594,1.0526974241875962,0.02649917556348217,0.0002262954026865874,-0.06389963119993641,0.9640994087330866,33,1,0.010243181436120175,0.3296265023445942,0.007467748288657384,0.0011556031570489171,0,0,False,
2b2d4ab2ef1a9c1150ff498509cd80a81c4f77bfa08fcf2cc69b5d40e33e8a71,SQX-AVAX-M15-2b2d4ab2ef1a,AVAX,LONG,D3,2021-11-12 14:48:00+00:00,2022-06-08 18:57:00+00:00,0.9767521010293196,-0.02324789897068036,0.7863177709104362,-0.10281145681104724,-0.0010567226804854678,-0.05004616931104842,0.96712563194588,22,1,0.010079807388535032,0.2158821928287072,-0.023247898970680293,0.0002698714976236329,0,0,False,
2b2d4ab2ef1a9c1150ff498509cd80a81c4f77bfa08fcf2cc69b5d40e33e8a71,SQX-AVAX-M15-2b2d4ab2ef1a,AVAX,LONG,D4,2022-06-08 18:57:00+00:00,2023-01-02 23:06:00+00:00,1.0252199660469812,0.02521996604698118,1.2011890711350364,0.08424138861333998,0.0008135472918381265,-0.04837929783175867,0.9791969236219573,31,1,0.010421033465769803,0.31535937775172046,0.025219966046981922,0.0025487865569805944,0,0,False,
2b2d4ab2ef1a9c1150ff498509cd80a81c4f77bfa08fcf2cc69b5d40e33e8a71,SQX-AVAX-M15-2b2d4ab2ef1a,AVAX,LONG,D5,2023-01-02 23:06:00+00:00,2023-07-30 03:15:00+00:00,0.9561772382924255,-0.04382276170757449,0.6755288140080908,-0.16828484311039366,-0.0016854908349067015,-0.14803927595436173,0.8872065393054178,26,1,0.010102502521314203,0.25569750177085543,-0.04382276170757424,0.0037109723334520575,0,0,False,
2b2d4ab2ef1a9c1150ff498509cd80a81c4f77bfa08fcf2cc69b5d40e33e8a71,SQX-AVAX-M15-2b2d4ab2ef1a,AVAX,LONG,D6,2023-07-30 03:15:00+00:00,2024-02-23 07:24:00+00:00,1.0421927660256611,0.04219276602566113,1.9340248181692463,0.2463627433573325,0.0024819274132741698,-0.03938355487768163,0.9859543187352164,17,1,0.010340645730383787,0.17180338832411982,0.04219276602566088,0.0008252573706263901,0,0,False,
c26c33a01fddc2b43eaa717361fa9a1ed1b610d96eefc75404339362b43727c4,SQX-AVAX-M15-c26c33a01fdd,AVAX,LONG,D1,2020-09-22 06:30:00+00:00,2021-04-18 10:39:00+00:00,1.0942541341360559,0.09425413413605588,1.8314033944356165,0.35344450547874023,0.0036251590052329284,-0.03308650700547246,0.977372741346239,26,1,0.010987365316429906,0.27165225605209914,0.09425413413605614,0.007988595424833008,0,0,False,
c26c33a01fddc2b43eaa717361fa9a1ed1b610d96eefc75404339362b43727c4,SQX-AVAX-M15-c26c33a01fdd,AVAX,LONG,D2,2021-04-18 10:39:00+00:00,2021-11-12 14:48:00+00:00,0.9891141047686753,-0.01088589523132466,0.9442589297696544,-0.026541778101266556,-0.0003298756130704498,-0.10033964123229758,0.9688673267230156,33,1,0.01046791219591928,0.33254459331967834,-0.010885895231324844,0.002942766427865168,0,0,False,
c26c33a01fddc2b43eaa717361fa9a1ed1b610d96eefc75404339362b43727c4,SQX-AVAX-M15-c26c33a01fdd,AVAX,LONG,D3,2021-11-12 14:48:00+00:00,2022-06-08 18:57:00+00:00,1.0108773165744245,0.010877316574424478,1.0893874772784675,0.05592029925431518,0.0004944234806556611,-0.0450285296656302,0.9773759649042367,22,1,0.010356450854554318,0.22095005898113163,0.010877316574424546,0.0005358291586345029,0,0,False,
c26c33a01fddc2b43eaa717361fa9a1ed1b610d96eefc75404339362b43727c4,SQX-AVAX-M15-c26c33a01fdd,AVAX,LONG,D4,2022-06-08 18:57:00+00:00,2023-01-02 23:06:00+00:00,1.004783732073676,0.004783732073676106,1.0265667366964184,0.022122744463093872,0.00015431393786051977,-0.09173800675287748,0.9785950475047751,31,1,0.010766868983699787,0.3166997327571228,0.004783732073676113,0.005408641969989782,0,0,False,
c26c33a01fddc2b43eaa717361fa9a1ed1b610d96eefc75404339362b43727c4,SQX-AVAX-M15-c26c33a01fdd,AVAX,LONG,D5,2023-01-02 23:06:00+00:00,2023-07-30 03:15:00+00:00,0.9612118678717027,-0.03878813212829735,0.7626668070957802,-0.1456108943511515,-0.0014918512357037495,-0.15057381397814978,0.8692759020234497,26,1,0.01,0.2533548033229476,-0.03878813212829749,0.006687916166870674,0,0,False,
c26c33a01fddc2b43eaa717361fa9a1ed1b610d96eefc75404339362b43727c4,SQX-AVAX-M15-c26c33a01fdd,AVAX,LONG,D6,2023-07-30 03:15:00+00:00,2024-02-23 07:24:00+00:00,1.045137622663908,0.04513762266390797,1.6156402800505776,0.26642925507652704,0.0026551542743475346,-0.038190543368947595,0.9832595349482518,17,1,0.010316226256161942,0.1709689206742009,0.04513762266390809,0.002291753315989971,0,0,False,
84d0595662928b026f35512f5968f86207fd828abb4eb3fa65cd1f3ed64645dc,SQX-AVAX-M15-84d059566292,AVAX,SHORT,D1,2020-09-22 06:30:00+00:00,2021-04-18 10:39:00+00:00,0.9954147938000595,-0.004585206199940517,0.5629352842344397,-0.22612965699361776,-0.002292603099970252,-0.01576348103806265,0.9945620548063199,2,1,0.01,0.01989509090909091,-0.004585206199940504,0.0004909090909090679,0,0,False,
84d0595662928b026f35512f5968f86207fd828abb4eb3fa65cd1f3ed64645dc,SQX-AVAX-M15-84d059566292,AVAX,SHORT,D2,2021-04-18 10:39:00+00:00,2021-11-12 14:48:00+00:00,1.0117160340051503,0.011716034005150311,1.2900397524640057,0.20908652247011364,0.0019526723341917191,-0.035926510070042085,0.9737861841083597,6,1,0.010056024891202497,0.059562418907372516,0.011716034005150314,0.00048424025572428413,0,0,False,
84d0595662928b026f35512f5968f86207fd828abb4eb3fa65cd1f3ed64645dc,SQX-AVAX-M15-84d059566292,AVAX,SHORT,D3,2021-11-12 14:48:00+00:00,2022-06-08 18:57:00+00:00,1.0120750457795453,0.012075045779545324,1.2963820206299943,0.2150339724646763,0.002012507629924194,-0.05290993305692348,0.9820860239007265,6,1,0.01026632093495935,0.060309595480363076,0.012075045779545164,0.0002908027253411983,0,0,False,
84d0595662928b026f35512f5968f86207fd828abb4eb3fa65cd1f3ed64645dc,SQX-AVAX-M15-84d059566292,AVAX,SHORT,D4,2022-06-08 18:57:00+00:00,2023-01-02 23:06:00+00:00,1.0954023420086851,0.09540234200868514,1.823971652540475,0.4968306612867983,0.005021175895193948,-0.0695361688600076,0.9649212860936003,19,1,0.010677927800264676,0.1923329115597306,0.09540234200868501,0.0044082267491142805,0,0,False,
84d0595662928b026f35512f5968f86207fd828abb4eb3fa65cd1f3ed64645dc,SQX-AVAX-M15-84d059566292,AVAX,SHORT,D5,2023-01-02 23:06:00+00:00,2023-07-30 03:15:00+00:00,0.9612575204978225,-0.03874247950217746,0.45801180799224467,-0.43086229086178895,-0.004304719944686394,-0.06546409175191972,0.94412772400962,9,1,0.01,0.08758929260734245,-0.038742479502177546,0.002966602381932063,0,0,False,
84d0595662928b026f35512f5968f86207fd828abb4eb3fa65cd1f3ed64645dc,SQX-AVAX-M15-84d059566292,AVAX,SHORT,D6,2023-07-30 03:15:00+00:00,2024-02-23 07:24:00+00:00,0.9641597302570871,-0.03584026974291288,0.7738119574174599,-0.1699392898863521,-0.0017920134871456527,-0.11565018068003248,0.9157421518484276,20,1,0.01008335608644027,0.1939626344359082,-0.03584026974291305,0.01224131989080089,0,0,False,
93083a51c67526fd317a08271c0e3532236b137d32e49aedc38f27c6bb9e7018,SQX-AVAX-M15-93083a51c675,AVAX,SHORT,D1,2020-09-22 06:30:00+00:00,2021-04-18 10:39:00+00:00,1.054658474938345,0.05465847493834497,1.7354420886100987,0.46095230695176087,0.004554872911528742,-0.06384309394352605,1.0,12,1,0.010731303135407792,0.12383468407480165,0.0546584749383449,0.008163046343637145,0,0,False,
93083a51c67526fd317a08271c0e3532236b137d32e49aedc38f27c6bb9e7018,SQX-AVAX-M15-93083a51c675,AVAX,SHORT,D2,2021-04-18 10:39:00+00:00,2021-11-12 14:48:00+00:00,1.013905144529623,0.013905144529622993,1.132633287415464,0.10729610791044907,0.0009270096353081963,-0.09066746429718621,0.9645319781681796,15,1,0.010498809201491767,0.15085145763377428,0.013905144529622944,0.003620767336569089,0,0,False,
93083a51c67526fd317a08271c0e3532236b137d32e49aedc38f27c6bb9e7018,SQX-AVAX-M15-93083a51c675,AVAX,SHORT,D3,2021-11-12 14:48:00+00:00,2022-06-08 18:57:00+00:00,1.0286289223222618,0.028628922322261774,1.717898877372585,0.41936767599377534,0.0040898460460374155,-0.04678358438305776,0.9628421682939174,7,1,0.01,0.06907651964558999,0.028628922322261906,0.00028731722321266237,0,0,False,
93083a51c67526fd317a08271c0e3532236b137d32e49aedc38f27c6bb9e7018,SQX-AVAX-M15-93083a51c675,AVAX,SHORT,D4,2022-06-08 18:57:00+00:00,2023-01-02 23:06:00+00:00,1.0393141090680065,0.039314109068006475,1.2636598432135362,0.1824068364243506,0.0017093090899133246,-0.10653901731770345,0.9591607203709308,23,1,0.010602810647450823,0.2324355180238896,0.03931410906800647,0.007390425660627012,0,0,False,
93083a51c67526fd317a08271c0e3532236b137d32e49aedc38f27c6bb9e7018,SQX-AVAX-M15-93083a51c675,AVAX,SHORT,D5,2023-01-02 23:06:00+00:00,2023-07-30 03:15:00+00:00,0.9559012426303932,-0.04409875736960678,0.6649712070667414,-0.24089223034743393,-0.002449930964978154,-0.09555500966774653,0.9217534804250538,18,1,0.010087791227160508,0.17449796177158156,-0.04409875736960677,0.004775126259879522,0,0,False,
93083a51c67526fd317a08271c0e3532236b137d32e49aedc38f27c6bb9e7018,SQX-AVAX-M15-93083a51c675,AVAX,SHORT,D6,2023-07-30 03:15:00+00:00,2024-02-23 07:24:00+00:00,0.9611459424093917,-0.03885405759060834,0.47445281105860526,-0.35258274243061655,-0.003532187053691672,-0.06679849050748243,0.9473482646937369,11,1,0.010038787025810679,0.10772318040828692,-0.03885405759060839,0.0034942535970068703,0,0,False,
2844f49bbf1c5ff19d6c6de0924748750d6a3d8e2c56ef7bdca802c6f6460e68,SQX-AVAX-M15-2844f49bbf1c,AVAX,SHORT,D1,2020-09-22 06:30:00+00:00,2021-04-18 10:39:00+00:00,1.0595096779004594,0.05950967790045936,1.899452717466627,0.25480018039963653,0.002587377300019963,-0.46288169596035117,0.7061668106806384,23,1,0.010641047722348768,0.2357077995932278,0.05950967790045915,0.0022132472513582083,0,0,False,
2844f49bbf1c5ff19d6c6de0924748750d6a3d8e2c56ef7bdca802c6f6460e68,SQX-AVAX-M15-2844f49bbf1c,AVAX,SHORT,D2,2021-04-18 10:39:00+00:00,2021-11-12 14:48:00+00:00,0.9273881653339159,-0.07261183466608412,0.48786655105724736,-0.28607488830902794,-0.0027927628717724657,-0.08109625311667645,0.9281201601478255,26,1,0.01,0.24973434033249367,-0.0726118346660841,0.0005017386919083291,0,0,False,
2844f49bbf1c5ff19d6c6de0924748750d6a3d8e2c56ef7bdca802c6f6460e68,SQX-AVAX-M15-2844f49bbf1c,AVAX,SHORT,D3,2021-11-12 14:48:00+00:00,2022-06-08 18:57:00+00:00,1.0464787534787838,0.04647875347878383,1.6050683693169518,0.20115641051549882,0.00202081536864276,-0.050830471163535756,0.9980212775107999,23,1,0.010593930208290825,0.23817219387688615,0.04647875347878348,0.0002653586358024821,0,0,False,
2844f49bbf1c5ff19d6c6de0924748750d6a3d8e2c56ef7bdca802c6f6460e68,SQX-AVAX-M15-2844f49bbf1c,AVAX,SHORT,D4,2022-06-08 18:57:00+00:00,2023-01-02 23:06:00+00:00,1.0352363110165819,0.03523631101658187,1.2795403041082694,0.10544081687245939,0.0010363620887230002,-0.044667126548765236,0.9936962087321358,34,1,0.010459522901116415,0.3482576111760854,0.035236311016582006,0.0022873579790251997,0,0,False,
2844f49bbf1c5ff19d6c6de0924748750d6a3d8e2c56ef7bdca802c6f6460e68,SQX-AVAX-M15-2844f49bbf1c,AVAX,SHORT,D5,2023-01-02 23:06:00+00:00,2023-07-30 03:15:00+00:00,0.9974887770605508,-0.0025112229394491647,0.9862612427432221,-0.0023330741273455886,-5.840053347555354e-05,-0.07994095696530588,0.9931457470271268,43,1,0.010742224713826165,0.4451351517223167,-0.002511222939448802,0.0035800248406407907,0,0,False,
2844f49bbf1c5ff19d6c6de0924748750d6a3d8e2c56ef7bdca802c6f6460e68,SQX-AVAX-M15-2844f49bbf1c,AVAX,SHORT,D6,2023-07-30 03:15:00+00:00,2024-02-23 07:24:00+00:00,0.9833882688809124,-0.016611731119087647,0.8897407689435278,-0.04423754746918559,-0.0004746208891168016,-0.07495394582629564,0.9620349960967151,35,1,0.010269662853371777,0.34616179567849215,-0.016611731119088056,0.002817274940612423,0,0,False,
b59426b031a101da5025c94cd6d346f64524dacf016d23c7b19303c56a89efa1,SQX-AVAX-M15-b59426b031a1,AVAX,LONG,D1,2020-09-22 06:30:00+00:00,2021-04-18 10:39:00+00:00,0.9839226321282079,-0.016077367871792148,0.8725130089871439,-0.06241128574740252,-0.00066989032799134,-0.06322385435031878,0.9462776859241947,24,1,0.01,0.23428946776942686,-0.016077367871792158,0.008202523217815222,0,0,False,
b59426b031a101da5025c94cd6d346f64524dacf016d23c7b19303c56a89efa1,SQX-AVAX-M15-b59426b031a1,AVAX,LONG,D2,2021-04-18 10:39:00+00:00,2021-11-12 14:48:00+00:00,0.9966213613116736,-0.0033786386883264408,0.9697818874203314,-0.010338739731163303,-0.00015357448583303406,-0.05200020585177693,0.9764736971108109,22,1,0.01019678054026689,0.21930150055975645,-0.0033786386883267495,0.001606511466987157,0,0,False,
b59426b031a101da5025c94cd6d346f64524dacf016d23c7b19303c56a89efa1,SQX-AVAX-M15-b59426b031a1,AVAX,LONG,D3,2021-11-12 14:48:00+00:00,2022-06-08 18:57:00+00:00,1.0704006389856253,0.07040063898562532,1.9829925800742039,0.3289355203997041,0.0033524113802678485,-0.03961409542622328,0.9894274783095222,21,1,0.010598788950776069,0.21408656942683152,0.07040063898562482,0.00024815047732919954,0,0,False,
b59426b031a101da5025c94cd6d346f64524dacf016d23c7b19303c56a89efa1,SQX-AVAX-M15-b59426b031a1,AVAX,LONG,D4,2022-06-08 18:57:00+00:00,2023-01-02 23:06:00+00:00,1.045882931317997,0.04588293131799692,1.7154029343007435,0.26886308419279764,0.0026989959598821903,-0.02588232709112018,0.9952474074074074,17,1,0.010487662073007028,0.17456418987470862,0.045882931317997235,0.0020138294394692353,0,0,False,
b59426b031a101da5025c94cd6d346f64524dacf016d23c7b19303c56a89efa1,SQX-AVAX-M15-b59426b031a1,AVAX,LONG,D5,2023-01-02 23:06:00+00:00,2023-07-30 03:15:00+00:00,0.9896217461783103,-0.010378253821689665,0.9163538321168616,-0.038452040171977696,-0.0004324272425703886,-0.06912674757431816,0.9573464410803554,24,1,0.010178624467014102,0.23763020686031494,-0.010378253821689326,0.004625160924014368,0,0,False,
b59426b031a101da5025c94cd6d346f64524dacf016d23c7b19303c56a89efa1,SQX-AVAX-M15-b59426b031a1,AVAX,LONG,D6,2023-07-30 03:15:00+00:00,2024-02-23 07:24:00+00:00,1.0129025567526941,0.012902556752694139,1.13889014351365,0.06907900107762417,0.0006451278376346952,-0.04459182285714759,0.9741569204374906,20,1,0.010232652238668661,0.19926799614267454,0.012902556752693905,0.0027909777942934453,0,0,False,
82356fcb13e5e9683c394e7d05208c7eb98123971cd9b462df8b7cd3e43f5ec3,SQX-AVAX-M15-82356fcb13e5,AVAX,SHORT,D1,2020-09-22 06:30:00+00:00,2021-04-18 10:39:00+00:00,1.0327273238429053,0.03272732384290533,1.611329881536511,0.234716173123104,0.0023376659887789455,-0.026260587278084266,1.0,14,1,0.010544254293104967,0.14444601021991663,0.032727323842905234,0.0013149358570802658,0,0,False,
82356fcb13e5e9683c394e7d05208c7eb98123971cd9b462df8b7cd3e43f5ec3,SQX-AVAX-M15-82356fcb13e5,AVAX,SHORT,D2,2021-04-18 10:39:00+00:00,2021-11-12 14:48:00+00:00,0.9877529148371645,-0.012247085162835458,0.8647553851758674,-0.06749012078183103,-0.0007204167742844508,-0.02933473553059556,0.9804164362004447,17,1,0.010079257755575829,0.1689841496264185,-0.012247085162835663,0.0006717969748473857,0,0,False,
82356fcb13e5e9683c394e7d05208c7eb98123971cd9b462df8b7cd3e43f5ec3,SQX-AVAX-M15-82356fcb13e5,AVAX,SHORT,D3,2021-11-12 14:48:00+00:00,2022-06-08 18:57:00+00:00,1.0385779340989225,0.03857793409892252,1.405932301282298,0.17705682395545475,0.0017535424590419256,-0.1089390209613915,0.9800839670303002,22,1,0.01070700612324826,0.22851181645756957,0.038577934098922365,0.00061505365433113,0,0,False,
82356fcb13e5e9683c394e7d05208c7eb98123971cd9b462df8b7cd3e43f5ec3,SQX-AVAX-M15-82356fcb13e5,AVAX,SHORT,D4,2022-06-08 18:57:00+00:00,2023-01-02 23:06:00+00:00,0.9915995504827309,-0.008400449517269148,0.8972311537695051,-0.04778208555824551,-0.0005250280948293383,-0.06449670206545693,0.9543561612355355,16,1,0.010098069787234043,0.15623652866337182,-0.008400449517269412,0.0031408786236843435,0,0,False,
82356fcb13e5e9683c394e7d05208c7eb98123971cd9b462df8b7cd3e43f5ec3,SQX-AVAX-M15-82356fcb13e5,AVAX,SHORT,D5,2023-01-02 23:06:00+00:00,2023-07-30 03:15:00+00:00,1.0542788372832477,0.05427883728324767,2.2833524784669335,0.3823535388826512,0.0038770598059462568,-0.02760812695974471,0.9920514440425694,14,1,0.010443047959136425,0.1417013717425556,0.054278837283247595,0.0018613110017872535,0,0,False,
82356fcb13e5e9683c394e7d05208c7eb98123971cd9b462df8b7cd3e43f5ec3,SQX-AVAX-M15-82356fcb13e5,AVAX,SHORT,D6,2023-07-30 03:15:00+00:00,2024-02-23 07:24:00+00:00,0.9834132464137336,-0.01658675358626638,0.799744716760867,-0.10639557983737982,-0.001105783572417747,-0.041251025765705426,0.9691727880818541,15,1,0.01,0.14768516527810824,-0.016586753586266205,0.003627715381054754,0,0,False,
4d5503c1c13592902c04dd29c704d5b958233190bfd327bd83c7131c239de093,SQX-AVAX-M15-4d5503c1c135,AVAX,LONG,D1,2020-09-22 06:30:00+00:00,2021-04-18 10:39:00+00:00,1.0014238627488734,0.0014238627488734057,1.019744342595943,0.01932697720067898,0.00011865522907278526,-0.07662302557351638,0.980374235737914,12,1,0.010227532208699475,0.12115823625059935,0.001423862748873423,0.0010697912019819247,0,0,False,
4d5503c1c13592902c04dd29c704d5b958233190bfd327bd83c7131c239de093,SQX-AVAX-M15-4d5503c1c135,AVAX,LONG,D2,2021-04-18 10:39:00+00:00,2021-11-12 14:48:00+00:00,1.0455394008343917,0.045539400834391675,1.9947058809622704,0.4127889249883774,0.00413994553039923,-0.042981597202505065,0.996747767645987,11,1,0.01054118484971102,0.11361805337151788,0.04553940083439152,0.0010700303468524838,0,0,False,
4d5503c1c13592902c04dd29c704d5b958233190bfd327bd83c7131c239de093,SQX-AVAX-M15-4d5503c1c135,AVAX,LONG,D3,2021-11-12 14:48:00+00:00,2022-06-08 18:57:00+00:00,1.039063266489256,0.039063266489256065,1.9380244804513755,0.3251717822505578,0.003255272207438004,-0.026570552392740695,0.9934845347415976,12,1,0.010496161068272978,0.12299896378955309,0.039063266489256045,0.00015768213377155386,0,0,False,
4d5503c1c13592902c04dd29c704d5b958233190bfd327bd83c7131c239de093,SQX-AVAX-M15-4d5503c1c135,AVAX,LONG,D4,2022-06-08 18:57:00+00:00,2023-01-02 23:06:00+00:00,0.9986848673718621,-0.0013151326281378717,0.9567214815057552,-0.018923446367062936,-0.00026302652562756776,-0.030690317034571212,0.9836805398107001,5,1,0.010045652755997472,0.04973047581386698,-0.0013151326281378387,0.00039895400186497516,0,0,False,
4d5503c1c13592902c04dd29c704d5b958233190bfd327bd83c7131c239de093,SQX-AVAX-M15-4d5503c1c135,AVAX,LONG,D5,2023-01-02 23:06:00+00:00,2023-07-30 03:15:00+00:00,1.0064765012410448,0.006476501241044819,1.80058593596061,0.3297649253731393,0.003238250620522438,-0.018122997381610086,0.9903496339288647,2,1,0.01,0.019919102985074627,0.006476501241044876,0.0,0,0,False,
4d5503c1c13592902c04dd29c704d5b958233190bfd327bd83c7131c239de093,SQX-AVAX-M15-4d5503c1c135,AVAX,LONG,D6,2023-07-30 03:15:00+00:00,2024-02-23 07:24:00+00:00,0.99306924709179,-0.006930752908209992,0.8644404996493184,-0.0796036880249543,-0.0008663441135262537,-0.03553196940880593,0.9889487724482386,8,1,0.010146089655172415,0.08010687582537222,-0.00693075290821003,0.0008413529856265596,0,0,False,
0f3e2882fb52bffb7e4ea1b5f3de21b39ba6ec8acfec1d46f0dd295a2a697b5c,SQX-AVAX-M15-0f3e2882fb52,AVAX,LONG,D1,2020-09-22 06:30:00+00:00,2021-04-18 10:39:00+00:00,0.9834151349333773,-0.01658486506662271,0.8394557604026492,-0.08293047917214853,-0.0008728876350854128,-0.05109597094824566,0.9685481096869226,19,1,0.010094499151103565,0.1886140580078467,-0.016584865066622843,0.003577419579262109,0,0,False,
0f3e2882fb52bffb7e4ea1b5f3de21b39ba6ec8acfec1d46f0dd295a2a697b5c,SQX-AVAX-M15-0f3e2882fb52,AVAX,LONG,D2,2021-04-18 10:39:00+00:00,2021-11-12 14:48:00+00:00,1.0184394605889047,0.018439460588904666,1.6061830572486926,0.2333550956183471,0.0023049325736130767,-0.03129562889064016,0.9784301053348311,8,1,0.010083812017398363,0.07954811940688494,0.018439460588904614,0.0005261763782849187,0,0,False,
0f3e2882fb52bffb7e4ea1b5f3de21b39ba6ec8acfec1d46f0dd295a2a697b5c,SQX-AVAX-M15-0f3e2882fb52,AVAX,LONG,D3,2021-11-12 14:48:00+00:00,2022-06-08 18:57:00+00:00,0.9894646297329267,-0.010535370267073296,0.7375175574830681,-0.1462908558955483,-0.0015050528952961952,-0.03301476214812468,0.9766803275436213,7,1,0.01009641544408206,0.06968672615010585,-0.010535370267073367,0.00014610285452835818,0,0,False,
0f3e2882fb52bffb7e4ea1b5f3de21b39ba6ec8acfec1d46f0dd295a2a697b5c,SQX-AVAX-M15-0f3e2882fb52,AVAX,LONG,D4,2022-06-08 18:57:00+00:00,2023-01-02 23:06:00+00:00,0.9801167024908707,-0.019883297509129316,0.7257172932483326,-0.14974439785858376,-0.001529484423779182,-0.06238674141044428,0.9750636935156154,13,1,0.010295611231392358,0.13085921083491958,-0.019883297509129365,0.0017805400834376463,0,0,False,
0f3e2882fb52bffb7e4ea1b5f3de21b39ba6ec8acfec1d46f0dd295a2a697b5c,SQX-AVAX-M15-0f3e2882fb52,AVAX,LONG,D5,2023-01-02 23:06:00+00:00,2023-07-30 03:15:00+00:00,1.0523610525911609,0.05236105259116086,1.4918181375671136,0.20120353018897552,0.0020138866381215923,-0.034082848972654574,0.9968016666666669,26,1,0.010634074014754103,0.2676872247440027,0.052361052591161396,0.0027638188910562647,0,0,False,
0f3e2882fb52bffb7e4ea1b5f3de21b39ba6ec8acfec1d46f0dd295a2a697b5c,SQX-AVAX-M15-0f3e2882fb52,AVAX,LONG,D6,2023-07-30 03:15:00+00:00,2024-02-23 07:24:00+00:00,1.0133850450745086,0.01338504507450855,1.2559616263422724,0.11552589758323233,0.001115420422875707,-0.044330440762008504,0.9982267999999999,12,1,0.010355007649896117,0.1215369887607319,0.013385045074508486,0.001322754369043444,0,0,False,
1abd9fbf46ca2aa05f4ac34b3e735b9cb63e2018963ad99dbcc84429b93a0edb,SQX-AVAX-M15-1abd9fbf46ca,AVAX,LONG,D1,2020-09-22 06:30:00+00:00,2021-04-18 10:39:00+00:00,1.0111149268292683,0.01111492682926829,inf,1.111492682926829,0.01111492682926829,-0.007348739990734801,1.0,1,1,0.01,0.01,0.01111492682926829,0.0,0,0,False,
1abd9fbf46ca2aa05f4ac34b3e735b9cb63e2018963ad99dbcc84429b93a0edb,SQX-AVAX-M15-1abd9fbf46ca,AVAX,LONG,D2,2021-04-18 10:39:00+00:00,2021-11-12 14:48:00+00:00,1.0045140909474164,0.004514090947416394,1.1466507367512353,0.08120405258272449,0.0007523484912360703,-0.029071276629380333,0.9807415560437273,6,1,0.010027215108809674,0.0597784406847418,0.0045140909474164215,0.0007381095448177038,0,0,False,
1abd9fbf46ca2aa05f4ac34b3e735b9cb63e2018963ad99dbcc84429b93a0edb,SQX-AVAX-M15-1abd9fbf46ca,AVAX,LONG,D3,2021-11-12 14:48:00+00:00,2022-06-08 18:57:00+00:00,1.0268558430582435,0.02685584305824351,inf,0.6661794361414995,0.006713960764560915,-0.0146702106483968,0.9971424078235912,4,1,0.010147195832177837,0.04038798844520475,0.02685584305824366,0.0,0,0,False,
1abd9fbf46ca2aa05f4ac34b3e735b9cb63e2018963ad99dbcc84429b93a0edb,SQX-AVAX-M15-1abd9fbf46ca,AVAX,LONG,D4,2022-06-08 18:57:00+00:00,2023-01-02 23:06:00+00:00,0.9926698444603617,-0.007330155539638339,0.7605219807764955,-0.14121544604652722,-0.0014660311079276722,-0.03261980821072019,0.9787755110600683,5,1,0.010016077192448942,0.049640424238845425,-0.007330155539638361,0.0006784507125459412,0,0,False,
1abd9fbf46ca2aa05f4ac34b3e735b9cb63e2018963ad99dbcc84429b93a0edb,SQX-AVAX-M15-1abd9fbf46ca,AVAX,LONG,D5,2023-01-02 23:06:00+00:00,2023-07-30 03:15:00+00:00,0.9973395233717515,-0.0026604766282485315,0.8683804946598075,-0.04999645075655072,-0.000532095325649699,-0.022156422552181587,0.9854079109320154,5,1,0.010078271836354165,0.049936233999301485,-0.002660476628248495,0.0004093884273108049,0,0,False,
1abd9fbf46ca2aa05f4ac34b3e735b9cb63e2018963ad99dbcc84429b93a0edb,SQX-AVAX-M15-1abd9fbf46ca,AVAX,LONG,D6,2023-07-30 03:15:00+00:00,2024-02-23 07:24:00+00:00,1.0617180334357086,0.061718033435708586,3.7930132247078534,0.6047493795681855,0.006171803343570855,-0.021928383567581106,0.9907734988170274,10,1,0.010622760931662227,0.10281715871253952,0.06171803343570855,0.000935084499910966,0,0,False,
412fb5d9c90b135ec30164597864f1e64dd1084ba7aa2642026f96ad5174283a,SQX-AVAX-M15-412fb5d9c90b,AVAX,SHORT,D1,2020-09-22 06:30:00+00:00,2021-04-18 10:39:00+00:00,1.012213306744438,0.012213306744438102,1.5887569479562775,0.25224449305141683,0.0024426613488876727,-0.05527649076544233,0.975923592785704,5,1,0.01022652116399524,0.05037553570114433,0.012213306744438364,0.00038776088561044177,0,0,False,
412fb5d9c90b135ec30164597864f1e64dd1084ba7aa2642026f96ad5174283a,SQX-AVAX-M15-412fb5d9c90b,AVAX,SHORT,D2,2021-04-18 10:39:00+00:00,2021-11-12 14:48:00+00:00,0.9758223050084723,-0.024177694991527665,0.5160877624628472,-0.3978556882896158,-0.004029615831921267,-0.04140363345070882,0.9691488023882013,6,1,0.01,0.05921506810409881,-0.024177694991527603,0.00044828632384343384,0,0,False,
412fb5d9c90b135ec30164597864f1e64dd1084ba7aa2642026f96ad5174283a,SQX-AVAX-M15-412fb5d9c90b,AVAX,SHORT,D3,2021-11-12 14:48:00+00:00,2022-06-08 18:57:00+00:00,1.0018639291836038,0.0018639291836037852,1.036962966770308,0.04018499219563961,0.0002662755976576856,-0.05756519034298702,0.9674784712350046,7,1,0.010163484093873139,0.06970314926663264,0.0018639291836037991,0.00038300210756456003,0,0,False,
412fb5d9c90b135ec30164597864f1e64dd1084ba7aa2642026f96ad5174283a,SQX-AVAX-M15-412fb5d9c90b,AVAX,SHORT,D4,2022-06-08 18:57:00+00:00,2023-01-02 23:06:00+00:00,1.144279826379888,0.1442798263798879,1.9500674328982206,0.5569073448402686,0.00577119305519552,-0.12889880618195243,0.9642488254043692,25,1,0.011154228585871348,0.2579007168181937,0.144279826379888,0.007675832126692003,0,0,False,
412fb5d9c90b135ec30164597864f1e64dd1084ba7aa2642026f96ad5174283a,SQX-AVAX-M15-412fb5d9c90b,AVAX,SHORT,D5,2023-01-02 23:06:00+00:00,2023-07-30 03:15:00+00:00,0.9961828966241832,-0.003817103375816755,0.9378417857479103,-0.031339870764401284,-0.00042412259731296274,-0.0540697874082601,0.9606616522633701,9,1,0.010052379013828994,0.08864207408503028,-0.0038171033758166648,0.0019217747988378771,0,0,False,
412fb5d9c90b135ec30164597864f1e64dd1084ba7aa2642026f96ad5174283a,SQX-AVAX-M15-412fb5d9c90b,AVAX,SHORT,D6,2023-07-30 03:15:00+00:00,2024-02-23 07:24:00+00:00,0.8970468125331049,-0.10295318746689508,0.4092829224300951,-0.5334573378842041,-0.005147659373344755,-0.1441414686177726,0.8652610676304735,20,1,0.01,0.18956694049265332,-0.1029531874668951,0.012718518951188636,0,0,False,
