hash,strategy_id,asset,direction,window,start,end,final_equity,return,pf,expectancy_r,economic_expectancy,maxdd,minimum_equity,trades,peak_concurrent,peak_open_risk,intended_risk_sum,realized_pnl,overshoot_loss,skipped_entries,resized_entries,ruin,ruin_timestamp
ccfab81a54c6fb3b482fae1e0d79805aa6f2d662775084584956b82621305181,SQX-SOL-M15-ccfab81a54c6,SOL,SHORT,D1,2020-08-11 06:00:00+00:00,2021-03-11 14:45:00+00:00,1.1529535112226388,0.15295351122263878,1.0909855641910446,0.06104252421406892,0.0005728595925941543,-0.2043027690702683,0.9096100478746222,267,1,0.012549856722294932,2.9117608065392875,0.1529535112226392,0.07298634613219014,0,0,False,
ccfab81a54c6fb3b482fae1e0d79805aa6f2d662775084584956b82621305181,SQX-SOL-M15-ccfab81a54c6,SOL,SHORT,D2,2021-03-11 14:45:00+00:00,2021-10-09 23:30:00+00:00,1.0209917601234797,0.020991760123479697,1.0144923796243301,0.016170373334854618,8.894813611643784e-05,-0.170941097861178,0.9666457553234953,236,1,0.012187364613790462,2.518481318577986,0.02099176012347933,0.004480210403829401,0,0,False,
ccfab81a54c6fb3b482fae1e0d79805aa6f2d662775084584956b82621305181,SQX-SOL-M15-ccfab81a54c6,SOL,SHORT,D3,2021-10-09 23:30:00+00:00,2022-05-10 08:15:00+00:00,1.2456858383991072,0.24568583839910718,1.151052731046589,0.09206882903162794,0.0009449455323042572,-0.13511686812688745,0.9767308836859879,260,1,0.01271832148291559,2.971320160140592,0.24568583839910688,0.0020854877949710044,0,0,False,
ccfab81a54c6fb3b482fae1e0d79805aa6f2d662775084584956b82621305181,SQX-SOL-M15-ccfab81a54c6,SOL,SHORT,D4,2022-05-10 08:15:00+00:00,2022-12-08 17:00:00+00:00,1.505100574580344,0.5051005745803441,1.3104616711937311,0.15897907547241918,0.001870742868816088,-0.11661094663528723,0.9956878913679511,270,1,0.014955470907163843,3.232050422583657,0.5051005745803437,0.009194928312175242,0,0,False,
ccfab81a54c6fb3b482fae1e0d79805aa6f2d662775084584956b82621305181,SQX-SOL-M15-ccfab81a54c6,SOL,SHORT,D5,2022-12-08 17:00:00+00:00,2023-07-09 01:45:00+00:00,1.2440305907939047,0.24403059079390466,1.1583836930553257,0.09942376733198309,0.0010296649400586661,-0.14278649542698096,0.9766225307031314,237,1,0.014419300047873056,2.9097252663128277,0.24403059079390385,0.01728976232627137,0,0,False,
ccfab81a54c6fb3b482fae1e0d79805aa6f2d662775084584956b82621305181,SQX-SOL-M15-ccfab81a54c6,SOL,SHORT,D6,2023-07-09 01:45:00+00:00,2024-02-06 10:30:00+00:00,1.2681636015339415,0.2681636015339415,1.1819452987606143,0.10126887513988594,0.0010599351839286225,-0.20000019721314996,0.982424500869575,253,1,0.012594107041613624,2.8078416931879038,0.2681636015339415,0.01009021958246879,0,0,False,
4e011d69727d0fbeaef3746553522fca934f1f79b065245e0fccd57c26f1956b,SQX-SOL-M15-4e011d69727d,SOL,SHORT,D1,2020-08-11 06:00:00+00:00,2021-03-11 14:45:00+00:00,0.9889151439476382,-0.011084856052361758,0.9970217878167813,0.005556772487493657,-1.9078926079793047e-05,-0.2520111714195611,0.9303699246842682,581,1,0.012245262277115893,6.172996676502056,-0.01108485605235976,0.17074413685839454,0,0,False,
4e011d69727d0fbeaef3746553522fca934f1f79b065245e0fccd57c26f1956b,SQX-SOL-M15-4e011d69727d,SOL,SHORT,D2,2021-03-11 14:45:00+00:00,2021-10-09 23:30:00+00:00,1.3330664286964182,0.3330664286964182,1.0913074750347898,0.05664613099641914,0.0005693443225579811,-0.2711914656553142,0.8772733880008498,585,1,0.013793855791744506,6.365705402380143,0.33306642869641895,0.013933651919068285,0,0,False,
4e011d69727d0fbeaef3746553522fca934f1f79b065245e0fccd57c26f1956b,SQX-SOL-M15-4e011d69727d,SOL,SHORT,D3,2021-10-09 23:30:00+00:00,2022-05-10 08:15:00+00:00,1.8085967710022903,0.8085967710022903,1.2030778849709574,0.11518780344714634,0.0014675077513653227,-0.1839657835433507,0.991577074282727,551,1,0.01826879333351351,7.249217993878812,0.8085967710022928,0.0058002220965019564,0,0,False,
4e011d69727d0fbeaef3746553522fca934f1f79b065245e0fccd57c26f1956b,SQX-SOL-M15-4e011d69727d,SOL,SHORT,D4,2022-05-10 08:15:00+00:00,2022-12-08 17:00:00+00:00,1.2667162804291057,0.26671628042910567,1.073854524305492,0.050113338508937816,0.000480569874647032,-0.273286779696036,0.9474169967498365,555,1,0.013720101875001429,6.244581622888656,0.2667162804291028,0.022435844765350675,0,0,False,
4e011d69727d0fbeaef3746553522fca934f1f79b065245e0fccd57c26f1956b,SQX-SOL-M15-4e011d69727d,SOL,SHORT,D5,2022-12-08 17:00:00+00:00,2023-07-09 01:45:00+00:00,1.375321603057439,0.3753216030574389,1.1052802611269,0.0686434726052746,0.0007203869540449902,-0.18312888520753445,0.938201417927639,521,1,0.016135938258873345,6.2816683427100894,0.3753216030574399,0.04566982265243563,0,0,False,
4e011d69727d0fbeaef3746553522fca934f1f79b065245e0fccd57c26f1956b,SQX-SOL-M15-4e011d69727d,SOL,SHORT,D6,2023-07-09 01:45:00+00:00,2024-02-06 10:30:00+00:00,1.0706858069848546,0.0706858069848546,1.0190255355501183,0.019790189823813104,0.00012851964906337096,-0.32477061245876493,0.9560597853498548,550,1,0.014016355178851818,6.331041284575532,0.07068580698485402,0.02967262887937741,0,0,False,
4243f205195341b3fc69b23e6120a34f1ae414269502f0755411e7ce6a7791be,SQX-SOL-M15-4243f2051953,SOL,SHORT,D1,2020-08-11 06:00:00+00:00,2021-03-11 14:45:00+00:00,1.0853140712041387,0.0853140712041387,1.0287098572040552,0.02872853044697986,0.00019886729884414627,-0.9637208444957821,0.12956931296806806,429,1,0.011989586809137536,4.5892411637054344,0.08531407120413875,0.13667671802117864,0,0,False,
4243f205195341b3fc69b23e6120a34f1ae414269502f0755411e7ce6a7791be,SQX-SOL-M15-4243f2051953,SOL,SHORT,D2,2021-03-11 14:45:00+00:00,2021-10-09 23:30:00+00:00,1.1398049563295152,0.13980495632951517,1.0525597462512637,0.04076370461236027,0.00033526368424344167,-0.23297532906826596,0.8633134731983123,417,1,0.0124310888388021,4.2801341082033195,0.13980495632951517,0.009303780105975178,0,0,False,
4243f205195341b3fc69b23e6120a34f1ae414269502f0755411e7ce6a7791be,SQX-SOL-M15-4243f2051953,SOL,SHORT,D3,2021-10-09 23:30:00+00:00,2022-05-10 08:15:00+00:00,1.0517306079989601,0.05173060799896012,1.022354922238501,0.023231955464727085,0.00014329808309961303,-0.2858515791093916,0.8571614649940846,361,1,0.011883670961295755,3.7041229303552843,0.0517306079989603,0.0031915963498173328,0,0,False,
4243f205195341b3fc69b23e6120a34f1ae414269502f0755411e7ce6a7791be,SQX-SOL-M15-4243f2051953,SOL,SHORT,D4,2022-05-10 08:15:00+00:00,2022-12-08 17:00:00+00:00,1.080232125295125,0.08023212529512502,1.0354967217749578,0.03022642266658926,0.00021981404190445097,-0.17900857975018022,0.9060350229806834,365,1,0.011402139369415806,3.6900907631376882,0.0802321252951246,0.013248908303514897,0,0,False,
4243f205195341b3fc69b23e6120a34f1ae414269502f0755411e7ce6a7791be,SQX-SOL-M15-4243f2051953,SOL,SHORT,D5,2022-12-08 17:00:00+00:00,2023-07-09 01:45:00+00:00,1.3265400657021198,0.3265400657021198,1.161022226979664,0.10661801499465515,0.0011260002265590363,-0.12637319763628066,0.979737471218576,290,1,0.015130209597433043,3.526779417678152,0.3265400657021205,0.021646258900065413,0,0,False,
4243f205195341b3fc69b23e6120a34f1ae414269502f0755411e7ce6a7791be,SQX-SOL-M15-4243f2051953,SOL,SHORT,D6,2023-07-09 01:45:00+00:00,2024-02-06 10:30:00+00:00,1.088637199823458,0.08863719982345808,1.0471508882081038,0.03755107678653218,0.0002994499994035725,-0.2980911783201325,0.8733455671196562,296,1,0.01231712885797073,3.154516308722795,0.08863719982345747,0.011225261172746002,0,0,False,
9542adb48ea3ca96230d2faf45d47203436ba851d704e843cff2e65444a44413,SQX-SOL-M15-9542adb48ea3,SOL,SHORT,D1,2020-08-11 06:00:00+00:00,2021-03-11 14:45:00+00:00,1.274234220169739,0.274234220169739,1.0870401521624529,0.06834259391391484,0.0006592168754080312,-0.3365000977540736,0.8342151783546345,416,1,0.014046915356119126,4.8809930214483925,0.27423422016974097,0.18803713518433288,0,0,False,
9542adb48ea3ca96230d2faf45d47203436ba851d704e843cff2e65444a44413,SQX-SOL-M15-9542adb48ea3,SOL,SHORT,D2,2021-03-11 14:45:00+00:00,2021-10-09 23:30:00+00:00,0.8856702464362365,-0.11432975356376351,0.944219763404188,-0.027654288089200712,-0.0003464537986780706,-0.22380385813500075,0.8602583669680498,330,1,0.011174787682929765,3.154454850796073,-0.11432975356376329,0.008530767702818123,0,0,False,
9542adb48ea3ca96230d2faf45d47203436ba851d704e843cff2e65444a44413,SQX-SOL-M15-9542adb48ea3,SOL,SHORT,D3,2021-10-09 23:30:00+00:00,2022-05-10 08:15:00+00:00,1.6157738519125742,0.6157738519125742,1.1833959073107794,0.11719370801277186,0.0013775701385068738,-0.1509691299399205,0.9713006641391638,447,1,0.016486073033473977,5.6323539589758305,0.6157738519125726,0.004905442859392628,0,0,False,
9542adb48ea3ca96230d2faf45d47203436ba851d704e843cff2e65444a44413,SQX-SOL-M15-9542adb48ea3,SOL,SHORT,D4,2022-05-10 08:15:00+00:00,2022-12-08 17:00:00+00:00,1.4093926422184584,0.4093926422184584,1.130022531802969,0.08819331633907444,0.0009368252682344578,-0.2424956583342967,0.9749608514602672,437,1,0.015084411925048538,5.171479414958935,0.40939264221845806,0.022164474481624064,0,0,False,
9542adb48ea3ca96230d2faf45d47203436ba851d704e843cff2e65444a44413,SQX-SOL-M15-9542adb48ea3,SOL,SHORT,D5,2022-12-08 17:00:00+00:00,2023-07-09 01:45:00+00:00,1.4549994888516635,0.4549994888516635,1.14805422621002,0.10289829045832975,0.0011290309897063627,-0.16025162686008262,0.9016765716908366,403,1,0.01609118113940073,5.043885738559668,0.4549994888516642,0.042783009616184246,0,0,False,
9542adb48ea3ca96230d2faf45d47203436ba851d704e843cff2e65444a44413,SQX-SOL-M15-9542adb48ea3,SOL,SHORT,D6,2023-07-09 01:45:00+00:00,2024-02-06 10:30:00+00:00,0.9758681285357365,-0.024131871464263543,0.9887885328599675,0.0017895698632337637,-7.182104602459252e-05,-0.2998859051201765,0.8717741259951279,336,1,0.012327546791775832,3.422157207493712,-0.024131871464263085,0.019496830966738002,0,0,False,
4a87fe7559783d8983bfa62c5e7d89da60730a774e907293b7dbd4824a3a7f31,SQX-SOL-M15-4a87fe755978,SOL,SHORT,D1,2020-08-11 06:00:00+00:00,2021-03-11 14:45:00+00:00,1.218960253640159,0.21896025364015892,1.270504975000546,0.20905623791895447,0.002146669153334891,-0.1253265053128622,0.9761989393191932,102,1,0.012967087385962393,1.1690679797221888,0.2189602536401589,0.057527165170213584,0,0,False,
4a87fe7559783d8983bfa62c5e7d89da60730a774e907293b7dbd4824a3a7f31,SQX-SOL-M15-4a87fe755978,SOL,SHORT,D2,2021-03-11 14:45:00+00:00,2021-10-09 23:30:00+00:00,1.1111906846179895,0.11119068461798953,1.1599009426466291,0.1264111850391609,0.00118287962359563,-0.13960522527960442,0.9450035071682737,94,1,0.011697836655689091,0.9952985166543538,0.11119068461798921,0.0031210112661665453,0,0,False,
4a87fe7559783d8983bfa62c5e7d89da60730a774e907293b7dbd4824a3a7f31,SQX-SOL-M15-4a87fe755978,SOL,SHORT,D3,2021-10-09 23:30:00+00:00,2022-05-10 08:15:00+00:00,0.9161872408380644,-0.08381275916193565,0.8641052515686579,-0.08949348469445971,-0.0009745669669992483,-0.18742877777612812,0.840631290226061,86,1,0.010242806782708832,0.8235968456569935,-0.08381275916193535,0.0011548894803216705,0,0,False,
4a87fe7559783d8983bfa62c5e7d89da60730a774e907293b7dbd4824a3a7f31,SQX-SOL-M15-4a87fe755978,SOL,SHORT,D4,2022-05-10 08:15:00+00:00,2022-12-08 17:00:00+00:00,1.1532701911291576,0.15327019112915763,1.173458741721014,0.14514012210887892,0.0014061485424693434,-0.29875319686206747,0.9097046858423289,109,1,0.013491023299164389,1.2767527600906046,0.15327019112915843,0.00770713050007377,0,0,False,
4a87fe7559783d8983bfa62c5e7d89da60730a774e907293b7dbd4824a3a7f31,SQX-SOL-M15-4a87fe755978,SOL,SHORT,D5,2022-12-08 17:00:00+00:00,2023-07-09 01:45:00+00:00,1.101179271047476,0.10117927104747593,1.1364968204076333,0.10586158873344531,0.0009636121052140561,-0.1725490302386453,0.8952525136480711,105,1,0.011272295956423102,1.0536796497467371,0.10117927104747589,0.012079101688285552,0,0,False,
4a87fe7559783d8983bfa62c5e7d89da60730a774e907293b7dbd4824a3a7f31,SQX-SOL-M15-4a87fe755978,SOL,SHORT,D6,2023-07-09 01:45:00+00:00,2024-02-06 10:30:00+00:00,0.9121043375068426,-0.08789566249315739,0.8702531631929399,-0.08105724090863167,-0.0008878349746783551,-0.17022379175068278,0.8569242261557024,99,1,0.010223721929245713,0.9198038893161469,-0.08789566249315715,0.005536810420745495,0,0,False,
726b35f33c43a91a4cc8aa29862c799c6d88bdb5a8dd10aa6c477646f8dabda9,SQX-SOL-M15-726b35f33c43,SOL,SHORT,D1,2020-08-11 06:00:00+00:00,2021-03-11 14:45:00+00:00,1.0262586525611703,0.026258652561170326,1.0147974958760533,0.017241538182059365,9.618554051711285e-05,-0.7627231636458213,0.6032092284574074,273,1,0.012159654029120549,2.959578219979584,0.02625865256117181,0.0748178685435744,0,0,False,
726b35f33c43a91a4cc8aa29862c799c6d88bdb5a8dd10aa6c477646f8dabda9,SQX-SOL-M15-726b35f33c43,SOL,SHORT,D2,2021-03-11 14:45:00+00:00,2021-10-09 23:30:00+00:00,0.8999871033388955,-0.10001289666110447,0.9172427598849016,-0.039540010170794865,-0.0004445017629382418,-0.2761605687915988,0.7993716769463792,225,1,0.010123102358064883,2.002797489833215,-0.10001289666110441,0.004585760498785639,0,0,False,
726b35f33c43a91a4cc8aa29862c799c6d88bdb5a8dd10aa6c477646f8dabda9,SQX-SOL-M15-726b35f33c43,SOL,SHORT,D3,2021-10-09 23:30:00+00:00,2022-05-10 08:15:00+00:00,1.1815775499484198,0.1815775499484198,1.1042372369280586,0.0698078911084837,0.0006775281714493311,-0.20605301693960967,0.9887811133591423,268,1,0.013288129388210572,3.1262114578270346,0.18157754994842074,0.002200857237120409,0,0,False,
726b35f33c43a91a4cc8aa29862c799c6d88bdb5a8dd10aa6c477646f8dabda9,SQX-SOL-M15-726b35f33c43,SOL,SHORT,D4,2022-05-10 08:15:00+00:00,2022-12-08 17:00:00+00:00,1.474997436550957,0.47499743655095705,1.3045771422537296,0.16465653293051086,0.0019153122441570832,-0.14215590427389518,1.0,248,1,0.014783138013608744,2.976895702634966,0.4749974365509566,0.009483453985767507,0,0,False,
726b35f33c43a91a4cc8aa29862c799c6d88bdb5a8dd10aa6c477646f8dabda9,SQX-SOL-M15-726b35f33c43,SOL,SHORT,D5,2022-12-08 17:00:00+00:00,2023-07-09 01:45:00+00:00,1.1037707136860786,0.1037707136860786,1.0738076862536101,0.052707036220533625,0.0004760124481012764,-0.153197853026876,0.9865227662978464,218,1,0.012850989617318159,2.5193375465050005,0.10377071368607825,0.01683545252253863,0,0,False,
726b35f33c43a91a4cc8aa29862c799c6d88bdb5a8dd10aa6c477646f8dabda9,SQX-SOL-M15-726b35f33c43,SOL,SHORT,D6,2023-07-09 01:45:00+00:00,2024-02-06 10:30:00+00:00,1.2419158452795147,0.2419158452795147,1.1852393758613726,0.10985883443308235,0.0011411124777335642,-0.1555536658212573,0.9561200648535698,212,1,0.01284718122091937,2.4086908543250023,0.2419158452795156,0.008730963632149119,0,0,False,
6c03668124ff49f18dbba350c4dc0b9d898963f1ff5efc413bb3120b107db1ae,SQX-SOL-M15-6c03668124ff,SOL,SHORT,D1,2020-08-11 06:00:00+00:00,2021-03-11 14:45:00+00:00,0.84553606529443,-0.15446393470556996,0.9304014642108269,-0.03295160179981029,-0.0003575554044110417,-0.2651976563370673,0.7793368116492493,432,1,0.010500104355840012,3.97841542618449,-0.15446393470557002,0.08303946583544115,0,0,False,
6c03668124ff49f18dbba350c4dc0b9d898963f1ff5efc413bb3120b107db1ae,SQX-SOL-M15-6c03668124ff,SOL,SHORT,D2,2021-03-11 14:45:00+00:00,2021-10-09 23:30:00+00:00,1.1866618078210782,0.18666180782107822,1.087295899831673,0.05243803802676176,0.0005086152801664237,-0.22432982750034058,0.9642612445437587,367,1,0.014028352722351286,4.214200553166865,0.18666180782107752,0.006296201950726358,0,0,False,
6c03668124ff49f18dbba350c4dc0b9d898963f1ff5efc413bb3120b107db1ae,SQX-SOL-M15-6c03668124ff,SOL,SHORT,D3,2021-10-09 23:30:00+00:00,2022-05-10 08:15:00+00:00,1.4814242643876976,0.4814242643876976,1.202713909629435,0.10463747608745728,0.0012096087044917124,-0.15093906988009329,0.9650440675374168,398,1,0.014963992433527931,4.884168703173382,0.48142426438770153,0.0026022356590650157,0,0,False,
6c03668124ff49f18dbba350c4dc0b9d898963f1ff5efc413bb3120b107db1ae,SQX-SOL-M15-6c03668124ff,SOL,SHORT,D4,2022-05-10 08:15:00+00:00,2022-12-08 17:00:00+00:00,1.3477958637474403,0.3477958637474403,1.14808970048881,0.07829716077721273,0.0008441647178335927,-0.6302421015044904,0.6928761178628965,412,1,0.014605980251719716,4.730740184855329,0.3477958637474402,0.011406546297766962,0,0,False,
6c03668124ff49f18dbba350c4dc0b9d898963f1ff5efc413bb3120b107db1ae,SQX-SOL-M15-6c03668124ff,SOL,SHORT,D5,2022-12-08 17:00:00+00:00,2023-07-09 01:45:00+00:00,1.0009516346072311,0.0009516346072311332,1.0004488669399072,0.006003702582849841,2.465374630135777e-06,-0.1887641353553223,0.9330522232700457,386,1,0.011653943955784068,4.011306802790564,0.00095163460723241,0.02025623926512372,0,0,False,
6c03668124ff49f18dbba350c4dc0b9d898963f1ff5efc413bb3120b107db1ae,SQX-SOL-M15-6c03668124ff,SOL,SHORT,D6,2023-07-09 01:45:00+00:00,2024-02-06 10:30:00+00:00,1.1242467633295528,0.12424676332955276,1.0624862914250202,0.04062044088965312,0.00036978203371890633,-0.165337842238551,0.9951255494290135,336,1,0.012925476779117664,3.8877618414142727,0.12424676332955253,0.01074057404561506,0,0,False,
b1e8af780251528f3b5ab307e301fc230026c77ad9323ea7b08835bfd239759c,SQX-SOL-M15-b1e8af780251,SOL,SHORT,D1,2020-08-11 06:00:00+00:00,2021-03-11 14:45:00+00:00,1.0777168287341763,0.07771682873417629,1.0396277211955964,0.027642733457369405,0.00021953906422083298,-0.26682549203397266,0.9378228395316653,354,1,0.011680070386850377,3.7881274292032456,0.07771682873417488,0.09790763298295663,0,0,False,
b1e8af780251528f3b5ab307e301fc230026c77ad9323ea7b08835bfd239759c,SQX-SOL-M15-b1e8af780251,SOL,SHORT,D2,2021-03-11 14:45:00+00:00,2021-10-09 23:30:00+00:00,1.0573420416898145,0.057342041689814494,1.0435350379197614,0.026194642446453656,0.00021004410875390123,-0.15972345992376907,0.8995515339377806,273,1,0.01141960111476394,2.7648120329994943,0.057342041689815035,0.0037313267843459078,0,0,False,
b1e8af780251528f3b5ab307e301fc230026c77ad9323ea7b08835bfd239759c,SQX-SOL-M15-b1e8af780251,SOL,SHORT,D3,2021-10-09 23:30:00+00:00,2022-05-10 08:15:00+00:00,1.4162813750148289,0.41628137501482887,1.2462409922107465,0.10355548415009835,0.0011726235915910691,-0.11592654914099973,0.9317905499700893,355,1,0.014473864916308086,4.110178782164128,0.41628137501482954,0.0020948260283562368,0,0,False,
b1e8af780251528f3b5ab307e301fc230026c77ad9323ea7b08835bfd239759c,SQX-SOL-M15-b1e8af780251,SOL,SHORT,D4,2022-05-10 08:15:00+00:00,2022-12-08 17:00:00+00:00,0.9676616691101901,-0.03233833088980986,0.980694083830673,-0.0033789080198754025,-8.835609532735042e-05,-0.24241657370552233,0.8257707273024497,366,1,0.010791976176378715,3.496963007077543,-0.03233833088981025,0.008278861715474935,0,0,False,
b1e8af780251528f3b5ab307e301fc230026c77ad9323ea7b08835bfd239759c,SQX-SOL-M15-b1e8af780251,SOL,SHORT,D5,2022-12-08 17:00:00+00:00,2023-07-09 01:45:00+00:00,1.0113828665685771,0.011382866568577121,1.0077646555734878,0.009251148168146432,3.756721639794434e-05,-0.16925635659455165,0.9677649375152038,303,1,0.011533340082709105,3.1933144541541263,0.011382866568577135,0.014817671701533579,0,0,False,
b1e8af780251528f3b5ab307e301fc230026c77ad9323ea7b08835bfd239759c,SQX-SOL-M15-b1e8af780251,SOL,SHORT,D6,2023-07-09 01:45:00+00:00,2024-02-06 10:30:00+00:00,1.078076497421202,0.07807649742120204,1.0616789534244464,0.03389959447631757,0.0002924213386561907,-0.19125498934433285,0.9144649445418688,267,1,0.011194597328905492,2.7172861685537737,0.07807649742120293,0.008574248950380971,0,0,False,
0032b53d39d666bf98a22c89fa787feae286d54d1c8b8dcdafb6b20ce46454a4,SQX-SOL-M15-0032b53d39d6,SOL,SHORT,D1,2020-08-11 06:00:00+00:00,2021-03-11 14:45:00+00:00,0.8090305244776862,-0.1909694755223138,0.9094449006256052,-0.05895213296979902,-0.0006517729540010704,-0.3404815459350038,0.7615565424599395,293,1,0.011438253581071816,2.6933642208556674,-0.19096947552231364,0.16257918702902197,0,0,False,
0032b53d39d666bf98a22c89fa787feae286d54d1c8b8dcdafb6b20ce46454a4,SQX-SOL-M15-0032b53d39d6,SOL,SHORT,D2,2021-03-11 14:45:00+00:00,2021-10-09 23:30:00+00:00,1.0566417515559885,0.056641751555988495,1.03068554340012,0.03464376035090087,0.0002212568420155767,-0.45058184720940575,0.6169227450808813,256,1,0.012306603441843368,2.5809453425262974,0.056641751555987635,0.012398757421584462,0,0,False,
0032b53d39d666bf98a22c89fa787feae286d54d1c8b8dcdafb6b20ce46454a4,SQX-SOL-M15-0032b53d39d6,SOL,SHORT,D3,2021-10-09 23:30:00+00:00,2022-05-10 08:15:00+00:00,1.2132859930043127,0.21328599300431272,1.1257676854980405,0.11458401398835327,0.001110864546897469,-0.28128999728164555,0.9578381320121673,192,1,0.014916642916539555,2.434201154766345,0.21328599300431406,0.00437987318407171,0,0,False,
0032b53d39d666bf98a22c89fa787feae286d54d1c8b8dcdafb6b20ce46454a4,SQX-SOL-M15-0032b53d39d6,SOL,SHORT,D4,2022-05-10 08:15:00+00:00,2022-12-08 17:00:00+00:00,1.2098062743259081,0.20980627432590815,1.1439888206771736,0.10822497863061649,0.0010386449224054877,-0.18486898895332265,0.8677685043874087,202,1,0.012994513013743944,2.089717854550468,0.2098062743259085,0.014375531361264402,0,0,False,
0032b53d39d666bf98a22c89fa787feae286d54d1c8b8dcdafb6b20ce46454a4,SQX-SOL-M15-0032b53d39d6,SOL,SHORT,D5,2022-12-08 17:00:00+00:00,2023-07-09 01:45:00+00:00,1.0502243801381332,0.05022438013813324,1.0419800020821899,0.04187018523843913,0.0002903143360585726,-0.1796475728507162,0.8288720867122027,173,1,0.011500075474972657,1.6518936936124704,0.05022438013813306,0.02644700380850356,0,0,False,
0032b53d39d666bf98a22c89fa787feae286d54d1c8b8dcdafb6b20ce46454a4,SQX-SOL-M15-0032b53d39d6,SOL,SHORT,D6,2023-07-09 01:45:00+00:00,2024-02-06 10:30:00+00:00,0.996940141554176,-0.0030598584458240152,0.9979201227970312,0.011602849578624716,-1.610451813591463e-05,-0.25468637040928743,0.906047608939326,190,1,0.012009372772849844,2.022407268862522,-0.0030598584458237793,0.01607401609085645,0,0,False,
7d4190997bb6316c4f7a1fb9c36c7d74acbe60ba9f6b9ea840d74719424f352e,SQX-SOL-M15-7d4190997bb6,SOL,SHORT,D1,2020-08-11 06:00:00+00:00,2021-03-11 14:45:00+00:00,1.0079762583912106,0.007976258391210633,1.0213671381633096,0.010433218665086291,7.596436563057629e-05,-0.08865343279199081,0.9579734498190166,105,1,0.010414589260737982,1.0469755539175825,0.00797625839121051,0.014470187918689585,0,0,False,
7d4190997bb6316c4f7a1fb9c36c7d74acbe60ba9f6b9ea840d74719424f352e,SQX-SOL-M15-7d4190997bb6,SOL,SHORT,D2,2021-03-11 14:45:00+00:00,2021-10-09 23:30:00+00:00,1.0761896913734943,0.0761896913734943,1.2037683579277785,0.06842218744932858,0.0006802651015490474,-0.1264951163856906,0.9216456468834842,112,1,0.010805937864534718,1.1265019760793384,0.07618969137349331,0.0011757580438917867,0,0,False,
7d4190997bb6316c4f7a1fb9c36c7d74acbe60ba9f6b9ea840d74719424f352e,SQX-SOL-M15-7d4190997bb6,SOL,SHORT,D3,2021-10-09 23:30:00+00:00,2022-05-10 08:15:00+00:00,0.9676880645720628,-0.0323119354279372,0.9222556517591901,-0.02679996038416103,-0.0002937448675267049,-0.2137400941933299,0.9034181234559508,110,1,0.010120128971013106,1.0554284125305549,-0.03231193542793754,0.0005227551133399535,0,0,False,
7d4190997bb6316c4f7a1fb9c36c7d74acbe60ba9f6b9ea840d74719424f352e,SQX-SOL-M15-7d4190997bb6,SOL,SHORT,D4,2022-05-10 08:15:00+00:00,2022-12-08 17:00:00+00:00,1.0289294737820462,0.028929473782046244,1.06147379807891,0.02406866776193801,0.00021429239838552096,-0.1268863187375552,0.882688813100175,135,1,0.010626891995275396,1.3098320457619232,0.02892947378204533,0.0033411411494725426,0,0,False,
7d4190997bb6316c4f7a1fb9c36c7d74acbe60ba9f6b9ea840d74719424f352e,SQX-SOL-M15-7d4190997bb6,SOL,SHORT,D5,2022-12-08 17:00:00+00:00,2023-07-09 01:45:00+00:00,1.1260777259048727,0.12607772590487265,1.1634588678549287,0.0583179278051046,0.0005891482518919311,-0.14093218600856133,0.9564741130242378,214,1,0.011876714373666716,2.3040845559194882,0.12607772590487326,0.008396302765783167,0,0,False,
7d4190997bb6316c4f7a1fb9c36c7d74acbe60ba9f6b9ea840d74719424f352e,SQX-SOL-M15-7d4190997bb6,SOL,SHORT,D6,2023-07-09 01:45:00+00:00,2024-02-06 10:30:00+00:00,1.047864847994321,0.04786484799432089,1.0766627874010637,0.029630535814937187,0.00027351341711040033,-0.17402667785403883,0.8973426475781247,175,1,0.010755657261122967,1.761530376083925,0.04786484799432006,0.004756478928753308,0,0,False,
00e0bfe2a1f1dd3bfcbaa070d3843f96d19daf2340ef821dac19d070153f6315,SQX-SOL-M15-00e0bfe2a1f1,SOL,LONG,D1,2020-08-11 06:00:00+00:00,2021-03-11 14:45:00+00:00,1.0134110389143154,0.013411038914315387,1.035056385423059,0.023860090436239146,0.0001812302555988646,-0.1473649437396617,0.8835146889350582,74,1,0.010220019213350999,0.7226074933738408,0.01341103891431598,0.012354979938504596,0,0,False,
00e0bfe2a1f1dd3bfcbaa070d3843f96d19daf2340ef821dac19d070153f6315,SQX-SOL-M15-00e0bfe2a1f1,SOL,LONG,D2,2021-03-11 14:45:00+00:00,2021-10-09 23:30:00+00:00,1.1659845608438275,0.1659845608438275,1.3849740777368695,0.16411958898224868,0.0017111810396270857,-0.10484599395610648,0.9071707989720095,97,1,0.011755751983534807,0.9666069677532495,0.16598456084382732,0.0011161464593295572,0,0,False,
00e0bfe2a1f1dd3bfcbaa070d3843f96d19daf2340ef821dac19d070153f6315,SQX-SOL-M15-00e0bfe2a1f1,SOL,LONG,D3,2021-10-09 23:30:00+00:00,2022-05-10 08:15:00+00:00,1.124243041658562,0.12424304165856204,1.3283332758151478,0.15396350352664853,0.0015726967298552177,-0.133793523893394,0.9826052212756151,79,1,0.01158850721491745,0.8478781525369661,0.12424304165856219,0.000448496585562291,0,0,False,
00e0bfe2a1f1dd3bfcbaa070d3843f96d19daf2340ef821dac19d070153f6315,SQX-SOL-M15-00e0bfe2a1f1,SOL,LONG,D4,2022-05-10 08:15:00+00:00,2022-12-08 17:00:00+00:00,0.9605775252576887,-0.03942247474231131,0.9038399705272573,-0.04775359317885749,-0.0005256329965641498,-0.1503919037015337,0.9008996211366208,75,1,0.010184533043196218,0.7249004156759347,-0.03942247474231124,0.0017093247466423468,0,0,False,
00e0bfe2a1f1dd3bfcbaa070d3843f96d19daf2340ef821dac19d070153f6315,SQX-SOL-M15-00e0bfe2a1f1,SOL,LONG,D5,2022-12-08 17:00:00+00:00,2023-07-09 01:45:00+00:00,0.9632689033260703,-0.03673109667392971,0.9133764167870321,-0.039051893226865066,-0.00043727496040392634,-0.11105492517336328,0.8997780925213675,84,1,0.01001416301098956,0.795647954877518,-0.03673109667392981,0.004248080674268021,0,0,False,
00e0bfe2a1f1dd3bfcbaa070d3843f96d19daf2340ef821dac19d070153f6315,SQX-SOL-M15-00e0bfe2a1f1,SOL,LONG,D6,2023-07-09 01:45:00+00:00,2024-02-06 10:30:00+00:00,1.1027982508742684,0.10279825087426842,1.3142358250110049,0.1542325249730229,0.0015575492556707225,-0.08161432163776253,0.9960508642333453,66,1,0.01157604235334175,0.7024522819345038,0.10279825087426768,0.0022332172664546023,0,0,False,
d3976d8437afbe41c12fbc5e5a3ce503f9b19f6a970afa0a416b27e174d6a935,SQX-SOL-M15-d3976d8437af,SOL,SHORT,D1,2020-08-11 06:00:00+00:00,2021-03-11 14:45:00+00:00,1.2605941145302666,0.2605941145302666,1.2602275020423142,0.18756374468522832,0.0019447321979870653,-0.1623978486724397,0.9039003710720458,134,1,0.012734493601219848,1.4417261900172227,0.26059411453026676,0.07241607033052688,0,0,False,
d3976d8437afbe41c12fbc5e5a3ce503f9b19f6a970afa0a416b27e174d6a935,SQX-SOL-M15-d3976d8437af,SOL,SHORT,D2,2021-03-11 14:45:00+00:00,2021-10-09 23:30:00+00:00,0.9768462657773023,-0.02315373422269773,0.9750294580370062,-0.0054893919876653294,-0.00018231286789525456,-0.18082303052963702,0.9291704182897232,127,1,0.011229457008250907,1.2810616095081837,-0.023153734222697328,0.0048673851150606295,0,0,False,
d3976d8437afbe41c12fbc5e5a3ce503f9b19f6a970afa0a416b27e174d6a935,SQX-SOL-M15-d3976d8437af,SOL,SHORT,D3,2021-10-09 23:30:00+00:00,2022-05-10 08:15:00+00:00,1.1865589737573865,0.1865589737573865,1.191452530195116,0.1454631669967917,0.0014350690289029718,-0.13322211940475973,0.9734499974879972,130,1,0.012478993249167328,1.4441646871191736,0.18655897375738634,0.001947322283055301,0,0,False,
d3976d8437afbe41c12fbc5e5a3ce503f9b19f6a970afa0a416b27e174d6a935,SQX-SOL-M15-d3976d8437af,SOL,SHORT,D4,2022-05-10 08:15:00+00:00,2022-12-08 17:00:00+00:00,0.9821025775206287,-0.017897422479371317,0.9827774780405165,0.00029628357552580805,-0.00012258508547515132,-0.3745132095565764,0.9008573927845793,146,1,0.011014740931006513,1.4598856092879549,-0.017897422479372094,0.009339350266618739,0,0,False,
d3976d8437afbe41c12fbc5e5a3ce503f9b19f6a970afa0a416b27e174d6a935,SQX-SOL-M15-d3976d8437af,SOL,SHORT,D5,2022-12-08 17:00:00+00:00,2023-07-09 01:45:00+00:00,0.9150066338304685,-0.08499336616953146,0.9010423927994395,-0.06193356800745799,-0.0007082780514127639,-0.3290456415228209,0.7362810316172796,120,1,0.010863222821474169,1.178195324638776,-0.08499336616953167,0.016510691600755564,0,0,False,
d3976d8437afbe41c12fbc5e5a3ce503f9b19f6a970afa0a416b27e174d6a935,SQX-SOL-M15-d3976d8437af,SOL,SHORT,D6,2023-07-09 01:45:00+00:00,2024-02-06 10:30:00+00:00,1.1694859168696403,0.16948591686964032,1.1659228182392403,0.13122275319241603,0.0012743302020273674,-0.23544236773591604,0.9944437288421724,133,1,0.012986473493102186,1.5156642716335103,0.16948591686963987,0.0106551187466527,0,0,False,
75358de402fbb42f5809f05f35ebde00cf935f14bb19192291a65522447f004a,SQX-SOL-M15-75358de402fb,SOL,LONG,D1,2020-08-11 06:00:00+00:00,2021-03-11 14:45:00+00:00,0.9958446066129389,-0.004155393387061057,0.9960651943379394,0.0022611231048864817,-1.6823455008344053e-05,-0.3681701598576354,0.8653268002078507,247,1,0.010721820563542822,2.4080921078505844,-0.004155393387060981,0.0433135800167956,0,0,False,
75358de402fbb42f5809f05f35ebde00cf935f14bb19192291a65522447f004a,SQX-SOL-M15-75358de402fb,SOL,LONG,D2,2021-03-11 14:45:00+00:00,2021-10-09 23:30:00+00:00,1.1258870920246542,0.1258870920246542,1.132667041517204,0.05926785237636938,0.0005882574393675405,-0.11119899068960525,0.9761392918255628,214,1,0.011930442674491892,2.3274610305420733,0.12588709202465367,0.002752192741392179,0,0,False,
75358de402fbb42f5809f05f35ebde00cf935f14bb19192291a65522447f004a,SQX-SOL-M15-75358de402fb,SOL,LONG,D3,2021-10-09 23:30:00+00:00,2022-05-10 08:15:00+00:00,0.8989037816206197,-0.10109621837938032,0.8624211234447731,-0.061491581469313404,-0.0006202221986465018,-0.16003145643935973,0.8888575898219063,163,1,0.010477224234134283,1.5800607140396896,-0.1010962183793798,0.0009329809101385582,0,0,False,
75358de402fbb42f5809f05f35ebde00cf935f14bb19192291a65522447f004a,SQX-SOL-M15-75358de402fb,SOL,LONG,D4,2022-05-10 08:15:00+00:00,2022-12-08 17:00:00+00:00,0.9941651003207577,-0.0058348996792423335,0.993985687007326,0.0012666282686976233,-2.6643377530787196e-05,-0.14193515663365824,0.9076733186528063,219,1,0.01085783376242475,2.2031575696197003,-0.005834899679242396,0.004868639987345991,0,0,False,
75358de402fbb42f5809f05f35ebde00cf935f14bb19192291a65522447f004a,SQX-SOL-M15-75358de402fb,SOL,LONG,D5,2022-12-08 17:00:00+00:00,2023-07-09 01:45:00+00:00,1.087325114803701,0.08732511480370109,1.0877915344018527,0.03946681548850024,0.0003715962332072389,-0.14061691641651278,0.9576481167575409,235,1,0.010983727974180816,2.408582881984567,0.08732511480370114,0.010966264992335387,0,0,False,
75358de402fbb42f5809f05f35ebde00cf935f14bb19192291a65522447f004a,SQX-SOL-M15-75358de402fb,SOL,LONG,D6,2023-07-09 01:45:00+00:00,2024-02-06 10:30:00+00:00,1.126170794607924,0.12617079460792402,1.1313972891954869,0.059427382444813014,0.0005895831523734785,-0.14974771588104768,0.8952817244134373,214,1,0.012224130936814395,2.335785606532384,0.1261707946079244,0.005114599605611909,0,0,False,
21f4dc04a1dcd553e575b66733d8f74fa7cd9311595736f6304d1153c7eb183d,SQX-SOL-M15-21f4dc04a1dc,SOL,LONG,D1,2020-08-11 06:00:00+00:00,2021-03-11 14:45:00+00:00,0.9049916385034076,-0.09500836149659242,0.8287478470663027,-0.10703582311590137,-0.0010920501321447377,-0.25330190371145406,0.8288609819401018,87,1,0.01098676268332979,0.835273760546171,-0.09500836149659218,0.03126462044046342,0,0,False,
21f4dc04a1dcd553e575b66733d8f74fa7cd9311595736f6304d1153c7eb183d,SQX-SOL-M15-21f4dc04a1dc,SOL,LONG,D2,2021-03-11 14:45:00+00:00,2021-10-09 23:30:00+00:00,1.3005376119819587,0.3005376119819587,1.6001982868064955,0.300456936126427,0.0033393067997995384,-0.09788145443503514,0.9838655654082851,90,1,0.013346903684645818,1.0355554938252653,0.30053761198195844,0.0015052881268586733,0,0,False,
21f4dc04a1dcd553e575b66733d8f74fa7cd9311595736f6304d1153c7eb183d,SQX-SOL-M15-21f4dc04a1dc,SOL,LONG,D3,2021-10-09 23:30:00+00:00,2022-05-10 08:15:00+00:00,1.0221150925873999,0.022115092587399854,1.03622820396322,0.0291791007249916,0.00021896131274652778,-0.1336993523789779,0.9834232714842919,101,1,0.010944691862021768,1.0559460292522092,0.022115092587399306,0.0008651827165430392,0,0,False,
21f4dc04a1dcd553e575b66733d8f74fa7cd9311595736f6304d1153c7eb183d,SQX-SOL-M15-21f4dc04a1dc,SOL,LONG,D4,2022-05-10 08:15:00+00:00,2022-12-08 17:00:00+00:00,1.0987857090325523,0.09878570903255235,1.1783842635338648,0.10596047936256414,0.0010290178024224149,-0.17039472698399108,0.8681126682348375,96,1,0.011383878027623211,1.0016017133180248,0.09878570903255182,0.003347220217195454,0,0,False,
21f4dc04a1dcd553e575b66733d8f74fa7cd9311595736f6304d1153c7eb183d,SQX-SOL-M15-21f4dc04a1dc,SOL,LONG,D5,2022-12-08 17:00:00+00:00,2023-07-09 01:45:00+00:00,0.925136659917352,-0.07486334008264806,0.8728385936411146,-0.06916694083544461,-0.0007339543145357632,-0.15371372918956608,0.8776261615927501,102,1,0.010265567180339169,0.9723772102767273,-0.07486334008264785,0.0072372742478819425,0,0,False,
21f4dc04a1dcd553e575b66733d8f74fa7cd9311595736f6304d1153c7eb183d,SQX-SOL-M15-21f4dc04a1dc,SOL,LONG,D6,2023-07-09 01:45:00+00:00,2024-02-06 10:30:00+00:00,1.2049026546627086,0.20490265466270863,1.470719377620501,0.24415043291542685,0.002593704489401383,-0.11522822447598319,0.9977261563392857,79,1,0.012171069167702454,0.8804868067599658,0.20490265466270927,0.0036178622451625703,0,0,False,
5792708632d0c2f851c6096a84f9e680b538fc0725a93044454681ed54541d85,SQX-SOL-M15-5792708632d0,SOL,SHORT,D1,2020-08-11 06:00:00+00:00,2021-03-11 14:45:00+00:00,1.0167264255586999,0.016726425558699853,1.0179488172207705,0.018863491587713783,0.00011225788965569715,-0.22070513655990937,0.9096867967071056,149,1,0.011855306450630454,1.5535624741875889,0.016726425558698875,0.032120408096067775,0,0,False,
5792708632d0c2f851c6096a84f9e680b538fc0725a93044454681ed54541d85,SQX-SOL-M15-5792708632d0,SOL,SHORT,D2,2021-03-11 14:45:00+00:00,2021-10-09 23:30:00+00:00,0.8044638134342689,-0.19553618656573113,0.7127787796569595,-0.16987889659432276,-0.00158972509403033,-0.248191052787186,0.759404605398393,123,1,0.01,1.0263224444277148,-0.19553618656573057,0.002707710953717495,0,0,False,
5792708632d0c2f851c6096a84f9e680b538fc0725a93044454681ed54541d85,SQX-SOL-M15-5792708632d0,SOL,SHORT,D3,2021-10-09 23:30:00+00:00,2022-05-10 08:15:00+00:00,1.0063256715497222,0.006325671549722189,1.0082169353955643,0.012022434318460111,4.7561440223480276e-05,-0.13437682463992387,0.9590875706807931,133,1,0.010697041912675502,1.3446908152852095,0.006325671549722876,0.0009444782951316608,0,0,False,
5792708632d0c2f851c6096a84f9e680b538fc0725a93044454681ed54541d85,SQX-SOL-M15-5792708632d0,SOL,SHORT,D4,2022-05-10 08:15:00+00:00,2022-12-08 17:00:00+00:00,1.2356812561858568,0.23568125618585678,1.3315760017102989,0.1759166883349847,0.0018704861602052117,-0.16115780741984012,0.9952945318231993,126,1,0.012455602087795215,1.3716439076187663,0.23568125618585667,0.004615161383499438,0,0,False,
5792708632d0c2f851c6096a84f9e680b538fc0725a93044454681ed54541d85,SQX-SOL-M15-5792708632d0,SOL,SHORT,D5,2022-12-08 17:00:00+00:00,2023-07-09 01:45:00+00:00,1.06403810263697,0.06403810263697007,1.0751057353315765,0.052313556213871126,0.0004607057743666934,-0.150053333847845,0.9555699449758871,139,1,0.012270005910827662,1.4918017263835033,0.06403810263697038,0.010236713778100604,0,0,False,
5792708632d0c2f851c6096a84f9e680b538fc0725a93044454681ed54541d85,SQX-SOL-M15-5792708632d0,SOL,SHORT,D6,2023-07-09 01:45:00+00:00,2024-02-06 10:30:00+00:00,1.0763154783997113,0.07631547839971131,1.0888320251571773,0.06035598397279215,0.0005451105599979371,-0.1595164061385174,0.9487644717976571,140,1,0.011439803680786391,1.4835376054002587,0.0763154783997112,0.005886926915276017,0,0,False,
6b930ff65c63a03d709f199b926ed8d0011e0483a310abe21cc229cc13033c05,SQX-SOL-M15-6b930ff65c63,SOL,SHORT,D1,2020-08-11 06:00:00+00:00,2021-03-11 14:45:00+00:00,0.8137499828491043,-0.18625001715089573,0.7853898818638259,-0.13354942579429022,-0.0012670069193938516,-0.23886289147276524,0.7947125764680684,147,1,0.010333134955834279,1.348935942481819,-0.1862500171508962,0.0581011752370898,0,0,False,
6b930ff65c63a03d709f199b926ed8d0011e0483a310abe21cc229cc13033c05,SQX-SOL-M15-6b930ff65c63,SOL,SHORT,D2,2021-03-11 14:45:00+00:00,2021-10-09 23:30:00+00:00,1.2053212448688722,0.20532124486887215,1.331822324347955,0.16380019438489524,0.0017253886123434615,-0.07986776566176015,0.9294917827705927,119,1,0.01213162920313842,1.2442214180685378,0.20532124486887193,0.003111062474969256,0,0,False,
6b930ff65c63a03d709f199b926ed8d0011e0483a310abe21cc229cc13033c05,SQX-SOL-M15-6b930ff65c63,SOL,SHORT,D3,2021-10-09 23:30:00+00:00,2022-05-10 08:15:00+00:00,1.2133527110391915,0.2133527110391915,1.3561252087179108,0.18601554873599813,0.001975488065177697,-0.5753636628288675,0.9115299598991592,108,1,0.012256266897073547,1.2081122741861734,0.2133527110391913,0.0013757602956119622,0,0,False,
6b930ff65c63a03d709f199b926ed8d0011e0483a310abe21cc229cc13033c05,SQX-SOL-M15-6b930ff65c63,SOL,SHORT,D4,2022-05-10 08:15:00+00:00,2022-12-08 17:00:00+00:00,0.9998665815682535,-0.00013341843174652368,0.9998374076209121,0.006592449419322149,-1.0031461033481386e-06,-0.17989709143815144,0.970562651203677,133,1,0.011919078277021692,1.4308675632203776,-0.00013341843174530243,0.009592662075292368,0,0,False,
6b930ff65c63a03d709f199b926ed8d0011e0483a310abe21cc229cc13033c05,SQX-SOL-M15-6b930ff65c63,SOL,SHORT,D5,2022-12-08 17:00:00+00:00,2023-07-09 01:45:00+00:00,0.9806889669596565,-0.01931103304034354,0.9766295544552492,-0.008421340464924387,-0.0001496979305452994,-0.1851460216787001,0.9842500236305206,129,1,0.01195710283499822,1.4220413321133185,-0.019311033040343623,0.01840919343713024,0,0,False,
6b930ff65c63a03d709f199b926ed8d0011e0483a310abe21cc229cc13033c05,SQX-SOL-M15-6b930ff65c63,SOL,SHORT,D6,2023-07-09 01:45:00+00:00,2024-02-06 10:30:00+00:00,1.126042504565447,0.12604250456544697,1.172703574962834,0.101018236055514,0.0010003373378210038,-0.14130657075754002,0.9537177485541661,126,1,0.01200921790238527,1.3712785523084365,0.1260425045654465,0.006031852928794925,0,0,False,
b86a6252b3af085b502fc61a3637945d8a55110769e3958208c79b460dab6e01,SQX-SOL-M15-b86a6252b3af,SOL,SHORT,D1,2020-08-11 06:00:00+00:00,2021-03-11 14:45:00+00:00,0.6307592221233891,-0.3692407778766109,0.7070594535305493,-0.18543114603307245,-0.0015385032411525468,-0.4525654460012567,0.5946807107833499,240,1,0.010749032288669356,1.8888971563277555,-0.36924077787661125,0.09156911821814379,0,0,False,
b86a6252b3af085b502fc61a3637945d8a55110769e3958208c79b460dab6e01,SQX-SOL-M15-b86a6252b3af,SOL,SHORT,D2,2021-03-11 14:45:00+00:00,2021-10-09 23:30:00+00:00,0.934230819595204,-0.06576918040479596,0.9367040253268655,-0.027377558650929053,-0.00032720985276017814,-0.24858890925052937,0.7851731167262067,201,1,0.010028348759793507,1.8011685919195932,-0.0657691804047958,0.006697793304390305,0,0,False,
b86a6252b3af085b502fc61a3637945d8a55110769e3958208c79b460dab6e01,SQX-SOL-M15-b86a6252b3af,SOL,SHORT,D3,2021-10-09 23:30:00+00:00,2022-05-10 08:15:00+00:00,1.05965661098407,0.059656610984069935,1.0492106091276265,0.03537988469266157,0.0002953297573468748,-0.23635730304023067,0.974269468362777,202,1,0.011913595327827653,2.1682326576300732,0.059656610984068714,0.0027339798063378343,0,0,False,
b86a6252b3af085b502fc61a3637945d8a55110769e3958208c79b460dab6e01,SQX-SOL-M15-b86a6252b3af,SOL,SHORT,D4,2022-05-10 08:15:00+00:00,2022-12-08 17:00:00+00:00,1.3251692199290022,0.32516921992900216,1.3847957962420026,0.18854714780800727,0.002097865935025817,-0.09128583780776715,0.9714111028711016,155,1,0.013352590792902772,1.730987906755622,0.32516921992900166,0.00680390005635019,0,0,False,
b86a6252b3af085b502fc61a3637945d8a55110769e3958208c79b460dab6e01,SQX-SOL-M15-b86a6252b3af,SOL,SHORT,D5,2022-12-08 17:00:00+00:00,2023-07-09 01:45:00+00:00,1.3453928838377505,0.34539288383775046,1.5828931389280163,0.2626630977290627,0.002977524860670262,-0.10738456883244507,0.9766109337505854,116,1,0.013590985958389435,1.3180834017865932,0.3453928838377504,0.010192159233725793,0,0,False,
b86a6252b3af085b502fc61a3637945d8a55110769e3958208c79b460dab6e01,SQX-SOL-M15-b86a6252b3af,SOL,SHORT,D6,2023-07-09 01:45:00+00:00,2024-02-06 10:30:00+00:00,1.132160560145132,0.1321605601451319,1.162029267642732,0.09670542776654048,0.0009576852184429916,-0.2316565639056018,1.0,138,1,0.012253320814232282,1.5352883372955883,0.13216056014513283,0.006348723585836335,0,0,False,
84bb64be7baf2497f93625f39c0cbd04e02b58b9ea1bd657972971abf270f662,SQX-SOL-M15-84bb64be7baf,SOL,SHORT,D1,2020-08-11 06:00:00+00:00,2021-03-11 14:45:00+00:00,0.7642399163387051,-0.23576008366129486,0.8947470385474713,-0.04630728845964746,-0.0004542583500217648,-0.4279894487278956,0.6447943561900988,519,1,0.010680568302503465,4.50633619918237,-0.23576008366129594,0.08452826429966079,0,0,False,
84bb64be7baf2497f93625f39c0cbd04e02b58b9ea1bd657972971abf270f662,SQX-SOL-M15-84bb64be7baf,SOL,SHORT,D2,2021-03-11 14:45:00+00:00,2021-10-09 23:30:00+00:00,0.9987170406853244,-0.0012829593146755913,0.9993473210435648,0.00474469196097687,-2.832139767500045e-06,-0.2157389170711807,0.8486452148300299,453,1,0.011526528406070755,4.419042424479075,-0.0012829593146775203,0.005208179374139471,0,0,False,
84bb64be7baf2497f93625f39c0cbd04e02b58b9ea1bd657972971abf270f662,SQX-SOL-M15-84bb64be7baf,SOL,SHORT,D3,2021-10-09 23:30:00+00:00,2022-05-10 08:15:00+00:00,1.5271539587081717,0.5271539587081717,1.209205065911412,0.09381443106036859,0.0011028325495986834,-0.11356885182070772,0.9700448957012804,478,1,0.015425886888031932,6.167134791171621,0.5271539587081706,0.002893140435698995,0,0,False,
84bb64be7baf2497f93625f39c0cbd04e02b58b9ea1bd657972971abf270f662,SQX-SOL-M15-84bb64be7baf,SOL,SHORT,D4,2022-05-10 08:15:00+00:00,2022-12-08 17:00:00+00:00,1.239227025299815,0.239227025299815,1.1256570048149146,0.052371326419868656,0.0005280949785867883,-0.159470942272803,0.8987574029624471,453,1,0.012650786271964563,4.658325161237237,0.23922702529981513,0.008583529139348211,0,0,False,
84bb64be7baf2497f93625f39c0cbd04e02b58b9ea1bd657972971abf270f662,SQX-SOL-M15-84bb64be7baf,SOL,SHORT,D5,2022-12-08 17:00:00+00:00,2023-07-09 01:45:00+00:00,1.177400765688707,0.1774007656887071,1.1073084734130318,0.04697591071474671,0.00045839991134032803,-0.16240256202074338,0.8691783750776682,387,1,0.012888168021551478,4.124634160953221,0.17740076568870694,0.014937642940807442,0,0,False,
84bb64be7baf2497f93625f39c0cbd04e02b58b9ea1bd657972971abf270f662,SQX-SOL-M15-84bb64be7baf,SOL,SHORT,D6,2023-07-09 01:45:00+00:00,2024-02-06 10:30:00+00:00,0.9152489621300317,-0.0847510378699683,0.9479053414983069,-0.01931960660571466,-0.0002303017333423053,-0.240787582885427,0.9054297629126401,368,1,0.01180644849517758,3.7953851478409293,-0.08475103786996835,0.009243389869870718,0,0,False,
346bf7620baf50a15a618577916af987c001df4739332f99b00c47b6699f233f,SQX-SOL-M15-346bf7620baf,SOL,LONG,D1,2020-08-11 06:00:00+00:00,2021-03-11 14:45:00+00:00,0.9311794002913302,-0.06882059970866983,0.5763811401770559,-0.38304728870804805,-0.0038233666504816585,-0.1319933628857667,0.9223299783320272,18,1,0.010498796955028382,0.18120396597535468,-0.06882059970866986,0.021963938906350643,0,0,False,
346bf7620baf50a15a618577916af987c001df4739332f99b00c47b6699f233f,SQX-SOL-M15-346bf7620baf,SOL,LONG,D2,2021-03-11 14:45:00+00:00,2021-10-09 23:30:00+00:00,1.093920874346164,0.09392087434616392,1.8420848398031913,0.5515722984156554,0.005524757314480224,-0.06334187728625257,0.975362324247692,17,1,0.011435572565706431,0.17979516648590457,0.09392087434616381,0.0007628443884698001,0,0,False,
346bf7620baf50a15a618577916af987c001df4739332f99b00c47b6699f233f,SQX-SOL-M15-346bf7620baf,SOL,LONG,D3,2021-10-09 23:30:00+00:00,2022-05-10 08:15:00+00:00,1.035883690629788,0.03588369062978791,1.287289481763846,0.2170576691328278,0.0019935383683215404,-0.18405020787634604,0.8982437791193784,18,1,0.010061988337210294,0.1722461937840537,0.035883690629787725,0.0003440924811439986,0,0,False,
346bf7620baf50a15a618577916af987c001df4739332f99b00c47b6699f233f,SQX-SOL-M15-346bf7620baf,SOL,LONG,D4,2022-05-10 08:15:00+00:00,2022-12-08 17:00:00+00:00,1.1525864441121363,0.1525864441121363,2.470740761524746,0.9808841634753641,0.010172429607475749,-0.04163636826891793,1.0,15,1,0.011892873861372067,0.16551042334864607,0.15258644411213623,0.002514058710169997,0,0,False,
346bf7620baf50a15a618577916af987c001df4739332f99b00c47b6699f233f,SQX-SOL-M15-346bf7620baf,SOL,LONG,D5,2022-12-08 17:00:00+00:00,2023-07-09 01:45:00+00:00,1.096512008811217,0.09651200881121702,1.5858578688960974,0.388221485247004,0.0038604803524486865,-0.2412012128500294,0.8922203795516859,25,1,0.011547239817080047,0.2651119009045043,0.09651200881121716,0.004000087313753606,0,0,False,
346bf7620baf50a15a618577916af987c001df4739332f99b00c47b6699f233f,SQX-SOL-M15-346bf7620baf,SOL,LONG,D6,2023-07-09 01:45:00+00:00,2024-02-06 10:30:00+00:00,1.0618554273973533,0.06185542739735328,1.8046524625448974,0.5231307950136185,0.005154618949779423,-0.046490699418894416,1.0,12,1,0.010894530363435384,0.12742557120713688,0.06185542739735308,0.0015899079053150016,0,0,False,
80b4cfb093e1c1bd04cab2491f3f173013f65c0fb39f8098f93418fc495b84c5,SQX-SOL-M15-80b4cfb093e1,SOL,LONG,D1,2020-08-11 06:00:00+00:00,2021-03-11 14:45:00+00:00,1.0066521565213058,0.0066521565213057965,1.008986016658791,0.012137656050688651,4.96429591142278e-05,-0.13379799118507169,0.9076446278389502,134,1,0.010600379410925882,1.3117892035096719,0.006652156521306525,0.026126802313339192,0,0,False,
80b4cfb093e1c1bd04cab2491f3f173013f65c0fb39f8098f93418fc495b84c5,SQX-SOL-M15-80b4cfb093e1,SOL,LONG,D2,2021-03-11 14:45:00+00:00,2021-10-09 23:30:00+00:00,1.1754508609349035,0.17545086093490347,1.2641514562808076,0.13143856423557485,0.0013496220071915685,-0.11495132605171728,0.9718174435722073,130,1,0.01198496188314568,1.3563365074669806,0.17545086093490392,0.0019446684593894016,0,0,False,
80b4cfb093e1c1bd04cab2491f3f173013f65c0fb39f8098f93418fc495b84c5,SQX-SOL-M15-80b4cfb093e1,SOL,LONG,D3,2021-10-09 23:30:00+00:00,2022-05-10 08:15:00+00:00,1.1143476000961088,0.11434760009610878,1.162776341702579,0.09153126605822509,0.0008933406257508497,-0.14920031682990328,0.9884432400863346,128,1,0.011837502160810124,1.3840693371265629,0.11434760009610877,0.0008611907023405238,0,0,False,
80b4cfb093e1c1bd04cab2491f3f173013f65c0fb39f8098f93418fc495b84c5,SQX-SOL-M15-80b4cfb093e1,SOL,LONG,D4,2022-05-10 08:15:00+00:00,2022-12-08 17:00:00+00:00,0.7787962266262655,-0.22120377337373454,0.6871451413735734,-0.18875455474717687,-0.0017281544794823078,-0.2624164605155723,0.7495696899222715,128,1,0.010058207345193639,1.1038860240286565,-0.2212037733737354,0.0032692153918757036,0,0,False,
80b4cfb093e1c1bd04cab2491f3f173013f65c0fb39f8098f93418fc495b84c5,SQX-SOL-M15-80b4cfb093e1,SOL,LONG,D5,2022-12-08 17:00:00+00:00,2023-07-09 01:45:00+00:00,0.9109581497730921,-0.08904185022690791,0.8399362192881618,-0.08077750934795264,-0.0008321668245505449,-0.1918201316016145,0.8385908948619337,107,1,0.010272066159997045,0.9780379969495959,-0.0890418502269083,0.005209397647109043,0,0,False,
80b4cfb093e1c1bd04cab2491f3f173013f65c0fb39f8098f93418fc495b84c5,SQX-SOL-M15-80b4cfb093e1,SOL,LONG,D6,2023-07-09 01:45:00+00:00,2024-02-06 10:30:00+00:00,1.27820356284491,0.27820356284491,1.569883546295905,0.25520648808633833,0.002810136998433435,-0.0655539660182383,0.9939499030215821,99,1,0.01296602111265199,1.1227832107803175,0.27820356284491005,0.0026047724180991595,0,0,False,
c825047fb39be48e163e73f967d55f3df6793429f367d6404c19a8142ae9dbb5,SQX-SOL-M15-c825047fb39b,SOL,SHORT,D1,2020-08-11 06:00:00+00:00,2021-03-11 14:45:00+00:00,0.8939486266114084,-0.10605137338859161,0.9535513013500904,-0.014165566157868103,-0.00015923629637926517,-0.42650520734560454,0.8298597727356846,666,1,0.010976407691067726,6.526599776482634,-0.1060513733885906,0.07795152509776819,0,0,False,
c825047fb39be48e163e73f967d55f3df6793429f367d6404c19a8142ae9dbb5,SQX-SOL-M15-c825047fb39b,SOL,SHORT,D2,2021-03-11 14:45:00+00:00,2021-10-09 23:30:00+00:00,0.8546932390967006,-0.14530676090329941,0.9321135055403598,-0.021579009317575584,-0.0002242388285544744,-0.25221438699660714,0.8006942552205327,648,1,0.010571493577257294,6.061771703948618,-0.14530676090329941,0.005813714537644959,0,0,False,
c825047fb39be48e163e73f967d55f3df6793429f367d6404c19a8142ae9dbb5,SQX-SOL-M15-c825047fb39b,SOL,SHORT,D3,2021-10-09 23:30:00+00:00,2022-05-10 08:15:00+00:00,1.46128038577795,0.46128038577794994,1.1961234309266415,0.06279794315425237,0.0007333551443210651,-0.2606419948842753,0.9858596172022687,629,1,0.014760492951221596,7.7505700327838785,0.46128038577794994,0.002477242462469763,0,0,False,
c825047fb39be48e163e73f967d55f3df6793429f367d6404c19a8142ae9dbb5,SQX-SOL-M15-c825047fb39b,SOL,SHORT,D4,2022-05-10 08:15:00+00:00,2022-12-08 17:00:00+00:00,1.0007983911420624,0.0007983911420623713,1.0003932035825627,0.0027377211937912923,1.3601211960137202e-06,-0.13408253172999837,0.9350356803308222,587,1,0.011086096171864686,6.022513426985093,0.0007983911420600537,0.009781463851663326,0,0,False,
c825047fb39be48e163e73f967d55f3df6793429f367d6404c19a8142ae9dbb5,SQX-SOL-M15-c825047fb39b,SOL,SHORT,D5,2022-12-08 17:00:00+00:00,2023-07-09 01:45:00+00:00,1.1227457828252971,0.12274578282529713,1.077251868822875,0.02560226704596718,0.00024598353271603255,-0.2020013755880488,0.8972652989192994,499,1,0.011661501587448006,5.157584294347574,0.12274578282530024,0.013590853527623455,0,0,False,
c825047fb39be48e163e73f967d55f3df6793429f367d6404c19a8142ae9dbb5,SQX-SOL-M15-c825047fb39b,SOL,SHORT,D6,2023-07-09 01:45:00+00:00,2024-02-06 10:30:00+00:00,1.023801495182934,0.02380149518293395,1.01304910447568,0.0070039649527538494,4.5078589361619e-05,-0.15069329670492856,0.9789796487592983,528,1,0.011425735987135168,5.528572118243573,0.023801495182934833,0.009088497053053916,0,0,False,
ad1635e53f1c6d12edcade0e291cc1279d72c470990e9805df9525bd6d98e8a0,SQX-SOL-M15-ad1635e53f1c,SOL,LONG,D1,2020-08-11 06:00:00+00:00,2021-03-11 14:45:00+00:00,0.9457817266417122,-0.05421827335828777,0.963387653908149,-0.012861234510197167,-0.0001957338388385827,-0.21597138537502866,0.804489801300552,277,1,0.01015793393939394,2.5282940017248583,-0.05421827335828741,0.06217073722863594,0,0,False,
ad1635e53f1c6d12edcade0e291cc1279d72c470990e9805df9525bd6d98e8a0,SQX-SOL-M15-ad1635e53f1c,SOL,LONG,D2,2021-03-11 14:45:00+00:00,2021-10-09 23:30:00+00:00,1.3208338856876365,0.3208338856876365,1.199885290644342,0.09981585349065394,0.0010730230290556398,-0.2992015019923639,0.8656377872063213,299,1,0.013401082641455203,3.2807738005995075,0.3208338856876363,0.0041900731219412235,0,0,False,
ad1635e53f1c6d12edcade0e291cc1279d72c470990e9805df9525bd6d98e8a0,SQX-SOL-M15-ad1635e53f1c,SOL,LONG,D3,2021-10-09 23:30:00+00:00,2022-05-10 08:15:00+00:00,0.9898565558377228,-0.010143444162277193,0.9930840692226176,0.0028480428628802584,-3.7568311712137856e-05,-0.12716724582871575,0.9375416666398354,270,1,0.011198326399144334,2.7368378331818217,-0.010143444162277221,0.0017525064938588644,0,0,False,
ad1635e53f1c6d12edcade0e291cc1279d72c470990e9805df9525bd6d98e8a0,SQX-SOL-M15-ad1635e53f1c,SOL,LONG,D4,2022-05-10 08:15:00+00:00,2022-12-08 17:00:00+00:00,0.8398136007622079,-0.1601863992377921,0.898914691217734,-0.05274006133279079,-0.0005448516980877282,-0.2523056097568887,0.7975591864068008,294,1,0.010561083909750822,2.771920910857622,-0.1601863992377921,0.007877798719916408,0,0,False,
ad1635e53f1c6d12edcade0e291cc1279d72c470990e9805df9525bd6d98e8a0,SQX-SOL-M15-ad1635e53f1c,SOL,LONG,D5,2022-12-08 17:00:00+00:00,2023-07-09 01:45:00+00:00,1.0296194691093397,0.029619469109339658,1.0214481926951797,0.017310389908256545,0.00010889510701963054,-0.28652318510733926,0.7695211975921573,272,1,0.010678193257275122,2.6243017357615606,0.029619469109339505,0.01444083597949806,0,0,False,
ad1635e53f1c6d12edcade0e291cc1279d72c470990e9805df9525bd6d98e8a0,SQX-SOL-M15-ad1635e53f1c,SOL,LONG,D6,2023-07-09 01:45:00+00:00,2024-02-06 10:30:00+00:00,1.1334722948153455,0.1334722948153455,1.0926368128310298,0.05349257222770119,0.0004998962352634651,-0.14297585220126013,0.893757130886549,267,1,0.01240343637539007,2.82746238662652,0.13347229481534517,0.00877024930042408,0,0,False,
bdc416f9bea7963e54610747ac01e35111455363c09f8524b77b2778b2f82bf6,SQX-SOL-M15-bdc416f9bea7,SOL,LONG,D1,2020-08-11 06:00:00+00:00,2021-03-11 14:45:00+00:00,1.0174959250558426,0.01749592505584263,1.0733770539714949,0.03306184489808114,0.000296541102641406,-0.13295270141453341,0.9278623892714959,59,1,0.010584765050427882,0.5922763352723368,0.017495925055842954,0.016321047454001147,0,0,False,
bdc416f9bea7963e54610747ac01e35111455363c09f8524b77b2778b2f82bf6,SQX-SOL-M15-bdc416f9bea7,SOL,LONG,D2,2021-03-11 14:45:00+00:00,2021-10-09 23:30:00+00:00,1.1342094478829814,0.1342094478829814,1.8345473930968608,0.24556305721238825,0.002580950920826555,-0.04291328733498239,0.998578099839662,52,1,0.011456750959599691,0.559584456628746,0.13420944788298086,0.0008567710291945696,0,0,False,
bdc416f9bea7963e54610747ac01e35111455363c09f8524b77b2778b2f82bf6,SQX-SOL-M15-bdc416f9bea7,SOL,LONG,D3,2021-10-09 23:30:00+00:00,2022-05-10 08:15:00+00:00,1.0566084107970246,0.05660841079702461,1.1614180599881896,0.0669402678790203,0.0006506713884715448,-0.07296675478987101,0.9917419005223729,87,1,0.010879830269143713,0.8967645408800192,0.056608410797024396,0.0005957621389609431,0,0,False,
bdc416f9bea7963e54610747ac01e35111455363c09f8524b77b2778b2f82bf6,SQX-SOL-M15-bdc416f9bea7,SOL,LONG,D4,2022-05-10 08:15:00+00:00,2022-12-08 17:00:00+00:00,1.024563903802849,0.024563903802848897,1.066848678720334,0.030555467815032846,0.000272932264476102,-0.1336745573444388,0.9747885352650483,90,1,0.010731985129443096,0.9144531830444341,0.024563903802849184,0.0025680888616383037,0,0,False,
bdc416f9bea7963e54610747ac01e35111455363c09f8524b77b2778b2f82bf6,SQX-SOL-M15-bdc416f9bea7,SOL,LONG,D5,2022-12-08 17:00:00+00:00,2023-07-09 01:45:00+00:00,0.8642127838620492,-0.13578721613795075,0.6890588310934589,-0.15644588575161733,-0.0014921672103071525,-0.16629641158612024,0.8579411738255027,91,1,0.010186410234856298,0.8465316216868374,-0.1357872161379509,0.006803932177544499,0,0,False,
bdc416f9bea7963e54610747ac01e35111455363c09f8524b77b2778b2f82bf6,SQX-SOL-M15-bdc416f9bea7,SOL,LONG,D6,2023-07-09 01:45:00+00:00,2024-02-06 10:30:00+00:00,1.0601123505486139,0.06011235054861386,1.273486081869533,0.10077443704599515,0.0010018725091435646,-0.09919015103888058,0.9897631009772487,60,1,0.010593073534246315,0.6138757416003877,0.06011235054861388,0.0024773768628215745,0,0,False,
85541a204629a95e95079311fab8ee85f569a39080cdaa8653c8a048e2aca975,SQX-SOL-M15-85541a204629,SOL,SHORT,D1,2020-08-11 06:00:00+00:00,2021-03-11 14:45:00+00:00,0.8338276043294524,-0.16617239567054765,0.7335902113948282,-0.19738511473667952,-0.001910027536443077,-0.9296960237787868,0.08523588604162435,87,1,0.010314261145087407,0.7871176021528266,-0.1661723956705477,0.03978986822281037,0,0,False,
85541a204629a95e95079311fab8ee85f569a39080cdaa8653c8a048e2aca975,SQX-SOL-M15-85541a204629,SOL,SHORT,D2,2021-03-11 14:45:00+00:00,2021-10-09 23:30:00+00:00,1.1593736738590676,0.15937367385906764,1.279450557852175,0.21110671465636183,0.0021249823181209147,-0.13393093411935184,0.9964535454531784,75,1,0.012641410494499484,0.8779945405637026,0.15937367385906862,0.0024102112275640585,0,0,False,
85541a204629a95e95079311fab8ee85f569a39080cdaa8653c8a048e2aca975,SQX-SOL-M15-85541a204629,SOL,SHORT,D3,2021-10-09 23:30:00+00:00,2022-05-10 08:15:00+00:00,0.8233913880429559,-0.17660861195704414,0.673097522753185,-0.2389222294156216,-0.002264212973808252,-0.21680177739022513,0.8089661733020789,78,1,0.010226640674662857,0.7157297359607346,-0.17660861195704367,0.0011501407737554824,0,0,False,
85541a204629a95e95079311fab8ee85f569a39080cdaa8653c8a048e2aca975,SQX-SOL-M15-85541a204629,SOL,SHORT,D4,2022-05-10 08:15:00+00:00,2022-12-08 17:00:00+00:00,0.9973650613618753,-0.0026349386381246953,0.9953758766418731,0.008836812335716959,-3.2936732976553054e-05,-0.08919316662693204,0.969832107586802,80,1,0.010940092677879685,0.8281642161486875,-0.0026349386381242443,0.005425421059213091,0,0,False,
85541a204629a95e95079311fab8ee85f569a39080cdaa8653c8a048e2aca975,SQX-SOL-M15-85541a204629,SOL,SHORT,D5,2022-12-08 17:00:00+00:00,2023-07-09 01:45:00+00:00,1.251979399884444,0.25197939988444396,1.6121842451058952,0.3833327547238026,0.00413080983417122,-0.06364791457446627,0.9913822662981865,61,1,0.01246403430223783,0.6958652819955122,0.2519793998844444,0.007604175124391932,0,0,False,
85541a204629a95e95079311fab8ee85f569a39080cdaa8653c8a048e2aca975,SQX-SOL-M15-85541a204629,SOL,SHORT,D6,2023-07-09 01:45:00+00:00,2024-02-06 10:30:00+00:00,1.1281234566176535,0.12812345661765345,1.256978674158147,0.18103284580548878,0.0017794924530229643,-0.08717724499814093,0.981807077326276,72,1,0.011324563788950222,0.7775951273927935,0.12812345661765343,0.005229398491352769,0,0,False,
d238cde440ab64cf0e4140dec063b145c8847447e42fa0f66d3cd968721e509b,SQX-SOL-M15-d238cde440ab,SOL,LONG,D1,2020-08-11 06:00:00+00:00,2021-03-11 14:45:00+00:00,0.8901073473127954,-0.1098926526872046,0.7577770430364639,-0.11599864668733997,-0.0011329139452289105,-0.35875282720338364,0.853394059105936,97,1,0.010078596452889945,0.9079157395778279,-0.10989265268720431,0.01736498553313838,0,0,False,
d238cde440ab64cf0e4140dec063b145c8847447e42fa0f66d3cd968721e509b,SQX-SOL-M15-d238cde440ab,SOL,LONG,D2,2021-03-11 14:45:00+00:00,2021-10-09 23:30:00+00:00,1.0261038171843209,0.026103817184320866,1.069881501352711,0.033210472505560897,0.000296634286185456,-0.08171857515900584,0.9603012166428416,88,1,0.010535470872286292,0.8814318592829502,0.02610381718432013,0.0011449840662629846,0,0,False,
d238cde440ab64cf0e4140dec063b145c8847447e42fa0f66d3cd968721e509b,SQX-SOL-M15-d238cde440ab,SOL,LONG,D3,2021-10-09 23:30:00+00:00,2022-05-10 08:15:00+00:00,1.010015235092637,0.01001523509263702,1.0286250149215772,0.01604906906880847,0.0001236448776868841,-0.07332790918432414,0.9816018184606816,81,1,0.010831596342936433,0.8391960528625271,0.010015235092637612,0.0004444917573033329,0,0,False,
d238cde440ab64cf0e4140dec063b145c8847447e42fa0f66d3cd968721e509b,SQX-SOL-M15-d238cde440ab,SOL,LONG,D4,2022-05-10 08:15:00+00:00,2022-12-08 17:00:00+00:00,0.9868519681051291,-0.013148031894870904,0.970572513424503,-0.008842713858165447,-0.00012765079509583134,-0.24578055883807018,0.8610662105881194,103,1,0.01015247481264001,0.990442030784092,-0.013148031894870627,0.0020440353782802782,0,0,False,
d238cde440ab64cf0e4140dec063b145c8847447e42fa0f66d3cd968721e509b,SQX-SOL-M15-d238cde440ab,SOL,LONG,D5,2022-12-08 17:00:00+00:00,2023-07-09 01:45:00+00:00,1.0077796147407352,0.007779614740735186,1.0176663619046842,0.011857033705447849,7.93838238850527e-05,-0.12025988421433956,0.9722095600500683,98,1,0.010941020557009126,1.0106278726435631,0.007779614740735165,0.004786596405440267,0,0,False,
d238cde440ab64cf0e4140dec063b145c8847447e42fa0f66d3cd968721e509b,SQX-SOL-M15-d238cde440ab,SOL,LONG,D6,2023-07-09 01:45:00+00:00,2024-02-06 10:30:00+00:00,1.144210877237181,0.14421087723718107,1.4055412734317865,0.15182844758625932,0.0015847349146943049,-0.05692862762174485,0.9778496607538874,91,1,0.011607019049003334,0.9912108635947428,0.14421087723718173,0.0013534863991419375,0,0,False,
f4096f4ace3430b4298159a3a1a9b8520501fea36b4bbf781f414f54318e5eef,SQX-SOL-M15-f4096f4ace34,SOL,SHORT,D1,2020-08-11 06:00:00+00:00,2021-03-11 14:45:00+00:00,1.1578944417258117,0.15789444172581169,1.2116671303668922,0.12342444129837818,0.0012432633206756738,-0.08017857438353211,0.9485938326093735,127,1,0.01169657563459567,1.3411218117373374,0.15789444172581057,0.03518868149848768,0,0,False,
f4096f4ace3430b4298159a3a1a9b8520501fea36b4bbf781f414f54318e5eef,SQX-SOL-M15-f4096f4ace34,SOL,SHORT,D2,2021-03-11 14:45:00+00:00,2021-10-09 23:30:00+00:00,0.9176099816601798,-0.08239001833982018,0.8868577521469604,-0.0626280325620485,-0.000669837547478212,-0.154876736987539,0.904640767506425,123,1,0.010600429424081457,1.1924098827623812,-0.08239001833982008,0.0023616164028166207,0,0,False,
f4096f4ace3430b4298159a3a1a9b8520501fea36b4bbf781f414f54318e5eef,SQX-SOL-M15-f4096f4ace34,SOL,SHORT,D3,2021-10-09 23:30:00+00:00,2022-05-10 08:15:00+00:00,1.113665031343916,0.11366503134391603,1.1577267051720468,0.0931303632854853,0.0009021034233644175,-0.13169507218729634,0.951486323174584,126,1,0.011249327474578852,1.314682774417861,0.11366503134391662,0.000863934313001807,0,0,False,
f4096f4ace3430b4298159a3a1a9b8520501fea36b4bbf781f414f54318e5eef,SQX-SOL-M15-f4096f4ace34,SOL,SHORT,D4,2022-05-10 08:15:00+00:00,2022-12-08 17:00:00+00:00,0.8883532982735382,-0.11164670172646185,0.862475952611493,-0.07690901361203642,-0.0007918205796202955,-0.17914795955631338,0.8431419760857958,141,1,0.010161065787334824,1.3418761845507112,-0.11164670172646167,0.004304953181064598,0,0,False,
f4096f4ace3430b4298159a3a1a9b8520501fea36b4bbf781f414f54318e5eef,SQX-SOL-M15-f4096f4ace34,SOL,SHORT,D5,2022-12-08 17:00:00+00:00,2023-07-09 01:45:00+00:00,0.9970279982763066,-0.002972001723693385,0.9950447482212182,0.004094178949371555,-2.7018197488128997e-05,-0.139342092049819,0.9313019268890339,110,1,0.010690132851287542,1.099003067769611,-0.00297200172369419,0.006928172901427642,0,0,False,
f4096f4ace3430b4298159a3a1a9b8520501fea36b4bbf781f414f54318e5eef,SQX-SOL-M15-f4096f4ace34,SOL,SHORT,D6,2023-07-09 01:45:00+00:00,2024-02-06 10:30:00+00:00,0.9955262307783369,-0.004473769221663093,0.9940832147865272,0.003688452453698245,-3.5506104933835616e-05,-0.21510442869978366,0.9527312668328317,126,1,0.012016800669163465,1.3198279824121653,-0.004473769221663287,0.004690310663784456,0,0,False,
ccd58752aa07586591f18139377bd4cee7b6ace9e41f580ca1f02d80c51e7f78,SQX-SOL-M15-ccd58752aa07,SOL,LONG,D1,2020-08-11 06:00:00+00:00,2021-03-11 14:45:00+00:00,0.8393566777073438,-0.1606433222926562,0.8347183805473991,-0.08766624179086374,-0.0008499646682151068,-0.418323988744543,0.8081585169414428,189,1,0.010764411723602487,1.8100657455200797,-0.16064332229265518,0.07354826596071795,0,0,False,
ccd58752aa07586591f18139377bd4cee7b6ace9e41f580ca1f02d80c51e7f78,SQX-SOL-M15-ccd58752aa07,SOL,LONG,D2,2021-03-11 14:45:00+00:00,2021-10-09 23:30:00+00:00,1.4228398585776283,0.4228398585776283,1.5310761298948554,0.20533641286927076,0.002402499196463803,-0.12734519559422608,0.9632358048435192,176,1,0.014528622206698585,2.026753871908321,0.4228398585776293,0.0045990660480496,0,0,False,
ccd58752aa07586591f18139377bd4cee7b6ace9e41f580ca1f02d80c51e7f78,SQX-SOL-M15-ccd58752aa07,SOL,LONG,D3,2021-10-09 23:30:00+00:00,2022-05-10 08:15:00+00:00,0.8831350115532655,-0.11686498844673454,0.8818123013571297,-0.05779704270446673,-0.0005902272143774504,-0.5366678518392151,0.550620204271359,198,1,0.010600563400834406,1.8688488527003715,-0.11686498844673518,0.001741957887463062,0,0,False,
ccd58752aa07586591f18139377bd4cee7b6ace9e41f580ca1f02d80c51e7f78,SQX-SOL-M15-ccd58752aa07,SOL,LONG,D4,2022-05-10 08:15:00+00:00,2022-12-08 17:00:00+00:00,1.2582439305271025,0.2582439305271025,1.2946740155215977,0.12322528959690844,0.0013311542810675388,-0.3047290148006081,0.8640960114999685,194,1,0.012462417603906562,2.0747445322705063,0.25824393052710254,0.00676903446791351,0,0,False,
ccd58752aa07586591f18139377bd4cee7b6ace9e41f580ca1f02d80c51e7f78,SQX-SOL-M15-ccd58752aa07,SOL,LONG,D5,2022-12-08 17:00:00+00:00,2023-07-09 01:45:00+00:00,0.9291801545157821,-0.07081984548421794,0.8971238869838757,-0.046811138359413,-0.0004987313062268839,-0.19178988333785227,0.8584863897815067,142,1,0.01,1.3249739569164296,-0.0708198454842175,0.012156473775638475,0,0,False,
ccd58752aa07586591f18139377bd4cee7b6ace9e41f580ca1f02d80c51e7f78,SQX-SOL-M15-ccd58752aa07,SOL,LONG,D6,2023-07-09 01:45:00+00:00,2024-02-06 10:30:00+00:00,1.1855401806653192,0.1855401806653192,1.3068298335166737,0.13581368119851916,0.0014272321589639918,-0.14620877312174607,0.9604181329226928,130,1,0.0117383796851935,1.4176683027186336,0.18554018066531894,0.006871800873300922,0,0,False,
e41e583bd981f79f1c9b83fe40599eb8f335b522c8fcba971938ceba0bddc228,SQX-SOL-M15-e41e583bd981,SOL,SHORT,D1,2020-08-11 06:00:00+00:00,2021-03-11 14:45:00+00:00,0.8624504031195358,-0.1375495968804642,0.9473132412596659,-0.026538773503051446,-0.00031766650549760675,-0.2889417095007041,0.7997666848215433,433,1,0.011130254837825796,4.247485120738757,-0.13754959688046373,0.11175880264751492,0,0,False,
e41e583bd981f79f1c9b83fe40599eb8f335b522c8fcba971938ceba0bddc228,SQX-SOL-M15-e41e583bd981,SOL,SHORT,D2,2021-03-11 14:45:00+00:00,2021-10-09 23:30:00+00:00,0.9530790074770187,-0.04692099252298132,0.9782279522434549,-0.005274839696382808,-0.00012347629611310533,-0.22846871558699453,0.8469814073428144,380,1,0.011449235007668215,3.675512635301148,-0.04692099252298003,0.006212075547191061,0,0,False,
e41e583bd981f79f1c9b83fe40599eb8f335b522c8fcba971938ceba0bddc228,SQX-SOL-M15-e41e583bd981,SOL,SHORT,D3,2021-10-09 23:30:00+00:00,2022-05-10 08:15:00+00:00,1.4701990510074183,0.4701990510074183,1.1868748969812462,0.1043820227391762,0.0011814046507724104,-0.14217017441564603,0.9878711669827932,398,1,0.014850601924463469,4.696904898381768,0.4701990510074193,0.0030636826741086438,0,0,False,
e41e583bd981f79f1c9b83fe40599eb8f335b522c8fcba971938ceba0bddc228,SQX-SOL-M15-e41e583bd981,SOL,SHORT,D4,2022-05-10 08:15:00+00:00,2022-12-08 17:00:00+00:00,0.9155233458179779,-0.0844766541820221,0.9596702333516026,-0.015762866306949976,-0.00021828592811892086,-0.2565694555060429,0.8158454235677213,387,1,0.010865212667879954,3.6370913272805225,-0.08447665418202237,0.01095210723699549,0,0,False,
e41e583bd981f79f1c9b83fe40599eb8f335b522c8fcba971938ceba0bddc228,SQX-SOL-M15-e41e583bd981,SOL,SHORT,D5,2022-12-08 17:00:00+00:00,2023-07-09 01:45:00+00:00,1.3048469130027536,0.3048469130027536,1.1422936811587492,0.0826683290072475,0.000863588988676355,-0.14594009087430138,0.9483949430865289,353,1,0.014242699215155941,4.058879513232503,0.3048469130027533,0.02161317869514468,0,0,False,
e41e583bd981f79f1c9b83fe40599eb8f335b522c8fcba971938ceba0bddc228,SQX-SOL-M15-e41e583bd981,SOL,SHORT,D6,2023-07-09 01:45:00+00:00,2024-02-06 10:30:00+00:00,1.1111834045805244,0.11118340458052445,1.0535057558048175,0.038081486626177836,0.0003250976742120609,-0.22463379060243074,0.9617812597314852,342,1,0.012881407221907263,3.7446976200090645,0.11118340458052484,0.013245495739890114,0,0,False,
6a01abb271ddb7c4e243237da8d99aaf269916837bb849661c2ae635f006cd3e,SQX-SOL-M15-6a01abb271dd,SOL,SHORT,D1,2020-08-11 06:00:00+00:00,2021-03-11 14:45:00+00:00,1.1181988558620075,0.11819885586200751,1.1352330320747956,0.06735782057575812,0.0006603288036983652,-0.820179286730492,0.9891319915559419,179,1,0.01132713125262698,1.8818658079642232,0.11819885586200737,0.04950338764384067,0,0,False,
6a01abb271ddb7c4e243237da8d99aaf269916837bb849661c2ae635f006cd3e,SQX-SOL-M15-6a01abb271dd,SOL,SHORT,D2,2021-03-11 14:45:00+00:00,2021-10-09 23:30:00+00:00,0.8788306736085489,-0.12116932639145106,0.8599397166447218,-0.06640748340803626,-0.0006694437922179631,-0.22204173036522104,0.7935811495953204,181,1,0.01009868260998811,1.6229894202160298,-0.12116932639145134,0.003653064169674947,0,0,False,
6a01abb271ddb7c4e243237da8d99aaf269916837bb849661c2ae635f006cd3e,SQX-SOL-M15-6a01abb271dd,SOL,SHORT,D3,2021-10-09 23:30:00+00:00,2022-05-10 08:15:00+00:00,1.1934652644134955,0.19346526441349554,1.2903336241146715,0.13129302505524423,0.0013818947458106806,-0.08127250274646097,0.9981691576579799,140,1,0.011816652106766627,1.533400686256411,0.1934652644134953,0.001004127471616708,0,0,False,
6a01abb271ddb7c4e243237da8d99aaf269916837bb849661c2ae635f006cd3e,SQX-SOL-M15-6a01abb271dd,SOL,SHORT,D4,2022-05-10 08:15:00+00:00,2022-12-08 17:00:00+00:00,0.9770432537839701,-0.022956746216029944,0.9638132473010733,-0.014186431584284119,-0.00018972517533908574,-0.10585331556944226,0.9768568375134019,121,1,0.010800784988814429,1.2450892818081556,-0.022956746216029375,0.004037862970395448,0,0,False,
6a01abb271ddb7c4e243237da8d99aaf269916837bb849661c2ae635f006cd3e,SQX-SOL-M15-6a01abb271dd,SOL,SHORT,D5,2022-12-08 17:00:00+00:00,2023-07-09 01:45:00+00:00,1.0942732271076818,0.09427322710768182,1.280553569542406,0.12641378826382238,0.0012739625284821931,-0.06482492490680757,1.0,74,1,0.011540893422730883,0.8069620419002514,0.0942732271076823,0.003921548798115529,0,0,False,
6a01abb271ddb7c4e243237da8d99aaf269916837bb849661c2ae635f006cd3e,SQX-SOL-M15-6a01abb271dd,SOL,SHORT,D6,2023-07-09 01:45:00+00:00,2024-02-06 10:30:00+00:00,0.949657145507394,-0.050342854492606004,0.8617005020273885,-0.06787660604735983,-0.0007090542886282529,-0.12696432594411888,0.9155323102400545,71,1,0.010373809948809183,0.6914815568225431,-0.050342854492605955,0.0019078060632441388,0,0,False,
f034bd35bc59d50a20f7557737c73232398457721944ff609343ffbfb11febc4,SQX-SOL-M15-f034bd35bc59,SOL,LONG,D1,2020-08-11 06:00:00+00:00,2021-03-11 14:45:00+00:00,0.9540004683025378,-0.04599953169746218,0.9114042700854295,-0.04294794771075798,-0.0004842055968153931,-0.17856013420156935,0.8429588911228231,95,1,0.010153177968082584,0.8687748105541604,-0.04599953169746234,0.03031480641404581,0,0,False,
f034bd35bc59d50a20f7557737c73232398457721944ff609343ffbfb11febc4,SQX-SOL-M15-f034bd35bc59,SOL,LONG,D2,2021-03-11 14:45:00+00:00,2021-10-09 23:30:00+00:00,1.118012059998214,0.11801205999821396,1.1902986983527044,0.09891182896706074,0.0009753062809769764,-0.5481692305289461,0.679460304960294,121,1,0.011228054407194885,1.1859954799743917,0.11801205999821414,0.0025593383099211074,0,0,False,
f034bd35bc59d50a20f7557737c73232398457721944ff609343ffbfb11febc4,SQX-SOL-M15-f034bd35bc59,SOL,LONG,D3,2021-10-09 23:30:00+00:00,2022-05-10 08:15:00+00:00,1.2782629365749862,0.27826293657498624,1.5202126480846665,0.25251323589356234,0.0027826293657498636,-0.5917837874529841,0.997942370196543,100,1,0.013002063857284528,1.1493595999777217,0.27826293657498635,0.001061212111628877,0,0,False,
f034bd35bc59d50a20f7557737c73232398457721944ff609343ffbfb11febc4,SQX-SOL-M15-f034bd35bc59,SOL,LONG,D4,2022-05-10 08:15:00+00:00,2022-12-08 17:00:00+00:00,0.9140569203888292,-0.08594307961117076,0.8450925360501986,-0.08907568294985388,-0.0009142880809699094,-0.16054867090535588,0.872015568886457,94,1,0.0102763345328865,0.9046659253204011,-0.08594307961117148,0.003885268773021141,0,0,False,
f034bd35bc59d50a20f7557737c73232398457721944ff609343ffbfb11febc4,SQX-SOL-M15-f034bd35bc59,SOL,LONG,D5,2022-12-08 17:00:00+00:00,2023-07-09 01:45:00+00:00,0.9132675742349389,-0.08673242576506113,0.8469724576494887,-0.08253700277407723,-0.0008503178996574569,-0.1545286817302969,0.8561148294788673,102,1,0.01002426477397637,0.9382155257295084,-0.0867324257650606,0.009122550285380724,0,0,False,
f034bd35bc59d50a20f7557737c73232398457721944ff609343ffbfb11febc4,SQX-SOL-M15-f034bd35bc59,SOL,LONG,D6,2023-07-09 01:45:00+00:00,2024-02-06 10:30:00+00:00,1.1555921606157682,0.1555921606157682,1.3534659173117398,0.18308405909861697,0.0018974653733630216,-0.0656144408267335,1.0,82,1,0.012122723950113266,0.906447635635011,0.15559216061576778,0.004389293157331943,0,0,False,
728fc8cf50e590c74f6774475a8dfd41f6fef2cc4e0b56dbc72e5fa410154027,SQX-SOL-M15-728fc8cf50e5,SOL,LONG,D1,2020-08-11 06:00:00+00:00,2021-03-11 14:45:00+00:00,0.8375325847371043,-0.16246741526289565,0.8501469068201291,-0.08326870841705253,-0.0008331662321174166,-0.3368072683324991,0.705616911348756,195,1,0.010409866147127586,1.6661529644795214,-0.16246741526289624,0.04362544907503205,0,0,False,
728fc8cf50e590c74f6774475a8dfd41f6fef2cc4e0b56dbc72e5fa410154027,SQX-SOL-M15-728fc8cf50e5,SOL,LONG,D2,2021-03-11 14:45:00+00:00,2021-10-09 23:30:00+00:00,1.4916697041205875,0.4916697041205875,1.386918916058919,0.20801211551392818,0.002458348520602943,-0.13188552598085881,1.0,200,1,0.015446875683141847,2.4901147269108876,0.49166970412058864,0.0037856389684498004,0,0,False,
728fc8cf50e590c74f6774475a8dfd41f6fef2cc4e0b56dbc72e5fa410154027,SQX-SOL-M15-728fc8cf50e5,SOL,LONG,D3,2021-10-09 23:30:00+00:00,2022-05-10 08:15:00+00:00,1.0765031534500071,0.07650315345000713,1.0854438480412838,0.05577527181237209,0.0005033102200658309,-0.13754648287250615,0.9814580167287059,152,1,0.011599663433416714,1.6398554579593647,0.0765031534500063,0.001094933302005734,0,0,False,
728fc8cf50e590c74f6774475a8dfd41f6fef2cc4e0b56dbc72e5fa410154027,SQX-SOL-M15-728fc8cf50e5,SOL,LONG,D4,2022-05-10 08:15:00+00:00,2022-12-08 17:00:00+00:00,0.9814269484975915,-0.01857305150240851,0.9802511712171736,-0.0046133383509053905,-0.00011982613872521029,-0.15559331067816082,0.9546297944046757,155,1,0.011457680540884807,1.5979325209671251,-0.018573051502407595,0.0050688955549595925,0,0,False,
728fc8cf50e590c74f6774475a8dfd41f6fef2cc4e0b56dbc72e5fa410154027,SQX-SOL-M15-728fc8cf50e5,SOL,LONG,D5,2022-12-08 17:00:00+00:00,2023-07-09 01:45:00+00:00,0.8452425330808809,-0.15475746691911907,0.8521376224522893,-0.08681396669029626,-0.000864566854296754,-0.2967520654717858,0.7971273686335868,179,1,0.011222318826610359,1.7086587841742855,-0.15475746691911896,0.010990072251299153,0,0,False,
728fc8cf50e590c74f6774475a8dfd41f6fef2cc4e0b56dbc72e5fa410154027,SQX-SOL-M15-728fc8cf50e5,SOL,LONG,D6,2023-07-09 01:45:00+00:00,2024-02-06 10:30:00+00:00,1.2506809531152845,0.2506809531152845,1.2245464058007733,0.13014142048322305,0.0013698412738540123,-0.08582138872662885,0.9697384570491805,183,1,0.013086284828506716,2.056857320170075,0.25068095311528427,0.005521776270854251,0,0,False,
5d11e56c77f260e896ae60efac67dbd47a60b098acd9da95c1ca932c0241ba26,SQX-SOL-M15-5d11e56c77f2,SOL,LONG,D1,2020-08-11 06:00:00+00:00,2021-03-11 14:45:00+00:00,0.9504168776698777,-0.0495831223301223,0.9044250215000241,-0.04741461356264209,-0.0005274800247885344,-0.17856013420156935,0.8429588911228231,94,1,0.010153177968082584,0.8588349784527343,-0.049583122330122235,0.030316981564303118,0,0,False,
5d11e56c77f260e896ae60efac67dbd47a60b098acd9da95c1ca932c0241ba26,SQX-SOL-M15-5d11e56c77f2,SOL,LONG,D2,2021-03-11 14:45:00+00:00,2021-10-09 23:30:00+00:00,1.1124104186021528,0.11241041860215284,1.1789163726180785,0.09484844715246367,0.0009290117239847326,-0.5481692305289461,0.679460304960294,121,1,0.01117179782766866,1.1830250859391342,0.11241041860215265,0.002614811999563999,0,0,False,
5d11e56c77f260e896ae60efac67dbd47a60b098acd9da95c1ca932c0241ba26,SQX-SOL-M15-5d11e56c77f2,SOL,LONG,D3,2021-10-09 23:30:00+00:00,2022-05-10 08:15:00+00:00,1.2854258528739029,0.2854258528739029,1.5313414852240768,0.25815991634382657,0.002854258528739029,-0.5894962936372207,0.997942370196543,100,1,0.013074922650618893,1.1538892702710766,0.2854258528739029,0.0010663959270827538,0,0,False,
5d11e56c77f260e896ae60efac67dbd47a60b098acd9da95c1ca932c0241ba26,SQX-SOL-M15-5d11e56c77f2,SOL,LONG,D4,2022-05-10 08:15:00+00:00,2022-12-08 17:00:00+00:00,0.9140569203888292,-0.08594307961117076,0.8450925360501986,-0.08907568294985388,-0.0009142880809699094,-0.16054867090535588,0.872015568886457,94,1,0.0102763345328865,0.9046659253204011,-0.08594307961117148,0.003885268773021141,0,0,False,
5d11e56c77f260e896ae60efac67dbd47a60b098acd9da95c1ca932c0241ba26,SQX-SOL-M15-5d11e56c77f2,SOL,LONG,D5,2022-12-08 17:00:00+00:00,2023-07-09 01:45:00+00:00,0.935817764382068,-0.06418223561793202,0.8858726433831419,-0.059143098092674734,-0.000635467679385462,-0.14683590860619186,0.8639044457663141,101,1,0.01002426477397637,0.9398035437471429,-0.06418223561793165,0.009100478198778584,0,0,False,
5d11e56c77f260e896ae60efac67dbd47a60b098acd9da95c1ca932c0241ba26,SQX-SOL-M15-5d11e56c77f2,SOL,LONG,D6,2023-07-09 01:45:00+00:00,2024-02-06 10:30:00+00:00,1.1842636413522714,0.18426364135227136,1.4133023408195078,0.21323970394142863,0.0022471175774667106,-0.0656144408267333,1.0,82,1,0.012423501731458206,0.9175645199818073,0.18426364135227027,0.004410583979818685,0,0,False,
455b75a0ffd2a097b51dc8b539457dd45c5cdf2d31305f5bf013b9e54212cfe4,SQX-SOL-M15-455b75a0ffd2,SOL,LONG,D1,2020-08-11 06:00:00+00:00,2021-03-11 14:45:00+00:00,1.0619395323801404,0.06193953238014038,1.0628536887598747,0.05190864000052624,0.00043013564152875536,-0.17880263328126436,0.9532183416468979,144,1,0.011486064610021803,1.5011049838884218,0.06193953238014077,0.05129942011693589,0,0,False,
455b75a0ffd2a097b51dc8b539457dd45c5cdf2d31305f5bf013b9e54212cfe4,SQX-SOL-M15-455b75a0ffd2,SOL,LONG,D2,2021-03-11 14:45:00+00:00,2021-10-09 23:30:00+00:00,0.9198648824611236,-0.08013511753887637,0.900489358414682,-0.056427242164242726,-0.000630985177471466,-0.3322799374776883,0.8476719908850112,127,1,0.010063982521649776,1.1944214954759445,-0.08013511753887619,0.002888586949688245,0,0,False,
455b75a0ffd2a097b51dc8b539457dd45c5cdf2d31305f5bf013b9e54212cfe4,SQX-SOL-M15-455b75a0ffd2,SOL,LONG,D3,2021-10-09 23:30:00+00:00,2022-05-10 08:15:00+00:00,0.9615374374689017,-0.038462562531098254,0.9433725384452007,-0.026764589233948383,-0.0003561348382509135,-0.1943981378300363,0.8447621849554522,108,1,0.010403769098282303,1.0202517840330112,-0.03846256253109866,0.0010978312075810622,0,0,False,
455b75a0ffd2a097b51dc8b539457dd45c5cdf2d31305f5bf013b9e54212cfe4,SQX-SOL-M15-455b75a0ffd2,SOL,LONG,D4,2022-05-10 08:15:00+00:00,2022-12-08 17:00:00+00:00,0.9380106796707024,-0.061989320329297604,0.9200935539818003,-0.04355918896679387,-0.0005123084324735361,-0.1745512269025933,0.874097898976358,121,1,0.010484359596315196,1.1687791208206846,-0.06198932032929787,0.004461008412067405,0,0,False,
455b75a0ffd2a097b51dc8b539457dd45c5cdf2d31305f5bf013b9e54212cfe4,SQX-SOL-M15-455b75a0ffd2,SOL,LONG,D5,2022-12-08 17:00:00+00:00,2023-07-09 01:45:00+00:00,1.120831389252357,0.12083138925235692,1.1260274855199057,0.09307941905199976,0.0008819809434478591,-0.21577585303643673,0.9424430883286303,137,1,0.01306649810931535,1.5670071214613839,0.1208313892523567,0.012834674044937778,0,0,False,
455b75a0ffd2a097b51dc8b539457dd45c5cdf2d31305f5bf013b9e54212cfe4,SQX-SOL-M15-455b75a0ffd2,SOL,LONG,D6,2023-07-09 01:45:00+00:00,2024-02-06 10:30:00+00:00,1.236750954146023,0.2367509541460231,1.2638907316265082,0.16802006926547317,0.0017537107714520215,-0.12729972265808748,0.9096681855307124,135,1,0.012894563394419353,1.4764403014240355,0.2367509541460229,0.005800067153931001,0,0,False,
66c7f27cdd1b9b6373ae3016357d4e4772396dbc7e261ed5740a4a1fc53c6f71,SQX-SOL-M15-66c7f27cdd1b,SOL,LONG,D1,2020-08-11 06:00:00+00:00,2021-03-11 14:45:00+00:00,0.8070402993001161,-0.19295970069988388,0.8220712851455777,-0.10221676999685962,-0.0009895369266660755,-0.35554164243145114,0.6856841066653924,195,1,0.010375168785728662,1.6269596894165752,-0.19295970069988472,0.043135120049437176,0,0,False,
66c7f27cdd1b9b6373ae3016357d4e4772396dbc7e261ed5740a4a1fc53c6f71,SQX-SOL-M15-66c7f27cdd1b,SOL,LONG,D2,2021-03-11 14:45:00+00:00,2021-10-09 23:30:00+00:00,1.4764816976279322,0.47648169762793224,1.3801492523124006,0.20708128285698457,0.002431029069530276,-0.12616621422828758,0.997336770247136,196,1,0.01510548080076812,2.4062469520706364,0.47648169762793413,0.003742178820115063,0,0,False,
66c7f27cdd1b9b6373ae3016357d4e4772396dbc7e261ed5740a4a1fc53c6f71,SQX-SOL-M15-66c7f27cdd1b,SOL,LONG,D3,2021-10-09 23:30:00+00:00,2022-05-10 08:15:00+00:00,1.0993389020452797,0.09933890204527973,1.1091217603953152,0.07176131595067765,0.0006712087976032263,-0.1424858542121326,0.9805609259419847,148,1,0.011711828724149428,1.6028041745135433,0.09933890204527748,0.0011349228102732912,0,0,False,
66c7f27cdd1b9b6373ae3016357d4e4772396dbc7e261ed5740a4a1fc53c6f71,SQX-SOL-M15-66c7f27cdd1b,SOL,LONG,D4,2022-05-10 08:15:00+00:00,2022-12-08 17:00:00+00:00,0.9481977275711702,-0.05180227242882984,0.9456257545968866,-0.026894565282730907,-0.000336378392394997,-0.1618348696979812,0.9453270003766161,154,1,0.011166434665728314,1.554797986604146,-0.05180227242882954,0.00508419584641873,0,0,False,
66c7f27cdd1b9b6373ae3016357d4e4772396dbc7e261ed5740a4a1fc53c6f71,SQX-SOL-M15-66c7f27cdd1b,SOL,LONG,D5,2022-12-08 17:00:00+00:00,2023-07-09 01:45:00+00:00,0.8524522905737094,-0.14754770942629059,0.8650702064941752,-0.08264076479429862,-0.0008336028781146462,-0.2749162677741318,0.8179685253576469,177,1,0.011168935396911004,1.7204411370468606,-0.1475477094262924,0.011501586415183796,0,0,False,
66c7f27cdd1b9b6373ae3016357d4e4772396dbc7e261ed5740a4a1fc53c6f71,SQX-SOL-M15-66c7f27cdd1b,SOL,LONG,D6,2023-07-09 01:45:00+00:00,2024-02-06 10:30:00+00:00,1.2070993792789926,0.20709937927899258,1.1840138407156935,0.11154587353479707,0.0011379086773571025,-0.09152900203671539,0.9651667014906429,182,1,0.012544369300775628,1.9886365139154494,0.20709937927899263,0.005630982265895836,0,0,False,
f28f34a37c8bafe0d3d78536e4c60c61c9e1b7d358a58d89910b53681e089702,SQX-SOL-M15-f28f34a37c8b,SOL,LONG,D1,2020-08-11 06:00:00+00:00,2021-03-11 14:45:00+00:00,0.9567205599087263,-0.04327944009127371,0.9309297583001457,-0.03394410923264535,-0.0004044807485165705,-0.17962609394699264,0.8700088004552734,107,1,0.010497825530589141,1.0337982862313828,-0.04327944009127304,0.02417045946824782,0,0,False,
f28f34a37c8bafe0d3d78536e4c60c61c9e1b7d358a58d89910b53681e089702,SQX-SOL-M15-f28f34a37c8b,SOL,LONG,D2,2021-03-11 14:45:00+00:00,2021-10-09 23:30:00+00:00,1.3364788390656306,0.3364788390656306,1.5684662168290946,0.2601131681923851,0.002925902948396782,-0.10893055088820827,0.9773513553783298,115,1,0.013774194825327532,1.2756864626711621,0.3364788390656299,0.0016346767283560125,0,0,False,
f28f34a37c8bafe0d3d78536e4c60c61c9e1b7d358a58d89910b53681e089702,SQX-SOL-M15-f28f34a37c8b,SOL,LONG,D3,2021-10-09 23:30:00+00:00,2022-05-10 08:15:00+00:00,1.0379067025096094,0.03790670250960937,1.0538913603300302,0.03864240965331139,0.0003185437185681506,-0.0963580362692907,0.987123499202502,119,1,0.011073869474891586,1.2488560945110778,0.03790670250960992,0.0008637440628799578,0,0,False,
f28f34a37c8bafe0d3d78536e4c60c61c9e1b7d358a58d89910b53681e089702,SQX-SOL-M15-f28f34a37c8b,SOL,LONG,D4,2022-05-10 08:15:00+00:00,2022-12-08 17:00:00+00:00,0.9427887449910746,-0.05721125500892543,0.9196351494445885,-0.04093998370725637,-0.00046513215454411046,-0.1282591563579523,0.9308209472304045,123,1,0.010735455225523173,1.2236955923138142,-0.057211255008925585,0.003893493947548265,0,0,False,
f28f34a37c8bafe0d3d78536e4c60c61c9e1b7d358a58d89910b53681e089702,SQX-SOL-M15-f28f34a37c8b,SOL,LONG,D5,2022-12-08 17:00:00+00:00,2023-07-09 01:45:00+00:00,0.9454817096094296,-0.054518290390570434,0.9358602752876516,-0.033266479797679945,-0.000392217916478921,-0.20084930122871608,0.937263874238367,139,1,0.011611756869266115,1.461122769014868,-0.05451829039057002,0.008197293307480992,0,0,False,
f28f34a37c8bafe0d3d78536e4c60c61c9e1b7d358a58d89910b53681e089702,SQX-SOL-M15-f28f34a37c8b,SOL,LONG,D6,2023-07-09 01:45:00+00:00,2024-02-06 10:30:00+00:00,1.5421533940449577,0.5421533940449577,1.6814694669272245,0.32654953041131984,0.003986422015036451,-0.08222191673674076,0.9560013394011434,136,1,0.016258813031114584,1.7708386650884902,0.5421533940449573,0.003543957988554107,0,0,False,
d3750518689e86c75f4b451f153dfedfe124b12af8bef5b151fc9a07f55d8e10,SQX-SOL-M15-d3750518689e,SOL,SHORT,D1,2020-08-11 06:00:00+00:00,2021-03-11 14:45:00+00:00,0.9442605192917294,-0.05573948070827062,0.910668145040993,-0.03294004045123985,-0.00035502853954312634,-0.1840339292804164,0.835042379565813,157,1,0.010129796872704787,1.4542669848904346,-0.05573948070827084,0.03162831744521392,0,0,False,
d3750518689e86c75f4b451f153dfedfe124b12af8bef5b151fc9a07f55d8e10,SQX-SOL-M15-d3750518689e,SOL,SHORT,D2,2021-03-11 14:45:00+00:00,2021-10-09 23:30:00+00:00,1.0514884479945243,0.051488447994524345,1.0793372874870062,0.034122952630135935,0.0003139539511861249,-0.17326504438583148,0.9436752750251407,164,1,0.01070429131813835,1.6433732811056296,0.051488447994524476,0.002165467716141444,0,0,False,
d3750518689e86c75f4b451f153dfedfe124b12af8bef5b151fc9a07f55d8e10,SQX-SOL-M15-d3750518689e,SOL,SHORT,D3,2021-10-09 23:30:00+00:00,2022-05-10 08:15:00+00:00,0.9590101970282291,-0.040989802971770906,0.9421456796475534,-0.02174428394805281,-0.0002484230483137552,-0.4448181118175832,0.821386194585658,165,1,0.010653887024784989,1.6518616809617341,-0.0409898029717696,0.001138960131851276,0,0,False,
d3750518689e86c75f4b451f153dfedfe124b12af8bef5b151fc9a07f55d8e10,SQX-SOL-M15-d3750518689e,SOL,SHORT,D4,2022-05-10 08:15:00+00:00,2022-12-08 17:00:00+00:00,0.90789947398835,-0.09210052601164997,0.8594782179154974,-0.06156089369016085,-0.0006223008514300674,-0.2564176228147232,0.8088029536181826,148,1,0.010502328208623783,1.4411370163082935,-0.09210052601164997,0.004109972942693135,0,0,False,
d3750518689e86c75f4b451f153dfedfe124b12af8bef5b151fc9a07f55d8e10,SQX-SOL-M15-d3750518689e,SOL,SHORT,D5,2022-12-08 17:00:00+00:00,2023-07-09 01:45:00+00:00,1.0526472004573162,0.05264720045731619,1.106663214463037,0.042746193557747586,0.00040497846505627605,-0.07165724430772509,0.9684171787832625,130,1,0.010709288605757076,1.3368161208532932,0.052647200457315885,0.006511403649241286,0,0,False,
d3750518689e86c75f4b451f153dfedfe124b12af8bef5b151fc9a07f55d8e10,SQX-SOL-M15-d3750518689e,SOL,SHORT,D6,2023-07-09 01:45:00+00:00,2024-02-06 10:30:00+00:00,1.1810286499615994,0.1810286499615994,1.33386927653039,0.11660392562052523,0.001231487414704763,-0.09190780385929564,0.9498573627463395,147,1,0.012003191829538786,1.5675722052832548,0.18102864996160017,0.004053698233952409,0,0,False,
562827e11a01433eaf767d899922a98a41962b6b1c7e83a6ba9c6b96720290cf,SQX-SOL-M15-562827e11a01,SOL,LONG,D1,2020-08-11 06:00:00+00:00,2021-03-11 14:45:00+00:00,0.9911398089004535,-0.0088601910995465,0.9873584433533973,-0.0002712510807481286,-6.868365193447291e-05,-0.2397731738865658,0.7679436375712578,129,1,0.010136939693786984,1.2195605562009557,-0.008860191099547006,0.04042596057325136,0,0,False,
562827e11a01433eaf767d899922a98a41962b6b1c7e83a6ba9c6b96720290cf,SQX-SOL-M15-562827e11a01,SOL,LONG,D2,2021-03-11 14:45:00+00:00,2021-10-09 23:30:00+00:00,0.9035989471959522,-0.09640105280404776,0.8431514024351573,-0.08344384965301567,-0.0008531066619827274,-0.5481692305289461,0.6972599637747279,113,1,0.010290415328137776,1.0347030675919358,-0.09640105280404819,0.003366256574233367,0,0,False,
562827e11a01433eaf767d899922a98a41962b6b1c7e83a6ba9c6b96720290cf,SQX-SOL-M15-562827e11a01,SOL,LONG,D3,2021-10-09 23:30:00+00:00,2022-05-10 08:15:00+00:00,1.0639888412108434,0.06398884121084336,1.1622983966313827,0.08488012796270032,0.000809985331782824,-0.0799657954206912,0.9306226866991281,79,1,0.01072708447382974,0.7727228229878983,0.0639888412108431,0.0007071280165999467,0,0,False,
562827e11a01433eaf767d899922a98a41962b6b1c7e83a6ba9c6b96720290cf,SQX-SOL-M15-562827e11a01,SOL,LONG,D4,2022-05-10 08:15:00+00:00,2022-12-08 17:00:00+00:00,0.9543329149947917,-0.04566708500520833,0.9093041725472364,-0.04548713981027625,-0.0005074120556134234,-0.10702391204468537,0.9051462285835219,90,1,0.01,0.8587416126146791,-0.04566708500520811,0.003415873850578871,0,0,False,
562827e11a01433eaf767d899922a98a41962b6b1c7e83a6ba9c6b96720290cf,SQX-SOL-M15-562827e11a01,SOL,LONG,D5,2022-12-08 17:00:00+00:00,2023-07-09 01:45:00+00:00,1.127626159247944,0.12762615924794396,1.3231876828393858,0.1645680122288614,0.0016792915690518942,-0.07244232211847089,0.9869030011741063,76,1,0.011527878287728667,0.8261241463900884,0.12762615924794396,0.006664340413364627,0,0,False,
562827e11a01433eaf767d899922a98a41962b6b1c7e83a6ba9c6b96720290cf,SQX-SOL-M15-562827e11a01,SOL,LONG,D6,2023-07-09 01:45:00+00:00,2024-02-06 10:30:00+00:00,1.0086960968749494,0.008696096874949433,1.0214763984318334,0.017522747835914208,0.00011293632305128734,-0.08103885703394892,0.9282551790135907,77,1,0.010195988708664479,0.7495952260049474,0.008696096874949126,0.003940213447171329,0,0,False,
05bca8535ca4c7fa7e5333594bead2b6126b9481199c389dae35ab58e74e6988,SQX-SOL-M15-05bca8535ca4,SOL,LONG,D1,2020-08-11 06:00:00+00:00,2021-03-11 14:45:00+00:00,0.9131250084644851,-0.08687499153551492,0.8400871525771227,-0.07990652977006897,-0.0008119158087431263,-0.12645591644495235,0.8824732824143764,107,1,0.01,1.0021169553302653,-0.0868749915355145,0.03398610483254795,0,0,False,
05bca8535ca4c7fa7e5333594bead2b6126b9481199c389dae35ab58e74e6988,SQX-SOL-M15-05bca8535ca4,SOL,LONG,D2,2021-03-11 14:45:00+00:00,2021-10-09 23:30:00+00:00,0.9230938561596428,-0.07690614384035721,0.8328984969854122,-0.0891357016280337,-0.0009047781628277388,-0.15679411258150125,0.9225954638615664,85,1,0.010572920815347277,0.8429951750367958,-0.0769061438403578,0.003142073098607978,0,0,False,
05bca8535ca4c7fa7e5333594bead2b6126b9481199c389dae35ab58e74e6988,SQX-SOL-M15-05bca8535ca4,SOL,LONG,D3,2021-10-09 23:30:00+00:00,2022-05-10 08:15:00+00:00,1.0789628265077842,0.07896282650778419,1.2978978810201824,0.13603079972044954,0.001361428043237661,-0.10475849292840309,0.9839901843479746,58,1,0.011144158788999216,0.6090867833099076,0.07896282650778434,0.0005876361255080804,0,0,False,
05bca8535ca4c7fa7e5333594bead2b6126b9481199c389dae35ab58e74e6988,SQX-SOL-M15-05bca8535ca4,SOL,LONG,D4,2022-05-10 08:15:00+00:00,2022-12-08 17:00:00+00:00,1.0114716887486057,0.011471688748605713,1.0376791185984526,0.02400918313241939,0.00019119481247677344,-0.0882433948947352,0.9684830861096854,60,1,0.010692253162996934,0.6205058043853892,0.011471688748606407,0.0028527133474691973,0,0,False,
05bca8535ca4c7fa7e5333594bead2b6126b9481199c389dae35ab58e74e6988,SQX-SOL-M15-05bca8535ca4,SOL,LONG,D5,2022-12-08 17:00:00+00:00,2023-07-09 01:45:00+00:00,1.1102486396214988,0.11024863962149878,1.3380907093888872,0.154365779131891,0.0015749805660214065,-0.07397929838375199,0.9935793638939707,70,1,0.011701192152771312,0.7652113432876653,0.11024863962149846,0.0051421037837334205,0,0,False,
05bca8535ca4c7fa7e5333594bead2b6126b9481199c389dae35ab58e74e6988,SQX-SOL-M15-05bca8535ca4,SOL,LONG,D6,2023-07-09 01:45:00+00:00,2024-02-06 10:30:00+00:00,1.0099497675512465,0.009949767551246547,1.0298691752460294,0.020452304145445688,0.00015546511798822057,-0.0959838056275759,1.0,64,1,0.011187798429800982,0.6774039932987226,0.009949767551246116,0.002982784468492348,0,0,False,
302055043a4410f31d0854cf8c88680536a2d4a035c2e748ead384515c695b24,SQX-SOL-M15-302055043a44,SOL,SHORT,D1,2020-08-11 06:00:00+00:00,2021-03-11 14:45:00+00:00,1.0348257689848779,0.03482576898487788,2.5099937990208163,0.6979715177217133,0.006965153796975593,-0.01757660937848836,1.0,5,1,0.01046003383813109,0.05100344440691995,0.034825768984877964,0.002406865299864249,0,0,False,
302055043a4410f31d0854cf8c88680536a2d4a035c2e748ead384515c695b24,SQX-SOL-M15-302055043a44,SOL,SHORT,D2,2021-03-11 14:45:00+00:00,2021-10-09 23:30:00+00:00,1.0710663234904956,0.07106632349049558,3.234793158913265,0.8723826478078676,0.008883290436311933,-0.027786315819063927,1.0,8,1,0.010714461903783891,0.08322782690692111,0.07106632349049546,7.546024980322787e-05,0,0,False,
302055043a4410f31d0854cf8c88680536a2d4a035c2e748ead384515c695b24,SQX-SOL-M15-302055043a44,SOL,SHORT,D3,2021-10-09 23:30:00+00:00,2022-05-10 08:15:00+00:00,0.9406819642882578,-0.05931803571174221,0.381874870513188,-0.5020973013897149,-0.0049431696426451835,-0.10508619268826137,0.9082761876385592,12,1,0.01,0.11415012375266155,-0.059318035711742205,0.00017080783083560543,0,0,False,
302055043a4410f31d0854cf8c88680536a2d4a035c2e748ead384515c695b24,SQX-SOL-M15-302055043a44,SOL,SHORT,D4,2022-05-10 08:15:00+00:00,2022-12-08 17:00:00+00:00,0.9652665896744188,-0.03473341032558119,0.7967594670524161,-0.13799576759675544,-0.0014472254302325379,-0.08103688950330135,0.9467194840009157,24,1,0.010199418157549234,0.23774341646194913,-0.03473341032558091,0.0018443718139917898,0,0,False,
302055043a4410f31d0854cf8c88680536a2d4a035c2e748ead384515c695b24,SQX-SOL-M15-302055043a44,SOL,SHORT,D5,2022-12-08 17:00:00+00:00,2023-07-09 01:45:00+00:00,1.2573981158275087,0.2573981158275087,3.1730670971460992,0.8624111348303911,0.009533263549166997,-0.04704531761407801,0.9775613235577041,27,1,0.012834187237114696,0.3055350445108589,0.25739811582750893,0.003171301560632108,0,0,False,
302055043a4410f31d0854cf8c88680536a2d4a035c2e748ead384515c695b24,SQX-SOL-M15-302055043a44,SOL,SHORT,D6,2023-07-09 01:45:00+00:00,2024-02-06 10:30:00+00:00,1.018104613552571,0.01810461355257109,1.4373660824180858,0.26757273490728695,0.002586373364652999,-0.03994110863279191,0.9977422423482499,7,1,0.010288788850628915,0.07082798083384757,0.018104613552570994,0.0006397095600473232,0,0,False,
5443a740ac9434f407f97a4b61773a5bac77d991e1ff5dddf93a20d1e5bd534e,SQX-SOL-M15-5443a740ac94,SOL,SHORT,D1,2020-08-11 06:00:00+00:00,2021-03-11 14:45:00+00:00,0.9735015963313938,-0.02649840366860623,0.8913487890639017,-0.05359732180284459,-0.0005888534148579187,-0.10346119925972634,0.9630014887833221,45,1,0.010630776342524094,0.45326485970591374,-0.02649840366860634,0.009215858998214092,0,0,False,
5443a740ac9434f407f97a4b61773a5bac77d991e1ff5dddf93a20d1e5bd534e,SQX-SOL-M15-5443a740ac94,SOL,SHORT,D2,2021-03-11 14:45:00+00:00,2021-10-09 23:30:00+00:00,1.0144202910473734,0.014420291047373412,1.1377040663570666,0.060066208839159925,0.0005546265787451326,-0.08229016342883472,0.9378278673088039,26,1,0.010117337937268238,0.25347628788843557,0.014420291047373447,0.00033615445369580485,0,0,False,
5443a740ac9434f407f97a4b61773a5bac77d991e1ff5dddf93a20d1e5bd534e,SQX-SOL-M15-5443a740ac94,SOL,SHORT,D3,2021-10-09 23:30:00+00:00,2022-05-10 08:15:00+00:00,1.0411411191777789,0.04114111917777885,1.2874654243551205,0.11122255342679238,0.001082661030994181,-0.06987638882005959,0.9394281507876676,38,1,0.01047510748829916,0.37399112847621974,0.04114111917777888,9.860320455355731e-05,0,0,False,
5443a740ac9434f407f97a4b61773a5bac77d991e1ff5dddf93a20d1e5bd534e,SQX-SOL-M15-5443a740ac94,SOL,SHORT,D4,2022-05-10 08:15:00+00:00,2022-12-08 17:00:00+00:00,1.1327224265610323,0.13272242656103228,2.9460055166810832,0.40672376198616983,0.004281368598742975,-0.03816869899099348,0.9968012530627306,31,1,0.01150228908401887,0.3335221638838982,0.13272242656103223,0.00022185234176802168,0,0,False,
5443a740ac9434f407f97a4b61773a5bac77d991e1ff5dddf93a20d1e5bd534e,SQX-SOL-M15-5443a740ac94,SOL,SHORT,D5,2022-12-08 17:00:00+00:00,2023-07-09 01:45:00+00:00,1.0888755206236176,0.08887552062361759,1.6791938896917407,0.2565454608466451,0.00261398590069461,-0.061826252275741185,0.9981755033303168,34,1,0.011383248757891807,0.3716644544250585,0.08887552062361674,0.0012758597126824207,0,0,False,
5443a740ac9434f407f97a4b61773a5bac77d991e1ff5dddf93a20d1e5bd534e,SQX-SOL-M15-5443a740ac94,SOL,SHORT,D6,2023-07-09 01:45:00+00:00,2024-02-06 10:30:00+00:00,1.0814059057818843,0.08140590578188434,2.474639628206357,0.44103577354362367,0.004522550321215819,-0.031178613943550832,1.0,18,1,0.011034057697708414,0.19176838024970094,0.08140590578188474,8.597714497178728e-05,0,0,False,
8d785db0cbf60a85ab356a12fd4a2eecc20198c50cf0edbfa65280e3f7abdb86,SQX-SOL-M15-8d785db0cbf6,SOL,SHORT,D1,2020-08-11 06:00:00+00:00,2021-03-11 14:45:00+00:00,0.8862119642433518,-0.1137880357566482,0.7278862284167755,-0.17242696623781487,-0.0016983288918902743,-0.2004387643703265,0.8307904489918247,67,1,0.010227260715283511,0.6203652045541629,-0.11378803575664838,0.023337047729095787,0,0,False,
8d785db0cbf60a85ab356a12fd4a2eecc20198c50cf0edbfa65280e3f7abdb86,SQX-SOL-M15-8d785db0cbf6,SOL,SHORT,D2,2021-03-11 14:45:00+00:00,2021-10-09 23:30:00+00:00,1.0475865369577815,0.04758653695778148,1.177586072428148,0.10533800645025397,0.0009913861866204382,-0.06941798525582504,0.9603118015363898,48,1,0.01080700603027536,0.492642611542567,0.047586536957781034,0.0014799891085247388,0,0,False,
8d785db0cbf60a85ab356a12fd4a2eecc20198c50cf0edbfa65280e3f7abdb86,SQX-SOL-M15-8d785db0cbf6,SOL,SHORT,D3,2021-10-09 23:30:00+00:00,2022-05-10 08:15:00+00:00,0.9934195481901097,-0.006580451809890309,0.9786651433300969,-0.004675342121242114,-0.00011750806803374907,-0.12530948800335093,0.9546870355997938,56,1,0.010806394095527017,0.5684140817482624,-0.006580451809889948,0.0005602502842142094,0,0,False,
8d785db0cbf60a85ab356a12fd4a2eecc20198c50cf0edbfa65280e3f7abdb86,SQX-SOL-M15-8d785db0cbf6,SOL,SHORT,D4,2022-05-10 08:15:00+00:00,2022-12-08 17:00:00+00:00,1.1073649554741003,0.1073649554741003,1.524004726670333,0.26387511640879036,0.002684123886852513,-0.07757524909596537,0.9941181647789991,40,1,0.011367252267931232,0.43443267265289226,0.10736495547410052,0.001219855825816036,0,0,False,
8d785db0cbf60a85ab356a12fd4a2eecc20198c50cf0edbfa65280e3f7abdb86,SQX-SOL-M15-8d785db0cbf6,SOL,SHORT,D5,2022-12-08 17:00:00+00:00,2023-07-09 01:45:00+00:00,1.2687671650590095,0.26876716505900955,2.9564697709758665,0.6194774906339584,0.006891465770743836,-0.04677306602631492,0.9993185455154339,39,1,0.013032870138408459,0.4560999043788137,0.2687671650590096,0.002328850885347405,0,0,False,
8d785db0cbf60a85ab356a12fd4a2eecc20198c50cf0edbfa65280e3f7abdb86,SQX-SOL-M15-8d785db0cbf6,SOL,SHORT,D6,2023-07-09 01:45:00+00:00,2024-02-06 10:30:00+00:00,1.069884156202871,0.06988415620287092,1.3215879336336624,0.16492689751184736,0.0016252129349504818,-0.05110402602288618,0.9899402914670659,43,1,0.01093022926659247,0.4527794038112855,0.06988415620287072,0.00141666928183894,0,0,False,
e62c60eeb04c750b9b2668f0baa10cf837e1ca36d3cdf7441ef45a39092898fb,SQX-SOL-M15-e62c60eeb04c,SOL,LONG,D1,2020-08-11 06:00:00+00:00,2021-03-11 14:45:00+00:00,1.07394074468794,0.0739407446879401,1.4405068413150135,0.27564884929182926,0.0027385460995533297,-0.06339842614085894,0.9728181805394889,27,1,0.011089209414065293,0.2829659298667846,0.0739407446879399,0.009227660764237885,0,0,False,
e62c60eeb04c750b9b2668f0baa10cf837e1ca36d3cdf7441ef45a39092898fb,SQX-SOL-M15-e62c60eeb04c,SOL,LONG,D2,2021-03-11 14:45:00+00:00,2021-10-09 23:30:00+00:00,1.009236091020781,0.009236091020780934,1.0839584316565698,0.06423440890868352,0.0005432994718106318,-0.05927494040681822,0.9781115069402374,17,1,0.010297507133687682,0.1707262228134192,0.00923609102078074,0.00042034528953846344,0,0,False,
e62c60eeb04c750b9b2668f0baa10cf837e1ca36d3cdf7441ef45a39092898fb,SQX-SOL-M15-e62c60eeb04c,SOL,LONG,D3,2021-10-09 23:30:00+00:00,2022-05-10 08:15:00+00:00,1.0285655076238338,0.028565507623833808,1.3505874614489632,0.1974109173886932,0.0019043671749222437,-0.07589491133744339,0.9548668980004122,15,1,0.010389651505547506,0.15018370233721218,0.028565507623833655,9.84364192265913e-05,0,0,False,
e62c60eeb04c750b9b2668f0baa10cf837e1ca36d3cdf7441ef45a39092898fb,SQX-SOL-M15-e62c60eeb04c,SOL,LONG,D4,2022-05-10 08:15:00+00:00,2022-12-08 17:00:00+00:00,0.9957678740766924,-0.0042321259233075725,0.9583123464277399,-0.01718738297893463,-0.0002645078702067235,-0.05274533257658254,0.9656654270497488,16,1,0.010093057869030014,0.157823178307081,-0.004232125923307576,0.0005511017016467772,0,0,False,
e62c60eeb04c750b9b2668f0baa10cf837e1ca36d3cdf7441ef45a39092898fb,SQX-SOL-M15-e62c60eeb04c,SOL,LONG,D5,2022-12-08 17:00:00+00:00,2023-07-09 01:45:00+00:00,1.113176181045927,0.11317618104592708,2.124621949890622,0.5481705347089472,0.0056588090522963624,-0.04696413787351558,0.9920798032649077,20,1,0.011447056986184685,0.21601491201662537,0.11317618104592725,0.0018496038073257236,0,0,False,
e62c60eeb04c750b9b2668f0baa10cf837e1ca36d3cdf7441ef45a39092898fb,SQX-SOL-M15-e62c60eeb04c,SOL,LONG,D6,2023-07-09 01:45:00+00:00,2024-02-06 10:30:00+00:00,1.02924419927603,0.029244199276029947,1.4132089468860736,0.2149173774652436,0.0020888713768592838,-0.04036145899430006,0.9793032456074139,14,1,0.010396889181046023,0.13993434830452978,0.029244199276029975,0.00041091318942720716,0,0,False,
bfde0d019b66131a8bf9f7e04382379fc30c4bf83ebfbb95fd19ebd03f913a8f,SQX-SOL-M15-bfde0d019b66,SOL,LONG,D1,2020-08-11 06:00:00+00:00,2021-03-11 14:45:00+00:00,0.9944342648929149,-0.005565735107085135,0.9799925501168568,-0.0040325029066353825,-9.596095012216237e-05,-0.07146927001461602,0.9572855737966385,58,1,0.010203673879675976,0.5714640315024726,-0.005565735107085417,0.01388671718106057,0,0,False,
bfde0d019b66131a8bf9f7e04382379fc30c4bf83ebfbb95fd19ebd03f913a8f,SQX-SOL-M15-bfde0d019b66,SOL,LONG,D2,2021-03-11 14:45:00+00:00,2021-10-09 23:30:00+00:00,1.0116825623816414,0.011682562381641448,1.0336971736617746,0.020986636159479308,0.00015787246461676412,-0.07079640538081708,0.9894097668650207,74,1,0.010668271877499622,0.7649604065413604,0.011682562381640544,0.001043959160125403,0,0,False,
bfde0d019b66131a8bf9f7e04382379fc30c4bf83ebfbb95fd19ebd03f913a8f,SQX-SOL-M15-bfde0d019b66,SOL,LONG,D3,2021-10-09 23:30:00+00:00,2022-05-10 08:15:00+00:00,0.9781995654640026,-0.02180043453599745,0.9274086692221295,-0.03028301523414832,-0.0003573841727212704,-0.11060403819186933,0.8983000742094849,61,1,0.01,0.5789226899880322,-0.021800434535997497,0.0004109918501796657,0,0,False,
bfde0d019b66131a8bf9f7e04382379fc30c4bf83ebfbb95fd19ebd03f913a8f,SQX-SOL-M15-bfde0d019b66,SOL,LONG,D4,2022-05-10 08:15:00+00:00,2022-12-08 17:00:00+00:00,1.105195217897631,0.10519521789763098,1.489060373999604,0.2104784493293028,0.002146841181584303,-0.05449473038639453,0.9927132339715155,49,1,0.011165206138186896,0.5223217428176081,0.10519521789763085,0.0013621703061974695,0,0,False,
bfde0d019b66131a8bf9f7e04382379fc30c4bf83ebfbb95fd19ebd03f913a8f,SQX-SOL-M15-bfde0d019b66,SOL,LONG,D5,2022-12-08 17:00:00+00:00,2023-07-09 01:45:00+00:00,1.009380496010751,0.009380496010751083,1.0490106108722577,0.02597265490439003,0.00020845546690557821,-0.16287689903919517,0.8458653198150657,45,1,0.01,0.43405764673812125,0.00938049601075102,0.0024722490894807016,0,0,False,
bfde0d019b66131a8bf9f7e04382379fc30c4bf83ebfbb95fd19ebd03f913a8f,SQX-SOL-M15-bfde0d019b66,SOL,LONG,D6,2023-07-09 01:45:00+00:00,2024-02-06 10:30:00+00:00,1.076534482716004,0.07653448271600394,1.3947717486956515,0.1700121667906584,0.0017007662825778763,-0.06960621440445958,0.9659820992057389,45,1,0.010874350241850099,0.45487063650748494,0.07653448271600444,0.001056831484448486,0,0,False,
85243f314f0b62fb46cff8c3a02303bbc8abaf0bed9307ed6a9672fbda4e05f7,SQX-SOL-M15-85243f314f0b,SOL,LONG,D1,2020-08-11 06:00:00+00:00,2021-03-11 14:45:00+00:00,1.0284695719953953,0.02846957199539535,1.1929952832959807,0.12031549388785891,0.0011387828798158067,-0.07264800766718221,0.9882207125213988,25,1,0.010661702258919586,0.25812079657109865,0.028469571995395165,0.012330387103402283,0,0,False,
85243f314f0b62fb46cff8c3a02303bbc8abaf0bed9307ed6a9672fbda4e05f7,SQX-SOL-M15-85243f314f0b,SOL,LONG,D2,2021-03-11 14:45:00+00:00,2021-10-09 23:30:00+00:00,1.003975082598936,0.003975082598935975,1.0976237446086141,0.06432133037392188,0.000567868942705143,-0.034780843320623256,0.9750403624512364,7,1,0.01019587586469666,0.07036741418800699,0.003975082598936001,0.00028757854040004256,0,0,False,
85243f314f0b62fb46cff8c3a02303bbc8abaf0bed9307ed6a9672fbda4e05f7,SQX-SOL-M15-85243f314f0b,SOL,LONG,D3,2021-10-09 23:30:00+00:00,2022-05-10 08:15:00+00:00,0.9930501007426185,-0.006949899257381542,0.9366735761342586,-0.03133798750765569,-0.00038610551429899237,-0.044631451972091854,0.9649375984925215,18,1,0.010133827294811423,0.17807616266443274,-0.006949899257381863,0.00037628992483246596,0,0,False,
85243f314f0b62fb46cff8c3a02303bbc8abaf0bed9307ed6a9672fbda4e05f7,SQX-SOL-M15-85243f314f0b,SOL,LONG,D4,2022-05-10 08:15:00+00:00,2022-12-08 17:00:00+00:00,1.0939458981661858,0.09394589816618582,1.8678315248182369,0.39883683004896003,0.00408460426809504,-0.06185084519537931,0.9961368299706739,23,1,0.011007237950777902,0.24265735552279902,0.09394589816618591,0.0016338229798784146,0,0,False,
85243f314f0b62fb46cff8c3a02303bbc8abaf0bed9307ed6a9672fbda4e05f7,SQX-SOL-M15-85243f314f0b,SOL,LONG,D5,2022-12-08 17:00:00+00:00,2023-07-09 01:45:00+00:00,1.098188933983898,0.09818893398389794,1.4955166217295919,0.2543394532636856,0.0025839193153657444,-0.05714941178476015,0.9894107851107081,38,1,0.011137443995362612,0.40474484284963325,0.09818893398389829,0.004705780427990679,0,0,False,
85243f314f0b62fb46cff8c3a02303bbc8abaf0bed9307ed6a9672fbda4e05f7,SQX-SOL-M15-85243f314f0b,SOL,LONG,D6,2023-07-09 01:45:00+00:00,2024-02-06 10:30:00+00:00,1.0324109638289607,0.03241096382896069,1.4479052301660653,0.23587957371810409,0.0023150688449257504,-0.05745673086263256,0.990482885149332,14,1,0.010379954012335268,0.14195421241200487,0.032410963828960505,0.0009513971619134927,0,0,False,
cb461d9f3970bd5cf84d6d249f35be0dfe9c69ecf7ddf13320058b6c46d2b47c,SQX-SOL-M15-cb461d9f3970,SOL,SHORT,D1,2020-08-11 06:00:00+00:00,2021-03-11 14:45:00+00:00,1.104937380024798,0.10493738002479791,1.3231027102970856,0.18659997329187453,0.001873881786157107,-0.08743571908515989,0.9965057962801694,56,1,0.011314136386788052,0.5983441699708288,0.104937380024798,0.012328219562637101,0,0,False,
cb461d9f3970bd5cf84d6d249f35be0dfe9c69ecf7ddf13320058b6c46d2b47c,SQX-SOL-M15-cb461d9f3970,SOL,SHORT,D2,2021-03-11 14:45:00+00:00,2021-10-09 23:30:00+00:00,1.026315292726307,0.02631529272630706,1.1236559509962594,0.08036427532213941,0.0007309803535085356,-0.06964002688117836,0.9451108911198581,36,1,0.010577572842961748,0.3619146179192379,0.026315292726307282,0.0006262876381135114,0,0,False,
cb461d9f3970bd5cf84d6d249f35be0dfe9c69ecf7ddf13320058b6c46d2b47c,SQX-SOL-M15-cb461d9f3970,SOL,SHORT,D3,2021-10-09 23:30:00+00:00,2022-05-10 08:15:00+00:00,0.9580630776552744,-0.04193692234472557,0.7990448412961157,-0.12648317779624094,-0.0013105288232726795,-0.0998255368230476,0.9397501480214288,32,1,0.010336236054809687,0.31652362469162265,-0.04193692234472574,0.00029402826099972183,0,0,False,
cb461d9f3970bd5cf84d6d249f35be0dfe9c69ecf7ddf13320058b6c46d2b47c,SQX-SOL-M15-cb461d9f3970,SOL,SHORT,D4,2022-05-10 08:15:00+00:00,2022-12-08 17:00:00+00:00,1.0987979955344211,0.09879799553442115,1.534096915389906,0.26973747727636077,0.002744388764845033,-0.068253670990941,1.0,36,1,0.011035163741467706,0.3850424328652185,0.0987979955344212,0.0014098996584792443,0,0,False,
cb461d9f3970bd5cf84d6d249f35be0dfe9c69ecf7ddf13320058b6c46d2b47c,SQX-SOL-M15-cb461d9f3970,SOL,SHORT,D5,2022-12-08 17:00:00+00:00,2023-07-09 01:45:00+00:00,0.8815300454487631,-0.11846995455123688,0.6319852596870712,-0.2453721261381002,-0.0023693990910247298,-0.13108102666520605,0.8777905688256531,50,1,0.01,0.46570642744023577,-0.11846995455123649,0.0034941938290611752,0,0,False,
cb461d9f3970bd5cf84d6d249f35be0dfe9c69ecf7ddf13320058b6c46d2b47c,SQX-SOL-M15-cb461d9f3970,SOL,SHORT,D6,2023-07-09 01:45:00+00:00,2024-02-06 10:30:00+00:00,1.1203772340235614,0.12037723402356137,1.4220830025279054,0.23593289667315523,0.002407544680471221,-0.06640253436573187,0.9669021569062188,50,1,0.011578986860825799,0.5397218414619986,0.12037723402356106,0.0018463815188529652,0,0,False,
0f5f2bfde0a9ceec57a4a9886edfbc3a7876bb4dc51f437228995d467fe63938,SQX-SOL-M15-0f5f2bfde0a9,SOL,LONG,D1,2020-08-11 06:00:00+00:00,2021-03-11 14:45:00+00:00,1.0442779090809386,0.04427790908093865,1.7986217467492727,0.36971414675170194,0.0036898257567448875,-0.1879241206044635,0.904971176215823,12,1,0.010291313332245238,0.11841059948387568,0.04427790908093865,0.006283925135350973,0,0,False,
0f5f2bfde0a9ceec57a4a9886edfbc3a7876bb4dc51f437228995d467fe63938,SQX-SOL-M15-0f5f2bfde0a9,SOL,LONG,D2,2021-03-11 14:45:00+00:00,2021-10-09 23:30:00+00:00,1.0121014799044867,0.012101479904486734,1.1333353835982138,0.08288787280639297,0.0007563424940304221,-0.046916136254633416,0.9756351902125969,16,1,0.010134505268032442,0.1587496820307742,0.012101479904486753,0.0010414888076520426,0,0,False,
0f5f2bfde0a9ceec57a4a9886edfbc3a7876bb4dc51f437228995d467fe63938,SQX-SOL-M15-0f5f2bfde0a9,SOL,LONG,D3,2021-10-09 23:30:00+00:00,2022-05-10 08:15:00+00:00,1.053828022856976,0.05382802285697608,1.4603331260167034,0.24639916957641927,0.002446728311680711,-0.07649847384798969,0.985519619578283,22,1,0.01103215604709776,0.23052445960401954,0.053828022856975646,0.00048530207046320294,0,0,False,
0f5f2bfde0a9ceec57a4a9886edfbc3a7876bb4dc51f437228995d467fe63938,SQX-SOL-M15-0f5f2bfde0a9,SOL,LONG,D4,2022-05-10 08:15:00+00:00,2022-12-08 17:00:00+00:00,1.0222520079150317,0.02225200791503168,1.106215986795682,0.06714505945108522,0.0006014056193251692,-0.2509829772604495,0.9426124346288695,37,1,0.010075751999068724,0.36261939092822365,0.022252007915031263,0.002853833692447367,0,0,False,
0f5f2bfde0a9ceec57a4a9886edfbc3a7876bb4dc51f437228995d467fe63938,SQX-SOL-M15-0f5f2bfde0a9,SOL,LONG,D5,2022-12-08 17:00:00+00:00,2023-07-09 01:45:00+00:00,0.9464656979643089,-0.053534302035691095,0.7931807886627107,-0.1338055310157064,-0.0013726744111715776,-0.10715266542101991,0.9503325685893198,39,1,0.010530303282329005,0.39062554174098435,-0.053534302035691525,0.007966725023209732,0,0,False,
0f5f2bfde0a9ceec57a4a9886edfbc3a7876bb4dc51f437228995d467fe63938,SQX-SOL-M15-0f5f2bfde0a9,SOL,LONG,D6,2023-07-09 01:45:00+00:00,2024-02-06 10:30:00+00:00,1.0653906147222003,0.06539061472220031,1.4511179717403753,0.2342992651741052,0.0023353790972214577,-0.0832837766427819,0.9399123345052416,28,1,0.010603235203634554,0.28389953186345895,0.06539061472220081,0.002538829225704106,0,0,False,
e1c741afba114d575e97fe08fbbeb47b28a5fd431b5352f51f093ff03babdebe,SQX-SOL-M15-e1c741afba11,SOL,LONG,D1,2020-08-11 06:00:00+00:00,2021-03-11 14:45:00+00:00,1.011458208081591,0.011458208081591037,1.0493344123627915,0.03098970000875598,0.00024909148003459216,-0.10295453879893628,0.9874569829700958,46,1,0.010892218255040125,0.47681656486959717,0.01145820808159124,0.007041114488663071,0,0,False,
e1c741afba114d575e97fe08fbbeb47b28a5fd431b5352f51f093ff03babdebe,SQX-SOL-M15-e1c741afba11,SOL,LONG,D2,2021-03-11 14:45:00+00:00,2021-10-09 23:30:00+00:00,1.1666928467385964,0.1666928467385964,1.785225286498389,0.30368760418942276,0.00320563166804993,-0.05960457000815843,0.9498729725865293,52,1,0.011599355715555894,0.5410317531678521,0.16669284673859636,0.0006714026489452636,0,0,False,
e1c741afba114d575e97fe08fbbeb47b28a5fd431b5352f51f093ff03babdebe,SQX-SOL-M15-e1c741afba11,SOL,LONG,D3,2021-10-09 23:30:00+00:00,2022-05-10 08:15:00+00:00,0.8299674781673476,-0.17003252183265238,0.45048450853558386,-0.34011053141165853,-0.0031487504043083776,-0.1831128375259083,0.8250605250415675,54,1,0.01,0.48865948922093483,-0.17003252183265238,0.00028605482154021,0,0,False,
e1c741afba114d575e97fe08fbbeb47b28a5fd431b5352f51f093ff03babdebe,SQX-SOL-M15-e1c741afba11,SOL,LONG,D4,2022-05-10 08:15:00+00:00,2022-12-08 17:00:00+00:00,1.04760440391884,0.04760440391883991,1.2590253145779018,0.11920867909727383,0.0011610830224107309,-0.05909878424029802,0.9917213411485029,41,1,0.011003072965146672,0.43239083774155923,0.047604403918839966,0.0008820532684043533,0,0,False,
e1c741afba114d575e97fe08fbbeb47b28a5fd431b5352f51f093ff03babdebe,SQX-SOL-M15-e1c741afba11,SOL,LONG,D5,2022-12-08 17:00:00+00:00,2023-07-09 01:45:00+00:00,0.9706262245168885,-0.029373775483111486,0.917758892651692,-0.03658335261305155,-0.0004196253640444545,-0.10402792832270123,0.9343438693227313,70,1,0.010324750693397803,0.6874804492650786,-0.029373775483111816,0.002536541432652405,0,0,False,
e1c741afba114d575e97fe08fbbeb47b28a5fd431b5352f51f093ff03babdebe,SQX-SOL-M15-e1c741afba11,SOL,LONG,D6,2023-07-09 01:45:00+00:00,2024-02-06 10:30:00+00:00,1.105759983434825,0.10575998343482507,1.4979710595247464,0.20722646775061956,0.0021151996686965074,-0.07609250037468387,0.9804971410541181,50,1,0.01165818705572894,0.5424419248694043,0.10575998343482537,0.0006521195809233958,0,0,False,
a7871f5dee4ca083286a8eccbc698720632f19827c69c4117ec3e7b5175cf6b0,SQX-SOL-M15-a7871f5dee4c,SOL,LONG,D1,2020-08-11 06:00:00+00:00,2021-03-11 14:45:00+00:00,1.0230875045672965,0.02308750456729647,1.1759571263921524,0.11876830117086619,0.001099404979395062,-0.04870140701750469,0.9758115412116373,21,1,0.010441249326802493,0.21321882891989075,0.023087504567296302,0.007069102723743469,0,0,False,
a7871f5dee4ca083286a8eccbc698720632f19827c69c4117ec3e7b5175cf6b0,SQX-SOL-M15-a7871f5dee4c,SOL,LONG,D2,2021-03-11 14:45:00+00:00,2021-10-09 23:30:00+00:00,1.075296298576815,0.07529629857681508,1.7042816882571283,0.37403565644127557,0.003764814928840771,-0.0495721199877172,0.9960334625194264,20,1,0.010796780134159047,0.20918514811153438,0.07529629857681541,0.0002944622848199737,0,0,False,
a7871f5dee4ca083286a8eccbc698720632f19827c69c4117ec3e7b5175cf6b0,SQX-SOL-M15-a7871f5dee4c,SOL,LONG,D3,2021-10-09 23:30:00+00:00,2022-05-10 08:15:00+00:00,1.0760628697653827,0.07606286976538268,1.8216544214074828,0.31233633869280486,0.003169286240224299,-0.03637376125896488,1.0,24,1,0.01091976220743101,0.25485099175332027,0.07606286976538318,0.0001689532517832621,0,0,False,
a7871f5dee4ca083286a8eccbc698720632f19827c69c4117ec3e7b5175cf6b0,SQX-SOL-M15-a7871f5dee4c,SOL,LONG,D4,2022-05-10 08:15:00+00:00,2022-12-08 17:00:00+00:00,1.1037779470999807,0.10377794709998067,2.157052348220371,0.4589044824997799,0.004717179413635478,-0.06185784890188267,0.9664550187391967,22,1,0.010822061262763109,0.22294101607324723,0.1037779470999805,0.00039863030266217014,0,0,False,
a7871f5dee4ca083286a8eccbc698720632f19827c69c4117ec3e7b5175cf6b0,SQX-SOL-M15-a7871f5dee4c,SOL,LONG,D5,2022-12-08 17:00:00+00:00,2023-07-09 01:45:00+00:00,0.9493826522727601,-0.050617347727239914,0.7208980048932129,-0.1660434290495797,-0.0016872449242413322,-0.09594408550962884,0.931160946351758,30,1,0.01019705482997746,0.29280115172167936,-0.05061734772723996,0.002451821598419458,0,0,False,
a7871f5dee4ca083286a8eccbc698720632f19827c69c4117ec3e7b5175cf6b0,SQX-SOL-M15-a7871f5dee4c,SOL,LONG,D6,2023-07-09 01:45:00+00:00,2024-02-06 10:30:00+00:00,0.8977191548669885,-0.1022808451330115,0.5179689911819783,-0.3519631038840819,-0.0034093615044337258,-0.1227725498525425,0.8860864371148983,30,1,0.01,0.27996358504718954,-0.10228084513301178,0.0020166511275492866,0,0,False,
b57f4bfc1f98c8084d6ebd116992d86832fa7b69629090673ae68544feea9d70,SQX-SOL-M15-b57f4bfc1f98,SOL,SHORT,D1,2020-08-11 06:00:00+00:00,2021-03-11 14:45:00+00:00,1.0316227792583716,0.03162277925837165,1.6846625487218765,0.40130123078882973,0.003952847407296454,-0.02825638994867809,1.0,8,1,0.010539708738126912,0.08232986799498193,0.03162277925837163,0.004555920217509387,0,0,False,
b57f4bfc1f98c8084d6ebd116992d86832fa7b69629090673ae68544feea9d70,SQX-SOL-M15-b57f4bfc1f98,SOL,SHORT,D2,2021-03-11 14:45:00+00:00,2021-10-09 23:30:00+00:00,1.0924401435743833,0.09244014357438335,3.850052170556102,0.9971806391387033,0.010271127063820393,-0.027786315819064124,1.0,9,1,0.01092827590951309,0.09488856876461996,0.09244014357438354,7.696610781351802e-05,0,0,False,
b57f4bfc1f98c8084d6ebd116992d86832fa7b69629090673ae68544feea9d70,SQX-SOL-M15-b57f4bfc1f98,SOL,SHORT,D3,2021-10-09 23:30:00+00:00,2022-05-10 08:15:00+00:00,0.931241479878798,-0.06875852012120198,0.34652744085787335,-0.5406727983425511,-0.005289116932400152,-0.10508619268826137,0.9082761876385592,13,1,0.01,0.12328032422712347,-0.06875852012120197,0.00020381388505643326,0,0,False,
b57f4bfc1f98c8084d6ebd116992d86832fa7b69629090673ae68544feea9d70,SQX-SOL-M15-b57f4bfc1f98,SOL,SHORT,D4,2022-05-10 08:15:00+00:00,2022-12-08 17:00:00+00:00,0.9396363324072528,-0.06036366759274725,0.6979479444499888,-0.21380001138280974,-0.002155845271169536,-0.1054376728651392,0.9215816990673601,28,1,0.010199418157549234,0.2755655534243706,-0.060363667592747014,0.0025266911952150136,0,0,False,
b57f4bfc1f98c8084d6ebd116992d86832fa7b69629090673ae68544feea9d70,SQX-SOL-M15-b57f4bfc1f98,SOL,SHORT,D5,2022-12-08 17:00:00+00:00,2023-07-09 01:45:00+00:00,1.2184765579881909,0.21847655798819088,2.2462484732345454,0.6116997639371525,0.006620501757217922,-0.06180991842744559,0.9775613235577041,33,1,0.012436529319154763,0.37057534738216363,0.21847655798819143,0.004046894563217138,0,0,False,
b57f4bfc1f98c8084d6ebd116992d86832fa7b69629090673ae68544feea9d70,SQX-SOL-M15-b57f4bfc1f98,SOL,SHORT,D6,2023-07-09 01:45:00+00:00,2024-02-06 10:30:00+00:00,1.0172531484168554,0.017253148416855435,1.2752603874889388,0.18193028479998166,0.0017253148416855064,-0.05115040911124276,0.9969078067485272,10,1,0.01040082499519626,0.10197261151472935,0.017253148416855064,0.001065603223913773,0,0,False,
6f6fb2dff70bc9c95397e76127eea8bf0f74e86bdb33fbe0eeb298fcb22658c2,SQX-SOL-M15-6f6fb2dff70b,SOL,SHORT,D1,2020-08-11 06:00:00+00:00,2021-03-11 14:45:00+00:00,1.0588825486109903,0.05888254861099029,2.250406242415386,0.7346345641221641,0.007360318576373812,-0.02825638994867833,1.0,8,1,0.01081821172877594,0.0835593206589888,0.058882548610990494,0.004634076164410349,0,0,False,
6f6fb2dff70bc9c95397e76127eea8bf0f74e86bdb33fbe0eeb298fcb22658c2,SQX-SOL-M15-6f6fb2dff70b,SOL,SHORT,D2,2021-03-11 14:45:00+00:00,2021-10-09 23:30:00+00:00,1.1359883942246523,0.13598839422465225,5.075644161166165,1.441625083583145,0.015109821580516915,-0.029710402292371506,1.0,9,1,0.011290119939729901,0.09686598518539839,0.13598839422465223,7.904742649873439e-05,0,0,False,
6f6fb2dff70bc9c95397e76127eea8bf0f74e86bdb33fbe0eeb298fcb22658c2,SQX-SOL-M15-6f6fb2dff70b,SOL,SHORT,D3,2021-10-09 23:30:00+00:00,2022-05-10 08:15:00+00:00,0.9373487435504434,-0.0626512564495566,0.34976904526759456,-0.4909208296703741,-0.004819327419196658,-0.7868300511367888,0.24640303459509594,13,1,0.01,0.12447186504330647,-0.06265125644955656,0.00018920987017415243,0,0,False,
6f6fb2dff70bc9c95397e76127eea8bf0f74e86bdb33fbe0eeb298fcb22658c2,SQX-SOL-M15-6f6fb2dff70b,SOL,SHORT,D4,2022-05-10 08:15:00+00:00,2022-12-08 17:00:00+00:00,0.9660907552538374,-0.03390924474616264,0.8333249714544918,-0.1081662735713169,-0.0011692843015918004,-0.1042369318632897,0.9413725830682976,29,1,0.010404671367213108,0.2903108381109249,-0.03390924474616221,0.0026046879756624116,0,0,False,
6f6fb2dff70bc9c95397e76127eea8bf0f74e86bdb33fbe0eeb298fcb22658c2,SQX-SOL-M15-6f6fb2dff70b,SOL,SHORT,D5,2022-12-08 17:00:00+00:00,2023-07-09 01:45:00+00:00,1.2402025347217953,0.2402025347217953,2.546206011144987,0.710424008434135,0.007748468861993409,-0.05154684960303793,0.9774036948041057,31,1,0.012658278145476758,0.3593036237850408,0.24020253472179567,0.0035626001614378084,0,0,False,
6f6fb2dff70bc9c95397e76127eea8bf0f74e86bdb33fbe0eeb298fcb22658c2,SQX-SOL-M15-6f6fb2dff70b,SOL,SHORT,D6,2023-07-09 01:45:00+00:00,2024-02-06 10:30:00+00:00,0.9921876879679744,-0.007812312032025592,0.8721814353588382,-0.0759625243235237,-0.0008680346702250705,-0.06849725023498124,0.9658894655870465,9,1,0.01026487003153153,0.08979440997131537,-0.007812312032025634,0.0010444724858939929,0,0,False,
2329c5090edb77dc7d751dd1be5bb8360eb9634a7d7dec6a44fd60627e6d1849,SQX-SOL-M15-2329c5090edb,SOL,SHORT,D1,2020-08-11 06:00:00+00:00,2021-03-11 14:45:00+00:00,0.9071451819474604,-0.09285481805253959,0.8415268966789679,-0.11591862052280028,-0.0012217739217439388,-0.23843124971462207,0.8756286558409456,76,1,0.01137610920666757,0.7489547204682024,-0.09285481805253934,0.04504449725775675,0,0,False,
2329c5090edb77dc7d751dd1be5bb8360eb9634a7d7dec6a44fd60627e6d1849,SQX-SOL-M15-2329c5090edb,SOL,SHORT,D2,2021-03-11 14:45:00+00:00,2021-10-09 23:30:00+00:00,1.1282203951324097,0.12822039513240968,1.3127864083552072,0.22602911086825955,0.0022494806163580604,-0.12501879873633412,1.0,57,1,0.01218575822261118,0.6294394723826118,0.12822039513240943,0.003532505900064733,0,0,False,
2329c5090edb77dc7d751dd1be5bb8360eb9634a7d7dec6a44fd60627e6d1849,SQX-SOL-M15-2329c5090edb,SOL,SHORT,D3,2021-10-09 23:30:00+00:00,2022-05-10 08:15:00+00:00,1.0378345468249188,0.037834546824918824,1.1367763302090848,0.11141576437538693,0.0009956459690768195,-0.09188656245556216,0.9578381320121673,38,1,0.011090411685353985,0.40039739218663134,0.037834546824919144,0.0007960579098033049,0,0,False,
2329c5090edb77dc7d751dd1be5bb8360eb9634a7d7dec6a44fd60627e6d1849,SQX-SOL-M15-2329c5090edb,SOL,SHORT,D4,2022-05-10 08:15:00+00:00,2022-12-08 17:00:00+00:00,1.1794986792742772,0.1794986792742772,1.559609349442945,0.3748530427383483,0.003902145201614717,-0.07395708923700932,0.9998799758373954,46,1,0.01203982424168448,0.5147276416255276,0.17949867927427698,0.003084005836389077,0,0,False,
2329c5090edb77dc7d751dd1be5bb8360eb9634a7d7dec6a44fd60627e6d1849,SQX-SOL-M15-2329c5090edb,SOL,SHORT,D5,2022-12-08 17:00:00+00:00,2023-07-09 01:45:00+00:00,0.8440749899649247,-0.1559250100350753,0.6263701893371831,-0.2869903597688832,-0.0027355264918434282,-0.15710313541154206,0.8517652998266714,57,1,0.01,0.5235185700732436,-0.15592501003507542,0.009018392758457337,0,0,False,
2329c5090edb77dc7d751dd1be5bb8360eb9634a7d7dec6a44fd60627e6d1849,SQX-SOL-M15-2329c5090edb,SOL,SHORT,D6,2023-07-09 01:45:00+00:00,2024-02-06 10:30:00+00:00,0.9793208034921859,-0.020679196507814135,0.9405268295849158,-0.031763113690728206,-0.00043998290442158017,-0.11110704272237662,0.9570334491866745,47,1,0.010658326658595183,0.4724384014259546,-0.020679196507814267,0.004295196616147743,0,0,False,
480ee56515f9b4c235d9629ddf0640cf6d53e5b7d144b9625b5c558c0893a33b,SQX-SOL-M15-480ee56515f9,SOL,LONG,D1,2020-08-11 06:00:00+00:00,2021-03-11 14:45:00+00:00,0.8789786747021,-0.1210213252979,0.7692967432083798,-0.13991181471834144,-0.0013752423329306805,-0.6367923857997794,0.49290696254718536,88,1,0.010048431415039883,0.8082170469877294,-0.12102132529789988,0.03669359457726647,0,0,False,
480ee56515f9b4c235d9629ddf0640cf6d53e5b7d144b9625b5c558c0893a33b,SQX-SOL-M15-480ee56515f9,SOL,LONG,D2,2021-03-11 14:45:00+00:00,2021-10-09 23:30:00+00:00,1.2169608856977534,0.2169608856977534,2.0635896575972734,0.39974058600880447,0.004339217713955066,-0.03826355731607116,0.9807799707762932,50,1,0.012131105722015728,0.5358492088773554,0.21696088569775332,0.00129821043570005,0,0,False,
480ee56515f9b4c235d9629ddf0640cf6d53e5b7d144b9625b5c558c0893a33b,SQX-SOL-M15-480ee56515f9,SOL,LONG,D3,2021-10-09 23:30:00+00:00,2022-05-10 08:15:00+00:00,1.0766543123776622,0.07665431237766218,1.2668776905743548,0.14353506448463663,0.0014195243032900486,-0.19106907906131665,0.9730196811640481,54,1,0.010992944314996372,0.5690218892359622,0.07665431237766263,0.000563741424716142,0,0,False,
480ee56515f9b4c235d9629ddf0640cf6d53e5b7d144b9625b5c558c0893a33b,SQX-SOL-M15-480ee56515f9,SOL,LONG,D4,2022-05-10 08:15:00+00:00,2022-12-08 17:00:00+00:00,0.9488326576198112,-0.05116734238018883,0.849765668426876,-0.08401279953651795,-0.0008821955582791187,-0.10245684541774779,0.91859790356441,58,1,0.010133003430107528,0.5558886806803123,-0.051167342380188885,0.003209839012767635,0,0,False,
480ee56515f9b4c235d9629ddf0640cf6d53e5b7d144b9625b5c558c0893a33b,SQX-SOL-M15-480ee56515f9,SOL,LONG,D5,2022-12-08 17:00:00+00:00,2023-07-09 01:45:00+00:00,1.1380021793235895,0.1380021793235895,1.416017898826828,0.20570330322642652,0.002123110451132154,-0.08918692353520023,0.9844157916209232,65,1,0.01153387508227439,0.6974334672429955,0.13800217932359,0.007573294251968163,0,0,False,
480ee56515f9b4c235d9629ddf0640cf6d53e5b7d144b9625b5c558c0893a33b,SQX-SOL-M15-480ee56515f9,SOL,LONG,D6,2023-07-09 01:45:00+00:00,2024-02-06 10:30:00+00:00,0.8141196647384413,-0.18588033526155867,0.4291251533753467,-0.42244813912594825,-0.003872506984615807,-0.30617474790822086,0.7729561810638639,48,1,0.010028861643953581,0.4296133195956704,-0.18588033526155873,0.00394513757217577,0,0,False,
070fc69cde7d02e5c573324d7be6f0bc5bd963d202ace47b03954c0552981f71,SQX-SOL-M15-070fc69cde7d,SOL,SHORT,D1,2020-08-11 06:00:00+00:00,2021-03-11 14:45:00+00:00,0.9171991182967127,-0.08280088170328725,0.6623779599451345,-0.21501338274419793,-0.0021230995308535207,-0.11658983655080211,0.8933236702839271,39,1,0.01,0.3702649343908558,-0.08280088170328731,0.008637342091641544,0,0,False,
070fc69cde7d02e5c573324d7be6f0bc5bd963d202ace47b03954c0552981f71,SQX-SOL-M15-070fc69cde7d,SOL,SHORT,D2,2021-03-11 14:45:00+00:00,2021-10-09 23:30:00+00:00,1.0301076972034482,0.03010769720344819,1.2057355398787235,0.1133314524399699,0.0010752749001231604,-0.05669677464771014,0.9636628861890078,28,1,0.010411135106822416,0.27888931276795853,0.030107697203448493,0.0003849931957642487,0,0,False,
070fc69cde7d02e5c573324d7be6f0bc5bd963d202ace47b03954c0552981f71,SQX-SOL-M15-070fc69cde7d,SOL,SHORT,D3,2021-10-09 23:30:00+00:00,2022-05-10 08:15:00+00:00,0.939151377094656,-0.060848622905343985,0.658215592170036,-0.20334755431755341,-0.002028287430178126,-0.11317907464643957,0.9146246871653706,30,1,0.010211360016056817,0.28859838791747566,-0.06084862290534378,0.00018583880974904453,0,0,False,
070fc69cde7d02e5c573324d7be6f0bc5bd963d202ace47b03954c0552981f71,SQX-SOL-M15-070fc69cde7d,SOL,SHORT,D4,2022-05-10 08:15:00+00:00,2022-12-08 17:00:00+00:00,1.0411500505068294,0.041150050506829405,1.5348047496073098,0.21841076879773133,0.0021657921319383857,-0.057916582992837716,0.998689576653522,19,1,0.010601573082464313,0.1970666241264486,0.04115005050682933,0.00033931976576623453,0,0,False,
070fc69cde7d02e5c573324d7be6f0bc5bd963d202ace47b03954c0552981f71,SQX-SOL-M15-070fc69cde7d,SOL,SHORT,D5,2022-12-08 17:00:00+00:00,2023-07-09 01:45:00+00:00,1.089168959666064,0.08916895966606408,1.6823657200621176,0.3128826440174763,0.0031846057023594354,-0.0725999123623909,0.9857237004322876,28,1,0.011114232725107314,0.29496129713662483,0.0891689596660642,0.0012185447688034794,0,0,False,
070fc69cde7d02e5c573324d7be6f0bc5bd963d202ace47b03954c0552981f71,SQX-SOL-M15-070fc69cde7d,SOL,SHORT,D6,2023-07-09 01:45:00+00:00,2024-02-06 10:30:00+00:00,1.0185040524761941,0.018504052476194133,1.192971664972258,0.09776598309513747,0.0009252026238097046,-0.06543875213088715,1.0,20,1,0.010717935762081948,0.2070243447217923,0.01850405247619409,0.0006182244861771165,0,0,False,
6fbc6000a9f0cee46abe354351c92b0fb83e0780ee0e64bdb3b8a732bf0bc14e,SQX-SOL-M15-6fbc6000a9f0,SOL,LONG,D1,2020-08-11 06:00:00+00:00,2021-03-11 14:45:00+00:00,0.9994570724260319,-0.0005429275739681216,0.9970120259425616,0.003362386132896147,-1.4673718215333354e-05,-0.057785477934101805,0.9861469512055038,37,1,0.010410887388928376,0.37463792061379564,-0.0005429275739673341,0.00862712381799738,0,0,False,
6fbc6000a9f0cee46abe354351c92b0fb83e0780ee0e64bdb3b8a732bf0bc14e,SQX-SOL-M15-6fbc6000a9f0,SOL,LONG,D2,2021-03-11 14:45:00+00:00,2021-10-09 23:30:00+00:00,0.944320773407745,-0.05567922659225499,0.71677297243741,-0.15007158968601225,-0.0015048439619528365,-0.2718208274245257,0.9087021944908225,37,1,0.01,0.3521778292413366,-0.05567922659225495,0.0008027805062561077,0,0,False,
6fbc6000a9f0cee46abe354351c92b0fb83e0780ee0e64bdb3b8a732bf0bc14e,SQX-SOL-M15-6fbc6000a9f0,SOL,LONG,D3,2021-10-09 23:30:00+00:00,2022-05-10 08:15:00+00:00,1.1137547462589958,0.11375474625899584,2.4906217436185316,0.41916398198216603,0.0043751825484229295,-0.052015248009953205,0.9963721990753757,26,1,0.011367390199691848,0.27599218121888575,0.11375474625899616,0.00013569195234668617,0,0,False,
6fbc6000a9f0cee46abe354351c92b0fb83e0780ee0e64bdb3b8a732bf0bc14e,SQX-SOL-M15-6fbc6000a9f0,SOL,LONG,D4,2022-05-10 08:15:00+00:00,2022-12-08 17:00:00+00:00,0.9973957670326375,-0.002604232967362452,0.9846342040790866,-0.002598912750872949,-7.440665621036216e-05,-0.29659484988764706,0.8505644146226385,35,1,0.010301886904586506,0.3456158389609374,-0.002604232967362676,0.0007169772460171812,0,0,False,
6fbc6000a9f0cee46abe354351c92b0fb83e0780ee0e64bdb3b8a732bf0bc14e,SQX-SOL-M15-6fbc6000a9f0,SOL,LONG,D5,2022-12-08 17:00:00+00:00,2023-07-09 01:45:00+00:00,1.027559272876073,0.02755927287607296,1.1678854108078307,0.08027446053710466,0.00076553535766869,-0.04621947673462707,0.9837021787317186,36,1,0.010507310751271424,0.369256007430284,0.027559272876072842,0.001606414507248034,0,0,False,
6fbc6000a9f0cee46abe354351c92b0fb83e0780ee0e64bdb3b8a732bf0bc14e,SQX-SOL-M15-6fbc6000a9f0,SOL,LONG,D6,2023-07-09 01:45:00+00:00,2024-02-06 10:30:00+00:00,1.06368884549048,0.06368884549048004,1.542304259141046,0.20389815129190939,0.0020544788867896697,-0.16316501930737054,0.8452746497607854,31,1,0.010746080549600969,0.31178140164288676,0.06368884549047976,0.0007429318084628007,0,0,False,
69cecc61c746b640d6310c1b214d89529e6e24aa4dd10b8d67c652a8024dd580,SQX-SOL-M15-69cecc61c746,SOL,LONG,D1,2020-08-11 06:00:00+00:00,2021-03-11 14:45:00+00:00,1.0074709395302546,0.007470939530254572,1.0850788322353246,0.04055743463988381,0.00035575902525023076,-0.06301065133007108,0.9466270999583093,21,1,0.010195244669625238,0.20985987455722935,0.007470939530254846,0.002701859519596223,0,0,False,
69cecc61c746b640d6310c1b214d89529e6e24aa4dd10b8d67c652a8024dd580,SQX-SOL-M15-69cecc61c746,SOL,LONG,D2,2021-03-11 14:45:00+00:00,2021-10-09 23:30:00+00:00,1.0405381507026505,0.040538150702650544,1.5137180883404353,0.20460380932677205,0.0020269075351324827,-0.03858358977825848,0.9973546441302362,20,1,0.010485308209562684,0.20618265953305118,0.040538150702649656,0.00011565184832022617,0,0,False,
69cecc61c746b640d6310c1b214d89529e6e24aa4dd10b8d67c652a8024dd580,SQX-SOL-M15-69cecc61c746,SOL,LONG,D3,2021-10-09 23:30:00+00:00,2022-05-10 08:15:00+00:00,1.0332364536519898,0.033236453651989795,1.4873295497314127,0.13967873377454623,0.0013848522354995539,-0.03594526120665351,1.0,24,1,0.010445278096830603,0.24730123086325953,0.033236453651989295,6.78795830684302e-05,0,0,False,
69cecc61c746b640d6310c1b214d89529e6e24aa4dd10b8d67c652a8024dd580,SQX-SOL-M15-69cecc61c746,SOL,LONG,D4,2022-05-10 08:15:00+00:00,2022-12-08 17:00:00+00:00,1.0641290446262783,0.06412904462627833,2.1313839336148592,0.28750467373625743,0.0029149565739217485,-0.05668901557188624,0.9679764457131187,22,1,0.010532052267939636,0.222097667081311,0.06412904462627847,0.00012444908367518874,0,0,False,
69cecc61c746b640d6310c1b214d89529e6e24aa4dd10b8d67c652a8024dd580,SQX-SOL-M15-69cecc61c746,SOL,LONG,D5,2022-12-08 17:00:00+00:00,2023-07-09 01:45:00+00:00,0.9552605192101701,-0.04473948078982992,0.654899656911888,-0.1486647141831044,-0.0014913160263276598,-0.06274315895040238,0.9469409325457797,30,1,0.01,0.29192887313853055,-0.0447394807898298,0.0012859982184934247,0,0,False,
69cecc61c746b640d6310c1b214d89529e6e24aa4dd10b8d67c652a8024dd580,SQX-SOL-M15-69cecc61c746,SOL,LONG,D6,2023-07-09 01:45:00+00:00,2024-02-06 10:30:00+00:00,0.9878842452361806,-0.01211575476381943,0.898232527194761,-0.03641322169106041,-0.00040385849212733345,-0.04527662954104601,0.964327227848373,30,1,0.010320823417428874,0.29921530902660154,-0.012115754763820003,0.00038229740437031,0,0,False,
14817a0b7f6adc4acdc53e84a21f4aae00dd98c01af63dd2d694aa5a354fa840,SQX-SOL-M15-14817a0b7f6a,SOL,LONG,D1,2020-08-11 06:00:00+00:00,2021-03-11 14:45:00+00:00,1.0311748273362065,0.031174827336206468,1.1664726942618708,0.06336781946802042,0.0006112711242393294,-0.35875282720338364,0.8595960681519466,51,1,0.01097401021410844,0.5346212150482501,0.031174827336205798,0.005576093484334393,0,0,False,
14817a0b7f6adc4acdc53e84a21f4aae00dd98c01af63dd2d694aa5a354fa840,SQX-SOL-M15-14817a0b7f6a,SOL,LONG,D2,2021-03-11 14:45:00+00:00,2021-10-09 23:30:00+00:00,0.9947529024293459,-0.005247097570654113,0.9592428630745226,-0.012982882481651227,-0.00016397179908294294,-0.05449058797117202,0.9656396938422364,32,1,0.01011131646019119,0.3179577772285934,-0.005247097570654174,0.0004410326735437165,0,0,False,
14817a0b7f6adc4acdc53e84a21f4aae00dd98c01af63dd2d694aa5a354fa840,SQX-SOL-M15-14817a0b7f6a,SOL,LONG,D3,2021-10-09 23:30:00+00:00,2022-05-10 08:15:00+00:00,1.0874914463373455,0.08749144633734551,1.7485885728020565,0.21286084394829455,0.002187286158433637,-0.04854779837860816,1.0,40,1,0.011256118055556328,0.4236753471725369,0.08749144633734547,0.0002260481257618189,0,0,False,
14817a0b7f6adc4acdc53e84a21f4aae00dd98c01af63dd2d694aa5a354fa840,SQX-SOL-M15-14817a0b7f6a,SOL,LONG,D4,2022-05-10 08:15:00+00:00,2022-12-08 17:00:00+00:00,0.9271386766477586,-0.07286132335224138,0.6839766749194667,-0.14214469460204004,-0.0014011792952354103,-0.34167591282319254,0.9156651517746506,52,1,0.01036692299891208,0.5086650810651946,-0.07286132335224134,0.0014011903040437763,0,0,False,
14817a0b7f6adc4acdc53e84a21f4aae00dd98c01af63dd2d694aa5a354fa840,SQX-SOL-M15-14817a0b7f6a,SOL,LONG,D5,2022-12-08 17:00:00+00:00,2023-07-09 01:45:00+00:00,1.0066975425753923,0.006697542575392346,1.0401177441373775,0.0159298798391039,0.00013132436422338568,-0.11003862721372919,0.9396377445578795,51,1,0.010156074568852227,0.5014357657083256,0.00669754257539267,0.0013715170486683394,0,0,False,
14817a0b7f6adc4acdc53e84a21f4aae00dd98c01af63dd2d694aa5a354fa840,SQX-SOL-M15-14817a0b7f6a,SOL,LONG,D6,2023-07-09 01:45:00+00:00,2024-02-06 10:30:00+00:00,0.9826225912523002,-0.017377408747699774,0.8715070780795304,-0.04704490880357919,-0.0004964973927914154,-0.08441826966121803,0.9746756801540377,35,1,0.010539774567515996,0.35802739410533585,-0.01737740874769954,0.0005409430310291206,0,0,False,
6531e6be47ee4983f392a6e69735457f4b6d4f9d108b174821bf6ab1476ec8c6,SQX-SOL-M15-6531e6be47ee,SOL,LONG,D1,2020-08-11 06:00:00+00:00,2021-03-11 14:45:00+00:00,0.9989273172179026,-0.0010726827820973783,0.9934095538114281,0.0013392784920811828,-2.899142654317281e-05,-0.060989466547716704,0.9715366437099677,37,1,0.010245300797926002,0.37077203739546655,-0.001072682782097394,0.00799184314296353,0,0,False,
6531e6be47ee4983f392a6e69735457f4b6d4f9d108b174821bf6ab1476ec8c6,SQX-SOL-M15-6531e6be47ee,SOL,LONG,D2,2021-03-11 14:45:00+00:00,2021-10-09 23:30:00+00:00,0.9337817487816262,-0.06621825121837377,0.6657107126923475,-0.1805107162099312,-0.0017896824653614544,-0.27182082742452557,0.9081808139148135,37,1,0.01,0.3513228414874081,-0.06621825121837381,0.000802804676142398,0,0,False,
6531e6be47ee4983f392a6e69735457f4b6d4f9d108b174821bf6ab1476ec8c6,SQX-SOL-M15-6531e6be47ee,SOL,LONG,D3,2021-10-09 23:30:00+00:00,2022-05-10 08:15:00+00:00,1.1022240958443026,0.10222409584430259,2.413075244216633,0.3786828493717635,0.0039316959940116445,-0.05201524800995306,0.9963721990753757,26,1,0.011249704144516483,0.2749007122536532,0.10222409584430277,0.00012638003697788315,0,0,False,
6531e6be47ee4983f392a6e69735457f4b6d4f9d108b174821bf6ab1476ec8c6,SQX-SOL-M15-6531e6be47ee,SOL,LONG,D4,2022-05-10 08:15:00+00:00,2022-12-08 17:00:00+00:00,0.9963382123460808,-0.003661787653919224,0.9757823215396295,-0.006271170173688849,-0.00010462250439769444,-0.29659484988764706,0.8505644146226385,35,1,0.010301886904586506,0.34355001034120486,-0.0036617876539193055,0.0005972044048467885,0,0,False,
6531e6be47ee4983f392a6e69735457f4b6d4f9d108b174821bf6ab1476ec8c6,SQX-SOL-M15-6531e6be47ee,SOL,LONG,D5,2022-12-08 17:00:00+00:00,2023-07-09 01:45:00+00:00,1.0138087893877827,0.013808789387782738,1.089127302283657,0.04227989660559299,0.0003835774829939546,-0.0502632636680033,0.9837021787317186,36,1,0.0105590612808622,0.3685866760158461,0.013808789387782365,0.0014697785583665957,0,0,False,
6531e6be47ee4983f392a6e69735457f4b6d4f9d108b174821bf6ab1476ec8c6,SQX-SOL-M15-6531e6be47ee,SOL,LONG,D6,2023-07-09 01:45:00+00:00,2024-02-06 10:30:00+00:00,1.0245723930752417,0.024572393075241727,1.21178209507024,0.08224597515055888,0.0007926578411368366,-0.1619391519262438,0.8495985545091956,31,1,0.01035090055852477,0.30610687688164023,0.024572393075241936,0.0005732543495510448,0,0,False,
f843ea923d14327c43527f705c19ac1a845cf32af8282798c0cf8f8378f79046,SQX-SOL-M15-f843ea923d14,SOL,LONG,D1,2020-08-11 06:00:00+00:00,2021-03-11 14:45:00+00:00,1.041490031959511,0.041490031959511064,1.1571711985434137,0.12138614795135351,0.00109184294630292,-0.10493381281309844,0.9285235298627331,38,1,0.010268340834226064,0.3727983545711804,0.04149003195951095,0.01569828508851511,0,0,False,
f843ea923d14327c43527f705c19ac1a845cf32af8282798c0cf8f8378f79046,SQX-SOL-M15-f843ea923d14,SOL,LONG,D2,2021-03-11 14:45:00+00:00,2021-10-09 23:30:00+00:00,0.9630498751273561,-0.03695012487264393,0.8283778133774952,-0.1175709012968397,-0.0012741422369877172,-0.24468667613004585,0.7628885375549523,29,1,0.010333133888683588,0.2816677552212613,-0.0369501248726438,0.0005726350118930874,0,0,False,
f843ea923d14327c43527f705c19ac1a845cf32af8282798c0cf8f8378f79046,SQX-SOL-M15-f843ea923d14,SOL,LONG,D3,2021-10-09 23:30:00+00:00,2022-05-10 08:15:00+00:00,1.0156958908485454,0.01569589084854539,1.078655145814146,0.06904132441835667,0.0005605675303051796,-0.07043647418725865,0.9819717770766171,28,1,0.010695949812705982,0.28668333860735756,0.01569589084854503,0.00035649394482534236,0,0,False,
f843ea923d14327c43527f705c19ac1a845cf32af8282798c0cf8f8378f79046,SQX-SOL-M15-f843ea923d14,SOL,LONG,D4,2022-05-10 08:15:00+00:00,2022-12-08 17:00:00+00:00,0.9777803987403825,-0.022219601259617527,0.9197538519609999,-0.04619953194942838,-0.0005847263489373038,-0.12211850566094153,0.9103041434441405,38,1,0.010266329655259823,0.36946023464816435,-0.022219601259617545,0.0032474485181717815,0,0,False,
f843ea923d14327c43527f705c19ac1a845cf32af8282798c0cf8f8378f79046,SQX-SOL-M15-f843ea923d14,SOL,LONG,D5,2022-12-08 17:00:00+00:00,2023-07-09 01:45:00+00:00,1.0582719148684374,0.05827191486843741,1.2407570746450143,0.17169436469250504,0.0016186643019010462,-0.124131095336488,0.8850670187921997,36,1,0.010414541353660245,0.3542994343269714,0.05827191486843766,0.005103913441144662,0,0,False,
f843ea923d14327c43527f705c19ac1a845cf32af8282798c0cf8f8378f79046,SQX-SOL-M15-f843ea923d14,SOL,LONG,D6,2023-07-09 01:45:00+00:00,2024-02-06 10:30:00+00:00,0.952193273362964,-0.047806726637036,0.8562410527440776,-0.09660995278793859,-0.00106237170304525,-0.09629210726449684,0.9381735017584443,45,1,0.01027779585162048,0.4439832848733114,-0.04780672663703625,0.0029140217229744227,0,0,False,
d55f98544c690dd56c126a962e1a4f944f32965fb4a8cb111f692c334837fe41,SQX-SOL-M15-d55f98544c69,SOL,LONG,D1,2020-08-11 06:00:00+00:00,2021-03-11 14:45:00+00:00,0.977415819058925,-0.02258418094107495,0.7865048770409971,-0.12643286170709714,-0.0013284812318279451,-0.088476352684364,0.9390976949789592,17,1,0.010196220119408643,0.1674162095403239,-0.022584180941075067,0.007227560404767786,0,0,False,
d55f98544c690dd56c126a962e1a4f944f32965fb4a8cb111f692c334837fe41,SQX-SOL-M15-d55f98544c69,SOL,LONG,D2,2021-03-11 14:45:00+00:00,2021-10-09 23:30:00+00:00,0.9582336354950066,-0.04176636450499338,0.7365779465273778,-0.18486503699808293,-0.0018984711138633462,-0.06112946244192813,0.9559399791265665,22,1,0.01007989463238156,0.21643331621019485,-0.04176636450499362,0.0005630633624817277,0,0,False,
d55f98544c690dd56c126a962e1a4f944f32965fb4a8cb111f692c334837fe41,SQX-SOL-M15-d55f98544c69,SOL,LONG,D3,2021-10-09 23:30:00+00:00,2022-05-10 08:15:00+00:00,1.022424020876501,0.022424020876500972,1.2203388522894636,0.1404240884120193,0.0013190600515588864,-0.052637007174253896,0.9799501644985895,17,1,0.010334765041310206,0.1717335462288101,0.02242402087650107,0.00013303353372229668,0,0,False,
d55f98544c690dd56c126a962e1a4f944f32965fb4a8cb111f692c334837fe41,SQX-SOL-M15-d55f98544c69,SOL,LONG,D4,2022-05-10 08:15:00+00:00,2022-12-08 17:00:00+00:00,1.0377176894655176,0.03771768946551757,1.881068362477865,0.4223909354380501,0.004190854385057483,-0.03096704936112854,0.9945637069557056,9,1,0.01029861370925094,0.09153792327733473,0.037717689465517346,0.0003427518334166539,0,0,False,
d55f98544c690dd56c126a962e1a4f944f32965fb4a8cb111f692c334837fe41,SQX-SOL-M15-d55f98544c69,SOL,LONG,D5,2022-12-08 17:00:00+00:00,2023-07-09 01:45:00+00:00,1.0037090257981411,0.003709025798141141,1.1197814488374764,0.06945988298517243,0.0006181709663568603,-0.032966086923410916,0.9809841308147577,6,1,0.010042861633577161,0.05961640620168081,0.003709025798141162,0.0003339767293125233,0,0,False,
d55f98544c690dd56c126a962e1a4f944f32965fb4a8cb111f692c334837fe41,SQX-SOL-M15-d55f98544c69,SOL,LONG,D6,2023-07-09 01:45:00+00:00,2024-02-06 10:30:00+00:00,1.0334110856564662,0.03341108565646622,1.9399068868104,0.4208716157036454,0.00417638570705827,-0.07760575458042268,0.9325347784566244,8,1,0.010131603660381589,0.0793296803759952,0.03341108565646616,7.623712086738885e-05,0,0,False,
65a852f097475874d171bfbcf6f8889aba6a4424d60e67ebb24d6fd2ee77c50f,SQX-SOL-M15-65a852f09747,SOL,LONG,D1,2020-08-11 06:00:00+00:00,2021-03-11 14:45:00+00:00,1.0422543726931606,0.04225437269316057,1.7728506357010723,0.4261252849884888,0.0042254372693160454,-0.03839940904895969,0.9801650878436516,10,1,0.010220959488725222,0.10028721805667332,0.04225437269316046,0.0043751980798690335,0,0,False,
65a852f097475874d171bfbcf6f8889aba6a4424d60e67ebb24d6fd2ee77c50f,SQX-SOL-M15-65a852f09747,SOL,LONG,D2,2021-03-11 14:45:00+00:00,2021-10-09 23:30:00+00:00,1.0283111095113722,0.028311109511372168,1.4026437008912502,0.24380043435439958,0.0023592591259476853,-0.04319747764789625,0.966464784921646,12,1,0.010387062958249592,0.11931048142864012,0.028311109511372223,0.00045541028545359637,0,0,False,
65a852f097475874d171bfbcf6f8889aba6a4424d60e67ebb24d6fd2ee77c50f,SQX-SOL-M15-65a852f09747,SOL,LONG,D3,2021-10-09 23:30:00+00:00,2022-05-10 08:15:00+00:00,0.9698327106644511,-0.030167289335548908,0.3959831640606448,-0.5030245392793629,-0.005027881555924828,-0.04032757941308233,0.9787647057445342,6,1,0.01009759560147179,0.05968619258982784,-0.03016728933554897,0.00015808250940485546,0,0,False,
65a852f097475874d171bfbcf6f8889aba6a4424d60e67ebb24d6fd2ee77c50f,SQX-SOL-M15-65a852f09747,SOL,LONG,D4,2022-05-10 08:15:00+00:00,2022-12-08 17:00:00+00:00,1.0601939458647605,0.060193945864760456,3.9202881268604113,0.9888716769651117,0.010032324310793416,-0.03526603032572269,0.9873294005624093,6,1,0.010397092322250364,0.06118673476663107,0.0601939458647605,0.00011444825178698499,0,0,False,
65a852f097475874d171bfbcf6f8889aba6a4424d60e67ebb24d6fd2ee77c50f,SQX-SOL-M15-65a852f09747,SOL,LONG,D5,2022-12-08 17:00:00+00:00,2023-07-09 01:45:00+00:00,1.029530062879699,0.02953006287969906,1.2288012335571945,0.13623561293357697,0.001283915777378213,-0.10698315890847514,0.9225637681469652,23,1,0.010400548112864698,0.22301138359748549,0.0295300628796989,0.0025836296997895428,0,0,False,
65a852f097475874d171bfbcf6f8889aba6a4424d60e67ebb24d6fd2ee77c50f,SQX-SOL-M15-65a852f09747,SOL,LONG,D6,2023-07-09 01:45:00+00:00,2024-02-06 10:30:00+00:00,0.9797706053460103,-0.020229394653989652,0.783275066367509,-0.13760668384108732,-0.0014449567609992537,-0.16193915192624386,0.8504982246353666,14,1,0.01010062430805421,0.1378412019633406,-0.02022939465398955,0.0013665684614486296,0,0,False,
7a176f4a545f55030cec955d9cf6f571588e30129324c8b2ea669982b11c9c86,SQX-SOL-M15-7a176f4a545f,SOL,SHORT,D1,2020-08-11 06:00:00+00:00,2021-03-11 14:45:00+00:00,1.0380635424545386,0.03806354245453858,1.139838925915104,0.07185405904396824,0.0006797061152596149,-0.4262148178223178,0.9458763427989463,56,1,0.010741509480036134,0.5765373683776047,0.038063542454538433,0.023557711108959524,0,0,False,
7a176f4a545f55030cec955d9cf6f571588e30129324c8b2ea669982b11c9c86,SQX-SOL-M15-7a176f4a545f,SOL,SHORT,D2,2021-03-11 14:45:00+00:00,2021-10-09 23:30:00+00:00,1.0376819997687203,0.03768199976872033,1.2429914295347686,0.11378196064079418,0.0011082941108447137,-0.12727856372710586,0.9461531813036875,34,1,0.010496411232579909,0.3480744635684945,0.03768199976872027,0.0005497232580958886,0,0,False,
7a176f4a545f55030cec955d9cf6f571588e30129324c8b2ea669982b11c9c86,SQX-SOL-M15-7a176f4a545f,SOL,SHORT,D3,2021-10-09 23:30:00+00:00,2022-05-10 08:15:00+00:00,1.158756185454126,0.15875618545412595,2.24178987882778,0.3827946483302616,0.0040706714219006694,-0.07594262520794869,0.9991352440006821,39,1,0.011473234654877111,0.4147075806855138,0.15875618545412612,0.00025329316218553055,0,0,False,
7a176f4a545f55030cec955d9cf6f571588e30129324c8b2ea669982b11c9c86,SQX-SOL-M15-7a176f4a545f,SOL,SHORT,D4,2022-05-10 08:15:00+00:00,2022-12-08 17:00:00+00:00,0.89148350671848,-0.10851649328152002,0.5283453301261396,-0.3054194380341333,-0.0029328781967978427,-0.11709673833070826,0.8917657366995295,37,1,0.01,0.3507952429003816,-0.10851649328152017,0.0018265867988342,0,0,False,
7a176f4a545f55030cec955d9cf6f571588e30129324c8b2ea669982b11c9c86,SQX-SOL-M15-7a176f4a545f,SOL,SHORT,D5,2022-12-08 17:00:00+00:00,2023-07-09 01:45:00+00:00,0.9714275715311383,-0.028572428468861655,0.8622880017355019,-0.07128455517238061,-0.0007519060123384626,-0.06525596108832678,0.987644042349407,38,1,0.010459307254635912,0.38655217952743826,-0.02857242846886158,0.003528706515397856,0,0,False,
7a176f4a545f55030cec955d9cf6f571588e30129324c8b2ea669982b11c9c86,SQX-SOL-M15-7a176f4a545f,SOL,SHORT,D6,2023-07-09 01:45:00+00:00,2024-02-06 10:30:00+00:00,0.9564317176815315,-0.04356828231846854,0.7456261900800278,-0.1434789184867559,-0.0014522760772822827,-0.08286343448963447,0.9622174776797238,30,1,0.010383757844800097,0.29895068861541924,-0.04356828231846848,0.0015595064439818639,0,0,False,
783da0baad7cc85c635c081f49fd2ae84cd03f469055ba53a1fc5e8ea03f8208,SQX-SOL-M15-783da0baad7c,SOL,LONG,D1,2020-08-11 06:00:00+00:00,2021-03-11 14:45:00+00:00,1.0,0.0,0.0,0.0,0.0,0.0,1.0,0,0,0.0,0.0,0.0,0.0,0,0,False,
783da0baad7cc85c635c081f49fd2ae84cd03f469055ba53a1fc5e8ea03f8208,SQX-SOL-M15-783da0baad7c,SOL,LONG,D2,2021-03-11 14:45:00+00:00,2021-10-09 23:30:00+00:00,0.9800894146999394,-0.019910585300060624,0.0,-1.0005346124999583,-0.009955292650030315,-0.018781616992707487,0.9910368613592104,2,1,0.01,0.01989993584993969,-0.01991058530006063,1.0649450120945453e-05,0,0,False,
783da0baad7cc85c635c081f49fd2ae84cd03f469055ba53a1fc5e8ea03f8208,SQX-SOL-M15-783da0baad7c,SOL,LONG,D3,2021-10-09 23:30:00+00:00,2022-05-10 08:15:00+00:00,1.0199832426632303,0.01998324266323026,2.937477890572008,0.3320984527448182,0.0033305404438717066,-0.434372897630563,0.9336853305910721,6,1,0.010302972920572756,0.06090551997309555,0.01998324266323024,1.1076473472468318e-05,0,0,False,
783da0baad7cc85c635c081f49fd2ae84cd03f469055ba53a1fc5e8ea03f8208,SQX-SOL-M15-783da0baad7c,SOL,LONG,D4,2022-05-10 08:15:00+00:00,2022-12-08 17:00:00+00:00,1.0024961750690768,0.0024961750690768447,1.0493473701271119,0.020751564981710362,0.0001782982192197885,-0.035992872060582846,0.9754827561403624,14,1,0.010170760255363676,0.1399446627053722,0.002496175069077039,0.0003507245139076718,0,0,False,
783da0baad7cc85c635c081f49fd2ae84cd03f469055ba53a1fc5e8ea03f8208,SQX-SOL-M15-783da0baad7c,SOL,LONG,D5,2022-12-08 17:00:00+00:00,2023-07-09 01:45:00+00:00,1.0128244455488444,0.012824445548844432,1.2490035753617195,0.08243538834570294,0.0008015278468027985,-0.024439847128954972,0.9980515792546035,16,1,0.01015743373524784,0.16102550238796504,0.012824445548844775,0.0009015405446380683,0,0,False,
783da0baad7cc85c635c081f49fd2ae84cd03f469055ba53a1fc5e8ea03f8208,SQX-SOL-M15-783da0baad7c,SOL,LONG,D6,2023-07-09 01:45:00+00:00,2024-02-06 10:30:00+00:00,0.9914081636609323,-0.008591836339067682,0.85797183202065,-0.05442381097748758,-0.0005727890892711856,-0.03986456758784544,0.9756255310361703,15,1,0.010059343451851853,0.14812514391937456,-0.008591836339067785,0.0009113490616619122,0,0,False,
f098a5c01b5588da52a700b7abf19598273654d6b2c7146976be04229c5e63b0,SQX-SOL-M15-f098a5c01b55,SOL,LONG,D1,2020-08-11 06:00:00+00:00,2021-03-11 14:45:00+00:00,1.003964349276264,0.00396434927626399,1.0194237017721424,0.028735269044916037,0.0001468277509727308,-0.12402156178572019,0.9444038430211144,27,1,0.01067248778221246,0.2710875560827949,0.003964349276263731,0.012217722443865847,0,0,False,
f098a5c01b5588da52a700b7abf19598273654d6b2c7146976be04229c5e63b0,SQX-SOL-M15-f098a5c01b55,SOL,LONG,D2,2021-03-11 14:45:00+00:00,2021-10-09 23:30:00+00:00,1.0179816555440144,0.01798165554401443,1.1577533970849399,0.11839950989579844,0.0010577444437655488,-0.06642099134386835,0.9662311736990702,17,1,0.010386740479450254,0.17057277511134775,0.01798165554401433,0.00046245745661075734,0,0,False,
f098a5c01b5588da52a700b7abf19598273654d6b2c7146976be04229c5e63b0,SQX-SOL-M15-f098a5c01b55,SOL,LONG,D3,2021-10-09 23:30:00+00:00,2022-05-10 08:15:00+00:00,0.9852511344297565,-0.014748865570243463,0.8537816995305354,-0.08852302431416295,-0.0009832577046829068,-0.07589491133744339,0.9548668980004122,15,1,0.010200622428216715,0.14968901527113268,-0.014748865570243602,0.00013953414628171262,0,0,False,
f098a5c01b5588da52a700b7abf19598273654d6b2c7146976be04229c5e63b0,SQX-SOL-M15-f098a5c01b55,SOL,LONG,D4,2022-05-10 08:15:00+00:00,2022-12-08 17:00:00+00:00,0.9529519539711615,-0.0470480460288385,0.6045824584148394,-0.29154344195978243,-0.0029405028768024065,-0.06725881575942258,0.9421001505036412,16,1,0.01,0.15576906309662344,-0.047048046028838504,0.0006759130683914264,0,0,False,
f098a5c01b5588da52a700b7abf19598273654d6b2c7146976be04229c5e63b0,SQX-SOL-M15-f098a5c01b55,SOL,LONG,D5,2022-12-08 17:00:00+00:00,2023-07-09 01:45:00+00:00,1.0715010223427905,0.07150102234279054,1.5834201050645456,0.36031136044200507,0.003575051117139515,-0.04684861048662361,0.9768349922872369,20,1,0.011031790954466204,0.21087573207223437,0.07150102234279031,0.0022478069103381917,0,0,False,
f098a5c01b5588da52a700b7abf19598273654d6b2c7146976be04229c5e63b0,SQX-SOL-M15-f098a5c01b55,SOL,LONG,D6,2023-07-09 01:45:00+00:00,2024-02-06 10:30:00+00:00,1.0218783567668006,0.02187835676680061,1.2717307569079799,0.1662098345298519,0.001562739769057195,-0.043412626042138906,0.9738505955764201,14,1,0.010322696547094454,0.139720599174231,0.02187835676680073,0.00043690976058447656,0,0,False,
4e3930be053b597bc49bd7b5fd1053cdc5bdab82684a6085c2751b22d7523d68,SQX-SOL-M15-4e3930be053b,SOL,LONG,D1,2020-08-11 06:00:00+00:00,2021-03-11 14:45:00+00:00,0.9766505929513217,-0.023349407048678272,0.6628125432670776,-0.20903483078752438,-0.0021226733680616673,-0.36534062892192914,0.8585725077979609,11,1,0.010026301028832547,0.10905702658813612,-0.02334940704867834,0.0042063226671895226,0,0,False,
4e3930be053b597bc49bd7b5fd1053cdc5bdab82684a6085c2751b22d7523d68,SQX-SOL-M15-4e3930be053b,SOL,LONG,D2,2021-03-11 14:45:00+00:00,2021-10-09 23:30:00+00:00,1.0207948920338545,0.02079489203385454,1.636736079969562,0.2635665918414204,0.0025993615042317775,-0.022502627322612084,0.9874151430783678,8,1,0.010329546403745176,0.08122417465341697,0.02079489203385422,0.00020489545442955483,0,0,False,
4e3930be053b597bc49bd7b5fd1053cdc5bdab82684a6085c2751b22d7523d68,SQX-SOL-M15-4e3930be053b,SOL,LONG,D3,2021-10-09 23:30:00+00:00,2022-05-10 08:15:00+00:00,1.0056802299639613,0.005680229963961336,1.184739023840905,0.08601785970796438,0.0008114614234230195,-0.02019317554086955,0.9994519975281196,7,1,0.010261861739316773,0.07104627144037458,0.005680229963961137,0.00011913833982262617,0,0,False,
4e3930be053b597bc49bd7b5fd1053cdc5bdab82684a6085c2751b22d7523d68,SQX-SOL-M15-4e3930be053b,SOL,LONG,D4,2022-05-10 08:15:00+00:00,2022-12-08 17:00:00+00:00,1.1060942361695916,0.10609423616959157,4.2626260719462,0.783484419968437,0.00816109508996862,-0.05182424385754276,1.0,13,1,0.010919076981946442,0.1372471083404721,0.10609423616959204,0.0002373587961271694,0,0,False,
4e3930be053b597bc49bd7b5fd1053cdc5bdab82684a6085c2751b22d7523d68,SQX-SOL-M15-4e3930be053b,SOL,LONG,D5,2022-12-08 17:00:00+00:00,2023-07-09 01:45:00+00:00,1.005551282886807,0.005551282886806952,1.0728135051575223,0.035670241152665705,0.00030840460482257806,-0.06557203384200196,0.9667433615103316,18,1,0.010177700405181912,0.18033639114209526,0.0055512828868064055,0.0009026805568253041,0,0,False,
4e3930be053b597bc49bd7b5fd1053cdc5bdab82684a6085c2751b22d7523d68,SQX-SOL-M15-4e3930be053b,SOL,LONG,D6,2023-07-09 01:45:00+00:00,2024-02-06 10:30:00+00:00,0.9845239207629989,-0.015476079237001117,0.7469171726207109,-0.12515729087557176,-0.0012896732697500939,-0.16226026857040754,0.858854576,12,1,0.01013635357245092,0.12029137028091128,-0.015476079237001126,0.0008847930631590232,0,0,False,
230d4a09f2c0a29aba7bf083a2733921514046c92f5f32a7f996b49aa3227e57,SQX-SOL-M15-230d4a09f2c0,SOL,SHORT,D1,2020-08-11 06:00:00+00:00,2021-03-11 14:45:00+00:00,1.0336569676815763,0.03365696768157633,1.7463194753269355,0.4259759230916248,0.004207120960197037,-0.027817386229422293,1.0,8,1,0.01055697681334475,0.08240068026510347,0.0336569676815763,0.0034198146775877153,0,0,False,
230d4a09f2c0a29aba7bf083a2733921514046c92f5f32a7f996b49aa3227e57,SQX-SOL-M15-230d4a09f2c0,SOL,SHORT,D2,2021-03-11 14:45:00+00:00,2021-10-09 23:30:00+00:00,1.1035597767285683,0.10355977672856831,5.798378634395005,1.247796839484695,0.012944972091071021,-0.02242818216905998,1.0,8,1,0.010928806889944898,0.08418104105956313,0.10355977672856817,4.252160723652171e-05,0,0,False,
230d4a09f2c0a29aba7bf083a2733921514046c92f5f32a7f996b49aa3227e57,SQX-SOL-M15-230d4a09f2c0,SOL,SHORT,D3,2021-10-09 23:30:00+00:00,2022-05-10 08:15:00+00:00,0.9250330102343116,-0.07496698976568839,0.21727421360950563,-0.6434994233856312,-0.0062472491471406945,-0.1050633582058486,0.9082923218486222,12,1,0.01,0.11384323622678967,-0.07496698976568833,0.00013691190044497724,0,0,False,
230d4a09f2c0a29aba7bf083a2733921514046c92f5f32a7f996b49aa3227e57,SQX-SOL-M15-230d4a09f2c0,SOL,SHORT,D4,2022-05-10 08:15:00+00:00,2022-12-08 17:00:00+00:00,0.9821373411948092,-0.01786265880519078,0.8751992020867977,-0.07676351510309062,-0.0008506028002471753,-0.08293032577290356,0.963169461977881,21,1,0.010398454065176836,0.21203487250046646,-0.01786265880519068,0.0012293747858809333,0,0,False,
230d4a09f2c0a29aba7bf083a2733921514046c92f5f32a7f996b49aa3227e57,SQX-SOL-M15-230d4a09f2c0,SOL,SHORT,D5,2022-12-08 17:00:00+00:00,2023-07-09 01:45:00+00:00,1.1199556954432643,0.11995569544326434,1.6964044482559522,0.3887748423388011,0.0039985231814421525,-0.10327004770784926,0.9780773210041284,30,1,0.011957224530527163,0.33163584668382073,0.11995569544326458,0.0032764294055833733,0,0,False,
230d4a09f2c0a29aba7bf083a2733921514046c92f5f32a7f996b49aa3227e57,SQX-SOL-M15-230d4a09f2c0,SOL,SHORT,D6,2023-07-09 01:45:00+00:00,2024-02-06 10:30:00+00:00,0.9978531536319789,-0.0021468463680210936,0.9649284760277007,-0.013961140554467018,-0.00023853848533564738,-0.05573222221970146,0.9778873784599307,9,1,0.010198652523648648,0.09020356131777808,-0.0021468463680208265,0.0007837691328705602,0,0,False,
aaa1b77538e8cd0124acbd0f6b58514e76ca345d69df10e81a7123224d2f7a52,SQX-SOL-M15-aaa1b77538e8,SOL,LONG,D1,2020-08-11 06:00:00+00:00,2021-03-11 14:45:00+00:00,0.9990162420627474,-0.0009837579372525829,0.9717367857725827,-0.00825825921913432,-0.00014053684817890547,-0.025674733525879664,0.986375095879038,7,1,0.010195324940140731,0.07040561190924843,-0.0009837579372523383,0.0007785960045367298,0,0,False,
aaa1b77538e8cd0124acbd0f6b58514e76ca345d69df10e81a7123224d2f7a52,SQX-SOL-M15-aaa1b77538e8,SOL,LONG,D2,2021-03-11 14:45:00+00:00,2021-10-09 23:30:00+00:00,1.0182292281571148,0.018229228157114807,1.3604830180567897,0.1712324921236137,0.0016572025597377104,-0.0394066616744614,0.9865034034619445,11,1,0.010167567001533647,0.11043809719286628,0.018229228157114814,8.447966678248355e-05,0,0,False,
aaa1b77538e8cd0124acbd0f6b58514e76ca345d69df10e81a7123224d2f7a52,SQX-SOL-M15-aaa1b77538e8,SOL,LONG,D3,2021-10-09 23:30:00+00:00,2022-05-10 08:15:00+00:00,0.9883171883096813,-0.011682811690318706,0.7788536962075977,-0.11221627779038523,-0.0011682811690318826,-0.04260334692091313,0.9882227478129578,10,1,0.010219724188548685,0.10078355564590913,-0.011682811690318826,6.229833129974167e-05,0,0,False,
aaa1b77538e8cd0124acbd0f6b58514e76ca345d69df10e81a7123224d2f7a52,SQX-SOL-M15-aaa1b77538e8,SOL,LONG,D4,2022-05-10 08:15:00+00:00,2022-12-08 17:00:00+00:00,1.035442576261136,0.035442576261135894,1.596569023536947,0.2756803732794432,0.0027263520200873745,-0.05603113774865559,0.9534317919116737,13,1,0.010193442723303704,0.12808199563568362,0.035442576261135866,0.00022013169789270037,0,0,False,
aaa1b77538e8cd0124acbd0f6b58514e76ca345d69df10e81a7123224d2f7a52,SQX-SOL-M15-aaa1b77538e8,SOL,LONG,D5,2022-12-08 17:00:00+00:00,2023-07-09 01:45:00+00:00,0.9568378104742218,-0.043162189525778216,0.6706496621682302,-0.20386435174050213,-0.002055342358370395,-0.09641639461004421,0.9499979012176752,21,1,0.010408915661908802,0.20972865806822516,-0.04316218952577829,0.0009362830219690529,0,0,False,
aaa1b77538e8cd0124acbd0f6b58514e76ca345d69df10e81a7123224d2f7a52,SQX-SOL-M15-aaa1b77538e8,SOL,LONG,D6,2023-07-09 01:45:00+00:00,2024-02-06 10:30:00+00:00,1.0862820369904063,0.08628203699040626,2.322534145213117,0.49533867176068136,0.005075413940612139,-0.04598385085617318,0.9636372706784851,17,1,0.010909380634603578,0.1752809614173598,0.08628203699040637,0.00025974290428665454,0,0,False,
450e569651c4a7693e487b6a8a80726179dd0ad7c5adc081a0db16603a9b7381,SQX-SOL-M15-450e569651c4,SOL,SHORT,D1,2020-08-11 06:00:00+00:00,2021-03-11 14:45:00+00:00,1.0137760842945904,0.01377608429459043,1.421801376684094,0.2016162799820007,0.00196801204208432,-0.022524341482156547,1.0,7,1,0.010351839949635075,0.07130862158104623,0.013776084294590239,0.0018293801037747928,0,0,False,
450e569651c4a7693e487b6a8a80726179dd0ad7c5adc081a0db16603a9b7381,SQX-SOL-M15-450e569651c4,SOL,SHORT,D2,2021-03-11 14:45:00+00:00,2021-10-09 23:30:00+00:00,1.0526709807602745,0.052670980760274544,3.5197038566149756,0.6482374715877592,0.006583872595034313,-0.021554028358073806,1.0,8,1,0.010507194809802849,0.08227536241878616,0.0526709807602745,3.302462672666838e-05,0,0,False,
450e569651c4a7693e487b6a8a80726179dd0ad7c5adc081a0db16603a9b7381,SQX-SOL-M15-450e569651c4,SOL,SHORT,D3,2021-10-09 23:30:00+00:00,2022-05-10 08:15:00+00:00,0.9167964365394301,-0.0832035634605699,0.20755937315320405,-0.6628652174670682,-0.006400274112351528,-0.10619972491579885,0.9071347770481227,13,1,0.01,0.12306833875900115,-0.08320356346056987,0.00012203899176998177,0,0,False,
450e569651c4a7693e487b6a8a80726179dd0ad7c5adc081a0db16603a9b7381,SQX-SOL-M15-450e569651c4,SOL,SHORT,D4,2022-05-10 08:15:00+00:00,2022-12-08 17:00:00+00:00,0.9998248394858892,-0.000175160514110817,0.9984239937460211,0.004888876698757329,-8.340976862401436e-06,-0.08180810799011082,0.9556450187368069,21,1,0.010259097881142272,0.2099121469157898,-0.00017516051411043017,0.0006336777381149798,0,0,False,
450e569651c4a7693e487b6a8a80726179dd0ad7c5adc081a0db16603a9b7381,SQX-SOL-M15-450e569651c4,SOL,SHORT,D5,2022-12-08 17:00:00+00:00,2023-07-09 01:45:00+00:00,1.1155843804956573,0.11558438049565734,1.9463582512793467,0.35881322740208205,0.0037285284030857185,-0.06980476312830187,0.9785762787701896,31,1,0.011384749463053234,0.33309816411693516,0.11558438049565728,0.001974841587967305,0,0,False,
450e569651c4a7693e487b6a8a80726179dd0ad7c5adc081a0db16603a9b7381,SQX-SOL-M15-450e569651c4,SOL,SHORT,D6,2023-07-09 01:45:00+00:00,2024-02-06 10:30:00+00:00,0.9966438955675833,-0.00335610443241674,0.9341659924335272,-0.03140953773191181,-0.0003729004924907595,-0.05545650561810972,0.9845896212928623,9,1,0.010254870025809066,0.09074570530282015,-0.0033561044324168354,0.00033613324067517485,0,0,False,
2b6d8f7a8da8571dc959345757c1988f327ea90efed72caaf60c309c233391ed,SQX-SOL-M15-2b6d8f7a8da8,SOL,LONG,D1,2020-08-11 06:00:00+00:00,2021-03-11 14:45:00+00:00,0.954554881873639,-0.045445118126360984,0.3783554207023208,-0.5098287866684575,-0.005049457569595674,-0.0763526934012185,0.9332732906598833,9,1,0.01,0.08665264221040714,-0.04544511812636107,0.005224234567577897,0,0,False,
2b6d8f7a8da8571dc959345757c1988f327ea90efed72caaf60c309c233391ed,SQX-SOL-M15-2b6d8f7a8da8,SOL,LONG,D2,2021-03-11 14:45:00+00:00,2021-10-09 23:30:00+00:00,1.0037722835291711,0.0037722835291711387,1.0921424063606688,0.0614181318135713,0.0005388976470244464,-0.03706734357319719,0.9870178326716936,7,1,0.010243801935448119,0.07061379846015159,0.003772283529171125,0.00036333656903851305,0,0,False,
2b6d8f7a8da8571dc959345757c1988f327ea90efed72caaf60c309c233391ed,SQX-SOL-M15-2b6d8f7a8da8,SOL,LONG,D3,2021-10-09 23:30:00+00:00,2022-05-10 08:15:00+00:00,1.0095693562250019,0.00956935622500188,1.4677448766191914,0.2461940659605849,0.0023923390562504906,-0.012280357706029043,1.0,4,1,0.0101981646878992,0.040395767083283254,0.009569356225001963,0.00011047221374724248,0,0,False,
2b6d8f7a8da8571dc959345757c1988f327ea90efed72caaf60c309c233391ed,SQX-SOL-M15-2b6d8f7a8da8,SOL,LONG,D4,2022-05-10 08:15:00+00:00,2022-12-08 17:00:00+00:00,1.0618249771046895,0.06182497710468948,1.5758769567612843,0.2938717270749632,0.002944046528794742,-0.029930209437799896,0.9842664442330475,21,1,0.010856654461522883,0.21934944461331188,0.06182497710468959,0.001865349257832976,0,0,False,
2b6d8f7a8da8571dc959345757c1988f327ea90efed72caaf60c309c233391ed,SQX-SOL-M15-2b6d8f7a8da8,SOL,LONG,D5,2022-12-08 17:00:00+00:00,2023-07-09 01:45:00+00:00,0.9686024965584125,-0.03139750344158754,0.7485509693917349,-0.16113829911451233,-0.0016525001811362081,-0.09011466047959159,0.9738469175199961,19,1,0.010594932051767288,0.1923177373682225,-0.031397503441587954,0.003141131225510404,0,0,False,
2b6d8f7a8da8571dc959345757c1988f327ea90efed72caaf60c309c233391ed,SQX-SOL-M15-2b6d8f7a8da8,SOL,LONG,D6,2023-07-09 01:45:00+00:00,2024-02-06 10:30:00+00:00,1.0364880242723982,0.03648802427239817,1.4293860527778326,0.231955583298527,0.0022805015170248915,-0.040887407625038646,0.9898544332116788,16,1,0.010743270306518829,0.16629973404367,0.036488024272398265,0.0009817227957147727,0,0,False,
