strategy_id,status,reason
SQX-USDJPY-H4-000040b0a6f3,SUPPORTED,
SQX-XAUUSD-H1-0001e6e3b568,SUPPORTED,
SQX-EURUSD-H4-00077ceaf526,SUPPORTED,
SQX-USDCHF-H4-000f3805ea7e,SUPPORTED,
SQX-EURUSD-H1-0013ac89b4f3,SUPPORTED,
SQX-XAUUSD-H4-001f1999fd98,SUPPORTED,
SQX-XAUUSD-H4-001fe1a30e06,SUPPORTED,
SQX-USDJPY-H4-00235f4b933f,SUPPORTED,
SQX-XAUUSD-H1-0025e9c7e432,SUPPORTED,
SQX-XAUUSD-H4-0037ecea8d0e,SUPPORTED,
SQX-XAUUSD-H4-003b90a92d2d,SUPPORTED,
SQX-USDJPY-H4-004ed95e28e2,SUPPORTED,
SQX-XAUUSD-H4-0051aa960071,SUPPORTED,
SQX-EURUSD-H4-0051dcd92bb8,SUPPORTED,
SQX-USDJPY-H4-005d7e36cac9,SUPPORTED,
SQX-XAUUSD-H4-00617673f980,SUPPORTED,
SQX-USDJPY-H4-00665af4313f,SUPPORTED,
SQX-XAUUSD-H4-006d2ed5a61c,SUPPORTED,
SQX-XAUUSD-H4-00743b2828d8,SUPPORTED,
SQX-XAUUSD-H4-0078d41bfbfc,SUPPORTED,
SQX-XAUUSD-H4-0087c6a45bb6,SUPPORTED,
SQX-USDJPY-H4-0089500f07ec,SUPPORTED,
SQX-USDJPY-H4-0098f5e40a2c,SUPPORTED,
SQX-XAUUSD-H4-009e75317f1f,SUPPORTED,
SQX-XAUUSD-H4-00a0854f391b,SUPPORTED,
SQX-EURUSD-H4-00a390d04135,SUPPORTED,
SQX-USDJPY-H4-00a6afc02412,SUPPORTED,
SQX-USDJPY-H4-00acd3db1ace,SUPPORTED,
SQX-USDJPY-H4-00ace13517f4,SUPPORTED,
SQX-EURUSD-H1-00b5e588bd2c,SUPPORTED,
SQX-XAUUSD-H4-00b84a521408,SUPPORTED,
SQX-XAUUSD-H4-00bb59f17082,SUPPORTED,
SQX-XAUUSD-H4-00c1be7c64cd,SUPPORTED,
SQX-XAUUSD-H4-00c6d22fb781,SUPPORTED,
SQX-XAUUSD-H4-00c78ead8fde,SUPPORTED,
SQX-USDCHF-H4-00c7bb65f066,SUPPORTED,
SQX-USDCHF-H4-00cd588352af,SUPPORTED,
SQX-XAUUSD-H4-00cfc862ecfc,SUPPORTED,
SQX-USDCAD-H4-00d08a8a2e2f,SUPPORTED,
SQX-GBPUSD-H1-00d2afce42fa,SUPPORTED,
SQX-XAUUSD-H4-00d2f56d4d77,SUPPORTED,
SQX-XAUUSD-H1-00e6d461d091,SUPPORTED,
SQX-EURUSD-H1-00e893637732,SUPPORTED,
SQX-XAUUSD-H4-00f02588037d,SUPPORTED,
SQX-XAUUSD-H1-00f62b6e2af4,SUPPORTED,
SQX-XAUUSD-H4-00fa2fa2f483,SUPPORTED,
SQX-EURUSD-H4-00fe14ae91a7,SUPPORTED,
SQX-EURUSD-H4-01004c72b41a,SUPPORTED,
SQX-USDJPY-M15-010e49bf4436,SUPPORTED,
SQX-EURUSD-H1-0111672429ea,SUPPORTED,
SQX-XAUUSD-H1-0112e03f45a6,SUPPORTED,
SQX-XAUUSD-H1-011bd37d853d,SUPPORTED,
SQX-XAUUSD-H1-012765d260c3,SUPPORTED,
SQX-XAUUSD-H4-012cb6105762,SUPPORTED,
SQX-XAUUSD-H4-013bb310026e,SUPPORTED,
SQX-USDJPY-H1-013f8b070e4b,SUPPORTED,
SQX-XAUUSD-H4-0149e5ca623e,SUPPORTED,
SQX-GBPUSD-H4-014e72a08b0a,SUPPORTED,
SQX-XAUUSD-H1-01561d869c8c,SUPPORTED,
SQX-XAUUSD-H4-015eca49f665,SUPPORTED,
SQX-XAUUSD-H4-016032c48b18,SUPPORTED,
SQX-XAUUSD-H4-0161200957c8,SUPPORTED,
SQX-USDJPY-M15-016dc41217c6,SUPPORTED,
SQX-XAUUSD-H4-017dec2e6717,SUPPORTED,
SQX-USDJPY-H4-018041962dc8,SUPPORTED,
SQX-XAUUSD-H4-0180d23f1d32,SUPPORTED,
SQX-USDJPY-H4-01833cd76395,SUPPORTED,
SQX-USDCAD-H4-01861cceef28,SUPPORTED,
SQX-GBPUSD-H1-018edb0efb77,SUPPORTED,
SQX-GBPUSD-H1-01907320a9ba,SUPPORTED,
SQX-USDJPY-H4-01a50f27af59,SUPPORTED,
SQX-USDJPY-H4-01a619c979e7,SUPPORTED,
SQX-XAUUSD-H4-01a7b61e447d,SUPPORTED,
SQX-XAUUSD-H4-01ae193f459c,SUPPORTED,
SQX-XAUUSD-H4-01bd49239a1d,SUPPORTED,
SQX-USDJPY-H4-01c08743d996,SUPPORTED,
SQX-USDCHF-H4-01c40ff838e0,SUPPORTED,
SQX-EURUSD-H1-01cf244517e3,SUPPORTED,
SQX-XAUUSD-H1-01d46fce1f54,SUPPORTED,
SQX-XAUUSD-H4-01d68fc06ed2,SUPPORTED,
SQX-USDJPY-H4-01d8635047e8,SUPPORTED,
SQX-USDJPY-H4-01e0a21cb05e,SUPPORTED,
SQX-EURUSD-H1-01e2b1075d0c,SUPPORTED,
SQX-USDJPY-H4-01ee069a9da5,SUPPORTED,
SQX-XAUUSD-H4-01efcd3eea1d,SUPPORTED,
SQX-GBPUSD-H4-01f7ec0c6f08,SUPPORTED,
SQX-XAUUSD-H4-01f9824bbf65,SUPPORTED,
SQX-USDCHF-H4-020895e2e8bb,SUPPORTED,
SQX-GBPUSD-H4-020b17f5ec1b,SUPPORTED,
SQX-USDJPY-M15-020d9972bfe3,SUPPORTED,
SQX-XAUUSD-H4-022b5710cd68,SUPPORTED,
SQX-USDJPY-H4-022e29bd9a2a,SUPPORTED,
SQX-USDCHF-H4-023261dfcade,SUPPORTED,
SQX-EURUSD-H1-023c37a63f5b,SUPPORTED,
SQX-USDCAD-H4-0241ae7b325a,SUPPORTED,
SQX-GBPUSD-M15-0246ff594f28,SUPPORTED,
SQX-USDJPY-M15-02481e868f0a,SUPPORTED,
SQX-USDJPY-H4-024a6550525e,SUPPORTED,
SQX-XAUUSD-H4-024cdeb89eba,SUPPORTED,
SQX-XAUUSD-H4-0258f93595a2,SUPPORTED,
SQX-USDJPY-H1-026ad043dfac,SUPPORTED,
SQX-XAUUSD-H4-027431eb595b,SUPPORTED,
SQX-XAUUSD-H4-0282811c20d1,SUPPORTED,
SQX-USDJPY-H4-0286130f4716,SUPPORTED,
SQX-EURUSD-H4-028a50e900d7,SUPPORTED,
SQX-XAUUSD-H4-02907ef6d283,SUPPORTED,
SQX-USDJPY-H4-029542aa06a2,SUPPORTED,
SQX-GBPUSD-H4-0299af7dc9ec,SUPPORTED,
SQX-EURUSD-H1-029d3007d846,SUPPORTED,
SQX-XAUUSD-H1-02a1a86510a5,SUPPORTED,
SQX-USDJPY-H1-02a3883714ea,SUPPORTED,
SQX-USDJPY-H4-02ac4c884ba2,SUPPORTED,
SQX-USDJPY-H1-02adefd3f5af,SUPPORTED,
SQX-USDJPY-H4-02b74db805a1,SUPPORTED,
SQX-EURUSD-H4-02b948bea76e,SUPPORTED,
SQX-EURUSD-M15-02be3b0267fa,SUPPORTED,
SQX-GBPUSD-H1-02c264d2b382,SUPPORTED,
SQX-USDJPY-H4-02c5c7179b62,SUPPORTED,
SQX-XAUUSD-H4-02c631b0457f,SUPPORTED,
SQX-XAUUSD-H1-02cc1c001fa6,SUPPORTED,
SQX-USDJPY-H4-02e182e53d8a,SUPPORTED,
SQX-XAUUSD-H1-02e485356587,SUPPORTED,
SQX-XAUUSD-H4-02e848856221,SUPPORTED,
SQX-USDJPY-H1-02f53a461f4f,SUPPORTED,
SQX-USDJPY-H4-02f9e6afd2ef,SUPPORTED,
SQX-EURUSD-H1-02fcd68fb830,SUPPORTED,
SQX-GBPUSD-H1-03025094349f,SUPPORTED,
SQX-XAUUSD-H1-030297e71949,SUPPORTED,
SQX-XAUUSD-H4-03030e096d00,SUPPORTED,
SQX-USDJPY-H4-03034ac8be93,SUPPORTED,
SQX-XAUUSD-H4-0305854c85f0,SUPPORTED,
SQX-USDJPY-H4-03091034a3c9,SUPPORTED,
SQX-EURUSD-H1-03108e7ed03e,SUPPORTED,
SQX-USDCHF-H4-03132bfc2788,SUPPORTED,
SQX-XAUUSD-H4-0318141ee477,SUPPORTED,
SQX-GBPUSD-M15-032122a09f25,SUPPORTED,
SQX-USDJPY-H1-0324d5e9ccb5,SUPPORTED,
SQX-XAUUSD-H1-03279dd5106a,SUPPORTED,
SQX-USDCHF-H4-032e7e632756,SUPPORTED,
SQX-USDJPY-H1-032e906c9185,SUPPORTED,
SQX-USDJPY-H1-0330d366264e,SUPPORTED,
SQX-EURUSD-H1-0339aca2e3b7,SUPPORTED,
SQX-USDCAD-H4-033c9061f87f,SUPPORTED,
SQX-USDJPY-H4-033c99bed4cb,SUPPORTED,
SQX-USDCHF-H4-033ee4ab2884,SUPPORTED,
SQX-XAUUSD-H4-0342382d903b,SUPPORTED,
SQX-USDJPY-H4-034516e671b3,SUPPORTED,
SQX-EURUSD-H1-034d76555858,SUPPORTED,
SQX-EURUSD-H1-0352cb108015,SUPPORTED,
SQX-NZDUSD-H4-0353ae6465fb,SUPPORTED,
SQX-USDJPY-H4-0354d7908054,SUPPORTED,
SQX-XAUUSD-H4-035dfb58ed5a,SUPPORTED,
SQX-XAUUSD-H1-036010e836db,SUPPORTED,
SQX-USDJPY-H4-0368348face9,SUPPORTED,
SQX-XAUUSD-H4-036998fa0e5c,SUPPORTED,
SQX-USDCAD-H4-03726b4d68d5,SUPPORTED,
SQX-XAUUSD-H4-03876fe4f583,SUPPORTED,
SQX-USDJPY-H4-0388736dc066,SUPPORTED,
SQX-XAUUSD-H4-038a742bfb57,SUPPORTED,
SQX-XAUUSD-H1-039009547df8,SUPPORTED,
SQX-XAUUSD-H4-039123eba19b,SUPPORTED,
SQX-XAUUSD-H4-03940440d529,SUPPORTED,
SQX-XAUUSD-H1-03955b63f1d3,SUPPORTED,
SQX-USDCHF-H4-03986a1e76f4,SUPPORTED,
SQX-USDCHF-H4-039f0033bc44,SUPPORTED,
SQX-XAUUSD-H4-03a3311ff836,SUPPORTED,
SQX-XAUUSD-H4-03aa9e88ca4a,SUPPORTED,
SQX-EURUSD-H4-03af141f6686,SUPPORTED,
SQX-XAUUSD-H4-03b65dfc7f45,SUPPORTED,
SQX-XAUUSD-H4-03bce6a6c57a,SUPPORTED,
SQX-USDJPY-H4-03c0e98a1926,SUPPORTED,
SQX-EURUSD-H1-03c478feb649,SUPPORTED,
SQX-XAUUSD-H4-03c51176e55b,SUPPORTED,
SQX-XAUUSD-H4-03c5f4a905b7,SUPPORTED,
SQX-USDJPY-H4-03c6033efc7f,SUPPORTED,
SQX-XAUUSD-H4-03c8814ed26f,SUPPORTED,
SQX-USDJPY-H4-03cdd699e27d,SUPPORTED,
SQX-XAUUSD-H4-03cf36af653e,SUPPORTED,
SQX-XAUUSD-H4-03d521ea51af,SUPPORTED,
SQX-USDJPY-H4-03d71c8f182f,SUPPORTED,
SQX-XAUUSD-H4-03d89f3b49ca,SUPPORTED,
SQX-XAUUSD-H4-03d99f84c646,SUPPORTED,
SQX-XAUUSD-H4-03da7f2e22e8,SUPPORTED,
SQX-XAUUSD-H4-04179d96fd5d,SUPPORTED,
SQX-USDJPY-H1-041cc01fca20,SUPPORTED,
SQX-XAUUSD-H4-041e1130f621,SUPPORTED,
SQX-XAUUSD-H4-0425fd9d5d7b,SUPPORTED,
SQX-XAUUSD-H4-042909284261,SUPPORTED,
SQX-XAUUSD-H4-043052c4790a,SUPPORTED,
SQX-USDCAD-H4-0431f5bfff00,SUPPORTED,
SQX-USDJPY-H4-04361ed42777,SUPPORTED,
SQX-EURUSD-H4-044812d6f87b,SUPPORTED,
SQX-XAUUSD-H4-044cfdd23034,SUPPORTED,
SQX-USDJPY-H4-04541e4e2c37,SUPPORTED,
SQX-XAUUSD-H4-04550117771b,SUPPORTED,
SQX-XAUUSD-H4-046f97caee9d,SUPPORTED,
SQX-XAUUSD-H4-0471bd6ad4a5,SUPPORTED,
SQX-XAUUSD-H4-04722547ba7b,SUPPORTED,
SQX-XAUUSD-H4-0479f488805b,SUPPORTED,
SQX-EURUSD-H1-0483e60ae32c,SUPPORTED,
SQX-XAUUSD-H4-0489a8127546,SUPPORTED,
SQX-USDJPY-H1-048b70ee9b08,SUPPORTED,
SQX-XAUUSD-H1-048cdff5accf,SUPPORTED,
SQX-USDJPY-H4-0491275f5f8d,SUPPORTED,
SQX-USDCAD-H4-049638c38b59,SUPPORTED,
SQX-XAUUSD-H1-049bf2154ae3,SUPPORTED,
SQX-USDJPY-H4-04a292a20fc9,SUPPORTED,
SQX-XAUUSD-H4-04a3ed7b0546,SUPPORTED,
SQX-XAUUSD-H1-04a4f306c517,SUPPORTED,
SQX-EURUSD-H4-04a5475e7738,SUPPORTED,
SQX-USDJPY-M15-04a6994d6104,SUPPORTED,
SQX-XAUUSD-H4-04a7a49e407f,SUPPORTED,
SQX-USDJPY-H4-04aa4a8b9fe7,SUPPORTED,
SQX-USDJPY-H1-04ae53b77208,SUPPORTED,
SQX-XAUUSD-H4-04b1052d1a60,SUPPORTED,
SQX-USDJPY-H4-04b13ce5b234,SUPPORTED,
SQX-XAUUSD-H1-04b1f097a5ea,SUPPORTED,
SQX-USDJPY-H1-04b34435fdae,SUPPORTED,
SQX-XAUUSD-H1-04b5eb92d394,SUPPORTED,
SQX-XAUUSD-H4-04b87f6fb9ef,SUPPORTED,
SQX-XAUUSD-H1-04bcb6fceb44,SUPPORTED,
SQX-GBPUSD-H4-04c217922efe,SUPPORTED,
SQX-XAUUSD-H4-04c3dc39f859,SUPPORTED,
SQX-XAUUSD-H1-04c80bbc5996,SUPPORTED,
SQX-GBPUSD-H4-04de54ac9457,SUPPORTED,
SQX-XAUUSD-H4-04e6a7f662e9,SUPPORTED,
SQX-XAUUSD-H4-04f12b07772d,SUPPORTED,
SQX-XAUUSD-H1-04f3281b7326,SUPPORTED,
SQX-XAUUSD-H4-04fcce9c0cb2,SUPPORTED,
SQX-USDJPY-H4-04fe5c93721e,SUPPORTED,
SQX-USDJPY-M15-04ffd0cee6ec,SUPPORTED,
SQX-USDJPY-H1-050844aa2a64,SUPPORTED,
SQX-USDJPY-H4-050aa6c273f0,SUPPORTED,
SQX-XAUUSD-H4-0515bfec3d1c,SUPPORTED,
SQX-XAUUSD-H1-05190e45aacc,SUPPORTED,
SQX-XAUUSD-H4-051c44570a66,SUPPORTED,
SQX-XAUUSD-H4-05205521f033,SUPPORTED,
SQX-XAUUSD-H1-05253867e3f3,SUPPORTED,
SQX-USDCHF-H4-05269916cb61,SUPPORTED,
SQX-EURUSD-H4-0528f209c821,SUPPORTED,
SQX-USDJPY-H1-0529cac9d032,SUPPORTED,
SQX-XAUUSD-H1-052bb41baed3,SUPPORTED,
SQX-GBPUSD-H1-0530c6665189,SUPPORTED,
SQX-XAUUSD-H4-0533dc6f4632,SUPPORTED,
SQX-USDJPY-H4-0537edd610e9,SUPPORTED,
SQX-USDJPY-H1-053aff9ce007,SUPPORTED,
SQX-USDJPY-H4-053c5d7d0045,SUPPORTED,
SQX-XAUUSD-H4-0543909c589a,SUPPORTED,
SQX-XAUUSD-H4-05494c014fd6,SUPPORTED,
SQX-USDJPY-H4-054a714e28ff,SUPPORTED,
SQX-EURUSD-H4-054abc433164,SUPPORTED,
SQX-NZDUSD-H4-054b2eadf234,SUPPORTED,
SQX-XAUUSD-H4-054c213b90ee,SUPPORTED,
SQX-XAUUSD-H4-05570eeae1c8,SUPPORTED,
SQX-USDJPY-H4-055e301cb208,SUPPORTED,
SQX-XAUUSD-H4-0561062b1006,SUPPORTED,
SQX-XAUUSD-H4-056229b92020,SUPPORTED,
SQX-USDJPY-H4-0565276886fe,SUPPORTED,
SQX-GBPUSD-H1-05696ffb4950,SUPPORTED,
SQX-XAUUSD-H4-056bc483b3d2,SUPPORTED,
SQX-USDCHF-H4-057343dc185c,SUPPORTED,
SQX-XAUUSD-H4-0573ea7f5763,SUPPORTED,
SQX-XAUUSD-H4-05796897a8be,SUPPORTED,
SQX-XAUUSD-H1-0588081cde6a,SUPPORTED,
SQX-USDJPY-H1-059136636aa8,SUPPORTED,
SQX-USDJPY-H4-059466ba0c7b,SUPPORTED,
SQX-XAUUSD-H1-059634c66c01,SUPPORTED,
SQX-XAUUSD-H4-05a8e41f602e,SUPPORTED,
SQX-XAUUSD-H1-05b69a2872a4,SUPPORTED,
SQX-XAUUSD-H4-05bad0c021ec,SUPPORTED,
SQX-GBPUSD-H4-05bb56c5ebed,SUPPORTED,
SQX-USDJPY-H1-05be9110b52c,SUPPORTED,
SQX-XAUUSD-H1-05c6d293d11b,SUPPORTED,
SQX-USDJPY-H4-05d59d91d110,SUPPORTED,
SQX-USDCHF-H4-05da742c3a05,SUPPORTED,
SQX-XAUUSD-H1-05db602a74c3,SUPPORTED,
SQX-XAUUSD-H4-05db64fe4094,SUPPORTED,
SQX-XAUUSD-H4-05ddebc1a868,SUPPORTED,
SQX-USDJPY-H1-05e3088041f7,SUPPORTED,
SQX-USDJPY-H4-05e3b1124cc8,SUPPORTED,
SQX-USDJPY-H4-05e7cc7e93d5,SUPPORTED,
SQX-XAUUSD-H4-05ea5db4218d,SUPPORTED,
SQX-XAUUSD-H4-05ed3b50c8ad,SUPPORTED,
SQX-XAUUSD-H1-05fb55c9b96a,SUPPORTED,
SQX-USDJPY-H4-060377e2965a,SUPPORTED,
SQX-XAUUSD-H4-0608d73c5522,SUPPORTED,
SQX-NZDUSD-H4-060964884b15,SUPPORTED,
SQX-GBPUSD-H4-0609a514a512,SUPPORTED,
SQX-EURUSD-H1-060cc78d9d4e,SUPPORTED,
SQX-XAUUSD-H4-0612a26302bc,SUPPORTED,
SQX-EURUSD-H4-0617fd482e21,SUPPORTED,
SQX-USDJPY-H4-061b39348393,SUPPORTED,
SQX-XAUUSD-H1-06295923747a,SUPPORTED,
SQX-XAUUSD-H4-062b4610241d,SUPPORTED,
SQX-EURUSD-H1-062e6757fa2a,SUPPORTED,
SQX-USDJPY-H4-063008f86a7d,SUPPORTED,
SQX-USDJPY-H1-0645992a8b4a,SUPPORTED,
SQX-EURUSD-H4-0647cf9e2482,SUPPORTED,
SQX-EURUSD-H1-064b98d7b182,SUPPORTED,
SQX-XAUUSD-H4-064f31e00b4e,SUPPORTED,
SQX-XAUUSD-H1-0651c24723cc,SUPPORTED,
SQX-EURUSD-H1-065452edaa49,SUPPORTED,
SQX-XAUUSD-H1-06573364fdd9,SUPPORTED,
SQX-EURUSD-H4-0659931aaa96,SUPPORTED,
SQX-XAUUSD-H4-065dac0820f1,SUPPORTED,
SQX-XAUUSD-H4-065f3c782476,SUPPORTED,
SQX-XAUUSD-H4-06665337a8ba,SUPPORTED,
SQX-USDCAD-H1-0669697fde19,SUPPORTED,
SQX-EURUSD-H1-067bff494563,SUPPORTED,
SQX-XAUUSD-H4-0682005db5b8,SUPPORTED,
SQX-GBPUSD-H4-0688c64f5e5e,SUPPORTED,
SQX-XAUUSD-H4-0691ac9c6a5a,SUPPORTED,
SQX-XAUUSD-H1-06945f8c31fa,SUPPORTED,
SQX-XAUUSD-H4-06b1521342ea,SUPPORTED,
SQX-XAUUSD-H4-06b472ae72b5,SUPPORTED,
SQX-USDJPY-H4-06b512184343,SUPPORTED,
SQX-EURUSD-H1-06b8adc57277,SUPPORTED,
SQX-XAUUSD-H1-06db91b2bc97,SUPPORTED,
SQX-NZDUSD-H4-06dfc7312506,SUPPORTED,
SQX-NZDUSD-H4-06e118b2fc6c,SUPPORTED,
SQX-USDJPY-H4-06e98b5c76ad,SUPPORTED,
SQX-USDJPY-H4-06ea7ac9d165,SUPPORTED,
SQX-USDJPY-M15-06eb3ee3c8e1,SUPPORTED,
SQX-XAUUSD-H4-06f1f0c38193,SUPPORTED,
SQX-XAUUSD-H4-06f79d2220e5,SUPPORTED,
SQX-EURUSD-H1-06f9d744d523,SUPPORTED,
SQX-XAUUSD-H4-06fb9a39e429,SUPPORTED,
SQX-USDJPY-H1-07100e7a9c7f,SUPPORTED,
SQX-USDJPY-H4-0713e0a2f6cc,SUPPORTED,
SQX-GBPUSD-M15-0714aafb4a32,SUPPORTED,
SQX-XAUUSD-H4-071c2274edee,SUPPORTED,
SQX-EURUSD-H4-0722bd271072,SUPPORTED,
SQX-XAUUSD-H4-072cc8396d28,SUPPORTED,
SQX-GBPUSD-M15-073654d2bf5d,SUPPORTED,
SQX-XAUUSD-H4-073f2638e9c5,SUPPORTED,
SQX-EURUSD-H4-0742e6c77104,SUPPORTED,
SQX-XAUUSD-H1-074b20e56af9,SUPPORTED,
SQX-XAUUSD-H4-074cceae07f6,SUPPORTED,
SQX-XAUUSD-H1-074d4245b62d,SUPPORTED,
SQX-XAUUSD-H4-0754a0d67813,SUPPORTED,
SQX-GBPUSD-H1-07584777e8b6,SUPPORTED,
SQX-XAUUSD-H1-075b9173c072,SUPPORTED,
SQX-USDCHF-H4-075d9121e7fd,SUPPORTED,
SQX-XAUUSD-H1-076123a6a6fb,SUPPORTED,
SQX-USDCHF-H4-07685f451154,SUPPORTED,
SQX-EURUSD-H1-0769495fa72f,SUPPORTED,
SQX-EURUSD-H1-077240f1e16a,SUPPORTED,
SQX-XAUUSD-H4-0777a502aa34,SUPPORTED,
SQX-XAUUSD-H4-0777ef9cdeff,SUPPORTED,
SQX-USDCHF-H4-077893d41acd,SUPPORTED,
SQX-XAUUSD-H4-077e39c41259,SUPPORTED,
SQX-EURUSD-H1-07862d1ea899,SUPPORTED,
SQX-XAUUSD-H4-078aad4bedb6,SUPPORTED,
SQX-USDJPY-H4-078adfea0d76,SUPPORTED,
SQX-NZDUSD-H4-078bf2c50442,SUPPORTED,
SQX-EURUSD-H1-079c95141e8b,SUPPORTED,
SQX-USDJPY-H1-07a4458a8179,SUPPORTED,
SQX-XAUUSD-H4-07b147433c53,SUPPORTED,
SQX-XAUUSD-H4-07c39b44f5b2,SUPPORTED,
SQX-GBPUSD-M15-07c437ab57dd,SUPPORTED,
SQX-XAUUSD-H1-07d4e78701a2,SUPPORTED,
SQX-XAUUSD-H1-07d5ef8ef6c3,SUPPORTED,
SQX-GBPUSD-M15-07d7d3648517,SUPPORTED,
SQX-USDJPY-H4-07dc7fcf1839,SUPPORTED,
SQX-XAUUSD-H4-07e40d2dd9b3,SUPPORTED,
SQX-XAUUSD-H4-07e9ca8d4fef,SUPPORTED,
SQX-USDJPY-H1-07f87f6e4478,SUPPORTED,
SQX-USDJPY-H1-0801a23fd11c,SUPPORTED,
SQX-XAUUSD-H4-081b6cb82010,SUPPORTED,
SQX-USDJPY-H4-081ee4ed34a6,SUPPORTED,
SQX-XAUUSD-M15-08201001ef24,SUPPORTED,
SQX-XAUUSD-H4-0823de3d2a67,SUPPORTED,
SQX-XAUUSD-H4-0827ca9b6e6e,SUPPORTED,
SQX-XAUUSD-H4-0828dfef7348,SUPPORTED,
SQX-XAUUSD-H1-0828e5885287,SUPPORTED,
SQX-USDCHF-H4-083909d7a78b,SUPPORTED,
SQX-USDJPY-H1-083ef80c5cf1,SUPPORTED,
SQX-XAUUSD-H4-084d85b2e506,SUPPORTED,
SQX-XAUUSD-H4-084f2d54218c,SUPPORTED,
SQX-XAUUSD-H4-08512fd664fb,SUPPORTED,
SQX-XAUUSD-H1-086157ece6d2,SUPPORTED,
SQX-USDCHF-H4-086adbad076d,SUPPORTED,
SQX-GBPUSD-M15-086c40128d39,SUPPORTED,
SQX-XAUUSD-H4-087007ef198e,SUPPORTED,
SQX-EURUSD-H1-0874ad0876d4,SUPPORTED,
SQX-EURUSD-M15-087a124811ab,SUPPORTED,
SQX-XAUUSD-H4-0883b9fda3fe,SUPPORTED,
SQX-XAUUSD-H1-08894cbd009c,SUPPORTED,
SQX-XAUUSD-H4-088fc5bfc7a4,SUPPORTED,
SQX-XAUUSD-H4-0894d2474e88,SUPPORTED,
SQX-XAUUSD-H4-0896f04f5362,SUPPORTED,
SQX-USDJPY-H4-089c43733769,SUPPORTED,
SQX-XAUUSD-H1-089da81b9777,SUPPORTED,
SQX-USDJPY-H4-08a2f60d0e11,SUPPORTED,
SQX-USDCHF-H4-08a4c5a78ee0,SUPPORTED,
SQX-EURUSD-H1-08a5043aa47e,SUPPORTED,
SQX-USDJPY-H1-08a81e3610d4,SUPPORTED,
SQX-XAUUSD-H4-08a8d6655849,SUPPORTED,
SQX-XAUUSD-H1-08ab98d73f5e,SUPPORTED,
SQX-XAUUSD-H4-08af8623fce4,SUPPORTED,
SQX-USDJPY-H4-08afff95f460,SUPPORTED,
SQX-USDCHF-H4-08b4e30b4a25,SUPPORTED,
SQX-EURUSD-H1-08b86e687b3e,SUPPORTED,
SQX-XAUUSD-H4-08bfdada4454,SUPPORTED,
SQX-USDJPY-M15-08c006d7cfe3,SUPPORTED,
SQX-XAUUSD-H4-08c80397d422,SUPPORTED,
SQX-EURUSD-H1-08c818646515,SUPPORTED,
SQX-EURUSD-H1-08d11bde5f90,SUPPORTED,
SQX-EURUSD-H1-08d13fe8fd54,SUPPORTED,
SQX-USDCAD-H4-08d5897004e0,SUPPORTED,
SQX-XAUUSD-H4-08d646e9bb2a,SUPPORTED,
SQX-USDCHF-H4-08da5199e2e7,SUPPORTED,
SQX-XAUUSD-H4-08da690367d2,SUPPORTED,
SQX-USDCHF-H4-08dfb5032869,SUPPORTED,
SQX-USDCHF-H4-08e65f5127b8,SUPPORTED,
SQX-XAUUSD-H4-08ecd1e9fccb,SUPPORTED,
SQX-USDJPY-H1-08ef85386bcb,SUPPORTED,
SQX-USDCAD-H1-090063223be1,SUPPORTED,
SQX-XAUUSD-H4-090077449828,SUPPORTED,
SQX-USDJPY-H1-090103439b71,SUPPORTED,
SQX-EURUSD-H1-090974972527,SUPPORTED,
SQX-XAUUSD-H4-090d30886eae,SUPPORTED,
SQX-USDJPY-H1-0911a55151fb,SUPPORTED,
SQX-XAUUSD-H4-091780194421,SUPPORTED,
SQX-XAUUSD-H4-091bf2c10c25,SUPPORTED,
SQX-GBPUSD-H4-0921a95fba9b,SUPPORTED,
SQX-XAUUSD-H4-092e2c2f5d7c,SUPPORTED,
SQX-NZDUSD-H4-093b539c9a36,SUPPORTED,
SQX-USDJPY-H4-09467e0af57c,SUPPORTED,
SQX-XAUUSD-H4-0946b937e2a4,SUPPORTED,
SQX-EURUSD-H1-094902684d1e,SUPPORTED,
SQX-XAUUSD-H4-094df5a6ca87,SUPPORTED,
SQX-XAUUSD-H4-0958aba57606,SUPPORTED,
SQX-XAUUSD-H4-095d22c50466,SUPPORTED,
SQX-EURUSD-H4-095e641338a0,SUPPORTED,
SQX-USDCHF-H4-09615acb148f,SUPPORTED,
SQX-XAUUSD-H1-09631636e90a,SUPPORTED,
SQX-GBPUSD-M15-0967899b3aa2,SUPPORTED,
SQX-GBPUSD-H4-096a6f73739e,SUPPORTED,
SQX-XAUUSD-H1-096e8891e246,SUPPORTED,
SQX-EURUSD-H4-0973871f0dd4,SUPPORTED,
SQX-XAUUSD-H4-097b9111c54a,SUPPORTED,
SQX-XAUUSD-H4-097d64bdd99a,SUPPORTED,
SQX-XAUUSD-H1-097da54c332d,SUPPORTED,
SQX-XAUUSD-H1-0985f988d7b3,SUPPORTED,
SQX-XAUUSD-H4-098e359f6350,SUPPORTED,
SQX-XAUUSD-H4-0997faa6457a,SUPPORTED,
SQX-XAUUSD-H1-099858b83bac,SUPPORTED,
SQX-XAUUSD-H4-099a6b31cdf5,SUPPORTED,
SQX-XAUUSD-H4-099b0a85bc73,SUPPORTED,
SQX-XAUUSD-H4-099f4a80f948,SUPPORTED,
SQX-USDJPY-H4-09a5a417932d,SUPPORTED,
SQX-GBPUSD-H1-09a60536e651,SUPPORTED,
SQX-XAUUSD-H4-09afad95698a,SUPPORTED,
SQX-EURUSD-H4-09b092c8b5ea,SUPPORTED,
SQX-USDJPY-M15-09b6a159d47b,SUPPORTED,
SQX-USDJPY-H1-09bb4070d2da,SUPPORTED,
SQX-USDJPY-H4-09bd3c9daeb6,SUPPORTED,
SQX-USDJPY-H4-09c3afe3abdd,SUPPORTED,
SQX-XAUUSD-H1-09c3fc7d218a,SUPPORTED,
SQX-USDJPY-H4-09c8069be870,SUPPORTED,
SQX-XAUUSD-H4-09cf2698727c,SUPPORTED,
SQX-EURUSD-H1-09d11ee2983e,SUPPORTED,
SQX-USDJPY-H4-09d909ec3206,SUPPORTED,
SQX-USDJPY-H1-09e5002b9ffc,SUPPORTED,
SQX-USDJPY-H4-09ea45ac703f,SUPPORTED,
SQX-XAUUSD-H4-09f306b840e9,SUPPORTED,
SQX-USDJPY-H4-09f367aed78d,SUPPORTED,
SQX-XAUUSD-H4-09f4b5befc32,SUPPORTED,
SQX-XAUUSD-H1-09f530bcf816,SUPPORTED,
SQX-EURUSD-H1-09f9c488eaa8,SUPPORTED,
SQX-XAUUSD-H4-09f9c5892a4a,SUPPORTED,
SQX-USDJPY-H4-0a010340d2a0,SUPPORTED,
SQX-USDJPY-M15-0a08fe674747,SUPPORTED,
SQX-XAUUSD-H4-0a0cd7590cd9,SUPPORTED,
SQX-USDJPY-H1-0a0f2915641a,SUPPORTED,
SQX-USDJPY-H4-0a13714dd5d0,SUPPORTED,
SQX-USDJPY-H1-0a16fdd2a27a,SUPPORTED,
SQX-USDCAD-H4-0a23b2373e78,SUPPORTED,
SQX-USDCHF-H4-0a2f2c2de19f,SUPPORTED,
SQX-XAUUSD-H4-0a3265ccdb11,SUPPORTED,
SQX-XAUUSD-H4-0a34ca4944bf,SUPPORTED,
SQX-GBPUSD-M15-0a38a3ed405a,SUPPORTED,
SQX-USDJPY-H1-0a3d0b993e24,SUPPORTED,
SQX-XAUUSD-H4-0a4a5f7e13b5,SUPPORTED,
SQX-GBPUSD-M15-0a4c54dde68a,SUPPORTED,
SQX-XAUUSD-H4-0a4fa89e21b7,SUPPORTED,
SQX-USDJPY-H1-0a5061bfd793,SUPPORTED,
SQX-USDJPY-H4-0a5451662d06,SUPPORTED,
SQX-USDJPY-M15-0a546c28a64f,SUPPORTED,
SQX-XAUUSD-H4-0a582b7b902b,SUPPORTED,
SQX-USDJPY-H4-0a5eb56b7c21,SUPPORTED,
SQX-USDJPY-H4-0a726f6af89f,SUPPORTED,
SQX-XAUUSD-H1-0a739907782d,SUPPORTED,
SQX-EURUSD-H4-0a76420afcf7,SUPPORTED,
SQX-EURUSD-H4-0a795e3032d0,SUPPORTED,
SQX-XAUUSD-H4-0a7ad4498288,SUPPORTED,
SQX-USDCHF-H4-0a7fb34719d9,SUPPORTED,
SQX-XAUUSD-H4-0a872fa87dca,SUPPORTED,
SQX-USDCHF-H4-0a93129268a3,SUPPORTED,
SQX-EURUSD-H4-0a956452d513,SUPPORTED,
SQX-XAUUSD-H4-0a95b2a0b8c1,SUPPORTED,
SQX-XAUUSD-H4-0a96d24e29eb,SUPPORTED,
SQX-EURUSD-H1-0a970a724deb,SUPPORTED,
SQX-NZDUSD-H4-0a98c4a0e93b,SUPPORTED,
SQX-USDJPY-H4-0aa0e56aaf0d,SUPPORTED,
SQX-EURUSD-H1-0aa5e832e36f,SUPPORTED,
SQX-XAUUSD-H4-0aaa1d9ba878,SUPPORTED,
SQX-EURUSD-H4-0aaa8e30bdc5,SUPPORTED,
SQX-XAUUSD-H1-0aaab712e4f4,SUPPORTED,
SQX-XAUUSD-H4-0aad5ad786c3,SUPPORTED,
SQX-XAUUSD-H4-0aafa1a1016a,SUPPORTED,
SQX-XAUUSD-H4-0ab76ace6053,SUPPORTED,
SQX-XAUUSD-H4-0ac1a9baded5,SUPPORTED,
SQX-GBPUSD-H4-0ac4f1de9e72,SUPPORTED,
SQX-EURUSD-H1-0ad1d2420c57,SUPPORTED,
SQX-USDCHF-H4-0ada945a3f76,SUPPORTED,
SQX-XAUUSD-H4-0ae8e292f591,SUPPORTED,
SQX-USDJPY-H4-0aec991c1798,SUPPORTED,
SQX-GBPUSD-M15-0aececb07798,SUPPORTED,
SQX-XAUUSD-H4-0af077a182b5,SUPPORTED,
SQX-USDCHF-H4-0af11b077582,SUPPORTED,
SQX-XAUUSD-H1-0af8df012c9e,SUPPORTED,
SQX-XAUUSD-H1-0afab40aed44,SUPPORTED,
SQX-USDCAD-H1-0afb0f65d127,SUPPORTED,
SQX-XAUUSD-H1-0b04e87bc279,SUPPORTED,
SQX-USDJPY-H1-0b16f67116b2,SUPPORTED,
SQX-XAUUSD-H4-0b1d46a67578,SUPPORTED,
SQX-XAUUSD-H1-0b21b44a579b,SUPPORTED,
SQX-USDJPY-H1-0b288360bc01,SUPPORTED,
SQX-USDCHF-H4-0b2bfc06c2ce,SUPPORTED,
SQX-GBPUSD-H4-0b36adb62039,SUPPORTED,
SQX-USDJPY-H4-0b36ccbaea3c,SUPPORTED,
SQX-USDCHF-H4-0b3e5c459db1,SUPPORTED,
SQX-XAUUSD-H4-0b44f0798721,SUPPORTED,
SQX-GBPUSD-H4-0b466ca90baa,SUPPORTED,
SQX-XAUUSD-H1-0b49b8282aa6,SUPPORTED,
SQX-USDCAD-H4-0b50292bf6f4,SUPPORTED,
SQX-XAUUSD-H4-0b5a150df884,SUPPORTED,
SQX-XAUUSD-H4-0b5db0030f9b,SUPPORTED,
SQX-USDJPY-H4-0b66ba58b010,SUPPORTED,
SQX-EURUSD-H4-0b67882d26ab,SUPPORTED,
SQX-USDJPY-H1-0b698e8983ee,SUPPORTED,
SQX-XAUUSD-H4-0b6fbb6032c6,SUPPORTED,
SQX-USDCHF-H4-0b7309347b12,SUPPORTED,
SQX-EURUSD-H4-0b7650a0e617,SUPPORTED,
SQX-USDJPY-H4-0b77d583dd6e,SUPPORTED,
SQX-EURUSD-H4-0b79d1983252,SUPPORTED,
SQX-XAUUSD-H4-0b9784c4789b,SUPPORTED,
SQX-USDCHF-H4-0b9d7d7a4fc8,SUPPORTED,
SQX-USDCHF-H4-0ba32eb52087,SUPPORTED,
SQX-XAUUSD-H4-0ba6906674a6,SUPPORTED,
SQX-USDJPY-H1-0ba6d6fb01fc,SUPPORTED,
SQX-XAUUSD-H4-0ba843458425,SUPPORTED,
SQX-XAUUSD-H4-0ba938743fde,SUPPORTED,
SQX-XAUUSD-H4-0baf4908169c,SUPPORTED,
SQX-XAUUSD-H1-0bb577718aaa,SUPPORTED,
SQX-USDCHF-H4-0bbae1194024,SUPPORTED,
SQX-USDCAD-H4-0bc228d1c51d,SUPPORTED,
SQX-XAUUSD-H4-0bc7d72d7720,SUPPORTED,
SQX-XAUUSD-H4-0bcb3f64e6bf,SUPPORTED,
SQX-XAUUSD-H4-0bcdad533f06,SUPPORTED,
SQX-USDCHF-H4-0bdb65670e29,SUPPORTED,
SQX-USDCAD-H1-0bdccd3cceb3,SUPPORTED,
SQX-EURUSD-H4-0bdd43dfa23d,SUPPORTED,
SQX-USDJPY-H1-0becbd814e40,SUPPORTED,
SQX-XAUUSD-H4-0bf2653c7ea2,SUPPORTED,
SQX-XAUUSD-H4-0bfc5fa093e6,SUPPORTED,
SQX-XAUUSD-H4-0c01dc8966d2,SUPPORTED,
SQX-XAUUSD-H4-0c04c7972726,SUPPORTED,
SQX-XAUUSD-H4-0c0ad1aba128,SUPPORTED,
SQX-XAUUSD-H4-0c14a2fc414d,SUPPORTED,
SQX-USDCHF-H4-0c2d90244631,SUPPORTED,
SQX-USDJPY-H4-0c2f94687a49,SUPPORTED,
SQX-GBPUSD-H1-0c50ab2f12dd,SUPPORTED,
SQX-USDJPY-H1-0c62291fc3df,SUPPORTED,
SQX-USDJPY-H1-0c6691bac287,SUPPORTED,
SQX-XAUUSD-H4-0c6ac5db90c9,SUPPORTED,
SQX-XAUUSD-H4-0c6c721c2949,SUPPORTED,
SQX-XAUUSD-H4-0c6c7760cbc6,SUPPORTED,
SQX-USDJPY-H4-0c6f2a4654a1,SUPPORTED,
SQX-XAUUSD-H1-0c6fbdd911c8,SUPPORTED,
SQX-XAUUSD-H4-0c8d2d167b9e,SUPPORTED,
SQX-EURUSD-H1-0c8db70dd3fa,SUPPORTED,
SQX-XAUUSD-H4-0c90317f922a,SUPPORTED,
SQX-XAUUSD-H4-0c9765424e26,SUPPORTED,
SQX-XAUUSD-H4-0ca56ef77d10,SUPPORTED,
SQX-XAUUSD-H4-0ca7615c9668,SUPPORTED,
SQX-GBPUSD-H4-0ca8d0ed2f9d,SUPPORTED,
SQX-XAUUSD-H4-0caddb26607f,SUPPORTED,
SQX-XAUUSD-H1-0cb0f4ce3104,SUPPORTED,
SQX-EURUSD-H1-0cb18a584472,SUPPORTED,
SQX-USDCAD-H1-0cbe2d5478fe,SUPPORTED,
SQX-USDCHF-H4-0cbe502919ee,SUPPORTED,
SQX-EURUSD-H1-0cc329175f76,SUPPORTED,
SQX-XAUUSD-H1-0cc60e7f6732,SUPPORTED,
SQX-XAUUSD-H4-0cd321a72008,SUPPORTED,
SQX-GBPUSD-H1-0cd4a8a29ace,SUPPORTED,
SQX-XAUUSD-H4-0cd707717f2d,SUPPORTED,
SQX-EURUSD-H1-0cdda9817d13,SUPPORTED,
SQX-XAUUSD-H1-0cdddfca4700,SUPPORTED,
SQX-EURUSD-H1-0ce131003cd9,SUPPORTED,
SQX-USDJPY-H1-0ce9a19820e8,SUPPORTED,
SQX-USDJPY-H1-0ceaa8067aa4,SUPPORTED,
SQX-USDCHF-H4-0ceab5ca1c5c,SUPPORTED,
SQX-USDJPY-H4-0ceb32ecdcf5,SUPPORTED,
SQX-XAUUSD-H4-0cee3a5c147d,SUPPORTED,
SQX-EURUSD-H1-0cf1e730245f,SUPPORTED,
SQX-EURUSD-H1-0cf3f9e99e7a,SUPPORTED,
SQX-XAUUSD-H1-0cf6e3512c98,SUPPORTED,
SQX-USDJPY-H4-0cff303aedbe,SUPPORTED,
SQX-USDJPY-H4-0cff3b9b25b4,SUPPORTED,
SQX-XAUUSD-H4-0d0019921823,SUPPORTED,
SQX-XAUUSD-H4-0d0383cd84cc,SUPPORTED,
SQX-USDJPY-H1-0d04b602d3c0,SUPPORTED,
SQX-USDJPY-H1-0d0942fc0e06,SUPPORTED,
SQX-EURUSD-H4-0d0fbb909b9d,SUPPORTED,
SQX-XAUUSD-H4-0d1763735693,SUPPORTED,
SQX-USDJPY-M15-0d19e752dbe3,SUPPORTED,
SQX-USDJPY-H4-0d1ececbfa96,SUPPORTED,
SQX-XAUUSD-H4-0d2142249d4b,SUPPORTED,
SQX-USDJPY-H4-0d247e4436ae,SUPPORTED,
SQX-EURUSD-H1-0d25df8e4665,SUPPORTED,
SQX-XAUUSD-H1-0d27e5102d6b,SUPPORTED,
SQX-EURUSD-H4-0d37b832debe,SUPPORTED,
SQX-XAUUSD-H4-0d3c7c447fd7,SUPPORTED,
SQX-XAUUSD-H1-0d44b3404e09,SUPPORTED,
SQX-USDJPY-H4-0d456dcc9411,SUPPORTED,
SQX-XAUUSD-H4-0d47f358ffec,SUPPORTED,
SQX-USDJPY-H1-0d4bb9f5e9e6,SUPPORTED,
SQX-XAUUSD-H4-0d531a36f921,SUPPORTED,
SQX-XAUUSD-H4-0d642826c1fb,SUPPORTED,
SQX-USDJPY-H1-0d77f88f9f2d,SUPPORTED,
SQX-XAUUSD-H1-0d7e55049ccb,SUPPORTED,
SQX-XAUUSD-H1-0d8542bfee67,SUPPORTED,
SQX-USDJPY-H1-0d8b7d8c5a0b,SUPPORTED,
SQX-XAUUSD-H4-0d8f5e2cd665,SUPPORTED,
SQX-XAUUSD-H4-0d90f62c8bbc,SUPPORTED,
SQX-XAUUSD-H1-0d92616bcbb1,SUPPORTED,
SQX-XAUUSD-H4-0da1bb24baf6,SUPPORTED,
SQX-USDJPY-H4-0dbbd6f69d35,SUPPORTED,
SQX-USDJPY-H4-0dbf04216cd6,SUPPORTED,
SQX-USDJPY-H4-0dd0d9fa206e,SUPPORTED,
SQX-GBPUSD-M15-0de5082b5474,SUPPORTED,
SQX-XAUUSD-H4-0de8c17ed308,SUPPORTED,
SQX-NZDUSD-H4-0e0199cba2c3,SUPPORTED,
SQX-USDJPY-H1-0e05bd56d8ac,SUPPORTED,
SQX-EURUSD-M15-0e0a635fd0ce,SUPPORTED,
SQX-XAUUSD-H1-0e0e061b48b9,SUPPORTED,
SQX-USDJPY-H4-0e12114c86cf,SUPPORTED,
SQX-GBPUSD-M15-0e190c3f03e4,SUPPORTED,
SQX-EURUSD-H1-0e1973f3a546,SUPPORTED,
SQX-USDJPY-H1-0e1bf9c628a4,SUPPORTED,
SQX-USDJPY-H1-0e1efceebdf3,SUPPORTED,
SQX-USDJPY-H4-0e26a7ca9beb,SUPPORTED,
SQX-USDCAD-H4-0e2a56eee1bb,SUPPORTED,
SQX-XAUUSD-H4-0e340e7c8e99,SUPPORTED,
SQX-XAUUSD-H4-0e3aa412f98a,SUPPORTED,
SQX-XAUUSD-H4-0e3d0c14e476,SUPPORTED,
SQX-XAUUSD-H4-0e3eb294bae6,SUPPORTED,
SQX-EURUSD-H1-0e3f764afbaa,SUPPORTED,
SQX-USDCAD-H4-0e3f9056b847,SUPPORTED,
SQX-XAUUSD-H1-0e4017362b93,SUPPORTED,
SQX-NZDUSD-H4-0e522a76bd6c,SUPPORTED,
SQX-XAUUSD-H4-0e5ac20e1dea,SUPPORTED,
SQX-XAUUSD-H4-0e5bdbb70d72,SUPPORTED,
SQX-XAUUSD-H4-0e5d0b22fef5,SUPPORTED,
SQX-XAUUSD-H1-0e5e0e93b86a,SUPPORTED,
SQX-XAUUSD-H4-0e619333cd01,SUPPORTED,
SQX-USDCHF-H4-0e62b68014e2,SUPPORTED,
SQX-XAUUSD-H4-0e687a6fce64,SUPPORTED,
SQX-XAUUSD-H4-0e7149049d71,SUPPORTED,
SQX-USDJPY-H1-0e747d03ee73,SUPPORTED,
SQX-GBPUSD-H4-0e7a78f70ace,SUPPORTED,
SQX-USDJPY-H4-0e7b2885d34f,SUPPORTED,
SQX-EURUSD-H4-0e7f4cbe9339,SUPPORTED,
SQX-XAUUSD-H4-0e8c415f5b8a,SUPPORTED,
SQX-XAUUSD-H4-0e97f8c147ee,SUPPORTED,
SQX-XAUUSD-H4-0eb8dc5fb8ef,SUPPORTED,
SQX-USDJPY-H1-0ebb7ed23bf3,SUPPORTED,
SQX-EURUSD-H4-0ebd48a6d838,SUPPORTED,
SQX-GBPUSD-H1-0ec6befc9ee7,SUPPORTED,
SQX-XAUUSD-H4-0ec6ff0ba57c,SUPPORTED,
SQX-USDJPY-H4-0ecaa8cf7309,SUPPORTED,
SQX-USDJPY-M15-0ed38df3ff3c,SUPPORTED,
SQX-USDJPY-H1-0ed8b1473f53,SUPPORTED,
SQX-GBPUSD-M15-0eed1640cb37,SUPPORTED,
SQX-USDJPY-H4-0eeeed5483bd,SUPPORTED,
SQX-XAUUSD-H4-0ef226879cf6,SUPPORTED,
SQX-EURUSD-H1-0f0a324770c8,SUPPORTED,
SQX-USDCAD-H4-0f0b04c783db,SUPPORTED,
SQX-XAUUSD-H4-0f0b63a080fc,SUPPORTED,
SQX-USDCHF-H4-0f0bca8647ef,SUPPORTED,
SQX-XAUUSD-H4-0f13fea97a33,SUPPORTED,
SQX-EURUSD-H1-0f17f0203d02,SUPPORTED,
SQX-XAUUSD-H4-0f19f9a448fd,SUPPORTED,
SQX-USDCHF-H4-0f1f01526152,SUPPORTED,
SQX-XAUUSD-H1-0f2c19bf594f,SUPPORTED,
SQX-GBPUSD-H4-0f2c44b2e0cc,SUPPORTED,
SQX-USDJPY-H4-0f43cfa7f1ab,SUPPORTED,
SQX-USDJPY-H1-0f524ec46798,SUPPORTED,
SQX-GBPUSD-H4-0f5a2401d458,SUPPORTED,
SQX-USDCHF-H4-0f5c1f0dd43a,SUPPORTED,
SQX-XAUUSD-H4-0f6201e33a2f,SUPPORTED,
SQX-USDJPY-H1-0f63a314c246,SUPPORTED,
SQX-XAUUSD-H4-0f63eff00675,SUPPORTED,
SQX-USDJPY-H4-0f6cc1abf563,SUPPORTED,
SQX-XAUUSD-H4-0f6e5c608f8c,SUPPORTED,
SQX-USDJPY-H4-0f7089f16088,SUPPORTED,
SQX-USDCHF-H4-0f72f92ada70,SUPPORTED,
SQX-USDJPY-H1-0f7b74539603,SUPPORTED,
SQX-USDCHF-H4-0f92a03b5a5c,SUPPORTED,
SQX-EURUSD-M15-0f9392a7fd69,SUPPORTED,
SQX-XAUUSD-H4-0f98e344a24e,SUPPORTED,
SQX-EURUSD-H4-0f9cc6f1a17d,SUPPORTED,
SQX-XAUUSD-H4-0fa5f87f3158,SUPPORTED,
SQX-USDJPY-M15-0fa855971935,SUPPORTED,
SQX-XAUUSD-H1-0fac0ca5de2e,SUPPORTED,
SQX-EURUSD-H1-0face05f9beb,SUPPORTED,
SQX-EURUSD-M15-0fb0620e11a1,SUPPORTED,
SQX-XAUUSD-H4-0fb2952e77b9,SUPPORTED,
SQX-USDJPY-H4-0fb4894b04fb,SUPPORTED,
SQX-GBPUSD-H4-0fbc76f5c995,SUPPORTED,
SQX-USDJPY-H4-0fc6e6c5da32,SUPPORTED,
SQX-XAUUSD-H1-0fc8c3186368,SUPPORTED,
SQX-EURUSD-H4-0fcc9ff6544a,SUPPORTED,
SQX-XAUUSD-H1-0fce4b9a1f9e,SUPPORTED,
SQX-XAUUSD-H4-0fcea686e4ac,SUPPORTED,
SQX-USDCHF-H4-0fdfd27a5196,SUPPORTED,
SQX-XAUUSD-H4-0fea626314cb,SUPPORTED,
SQX-EURUSD-H1-0ff30f8030f2,SUPPORTED,
SQX-EURUSD-H4-0ff34829411d,SUPPORTED,
SQX-XAUUSD-H4-0ff56e409795,SUPPORTED,
SQX-GBPUSD-H4-0ffb1368a37f,SUPPORTED,
SQX-XAUUSD-H4-0ffc75599c6a,SUPPORTED,
SQX-GBPUSD-H1-0fffe05029e4,SUPPORTED,
SQX-USDJPY-H4-100bb8b2c795,SUPPORTED,
SQX-XAUUSD-H4-10114673f357,SUPPORTED,
SQX-USDJPY-H4-101b44f2b28a,SUPPORTED,
SQX-XAUUSD-H4-101c1f1e1d4b,SUPPORTED,
SQX-XAUUSD-H4-101f38090991,SUPPORTED,
SQX-EURUSD-H4-10216a7479e4,SUPPORTED,
SQX-USDCAD-H1-102a737959d5,SUPPORTED,
SQX-USDJPY-H1-10352fed93f7,SUPPORTED,
SQX-XAUUSD-H4-1037a8a34116,SUPPORTED,
SQX-EURUSD-H1-1041cc21f517,SUPPORTED,
SQX-XAUUSD-H4-10430e6c3615,SUPPORTED,
SQX-USDCHF-H4-104b8606e931,SUPPORTED,
SQX-XAUUSD-H4-104b8bba0b95,SUPPORTED,
SQX-USDJPY-H4-1056d6aac5b4,SUPPORTED,
SQX-EURUSD-H1-10629e52dc25,SUPPORTED,
SQX-XAUUSD-H4-106d39a64103,SUPPORTED,
SQX-XAUUSD-H1-1070504a0288,SUPPORTED,
SQX-XAUUSD-H4-1070e37e84c4,SUPPORTED,
SQX-XAUUSD-H4-10810e0e3ae6,SUPPORTED,
SQX-EURUSD-H1-108300962057,SUPPORTED,
SQX-XAUUSD-H4-10975d543961,SUPPORTED,
SQX-XAUUSD-H4-1097b119fa63,SUPPORTED,
SQX-USDCHF-H1-109919fc7a65,SUPPORTED,
SQX-USDJPY-H1-109b9c7cf14d,SUPPORTED,
SQX-USDJPY-H1-10a03090f7ff,SUPPORTED,
SQX-XAUUSD-H4-10a15291bbbc,SUPPORTED,
SQX-XAUUSD-H4-10a15b62902a,SUPPORTED,
SQX-EURUSD-H1-10a3727708e1,SUPPORTED,
SQX-XAUUSD-H1-10a4b501ecf4,SUPPORTED,
SQX-XAUUSD-H4-10b8569c1d5f,SUPPORTED,
SQX-USDCAD-H4-10bac10c6a17,SUPPORTED,
SQX-XAUUSD-H1-10bb0b9b6913,SUPPORTED,
SQX-USDJPY-H1-10cc934fb12e,SUPPORTED,
SQX-XAUUSD-H1-10d833ef1eb0,SUPPORTED,
SQX-GBPUSD-H1-10db91a072f6,SUPPORTED,
SQX-USDJPY-H4-10e84aaa794f,SUPPORTED,
SQX-XAUUSD-H1-10f3aa84baf3,SUPPORTED,
SQX-EURUSD-H1-10fa08beccb2,SUPPORTED,
SQX-USDJPY-H1-11061ea25d05,SUPPORTED,
SQX-XAUUSD-H4-1109d8d309f7,SUPPORTED,
SQX-XAUUSD-H4-1114df8f869c,SUPPORTED,
SQX-USDJPY-H4-11191e46659b,SUPPORTED,
SQX-EURUSD-H4-111dcc137a33,SUPPORTED,
SQX-EURUSD-H1-1120b72fe430,SUPPORTED,
SQX-XAUUSD-H4-1127b1a4af0a,SUPPORTED,
SQX-XAUUSD-H4-113a3230dbf3,SUPPORTED,
SQX-USDCAD-H1-113a6baa50fe,SUPPORTED,
SQX-XAUUSD-H1-113a8f4467ab,SUPPORTED,
SQX-EURUSD-H1-114cfae8a03c,SUPPORTED,
SQX-USDJPY-H4-1157d8abeeb5,SUPPORTED,
SQX-XAUUSD-H4-115ba8a4fa48,SUPPORTED,
SQX-GBPUSD-H1-115c36d89ef0,SUPPORTED,
SQX-XAUUSD-H1-11604bb205a9,SUPPORTED,
SQX-XAUUSD-H1-11652b202064,SUPPORTED,
SQX-USDJPY-H4-116741b732f8,SUPPORTED,
SQX-USDJPY-H4-1167eb34dd94,SUPPORTED,
SQX-EURUSD-H4-116bd073bde5,SUPPORTED,
SQX-GBPUSD-H4-116d69abc73c,SUPPORTED,
SQX-XAUUSD-H4-116da47c7731,SUPPORTED,
SQX-EURUSD-H1-11718da8190d,SUPPORTED,
SQX-XAUUSD-H4-117c7ca975fb,SUPPORTED,
SQX-USDJPY-H1-117d92843fb9,SUPPORTED,
SQX-USDJPY-H1-118408391073,SUPPORTED,
SQX-XAUUSD-H4-118b00aa2734,SUPPORTED,
SQX-GBPUSD-H4-119a2d069a78,SUPPORTED,
SQX-XAUUSD-H4-119a7174d363,SUPPORTED,
SQX-USDJPY-H1-11a087ff68ef,SUPPORTED,
SQX-XAUUSD-H4-11a5141b8f57,SUPPORTED,
SQX-XAUUSD-H4-11a9e082c95c,SUPPORTED,
SQX-XAUUSD-H4-11ad15440821,SUPPORTED,
SQX-XAUUSD-H1-11af6a443f3d,SUPPORTED,
SQX-USDJPY-H4-11af91428976,SUPPORTED,
SQX-USDCAD-H4-11b5aa17f931,SUPPORTED,
SQX-USDJPY-H4-11b5f7254f7a,SUPPORTED,
SQX-XAUUSD-H4-11b81821a3ce,SUPPORTED,
SQX-EURUSD-H4-11cc16a3ebf6,SUPPORTED,
SQX-XAUUSD-H4-11d5a3fe15fe,SUPPORTED,
SQX-USDCAD-H4-11db6fcbbc48,SUPPORTED,
SQX-EURUSD-H4-11ec4e9d9a8e,SUPPORTED,
SQX-USDJPY-H4-11f7fc2193a4,SUPPORTED,
SQX-XAUUSD-H4-11f95b92a059,SUPPORTED,
SQX-XAUUSD-H4-11faea9cc56e,SUPPORTED,
SQX-XAUUSD-H1-11fd1042b6a6,SUPPORTED,
SQX-XAUUSD-H1-11fd68e0d9df,SUPPORTED,
SQX-XAUUSD-H1-1201902d1682,SUPPORTED,
SQX-XAUUSD-H4-12043877f828,SUPPORTED,
SQX-XAUUSD-H4-120991259551,SUPPORTED,
SQX-XAUUSD-H4-120bba802314,SUPPORTED,
SQX-XAUUSD-H4-120c61b5021d,SUPPORTED,
SQX-XAUUSD-H4-120caac23fcc,SUPPORTED,
SQX-XAUUSD-H1-120d5795a38a,SUPPORTED,
SQX-GBPUSD-H4-12130c18313c,SUPPORTED,
SQX-XAUUSD-H4-121730dfdc92,SUPPORTED,
SQX-XAUUSD-H4-12233855de2d,SUPPORTED,
SQX-XAUUSD-H4-1224157c747e,SUPPORTED,
SQX-XAUUSD-H4-1224b84318f7,SUPPORTED,
SQX-USDJPY-H4-1229ed7955ba,SUPPORTED,
SQX-EURUSD-H4-122a1979916b,SUPPORTED,
SQX-XAUUSD-H4-122e13e30dca,SUPPORTED,
SQX-USDCHF-H4-12305f1f41f8,SUPPORTED,
SQX-XAUUSD-H4-12378fbb36b7,SUPPORTED,
SQX-XAUUSD-H4-1238cfdc7525,SUPPORTED,
SQX-XAUUSD-H1-123a4a470c50,SUPPORTED,
SQX-EURUSD-H1-123ba425e756,SUPPORTED,
SQX-XAUUSD-H4-1240dda9bcd1,SUPPORTED,
SQX-XAUUSD-H1-124b198b632d,SUPPORTED,
SQX-GBPUSD-H4-124b3afbe113,SUPPORTED,
SQX-EURUSD-H1-124cda7fbbde,SUPPORTED,
SQX-XAUUSD-H4-12502287e282,SUPPORTED,
SQX-XAUUSD-H1-1266eefa8f36,SUPPORTED,
SQX-GBPUSD-H4-12672762c79b,SUPPORTED,
SQX-USDJPY-M15-127e3579176f,SUPPORTED,
SQX-XAUUSD-H1-1287e3d601b7,SUPPORTED,
SQX-EURUSD-H4-128ec51b1f87,SUPPORTED,
SQX-XAUUSD-H4-128f44ef2613,SUPPORTED,
SQX-XAUUSD-H4-1292b2e08d49,SUPPORTED,
SQX-USDCHF-H4-129518c31b54,SUPPORTED,
SQX-XAUUSD-H4-129dbaee7f4a,SUPPORTED,
SQX-GBPUSD-H4-12a6cdedd2a2,SUPPORTED,
SQX-XAUUSD-H4-12a7b44a5fdb,SUPPORTED,
SQX-EURUSD-H4-12a8e671c537,SUPPORTED,
SQX-USDJPY-H1-12a9af324ef5,SUPPORTED,
SQX-GBPUSD-H4-12b0bc23ffc7,SUPPORTED,
SQX-XAUUSD-H1-12b24f944b28,SUPPORTED,
SQX-XAUUSD-H4-12b87c28d5d0,SUPPORTED,
SQX-EURUSD-H1-12ba8bafa870,SUPPORTED,
SQX-USDJPY-H1-12c1681f0df4,SUPPORTED,
SQX-GBPUSD-H1-12c7c0825683,SUPPORTED,
SQX-XAUUSD-H4-12c9178b48a1,SUPPORTED,
SQX-GBPUSD-H4-12ccb3d78711,SUPPORTED,
SQX-XAUUSD-H4-12d163e5d6ca,SUPPORTED,
SQX-GBPUSD-H4-12d78ceb88a6,SUPPORTED,
SQX-XAUUSD-H4-12e7be1a2e35,SUPPORTED,
SQX-USDJPY-H1-12ea52beedb7,SUPPORTED,
SQX-XAUUSD-H4-12eb5312aeb4,SUPPORTED,
SQX-XAUUSD-H4-12f48a96e5c7,SUPPORTED,
SQX-XAUUSD-H4-12f50a9dbed9,SUPPORTED,
SQX-XAUUSD-H1-12f6077652dd,SUPPORTED,
SQX-XAUUSD-H4-1309b7f382f0,SUPPORTED,
SQX-XAUUSD-H4-130ad617c6f9,SUPPORTED,
SQX-USDJPY-H4-130fbd75a535,SUPPORTED,
SQX-XAUUSD-H4-1312e5c4d5fc,SUPPORTED,
SQX-EURUSD-H1-131746b3cabf,SUPPORTED,
SQX-EURUSD-H4-1318f865ab8e,SUPPORTED,
SQX-USDJPY-H4-131a4590a1bf,SUPPORTED,
SQX-EURUSD-H1-1320ad51f2e8,SUPPORTED,
SQX-XAUUSD-H1-1321ac2ef867,SUPPORTED,
SQX-XAUUSD-H4-1325107c4bda,SUPPORTED,
SQX-XAUUSD-H1-132c7fae5f24,SUPPORTED,
SQX-XAUUSD-H1-132ca261e824,SUPPORTED,
SQX-XAUUSD-H4-1337b3d34be3,SUPPORTED,
SQX-XAUUSD-H4-134036de4e83,SUPPORTED,
SQX-USDJPY-H1-13449468a657,SUPPORTED,
SQX-USDJPY-H4-134685190fbd,SUPPORTED,
SQX-XAUUSD-H4-134adf07413e,SUPPORTED,
SQX-XAUUSD-H1-135462cd9970,SUPPORTED,
SQX-USDJPY-H1-135d24c510b1,SUPPORTED,
SQX-EURUSD-H1-135e0b8dffcb,SUPPORTED,
SQX-XAUUSD-H4-1362f189f76e,SUPPORTED,
SQX-EURUSD-H1-13649a86e51c,SUPPORTED,
SQX-USDJPY-H4-136b388899a3,SUPPORTED,
SQX-GBPUSD-M15-136bd627ab14,SUPPORTED,
SQX-XAUUSD-M15-136c8983b513,SUPPORTED,
SQX-XAUUSD-H4-13726df8a981,SUPPORTED,
SQX-USDJPY-M15-13748c58694d,SUPPORTED,
SQX-XAUUSD-H4-137ad0b32f20,SUPPORTED,
SQX-XAUUSD-H1-137e1a22ec2e,SUPPORTED,
SQX-USDJPY-H4-137f7b6cbc98,SUPPORTED,
SQX-XAUUSD-H4-1380cb091a27,SUPPORTED,
SQX-EURUSD-H1-13836d347b0a,SUPPORTED,
SQX-XAUUSD-H1-138b057a2c84,SUPPORTED,
SQX-USDCHF-H4-138f60cbd129,SUPPORTED,
SQX-XAUUSD-H4-13945292075d,SUPPORTED,
SQX-USDJPY-H4-1395bcd3552d,SUPPORTED,
SQX-EURUSD-H4-13a3f96ceeed,SUPPORTED,
SQX-XAUUSD-H4-13a6841edd21,SUPPORTED,
SQX-XAUUSD-H1-13a6bca47d6b,SUPPORTED,
SQX-XAUUSD-H4-13b3772a79c1,SUPPORTED,
SQX-XAUUSD-H4-13b484e3d2c4,SUPPORTED,
SQX-USDJPY-H4-13b6e489a2bc,SUPPORTED,
SQX-XAUUSD-H4-13c0ef5a07d0,SUPPORTED,
SQX-EURUSD-H1-13c3166f4e84,SUPPORTED,
SQX-EURUSD-H1-13c733a9a999,SUPPORTED,
SQX-XAUUSD-H4-13c7784c600b,SUPPORTED,
SQX-USDJPY-H1-13ccfe7fc208,SUPPORTED,
SQX-USDJPY-H4-13d27c03308f,SUPPORTED,
SQX-XAUUSD-H4-13db69d0a606,SUPPORTED,
SQX-XAUUSD-H1-13dbb8c3bd1a,SUPPORTED,
SQX-XAUUSD-H4-13de8f6931d8,SUPPORTED,
SQX-USDJPY-H1-13e170b02ce7,SUPPORTED,
SQX-XAUUSD-H4-13ebf1be03d9,SUPPORTED,
SQX-GBPUSD-H4-13efc9777bfa,SUPPORTED,
SQX-XAUUSD-H1-13f88f7d41cb,SUPPORTED,
SQX-USDJPY-H1-13fd12f53133,SUPPORTED,
SQX-USDJPY-H1-13fdb6224866,SUPPORTED,
SQX-XAUUSD-H4-13ff372a0fff,SUPPORTED,
SQX-EURUSD-H4-13ff914893df,SUPPORTED,
SQX-XAUUSD-H1-1401f6484ebb,SUPPORTED,
SQX-XAUUSD-H4-140d45755484,SUPPORTED,
SQX-XAUUSD-H1-1411d6c6deeb,SUPPORTED,
SQX-XAUUSD-H4-1412d830a145,SUPPORTED,
SQX-XAUUSD-H1-141fa4e4724f,SUPPORTED,
SQX-USDJPY-H1-1421f235a833,SUPPORTED,
SQX-XAUUSD-H4-14245aa8cb51,SUPPORTED,
SQX-XAUUSD-H4-1424b8e38cb3,SUPPORTED,
SQX-XAUUSD-H4-14259ebf001d,SUPPORTED,
SQX-USDJPY-M15-142e50f41bf8,SUPPORTED,
SQX-EURUSD-H1-1434c1bd71f3,SUPPORTED,
SQX-XAUUSD-H1-1436215739b3,SUPPORTED,
SQX-XAUUSD-H1-14381112cde1,SUPPORTED,
SQX-XAUUSD-H4-144641767c0a,SUPPORTED,
SQX-EURUSD-H4-14522d2bf4b1,SUPPORTED,
SQX-GBPUSD-M15-145fab1abbc7,SUPPORTED,
SQX-USDJPY-H1-146694bc9cf7,SUPPORTED,
SQX-XAUUSD-H1-1467d1b3e4fa,SUPPORTED,
SQX-EURUSD-H1-1468ee9f5559,SUPPORTED,
SQX-XAUUSD-H4-146a184e8151,SUPPORTED,
SQX-USDJPY-H1-146abd7694dd,SUPPORTED,
SQX-USDCAD-H4-146e102b266b,SUPPORTED,
SQX-USDJPY-H4-146ef14a005b,SUPPORTED,
SQX-XAUUSD-H4-1476576317a8,SUPPORTED,
SQX-USDJPY-H4-148953a5576a,SUPPORTED,
SQX-XAUUSD-H4-148c401b6df4,SUPPORTED,
SQX-XAUUSD-H4-148f1ec90e13,SUPPORTED,
SQX-XAUUSD-H4-14911f405174,SUPPORTED,
SQX-XAUUSD-H4-149645dfa607,SUPPORTED,
SQX-USDJPY-H1-149860ac424d,SUPPORTED,
SQX-XAUUSD-H4-149b342dd608,SUPPORTED,
SQX-XAUUSD-H4-149b42bea334,SUPPORTED,
SQX-XAUUSD-H1-149e3be4919f,SUPPORTED,
SQX-XAUUSD-H4-14a57d13c831,SUPPORTED,
SQX-XAUUSD-H4-14ae6090d832,SUPPORTED,
SQX-USDJPY-H1-14b282d3c524,SUPPORTED,
SQX-XAUUSD-H1-14bebd810d4a,SUPPORTED,
SQX-USDJPY-H1-14bf89349634,SUPPORTED,
SQX-USDJPY-H1-14c11d3822c2,SUPPORTED,
SQX-USDJPY-H4-14c50a77248b,SUPPORTED,
SQX-USDCAD-H4-14c5bfae5b5e,SUPPORTED,
SQX-USDJPY-H4-14c8ab52bced,SUPPORTED,
SQX-XAUUSD-H4-14cc2c606ba3,SUPPORTED,
SQX-EURUSD-H4-14d012ea8a99,SUPPORTED,
SQX-USDJPY-H4-14d1c81cda50,SUPPORTED,
SQX-XAUUSD-H4-14e0adb13c45,SUPPORTED,
SQX-XAUUSD-H4-14eab9bdb4c4,SUPPORTED,
SQX-XAUUSD-H4-14f0b3e61045,SUPPORTED,
SQX-USDJPY-H1-14f163eba928,SUPPORTED,
SQX-XAUUSD-H4-14f90ba80daf,SUPPORTED,
SQX-USDJPY-H4-14f957ee608b,SUPPORTED,
SQX-USDCAD-H4-14ff19ec9678,SUPPORTED,
SQX-XAUUSD-H4-15008d350a45,SUPPORTED,
SQX-XAUUSD-H4-1504e9b5aff9,SUPPORTED,
SQX-USDJPY-H1-1506fc57b700,SUPPORTED,
SQX-GBPUSD-H4-150f18bbda71,SUPPORTED,
SQX-XAUUSD-H1-15141648704d,SUPPORTED,
SQX-XAUUSD-H4-1516170e6737,SUPPORTED,
SQX-XAUUSD-H4-1518f78c5cba,SUPPORTED,
SQX-XAUUSD-H4-15346c870ea2,SUPPORTED,
SQX-XAUUSD-H4-153a3fafa9de,SUPPORTED,
SQX-EURUSD-H1-153dd2ef1d03,SUPPORTED,
SQX-USDJPY-H4-1543e8a19e06,SUPPORTED,
SQX-EURUSD-H1-15494de8e062,SUPPORTED,
SQX-EURUSD-H4-154be34b4440,SUPPORTED,
SQX-XAUUSD-H1-154c9fd72013,SUPPORTED,
SQX-EURUSD-H1-155cce033e50,SUPPORTED,
SQX-XAUUSD-H4-155d75b6196e,SUPPORTED,
SQX-XAUUSD-H4-156b93c44e1e,SUPPORTED,
SQX-NZDUSD-H4-1577536724fb,SUPPORTED,
SQX-USDJPY-H4-1579c4e7dc68,SUPPORTED,
SQX-XAUUSD-H4-157b458e2e4c,SUPPORTED,
SQX-XAUUSD-H4-1583e34b1d15,SUPPORTED,
SQX-USDJPY-H4-158648fb0703,SUPPORTED,
SQX-EURUSD-H1-158b165eb132,SUPPORTED,
SQX-EURUSD-H1-158c00a006f6,SUPPORTED,
SQX-EURUSD-H4-158c6b8fa867,SUPPORTED,
SQX-XAUUSD-H1-15a2187095c0,SUPPORTED,
SQX-EURUSD-H1-15a2a8027b47,SUPPORTED,
SQX-XAUUSD-H4-15b4de7f90f0,SUPPORTED,
SQX-EURUSD-H4-15b5e5fa5fc9,SUPPORTED,
SQX-USDJPY-H4-15b6a2093686,SUPPORTED,
SQX-USDJPY-H1-15bc225748de,SUPPORTED,
SQX-XAUUSD-H4-15c3104deade,SUPPORTED,
SQX-XAUUSD-H4-15cb6db74caf,SUPPORTED,
SQX-XAUUSD-H4-15cf22bb5eb2,SUPPORTED,
SQX-USDJPY-H4-15d3a91542a0,SUPPORTED,
SQX-XAUUSD-H4-15d4c1cf9f2b,SUPPORTED,
SQX-EURUSD-M15-15e10f0656df,SUPPORTED,
SQX-EURUSD-H1-15ea2fed1318,SUPPORTED,
SQX-XAUUSD-H4-15eb483f612c,SUPPORTED,
SQX-GBPUSD-H4-15ec821a5e6a,SUPPORTED,
SQX-USDJPY-H4-15ef8fa88bf4,SUPPORTED,
SQX-EURUSD-H4-15f6abf718eb,SUPPORTED,
SQX-XAUUSD-H4-15ff066c0308,SUPPORTED,
SQX-XAUUSD-H4-160527446b37,SUPPORTED,
SQX-XAUUSD-H4-160b37570471,SUPPORTED,
SQX-XAUUSD-H4-1622f713ba08,SUPPORTED,
SQX-XAUUSD-H1-162a3633e3b1,SUPPORTED,
SQX-USDJPY-H1-1630617cde27,SUPPORTED,
SQX-EURUSD-H1-163245ce8a9e,SUPPORTED,
SQX-XAUUSD-H1-1636d36a6aeb,SUPPORTED,
SQX-XAUUSD-H1-16394bdadb69,SUPPORTED,
SQX-XAUUSD-H4-163bba120813,SUPPORTED,
SQX-GBPUSD-H4-163f9845700b,SUPPORTED,
SQX-XAUUSD-H1-1646eca485e2,SUPPORTED,
SQX-XAUUSD-H4-164729b35cc2,SUPPORTED,
SQX-XAUUSD-H4-164a27d98fe5,SUPPORTED,
SQX-XAUUSD-H4-164b51c7317e,SUPPORTED,
SQX-USDJPY-H4-164ec25a34f2,SUPPORTED,
SQX-USDJPY-H4-1662e47d9a60,SUPPORTED,
SQX-XAUUSD-H4-166958d5cc67,SUPPORTED,
SQX-XAUUSD-H4-166d6eff8692,SUPPORTED,
SQX-EURUSD-H1-16714df19d2d,SUPPORTED,
SQX-XAUUSD-H4-1672c907502b,SUPPORTED,
SQX-USDJPY-H4-1673ebe017d9,SUPPORTED,
SQX-XAUUSD-H4-1677415657a7,SUPPORTED,
SQX-XAUUSD-H4-167b6e84a921,SUPPORTED,
SQX-EURUSD-H4-167fd134b762,SUPPORTED,
SQX-USDCHF-H4-168274629db4,SUPPORTED,
SQX-USDCHF-H4-168e8294d36b,SUPPORTED,
SQX-USDJPY-M15-168fade419f1,SUPPORTED,
SQX-USDCAD-H4-16943583ecf9,SUPPORTED,
SQX-USDJPY-H4-169aad191a2b,SUPPORTED,
SQX-EURUSD-H1-16ab46e81702,SUPPORTED,
SQX-XAUUSD-H4-16ad0d6d441b,SUPPORTED,
SQX-XAUUSD-H4-16bc7d21e593,SUPPORTED,
SQX-XAUUSD-H1-16be8a97a90a,SUPPORTED,
SQX-USDJPY-H1-16bfb01bc63e,SUPPORTED,
SQX-XAUUSD-H4-16c209884d0a,SUPPORTED,
SQX-USDJPY-H1-16c563cdcd77,SUPPORTED,
SQX-USDJPY-M15-16ca83537d30,SUPPORTED,
SQX-USDJPY-H4-16cda17ea1cd,SUPPORTED,
SQX-USDJPY-H1-16d77665b9a3,SUPPORTED,
SQX-XAUUSD-H1-16dc9cb5ea51,SUPPORTED,
SQX-XAUUSD-H4-16dd2e11cd46,SUPPORTED,
SQX-XAUUSD-H4-16e17071753f,SUPPORTED,
SQX-GBPUSD-H4-16e3fcfb0d41,SUPPORTED,
SQX-XAUUSD-H1-16ea1162970a,SUPPORTED,
SQX-GBPUSD-H4-16eb682c8757,SUPPORTED,
SQX-XAUUSD-H4-16ede949fc77,SUPPORTED,
SQX-EURUSD-H1-16f0f6251e4f,SUPPORTED,
SQX-USDJPY-H1-16f15f558064,SUPPORTED,
SQX-XAUUSD-H4-16f19a39a575,SUPPORTED,
SQX-EURUSD-H4-1701f6575e41,SUPPORTED,
SQX-XAUUSD-H4-1705c36b3009,SUPPORTED,
SQX-USDCHF-H4-170a2ff88288,SUPPORTED,
SQX-GBPUSD-H4-17178a128e57,SUPPORTED,
SQX-USDJPY-H4-172b29654afe,SUPPORTED,
SQX-GBPUSD-M15-173099fc0d73,SUPPORTED,
SQX-EURUSD-H4-173783443abf,SUPPORTED,
SQX-EURUSD-H1-1739a3c8c89e,SUPPORTED,
SQX-EURUSD-H1-17416388a94a,SUPPORTED,
SQX-USDCAD-H4-1744ed5c91de,SUPPORTED,
SQX-XAUUSD-H1-174746c8612f,SUPPORTED,
SQX-XAUUSD-H1-174f8fe06116,SUPPORTED,
SQX-USDJPY-H4-175ab15720f3,SUPPORTED,
SQX-EURUSD-H4-176263c658aa,SUPPORTED,
SQX-EURUSD-H4-176580149c61,SUPPORTED,
SQX-GBPUSD-H1-176f6682c7ca,SUPPORTED,
SQX-XAUUSD-H4-17714e59cfc7,SUPPORTED,
SQX-XAUUSD-H1-177282a94fa6,SUPPORTED,
SQX-XAUUSD-H1-177dfa076622,SUPPORTED,
SQX-EURUSD-H1-17941bcc6770,SUPPORTED,
SQX-EURUSD-H4-179de2f98c5c,SUPPORTED,
SQX-EURUSD-H1-179e25663cf8,SUPPORTED,
SQX-USDJPY-H4-17a254160f6c,SUPPORTED,
SQX-XAUUSD-H4-17ace4ef21cf,SUPPORTED,
SQX-XAUUSD-H1-17b318014108,SUPPORTED,
SQX-USDCAD-H4-17b6709820f4,SUPPORTED,
SQX-USDJPY-H4-17b81a26c053,SUPPORTED,
SQX-USDJPY-H4-17b9eefd8da0,SUPPORTED,
SQX-XAUUSD-H4-17bc0ba12a38,SUPPORTED,
SQX-GBPUSD-H4-17bd6e0c08ca,SUPPORTED,
SQX-USDCAD-H4-17c52c277841,SUPPORTED,
SQX-GBPUSD-H4-17cbb111e8b3,SUPPORTED,
SQX-USDCAD-H4-17d62e285f99,SUPPORTED,
SQX-XAUUSD-H1-17d927d7911e,SUPPORTED,
SQX-USDCHF-H4-17d97612f928,SUPPORTED,
SQX-USDJPY-H1-17ddc0a9d553,SUPPORTED,
SQX-XAUUSD-H4-17e45011201f,SUPPORTED,
SQX-USDJPY-H1-17e9224696e4,SUPPORTED,
SQX-GBPUSD-H4-17f2d44ddd6c,SUPPORTED,
SQX-XAUUSD-H4-17f642e4410b,SUPPORTED,
SQX-GBPUSD-H1-17f915a161fb,SUPPORTED,
SQX-GBPUSD-H4-17fb4672f41d,SUPPORTED,
SQX-XAUUSD-H4-18025f57b763,SUPPORTED,
SQX-XAUUSD-H4-18099a703372,SUPPORTED,
SQX-EURUSD-H4-181604ec77bd,SUPPORTED,
SQX-XAUUSD-H4-181bd26990c9,SUPPORTED,
SQX-XAUUSD-H4-181c23b82a02,SUPPORTED,
SQX-EURUSD-H1-181f6de71e9a,SUPPORTED,
SQX-XAUUSD-H4-18220a4f2d3c,SUPPORTED,
SQX-XAUUSD-H4-1825cc043378,SUPPORTED,
SQX-XAUUSD-H1-182d6648f70b,SUPPORTED,
SQX-USDJPY-H4-182de1159473,SUPPORTED,
SQX-EURUSD-H4-183b180e3dff,SUPPORTED,
SQX-XAUUSD-H4-183f14b03283,SUPPORTED,
SQX-XAUUSD-H4-184e4ae6933c,SUPPORTED,
SQX-USDJPY-H1-1868fbc08f5e,SUPPORTED,
SQX-NZDUSD-H4-1874eb758162,SUPPORTED,
SQX-EURUSD-H4-18767c34ae84,SUPPORTED,
SQX-EURUSD-H1-188536fd6a8e,SUPPORTED,
SQX-EURUSD-H4-1894ff139a4e,SUPPORTED,
SQX-XAUUSD-H4-189fcfe1c531,SUPPORTED,
SQX-XAUUSD-H4-18a68e6f344b,SUPPORTED,
SQX-XAUUSD-H1-18b09b6a88c3,SUPPORTED,
SQX-XAUUSD-H4-18b1b8304edc,SUPPORTED,
SQX-USDJPY-H4-18b7d5b3d96c,SUPPORTED,
SQX-XAUUSD-H4-18bdeaf88c54,SUPPORTED,
SQX-XAUUSD-H4-18be6e3c966f,SUPPORTED,
SQX-USDJPY-H4-18bf39d90245,SUPPORTED,
SQX-USDJPY-H1-18bf94f32b94,SUPPORTED,
SQX-EURUSD-H4-18c3e325db36,SUPPORTED,
SQX-XAUUSD-H4-18c484f1ff5f,SUPPORTED,
SQX-XAUUSD-H1-18ca1880eab5,SUPPORTED,
SQX-USDCHF-H4-18ca575d25ec,SUPPORTED,
SQX-XAUUSD-H4-18cc0f11f3de,SUPPORTED,
SQX-USDJPY-H4-18ceb2507ad1,SUPPORTED,
SQX-USDCHF-H4-18d1f6448647,SUPPORTED,
SQX-XAUUSD-H1-18d3f6cd7172,SUPPORTED,
SQX-EURUSD-H4-18da2e7562c8,SUPPORTED,
SQX-XAUUSD-H1-18dbac36628f,SUPPORTED,
SQX-XAUUSD-H4-18df261571e7,SUPPORTED,
SQX-EURUSD-H4-18eeb4a97dfa,SUPPORTED,
SQX-EURUSD-H1-18f0cdcf85b0,SUPPORTED,
SQX-XAUUSD-H1-18fc159b4a06,SUPPORTED,
SQX-XAUUSD-H4-18fdd5782cf7,SUPPORTED,
SQX-XAUUSD-H4-1900359bb5ab,SUPPORTED,
SQX-XAUUSD-H4-1903e512e097,SUPPORTED,
SQX-XAUUSD-H4-191131221636,SUPPORTED,
SQX-XAUUSD-H4-19178536712a,SUPPORTED,
SQX-EURUSD-H4-19191c74a687,SUPPORTED,
SQX-EURUSD-H1-191e69db0928,SUPPORTED,
SQX-XAUUSD-H4-19246685d9f2,SUPPORTED,
SQX-XAUUSD-H4-192f29266bc5,SUPPORTED,
SQX-XAUUSD-H4-193387e138eb,SUPPORTED,
SQX-USDJPY-H4-1939ee55def6,SUPPORTED,
SQX-XAUUSD-H4-1942d3ac945a,SUPPORTED,
SQX-USDJPY-H4-1945dcab643c,SUPPORTED,
SQX-XAUUSD-H4-1946febfbeda,SUPPORTED,
SQX-XAUUSD-H4-1947f230f36e,SUPPORTED,
SQX-XAUUSD-H4-194c697d06d7,SUPPORTED,
SQX-XAUUSD-H4-194cbcb21467,SUPPORTED,
SQX-USDJPY-H4-195415e57abf,SUPPORTED,
SQX-XAUUSD-H4-195491aca7dd,SUPPORTED,
SQX-XAUUSD-H1-195a9413c148,SUPPORTED,
SQX-XAUUSD-H4-195b76987b10,SUPPORTED,
SQX-GBPUSD-H4-195bc4c7dbc4,SUPPORTED,
SQX-XAUUSD-H4-19611bf2b553,SUPPORTED,
SQX-XAUUSD-H4-196c55beba58,SUPPORTED,
SQX-XAUUSD-H1-196d77088d16,SUPPORTED,
SQX-EURUSD-H1-197c4374906d,SUPPORTED,
SQX-USDJPY-H1-197e58ea4a0d,SUPPORTED,
SQX-EURUSD-H1-19800ce7d954,SUPPORTED,
SQX-XAUUSD-H4-198097557e1d,SUPPORTED,
SQX-XAUUSD-H1-1981626f4266,SUPPORTED,
SQX-XAUUSD-H4-19897b3f29a1,SUPPORTED,
SQX-USDJPY-H4-19937f6ead09,SUPPORTED,
SQX-XAUUSD-H4-19a95e8a3216,SUPPORTED,
SQX-USDJPY-H4-19b02fb5b715,SUPPORTED,
SQX-USDJPY-H1-19b936ae9321,SUPPORTED,
SQX-USDJPY-H1-19bbd8b5742a,SUPPORTED,
SQX-USDJPY-H4-19bee5d40819,SUPPORTED,
SQX-XAUUSD-H4-19bf21e8138a,SUPPORTED,
SQX-USDJPY-H1-19c1b5dc6127,SUPPORTED,
SQX-XAUUSD-H4-19c24d23e888,SUPPORTED,
SQX-XAUUSD-H4-19c658e4c5e4,SUPPORTED,
SQX-USDJPY-H4-19d1888a6bcf,SUPPORTED,
SQX-GBPUSD-H1-19d67c2fef9a,SUPPORTED,
SQX-USDCHF-H4-19d8042714e3,SUPPORTED,
SQX-XAUUSD-H4-19d8ea028405,SUPPORTED,
SQX-EURUSD-H1-19dfba054afc,SUPPORTED,
SQX-USDCHF-H4-19e2788fd283,SUPPORTED,
SQX-XAUUSD-H4-19e61392031f,SUPPORTED,
SQX-XAUUSD-H4-19e8e8342261,SUPPORTED,
SQX-EURUSD-H1-19f355400d8d,SUPPORTED,
SQX-USDJPY-H4-19fc120072e1,SUPPORTED,
SQX-EURUSD-H4-19fdc6079273,SUPPORTED,
SQX-EURUSD-H4-1a05a8615b4a,SUPPORTED,
SQX-XAUUSD-H4-1a06f266c771,SUPPORTED,
SQX-GBPUSD-H4-1a09a25e3a29,SUPPORTED,
SQX-XAUUSD-H4-1a0afc3a0088,SUPPORTED,
SQX-USDJPY-H4-1a0ce9a1a040,SUPPORTED,
SQX-XAUUSD-H1-1a0f8eeb57bf,SUPPORTED,
SQX-XAUUSD-H4-1a1df4a29327,SUPPORTED,
SQX-XAUUSD-H1-1a2415262ce6,SUPPORTED,
SQX-EURUSD-H4-1a2458d88578,SUPPORTED,
SQX-XAUUSD-H1-1a2d62e95ad2,SUPPORTED,
SQX-GBPUSD-H4-1a3b17b23e81,SUPPORTED,
SQX-USDJPY-H1-1a468bb5e69d,SUPPORTED,
SQX-EURUSD-H4-1a48ecd69557,SUPPORTED,
SQX-XAUUSD-H1-1a491b6d839b,SUPPORTED,
SQX-EURUSD-H1-1a4ad68fc49e,SUPPORTED,
SQX-USDJPY-H4-1a529eb70a5e,SUPPORTED,
SQX-XAUUSD-H1-1a546f7042d7,SUPPORTED,
SQX-XAUUSD-H4-1a55ea1ae3d1,SUPPORTED,
SQX-XAUUSD-H4-1a581e37f25b,SUPPORTED,
SQX-GBPUSD-H1-1a634575f697,SUPPORTED,
SQX-XAUUSD-H4-1a6784b9df58,SUPPORTED,
SQX-XAUUSD-H4-1a6c53ee24b1,SUPPORTED,
SQX-GBPUSD-H4-1a6f7f2e54b4,SUPPORTED,
SQX-XAUUSD-H4-1a765331c07e,SUPPORTED,
SQX-EURUSD-H1-1a77c5cc9760,SUPPORTED,
SQX-USDJPY-H4-1a7c799e708e,SUPPORTED,
SQX-XAUUSD-H4-1a7cddfd104e,SUPPORTED,
SQX-USDJPY-H4-1a7cf88f7988,SUPPORTED,
SQX-USDJPY-H4-1a7e31355624,SUPPORTED,
SQX-EURUSD-H1-1a7ebfcf53d5,SUPPORTED,
SQX-XAUUSD-H4-1a93a585528b,SUPPORTED,
SQX-USDJPY-H1-1a97917f80a8,SUPPORTED,
SQX-USDJPY-H1-1a99acb92e69,SUPPORTED,
SQX-GBPUSD-M15-1aa1f6ce6eec,SUPPORTED,
SQX-XAUUSD-H4-1aa2f035229d,SUPPORTED,
SQX-XAUUSD-H4-1aa5583bddd1,SUPPORTED,
SQX-GBPUSD-H4-1aa6eecb2654,SUPPORTED,
SQX-USDCHF-H4-1aafc786e2ca,SUPPORTED,
SQX-XAUUSD-H4-1ab29091289b,SUPPORTED,
SQX-USDJPY-H4-1ab3f8b68c35,SUPPORTED,
SQX-EURUSD-H4-1abf716ae3a7,SUPPORTED,
SQX-USDCAD-H4-1acb44f825e0,SUPPORTED,
SQX-USDCHF-H4-1acff5ecbd38,SUPPORTED,
SQX-USDJPY-H4-1ad070f424a8,SUPPORTED,
SQX-USDJPY-H1-1ad1ec6d26c6,SUPPORTED,
SQX-XAUUSD-H1-1ad31f867c5c,SUPPORTED,
SQX-USDJPY-H4-1ad79f3a9d72,SUPPORTED,
SQX-USDJPY-H1-1ada1ebc44be,SUPPORTED,
SQX-XAUUSD-H4-1ade71793ccd,SUPPORTED,
SQX-EURUSD-H1-1aec29d68b5c,SUPPORTED,
SQX-XAUUSD-H4-1af0bd61b02a,SUPPORTED,
SQX-USDJPY-H4-1af3cd3f9ab4,SUPPORTED,
SQX-XAUUSD-H1-1b0ab6456246,SUPPORTED,
SQX-GBPUSD-H4-1b0f95b3b1f6,SUPPORTED,
SQX-EURUSD-H4-1b16dcea74b7,SUPPORTED,
SQX-USDCHF-H4-1b1a3b78bd3e,SUPPORTED,
SQX-USDCHF-H4-1b1d44275bad,SUPPORTED,
SQX-XAUUSD-H1-1b22593593bb,SUPPORTED,
SQX-XAUUSD-H1-1b26cdc7d74a,SUPPORTED,
SQX-XAUUSD-H4-1b338a45792d,SUPPORTED,
SQX-XAUUSD-H4-1b339e7f1374,SUPPORTED,
SQX-USDJPY-H1-1b36718c1523,SUPPORTED,
SQX-EURUSD-H4-1b38d468a8cc,SUPPORTED,
SQX-XAUUSD-H4-1b4a3eeb5656,SUPPORTED,
SQX-USDJPY-H4-1b4b1d8346af,SUPPORTED,
SQX-XAUUSD-H4-1b503a0c1998,SUPPORTED,
SQX-XAUUSD-H4-1b53c422beeb,SUPPORTED,
SQX-GBPUSD-H4-1b61eb828f17,SUPPORTED,
SQX-XAUUSD-H4-1b64859b29af,SUPPORTED,
SQX-XAUUSD-H4-1b68cf82a44b,SUPPORTED,
SQX-XAUUSD-H1-1b6fa7fbab7d,SUPPORTED,
SQX-USDJPY-H4-1b77079b01da,SUPPORTED,
SQX-XAUUSD-H4-1b77c86db610,SUPPORTED,
SQX-USDJPY-H4-1b7d784de9d5,SUPPORTED,
SQX-XAUUSD-H4-1b7ffd686013,SUPPORTED,
SQX-USDCAD-H4-1b88cbff3c24,SUPPORTED,
SQX-XAUUSD-H1-1b8bb55f4287,SUPPORTED,
SQX-XAUUSD-H4-1b8d084a38a1,SUPPORTED,
SQX-XAUUSD-H4-1b9230d98702,SUPPORTED,
SQX-XAUUSD-H4-1b95092196dd,SUPPORTED,
SQX-XAUUSD-H4-1b98788d47bd,SUPPORTED,
SQX-USDJPY-H4-1b9bf406148f,SUPPORTED,
SQX-XAUUSD-H4-1ba06d466fdd,SUPPORTED,
SQX-XAUUSD-H4-1baa3625fad4,SUPPORTED,
SQX-XAUUSD-H4-1bb28c269ddf,SUPPORTED,
SQX-GBPUSD-H1-1bbafe7dc994,SUPPORTED,
SQX-XAUUSD-H4-1bc2cefb86e4,SUPPORTED,
SQX-EURUSD-H1-1bdfb75b3092,SUPPORTED,
SQX-USDCHF-H4-1be369420234,SUPPORTED,
SQX-XAUUSD-H4-1be91ff3e9fd,SUPPORTED,
SQX-XAUUSD-H4-1beb3cff5f4f,SUPPORTED,
SQX-XAUUSD-H4-1bebe712cd6f,SUPPORTED,
SQX-USDCAD-H4-1bfa82963c34,SUPPORTED,
SQX-XAUUSD-H4-1bfb55805d91,SUPPORTED,
SQX-EURUSD-H1-1bfb848ab3e4,SUPPORTED,
SQX-XAUUSD-H1-1c043ea447db,SUPPORTED,
SQX-XAUUSD-H4-1c0c192c1290,SUPPORTED,
SQX-USDJPY-H4-1c159de4a1a7,SUPPORTED,
SQX-XAUUSD-H4-1c17803242bb,SUPPORTED,
SQX-XAUUSD-H4-1c190e3602e8,SUPPORTED,
SQX-USDCAD-H4-1c1960c626b6,SUPPORTED,
SQX-XAUUSD-H4-1c1f3a49774d,SUPPORTED,
SQX-USDJPY-H4-1c1fec5c08e8,SUPPORTED,
SQX-NZDUSD-H4-1c2577ba22e3,SUPPORTED,
SQX-GBPUSD-H4-1c25bdf788df,SUPPORTED,
SQX-XAUUSD-H4-1c3797b79b70,SUPPORTED,
SQX-USDJPY-H4-1c3a41cb79e9,SUPPORTED,
SQX-GBPUSD-M15-1c3c11476e14,SUPPORTED,
SQX-XAUUSD-H4-1c492d6bfae7,SUPPORTED,
SQX-USDCHF-H4-1c4a69aa5d09,SUPPORTED,
SQX-XAUUSD-H4-1c4b64201396,SUPPORTED,
SQX-USDCHF-H4-1c4bc9037ca4,SUPPORTED,
SQX-USDJPY-H1-1c4fb2e7dc68,SUPPORTED,
SQX-XAUUSD-H1-1c57f3144c73,SUPPORTED,
SQX-EURUSD-H1-1c5c8bcf5c34,SUPPORTED,
SQX-USDJPY-H1-1c6172af2764,SUPPORTED,
SQX-GBPUSD-M15-1c620d99cb30,SUPPORTED,
SQX-USDJPY-H4-1c66afe01676,SUPPORTED,
SQX-EURUSD-H4-1c72c93e03d2,SUPPORTED,
SQX-XAUUSD-H4-1c7e9b89ee04,SUPPORTED,
SQX-XAUUSD-H1-1c86fd3b394f,SUPPORTED,
SQX-XAUUSD-H4-1c877dc6ab8f,SUPPORTED,
SQX-EURUSD-H4-1c87e2e06bee,SUPPORTED,
SQX-XAUUSD-H4-1c8e34ebb251,SUPPORTED,
SQX-USDJPY-H4-1c9251f7163d,SUPPORTED,
SQX-USDCHF-H4-1c94cbf817bb,SUPPORTED,
SQX-XAUUSD-H1-1c9a22290209,SUPPORTED,
SQX-XAUUSD-H4-1ca4ef22234b,SUPPORTED,
SQX-XAUUSD-H1-1ca65d1dfeec,SUPPORTED,
SQX-XAUUSD-H4-1caa969cbdd9,SUPPORTED,
SQX-XAUUSD-H4-1cb0cc94436e,SUPPORTED,
SQX-EURUSD-H4-1cb51508f7b0,SUPPORTED,
SQX-USDJPY-H4-1cb62d420cad,SUPPORTED,
SQX-XAUUSD-H4-1cb9ab95a6f5,SUPPORTED,
SQX-XAUUSD-H1-1cbc6568e37c,SUPPORTED,
SQX-XAUUSD-H4-1cbcfe87b665,SUPPORTED,
SQX-XAUUSD-H4-1ccb8a11ec67,SUPPORTED,
SQX-XAUUSD-H4-1cccb195699f,SUPPORTED,
SQX-USDJPY-H1-1cd33dafe640,SUPPORTED,
SQX-XAUUSD-H1-1ce2e89675c0,SUPPORTED,
SQX-XAUUSD-H4-1ce38c6fb56c,SUPPORTED,
SQX-XAUUSD-H4-1cea6ce5e050,SUPPORTED,
SQX-EURUSD-H4-1ceb0091d6b4,SUPPORTED,
SQX-USDJPY-H1-1ced42bc8cb2,SUPPORTED,
SQX-XAUUSD-H4-1cffee508ef9,SUPPORTED,
SQX-USDJPY-H1-1d031a7d8ec7,SUPPORTED,
SQX-XAUUSD-H1-1d087da8e694,SUPPORTED,
SQX-USDJPY-H4-1d08af56d0bd,SUPPORTED,
SQX-USDJPY-H1-1d0b1dcb45f9,SUPPORTED,
SQX-XAUUSD-H1-1d0b59fe775a,SUPPORTED,
SQX-XAUUSD-H4-1d1735a192e7,SUPPORTED,
SQX-XAUUSD-H4-1d17c823c6f9,SUPPORTED,
SQX-XAUUSD-H4-1d1916c9ab87,SUPPORTED,
SQX-USDCHF-H4-1d1c3a8ef8c1,SUPPORTED,
SQX-EURUSD-H4-1d1c4798beeb,SUPPORTED,
SQX-XAUUSD-H4-1d25f077cbf3,SUPPORTED,
SQX-USDJPY-H1-1d28bf3e04bd,SUPPORTED,
SQX-XAUUSD-H1-1d2cfb54727b,SUPPORTED,
SQX-XAUUSD-H4-1d41dc1a61fb,SUPPORTED,
SQX-XAUUSD-H4-1d41fc42aefd,SUPPORTED,
SQX-XAUUSD-H4-1d4a75710478,SUPPORTED,
SQX-USDJPY-H4-1d50107d1ad8,SUPPORTED,
SQX-USDJPY-H1-1d5487430ce2,SUPPORTED,
SQX-XAUUSD-H4-1d5811a8d6cd,SUPPORTED,
SQX-XAUUSD-H4-1d5ca203c3d9,SUPPORTED,
SQX-USDJPY-H4-1d5fa7a028f5,SUPPORTED,
SQX-USDJPY-H1-1d629327df29,SUPPORTED,
SQX-XAUUSD-H4-1d63528cfdf4,SUPPORTED,
SQX-XAUUSD-H1-1d6433634928,SUPPORTED,
SQX-USDJPY-H4-1d67701f722b,SUPPORTED,
SQX-EURUSD-H4-1d6990d39327,SUPPORTED,
SQX-NZDUSD-H4-1d699c4bd1be,SUPPORTED,
SQX-EURUSD-H4-1d6bd2a24e93,SUPPORTED,
SQX-XAUUSD-H4-1d6e66f5d629,SUPPORTED,
SQX-XAUUSD-H4-1d70c8fc8117,SUPPORTED,
SQX-GBPUSD-H4-1d712a3b5932,SUPPORTED,
SQX-XAUUSD-H1-1d71e80cef13,SUPPORTED,
SQX-USDJPY-H1-1d7499cb04c2,SUPPORTED,
SQX-XAUUSD-H4-1d74d9fa3a78,SUPPORTED,
SQX-XAUUSD-H1-1d7c7ab7270d,SUPPORTED,
SQX-USDCAD-H4-1d7cad316253,SUPPORTED,
SQX-EURUSD-H4-1d824052fd7a,SUPPORTED,
SQX-XAUUSD-H4-1d8a9e6e3f71,SUPPORTED,
SQX-USDCHF-H4-1d8bc158d4fd,SUPPORTED,
SQX-USDJPY-H4-1d8cd3f5a1a3,SUPPORTED,
SQX-XAUUSD-H4-1d8e8dbbe4d3,SUPPORTED,
SQX-XAUUSD-H4-1d929e00ce06,SUPPORTED,
SQX-GBPUSD-H4-1d999ce9dd10,SUPPORTED,
SQX-XAUUSD-H4-1da53670c6bc,SUPPORTED,
SQX-XAUUSD-H4-1db86ffa3f6c,SUPPORTED,
SQX-XAUUSD-H4-1dc8618044f0,SUPPORTED,
SQX-XAUUSD-H4-1dc884197d20,SUPPORTED,
SQX-XAUUSD-H1-1de73d93ced5,SUPPORTED,
SQX-XAUUSD-H4-1def7cc3494a,SUPPORTED,
SQX-USDCAD-H4-1df01b669d51,SUPPORTED,
SQX-XAUUSD-H4-1df251e1155d,SUPPORTED,
SQX-USDJPY-H4-1df263e4dfe2,SUPPORTED,
SQX-EURUSD-H1-1e013a2765fa,SUPPORTED,
SQX-XAUUSD-H4-1e025ba7a2da,SUPPORTED,
SQX-XAUUSD-H4-1e03b67e3b75,SUPPORTED,
SQX-NZDUSD-H4-1e0457b4fe39,SUPPORTED,
SQX-USDJPY-H1-1e0740771b7d,SUPPORTED,
SQX-XAUUSD-H4-1e097bca750f,SUPPORTED,
SQX-XAUUSD-H4-1e0ae9e851e4,SUPPORTED,
SQX-XAUUSD-H1-1e1229945d84,SUPPORTED,
SQX-XAUUSD-H1-1e1e939f8d91,SUPPORTED,
SQX-USDJPY-H1-1e28ad0d7191,SUPPORTED,
SQX-XAUUSD-H4-1e326f6a0682,SUPPORTED,
SQX-USDJPY-H4-1e3396988c98,SUPPORTED,
SQX-USDJPY-H4-1e3ca11a1e14,SUPPORTED,
SQX-XAUUSD-H4-1e3d4d9eef35,SUPPORTED,
SQX-USDCAD-H4-1e51f98db2de,SUPPORTED,
SQX-EURUSD-H1-1e5406ea8079,SUPPORTED,
SQX-USDCHF-H4-1e5c5e460b23,SUPPORTED,
SQX-USDCAD-H4-1e5d44ebb742,SUPPORTED,
SQX-XAUUSD-H4-1e5fefae5dd1,SUPPORTED,
SQX-USDJPY-H4-1e607410eb8e,SUPPORTED,
SQX-XAUUSD-H4-1e67a628b58f,SUPPORTED,
SQX-USDJPY-H4-1e6955bb1733,SUPPORTED,
SQX-XAUUSD-H4-1e730b385b14,SUPPORTED,
SQX-XAUUSD-H4-1e75c2a13ab8,SUPPORTED,
SQX-XAUUSD-H1-1e77cb412205,SUPPORTED,
SQX-USDJPY-H4-1e7bd93e1525,SUPPORTED,
SQX-GBPUSD-H4-1e7ca8f6ef82,SUPPORTED,
SQX-XAUUSD-H4-1e806de03b07,SUPPORTED,
SQX-XAUUSD-H4-1e873f2596fc,SUPPORTED,
SQX-USDJPY-H4-1e899103bb73,SUPPORTED,
SQX-XAUUSD-H4-1e8a0fd8c734,SUPPORTED,
SQX-XAUUSD-H4-1e9093efdc9a,SUPPORTED,
SQX-XAUUSD-H4-1e934d0a5f9d,SUPPORTED,
SQX-GBPUSD-H1-1e99698414ee,SUPPORTED,
SQX-XAUUSD-H1-1e9c3b135400,SUPPORTED,
SQX-USDJPY-H4-1eae6be7068e,SUPPORTED,
SQX-USDJPY-H1-1eb079dcd990,SUPPORTED,
SQX-XAUUSD-H4-1eb1dc67774a,SUPPORTED,
SQX-USDJPY-H1-1eb32755cd36,SUPPORTED,
SQX-EURUSD-H4-1ebf4fd65b2d,SUPPORTED,
SQX-GBPUSD-H4-1ec24ec873cb,SUPPORTED,
SQX-USDJPY-H4-1ec294001632,SUPPORTED,
SQX-XAUUSD-H1-1ecbc184c041,SUPPORTED,
SQX-USDJPY-H4-1ed4945cf803,SUPPORTED,
SQX-USDJPY-H4-1ed4bf774c8f,SUPPORTED,
SQX-GBPUSD-M15-1eebb34f53ca,SUPPORTED,
SQX-EURUSD-H4-1efab471dfe0,SUPPORTED,
SQX-XAUUSD-H4-1f08649cb9b0,SUPPORTED,
SQX-XAUUSD-H4-1f0b117119ef,SUPPORTED,
SQX-XAUUSD-H1-1f11afdfa8f5,SUPPORTED,
SQX-XAUUSD-H1-1f140d49c92b,SUPPORTED,
SQX-XAUUSD-H4-1f15ba6be757,SUPPORTED,
SQX-USDJPY-H1-1f1be4f1ad96,SUPPORTED,
SQX-EURUSD-H4-1f219986fc66,SUPPORTED,
SQX-XAUUSD-H1-1f219afd4ef4,SUPPORTED,
SQX-USDJPY-H1-1f2259be7f33,SUPPORTED,
SQX-USDJPY-H1-1f226c9bf0b2,SUPPORTED,
SQX-EURUSD-H1-1f2d1ee4cb99,SUPPORTED,
SQX-USDJPY-H4-1f33f3e8c582,SUPPORTED,
SQX-XAUUSD-H4-1f344c376df7,SUPPORTED,
SQX-XAUUSD-H1-1f3dc1e9cf0d,SUPPORTED,
SQX-USDJPY-H4-1f4c74d31682,SUPPORTED,
SQX-XAUUSD-H4-1f4dfc9a4e59,SUPPORTED,
SQX-EURUSD-H1-1f5806520bdd,SUPPORTED,
SQX-USDJPY-H4-1f5e78dedc95,SUPPORTED,
SQX-XAUUSD-H4-1f5f0bd32813,SUPPORTED,
SQX-XAUUSD-H4-1f61c33a7541,SUPPORTED,
SQX-GBPUSD-H1-1f68e337d593,SUPPORTED,
SQX-USDJPY-H1-1f6bf3d43c5f,SUPPORTED,
SQX-GBPUSD-H4-1f6db839c442,SUPPORTED,
SQX-XAUUSD-H4-1f777d9f4331,SUPPORTED,
SQX-XAUUSD-H4-1f79008320f8,SUPPORTED,
SQX-XAUUSD-H4-1f79b2973490,SUPPORTED,
SQX-XAUUSD-H4-1f7e378a25c6,SUPPORTED,
SQX-EURUSD-H1-1f8704101e3f,SUPPORTED,
SQX-XAUUSD-H4-1f91bb042045,SUPPORTED,
SQX-EURUSD-H1-1f9586424c7e,SUPPORTED,
SQX-XAUUSD-H4-1f958fb7396a,SUPPORTED,
SQX-XAUUSD-H4-1f9d862a3cd4,SUPPORTED,
SQX-XAUUSD-H4-1fa38ac58019,SUPPORTED,
SQX-EURUSD-H1-1fa84514015c,SUPPORTED,
SQX-XAUUSD-H1-1fa88c079d82,SUPPORTED,
SQX-USDCHF-H4-1fb1d47bcfdf,SUPPORTED,
SQX-USDCHF-H4-1fb6410b37ef,SUPPORTED,
SQX-EURUSD-H4-1fbe5f19f810,SUPPORTED,
SQX-NZDUSD-H4-1fc130695759,SUPPORTED,
SQX-USDJPY-H4-1fc87bb0c647,SUPPORTED,
SQX-XAUUSD-H4-1fca9b625626,SUPPORTED,
SQX-XAUUSD-H4-1fcaa4e11367,SUPPORTED,
SQX-EURUSD-H1-1fced1ebb55f,SUPPORTED,
SQX-XAUUSD-H4-1fda69abac1b,SUPPORTED,
SQX-USDCHF-H4-1fdeedfe897c,SUPPORTED,
SQX-USDJPY-H1-1fe12b05440d,SUPPORTED,
SQX-XAUUSD-H4-1fe486bab5fa,SUPPORTED,
SQX-XAUUSD-H4-1fe5d5a53fa5,SUPPORTED,
SQX-EURUSD-H1-1fe679a3797c,SUPPORTED,
SQX-XAUUSD-H1-1fe777f8566b,SUPPORTED,
SQX-XAUUSD-H4-1fedfd4468ef,SUPPORTED,
SQX-EURUSD-H4-1ff386229bb3,SUPPORTED,
SQX-XAUUSD-H4-1ff5c154e4dc,SUPPORTED,
SQX-XAUUSD-H4-20076d959f95,SUPPORTED,
SQX-XAUUSD-H4-20084756885a,SUPPORTED,
SQX-USDJPY-H1-200af48b3b43,SUPPORTED,
SQX-EURUSD-H4-20100801b9fd,SUPPORTED,
SQX-GBPUSD-H4-201759924a23,SUPPORTED,
SQX-USDJPY-H1-202495ac3395,SUPPORTED,
SQX-USDJPY-H4-202f9a5efc41,SUPPORTED,
SQX-USDJPY-H1-2032ecec5521,SUPPORTED,
SQX-XAUUSD-H4-20361ef5f067,SUPPORTED,
SQX-EURUSD-H1-203aeabca0bb,SUPPORTED,
SQX-EURUSD-H1-203b0b0f75bb,SUPPORTED,
SQX-USDJPY-H4-203f5e58b6b7,SUPPORTED,
SQX-EURUSD-H1-20464c687059,SUPPORTED,
SQX-XAUUSD-H4-2050dd505747,SUPPORTED,
SQX-USDJPY-H1-205105eaa09d,SUPPORTED,
SQX-EURUSD-H1-205822005c66,SUPPORTED,
SQX-USDJPY-H4-205e438654c8,SUPPORTED,
SQX-EURUSD-H4-206228b27cbb,SUPPORTED,
SQX-XAUUSD-H4-20636136ad43,SUPPORTED,
SQX-GBPUSD-H4-206567913f20,SUPPORTED,
SQX-XAUUSD-H4-2067d425dbaf,SUPPORTED,
SQX-USDJPY-H4-2069ddda0816,SUPPORTED,
SQX-XAUUSD-H4-206a9a2a8ab3,SUPPORTED,
SQX-EURUSD-H1-2076fc80bade,SUPPORTED,
SQX-USDJPY-H4-207880328200,SUPPORTED,
SQX-USDCHF-H4-207ec50a2b74,SUPPORTED,
SQX-EURUSD-H1-2082b0e4a1a2,SUPPORTED,
SQX-XAUUSD-H4-20872dd91242,SUPPORTED,
SQX-XAUUSD-H4-208f91990c94,SUPPORTED,
SQX-XAUUSD-M15-2099b9babcff,SUPPORTED,
SQX-XAUUSD-H4-209e5af4f9c6,SUPPORTED,
SQX-GBPUSD-H4-20a23f9f9bed,SUPPORTED,
SQX-USDJPY-H4-20b8c7fc413b,SUPPORTED,
SQX-XAUUSD-H4-20bf05a8ffd1,SUPPORTED,
SQX-XAUUSD-H4-20c1bbac79e1,SUPPORTED,
SQX-XAUUSD-H4-20c2ed00f490,SUPPORTED,
SQX-XAUUSD-H4-20c73288989e,SUPPORTED,
SQX-USDCHF-H4-20ce79265a92,SUPPORTED,
SQX-XAUUSD-H4-20d5bacfe3f7,SUPPORTED,
SQX-USDJPY-H1-20d883d11d97,SUPPORTED,
SQX-XAUUSD-H4-20dba96ae47b,SUPPORTED,
SQX-XAUUSD-H4-20dbdf842f9f,SUPPORTED,
SQX-EURUSD-H1-20dc08aaf9b2,SUPPORTED,
SQX-USDJPY-H4-20edcb31fef9,SUPPORTED,
SQX-GBPUSD-H4-20f061250350,SUPPORTED,
SQX-USDJPY-H4-20f56a55c7b8,SUPPORTED,
SQX-XAUUSD-H1-20f6aeae006b,SUPPORTED,
SQX-EURUSD-H1-20fcfe96625a,SUPPORTED,
SQX-GBPUSD-H4-2105743de73d,SUPPORTED,
SQX-EURUSD-H4-21082be72f58,SUPPORTED,
SQX-XAUUSD-H4-2108b81b2b7e,SUPPORTED,
SQX-XAUUSD-H4-21141ff12192,SUPPORTED,
SQX-XAUUSD-H1-21185303ef4f,SUPPORTED,
SQX-XAUUSD-H4-211ae6e19993,SUPPORTED,
SQX-XAUUSD-H4-2124dfa2a49d,SUPPORTED,
SQX-USDCHF-H4-21277e695c32,SUPPORTED,
SQX-EURUSD-H4-213304adb43a,SUPPORTED,
SQX-XAUUSD-H1-213319d8671e,SUPPORTED,
SQX-XAUUSD-H1-21378170115b,SUPPORTED,
SQX-USDCAD-H4-213c99e2161b,SUPPORTED,
SQX-XAUUSD-H4-214c6b0096ca,SUPPORTED,
SQX-XAUUSD-H4-2152da111451,SUPPORTED,
SQX-XAUUSD-H1-215719101612,SUPPORTED,
SQX-NZDUSD-H4-215bb3cdbbf3,SUPPORTED,
SQX-USDCAD-H4-2162145dec55,SUPPORTED,
SQX-EURUSD-H4-217424960abf,SUPPORTED,
SQX-XAUUSD-H4-21777ca6f933,SUPPORTED,
SQX-XAUUSD-H4-217907431713,SUPPORTED,
SQX-XAUUSD-H4-217bf23d6eaa,SUPPORTED,
SQX-XAUUSD-H4-217e63bb3766,SUPPORTED,
SQX-USDCHF-H4-21815e8b1c26,SUPPORTED,
SQX-XAUUSD-H4-2189053c0191,SUPPORTED,
SQX-USDJPY-H1-218a15609d56,SUPPORTED,
SQX-XAUUSD-H4-218b67385be0,SUPPORTED,
SQX-XAUUSD-H4-218fcbc8acb2,SUPPORTED,
SQX-USDJPY-H1-21944720825b,SUPPORTED,
SQX-USDJPY-H1-21961055d107,SUPPORTED,
SQX-XAUUSD-H4-21ac6ea8c479,SUPPORTED,
SQX-EURUSD-M15-21acbf262d41,SUPPORTED,
SQX-XAUUSD-H4-21bbf4612951,SUPPORTED,
SQX-XAUUSD-H4-21c3bc5c3b1b,SUPPORTED,
SQX-XAUUSD-H1-21cfff803610,SUPPORTED,
SQX-EURUSD-H1-21e4d7fab033,SUPPORTED,
SQX-USDJPY-H4-21ea4c221d46,SUPPORTED,
SQX-USDJPY-H1-21ed5f8847af,SUPPORTED,
SQX-XAUUSD-H1-21ee56b8ff3b,SUPPORTED,
SQX-USDJPY-H4-21fc0410b911,SUPPORTED,
SQX-XAUUSD-H4-2209f8faf1cd,SUPPORTED,
SQX-GBPUSD-H4-2215cb441342,SUPPORTED,
SQX-XAUUSD-H4-22219aa8fd17,SUPPORTED,
SQX-EURUSD-H4-22270448e509,SUPPORTED,
SQX-XAUUSD-H4-222ae7a9525a,SUPPORTED,
SQX-XAUUSD-H4-22309dabd72a,SUPPORTED,
SQX-XAUUSD-H4-2241ba12a93f,SUPPORTED,
SQX-USDCHF-H4-2246b0e0ea28,SUPPORTED,
SQX-XAUUSD-H4-224c6186b956,SUPPORTED,
SQX-USDJPY-H1-2252b2ddb7a0,SUPPORTED,
SQX-XAUUSD-H4-2252e7d8ba9c,SUPPORTED,
SQX-XAUUSD-H4-2253793bc23d,SUPPORTED,
SQX-XAUUSD-H1-225cad0b13c5,SUPPORTED,
SQX-USDCHF-H4-225d695d06ab,SUPPORTED,
SQX-XAUUSD-H4-225e8ca5ac0f,SUPPORTED,
SQX-XAUUSD-H1-225ffa1d57f3,SUPPORTED,
SQX-XAUUSD-H4-22686e1f315c,SUPPORTED,
SQX-USDJPY-H1-226cb8e78a84,SUPPORTED,
SQX-XAUUSD-H1-227762d9c875,SUPPORTED,
SQX-USDJPY-H1-2277dff5181f,SUPPORTED,
SQX-XAUUSD-H4-2278303fc564,SUPPORTED,
SQX-GBPUSD-H1-22795c5d2de0,SUPPORTED,
SQX-XAUUSD-H4-228166839c02,SUPPORTED,
SQX-EURUSD-H1-2281c19e5b32,SUPPORTED,
SQX-USDJPY-H4-2284ff9ddf3a,SUPPORTED,
SQX-USDJPY-H4-228928668eea,SUPPORTED,
SQX-USDJPY-H1-228d36948bb8,SUPPORTED,
SQX-XAUUSD-H4-22922f16a73f,SUPPORTED,
SQX-XAUUSD-H1-2293fe81ffe8,SUPPORTED,
SQX-XAUUSD-H4-22a02ffd8616,SUPPORTED,
SQX-XAUUSD-H4-22a2ca36fe53,SUPPORTED,
SQX-XAUUSD-H4-22a467032778,SUPPORTED,
SQX-USDJPY-H1-22a74d5471d3,SUPPORTED,
SQX-EURUSD-H1-22aa62739c15,SUPPORTED,
SQX-XAUUSD-H4-22acbde0ea8a,SUPPORTED,
SQX-XAUUSD-H1-22af9cfbb5b3,SUPPORTED,
SQX-EURUSD-H4-22b45567bf7d,SUPPORTED,
SQX-XAUUSD-H4-22b56e76caf1,SUPPORTED,
SQX-GBPUSD-H4-22b5d12377ae,SUPPORTED,
SQX-EURUSD-M15-22bd156884e7,SUPPORTED,
SQX-XAUUSD-H4-22c0d10a069f,SUPPORTED,
SQX-USDJPY-H4-22c3dca08808,SUPPORTED,
SQX-EURUSD-H1-22cea93c59c5,SUPPORTED,
SQX-XAUUSD-H4-22d1eed24666,SUPPORTED,
SQX-XAUUSD-H4-22dae742fe29,SUPPORTED,
SQX-USDJPY-H4-22e156e82bec,SUPPORTED,
SQX-GBPUSD-M15-22e5b1d45949,SUPPORTED,
SQX-USDJPY-H4-22e9090cdf84,SUPPORTED,
SQX-USDJPY-H1-22ea92ab0b40,SUPPORTED,
SQX-GBPUSD-H4-22ef289fb60c,SUPPORTED,
SQX-XAUUSD-H4-22f9ee5b2b17,SUPPORTED,
SQX-XAUUSD-H4-2306c0f38d5d,SUPPORTED,
SQX-USDJPY-H4-2314aed3af17,SUPPORTED,
SQX-XAUUSD-H4-23179a972998,SUPPORTED,
SQX-XAUUSD-H1-233f4cd500b6,SUPPORTED,
SQX-USDJPY-H1-234edf1eb6f1,SUPPORTED,
SQX-NZDUSD-H4-2352efa5be45,SUPPORTED,
SQX-XAUUSD-H4-2356385a7331,SUPPORTED,
SQX-EURUSD-M15-23608604272f,SUPPORTED,
SQX-USDJPY-H4-23625521ebde,SUPPORTED,
SQX-USDJPY-H4-2368b3a08656,SUPPORTED,
SQX-XAUUSD-H1-236d41c61b3b,SUPPORTED,
SQX-EURUSD-H1-23728fb80854,SUPPORTED,
SQX-XAUUSD-H4-2376ccee0091,SUPPORTED,
SQX-EURUSD-H4-237f2333454d,SUPPORTED,
SQX-XAUUSD-H4-23891872911d,SUPPORTED,
SQX-XAUUSD-H4-238ee29c372d,SUPPORTED,
SQX-USDJPY-H4-2394fe0e052c,SUPPORTED,
SQX-XAUUSD-H4-23990c8101ec,SUPPORTED,
SQX-XAUUSD-H4-2399bdf1755b,SUPPORTED,
SQX-EURUSD-M15-239e7b921b2a,SUPPORTED,
SQX-USDJPY-H4-23a38618d14c,SUPPORTED,
SQX-GBPUSD-H4-23b1cad80a4b,SUPPORTED,
SQX-USDJPY-H4-23b7853dc200,SUPPORTED,
SQX-USDJPY-H1-23cc3ba06f81,SUPPORTED,
SQX-XAUUSD-H4-23d0b74a5142,SUPPORTED,
SQX-EURUSD-H4-23d8212cec6c,SUPPORTED,
SQX-EURUSD-H4-23e0c1c6b4b0,SUPPORTED,
SQX-XAUUSD-H4-23ed9dd38844,SUPPORTED,
SQX-XAUUSD-H1-23f03785b405,SUPPORTED,
SQX-XAUUSD-H1-23f77f916f08,SUPPORTED,
SQX-XAUUSD-H4-23fa30aeab1d,SUPPORTED,
SQX-XAUUSD-H4-24071b1f8fdb,SUPPORTED,
SQX-XAUUSD-H4-240802fec716,SUPPORTED,
SQX-USDJPY-H4-240d473f61ab,SUPPORTED,
SQX-USDJPY-H1-24159ea9c91b,SUPPORTED,
SQX-XAUUSD-H4-242c1d4dc957,SUPPORTED,
SQX-XAUUSD-H4-2430e5ba3a5a,SUPPORTED,
SQX-USDJPY-H4-2432877bdc39,SUPPORTED,
SQX-USDCHF-H4-243d84a44678,SUPPORTED,
SQX-EURUSD-H1-2443104fecc6,SUPPORTED,
SQX-EURUSD-H1-2457b7869194,SUPPORTED,
SQX-XAUUSD-H4-24619c6522e5,SUPPORTED,
SQX-USDJPY-H4-246817eef5ab,SUPPORTED,
SQX-XAUUSD-H4-246c413962fb,SUPPORTED,
SQX-USDCHF-H4-246d8de16f90,SUPPORTED,
SQX-XAUUSD-H4-24704a49a2cf,SUPPORTED,
SQX-XAUUSD-H4-2473dd70a0ab,SUPPORTED,
SQX-XAUUSD-H4-2482d01fe509,SUPPORTED,
SQX-XAUUSD-H4-248320e334cb,SUPPORTED,
SQX-XAUUSD-H1-248774ecb72e,SUPPORTED,
SQX-EURUSD-H1-2487bb181093,SUPPORTED,
SQX-XAUUSD-H4-249afe4ccb6a,SUPPORTED,
SQX-USDJPY-H4-249f1b30c039,SUPPORTED,
SQX-USDJPY-H1-24a23b77f337,SUPPORTED,
SQX-XAUUSD-H4-24a360e9f359,SUPPORTED,
SQX-XAUUSD-H4-24a3d14ba277,SUPPORTED,
SQX-EURUSD-H4-24a5c83c7728,SUPPORTED,
SQX-XAUUSD-H4-24a5ed67d958,SUPPORTED,
SQX-XAUUSD-H4-24b162527d86,SUPPORTED,
SQX-USDJPY-H1-24b16a2e5202,SUPPORTED,
SQX-EURUSD-H4-24b596ba7268,SUPPORTED,
SQX-EURUSD-H1-24b778855848,SUPPORTED,
SQX-XAUUSD-H4-24cbdf46ccd4,SUPPORTED,
SQX-EURUSD-H4-24cbe3ad9b32,SUPPORTED,
SQX-GBPUSD-H1-24cc21accf79,SUPPORTED,
SQX-XAUUSD-H1-24da5d361005,SUPPORTED,
SQX-XAUUSD-H1-24dddeabb165,SUPPORTED,
SQX-XAUUSD-H4-24eceadad2b7,SUPPORTED,
SQX-EURUSD-H1-24f140fcc451,SUPPORTED,
SQX-XAUUSD-H4-24f5ff4b8279,SUPPORTED,
SQX-USDJPY-H1-2508672f8f86,SUPPORTED,
SQX-XAUUSD-H4-250e39d1608e,SUPPORTED,
SQX-EURUSD-H1-25163eba2644,SUPPORTED,
SQX-EURUSD-H4-251e1cbecb94,SUPPORTED,
SQX-USDJPY-H4-252117a858a3,SUPPORTED,
SQX-EURUSD-H1-2526450e4b39,SUPPORTED,
SQX-USDJPY-H1-2528f1dcb192,SUPPORTED,
SQX-USDCHF-H4-25321fc4f5a7,SUPPORTED,
SQX-USDJPY-H4-2537b3501f0a,SUPPORTED,
SQX-USDJPY-H4-2538bb96a8b8,SUPPORTED,
SQX-USDJPY-M15-2538f9a30c8f,SUPPORTED,
SQX-XAUUSD-H1-25447349fe21,SUPPORTED,
SQX-XAUUSD-H4-2546ff1311a2,SUPPORTED,
SQX-XAUUSD-H4-255bf8913891,SUPPORTED,
SQX-USDCAD-H4-2560d5a75bf1,SUPPORTED,
SQX-GBPUSD-H4-2560ec84a66a,SUPPORTED,
SQX-XAUUSD-H1-2561d889f587,SUPPORTED,
SQX-XAUUSD-H4-2564b3a94738,SUPPORTED,
SQX-USDJPY-H1-25651d7e771b,SUPPORTED,
SQX-EURUSD-H4-25686729c3d3,SUPPORTED,
SQX-USDJPY-M15-256b8c214d71,SUPPORTED,
SQX-XAUUSD-H4-256ee76e5f55,SUPPORTED,
SQX-USDJPY-M15-257a34857884,SUPPORTED,
SQX-EURUSD-H1-2586bf3992b7,SUPPORTED,
SQX-USDJPY-H1-258ebb6fc601,SUPPORTED,
SQX-XAUUSD-H4-25996605c094,SUPPORTED,
SQX-XAUUSD-H1-259dd56f96c1,SUPPORTED,
SQX-XAUUSD-H4-25a467ef6cb6,SUPPORTED,
SQX-XAUUSD-H4-25a667741a5b,SUPPORTED,
SQX-USDJPY-H4-25a9fd818841,SUPPORTED,
SQX-USDJPY-H4-25b11b75e85a,SUPPORTED,
SQX-USDJPY-H1-25b86615038a,SUPPORTED,
SQX-USDJPY-H4-25bf3e97b275,SUPPORTED,
SQX-XAUUSD-H4-25dc2b7a2693,SUPPORTED,
SQX-USDCHF-H4-25dd0ad18917,SUPPORTED,
SQX-XAUUSD-H4-25dd5dd84e43,SUPPORTED,
SQX-XAUUSD-H4-25dd749b8f99,SUPPORTED,
SQX-USDCAD-H4-25dda7833130,SUPPORTED,
SQX-XAUUSD-H1-25e140fa8a0c,SUPPORTED,
SQX-USDJPY-H4-25e1e2741132,SUPPORTED,
SQX-XAUUSD-H1-25e40b4b3518,SUPPORTED,
SQX-USDJPY-H4-25e9a61f2b52,SUPPORTED,
SQX-XAUUSD-H4-25ea49cbf487,SUPPORTED,
SQX-EURUSD-H1-25f74587aa8e,SUPPORTED,
SQX-XAUUSD-H4-25fcd0701b57,SUPPORTED,
SQX-EURUSD-H4-260d35b688c9,SUPPORTED,
SQX-USDJPY-H1-26140098ecaa,SUPPORTED,
SQX-EURUSD-H1-261a79d341c7,SUPPORTED,
SQX-XAUUSD-H1-262264998c80,SUPPORTED,
SQX-XAUUSD-H4-262bc2841a5b,SUPPORTED,
SQX-XAUUSD-H4-262c31177df2,SUPPORTED,
SQX-EURUSD-M15-2634a3b96fcd,SUPPORTED,
SQX-USDJPY-H1-263539a50611,SUPPORTED,
SQX-XAUUSD-H4-263a92dee1c0,SUPPORTED,
SQX-GBPUSD-H4-263ad71b8fa6,SUPPORTED,
SQX-USDCHF-H4-263bc9946f57,SUPPORTED,
SQX-GBPUSD-M15-263c3b03a972,SUPPORTED,
SQX-XAUUSD-H4-263d7fa86775,SUPPORTED,
SQX-EURUSD-H1-263f9ca07aeb,SUPPORTED,
SQX-XAUUSD-H4-2642de6949c6,SUPPORTED,
SQX-XAUUSD-H4-264503b168ec,SUPPORTED,
SQX-XAUUSD-H4-2652c0c169e6,SUPPORTED,
SQX-USDCAD-H4-2655197aaf9d,SUPPORTED,
SQX-XAUUSD-H4-26562f7de3ee,SUPPORTED,
SQX-XAUUSD-H4-265b90c053fa,SUPPORTED,
SQX-XAUUSD-H1-265d0ab6c8f1,SUPPORTED,
SQX-XAUUSD-H4-2660e44ca931,SUPPORTED,
SQX-XAUUSD-H4-2662ff34e0c8,SUPPORTED,
SQX-XAUUSD-H4-266d1b9a506c,SUPPORTED,
SQX-XAUUSD-H4-266fdaafc859,SUPPORTED,
SQX-USDCHF-H4-267281f36f08,SUPPORTED,
SQX-EURUSD-H1-2677aa40d059,SUPPORTED,
SQX-USDJPY-H4-267ae1c5e1e5,SUPPORTED,
SQX-XAUUSD-H1-268132727d16,SUPPORTED,
SQX-XAUUSD-H1-268d08746ca6,SUPPORTED,
SQX-XAUUSD-H4-2695eeea6392,SUPPORTED,
SQX-USDJPY-H4-2695f044a01a,SUPPORTED,
SQX-XAUUSD-H1-2696cbebe25f,SUPPORTED,
SQX-XAUUSD-H4-26a1bfe40e5b,SUPPORTED,
SQX-USDJPY-H4-26a2fbd01723,SUPPORTED,
SQX-XAUUSD-H4-26a593182c19,SUPPORTED,
SQX-XAUUSD-H4-26aa9efab225,SUPPORTED,
SQX-USDJPY-H4-26afd1c7b23c,SUPPORTED,
SQX-XAUUSD-H4-26bc3e6af1cc,SUPPORTED,
SQX-XAUUSD-H4-26ced6a8727b,SUPPORTED,
SQX-XAUUSD-H4-26d082121eab,SUPPORTED,
SQX-USDJPY-H1-26dd4a15ceca,SUPPORTED,
SQX-XAUUSD-H4-26de76afdb1e,SUPPORTED,
SQX-XAUUSD-H1-26def86f04db,SUPPORTED,
SQX-XAUUSD-H4-26df38d1e8fc,SUPPORTED,
SQX-GBPUSD-H4-26df7aa330dd,SUPPORTED,
SQX-EURUSD-H1-26e2263f8378,SUPPORTED,
SQX-USDJPY-M15-26ea7fa30f91,SUPPORTED,
SQX-XAUUSD-H4-26eea1bff7ba,SUPPORTED,
SQX-XAUUSD-H4-26ef825b22f0,SUPPORTED,
SQX-EURUSD-H1-26fa6dee30af,SUPPORTED,
SQX-EURUSD-H1-270133b4f138,SUPPORTED,
SQX-EURUSD-M15-271bf511c38f,SUPPORTED,
SQX-XAUUSD-H4-272c7ea0ee4c,SUPPORTED,
SQX-USDJPY-H4-27393548ca46,SUPPORTED,
SQX-USDJPY-H1-273e6bd41d1d,SUPPORTED,
SQX-EURUSD-H1-2741a9e19797,SUPPORTED,
SQX-XAUUSD-H4-27438e6ae504,SUPPORTED,
SQX-XAUUSD-H4-2746a2033301,SUPPORTED,
SQX-EURUSD-H4-27512eda7104,SUPPORTED,
SQX-USDJPY-H4-275178a2d58c,SUPPORTED,
SQX-XAUUSD-M15-275388c044cc,SUPPORTED,
SQX-USDJPY-H4-27559ed2ef7f,SUPPORTED,
SQX-XAUUSD-H4-275602f53740,SUPPORTED,
SQX-USDJPY-H4-276855feabd6,SUPPORTED,
SQX-XAUUSD-H4-276d77ddb8ed,SUPPORTED,
SQX-XAUUSD-H4-27721f6a89c6,SUPPORTED,
SQX-XAUUSD-H1-2772ac2d13fc,SUPPORTED,
SQX-USDJPY-H4-2774a158fab5,SUPPORTED,
SQX-XAUUSD-H4-27772f8231df,SUPPORTED,
SQX-EURUSD-H1-277e259c9969,SUPPORTED,
SQX-XAUUSD-H4-27807f36a4f6,SUPPORTED,
SQX-XAUUSD-H4-2791610f1fc1,SUPPORTED,
SQX-USDJPY-H4-27923d2286de,SUPPORTED,
SQX-XAUUSD-H4-279d3b0c0230,SUPPORTED,
SQX-USDCAD-H4-279ebcab5713,SUPPORTED,
SQX-USDJPY-H1-27a778c4eef8,SUPPORTED,
SQX-GBPUSD-H4-27afa04ba9af,SUPPORTED,
SQX-EURUSD-H4-27b760881d20,SUPPORTED,
SQX-USDJPY-H4-27bab2d9b86a,SUPPORTED,
SQX-XAUUSD-H4-27bb99147f4b,SUPPORTED,
SQX-GBPUSD-M15-27bf9daffdee,SUPPORTED,
SQX-XAUUSD-H4-27c958c96684,SUPPORTED,
SQX-GBPUSD-H4-27d75052da35,SUPPORTED,
SQX-XAUUSD-H1-27d7653be61f,SUPPORTED,
SQX-EURUSD-H1-27d83bb94abc,SUPPORTED,
SQX-XAUUSD-H1-27e23bf01d38,SUPPORTED,
SQX-XAUUSD-H1-27e41f22916e,SUPPORTED,
SQX-XAUUSD-H4-27e5c8b46b0b,SUPPORTED,
SQX-XAUUSD-H4-27f1b782147e,SUPPORTED,
SQX-XAUUSD-H4-27f504d2cfd0,SUPPORTED,
SQX-XAUUSD-H4-27f6081fc2dc,SUPPORTED,
SQX-USDJPY-H1-27f633d332ff,SUPPORTED,
SQX-USDJPY-H1-27f784b6db57,SUPPORTED,
SQX-XAUUSD-H4-27fa6519d758,SUPPORTED,
SQX-USDJPY-H4-27fe6f4828f2,SUPPORTED,
SQX-XAUUSD-H4-280404de579e,SUPPORTED,
SQX-USDJPY-H4-281022e45a9a,SUPPORTED,
SQX-XAUUSD-H1-2819b6c1996d,SUPPORTED,
SQX-EURUSD-H4-281a1bbe20ed,SUPPORTED,
SQX-XAUUSD-H1-282b8184c608,SUPPORTED,
SQX-XAUUSD-H1-28349fa25b8c,SUPPORTED,
SQX-XAUUSD-H1-2836df8cebb5,SUPPORTED,
SQX-XAUUSD-H4-283a045c3603,SUPPORTED,
SQX-XAUUSD-H4-283e7bd4f847,SUPPORTED,
SQX-XAUUSD-H4-283ef294f268,SUPPORTED,
SQX-EURUSD-H1-283fcd6081b1,SUPPORTED,
SQX-USDJPY-M15-28479ba20dc7,SUPPORTED,
SQX-GBPUSD-H4-2849595c917f,SUPPORTED,
SQX-GBPUSD-H4-284c3718f6e9,SUPPORTED,
SQX-GBPUSD-M15-284e8402be86,SUPPORTED,
SQX-USDJPY-H1-285983de64fe,SUPPORTED,
SQX-XAUUSD-H4-285aa361391f,SUPPORTED,
SQX-EURUSD-M15-285f39959113,SUPPORTED,
SQX-XAUUSD-H4-2865b8b647a5,SUPPORTED,
SQX-XAUUSD-H4-286faabbe85b,SUPPORTED,
SQX-XAUUSD-H4-2886f8c8a43a,SUPPORTED,
SQX-XAUUSD-H4-288ee8772e1a,SUPPORTED,
SQX-EURUSD-H1-28923f00c7a5,SUPPORTED,
SQX-XAUUSD-H1-289710342470,SUPPORTED,
SQX-XAUUSD-H4-2897186b7917,SUPPORTED,
SQX-XAUUSD-H1-2899d0f1f38e,SUPPORTED,
SQX-XAUUSD-H4-289c34096313,SUPPORTED,
SQX-XAUUSD-H4-28a1d837aa32,SUPPORTED,
SQX-GBPUSD-H4-28b967edb218,SUPPORTED,
SQX-EURUSD-H1-28c61d5e36e2,SUPPORTED,
SQX-USDCHF-H4-28d59bfc9118,SUPPORTED,
SQX-XAUUSD-H4-28d678d132d6,SUPPORTED,
SQX-EURUSD-H4-28d7f25fb151,SUPPORTED,
SQX-XAUUSD-H4-28d850f7c30f,SUPPORTED,
SQX-USDJPY-H4-28d9521b1f7b,SUPPORTED,
SQX-XAUUSD-H4-28e713f5624d,SUPPORTED,
SQX-USDJPY-H4-28e791606b82,SUPPORTED,
SQX-USDCHF-H4-28e923068717,SUPPORTED,
SQX-USDJPY-H4-28eb2c4b3b81,SUPPORTED,
SQX-USDJPY-H1-28f54aa35736,SUPPORTED,
SQX-XAUUSD-H4-28f94e4f9ddb,SUPPORTED,
SQX-XAUUSD-H4-28fc2612680b,SUPPORTED,
SQX-XAUUSD-H4-2904503f317c,SUPPORTED,
SQX-XAUUSD-H4-2909b159469e,SUPPORTED,
SQX-XAUUSD-H4-290d54aa0036,SUPPORTED,
SQX-USDJPY-H4-2912b2337e7d,SUPPORTED,
SQX-XAUUSD-H4-291c2fe13ef0,SUPPORTED,
SQX-XAUUSD-H4-292161aae4e0,SUPPORTED,
SQX-XAUUSD-H1-2924491eb60a,SUPPORTED,
SQX-XAUUSD-H4-293bf2f7c8ac,SUPPORTED,
SQX-XAUUSD-H4-29413dbc25be,SUPPORTED,
SQX-USDJPY-H4-295c938a8026,SUPPORTED,
SQX-EURUSD-H4-296b411aa2e9,SUPPORTED,
SQX-USDJPY-H1-296ccc15f5c2,SUPPORTED,
SQX-USDJPY-H4-296f0032280d,SUPPORTED,
SQX-XAUUSD-H4-2970465e91a0,SUPPORTED,
SQX-XAUUSD-H4-2975d3bd834d,SUPPORTED,
SQX-XAUUSD-H4-2978986efd8c,SUPPORTED,
SQX-USDCHF-H4-297a5412ee48,SUPPORTED,
SQX-XAUUSD-H4-29820665ccfe,SUPPORTED,
SQX-XAUUSD-H4-299a78ee5f61,SUPPORTED,
SQX-EURUSD-H1-299a9b61f8fc,SUPPORTED,
SQX-USDJPY-H1-299b803e9d96,SUPPORTED,
SQX-XAUUSD-H4-299c77f199e7,SUPPORTED,
SQX-USDCHF-H4-29a971a7a81b,SUPPORTED,
SQX-USDJPY-H4-29a972f58bad,SUPPORTED,
SQX-XAUUSD-H4-29b2a0d8cd89,SUPPORTED,
SQX-USDCAD-H4-29b2cd5507be,SUPPORTED,
SQX-XAUUSD-H1-29b46c9ffd76,SUPPORTED,
SQX-XAUUSD-H1-29b490e251a2,SUPPORTED,
SQX-EURUSD-H1-29b7fe29a2a7,SUPPORTED,
SQX-XAUUSD-H4-29bed2a413dc,SUPPORTED,
SQX-GBPUSD-H1-29bffed2baeb,SUPPORTED,
SQX-XAUUSD-H4-29ccb0de54fa,SUPPORTED,
SQX-XAUUSD-H4-29cdea083a64,SUPPORTED,
SQX-GBPUSD-H4-29cea55446ca,SUPPORTED,
SQX-USDJPY-H4-29d021200ea4,SUPPORTED,
SQX-XAUUSD-H4-29dad67057fc,SUPPORTED,
SQX-USDCAD-H4-29dbd4a5e45b,SUPPORTED,
SQX-USDJPY-H1-29e49f9da72f,SUPPORTED,
SQX-XAUUSD-H4-29e6096d14c4,SUPPORTED,
SQX-USDJPY-H4-29e835a0fabd,SUPPORTED,
SQX-XAUUSD-H4-29f73441bde2,SUPPORTED,
SQX-XAUUSD-H4-29fac842c0ca,SUPPORTED,
SQX-XAUUSD-H4-29fc8ce88fc7,SUPPORTED,
SQX-USDCHF-H4-29fefb8118f7,SUPPORTED,
SQX-USDCHF-H4-2a05091118d8,SUPPORTED,
SQX-EURUSD-H1-2a0c08e9c9c0,SUPPORTED,
SQX-USDJPY-M15-2a0c61734b75,SUPPORTED,
SQX-EURUSD-H1-2a1286ed9a17,SUPPORTED,
SQX-XAUUSD-H1-2a166fd4e5ac,SUPPORTED,
SQX-XAUUSD-H4-2a1dbfa53332,SUPPORTED,
SQX-XAUUSD-H4-2a23a7e21db2,SUPPORTED,
SQX-XAUUSD-H1-2a2594171e68,SUPPORTED,
SQX-NZDUSD-H4-2a2cd5141a80,SUPPORTED,
SQX-XAUUSD-H1-2a2d61cb0b17,SUPPORTED,
SQX-EURUSD-H4-2a3c1dde9cb3,SUPPORTED,
SQX-EURUSD-H1-2a41636292ad,SUPPORTED,
SQX-USDJPY-H4-2a42bad25605,SUPPORTED,
SQX-USDJPY-H4-2a433b11955f,SUPPORTED,
SQX-USDJPY-H4-2a46d7e2bcfe,SUPPORTED,
SQX-XAUUSD-H1-2a494731b804,SUPPORTED,
SQX-XAUUSD-H1-2a4c889bc22d,SUPPORTED,
SQX-XAUUSD-H4-2a4e1351794c,SUPPORTED,
SQX-XAUUSD-H4-2a4e53eee351,SUPPORTED,
SQX-GBPUSD-H4-2a56f8e4c36d,SUPPORTED,
SQX-USDJPY-H4-2a5ecd103288,SUPPORTED,
SQX-USDJPY-H4-2a6254045de0,SUPPORTED,
SQX-XAUUSD-H4-2a663f999777,SUPPORTED,
SQX-USDJPY-H1-2a6e38d91662,SUPPORTED,
SQX-XAUUSD-H4-2a6f566ce4ff,SUPPORTED,
SQX-USDCHF-H4-2a6fe03af03f,SUPPORTED,
SQX-XAUUSD-H4-2a8303736a89,SUPPORTED,
SQX-USDCHF-H4-2a84c47fa5d1,SUPPORTED,
SQX-XAUUSD-H4-2a86113da0c1,SUPPORTED,
SQX-XAUUSD-H4-2a868ac9a17c,SUPPORTED,
SQX-USDJPY-H4-2a8bbf0d1afa,SUPPORTED,
SQX-EURUSD-H4-2a9240fd5e1b,SUPPORTED,
SQX-XAUUSD-H4-2a95a258f3a8,SUPPORTED,
SQX-EURUSD-H1-2a9e754e53ef,SUPPORTED,
SQX-USDJPY-H1-2ab258cdd10d,SUPPORTED,
SQX-XAUUSD-H1-2ac358cf8421,SUPPORTED,
SQX-USDJPY-H4-2adbd9cc7192,SUPPORTED,
SQX-EURUSD-H4-2ae79c48696e,SUPPORTED,
SQX-XAUUSD-H4-2ae80cf738ae,SUPPORTED,
SQX-XAUUSD-H4-2aeb5901c9e7,SUPPORTED,
SQX-USDCHF-H4-2afd60591b29,SUPPORTED,
SQX-XAUUSD-H1-2affe5813790,SUPPORTED,
SQX-USDJPY-H1-2b029f561e72,SUPPORTED,
SQX-USDJPY-H1-2b0456bf3929,SUPPORTED,
SQX-USDJPY-H4-2b0491ea4917,SUPPORTED,
SQX-XAUUSD-H4-2b09b7b77ed2,SUPPORTED,
SQX-USDJPY-H1-2b15dd499b4c,SUPPORTED,
SQX-EURUSD-H1-2b1be85429a0,SUPPORTED,
SQX-USDJPY-H4-2b2d8fca1038,SUPPORTED,
SQX-GBPUSD-M15-2b3192a76eb8,SUPPORTED,
SQX-EURUSD-H4-2b31a6a4a92f,SUPPORTED,
SQX-XAUUSD-H4-2b34d1461da2,SUPPORTED,
SQX-XAUUSD-H4-2b35a095fdc8,SUPPORTED,
SQX-USDJPY-H1-2b3639d875c0,SUPPORTED,
SQX-USDCHF-H4-2b58861dbb28,SUPPORTED,
SQX-XAUUSD-H4-2b5c93fdc9ef,SUPPORTED,
SQX-XAUUSD-H1-2b628e028677,SUPPORTED,
SQX-USDJPY-H1-2b69d0a9808d,SUPPORTED,
SQX-USDJPY-H4-2b6cc825a51e,SUPPORTED,
SQX-XAUUSD-H4-2b724ee179a3,SUPPORTED,
SQX-XAUUSD-H4-2b769b0a690a,SUPPORTED,
SQX-XAUUSD-H4-2b8571899735,SUPPORTED,
SQX-XAUUSD-H4-2b8addf953ad,SUPPORTED,
SQX-USDJPY-H4-2b9f5db2d7e5,SUPPORTED,
SQX-EURUSD-M15-2ba3bfb72c52,SUPPORTED,
SQX-XAUUSD-H4-2ba490778c5e,SUPPORTED,
SQX-XAUUSD-H4-2ba748ae474b,SUPPORTED,
SQX-USDJPY-H1-2ba7c93f5bf6,SUPPORTED,
SQX-XAUUSD-H4-2bad1d16e97f,SUPPORTED,
SQX-EURUSD-H4-2bb1fed50a55,SUPPORTED,
SQX-EURUSD-H4-2bb7845a4e74,SUPPORTED,
SQX-XAUUSD-H1-2bc03bcc2940,SUPPORTED,
SQX-GBPUSD-H1-2bc2df2f234f,SUPPORTED,
SQX-EURUSD-H4-2bcd53aad1b2,SUPPORTED,
SQX-XAUUSD-H1-2bd2f69fdee9,SUPPORTED,
SQX-XAUUSD-H4-2bd8b5e10dc6,SUPPORTED,
SQX-USDJPY-H4-2bddca1a1161,SUPPORTED,
SQX-USDJPY-H4-2bdf4c139439,SUPPORTED,
SQX-XAUUSD-H4-2be52d53c8fd,SUPPORTED,
SQX-XAUUSD-H4-2be59f1625d5,SUPPORTED,
SQX-GBPUSD-H4-2be6b0910ea6,SUPPORTED,
SQX-USDJPY-H1-2be916f18f38,SUPPORTED,
SQX-XAUUSD-H4-2bf20bc3a636,SUPPORTED,
SQX-XAUUSD-H4-2bf5a2659160,SUPPORTED,
SQX-GBPUSD-M15-2bf8e4c14cdf,SUPPORTED,
SQX-USDJPY-H4-2bfc6b327316,SUPPORTED,
SQX-USDCHF-H4-2c0178318fc0,SUPPORTED,
SQX-EURUSD-H1-2c027e662d4a,SUPPORTED,
SQX-XAUUSD-H4-2c084ff093ac,SUPPORTED,
SQX-USDJPY-H4-2c08f40824f4,SUPPORTED,
SQX-USDCHF-H4-2c1374d7a87c,SUPPORTED,
SQX-XAUUSD-H4-2c1ae4310dee,SUPPORTED,
SQX-XAUUSD-H4-2c25aa1e137b,SUPPORTED,
SQX-XAUUSD-H4-2c2759821a88,SUPPORTED,
SQX-USDCAD-H4-2c314124675a,SUPPORTED,
SQX-XAUUSD-H4-2c338792dd2a,SUPPORTED,
SQX-XAUUSD-H4-2c33ac333cac,SUPPORTED,
SQX-XAUUSD-H4-2c37abc40099,SUPPORTED,
SQX-USDJPY-H1-2c3a70369b40,SUPPORTED,
SQX-XAUUSD-H4-2c3b4413b91a,SUPPORTED,
SQX-USDJPY-H4-2c413d57bfc0,SUPPORTED,
SQX-USDJPY-H4-2c42545f4456,SUPPORTED,
SQX-USDJPY-H1-2c43ef369a44,SUPPORTED,
SQX-USDJPY-H1-2c4570fe28ef,SUPPORTED,
SQX-USDJPY-H1-2c4db23a5869,SUPPORTED,
SQX-USDCAD-H4-2c54f4b51706,SUPPORTED,
SQX-XAUUSD-H1-2c6062b4d832,SUPPORTED,
SQX-XAUUSD-H4-2c6392fca187,SUPPORTED,
SQX-EURUSD-H4-2c731741e955,SUPPORTED,
SQX-EURUSD-H4-2c744d4fc3f5,SUPPORTED,
SQX-XAUUSD-H4-2c77cb5d6a16,SUPPORTED,
SQX-EURUSD-H4-2c86b6f59ff9,SUPPORTED,
SQX-USDJPY-H4-2c8b1cadf94f,SUPPORTED,
SQX-XAUUSD-H4-2c8ef6d6cdb2,SUPPORTED,
SQX-XAUUSD-H1-2ca2b89cb968,SUPPORTED,
SQX-USDJPY-H1-2ca46f8a2c23,SUPPORTED,
SQX-XAUUSD-H4-2cb2b44768a2,SUPPORTED,
SQX-EURUSD-H1-2cc7f0fdfd4c,SUPPORTED,
SQX-XAUUSD-H4-2cca55331346,SUPPORTED,
SQX-XAUUSD-H4-2ccfcb98d6a2,SUPPORTED,
SQX-XAUUSD-H4-2cdc1f73d03e,SUPPORTED,
SQX-XAUUSD-H4-2cde241df35a,SUPPORTED,
SQX-XAUUSD-H4-2ce1b2a7233c,SUPPORTED,
SQX-XAUUSD-H4-2ce6956185da,SUPPORTED,
SQX-XAUUSD-H4-2ce900f1570e,SUPPORTED,
SQX-XAUUSD-H4-2cebba3f818f,SUPPORTED,
SQX-USDJPY-H4-2cecc0d26dd5,SUPPORTED,
SQX-USDJPY-H4-2ceeeb9f75cc,SUPPORTED,
SQX-EURUSD-H1-2cf46d00aff6,SUPPORTED,
SQX-XAUUSD-H4-2d077df08eb4,SUPPORTED,
SQX-USDJPY-H4-2d0a8d62a009,SUPPORTED,
SQX-EURUSD-H1-2d142d60e9bf,SUPPORTED,
SQX-XAUUSD-H1-2d1c65c3dd35,SUPPORTED,
SQX-GBPUSD-H4-2d282088a762,SUPPORTED,
SQX-XAUUSD-H4-2d2aa6ec19ce,SUPPORTED,
SQX-XAUUSD-H4-2d2eda7d0041,SUPPORTED,
SQX-XAUUSD-H4-2d2f78d0c9ac,SUPPORTED,
SQX-USDJPY-H1-2d31b2908ca4,SUPPORTED,
SQX-XAUUSD-H1-2d3bedc4fe42,SUPPORTED,
SQX-EURUSD-H4-2d3dacbc2de6,SUPPORTED,
SQX-XAUUSD-H1-2d3f895a1d9b,SUPPORTED,
SQX-USDJPY-H4-2d406c68be4f,SUPPORTED,
SQX-USDJPY-H4-2d4787e29fae,SUPPORTED,
SQX-XAUUSD-H4-2d58db205d69,SUPPORTED,
SQX-XAUUSD-H1-2d663e6a502c,SUPPORTED,
SQX-USDJPY-H4-2d6a33a2a185,SUPPORTED,
SQX-XAUUSD-H4-2d6aea45941a,SUPPORTED,
SQX-USDJPY-H1-2d6d4feca25c,SUPPORTED,
SQX-EURUSD-H4-2d72dff91d00,SUPPORTED,
SQX-USDJPY-H1-2d72fe9144ba,SUPPORTED,
SQX-USDCAD-H4-2d741c20e0fa,SUPPORTED,
SQX-XAUUSD-H1-2d7ac60e9f16,SUPPORTED,
SQX-USDJPY-H4-2d979aabdbf6,SUPPORTED,
SQX-GBPUSD-H1-2d98f7e8d4ae,SUPPORTED,
SQX-XAUUSD-H4-2d9b03fb942a,SUPPORTED,
SQX-XAUUSD-H4-2d9d22442816,SUPPORTED,
SQX-XAUUSD-H4-2da5abd01b35,SUPPORTED,
SQX-XAUUSD-H4-2da70074b580,SUPPORTED,
SQX-USDJPY-H4-2daa3f2c1d25,SUPPORTED,
SQX-USDJPY-H4-2dac4ed2354c,SUPPORTED,
SQX-EURUSD-H1-2db135842ec7,SUPPORTED,
SQX-XAUUSD-H4-2db29ada7774,SUPPORTED,
SQX-GBPUSD-H4-2db708bd9602,SUPPORTED,
SQX-XAUUSD-H4-2db8e0789c95,SUPPORTED,
SQX-USDJPY-H4-2dd25c2cab1c,SUPPORTED,
SQX-USDCHF-H4-2ddbee641368,SUPPORTED,
SQX-XAUUSD-H4-2de0dc7e4cbd,SUPPORTED,
SQX-XAUUSD-H4-2de3a50cb5cc,SUPPORTED,
SQX-XAUUSD-H4-2de50c9b8a9d,SUPPORTED,
SQX-USDJPY-H1-2de5443a5859,SUPPORTED,
SQX-XAUUSD-H4-2dedfc6fbafa,SUPPORTED,
SQX-EURUSD-H1-2def96f6e6cd,SUPPORTED,
SQX-USDCHF-H4-2defd45a51bd,SUPPORTED,
SQX-XAUUSD-H4-2dfa27bd1af5,SUPPORTED,
SQX-XAUUSD-H4-2dfbd33e2c5b,SUPPORTED,
SQX-USDJPY-H4-2e0659ba46fb,SUPPORTED,
SQX-XAUUSD-H4-2e0a51779b8d,SUPPORTED,
SQX-XAUUSD-H4-2e10534b0152,SUPPORTED,
SQX-USDJPY-H1-2e14880c3000,SUPPORTED,
SQX-XAUUSD-H4-2e161832facb,SUPPORTED,
SQX-EURUSD-H4-2e1ae569c00c,SUPPORTED,
SQX-EURUSD-H1-2e1d7ac930aa,SUPPORTED,
SQX-XAUUSD-H4-2e295024dac2,SUPPORTED,
SQX-XAUUSD-H1-2e2c117f74cf,SUPPORTED,
SQX-USDJPY-H4-2e2c55b57165,SUPPORTED,
SQX-EURUSD-H4-2e32693f783c,SUPPORTED,
SQX-USDJPY-H1-2e369c58772f,SUPPORTED,
SQX-XAUUSD-H1-2e3758b51044,SUPPORTED,
SQX-EURUSD-H1-2e38839470b1,SUPPORTED,
SQX-XAUUSD-H1-2e39b1cd6b7f,SUPPORTED,
SQX-XAUUSD-H4-2e3e137b3dd8,SUPPORTED,
SQX-USDJPY-H1-2e43955219dc,SUPPORTED,
SQX-XAUUSD-H4-2e4c2f38d073,SUPPORTED,
SQX-XAUUSD-H1-2e4f468abcad,SUPPORTED,
SQX-XAUUSD-H4-2e542037ebcc,SUPPORTED,
SQX-XAUUSD-H1-2e55db5f6b92,SUPPORTED,
SQX-XAUUSD-H4-2e56246315fd,SUPPORTED,
SQX-EURUSD-H4-2e5e0dc1f186,SUPPORTED,
SQX-XAUUSD-H4-2e6d5eb2a97f,SUPPORTED,
SQX-EURUSD-H4-2e6d7e359ed7,SUPPORTED,
SQX-XAUUSD-H1-2e6e21fc21f0,SUPPORTED,
SQX-EURUSD-H1-2e6f075bd38f,SUPPORTED,
SQX-XAUUSD-H4-2e73e24faa4f,SUPPORTED,
SQX-USDCAD-H4-2e8284ff1ce6,SUPPORTED,
SQX-XAUUSD-H4-2e82dd72b7bf,SUPPORTED,
SQX-USDCHF-H4-2e89ad018220,SUPPORTED,
SQX-XAUUSD-H4-2e8e97809969,SUPPORTED,
SQX-XAUUSD-H1-2ea64d91d916,SUPPORTED,
SQX-XAUUSD-H4-2ea69b442164,SUPPORTED,
SQX-XAUUSD-H4-2eab4400d09f,SUPPORTED,
SQX-XAUUSD-H1-2eaca2179063,SUPPORTED,
SQX-XAUUSD-H4-2eb14b6ed660,SUPPORTED,
SQX-GBPUSD-H4-2eb2edceafca,SUPPORTED,
SQX-XAUUSD-H4-2eb3f2544462,SUPPORTED,
SQX-USDJPY-H1-2ec1a615974c,SUPPORTED,
SQX-XAUUSD-H1-2ec20290eb00,SUPPORTED,
SQX-EURUSD-H4-2ec63f4e7881,SUPPORTED,
SQX-XAUUSD-H4-2ec7ef478c94,SUPPORTED,
SQX-USDJPY-H4-2ed905f6ffb3,SUPPORTED,
SQX-USDJPY-H4-2edaa18392d0,SUPPORTED,
SQX-XAUUSD-H1-2edc2f933bae,SUPPORTED,
SQX-USDJPY-H4-2edf4fdb4625,SUPPORTED,
SQX-XAUUSD-H1-2ee4c997a3ba,SUPPORTED,
SQX-XAUUSD-H4-2ee7b67632eb,SUPPORTED,
SQX-XAUUSD-H4-2efcb8ca756e,SUPPORTED,
SQX-USDCHF-H4-2f0db175f5d2,SUPPORTED,
SQX-USDCHF-H4-2f0fa95dd10a,SUPPORTED,
SQX-XAUUSD-H4-2f1a5371be26,SUPPORTED,
SQX-USDCHF-H4-2f2a1e9e2e3c,SUPPORTED,
SQX-XAUUSD-H4-2f2e5faeeae8,SUPPORTED,
SQX-XAUUSD-H4-2f2f039410df,SUPPORTED,
SQX-USDJPY-H4-2f307dd6a066,SUPPORTED,
SQX-EURUSD-H4-2f390cbaf1a4,SUPPORTED,
SQX-EURUSD-H4-2f398e21241d,SUPPORTED,
SQX-USDCHF-H4-2f3a480fc5e3,SUPPORTED,
SQX-EURUSD-H1-2f3a73f2a35d,SUPPORTED,
SQX-XAUUSD-H4-2f3d42d417fa,SUPPORTED,
SQX-XAUUSD-H1-2f4360c359df,SUPPORTED,
SQX-XAUUSD-H1-2f48a6f64ad8,SUPPORTED,
SQX-XAUUSD-H1-2f4d95e938f9,SUPPORTED,
SQX-EURUSD-H1-2f594feb1a84,SUPPORTED,
SQX-XAUUSD-H4-2f5e90733800,SUPPORTED,
SQX-EURUSD-H4-2f645eff1fe1,SUPPORTED,
SQX-XAUUSD-H4-2f64a538d388,SUPPORTED,
SQX-XAUUSD-H4-2f6dcccdc49e,SUPPORTED,
SQX-XAUUSD-M15-2f7691a50993,SUPPORTED,
SQX-EURUSD-H1-2f7c1974c2f4,SUPPORTED,
SQX-USDCHF-H4-2f7eb589a2c2,SUPPORTED,
SQX-XAUUSD-H1-2f84bd54be5e,SUPPORTED,
SQX-XAUUSD-H4-2f8c9e64b102,SUPPORTED,
SQX-XAUUSD-H4-2f8edbfcd5e4,SUPPORTED,
SQX-XAUUSD-H1-2f9156054bab,SUPPORTED,
SQX-XAUUSD-H4-2fa10ebb26a1,SUPPORTED,
SQX-XAUUSD-H4-2fbfb8d42aca,SUPPORTED,
SQX-XAUUSD-H4-2fd40925bdcf,SUPPORTED,
SQX-XAUUSD-H4-2fdd79e8f4ed,SUPPORTED,
SQX-XAUUSD-H4-2fe1a9388f61,SUPPORTED,
SQX-XAUUSD-H4-2fe2a53a0b64,SUPPORTED,
SQX-XAUUSD-H4-2fe3c7f6e8e4,SUPPORTED,
SQX-XAUUSD-H1-2fe80613bcc0,SUPPORTED,
SQX-XAUUSD-H1-2feb8698453f,SUPPORTED,
SQX-USDCHF-H4-2febb6e574c1,SUPPORTED,
SQX-EURUSD-H1-2febc7e396a0,SUPPORTED,
SQX-XAUUSD-H1-2ff60448c3ff,SUPPORTED,
SQX-XAUUSD-H1-3003f85cbc90,SUPPORTED,
SQX-XAUUSD-H4-30052bb5ad7c,SUPPORTED,
SQX-XAUUSD-H4-30061c2787de,SUPPORTED,
SQX-NZDUSD-H4-3007852e1ad7,SUPPORTED,
SQX-USDJPY-H4-30128edfd5bc,SUPPORTED,
SQX-EURUSD-H4-30130451b25d,SUPPORTED,
SQX-XAUUSD-H4-30152097dfa4,SUPPORTED,
SQX-XAUUSD-H4-3020353346b0,SUPPORTED,
SQX-XAUUSD-H1-302821a4431f,SUPPORTED,
SQX-EURUSD-H4-302d183a4bf0,SUPPORTED,
SQX-XAUUSD-H1-302e7bd0ef9c,SUPPORTED,
SQX-EURUSD-H1-303039bce7c6,SUPPORTED,
SQX-XAUUSD-H4-3033a7f9fb5e,SUPPORTED,
SQX-XAUUSD-H4-3036d08e653c,SUPPORTED,
SQX-USDJPY-H4-3038475ac0e3,SUPPORTED,
SQX-USDJPY-H1-303c01643981,SUPPORTED,
SQX-XAUUSD-H4-303c6f8f926f,SUPPORTED,
SQX-XAUUSD-H4-303d1fd6f199,SUPPORTED,
SQX-EURUSD-H4-3042769064e9,SUPPORTED,
SQX-XAUUSD-H4-3045123b7673,SUPPORTED,
SQX-EURUSD-M15-304c0f49d4f8,SUPPORTED,
SQX-USDJPY-H1-304cafadb787,SUPPORTED,
SQX-XAUUSD-H4-304e09576a8e,SUPPORTED,
SQX-XAUUSD-H4-30534fddc294,SUPPORTED,
SQX-XAUUSD-H4-305b5ab91fc8,SUPPORTED,
SQX-XAUUSD-H4-305cbf04acc1,SUPPORTED,
SQX-USDCAD-H4-3062b4c8bcb9,SUPPORTED,
SQX-XAUUSD-H4-306532a35885,SUPPORTED,
SQX-USDCHF-H4-306ae9ecee9a,SUPPORTED,
SQX-XAUUSD-H4-306d4273642e,SUPPORTED,
SQX-USDJPY-H4-306f3ee7739d,SUPPORTED,
SQX-USDJPY-H4-3076e00281ed,SUPPORTED,
SQX-XAUUSD-H1-307874744cc8,SUPPORTED,
SQX-XAUUSD-H4-3080a93c8ac2,SUPPORTED,
SQX-EURUSD-H4-30824160c62b,SUPPORTED,
SQX-XAUUSD-H1-3096d0aa5b92,SUPPORTED,
SQX-USDJPY-H1-30b80e11dfb8,SUPPORTED,
SQX-XAUUSD-H4-30be9aa6659d,SUPPORTED,
SQX-USDJPY-H1-30c1e817dcff,SUPPORTED,
SQX-USDJPY-H4-30d56c1aeb98,SUPPORTED,
SQX-XAUUSD-H4-30e0ef73988e,SUPPORTED,
SQX-USDJPY-H1-30f1596ecf89,SUPPORTED,
SQX-XAUUSD-H1-30f479976c8a,SUPPORTED,
SQX-EURUSD-H4-310188c1441f,SUPPORTED,
SQX-XAUUSD-H4-310ca6679b48,SUPPORTED,
SQX-EURUSD-H4-3111583f963d,SUPPORTED,
SQX-XAUUSD-H4-31118cb41b6b,SUPPORTED,
SQX-USDJPY-H4-3116855a81d9,SUPPORTED,
SQX-USDJPY-H4-3119f8167369,SUPPORTED,
SQX-USDJPY-H1-311bb96fb2cf,SUPPORTED,
SQX-EURUSD-H4-311e329fa4c7,SUPPORTED,
SQX-XAUUSD-H4-31224e311238,SUPPORTED,
SQX-USDJPY-H4-3122fbf3998c,SUPPORTED,
SQX-EURUSD-H1-31236e3f4e5e,SUPPORTED,
SQX-USDJPY-H1-3128f6f97b83,SUPPORTED,
SQX-XAUUSD-H1-31293d26fe99,SUPPORTED,
SQX-XAUUSD-H4-31338b436b38,SUPPORTED,
SQX-XAUUSD-H4-31375e57ab04,SUPPORTED,
SQX-XAUUSD-H4-313be44e33b1,SUPPORTED,
SQX-EURUSD-H1-3140c502ecd1,SUPPORTED,
SQX-XAUUSD-H4-3140dde74a10,SUPPORTED,
SQX-USDJPY-H4-314485a3cd66,SUPPORTED,
SQX-GBPUSD-H4-3154f7017be1,SUPPORTED,
SQX-EURUSD-H4-315a2aba3d34,SUPPORTED,
SQX-XAUUSD-H4-316185cd3e0b,SUPPORTED,
SQX-USDJPY-H1-31661a0b2946,SUPPORTED,
SQX-NZDUSD-H4-316ce6c20c37,SUPPORTED,
SQX-XAUUSD-H1-316d6a77639a,SUPPORTED,
SQX-XAUUSD-H1-317b89424ad4,SUPPORTED,
SQX-EURUSD-H4-3180abde0002,SUPPORTED,
SQX-XAUUSD-H1-3183d606398c,SUPPORTED,
SQX-XAUUSD-H4-318484d94b41,SUPPORTED,
SQX-XAUUSD-H4-31891e1c1b8d,SUPPORTED,
SQX-USDJPY-H1-319c4dd618c7,SUPPORTED,
SQX-USDJPY-H4-319d3bf3d483,SUPPORTED,
SQX-XAUUSD-H4-31a27ea84c0e,SUPPORTED,
SQX-XAUUSD-H4-31a7b88e8cb1,SUPPORTED,
SQX-XAUUSD-H4-31be2b6cd402,SUPPORTED,
SQX-USDJPY-H1-31bfb97771e8,SUPPORTED,
SQX-XAUUSD-H4-31c202f06b1c,SUPPORTED,
SQX-GBPUSD-H1-31cfd6949c26,SUPPORTED,
SQX-XAUUSD-H1-31d2d6833625,SUPPORTED,
SQX-XAUUSD-H4-31daaeebebcb,SUPPORTED,
SQX-GBPUSD-H4-31e06b13b379,SUPPORTED,
SQX-USDJPY-H4-31e27400e8ca,SUPPORTED,
SQX-XAUUSD-H4-31e45aef88e6,SUPPORTED,
SQX-XAUUSD-H4-31e96242f0d7,SUPPORTED,
SQX-XAUUSD-H4-31ecb18fc451,SUPPORTED,
SQX-XAUUSD-H4-31fdba874721,SUPPORTED,
SQX-USDJPY-H4-32153b88a3de,SUPPORTED,
SQX-XAUUSD-H4-3218bfc223d3,SUPPORTED,
SQX-USDJPY-H4-321eb857444a,SUPPORTED,
SQX-XAUUSD-H4-322489eb4372,SUPPORTED,
SQX-XAUUSD-H1-322c2035150f,SUPPORTED,
SQX-EURUSD-H4-32317ed5f1cc,SUPPORTED,
SQX-EURUSD-H1-3236d9367215,SUPPORTED,
SQX-EURUSD-H4-323a9679c2d4,SUPPORTED,
SQX-XAUUSD-H4-323d4107f7e2,SUPPORTED,
SQX-XAUUSD-H4-3249f8d25643,SUPPORTED,
SQX-USDJPY-H4-324c04580970,SUPPORTED,
SQX-XAUUSD-H4-324df9f16e5e,SUPPORTED,
SQX-XAUUSD-H1-325d360691e6,SUPPORTED,
SQX-XAUUSD-H4-326552a44d60,SUPPORTED,
SQX-USDCAD-H4-326893d7943d,SUPPORTED,
SQX-XAUUSD-H4-326d328a44e4,SUPPORTED,
SQX-USDJPY-H4-326fe4f80838,SUPPORTED,
SQX-USDJPY-H1-3276b6003ab5,SUPPORTED,
SQX-XAUUSD-H4-327c4ff411b5,SUPPORTED,
SQX-USDJPY-H4-327cfa7a3a4d,SUPPORTED,
SQX-EURUSD-H1-328238254ad7,SUPPORTED,
SQX-USDJPY-H1-3284bcdf033a,SUPPORTED,
SQX-XAUUSD-H1-328998cbc195,SUPPORTED,
SQX-XAUUSD-H4-3296b0510832,SUPPORTED,
SQX-XAUUSD-H1-329a63c6e97e,SUPPORTED,
SQX-EURUSD-H4-329c7ceca164,SUPPORTED,
SQX-XAUUSD-H4-329f216b5e0f,SUPPORTED,
SQX-USDCAD-H4-32a4560d3e54,SUPPORTED,
SQX-USDJPY-H4-32b4a445d3dc,SUPPORTED,
SQX-XAUUSD-H1-32b4a5a536c3,SUPPORTED,
SQX-XAUUSD-H4-32b7cb908b7d,SUPPORTED,
SQX-XAUUSD-H4-32d4c5d418ac,SUPPORTED,
SQX-EURUSD-H4-32d4d14b9dc5,SUPPORTED,
SQX-GBPUSD-H4-32d613a77c59,SUPPORTED,
SQX-XAUUSD-H4-32e9f538f3a3,SUPPORTED,
SQX-XAUUSD-H4-32f2e7e3919e,SUPPORTED,
SQX-XAUUSD-H4-32f3c6c523ac,SUPPORTED,
SQX-XAUUSD-H1-32fdc3bbe6ca,SUPPORTED,
SQX-XAUUSD-H4-3302f4708055,SUPPORTED,
SQX-XAUUSD-H1-3308b07a665f,SUPPORTED,
SQX-USDJPY-H1-330c67c70c9d,SUPPORTED,
SQX-GBPUSD-H1-331fdc5aa340,SUPPORTED,
SQX-USDJPY-H1-3330b1303d9d,SUPPORTED,
SQX-XAUUSD-H4-333f070b9f04,SUPPORTED,
SQX-XAUUSD-H4-33467280d61e,SUPPORTED,
SQX-XAUUSD-H4-334720e86f75,SUPPORTED,
SQX-GBPUSD-H4-334983e40467,SUPPORTED,
SQX-USDJPY-H1-3350e05f4e84,SUPPORTED,
SQX-XAUUSD-H4-335b7277c9e4,SUPPORTED,
SQX-XAUUSD-H4-3365921b197b,SUPPORTED,
SQX-XAUUSD-H4-336a49933490,SUPPORTED,
SQX-XAUUSD-H1-33794fb4842f,SUPPORTED,
SQX-XAUUSD-H4-337b38a27547,SUPPORTED,
SQX-EURUSD-H4-337caed8df94,SUPPORTED,
SQX-XAUUSD-H4-3380c23258ed,SUPPORTED,
SQX-XAUUSD-H1-33817bc9b61f,SUPPORTED,
SQX-XAUUSD-H1-33824cd26007,SUPPORTED,
SQX-XAUUSD-H4-3382a9d7f744,SUPPORTED,
SQX-USDJPY-H4-3385dc9de9af,SUPPORTED,
SQX-XAUUSD-H1-33867e0ffb5a,SUPPORTED,
SQX-EURUSD-H1-3387aa9e1f5f,SUPPORTED,
SQX-USDJPY-H1-3389f66c6331,SUPPORTED,
SQX-USDJPY-H1-33a3b59a90e1,SUPPORTED,
SQX-XAUUSD-H4-33a553cbefaa,SUPPORTED,
SQX-USDJPY-H1-33a55e093ed9,SUPPORTED,
SQX-USDJPY-H1-33a8707224bb,SUPPORTED,
SQX-XAUUSD-H4-33a9d851054f,SUPPORTED,
SQX-XAUUSD-H4-33aa95712ac4,SUPPORTED,
SQX-XAUUSD-H4-33aaa6e98296,SUPPORTED,
SQX-USDJPY-H4-33c2d868f3b6,SUPPORTED,
SQX-USDJPY-H1-33c3bf4686a8,SUPPORTED,
SQX-XAUUSD-H1-33c837bbd818,SUPPORTED,
SQX-USDCHF-H4-33cae061804e,SUPPORTED,
SQX-XAUUSD-H4-33cbdb17658d,SUPPORTED,
SQX-XAUUSD-H1-33d3121a8ad6,SUPPORTED,
SQX-EURUSD-H4-33dadafe03e7,SUPPORTED,
SQX-XAUUSD-H4-33e0f13a8d82,SUPPORTED,
SQX-EURUSD-H1-33e906703b5c,SUPPORTED,
SQX-XAUUSD-H4-33ea2d777ac3,SUPPORTED,
SQX-USDJPY-H4-33ee955ee90f,SUPPORTED,
SQX-XAUUSD-H4-33ef7bdfa8a2,SUPPORTED,
SQX-USDJPY-H1-33f27b8c8151,SUPPORTED,
SQX-XAUUSD-H4-33f32b964e7a,SUPPORTED,
SQX-XAUUSD-H4-33f56fe622b1,SUPPORTED,
SQX-EURUSD-H4-33f65f9ef61a,SUPPORTED,
SQX-EURUSD-H4-3407ae9999be,SUPPORTED,
SQX-USDJPY-H4-3407e7ebfef8,SUPPORTED,
SQX-XAUUSD-H4-340e806c4ce9,SUPPORTED,
SQX-XAUUSD-H1-340f0882c0bc,SUPPORTED,
SQX-XAUUSD-H1-341263dca258,SUPPORTED,
SQX-EURUSD-H1-34137af247e1,SUPPORTED,
SQX-XAUUSD-H1-341afa3bc5cd,SUPPORTED,
SQX-USDJPY-H4-3426e04c340f,SUPPORTED,
SQX-XAUUSD-H1-3428465851cf,SUPPORTED,
SQX-USDCAD-H1-342b83b215fe,SUPPORTED,
SQX-XAUUSD-H4-3431bdfe1e9b,SUPPORTED,
SQX-USDJPY-M15-3446d78ab4f5,SUPPORTED,
SQX-XAUUSD-H4-344ee8b2f228,SUPPORTED,
SQX-USDJPY-H4-34521a174cf4,SUPPORTED,
SQX-USDJPY-H4-3456f9f85c49,SUPPORTED,
SQX-XAUUSD-H4-3458bbcbee2b,SUPPORTED,
SQX-XAUUSD-H4-3459d03e61e9,SUPPORTED,
SQX-EURUSD-H1-345f32b79da4,SUPPORTED,
SQX-XAUUSD-H4-3461002bee12,SUPPORTED,
SQX-XAUUSD-H4-3468fabd11c9,SUPPORTED,
SQX-XAUUSD-H4-3469a8448e4f,SUPPORTED,
SQX-USDJPY-H1-346f0e3220eb,SUPPORTED,
SQX-XAUUSD-H4-347563540549,SUPPORTED,
SQX-EURUSD-H1-34765fd40692,SUPPORTED,
SQX-EURUSD-H4-347759a74e64,SUPPORTED,
SQX-XAUUSD-H1-347cf97e5c4a,SUPPORTED,
SQX-EURUSD-H1-34837179935f,SUPPORTED,
SQX-XAUUSD-H4-3488b7e7c3f6,SUPPORTED,
SQX-XAUUSD-H4-348a8ca60301,SUPPORTED,
SQX-GBPUSD-H4-348baf8cccd7,SUPPORTED,
SQX-EURUSD-H4-348c41ecd59d,SUPPORTED,
SQX-XAUUSD-H1-34946c11372e,SUPPORTED,
SQX-USDJPY-M15-349e3bb572e9,SUPPORTED,
SQX-XAUUSD-H4-34a85a299539,SUPPORTED,
SQX-XAUUSD-H1-34a867a2a232,SUPPORTED,
SQX-EURUSD-H4-34a94a01f1c8,SUPPORTED,
SQX-USDCHF-H4-34ab3d68fff7,SUPPORTED,
SQX-EURUSD-H4-34b1a1a858b3,SUPPORTED,
SQX-XAUUSD-H1-34ba6d6ae1e3,SUPPORTED,
SQX-XAUUSD-H4-34bf3e803917,SUPPORTED,
SQX-XAUUSD-H4-34c08056acc0,SUPPORTED,
SQX-USDJPY-H4-34c1887ad3d9,SUPPORTED,
SQX-XAUUSD-H4-34c298c44ebf,SUPPORTED,
SQX-XAUUSD-H4-34c4cf58e982,SUPPORTED,
SQX-XAUUSD-H4-34c54e2e2372,SUPPORTED,
SQX-USDCHF-H4-34ccd373d7e4,SUPPORTED,
SQX-XAUUSD-H4-34d280f0296e,SUPPORTED,
SQX-GBPUSD-H4-34d7969b6864,SUPPORTED,
SQX-GBPUSD-M15-34d990f3d8be,SUPPORTED,
SQX-XAUUSD-H1-34dfa3186a64,SUPPORTED,
SQX-USDJPY-H4-34e7d300009d,SUPPORTED,
SQX-XAUUSD-H4-34f3b1ee3fc9,SUPPORTED,
SQX-EURUSD-M15-34f615aa7c4e,SUPPORTED,
SQX-EURUSD-H1-34f7eecfcce1,SUPPORTED,
SQX-EURUSD-H1-34fc79a56c86,SUPPORTED,
SQX-USDCHF-H4-34ff0847e61c,SUPPORTED,
SQX-XAUUSD-H4-3507ada80a2a,SUPPORTED,
SQX-USDCHF-H4-3507d57c0652,SUPPORTED,
SQX-EURUSD-H1-350a31bd0d70,SUPPORTED,
SQX-EURUSD-H4-350f686b1bf8,SUPPORTED,
SQX-USDJPY-H4-351778fc1a20,SUPPORTED,
SQX-GBPUSD-H1-3517f16a1544,SUPPORTED,
SQX-USDCAD-H4-3518a1952483,SUPPORTED,
SQX-GBPUSD-H1-3530df9fb14f,SUPPORTED,
SQX-XAUUSD-H4-353221b225b7,SUPPORTED,
SQX-USDCHF-H4-3543da8bac77,SUPPORTED,
SQX-XAUUSD-H4-3546d729a943,SUPPORTED,
SQX-USDJPY-H4-354c356f17c5,SUPPORTED,
SQX-XAUUSD-H4-354e2e8f9d1a,SUPPORTED,
SQX-XAUUSD-H4-3552203d95f8,SUPPORTED,
SQX-USDJPY-H1-355edfbb70ca,SUPPORTED,
SQX-XAUUSD-H1-356104e29140,SUPPORTED,
SQX-XAUUSD-H4-356c835ae52e,SUPPORTED,
SQX-EURUSD-H4-356e99fcf5f7,SUPPORTED,
SQX-EURUSD-H1-35730a0c5b13,SUPPORTED,
SQX-XAUUSD-H4-3574d17ab40b,SUPPORTED,
SQX-USDCAD-H4-35751ab6dd43,SUPPORTED,
SQX-XAUUSD-H4-3577c78706a3,SUPPORTED,
SQX-XAUUSD-H4-358091350ce3,SUPPORTED,
SQX-EURUSD-H1-358712f233c0,SUPPORTED,
SQX-XAUUSD-H4-3587bd078ce3,SUPPORTED,
SQX-XAUUSD-H4-359786971395,SUPPORTED,
SQX-XAUUSD-H4-359832fc8534,SUPPORTED,
SQX-GBPUSD-H4-359d7fa5b401,SUPPORTED,
SQX-XAUUSD-H4-35a0504829fc,SUPPORTED,
SQX-XAUUSD-H4-35a25c08d020,SUPPORTED,
SQX-USDJPY-H4-35a4da56f176,SUPPORTED,
SQX-USDJPY-H4-35a525fa6761,SUPPORTED,
SQX-XAUUSD-H4-35a8b0a31d75,SUPPORTED,
SQX-XAUUSD-H4-35a8e6eed4cc,SUPPORTED,
SQX-XAUUSD-H4-35ba43d3d663,SUPPORTED,
SQX-USDJPY-H4-35c263713b4d,SUPPORTED,
SQX-EURUSD-H4-35c7d1ff8c13,SUPPORTED,
SQX-USDJPY-H4-35c982a4cbe9,SUPPORTED,
SQX-XAUUSD-H4-35d27dc9f628,SUPPORTED,
SQX-XAUUSD-H1-35dd5da4bedf,SUPPORTED,
SQX-USDCAD-H4-35ddf607329f,SUPPORTED,
SQX-XAUUSD-H4-35dfa6a3a919,SUPPORTED,
SQX-USDJPY-H1-35e896e56313,SUPPORTED,
SQX-XAUUSD-H1-35e948860256,SUPPORTED,
SQX-XAUUSD-H4-35f77874c440,SUPPORTED,
SQX-USDJPY-H4-35f8d4173c5e,SUPPORTED,
SQX-USDJPY-H4-35fd291945b3,SUPPORTED,
SQX-XAUUSD-H4-35fdfd685344,SUPPORTED,
SQX-EURUSD-H4-3605d2f36e37,SUPPORTED,
SQX-XAUUSD-H4-3607100f2216,SUPPORTED,
SQX-XAUUSD-H1-3610262cd5c9,SUPPORTED,
SQX-EURUSD-H4-3614c5ab0727,SUPPORTED,
SQX-EURUSD-H1-361be0def27d,SUPPORTED,
SQX-XAUUSD-H1-3628262660e0,SUPPORTED,
SQX-USDJPY-H1-362942d8c469,SUPPORTED,
SQX-XAUUSD-H4-3631e13be5fd,SUPPORTED,
SQX-GBPUSD-H1-3639cd48f5dc,SUPPORTED,
SQX-XAUUSD-H4-363aba66e94b,SUPPORTED,
SQX-EURUSD-H1-36523e935412,SUPPORTED,
SQX-XAUUSD-H4-36549d444946,SUPPORTED,
SQX-XAUUSD-H4-365bf3be8d0a,SUPPORTED,
SQX-USDCHF-H4-3676bb5f06b7,SUPPORTED,
SQX-XAUUSD-H4-367aa27f4ec8,SUPPORTED,
SQX-XAUUSD-H1-367b1bec9aa1,SUPPORTED,
SQX-XAUUSD-H4-367c12d35a83,SUPPORTED,
SQX-XAUUSD-H4-3681822cd6ca,SUPPORTED,
SQX-XAUUSD-H4-368ae318c9cc,SUPPORTED,
SQX-XAUUSD-H4-368b260e6335,SUPPORTED,
SQX-XAUUSD-H1-368eafd5772a,SUPPORTED,
SQX-XAUUSD-H4-369532988c9d,SUPPORTED,
SQX-EURUSD-H1-369a2b5ec58b,SUPPORTED,
SQX-EURUSD-H1-369cb03c33cf,SUPPORTED,
SQX-XAUUSD-H1-36ac131b2ae2,SUPPORTED,
SQX-EURUSD-H1-36aca5ad6ef3,SUPPORTED,
SQX-EURUSD-H1-36af9de8679b,SUPPORTED,
SQX-XAUUSD-H4-36b2a510a9d7,SUPPORTED,
SQX-USDJPY-M15-36b42b1dd870,SUPPORTED,
SQX-XAUUSD-H4-36b662f98ad5,SUPPORTED,
SQX-USDJPY-H4-36ba4100db66,SUPPORTED,
SQX-XAUUSD-H1-36c3b5ce23d3,SUPPORTED,
SQX-XAUUSD-H4-36c595329f46,SUPPORTED,
SQX-USDJPY-H4-36d602120879,SUPPORTED,
SQX-USDCAD-H4-36d9c2cca548,SUPPORTED,
SQX-EURUSD-H1-36ebc9638bdd,SUPPORTED,
SQX-XAUUSD-H4-36ef2a1cdae5,SUPPORTED,
SQX-XAUUSD-H4-36f61c6766ea,SUPPORTED,
SQX-USDJPY-H4-37090459382a,SUPPORTED,
SQX-EURUSD-H1-370d541c9887,SUPPORTED,
SQX-GBPUSD-H1-370f095e5d43,SUPPORTED,
SQX-EURUSD-H1-371397b6d636,SUPPORTED,
SQX-GBPUSD-H4-371a4efa6b43,SUPPORTED,
SQX-GBPUSD-H1-37291e5d8bbb,SUPPORTED,
SQX-EURUSD-H1-372c150106fb,SUPPORTED,
SQX-NZDUSD-H4-372d503b1dea,SUPPORTED,
SQX-XAUUSD-H4-3733873bb7db,SUPPORTED,
SQX-GBPUSD-M15-3735e5b4f553,SUPPORTED,
SQX-EURUSD-H4-3739a6ae62b1,SUPPORTED,
SQX-EURUSD-H1-3741dfdb30a6,SUPPORTED,
SQX-USDJPY-H1-3746ad464e0b,SUPPORTED,
SQX-XAUUSD-H4-3748d6be9452,SUPPORTED,
SQX-XAUUSD-H1-374eb5c3168d,SUPPORTED,
SQX-XAUUSD-H4-3752a0278adb,SUPPORTED,
SQX-XAUUSD-H4-375ff16707f6,SUPPORTED,
SQX-USDCHF-H4-37617cc48994,SUPPORTED,
SQX-USDJPY-H4-3765fd6c5cc5,SUPPORTED,
SQX-GBPUSD-M15-3767f30e8cf3,SUPPORTED,
SQX-NZDUSD-H4-3774fd526764,SUPPORTED,
SQX-USDJPY-H1-377534e7ab6c,SUPPORTED,
SQX-USDJPY-H4-377560defbf7,SUPPORTED,
SQX-XAUUSD-H4-3779d8791691,SUPPORTED,
SQX-GBPUSD-M15-377facfd1627,SUPPORTED,
SQX-XAUUSD-H1-3782d9d40407,SUPPORTED,
SQX-XAUUSD-H4-37832ef93dde,SUPPORTED,
SQX-XAUUSD-H4-3789c3b18c04,SUPPORTED,
SQX-XAUUSD-H4-378b6de67291,SUPPORTED,
SQX-USDJPY-H4-378bdd5f51f9,SUPPORTED,
SQX-XAUUSD-H4-3794f95af51b,SUPPORTED,
SQX-USDJPY-H4-37b0e8fd5313,SUPPORTED,
SQX-EURUSD-H1-37b4b99dcf98,SUPPORTED,
SQX-USDCHF-H4-37b6b95d61f9,SUPPORTED,
SQX-USDJPY-H1-37b7576cd16f,SUPPORTED,
SQX-GBPUSD-H4-37bdc40e1c80,SUPPORTED,
SQX-EURUSD-H4-37c99de84e46,SUPPORTED,
SQX-EURUSD-H4-37dd039a0b46,SUPPORTED,
SQX-USDJPY-H1-37fa59d86b4b,SUPPORTED,
SQX-USDJPY-H1-37fa8f3c331b,SUPPORTED,
SQX-USDJPY-H4-37fddec79354,SUPPORTED,
SQX-XAUUSD-H1-38037d4dfb8c,SUPPORTED,
SQX-XAUUSD-H4-38080be2914c,SUPPORTED,
SQX-USDJPY-H1-3809b4e51f88,SUPPORTED,
SQX-USDJPY-H4-380b10cefd87,SUPPORTED,
SQX-GBPUSD-M15-380e88db1bb4,SUPPORTED,
SQX-USDJPY-H4-380f99d84224,SUPPORTED,
SQX-USDJPY-H1-380fdf6d8edc,SUPPORTED,
SQX-USDJPY-H1-3823e78d2027,SUPPORTED,
SQX-GBPUSD-H4-3827c3731777,SUPPORTED,
SQX-XAUUSD-H4-3828613a5dfa,SUPPORTED,
SQX-USDJPY-H1-382a2f09604e,SUPPORTED,
SQX-EURUSD-H1-3845266e4399,SUPPORTED,
SQX-EURUSD-H1-384542c8f164,SUPPORTED,
SQX-USDJPY-H4-38463ea7cc21,SUPPORTED,
SQX-EURUSD-H4-384d183a5756,SUPPORTED,
SQX-XAUUSD-H4-3852238d0c35,SUPPORTED,
SQX-XAUUSD-H4-38543079b143,SUPPORTED,
SQX-XAUUSD-H4-38606bd8012a,SUPPORTED,
SQX-XAUUSD-H4-386496309ef7,SUPPORTED,
SQX-USDJPY-H4-38650a609189,SUPPORTED,
SQX-EURUSD-H4-386c0e7aac65,SUPPORTED,
SQX-XAUUSD-H4-38739be3f358,SUPPORTED,
SQX-XAUUSD-H4-3875b846d73a,SUPPORTED,
SQX-XAUUSD-H4-387ae3272a8d,SUPPORTED,
SQX-XAUUSD-H4-38811cc5cfd2,SUPPORTED,
SQX-XAUUSD-H1-3885376ac5b2,SUPPORTED,
SQX-USDJPY-H4-388c753cb08e,SUPPORTED,
SQX-XAUUSD-H4-388c82fc87bb,SUPPORTED,
SQX-XAUUSD-H4-388d9629d651,SUPPORTED,
SQX-USDJPY-H1-389d98dc9745,SUPPORTED,
SQX-XAUUSD-H1-38a217b24bf6,SUPPORTED,
SQX-XAUUSD-H1-38a60585b885,SUPPORTED,
SQX-XAUUSD-H4-38a9a6560f62,SUPPORTED,
SQX-XAUUSD-H4-38afcb1bbd78,SUPPORTED,
SQX-XAUUSD-H4-38b04aefce43,SUPPORTED,
SQX-XAUUSD-H4-38b5d223a7ef,SUPPORTED,
SQX-XAUUSD-H4-38bf398c5089,SUPPORTED,
SQX-XAUUSD-H4-38c03268f0d7,SUPPORTED,
SQX-USDJPY-H4-38c16979a43d,SUPPORTED,
SQX-XAUUSD-H1-38c323d180e5,SUPPORTED,
SQX-NZDUSD-H4-38c674cea0b5,SUPPORTED,
SQX-XAUUSD-H4-38c792ef7ed3,SUPPORTED,
SQX-XAUUSD-H1-38cac65c6371,SUPPORTED,
SQX-USDJPY-H4-38cc527b0fd6,SUPPORTED,
SQX-XAUUSD-H4-38d27a33522a,SUPPORTED,
SQX-USDCHF-H4-38d597e206fe,SUPPORTED,
SQX-EURUSD-H1-38da065771f4,SUPPORTED,
SQX-USDJPY-H1-38e44c8fad6f,SUPPORTED,
SQX-USDJPY-H4-38e45d475714,SUPPORTED,
SQX-XAUUSD-H4-38eed6a01624,SUPPORTED,
SQX-USDJPY-H4-38f0f097b201,SUPPORTED,
SQX-EURUSD-H4-38f40b2c188f,SUPPORTED,
SQX-XAUUSD-H4-38f4935bafbb,SUPPORTED,
SQX-XAUUSD-H4-38f64c7cfc03,SUPPORTED,
SQX-GBPUSD-H4-38f6b8b94de5,SUPPORTED,
SQX-EURUSD-H1-38f9c6b7eb7a,SUPPORTED,
SQX-XAUUSD-H4-390073ed77a4,SUPPORTED,
SQX-USDJPY-H4-39046153b230,SUPPORTED,
SQX-XAUUSD-H4-3909a5476ddb,SUPPORTED,
SQX-XAUUSD-H4-390c8b401207,SUPPORTED,
SQX-USDJPY-H1-3912bd7434a3,SUPPORTED,
SQX-USDCHF-H4-3931f058b2bd,SUPPORTED,
SQX-XAUUSD-H4-3933482ae0e4,SUPPORTED,
SQX-EURUSD-H1-39389d7c8ab2,SUPPORTED,
SQX-XAUUSD-H4-3939474119a2,SUPPORTED,
SQX-GBPUSD-H4-393bf3e6a0c7,SUPPORTED,
SQX-XAUUSD-H4-393ccf472fca,SUPPORTED,
SQX-XAUUSD-H4-3947dc05ba13,SUPPORTED,
SQX-XAUUSD-H1-394d29f59bc5,SUPPORTED,
SQX-XAUUSD-H4-395503683931,SUPPORTED,
SQX-EURUSD-M15-3967822b9780,SUPPORTED,
SQX-XAUUSD-H1-396d321a92e9,SUPPORTED,
SQX-USDJPY-H4-396dc7925281,SUPPORTED,
SQX-XAUUSD-H4-396e62392427,SUPPORTED,
SQX-XAUUSD-H4-3972461877c1,SUPPORTED,
SQX-XAUUSD-H4-3973a207d3f7,SUPPORTED,
SQX-USDJPY-H4-397c0f346060,SUPPORTED,
SQX-XAUUSD-H4-397c838055ce,SUPPORTED,
SQX-XAUUSD-H4-397dfba1f88e,SUPPORTED,
SQX-XAUUSD-H4-397e814b8265,SUPPORTED,
SQX-XAUUSD-H4-39811b4991e9,SUPPORTED,
SQX-XAUUSD-H4-39832dd5ab35,SUPPORTED,
SQX-XAUUSD-H4-398f669455aa,SUPPORTED,
SQX-USDJPY-H4-3990f1f03ece,SUPPORTED,
SQX-XAUUSD-H4-39949ad5bfa5,SUPPORTED,
SQX-XAUUSD-H4-39a30262252f,SUPPORTED,
SQX-USDJPY-H4-39b73bb7c705,SUPPORTED,
SQX-USDJPY-H4-39b76c2d41da,SUPPORTED,
SQX-XAUUSD-H4-39bbc8023874,SUPPORTED,
SQX-USDJPY-H4-39bd64a56ecd,SUPPORTED,
SQX-XAUUSD-H4-39c06e3d8ddd,SUPPORTED,
SQX-EURUSD-H1-39c4c5a96491,SUPPORTED,
SQX-USDJPY-H4-39d3de132aba,SUPPORTED,
SQX-GBPUSD-H4-39dad41dfeee,SUPPORTED,
SQX-XAUUSD-H4-39de0e9811ab,SUPPORTED,
SQX-XAUUSD-H4-39ecd76fd253,SUPPORTED,
SQX-XAUUSD-H4-39f7ee2d77c4,SUPPORTED,
SQX-XAUUSD-H4-39fd0fcc9e97,SUPPORTED,
SQX-XAUUSD-H4-3a0a20d1af4f,SUPPORTED,
SQX-EURUSD-H1-3a0cc89d6060,SUPPORTED,
SQX-XAUUSD-H1-3a166bb06b35,SUPPORTED,
SQX-GBPUSD-H1-3a1dd6a997c3,SUPPORTED,
SQX-USDJPY-H1-3a221c932124,SUPPORTED,
SQX-USDJPY-H4-3a2a9c5be4dc,SUPPORTED,
SQX-GBPUSD-H4-3a30cb2ce86c,SUPPORTED,
SQX-USDCHF-H4-3a3af77dbe1a,SUPPORTED,
SQX-XAUUSD-H4-3a3fc945edcd,SUPPORTED,
SQX-USDCHF-H4-3a4c40875242,SUPPORTED,
SQX-XAUUSD-H4-3a5073861d95,SUPPORTED,
SQX-XAUUSD-H4-3a575b5f8a5f,SUPPORTED,
SQX-USDJPY-H4-3a57722bfaab,SUPPORTED,
SQX-USDJPY-H1-3a5957afde24,SUPPORTED,
SQX-XAUUSD-H1-3a60728321ce,SUPPORTED,
SQX-NZDUSD-H4-3a62a8a86614,SUPPORTED,
SQX-XAUUSD-H4-3a6711624768,SUPPORTED,
SQX-XAUUSD-H4-3a6b8dae0b6c,SUPPORTED,
SQX-XAUUSD-H4-3a7465be077c,SUPPORTED,
SQX-GBPUSD-H4-3a772210d1e6,SUPPORTED,
SQX-EURUSD-H4-3a7f560250aa,SUPPORTED,
SQX-USDCAD-M15-3a87c92bcf49,SUPPORTED,
SQX-XAUUSD-H4-3a87de32524f,SUPPORTED,
SQX-GBPUSD-H4-3a9a21ead14e,SUPPORTED,
SQX-USDCHF-H4-3aa1e7bca25a,SUPPORTED,
SQX-USDJPY-H4-3aa31045cd33,SUPPORTED,
SQX-EURUSD-H4-3aa5d1b8362b,SUPPORTED,
SQX-USDCHF-H4-3aad77c3516d,SUPPORTED,
SQX-EURUSD-H1-3ab0fb6301bd,SUPPORTED,
SQX-EURUSD-H1-3ab486fa1a59,SUPPORTED,
SQX-XAUUSD-H4-3aba6e5734cb,SUPPORTED,
SQX-XAUUSD-H4-3abfa8d742d2,SUPPORTED,
SQX-XAUUSD-H1-3ac26f5ac465,SUPPORTED,
SQX-XAUUSD-H4-3ac52112a71d,SUPPORTED,
SQX-XAUUSD-H4-3ac572d104b5,SUPPORTED,
SQX-XAUUSD-H4-3ac59ca367a1,SUPPORTED,
SQX-EURUSD-H1-3ac5f1b46cb7,SUPPORTED,
SQX-XAUUSD-H4-3ac728140820,SUPPORTED,
SQX-USDJPY-H1-3accec6fdcb6,SUPPORTED,
SQX-XAUUSD-H1-3acf04e1d322,SUPPORTED,
SQX-USDJPY-H1-3ada2de77f7f,SUPPORTED,
SQX-USDCHF-H4-3add9fe0145b,SUPPORTED,
SQX-USDJPY-M15-3adf427300b0,SUPPORTED,
SQX-USDJPY-H4-3ae680122772,SUPPORTED,
SQX-XAUUSD-H4-3aeaef3fce62,SUPPORTED,
SQX-USDJPY-H4-3aed41fb5ec8,SUPPORTED,
SQX-USDJPY-H4-3aed439f07a2,SUPPORTED,
SQX-XAUUSD-H4-3aedac886ff1,SUPPORTED,
SQX-USDJPY-H1-3af094d73847,SUPPORTED,
SQX-XAUUSD-H4-3af73937a6e5,SUPPORTED,
SQX-USDCHF-H4-3af80778e31a,SUPPORTED,
SQX-XAUUSD-H1-3b0388f49a43,SUPPORTED,
SQX-XAUUSD-H4-3b0a99a96e16,SUPPORTED,
SQX-GBPUSD-H1-3b0aa999930a,SUPPORTED,
SQX-XAUUSD-H4-3b0e3f054953,SUPPORTED,
SQX-USDJPY-H4-3b1391784b52,SUPPORTED,
SQX-XAUUSD-H4-3b2081605d62,SUPPORTED,
SQX-XAUUSD-H4-3b2ff00604d1,SUPPORTED,
SQX-EURUSD-H1-3b3122e9b351,SUPPORTED,
SQX-USDCHF-H4-3b3173a69dad,SUPPORTED,
SQX-GBPUSD-H4-3b34f2899be5,SUPPORTED,
SQX-XAUUSD-H4-3b36299ea2bd,SUPPORTED,
SQX-XAUUSD-H4-3b427fc9c0d7,SUPPORTED,
SQX-EURUSD-H1-3b452e004d32,SUPPORTED,
SQX-XAUUSD-H4-3b489da5e688,SUPPORTED,
SQX-USDCHF-H4-3b4d9476c558,SUPPORTED,
SQX-XAUUSD-H4-3b56de021cbf,SUPPORTED,
SQX-USDJPY-H1-3b584edc3835,SUPPORTED,
SQX-EURUSD-H1-3b7905800864,SUPPORTED,
SQX-XAUUSD-H1-3b7b12459a2d,SUPPORTED,
SQX-XAUUSD-H4-3b7ba30b6d13,SUPPORTED,
SQX-USDJPY-H1-3b82f9543189,SUPPORTED,
SQX-XAUUSD-H4-3b8587bb1f30,SUPPORTED,
SQX-EURUSD-H1-3ba4daf2ae10,SUPPORTED,
SQX-USDJPY-H1-3ba73dd45ef1,SUPPORTED,
SQX-XAUUSD-H1-3bac92cf370e,SUPPORTED,
SQX-XAUUSD-H4-3bb720c9f190,SUPPORTED,
SQX-XAUUSD-H4-3bc157ede46f,SUPPORTED,
SQX-XAUUSD-H4-3bc38302e17a,SUPPORTED,
SQX-XAUUSD-H4-3bc4a0ae8a56,SUPPORTED,
SQX-USDJPY-H4-3bc5fa718c3c,SUPPORTED,
SQX-XAUUSD-H1-3bc924c68adf,SUPPORTED,
SQX-XAUUSD-H1-3bd39ef532bc,SUPPORTED,
SQX-XAUUSD-H1-3be26f21134d,SUPPORTED,
SQX-XAUUSD-H4-3be333573540,SUPPORTED,
SQX-USDJPY-H4-3bebc61b6b97,SUPPORTED,
SQX-USDJPY-H4-3bfd94e6aeb7,SUPPORTED,
SQX-XAUUSD-H4-3c0edb83d5dc,SUPPORTED,
SQX-XAUUSD-H4-3c1c6958a936,SUPPORTED,
SQX-XAUUSD-H1-3c22dc98753b,SUPPORTED,
SQX-XAUUSD-H4-3c26ae6bbe7f,SUPPORTED,
SQX-XAUUSD-H4-3c2930e78b62,SUPPORTED,
SQX-USDJPY-M15-3c2bb26fa45b,SUPPORTED,
SQX-XAUUSD-H4-3c2bb8756101,SUPPORTED,
SQX-EURUSD-H1-3c2d38e3d884,SUPPORTED,
SQX-XAUUSD-H4-3c2ed741482b,SUPPORTED,
SQX-GBPUSD-H1-3c491b3f9690,SUPPORTED,
SQX-XAUUSD-H4-3c4d96cdf0bb,SUPPORTED,
SQX-USDCHF-H1-3c4f0caacc63,SUPPORTED,
SQX-XAUUSD-H4-3c508aaa28d6,SUPPORTED,
SQX-EURUSD-H4-3c5f664f2f9d,SUPPORTED,
SQX-USDJPY-H1-3c6554b63340,SUPPORTED,
SQX-XAUUSD-H4-3c6b71dc2c9f,SUPPORTED,
SQX-USDJPY-H4-3c7de576979d,SUPPORTED,
SQX-USDJPY-M15-3c7fdff94cec,SUPPORTED,
SQX-XAUUSD-H4-3c832bffe076,SUPPORTED,
SQX-XAUUSD-H4-3c8930f0a794,SUPPORTED,
SQX-XAUUSD-H1-3c8eb128e775,SUPPORTED,
SQX-XAUUSD-H4-3c9135da3698,SUPPORTED,
SQX-XAUUSD-H4-3c9a89bf4916,SUPPORTED,
SQX-XAUUSD-H4-3ca12e301158,SUPPORTED,
SQX-EURUSD-H1-3ca23319843c,SUPPORTED,
SQX-USDJPY-H1-3ca619abdf3c,SUPPORTED,
SQX-NZDUSD-H4-3cb29451a1d4,SUPPORTED,
SQX-USDJPY-H1-3cb29a24b291,SUPPORTED,
SQX-XAUUSD-H4-3cb6482ac84d,SUPPORTED,
SQX-EURUSD-H4-3cbde5bfb22b,SUPPORTED,
SQX-XAUUSD-H4-3cc4cc8bdc12,SUPPORTED,
SQX-GBPUSD-H4-3ccc11e9bad0,SUPPORTED,
SQX-USDJPY-H4-3cce7dcf226e,SUPPORTED,
SQX-USDJPY-H1-3cd548a0c9dc,SUPPORTED,
SQX-XAUUSD-H1-3cdd90dd74da,SUPPORTED,
SQX-EURUSD-H4-3cdea982dcf6,SUPPORTED,
SQX-GBPUSD-H4-3cf05fd99039,SUPPORTED,
SQX-USDCAD-H1-3cf0c8822e6d,SUPPORTED,
SQX-GBPUSD-H4-3cf0dad5d069,SUPPORTED,
SQX-USDJPY-H1-3cfb42ab68d2,SUPPORTED,
SQX-XAUUSD-H1-3cfcfd0a02ce,SUPPORTED,
SQX-XAUUSD-H1-3d018c92bdba,SUPPORTED,
SQX-XAUUSD-H1-3d04861f3d48,SUPPORTED,
SQX-XAUUSD-H4-3d0582d94957,SUPPORTED,
SQX-XAUUSD-H4-3d095958225e,SUPPORTED,
SQX-XAUUSD-H4-3d19f95b5a39,SUPPORTED,
SQX-XAUUSD-H4-3d273ad7264f,SUPPORTED,
SQX-XAUUSD-H4-3d277273d0b4,SUPPORTED,
SQX-XAUUSD-H1-3d28226835a8,SUPPORTED,
SQX-USDJPY-H4-3d35daa616e9,SUPPORTED,
SQX-XAUUSD-H1-3d4517bc55e8,SUPPORTED,
SQX-XAUUSD-H4-3d4843f5cf88,SUPPORTED,
SQX-XAUUSD-H1-3d4c2fcaa2db,SUPPORTED,
SQX-XAUUSD-H1-3d566b54cce3,SUPPORTED,
SQX-GBPUSD-H4-3d604342f89a,SUPPORTED,
SQX-XAUUSD-H1-3d659be621b6,SUPPORTED,
SQX-USDJPY-H4-3d6a9a56037f,SUPPORTED,
SQX-XAUUSD-H4-3d70f5773d75,SUPPORTED,
SQX-USDJPY-H4-3d770cd563d8,SUPPORTED,
SQX-USDJPY-H1-3d8d07b60b2d,SUPPORTED,
SQX-XAUUSD-H4-3d8f9fd60ce8,SUPPORTED,
SQX-USDCAD-H4-3d980f3e84c8,SUPPORTED,
SQX-XAUUSD-H4-3da7e300b738,SUPPORTED,
SQX-XAUUSD-H4-3dabba9e4877,SUPPORTED,
SQX-USDJPY-H4-3db40384be2d,SUPPORTED,
SQX-XAUUSD-H4-3db45b9843cf,SUPPORTED,
SQX-EURUSD-H1-3db6147fa5bd,SUPPORTED,
SQX-GBPUSD-M15-3dc329f967f1,SUPPORTED,
SQX-XAUUSD-H4-3dcb3c7bdaa9,SUPPORTED,
SQX-USDJPY-H1-3dcd06b9b0b7,SUPPORTED,
SQX-USDJPY-H4-3dead9bc8a8d,SUPPORTED,
SQX-USDJPY-H1-3df22a53e0bd,SUPPORTED,
SQX-GBPUSD-H1-3df3032ee661,SUPPORTED,
SQX-XAUUSD-H4-3df31b924b26,SUPPORTED,
SQX-XAUUSD-H4-3df70e5b6502,SUPPORTED,
SQX-GBPUSD-H4-3df9b7d8a210,SUPPORTED,
SQX-XAUUSD-H4-3dfd675e4e6d,SUPPORTED,
SQX-GBPUSD-H1-3e00e227ad66,SUPPORTED,
SQX-USDJPY-H4-3e13ba91e962,SUPPORTED,
SQX-USDCAD-H4-3e17a05193d6,SUPPORTED,
SQX-USDCAD-H4-3e24fc14c725,SUPPORTED,
SQX-USDJPY-H1-3e263c30c8cc,SUPPORTED,
SQX-GBPUSD-H4-3e2a438c741a,SUPPORTED,
SQX-XAUUSD-H4-3e2e2a183075,SUPPORTED,
SQX-EURUSD-H1-3e30ffd5de26,SUPPORTED,
SQX-USDJPY-H4-3e32053ec208,SUPPORTED,
SQX-EURUSD-H1-3e37eb82cae7,SUPPORTED,
SQX-XAUUSD-H1-3e3b779c727a,SUPPORTED,
SQX-XAUUSD-H4-3e3e81b8dc50,SUPPORTED,
SQX-EURUSD-H4-3e403204ee6a,SUPPORTED,
SQX-XAUUSD-H1-3e411c84ff73,SUPPORTED,
SQX-XAUUSD-H4-3e41cc408395,SUPPORTED,
SQX-XAUUSD-H4-3e4642bbd0ee,SUPPORTED,
SQX-XAUUSD-H4-3e46ec38ae82,SUPPORTED,
SQX-XAUUSD-H4-3e4c5e1b75b3,SUPPORTED,
SQX-EURUSD-H1-3e4ebd4208e9,SUPPORTED,
SQX-XAUUSD-H4-3e67a6d80f21,SUPPORTED,
SQX-USDJPY-H1-3e738afecf4c,SUPPORTED,
SQX-GBPUSD-H1-3e778eafae25,SUPPORTED,
SQX-EURUSD-H1-3e7c5f3e5eb4,SUPPORTED,
SQX-XAUUSD-H4-3e8111dc7e88,SUPPORTED,
SQX-XAUUSD-H1-3e8339c3f320,SUPPORTED,
SQX-USDCAD-H4-3e85a59d8c1a,SUPPORTED,
SQX-XAUUSD-H4-3e8db898a748,SUPPORTED,
SQX-GBPUSD-H4-3e92bc5a5ea7,SUPPORTED,
SQX-XAUUSD-H4-3e9451683649,SUPPORTED,
SQX-USDJPY-H1-3e987ff3af06,SUPPORTED,
SQX-XAUUSD-H4-3ea0bcec31e9,SUPPORTED,
SQX-NZDUSD-H4-3ea5b0a42edb,SUPPORTED,
SQX-XAUUSD-H4-3ea6c1977286,SUPPORTED,
SQX-USDJPY-H1-3ea93588e26b,SUPPORTED,
SQX-XAUUSD-H4-3eab417e7171,SUPPORTED,
SQX-EURUSD-H1-3eb205f70ccd,SUPPORTED,
SQX-EURUSD-H4-3eb3a9b34fca,SUPPORTED,
SQX-XAUUSD-H4-3eb5f663f73a,SUPPORTED,
SQX-XAUUSD-H4-3ec133d63f75,SUPPORTED,
SQX-XAUUSD-H1-3ec4a54e6068,SUPPORTED,
SQX-XAUUSD-H4-3ecadea82631,SUPPORTED,
SQX-XAUUSD-H4-3ecbc889e8f6,SUPPORTED,
SQX-XAUUSD-H4-3ee44b6a2e5c,SUPPORTED,
SQX-XAUUSD-H4-3ee6544a3f26,SUPPORTED,
SQX-XAUUSD-H4-3ef4fae0acff,SUPPORTED,
SQX-USDJPY-H4-3f0b5e1ce400,SUPPORTED,
SQX-USDCAD-H4-3f0b72c2045d,SUPPORTED,
SQX-EURUSD-H1-3f246d024a6d,SUPPORTED,
SQX-USDJPY-H4-3f28a43be4b4,SUPPORTED,
SQX-XAUUSD-H4-3f29c2eab08c,SUPPORTED,
SQX-XAUUSD-H4-3f3228ffb318,SUPPORTED,
SQX-EURUSD-H1-3f580203806e,SUPPORTED,
SQX-USDJPY-H4-3f5bcc2ab7ef,SUPPORTED,
SQX-XAUUSD-H1-3f60d9ebbbed,SUPPORTED,
SQX-XAUUSD-H4-3f623e6bd452,SUPPORTED,
SQX-USDJPY-H1-3f625edc70ae,SUPPORTED,
SQX-USDCHF-H4-3f72054488e1,SUPPORTED,
SQX-USDJPY-H4-3f725bc7fc22,SUPPORTED,
SQX-USDJPY-H4-3f778195a4de,SUPPORTED,
SQX-EURUSD-H1-3f79e0d18ae5,SUPPORTED,
SQX-USDJPY-H4-3f7a0dcb9289,SUPPORTED,
SQX-XAUUSD-H4-3f7f8805fe83,SUPPORTED,
SQX-USDJPY-H4-3f8ff223925f,SUPPORTED,
SQX-EURUSD-H4-3f952aabd1a0,SUPPORTED,
SQX-USDJPY-H1-3f96ed46d4a1,SUPPORTED,
SQX-XAUUSD-H4-3f976a2d0591,SUPPORTED,
SQX-XAUUSD-H4-3f9b99c4be1d,SUPPORTED,
SQX-XAUUSD-H4-3fa555dfbd15,SUPPORTED,
SQX-USDJPY-H4-3fa5c88aa611,SUPPORTED,
SQX-EURUSD-H4-3fae429ed4e7,SUPPORTED,
SQX-XAUUSD-H4-3fb1c3e94ebe,SUPPORTED,
SQX-USDJPY-H1-3fb402e65c58,SUPPORTED,
SQX-XAUUSD-H4-3fc5330eb481,SUPPORTED,
SQX-USDJPY-H4-3fd46a8368b9,SUPPORTED,
SQX-EURUSD-H1-3fd54ffb1ef7,SUPPORTED,
SQX-XAUUSD-H4-3fd70d8a4235,SUPPORTED,
SQX-EURUSD-H1-3fd7cd6dc1e6,SUPPORTED,
SQX-XAUUSD-H4-3fd9dedee197,SUPPORTED,
SQX-XAUUSD-H1-3fdd9aadcb8f,SUPPORTED,
SQX-XAUUSD-H4-3ff147892a4b,SUPPORTED,
SQX-XAUUSD-H1-3ff3208f2bcd,SUPPORTED,
SQX-XAUUSD-H4-3ff477fe1f58,SUPPORTED,
SQX-XAUUSD-H4-3ff55d34bf9f,SUPPORTED,
SQX-XAUUSD-H4-3ffbc928bb1b,SUPPORTED,
SQX-USDCAD-H4-3ffc8b06dafa,SUPPORTED,
SQX-USDJPY-H1-40204346f475,SUPPORTED,
SQX-USDJPY-H4-402ecc7e05f2,SUPPORTED,
SQX-USDJPY-H1-40358e1360e0,SUPPORTED,
SQX-XAUUSD-H4-40485cef3362,SUPPORTED,
SQX-USDJPY-H4-404f63bd8198,SUPPORTED,
SQX-USDJPY-H4-405852515a34,SUPPORTED,
SQX-USDJPY-H4-40593ce26df0,SUPPORTED,
SQX-USDCHF-H4-4062ee7547dc,SUPPORTED,
SQX-XAUUSD-H1-406aa4c9f86e,SUPPORTED,
SQX-XAUUSD-H4-406ccc886344,SUPPORTED,
SQX-EURUSD-H1-4074c4ecb40e,SUPPORTED,
SQX-XAUUSD-H1-407a96d4fa4d,SUPPORTED,
SQX-USDJPY-H1-407bf699f4e6,SUPPORTED,
SQX-EURUSD-H4-407f6edc603d,SUPPORTED,
SQX-XAUUSD-H1-4081ce88d340,SUPPORTED,
SQX-EURUSD-H4-40885cf6fa13,SUPPORTED,
SQX-USDJPY-H1-4096c5d5a6cb,SUPPORTED,
SQX-EURUSD-H4-409d6751e7a1,SUPPORTED,
SQX-USDJPY-H4-409df259242d,SUPPORTED,
SQX-EURUSD-H4-409ecf310ce0,SUPPORTED,
SQX-USDJPY-H4-409f2daf5eaf,SUPPORTED,
SQX-XAUUSD-H1-40a560a04765,SUPPORTED,
SQX-XAUUSD-H4-40a60b5de9ae,SUPPORTED,
SQX-EURUSD-H4-40a6b83251b8,SUPPORTED,
SQX-EURUSD-H4-40b55ebdddbc,SUPPORTED,
SQX-XAUUSD-H1-40bb6759e3e8,SUPPORTED,
SQX-USDJPY-H1-40bde6b4dfd2,SUPPORTED,
SQX-GBPUSD-H1-40be17b77c35,SUPPORTED,
SQX-XAUUSD-H4-40c55dbbaeac,SUPPORTED,
SQX-XAUUSD-H4-40c591ca5831,SUPPORTED,
SQX-USDJPY-M15-40cfa52aa310,SUPPORTED,
SQX-EURUSD-H1-40d6d40cbcec,SUPPORTED,
SQX-XAUUSD-H4-40daa2f7b177,SUPPORTED,
SQX-EURUSD-H1-40e170a6283e,SUPPORTED,
SQX-XAUUSD-H4-40e4a0d3de64,SUPPORTED,
SQX-XAUUSD-H4-40f07e367980,SUPPORTED,
SQX-USDJPY-H1-40fe993bb4b2,SUPPORTED,
SQX-XAUUSD-H4-40fee7e7ea55,SUPPORTED,
SQX-EURUSD-H4-4104cef25d4f,SUPPORTED,
SQX-XAUUSD-H4-410ee754e0d2,SUPPORTED,
SQX-EURUSD-H4-411266098c36,SUPPORTED,
SQX-XAUUSD-H4-41143934ab11,SUPPORTED,
SQX-XAUUSD-H4-4120b680a26e,SUPPORTED,
SQX-XAUUSD-H4-41232803ba79,SUPPORTED,
SQX-USDJPY-H4-412729760b91,SUPPORTED,
SQX-USDJPY-H4-412dc21a65e9,SUPPORTED,
SQX-USDJPY-H4-412e21ff2003,SUPPORTED,
SQX-USDJPY-H1-412e4c3f75ee,SUPPORTED,
SQX-USDJPY-H1-413408436e11,SUPPORTED,
SQX-XAUUSD-H1-413e83a2ba81,SUPPORTED,
SQX-XAUUSD-H4-41484ed287e5,SUPPORTED,
SQX-XAUUSD-H4-414b5f974ff1,SUPPORTED,
SQX-USDJPY-H4-415a8cc6e94e,SUPPORTED,
SQX-EURUSD-H4-41670b5a87af,SUPPORTED,
SQX-XAUUSD-H4-4169e7063603,SUPPORTED,
SQX-EURUSD-H4-416c755aa132,SUPPORTED,
SQX-XAUUSD-H4-4171e90fbb2c,SUPPORTED,
SQX-USDJPY-H1-4173594411e4,SUPPORTED,
SQX-EURUSD-H1-417fe2e34c63,SUPPORTED,
SQX-USDJPY-H1-4180417dc62c,SUPPORTED,
SQX-EURUSD-H4-41842433051a,SUPPORTED,
SQX-USDJPY-H1-41876aca80c2,SUPPORTED,
SQX-EURUSD-H1-418b43d7f0e2,SUPPORTED,
SQX-USDJPY-H1-418ccea621ee,SUPPORTED,
SQX-USDJPY-H1-41a0705e893f,SUPPORTED,
SQX-USDCAD-H4-41a360c38d2a,SUPPORTED,
SQX-XAUUSD-H4-41a451f99643,SUPPORTED,
SQX-EURUSD-H4-41a4833e2ba0,SUPPORTED,
SQX-XAUUSD-H4-41b2e9fbd7b6,SUPPORTED,
SQX-USDJPY-H1-41b9bdbc89a6,SUPPORTED,
SQX-XAUUSD-H4-41ba3979d06d,SUPPORTED,
SQX-EURUSD-H1-41bdebc42b1a,SUPPORTED,
SQX-USDJPY-M15-41c0e12ce3d6,SUPPORTED,
SQX-USDJPY-H4-41c70bc9e2ae,SUPPORTED,
SQX-USDJPY-H1-41c8fed318f6,SUPPORTED,
SQX-USDJPY-M15-41ca939d8d93,SUPPORTED,
SQX-XAUUSD-H4-41cebedbbe28,SUPPORTED,
SQX-XAUUSD-H4-41d409bbcf04,SUPPORTED,
SQX-XAUUSD-H4-41de6c612981,SUPPORTED,
SQX-XAUUSD-H4-41e08d91b671,SUPPORTED,
SQX-XAUUSD-H4-41e5f92f7ee7,SUPPORTED,
SQX-USDJPY-H1-41e796f30ae3,SUPPORTED,
SQX-XAUUSD-H4-41f75d9b02b3,SUPPORTED,
SQX-XAUUSD-H4-41fdf6c565b5,SUPPORTED,
SQX-USDCHF-H4-42012ae9b7b4,SUPPORTED,
SQX-XAUUSD-H4-42079a3ae2b4,SUPPORTED,
SQX-EURUSD-M15-421834ff3df8,SUPPORTED,
SQX-XAUUSD-H4-42186822fe63,SUPPORTED,
SQX-USDJPY-H4-4218be10cafc,SUPPORTED,
SQX-USDJPY-H4-421c401b710f,SUPPORTED,
SQX-XAUUSD-H4-421dcc570c9b,SUPPORTED,
SQX-USDJPY-H1-421fe3fbce8e,SUPPORTED,
SQX-XAUUSD-H1-4222c8ee7b19,SUPPORTED,
SQX-XAUUSD-H4-423777decd43,SUPPORTED,
SQX-USDJPY-H4-423c7427e46c,SUPPORTED,
SQX-XAUUSD-H4-423fd3448712,SUPPORTED,
SQX-USDJPY-H4-42424fb3c8af,SUPPORTED,
SQX-USDJPY-H1-42436ff66700,SUPPORTED,
SQX-EURUSD-H1-4244ab862b14,SUPPORTED,
SQX-USDJPY-H1-4248b5b83d22,SUPPORTED,
SQX-EURUSD-H4-4258fd57443f,SUPPORTED,
SQX-XAUUSD-H4-4259ccc4e65a,SUPPORTED,
SQX-USDJPY-H1-425ac4baf5cf,SUPPORTED,
SQX-XAUUSD-H1-425f4955f97f,SUPPORTED,
SQX-USDJPY-H4-426b48162e90,SUPPORTED,
SQX-XAUUSD-H4-4274bd10df60,SUPPORTED,
SQX-USDJPY-H4-4276f3419b41,SUPPORTED,
SQX-XAUUSD-H4-4277f59e9ba9,SUPPORTED,
SQX-XAUUSD-H4-42843168dd01,SUPPORTED,
SQX-USDJPY-H4-42857391b209,SUPPORTED,
SQX-XAUUSD-H1-428797a88d0e,SUPPORTED,
SQX-GBPUSD-H1-4290feae0d8c,SUPPORTED,
SQX-USDJPY-H1-429674385d27,SUPPORTED,
SQX-GBPUSD-M15-429a88e0f440,SUPPORTED,
SQX-XAUUSD-H4-429cc73a6d7c,SUPPORTED,
SQX-EURUSD-H1-429fdb59f8c0,SUPPORTED,
SQX-EURUSD-H1-42a07eb18e25,SUPPORTED,
SQX-USDJPY-H1-42a612c94a3f,SUPPORTED,
SQX-USDCHF-H4-42ad17f9fa1b,SUPPORTED,
SQX-EURUSD-H1-42b4737c1d2b,SUPPORTED,
SQX-XAUUSD-H4-42b5473dc9d8,SUPPORTED,
SQX-USDJPY-H4-42bd273c5c77,SUPPORTED,
SQX-XAUUSD-H4-42bdff073b85,SUPPORTED,
SQX-USDCAD-H4-42cdf7d9a738,SUPPORTED,
SQX-USDJPY-H4-42d4e0162131,SUPPORTED,
SQX-USDJPY-H4-42d608b8c6fb,SUPPORTED,
SQX-USDJPY-H4-42d74340a76d,SUPPORTED,
SQX-EURUSD-H1-42ddacef3596,SUPPORTED,
SQX-EURUSD-H4-42e01e39e7ce,SUPPORTED,
SQX-XAUUSD-H1-42e722709798,SUPPORTED,
SQX-USDJPY-H1-42ec3c610053,SUPPORTED,
SQX-XAUUSD-H1-42f1d2de182d,SUPPORTED,
SQX-USDJPY-H1-42f6ffa30456,SUPPORTED,
SQX-USDJPY-H4-42fc13f0f612,SUPPORTED,
SQX-EURUSD-H1-42fd19b285f5,SUPPORTED,
SQX-EURUSD-H1-42fdc065103b,SUPPORTED,
SQX-USDJPY-H1-42ffaf7697fa,SUPPORTED,
SQX-EURUSD-H1-4304077af3dd,SUPPORTED,
SQX-XAUUSD-H4-43057119fb6b,SUPPORTED,
SQX-XAUUSD-H4-4309c25b3181,SUPPORTED,
SQX-USDJPY-H1-43101b1a2026,SUPPORTED,
SQX-EURUSD-M15-43103c4c5a5c,SUPPORTED,
SQX-EURUSD-H1-4314d5992ce8,SUPPORTED,
SQX-XAUUSD-H4-431694ddd596,SUPPORTED,
SQX-USDJPY-H4-43171486c5b6,SUPPORTED,
SQX-EURUSD-H4-431f626dcb5c,SUPPORTED,
SQX-EURUSD-M15-43230d2bd3b3,SUPPORTED,
SQX-XAUUSD-H1-4326b608b570,SUPPORTED,
SQX-XAUUSD-H4-4328e872e0d6,SUPPORTED,
SQX-USDJPY-H1-432ca0ea6ef4,SUPPORTED,
SQX-XAUUSD-H4-432fdc415de8,SUPPORTED,
SQX-USDCAD-H4-432fe0f96aad,SUPPORTED,
SQX-XAUUSD-H4-433233b0df60,SUPPORTED,
SQX-EURUSD-H1-4332ed3ac0ba,SUPPORTED,
SQX-USDJPY-H4-433ac01742b2,SUPPORTED,
SQX-XAUUSD-H4-433b78002714,SUPPORTED,
SQX-XAUUSD-H4-433e1607820f,SUPPORTED,
SQX-XAUUSD-H4-4346e534eaea,SUPPORTED,
SQX-XAUUSD-H4-43552a3246b2,SUPPORTED,
SQX-USDJPY-H4-4358a546ea5d,SUPPORTED,
SQX-XAUUSD-H4-4359ffaf1e93,SUPPORTED,
SQX-USDCHF-H4-435fe2fb6e32,SUPPORTED,
SQX-USDJPY-H4-4362d6f1a8ab,SUPPORTED,
SQX-XAUUSD-H4-4368178d7468,SUPPORTED,
SQX-EURUSD-H4-437f7673bc1d,SUPPORTED,
SQX-EURUSD-H4-438a4ba76231,SUPPORTED,
SQX-XAUUSD-H1-438e1bf4c56a,SUPPORTED,
SQX-EURUSD-H1-439080f15f63,SUPPORTED,
SQX-EURUSD-H4-43926d8e9b3b,SUPPORTED,
SQX-EURUSD-H4-439930cebeeb,SUPPORTED,
SQX-XAUUSD-H1-439a122cb4ce,SUPPORTED,
SQX-XAUUSD-H4-43a1057baff6,SUPPORTED,
SQX-XAUUSD-H4-43b534a1d8d7,SUPPORTED,
SQX-GBPUSD-H4-43bb25e5129c,SUPPORTED,
SQX-XAUUSD-H4-43c679674e07,SUPPORTED,
SQX-USDCHF-H4-43c952f15712,SUPPORTED,
SQX-GBPUSD-H4-43cc354006f4,SUPPORTED,
SQX-XAUUSD-H4-43cc5d79b5db,SUPPORTED,
SQX-USDJPY-H4-43cda5b2edb1,SUPPORTED,
SQX-XAUUSD-H1-43d24bc1c103,SUPPORTED,
SQX-USDJPY-H1-43d614af5bd2,SUPPORTED,
SQX-XAUUSD-H1-43d851d45fc2,SUPPORTED,
SQX-XAUUSD-H4-43ea4c983e3c,SUPPORTED,
SQX-XAUUSD-H4-43f419e5c27f,SUPPORTED,
SQX-EURUSD-H1-43fcc0f83aa8,SUPPORTED,
SQX-EURUSD-H1-44074ee58871,SUPPORTED,
SQX-XAUUSD-H4-440d2040bdfe,SUPPORTED,
SQX-XAUUSD-H4-441328c613dd,SUPPORTED,
SQX-USDJPY-H1-441a36ec2edf,SUPPORTED,
SQX-EURUSD-H1-442f48cea597,SUPPORTED,
SQX-XAUUSD-H4-442f87464aab,SUPPORTED,
SQX-EURUSD-H1-444fc019ac42,SUPPORTED,
SQX-GBPUSD-H4-44506c7dc897,SUPPORTED,
SQX-XAUUSD-H4-4458b1d526bd,SUPPORTED,
SQX-XAUUSD-H1-4460cd1e16d6,SUPPORTED,
SQX-GBPUSD-H4-4462bfc32f9e,SUPPORTED,
SQX-USDJPY-H1-4465d2cc7949,SUPPORTED,
SQX-XAUUSD-H4-4469ba7c379e,SUPPORTED,
SQX-EURUSD-H1-446a3f68d902,SUPPORTED,
SQX-XAUUSD-H1-446b6e4ae706,SUPPORTED,
SQX-EURUSD-H1-4475d6ceab97,SUPPORTED,
SQX-XAUUSD-H4-447b53610f48,SUPPORTED,
SQX-XAUUSD-H4-447d64c8e757,SUPPORTED,
SQX-GBPUSD-H1-447ef8cc8e23,SUPPORTED,
SQX-XAUUSD-H4-4481cb23980f,SUPPORTED,
SQX-USDJPY-H1-44830588d7c3,SUPPORTED,
SQX-XAUUSD-H4-448ae423b479,SUPPORTED,
SQX-XAUUSD-H4-448c1ecf5749,SUPPORTED,
SQX-EURUSD-H4-448eedf8852d,SUPPORTED,
SQX-USDJPY-H4-4490f5fc325f,SUPPORTED,
SQX-USDJPY-H4-4492ecc1963b,SUPPORTED,
SQX-USDCHF-H4-4495bb20023c,SUPPORTED,
SQX-EURUSD-H4-4499c1144fc0,SUPPORTED,
SQX-USDCHF-H4-44a14d8f5f66,SUPPORTED,
SQX-USDJPY-H4-44a21099995c,SUPPORTED,
SQX-EURUSD-H1-44a869d860cc,SUPPORTED,
SQX-XAUUSD-H1-44b1a84c92a8,SUPPORTED,
SQX-USDJPY-H4-44b1f5ce01da,SUPPORTED,
SQX-USDJPY-H1-44b2b32e2711,SUPPORTED,
SQX-USDJPY-H1-44b5f3416838,SUPPORTED,
SQX-XAUUSD-H4-44c504a4e2a1,SUPPORTED,
SQX-USDCHF-H4-44c9b9c73a60,SUPPORTED,
SQX-USDJPY-H4-44ce3a79c22f,SUPPORTED,
SQX-USDJPY-H1-44e025a5e428,SUPPORTED,
SQX-XAUUSD-H4-44e240d3e88f,SUPPORTED,
SQX-GBPUSD-H1-44e75e298706,SUPPORTED,
SQX-XAUUSD-H4-44f686e5da87,SUPPORTED,
SQX-USDJPY-H1-44f990ea3f6e,SUPPORTED,
SQX-GBPUSD-H1-44fdfc22ef5c,SUPPORTED,
SQX-EURUSD-H4-4500f4c7ae4d,SUPPORTED,
SQX-GBPUSD-M15-4502e4cbbd66,SUPPORTED,
SQX-USDCAD-H4-45065183015f,SUPPORTED,
SQX-EURUSD-H1-450d8961bc5b,SUPPORTED,
SQX-USDJPY-M15-450e9913d204,SUPPORTED,
SQX-XAUUSD-H4-450f6ad9e4ae,SUPPORTED,
SQX-XAUUSD-H4-45103a2fe884,SUPPORTED,
SQX-XAUUSD-H4-4514fa08d9f0,SUPPORTED,
SQX-USDJPY-H1-4516348855d1,SUPPORTED,
SQX-USDJPY-H4-4517cb2afd20,SUPPORTED,
SQX-XAUUSD-H1-451a3bb909ac,SUPPORTED,
SQX-XAUUSD-H1-451bdd85e027,SUPPORTED,
SQX-XAUUSD-H4-451c8d235540,SUPPORTED,
SQX-XAUUSD-H4-4522731028b9,SUPPORTED,
SQX-USDJPY-H4-452af00dcbfa,SUPPORTED,
SQX-XAUUSD-H1-4531e5c4fc05,SUPPORTED,
SQX-XAUUSD-H4-4534bedcd286,SUPPORTED,
SQX-XAUUSD-H4-4534c8f2e809,SUPPORTED,
SQX-EURUSD-H4-453798d8b950,SUPPORTED,
SQX-USDJPY-M15-453a11fa9046,SUPPORTED,
SQX-XAUUSD-H4-4549ed7ed5dd,SUPPORTED,
SQX-XAUUSD-H1-455d07af4db9,SUPPORTED,
SQX-USDCHF-H4-456cc13ddd97,SUPPORTED,
SQX-XAUUSD-H4-457790f9e6da,SUPPORTED,
SQX-USDJPY-H4-457b48400159,SUPPORTED,
SQX-GBPUSD-H1-45901501a621,SUPPORTED,
SQX-EURUSD-M15-4591e1422274,SUPPORTED,
SQX-EURUSD-H1-4595a18707d1,SUPPORTED,
SQX-XAUUSD-H4-45aa340596ea,SUPPORTED,
SQX-USDJPY-H1-45ab517bf236,SUPPORTED,
SQX-EURUSD-H4-45b3348f3609,SUPPORTED,
SQX-XAUUSD-H1-45b5bc028878,SUPPORTED,
SQX-XAUUSD-H4-45b81f68864c,SUPPORTED,
SQX-EURUSD-H4-45ba8372de22,SUPPORTED,
SQX-XAUUSD-H4-45c244fa15c4,SUPPORTED,
SQX-XAUUSD-H4-45d4134a940e,SUPPORTED,
SQX-XAUUSD-H1-45d733f7eaf4,SUPPORTED,
SQX-XAUUSD-H4-45d77b263e92,SUPPORTED,
SQX-USDCAD-H4-45e282e77d58,SUPPORTED,
SQX-XAUUSD-H4-45e65ed67654,SUPPORTED,
SQX-XAUUSD-H4-45ff7c0aba2f,SUPPORTED,
SQX-XAUUSD-H4-460017e9fe98,SUPPORTED,
SQX-XAUUSD-H4-4603a2e42968,SUPPORTED,
SQX-XAUUSD-H4-46057be6429c,SUPPORTED,
SQX-XAUUSD-H4-460a1706eff8,SUPPORTED,
SQX-GBPUSD-H4-460e1a9b1ec0,SUPPORTED,
SQX-USDJPY-H4-46166f5987f6,SUPPORTED,
SQX-EURUSD-H4-461de91250bc,SUPPORTED,
SQX-XAUUSD-H1-461e22c2671f,SUPPORTED,
SQX-USDCAD-H1-4624e12febcd,SUPPORTED,
SQX-XAUUSD-H4-462b09077e55,SUPPORTED,
SQX-USDJPY-H4-462e061be21a,SUPPORTED,
SQX-EURUSD-H1-46300579bf05,SUPPORTED,
SQX-USDCHF-H4-463c41e47161,SUPPORTED,
SQX-USDCAD-H1-463ca719454c,SUPPORTED,
SQX-XAUUSD-H4-463f136445d2,SUPPORTED,
SQX-EURUSD-H4-46423704a295,SUPPORTED,
SQX-XAUUSD-M15-4645c0b6b064,SUPPORTED,
SQX-XAUUSD-H4-464d73ecc8d8,SUPPORTED,
SQX-USDJPY-H4-4655cba56fa8,SUPPORTED,
SQX-USDJPY-M15-466c78f9e519,SUPPORTED,
SQX-XAUUSD-H4-4672ece478a3,SUPPORTED,
SQX-USDJPY-H1-467345e0ffef,SUPPORTED,
SQX-XAUUSD-H4-46772043e0d3,SUPPORTED,
SQX-USDJPY-H4-4677a2f9ad58,SUPPORTED,
SQX-USDJPY-H4-4679b8ae2c0e,SUPPORTED,
SQX-USDJPY-H4-4681d74d4587,SUPPORTED,
SQX-USDJPY-H4-4683882b6f92,SUPPORTED,
SQX-USDJPY-H4-468a73f250e0,SUPPORTED,
SQX-USDCHF-H4-468df3d8aa0c,SUPPORTED,
SQX-USDJPY-H1-469746ab6b71,SUPPORTED,
SQX-XAUUSD-H4-4698201fd2f7,SUPPORTED,
SQX-XAUUSD-H4-4699c550f986,SUPPORTED,
SQX-USDJPY-M15-469a7dd6d882,SUPPORTED,
SQX-XAUUSD-H4-469c2e8d0dd0,SUPPORTED,
SQX-EURUSD-H1-46a99d84d438,SUPPORTED,
SQX-USDJPY-H1-46b049f5131e,SUPPORTED,
SQX-XAUUSD-H4-46b939781c7c,SUPPORTED,
SQX-EURUSD-H1-46c37a43827e,SUPPORTED,
SQX-XAUUSD-H4-46d2e3cc82ae,SUPPORTED,
SQX-XAUUSD-H1-46d37806e4a4,SUPPORTED,
SQX-EURUSD-M15-46d4d41b78bb,SUPPORTED,
SQX-NZDUSD-H4-46da417e0573,SUPPORTED,
SQX-EURUSD-H1-46dfebca8875,SUPPORTED,
SQX-XAUUSD-H4-46e0aae3ee9e,SUPPORTED,
SQX-GBPUSD-H4-46ec9f613da0,SUPPORTED,
SQX-USDJPY-H1-46ef215651ab,SUPPORTED,
SQX-USDJPY-H4-46f123a30141,SUPPORTED,
SQX-XAUUSD-H4-46f8ae6ce9dd,SUPPORTED,
SQX-XAUUSD-H1-46faedb17660,SUPPORTED,
SQX-XAUUSD-H4-46fc1995c2a2,SUPPORTED,
SQX-XAUUSD-H4-47007deaabbf,SUPPORTED,
SQX-EURUSD-H4-471ddeeca3cd,SUPPORTED,
SQX-XAUUSD-H4-471f44238cd8,SUPPORTED,
SQX-USDJPY-H4-472e486fe48b,SUPPORTED,
SQX-GBPUSD-H4-47336111d6d0,SUPPORTED,
SQX-USDCHF-H4-4733fdfb6b35,SUPPORTED,
SQX-USDJPY-H4-473413abeda8,SUPPORTED,
SQX-USDJPY-H4-473b2f72c499,SUPPORTED,
SQX-EURUSD-H1-473b5ddd5c2c,SUPPORTED,
SQX-USDCHF-H4-473e24f83914,SUPPORTED,
SQX-XAUUSD-H1-47444ae9a1eb,SUPPORTED,
SQX-USDJPY-H4-4749a5f69889,SUPPORTED,
SQX-EURUSD-H1-475183288bee,SUPPORTED,
SQX-XAUUSD-H4-47519f953759,SUPPORTED,
SQX-EURUSD-H1-475310712cbd,SUPPORTED,
SQX-XAUUSD-H4-475d1a7adc5b,SUPPORTED,
SQX-XAUUSD-H4-4770cfb19d8e,SUPPORTED,
SQX-XAUUSD-H4-4790d9d70580,SUPPORTED,
SQX-GBPUSD-H4-4798502986a5,SUPPORTED,
SQX-XAUUSD-H1-479bbdc14e21,SUPPORTED,
SQX-GBPUSD-H4-47b12b81d78b,SUPPORTED,
SQX-USDJPY-H4-47b37f730163,SUPPORTED,
SQX-USDCHF-H4-47b87cbb537a,SUPPORTED,
SQX-GBPUSD-H4-47c52a78c0c3,SUPPORTED,
SQX-GBPUSD-H1-47c5c1f4687b,SUPPORTED,
SQX-XAUUSD-H4-47d55d2a408b,SUPPORTED,
SQX-XAUUSD-H4-47d8ac1d0e4b,SUPPORTED,
SQX-XAUUSD-H4-47e1a160a844,SUPPORTED,
SQX-EURUSD-H1-47ee34e3b220,SUPPORTED,
SQX-EURUSD-H1-47f26362353f,SUPPORTED,
SQX-XAUUSD-H4-47f79f687b03,SUPPORTED,
SQX-XAUUSD-H4-47f83e185585,SUPPORTED,
SQX-USDCHF-H4-47f8779a96fd,SUPPORTED,
SQX-XAUUSD-H4-47fc40df81b8,SUPPORTED,
SQX-USDJPY-H1-47fcdca545f0,SUPPORTED,
SQX-XAUUSD-H4-47fe7e799107,SUPPORTED,
SQX-XAUUSD-H1-4800fcd25f33,SUPPORTED,
SQX-USDJPY-H1-480173f65235,SUPPORTED,
SQX-USDJPY-H1-4801b377dec2,SUPPORTED,
SQX-XAUUSD-H4-48021c307d36,SUPPORTED,
SQX-XAUUSD-H1-480589eb25ec,SUPPORTED,
SQX-EURUSD-H4-4805f8522709,SUPPORTED,
SQX-USDJPY-H1-480be1a2b5d3,SUPPORTED,
SQX-XAUUSD-H1-481b7e4632a6,SUPPORTED,
SQX-GBPUSD-H4-48228388b702,SUPPORTED,
SQX-EURUSD-H4-48228a1c33dc,SUPPORTED,
SQX-XAUUSD-H4-4823abd859b6,SUPPORTED,
SQX-USDJPY-H1-48276f2440cf,SUPPORTED,
SQX-USDCHF-H4-4836a921e824,SUPPORTED,
SQX-USDJPY-H4-483d8a3e4c7e,SUPPORTED,
SQX-EURUSD-H4-483e2f3b1e9f,SUPPORTED,
SQX-XAUUSD-H4-48404f573cc7,SUPPORTED,
SQX-GBPUSD-H4-4845fcc09eb9,SUPPORTED,
SQX-XAUUSD-H4-484a7e205350,SUPPORTED,
SQX-XAUUSD-H4-484adf8cf4ff,SUPPORTED,
SQX-USDJPY-H4-484d3047c204,SUPPORTED,
SQX-USDJPY-H4-4855c2f413a2,SUPPORTED,
SQX-XAUUSD-H4-48560d75efab,SUPPORTED,
SQX-GBPUSD-M15-485ce9a37739,SUPPORTED,
SQX-EURUSD-H1-485d617c4ea6,SUPPORTED,
SQX-EURUSD-H4-486107444bea,SUPPORTED,
SQX-USDJPY-H4-48650d806b40,SUPPORTED,
SQX-USDJPY-H4-4866527cc548,SUPPORTED,
SQX-XAUUSD-H4-486fe0c76a97,SUPPORTED,
SQX-USDJPY-H4-4873f10d7910,SUPPORTED,
SQX-USDJPY-H4-487873eb85cb,SUPPORTED,
SQX-XAUUSD-H4-4882eabf2459,SUPPORTED,
SQX-EURUSD-M15-4888fc28b587,SUPPORTED,
SQX-USDJPY-H1-488f78005e56,SUPPORTED,
SQX-USDCHF-H4-489137b27642,SUPPORTED,
SQX-EURUSD-H4-4898aef0cc4a,SUPPORTED,
SQX-GBPUSD-H4-48a1032c144b,SUPPORTED,
SQX-USDCHF-H4-48a792cdf50b,SUPPORTED,
SQX-USDJPY-H1-48b11c5970ca,SUPPORTED,
SQX-USDJPY-H4-48bc10f33780,SUPPORTED,
SQX-XAUUSD-H4-48c2b00eb8d6,SUPPORTED,
SQX-XAUUSD-H4-48c321484879,SUPPORTED,
SQX-XAUUSD-H4-48d8ced694ae,SUPPORTED,
SQX-USDJPY-H1-48da9c26ae88,SUPPORTED,
SQX-XAUUSD-H1-48ec5a14c338,SUPPORTED,
SQX-XAUUSD-M15-48edaa9c6a7f,SUPPORTED,
SQX-EURUSD-H4-48eeca2c78ba,SUPPORTED,
SQX-XAUUSD-H4-490615456e0b,SUPPORTED,
SQX-XAUUSD-H4-4927efba1835,SUPPORTED,
SQX-USDJPY-H4-4941b79830ca,SUPPORTED,
SQX-USDCAD-H4-494cf4de5dd0,SUPPORTED,
SQX-XAUUSD-H1-4951b8cefbe7,SUPPORTED,
SQX-USDJPY-H4-4960c7aeaf0c,SUPPORTED,
SQX-XAUUSD-H4-4961ce90a6e6,SUPPORTED,
SQX-EURUSD-H1-49699b2078a9,SUPPORTED,
SQX-USDJPY-H4-4984f14eff1b,SUPPORTED,
SQX-XAUUSD-H4-49878f95dbd8,SUPPORTED,
SQX-XAUUSD-H4-49881c57d6fa,SUPPORTED,
SQX-XAUUSD-H4-498a0b452f59,SUPPORTED,
SQX-XAUUSD-H1-498b0b7ad018,SUPPORTED,
SQX-XAUUSD-H4-498fbf836db7,SUPPORTED,
SQX-XAUUSD-H4-4990925c4be4,SUPPORTED,
SQX-GBPUSD-H4-499096581547,SUPPORTED,
SQX-USDJPY-H4-499bbac4d85e,SUPPORTED,
SQX-USDCHF-H4-499db18f78cb,SUPPORTED,
SQX-EURUSD-H1-49a4ddbaf297,SUPPORTED,
SQX-XAUUSD-H4-49a9a416de8f,SUPPORTED,
SQX-XAUUSD-H4-49abc8a182e3,SUPPORTED,
SQX-XAUUSD-H4-49b086e4753b,SUPPORTED,
SQX-XAUUSD-H1-49b13264c096,SUPPORTED,
SQX-USDJPY-H4-49b197ca0b4a,SUPPORTED,
SQX-GBPUSD-H4-49b428933d8d,SUPPORTED,
SQX-XAUUSD-H1-49b46b47bfbc,SUPPORTED,
SQX-XAUUSD-H4-49b59b8df055,SUPPORTED,
SQX-XAUUSD-H4-49bc62458208,SUPPORTED,
SQX-XAUUSD-H4-49bf3f00db05,SUPPORTED,
SQX-XAUUSD-H4-49c236169cd1,SUPPORTED,
SQX-XAUUSD-H4-49c3743cbdc3,SUPPORTED,
SQX-EURUSD-H4-49c6615bd83e,SUPPORTED,
SQX-XAUUSD-H4-49dd9bce2399,SUPPORTED,
SQX-XAUUSD-H4-49ddccf9b5cc,SUPPORTED,
SQX-XAUUSD-H4-49e1be345aed,SUPPORTED,
SQX-USDJPY-H1-49e4d50986da,SUPPORTED,
SQX-XAUUSD-H1-49eba9453f56,SUPPORTED,
SQX-XAUUSD-H4-49f12e1cc628,SUPPORTED,
SQX-EURUSD-M15-49f93e67563c,SUPPORTED,
SQX-XAUUSD-H1-49faba68da2b,SUPPORTED,
SQX-XAUUSD-H4-49fe0023d3ae,SUPPORTED,
SQX-XAUUSD-H4-4a0407ec5762,SUPPORTED,
SQX-EURUSD-H1-4a06e47591f8,SUPPORTED,
SQX-USDJPY-H4-4a0e60bf15c3,SUPPORTED,
SQX-XAUUSD-H4-4a12035cf31c,SUPPORTED,
SQX-XAUUSD-H4-4a230420d22f,SUPPORTED,
SQX-XAUUSD-H4-4a26ca8f4e8b,SUPPORTED,
SQX-XAUUSD-H1-4a270b24b8c9,SUPPORTED,
SQX-USDJPY-M15-4a34b7a45bca,SUPPORTED,
SQX-USDCAD-H1-4a395bf1b1a8,SUPPORTED,
SQX-XAUUSD-H1-4a3960d31095,SUPPORTED,
SQX-XAUUSD-H4-4a43301ccc8f,SUPPORTED,
SQX-XAUUSD-H4-4a456cd2daac,SUPPORTED,
SQX-XAUUSD-H4-4a47154662e7,SUPPORTED,
SQX-USDJPY-H1-4a4b84769401,SUPPORTED,
SQX-USDJPY-H4-4a4e3ad4d26a,SUPPORTED,
SQX-XAUUSD-H1-4a533a0bb437,SUPPORTED,
SQX-XAUUSD-H4-4a554095985c,SUPPORTED,
SQX-USDJPY-H4-4a6026b5cc9f,SUPPORTED,
SQX-EURUSD-H4-4a7f955a122d,SUPPORTED,
SQX-USDJPY-H1-4a81578e53d3,SUPPORTED,
SQX-XAUUSD-H4-4a8313d31907,SUPPORTED,
SQX-XAUUSD-H4-4a8b22269fad,SUPPORTED,
SQX-EURUSD-H4-4a98f9f912b9,SUPPORTED,
SQX-XAUUSD-H1-4aa9293fd910,SUPPORTED,
SQX-XAUUSD-H1-4aae7d499b44,SUPPORTED,
SQX-USDJPY-H1-4ab8df2fa2c7,SUPPORTED,
SQX-EURUSD-H4-4abe54cbcc34,SUPPORTED,
SQX-USDJPY-H4-4ac242477fb9,SUPPORTED,
SQX-XAUUSD-H4-4ac2917c0fb8,SUPPORTED,
SQX-USDJPY-H1-4ac7c7373029,SUPPORTED,
SQX-XAUUSD-H1-4acbe3982f65,SUPPORTED,
SQX-XAUUSD-H4-4acbef9494c0,SUPPORTED,
SQX-XAUUSD-H4-4ace32ad27d5,SUPPORTED,
SQX-XAUUSD-H1-4ae122fd0600,SUPPORTED,
SQX-USDJPY-H4-4ae1b5d92c9a,SUPPORTED,
SQX-XAUUSD-H4-4ae5bedae3b9,SUPPORTED,
SQX-USDJPY-H4-4ae86924854f,SUPPORTED,
SQX-EURUSD-H1-4aeff9d3440a,SUPPORTED,
SQX-USDJPY-H4-4af483c963a3,SUPPORTED,
SQX-GBPUSD-H4-4af5168b1030,SUPPORTED,
SQX-XAUUSD-H4-4af5b597e6d0,SUPPORTED,
SQX-NZDUSD-H4-4afaa1d90eab,SUPPORTED,
SQX-XAUUSD-H1-4afb7708665d,SUPPORTED,
SQX-EURUSD-H4-4b0d453a95b9,SUPPORTED,
SQX-XAUUSD-H4-4b0f3e8b6d04,SUPPORTED,
SQX-USDCHF-H4-4b14f18af7c1,SUPPORTED,
SQX-XAUUSD-H4-4b1d94ff329e,SUPPORTED,
SQX-USDJPY-H1-4b1f050d19d5,SUPPORTED,
SQX-XAUUSD-H1-4b29a300b8fd,SUPPORTED,
SQX-XAUUSD-H1-4b2fa8e45736,SUPPORTED,
SQX-XAUUSD-H4-4b36ab625af6,SUPPORTED,
SQX-XAUUSD-H4-4b38cf5fea8f,SUPPORTED,
SQX-USDJPY-H4-4b3c363e6fe5,SUPPORTED,
SQX-XAUUSD-H4-4b46371fb9ef,SUPPORTED,
SQX-EURUSD-H1-4b4653d7f739,SUPPORTED,
SQX-USDCHF-H4-4b4b76c89ab4,SUPPORTED,
SQX-XAUUSD-H4-4b5239df8eda,SUPPORTED,
SQX-USDJPY-H4-4b54baed7326,SUPPORTED,
SQX-USDJPY-H4-4b6690970935,SUPPORTED,
SQX-USDJPY-H4-4b67fe42e948,SUPPORTED,
SQX-NZDUSD-H4-4b6a92f09de4,SUPPORTED,
SQX-GBPUSD-H4-4b70a222b29e,SUPPORTED,
SQX-XAUUSD-H4-4b74db273f4e,SUPPORTED,
SQX-GBPUSD-H4-4b79dd55746c,SUPPORTED,
SQX-XAUUSD-H4-4b7ffdd74db0,SUPPORTED,
SQX-USDJPY-H1-4b858414f18c,SUPPORTED,
SQX-XAUUSD-H4-4b8c15788331,SUPPORTED,
SQX-XAUUSD-H4-4b8d9aa19d3d,SUPPORTED,
SQX-USDJPY-H1-4b91d3f25440,SUPPORTED,
SQX-USDJPY-H4-4b954a1fe602,SUPPORTED,
SQX-EURUSD-H1-4b97935c8b9b,SUPPORTED,
SQX-XAUUSD-H4-4b9f2878373c,SUPPORTED,
SQX-XAUUSD-H1-4ba27a2dc60e,SUPPORTED,
SQX-USDCHF-H4-4ba37e69802e,SUPPORTED,
SQX-XAUUSD-H4-4ba9820095cc,SUPPORTED,
SQX-EURUSD-H4-4badf3f0a0fb,SUPPORTED,
SQX-USDJPY-H4-4bae57215ab9,SUPPORTED,
SQX-XAUUSD-H4-4bb3638e8357,SUPPORTED,
SQX-USDCAD-H4-4bb60f338cf8,SUPPORTED,
SQX-USDJPY-H4-4bbdc10a99a2,SUPPORTED,
SQX-EURUSD-H4-4bbfc8690384,SUPPORTED,
SQX-XAUUSD-H4-4bc0228fc02d,SUPPORTED,
SQX-USDJPY-H4-4bc055e408b3,SUPPORTED,
SQX-XAUUSD-H4-4bc0fc1e24e8,SUPPORTED,
SQX-XAUUSD-H4-4bc8bae14180,SUPPORTED,
SQX-XAUUSD-H1-4bc987e3ee4c,SUPPORTED,
SQX-USDJPY-H1-4bcb4c342f17,SUPPORTED,
SQX-USDJPY-H1-4bd17f9677b8,SUPPORTED,
SQX-XAUUSD-H4-4bde5ba1b464,SUPPORTED,
SQX-USDJPY-H4-4bde848e6106,SUPPORTED,
SQX-XAUUSD-H4-4be25c565e4a,SUPPORTED,
SQX-USDCHF-H4-4bec125fa9fd,SUPPORTED,
SQX-XAUUSD-H4-4bef2e82432e,SUPPORTED,
SQX-XAUUSD-H4-4bf584c730ec,SUPPORTED,
SQX-XAUUSD-H1-4bfdda46292e,SUPPORTED,
SQX-XAUUSD-H4-4c04288ea175,SUPPORTED,
SQX-GBPUSD-H4-4c0439a18724,SUPPORTED,
SQX-XAUUSD-H4-4c0a052fddc2,SUPPORTED,
SQX-XAUUSD-H4-4c0ba9e54067,SUPPORTED,
SQX-GBPUSD-M15-4c18cb358226,SUPPORTED,
SQX-XAUUSD-H1-4c2a0d1182a4,SUPPORTED,
SQX-USDCHF-H4-4c32c32e3da3,SUPPORTED,
SQX-XAUUSD-H4-4c3c652a7bba,SUPPORTED,
SQX-XAUUSD-H4-4c45919979be,SUPPORTED,
SQX-XAUUSD-H4-4c46884e43fa,SUPPORTED,
SQX-USDCAD-H4-4c49353b1ceb,SUPPORTED,
SQX-XAUUSD-H4-4c4fb8fa8c03,SUPPORTED,
SQX-XAUUSD-H4-4c5170d68672,SUPPORTED,
SQX-XAUUSD-H4-4c5208e51c6c,SUPPORTED,
SQX-XAUUSD-H4-4c57c1af9b25,SUPPORTED,
SQX-XAUUSD-H4-4c58939e8e4b,SUPPORTED,
SQX-XAUUSD-H1-4c5aa9e0c0e9,SUPPORTED,
SQX-XAUUSD-H4-4c5c5959cb47,SUPPORTED,
SQX-EURUSD-H1-4c5f2833ce74,SUPPORTED,
SQX-XAUUSD-H1-4c61a858ee7b,SUPPORTED,
SQX-XAUUSD-H4-4c62f48d7a09,SUPPORTED,
SQX-USDJPY-M15-4c63da100f50,SUPPORTED,
SQX-GBPUSD-H4-4c670e81cb4b,SUPPORTED,
SQX-XAUUSD-H4-4c74f340dc45,SUPPORTED,
SQX-XAUUSD-H4-4c765e2a56c8,SUPPORTED,
SQX-XAUUSD-H4-4c77637306d2,SUPPORTED,
SQX-XAUUSD-H1-4c81b17151fc,SUPPORTED,
SQX-GBPUSD-H4-4c83011c3d38,SUPPORTED,
SQX-EURUSD-H4-4c872ec696d1,SUPPORTED,
SQX-EURUSD-H1-4c8d1b264c89,SUPPORTED,
SQX-EURUSD-H1-4c92b8eb8610,SUPPORTED,
SQX-USDJPY-H4-4c94276c154e,SUPPORTED,
SQX-XAUUSD-H4-4c9dae1ded45,SUPPORTED,
SQX-NZDUSD-H4-4c9ecbee095a,SUPPORTED,
SQX-XAUUSD-H4-4ca5d8cae905,SUPPORTED,
SQX-GBPUSD-H1-4cada3963339,SUPPORTED,
SQX-XAUUSD-H1-4cb48a6f193b,SUPPORTED,
SQX-EURUSD-H1-4cbb2e7bf12e,SUPPORTED,
SQX-XAUUSD-H4-4cbcd06cdf86,SUPPORTED,
SQX-USDJPY-H4-4cbf68302f26,SUPPORTED,
SQX-GBPUSD-M15-4cc2f06efc74,SUPPORTED,
SQX-XAUUSD-H4-4ccfc8d1c1c5,SUPPORTED,
SQX-USDJPY-H4-4cd0ea2ece81,SUPPORTED,
SQX-USDJPY-H1-4cd348c212f6,SUPPORTED,
SQX-XAUUSD-H4-4cd3d4a56b9a,SUPPORTED,
SQX-XAUUSD-H4-4cd48807e33e,SUPPORTED,
SQX-EURUSD-H1-4ce070534e0d,SUPPORTED,
SQX-USDJPY-H4-4d030c701e3e,SUPPORTED,
SQX-XAUUSD-H1-4d0460274469,SUPPORTED,
SQX-EURUSD-H4-4d06de49a185,SUPPORTED,
SQX-XAUUSD-H1-4d0778e44859,SUPPORTED,
SQX-XAUUSD-H4-4d097baa9c90,SUPPORTED,
SQX-EURUSD-H1-4d0bff5627b5,SUPPORTED,
SQX-GBPUSD-H4-4d0e07f11805,SUPPORTED,
SQX-USDCHF-H4-4d18c419b195,SUPPORTED,
SQX-XAUUSD-H1-4d2cfd96d049,SUPPORTED,
SQX-USDJPY-H4-4d2d8a852b4f,SUPPORTED,
SQX-EURUSD-H1-4d3519fc2752,SUPPORTED,
SQX-USDJPY-H4-4d386a1745b3,SUPPORTED,
SQX-EURUSD-H4-4d3d41d54629,SUPPORTED,
SQX-EURUSD-H4-4d3fd9706d7f,SUPPORTED,
SQX-USDCAD-H4-4d41a944ebef,SUPPORTED,
SQX-USDJPY-M15-4d451b951fa1,SUPPORTED,
SQX-XAUUSD-H1-4d476563813f,SUPPORTED,
SQX-USDCAD-H4-4d4e06bee004,SUPPORTED,
SQX-USDJPY-H4-4d56d06c968c,SUPPORTED,
SQX-XAUUSD-H4-4d58275d4ccf,SUPPORTED,
SQX-XAUUSD-H4-4d66e4183cce,SUPPORTED,
SQX-XAUUSD-H4-4d6a8e1cc9ca,SUPPORTED,
SQX-GBPUSD-H4-4d6aa85c296c,SUPPORTED,
SQX-USDJPY-H1-4d6b80eb5383,SUPPORTED,
SQX-USDCAD-H4-4d6d0cb28560,SUPPORTED,
SQX-XAUUSD-H1-4d6d8d0bafe6,SUPPORTED,
SQX-GBPUSD-H1-4d72cb28e120,SUPPORTED,
SQX-XAUUSD-H4-4d74f4349f9e,SUPPORTED,
SQX-XAUUSD-H1-4d7abdbe5464,SUPPORTED,
SQX-USDJPY-H4-4d7e4f2601cc,SUPPORTED,
SQX-XAUUSD-H4-4d91715aeb1b,SUPPORTED,
SQX-XAUUSD-H4-4da8778a81f9,SUPPORTED,
SQX-EURUSD-H4-4daade79c328,SUPPORTED,
SQX-XAUUSD-H4-4db2851c0dab,SUPPORTED,
SQX-XAUUSD-H4-4db50cacedc8,SUPPORTED,
SQX-USDCAD-H4-4db89558ade3,SUPPORTED,
SQX-XAUUSD-H4-4db97749f0dc,SUPPORTED,
SQX-USDJPY-M15-4dbe48b1a295,SUPPORTED,
SQX-EURUSD-H4-4dbfb71a0328,SUPPORTED,
SQX-USDCHF-H4-4dc2c507d2a8,SUPPORTED,
SQX-XAUUSD-M15-4dc4e767f41c,SUPPORTED,
SQX-XAUUSD-H4-4dc7309917d5,SUPPORTED,
SQX-XAUUSD-H4-4dcdb878fc1d,SUPPORTED,
SQX-XAUUSD-H4-4dd69b5e5a89,SUPPORTED,
SQX-XAUUSD-H4-4dd874d2d2c1,SUPPORTED,
SQX-XAUUSD-H4-4ddb9a4a8e50,SUPPORTED,
SQX-USDCHF-H1-4de5886e0a82,SUPPORTED,
SQX-USDJPY-M15-4de9c90200d7,SUPPORTED,
SQX-XAUUSD-H4-4dee9494e91a,SUPPORTED,
SQX-USDJPY-H4-4df86f8e66a4,SUPPORTED,
SQX-USDCAD-H4-4dfc79f45bf8,SUPPORTED,
SQX-EURUSD-H1-4e13d96c1184,SUPPORTED,
SQX-XAUUSD-H1-4e14241272a6,SUPPORTED,
SQX-GBPUSD-H1-4e2188814ae1,SUPPORTED,
SQX-XAUUSD-H4-4e2417d1ce26,SUPPORTED,
SQX-XAUUSD-H4-4e2a8d17daa2,SUPPORTED,
SQX-USDCHF-H4-4e2b114af600,SUPPORTED,
SQX-XAUUSD-H1-4e2d09b3347c,SUPPORTED,
SQX-USDJPY-H4-4e37abaa6739,SUPPORTED,
SQX-XAUUSD-H4-4e3af3824f63,SUPPORTED,
SQX-USDJPY-H4-4e44ed3c2882,SUPPORTED,
SQX-USDJPY-M15-4e4ee978c1e6,SUPPORTED,
SQX-USDJPY-H4-4e62a7f8bbb1,SUPPORTED,
SQX-EURUSD-H1-4e6bc90f2491,SUPPORTED,
SQX-USDJPY-H4-4e6cb27e387b,SUPPORTED,
SQX-USDJPY-H4-4e6da1281240,SUPPORTED,
SQX-USDJPY-H4-4e718368bdd0,SUPPORTED,
SQX-XAUUSD-H1-4e75fa48208d,SUPPORTED,
SQX-USDJPY-H1-4e772635fd95,SUPPORTED,
SQX-XAUUSD-H4-4e8f093301c7,SUPPORTED,
SQX-EURUSD-H1-4e90a7333ea5,SUPPORTED,
SQX-EURUSD-H4-4e926c5f7534,SUPPORTED,
SQX-GBPUSD-M15-4ea24262c100,SUPPORTED,
SQX-XAUUSD-H4-4eba950527e1,SUPPORTED,
SQX-XAUUSD-H4-4ebd0b542863,SUPPORTED,
SQX-USDJPY-H4-4ec1bd991408,SUPPORTED,
SQX-GBPUSD-H4-4ec25c909455,SUPPORTED,
SQX-XAUUSD-H4-4ec829dbfa58,SUPPORTED,
SQX-XAUUSD-H4-4ed294fe2545,SUPPORTED,
SQX-EURUSD-M15-4ed4952cb375,SUPPORTED,
SQX-XAUUSD-H4-4ed95cfc761f,SUPPORTED,
SQX-XAUUSD-H1-4ee147f87ea0,SUPPORTED,
SQX-EURUSD-H4-4ee329fba470,SUPPORTED,
SQX-USDJPY-H1-4ee784bef0d6,SUPPORTED,
SQX-GBPUSD-H4-4eecea462595,SUPPORTED,
SQX-USDCAD-H4-4f034e2c7c01,SUPPORTED,
SQX-USDJPY-H4-4f04fa40019b,SUPPORTED,
SQX-XAUUSD-H4-4f0844ecbb11,SUPPORTED,
SQX-EURUSD-H1-4f1397e90858,SUPPORTED,
SQX-XAUUSD-H1-4f16e36205a9,SUPPORTED,
SQX-USDJPY-H4-4f1dd008f753,SUPPORTED,
SQX-XAUUSD-H4-4f21b65169ef,SUPPORTED,
SQX-XAUUSD-H4-4f2b7e50bd82,SUPPORTED,
SQX-XAUUSD-H4-4f2b9e20fb53,SUPPORTED,
SQX-XAUUSD-H4-4f2f90e1c30b,SUPPORTED,
SQX-XAUUSD-H4-4f30dc806616,SUPPORTED,
SQX-USDJPY-H1-4f4530608444,SUPPORTED,
SQX-XAUUSD-H1-4f4981353e0a,SUPPORTED,
SQX-XAUUSD-H1-4f4a2ab1c9a4,SUPPORTED,
SQX-EURUSD-H1-4f4c0ee63d25,SUPPORTED,
SQX-USDCHF-H4-4f4e780dafb0,SUPPORTED,
SQX-EURUSD-H4-4f53ea275d34,SUPPORTED,
SQX-USDJPY-H4-4f550724716e,SUPPORTED,
SQX-XAUUSD-H4-4f5ab2881d62,SUPPORTED,
SQX-USDJPY-H4-4f5dd258a06d,SUPPORTED,
SQX-XAUUSD-H4-4f65068d21e8,SUPPORTED,
SQX-EURUSD-H1-4f655a76b26e,SUPPORTED,
SQX-XAUUSD-H4-4f760034ff85,SUPPORTED,
SQX-EURUSD-H4-4f76fd7d7017,SUPPORTED,
SQX-USDJPY-H4-4f78484be818,SUPPORTED,
SQX-XAUUSD-H4-4f79e6f26898,SUPPORTED,
SQX-GBPUSD-H4-4f7ab47df8a6,SUPPORTED,
SQX-XAUUSD-H4-4f7bff009253,SUPPORTED,
SQX-EURUSD-H1-4f80f14a15c9,SUPPORTED,
SQX-XAUUSD-H4-4f86a72b756f,SUPPORTED,
SQX-EURUSD-H4-4f8837a443b9,SUPPORTED,
SQX-USDJPY-H4-4f9058d927a1,SUPPORTED,
SQX-EURUSD-H4-4f93c83b75d3,SUPPORTED,
SQX-USDJPY-H1-4f98e78eb12d,SUPPORTED,
SQX-GBPUSD-H1-4f9abfaf87f6,SUPPORTED,
SQX-GBPUSD-H4-4fa4fc6b9401,SUPPORTED,
SQX-USDCHF-H4-4fa580b5715d,SUPPORTED,
SQX-USDCAD-H4-4fa944958677,SUPPORTED,
SQX-XAUUSD-H4-4faefd8db581,SUPPORTED,
SQX-XAUUSD-M15-4fb9657faa3b,SUPPORTED,
SQX-XAUUSD-H4-4fc4d9eaaa1d,SUPPORTED,
SQX-GBPUSD-H4-4fc652f4d4fe,SUPPORTED,
SQX-XAUUSD-H4-4fc697a6209d,SUPPORTED,
SQX-XAUUSD-H4-4fcab4ca788c,SUPPORTED,
SQX-GBPUSD-H1-4fd1f32bc610,SUPPORTED,
SQX-EURUSD-H4-4fdd8e9c1d8f,SUPPORTED,
SQX-USDJPY-H4-4fe0be7abeed,SUPPORTED,
SQX-GBPUSD-M15-4fea6eabd745,SUPPORTED,
SQX-XAUUSD-H1-4ff12d29aca7,SUPPORTED,
SQX-XAUUSD-H4-4ff4793266e8,SUPPORTED,
SQX-USDJPY-H4-4ff490f31c56,SUPPORTED,
SQX-USDJPY-H4-4ff68c438019,SUPPORTED,
SQX-XAUUSD-H4-4ffea088c7d3,SUPPORTED,
SQX-XAUUSD-H4-5000394750e2,SUPPORTED,
SQX-USDCAD-H4-5006da0fb663,SUPPORTED,
SQX-XAUUSD-H4-500fe0b0d232,SUPPORTED,
SQX-USDJPY-H4-501035d09cdc,SUPPORTED,
SQX-GBPUSD-H4-50145fce138f,SUPPORTED,
SQX-XAUUSD-H4-501b6b9302ca,SUPPORTED,
SQX-USDJPY-H4-501eaec7ad81,SUPPORTED,
SQX-USDJPY-H4-502efe87e05e,SUPPORTED,
SQX-USDJPY-H1-50362e08611c,SUPPORTED,
SQX-USDJPY-H4-503c06069af8,SUPPORTED,
SQX-USDJPY-H4-504210403dd9,SUPPORTED,
SQX-XAUUSD-H4-5046ae662cf6,SUPPORTED,
SQX-XAUUSD-H4-504bf9f1c9a4,SUPPORTED,
SQX-XAUUSD-H4-5057f5d07399,SUPPORTED,
SQX-EURUSD-H1-5062d75b5317,SUPPORTED,
SQX-XAUUSD-H4-506839d2db9e,SUPPORTED,
SQX-XAUUSD-H1-506d9b9b9b55,SUPPORTED,
SQX-GBPUSD-M15-507161c95316,SUPPORTED,
SQX-EURUSD-H4-5071b18ece0c,SUPPORTED,
SQX-XAUUSD-H4-50748ab625d6,SUPPORTED,
SQX-XAUUSD-H1-507d4187df36,SUPPORTED,
SQX-XAUUSD-H1-5081d3d34cc4,SUPPORTED,
SQX-USDCHF-H4-508418362461,SUPPORTED,
SQX-USDJPY-H4-508839f79d8b,SUPPORTED,
SQX-GBPUSD-H4-50885da01ac8,SUPPORTED,
SQX-XAUUSD-H4-5091f5a9a236,SUPPORTED,
SQX-USDJPY-H4-509c26c5f9d7,SUPPORTED,
SQX-XAUUSD-H4-50a40866b41f,SUPPORTED,
SQX-XAUUSD-H4-50adbd2c887d,SUPPORTED,
SQX-EURUSD-H1-50b0a35d4883,SUPPORTED,
SQX-XAUUSD-H4-50b552b1b478,SUPPORTED,
SQX-XAUUSD-H4-50b5eb832864,SUPPORTED,
SQX-USDJPY-H1-50b63fafe534,SUPPORTED,
SQX-USDJPY-H1-50bcefe68fff,SUPPORTED,
SQX-XAUUSD-H4-50c1d61adc7b,SUPPORTED,
SQX-USDJPY-H4-50cf6cf00327,SUPPORTED,
SQX-XAUUSD-H1-50d5be241383,SUPPORTED,
SQX-EURUSD-H4-50d66a626794,SUPPORTED,
SQX-USDCHF-H4-50d9148211e2,SUPPORTED,
SQX-GBPUSD-H1-50defe3f165b,SUPPORTED,
SQX-GBPUSD-H4-50e5e6c66cc0,SUPPORTED,
SQX-XAUUSD-H1-50e7cdea70f1,SUPPORTED,
SQX-XAUUSD-H4-50e8a1ab2417,SUPPORTED,
SQX-EURUSD-H1-50ee2d509e02,SUPPORTED,
SQX-USDJPY-H1-50f02d637987,SUPPORTED,
SQX-XAUUSD-H4-5105b72c45ea,SUPPORTED,
SQX-USDJPY-H1-510c78580861,SUPPORTED,
SQX-USDJPY-M15-5113672c40f2,SUPPORTED,
SQX-XAUUSD-H4-511f0ac30ffe,SUPPORTED,
SQX-XAUUSD-H4-511ff8f0656b,SUPPORTED,
SQX-GBPUSD-M15-5128931c20f5,SUPPORTED,
SQX-EURUSD-H1-512975c608b1,SUPPORTED,
SQX-XAUUSD-H4-512dff00bcf2,SUPPORTED,
SQX-XAUUSD-H4-51330a51e548,SUPPORTED,
SQX-XAUUSD-H1-5134294b1445,SUPPORTED,
SQX-XAUUSD-H1-513cf9c11e2c,SUPPORTED,
SQX-GBPUSD-H4-514315c910de,SUPPORTED,
SQX-XAUUSD-H1-514cfc9dd1f3,SUPPORTED,
SQX-XAUUSD-H1-514d0c16bc04,SUPPORTED,
SQX-EURUSD-H4-515aa921f1c7,SUPPORTED,
SQX-EURUSD-H4-515c3b1b5515,SUPPORTED,
SQX-XAUUSD-H4-516647da3e9f,SUPPORTED,
SQX-EURUSD-H1-516ce946f826,SUPPORTED,
SQX-XAUUSD-H4-516ed9cc4e79,SUPPORTED,
SQX-XAUUSD-H4-516fe0b427c6,SUPPORTED,
SQX-USDJPY-H4-51706aba2f0d,SUPPORTED,
SQX-USDJPY-H4-5170c5df677f,SUPPORTED,
SQX-EURUSD-H4-517177f1997e,SUPPORTED,
SQX-XAUUSD-H1-5172b9315269,SUPPORTED,
SQX-USDJPY-H1-5176167edcd4,SUPPORTED,
SQX-USDJPY-H4-5179f23e093e,SUPPORTED,
SQX-USDJPY-H1-517a5b32abce,SUPPORTED,
SQX-EURUSD-H4-517a631feaf7,SUPPORTED,
SQX-XAUUSD-H4-517a9a47d3ed,SUPPORTED,
SQX-XAUUSD-H4-517d914e884e,SUPPORTED,
SQX-USDJPY-M15-5181c7251497,SUPPORTED,
SQX-XAUUSD-H4-5187ee5e2334,SUPPORTED,
SQX-XAUUSD-H1-5192aa8e9f2e,SUPPORTED,
SQX-USDJPY-H4-5193a77cec8c,SUPPORTED,
SQX-XAUUSD-H4-51a2a702da4f,SUPPORTED,
SQX-GBPUSD-H4-51a3beb97aba,SUPPORTED,
SQX-XAUUSD-H4-51a78b272761,SUPPORTED,
SQX-USDJPY-H1-51a98d59c1c4,SUPPORTED,
SQX-EURUSD-H4-51a9c76b3d62,SUPPORTED,
SQX-EURUSD-H1-51aa7a77dd1a,SUPPORTED,
SQX-XAUUSD-H4-51acc4055b39,SUPPORTED,
SQX-USDJPY-H4-51b0b281da0d,SUPPORTED,
SQX-XAUUSD-H1-51be1bdc9d05,SUPPORTED,
SQX-EURUSD-H4-51c45306d08d,SUPPORTED,
SQX-EURUSD-H1-51c879643c42,SUPPORTED,
SQX-USDCHF-H4-51ca4c41d57a,SUPPORTED,
SQX-USDJPY-H1-51dacb24092c,SUPPORTED,
SQX-EURUSD-H4-51db71d898dc,SUPPORTED,
SQX-XAUUSD-H4-51dfaadfdcfd,SUPPORTED,
SQX-GBPUSD-H1-51e9bc4e77af,SUPPORTED,
SQX-XAUUSD-H1-51f16c208500,SUPPORTED,
SQX-XAUUSD-H4-51f4bae146ca,SUPPORTED,
SQX-USDCHF-H4-51f904c25a9c,SUPPORTED,
SQX-XAUUSD-H4-51fb7f6b9926,SUPPORTED,
SQX-XAUUSD-H4-5203253baf28,SUPPORTED,
SQX-GBPUSD-H4-52038eb249a6,SUPPORTED,
SQX-USDJPY-H1-520491870560,SUPPORTED,
SQX-EURUSD-H4-5208948a65e6,SUPPORTED,
SQX-USDJPY-H4-521c780c9588,SUPPORTED,
SQX-USDJPY-H4-52216886994b,SUPPORTED,
SQX-EURUSD-H1-52254ad805dd,SUPPORTED,
SQX-GBPUSD-H4-522a71ab75b3,SUPPORTED,
SQX-EURUSD-H4-522f23c6f3eb,SUPPORTED,
SQX-USDCHF-H4-523550dbe416,SUPPORTED,
SQX-NZDUSD-H4-523876129cd2,SUPPORTED,
SQX-EURUSD-H4-523d811c4894,SUPPORTED,
SQX-USDJPY-H4-523fd4c36ebc,SUPPORTED,
SQX-USDJPY-H4-5240089c12e5,SUPPORTED,
SQX-XAUUSD-H1-5243ad2ec486,SUPPORTED,
SQX-USDJPY-H4-5245db66d6e4,SUPPORTED,
SQX-XAUUSD-H4-524bf43e91ed,SUPPORTED,
SQX-XAUUSD-H4-524e9fc9cdbf,SUPPORTED,
SQX-USDJPY-H4-525a1de43c9c,SUPPORTED,
SQX-USDCHF-H4-5261b16154ea,SUPPORTED,
SQX-EURUSD-M15-527507d3dd88,SUPPORTED,
SQX-XAUUSD-H4-528988a1a93a,SUPPORTED,
SQX-USDJPY-H1-5297d0689b25,SUPPORTED,
SQX-XAUUSD-M15-52a4f191ef93,SUPPORTED,
SQX-EURUSD-H1-52a79ad95ab8,SUPPORTED,
SQX-USDJPY-H4-52bf6a77cd14,SUPPORTED,
SQX-XAUUSD-H4-52c550515759,SUPPORTED,
SQX-USDJPY-H4-52c70dc247c9,SUPPORTED,
SQX-USDJPY-H4-52d170cd833f,SUPPORTED,
SQX-EURUSD-H1-52d577bd0dce,SUPPORTED,
SQX-EURUSD-H1-52dbf07821e7,SUPPORTED,
SQX-XAUUSD-H1-52e7e876e0d7,SUPPORTED,
SQX-XAUUSD-H4-52f36e9f26cf,SUPPORTED,
SQX-EURUSD-H1-52f3aff4ec00,SUPPORTED,
SQX-USDJPY-H1-530854d2f49d,SUPPORTED,
SQX-USDJPY-H1-530ac30fac11,SUPPORTED,
SQX-USDCHF-H4-530e0653799f,SUPPORTED,
SQX-EURUSD-H1-531018853538,SUPPORTED,
SQX-USDJPY-H1-531530846517,SUPPORTED,
SQX-XAUUSD-H4-531814445669,SUPPORTED,
SQX-GBPUSD-H4-531e82f81866,SUPPORTED,
SQX-USDJPY-H1-5321e2ead6a0,SUPPORTED,
SQX-EURUSD-H4-53229f1a7079,SUPPORTED,
SQX-XAUUSD-H4-53262d36661c,SUPPORTED,
SQX-XAUUSD-H4-5327e99f9d3a,SUPPORTED,
SQX-XAUUSD-H4-5333bac7e56d,SUPPORTED,
SQX-XAUUSD-H1-534483722f79,SUPPORTED,
SQX-EURUSD-H1-53449fddd638,SUPPORTED,
SQX-XAUUSD-H4-5346301855a7,SUPPORTED,
SQX-GBPUSD-M15-534a395007c9,SUPPORTED,
SQX-USDCHF-H4-535de1bdc639,SUPPORTED,
SQX-EURUSD-H1-53606865c2e1,SUPPORTED,
SQX-XAUUSD-H1-536bed033c50,SUPPORTED,
SQX-USDCHF-H4-5374b2a0dcf2,SUPPORTED,
SQX-USDJPY-H4-5377a691a707,SUPPORTED,
SQX-XAUUSD-H4-5379e0a2248e,SUPPORTED,
SQX-GBPUSD-H4-537a9d09afe5,SUPPORTED,
SQX-USDJPY-H1-538091287e0e,SUPPORTED,
SQX-GBPUSD-H4-5385bb8360ec,SUPPORTED,
SQX-EURUSD-H1-538684dd847c,SUPPORTED,
SQX-EURUSD-H1-538b1d01082b,SUPPORTED,
SQX-USDJPY-H1-5395a114eb26,SUPPORTED,
SQX-USDJPY-H1-539914b17bbf,SUPPORTED,
SQX-XAUUSD-H1-539dd961913c,SUPPORTED,
SQX-USDCHF-H4-539e33bd31b3,SUPPORTED,
SQX-EURUSD-H1-539f9c0de9ad,SUPPORTED,
SQX-XAUUSD-H4-53a0914ead2e,SUPPORTED,
SQX-USDJPY-H1-53a486cf1834,SUPPORTED,
SQX-NZDUSD-H4-53a5eccf2f98,SUPPORTED,
SQX-XAUUSD-H4-53a87aca1eed,SUPPORTED,
SQX-XAUUSD-H1-53ab955d143b,SUPPORTED,
SQX-XAUUSD-H4-53bb66af1ef2,SUPPORTED,
SQX-XAUUSD-H4-53c4cd89c9d3,SUPPORTED,
SQX-EURUSD-H1-53c56e7dec6e,SUPPORTED,
SQX-USDJPY-H4-53c5c204d1b8,SUPPORTED,
SQX-GBPUSD-H4-53c624021cc1,SUPPORTED,
SQX-XAUUSD-H4-53c814d19632,SUPPORTED,
SQX-XAUUSD-M15-53c98798ee88,SUPPORTED,
SQX-XAUUSD-H4-53d61e00e7e3,SUPPORTED,
SQX-XAUUSD-H4-53ea186a5e39,SUPPORTED,
SQX-EURUSD-H1-53effafce255,SUPPORTED,
SQX-NZDUSD-H4-53f26a8724aa,SUPPORTED,
SQX-XAUUSD-H4-53f5953355db,SUPPORTED,
SQX-XAUUSD-H4-53f8fa5a6e15,SUPPORTED,
SQX-EURUSD-H4-540ba0e20521,SUPPORTED,
SQX-USDCHF-H4-54170bb4442a,SUPPORTED,
SQX-GBPUSD-H4-541a595c28b1,SUPPORTED,
SQX-USDJPY-H4-542987af9972,SUPPORTED,
SQX-USDJPY-H4-5434765b6946,SUPPORTED,
SQX-XAUUSD-H4-543b30ce25d7,SUPPORTED,
SQX-EURUSD-H4-543f077431fa,SUPPORTED,
SQX-USDCAD-H4-544307ecae75,SUPPORTED,
SQX-GBPUSD-H4-544310690e6b,SUPPORTED,
SQX-GBPUSD-H4-5446b522efb5,SUPPORTED,
SQX-XAUUSD-H4-5452dec4822f,SUPPORTED,
SQX-XAUUSD-H1-54568c1dd04e,SUPPORTED,
SQX-USDJPY-H4-5456cd9bc25c,SUPPORTED,
SQX-GBPUSD-H4-54571bb139a4,SUPPORTED,
SQX-XAUUSD-H4-545bba027270,SUPPORTED,
SQX-USDJPY-H4-545f90313c6c,SUPPORTED,
SQX-XAUUSD-H4-5466e4f7f701,SUPPORTED,
SQX-XAUUSD-H1-547272d7cc36,SUPPORTED,
SQX-XAUUSD-H4-5474851437d6,SUPPORTED,
SQX-EURUSD-H1-547e68b337a2,SUPPORTED,
SQX-GBPUSD-H1-548d00899333,SUPPORTED,
SQX-XAUUSD-H4-5491215eadf1,SUPPORTED,
SQX-EURUSD-H1-549282c4c79c,SUPPORTED,
SQX-USDJPY-H4-54950dc68435,SUPPORTED,
SQX-XAUUSD-H4-54a511cdf228,SUPPORTED,
SQX-EURUSD-H1-54a70ed9ea8c,SUPPORTED,
SQX-XAUUSD-H4-54aa0be01adb,SUPPORTED,
SQX-USDJPY-H4-54abda2ce5a0,SUPPORTED,
SQX-XAUUSD-H4-54abea926a55,SUPPORTED,
SQX-XAUUSD-H4-54bae51a2f8f,SUPPORTED,
SQX-USDJPY-H4-54c357f35976,SUPPORTED,
SQX-XAUUSD-H1-54c95f4343e5,SUPPORTED,
SQX-XAUUSD-H4-54cfcf599f84,SUPPORTED,
SQX-EURUSD-H4-54d2eb8279fd,SUPPORTED,
SQX-XAUUSD-H4-54d58cd68f15,SUPPORTED,
SQX-XAUUSD-H4-54e6b46c9059,SUPPORTED,
SQX-USDCHF-H4-54e6b99ca399,SUPPORTED,
SQX-XAUUSD-H4-54ed207e4bc0,SUPPORTED,
SQX-XAUUSD-H4-54f4b6340e20,SUPPORTED,
SQX-XAUUSD-H4-54ffcbeca570,SUPPORTED,
SQX-EURUSD-H1-5506ce33b6a0,SUPPORTED,
SQX-XAUUSD-H1-5508a145ea25,SUPPORTED,
SQX-XAUUSD-H4-550978f092e1,SUPPORTED,
SQX-USDJPY-H1-550e0e0a3df5,SUPPORTED,
SQX-USDJPY-H1-5512a751bb6a,SUPPORTED,
SQX-USDJPY-H4-5514fc767bbb,SUPPORTED,
SQX-XAUUSD-H1-55154b2b201a,SUPPORTED,
SQX-XAUUSD-H4-551d5ede2af6,SUPPORTED,
SQX-GBPUSD-H4-5520f9210526,SUPPORTED,
SQX-USDJPY-H4-55265e129b04,SUPPORTED,
SQX-USDJPY-H1-5527f1bd0ede,SUPPORTED,
SQX-EURUSD-H1-552c41676519,SUPPORTED,
SQX-XAUUSD-H4-552d8962b3dc,SUPPORTED,
SQX-EURUSD-H1-5538b72039c6,SUPPORTED,
SQX-XAUUSD-H4-5539edc5146c,SUPPORTED,
SQX-XAUUSD-H4-553d5209bbf5,SUPPORTED,
SQX-GBPUSD-H1-55412ec3d527,SUPPORTED,
SQX-XAUUSD-H4-5542398b3513,SUPPORTED,
SQX-XAUUSD-H4-554271152dd1,SUPPORTED,
SQX-XAUUSD-H1-5543eced92b0,SUPPORTED,
SQX-XAUUSD-H1-5543f872401f,SUPPORTED,
SQX-XAUUSD-H4-554eb09913a5,SUPPORTED,
SQX-GBPUSD-H4-555206229a8b,SUPPORTED,
SQX-XAUUSD-H4-556d63000fab,SUPPORTED,
SQX-GBPUSD-H1-5570eced76f2,SUPPORTED,
SQX-XAUUSD-H1-5576d1086fdc,SUPPORTED,
SQX-XAUUSD-H1-5576fb7670c1,SUPPORTED,
SQX-USDCHF-H4-5577a93296c3,SUPPORTED,
SQX-USDJPY-H1-5582d8894ba7,SUPPORTED,
SQX-EURUSD-H1-558be161d00a,SUPPORTED,
SQX-XAUUSD-H4-558f05e3c831,SUPPORTED,
SQX-USDJPY-H1-559112b1f73e,SUPPORTED,
SQX-EURUSD-H1-559ba7945c63,SUPPORTED,
SQX-USDJPY-H4-55a0f6f4ff41,SUPPORTED,
SQX-XAUUSD-H1-55a8beafa139,SUPPORTED,
SQX-XAUUSD-H4-55ab74cb1bed,SUPPORTED,
SQX-USDJPY-H4-55aea6315cda,SUPPORTED,
SQX-XAUUSD-H4-55b040406efc,SUPPORTED,
SQX-XAUUSD-H1-55b9e1f05ede,SUPPORTED,
SQX-XAUUSD-H1-55c6fa353725,SUPPORTED,
SQX-XAUUSD-H4-55c9e04b6447,SUPPORTED,
SQX-XAUUSD-H4-55cc5d7d6326,SUPPORTED,
SQX-EURUSD-H1-55cda95db373,SUPPORTED,
SQX-XAUUSD-H4-55d2bc81bdc6,SUPPORTED,
SQX-XAUUSD-H4-55d2ea6390f8,SUPPORTED,
SQX-XAUUSD-H4-55d6ce806d90,SUPPORTED,
SQX-EURUSD-H1-55e08103dca5,SUPPORTED,
SQX-USDCHF-H4-55f00e0d9549,SUPPORTED,
SQX-EURUSD-H4-55f683e470f1,SUPPORTED,
SQX-XAUUSD-H4-5600566f4e89,SUPPORTED,
SQX-USDJPY-H1-5601f140a084,SUPPORTED,
SQX-XAUUSD-H1-5605acd3fe14,SUPPORTED,
SQX-USDJPY-M15-560e1a73b435,SUPPORTED,
SQX-XAUUSD-H4-5622d9e3138c,SUPPORTED,
SQX-USDCAD-H4-562d5a1d736b,SUPPORTED,
SQX-XAUUSD-H4-56356183d170,SUPPORTED,
SQX-USDJPY-H4-5636d03da3ba,SUPPORTED,
SQX-XAUUSD-H4-563d1a035859,SUPPORTED,
SQX-XAUUSD-H4-5642e3461b40,SUPPORTED,
SQX-USDJPY-H4-5653123db1dd,SUPPORTED,
SQX-EURUSD-H4-565816fc4457,SUPPORTED,
SQX-USDJPY-H4-565bd7c92b54,SUPPORTED,
SQX-USDJPY-H1-565ddffc98ad,SUPPORTED,
SQX-EURUSD-H1-565f075d8015,SUPPORTED,
SQX-USDJPY-H1-565f5b9e3480,SUPPORTED,
SQX-EURUSD-H1-566894eab97a,SUPPORTED,
SQX-GBPUSD-H1-567352a262fb,SUPPORTED,
SQX-EURUSD-H1-5675c0ce7496,SUPPORTED,
SQX-EURUSD-H1-56775f9849d1,SUPPORTED,
SQX-USDJPY-H4-5678808dca2f,SUPPORTED,
SQX-XAUUSD-H1-56855858a716,SUPPORTED,
SQX-XAUUSD-H4-568f5440670e,SUPPORTED,
SQX-USDJPY-H4-5691a94986ea,SUPPORTED,
SQX-XAUUSD-H1-56a22ee29ba6,SUPPORTED,
SQX-GBPUSD-H1-56a450608044,SUPPORTED,
SQX-XAUUSD-H4-56b2d170946a,SUPPORTED,
SQX-USDJPY-H4-56b7d86326c6,SUPPORTED,
SQX-XAUUSD-H4-56ba0af193c4,SUPPORTED,
SQX-XAUUSD-H4-56bab8aef575,SUPPORTED,
SQX-XAUUSD-H4-56c9468eafa6,SUPPORTED,
SQX-USDJPY-H1-56d3c4a1c2c5,SUPPORTED,
SQX-GBPUSD-H1-56d3d1706157,SUPPORTED,
SQX-XAUUSD-H4-56d903881008,SUPPORTED,
SQX-NZDUSD-H4-56e53bf0e0ed,SUPPORTED,
SQX-XAUUSD-H4-56e59575e69a,SUPPORTED,
SQX-USDJPY-H4-56e61fdf0f48,SUPPORTED,
SQX-XAUUSD-H4-56ea646c2f52,SUPPORTED,
SQX-XAUUSD-H1-56f2bf70147c,SUPPORTED,
SQX-XAUUSD-H4-56fa331ab0d5,SUPPORTED,
SQX-XAUUSD-H4-56fa4f9efcaf,SUPPORTED,
SQX-USDJPY-H4-56fc64d9b093,SUPPORTED,
SQX-EURUSD-H1-57047d7f1b99,SUPPORTED,
SQX-USDJPY-H1-5705941582f3,SUPPORTED,
SQX-XAUUSD-H1-570a8da52cd9,SUPPORTED,
SQX-XAUUSD-H4-570c6e9756b4,SUPPORTED,
SQX-USDJPY-H4-5717aafaa4c5,SUPPORTED,
SQX-XAUUSD-H1-571f62d0e489,SUPPORTED,
SQX-GBPUSD-H1-572d66ab5b98,SUPPORTED,
SQX-EURUSD-H1-572f34392ebd,SUPPORTED,
SQX-USDJPY-H4-57353d11bde9,SUPPORTED,
SQX-XAUUSD-H4-573d218b4f26,SUPPORTED,
SQX-XAUUSD-H4-573f6a52213f,SUPPORTED,
SQX-EURUSD-H4-574155f4eb85,SUPPORTED,
SQX-XAUUSD-H1-57433d68dbd6,SUPPORTED,
SQX-USDJPY-M15-57566424282e,SUPPORTED,
SQX-XAUUSD-H4-575734b89584,SUPPORTED,
SQX-XAUUSD-H1-5757ae4c73ce,SUPPORTED,
SQX-EURUSD-H1-575b3b11a83c,SUPPORTED,
SQX-USDJPY-H4-576abf7a87c7,SUPPORTED,
SQX-EURUSD-H1-57705dbf2bfc,SUPPORTED,
SQX-USDCHF-H4-57820f0bb6cf,SUPPORTED,
SQX-USDJPY-H1-578976bf15fc,SUPPORTED,
SQX-XAUUSD-H4-57a875f41d50,SUPPORTED,
SQX-USDCHF-H4-57b832c2a28b,SUPPORTED,
SQX-XAUUSD-H4-57bcd480fea1,SUPPORTED,
SQX-XAUUSD-H4-57c2fe8f0f91,SUPPORTED,
SQX-XAUUSD-H4-57c51d881d47,SUPPORTED,
SQX-USDJPY-H4-57c84f3f338c,SUPPORTED,
SQX-EURUSD-M15-57cfb04ba26c,SUPPORTED,
SQX-EURUSD-H4-57d2f44c67b2,SUPPORTED,
SQX-XAUUSD-H4-57da93d7ef2a,SUPPORTED,
SQX-USDJPY-H1-57dbe0f4e52c,SUPPORTED,
SQX-XAUUSD-H4-57e2fd237782,SUPPORTED,
SQX-USDJPY-H1-57ea2e4e70b3,SUPPORTED,
SQX-XAUUSD-M15-57f0a89a41a3,SUPPORTED,
SQX-GBPUSD-M15-57f8324d8e94,SUPPORTED,
SQX-XAUUSD-H4-57f8832c086b,SUPPORTED,
SQX-EURUSD-H4-57f8e6a88cde,SUPPORTED,
SQX-XAUUSD-H4-57f9e02485ef,SUPPORTED,
SQX-EURUSD-H1-57fad502f8e3,SUPPORTED,
SQX-XAUUSD-H4-57fb0d83a8c7,SUPPORTED,
SQX-XAUUSD-H4-5803692bbbb8,SUPPORTED,
SQX-NZDUSD-H4-5803b084df37,SUPPORTED,
SQX-GBPUSD-H1-5815c146e5ca,SUPPORTED,
SQX-USDJPY-H4-581d70e8941d,SUPPORTED,
SQX-EURUSD-H1-581ff2b8c6d6,SUPPORTED,
SQX-XAUUSD-H4-5821d84ebdc0,SUPPORTED,
SQX-XAUUSD-H4-583b5be1a745,SUPPORTED,
SQX-GBPUSD-M15-583dc0b33760,SUPPORTED,
SQX-XAUUSD-H4-58475ff4551f,SUPPORTED,
SQX-USDCAD-H4-5851037e3860,SUPPORTED,
SQX-NZDUSD-H4-585303a349e0,SUPPORTED,
SQX-XAUUSD-H1-5853e608233a,SUPPORTED,
SQX-EURUSD-H4-586dd03a6478,SUPPORTED,
SQX-XAUUSD-H4-586fad7977eb,SUPPORTED,
SQX-USDJPY-H1-587061da4185,SUPPORTED,
SQX-EURUSD-H1-58706fc266e9,SUPPORTED,
SQX-XAUUSD-H1-5872582155b5,SUPPORTED,
SQX-EURUSD-H1-58777750737b,SUPPORTED,
SQX-USDJPY-H4-588f5c28dc35,SUPPORTED,
SQX-XAUUSD-H1-58901af52519,SUPPORTED,
SQX-GBPUSD-H4-58997ebbaba3,SUPPORTED,
SQX-USDCAD-H1-58a283936cfa,SUPPORTED,
SQX-GBPUSD-M15-58a64e782e32,SUPPORTED,
SQX-XAUUSD-H4-58bc8b81a6ec,SUPPORTED,
SQX-USDJPY-H4-58c356dd7ccc,SUPPORTED,
SQX-XAUUSD-H1-58c6dadb9e92,SUPPORTED,
SQX-USDJPY-H4-58cb97476d2a,SUPPORTED,
SQX-XAUUSD-H4-58d2eb86a8d1,SUPPORTED,
SQX-XAUUSD-H1-58d2f3cd32e6,SUPPORTED,
SQX-USDJPY-H4-58d819c07505,SUPPORTED,
SQX-USDJPY-H1-58d9b26c5ca3,SUPPORTED,
SQX-XAUUSD-H4-58dc8c4e529f,SUPPORTED,
SQX-EURUSD-H4-58deb1c2b002,SUPPORTED,
SQX-XAUUSD-H4-58e4d7484f78,SUPPORTED,
SQX-EURUSD-H4-58e50c2b56c3,SUPPORTED,
SQX-USDJPY-H4-58f974b955a7,SUPPORTED,
SQX-USDCAD-H4-59054b5d7e40,SUPPORTED,
SQX-USDCAD-H4-5905795cef1e,SUPPORTED,
SQX-USDJPY-H1-590627408137,SUPPORTED,
SQX-EURUSD-H4-590636b9bc9a,SUPPORTED,
SQX-USDJPY-H1-5910b98a6c86,SUPPORTED,
SQX-USDJPY-H4-591a52855fb4,SUPPORTED,
SQX-EURUSD-H4-592363de88db,SUPPORTED,
SQX-USDCAD-H4-5925f8f8eaf3,SUPPORTED,
SQX-XAUUSD-H4-592bb442f611,SUPPORTED,
SQX-XAUUSD-H4-592e1be47bac,SUPPORTED,
SQX-EURUSD-H1-5931d4fe04ff,SUPPORTED,
SQX-USDJPY-H1-59378b378075,SUPPORTED,
SQX-USDJPY-H1-593bf600ea2c,SUPPORTED,
SQX-USDJPY-H4-593fca91d92e,SUPPORTED,
SQX-XAUUSD-H4-59479239c925,SUPPORTED,
SQX-XAUUSD-H4-5951513920e0,SUPPORTED,
SQX-XAUUSD-H4-5957ff7c90db,SUPPORTED,
SQX-XAUUSD-H1-595eda56de5e,SUPPORTED,
SQX-XAUUSD-H1-5966a731a069,SUPPORTED,
SQX-XAUUSD-H1-5969d0f34925,SUPPORTED,
SQX-XAUUSD-M15-597239b8039d,SUPPORTED,
SQX-GBPUSD-H4-5973a745d7e9,SUPPORTED,
SQX-USDCAD-H4-59833634a8ee,SUPPORTED,
SQX-EURUSD-H1-598503395b60,SUPPORTED,
SQX-EURUSD-H4-599397aa5db3,SUPPORTED,
SQX-XAUUSD-H4-59a0b3bea91d,SUPPORTED,
SQX-XAUUSD-H4-59a25994bd3b,SUPPORTED,
SQX-XAUUSD-H4-59a88e13b035,SUPPORTED,
SQX-XAUUSD-H4-59aa84f905df,SUPPORTED,
SQX-XAUUSD-H1-59ad18323875,SUPPORTED,
SQX-XAUUSD-H4-59ad5112a620,SUPPORTED,
SQX-USDJPY-H1-59b460bd157a,SUPPORTED,
SQX-XAUUSD-H1-59b4c36c2c40,SUPPORTED,
SQX-USDJPY-H1-59b65600b644,SUPPORTED,
SQX-XAUUSD-H4-59b7b22d2f99,SUPPORTED,
SQX-XAUUSD-H4-59ba7ee04ae9,SUPPORTED,
SQX-XAUUSD-H4-59bef6cd2ad9,SUPPORTED,
SQX-XAUUSD-H4-59d3adf2286e,SUPPORTED,
SQX-EURUSD-H1-59d9b5d3a639,SUPPORTED,
SQX-XAUUSD-H4-59e4f54e0bab,SUPPORTED,
SQX-XAUUSD-H4-59e591a5cdfd,SUPPORTED,
SQX-XAUUSD-H4-59edc492db07,SUPPORTED,
SQX-XAUUSD-H1-59f2bfba3706,SUPPORTED,
SQX-USDCAD-H4-59fc3bbbeb1a,SUPPORTED,
SQX-XAUUSD-H1-59fc6d7d7898,SUPPORTED,
SQX-XAUUSD-H1-59ff43541e7c,SUPPORTED,
SQX-USDJPY-M15-5a0015ee0180,SUPPORTED,
SQX-EURUSD-H4-5a0618e3ee87,SUPPORTED,
SQX-XAUUSD-H1-5a089b0348f4,SUPPORTED,
SQX-XAUUSD-H4-5a0a8c27a374,SUPPORTED,
SQX-EURUSD-H4-5a0cd9838303,SUPPORTED,
SQX-XAUUSD-H4-5a0d5a928758,SUPPORTED,
SQX-USDCHF-H4-5a0fdf0d6785,SUPPORTED,
SQX-XAUUSD-H4-5a1224aa8c72,SUPPORTED,
SQX-XAUUSD-H4-5a1d55ef2008,SUPPORTED,
SQX-GBPUSD-H4-5a1dc31477c5,SUPPORTED,
SQX-XAUUSD-H4-5a23d53a5228,SUPPORTED,
SQX-EURUSD-H1-5a259287cf82,SUPPORTED,
SQX-USDJPY-H1-5a27b53fa4bb,SUPPORTED,
SQX-USDJPY-H1-5a2806df9f68,SUPPORTED,
SQX-XAUUSD-H4-5a2c23406a33,SUPPORTED,
SQX-EURUSD-H1-5a3619ccecca,SUPPORTED,
SQX-XAUUSD-H4-5a414ea5ef4a,SUPPORTED,
SQX-XAUUSD-H4-5a4a77fa6aee,SUPPORTED,
SQX-USDJPY-H4-5a5f03d45301,SUPPORTED,
SQX-XAUUSD-H4-5a66d680de7c,SUPPORTED,
SQX-GBPUSD-H4-5a69f9cc9fc2,SUPPORTED,
SQX-XAUUSD-H4-5a6b81afa2d8,SUPPORTED,
SQX-EURUSD-H1-5a6ef568ab48,SUPPORTED,
SQX-USDCHF-H4-5a6f87c42710,SUPPORTED,
SQX-XAUUSD-H4-5a70c6c74d45,SUPPORTED,
SQX-XAUUSD-H4-5a7d90df7a42,SUPPORTED,
SQX-USDJPY-H4-5a7ea38e3eaa,SUPPORTED,
SQX-XAUUSD-H4-5a81ba9fa694,SUPPORTED,
SQX-XAUUSD-H4-5a81c5994f92,SUPPORTED,
SQX-XAUUSD-H4-5a84a4ed9fb6,SUPPORTED,
SQX-USDJPY-H4-5a8f2ed0a1d8,SUPPORTED,
SQX-XAUUSD-H4-5a976276ce04,SUPPORTED,
SQX-XAUUSD-H1-5a97c528f2ad,SUPPORTED,
SQX-EURUSD-H1-5a99a5fabd67,SUPPORTED,
SQX-USDJPY-H4-5a9c5e2b1ff1,SUPPORTED,
SQX-USDJPY-H4-5a9ce816cd8a,SUPPORTED,
SQX-XAUUSD-H4-5a9d0b8ebada,SUPPORTED,
SQX-XAUUSD-H4-5a9f9e1a8a58,SUPPORTED,
SQX-USDJPY-M15-5aa7dfa6a9f5,SUPPORTED,
SQX-XAUUSD-H4-5aa86bb5ca27,SUPPORTED,
SQX-GBPUSD-H1-5aab9246c406,SUPPORTED,
SQX-EURUSD-H1-5aafb2bf7c1e,SUPPORTED,
SQX-XAUUSD-H4-5ad4c3d4d724,SUPPORTED,
SQX-USDJPY-H1-5ad8ba89e042,SUPPORTED,
SQX-EURUSD-H1-5ae041108ad2,SUPPORTED,
SQX-XAUUSD-H4-5ae48084e328,SUPPORTED,
SQX-USDJPY-H4-5ae6d40da6d8,SUPPORTED,
SQX-XAUUSD-H4-5aeb6451b7da,SUPPORTED,
SQX-XAUUSD-H4-5aec80a2dfb8,SUPPORTED,
SQX-XAUUSD-H1-5af75089e5b1,SUPPORTED,
SQX-XAUUSD-H4-5afb4ff2dcd9,SUPPORTED,
SQX-GBPUSD-M15-5b005b0b3a76,SUPPORTED,
SQX-GBPUSD-H4-5b0301a97dc2,SUPPORTED,
SQX-USDJPY-M15-5b0d3bb5fb26,SUPPORTED,
SQX-XAUUSD-H4-5b14125883ff,SUPPORTED,
SQX-XAUUSD-H4-5b1a83588495,SUPPORTED,
SQX-XAUUSD-H1-5b1faeb12bf8,SUPPORTED,
SQX-USDJPY-H4-5b2102b05d6e,SUPPORTED,
SQX-USDJPY-H1-5b2e7684436f,SUPPORTED,
SQX-XAUUSD-H4-5b34697df9ea,SUPPORTED,
SQX-XAUUSD-H4-5b3d230404b3,SUPPORTED,
SQX-XAUUSD-H4-5b407a6f5142,SUPPORTED,
SQX-XAUUSD-H4-5b42dbf8e248,SUPPORTED,
SQX-USDCAD-H4-5b43ec246407,SUPPORTED,
SQX-XAUUSD-H4-5b46e94e788a,SUPPORTED,
SQX-XAUUSD-H4-5b4843ac98ba,SUPPORTED,
SQX-XAUUSD-H1-5b53e1c88f3c,SUPPORTED,
SQX-XAUUSD-H1-5b55eb48a9c4,SUPPORTED,
SQX-USDCHF-H4-5b57abde105b,SUPPORTED,
SQX-XAUUSD-H4-5b59275a9433,SUPPORTED,
SQX-USDCHF-H4-5b6a144ac449,SUPPORTED,
SQX-XAUUSD-H4-5b6e1d1b5101,SUPPORTED,
SQX-XAUUSD-H4-5b6efeb92c38,SUPPORTED,
SQX-XAUUSD-H4-5b7612e89dac,SUPPORTED,
SQX-USDJPY-H4-5b763d4ec5d7,SUPPORTED,
SQX-XAUUSD-H1-5b893d04e9b8,SUPPORTED,
SQX-XAUUSD-H4-5b953611ad69,SUPPORTED,
SQX-XAUUSD-H1-5b962e27e421,SUPPORTED,
SQX-USDCHF-H4-5b98d9e0614c,SUPPORTED,
SQX-USDJPY-H4-5b9adee27468,SUPPORTED,
SQX-XAUUSD-H4-5b9da0fdede4,SUPPORTED,
SQX-XAUUSD-H4-5bb3d308becf,SUPPORTED,
SQX-EURUSD-H1-5bbe3b96918a,SUPPORTED,
SQX-EURUSD-H1-5bc355af338c,SUPPORTED,
SQX-XAUUSD-H4-5bc37574448f,SUPPORTED,
SQX-EURUSD-H4-5bc71414aa2a,SUPPORTED,
SQX-XAUUSD-H1-5bc81cdafeb2,SUPPORTED,
SQX-USDJPY-H4-5bcd0edf6dc3,SUPPORTED,
SQX-EURUSD-H1-5bd15214c835,SUPPORTED,
SQX-USDCAD-H4-5bd1a3479d70,SUPPORTED,
SQX-XAUUSD-H4-5bd1d8b37b2d,SUPPORTED,
SQX-XAUUSD-H1-5bd206f018c5,SUPPORTED,
SQX-EURUSD-H1-5bd2bebcff74,SUPPORTED,
SQX-EURUSD-H1-5bdb2239e2a8,SUPPORTED,
SQX-XAUUSD-H4-5bdba17387cd,SUPPORTED,
SQX-EURUSD-H4-5be078d2d8f6,SUPPORTED,
SQX-USDJPY-M15-5be2cfff76b8,SUPPORTED,
SQX-GBPUSD-H4-5be695053aa1,SUPPORTED,
SQX-USDJPY-H4-5be9b79df2d7,SUPPORTED,
SQX-EURUSD-H4-5befd4d94948,SUPPORTED,
SQX-EURUSD-H4-5bf8986c8f01,SUPPORTED,
SQX-XAUUSD-H4-5bfeb95397f0,SUPPORTED,
SQX-USDCHF-H4-5c0bfb5e1263,SUPPORTED,
SQX-USDJPY-H1-5c0de68962d1,SUPPORTED,
SQX-XAUUSD-H4-5c12d70f83e1,SUPPORTED,
SQX-XAUUSD-H4-5c16702fe460,SUPPORTED,
SQX-XAUUSD-H1-5c1b1a554d59,SUPPORTED,
SQX-NZDUSD-H4-5c222616e818,SUPPORTED,
SQX-USDJPY-H4-5c24cc114ff1,SUPPORTED,
SQX-XAUUSD-H4-5c2bdff810e6,SUPPORTED,
SQX-EURUSD-H1-5c2d11431949,SUPPORTED,
SQX-XAUUSD-H4-5c2d5c1ae90d,SUPPORTED,
SQX-XAUUSD-H4-5c39753eb3be,SUPPORTED,
SQX-USDJPY-H4-5c41c1269178,SUPPORTED,
SQX-USDJPY-H4-5c43c1faeefb,SUPPORTED,
SQX-USDJPY-H4-5c4ab35a82c4,SUPPORTED,
SQX-USDJPY-H4-5c510d704145,SUPPORTED,
SQX-XAUUSD-H4-5c529778981d,SUPPORTED,
SQX-EURUSD-H1-5c580574fed1,SUPPORTED,
SQX-XAUUSD-H4-5c5ce838a690,SUPPORTED,
SQX-USDJPY-H4-5c6268fc0b19,SUPPORTED,
SQX-USDJPY-H1-5c699fcae004,SUPPORTED,
SQX-XAUUSD-H4-5c6a457fa5e5,SUPPORTED,
SQX-XAUUSD-H1-5c73148a4c50,SUPPORTED,
SQX-USDJPY-H4-5c73dd5d2bf7,SUPPORTED,
SQX-XAUUSD-H4-5c7775634e98,SUPPORTED,
SQX-XAUUSD-H1-5c826828d374,SUPPORTED,
SQX-USDCAD-H4-5c84e2ced879,SUPPORTED,
SQX-XAUUSD-H1-5c8647d502c9,SUPPORTED,
SQX-XAUUSD-H4-5c8815964633,SUPPORTED,
SQX-XAUUSD-H4-5c8f4f59399c,SUPPORTED,
SQX-USDJPY-H1-5c8fa1080327,SUPPORTED,
SQX-XAUUSD-H4-5c907b9465c0,SUPPORTED,
SQX-XAUUSD-H1-5c92995e7d7a,SUPPORTED,
SQX-XAUUSD-H4-5c9324f171db,SUPPORTED,
SQX-USDJPY-H1-5c944d33292c,SUPPORTED,
SQX-USDJPY-H1-5c9e0a0a5f1d,SUPPORTED,
SQX-EURUSD-H1-5c9fa439c871,SUPPORTED,
SQX-XAUUSD-H4-5ca09c88d037,SUPPORTED,
SQX-XAUUSD-H4-5ca11c43b2a2,SUPPORTED,
SQX-EURUSD-H1-5ca1c284dc7b,SUPPORTED,
SQX-USDCHF-H4-5ca46145e4d6,SUPPORTED,
SQX-XAUUSD-H1-5cad719d8772,SUPPORTED,
SQX-USDJPY-H4-5cb33b56462b,SUPPORTED,
SQX-USDCAD-H4-5cb4119103e2,SUPPORTED,
SQX-XAUUSD-H1-5cc5a09bb572,SUPPORTED,
SQX-USDJPY-H4-5cc92ce0ca51,SUPPORTED,
SQX-XAUUSD-H4-5cca93e8dad8,SUPPORTED,
SQX-XAUUSD-H4-5ccf5b79cd91,SUPPORTED,
SQX-XAUUSD-H1-5cd791a5ca95,SUPPORTED,
SQX-XAUUSD-H4-5cd94978cf56,SUPPORTED,
SQX-EURUSD-H4-5cdd2ef6a7d0,SUPPORTED,
SQX-USDJPY-H4-5cde0200ac18,SUPPORTED,
SQX-EURUSD-M15-5ce43d80adb6,SUPPORTED,
SQX-XAUUSD-H4-5ceab5daa8b9,SUPPORTED,
SQX-XAUUSD-H4-5cf072892612,SUPPORTED,
SQX-USDJPY-H4-5cfb7a920412,SUPPORTED,
SQX-GBPUSD-M15-5d0cabf443b1,SUPPORTED,
SQX-USDCAD-H4-5d103db330fd,SUPPORTED,
SQX-XAUUSD-H4-5d1167d89ef5,SUPPORTED,
SQX-EURUSD-H1-5d130ea13293,SUPPORTED,
SQX-USDJPY-H4-5d1619e1be57,SUPPORTED,
SQX-USDJPY-M15-5d1c808d1dd2,SUPPORTED,
SQX-USDJPY-H4-5d1f87d9462c,SUPPORTED,
SQX-XAUUSD-H1-5d1f98b6044f,SUPPORTED,
SQX-XAUUSD-H4-5d20bde34606,SUPPORTED,
SQX-XAUUSD-H1-5d21f792b673,SUPPORTED,
SQX-XAUUSD-H4-5d2588987f46,SUPPORTED,
SQX-XAUUSD-H4-5d2c8c290092,SUPPORTED,
SQX-GBPUSD-H1-5d2d06caaef6,SUPPORTED,
SQX-XAUUSD-H4-5d33df70e4b4,SUPPORTED,
SQX-EURUSD-H1-5d3411852e93,SUPPORTED,
SQX-XAUUSD-H4-5d37b4fabe43,SUPPORTED,
SQX-USDJPY-H4-5d3df2c5e181,SUPPORTED,
SQX-XAUUSD-H4-5d4752185ea2,SUPPORTED,
SQX-USDCHF-H4-5d4881435200,SUPPORTED,
SQX-XAUUSD-H4-5d4a52b936d3,SUPPORTED,
SQX-XAUUSD-H4-5d4d0bddef6b,SUPPORTED,
SQX-USDJPY-H4-5d554dc80dfa,SUPPORTED,
SQX-USDJPY-H4-5d5d144da1f8,SUPPORTED,
SQX-GBPUSD-H4-5d61955b2000,SUPPORTED,
SQX-USDJPY-H4-5d660f02f2d3,SUPPORTED,
SQX-XAUUSD-H4-5d70e0a5c689,SUPPORTED,
SQX-USDJPY-H1-5d7596c61157,SUPPORTED,
SQX-USDJPY-H4-5d7e2a8129d1,SUPPORTED,
SQX-XAUUSD-H4-5d89da09918d,SUPPORTED,
SQX-XAUUSD-H4-5d8c892bf161,SUPPORTED,
SQX-XAUUSD-H4-5d903133cc15,SUPPORTED,
SQX-USDJPY-H4-5d962a7fbb05,SUPPORTED,
SQX-USDJPY-H4-5da0baf87244,SUPPORTED,
SQX-USDCHF-H4-5da1cef8c49c,SUPPORTED,
SQX-GBPUSD-H4-5da512d9bd9f,SUPPORTED,
SQX-USDJPY-H1-5da8b24c6fc2,SUPPORTED,
SQX-XAUUSD-H4-5db56d9f414b,SUPPORTED,
SQX-XAUUSD-H4-5db7ab229fa0,SUPPORTED,
SQX-XAUUSD-H4-5db8db374bb1,SUPPORTED,
SQX-XAUUSD-H4-5dcaf7a8c84e,SUPPORTED,
SQX-USDJPY-H1-5dd4706d5340,SUPPORTED,
SQX-XAUUSD-H4-5dd80d3376b2,SUPPORTED,
SQX-USDJPY-H1-5de1d29ba0ae,SUPPORTED,
SQX-XAUUSD-H4-5de3fcaa3994,SUPPORTED,
SQX-XAUUSD-H4-5de451428713,SUPPORTED,
SQX-USDJPY-H4-5de65f27897d,SUPPORTED,
SQX-XAUUSD-H4-5de77275e8d4,SUPPORTED,
SQX-XAUUSD-H4-5df68eb1b894,SUPPORTED,
SQX-GBPUSD-H4-5e05f9a67f23,SUPPORTED,
SQX-USDJPY-H1-5e074d32563f,SUPPORTED,
SQX-USDCHF-H4-5e0a24d444ca,SUPPORTED,
SQX-USDCHF-H4-5e0b88b7d2a7,SUPPORTED,
SQX-XAUUSD-H4-5e1245ce1685,SUPPORTED,
SQX-EURUSD-H1-5e159ed630db,SUPPORTED,
SQX-GBPUSD-H1-5e165160b599,SUPPORTED,
SQX-XAUUSD-H4-5e18b809a36b,SUPPORTED,
SQX-XAUUSD-H4-5e1a0cd1f873,SUPPORTED,
SQX-GBPUSD-H1-5e1b76528d25,SUPPORTED,
SQX-XAUUSD-H4-5e1eac55ab4b,SUPPORTED,
SQX-XAUUSD-H4-5e25121362fa,SUPPORTED,
SQX-XAUUSD-H4-5e2e70c7f9da,SUPPORTED,
SQX-EURUSD-H4-5e4f06b04826,SUPPORTED,
SQX-XAUUSD-H4-5e5ec22b9d98,SUPPORTED,
SQX-USDJPY-H1-5e625a68eeb4,SUPPORTED,
SQX-GBPUSD-H1-5e68032b0526,SUPPORTED,
SQX-XAUUSD-H4-5e6951da4f7c,SUPPORTED,
SQX-USDCHF-H4-5e6cf5c363f1,SUPPORTED,
SQX-EURUSD-H4-5e705f028b3a,SUPPORTED,
SQX-XAUUSD-H4-5e7470a4818e,SUPPORTED,
SQX-USDJPY-H1-5e7e2e4bf294,SUPPORTED,
SQX-EURUSD-H1-5e8878fede9b,SUPPORTED,
SQX-USDCAD-H1-5e9580ca71d0,SUPPORTED,
SQX-XAUUSD-H4-5e9c1d47efab,SUPPORTED,
SQX-USDCAD-H4-5e9c68b5bf6a,SUPPORTED,
SQX-XAUUSD-H4-5ea2f4bf2392,SUPPORTED,
SQX-XAUUSD-H4-5eb453e3d70e,SUPPORTED,
SQX-EURUSD-H1-5ec048585c9f,SUPPORTED,
SQX-EURUSD-H4-5ec3ee7e0f40,SUPPORTED,
SQX-XAUUSD-H4-5ec53181901d,SUPPORTED,
SQX-XAUUSD-H4-5ecb652049fa,SUPPORTED,
SQX-XAUUSD-H4-5ed29be2b112,SUPPORTED,
SQX-USDCAD-H4-5ed5ae736630,SUPPORTED,
SQX-XAUUSD-H4-5ed89f62ed49,SUPPORTED,
SQX-USDJPY-H4-5edd754e85ee,SUPPORTED,
SQX-XAUUSD-H4-5edead52237e,SUPPORTED,
SQX-EURUSD-H4-5ee147a3217a,SUPPORTED,
SQX-EURUSD-H4-5ee5ea4a1703,SUPPORTED,
SQX-GBPUSD-M15-5ee905ebab73,SUPPORTED,
SQX-XAUUSD-H4-5ef0b97dd3c2,SUPPORTED,
SQX-USDJPY-H1-5ef115ff28ce,SUPPORTED,
SQX-EURUSD-H1-5ef337b19948,SUPPORTED,
SQX-XAUUSD-H4-5f05f0126681,SUPPORTED,
SQX-XAUUSD-H4-5f08b0326701,SUPPORTED,
SQX-XAUUSD-H1-5f0cbaa99df7,SUPPORTED,
SQX-XAUUSD-H4-5f11a2a54710,SUPPORTED,
SQX-USDCHF-H4-5f162f42aaa8,SUPPORTED,
SQX-USDJPY-M15-5f250a1cb225,SUPPORTED,
SQX-XAUUSD-H1-5f29cc0c3c1a,SUPPORTED,
SQX-XAUUSD-H4-5f2f0edb4c4f,SUPPORTED,
SQX-XAUUSD-H1-5f327523b7f8,SUPPORTED,
SQX-XAUUSD-H4-5f3ddaaa0c2b,SUPPORTED,
SQX-EURUSD-H4-5f406617390b,SUPPORTED,
SQX-XAUUSD-H4-5f4173015dda,SUPPORTED,
SQX-USDJPY-M15-5f4fc4ba5ada,SUPPORTED,
SQX-XAUUSD-H4-5f51cdeb3455,SUPPORTED,
SQX-USDCAD-H4-5f5d1c0e1426,SUPPORTED,
SQX-XAUUSD-H4-5f5fa9abc95b,SUPPORTED,
SQX-USDCHF-H4-5f789f837f9a,SUPPORTED,
SQX-XAUUSD-H4-5f7a2ef75e6e,SUPPORTED,
SQX-XAUUSD-H4-5f7a608caff4,SUPPORTED,
SQX-XAUUSD-H4-5f8a64788f49,SUPPORTED,
SQX-XAUUSD-H4-5f8bfdb75f0c,SUPPORTED,
SQX-XAUUSD-H4-5f9235141cb3,SUPPORTED,
SQX-USDJPY-H1-5f936e33afff,SUPPORTED,
SQX-XAUUSD-H4-5f96d9e3a1af,SUPPORTED,
SQX-XAUUSD-H1-5f9d809eb6a5,SUPPORTED,
SQX-USDJPY-H4-5fa09f823469,SUPPORTED,
SQX-EURUSD-H1-5fa865a5bb49,SUPPORTED,
SQX-XAUUSD-H4-5fa9fb642035,SUPPORTED,
SQX-XAUUSD-H4-5faed2ed595b,SUPPORTED,
SQX-EURUSD-H1-5fb7d637ae10,SUPPORTED,
SQX-USDJPY-H1-5fcbe4002f11,SUPPORTED,
SQX-XAUUSD-H4-5fcff706398b,SUPPORTED,
SQX-XAUUSD-H4-5fd4c81a44bd,SUPPORTED,
SQX-USDJPY-H4-5fd9d5083554,SUPPORTED,
SQX-XAUUSD-H4-5fde471c1df4,SUPPORTED,
SQX-USDJPY-M15-5fe129bfdfb0,SUPPORTED,
SQX-EURUSD-H1-5ffa46af3b4c,SUPPORTED,
SQX-XAUUSD-H4-6003b5a368c0,SUPPORTED,
SQX-XAUUSD-H4-600f470dbe79,SUPPORTED,
SQX-XAUUSD-H4-602029256152,SUPPORTED,
SQX-XAUUSD-H4-602c2f311322,SUPPORTED,
SQX-USDCHF-H4-602e4fab8e6c,SUPPORTED,
SQX-XAUUSD-H4-6030b80078ba,SUPPORTED,
SQX-EURUSD-H4-6032ec0cdad4,SUPPORTED,
SQX-EURUSD-H1-6034b7f0b31b,SUPPORTED,
SQX-USDJPY-H1-60395db2a9fe,SUPPORTED,
SQX-XAUUSD-H4-603cc949c12e,SUPPORTED,
SQX-USDCAD-H4-603e70ff697a,SUPPORTED,
SQX-EURUSD-H4-60400a499ac3,SUPPORTED,
SQX-USDJPY-H4-60462dbc52fd,SUPPORTED,
SQX-USDCHF-H4-604ac8361c90,SUPPORTED,
SQX-EURUSD-H1-604d8aba4561,SUPPORTED,
SQX-XAUUSD-H4-6050c7625272,SUPPORTED,
SQX-USDJPY-H1-605157313921,SUPPORTED,
SQX-XAUUSD-H4-6058ac9f50b3,SUPPORTED,
SQX-EURUSD-H4-605addab8f3f,SUPPORTED,
SQX-USDCHF-H4-605ee79e2f91,SUPPORTED,
SQX-XAUUSD-H4-6060f661ec34,SUPPORTED,
SQX-EURUSD-H1-6062eada2d73,SUPPORTED,
SQX-USDCHF-H4-6065f5d695b5,SUPPORTED,
SQX-XAUUSD-H4-60733028535c,SUPPORTED,
SQX-XAUUSD-H4-607799c19928,SUPPORTED,
SQX-EURUSD-H4-607b23986b08,SUPPORTED,
SQX-USDJPY-H1-6080c2817460,SUPPORTED,
SQX-XAUUSD-H4-6087540eaef6,SUPPORTED,
SQX-XAUUSD-H4-6093a4a285ec,SUPPORTED,
SQX-GBPUSD-H4-60947d41d0b1,SUPPORTED,
SQX-EURUSD-H1-60a20163bc01,SUPPORTED,
SQX-USDJPY-H1-60a32e23828c,SUPPORTED,
SQX-XAUUSD-H1-60add213edd2,SUPPORTED,
SQX-XAUUSD-H4-60b049d6ebc8,SUPPORTED,
SQX-USDJPY-H4-60c328e0b4b0,SUPPORTED,
SQX-EURUSD-H1-60c702034720,SUPPORTED,
SQX-XAUUSD-H4-60d46c30ba74,SUPPORTED,
SQX-USDCHF-H4-60d69c9517a7,SUPPORTED,
SQX-XAUUSD-H1-60d70a44e4dc,SUPPORTED,
SQX-EURUSD-H4-60de51664ea0,SUPPORTED,
SQX-USDJPY-H1-60e071e87c1c,SUPPORTED,
SQX-XAUUSD-H4-60e2019d432f,SUPPORTED,
SQX-XAUUSD-H4-60e8099f91d6,SUPPORTED,
SQX-EURUSD-H4-60f30255fbe6,SUPPORTED,
SQX-USDJPY-H4-60f52763cfed,SUPPORTED,
SQX-XAUUSD-H4-60fccc1fd8b4,SUPPORTED,
SQX-USDJPY-H1-6100d54a5eca,SUPPORTED,
SQX-EURUSD-H1-61036d4d447d,SUPPORTED,
SQX-XAUUSD-H4-610533e7226c,SUPPORTED,
SQX-XAUUSD-H4-6110d3be3de2,SUPPORTED,
SQX-XAUUSD-H1-6112f9214582,SUPPORTED,
SQX-XAUUSD-H1-61133d9c419d,SUPPORTED,
SQX-EURUSD-H1-611b3b7f3ac5,SUPPORTED,
SQX-XAUUSD-H1-612795c7ff3c,SUPPORTED,
SQX-XAUUSD-H1-613581af796c,SUPPORTED,
SQX-USDJPY-H1-6146db1651c0,SUPPORTED,
SQX-XAUUSD-H4-6149523e285e,SUPPORTED,
SQX-USDJPY-H4-614a3a9674de,SUPPORTED,
SQX-XAUUSD-H4-614d19ff6e45,SUPPORTED,
SQX-USDCAD-H4-614e36803732,SUPPORTED,
SQX-USDCHF-H4-614f03b9e564,SUPPORTED,
SQX-XAUUSD-H4-61524e319f9a,SUPPORTED,
SQX-EURUSD-H4-6153f06bbc16,SUPPORTED,
SQX-USDCHF-H4-6157500a4d45,SUPPORTED,
SQX-USDCAD-H4-615843ee10d5,SUPPORTED,
SQX-USDCHF-H4-615b15c6a605,SUPPORTED,
SQX-USDJPY-H4-615d2615e8cc,SUPPORTED,
SQX-USDJPY-H1-616e79f43fcf,SUPPORTED,
SQX-EURUSD-H1-616fb4d0697a,SUPPORTED,
SQX-XAUUSD-H1-617714b350c1,SUPPORTED,
SQX-GBPUSD-H1-617f20bfac27,SUPPORTED,
SQX-XAUUSD-H4-6183a6549f50,SUPPORTED,
SQX-EURUSD-M15-618766c80a95,SUPPORTED,
SQX-GBPUSD-H1-618994a37d05,SUPPORTED,
SQX-EURUSD-H4-618f6e3a772c,SUPPORTED,
SQX-XAUUSD-H4-618f8ccfec39,SUPPORTED,
SQX-EURUSD-H1-6195bc6ce9c9,SUPPORTED,
SQX-GBPUSD-H1-619685127468,SUPPORTED,
SQX-XAUUSD-H4-6199bdbd6ad6,SUPPORTED,
SQX-USDJPY-H4-619c9801bf95,SUPPORTED,
SQX-XAUUSD-H4-61b202357fef,SUPPORTED,
SQX-XAUUSD-H1-61b60264ea61,SUPPORTED,
SQX-XAUUSD-H4-61bd3f1a4c28,SUPPORTED,
SQX-XAUUSD-H4-61c5b550e3ca,SUPPORTED,
SQX-XAUUSD-H1-61c5cfd5e0b7,SUPPORTED,
SQX-USDJPY-M15-61c780491376,SUPPORTED,
SQX-USDJPY-H4-61c891189931,SUPPORTED,
SQX-XAUUSD-H4-61d595820c8a,SUPPORTED,
SQX-USDCHF-H4-61d636c1de5f,SUPPORTED,
SQX-USDJPY-H1-61e915b89d98,SUPPORTED,
SQX-XAUUSD-H1-61ee36e11a20,SUPPORTED,
SQX-XAUUSD-H4-61f7eec62fb5,SUPPORTED,
SQX-EURUSD-H4-61fb6978b66f,SUPPORTED,
SQX-XAUUSD-H4-61fd0126221d,SUPPORTED,
SQX-USDJPY-H4-61ff8b8acfbf,SUPPORTED,
SQX-GBPUSD-H4-62003262a9d3,SUPPORTED,
SQX-XAUUSD-H4-62048f184389,SUPPORTED,
SQX-USDCHF-H4-6205a1a298a5,SUPPORTED,
SQX-GBPUSD-H4-620d25c1d4b3,SUPPORTED,
SQX-XAUUSD-H4-620eb7d27bc2,SUPPORTED,
SQX-USDJPY-M15-62141a528364,SUPPORTED,
SQX-XAUUSD-H4-62146556e6ab,SUPPORTED,
SQX-USDCHF-H4-6217c2ce702d,SUPPORTED,
SQX-USDJPY-H1-621906c907dd,SUPPORTED,
SQX-USDCHF-H4-621e86eccdd3,SUPPORTED,
SQX-USDJPY-H4-6226f6e9ed9d,SUPPORTED,
SQX-XAUUSD-H4-62363563e992,SUPPORTED,
SQX-USDJPY-H4-62392ea3b4d7,SUPPORTED,
SQX-USDJPY-H4-623a7869dca8,SUPPORTED,
SQX-USDJPY-H1-623c36935d5f,SUPPORTED,
SQX-USDJPY-H4-624141ebbd0c,SUPPORTED,
SQX-XAUUSD-H4-6244c71bdc40,SUPPORTED,
SQX-EURUSD-H4-6244ccc1a94a,SUPPORTED,
SQX-GBPUSD-H4-624b156a319d,SUPPORTED,
SQX-XAUUSD-H4-624e308d9d3c,SUPPORTED,
SQX-EURUSD-H1-6251572aa138,SUPPORTED,
SQX-EURUSD-H1-625552a4a100,SUPPORTED,
SQX-XAUUSD-H1-625766ca7ad8,SUPPORTED,
SQX-EURUSD-H4-625c9e9c8655,SUPPORTED,
SQX-USDJPY-H1-625cb72aaf95,SUPPORTED,
SQX-XAUUSD-H1-62604f8408fb,SUPPORTED,
SQX-XAUUSD-H4-62642ed9f378,SUPPORTED,
SQX-USDCHF-H4-62680b85107b,SUPPORTED,
SQX-XAUUSD-H4-6268aa2c0c5c,SUPPORTED,
SQX-EURUSD-H4-626d8010c310,SUPPORTED,
SQX-XAUUSD-H4-6276d1765e1a,SUPPORTED,
SQX-USDJPY-H4-627a6476d046,SUPPORTED,
SQX-USDJPY-M15-627fa958ff38,SUPPORTED,
SQX-USDCAD-H4-62885943594d,SUPPORTED,
SQX-USDCAD-H1-629b3944f2cc,SUPPORTED,
SQX-GBPUSD-H1-629f44527548,SUPPORTED,
SQX-USDJPY-H1-62a431655f2f,SUPPORTED,
SQX-XAUUSD-H4-62ab4dcdab19,SUPPORTED,
SQX-XAUUSD-H1-62ad064aa5c6,SUPPORTED,
SQX-USDJPY-H4-62b85b09d115,SUPPORTED,
SQX-XAUUSD-H4-62bcfa2756da,SUPPORTED,
SQX-EURUSD-H4-62c6c1c6994f,SUPPORTED,
SQX-USDCHF-H4-62c6e1d027cb,SUPPORTED,
SQX-XAUUSD-H4-62c7c5d4a3ad,SUPPORTED,
SQX-EURUSD-H4-62c92ee9df62,SUPPORTED,
SQX-XAUUSD-H1-62d232685a9b,SUPPORTED,
SQX-GBPUSD-H4-62d2b26ae3fb,SUPPORTED,
SQX-XAUUSD-H4-62d5cc51d556,SUPPORTED,
SQX-USDJPY-H4-62d900819b2a,SUPPORTED,
SQX-USDJPY-H1-62db5548ff5d,SUPPORTED,
SQX-XAUUSD-H4-62e4482eb3fb,SUPPORTED,
SQX-XAUUSD-H1-62f3c3520000,SUPPORTED,
SQX-USDJPY-H4-62f48b13a705,SUPPORTED,
SQX-XAUUSD-H1-6301c602f98f,SUPPORTED,
SQX-USDJPY-H4-6302a647f4e0,SUPPORTED,
SQX-XAUUSD-H1-6314a11e1bb1,SUPPORTED,
SQX-NZDUSD-H4-63170d817fdf,SUPPORTED,
SQX-EURUSD-H4-6327558f0a0d,SUPPORTED,
SQX-EURUSD-H1-6327cc0d1916,SUPPORTED,
SQX-USDJPY-H1-632d71b69ee7,SUPPORTED,
SQX-XAUUSD-H4-63363626ef56,SUPPORTED,
SQX-XAUUSD-H4-633719f0cbfe,SUPPORTED,
SQX-GBPUSD-H4-63385d858ae6,SUPPORTED,
SQX-USDJPY-H4-633c25714eaf,SUPPORTED,
SQX-USDJPY-H1-633e99b0308e,SUPPORTED,
SQX-XAUUSD-H4-63401e35a96a,SUPPORTED,
SQX-EURUSD-H1-63403164f0e9,SUPPORTED,
SQX-XAUUSD-H4-63407a000ad9,SUPPORTED,
SQX-USDJPY-H4-6341c77afeae,SUPPORTED,
SQX-XAUUSD-H1-6348bb6080fc,SUPPORTED,
SQX-EURUSD-H4-634ce1c9020f,SUPPORTED,
SQX-GBPUSD-H4-634f3a323f50,SUPPORTED,
SQX-XAUUSD-H4-63508ea4089c,SUPPORTED,
SQX-USDJPY-H1-635386c0d564,SUPPORTED,
SQX-USDCHF-H4-63554d04f550,SUPPORTED,
SQX-EURUSD-H1-636292a9084a,SUPPORTED,
SQX-XAUUSD-H4-6366ff7d4f78,SUPPORTED,
SQX-EURUSD-H1-63696db839ee,SUPPORTED,
SQX-EURUSD-H1-636bd54fe25d,SUPPORTED,
SQX-XAUUSD-H4-636fe4b705ca,SUPPORTED,
SQX-XAUUSD-H4-637dc6bf30e7,SUPPORTED,
SQX-XAUUSD-H1-63817a6ba612,SUPPORTED,
SQX-XAUUSD-H4-6392adf76ce1,SUPPORTED,
SQX-XAUUSD-H4-6394e1b42f1d,SUPPORTED,
SQX-XAUUSD-H4-639c3de5daa1,SUPPORTED,
SQX-USDCAD-H1-639d1d12e7e5,SUPPORTED,
SQX-EURUSD-H4-63a85366177e,SUPPORTED,
SQX-USDCHF-H4-63a93588ac05,SUPPORTED,
SQX-XAUUSD-H1-63bfd7dd02bb,SUPPORTED,
SQX-EURUSD-H4-63c1e6355013,SUPPORTED,
SQX-XAUUSD-H4-63cac6e84a78,SUPPORTED,
SQX-XAUUSD-H4-63cb4199cf7f,SUPPORTED,
SQX-USDJPY-H4-63d20d040d33,SUPPORTED,
SQX-USDJPY-H1-63d3c8877c12,SUPPORTED,
SQX-XAUUSD-H4-63d59ee5fb94,SUPPORTED,
SQX-USDJPY-H4-63e01a12fcf4,SUPPORTED,
SQX-XAUUSD-H1-63f01079c8c6,SUPPORTED,
SQX-USDJPY-M15-63f779b8c540,SUPPORTED,
SQX-XAUUSD-H4-63f782ee2871,SUPPORTED,
SQX-XAUUSD-H4-63fafa258b43,SUPPORTED,
SQX-XAUUSD-H4-63fec9679ba4,SUPPORTED,
SQX-XAUUSD-H4-6405e184b0c1,SUPPORTED,
SQX-XAUUSD-H1-6405fe6a5916,SUPPORTED,
SQX-USDJPY-H1-640cd294c40a,SUPPORTED,
SQX-XAUUSD-H4-640e41746352,SUPPORTED,
SQX-XAUUSD-H4-64123ed05f00,SUPPORTED,
SQX-GBPUSD-H4-641ee07208ce,SUPPORTED,
SQX-XAUUSD-H4-64238f54114a,SUPPORTED,
SQX-XAUUSD-H4-64244c4a78bc,SUPPORTED,
SQX-XAUUSD-H4-642785d36f14,SUPPORTED,
SQX-XAUUSD-H4-64279b4bfdc0,SUPPORTED,
SQX-XAUUSD-H4-642d80373b0d,SUPPORTED,
SQX-EURUSD-H4-642ddee9b17d,SUPPORTED,
SQX-NZDUSD-H4-642e53f8a37e,SUPPORTED,
SQX-GBPUSD-H4-6434f188f1a7,SUPPORTED,
SQX-XAUUSD-H4-64382d21266f,SUPPORTED,
SQX-USDCHF-H4-643a7c1b2bc4,SUPPORTED,
SQX-USDJPY-H4-6445a9486865,SUPPORTED,
SQX-GBPUSD-H4-644a35b6b12b,SUPPORTED,
SQX-XAUUSD-H4-6453ace073b5,SUPPORTED,
SQX-XAUUSD-H4-645464e57811,SUPPORTED,
SQX-USDCAD-H1-645842dc501e,SUPPORTED,
SQX-XAUUSD-H4-645bbd779eb2,SUPPORTED,
SQX-XAUUSD-H4-64610ecdecf7,SUPPORTED,
SQX-XAUUSD-H1-6464911c2813,SUPPORTED,
SQX-XAUUSD-H4-646741121101,SUPPORTED,
SQX-GBPUSD-H4-646905b1f56b,SUPPORTED,
SQX-USDCHF-H4-64701f171e07,SUPPORTED,
SQX-USDCHF-H4-6470a27641d0,SUPPORTED,
SQX-GBPUSD-H4-647767e0c0f8,SUPPORTED,
SQX-XAUUSD-H1-647d969cd40e,SUPPORTED,
SQX-GBPUSD-H4-64809b7d2fc3,SUPPORTED,
SQX-EURUSD-H4-64856de7dc2e,SUPPORTED,
SQX-XAUUSD-H4-649201a1119d,SUPPORTED,
SQX-XAUUSD-H1-64a26fdbf964,SUPPORTED,
SQX-EURUSD-H1-64a3cfafd0a5,SUPPORTED,
SQX-USDJPY-H1-64a6554f480e,SUPPORTED,
SQX-USDJPY-H4-64aed37410ff,SUPPORTED,
SQX-USDJPY-H4-64af178ab3b8,SUPPORTED,
SQX-EURUSD-H1-64b99c240d39,SUPPORTED,
SQX-USDJPY-H4-64bb223024be,SUPPORTED,
SQX-USDJPY-H4-64bfbe35f6b2,SUPPORTED,
SQX-XAUUSD-H4-64c56c782d42,SUPPORTED,
SQX-USDJPY-M15-64c8a728fc18,SUPPORTED,
SQX-XAUUSD-H1-64cb5a61b30e,SUPPORTED,
SQX-XAUUSD-H4-64d06aabef61,SUPPORTED,
SQX-EURUSD-H4-64d72bd0602f,SUPPORTED,
SQX-XAUUSD-H4-64d7ae265456,SUPPORTED,
SQX-USDJPY-H1-64debf377671,SUPPORTED,
SQX-XAUUSD-H4-64e3991fa26c,SUPPORTED,
SQX-XAUUSD-H4-64e3c92f9309,SUPPORTED,
SQX-USDJPY-H4-64e4112e4a68,SUPPORTED,
SQX-XAUUSD-H4-64fa2b46ee51,SUPPORTED,
SQX-USDJPY-H1-64fcfe13cad6,SUPPORTED,
SQX-XAUUSD-H4-650a721851cb,SUPPORTED,
SQX-GBPUSD-H4-650b06de8912,SUPPORTED,
SQX-USDCHF-H4-650f733977b3,SUPPORTED,
SQX-USDJPY-H4-651029f51aec,SUPPORTED,
SQX-XAUUSD-H4-651d7c1c3455,SUPPORTED,
SQX-USDJPY-H4-652107e580ad,SUPPORTED,
SQX-EURUSD-H4-6522a26ed10e,SUPPORTED,
SQX-XAUUSD-H4-652336f40504,SUPPORTED,
SQX-USDJPY-H1-65290ae7c5b5,SUPPORTED,
SQX-EURUSD-H1-652a60544943,SUPPORTED,
SQX-EURUSD-H1-653186237cdd,SUPPORTED,
SQX-XAUUSD-H4-653dd9d75fc6,SUPPORTED,
SQX-XAUUSD-H4-654230f211c2,SUPPORTED,
SQX-XAUUSD-H4-65445b491ecd,SUPPORTED,
SQX-XAUUSD-H4-6545dcc7d23c,SUPPORTED,
SQX-GBPUSD-H4-654c60385d4c,SUPPORTED,
SQX-EURUSD-H4-65534306537c,SUPPORTED,
SQX-XAUUSD-H1-6555dea49657,SUPPORTED,
SQX-USDJPY-H4-6558a79b658e,SUPPORTED,
SQX-XAUUSD-H4-655bbb45fe0a,SUPPORTED,
SQX-USDJPY-H4-655ca070e7c5,SUPPORTED,
SQX-XAUUSD-H4-655eab429405,SUPPORTED,
SQX-USDJPY-H1-655f0ad46e5f,SUPPORTED,
SQX-XAUUSD-H4-65610498718b,SUPPORTED,
SQX-EURUSD-H4-6561f91606e3,SUPPORTED,
SQX-XAUUSD-H4-657b9c6524e1,SUPPORTED,
SQX-XAUUSD-H1-657d1cb2e8a3,SUPPORTED,
SQX-NZDUSD-H4-657fba1125c7,SUPPORTED,
SQX-USDJPY-H1-6580a37aa185,SUPPORTED,
SQX-XAUUSD-H4-65902baa5a0a,SUPPORTED,
SQX-USDCAD-H4-6595c15faa3c,SUPPORTED,
SQX-USDJPY-H1-65963d3ab7aa,SUPPORTED,
SQX-XAUUSD-H4-6598c6d227c0,SUPPORTED,
SQX-USDJPY-H1-659eeb541de8,SUPPORTED,
SQX-GBPUSD-H4-65a5f34077f9,SUPPORTED,
SQX-GBPUSD-H4-65a7150a900b,SUPPORTED,
SQX-USDCAD-H4-65abf5963ef3,SUPPORTED,
SQX-XAUUSD-H4-65b131832265,SUPPORTED,
SQX-XAUUSD-H1-65b190eebfa4,SUPPORTED,
SQX-XAUUSD-H1-65b98502572e,SUPPORTED,
SQX-XAUUSD-H4-65b9adbed6ab,SUPPORTED,
SQX-XAUUSD-H1-65cf355714b9,SUPPORTED,
SQX-USDJPY-H1-65d3571b6c86,SUPPORTED,
SQX-USDJPY-H4-65d3908ad1c9,SUPPORTED,
SQX-EURUSD-H1-65d4d7f94cea,SUPPORTED,
SQX-USDJPY-H1-65da55f6b477,SUPPORTED,
SQX-USDJPY-H4-65db2f36304d,SUPPORTED,
SQX-GBPUSD-H4-65dc27e3cf8c,SUPPORTED,
SQX-XAUUSD-H4-65df9e1d8dce,SUPPORTED,
SQX-XAUUSD-H4-65e108fa505a,SUPPORTED,
SQX-EURUSD-H1-65e9b9a48ae7,SUPPORTED,
SQX-USDJPY-H1-65f6d2070594,SUPPORTED,
SQX-USDJPY-H1-65fa27ab92a9,SUPPORTED,
SQX-XAUUSD-H1-65fbdf4e095a,SUPPORTED,
SQX-USDJPY-H4-66022d184279,SUPPORTED,
SQX-XAUUSD-H4-6603c8805e30,SUPPORTED,
SQX-NZDUSD-H4-6606804f853a,SUPPORTED,
SQX-USDJPY-H4-660c59a3d5f6,SUPPORTED,
SQX-XAUUSD-H4-6619fbb027dd,SUPPORTED,
SQX-XAUUSD-H1-661e8a710b04,SUPPORTED,
SQX-EURUSD-H1-661e9674a87a,SUPPORTED,
SQX-USDJPY-H1-66232d476eb8,SUPPORTED,
SQX-EURUSD-H4-6627d64c8b35,SUPPORTED,
SQX-XAUUSD-H1-662b77cf4104,SUPPORTED,
SQX-XAUUSD-H1-662d2e85706d,SUPPORTED,
SQX-XAUUSD-H4-662e0ff8d830,SUPPORTED,
SQX-GBPUSD-M15-663a829e1d6c,SUPPORTED,
SQX-USDJPY-H4-663aa70a462b,SUPPORTED,
SQX-GBPUSD-M15-6646ebaadb94,SUPPORTED,
SQX-USDJPY-H4-66475d0da63c,SUPPORTED,
SQX-EURUSD-H1-6657987df993,SUPPORTED,
SQX-XAUUSD-H4-665bec54edbf,SUPPORTED,
SQX-XAUUSD-H4-66615eff7b0e,SUPPORTED,
SQX-XAUUSD-H4-6673d16e7dff,SUPPORTED,
SQX-XAUUSD-H4-667403cd2891,SUPPORTED,
SQX-XAUUSD-H4-6677d3818cf3,SUPPORTED,
SQX-USDCHF-H4-6682135a7f46,SUPPORTED,
SQX-EURUSD-H1-6682b7a6ec07,SUPPORTED,
SQX-EURUSD-H4-66846161c50d,SUPPORTED,
SQX-EURUSD-H1-66892d22603d,SUPPORTED,
SQX-XAUUSD-H4-66903213b890,SUPPORTED,
SQX-XAUUSD-H4-6697ecb0f455,SUPPORTED,
SQX-USDJPY-H4-66a0935c0e48,SUPPORTED,
SQX-XAUUSD-H4-66a9de8fc42d,SUPPORTED,
SQX-EURUSD-H4-66adb1727b43,SUPPORTED,
SQX-XAUUSD-H4-66b14b3b719b,SUPPORTED,
SQX-EURUSD-H1-66bc7a18ffd9,SUPPORTED,
SQX-XAUUSD-H1-66bdcb39e774,SUPPORTED,
SQX-USDJPY-H4-66c1aca6388c,SUPPORTED,
SQX-EURUSD-H1-66c2d947647b,SUPPORTED,
SQX-XAUUSD-H4-66c5a3386ed4,SUPPORTED,
SQX-USDJPY-H1-66c63ea61504,SUPPORTED,
SQX-USDJPY-H1-66cf669c5af1,SUPPORTED,
SQX-XAUUSD-H4-66d5042af8ef,SUPPORTED,
SQX-USDJPY-H4-66d8d7d29dcb,SUPPORTED,
SQX-XAUUSD-H4-66d9d41e8b8a,SUPPORTED,
SQX-EURUSD-H1-66daa776ee00,SUPPORTED,
SQX-XAUUSD-H4-66dafc134f8c,SUPPORTED,
SQX-XAUUSD-H4-66dd7769b7f6,SUPPORTED,
SQX-XAUUSD-H4-66e278634076,SUPPORTED,
SQX-USDJPY-H4-66e3632a1607,SUPPORTED,
SQX-USDJPY-H4-66e73312076a,SUPPORTED,
SQX-XAUUSD-H4-66f107824859,SUPPORTED,
SQX-XAUUSD-H4-66f34b8a1186,SUPPORTED,
SQX-USDJPY-H4-66faea010bfb,SUPPORTED,
SQX-XAUUSD-H4-66fcfc2d1dd2,SUPPORTED,
SQX-XAUUSD-H4-670c5a8de848,SUPPORTED,
SQX-XAUUSD-H4-670f2b7c889b,SUPPORTED,
SQX-EURUSD-H1-6711935dcfe7,SUPPORTED,
SQX-USDJPY-H4-6718a728ada4,SUPPORTED,
SQX-EURUSD-H1-671c62165eff,SUPPORTED,
SQX-USDJPY-H4-671da35def8f,SUPPORTED,
SQX-USDJPY-H4-67209e914c04,SUPPORTED,
SQX-XAUUSD-H4-67236e07ca88,SUPPORTED,
SQX-XAUUSD-H4-67282edf4ffd,SUPPORTED,
SQX-EURUSD-M15-672bbba33702,SUPPORTED,
SQX-EURUSD-H4-672f9c8bdd58,SUPPORTED,
SQX-EURUSD-H4-6731e665f4ff,SUPPORTED,
SQX-XAUUSD-H4-67336c2a2c9d,SUPPORTED,
SQX-XAUUSD-H4-673bc60fb569,SUPPORTED,
SQX-USDCHF-H4-673ded89ed52,SUPPORTED,
SQX-XAUUSD-H1-6745f77df8b0,SUPPORTED,
SQX-GBPUSD-H4-674dc7fcbbc2,SUPPORTED,
SQX-XAUUSD-H4-6751edf01b2e,SUPPORTED,
SQX-XAUUSD-H4-675286475520,SUPPORTED,
SQX-GBPUSD-H1-6762d8b548e5,SUPPORTED,
SQX-USDJPY-H4-676fcf1c10b6,SUPPORTED,
SQX-USDJPY-H4-677c56d309c6,SUPPORTED,
SQX-USDJPY-H1-677c7419ca87,SUPPORTED,
SQX-USDJPY-H1-67805bd9b093,SUPPORTED,
SQX-USDJPY-H4-678513840bc0,SUPPORTED,
SQX-USDJPY-H1-6789dd00cd8e,SUPPORTED,
SQX-XAUUSD-H4-678e0139e114,SUPPORTED,
SQX-GBPUSD-H4-67967294f6df,SUPPORTED,
SQX-EURUSD-H1-679cd1b5e132,SUPPORTED,
SQX-GBPUSD-H1-67aa1605cf34,SUPPORTED,
SQX-USDJPY-H4-67b22625ee4f,SUPPORTED,
SQX-GBPUSD-H4-67bd6209593e,SUPPORTED,
SQX-USDJPY-H4-67c3c6576d1b,SUPPORTED,
SQX-EURUSD-H1-67c3d7c55420,SUPPORTED,
SQX-USDJPY-H4-67c6726cc990,SUPPORTED,
SQX-XAUUSD-H4-67d26b042b24,SUPPORTED,
SQX-EURUSD-M15-67d91a010e17,SUPPORTED,
SQX-XAUUSD-H4-67e69947b03e,SUPPORTED,
SQX-XAUUSD-H4-67ed72b2de1f,SUPPORTED,
SQX-USDCHF-H4-67ef5bc7e915,SUPPORTED,
SQX-GBPUSD-M15-67f5e43b03ca,SUPPORTED,
SQX-EURUSD-H4-67f8694fe626,SUPPORTED,
SQX-USDJPY-H1-67f8798327b7,SUPPORTED,
SQX-USDJPY-H4-6806383f0d29,SUPPORTED,
SQX-EURUSD-H4-6806c571c47d,SUPPORTED,
SQX-USDJPY-H4-680e911e320e,SUPPORTED,
SQX-USDJPY-H1-681b13fea2d5,SUPPORTED,
SQX-USDJPY-H1-6823439d7ae6,SUPPORTED,
SQX-EURUSD-H4-68256b9894d9,SUPPORTED,
SQX-XAUUSD-H4-6828bb347b59,SUPPORTED,
SQX-XAUUSD-H4-6828bb935dee,SUPPORTED,
SQX-USDJPY-H4-6829ea64a76e,SUPPORTED,
SQX-XAUUSD-H1-683318d9dfd2,SUPPORTED,
SQX-XAUUSD-H4-6849c24f9290,SUPPORTED,
SQX-GBPUSD-H4-6849dc9bc8fd,SUPPORTED,
SQX-XAUUSD-H1-6852279dd8f7,SUPPORTED,
SQX-EURUSD-H1-68567f217ec0,SUPPORTED,
SQX-XAUUSD-H4-68588904df14,SUPPORTED,
SQX-EURUSD-H1-686178e1eefa,SUPPORTED,
SQX-USDCHF-H4-6869269d6b2f,SUPPORTED,
SQX-XAUUSD-H4-686a9674db27,SUPPORTED,
SQX-GBPUSD-H1-686eca419a7e,SUPPORTED,
SQX-XAUUSD-H4-686fc3c97b37,SUPPORTED,
SQX-XAUUSD-H4-687784279892,SUPPORTED,
SQX-XAUUSD-H4-687cdfb14dc6,SUPPORTED,
SQX-XAUUSD-H1-68897f4a3a3a,SUPPORTED,
SQX-USDJPY-H4-688ef22f4479,SUPPORTED,
SQX-XAUUSD-H4-6898b0f6f41c,SUPPORTED,
SQX-USDJPY-H1-689d0678d4a3,SUPPORTED,
SQX-GBPUSD-M15-68a242c78dc0,SUPPORTED,
SQX-EURUSD-H4-68ac55bead6f,SUPPORTED,
SQX-XAUUSD-H4-68b0d83d951a,SUPPORTED,
SQX-EURUSD-H4-68b3c73684de,SUPPORTED,
SQX-XAUUSD-H1-68ba1e8c69a8,SUPPORTED,
SQX-EURUSD-H1-68bbfad5365b,SUPPORTED,
SQX-USDJPY-H4-68c074a769e3,SUPPORTED,
SQX-USDJPY-H1-68c3a9e16164,SUPPORTED,
SQX-XAUUSD-H4-68c5b0238d2b,SUPPORTED,
SQX-XAUUSD-H4-68c6d7396c77,SUPPORTED,
SQX-USDJPY-H4-68cc27b72ecf,SUPPORTED,
SQX-USDJPY-H1-68cca0647462,SUPPORTED,
SQX-USDJPY-H4-68cf470fb126,SUPPORTED,
SQX-XAUUSD-H4-68d87973171e,SUPPORTED,
SQX-GBPUSD-H4-68dc6d9fb356,SUPPORTED,
SQX-XAUUSD-H1-68de0dfa8933,SUPPORTED,
SQX-USDJPY-H4-68e2784fbcbd,SUPPORTED,
SQX-EURUSD-H1-68e5d9a6a950,SUPPORTED,
SQX-XAUUSD-H4-68e7c2930e4c,SUPPORTED,
SQX-EURUSD-H1-68f48fb5ddd3,SUPPORTED,
SQX-EURUSD-H4-68f62b45d602,SUPPORTED,
SQX-XAUUSD-H4-68f652ec5be0,SUPPORTED,
SQX-XAUUSD-H1-68fea91254e5,SUPPORTED,
SQX-USDCAD-H4-690881ab49b9,SUPPORTED,
SQX-USDJPY-H4-6908dbb6f2ce,SUPPORTED,
SQX-XAUUSD-H4-691613615ebe,SUPPORTED,
SQX-USDJPY-H1-692944c39359,SUPPORTED,
SQX-XAUUSD-H1-692a67764cb3,SUPPORTED,
SQX-XAUUSD-H4-692ba54bf8cd,SUPPORTED,
SQX-USDJPY-H1-6930b4c170ff,SUPPORTED,
SQX-XAUUSD-H4-6932b69f083a,SUPPORTED,
SQX-USDJPY-H4-693513c14d46,SUPPORTED,
SQX-XAUUSD-H4-6938780fbee1,SUPPORTED,
SQX-XAUUSD-H4-69393ca94507,SUPPORTED,
SQX-GBPUSD-H1-693947f2d7a6,SUPPORTED,
SQX-USDJPY-H1-693d963f562a,SUPPORTED,
SQX-USDJPY-H1-6941e07165db,SUPPORTED,
SQX-USDJPY-H4-6946b0c1564f,SUPPORTED,
SQX-GBPUSD-H4-6946b97f7bbf,SUPPORTED,
SQX-USDJPY-H4-6946cd717923,SUPPORTED,
SQX-XAUUSD-H1-694aaf7aa4c2,SUPPORTED,
SQX-XAUUSD-H4-694d1ac2ff67,SUPPORTED,
SQX-XAUUSD-H1-6958e3f8f0f4,SUPPORTED,
SQX-XAUUSD-H1-6969ba3b2d5b,SUPPORTED,
SQX-USDJPY-H1-696ac15f679a,SUPPORTED,
SQX-XAUUSD-H4-696d4644f358,SUPPORTED,
SQX-USDJPY-H1-696ed01142cb,SUPPORTED,
SQX-XAUUSD-H4-69705f9cf662,SUPPORTED,
SQX-GBPUSD-H1-69706b69c55c,SUPPORTED,
SQX-USDJPY-H1-697ea7eeab40,SUPPORTED,
SQX-USDJPY-H1-6982c080f48a,SUPPORTED,
SQX-XAUUSD-H4-698307657c8f,SUPPORTED,
SQX-EURUSD-H1-698cb6ee8d81,SUPPORTED,
SQX-EURUSD-H4-699037598564,SUPPORTED,
SQX-XAUUSD-H1-699357ca10d1,SUPPORTED,
SQX-USDJPY-H4-69b598f646af,SUPPORTED,
SQX-EURUSD-H1-69b6d86d09a9,SUPPORTED,
SQX-USDJPY-H1-69c2a0d4a108,SUPPORTED,
SQX-XAUUSD-H4-69cb36747b18,SUPPORTED,
SQX-XAUUSD-H4-69cc8b12a754,SUPPORTED,
SQX-XAUUSD-H4-69ccca8c1be8,SUPPORTED,
SQX-XAUUSD-H1-69d0d33b14f4,SUPPORTED,
SQX-XAUUSD-H4-69d5defe9600,SUPPORTED,
SQX-XAUUSD-H4-69d60c13c34c,SUPPORTED,
SQX-USDJPY-H4-69e02bbba016,SUPPORTED,
SQX-XAUUSD-H4-69e0571f1b26,SUPPORTED,
SQX-XAUUSD-H1-69e33b38aa24,SUPPORTED,
SQX-USDJPY-H4-69e3d1dbb442,SUPPORTED,
SQX-XAUUSD-H4-69f0f2293c99,SUPPORTED,
SQX-XAUUSD-H1-69f94efc0ab1,SUPPORTED,
SQX-XAUUSD-H4-69fd9b27f2a8,SUPPORTED,
SQX-USDJPY-H4-69fe08ecdf51,SUPPORTED,
SQX-EURUSD-H4-69fefce86adb,SUPPORTED,
SQX-XAUUSD-H4-6a02a232512e,SUPPORTED,
SQX-XAUUSD-H4-6a04bc272332,SUPPORTED,
SQX-XAUUSD-H1-6a08f72ac3fe,SUPPORTED,
SQX-USDCHF-H4-6a110ec68b3a,SUPPORTED,
SQX-XAUUSD-H4-6a1a1b5c67b2,SUPPORTED,
SQX-USDJPY-H4-6a1e15627382,SUPPORTED,
SQX-USDJPY-H4-6a1fa7e35e61,SUPPORTED,
SQX-XAUUSD-H4-6a27847eab20,SUPPORTED,
SQX-USDCHF-H4-6a2b77895b3e,SUPPORTED,
SQX-XAUUSD-H4-6a2ed3d079c6,SUPPORTED,
SQX-USDJPY-H4-6a35ee5cc9ef,SUPPORTED,
SQX-USDJPY-H4-6a3656bbebdd,SUPPORTED,
SQX-USDJPY-H4-6a3c2807a73a,SUPPORTED,
SQX-USDCHF-H4-6a3c9521752a,SUPPORTED,
SQX-XAUUSD-H4-6a3f1d8b6409,SUPPORTED,
SQX-EURUSD-H1-6a444f776904,SUPPORTED,
SQX-EURUSD-H1-6a49da518859,SUPPORTED,
SQX-EURUSD-H1-6a4fad485e4d,SUPPORTED,
SQX-XAUUSD-H4-6a5a10ef42c5,SUPPORTED,
SQX-USDJPY-H4-6a5e2c96702e,SUPPORTED,
SQX-USDJPY-H4-6a5fac3c68e4,SUPPORTED,
SQX-EURUSD-H1-6a607622e599,SUPPORTED,
SQX-EURUSD-H1-6a61f3437187,SUPPORTED,
SQX-XAUUSD-H4-6a62e34b3796,SUPPORTED,
SQX-XAUUSD-H4-6a6587672a4a,SUPPORTED,
SQX-GBPUSD-H4-6a65c9cea8dc,SUPPORTED,
SQX-USDCHF-H4-6a6c040195b9,SUPPORTED,
SQX-XAUUSD-H4-6a6e23dabe07,SUPPORTED,
SQX-XAUUSD-H4-6a707ee1d55c,SUPPORTED,
SQX-GBPUSD-H4-6a769ad98fdb,SUPPORTED,
SQX-GBPUSD-H4-6a7ddba782dd,SUPPORTED,
SQX-USDCHF-H4-6a829bb6852e,SUPPORTED,
SQX-XAUUSD-H4-6a8756e7d371,SUPPORTED,
SQX-XAUUSD-H4-6a8f41c8ac98,SUPPORTED,
SQX-XAUUSD-H4-6a96a27b5401,SUPPORTED,
SQX-EURUSD-H4-6a97487b8615,SUPPORTED,
SQX-USDJPY-H4-6a98a4c839c6,SUPPORTED,
SQX-XAUUSD-H4-6a9b4bb4532c,SUPPORTED,
SQX-XAUUSD-H1-6aac205338b1,SUPPORTED,
SQX-XAUUSD-H1-6ab00fc96cc6,SUPPORTED,
SQX-XAUUSD-H4-6abd00cd8cba,SUPPORTED,
SQX-XAUUSD-H1-6ac1a262ec68,SUPPORTED,
SQX-XAUUSD-H1-6ac9e8a54012,SUPPORTED,
SQX-XAUUSD-H4-6ad4fa4e3c6c,SUPPORTED,
SQX-XAUUSD-H4-6ad5742cdd2d,SUPPORTED,
SQX-XAUUSD-H4-6ad5d184f7ab,SUPPORTED,
SQX-XAUUSD-H4-6ad6f5359432,SUPPORTED,
SQX-EURUSD-H4-6ae005ed0e31,SUPPORTED,
SQX-XAUUSD-H4-6ae269090beb,SUPPORTED,
SQX-USDJPY-H4-6ae692c7b01b,SUPPORTED,
SQX-USDCHF-H1-6af4825eb706,SUPPORTED,
SQX-XAUUSD-H4-6af6f1323ccd,SUPPORTED,
SQX-EURUSD-H4-6af7421c89bd,SUPPORTED,
SQX-XAUUSD-H4-6afb807d5976,SUPPORTED,
SQX-USDJPY-H1-6b018da98503,SUPPORTED,
SQX-XAUUSD-H4-6b22223afc1c,SUPPORTED,
SQX-XAUUSD-H4-6b3595617575,SUPPORTED,
SQX-XAUUSD-H4-6b3c4744db80,SUPPORTED,
SQX-XAUUSD-H1-6b40da160df2,SUPPORTED,
SQX-XAUUSD-H4-6b4458ff8cfa,SUPPORTED,
SQX-USDJPY-H4-6b46a0c55a87,SUPPORTED,
SQX-XAUUSD-H4-6b4b9291a110,SUPPORTED,
SQX-XAUUSD-H4-6b4b9b5875a9,SUPPORTED,
SQX-USDJPY-M15-6b4f06fc083f,SUPPORTED,
SQX-USDJPY-H1-6b5a204a93df,SUPPORTED,
SQX-XAUUSD-H4-6b5b6579cdcc,SUPPORTED,
SQX-XAUUSD-H1-6b5ce300c518,SUPPORTED,
SQX-GBPUSD-H1-6b5e65ff3ef8,SUPPORTED,
SQX-XAUUSD-H4-6b639f7ee286,SUPPORTED,
SQX-XAUUSD-H1-6b63c7fda219,SUPPORTED,
SQX-USDJPY-H1-6b64617d6447,SUPPORTED,
SQX-XAUUSD-H4-6b6b58fc4db4,SUPPORTED,
SQX-XAUUSD-H4-6b6ca4752e28,SUPPORTED,
SQX-XAUUSD-H4-6b75f70756f5,SUPPORTED,
SQX-XAUUSD-H4-6b7734c028cf,SUPPORTED,
SQX-EURUSD-H4-6b79e9e4f3bc,SUPPORTED,
SQX-USDJPY-H4-6b7ee6ab54ac,SUPPORTED,
SQX-GBPUSD-H4-6b817074d925,SUPPORTED,
SQX-XAUUSD-H4-6b8a16a43e92,SUPPORTED,
SQX-XAUUSD-H4-6b8d76e66df0,SUPPORTED,
SQX-XAUUSD-H4-6b91565cdf68,SUPPORTED,
SQX-XAUUSD-H4-6b92480e8afb,SUPPORTED,
SQX-EURUSD-H1-6b93dd70235b,SUPPORTED,
SQX-XAUUSD-H1-6b9437c102a8,SUPPORTED,
SQX-USDJPY-H4-6b94eebf4377,SUPPORTED,
SQX-XAUUSD-H4-6bb0c44694ec,SUPPORTED,
SQX-GBPUSD-H4-6bb4f8546175,SUPPORTED,
SQX-XAUUSD-H4-6bb987db4357,SUPPORTED,
SQX-USDJPY-H4-6bc185f634a5,SUPPORTED,
SQX-XAUUSD-H4-6bc1b128ce36,SUPPORTED,
SQX-XAUUSD-H4-6bc47a77d662,SUPPORTED,
SQX-USDCAD-H1-6bcc15abebe1,SUPPORTED,
SQX-USDCHF-H4-6bd036e8aaff,SUPPORTED,
SQX-USDJPY-H4-6bd13e5e129b,SUPPORTED,
SQX-EURUSD-H1-6bd793f3cb4d,SUPPORTED,
SQX-XAUUSD-H4-6bd877af60f8,SUPPORTED,
SQX-XAUUSD-H1-6bd9f8c1ba88,SUPPORTED,
SQX-NZDUSD-H4-6bda27db46f4,SUPPORTED,
SQX-USDCHF-H4-6be1f84f5191,SUPPORTED,
SQX-XAUUSD-H4-6bea2e04de66,SUPPORTED,
SQX-XAUUSD-H1-6bf4ce41a62b,SUPPORTED,
SQX-XAUUSD-H4-6bf8343c78d2,SUPPORTED,
SQX-XAUUSD-H1-6bfba5104aad,SUPPORTED,
SQX-XAUUSD-H4-6bfbba697ea0,SUPPORTED,
SQX-USDCHF-H4-6bfc735c4a71,SUPPORTED,
SQX-XAUUSD-H4-6c0b0f982f2e,SUPPORTED,
SQX-EURUSD-H4-6c144846b784,SUPPORTED,
SQX-XAUUSD-H4-6c219a3310b9,SUPPORTED,
SQX-XAUUSD-H4-6c2996757817,SUPPORTED,
SQX-GBPUSD-H1-6c2fcd988fe2,SUPPORTED,
SQX-EURUSD-H4-6c37ec2d2322,SUPPORTED,
SQX-EURUSD-H4-6c398c6b6e5b,SUPPORTED,
SQX-XAUUSD-H1-6c3b8fd2249d,SUPPORTED,
SQX-USDJPY-H1-6c3d771fe1fd,SUPPORTED,
SQX-XAUUSD-H4-6c45c65b99ed,SUPPORTED,
SQX-XAUUSD-H4-6c45f2161f55,SUPPORTED,
SQX-USDCHF-H4-6c51fe98119e,SUPPORTED,
SQX-EURUSD-H4-6c57caf028f0,SUPPORTED,
SQX-XAUUSD-H1-6c5d0e888c82,SUPPORTED,
SQX-XAUUSD-H1-6c624f0f8386,SUPPORTED,
SQX-XAUUSD-H4-6c6747c47b98,SUPPORTED,
SQX-EURUSD-H4-6c69fd99e202,SUPPORTED,
SQX-XAUUSD-H4-6c6c951c78ba,SUPPORTED,
SQX-XAUUSD-H4-6c6f9d0c9d7d,SUPPORTED,
SQX-EURUSD-H1-6c71fb3cdef1,SUPPORTED,
SQX-EURUSD-H1-6c74e8fded4e,SUPPORTED,
SQX-XAUUSD-H4-6c796c9e6585,SUPPORTED,
SQX-USDJPY-H1-6c85f887b398,SUPPORTED,
SQX-USDCAD-H4-6c87db32b17a,SUPPORTED,
SQX-EURUSD-M15-6c896803a655,SUPPORTED,
SQX-USDJPY-H1-6c8cf6041fad,SUPPORTED,
SQX-EURUSD-H1-6c90ce23cc32,SUPPORTED,
SQX-USDJPY-H4-6c96e7347bf9,SUPPORTED,
SQX-EURUSD-H4-6ca065071aaf,SUPPORTED,
SQX-USDJPY-H4-6ca07957b737,SUPPORTED,
SQX-GBPUSD-H4-6ca4ebb8a25a,SUPPORTED,
SQX-GBPUSD-H1-6ca62e8d2c4f,SUPPORTED,
SQX-USDCHF-H4-6ca931c02c41,SUPPORTED,
SQX-GBPUSD-H1-6cad01e7cd8a,SUPPORTED,
SQX-USDCAD-H4-6cb51cf715d0,SUPPORTED,
SQX-EURUSD-H1-6cbb02745bd9,SUPPORTED,
SQX-USDJPY-H4-6cc7cb100927,SUPPORTED,
SQX-XAUUSD-H4-6cd243e2fe62,SUPPORTED,
SQX-USDCHF-H4-6cd5326bce99,SUPPORTED,
SQX-GBPUSD-M15-6cd6ba719b8c,SUPPORTED,
SQX-USDJPY-M15-6cd7f206e385,SUPPORTED,
SQX-USDCHF-H4-6ce09f73d36d,SUPPORTED,
SQX-USDJPY-H1-6ce268a899fb,SUPPORTED,
SQX-XAUUSD-H1-6ce439d2d06f,SUPPORTED,
SQX-XAUUSD-H4-6ce574017055,SUPPORTED,
SQX-USDCHF-H4-6ce7de0e06b2,SUPPORTED,
SQX-XAUUSD-H1-6ceb0b996623,SUPPORTED,
SQX-XAUUSD-H1-6cf5a58cc676,SUPPORTED,
SQX-XAUUSD-H4-6cf733e194d6,SUPPORTED,
SQX-USDJPY-H4-6cf73d7dc05a,SUPPORTED,
SQX-EURUSD-H4-6cf78576ea13,SUPPORTED,
SQX-XAUUSD-H4-6cf894971292,SUPPORTED,
SQX-XAUUSD-H4-6cfabd58cbf7,SUPPORTED,
SQX-GBPUSD-H4-6cfd336446a1,SUPPORTED,
SQX-XAUUSD-H1-6d000167d75c,SUPPORTED,
SQX-EURUSD-H1-6d015d5c210a,SUPPORTED,
SQX-USDJPY-H1-6d028b26134a,SUPPORTED,
SQX-XAUUSD-H1-6d08868705b0,SUPPORTED,
SQX-EURUSD-H4-6d0b2fc735a8,SUPPORTED,
SQX-USDCHF-H4-6d0b650eccca,SUPPORTED,
SQX-USDCHF-H4-6d0c2b85c63e,SUPPORTED,
SQX-USDJPY-H4-6d0ef0a56362,SUPPORTED,
SQX-USDJPY-H4-6d193c9026eb,SUPPORTED,
SQX-EURUSD-H4-6d1c2bb99926,SUPPORTED,
SQX-EURUSD-H1-6d1cb5fa1910,SUPPORTED,
SQX-XAUUSD-H4-6d1dd67161fe,SUPPORTED,
SQX-XAUUSD-H1-6d23ab8e2ef2,SUPPORTED,
SQX-XAUUSD-H4-6d2647377708,SUPPORTED,
SQX-XAUUSD-H4-6d2bee4dbe57,SUPPORTED,
SQX-XAUUSD-H4-6d3227a71141,SUPPORTED,
SQX-XAUUSD-H4-6d336a3afda9,SUPPORTED,
SQX-USDJPY-H1-6d3c10e537af,SUPPORTED,
SQX-XAUUSD-H4-6d423b6ed556,SUPPORTED,
SQX-EURUSD-H4-6d4a28ac5009,SUPPORTED,
SQX-GBPUSD-H4-6d4c2eec55cf,SUPPORTED,
SQX-USDJPY-H4-6d5142bdddc0,SUPPORTED,
SQX-XAUUSD-H4-6d572fa7b7ff,SUPPORTED,
SQX-XAUUSD-H4-6d5df980caa5,SUPPORTED,
SQX-XAUUSD-H4-6d5e7d14c00b,SUPPORTED,
SQX-GBPUSD-H4-6d62c77bb8a9,SUPPORTED,
SQX-USDJPY-H1-6d62d7cf49af,SUPPORTED,
SQX-USDJPY-H1-6d6a349f64c2,SUPPORTED,
SQX-XAUUSD-H4-6d6f4012dfdd,SUPPORTED,
SQX-USDJPY-H4-6d7907f24eac,SUPPORTED,
SQX-USDCHF-H4-6d7ad90f05d1,SUPPORTED,
SQX-USDCHF-H4-6d7c87864eff,SUPPORTED,
SQX-XAUUSD-H4-6d8164ff0545,SUPPORTED,
SQX-EURUSD-H4-6d9aeafb91fe,SUPPORTED,
SQX-XAUUSD-H1-6da027f2596b,SUPPORTED,
SQX-EURUSD-H1-6da13131360c,SUPPORTED,
SQX-XAUUSD-H4-6da78a7d32a6,SUPPORTED,
SQX-GBPUSD-H1-6da8a63bef18,SUPPORTED,
SQX-XAUUSD-H4-6db7e6d3b5a1,SUPPORTED,
SQX-USDJPY-H4-6db9c6b2b819,SUPPORTED,
SQX-EURUSD-H4-6dc079111758,SUPPORTED,
SQX-USDJPY-H4-6dc149f0d46f,SUPPORTED,
SQX-XAUUSD-H4-6dc3a257f599,SUPPORTED,
SQX-XAUUSD-H4-6dc57c704f49,SUPPORTED,
SQX-USDCHF-H4-6dcbf954f63b,SUPPORTED,
SQX-USDJPY-H1-6dcf0b036d5a,SUPPORTED,
SQX-USDJPY-H4-6dda978349a7,SUPPORTED,
SQX-XAUUSD-H4-6dddb626f336,SUPPORTED,
SQX-XAUUSD-H1-6dddec111d58,SUPPORTED,
SQX-XAUUSD-H4-6de2ac79ece6,SUPPORTED,
SQX-EURUSD-H1-6debe5a13229,SUPPORTED,
SQX-XAUUSD-H1-6df23d52c493,SUPPORTED,
SQX-XAUUSD-H4-6df99b26ef41,SUPPORTED,
SQX-XAUUSD-H4-6dfdbdcabfdf,SUPPORTED,
SQX-USDCAD-H4-6e1697600bc8,SUPPORTED,
SQX-XAUUSD-H4-6e1bafaf38ba,SUPPORTED,
SQX-EURUSD-H1-6e24e0c850d8,SUPPORTED,
SQX-XAUUSD-H4-6e27434ccfba,SUPPORTED,
SQX-EURUSD-H4-6e278fb4f273,SUPPORTED,
SQX-USDJPY-H4-6e283991c85b,SUPPORTED,
SQX-XAUUSD-H1-6e2b8f74908e,SUPPORTED,
SQX-EURUSD-H4-6e2dc7305a76,SUPPORTED,
SQX-EURUSD-H1-6e3330d4618b,SUPPORTED,
SQX-EURUSD-M15-6e37b8614300,SUPPORTED,
SQX-USDJPY-H4-6e43f689ffd4,SUPPORTED,
SQX-USDJPY-H1-6e472d5a7ab3,SUPPORTED,
SQX-XAUUSD-H4-6e475e85e5f5,SUPPORTED,
SQX-USDJPY-H4-6e4ca822740f,SUPPORTED,
SQX-XAUUSD-H1-6e512105acd2,SUPPORTED,
SQX-USDJPY-H4-6e563b6623de,SUPPORTED,
SQX-XAUUSD-H4-6e566acec777,SUPPORTED,
SQX-USDJPY-M15-6e5ca0f06668,SUPPORTED,
SQX-USDJPY-H1-6e5f5babd15e,SUPPORTED,
SQX-XAUUSD-H4-6e66e18227fd,SUPPORTED,
SQX-XAUUSD-H4-6e67d48e7052,SUPPORTED,
SQX-XAUUSD-H4-6e6de45237dc,SUPPORTED,
SQX-USDJPY-H4-6e6fc71147b0,SUPPORTED,
SQX-XAUUSD-H4-6e79d3f318ff,SUPPORTED,
SQX-XAUUSD-H4-6e7f8a367310,SUPPORTED,
SQX-GBPUSD-H4-6e8245c14be5,SUPPORTED,
SQX-USDJPY-H4-6e837e39e09e,SUPPORTED,
SQX-USDJPY-H1-6e85310e5725,SUPPORTED,
SQX-USDJPY-H4-6e8b689a8da8,SUPPORTED,
SQX-XAUUSD-H4-6e8ea948b003,SUPPORTED,
SQX-USDCAD-H4-6e9140e27c0a,SUPPORTED,
SQX-USDCHF-H4-6ea10b560a8d,SUPPORTED,
SQX-EURUSD-H1-6ea2b855d7eb,SUPPORTED,
SQX-USDJPY-H4-6eb0e1d4462c,SUPPORTED,
SQX-USDCAD-H4-6ec8e195cb01,SUPPORTED,
SQX-USDJPY-H4-6ecb67dec176,SUPPORTED,
SQX-XAUUSD-H1-6ecf7bb97def,SUPPORTED,
SQX-USDJPY-H4-6ed7f76a4715,SUPPORTED,
SQX-XAUUSD-H4-6ed91d66dec6,SUPPORTED,
SQX-EURUSD-H1-6edd59636707,SUPPORTED,
SQX-EURUSD-H1-6ee27de01d48,SUPPORTED,
SQX-XAUUSD-H1-6ee34792dfb4,SUPPORTED,
SQX-USDCHF-H4-6ee48f0f11d7,SUPPORTED,
SQX-EURUSD-H4-6ee9ac9bf4bc,SUPPORTED,
SQX-GBPUSD-H4-6ef39cdf3fa2,SUPPORTED,
SQX-XAUUSD-H4-6ef657280576,SUPPORTED,
SQX-EURUSD-H1-6efd7c1474ac,SUPPORTED,
SQX-XAUUSD-H4-6efe05794491,SUPPORTED,
SQX-XAUUSD-H4-6eff6c88944f,SUPPORTED,
SQX-USDJPY-H4-6f09b80d511d,SUPPORTED,
SQX-XAUUSD-H4-6f0b378fb054,SUPPORTED,
SQX-USDJPY-H1-6f0efd8c8a40,SUPPORTED,
SQX-XAUUSD-H1-6f1d0cf54eca,SUPPORTED,
SQX-XAUUSD-H4-6f202da434d2,SUPPORTED,
SQX-XAUUSD-H1-6f20480fbdee,SUPPORTED,
SQX-XAUUSD-H4-6f22f340d00e,SUPPORTED,
SQX-USDJPY-H1-6f25a85f4ff9,SUPPORTED,
SQX-USDJPY-H4-6f2c5035b092,SUPPORTED,
SQX-USDCAD-H4-6f3e810b73bd,SUPPORTED,
SQX-GBPUSD-H1-6f3feba4191d,SUPPORTED,
SQX-XAUUSD-H4-6f54f095e914,SUPPORTED,
SQX-XAUUSD-H4-6f5f8f36b7c2,SUPPORTED,
SQX-USDCAD-H4-6f6a2bfb30bd,SUPPORTED,
SQX-EURUSD-H4-6f6ea0373fb9,SUPPORTED,
SQX-XAUUSD-H4-6f72c586aeac,SUPPORTED,
SQX-USDJPY-H4-6f871be08f65,SUPPORTED,
SQX-USDJPY-H4-6f87cf87c025,SUPPORTED,
SQX-XAUUSD-H1-6f88108b1497,SUPPORTED,
SQX-USDJPY-H1-6f8a6290789f,SUPPORTED,
SQX-EURUSD-M15-6f8f81388a6b,SUPPORTED,
SQX-EURUSD-H4-6f924a1b56f1,SUPPORTED,
SQX-XAUUSD-H4-6f9578aeede1,SUPPORTED,
SQX-USDJPY-H4-6f9604908f67,SUPPORTED,
SQX-EURUSD-H1-6f9fc7d95114,SUPPORTED,
SQX-GBPUSD-H1-6fa7bd9bdcdb,SUPPORTED,
SQX-EURUSD-H1-6fa8173ea02b,SUPPORTED,
SQX-USDJPY-H4-6fad3a0e284e,SUPPORTED,
SQX-USDJPY-H4-6fad811ae456,SUPPORTED,
SQX-EURUSD-H1-6fadd5e31bc5,SUPPORTED,
SQX-XAUUSD-H4-6fb0caf6c222,SUPPORTED,
SQX-XAUUSD-H4-6fb67966a5b3,SUPPORTED,
SQX-EURUSD-H1-6fb78b5c74b8,SUPPORTED,
SQX-EURUSD-H4-6fb86443fed3,SUPPORTED,
SQX-XAUUSD-H4-6fbb60253d54,SUPPORTED,
SQX-XAUUSD-H1-6fbcd18fd99c,SUPPORTED,
SQX-EURUSD-H1-6fc289442272,SUPPORTED,
SQX-XAUUSD-H1-6fc7f75044df,SUPPORTED,
SQX-XAUUSD-H4-6fcc2ace1999,SUPPORTED,
SQX-XAUUSD-H1-6fd5deacfe60,SUPPORTED,
SQX-EURUSD-H4-6fd8efce62fd,SUPPORTED,
SQX-XAUUSD-H4-6fe4b096185b,SUPPORTED,
SQX-XAUUSD-H4-6fe6f4884077,SUPPORTED,
SQX-USDJPY-H4-6fefa307d7b9,SUPPORTED,
SQX-EURUSD-H4-6ff52da89d83,SUPPORTED,
SQX-GBPUSD-H1-6ff974de098f,SUPPORTED,
SQX-USDCAD-H4-6ffbf9d5016a,SUPPORTED,
SQX-XAUUSD-H4-7000f503b8a7,SUPPORTED,
SQX-XAUUSD-H1-7003a796d8af,SUPPORTED,
SQX-USDCHF-H4-7007a94ca363,SUPPORTED,
SQX-USDJPY-H4-7008802a4163,SUPPORTED,
SQX-XAUUSD-H4-700bf94a9ecc,SUPPORTED,
SQX-EURUSD-H1-700dffb75939,SUPPORTED,
SQX-XAUUSD-H1-701b18f4ed98,SUPPORTED,
SQX-XAUUSD-H4-7021211b13b6,SUPPORTED,
SQX-XAUUSD-H4-702563638c4f,SUPPORTED,
SQX-XAUUSD-H1-7025a0413f10,SUPPORTED,
SQX-GBPUSD-H4-7025a6cd0c55,SUPPORTED,
SQX-XAUUSD-H1-7029fbbdfe09,SUPPORTED,
SQX-XAUUSD-H4-702b82e3e6ea,SUPPORTED,
SQX-USDJPY-H1-703b1be92051,SUPPORTED,
SQX-USDCAD-H4-703c7df8f642,SUPPORTED,
SQX-USDJPY-H4-7044f079007d,SUPPORTED,
SQX-XAUUSD-H4-704786643f03,SUPPORTED,
SQX-XAUUSD-H4-704a6ae39f81,SUPPORTED,
SQX-XAUUSD-H4-70681ef316ae,SUPPORTED,
SQX-XAUUSD-H1-706cc901368a,SUPPORTED,
SQX-EURUSD-H4-70732b549fed,SUPPORTED,
SQX-XAUUSD-H1-70746faeb98d,SUPPORTED,
SQX-USDJPY-H4-7075aa5535cc,SUPPORTED,
SQX-XAUUSD-H1-708ac325bd10,SUPPORTED,
SQX-USDJPY-H4-7093acbba297,SUPPORTED,
SQX-XAUUSD-H4-7093e5ff15a8,SUPPORTED,
SQX-USDCHF-H4-70952fdc8bec,SUPPORTED,
SQX-USDJPY-H4-709da5eaa3b1,SUPPORTED,
SQX-XAUUSD-H4-709ecbabf327,SUPPORTED,
SQX-EURUSD-H1-70a04b20fdb0,SUPPORTED,
SQX-XAUUSD-H1-70a7abe6be4b,SUPPORTED,
SQX-XAUUSD-H4-70b70d4cec48,SUPPORTED,
SQX-USDJPY-H4-70b815543735,SUPPORTED,
SQX-USDCHF-H4-70b8f23f1fc6,SUPPORTED,
SQX-USDJPY-H4-70bb8bd3757a,SUPPORTED,
SQX-XAUUSD-H4-70d006151177,SUPPORTED,
SQX-XAUUSD-H1-70d5ce4d927f,SUPPORTED,
SQX-XAUUSD-H4-70dae3a18e48,SUPPORTED,
SQX-EURUSD-H4-70df5d12cadb,SUPPORTED,
SQX-XAUUSD-H4-70e1d94ffc1d,SUPPORTED,
SQX-GBPUSD-M15-70e7fee6a946,SUPPORTED,
SQX-USDJPY-H4-70eded95b2e2,SUPPORTED,
SQX-XAUUSD-H4-70f6b1164caf,SUPPORTED,
SQX-XAUUSD-H4-70f9ec82d127,SUPPORTED,
SQX-XAUUSD-H4-70fd7bf3371d,SUPPORTED,
SQX-XAUUSD-H1-70fe010240e9,SUPPORTED,
SQX-XAUUSD-H1-70fec0e7f837,SUPPORTED,
SQX-EURUSD-H4-7101fa4c32e0,SUPPORTED,
SQX-EURUSD-H1-7104054d9ea5,SUPPORTED,
SQX-XAUUSD-H1-71075e19e36d,SUPPORTED,
SQX-EURUSD-H1-710ca39a42c6,SUPPORTED,
SQX-XAUUSD-H1-710cc19b84ad,SUPPORTED,
SQX-XAUUSD-H4-711386130af0,SUPPORTED,
SQX-XAUUSD-H4-711509cc61c0,SUPPORTED,
SQX-EURUSD-M15-711cf01caa5c,SUPPORTED,
SQX-USDCAD-H4-711e3e2b06fa,SUPPORTED,
SQX-XAUUSD-H4-7120cb302b63,SUPPORTED,
SQX-USDJPY-H4-7122957c09c9,SUPPORTED,
SQX-USDCHF-H4-7124f3b22bb8,SUPPORTED,
SQX-XAUUSD-H4-7125b9d3dbb9,SUPPORTED,
SQX-USDJPY-H1-7127655a7229,SUPPORTED,
SQX-XAUUSD-H1-712ed9ec3773,SUPPORTED,
SQX-USDJPY-H1-712f7ba1ff94,SUPPORTED,
SQX-EURUSD-H1-7130a2195ba2,SUPPORTED,
SQX-XAUUSD-H1-7133720c2ef7,SUPPORTED,
SQX-EURUSD-H1-7134c6906e05,SUPPORTED,
SQX-XAUUSD-H4-713585fb3a46,SUPPORTED,
SQX-XAUUSD-H4-71408a64d408,SUPPORTED,
SQX-EURUSD-H4-71460bb9203a,SUPPORTED,
SQX-XAUUSD-H1-7155974377d5,SUPPORTED,
SQX-USDCHF-H1-7156fae47004,SUPPORTED,
SQX-USDJPY-H1-71580f8b0031,SUPPORTED,
SQX-XAUUSD-H4-71581e1884cc,SUPPORTED,
SQX-XAUUSD-H4-71586a33a8ff,SUPPORTED,
SQX-USDJPY-H1-715e3a8c87e5,SUPPORTED,
SQX-XAUUSD-H4-716307a8222a,SUPPORTED,
SQX-EURUSD-H1-716759dae661,SUPPORTED,
SQX-USDCHF-H4-7179b296c0f6,SUPPORTED,
SQX-XAUUSD-H4-717bff42e3e9,SUPPORTED,
SQX-XAUUSD-H1-717c8a4f7e29,SUPPORTED,
SQX-USDJPY-H4-7185314ea73c,SUPPORTED,
SQX-USDJPY-H4-718caffe154c,SUPPORTED,
SQX-XAUUSD-H4-718e28fcd586,SUPPORTED,
SQX-USDJPY-H4-7190df442386,SUPPORTED,
SQX-XAUUSD-H1-7194b16d2ec1,SUPPORTED,
SQX-XAUUSD-H4-7198ba69dfe7,SUPPORTED,
SQX-USDJPY-H1-719924339dc5,SUPPORTED,
SQX-USDJPY-H4-71a13cd9ad7b,SUPPORTED,
SQX-USDJPY-H1-71a2b65ad322,SUPPORTED,
SQX-GBPUSD-H1-71ae01ee81eb,SUPPORTED,
SQX-EURUSD-H4-71b2f204484e,SUPPORTED,
SQX-EURUSD-H4-71ba2497cb8c,SUPPORTED,
SQX-EURUSD-H4-71c07c74749c,SUPPORTED,
SQX-XAUUSD-H4-71c67b241604,SUPPORTED,
SQX-XAUUSD-H4-71c7c9f75285,SUPPORTED,
SQX-USDJPY-H4-71c8e2a9e3fe,SUPPORTED,
SQX-EURUSD-H4-71ccad632aec,SUPPORTED,
SQX-XAUUSD-H4-71cfd368c070,SUPPORTED,
SQX-USDCAD-H1-71df16c25433,SUPPORTED,
SQX-USDJPY-M15-71df7ef91de8,SUPPORTED,
SQX-XAUUSD-H4-71e12c99710a,SUPPORTED,
SQX-XAUUSD-H4-71e700a2fb0f,SUPPORTED,
SQX-EURUSD-H1-71e7481bd93d,SUPPORTED,
SQX-USDJPY-H4-71eb77ff8997,SUPPORTED,
SQX-USDJPY-H4-71ed2ddf84e2,SUPPORTED,
SQX-GBPUSD-H1-71f5b42b4159,SUPPORTED,
SQX-XAUUSD-H4-71fa238cadfc,SUPPORTED,
SQX-USDJPY-H4-72021de91bb3,SUPPORTED,
SQX-NZDUSD-H4-720358c61e4b,SUPPORTED,
SQX-XAUUSD-H4-720419075fea,SUPPORTED,
SQX-XAUUSD-H4-7206e402985e,SUPPORTED,
SQX-XAUUSD-H4-7207d4e0c982,SUPPORTED,
SQX-USDJPY-H4-720c047fb22a,SUPPORTED,
SQX-EURUSD-H4-720e53ea0aeb,SUPPORTED,
SQX-XAUUSD-H4-7210f8cf4f5e,SUPPORTED,
SQX-EURUSD-H1-72117c60425a,SUPPORTED,
SQX-GBPUSD-H1-72263dffed62,SUPPORTED,
SQX-XAUUSD-H4-7230a46024de,SUPPORTED,
SQX-NZDUSD-H4-72357b006b8c,SUPPORTED,
SQX-USDJPY-H1-7242d2d411e7,SUPPORTED,
SQX-XAUUSD-H1-72488ed2db17,SUPPORTED,
SQX-XAUUSD-H4-7249871f490f,SUPPORTED,
SQX-USDCHF-H4-7253a12f513c,SUPPORTED,
SQX-GBPUSD-H4-7257aeb9cb5b,SUPPORTED,
SQX-USDJPY-H4-72602c08c7ea,SUPPORTED,
SQX-XAUUSD-H4-7262eacb76fb,SUPPORTED,
SQX-XAUUSD-H1-7263b5485368,SUPPORTED,
SQX-EURUSD-H4-726c79769537,SUPPORTED,
SQX-EURUSD-H4-726cb22d96d9,SUPPORTED,
SQX-USDCHF-H4-727c596eb564,SUPPORTED,
SQX-XAUUSD-H4-728522afbc6c,SUPPORTED,
SQX-USDJPY-H1-72880a7d209f,SUPPORTED,
SQX-USDJPY-H4-728e9c40dc5c,SUPPORTED,
SQX-USDJPY-H4-728eb019a49b,SUPPORTED,
SQX-XAUUSD-H1-7291772b93d0,SUPPORTED,
SQX-EURUSD-H1-72998dd6a402,SUPPORTED,
SQX-XAUUSD-H1-729ca699cf61,SUPPORTED,
SQX-GBPUSD-H1-72a1035d0d7b,SUPPORTED,
SQX-GBPUSD-H4-72a1a4aa53f1,SUPPORTED,
SQX-XAUUSD-H4-72acc09715dd,SUPPORTED,
SQX-XAUUSD-H4-72aef41e7c4b,SUPPORTED,
SQX-USDJPY-H1-72b9a60aab37,SUPPORTED,
SQX-USDJPY-H1-72bc17c2f147,SUPPORTED,
SQX-XAUUSD-H1-72bc88811de1,SUPPORTED,
SQX-EURUSD-H4-72bf756f670d,SUPPORTED,
SQX-USDJPY-H4-72cf7de93445,SUPPORTED,
SQX-XAUUSD-H1-72d198ba0b2c,SUPPORTED,
SQX-EURUSD-H1-72d3c91cc8ac,SUPPORTED,
SQX-USDJPY-H4-72dc02299c6f,SUPPORTED,
SQX-EURUSD-H1-72df4708f871,SUPPORTED,
SQX-XAUUSD-H4-72e3dffd14cf,SUPPORTED,
SQX-USDJPY-M15-72e455374b95,SUPPORTED,
SQX-XAUUSD-H4-72e739274920,SUPPORTED,
SQX-XAUUSD-H4-72e78dce6f77,SUPPORTED,
SQX-XAUUSD-H4-72e7eacbad27,SUPPORTED,
SQX-XAUUSD-H4-72f063f8f986,SUPPORTED,
SQX-USDJPY-H4-72f513bb423b,SUPPORTED,
SQX-EURUSD-H1-72f5855abb95,SUPPORTED,
SQX-XAUUSD-H4-72f98584466f,SUPPORTED,
SQX-XAUUSD-H4-72ff803a5fe1,SUPPORTED,
SQX-XAUUSD-H4-72ffe5715f29,SUPPORTED,
SQX-USDJPY-H4-73087fceeb07,SUPPORTED,
SQX-USDJPY-H4-7308debb4332,SUPPORTED,
SQX-USDJPY-H4-731828a3c0df,SUPPORTED,
SQX-USDJPY-H1-7318af02c685,SUPPORTED,
SQX-USDJPY-H1-7320ef060557,SUPPORTED,
SQX-GBPUSD-H4-7327b30bcade,SUPPORTED,
SQX-XAUUSD-H4-73299fb43ac9,SUPPORTED,
SQX-XAUUSD-H4-732aeb7a9d56,SUPPORTED,
SQX-GBPUSD-H1-732d3d02248b,SUPPORTED,
SQX-GBPUSD-H4-7333354e6a23,SUPPORTED,
SQX-XAUUSD-H4-733342186781,SUPPORTED,
SQX-XAUUSD-H4-7336588cf388,SUPPORTED,
SQX-GBPUSD-H4-733c51f960af,SUPPORTED,
SQX-USDJPY-H4-73411497c749,SUPPORTED,
SQX-XAUUSD-H4-73444b51d000,SUPPORTED,
SQX-EURUSD-H4-7346548eb92e,SUPPORTED,
SQX-XAUUSD-H4-734af8c0e56f,SUPPORTED,
SQX-USDJPY-H1-734e3b608808,SUPPORTED,
SQX-XAUUSD-H4-7350812f1e11,SUPPORTED,
SQX-XAUUSD-H4-73628901bb9d,SUPPORTED,
SQX-XAUUSD-H1-7363cdb2fad3,SUPPORTED,
SQX-GBPUSD-H4-736ea10cedce,SUPPORTED,
SQX-EURUSD-H4-7372c6dc3d45,SUPPORTED,
SQX-USDJPY-H4-737a58da742d,SUPPORTED,
SQX-USDCHF-H4-737f4b303b5e,SUPPORTED,
SQX-XAUUSD-H4-7381af9b85f8,SUPPORTED,
SQX-EURUSD-H4-7383a046ac02,SUPPORTED,
SQX-XAUUSD-H4-7387a15bcbe6,SUPPORTED,
SQX-XAUUSD-H4-738fa4469187,SUPPORTED,
SQX-XAUUSD-H4-739576f61098,SUPPORTED,
SQX-USDCHF-H4-739789585e6f,SUPPORTED,
SQX-USDJPY-H1-739807a2764d,SUPPORTED,
SQX-USDJPY-H4-73989fcbd82f,SUPPORTED,
SQX-EURUSD-H1-739c06e86eed,SUPPORTED,
SQX-XAUUSD-H1-739ed4cdd089,SUPPORTED,
SQX-GBPUSD-H4-73a05863df67,SUPPORTED,
SQX-USDJPY-H1-73a417b9a7c6,SUPPORTED,
SQX-USDJPY-H1-73acf0e01b21,SUPPORTED,
SQX-USDJPY-H1-73b172e93d2c,SUPPORTED,
SQX-EURUSD-H4-73b35087e8a7,SUPPORTED,
SQX-USDJPY-H4-73bacc04e5c9,SUPPORTED,
SQX-XAUUSD-H4-73c2289346f7,SUPPORTED,
SQX-XAUUSD-H4-73c3ff96fb9c,SUPPORTED,
SQX-XAUUSD-H4-73c495a80bdd,SUPPORTED,
SQX-EURUSD-H1-73c8115adb63,SUPPORTED,
SQX-XAUUSD-H4-73ca4cc9d2be,SUPPORTED,
SQX-XAUUSD-H1-73d02cb58014,SUPPORTED,
SQX-USDCHF-H4-73d0dab1c61a,SUPPORTED,
SQX-EURUSD-H4-73d1a5cf54fb,SUPPORTED,
SQX-XAUUSD-H1-73d41a9b723f,SUPPORTED,
SQX-USDCHF-H1-73d669e565d9,SUPPORTED,
SQX-XAUUSD-H4-73d847ee1c3a,SUPPORTED,
SQX-XAUUSD-H4-73de3d67094c,SUPPORTED,
SQX-USDJPY-H1-73e09e738612,SUPPORTED,
SQX-USDJPY-H1-73e0fbf5c395,SUPPORTED,
SQX-XAUUSD-H4-73e206dae7b8,SUPPORTED,
SQX-USDJPY-H4-73e3d165abed,SUPPORTED,
SQX-XAUUSD-H4-73e3eb511a9b,SUPPORTED,
SQX-XAUUSD-H4-73e6f8b36af8,SUPPORTED,
SQX-USDJPY-H4-73e784c2617a,SUPPORTED,
SQX-EURUSD-H1-73e8c8d13e4d,SUPPORTED,
SQX-XAUUSD-H1-73f02d42f71a,SUPPORTED,
SQX-EURUSD-H1-73f2fc6ba7b5,SUPPORTED,
SQX-XAUUSD-H4-73f523d5132d,SUPPORTED,
SQX-GBPUSD-H4-73fbe7e369e3,SUPPORTED,
SQX-XAUUSD-H4-740c6973abff,SUPPORTED,
SQX-XAUUSD-H4-7417ed4daa01,SUPPORTED,
SQX-USDJPY-H1-741c7eb1c964,SUPPORTED,
SQX-XAUUSD-H1-741e0c5b40ea,SUPPORTED,
SQX-EURUSD-H4-7423eb409164,SUPPORTED,
SQX-USDJPY-H1-7430892da9e4,SUPPORTED,
SQX-XAUUSD-H4-743acced4551,SUPPORTED,
SQX-XAUUSD-H4-743d0d1a5a85,SUPPORTED,
SQX-XAUUSD-H4-7450f0e7e07b,SUPPORTED,
SQX-USDJPY-H1-7451a8432616,SUPPORTED,
SQX-GBPUSD-H4-745443de3d4f,SUPPORTED,
SQX-XAUUSD-H4-745a9823dfcf,SUPPORTED,
SQX-XAUUSD-H1-745b226e9330,SUPPORTED,
SQX-USDJPY-H4-745ba32b1f75,SUPPORTED,
SQX-XAUUSD-H4-745d573de1d7,SUPPORTED,
SQX-XAUUSD-H4-746a8e85996b,SUPPORTED,
SQX-XAUUSD-H1-746ba2d31a17,SUPPORTED,
SQX-XAUUSD-H1-74717dd3e591,SUPPORTED,
SQX-USDJPY-H4-747bfa936083,SUPPORTED,
SQX-EURUSD-H1-747f47b4225e,SUPPORTED,
SQX-XAUUSD-H1-747f737c1ce6,SUPPORTED,
SQX-XAUUSD-H4-74817001e2b8,SUPPORTED,
SQX-XAUUSD-H4-7483ad030163,SUPPORTED,
SQX-XAUUSD-H1-748477b3c8f4,SUPPORTED,
SQX-USDJPY-H1-74865c1af169,SUPPORTED,
SQX-XAUUSD-H4-748a5d745d47,SUPPORTED,
SQX-XAUUSD-H4-748b573e00a5,SUPPORTED,
SQX-XAUUSD-H4-748b6598da15,SUPPORTED,
SQX-XAUUSD-H4-748bab235880,SUPPORTED,
SQX-XAUUSD-H4-748f7882044f,SUPPORTED,
SQX-XAUUSD-H4-7498846577c9,SUPPORTED,
SQX-EURUSD-H1-749c789d154e,SUPPORTED,
SQX-XAUUSD-H4-74a012d5969d,SUPPORTED,
SQX-USDJPY-H4-74a4c57ffa82,SUPPORTED,
SQX-XAUUSD-H4-74b8f69bcfcf,SUPPORTED,
SQX-USDJPY-H1-74bd496fed1b,SUPPORTED,
SQX-GBPUSD-H4-74be0eba8066,SUPPORTED,
SQX-USDJPY-H1-74bfb6af4dc6,SUPPORTED,
SQX-EURUSD-H1-74c740462511,SUPPORTED,
SQX-XAUUSD-H4-74cc8b3230c0,SUPPORTED,
SQX-XAUUSD-H4-74d68516f372,SUPPORTED,
SQX-USDJPY-H4-74e3660bd815,SUPPORTED,
SQX-USDJPY-H1-74e3de7c0914,SUPPORTED,
SQX-USDJPY-H4-74ef31463b80,SUPPORTED,
SQX-XAUUSD-H1-74f2ade27d1f,SUPPORTED,
SQX-USDCHF-H4-74f4e1c5d0fa,SUPPORTED,
SQX-USDJPY-H4-74f920b7999f,SUPPORTED,
SQX-XAUUSD-H1-750dd8cc9903,SUPPORTED,
SQX-USDJPY-H4-751163b61887,SUPPORTED,
SQX-GBPUSD-H4-751484042dbb,SUPPORTED,
SQX-XAUUSD-H1-7517bd7148e9,SUPPORTED,
SQX-EURUSD-H1-7518615a06f9,SUPPORTED,
SQX-XAUUSD-H4-751d064ed616,SUPPORTED,
SQX-USDJPY-H1-7538e7787e46,SUPPORTED,
SQX-USDCHF-H4-754446e7f21d,SUPPORTED,
SQX-USDJPY-H1-75445042a11f,SUPPORTED,
SQX-XAUUSD-H4-75532a185592,SUPPORTED,
SQX-USDJPY-H1-755e8ad32d9d,SUPPORTED,
SQX-XAUUSD-H4-756127a05e3a,SUPPORTED,
SQX-XAUUSD-H1-757aa082702a,SUPPORTED,
SQX-USDJPY-H4-758d81f3f5f1,SUPPORTED,
SQX-XAUUSD-H4-759733a2e9e2,SUPPORTED,
SQX-XAUUSD-H4-7597b60146c8,SUPPORTED,
SQX-USDCHF-H4-7597fd3392ec,SUPPORTED,
SQX-XAUUSD-H1-75a0951ede02,SUPPORTED,
SQX-USDJPY-H1-75a098938169,SUPPORTED,
SQX-XAUUSD-H4-75a9e4c6e7c0,SUPPORTED,
SQX-XAUUSD-H1-75ab4d21144b,SUPPORTED,
SQX-XAUUSD-H1-75ad7c28a2c8,SUPPORTED,
SQX-USDJPY-H4-75b77556b15b,SUPPORTED,
SQX-XAUUSD-H4-75c6efa76063,SUPPORTED,
SQX-USDJPY-M15-75d69135931f,SUPPORTED,
SQX-EURUSD-H4-75d6a9ab7eaf,SUPPORTED,
SQX-GBPUSD-H4-75dd42835463,SUPPORTED,
SQX-XAUUSD-H1-75e04608b54e,SUPPORTED,
SQX-XAUUSD-H1-75e6b4f01a6c,SUPPORTED,
SQX-XAUUSD-H4-75ee6674f81d,SUPPORTED,
SQX-XAUUSD-H4-75f1a97a4522,SUPPORTED,
SQX-XAUUSD-H4-75f1edab4960,SUPPORTED,
SQX-USDCHF-H4-75f3cd865621,SUPPORTED,
SQX-USDJPY-H4-75f632b03c0a,SUPPORTED,
SQX-XAUUSD-H4-75f9e63947a9,SUPPORTED,
SQX-XAUUSD-H1-7601646e7e9c,SUPPORTED,
SQX-USDCAD-H4-76038e853e85,SUPPORTED,
SQX-XAUUSD-H4-760928da217c,SUPPORTED,
SQX-XAUUSD-H4-7610ba1c6d40,SUPPORTED,
SQX-USDJPY-H4-7614b5066443,SUPPORTED,
SQX-USDCHF-H4-761a5c955ce9,SUPPORTED,
SQX-USDJPY-H4-761b541e1542,SUPPORTED,
SQX-XAUUSD-H4-76330e68358b,SUPPORTED,
SQX-USDJPY-H4-76333da9f205,SUPPORTED,
SQX-GBPUSD-H1-7633b62d89fc,SUPPORTED,
SQX-USDCHF-H4-763586a268f1,SUPPORTED,
SQX-USDCHF-H4-764b7a6acc4e,SUPPORTED,
SQX-XAUUSD-H4-764c52ce0922,SUPPORTED,
SQX-XAUUSD-H4-764cf907a9d6,SUPPORTED,
SQX-GBPUSD-H4-764d8af43431,SUPPORTED,
SQX-USDJPY-H4-764ddab5e18e,SUPPORTED,
SQX-XAUUSD-H4-7654b3dbf045,SUPPORTED,
SQX-XAUUSD-H4-765c5f8a3c00,SUPPORTED,
SQX-USDJPY-H1-765fcf6f29cd,SUPPORTED,
SQX-XAUUSD-H4-7660e06d6222,SUPPORTED,
SQX-GBPUSD-H4-76641787dc02,SUPPORTED,
SQX-XAUUSD-H4-7664788501c5,SUPPORTED,
SQX-XAUUSD-H1-7664c5b6f614,SUPPORTED,
SQX-USDJPY-H4-766d677ee76a,SUPPORTED,
SQX-XAUUSD-H4-767187dc6a22,SUPPORTED,
SQX-XAUUSD-H1-76774ac0c97c,SUPPORTED,
SQX-XAUUSD-H4-767f64a7ceff,SUPPORTED,
SQX-XAUUSD-H4-768592579d0e,SUPPORTED,
SQX-NZDUSD-H4-76871499b397,SUPPORTED,
SQX-XAUUSD-H4-768b1151f448,SUPPORTED,
SQX-XAUUSD-H4-768b5be258dd,SUPPORTED,
SQX-XAUUSD-H4-7693aa384526,SUPPORTED,
SQX-XAUUSD-H4-769968f342a9,SUPPORTED,
SQX-XAUUSD-H4-769f2d9ded6c,SUPPORTED,
SQX-USDJPY-H1-76a1d48c10ec,SUPPORTED,
SQX-XAUUSD-H4-76a36d1a56cd,SUPPORTED,
SQX-EURUSD-H1-76aaf90310d1,SUPPORTED,
SQX-NZDUSD-H4-76ac8b31ebd5,SUPPORTED,
SQX-XAUUSD-H4-76ac8f57f66d,SUPPORTED,
SQX-XAUUSD-H4-76b0637a5d95,SUPPORTED,
SQX-XAUUSD-H4-76b0bc4e5b48,SUPPORTED,
SQX-USDJPY-H4-76b586146d92,SUPPORTED,
SQX-USDCHF-H4-76b7c42db24d,SUPPORTED,
SQX-USDCHF-H4-76c28fa593d3,SUPPORTED,
SQX-XAUUSD-H4-76c70bb97156,SUPPORTED,
SQX-USDJPY-H4-76c779e9a0cf,SUPPORTED,
SQX-XAUUSD-H4-76cb31e2b0d2,SUPPORTED,
SQX-USDCAD-H4-76d47d6f5a4f,SUPPORTED,
SQX-USDJPY-H1-76d692ae68d4,SUPPORTED,
SQX-XAUUSD-H4-76d73ebe031d,SUPPORTED,
SQX-XAUUSD-H4-76d7b1b8c0f4,SUPPORTED,
SQX-USDCAD-H4-76deae20144d,SUPPORTED,
SQX-EURUSD-H1-76e02f003e1a,SUPPORTED,
SQX-EURUSD-H4-76e3a374e59f,SUPPORTED,
SQX-XAUUSD-H4-76e6c3335ee3,SUPPORTED,
SQX-GBPUSD-H1-76e92d80df8e,SUPPORTED,
SQX-XAUUSD-H4-76e97a204e0a,SUPPORTED,
SQX-USDJPY-H4-76ea4a335b87,SUPPORTED,
SQX-XAUUSD-H4-76f5ac96d6ec,SUPPORTED,
SQX-XAUUSD-H4-76f5c90f89ee,SUPPORTED,
SQX-XAUUSD-H1-76fb55eeb361,SUPPORTED,
SQX-XAUUSD-H4-7701be2fec58,SUPPORTED,
SQX-USDJPY-H1-77264ef91780,SUPPORTED,
SQX-EURUSD-H4-772651bbeb16,SUPPORTED,
SQX-XAUUSD-H4-7729a06282f2,SUPPORTED,
SQX-USDJPY-H4-7734421b35f6,SUPPORTED,
SQX-USDCHF-H4-773987e7e753,SUPPORTED,
SQX-XAUUSD-H4-773f73a14998,SUPPORTED,
SQX-XAUUSD-H4-7744a31a5dc8,SUPPORTED,
SQX-GBPUSD-H4-7747c1281440,SUPPORTED,
SQX-USDJPY-H4-7751044c0e6c,SUPPORTED,
SQX-XAUUSD-H1-7754207f4f88,SUPPORTED,
SQX-XAUUSD-H1-775c79dfa4c0,SUPPORTED,
SQX-GBPUSD-H4-775ebc01c1f8,SUPPORTED,
SQX-EURUSD-H1-775fd46d4eec,SUPPORTED,
SQX-XAUUSD-H4-776470bcb988,SUPPORTED,
SQX-USDJPY-H1-7766515e3248,SUPPORTED,
SQX-EURUSD-H4-7772c6408dc0,SUPPORTED,
SQX-USDJPY-H4-77748766711a,SUPPORTED,
SQX-GBPUSD-H4-77766346bbcb,SUPPORTED,
SQX-EURUSD-H4-778243f42696,SUPPORTED,
SQX-USDJPY-H1-77878157ad7b,SUPPORTED,
SQX-USDJPY-H4-778bd2ee7165,SUPPORTED,
SQX-USDJPY-H4-77910b8ddf9b,SUPPORTED,
SQX-XAUUSD-H4-7792f4d13cf6,SUPPORTED,
SQX-XAUUSD-H4-7794ac2d5c84,SUPPORTED,
SQX-USDCHF-H4-779c418572f6,SUPPORTED,
SQX-XAUUSD-H4-77a6476b3311,SUPPORTED,
SQX-XAUUSD-H4-77ac9a7c06c0,SUPPORTED,
SQX-EURUSD-H4-77add4c9358e,SUPPORTED,
SQX-USDJPY-H4-77ae396a8deb,SUPPORTED,
SQX-XAUUSD-H4-77afbdbb8461,SUPPORTED,
SQX-XAUUSD-H4-77bfd27b9276,SUPPORTED,
SQX-XAUUSD-H1-77c2d59d8bca,SUPPORTED,
SQX-XAUUSD-H4-77d2313a293a,SUPPORTED,
SQX-USDJPY-H4-77e857546515,SUPPORTED,
SQX-USDJPY-H4-77e8c6d891ad,SUPPORTED,
SQX-GBPUSD-H4-77f9af2c0ce7,SUPPORTED,
SQX-XAUUSD-H4-77fcda1f1633,SUPPORTED,
SQX-USDCHF-H4-77fda5dab580,SUPPORTED,
SQX-USDCAD-H1-78032cd133a7,SUPPORTED,
SQX-USDJPY-H1-78082b762256,SUPPORTED,
SQX-XAUUSD-H4-78099dfda9a6,SUPPORTED,
SQX-EURUSD-H1-780ba1072863,SUPPORTED,
SQX-USDCHF-H4-780d08574619,SUPPORTED,
SQX-XAUUSD-H4-781317239448,SUPPORTED,
SQX-EURUSD-H1-781c0e252bec,SUPPORTED,
SQX-USDJPY-H4-78201cb62e20,SUPPORTED,
SQX-XAUUSD-H4-7820ee18cfd5,SUPPORTED,
SQX-XAUUSD-H4-78226d5d1520,SUPPORTED,
SQX-XAUUSD-H4-782ce20421b6,SUPPORTED,
SQX-USDJPY-M15-782ec29bc285,SUPPORTED,
SQX-USDJPY-H4-7835385f9887,SUPPORTED,
SQX-NZDUSD-H4-784007b3d530,SUPPORTED,
SQX-XAUUSD-H4-7840d4d312c3,SUPPORTED,
SQX-XAUUSD-H4-784dc3dc0785,SUPPORTED,
SQX-XAUUSD-H4-7851c6c670c9,SUPPORTED,
SQX-XAUUSD-H4-785c2115a41b,SUPPORTED,
SQX-USDCHF-H4-786885cb0715,SUPPORTED,
SQX-XAUUSD-H4-786dae76496f,SUPPORTED,
SQX-XAUUSD-H4-78852e885065,SUPPORTED,
SQX-XAUUSD-H4-7887dca848e5,SUPPORTED,
SQX-XAUUSD-H4-7889dded7ecc,SUPPORTED,
SQX-XAUUSD-H4-788b974dfaf1,SUPPORTED,
SQX-XAUUSD-H4-789f1a5d50dc,SUPPORTED,
SQX-GBPUSD-M15-78a16fad49fb,SUPPORTED,
SQX-EURUSD-H4-78a4e553c6e0,SUPPORTED,
SQX-XAUUSD-H4-78a6ce7bd0f2,SUPPORTED,
SQX-USDCHF-H4-78a8c2bf719f,SUPPORTED,
SQX-XAUUSD-H4-78a97cf1f865,SUPPORTED,
SQX-NZDUSD-H4-78aff9e71f6e,SUPPORTED,
SQX-XAUUSD-H4-78b5306cef97,SUPPORTED,
SQX-XAUUSD-H4-78b64356e160,SUPPORTED,
SQX-USDJPY-H4-78ba3e4099c8,SUPPORTED,
SQX-USDJPY-H4-78bf9dc74684,SUPPORTED,
SQX-USDJPY-H4-78c572e8f3b6,SUPPORTED,
SQX-USDJPY-H4-78c5b5b66e39,SUPPORTED,
SQX-GBPUSD-M15-78d4c39087df,SUPPORTED,
SQX-USDJPY-H4-78d5c9f76d58,SUPPORTED,
SQX-XAUUSD-H4-78dc2ec62280,SUPPORTED,
SQX-XAUUSD-H4-78e01d3a9bd7,SUPPORTED,
SQX-EURUSD-H4-78e20687e31c,SUPPORTED,
SQX-GBPUSD-H4-78e5c3852386,SUPPORTED,
SQX-XAUUSD-H1-78e6bd4a62d1,SUPPORTED,
SQX-USDJPY-H4-78f7d18bacf6,SUPPORTED,
SQX-EURUSD-H4-78f87b03fec6,SUPPORTED,
SQX-XAUUSD-H4-78ff974f91af,SUPPORTED,
SQX-USDCAD-H4-7902e9055485,SUPPORTED,
SQX-XAUUSD-H4-7903f3a14464,SUPPORTED,
SQX-XAUUSD-H4-790feb07306f,SUPPORTED,
SQX-XAUUSD-H1-79112317666d,SUPPORTED,
SQX-XAUUSD-H4-79194dedab77,SUPPORTED,
SQX-XAUUSD-H1-791b12ba564f,SUPPORTED,
SQX-EURUSD-H4-791d23fd9fa8,SUPPORTED,
SQX-USDCHF-H4-791dedfeb8f7,SUPPORTED,
SQX-XAUUSD-H4-7926ad22a542,SUPPORTED,
SQX-XAUUSD-H4-7928541822ee,SUPPORTED,
SQX-XAUUSD-H1-7929012bda65,SUPPORTED,
SQX-XAUUSD-H4-79297ab42a41,SUPPORTED,
SQX-XAUUSD-H4-793475147aa1,SUPPORTED,
SQX-XAUUSD-H4-793662f5cf85,SUPPORTED,
SQX-EURUSD-H4-793a62e6ef7b,SUPPORTED,
SQX-XAUUSD-H1-793a8b49ffa3,SUPPORTED,
SQX-GBPUSD-H1-7950206b7dd4,SUPPORTED,
SQX-XAUUSD-H4-79550120d85b,SUPPORTED,
SQX-EURUSD-H1-795d64dca480,SUPPORTED,
SQX-XAUUSD-H4-795fedda8ed4,SUPPORTED,
SQX-XAUUSD-H4-796bd8f98ee1,SUPPORTED,
SQX-XAUUSD-H4-7973323b2932,SUPPORTED,
SQX-USDCHF-H4-797441ba7a3d,SUPPORTED,
SQX-USDJPY-H4-797d8b01362a,SUPPORTED,
SQX-USDCHF-H4-797e6ff9d5ac,SUPPORTED,
SQX-EURUSD-H4-798090df6e0a,SUPPORTED,
SQX-XAUUSD-H4-7980ee4fefa4,SUPPORTED,
SQX-USDJPY-H4-7985b56b4c07,SUPPORTED,
SQX-USDJPY-H4-798af0ee42d6,SUPPORTED,
SQX-USDCHF-H4-799333795d80,SUPPORTED,
SQX-EURUSD-H1-7994c67ccc08,SUPPORTED,
SQX-GBPUSD-H4-7997890afc6e,SUPPORTED,
SQX-XAUUSD-H4-79a9cb18746a,SUPPORTED,
SQX-XAUUSD-H4-79b0cfe52597,SUPPORTED,
SQX-XAUUSD-H4-79b3f0b19454,SUPPORTED,
SQX-XAUUSD-H4-79bc992932a1,SUPPORTED,
SQX-XAUUSD-H4-79be7074412c,SUPPORTED,
SQX-XAUUSD-H4-79bf4c6271c7,SUPPORTED,
SQX-USDCAD-H4-79c3ad5c7dfa,SUPPORTED,
SQX-EURUSD-H4-79cf4e700432,SUPPORTED,
SQX-USDJPY-H4-79d7774627a3,SUPPORTED,
SQX-EURUSD-H4-79e042575fb3,SUPPORTED,
SQX-XAUUSD-H4-79e256993157,SUPPORTED,
SQX-XAUUSD-H1-79ea17070d37,SUPPORTED,
SQX-XAUUSD-H4-79ee73e7d5a3,SUPPORTED,
SQX-GBPUSD-H1-79ef3cc593eb,SUPPORTED,
SQX-USDJPY-H4-7a01d0c6a9cb,SUPPORTED,
SQX-XAUUSD-H4-7a03f71526aa,SUPPORTED,
SQX-XAUUSD-H4-7a0cdf396eb6,SUPPORTED,
SQX-GBPUSD-H4-7a0cf795a293,SUPPORTED,
SQX-XAUUSD-H4-7a0df250a8f8,SUPPORTED,
SQX-USDJPY-H4-7a117b0d30f2,SUPPORTED,
SQX-XAUUSD-H4-7a15529a5728,SUPPORTED,
SQX-XAUUSD-H4-7a23b9e39b9a,SUPPORTED,
SQX-XAUUSD-H1-7a24dda7439c,SUPPORTED,
SQX-XAUUSD-H4-7a2b0c2c5480,SUPPORTED,
SQX-XAUUSD-H4-7a35d750d29b,SUPPORTED,
SQX-XAUUSD-H4-7a37a111fd19,SUPPORTED,
SQX-USDJPY-H4-7a3cab3cdd88,SUPPORTED,
SQX-GBPUSD-H1-7a4144aed3fe,SUPPORTED,
SQX-XAUUSD-H4-7a417136138e,SUPPORTED,
SQX-USDJPY-H1-7a4577fb23db,SUPPORTED,
SQX-GBPUSD-H4-7a4659b75bda,SUPPORTED,
SQX-EURUSD-H1-7a49ff46999c,SUPPORTED,
SQX-XAUUSD-H1-7a4e6b59c7d8,SUPPORTED,
SQX-XAUUSD-H4-7a53f0bef32a,SUPPORTED,
SQX-XAUUSD-H4-7a5c3874113c,SUPPORTED,
SQX-EURUSD-H4-7a5f3e28027b,SUPPORTED,
SQX-GBPUSD-H4-7a614e882880,SUPPORTED,
SQX-XAUUSD-H4-7a6c16084890,SUPPORTED,
SQX-USDJPY-H1-7a6e699825f2,SUPPORTED,
SQX-XAUUSD-H4-7a7402aa03e2,SUPPORTED,
SQX-EURUSD-H4-7a7670414c62,SUPPORTED,
SQX-XAUUSD-H1-7a77dd5bc221,SUPPORTED,
SQX-EURUSD-H1-7a7b33ea339e,SUPPORTED,
SQX-USDCAD-H4-7a7d2b7d79da,SUPPORTED,
SQX-XAUUSD-H1-7a7e56855f77,SUPPORTED,
SQX-USDJPY-H4-7a9df469edcf,SUPPORTED,
SQX-USDJPY-H1-7aa0cf31136c,SUPPORTED,
SQX-XAUUSD-H4-7ab51235e26f,SUPPORTED,
SQX-XAUUSD-H4-7ac0124e8a2f,SUPPORTED,
SQX-USDJPY-H4-7ac43e23144f,SUPPORTED,
SQX-XAUUSD-H4-7ac5e9971de0,SUPPORTED,
SQX-EURUSD-H1-7accecb39ba4,SUPPORTED,
SQX-XAUUSD-H4-7ad17d04ea55,SUPPORTED,
SQX-EURUSD-H1-7ad8d4a4dc85,SUPPORTED,
SQX-USDJPY-H4-7ae10cd9f45c,SUPPORTED,
SQX-XAUUSD-H4-7aef698a6947,SUPPORTED,
SQX-XAUUSD-H4-7aef9c2f1b33,SUPPORTED,
SQX-XAUUSD-H4-7af42d68ff80,SUPPORTED,
SQX-XAUUSD-H4-7af6f2ad2b08,SUPPORTED,
SQX-EURUSD-H1-7af7212b487b,SUPPORTED,
SQX-XAUUSD-H4-7afd1b8ccef3,SUPPORTED,
SQX-EURUSD-H4-7b0b14358625,SUPPORTED,
SQX-XAUUSD-H4-7b18860dcd81,SUPPORTED,
SQX-XAUUSD-H4-7b1b4191919c,SUPPORTED,
SQX-GBPUSD-H1-7b2a3498a29d,SUPPORTED,
SQX-XAUUSD-H1-7b2f3166c446,SUPPORTED,
SQX-USDJPY-H4-7b328ccbd191,SUPPORTED,
SQX-USDCHF-H4-7b3887c9008d,SUPPORTED,
SQX-EURUSD-H4-7b3948d91b6c,SUPPORTED,
SQX-XAUUSD-H4-7b398b496123,SUPPORTED,
SQX-USDJPY-H1-7b39e65e7e33,SUPPORTED,
SQX-XAUUSD-H4-7b3edee3b9bd,SUPPORTED,
SQX-USDCHF-H4-7b3fcf8cd974,SUPPORTED,
SQX-XAUUSD-H4-7b46496a4e91,SUPPORTED,
SQX-GBPUSD-H4-7b4c624c2a15,SUPPORTED,
SQX-XAUUSD-H4-7b4ea8f159de,SUPPORTED,
SQX-XAUUSD-H4-7b65d329805f,SUPPORTED,
SQX-XAUUSD-H4-7b6a30317e17,SUPPORTED,
SQX-XAUUSD-H4-7b6c1635ec3a,SUPPORTED,
SQX-XAUUSD-H4-7b702b8ab43c,SUPPORTED,
SQX-USDJPY-H1-7b7ddc386cc8,SUPPORTED,
SQX-USDJPY-H4-7b7e4abb0303,SUPPORTED,
SQX-XAUUSD-H4-7b7efa4ef750,SUPPORTED,
SQX-XAUUSD-H4-7b7f286e68db,SUPPORTED,
SQX-USDJPY-H1-7b8030fc57e8,SUPPORTED,
SQX-XAUUSD-H4-7b817cc76259,SUPPORTED,
SQX-XAUUSD-H4-7b92859e5eea,SUPPORTED,
SQX-XAUUSD-H4-7b977c0059dc,SUPPORTED,
SQX-XAUUSD-H4-7ba7ca9b570e,SUPPORTED,
SQX-GBPUSD-H4-7bad8224d5d4,SUPPORTED,
SQX-EURUSD-H1-7baf5973fbf5,SUPPORTED,
SQX-USDJPY-H1-7bb7531c75b4,SUPPORTED,
SQX-USDCHF-H4-7bb7f2957cc6,SUPPORTED,
SQX-XAUUSD-H4-7bc99a494397,SUPPORTED,
SQX-USDCHF-H4-7bce0e129a9e,SUPPORTED,
SQX-XAUUSD-H1-7bd06f89cb9c,SUPPORTED,
SQX-XAUUSD-H4-7bd07a60a90e,SUPPORTED,
SQX-EURUSD-H1-7bd216c88706,SUPPORTED,
SQX-EURUSD-H1-7bd37b4c8188,SUPPORTED,
SQX-XAUUSD-H4-7bde9d9ebc13,SUPPORTED,
SQX-USDCHF-H4-7bf8f658beb1,SUPPORTED,
SQX-XAUUSD-H1-7c0229608a05,SUPPORTED,
SQX-XAUUSD-H4-7c04cacdf942,SUPPORTED,
SQX-EURUSD-H1-7c0a310043f9,SUPPORTED,
SQX-XAUUSD-M15-7c1228c891db,SUPPORTED,
SQX-USDJPY-M15-7c141ed9337d,SUPPORTED,
SQX-EURUSD-H4-7c15e09601e2,SUPPORTED,
SQX-NZDUSD-H4-7c1633edf9e0,SUPPORTED,
SQX-XAUUSD-H4-7c1918877620,SUPPORTED,
SQX-XAUUSD-H4-7c211c085aee,SUPPORTED,
SQX-XAUUSD-H4-7c24d9baa5f3,SUPPORTED,
SQX-XAUUSD-H4-7c357d412d9e,SUPPORTED,
SQX-XAUUSD-H4-7c358152e869,SUPPORTED,
SQX-XAUUSD-H4-7c3c92b21a40,SUPPORTED,
SQX-XAUUSD-H4-7c3f03c683ab,SUPPORTED,
SQX-XAUUSD-H1-7c44e2b80ebf,SUPPORTED,
SQX-EURUSD-H4-7c4859c0d42a,SUPPORTED,
SQX-USDJPY-H4-7c557186155e,SUPPORTED,
SQX-EURUSD-H1-7c5f3ad3e114,SUPPORTED,
SQX-XAUUSD-H4-7c6398e2ae66,SUPPORTED,
SQX-GBPUSD-H4-7c6e21cbfb2b,SUPPORTED,
SQX-USDJPY-H1-7c74c568bfa0,SUPPORTED,
SQX-XAUUSD-H1-7c7831508303,SUPPORTED,
SQX-XAUUSD-H1-7c825ea77de5,SUPPORTED,
SQX-GBPUSD-H4-7c8357929982,SUPPORTED,
SQX-GBPUSD-H4-7c8433475cfb,SUPPORTED,
SQX-XAUUSD-H4-7c860fbd8464,SUPPORTED,
SQX-XAUUSD-H4-7c87ead06c48,SUPPORTED,
SQX-XAUUSD-H1-7c89cfcc78ed,SUPPORTED,
SQX-GBPUSD-M15-7c8edf949a50,SUPPORTED,
SQX-USDJPY-H4-7c92f3a8c43a,SUPPORTED,
SQX-XAUUSD-H4-7c94ca40dc53,SUPPORTED,
SQX-NZDUSD-H4-7c9ec76ca458,SUPPORTED,
SQX-GBPUSD-H4-7ca39afb6116,SUPPORTED,
SQX-XAUUSD-H4-7ca8ab9f9b68,SUPPORTED,
SQX-XAUUSD-H4-7cad38892a22,SUPPORTED,
SQX-USDJPY-H4-7cae9f70cc0d,SUPPORTED,
SQX-XAUUSD-H4-7cb5065d9cd7,SUPPORTED,
SQX-XAUUSD-H4-7cb599b2dbed,SUPPORTED,
SQX-XAUUSD-H1-7cbc46249d8b,SUPPORTED,
SQX-USDCHF-H4-7cbc63016113,SUPPORTED,
SQX-USDCHF-H4-7cbca580e91a,SUPPORTED,
SQX-XAUUSD-H4-7cbe626ce797,SUPPORTED,
SQX-XAUUSD-H4-7cc8c0f02953,SUPPORTED,
SQX-XAUUSD-H4-7cccb408b712,SUPPORTED,
SQX-XAUUSD-H4-7ccd9ace29fb,SUPPORTED,
SQX-XAUUSD-H1-7cd01f677892,SUPPORTED,
SQX-USDJPY-H4-7ce382962848,SUPPORTED,
SQX-GBPUSD-H4-7ce452ede0a7,SUPPORTED,
SQX-USDJPY-H4-7cf080487072,SUPPORTED,
SQX-XAUUSD-H4-7cf22f85cd79,SUPPORTED,
SQX-USDCHF-H4-7cfd352c3fc6,SUPPORTED,
SQX-XAUUSD-H4-7cfedac3a626,SUPPORTED,
SQX-EURUSD-H4-7d06b3b0f370,SUPPORTED,
SQX-GBPUSD-H4-7d08fe276d56,SUPPORTED,
SQX-USDJPY-H1-7d0ae434c385,SUPPORTED,
SQX-XAUUSD-H4-7d0bf958a22b,SUPPORTED,
SQX-XAUUSD-H4-7d10c4826e3d,SUPPORTED,
SQX-USDJPY-H1-7d110c39d28d,SUPPORTED,
SQX-EURUSD-H4-7d135e1c4853,SUPPORTED,
SQX-XAUUSD-H4-7d18b0074417,SUPPORTED,
SQX-XAUUSD-H4-7d1a5cb39314,SUPPORTED,
SQX-EURUSD-H1-7d1c55b7f0f2,SUPPORTED,
SQX-EURUSD-H1-7d1f91c5d8ce,SUPPORTED,
SQX-USDCAD-H4-7d2127aa35ea,SUPPORTED,
SQX-EURUSD-H4-7d283972c192,SUPPORTED,
SQX-GBPUSD-H4-7d2e19f17ef6,SUPPORTED,
SQX-XAUUSD-H4-7d3412a3b3a8,SUPPORTED,
SQX-XAUUSD-H4-7d36b7f0bf1f,SUPPORTED,
SQX-XAUUSD-H4-7d383b1426ca,SUPPORTED,
SQX-USDJPY-H4-7d3ab57e70de,SUPPORTED,
SQX-XAUUSD-H4-7d3b3fb26731,SUPPORTED,
SQX-USDJPY-H4-7d42f954a23d,SUPPORTED,
SQX-XAUUSD-H4-7d46745dceb2,SUPPORTED,
SQX-XAUUSD-H4-7d4a2d7e99e9,SUPPORTED,
SQX-XAUUSD-H1-7d4dbb61dd8a,SUPPORTED,
SQX-USDJPY-H4-7d564d2b6ed8,SUPPORTED,
SQX-XAUUSD-H4-7d61f0e2061a,SUPPORTED,
SQX-USDJPY-M15-7d626f983770,SUPPORTED,
SQX-XAUUSD-H4-7d66aa0409a3,SUPPORTED,
SQX-USDJPY-H4-7d677b4052a6,SUPPORTED,
SQX-USDJPY-H1-7d701c4f1f13,SUPPORTED,
SQX-XAUUSD-H1-7d80d3b40034,SUPPORTED,
SQX-XAUUSD-H1-7d85651b0f70,SUPPORTED,
SQX-XAUUSD-H4-7d8f490741e9,SUPPORTED,
SQX-XAUUSD-H4-7d913e164a70,SUPPORTED,
SQX-XAUUSD-H4-7d9142942b4c,SUPPORTED,
SQX-USDCAD-H4-7d9737f45cc7,SUPPORTED,
SQX-XAUUSD-H4-7da4bffb2bbd,SUPPORTED,
SQX-XAUUSD-H1-7da523159dc2,SUPPORTED,
SQX-XAUUSD-H1-7da84804ef3b,SUPPORTED,
SQX-EURUSD-H1-7dab68989462,SUPPORTED,
SQX-GBPUSD-H4-7dc30e5ca058,SUPPORTED,
SQX-XAUUSD-H4-7dd79445768c,SUPPORTED,
SQX-USDJPY-H4-7ddd16018222,SUPPORTED,
SQX-XAUUSD-H4-7de4e78bcfe4,SUPPORTED,
SQX-EURUSD-H1-7de8cc7e65b5,SUPPORTED,
SQX-USDJPY-H4-7def4cb986f7,SUPPORTED,
SQX-USDCHF-H4-7dfdbeeb7837,SUPPORTED,
SQX-XAUUSD-H4-7e002cdc406c,SUPPORTED,
SQX-XAUUSD-H4-7e08e2ec6d1f,SUPPORTED,
SQX-USDJPY-H4-7e0ab3f400f4,SUPPORTED,
SQX-XAUUSD-H4-7e105279aac4,SUPPORTED,
SQX-GBPUSD-H1-7e13743310fd,SUPPORTED,
SQX-XAUUSD-H4-7e17319d5fb5,SUPPORTED,
SQX-USDCAD-H4-7e17ee33593e,SUPPORTED,
SQX-XAUUSD-H4-7e188e96ec81,SUPPORTED,
SQX-USDJPY-H4-7e18a81db4d7,SUPPORTED,
SQX-XAUUSD-H4-7e21ef18ccc2,SUPPORTED,
SQX-USDJPY-H1-7e27d243c22d,SUPPORTED,
SQX-XAUUSD-H4-7e28634c170e,SUPPORTED,
SQX-EURUSD-H4-7e3031709857,SUPPORTED,
SQX-USDCHF-H4-7e398b965f02,SUPPORTED,
SQX-USDJPY-H1-7e3bac1ff68b,SUPPORTED,
SQX-GBPUSD-H4-7e422655f7fe,SUPPORTED,
SQX-USDJPY-H4-7e42cff7daec,SUPPORTED,
SQX-XAUUSD-H4-7e46f02fdc11,SUPPORTED,
SQX-NZDUSD-H4-7e4ce20bdfb6,SUPPORTED,
SQX-XAUUSD-H4-7e4f6aee3194,SUPPORTED,
SQX-XAUUSD-H4-7e51df87b73e,SUPPORTED,
SQX-XAUUSD-H4-7e52b12ce155,SUPPORTED,
SQX-XAUUSD-H4-7e5706687807,SUPPORTED,
SQX-EURUSD-H4-7e5c0971d71e,SUPPORTED,
SQX-GBPUSD-H4-7e5cd897aca0,SUPPORTED,
SQX-XAUUSD-H4-7e6066c54505,SUPPORTED,
SQX-USDCAD-H1-7e615d9efa46,SUPPORTED,
SQX-XAUUSD-H4-7e667d623790,SUPPORTED,
SQX-XAUUSD-H1-7e66fb822968,SUPPORTED,
SQX-EURUSD-H1-7e6c48173c44,SUPPORTED,
SQX-XAUUSD-H4-7e6f2b529475,SUPPORTED,
SQX-XAUUSD-H4-7e7eb0cdb968,SUPPORTED,
SQX-EURUSD-H4-7e7ec9164a9f,SUPPORTED,
SQX-EURUSD-M15-7e8092c049f4,SUPPORTED,
SQX-USDJPY-H1-7e819e2c1120,SUPPORTED,
SQX-XAUUSD-H4-7e87535ddce2,SUPPORTED,
SQX-USDJPY-H1-7e8885b01b7b,SUPPORTED,
SQX-USDJPY-M15-7e8afcc3b740,SUPPORTED,
SQX-USDJPY-H1-7e9daa980f94,SUPPORTED,
SQX-XAUUSD-H1-7e9fcbfda895,SUPPORTED,
SQX-GBPUSD-H4-7ea940d5ed21,SUPPORTED,
SQX-XAUUSD-H4-7eaabe7f5e26,SUPPORTED,
SQX-EURUSD-H1-7eaf20c203bf,SUPPORTED,
SQX-XAUUSD-H4-7eb00eae414b,SUPPORTED,
SQX-GBPUSD-H1-7eb41f81e13a,SUPPORTED,
SQX-XAUUSD-H4-7eb6438a6de1,SUPPORTED,
SQX-XAUUSD-H4-7eb821118910,SUPPORTED,
SQX-EURUSD-H1-7ec358140498,SUPPORTED,
SQX-EURUSD-H1-7ec826623413,SUPPORTED,
SQX-USDJPY-H4-7ed6634bfe7d,SUPPORTED,
SQX-EURUSD-H1-7ee74584933b,SUPPORTED,
SQX-XAUUSD-H4-7eea5341f5d8,SUPPORTED,
SQX-USDJPY-H4-7eeb2f49373f,SUPPORTED,
SQX-USDJPY-M15-7ef500411c1f,SUPPORTED,
SQX-EURUSD-H1-7ef5e224d510,SUPPORTED,
SQX-EURUSD-H1-7f010d94bdbf,SUPPORTED,
SQX-XAUUSD-H4-7f06f61ee8c4,SUPPORTED,
SQX-USDJPY-H4-7f074cd54573,SUPPORTED,
SQX-USDJPY-H4-7f0d9f47666f,SUPPORTED,
SQX-XAUUSD-H4-7f176edf8976,SUPPORTED,
SQX-USDJPY-H1-7f1bd51375a3,SUPPORTED,
SQX-XAUUSD-H4-7f310f89ce25,SUPPORTED,
SQX-USDJPY-H4-7f3c47b201c2,SUPPORTED,
SQX-XAUUSD-H1-7f3eb7861a21,SUPPORTED,
SQX-XAUUSD-H1-7f4169881c98,SUPPORTED,
SQX-GBPUSD-H4-7f479dafd487,SUPPORTED,
SQX-XAUUSD-H1-7f4f0aea6e20,SUPPORTED,
SQX-XAUUSD-H4-7f55b9f1e583,SUPPORTED,
SQX-XAUUSD-H4-7f55cfdae7d8,SUPPORTED,
SQX-USDJPY-H4-7f56e7ec8885,SUPPORTED,
SQX-USDJPY-H1-7f5cffcac7cc,SUPPORTED,
SQX-USDJPY-H1-7f6332fa58c9,SUPPORTED,
SQX-USDJPY-H4-7f6bebea5fee,SUPPORTED,
SQX-USDCAD-H4-7f74af85a952,SUPPORTED,
SQX-EURUSD-H4-7f7799ead365,SUPPORTED,
SQX-USDJPY-H4-7f8194597abb,SUPPORTED,
SQX-XAUUSD-H4-7f8beec3f3b6,SUPPORTED,
SQX-USDJPY-M15-7f8e20dfe3c8,SUPPORTED,
SQX-EURUSD-H4-7f8f62323ba4,SUPPORTED,
SQX-XAUUSD-H1-7f922ab0af5d,SUPPORTED,
SQX-EURUSD-H4-7f9528db8745,SUPPORTED,
SQX-XAUUSD-H4-7f9c1285fcf9,SUPPORTED,
SQX-USDJPY-H1-7f9e0c1fd92d,SUPPORTED,
SQX-USDJPY-M15-7fa206146373,SUPPORTED,
SQX-XAUUSD-H1-7fa9559651d6,SUPPORTED,
SQX-USDJPY-H1-7faac70e7410,SUPPORTED,
SQX-XAUUSD-H4-7fad5e768b0f,SUPPORTED,
SQX-USDJPY-H4-7fae23d25761,SUPPORTED,
SQX-XAUUSD-H4-7faf84d5fdc1,SUPPORTED,
SQX-EURUSD-M15-7fb0e487450d,SUPPORTED,
SQX-XAUUSD-H4-7fba9ae3df4b,SUPPORTED,
SQX-XAUUSD-H1-7fbae054cf54,SUPPORTED,
SQX-EURUSD-H4-7fbbee21fada,SUPPORTED,
SQX-USDJPY-H4-7fbbf5f53f37,SUPPORTED,
SQX-USDCHF-H4-7fc5400dfef9,SUPPORTED,
SQX-USDJPY-H4-7fc86b59d368,SUPPORTED,
SQX-EURUSD-H4-7fd106444e9f,SUPPORTED,
SQX-XAUUSD-H4-7fd2e98130d7,SUPPORTED,
SQX-USDCHF-H4-7fd37207f41e,SUPPORTED,
SQX-XAUUSD-H4-7fd9cce346f4,SUPPORTED,
SQX-USDJPY-H1-7fda71969ea7,SUPPORTED,
SQX-USDJPY-H1-7fdc90be83e8,SUPPORTED,
SQX-XAUUSD-H4-7fdd87abe639,SUPPORTED,
SQX-EURUSD-H1-7fdeb5c6e5e9,SUPPORTED,
SQX-XAUUSD-H4-7fe12450ca1f,SUPPORTED,
SQX-USDJPY-H1-7ff070f3b56e,SUPPORTED,
SQX-XAUUSD-H4-7ff7edfb0be3,SUPPORTED,
SQX-USDCAD-H1-7ffdb30340d1,SUPPORTED,
SQX-USDJPY-H4-8003e749df68,SUPPORTED,
SQX-USDJPY-H4-8017e6b5da73,SUPPORTED,
SQX-EURUSD-H4-80252c2d7100,SUPPORTED,
SQX-USDJPY-M15-802b8461df64,SUPPORTED,
SQX-GBPUSD-H1-803199d29130,SUPPORTED,
SQX-GBPUSD-M15-8033cd0f4d6f,SUPPORTED,
SQX-XAUUSD-H4-80368cd5cb4c,SUPPORTED,
SQX-XAUUSD-H4-804b261167b9,SUPPORTED,
SQX-NZDUSD-H1-804ce5da5b7f,SUPPORTED,
SQX-XAUUSD-H4-804eb0256f2c,SUPPORTED,
SQX-XAUUSD-H4-805b0e659dd7,SUPPORTED,
SQX-GBPUSD-H4-80606a3865f6,SUPPORTED,
SQX-GBPUSD-H4-80696141cdf0,SUPPORTED,
SQX-USDJPY-H1-80744fb42360,SUPPORTED,
SQX-GBPUSD-H4-807eca33a7d0,SUPPORTED,
SQX-XAUUSD-H1-8086b156da74,SUPPORTED,
SQX-USDCHF-H4-8088e30e7f05,SUPPORTED,
SQX-GBPUSD-H4-808e63e70873,SUPPORTED,
SQX-XAUUSD-H4-808ee8b20941,SUPPORTED,
SQX-XAUUSD-H4-809bb8ed80bd,SUPPORTED,
SQX-XAUUSD-H4-809c8b8bcd72,SUPPORTED,
SQX-XAUUSD-H4-809ee586a8ec,SUPPORTED,
SQX-XAUUSD-H4-809f4910609a,SUPPORTED,
SQX-GBPUSD-H4-80a012230b66,SUPPORTED,
SQX-XAUUSD-H4-80a52a611865,SUPPORTED,
SQX-GBPUSD-M15-80be6089d2a9,SUPPORTED,
SQX-XAUUSD-H1-80c010284224,SUPPORTED,
SQX-XAUUSD-H4-80c13acff1f7,SUPPORTED,
SQX-XAUUSD-H4-80c665037770,SUPPORTED,
SQX-USDCHF-H4-80cc02746e9e,SUPPORTED,
SQX-XAUUSD-H1-80cce6c64a1c,SUPPORTED,
SQX-XAUUSD-H4-80cd34b6840d,SUPPORTED,
SQX-EURUSD-H4-80d69f510f9f,SUPPORTED,
SQX-XAUUSD-H1-80d92ee5551a,SUPPORTED,
SQX-USDJPY-H4-80df38144a8e,SUPPORTED,
SQX-USDJPY-H1-80e00337efdb,SUPPORTED,
SQX-XAUUSD-H4-80e2b26d29aa,SUPPORTED,
SQX-XAUUSD-H4-80e2f5154c3f,SUPPORTED,
SQX-XAUUSD-H4-80e897fb082d,SUPPORTED,
SQX-USDJPY-H4-80ef06d66187,SUPPORTED,
SQX-XAUUSD-H4-80f73be2863a,SUPPORTED,
SQX-EURUSD-H1-80fd8b4275ea,SUPPORTED,
SQX-USDJPY-H4-8103d5500601,SUPPORTED,
SQX-USDCHF-H4-811bba7a7f05,SUPPORTED,
SQX-XAUUSD-H4-812c4c5a5d1d,SUPPORTED,
SQX-XAUUSD-H4-813268bc6ddc,SUPPORTED,
SQX-USDJPY-H4-8134c3b90aa9,SUPPORTED,
SQX-XAUUSD-H4-81374a649deb,SUPPORTED,
SQX-XAUUSD-H1-813ba3e3f227,SUPPORTED,
SQX-GBPUSD-H4-813e97d8b781,SUPPORTED,
SQX-GBPUSD-H4-8142ac3d0613,SUPPORTED,
SQX-XAUUSD-H1-8144cecb6cfd,SUPPORTED,
SQX-XAUUSD-H1-8150d8e9b4ad,SUPPORTED,
SQX-EURUSD-H1-8151e604b264,SUPPORTED,
SQX-GBPUSD-H1-815b76b389b8,SUPPORTED,
SQX-XAUUSD-H4-81618130d9bc,SUPPORTED,
SQX-USDJPY-H1-816605b4cda4,SUPPORTED,
SQX-XAUUSD-H4-8170744a4861,SUPPORTED,
SQX-USDJPY-H1-81781b0ab2b1,SUPPORTED,
SQX-USDJPY-H4-8185adf1dc0f,SUPPORTED,
SQX-USDJPY-H1-818803de36e6,SUPPORTED,
SQX-XAUUSD-H4-818a179e90c3,SUPPORTED,
SQX-USDCHF-H4-8193437f0848,SUPPORTED,
SQX-NZDUSD-H4-819403bb7420,SUPPORTED,
SQX-GBPUSD-H4-8194df766e88,SUPPORTED,
SQX-GBPUSD-H4-819b76479951,SUPPORTED,
SQX-USDJPY-H4-819f5929ba4d,SUPPORTED,
SQX-USDJPY-H1-81a6ebeabb5e,SUPPORTED,
SQX-XAUUSD-H4-81a85666d7de,SUPPORTED,
SQX-XAUUSD-H4-81ac0aea96be,SUPPORTED,
SQX-XAUUSD-H4-81adac77992d,SUPPORTED,
SQX-XAUUSD-H1-81b379a8b3f2,SUPPORTED,
SQX-USDJPY-H4-81bd63e9a7dc,SUPPORTED,
SQX-EURUSD-H1-81d57f6e1fd5,SUPPORTED,
SQX-GBPUSD-H4-81d7d4486b63,SUPPORTED,
SQX-XAUUSD-H4-81d9cc82bf5b,SUPPORTED,
SQX-USDJPY-H1-81e1a68607b9,SUPPORTED,
SQX-EURUSD-H4-81e2e5e84da0,SUPPORTED,
SQX-XAUUSD-H4-81e605421be7,SUPPORTED,
SQX-USDCAD-H4-81eae2682859,SUPPORTED,
SQX-USDJPY-H4-81f3c343948a,SUPPORTED,
SQX-XAUUSD-H4-81fc3b0e088f,SUPPORTED,
SQX-USDCHF-H4-82053faf3a71,SUPPORTED,
SQX-EURUSD-H1-820a34ef19e1,SUPPORTED,
SQX-USDJPY-H4-820f7cb343f5,SUPPORTED,
SQX-XAUUSD-H4-82118b32bd0c,SUPPORTED,
SQX-XAUUSD-H4-821624d03442,SUPPORTED,
SQX-XAUUSD-H4-82169ea85f0b,SUPPORTED,
SQX-EURUSD-H4-821c9db29725,SUPPORTED,
SQX-XAUUSD-H4-822d84100fd9,SUPPORTED,
SQX-USDJPY-H4-822e032a0b2b,SUPPORTED,
SQX-USDCHF-H4-82320b157c3f,SUPPORTED,
SQX-USDJPY-H4-8238450eaec2,SUPPORTED,
SQX-USDCAD-H4-823acd4e656a,SUPPORTED,
SQX-EURUSD-H1-823b24db13b8,SUPPORTED,
SQX-USDJPY-H1-823becdbc077,SUPPORTED,
SQX-EURUSD-H1-8240f1d11629,SUPPORTED,
SQX-XAUUSD-H4-8245f81f0d6d,SUPPORTED,
SQX-GBPUSD-H1-824d4be9afe4,SUPPORTED,
SQX-EURUSD-H4-824ff52ae5df,SUPPORTED,
SQX-USDJPY-H1-8255ad59afb5,SUPPORTED,
SQX-USDJPY-H1-8256ce01cd48,SUPPORTED,
SQX-GBPUSD-H4-8259999111d7,SUPPORTED,
SQX-XAUUSD-H4-825c6076b36d,SUPPORTED,
SQX-XAUUSD-H4-825ea187112e,SUPPORTED,
SQX-GBPUSD-H4-825f9d31ae86,SUPPORTED,
SQX-USDJPY-H1-826b1dbe0699,SUPPORTED,
SQX-XAUUSD-H4-826ee668cba3,SUPPORTED,
SQX-XAUUSD-H1-8279caafdece,SUPPORTED,
SQX-USDCHF-H4-827bede7bbcd,SUPPORTED,
SQX-XAUUSD-H4-828031cb2a7f,SUPPORTED,
SQX-USDJPY-H4-8288ccb08d75,SUPPORTED,
SQX-XAUUSD-H1-8291e0abc0eb,SUPPORTED,
SQX-EURUSD-H1-829846fbbb7a,SUPPORTED,
SQX-XAUUSD-H4-8299552d50c6,SUPPORTED,
SQX-XAUUSD-H1-82a58fc9bfc3,SUPPORTED,
SQX-USDCHF-H4-82a66754a3ca,SUPPORTED,
SQX-XAUUSD-H1-82a998dce157,SUPPORTED,
SQX-XAUUSD-H4-82ac5285b55a,SUPPORTED,
SQX-XAUUSD-H4-82b0a298034a,SUPPORTED,
SQX-EURUSD-H1-82b392de195f,SUPPORTED,
SQX-USDJPY-H4-82b83c7abf2f,SUPPORTED,
SQX-EURUSD-H1-82bbec3e953e,SUPPORTED,
SQX-XAUUSD-H1-82bd505bf9c2,SUPPORTED,
SQX-XAUUSD-H4-82c01a67d54e,SUPPORTED,
SQX-USDCAD-H4-82c1bed08b7a,SUPPORTED,
SQX-USDCAD-H4-82c5ca16a093,SUPPORTED,
SQX-XAUUSD-H4-82ca128f2a81,SUPPORTED,
SQX-USDJPY-H4-82d0f7bcdb04,SUPPORTED,
SQX-XAUUSD-M15-82d381ef0b6b,SUPPORTED,
SQX-XAUUSD-H4-82dd2380c01f,SUPPORTED,
SQX-XAUUSD-H4-82dedabacfe7,SUPPORTED,
SQX-USDCAD-H4-82fa69d86750,SUPPORTED,
SQX-GBPUSD-H1-8302f42ba9a3,SUPPORTED,
SQX-XAUUSD-H1-830460751ad6,SUPPORTED,
SQX-XAUUSD-H1-830e3cabecca,SUPPORTED,
SQX-NZDUSD-H4-8310b10a820d,SUPPORTED,
SQX-XAUUSD-H1-832978cd8619,SUPPORTED,
SQX-XAUUSD-H4-832ac7ea5adc,SUPPORTED,
SQX-XAUUSD-H1-832d4f63c2e3,SUPPORTED,
SQX-XAUUSD-H4-832e6afc14a3,SUPPORTED,
SQX-USDJPY-H1-83393f5b302c,SUPPORTED,
SQX-EURUSD-H1-833995ddfdc2,SUPPORTED,
SQX-NZDUSD-H4-833ad4dfab9c,SUPPORTED,
SQX-USDCAD-H4-8346fcf2431b,SUPPORTED,
SQX-XAUUSD-H4-8348f45618bd,SUPPORTED,
SQX-XAUUSD-H4-834b1ef748fb,SUPPORTED,
SQX-USDJPY-H4-835392ac7930,SUPPORTED,
SQX-USDJPY-H1-8359f1ce7ec0,SUPPORTED,
SQX-XAUUSD-H1-835a09e352eb,SUPPORTED,
SQX-XAUUSD-H4-835c125392e0,SUPPORTED,
SQX-XAUUSD-H4-835f48f47144,SUPPORTED,
SQX-EURUSD-H1-8360b82a83a3,SUPPORTED,
SQX-USDJPY-H4-836fa40e4370,SUPPORTED,
SQX-GBPUSD-H4-837192a6dffa,SUPPORTED,
SQX-XAUUSD-H4-837249cd955f,SUPPORTED,
SQX-XAUUSD-H1-837c44fac022,SUPPORTED,
SQX-XAUUSD-H4-8380b306cda9,SUPPORTED,
SQX-USDCHF-H4-83837b238839,SUPPORTED,
SQX-USDCAD-H1-83894a168431,SUPPORTED,
SQX-USDCAD-H4-8395e023a8fb,SUPPORTED,
SQX-USDJPY-H1-8399bef4eed5,SUPPORTED,
SQX-USDJPY-H4-83a5df8ceb4e,SUPPORTED,
SQX-XAUUSD-H1-83a9257c8843,SUPPORTED,
SQX-XAUUSD-H4-83b2c98aa7bf,SUPPORTED,
SQX-XAUUSD-H4-83b3334ad74e,SUPPORTED,
SQX-EURUSD-H1-83bca7c5f7c9,SUPPORTED,
SQX-EURUSD-H1-83bd706925b3,SUPPORTED,
SQX-XAUUSD-H1-83cac88f8f8c,SUPPORTED,
SQX-XAUUSD-H4-83d672739043,SUPPORTED,
SQX-USDJPY-H4-83d8cfa27de1,SUPPORTED,
SQX-XAUUSD-H4-83db460d3050,SUPPORTED,
SQX-XAUUSD-H4-83ded911df07,SUPPORTED,
SQX-XAUUSD-H4-83e5e606f059,SUPPORTED,
SQX-XAUUSD-H4-83ea19aa5038,SUPPORTED,
SQX-XAUUSD-H4-83eff3d909cf,SUPPORTED,
SQX-USDJPY-H4-83f5f185e9b5,SUPPORTED,
SQX-XAUUSD-H4-83f6d9cef36b,SUPPORTED,
SQX-GBPUSD-H4-83fdc9181ed1,SUPPORTED,
SQX-USDJPY-H1-83fe61b02405,SUPPORTED,
SQX-EURUSD-H1-84032d3e79ed,SUPPORTED,
SQX-XAUUSD-H4-84079e3367d3,SUPPORTED,
SQX-XAUUSD-H1-840f0c2e9288,SUPPORTED,
SQX-XAUUSD-H4-84126abcce3e,SUPPORTED,
SQX-USDJPY-H4-84126e44df61,SUPPORTED,
SQX-USDJPY-H4-841c70778de6,SUPPORTED,
SQX-XAUUSD-H4-841c7428264e,SUPPORTED,
SQX-EURUSD-H1-84212d291fe1,SUPPORTED,
SQX-GBPUSD-H4-8421b4e1363a,SUPPORTED,
SQX-GBPUSD-H4-84231755acc3,SUPPORTED,
SQX-USDCAD-H4-8425bfe5c168,SUPPORTED,
SQX-USDJPY-H4-842884bcf08a,SUPPORTED,
SQX-XAUUSD-H4-842a43a3bf78,SUPPORTED,
SQX-USDCHF-H4-842b33cad2c4,SUPPORTED,
SQX-EURUSD-H4-842b3ed35931,SUPPORTED,
SQX-XAUUSD-H1-842da754f41c,SUPPORTED,
SQX-XAUUSD-H4-84340ab66127,SUPPORTED,
SQX-XAUUSD-H4-84390df14c17,SUPPORTED,
SQX-XAUUSD-H4-843e78b99ec9,SUPPORTED,
SQX-XAUUSD-H4-84477f96e76c,SUPPORTED,
SQX-XAUUSD-H4-84542fc7394d,SUPPORTED,
SQX-GBPUSD-H1-8455b0c3dbde,SUPPORTED,
SQX-EURUSD-H1-8457fc5353f1,SUPPORTED,
SQX-XAUUSD-H1-8458a913871b,SUPPORTED,
SQX-GBPUSD-H4-84636b231551,SUPPORTED,
SQX-XAUUSD-H1-846da7824549,SUPPORTED,
SQX-XAUUSD-H4-8471d30905b0,SUPPORTED,
SQX-XAUUSD-H1-8477aa62099e,SUPPORTED,
SQX-USDJPY-H4-847b0f4f2aa9,SUPPORTED,
SQX-XAUUSD-H1-8485d97c174a,SUPPORTED,
SQX-USDJPY-H1-848813d63040,SUPPORTED,
SQX-USDJPY-H1-848a3d34b506,SUPPORTED,
SQX-XAUUSD-H4-848ab8fffd4c,SUPPORTED,
SQX-XAUUSD-H4-848d54435a7d,SUPPORTED,
SQX-XAUUSD-H4-848d75732f2b,SUPPORTED,
SQX-XAUUSD-H1-848dbccbe135,SUPPORTED,
SQX-NZDUSD-H4-84948748a507,SUPPORTED,
SQX-USDJPY-H4-8494f0edc0ab,SUPPORTED,
SQX-XAUUSD-H4-849940b9a6a0,SUPPORTED,
SQX-EURUSD-H1-84a1aac55b6f,SUPPORTED,
SQX-XAUUSD-H1-84a43f500c09,SUPPORTED,
SQX-XAUUSD-H4-84aaa23ac40b,SUPPORTED,
SQX-EURUSD-H4-84afe5e0862b,SUPPORTED,
SQX-USDJPY-H4-84b586ac69d0,SUPPORTED,
SQX-EURUSD-H1-84baac17c749,SUPPORTED,
SQX-XAUUSD-H4-84be1191d8a3,SUPPORTED,
SQX-XAUUSD-H1-84d906d300a9,SUPPORTED,
SQX-USDJPY-M15-84e04db0d00f,SUPPORTED,
SQX-XAUUSD-H4-84e88e79a114,SUPPORTED,
SQX-XAUUSD-H1-84fc25893471,SUPPORTED,
SQX-XAUUSD-H4-85018cff40b3,SUPPORTED,
SQX-USDJPY-H1-85021377b007,SUPPORTED,
SQX-EURUSD-M15-8507217fce51,SUPPORTED,
SQX-XAUUSD-H4-8510eab8cfde,SUPPORTED,
SQX-GBPUSD-H1-85118d80d099,SUPPORTED,
SQX-XAUUSD-H4-8514b0d7c8f2,SUPPORTED,
SQX-GBPUSD-M15-8516b2d62a3d,SUPPORTED,
SQX-EURUSD-H1-851752d2bcbe,SUPPORTED,
SQX-USDJPY-H4-851c801b373e,SUPPORTED,
SQX-USDCHF-H4-85236697efc7,SUPPORTED,
SQX-XAUUSD-H1-852376434fad,SUPPORTED,
SQX-XAUUSD-H4-853b2bc41b42,SUPPORTED,
SQX-XAUUSD-H4-853c1cf9dd17,SUPPORTED,
SQX-XAUUSD-H4-854272d5748c,SUPPORTED,
SQX-USDJPY-H4-854550629b0d,SUPPORTED,
SQX-XAUUSD-H4-854de9f3ba69,SUPPORTED,
SQX-EURUSD-H1-855e4b54a1b9,SUPPORTED,
SQX-XAUUSD-H4-856090198046,SUPPORTED,
SQX-USDJPY-H4-8561bedaf6e7,SUPPORTED,
SQX-NZDUSD-H4-8564f9562f7a,SUPPORTED,
SQX-EURUSD-H4-8570a55be3e1,SUPPORTED,
SQX-XAUUSD-H4-85788ac0f934,SUPPORTED,
SQX-XAUUSD-H1-85796288676b,SUPPORTED,
SQX-XAUUSD-H4-857adc8185a6,SUPPORTED,
SQX-EURUSD-H4-8580454fe8b2,SUPPORTED,
SQX-USDJPY-H1-858a3c0f1a5c,SUPPORTED,
SQX-XAUUSD-H4-858d47c3b308,SUPPORTED,
SQX-GBPUSD-H4-859dc3f69d69,SUPPORTED,
SQX-USDCHF-H4-85a79c88fc29,SUPPORTED,
SQX-XAUUSD-H4-85afd5cccda3,SUPPORTED,
SQX-XAUUSD-H4-85c224d6d811,SUPPORTED,
SQX-XAUUSD-H4-85ce5d14af7d,SUPPORTED,
SQX-USDJPY-H4-85d8a6a8421a,SUPPORTED,
SQX-USDJPY-H1-85dab79bfc48,SUPPORTED,
SQX-XAUUSD-H4-85e4c6d7d29a,SUPPORTED,
SQX-GBPUSD-M15-85eb65bb1572,SUPPORTED,
SQX-XAUUSD-H4-85eec93e0d27,SUPPORTED,
SQX-XAUUSD-H4-85f43450f876,SUPPORTED,
SQX-XAUUSD-H4-85f8bbc05cd7,SUPPORTED,
SQX-XAUUSD-H1-85fb5a90e5dc,SUPPORTED,
SQX-EURUSD-H1-86054a9edaae,SUPPORTED,
SQX-USDJPY-H4-8612da5673b1,SUPPORTED,
SQX-USDJPY-H4-86158c221cd3,SUPPORTED,
SQX-EURUSD-H4-861639be41d7,SUPPORTED,
SQX-USDJPY-H4-861929836a29,SUPPORTED,
SQX-USDJPY-H1-861970878939,SUPPORTED,
SQX-USDJPY-H4-861c99bb7718,SUPPORTED,
SQX-GBPUSD-H4-861fa7b9c537,SUPPORTED,
SQX-EURUSD-H4-8628536463b6,SUPPORTED,
SQX-USDJPY-H4-862966a8b3a8,SUPPORTED,
SQX-EURUSD-H1-8633b4e7ea14,SUPPORTED,
SQX-XAUUSD-H4-8634b686ba2a,SUPPORTED,
SQX-XAUUSD-H4-8637a31260ed,SUPPORTED,
SQX-USDJPY-H4-863cdbb1e304,SUPPORTED,
SQX-XAUUSD-H4-8643c65ee5e6,SUPPORTED,
SQX-XAUUSD-H4-8646316d7814,SUPPORTED,
SQX-USDCHF-H4-86499e05af8f,SUPPORTED,
SQX-XAUUSD-H1-864f4c77b2f4,SUPPORTED,
SQX-USDCAD-H4-865f38a1d4e4,SUPPORTED,
SQX-USDJPY-H4-8663667d4909,SUPPORTED,
SQX-USDJPY-M15-8665c258fdb2,SUPPORTED,
SQX-XAUUSD-H4-866ceeb40e3f,SUPPORTED,
SQX-XAUUSD-H1-866d2b3d23a0,SUPPORTED,
SQX-XAUUSD-H1-8671b3a3099c,SUPPORTED,
SQX-XAUUSD-H4-867495841e95,SUPPORTED,
SQX-EURUSD-H4-86771ed886c9,SUPPORTED,
SQX-EURUSD-H1-86949df9fa9d,SUPPORTED,
SQX-EURUSD-H1-869bbd297395,SUPPORTED,
SQX-EURUSD-H1-869d1d3412d0,SUPPORTED,
SQX-USDJPY-H1-86a4c6e11045,SUPPORTED,
SQX-USDJPY-H1-86b304a6c841,SUPPORTED,
SQX-XAUUSD-H1-86b843dc4c03,SUPPORTED,
SQX-EURUSD-H4-86b89a127497,SUPPORTED,
SQX-EURUSD-H4-86ba46a09c34,SUPPORTED,
SQX-XAUUSD-H4-86c73fd570a4,SUPPORTED,
SQX-GBPUSD-H4-86cf50804853,SUPPORTED,
SQX-EURUSD-H1-86cfdf7958ae,SUPPORTED,
SQX-XAUUSD-H4-86d559802d6b,SUPPORTED,
SQX-XAUUSD-H4-86db93a3978f,SUPPORTED,
SQX-EURUSD-H1-86de7c283d31,SUPPORTED,
SQX-USDCAD-H4-86dec45afdb5,SUPPORTED,
SQX-XAUUSD-H4-86e5474231f1,SUPPORTED,
SQX-USDJPY-H4-86e7670968d0,SUPPORTED,
SQX-GBPUSD-H4-86eba4e68bb5,SUPPORTED,
SQX-XAUUSD-H4-86ebda9db1bf,SUPPORTED,
SQX-XAUUSD-H1-86ec7214cd46,SUPPORTED,
SQX-XAUUSD-H4-86f2574c4ae0,SUPPORTED,
SQX-XAUUSD-H4-86f87d2a128c,SUPPORTED,
SQX-XAUUSD-H4-870c182aa80c,SUPPORTED,
SQX-USDJPY-H4-870d35bf0817,SUPPORTED,
SQX-USDJPY-H4-87152d539f85,SUPPORTED,
SQX-XAUUSD-H1-87154673275c,SUPPORTED,
SQX-XAUUSD-H4-872059df1100,SUPPORTED,
SQX-GBPUSD-H1-872151067930,SUPPORTED,
SQX-XAUUSD-H4-8721637d9a22,SUPPORTED,
SQX-XAUUSD-H4-8722e0efb1d0,SUPPORTED,
SQX-USDJPY-H4-872ee18be2f6,SUPPORTED,
SQX-EURUSD-H4-872eee05fac3,SUPPORTED,
SQX-USDJPY-H4-873256b6e109,SUPPORTED,
SQX-USDJPY-H4-8737e553bc57,SUPPORTED,
SQX-USDJPY-H1-874167cf5cca,SUPPORTED,
SQX-USDJPY-H4-874230704e48,SUPPORTED,
SQX-XAUUSD-H4-8745efaa0491,SUPPORTED,
SQX-XAUUSD-H4-874be9fd0a0f,SUPPORTED,
SQX-EURUSD-H4-874c85200f3b,SUPPORTED,
SQX-EURUSD-H4-87512f10af4e,SUPPORTED,
SQX-XAUUSD-H4-875a096ec508,SUPPORTED,
SQX-EURUSD-H1-875e3a36f357,SUPPORTED,
SQX-XAUUSD-H4-875efc7997f6,SUPPORTED,
SQX-USDJPY-H4-8760929809b2,SUPPORTED,
SQX-NZDUSD-H4-8763e7043ed9,SUPPORTED,
SQX-XAUUSD-H4-87684d172429,SUPPORTED,
SQX-USDJPY-H4-876ae5a49fb8,SUPPORTED,
SQX-GBPUSD-H4-877218787c7c,SUPPORTED,
SQX-GBPUSD-H4-87785858d4b6,SUPPORTED,
SQX-USDCHF-H4-878e40821bbf,SUPPORTED,
SQX-USDJPY-H1-878f41401f28,SUPPORTED,
SQX-XAUUSD-H4-87994a2bb754,SUPPORTED,
SQX-XAUUSD-H4-879b0da3418a,SUPPORTED,
SQX-XAUUSD-H1-879c89121aaa,SUPPORTED,
SQX-XAUUSD-H1-87a31433fbb1,SUPPORTED,
SQX-XAUUSD-H4-87a91d9fe867,SUPPORTED,
SQX-EURUSD-H1-87bf0430e684,SUPPORTED,
SQX-EURUSD-H1-87bf91a23ab7,SUPPORTED,
SQX-USDJPY-H1-87c1366209ff,SUPPORTED,
SQX-XAUUSD-H4-87ca8c1634c4,SUPPORTED,
SQX-EURUSD-H4-87de4478dbc3,SUPPORTED,
SQX-XAUUSD-H1-87ebd7294e22,SUPPORTED,
SQX-EURUSD-H4-87ece2e83c71,SUPPORTED,
SQX-EURUSD-H4-87f9bd312b5b,SUPPORTED,
SQX-XAUUSD-H4-87fba1cb479b,SUPPORTED,
SQX-USDJPY-H1-880a03d871fb,SUPPORTED,
SQX-XAUUSD-H4-880cf659caee,SUPPORTED,
SQX-XAUUSD-H1-8811a22b591c,SUPPORTED,
SQX-XAUUSD-H4-881ee56b321c,SUPPORTED,
SQX-USDJPY-H4-8821b1289955,SUPPORTED,
SQX-XAUUSD-H1-8827b498abb4,SUPPORTED,
SQX-XAUUSD-H4-882af7cc1e07,SUPPORTED,
SQX-EURUSD-H4-88330431f8e8,SUPPORTED,
SQX-NZDUSD-H4-883800047d8b,SUPPORTED,
SQX-XAUUSD-H4-883c22e7a8cb,SUPPORTED,
SQX-XAUUSD-H1-883e61f9fb23,SUPPORTED,
SQX-USDJPY-H4-88491a47c894,SUPPORTED,
SQX-GBPUSD-H4-884e61b2a48f,SUPPORTED,
SQX-XAUUSD-H4-8858b8bb0cbc,SUPPORTED,
SQX-EURUSD-H4-885c7b75fb7f,SUPPORTED,
SQX-XAUUSD-H1-885ff60a6cd6,SUPPORTED,
SQX-EURUSD-H1-88642025d435,SUPPORTED,
SQX-USDJPY-H1-8864f8b4d349,SUPPORTED,
SQX-EURUSD-H4-887166710e32,SUPPORTED,
SQX-USDJPY-H1-8872527e6751,SUPPORTED,
SQX-USDJPY-H4-8878ab69b750,SUPPORTED,
SQX-USDJPY-H4-887d64b549d7,SUPPORTED,
SQX-XAUUSD-H4-888550ef45e6,SUPPORTED,
SQX-XAUUSD-H4-888a2acb091d,SUPPORTED,
SQX-GBPUSD-H1-8893a4f7c0a1,SUPPORTED,
SQX-XAUUSD-H1-889a7a582f76,SUPPORTED,
SQX-EURUSD-H4-889ce9cabcf9,SUPPORTED,
SQX-EURUSD-H4-889f2a84daa8,SUPPORTED,
SQX-USDJPY-H4-88a0578ef2d4,SUPPORTED,
SQX-EURUSD-H1-88a2163df02c,SUPPORTED,
SQX-XAUUSD-H4-88a342be1830,SUPPORTED,
SQX-XAUUSD-H4-88a3cde6bd62,SUPPORTED,
SQX-EURUSD-H1-88a4aac38bc2,SUPPORTED,
SQX-USDJPY-H4-88a85540ee17,SUPPORTED,
SQX-EURUSD-H4-88a9717f4ef1,SUPPORTED,
SQX-XAUUSD-H4-88aac150118f,SUPPORTED,
SQX-NZDUSD-H4-88b5d858e3b3,SUPPORTED,
SQX-XAUUSD-H4-88bc6325b1b6,SUPPORTED,
SQX-USDCHF-H4-88bca5447625,SUPPORTED,
SQX-USDJPY-H4-88c227a83f83,SUPPORTED,
SQX-EURUSD-H1-88ca390f64d5,SUPPORTED,
SQX-XAUUSD-H4-88cc1d1a9b6a,SUPPORTED,
SQX-GBPUSD-H1-88cf9573337c,SUPPORTED,
SQX-USDCHF-H4-88d281c01fb1,SUPPORTED,
SQX-USDJPY-H4-88d9a14924cd,SUPPORTED,
SQX-USDJPY-H1-88d9bdbc029e,SUPPORTED,
SQX-XAUUSD-H4-88dade48503f,SUPPORTED,
SQX-USDCAD-H4-88e19044b603,SUPPORTED,
SQX-USDJPY-H4-88e222d59625,SUPPORTED,
SQX-XAUUSD-H4-88e757add32f,SUPPORTED,
SQX-USDCAD-H4-88ed7c8e0d6b,SUPPORTED,
SQX-XAUUSD-H4-88f5b6ac073b,SUPPORTED,
SQX-USDJPY-H1-88f7d1888e9a,SUPPORTED,
SQX-XAUUSD-H4-88f7d8d306a2,SUPPORTED,
SQX-XAUUSD-H4-8903d8c3dff4,SUPPORTED,
SQX-EURUSD-H4-89073fa28dbb,SUPPORTED,
SQX-USDJPY-H4-890969a57ebe,SUPPORTED,
SQX-XAUUSD-H4-890c94ad7f7c,SUPPORTED,
SQX-XAUUSD-H4-8910bd2144af,SUPPORTED,
SQX-XAUUSD-H4-891170549b78,SUPPORTED,
SQX-XAUUSD-H4-8915b24f49e0,SUPPORTED,
SQX-EURUSD-H4-89179bdab6b5,SUPPORTED,
SQX-EURUSD-H1-891cc9ed75da,SUPPORTED,
SQX-GBPUSD-H4-891d77189fdc,SUPPORTED,
SQX-XAUUSD-H1-892b4947af54,SUPPORTED,
SQX-XAUUSD-H1-892fcdf2d9e1,SUPPORTED,
SQX-XAUUSD-H4-8935386830f9,SUPPORTED,
SQX-XAUUSD-H4-893a90620ce3,SUPPORTED,
SQX-USDJPY-H4-89415ae763a4,SUPPORTED,
SQX-XAUUSD-H4-89444a990800,SUPPORTED,
SQX-XAUUSD-H1-8944872dfcc2,SUPPORTED,
SQX-XAUUSD-H1-894b16d80a29,SUPPORTED,
SQX-EURUSD-H4-895040d94a17,SUPPORTED,
SQX-USDJPY-H4-8953adfc7aec,SUPPORTED,
SQX-XAUUSD-H4-895504a39ea9,SUPPORTED,
SQX-XAUUSD-H4-89581a8e8608,SUPPORTED,
SQX-XAUUSD-H4-895a44f60c7c,SUPPORTED,
SQX-USDJPY-H4-895aece9845b,SUPPORTED,
SQX-EURUSD-H1-896139c06bc6,SUPPORTED,
SQX-USDJPY-H4-896201b505bc,SUPPORTED,
SQX-USDJPY-H4-896393744b3c,SUPPORTED,
SQX-XAUUSD-H4-8966b71a4969,SUPPORTED,
SQX-USDJPY-H4-8968f099f680,SUPPORTED,
SQX-USDJPY-H4-896a6cfd8253,SUPPORTED,
SQX-GBPUSD-H4-896aff4ef81e,SUPPORTED,
SQX-USDJPY-H1-89717511c5d6,SUPPORTED,
SQX-USDCHF-H4-897698c24628,SUPPORTED,
SQX-XAUUSD-H4-898fe5352087,SUPPORTED,
SQX-USDCHF-H4-8995e440c24e,SUPPORTED,
SQX-USDJPY-H4-899be4fcad48,SUPPORTED,
SQX-XAUUSD-H4-899e683332b1,SUPPORTED,
SQX-GBPUSD-H4-89a4b9cfdcc4,SUPPORTED,
SQX-NZDUSD-H4-89ab48a9dc64,SUPPORTED,
SQX-XAUUSD-H4-89aed4ea0623,SUPPORTED,
SQX-USDJPY-H4-89b3968dfecc,SUPPORTED,
SQX-XAUUSD-H1-89b42081dc11,SUPPORTED,
SQX-XAUUSD-H1-89b6d4e729d6,SUPPORTED,
SQX-EURUSD-H1-89c3fdf2dd14,SUPPORTED,
SQX-USDJPY-H4-89c61d3e6ab4,SUPPORTED,
SQX-XAUUSD-H4-89caae655078,SUPPORTED,
SQX-XAUUSD-H4-89d087ce310e,SUPPORTED,
SQX-EURUSD-H1-89d8f67a85a8,SUPPORTED,
SQX-XAUUSD-H4-89d98898ef19,SUPPORTED,
SQX-XAUUSD-H1-89dfea3cce4a,SUPPORTED,
SQX-USDJPY-H4-89e0d0c3c7b6,SUPPORTED,
SQX-EURUSD-H1-89e5be386fc4,SUPPORTED,
SQX-EURUSD-H1-89ed2452ce12,SUPPORTED,
SQX-GBPUSD-H4-89f1c8e6e622,SUPPORTED,
SQX-XAUUSD-H1-89f59ffefb0f,SUPPORTED,
SQX-USDCAD-H1-8a049aad274d,SUPPORTED,
SQX-USDCHF-H4-8a1b74759456,SUPPORTED,
SQX-USDCAD-H4-8a1b8385a99e,SUPPORTED,
SQX-USDJPY-H4-8a1bae154790,SUPPORTED,
SQX-GBPUSD-H4-8a1dc6051e6d,SUPPORTED,
SQX-EURUSD-H1-8a1e572038f9,SUPPORTED,
SQX-XAUUSD-H4-8a20661613bf,SUPPORTED,
SQX-XAUUSD-H4-8a2a397a807b,SUPPORTED,
SQX-USDJPY-H1-8a2ac44589ef,SUPPORTED,
SQX-GBPUSD-H4-8a30266ed76a,SUPPORTED,
SQX-GBPUSD-H4-8a346e6061ae,SUPPORTED,
SQX-USDJPY-H4-8a3c365ec125,SUPPORTED,
SQX-XAUUSD-H4-8a3c861a0e64,SUPPORTED,
SQX-XAUUSD-H4-8a3d35342acb,SUPPORTED,
SQX-USDJPY-H4-8a3e117b5832,SUPPORTED,
SQX-XAUUSD-H4-8a3fe69a3ba4,SUPPORTED,
SQX-XAUUSD-H4-8a499c3ac7ba,SUPPORTED,
SQX-XAUUSD-H4-8a4a1809c64e,SUPPORTED,
SQX-USDJPY-H4-8a5d065a43c4,SUPPORTED,
SQX-XAUUSD-H1-8a5e00fca43b,SUPPORTED,
SQX-XAUUSD-H1-8a611faa700d,SUPPORTED,
SQX-USDCAD-H4-8a7b6a279e9b,SUPPORTED,
SQX-XAUUSD-H4-8a7cc0ee250b,SUPPORTED,
SQX-XAUUSD-H4-8a815b4832fc,SUPPORTED,
SQX-EURUSD-H1-8a846a6fbb0c,SUPPORTED,
SQX-EURUSD-H1-8a852ecc4915,SUPPORTED,
SQX-USDJPY-H1-8a8a979e20b7,SUPPORTED,
SQX-XAUUSD-H4-8a97cec1827e,SUPPORTED,
SQX-XAUUSD-H4-8a9827b8acb5,SUPPORTED,
SQX-USDJPY-H1-8a9a68e82f97,SUPPORTED,
SQX-USDJPY-H4-8a9bb3f054a3,SUPPORTED,
SQX-USDJPY-H1-8aa365795688,SUPPORTED,
SQX-EURUSD-H1-8aa3e468c0ca,SUPPORTED,
SQX-XAUUSD-H4-8aa9471f6144,SUPPORTED,
SQX-USDJPY-H4-8ab73d886f8e,SUPPORTED,
SQX-USDJPY-H4-8abc08e6e2eb,SUPPORTED,
SQX-USDCAD-H4-8ac1a9583abe,SUPPORTED,
SQX-USDJPY-H4-8ac2ec4885b1,SUPPORTED,
SQX-XAUUSD-H4-8acbb6a89792,SUPPORTED,
SQX-XAUUSD-H4-8ad2ccea3ece,SUPPORTED,
SQX-EURUSD-H1-8adb1050ff7f,SUPPORTED,
SQX-USDJPY-H1-8ae823abd8e4,SUPPORTED,
SQX-XAUUSD-H4-8aec0df3043f,SUPPORTED,
SQX-EURUSD-H1-8aecad29d141,SUPPORTED,
SQX-EURUSD-M15-8af5ca3239e8,SUPPORTED,
SQX-USDCHF-H4-8af749694609,SUPPORTED,
SQX-XAUUSD-H1-8b0546647dad,SUPPORTED,
SQX-USDJPY-H1-8b0eb054e349,SUPPORTED,
SQX-USDCAD-H4-8b0edb086a54,SUPPORTED,
SQX-GBPUSD-H4-8b1008bccb19,SUPPORTED,
SQX-USDJPY-H1-8b114e8359f3,SUPPORTED,
SQX-XAUUSD-H1-8b151b93db0a,SUPPORTED,
SQX-GBPUSD-H4-8b198e1ac689,SUPPORTED,
SQX-GBPUSD-H4-8b1a4205fb7f,SUPPORTED,
SQX-EURUSD-H1-8b1bead8b8e5,SUPPORTED,
SQX-USDCHF-H4-8b1d22803669,SUPPORTED,
SQX-XAUUSD-H4-8b1faa42c310,SUPPORTED,
SQX-XAUUSD-H1-8b259b73c6b5,SUPPORTED,
SQX-XAUUSD-H4-8b2974f67304,SUPPORTED,
SQX-USDJPY-H4-8b37a1c69ea8,SUPPORTED,
SQX-XAUUSD-H4-8b43db727d87,SUPPORTED,
SQX-XAUUSD-H4-8b464d97d05e,SUPPORTED,
SQX-XAUUSD-H4-8b47aff2959b,SUPPORTED,
SQX-XAUUSD-H1-8b4e13f1dae8,SUPPORTED,
SQX-USDJPY-H4-8b529c4d0179,SUPPORTED,
SQX-XAUUSD-H4-8b53bd41bd29,SUPPORTED,
SQX-EURUSD-M15-8b54ca918eaa,SUPPORTED,
SQX-XAUUSD-H1-8b6010ba675b,SUPPORTED,
SQX-XAUUSD-H4-8b6125c96f33,SUPPORTED,
SQX-XAUUSD-H4-8b641b08c32a,SUPPORTED,
SQX-XAUUSD-H4-8b6e6f4ac189,SUPPORTED,
SQX-XAUUSD-H4-8b70ef6b37c2,SUPPORTED,
SQX-EURUSD-H1-8b7a77cec3d6,SUPPORTED,
SQX-XAUUSD-H1-8b7fa422b050,SUPPORTED,
SQX-USDJPY-H1-8b8b51d7a4d5,SUPPORTED,
SQX-USDJPY-H1-8b8ca0e7b481,SUPPORTED,
SQX-USDJPY-H4-8b95ea2580b8,SUPPORTED,
SQX-XAUUSD-H4-8b97a0e147e1,SUPPORTED,
SQX-XAUUSD-H4-8b9f93116932,SUPPORTED,
SQX-USDJPY-H4-8ba35ad1ad54,SUPPORTED,
SQX-EURUSD-H4-8ba4bc5fd01c,SUPPORTED,
SQX-GBPUSD-H4-8ba9fa928c48,SUPPORTED,
SQX-USDJPY-H4-8baa7353c579,SUPPORTED,
SQX-EURUSD-H1-8baee7ae7ea9,SUPPORTED,
SQX-XAUUSD-H4-8baeec043347,SUPPORTED,
SQX-XAUUSD-H4-8bafe35c9004,SUPPORTED,
SQX-USDJPY-H4-8bb3e3c4fccc,SUPPORTED,
SQX-USDCAD-H4-8bb6d2c57c5a,SUPPORTED,
SQX-USDJPY-H1-8bbf9ec2278c,SUPPORTED,
SQX-USDJPY-H4-8bc4f76f8278,SUPPORTED,
SQX-USDJPY-H4-8bc6347835f2,SUPPORTED,
SQX-EURUSD-H4-8bca74a4deb8,SUPPORTED,
SQX-EURUSD-M15-8bcec71afe0d,SUPPORTED,
SQX-USDJPY-H4-8bcf4193f5ec,SUPPORTED,
SQX-XAUUSD-H1-8bd0cee6a130,SUPPORTED,
SQX-XAUUSD-H4-8bd42875df3a,SUPPORTED,
SQX-GBPUSD-H1-8bd73966c2d4,SUPPORTED,
SQX-XAUUSD-H1-8bd75eb2831f,SUPPORTED,
SQX-EURUSD-H4-8bdbd170ee77,SUPPORTED,
SQX-USDCHF-H4-8bdc89cf937e,SUPPORTED,
SQX-XAUUSD-H1-8bdd08484133,SUPPORTED,
SQX-XAUUSD-H4-8bdd352e899f,SUPPORTED,
SQX-USDJPY-H1-8bdeb5dedabe,SUPPORTED,
SQX-XAUUSD-H4-8be66ff4b4ff,SUPPORTED,
SQX-XAUUSD-H1-8be6d07a9048,SUPPORTED,
SQX-XAUUSD-H4-8beae47acbb6,SUPPORTED,
SQX-XAUUSD-H4-8bfe344bebe6,SUPPORTED,
SQX-USDJPY-H4-8c01f0f8f7a0,SUPPORTED,
SQX-XAUUSD-H4-8c0bb6b76b9f,SUPPORTED,
SQX-XAUUSD-H4-8c11daeea40b,SUPPORTED,
SQX-XAUUSD-H4-8c17a3244a68,SUPPORTED,
SQX-EURUSD-H1-8c17c9b18ffc,SUPPORTED,
SQX-XAUUSD-H1-8c21b3099cb3,SUPPORTED,
SQX-EURUSD-H1-8c261fce1248,SUPPORTED,
SQX-XAUUSD-H4-8c33e0a70daf,SUPPORTED,
SQX-XAUUSD-H4-8c3584684e4a,SUPPORTED,
SQX-EURUSD-H4-8c3ceb6d38c9,SUPPORTED,
SQX-XAUUSD-H4-8c3f86163e07,SUPPORTED,
SQX-USDCHF-H4-8c41ebb48375,SUPPORTED,
SQX-XAUUSD-H4-8c51960fb6fc,SUPPORTED,
SQX-EURUSD-H1-8c612685bf6b,SUPPORTED,
SQX-USDJPY-H1-8c62af9ee6dc,SUPPORTED,
SQX-USDCAD-H4-8c649923269e,SUPPORTED,
SQX-XAUUSD-H4-8c659fd8f400,SUPPORTED,
SQX-EURUSD-H4-8c6703ae1119,SUPPORTED,
SQX-USDJPY-M15-8c6854466868,SUPPORTED,
SQX-EURUSD-H4-8c6ac6ba6179,SUPPORTED,
SQX-USDCHF-H4-8c771d32ee81,SUPPORTED,
SQX-EURUSD-H1-8c8278fa6294,SUPPORTED,
SQX-EURUSD-H1-8c85f90166e9,SUPPORTED,
SQX-USDJPY-H4-8c8d73b381f9,SUPPORTED,
SQX-XAUUSD-H4-8c907ae47dad,SUPPORTED,
SQX-XAUUSD-H4-8c997a9b8d26,SUPPORTED,
SQX-XAUUSD-H1-8c9cf91fecb7,SUPPORTED,
SQX-USDJPY-H4-8c9f5cc33ce5,SUPPORTED,
SQX-XAUUSD-H4-8ca3b530c895,SUPPORTED,
SQX-USDJPY-H4-8ca89d69b4c1,SUPPORTED,
SQX-XAUUSD-H4-8cb3edd1411f,SUPPORTED,
SQX-XAUUSD-H4-8cb58b4c5d3f,SUPPORTED,
SQX-XAUUSD-H4-8cb668e341e5,SUPPORTED,
SQX-XAUUSD-H4-8cb9c8b9bb97,SUPPORTED,
SQX-USDJPY-H1-8cbab732e299,SUPPORTED,
SQX-XAUUSD-H4-8cbb0570ce33,SUPPORTED,
SQX-USDCHF-H4-8cc3019b3c42,SUPPORTED,
SQX-USDCHF-H4-8ccd7bf14212,SUPPORTED,
SQX-USDJPY-M15-8cce74f23c14,SUPPORTED,
SQX-EURUSD-H4-8cd612ad1aa9,SUPPORTED,
SQX-XAUUSD-H4-8cd615399819,SUPPORTED,
SQX-XAUUSD-H4-8cdbfd46438d,SUPPORTED,
SQX-EURUSD-H4-8cdfcfe51e6a,SUPPORTED,
SQX-GBPUSD-H1-8ce0aa0be105,SUPPORTED,
SQX-XAUUSD-H4-8cf180cd4521,SUPPORTED,
SQX-EURUSD-H1-8cf25b2fc0bc,SUPPORTED,
SQX-XAUUSD-H1-8cf288dbc524,SUPPORTED,
SQX-USDJPY-H4-8cf955e5b402,SUPPORTED,
SQX-XAUUSD-H4-8cfa86fb55e8,SUPPORTED,
SQX-EURUSD-H4-8cfaa4e44da4,SUPPORTED,
SQX-XAUUSD-H4-8cfc9d3b5ef2,SUPPORTED,
SQX-GBPUSD-H1-8cfdfc266d62,SUPPORTED,
SQX-XAUUSD-H4-8d07f7f17b57,SUPPORTED,
SQX-EURUSD-H4-8d114e4f522f,SUPPORTED,
SQX-USDJPY-H1-8d140d34c569,SUPPORTED,
SQX-EURUSD-H1-8d153983d227,SUPPORTED,
SQX-XAUUSD-H4-8d19b5bdaaf2,SUPPORTED,
SQX-GBPUSD-H4-8d1c94de4044,SUPPORTED,
SQX-XAUUSD-H4-8d22f2dfa839,SUPPORTED,
SQX-XAUUSD-H4-8d27882c3d11,SUPPORTED,
SQX-XAUUSD-H1-8d312ca4f7cb,SUPPORTED,
SQX-XAUUSD-H4-8d34128727f0,SUPPORTED,
SQX-XAUUSD-H4-8d3ec1795848,SUPPORTED,
SQX-USDJPY-H4-8d4dac31810c,SUPPORTED,
SQX-EURUSD-H1-8d4f33f3bb74,SUPPORTED,
SQX-GBPUSD-H1-8d56aebb390d,SUPPORTED,
SQX-USDJPY-H4-8d5d6bfc0962,SUPPORTED,
SQX-USDJPY-H1-8d5db4615b45,SUPPORTED,
SQX-XAUUSD-H4-8d6d0d591cc1,SUPPORTED,
SQX-XAUUSD-H4-8d7b98c94072,SUPPORTED,
SQX-XAUUSD-H4-8d7c9b24d988,SUPPORTED,
SQX-XAUUSD-H4-8d82f43b19fb,SUPPORTED,
SQX-XAUUSD-H4-8d837e9ea00e,SUPPORTED,
SQX-EURUSD-H1-8d859848f49a,SUPPORTED,
SQX-EURUSD-H4-8d890a205f73,SUPPORTED,
SQX-USDJPY-H4-8d9b687f4e9c,SUPPORTED,
SQX-GBPUSD-H4-8da4208c0b26,SUPPORTED,
SQX-XAUUSD-H4-8da63a875296,SUPPORTED,
SQX-XAUUSD-H4-8daa6695f784,SUPPORTED,
SQX-USDCHF-H4-8db7a7201bf9,SUPPORTED,
SQX-EURUSD-H1-8db9b490a1e5,SUPPORTED,
SQX-XAUUSD-H1-8dc12ed9e549,SUPPORTED,
SQX-XAUUSD-H4-8dd6948791c1,SUPPORTED,
SQX-GBPUSD-H4-8dd93fbf099d,SUPPORTED,
SQX-USDCHF-H4-8ddcfc2a2243,SUPPORTED,
SQX-USDJPY-H4-8de1f75ec836,SUPPORTED,
SQX-EURUSD-H4-8de43219fb13,SUPPORTED,
SQX-XAUUSD-H4-8dee05140212,SUPPORTED,
SQX-XAUUSD-H4-8dee6c1d4024,SUPPORTED,
SQX-USDCHF-H4-8df458535354,SUPPORTED,
SQX-EURUSD-H4-8df5385cf47c,SUPPORTED,
SQX-USDCHF-H4-8dfe925533c8,SUPPORTED,
SQX-XAUUSD-H4-8e01e743063f,SUPPORTED,
SQX-NZDUSD-H4-8e034ff65cef,SUPPORTED,
SQX-EURUSD-H1-8e055c198662,SUPPORTED,
SQX-XAUUSD-M15-8e0778532ca8,SUPPORTED,
SQX-EURUSD-H1-8e1b2f86cb4d,SUPPORTED,
SQX-EURUSD-H4-8e2ec8cb9d2d,SUPPORTED,
SQX-EURUSD-H4-8e33b5845079,SUPPORTED,
SQX-XAUUSD-H1-8e34c6238c27,SUPPORTED,
SQX-USDJPY-H1-8e42148f838b,SUPPORTED,
SQX-XAUUSD-H4-8e480e41aabb,SUPPORTED,
SQX-XAUUSD-H4-8e4c2de4c74b,SUPPORTED,
SQX-USDCHF-H4-8e52e0b3771d,SUPPORTED,
SQX-EURUSD-H1-8e583a958d1e,SUPPORTED,
SQX-USDJPY-H4-8e5a71d7e9b1,SUPPORTED,
SQX-XAUUSD-H4-8e60c70feed5,SUPPORTED,
SQX-XAUUSD-H4-8e615ffb4b5a,SUPPORTED,
SQX-XAUUSD-H4-8e643fcf03cf,SUPPORTED,
SQX-XAUUSD-H4-8e66337681b4,SUPPORTED,
SQX-USDJPY-H4-8e6b97cd25f4,SUPPORTED,
SQX-USDCHF-H4-8e7b4dfe9dce,SUPPORTED,
SQX-USDJPY-H1-8e7b94a09c81,SUPPORTED,
SQX-XAUUSD-H4-8e7c7bdb5763,SUPPORTED,
SQX-XAUUSD-H4-8e88423f410e,SUPPORTED,
SQX-GBPUSD-H1-8e9a73745a06,SUPPORTED,
SQX-XAUUSD-H4-8e9e506baa6d,SUPPORTED,
SQX-XAUUSD-H1-8e9f97333793,SUPPORTED,
SQX-XAUUSD-H4-8ea07b054727,SUPPORTED,
SQX-USDJPY-H4-8ea34f66dad1,SUPPORTED,
SQX-GBPUSD-H1-8ea98b983f9e,SUPPORTED,
SQX-XAUUSD-H4-8eb599d84196,SUPPORTED,
SQX-EURUSD-H1-8eb722604747,SUPPORTED,
SQX-USDJPY-H4-8ebb36799874,SUPPORTED,
SQX-XAUUSD-H4-8ec69f77e678,SUPPORTED,
SQX-USDCHF-H4-8ecb488a80a9,SUPPORTED,
SQX-USDJPY-H1-8ecef34ea665,SUPPORTED,
SQX-USDJPY-H1-8ed12236066c,SUPPORTED,
SQX-XAUUSD-H4-8ed408b9d43a,SUPPORTED,
SQX-XAUUSD-H4-8ed41992c48a,SUPPORTED,
SQX-XAUUSD-H4-8eddadd3a668,SUPPORTED,
SQX-USDJPY-M15-8edfde88dc16,SUPPORTED,
SQX-XAUUSD-H4-8ee07079ff5b,SUPPORTED,
SQX-XAUUSD-H4-8ee11830a9e6,SUPPORTED,
SQX-XAUUSD-H4-8ee6f525e492,SUPPORTED,
SQX-XAUUSD-H1-8ef1f276caa1,SUPPORTED,
SQX-XAUUSD-H4-8ef9f992b599,SUPPORTED,
SQX-USDJPY-H1-8efb18e7b065,SUPPORTED,
SQX-USDJPY-H1-8efd40c05ed6,SUPPORTED,
SQX-EURUSD-M15-8f0047d8b024,SUPPORTED,
SQX-XAUUSD-H1-8f0099c61ace,SUPPORTED,
SQX-EURUSD-H1-8f01d93d3023,SUPPORTED,
SQX-XAUUSD-H4-8f03850be74e,SUPPORTED,
SQX-XAUUSD-H4-8f0a434c9438,SUPPORTED,
SQX-XAUUSD-H4-8f0b3f532d32,SUPPORTED,
SQX-USDJPY-H4-8f0c236c9786,SUPPORTED,
SQX-XAUUSD-H4-8f1449805316,SUPPORTED,
SQX-USDJPY-H4-8f1c40108756,SUPPORTED,
SQX-GBPUSD-M15-8f22601bf17b,SUPPORTED,
SQX-USDJPY-H4-8f319b987afb,SUPPORTED,
SQX-USDJPY-H4-8f34f486b204,SUPPORTED,
SQX-XAUUSD-H4-8f365951850b,SUPPORTED,
SQX-XAUUSD-H4-8f413fb528d4,SUPPORTED,
SQX-XAUUSD-H4-8f41eda0dcb4,SUPPORTED,
SQX-USDJPY-H1-8f447100d29f,SUPPORTED,
SQX-USDJPY-H4-8f45b18a0812,SUPPORTED,
SQX-XAUUSD-H4-8f46aad7e6e6,SUPPORTED,
SQX-XAUUSD-H4-8f4d7353cfa2,SUPPORTED,
SQX-EURUSD-H1-8f506668a4b7,SUPPORTED,
SQX-XAUUSD-H1-8f6a501e9720,SUPPORTED,
SQX-EURUSD-H1-8f7f12dcf2b0,SUPPORTED,
SQX-XAUUSD-H1-8f825610e10b,SUPPORTED,
SQX-GBPUSD-H1-8f84965198c7,SUPPORTED,
SQX-XAUUSD-H4-8f84dc80ead4,SUPPORTED,
SQX-EURUSD-H4-8f85de805317,SUPPORTED,
SQX-XAUUSD-H4-8f97ad327fb3,SUPPORTED,
SQX-USDJPY-H4-8fba894475ae,SUPPORTED,
SQX-GBPUSD-H1-8fba8bc4abbb,SUPPORTED,
SQX-USDJPY-M15-8fc61637a35c,SUPPORTED,
SQX-USDJPY-H1-8fd001c332d5,SUPPORTED,
SQX-EURUSD-H1-8fd301949ca1,SUPPORTED,
SQX-EURUSD-M15-8fd76978f53f,SUPPORTED,
SQX-USDJPY-H4-8fe1e585f0ce,SUPPORTED,
SQX-GBPUSD-H4-8fe684adeb17,SUPPORTED,
SQX-EURUSD-H4-8fe7016635b7,SUPPORTED,
SQX-EURUSD-H1-8febfe78a470,SUPPORTED,
SQX-XAUUSD-H4-8ff2b034d4e1,SUPPORTED,
SQX-GBPUSD-H1-8ff80b9623c8,SUPPORTED,
SQX-USDJPY-H4-8ffe3c699ca6,SUPPORTED,
SQX-XAUUSD-H4-8fff2e4571b0,SUPPORTED,
SQX-XAUUSD-H1-90032eace516,SUPPORTED,
SQX-XAUUSD-H4-90037c2b27bc,SUPPORTED,
SQX-USDCHF-H4-90072485bb87,SUPPORTED,
SQX-USDJPY-H4-900c2b9a6c6f,SUPPORTED,
SQX-XAUUSD-H4-9015c625b57f,SUPPORTED,
SQX-GBPUSD-H4-90179bba835e,SUPPORTED,
SQX-EURUSD-H1-901e5959c905,SUPPORTED,
SQX-XAUUSD-H4-9021338139c8,SUPPORTED,
SQX-EURUSD-H4-902a35bc0fe6,SUPPORTED,
SQX-USDJPY-H1-902b9376b8a6,SUPPORTED,
SQX-USDCHF-H4-902cec9cc7b4,SUPPORTED,
SQX-XAUUSD-H4-902fd51cb78b,SUPPORTED,
SQX-XAUUSD-H4-903b34d4a612,SUPPORTED,
SQX-XAUUSD-H4-904ad846843a,SUPPORTED,
SQX-XAUUSD-H4-90538a1c2ef7,SUPPORTED,
SQX-USDJPY-H4-9063904d8253,SUPPORTED,
SQX-XAUUSD-H4-9064b207ad03,SUPPORTED,
SQX-XAUUSD-H4-906c02fbe6e5,SUPPORTED,
SQX-USDCAD-H4-906e6b0b102e,SUPPORTED,
SQX-XAUUSD-H4-906f358a91c8,SUPPORTED,
SQX-USDJPY-H4-90719f715386,SUPPORTED,
SQX-USDJPY-H1-9072152f7893,SUPPORTED,
SQX-GBPUSD-H4-9073c37acc6f,SUPPORTED,
SQX-EURUSD-H1-9077c1ecf3e5,SUPPORTED,
SQX-EURUSD-H1-907ac76a66b4,SUPPORTED,
SQX-XAUUSD-H4-907bc9bd6740,SUPPORTED,
SQX-XAUUSD-H4-907e4c031b1a,SUPPORTED,
SQX-XAUUSD-H4-9080f51b1385,SUPPORTED,
SQX-EURUSD-H4-9092a0370218,SUPPORTED,
SQX-XAUUSD-H4-9099f80226c0,SUPPORTED,
SQX-XAUUSD-H4-909c2a142baa,SUPPORTED,
SQX-USDJPY-H1-90a073016cce,SUPPORTED,
SQX-EURUSD-H1-90a7a6829b63,SUPPORTED,
SQX-EURUSD-H1-90a814fbd612,SUPPORTED,
SQX-EURUSD-H4-90a92227c01a,SUPPORTED,
SQX-XAUUSD-H4-90aaec852dcd,SUPPORTED,
SQX-USDJPY-H1-90b503a6c185,SUPPORTED,
SQX-USDJPY-H4-90c3406f82eb,SUPPORTED,
SQX-XAUUSD-H4-90c7fb28a2e4,SUPPORTED,
SQX-XAUUSD-H4-90d51d45e5dd,SUPPORTED,
SQX-XAUUSD-H1-90d94649a134,SUPPORTED,
SQX-XAUUSD-H4-90da8b5af445,SUPPORTED,
SQX-GBPUSD-H4-90ee0629b54f,SUPPORTED,
SQX-XAUUSD-H1-910aa67e1027,SUPPORTED,
SQX-XAUUSD-H1-910f78ef9467,SUPPORTED,
SQX-XAUUSD-H4-910fe64d6a71,SUPPORTED,
SQX-XAUUSD-H4-9117389564cc,SUPPORTED,
SQX-XAUUSD-H4-911843c0ee23,SUPPORTED,
SQX-USDJPY-H4-911d1fc80060,SUPPORTED,
SQX-USDJPY-M15-912074ecf8ec,SUPPORTED,
SQX-USDJPY-H4-9121592b953b,SUPPORTED,
SQX-EURUSD-H4-91241356f39c,SUPPORTED,
SQX-XAUUSD-H4-91275ffc6ca1,SUPPORTED,
SQX-GBPUSD-H4-912c20ec4ae1,SUPPORTED,
SQX-XAUUSD-H4-912e61f6ab77,SUPPORTED,
SQX-XAUUSD-H4-91313e7f3a44,SUPPORTED,
SQX-XAUUSD-H1-9132e867163a,SUPPORTED,
SQX-XAUUSD-H4-91352ab9dfce,SUPPORTED,
SQX-USDJPY-H1-9139e24e5711,SUPPORTED,
SQX-XAUUSD-H4-9145f8b9857a,SUPPORTED,
SQX-GBPUSD-H4-9148339fb643,SUPPORTED,
SQX-GBPUSD-H1-91514e346cad,SUPPORTED,
SQX-EURUSD-H4-915fa9306aab,SUPPORTED,
SQX-USDCHF-H4-916e1b229f03,SUPPORTED,
SQX-XAUUSD-H4-9176aa244939,SUPPORTED,
SQX-XAUUSD-H4-9177fd1cae6c,SUPPORTED,
SQX-EURUSD-H1-917829c6a56f,SUPPORTED,
SQX-EURUSD-H4-917d590c4161,SUPPORTED,
SQX-XAUUSD-H4-917ee2247546,SUPPORTED,
SQX-USDJPY-H4-91801bb54775,SUPPORTED,
SQX-USDCHF-H4-9181bb27eed0,SUPPORTED,
SQX-USDJPY-H1-918657a6ba6e,SUPPORTED,
SQX-XAUUSD-H4-918a4c88a363,SUPPORTED,
SQX-XAUUSD-H4-9194561ce5f5,SUPPORTED,
SQX-XAUUSD-H1-919a78ff0824,SUPPORTED,
SQX-XAUUSD-H1-919e78ecf72c,SUPPORTED,
SQX-EURUSD-H4-91a5c2c7a7ac,SUPPORTED,
SQX-XAUUSD-H4-91aa97550322,SUPPORTED,
SQX-XAUUSD-H4-91ab59b2b97c,SUPPORTED,
SQX-EURUSD-H4-91b4299615d6,SUPPORTED,
SQX-XAUUSD-H4-91b686b10f46,SUPPORTED,
SQX-USDJPY-H4-91b9b4350064,SUPPORTED,
SQX-XAUUSD-H1-91bf20151210,SUPPORTED,
SQX-XAUUSD-H4-91c1cb2cee70,SUPPORTED,
SQX-USDCAD-H4-91c26f2d84ef,SUPPORTED,
SQX-USDJPY-H4-91c65a13c143,SUPPORTED,
SQX-XAUUSD-H4-91c82d507462,SUPPORTED,
SQX-USDCHF-H4-91cf5c235f70,SUPPORTED,
SQX-XAUUSD-H4-91e302bbdf35,SUPPORTED,
SQX-USDJPY-H1-91e4d059db76,SUPPORTED,
SQX-USDCAD-H4-91e74821a7c3,SUPPORTED,
SQX-GBPUSD-H4-91e832ab02f5,SUPPORTED,
SQX-USDJPY-H1-91e855796373,SUPPORTED,
SQX-XAUUSD-H1-91f077303411,SUPPORTED,
SQX-EURUSD-H1-91f6ff083cd8,SUPPORTED,
SQX-XAUUSD-H4-91fbc7a17170,SUPPORTED,
SQX-GBPUSD-H4-91fc21e539c3,SUPPORTED,
SQX-EURUSD-H1-91ffbe2c53bf,SUPPORTED,
SQX-USDCHF-H4-9207fe2ce0ec,SUPPORTED,
SQX-USDJPY-H4-92090109638d,SUPPORTED,
SQX-XAUUSD-H1-9209dc5d33e6,SUPPORTED,
SQX-USDJPY-H1-9213a59753de,SUPPORTED,
SQX-XAUUSD-H4-92152d1dfd10,SUPPORTED,
SQX-USDCHF-H4-92190e384227,SUPPORTED,
SQX-USDCAD-H4-921c87793d5d,SUPPORTED,
SQX-GBPUSD-H4-921f915fbb71,SUPPORTED,
SQX-XAUUSD-H1-92338656dd58,SUPPORTED,
SQX-XAUUSD-H4-923a9b4867f0,SUPPORTED,
SQX-XAUUSD-H4-923ca6a59d0d,SUPPORTED,
SQX-EURUSD-H1-923d4f63e735,SUPPORTED,
SQX-XAUUSD-H4-9240e4d267a5,SUPPORTED,
SQX-EURUSD-H1-9244a5ee73dc,SUPPORTED,
SQX-GBPUSD-H4-9244babca913,SUPPORTED,
SQX-XAUUSD-H4-9246e5accf70,SUPPORTED,
SQX-XAUUSD-H4-924b9f5a98c8,SUPPORTED,
SQX-USDJPY-H1-924f3785431d,SUPPORTED,
SQX-XAUUSD-H4-9255f20a083a,SUPPORTED,
SQX-USDJPY-H1-92573c0efe5b,SUPPORTED,
SQX-XAUUSD-H4-925d501e1d40,SUPPORTED,
SQX-XAUUSD-H4-926803d5fd0b,SUPPORTED,
SQX-USDJPY-H1-92685a5b5b37,SUPPORTED,
SQX-XAUUSD-H4-926b0586d9cb,SUPPORTED,
SQX-XAUUSD-H4-9274e44fbc6c,SUPPORTED,
SQX-USDJPY-H4-927a496cb511,SUPPORTED,
SQX-USDJPY-H1-927fb1d1b68a,SUPPORTED,
SQX-USDCAD-H4-928a79afb956,SUPPORTED,
SQX-XAUUSD-H1-9290109c445d,SUPPORTED,
SQX-USDJPY-H4-9290b495864a,SUPPORTED,
SQX-GBPUSD-H4-92920c1ac58c,SUPPORTED,
SQX-GBPUSD-M15-9294af3400f9,SUPPORTED,
SQX-USDJPY-H1-929b13e5fcf6,SUPPORTED,
SQX-XAUUSD-H1-929b470e5f78,SUPPORTED,
SQX-EURUSD-H4-92a673a47264,SUPPORTED,
SQX-EURUSD-H1-92aa94a684dc,SUPPORTED,
SQX-XAUUSD-H4-92ab5dd1d045,SUPPORTED,
SQX-XAUUSD-H1-92ad165115d3,SUPPORTED,
SQX-XAUUSD-H4-92ad240bcb2a,SUPPORTED,
SQX-EURUSD-H1-92ae7b8e0660,SUPPORTED,
SQX-XAUUSD-H1-92c7460cc755,SUPPORTED,
SQX-USDJPY-H4-92d179d8deae,SUPPORTED,
SQX-USDJPY-H1-92d395676ef7,SUPPORTED,
SQX-USDJPY-H4-92d4d92bc41a,SUPPORTED,
SQX-USDJPY-H1-92d7ef177805,SUPPORTED,
SQX-XAUUSD-H4-92da0837a2ef,SUPPORTED,
SQX-XAUUSD-H4-92de4d4ce24b,SUPPORTED,
SQX-USDCAD-H4-92ebe3ccd33a,SUPPORTED,
SQX-USDJPY-H1-92fb0b6cf043,SUPPORTED,
SQX-USDCAD-H4-930431ff0717,SUPPORTED,
SQX-XAUUSD-H4-930bd11d74d8,SUPPORTED,
SQX-EURUSD-H1-931f318cfa30,SUPPORTED,
SQX-USDJPY-M15-9321a7661220,SUPPORTED,
SQX-USDJPY-H4-9322bcccb411,SUPPORTED,
SQX-EURUSD-H1-9329e5d3881e,SUPPORTED,
SQX-XAUUSD-H4-932e2f5864e6,SUPPORTED,
SQX-XAUUSD-H1-9332ccbfd654,SUPPORTED,
SQX-XAUUSD-H4-9335952d7c68,SUPPORTED,
SQX-USDJPY-H1-933e0cf8b9ca,SUPPORTED,
SQX-EURUSD-H1-93402408e179,SUPPORTED,
SQX-USDJPY-H4-9343bcbf4fd7,SUPPORTED,
SQX-XAUUSD-H1-934641e9e248,SUPPORTED,
SQX-XAUUSD-H4-9350ae734e92,SUPPORTED,
SQX-XAUUSD-H4-93523b082976,SUPPORTED,
SQX-USDJPY-H1-935e445e9dbc,SUPPORTED,
SQX-EURUSD-H1-93601d2d4da0,SUPPORTED,
SQX-EURUSD-H1-93676ee54ff8,SUPPORTED,
SQX-XAUUSD-H4-9367ee83b7c5,SUPPORTED,
SQX-EURUSD-H4-9374efb137c0,SUPPORTED,
SQX-EURUSD-M15-93760df917fa,SUPPORTED,
SQX-XAUUSD-H4-937824b10648,SUPPORTED,
SQX-XAUUSD-H4-937d17d390e9,SUPPORTED,
SQX-USDJPY-H4-937eca23dd47,SUPPORTED,
SQX-XAUUSD-H1-937ed3752df8,SUPPORTED,
SQX-XAUUSD-H4-938367d02160,SUPPORTED,
SQX-XAUUSD-H4-93854e327f94,SUPPORTED,
SQX-XAUUSD-H1-9396ab713551,SUPPORTED,
SQX-XAUUSD-H4-93992e2052c6,SUPPORTED,
SQX-USDJPY-H4-939ed3fdf821,SUPPORTED,
SQX-USDJPY-H4-93ad56ede5d9,SUPPORTED,
SQX-XAUUSD-H4-93b10ec944ea,SUPPORTED,
SQX-USDJPY-H1-93b231baf6ac,SUPPORTED,
SQX-USDJPY-H4-93b8378129ee,SUPPORTED,
SQX-XAUUSD-H4-93caeba8d8dc,SUPPORTED,
SQX-XAUUSD-H1-93d4c18d6a5d,SUPPORTED,
SQX-USDCHF-H4-93d4e02e7304,SUPPORTED,
SQX-XAUUSD-H4-93d607549801,SUPPORTED,
SQX-XAUUSD-H4-93d72d3f4d5b,SUPPORTED,
SQX-XAUUSD-H4-93dd24439a6d,SUPPORTED,
SQX-USDJPY-H4-93e3411a14dc,SUPPORTED,
SQX-XAUUSD-H1-93ed6e445d2d,SUPPORTED,
SQX-XAUUSD-H1-93edb9db81b1,SUPPORTED,
SQX-XAUUSD-H4-93efd166f395,SUPPORTED,
SQX-XAUUSD-H4-93f85ee02f2c,SUPPORTED,
SQX-XAUUSD-H1-93f9945a023b,SUPPORTED,
SQX-NZDUSD-H4-93fe90f87e46,SUPPORTED,
SQX-EURUSD-H1-9402ed3d63d4,SUPPORTED,
SQX-XAUUSD-H4-940568753565,SUPPORTED,
SQX-USDJPY-H4-94097ac90cb3,SUPPORTED,
SQX-USDJPY-H4-9413244373f5,SUPPORTED,
SQX-USDJPY-H1-94140e34a62d,SUPPORTED,
SQX-GBPUSD-M15-9414240b479d,SUPPORTED,
SQX-GBPUSD-H4-9417c634265e,SUPPORTED,
SQX-XAUUSD-H4-9418bbc12843,SUPPORTED,
SQX-XAUUSD-H4-941af9be957b,SUPPORTED,
SQX-XAUUSD-H1-941dc1eefc5a,SUPPORTED,
SQX-USDJPY-H1-941de8ab20de,SUPPORTED,
SQX-XAUUSD-H4-9421c93b9120,SUPPORTED,
SQX-USDCAD-H4-942de2990277,SUPPORTED,
SQX-XAUUSD-H1-942e7c753f74,SUPPORTED,
SQX-GBPUSD-M15-9433a47d8094,SUPPORTED,
SQX-XAUUSD-H4-94346ba9d546,SUPPORTED,
SQX-XAUUSD-H4-9436d6045b61,SUPPORTED,
SQX-USDCHF-H4-9437a60dcf2e,SUPPORTED,
SQX-GBPUSD-H1-9437ef1b936c,SUPPORTED,
SQX-EURUSD-H1-9440ebe67cf0,SUPPORTED,
SQX-USDJPY-H4-9444c2432231,SUPPORTED,
SQX-GBPUSD-H4-9446fa2844ab,SUPPORTED,
SQX-XAUUSD-H4-9448b557a83c,SUPPORTED,
SQX-USDCHF-H4-944f9fcad8cc,SUPPORTED,
SQX-EURUSD-H1-9450524fa1d8,SUPPORTED,
SQX-USDJPY-H1-9456f4626639,SUPPORTED,
SQX-USDJPY-H4-94600559b8ba,SUPPORTED,
SQX-GBPUSD-H1-9462246372e0,SUPPORTED,
SQX-XAUUSD-H4-9463b5df5f41,SUPPORTED,
SQX-GBPUSD-H4-9464687a0531,SUPPORTED,
SQX-XAUUSD-H1-94646f782cc7,SUPPORTED,
SQX-USDJPY-H1-94707540d45f,SUPPORTED,
SQX-XAUUSD-H4-9473f8f745c7,SUPPORTED,
SQX-XAUUSD-H1-947caeabb682,SUPPORTED,
SQX-USDJPY-H4-949211ef1cdb,SUPPORTED,
SQX-XAUUSD-H4-94948c5679fb,SUPPORTED,
SQX-USDJPY-H4-949fcf9d2e90,SUPPORTED,
SQX-XAUUSD-H1-94b4276da143,SUPPORTED,
SQX-USDJPY-H4-94bbca919ab4,SUPPORTED,
SQX-EURUSD-H1-94bed4dc4430,SUPPORTED,
SQX-USDCHF-H4-94c10d02ab7d,SUPPORTED,
SQX-XAUUSD-H4-94c55ddfcad1,SUPPORTED,
SQX-XAUUSD-H4-94c63de33e82,SUPPORTED,
SQX-USDJPY-H4-94c6faf087aa,SUPPORTED,
SQX-XAUUSD-H1-94cf081e2673,SUPPORTED,
SQX-USDJPY-H4-94d2f678342c,SUPPORTED,
SQX-XAUUSD-H4-94d59cd50e92,SUPPORTED,
SQX-XAUUSD-H1-94db66754a96,SUPPORTED,
SQX-GBPUSD-H1-94ddd421c336,SUPPORTED,
SQX-XAUUSD-H1-94ef53ed7b22,SUPPORTED,
SQX-USDJPY-H1-94f59fb89d35,SUPPORTED,
SQX-GBPUSD-H4-94f640e78c16,SUPPORTED,
SQX-USDJPY-H4-94fea87c0de9,SUPPORTED,
SQX-GBPUSD-H4-950d2f77a3a9,SUPPORTED,
SQX-USDJPY-H4-9510ac82e70f,SUPPORTED,
SQX-USDCAD-H4-95199d5c9cf7,SUPPORTED,
SQX-XAUUSD-H4-951c8502cef8,SUPPORTED,
SQX-XAUUSD-H4-9521c64d308c,SUPPORTED,
SQX-USDJPY-H4-9523fd1534ff,SUPPORTED,
SQX-XAUUSD-H4-9524ab2be0e2,SUPPORTED,
SQX-XAUUSD-H4-95266ed4b78a,SUPPORTED,
SQX-XAUUSD-H4-9528841abaa9,SUPPORTED,
SQX-XAUUSD-H4-953176430889,SUPPORTED,
SQX-USDCHF-H4-9536127787d1,SUPPORTED,
SQX-XAUUSD-H4-9543d122dead,SUPPORTED,
SQX-GBPUSD-H4-954827de4e97,SUPPORTED,
SQX-USDJPY-H1-9548af49b7df,SUPPORTED,
SQX-EURUSD-H1-954cc00fd34f,SUPPORTED,
SQX-USDJPY-H1-954f5e81ca45,SUPPORTED,
SQX-XAUUSD-H4-95610bd3e350,SUPPORTED,
SQX-EURUSD-H1-95626121613f,SUPPORTED,
SQX-EURUSD-H1-956852d26573,SUPPORTED,
SQX-XAUUSD-H4-9569263bcc22,SUPPORTED,
SQX-GBPUSD-H4-9569583b20ba,SUPPORTED,
SQX-XAUUSD-H4-956af049884a,SUPPORTED,
SQX-USDJPY-H1-95747c97da7d,SUPPORTED,
SQX-USDJPY-H1-957d0e570e25,SUPPORTED,
SQX-XAUUSD-H4-957df6fc3c31,SUPPORTED,
SQX-XAUUSD-H4-958248fa8b00,SUPPORTED,
SQX-USDJPY-H4-958aadbd163f,SUPPORTED,
SQX-EURUSD-H1-958c03214359,SUPPORTED,
SQX-EURUSD-H4-959e3ba410a2,SUPPORTED,
SQX-XAUUSD-H1-959f141f1fe9,SUPPORTED,
SQX-USDJPY-H4-95a0e3a25de5,SUPPORTED,
SQX-USDJPY-H4-95a1f6385fae,SUPPORTED,
SQX-XAUUSD-H4-95a52a289df3,SUPPORTED,
SQX-XAUUSD-H4-95a57b89cb03,SUPPORTED,
SQX-USDJPY-H1-95a62797ecbf,SUPPORTED,
SQX-GBPUSD-H4-95a658e26388,SUPPORTED,
SQX-USDJPY-H4-95a6cfd3ef1e,SUPPORTED,
SQX-USDJPY-H4-95abf99988ab,SUPPORTED,
SQX-XAUUSD-H4-95aed1f55e33,SUPPORTED,
SQX-XAUUSD-H4-95b13e52bd1f,SUPPORTED,
SQX-USDJPY-H1-95bb87bfa586,SUPPORTED,
SQX-GBPUSD-H1-95c30056f4fc,SUPPORTED,
SQX-USDJPY-H1-95d38e39ccdf,SUPPORTED,
SQX-EURUSD-H1-95d63e0f2898,SUPPORTED,
SQX-XAUUSD-H4-95d9364b9c10,SUPPORTED,
SQX-USDJPY-H4-95de8a6678b7,SUPPORTED,
SQX-EURUSD-H4-95e0ece73944,SUPPORTED,
SQX-GBPUSD-H1-95e24ebec3dd,SUPPORTED,
SQX-USDJPY-H4-95e585b58f83,SUPPORTED,
SQX-EURUSD-H1-95efb2691239,SUPPORTED,
SQX-XAUUSD-H1-95f0b3cc50ca,SUPPORTED,
SQX-XAUUSD-H4-95f8d645ed1b,SUPPORTED,
SQX-XAUUSD-H4-95facf6607a4,SUPPORTED,
SQX-USDCHF-H4-95ff54b812f5,SUPPORTED,
SQX-XAUUSD-H1-96039104e816,SUPPORTED,
SQX-XAUUSD-H1-96073b0faedc,SUPPORTED,
SQX-USDJPY-H4-9609084c34a2,SUPPORTED,
SQX-USDJPY-H4-96095a2fdac9,SUPPORTED,
SQX-XAUUSD-H1-960cf72593be,SUPPORTED,
SQX-EURUSD-M15-9623970a209f,SUPPORTED,
SQX-XAUUSD-H1-96242107ad24,SUPPORTED,
SQX-XAUUSD-H4-9631097c0fd5,SUPPORTED,
SQX-XAUUSD-H4-96499f6c5c56,SUPPORTED,
SQX-XAUUSD-H4-964abf7b3e64,SUPPORTED,
SQX-EURUSD-H1-9653036e667a,SUPPORTED,
SQX-XAUUSD-H4-9655fe1303d7,SUPPORTED,
SQX-XAUUSD-H4-965b91e2db04,SUPPORTED,
SQX-USDJPY-H4-965e691ef953,SUPPORTED,
SQX-XAUUSD-H4-965ea7e93052,SUPPORTED,
SQX-XAUUSD-H4-966b258d9de5,SUPPORTED,
SQX-XAUUSD-H1-966ca3a62014,SUPPORTED,
SQX-USDJPY-H1-966f38165a07,SUPPORTED,
SQX-USDJPY-H1-96720457d29f,SUPPORTED,
SQX-XAUUSD-H4-9672cad5a252,SUPPORTED,
SQX-GBPUSD-H1-967410ffdcec,SUPPORTED,
SQX-EURUSD-H1-9676dec4dcb5,SUPPORTED,
SQX-XAUUSD-H4-967820f64e82,SUPPORTED,
SQX-EURUSD-H4-96843a2d503f,SUPPORTED,
SQX-GBPUSD-H1-9685d1204224,SUPPORTED,
SQX-GBPUSD-H4-968ef83aac8b,SUPPORTED,
SQX-XAUUSD-H4-968f119fcf82,SUPPORTED,
SQX-XAUUSD-H4-969638f4fe70,SUPPORTED,
SQX-EURUSD-H1-969a1c3be33c,SUPPORTED,
SQX-XAUUSD-H4-969c2b6b7d38,SUPPORTED,
SQX-XAUUSD-H4-96a1f346119e,SUPPORTED,
SQX-XAUUSD-H1-96a429692e43,SUPPORTED,
SQX-EURUSD-H1-96abb3b6dd5c,SUPPORTED,
SQX-USDCHF-H4-96ae5ef40f66,SUPPORTED,
SQX-EURUSD-H1-96b0c14c9b1d,SUPPORTED,
SQX-XAUUSD-H4-96b0ea599ac3,SUPPORTED,
SQX-USDJPY-H1-96bcbb610744,SUPPORTED,
SQX-USDJPY-H1-96bd1c63bbb2,SUPPORTED,
SQX-USDJPY-H1-96c4a68fc0b9,SUPPORTED,
SQX-XAUUSD-H4-96cb9843c41e,SUPPORTED,
SQX-EURUSD-M15-96d0631aca91,SUPPORTED,
SQX-USDCHF-H4-96d214302143,SUPPORTED,
SQX-XAUUSD-H4-96d2d3abba47,SUPPORTED,
SQX-XAUUSD-H4-96d5506252b0,SUPPORTED,
SQX-USDJPY-H1-96d5934fad0d,SUPPORTED,
SQX-USDJPY-H1-96d619b5c8ff,SUPPORTED,
SQX-USDJPY-M15-96e10ac63ba1,SUPPORTED,
SQX-EURUSD-H4-96e51eb6f14a,SUPPORTED,
SQX-XAUUSD-H4-96f15a2be0d1,SUPPORTED,
SQX-USDCAD-H1-96f1f8b9767f,SUPPORTED,
SQX-XAUUSD-H1-96f6535551f9,SUPPORTED,
SQX-XAUUSD-H4-96f66ff341be,SUPPORTED,
SQX-XAUUSD-H1-96f8c9081192,SUPPORTED,
SQX-XAUUSD-H4-96fabedcc071,SUPPORTED,
SQX-XAUUSD-H4-970adc5fceb4,SUPPORTED,
SQX-USDJPY-H4-970d60e3daa5,SUPPORTED,
SQX-USDJPY-H4-970ead6afc09,SUPPORTED,
SQX-USDJPY-H4-97186bd7b074,SUPPORTED,
SQX-EURUSD-H1-971aae4b00d0,SUPPORTED,
SQX-USDJPY-H1-9727f8c3f944,SUPPORTED,
SQX-XAUUSD-H4-972d4e158fee,SUPPORTED,
SQX-NZDUSD-H4-972f293a0faa,SUPPORTED,
SQX-USDJPY-H4-972f59734efa,SUPPORTED,
SQX-GBPUSD-H4-973a3f2d45c3,SUPPORTED,
SQX-XAUUSD-H4-974036a278e6,SUPPORTED,
SQX-USDJPY-M15-97415f9350cd,SUPPORTED,
SQX-EURUSD-H4-974b1a21db61,SUPPORTED,
SQX-XAUUSD-H4-975018d66e03,SUPPORTED,
SQX-XAUUSD-H4-9750cc58c6ad,SUPPORTED,
SQX-EURUSD-H1-975567036c5f,SUPPORTED,
SQX-USDJPY-H4-9755aa9ab71d,SUPPORTED,
SQX-USDCAD-H4-9757c41d37bc,SUPPORTED,
SQX-XAUUSD-H4-9759fa3f6697,SUPPORTED,
SQX-XAUUSD-H1-97698a0b1681,SUPPORTED,
SQX-XAUUSD-H4-976bca6496a2,SUPPORTED,
SQX-EURUSD-H1-97719951ab23,SUPPORTED,
SQX-USDJPY-H4-978165ceccd6,SUPPORTED,
SQX-USDJPY-H4-9783a83e3a3c,SUPPORTED,
SQX-GBPUSD-H4-978ac31d8298,SUPPORTED,
SQX-XAUUSD-H4-978cd139d4ba,SUPPORTED,
SQX-USDJPY-H1-9790697694eb,SUPPORTED,
SQX-EURUSD-H1-979391a86355,SUPPORTED,
SQX-GBPUSD-H4-979b458cb210,SUPPORTED,
SQX-EURUSD-H4-979c78e884a1,SUPPORTED,
SQX-XAUUSD-H1-979cdb99979e,SUPPORTED,
SQX-USDJPY-H4-97a7766973a9,SUPPORTED,
SQX-USDJPY-H1-97a89c33ee9d,SUPPORTED,
SQX-XAUUSD-H4-97ad1f2060af,SUPPORTED,
SQX-XAUUSD-H1-97c1dc7d77e6,SUPPORTED,
SQX-XAUUSD-H4-97c8dc3f9c1f,SUPPORTED,
SQX-GBPUSD-H1-97c9a84eaec2,SUPPORTED,
SQX-EURUSD-H4-97cbe73a832d,SUPPORTED,
SQX-XAUUSD-H1-97cfdc248ac1,SUPPORTED,
SQX-USDJPY-H4-97d87c1ceb51,SUPPORTED,
SQX-XAUUSD-H4-97e1946924bb,SUPPORTED,
SQX-USDJPY-H4-97e6a0594ae2,SUPPORTED,
SQX-XAUUSD-H4-97e9b17d7deb,SUPPORTED,
SQX-XAUUSD-H1-97ed3c787c25,SUPPORTED,
SQX-XAUUSD-H1-97f043ccedeb,SUPPORTED,
SQX-USDJPY-H1-97f4eb745c79,SUPPORTED,
SQX-XAUUSD-H4-97f8ad4f2ec5,SUPPORTED,
SQX-EURUSD-H1-97fced286529,SUPPORTED,
SQX-XAUUSD-H1-9809da74f68f,SUPPORTED,
SQX-USDCAD-H4-980f647e09e4,SUPPORTED,
SQX-USDJPY-H4-981256e5d8eb,SUPPORTED,
SQX-USDJPY-H4-9817e6180a68,SUPPORTED,
SQX-XAUUSD-H4-981f6de56d94,SUPPORTED,
SQX-USDJPY-H4-98220373cf8c,SUPPORTED,
SQX-XAUUSD-H1-98278c6e186e,SUPPORTED,
SQX-EURUSD-H1-9832d990694a,SUPPORTED,
SQX-USDCAD-H4-983b1087697e,SUPPORTED,
SQX-EURUSD-H4-983bf6aaa034,SUPPORTED,
SQX-GBPUSD-M15-983c8ff37ce7,SUPPORTED,
SQX-XAUUSD-H4-9841e45e81b4,SUPPORTED,
SQX-XAUUSD-H1-984d983c4ea9,SUPPORTED,
SQX-XAUUSD-H4-985347257228,SUPPORTED,
SQX-XAUUSD-H4-98598aef7f5c,SUPPORTED,
SQX-XAUUSD-H4-985e86d8019d,SUPPORTED,
SQX-GBPUSD-M15-986112e138b3,SUPPORTED,
SQX-USDJPY-H4-98616873d2da,SUPPORTED,
SQX-XAUUSD-H1-98622e1360d1,SUPPORTED,
SQX-XAUUSD-H4-986638740691,SUPPORTED,
SQX-XAUUSD-H4-9869abfa07b8,SUPPORTED,
SQX-USDJPY-H4-986b7745c688,SUPPORTED,
SQX-EURUSD-H4-9873e09319e3,SUPPORTED,
SQX-XAUUSD-H4-987512593fd8,SUPPORTED,
SQX-USDCHF-H4-98773046af3b,SUPPORTED,
SQX-XAUUSD-H4-98793c92d373,SUPPORTED,
SQX-XAUUSD-H4-987d7632160a,SUPPORTED,
SQX-GBPUSD-M15-987fe0b6376a,SUPPORTED,
SQX-EURUSD-H4-988221e6c0bf,SUPPORTED,
SQX-XAUUSD-H1-98828df24766,SUPPORTED,
SQX-XAUUSD-H1-9885941c9ced,SUPPORTED,
SQX-EURUSD-H1-98874968f11c,SUPPORTED,
SQX-USDJPY-H4-988c99ea2e9f,SUPPORTED,
SQX-XAUUSD-H1-988f1664ffc5,SUPPORTED,
SQX-XAUUSD-H4-988fdddbb965,SUPPORTED,
SQX-GBPUSD-H4-9896795af178,SUPPORTED,
SQX-EURUSD-H1-9896f0961559,SUPPORTED,
SQX-EURUSD-H1-989b7c1e7d7e,SUPPORTED,
SQX-USDJPY-H4-98a0f4606b93,SUPPORTED,
SQX-XAUUSD-H4-98a77f9c115a,SUPPORTED,
SQX-XAUUSD-H4-98a8bc002a89,SUPPORTED,
SQX-EURUSD-H1-98aa128342fc,SUPPORTED,
SQX-XAUUSD-H4-98ab075a7f35,SUPPORTED,
SQX-GBPUSD-H4-98b42d043cf3,SUPPORTED,
SQX-USDJPY-H4-98ba7eb62632,SUPPORTED,
SQX-XAUUSD-H4-98bba42b40dd,SUPPORTED,
SQX-USDJPY-H4-98bdccdcda36,SUPPORTED,
SQX-USDJPY-H4-98bec3f7c039,SUPPORTED,
SQX-USDJPY-H4-98c443235cc8,SUPPORTED,
SQX-XAUUSD-H4-98c76c3d1f53,SUPPORTED,
SQX-USDCAD-H1-98cae985c87c,SUPPORTED,
SQX-XAUUSD-H4-98d07ff7581a,SUPPORTED,
SQX-XAUUSD-H4-98d0d387328b,SUPPORTED,
SQX-EURUSD-H4-98d754840b05,SUPPORTED,
SQX-USDJPY-H1-98d7979b27c7,SUPPORTED,
SQX-GBPUSD-H4-98da7a6b08c7,SUPPORTED,
SQX-GBPUSD-M15-98dca2795559,SUPPORTED,
SQX-EURUSD-H1-98e9d2ff6bf8,SUPPORTED,
SQX-XAUUSD-H4-98f74a422f43,SUPPORTED,
SQX-USDCAD-H4-98f839279833,SUPPORTED,
SQX-EURUSD-H4-9904636c2204,SUPPORTED,
SQX-USDJPY-H4-990ab732f417,SUPPORTED,
SQX-XAUUSD-H4-990d52b9b8a6,SUPPORTED,
SQX-EURUSD-H1-990df6439ff7,SUPPORTED,
SQX-USDJPY-H4-990e363e7d2d,SUPPORTED,
SQX-XAUUSD-H1-990f53f37148,SUPPORTED,
SQX-XAUUSD-H4-991f48aaa653,SUPPORTED,
SQX-USDJPY-H1-99247359e501,SUPPORTED,
SQX-XAUUSD-H1-992522282aa6,SUPPORTED,
SQX-USDJPY-H4-992a41b1e185,SUPPORTED,
SQX-USDCHF-H4-99302c12491d,SUPPORTED,
SQX-GBPUSD-H1-993145b33f82,SUPPORTED,
SQX-USDJPY-H1-9934e8e0b836,SUPPORTED,
SQX-XAUUSD-H4-993ef8c6193a,SUPPORTED,
SQX-XAUUSD-H4-9944e46ec39b,SUPPORTED,
SQX-XAUUSD-H1-9948542027d7,SUPPORTED,
SQX-USDJPY-H4-994989c436bc,SUPPORTED,
SQX-GBPUSD-H1-994d20f88edb,SUPPORTED,
SQX-EURUSD-H4-995178527913,SUPPORTED,
SQX-EURUSD-H4-995a60dd4708,SUPPORTED,
SQX-XAUUSD-H4-99600dbff4f4,SUPPORTED,
SQX-USDJPY-H1-9961c57d9c90,SUPPORTED,
SQX-GBPUSD-H1-9962ac750d69,SUPPORTED,
SQX-XAUUSD-H4-9963c7c0b7d1,SUPPORTED,
SQX-XAUUSD-H4-9972e39e8a3d,SUPPORTED,
SQX-EURUSD-H4-99730ec465dc,SUPPORTED,
SQX-USDJPY-H1-9978be12beb3,SUPPORTED,
SQX-XAUUSD-H4-997bfe38e801,SUPPORTED,
SQX-XAUUSD-H4-99814574973c,SUPPORTED,
SQX-XAUUSD-H4-99831d7ad72e,SUPPORTED,
SQX-USDJPY-H4-9983a14359f9,SUPPORTED,
SQX-GBPUSD-H1-9984ad7e87e4,SUPPORTED,
SQX-USDJPY-H4-999090a55a71,SUPPORTED,
SQX-XAUUSD-H4-9998c6afcef8,SUPPORTED,
SQX-XAUUSD-H4-999c11b7d2ca,SUPPORTED,
SQX-USDJPY-H4-999e5be50f15,SUPPORTED,
SQX-EURUSD-H4-99a2917ba702,SUPPORTED,
SQX-USDJPY-H1-99a6fb93e270,SUPPORTED,
SQX-USDJPY-H4-99aa08bdfd28,SUPPORTED,
SQX-EURUSD-M15-99acb086cabf,SUPPORTED,
SQX-XAUUSD-H4-99afbfef6926,SUPPORTED,
SQX-USDJPY-H4-99b38a0c7bff,SUPPORTED,
SQX-XAUUSD-H4-99b5751ac1e4,SUPPORTED,
SQX-XAUUSD-H4-99bb6f9cf0c3,SUPPORTED,
SQX-USDJPY-H1-99bcffbc9b07,SUPPORTED,
SQX-USDCHF-H4-99bea5bebd48,SUPPORTED,
SQX-XAUUSD-H4-99c2e741a59d,SUPPORTED,
SQX-XAUUSD-H1-99c4601b54f7,SUPPORTED,
SQX-XAUUSD-H4-99c4b2ac8b6d,SUPPORTED,
SQX-EURUSD-H1-99c9c484aff3,SUPPORTED,
SQX-USDJPY-H1-99ce687d4275,SUPPORTED,
SQX-USDJPY-H4-99d02988f597,SUPPORTED,
SQX-USDJPY-H1-99d64aa5d916,SUPPORTED,
SQX-USDJPY-H1-99d7618b30f1,SUPPORTED,
SQX-XAUUSD-H1-99d9473da1c9,SUPPORTED,
SQX-USDJPY-H1-99e3e90b28f1,SUPPORTED,
SQX-EURUSD-H4-99e441a3daaa,SUPPORTED,
SQX-USDJPY-H1-99f53811c605,SUPPORTED,
SQX-XAUUSD-H4-99f9deb8925e,SUPPORTED,
SQX-USDJPY-H1-99fa0c9b68b6,SUPPORTED,
SQX-USDJPY-H4-99fb76ab10e7,SUPPORTED,
SQX-XAUUSD-H1-99fba9f27511,SUPPORTED,
SQX-XAUUSD-H4-99fffdc33962,SUPPORTED,
SQX-EURUSD-H4-9a060ac46a1d,SUPPORTED,
SQX-XAUUSD-H4-9a06b999dd4e,SUPPORTED,
SQX-USDJPY-H4-9a0d9741e8e0,SUPPORTED,
SQX-USDJPY-H4-9a2338af71ea,SUPPORTED,
SQX-EURUSD-H1-9a25e0fa6b59,SUPPORTED,
SQX-EURUSD-H4-9a2c1cb4812f,SUPPORTED,
SQX-USDCAD-H4-9a3b6977cbc0,SUPPORTED,
SQX-USDCHF-H4-9a48c76d5333,SUPPORTED,
SQX-XAUUSD-H4-9a4d723f2e12,SUPPORTED,
SQX-USDJPY-H4-9a578d49a4c5,SUPPORTED,
SQX-USDJPY-H4-9a61db2f2265,SUPPORTED,
SQX-XAUUSD-H4-9a67cfeed88a,SUPPORTED,
SQX-XAUUSD-H4-9a69264fb735,SUPPORTED,
SQX-XAUUSD-H4-9a6fca802c7e,SUPPORTED,
SQX-XAUUSD-H4-9a723c828d8f,SUPPORTED,
SQX-XAUUSD-H1-9a73eec5c116,SUPPORTED,
SQX-GBPUSD-H1-9a7674dd8fb8,SUPPORTED,
SQX-EURUSD-M15-9a78b7cf1a96,SUPPORTED,
SQX-XAUUSD-H1-9a8a36c01341,SUPPORTED,
SQX-EURUSD-H4-9a8cd787194b,SUPPORTED,
SQX-XAUUSD-H4-9a8d1f8edea4,SUPPORTED,
SQX-XAUUSD-H4-9a995369f2f9,SUPPORTED,
SQX-XAUUSD-H4-9aa374022660,SUPPORTED,
SQX-XAUUSD-H4-9aa384fd9ebf,SUPPORTED,
SQX-USDJPY-H1-9aa393cbea0e,SUPPORTED,
SQX-XAUUSD-H1-9ab4a942b3cf,SUPPORTED,
SQX-XAUUSD-H4-9ad063a39804,SUPPORTED,
SQX-USDJPY-H4-9ade0c580be4,SUPPORTED,
SQX-GBPUSD-M15-9adffcf199ac,SUPPORTED,
SQX-USDJPY-H1-9ae04e25a9bb,SUPPORTED,
SQX-XAUUSD-H4-9aea9f537ac3,SUPPORTED,
SQX-EURUSD-M15-9aedb99280d1,SUPPORTED,
SQX-USDJPY-H1-9af957ebb12d,SUPPORTED,
SQX-XAUUSD-H4-9afbf6afceba,SUPPORTED,
SQX-XAUUSD-H4-9afcddfdcdc2,SUPPORTED,
SQX-XAUUSD-H4-9b0e190a8dbe,SUPPORTED,
SQX-USDCHF-H4-9b169ce88995,SUPPORTED,
SQX-XAUUSD-H4-9b18c7ce2091,SUPPORTED,
SQX-XAUUSD-H4-9b25d9da0e34,SUPPORTED,
SQX-EURUSD-H1-9b28f0349cf4,SUPPORTED,
SQX-XAUUSD-H4-9b2e7cc9fcc2,SUPPORTED,
SQX-EURUSD-H4-9b369b5dfe44,SUPPORTED,
SQX-USDJPY-H1-9b3ba9236836,SUPPORTED,
SQX-USDJPY-H4-9b3dfb04a7d1,SUPPORTED,
SQX-EURUSD-M15-9b3fcfc4d8ce,SUPPORTED,
SQX-XAUUSD-H1-9b45e97447fc,SUPPORTED,
SQX-EURUSD-H4-9b539afe3b16,SUPPORTED,
SQX-XAUUSD-H4-9b53bfafc0b5,SUPPORTED,
SQX-XAUUSD-H4-9b544079dd8f,SUPPORTED,
SQX-USDCHF-H4-9b5abf1fd4a4,SUPPORTED,
SQX-USDJPY-H1-9b5c479df3c1,SUPPORTED,
SQX-GBPUSD-H4-9b5f2d8ecc70,SUPPORTED,
SQX-USDJPY-M15-9b72bb128173,SUPPORTED,
SQX-XAUUSD-H4-9b745998e52a,SUPPORTED,
SQX-GBPUSD-H4-9b74f0396062,SUPPORTED,
SQX-GBPUSD-H4-9b77e20faf7a,SUPPORTED,
SQX-XAUUSD-H1-9b7bf582eb6c,SUPPORTED,
SQX-USDJPY-H4-9b7f838c78dc,SUPPORTED,
SQX-EURUSD-H4-9b8bfe801e8e,SUPPORTED,
SQX-EURUSD-H4-9b8cc2354f44,SUPPORTED,
SQX-USDCHF-H4-9b912579605b,SUPPORTED,
SQX-EURUSD-H1-9b95fc850ee9,SUPPORTED,
SQX-USDJPY-H1-9ba16d6150e6,SUPPORTED,
SQX-GBPUSD-H4-9ba2589e66fc,SUPPORTED,
SQX-XAUUSD-H4-9ba304c39cd3,SUPPORTED,
SQX-XAUUSD-H1-9ba5c21d065a,SUPPORTED,
SQX-XAUUSD-H4-9bc088c63720,SUPPORTED,
SQX-XAUUSD-H4-9bca082e074e,SUPPORTED,
SQX-XAUUSD-H4-9bd6d9e2cae7,SUPPORTED,
SQX-EURUSD-H4-9bde386c999a,SUPPORTED,
SQX-EURUSD-H1-9bdf8baf62aa,SUPPORTED,
SQX-EURUSD-H1-9be49ca363f1,SUPPORTED,
SQX-USDJPY-H4-9beb754ef170,SUPPORTED,
SQX-EURUSD-H4-9bf11fb6541d,SUPPORTED,
SQX-EURUSD-H1-9bf1aa5f1770,SUPPORTED,
SQX-EURUSD-H4-9bf900f1c4b6,SUPPORTED,
SQX-XAUUSD-H4-9bf981473112,SUPPORTED,
SQX-XAUUSD-H4-9bfda37d8b28,SUPPORTED,
SQX-USDCAD-H4-9c03e0620b40,SUPPORTED,
SQX-USDJPY-M15-9c04074ccd80,SUPPORTED,
SQX-USDJPY-H1-9c04580f52bc,SUPPORTED,
SQX-USDJPY-H1-9c06524231b7,SUPPORTED,
SQX-XAUUSD-H4-9c0c141df95e,SUPPORTED,
SQX-XAUUSD-H4-9c0c3d3758e2,SUPPORTED,
SQX-USDJPY-H4-9c14985b6c9e,SUPPORTED,
SQX-EURUSD-H1-9c177ec46051,SUPPORTED,
SQX-XAUUSD-H4-9c302a60cc97,SUPPORTED,
SQX-USDCHF-H4-9c3133f9a3ce,SUPPORTED,
SQX-XAUUSD-H1-9c32a9336f0b,SUPPORTED,
SQX-XAUUSD-H4-9c345885dd39,SUPPORTED,
SQX-NZDUSD-H4-9c39848392a8,SUPPORTED,
SQX-XAUUSD-H4-9c3c7321668c,SUPPORTED,
SQX-USDJPY-H1-9c59e97f922c,SUPPORTED,
SQX-USDCHF-H4-9c617f8793f7,SUPPORTED,
SQX-USDJPY-H1-9c6581078982,SUPPORTED,
SQX-EURUSD-H1-9c6b6ffb0928,SUPPORTED,
SQX-XAUUSD-H4-9c6ce6581ca3,SUPPORTED,
SQX-EURUSD-H1-9c7b62939881,SUPPORTED,
SQX-XAUUSD-H1-9c80744a865b,SUPPORTED,
SQX-USDJPY-H4-9c8b47979aa1,SUPPORTED,
SQX-XAUUSD-H4-9c8ca487cd1d,SUPPORTED,
SQX-XAUUSD-H1-9c8f07b41e0e,SUPPORTED,
SQX-EURUSD-H4-9c9420194175,SUPPORTED,
SQX-GBPUSD-H4-9c9d59119c42,SUPPORTED,
SQX-XAUUSD-H4-9ca67f0f2393,SUPPORTED,
SQX-USDJPY-H4-9ca94b2a369f,SUPPORTED,
SQX-USDJPY-H4-9ca9c6e438b9,SUPPORTED,
SQX-EURUSD-H1-9cad3e9d6641,SUPPORTED,
SQX-XAUUSD-H4-9cb9f17bceb7,SUPPORTED,
SQX-XAUUSD-H4-9cbde3f1db2d,SUPPORTED,
SQX-XAUUSD-H4-9cbec9617102,SUPPORTED,
SQX-XAUUSD-H1-9cbfdc104d59,SUPPORTED,
SQX-USDCAD-H4-9cc0751fb409,SUPPORTED,
SQX-XAUUSD-H4-9cca78a73bc8,SUPPORTED,
SQX-XAUUSD-H4-9ccc6d826c29,SUPPORTED,
SQX-GBPUSD-H4-9ccd26ab2d1f,SUPPORTED,
SQX-USDJPY-H4-9cce8bab42a5,SUPPORTED,
SQX-USDJPY-H1-9cd673c7ea22,SUPPORTED,
SQX-NZDUSD-H4-9cdfc2054ba5,SUPPORTED,
SQX-XAUUSD-H4-9ce380e7da4f,SUPPORTED,
SQX-XAUUSD-H4-9ce50e3346b0,SUPPORTED,
SQX-XAUUSD-H4-9cead2405034,SUPPORTED,
SQX-XAUUSD-H4-9cebb0553fdf,SUPPORTED,
SQX-XAUUSD-H4-9ced1d8258c6,SUPPORTED,
SQX-GBPUSD-H4-9ceda038ba6b,SUPPORTED,
SQX-XAUUSD-H4-9cf955bdcce1,SUPPORTED,
SQX-XAUUSD-H4-9cfae56ff7c5,SUPPORTED,
SQX-XAUUSD-H1-9cfc8fbc3591,SUPPORTED,
SQX-USDJPY-H4-9cfd04cdab59,SUPPORTED,
SQX-GBPUSD-H1-9d0121b5c2a6,SUPPORTED,
SQX-EURUSD-H1-9d08f7aae283,SUPPORTED,
SQX-EURUSD-H1-9d0d0b1e2464,SUPPORTED,
SQX-USDJPY-H4-9d0e81ab45b2,SUPPORTED,
SQX-USDCHF-H4-9d1388d75882,SUPPORTED,
SQX-USDJPY-H4-9d151286e6eb,SUPPORTED,
SQX-XAUUSD-H1-9d16b5b0d1da,SUPPORTED,
SQX-XAUUSD-H4-9d2531af9487,SUPPORTED,
SQX-XAUUSD-H4-9d2eb78dbca7,SUPPORTED,
SQX-GBPUSD-H1-9d3229cf28a3,SUPPORTED,
SQX-USDJPY-H4-9d3241d7e13d,SUPPORTED,
SQX-USDJPY-H4-9d345b4fd5c5,SUPPORTED,
SQX-XAUUSD-H4-9d39242a2112,SUPPORTED,
SQX-EURUSD-H1-9d48905dcb43,SUPPORTED,
SQX-NZDUSD-H4-9d51232f7912,SUPPORTED,
SQX-USDCHF-H4-9d594d9e52df,SUPPORTED,
SQX-USDJPY-H1-9d5b71a8158f,SUPPORTED,
SQX-USDJPY-H1-9d65b7590598,SUPPORTED,
SQX-USDJPY-H4-9d679c87bf0a,SUPPORTED,
SQX-XAUUSD-H4-9d68f1bc1db6,SUPPORTED,
SQX-USDJPY-H1-9d709204967a,SUPPORTED,
SQX-USDJPY-H1-9d751e031576,SUPPORTED,
SQX-XAUUSD-H4-9d794aef158f,SUPPORTED,
SQX-USDJPY-H1-9d7d5530daf4,SUPPORTED,
SQX-XAUUSD-H4-9d7db27f4701,SUPPORTED,
SQX-XAUUSD-H1-9d7f280aaf63,SUPPORTED,
SQX-XAUUSD-H4-9d876ef56445,SUPPORTED,
SQX-XAUUSD-H4-9d884249708b,SUPPORTED,
SQX-USDJPY-H1-9d97db55aa80,SUPPORTED,
SQX-XAUUSD-H4-9d9d6e04a4a8,SUPPORTED,
SQX-EURUSD-H1-9da1dddc5068,SUPPORTED,
SQX-GBPUSD-H4-9da401f0956a,SUPPORTED,
SQX-EURUSD-H1-9da7851696d0,SUPPORTED,
SQX-XAUUSD-H4-9da910b80261,SUPPORTED,
SQX-XAUUSD-H1-9daef3eb6ee5,SUPPORTED,
SQX-USDJPY-M15-9db1a02470e2,SUPPORTED,
SQX-EURUSD-H4-9db1f7125293,SUPPORTED,
SQX-XAUUSD-H1-9db4bb2d779e,SUPPORTED,
SQX-XAUUSD-H4-9dba9fec6f4b,SUPPORTED,
SQX-GBPUSD-H1-9dbf98b7fb33,SUPPORTED,
SQX-XAUUSD-H4-9dc533e6206b,SUPPORTED,
SQX-XAUUSD-H4-9dc99a06e8c3,SUPPORTED,
SQX-XAUUSD-H4-9dcd21ca1d30,SUPPORTED,
SQX-XAUUSD-H4-9dd4384116e7,SUPPORTED,
SQX-XAUUSD-H4-9de2b75d711f,SUPPORTED,
SQX-USDJPY-M15-9de4a3cf847c,SUPPORTED,
SQX-XAUUSD-H1-9df6516e92da,SUPPORTED,
SQX-GBPUSD-H4-9df9a0b20fb9,SUPPORTED,
SQX-XAUUSD-H4-9dfcbe9e9945,SUPPORTED,
SQX-XAUUSD-H4-9e0002b56bd5,SUPPORTED,
SQX-XAUUSD-H1-9e0304fcf129,SUPPORTED,
SQX-EURUSD-H1-9e03d3604d47,SUPPORTED,
SQX-XAUUSD-H4-9e0f59b5f20c,SUPPORTED,
SQX-USDJPY-H1-9e1577406ebd,SUPPORTED,
SQX-XAUUSD-H4-9e1b37a05143,SUPPORTED,
SQX-XAUUSD-H4-9e1b752f5ced,SUPPORTED,
SQX-USDJPY-H1-9e2430723b8d,SUPPORTED,
SQX-EURUSD-H1-9e253c0eaa68,SUPPORTED,
SQX-USDJPY-H4-9e28e028e803,SUPPORTED,
SQX-GBPUSD-M15-9e29d9d79233,SUPPORTED,
SQX-USDJPY-H1-9e2a0a274f43,SUPPORTED,
SQX-USDJPY-H1-9e2d2e05ed76,SUPPORTED,
SQX-XAUUSD-H4-9e311893f82a,SUPPORTED,
SQX-XAUUSD-H1-9e33b4c47e56,SUPPORTED,
SQX-USDJPY-M15-9e3cd78cb986,SUPPORTED,
SQX-USDJPY-H1-9e432fa33b8f,SUPPORTED,
SQX-XAUUSD-H4-9e4b584978ba,SUPPORTED,
SQX-XAUUSD-H4-9e4fd71bbc64,SUPPORTED,
SQX-EURUSD-H4-9e5cc98172f3,SUPPORTED,
SQX-GBPUSD-H4-9e5ed806e616,SUPPORTED,
SQX-USDJPY-H4-9e620fc8bd79,SUPPORTED,
SQX-XAUUSD-H4-9e68b9276c4e,SUPPORTED,
SQX-XAUUSD-H4-9e69b5ff926f,SUPPORTED,
SQX-USDJPY-H4-9e702d0aa5dd,SUPPORTED,
SQX-XAUUSD-H4-9e770e80701c,SUPPORTED,
SQX-XAUUSD-H4-9e83d488b6f8,SUPPORTED,
SQX-USDCHF-H4-9e88b74cc3a0,SUPPORTED,
SQX-EURUSD-H1-9e8a4bdbffdb,SUPPORTED,
SQX-EURUSD-H4-9e8d726df5fb,SUPPORTED,
SQX-XAUUSD-H1-9e9dd56a8cf4,SUPPORTED,
SQX-XAUUSD-H4-9e9df4635f8a,SUPPORTED,
SQX-XAUUSD-H1-9e9eb36f01a3,SUPPORTED,
SQX-XAUUSD-H4-9ea0275744ce,SUPPORTED,
SQX-XAUUSD-H4-9ea43831eb7b,SUPPORTED,
SQX-USDCHF-H4-9eb006a4413a,SUPPORTED,
SQX-USDJPY-H1-9eb25d633a3b,SUPPORTED,
SQX-XAUUSD-H4-9eb5f53b8478,SUPPORTED,
SQX-XAUUSD-H4-9eba1981054a,SUPPORTED,
SQX-USDJPY-H4-9ebdd6585ba3,SUPPORTED,
SQX-XAUUSD-H4-9ec63b44607d,SUPPORTED,
SQX-XAUUSD-H4-9ec640e97ffa,SUPPORTED,
SQX-EURUSD-H1-9ec8c21797a0,SUPPORTED,
SQX-USDCAD-H4-9ecb23fc1e8f,SUPPORTED,
SQX-USDJPY-H4-9ecc8e96651b,SUPPORTED,
SQX-XAUUSD-H1-9ece9183f0ef,SUPPORTED,
SQX-XAUUSD-H4-9edc2a0c34c0,SUPPORTED,
SQX-XAUUSD-H1-9ee2596ee2ba,SUPPORTED,
SQX-XAUUSD-H4-9ee6b2f28cba,SUPPORTED,
SQX-USDJPY-M15-9eea651a35cd,SUPPORTED,
SQX-USDCHF-H4-9ef100f7fa41,SUPPORTED,
SQX-XAUUSD-H4-9ef130108f96,SUPPORTED,
SQX-GBPUSD-H1-9eff6b466cc9,SUPPORTED,
SQX-USDCAD-H1-9f00a0a66174,SUPPORTED,
SQX-XAUUSD-H4-9f016140854b,SUPPORTED,
SQX-USDJPY-H4-9f0cbfd6f604,SUPPORTED,
SQX-USDCAD-H4-9f0d0cd628c5,SUPPORTED,
SQX-XAUUSD-H4-9f10a66b8389,SUPPORTED,
SQX-XAUUSD-H1-9f18e6c19194,SUPPORTED,
SQX-XAUUSD-H4-9f19261dbbb5,SUPPORTED,
SQX-XAUUSD-H4-9f1e911b8a0e,SUPPORTED,
SQX-XAUUSD-H4-9f1f9935cac7,SUPPORTED,
SQX-XAUUSD-H4-9f25e02c8167,SUPPORTED,
SQX-USDJPY-H4-9f2b981826c3,SUPPORTED,
SQX-USDJPY-H4-9f3a87c06228,SUPPORTED,
SQX-XAUUSD-H1-9f3d96eb136f,SUPPORTED,
SQX-EURUSD-H4-9f4559f97740,SUPPORTED,
SQX-XAUUSD-H1-9f46256739bd,SUPPORTED,
SQX-GBPUSD-M15-9f467c10f3f2,SUPPORTED,
SQX-XAUUSD-H4-9f4c4f3c2532,SUPPORTED,
SQX-GBPUSD-H4-9f4e1ae4f968,SUPPORTED,
SQX-GBPUSD-H1-9f4e574d366e,SUPPORTED,
SQX-USDCHF-H4-9f5193e7d38d,SUPPORTED,
SQX-XAUUSD-H4-9f5200c4c20d,SUPPORTED,
SQX-XAUUSD-H1-9f523ec4e686,SUPPORTED,
SQX-USDJPY-H4-9f58239ca1a2,SUPPORTED,
SQX-EURUSD-H1-9f5ffc29dd1e,SUPPORTED,
SQX-XAUUSD-H4-9f64bed064db,SUPPORTED,
SQX-USDJPY-H4-9f678d1daf9c,SUPPORTED,
SQX-USDCHF-H4-9f67d127bc12,SUPPORTED,
SQX-XAUUSD-H4-9f69008abd83,SUPPORTED,
SQX-USDJPY-H4-9f69994ec9a3,SUPPORTED,
SQX-XAUUSD-H4-9f6ac81cdbda,SUPPORTED,
SQX-XAUUSD-H1-9f6c844b5d30,SUPPORTED,
SQX-XAUUSD-H4-9f714433c102,SUPPORTED,
SQX-USDJPY-H1-9f7258fcbd35,SUPPORTED,
SQX-EURUSD-H4-9f7514137475,SUPPORTED,
SQX-XAUUSD-H4-9f795459d5e9,SUPPORTED,
SQX-USDJPY-H4-9f7fa59a8908,SUPPORTED,
SQX-XAUUSD-H4-9f80c8807fb9,SUPPORTED,
SQX-XAUUSD-H4-9f86fcde439b,SUPPORTED,
SQX-USDCHF-H4-9f874645dbe9,SUPPORTED,
SQX-USDCHF-H4-9f9620c73b03,SUPPORTED,
SQX-XAUUSD-H4-9f9845063dbb,SUPPORTED,
SQX-XAUUSD-H4-9f993239a40d,SUPPORTED,
SQX-XAUUSD-H4-9f9de6c0be97,SUPPORTED,
SQX-XAUUSD-H4-9fa0046d72c2,SUPPORTED,
SQX-XAUUSD-H4-9faae5c30e7f,SUPPORTED,
SQX-USDJPY-H4-9fad1e45c0eb,SUPPORTED,
SQX-XAUUSD-H4-9fb3c1fe2888,SUPPORTED,
SQX-USDJPY-H4-9fbeb9ed9345,SUPPORTED,
SQX-USDJPY-H4-9fca711f763f,SUPPORTED,
SQX-USDCHF-H4-9fcef96b0fcc,SUPPORTED,
SQX-XAUUSD-H4-9fde5989bd94,SUPPORTED,
SQX-XAUUSD-H4-9fe12fb9796d,SUPPORTED,
SQX-XAUUSD-H1-9fe23ffca288,SUPPORTED,
SQX-USDJPY-H4-9fe37d42134f,SUPPORTED,
SQX-XAUUSD-H4-9fe812a5a3cb,SUPPORTED,
SQX-XAUUSD-H4-9ff112ac6125,SUPPORTED,
SQX-USDJPY-H4-9ff8b85d2cd5,SUPPORTED,
SQX-EURUSD-H1-9ff926eaed9b,SUPPORTED,
SQX-XAUUSD-H4-a0014972b9f3,SUPPORTED,
SQX-USDJPY-H4-a0085364e307,SUPPORTED,
SQX-EURUSD-H4-a009bd5f7a6f,SUPPORTED,
SQX-XAUUSD-H4-a00e91398f68,SUPPORTED,
SQX-EURUSD-H1-a010fa1ffee5,SUPPORTED,
SQX-XAUUSD-H4-a014caccc4fa,SUPPORTED,
SQX-USDJPY-H4-a018aff9b3f1,SUPPORTED,
SQX-USDJPY-H4-a01db1279ff6,SUPPORTED,
SQX-XAUUSD-H4-a01ecb414675,SUPPORTED,
SQX-XAUUSD-H4-a020121e2cd6,SUPPORTED,
SQX-USDJPY-H4-a02248e6ecbd,SUPPORTED,
SQX-USDJPY-H4-a0266b06e5ec,SUPPORTED,
SQX-XAUUSD-H4-a02829e740f3,SUPPORTED,
SQX-XAUUSD-H4-a02998492b3f,SUPPORTED,
SQX-XAUUSD-H4-a0494b6c11df,SUPPORTED,
SQX-XAUUSD-H4-a04cb0d515e9,SUPPORTED,
SQX-USDJPY-H4-a04cdcbaee2c,SUPPORTED,
SQX-XAUUSD-H4-a050c69bd5e2,SUPPORTED,
SQX-USDJPY-H4-a05274791baa,SUPPORTED,
SQX-XAUUSD-H4-a054a260b3ee,SUPPORTED,
SQX-XAUUSD-H4-a055efbdefcb,SUPPORTED,
SQX-USDJPY-H1-a0615429b24b,SUPPORTED,
SQX-USDJPY-M15-a0623eea38f6,SUPPORTED,
SQX-USDJPY-H4-a0690874fb6e,SUPPORTED,
SQX-XAUUSD-H4-a06a11f2f0fb,SUPPORTED,
SQX-USDJPY-H1-a06aa04e3119,SUPPORTED,
SQX-USDJPY-H1-a06cade6f431,SUPPORTED,
SQX-GBPUSD-H4-a07479ab565d,SUPPORTED,
SQX-XAUUSD-H4-a07af3f94e8b,SUPPORTED,
SQX-USDJPY-H4-a08298a0d134,SUPPORTED,
SQX-USDCAD-H1-a088f52be587,SUPPORTED,
SQX-XAUUSD-H4-a095dc7a37bf,SUPPORTED,
SQX-XAUUSD-H4-a0991ec905f9,SUPPORTED,
SQX-EURUSD-H1-a09a43204a5f,SUPPORTED,
SQX-XAUUSD-H4-a09e13b42b16,SUPPORTED,
SQX-USDJPY-H4-a0a22a6d00ff,SUPPORTED,
SQX-XAUUSD-H4-a0a2f5bff083,SUPPORTED,
SQX-USDJPY-H1-a0a3c8855f07,SUPPORTED,
SQX-USDCHF-H4-a0ae4aaefa6c,SUPPORTED,
SQX-XAUUSD-H1-a0b0069925e6,SUPPORTED,
SQX-GBPUSD-H1-a0b1becff0c2,SUPPORTED,
SQX-GBPUSD-H4-a0b91466d1ff,SUPPORTED,
SQX-USDJPY-H4-a0c16f5370e0,SUPPORTED,
SQX-XAUUSD-H4-a0c2e58dbcc1,SUPPORTED,
SQX-XAUUSD-H4-a0c74f708858,SUPPORTED,
SQX-USDJPY-H4-a0c9f946de6b,SUPPORTED,
SQX-XAUUSD-H4-a0ca01b68e94,SUPPORTED,
SQX-GBPUSD-H4-a0cdac35938d,SUPPORTED,
SQX-USDJPY-H1-a0cf96a0607a,SUPPORTED,
SQX-GBPUSD-H4-a0dc0928671d,SUPPORTED,
SQX-USDJPY-H4-a0e217e9c4b9,SUPPORTED,
SQX-GBPUSD-H1-a0e64098d70d,SUPPORTED,
SQX-XAUUSD-H4-a0e819f90d33,SUPPORTED,
SQX-USDJPY-H4-a0eee69a81a9,SUPPORTED,
SQX-XAUUSD-H4-a0efbf7a185f,SUPPORTED,
SQX-USDJPY-H1-a0f773443d8a,SUPPORTED,
SQX-XAUUSD-H4-a0fb90b63545,SUPPORTED,
SQX-USDCHF-H4-a0fe4524af26,SUPPORTED,
SQX-EURUSD-H1-a101ef8fabf6,SUPPORTED,
SQX-XAUUSD-H4-a10f0151868f,SUPPORTED,
SQX-XAUUSD-H4-a11106062716,SUPPORTED,
SQX-XAUUSD-H1-a111b9423b61,SUPPORTED,
SQX-USDJPY-H4-a11aa4d0b46d,SUPPORTED,
SQX-XAUUSD-H4-a11cc95097df,SUPPORTED,
SQX-XAUUSD-H4-a1352ab7cbae,SUPPORTED,
SQX-USDJPY-H4-a13a95a484ce,SUPPORTED,
SQX-USDJPY-H4-a13d96dd0234,SUPPORTED,
SQX-EURUSD-H1-a13ec32a3291,SUPPORTED,
SQX-XAUUSD-H4-a1456dcddb50,SUPPORTED,
SQX-XAUUSD-H4-a14f77716c3c,SUPPORTED,
SQX-USDJPY-H1-a1506efa23ea,SUPPORTED,
SQX-XAUUSD-H4-a150a01c9a53,SUPPORTED,
SQX-NZDUSD-H4-a152a3cd7198,SUPPORTED,
SQX-EURUSD-H4-a165ef0ec121,SUPPORTED,
SQX-USDCAD-H4-a16b1d923cec,SUPPORTED,
SQX-XAUUSD-H4-a16c8a73c12a,SUPPORTED,
SQX-XAUUSD-H4-a17463ed19bf,SUPPORTED,
SQX-USDCHF-H4-a17a39a6cf24,SUPPORTED,
SQX-XAUUSD-H4-a17a692331e4,SUPPORTED,
SQX-XAUUSD-H4-a1811119a839,SUPPORTED,
SQX-XAUUSD-H4-a186caed2029,SUPPORTED,
SQX-EURUSD-H1-a18d86c3075c,SUPPORTED,
SQX-XAUUSD-H4-a18eeb48872c,SUPPORTED,
SQX-XAUUSD-H1-a1961b1c4231,SUPPORTED,
SQX-XAUUSD-H4-a198038d6506,SUPPORTED,
SQX-XAUUSD-M15-a1a1e8085a2c,SUPPORTED,
SQX-XAUUSD-H4-a1a5d64a354d,SUPPORTED,
SQX-USDJPY-H1-a1a96a8d5acc,SUPPORTED,
SQX-USDJPY-H4-a1ae8096871b,SUPPORTED,
SQX-XAUUSD-H4-a1b7595f9316,SUPPORTED,
SQX-XAUUSD-H1-a1b8c45fb499,SUPPORTED,
SQX-XAUUSD-H4-a1bae0b34aee,SUPPORTED,
SQX-USDJPY-H4-a1bb09c8faae,SUPPORTED,
SQX-XAUUSD-H1-a1c1beb26d7b,SUPPORTED,
SQX-XAUUSD-H4-a1cdc88141d4,SUPPORTED,
SQX-XAUUSD-H1-a1d6c614752b,SUPPORTED,
SQX-USDCAD-H4-a1dfe942bb24,SUPPORTED,
SQX-XAUUSD-H4-a1ecef17198d,SUPPORTED,
SQX-XAUUSD-H4-a1ee0c3bb21d,SUPPORTED,
SQX-XAUUSD-H4-a1f42387695c,SUPPORTED,
SQX-USDJPY-H1-a1fec3a39fcd,SUPPORTED,
SQX-USDCHF-H4-a2015211a298,SUPPORTED,
SQX-XAUUSD-H4-a20a1afd49a2,SUPPORTED,
SQX-XAUUSD-H4-a20eaee0ab0c,SUPPORTED,
SQX-EURUSD-H1-a216d827affa,SUPPORTED,
SQX-EURUSD-M15-a21a74dfdcea,SUPPORTED,
SQX-USDCHF-H4-a21f0b888089,SUPPORTED,
SQX-EURUSD-H4-a22a0df56d4d,SUPPORTED,
SQX-XAUUSD-H4-a22c605f2c80,SUPPORTED,
SQX-XAUUSD-H4-a22c9f237acf,SUPPORTED,
SQX-XAUUSD-H4-a23273e44ced,SUPPORTED,
SQX-USDCHF-H4-a236fb6a0f6c,SUPPORTED,
SQX-GBPUSD-H4-a25066e7dd38,SUPPORTED,
SQX-XAUUSD-H1-a250eb508c60,SUPPORTED,
SQX-GBPUSD-H4-a25a4397e594,SUPPORTED,
SQX-XAUUSD-H1-a25de08ed40b,SUPPORTED,
SQX-EURUSD-H4-a2636a9b8a7c,SUPPORTED,
SQX-XAUUSD-H4-a2650a823899,SUPPORTED,
SQX-EURUSD-H1-a267bbe350f4,SUPPORTED,
SQX-XAUUSD-H1-a26bd905f3ed,SUPPORTED,
SQX-EURUSD-H1-a27691004dcc,SUPPORTED,
SQX-USDCHF-H4-a277f537e634,SUPPORTED,
SQX-USDJPY-H1-a27b97f2b9bc,SUPPORTED,
SQX-USDCAD-H4-a2809b1a8dc8,SUPPORTED,
SQX-GBPUSD-H4-a281872281eb,SUPPORTED,
SQX-XAUUSD-H4-a2862976a0d8,SUPPORTED,
SQX-XAUUSD-M15-a28689e6afa7,SUPPORTED,
SQX-XAUUSD-H4-a286aea86ca6,SUPPORTED,
SQX-USDJPY-H1-a2895d80cf24,SUPPORTED,
SQX-XAUUSD-H1-a28d642ebbec,SUPPORTED,
SQX-XAUUSD-H4-a28f654460f9,SUPPORTED,
SQX-USDJPY-H1-a291ecf1e403,SUPPORTED,
SQX-EURUSD-H1-a296af347523,SUPPORTED,
SQX-XAUUSD-H4-a29982102659,SUPPORTED,
SQX-GBPUSD-H4-a29af442a8fa,SUPPORTED,
SQX-XAUUSD-H4-a29c37fe6984,SUPPORTED,
SQX-GBPUSD-H1-a2ab9cfc0af8,SUPPORTED,
SQX-USDJPY-H1-a2b3a4634c62,SUPPORTED,
SQX-XAUUSD-H4-a2b4273e9b49,SUPPORTED,
SQX-XAUUSD-H4-a2b4f0db9a38,SUPPORTED,
SQX-XAUUSD-H4-a2b52ac72416,SUPPORTED,
SQX-USDJPY-H1-a2bd5e36a02e,SUPPORTED,
SQX-XAUUSD-H4-a2c2a754ed31,SUPPORTED,
SQX-XAUUSD-H4-a2c7c98c9488,SUPPORTED,
SQX-XAUUSD-H4-a2c82e78bee3,SUPPORTED,
SQX-EURUSD-H4-a2c91ea70973,SUPPORTED,
SQX-XAUUSD-H4-a2cb7b58984d,SUPPORTED,
SQX-USDJPY-H1-a2ce1e503673,SUPPORTED,
SQX-USDCAD-H4-a2d608a034d6,SUPPORTED,
SQX-XAUUSD-H4-a2da4cee1232,SUPPORTED,
SQX-XAUUSD-H4-a2e1e130084b,SUPPORTED,
SQX-XAUUSD-H4-a2e255a8aefc,SUPPORTED,
SQX-XAUUSD-H1-a2e6a8c03d8d,SUPPORTED,
SQX-EURUSD-H1-a2e7ee472a55,SUPPORTED,
SQX-XAUUSD-H4-a2efc28892c0,SUPPORTED,
SQX-XAUUSD-H4-a2f5446228fb,SUPPORTED,
SQX-USDCHF-H4-a2f61eaecf06,SUPPORTED,
SQX-XAUUSD-H4-a2f6f19ef72b,SUPPORTED,
SQX-EURUSD-H4-a2f75243c81a,SUPPORTED,
SQX-XAUUSD-H4-a2f8d702e674,SUPPORTED,
SQX-USDJPY-H4-a2fb3efe12a6,SUPPORTED,
SQX-XAUUSD-H1-a302ca814b19,SUPPORTED,
SQX-EURUSD-H1-a3072fe29d2c,SUPPORTED,
SQX-EURUSD-H1-a307b7717018,SUPPORTED,
SQX-USDJPY-H4-a3184e7e66d3,SUPPORTED,
SQX-XAUUSD-H4-a31a6c521f94,SUPPORTED,
SQX-USDJPY-H1-a31fb930de05,SUPPORTED,
SQX-USDJPY-H4-a3240fa08c29,SUPPORTED,
SQX-XAUUSD-H1-a32ac34ee83c,SUPPORTED,
SQX-XAUUSD-H4-a32bdf8c15a2,SUPPORTED,
SQX-XAUUSD-H4-a33173963f59,SUPPORTED,
SQX-USDCHF-H4-a340e02f5083,SUPPORTED,
SQX-XAUUSD-H4-a342fde9db7a,SUPPORTED,
SQX-XAUUSD-H1-a34398ea2ae7,SUPPORTED,
SQX-XAUUSD-H4-a34bc5b90f4e,SUPPORTED,
SQX-EURUSD-H4-a34e3502f342,SUPPORTED,
SQX-EURUSD-H4-a352a9184581,SUPPORTED,
SQX-USDJPY-H4-a36a2b5e5470,SUPPORTED,
SQX-GBPUSD-H1-a37589602a16,SUPPORTED,
SQX-EURUSD-M15-a37c492b94c2,SUPPORTED,
SQX-USDJPY-H4-a386a6063f28,SUPPORTED,
SQX-XAUUSD-H4-a389f5eba5ee,SUPPORTED,
SQX-USDJPY-M15-a3950d12ab7c,SUPPORTED,
SQX-NZDUSD-H4-a39f454ccb8b,SUPPORTED,
SQX-USDCHF-H4-a3a18cab841a,SUPPORTED,
SQX-XAUUSD-H4-a3a2ee85ecce,SUPPORTED,
SQX-USDJPY-H4-a3b8ef2dc17a,SUPPORTED,
SQX-EURUSD-H1-a3c15d55a9bf,SUPPORTED,
SQX-XAUUSD-H4-a3c1cd69a8c7,SUPPORTED,
SQX-XAUUSD-H4-a3c3f00069f5,SUPPORTED,
SQX-USDJPY-H4-a3c408eae8ff,SUPPORTED,
SQX-EURUSD-H1-a3c6d6d8762b,SUPPORTED,
SQX-XAUUSD-H4-a3cb721a7a43,SUPPORTED,
SQX-XAUUSD-H4-a3d50e46aef8,SUPPORTED,
SQX-USDJPY-H1-a3da663ef52c,SUPPORTED,
SQX-XAUUSD-H1-a3daefd61d03,SUPPORTED,
SQX-XAUUSD-H4-a3dbf04c89b2,SUPPORTED,
SQX-GBPUSD-H4-a3dcb225c7e5,SUPPORTED,
SQX-XAUUSD-H4-a3ddc16be9c1,SUPPORTED,
SQX-XAUUSD-H4-a3dfb3899f56,SUPPORTED,
SQX-USDCHF-H4-a3e04d1a14c3,SUPPORTED,
SQX-XAUUSD-H4-a3e73d397268,SUPPORTED,
SQX-XAUUSD-H4-a3eed475ac26,SUPPORTED,
SQX-XAUUSD-H4-a3fe911236b6,SUPPORTED,
SQX-USDJPY-M15-a402599a2779,SUPPORTED,
SQX-GBPUSD-H4-a4026054b639,SUPPORTED,
SQX-XAUUSD-H4-a40530d66f2d,SUPPORTED,
SQX-XAUUSD-H1-a406175af3c9,SUPPORTED,
SQX-XAUUSD-H4-a41acc508a64,SUPPORTED,
SQX-XAUUSD-H1-a41bed12a548,SUPPORTED,
SQX-USDJPY-H4-a4212bfba95e,SUPPORTED,
SQX-USDCHF-H4-a4254d592258,SUPPORTED,
SQX-XAUUSD-H4-a428b3c81d3c,SUPPORTED,
SQX-XAUUSD-H4-a434ede7ef42,SUPPORTED,
SQX-USDJPY-M15-a4412002301e,SUPPORTED,
SQX-XAUUSD-H4-a4440de6ccb5,SUPPORTED,
SQX-EURUSD-H4-a4457e75b895,SUPPORTED,
SQX-XAUUSD-H4-a44b20b2ab2a,SUPPORTED,
SQX-XAUUSD-H4-a4589375662b,SUPPORTED,
SQX-XAUUSD-H4-a45b7f55050c,SUPPORTED,
SQX-USDJPY-H1-a46ea4cbaab2,SUPPORTED,
SQX-XAUUSD-H4-a470adef7206,SUPPORTED,
SQX-GBPUSD-M15-a472fc16a9b9,SUPPORTED,
SQX-USDJPY-H1-a47d6fcee44f,SUPPORTED,
SQX-USDJPY-H4-a4819529981b,SUPPORTED,
SQX-USDJPY-H4-a487ab4790b3,SUPPORTED,
SQX-XAUUSD-H1-a487d66c3779,SUPPORTED,
SQX-XAUUSD-H4-a492a0c607f1,SUPPORTED,
SQX-EURUSD-H1-a497de5c1782,SUPPORTED,
SQX-USDJPY-H1-a4985fa34050,SUPPORTED,
SQX-USDJPY-H1-a49a5b750ce6,SUPPORTED,
SQX-XAUUSD-H1-a4a363956dbd,SUPPORTED,
SQX-XAUUSD-H4-a4a638c3890d,SUPPORTED,
SQX-USDJPY-H1-a4a75b07335e,SUPPORTED,
SQX-USDJPY-H4-a4aee2038ffa,SUPPORTED,
SQX-EURUSD-H4-a4b89fb29a83,SUPPORTED,
SQX-XAUUSD-H4-a4b982da6856,SUPPORTED,
SQX-XAUUSD-H4-a4bbff012266,SUPPORTED,
SQX-XAUUSD-H4-a4bc6cea8895,SUPPORTED,
SQX-XAUUSD-H4-a4ce6262ff5c,SUPPORTED,
SQX-XAUUSD-H4-a4d06353ba51,SUPPORTED,
SQX-USDJPY-H1-a4daf9d783a5,SUPPORTED,
SQX-XAUUSD-H4-a4dd203db490,SUPPORTED,
SQX-USDJPY-H1-a4ddf92e2341,SUPPORTED,
SQX-XAUUSD-H4-a4e147bce6ef,SUPPORTED,
SQX-XAUUSD-H4-a4e789cd6ca0,SUPPORTED,
SQX-USDJPY-H4-a4e922e5d0a7,SUPPORTED,
SQX-XAUUSD-H1-a4ed181c3863,SUPPORTED,
SQX-USDJPY-H4-a4f48913ee33,SUPPORTED,
SQX-USDJPY-H4-a4f786313820,SUPPORTED,
SQX-XAUUSD-H4-a4fb3aec493c,SUPPORTED,
SQX-XAUUSD-H1-a5000d7ff632,SUPPORTED,
SQX-GBPUSD-H1-a5089d979059,SUPPORTED,
SQX-XAUUSD-H4-a50adade66d4,SUPPORTED,
SQX-XAUUSD-H4-a512a2da37a4,SUPPORTED,
SQX-USDJPY-H4-a51fd53ccd7c,SUPPORTED,
SQX-USDJPY-H1-a5241c188c74,SUPPORTED,
SQX-EURUSD-H1-a52de99b2844,SUPPORTED,
SQX-XAUUSD-H4-a532716d281d,SUPPORTED,
SQX-EURUSD-H1-a53501d95e1a,SUPPORTED,
SQX-USDJPY-H1-a5387744bfde,SUPPORTED,
SQX-USDJPY-H4-a53979e0214d,SUPPORTED,
SQX-USDJPY-H4-a53b49188f22,SUPPORTED,
SQX-XAUUSD-H4-a53c06b0093a,SUPPORTED,
SQX-XAUUSD-H4-a53ce0b1327b,SUPPORTED,
SQX-XAUUSD-H4-a5419c13c8c5,SUPPORTED,
SQX-GBPUSD-M15-a541af6d7341,SUPPORTED,
SQX-EURUSD-M15-a54250d65cb9,SUPPORTED,
SQX-XAUUSD-H4-a542d8238513,SUPPORTED,
SQX-XAUUSD-H4-a544a2626c43,SUPPORTED,
SQX-USDJPY-H4-a54694fcdf7b,SUPPORTED,
SQX-NZDUSD-H4-a54b977987a8,SUPPORTED,
SQX-USDJPY-H1-a54c4a02ce15,SUPPORTED,
SQX-XAUUSD-H4-a54e48a905af,SUPPORTED,
SQX-GBPUSD-H1-a556f0e2b796,SUPPORTED,
SQX-EURUSD-H1-a55790d4e8eb,SUPPORTED,
SQX-XAUUSD-H1-a55bf8071446,SUPPORTED,
SQX-EURUSD-H4-a55d60e9b30d,SUPPORTED,
SQX-EURUSD-H4-a56431265ef3,SUPPORTED,
SQX-XAUUSD-H4-a56459989c45,SUPPORTED,
SQX-XAUUSD-H1-a57496382bd6,SUPPORTED,
SQX-EURUSD-H4-a579f9d0c54d,SUPPORTED,
SQX-EURUSD-H1-a57d3d73b955,SUPPORTED,
SQX-XAUUSD-H4-a57e53dd008d,SUPPORTED,
SQX-USDCHF-H4-a5810d99b4ac,SUPPORTED,
SQX-USDJPY-H1-a586fafe8497,SUPPORTED,
SQX-EURUSD-H4-a5898d913206,SUPPORTED,
SQX-XAUUSD-H4-a592e0ef3abb,SUPPORTED,
SQX-USDJPY-H1-a598ee789126,SUPPORTED,
SQX-EURUSD-H1-a5a04246e3f6,SUPPORTED,
SQX-XAUUSD-H1-a5af085fa696,SUPPORTED,
SQX-GBPUSD-H4-a5c1daba7dec,SUPPORTED,
SQX-GBPUSD-H4-a5c2a525b540,SUPPORTED,
SQX-USDJPY-H4-a5cfef4ada0d,SUPPORTED,
SQX-XAUUSD-H4-a5d2d6853de7,SUPPORTED,
SQX-USDJPY-H1-a5d3e68eb151,SUPPORTED,
SQX-XAUUSD-H1-a5d486ce6972,SUPPORTED,
SQX-EURUSD-H4-a5d584be3dc0,SUPPORTED,
SQX-USDJPY-H1-a5dfd8b870e7,SUPPORTED,
SQX-NZDUSD-H4-a5e13e70ac3b,SUPPORTED,
SQX-NZDUSD-H4-a5e35f8ed812,SUPPORTED,
SQX-EURUSD-H4-a5ea0d73f20e,SUPPORTED,
SQX-XAUUSD-H4-a5ef92193852,SUPPORTED,
SQX-XAUUSD-H4-a5f2c1d85884,SUPPORTED,
SQX-EURUSD-H4-a5f40910245e,SUPPORTED,
SQX-XAUUSD-H4-a5f56995e32c,SUPPORTED,
SQX-USDJPY-H4-a5f90df3554c,SUPPORTED,
SQX-USDJPY-H1-a5f92f20dddb,SUPPORTED,
SQX-XAUUSD-H1-a5fb087a58ef,SUPPORTED,
SQX-XAUUSD-H4-a606914caea8,SUPPORTED,
SQX-XAUUSD-H4-a607d071679d,SUPPORTED,
SQX-USDJPY-H4-a60844e64702,SUPPORTED,
SQX-XAUUSD-H4-a616bdb074b1,SUPPORTED,
SQX-XAUUSD-H4-a618649eec4e,SUPPORTED,
SQX-XAUUSD-H1-a61ea5842369,SUPPORTED,
SQX-XAUUSD-M15-a626866801af,SUPPORTED,
SQX-EURUSD-H4-a62b216c4e31,SUPPORTED,
SQX-XAUUSD-H4-a62c9ca6d869,SUPPORTED,
SQX-USDJPY-H1-a635e6c73c52,SUPPORTED,
SQX-XAUUSD-H4-a6391f702dc1,SUPPORTED,
SQX-XAUUSD-H4-a63e064ec821,SUPPORTED,
SQX-EURUSD-H4-a64524405eff,SUPPORTED,
SQX-XAUUSD-H4-a64e61da0ae3,SUPPORTED,
SQX-USDCHF-H4-a65b0b2caee9,SUPPORTED,
SQX-USDJPY-H1-a661aea795eb,SUPPORTED,
SQX-XAUUSD-H4-a6662b82a144,SUPPORTED,
SQX-USDJPY-M15-a66b59549ce8,SUPPORTED,
SQX-USDJPY-H1-a66cc3d96017,SUPPORTED,
SQX-NZDUSD-H4-a66da370c20f,SUPPORTED,
SQX-GBPUSD-H4-a67736ed1131,SUPPORTED,
SQX-EURUSD-H4-a67db293b4ed,SUPPORTED,
SQX-USDJPY-H4-a684671ab513,SUPPORTED,
SQX-USDJPY-H4-a68484f3dec0,SUPPORTED,
SQX-XAUUSD-H4-a68b504b3a9a,SUPPORTED,
SQX-USDJPY-H4-a692c00c7107,SUPPORTED,
SQX-GBPUSD-H4-a694c18eb135,SUPPORTED,
SQX-USDJPY-H1-a69cd96a2d58,SUPPORTED,
SQX-USDJPY-H4-a6a0062dd297,SUPPORTED,
SQX-USDJPY-H4-a6a66078ffef,SUPPORTED,
SQX-USDJPY-H1-a6a6ca8f9d64,SUPPORTED,
SQX-XAUUSD-H4-a6a7a6c12fa4,SUPPORTED,
SQX-XAUUSD-H4-a6a94c54e34c,SUPPORTED,
SQX-USDJPY-H1-a6b1c63d7990,SUPPORTED,
SQX-XAUUSD-H4-a6bdb5776171,SUPPORTED,
SQX-GBPUSD-H4-a6be6cb8461e,SUPPORTED,
SQX-EURUSD-H4-a6bfcb4a97cb,SUPPORTED,
SQX-XAUUSD-H4-a6c05b47f4fe,SUPPORTED,
SQX-USDCAD-H4-a6c4fa4f3ebf,SUPPORTED,
SQX-USDJPY-H4-a6c953e35d49,SUPPORTED,
SQX-XAUUSD-H4-a6cb3f23acce,SUPPORTED,
SQX-XAUUSD-H4-a6ce6cd0485f,SUPPORTED,
SQX-GBPUSD-M15-a6d2de0d2faa,SUPPORTED,
SQX-USDJPY-M15-a6d357ce65fc,SUPPORTED,
SQX-XAUUSD-H4-a6d830eb41d6,SUPPORTED,
SQX-USDJPY-H1-a6dc24147162,SUPPORTED,
SQX-USDJPY-H1-a6e1d833f60b,SUPPORTED,
SQX-USDJPY-H1-a6ea0efcd19e,SUPPORTED,
SQX-EURUSD-M15-a6f70d3489f3,SUPPORTED,
SQX-XAUUSD-H4-a704d641bad1,SUPPORTED,
SQX-USDJPY-H1-a7050dafc819,SUPPORTED,
SQX-USDJPY-H4-a7074e98956c,SUPPORTED,
SQX-XAUUSD-H4-a70b0aa812cd,SUPPORTED,
SQX-USDJPY-H1-a70e75ce29d0,SUPPORTED,
SQX-GBPUSD-H4-a7100f204e91,SUPPORTED,
SQX-EURUSD-H4-a711a2d9dc20,SUPPORTED,
SQX-XAUUSD-H1-a71878ca0d14,SUPPORTED,
SQX-USDCHF-H4-a71b8db5d5b6,SUPPORTED,
SQX-XAUUSD-H4-a7239043d966,SUPPORTED,
SQX-XAUUSD-H4-a7245ca29b2f,SUPPORTED,
SQX-XAUUSD-H4-a731bc9d4d52,SUPPORTED,
SQX-GBPUSD-M15-a744f7afbc35,SUPPORTED,
SQX-USDJPY-H1-a75770a28a64,SUPPORTED,
SQX-USDJPY-H4-a75d1fa84795,SUPPORTED,
SQX-XAUUSD-H4-a75edc0b9b60,SUPPORTED,
SQX-XAUUSD-H4-a762fb16cc23,SUPPORTED,
SQX-GBPUSD-M15-a770896a4595,SUPPORTED,
SQX-XAUUSD-H4-a77b3b6d97e9,SUPPORTED,
SQX-XAUUSD-H4-a77ccb85f113,SUPPORTED,
SQX-USDCHF-H4-a7865e55320e,SUPPORTED,
SQX-XAUUSD-H1-a7882d79a600,SUPPORTED,
SQX-XAUUSD-H4-a78ee70c4e47,SUPPORTED,
SQX-XAUUSD-H4-a78eec33cfcf,SUPPORTED,
SQX-XAUUSD-H1-a7930294a8e0,SUPPORTED,
SQX-USDJPY-H4-a7948b536c97,SUPPORTED,
SQX-XAUUSD-H1-a79670fa1b20,SUPPORTED,
SQX-XAUUSD-H1-a7986ed3952e,SUPPORTED,
SQX-USDJPY-H4-a79a9919d29e,SUPPORTED,
SQX-EURUSD-H1-a7a8a012a8d4,SUPPORTED,
SQX-XAUUSD-H4-a7a94a9bd738,SUPPORTED,
SQX-XAUUSD-H1-a7a9c7fc070b,SUPPORTED,
SQX-USDJPY-H1-a7aae29438c3,SUPPORTED,
SQX-USDJPY-H4-a7b35ef0c8f4,SUPPORTED,
SQX-XAUUSD-H4-a7ba263e3e5b,SUPPORTED,
SQX-XAUUSD-H1-a7befadd15d7,SUPPORTED,
SQX-XAUUSD-H4-a7bf2ba1db9d,SUPPORTED,
SQX-USDJPY-H1-a7bf4c795ca3,SUPPORTED,
SQX-XAUUSD-H4-a7c3706d9442,SUPPORTED,
SQX-XAUUSD-H1-a7cbf884999f,SUPPORTED,
SQX-XAUUSD-H4-a7d0670d0c89,SUPPORTED,
SQX-XAUUSD-H4-a7d452915fc8,SUPPORTED,
SQX-USDJPY-H4-a7d5174bd378,SUPPORTED,
SQX-GBPUSD-M15-a7d5f5ca2dae,SUPPORTED,
SQX-XAUUSD-H4-a7d85c8e7fa5,SUPPORTED,
SQX-XAUUSD-H1-a7db4d676fe9,SUPPORTED,
SQX-USDCHF-H4-a7e9e7e18dc0,SUPPORTED,
SQX-USDJPY-H4-a7eee851413d,SUPPORTED,
SQX-EURUSD-H4-a7f0fc81e350,SUPPORTED,
SQX-XAUUSD-H4-a7f367d3fece,SUPPORTED,
SQX-XAUUSD-H1-a8035301a0db,SUPPORTED,
SQX-XAUUSD-H4-a80616b292e4,SUPPORTED,
SQX-USDJPY-H1-a808517751ae,SUPPORTED,
SQX-XAUUSD-H1-a8142fcb9016,SUPPORTED,
SQX-XAUUSD-H4-a81d549be821,SUPPORTED,
SQX-EURUSD-H4-a81ebce1d477,SUPPORTED,
SQX-XAUUSD-H4-a82905bea366,SUPPORTED,
SQX-USDJPY-H4-a832cbbad00b,SUPPORTED,
SQX-EURUSD-H1-a83aabae04d5,SUPPORTED,
SQX-XAUUSD-H4-a83adc98d60b,SUPPORTED,
SQX-XAUUSD-H4-a840c1f6821b,SUPPORTED,
SQX-GBPUSD-H4-a841451103ed,SUPPORTED,
SQX-XAUUSD-H4-a844031de540,SUPPORTED,
SQX-XAUUSD-H4-a8470c9a1e98,SUPPORTED,
SQX-USDJPY-H4-a84a42f3525b,SUPPORTED,
SQX-XAUUSD-H4-a84a9b0ede2b,SUPPORTED,
SQX-XAUUSD-H4-a84bdb9c32d0,SUPPORTED,
SQX-USDJPY-H4-a8517d017d02,SUPPORTED,
SQX-XAUUSD-H4-a85324827a2d,SUPPORTED,
SQX-USDCHF-H4-a8592377a291,SUPPORTED,
SQX-XAUUSD-H4-a859b87e157e,SUPPORTED,
SQX-XAUUSD-H4-a85a5a1f50d7,SUPPORTED,
SQX-XAUUSD-H4-a85fa23dec98,SUPPORTED,
SQX-XAUUSD-H4-a862d79c513b,SUPPORTED,
SQX-XAUUSD-H4-a86a7acf315f,SUPPORTED,
SQX-XAUUSD-H4-a87028aedf4b,SUPPORTED,
SQX-XAUUSD-H4-a87a31010562,SUPPORTED,
SQX-XAUUSD-H4-a87a432e9413,SUPPORTED,
SQX-XAUUSD-H4-a87a68f5b711,SUPPORTED,
SQX-XAUUSD-H4-a87d4fe2fc45,SUPPORTED,
SQX-XAUUSD-H4-a88415fa36f3,SUPPORTED,
SQX-XAUUSD-H4-a888e2b4db33,SUPPORTED,
SQX-EURUSD-H1-a8921d22a0ae,SUPPORTED,
SQX-EURUSD-H4-a895e3c55a77,SUPPORTED,
SQX-EURUSD-H4-a895faf8224e,SUPPORTED,
SQX-USDJPY-H1-a89fd62ee2da,SUPPORTED,
SQX-EURUSD-H1-a8a83bea5123,SUPPORTED,
SQX-USDJPY-H4-a8b8c9ed461c,SUPPORTED,
SQX-XAUUSD-H4-a8be60370177,SUPPORTED,
SQX-XAUUSD-H4-a8cc9c5f8348,SUPPORTED,
SQX-XAUUSD-H4-a8ce909bf7f6,SUPPORTED,
SQX-USDJPY-H1-a8df0335bf63,SUPPORTED,
SQX-USDCAD-H4-a8f9d725f246,SUPPORTED,
SQX-USDJPY-H4-a8fc9d317af9,SUPPORTED,
SQX-XAUUSD-H4-a8fcc5666ace,SUPPORTED,
SQX-XAUUSD-H4-a90c02fae2b4,SUPPORTED,
SQX-XAUUSD-H4-a91bee0a73c1,SUPPORTED,
SQX-EURUSD-H1-a922ed2a179b,SUPPORTED,
SQX-XAUUSD-H4-a9261bb06a7e,SUPPORTED,
SQX-XAUUSD-H4-a928d48a50a6,SUPPORTED,
SQX-XAUUSD-H1-a9319f85a0b5,SUPPORTED,
SQX-XAUUSD-H4-a932ac11b589,SUPPORTED,
SQX-XAUUSD-H4-a93b78fc16b1,SUPPORTED,
SQX-USDJPY-H4-a9417292e6fe,SUPPORTED,
SQX-XAUUSD-H4-a94628914ea9,SUPPORTED,
SQX-USDCHF-H4-a948067ff365,SUPPORTED,
SQX-XAUUSD-H1-a94aaeec4a7c,SUPPORTED,
SQX-XAUUSD-H4-a94ac51d8216,SUPPORTED,
SQX-XAUUSD-H1-a95237f1d6c7,SUPPORTED,
SQX-XAUUSD-H1-a954970d3d94,SUPPORTED,
SQX-USDCHF-H4-a955c0be46ba,SUPPORTED,
SQX-USDJPY-H4-a95a0087a7c6,SUPPORTED,
SQX-EURUSD-H1-a95adbc35874,SUPPORTED,
SQX-EURUSD-H4-a95c9dd07a0c,SUPPORTED,
SQX-XAUUSD-H4-a95e60294802,SUPPORTED,
SQX-USDCHF-H4-a960a3e2e469,SUPPORTED,
SQX-GBPUSD-H1-a961659881cd,SUPPORTED,
SQX-EURUSD-H1-a964eb2b0622,SUPPORTED,
SQX-USDJPY-H4-a9697a3961ef,SUPPORTED,
SQX-XAUUSD-H1-a96dd53f30ad,SUPPORTED,
SQX-EURUSD-H1-a97b19046db7,SUPPORTED,
SQX-EURUSD-H4-a97b2c68c2a5,SUPPORTED,
SQX-EURUSD-M15-a985f7f3f05c,SUPPORTED,
SQX-XAUUSD-H1-a988a72e510e,SUPPORTED,
SQX-EURUSD-H4-a98a568dfa1f,SUPPORTED,
SQX-XAUUSD-H4-a99010fb20d2,SUPPORTED,
SQX-NZDUSD-H4-a999a350c8b6,SUPPORTED,
SQX-USDJPY-H4-a99dbdbb7324,SUPPORTED,
SQX-GBPUSD-H4-a9a5fadd0762,SUPPORTED,
SQX-XAUUSD-H4-a9a90659559f,SUPPORTED,
SQX-USDJPY-H1-a9a97c8ff64f,SUPPORTED,
SQX-EURUSD-H1-a9aab93fd106,SUPPORTED,
SQX-XAUUSD-H4-a9ab0e52b969,SUPPORTED,
SQX-USDJPY-H1-a9ae91c348ea,SUPPORTED,
SQX-XAUUSD-H4-a9b0eb0f928c,SUPPORTED,
SQX-XAUUSD-H4-a9c5d6217797,SUPPORTED,
SQX-XAUUSD-H4-a9cb5ca3670a,SUPPORTED,
SQX-GBPUSD-H4-a9d7a5074f6e,SUPPORTED,
SQX-XAUUSD-H4-a9ddea0eefb2,SUPPORTED,
SQX-USDJPY-H1-a9e33e2926b7,SUPPORTED,
SQX-XAUUSD-H4-a9e652ceac0f,SUPPORTED,
SQX-XAUUSD-H1-a9f7e1090e31,SUPPORTED,
SQX-EURUSD-H1-aa0c16416bc3,SUPPORTED,
SQX-XAUUSD-H4-aa0c49096940,SUPPORTED,
SQX-XAUUSD-H4-aa0d2f8e9386,SUPPORTED,
SQX-GBPUSD-H4-aa0ec6d4e26e,SUPPORTED,
SQX-XAUUSD-H4-aa11cf06a6b7,SUPPORTED,
SQX-XAUUSD-H4-aa12d2becdf1,SUPPORTED,
SQX-XAUUSD-H4-aa16f24520f2,SUPPORTED,
SQX-XAUUSD-H4-aa294f3d03a0,SUPPORTED,
SQX-XAUUSD-H4-aa317e0374d1,SUPPORTED,
SQX-XAUUSD-H1-aa45b61ea92d,SUPPORTED,
SQX-XAUUSD-H4-aa4676229983,SUPPORTED,
SQX-USDCHF-H4-aa4ae22f2e8d,SUPPORTED,
SQX-XAUUSD-H4-aa4af12d382e,SUPPORTED,
SQX-XAUUSD-H4-aa50c649b054,SUPPORTED,
SQX-USDJPY-H1-aa58bb7e896d,SUPPORTED,
SQX-USDCAD-H4-aa5f7d24bcaa,SUPPORTED,
SQX-EURUSD-H4-aa64aeb2a69a,SUPPORTED,
SQX-USDJPY-H4-aa64cab487a8,SUPPORTED,
SQX-USDJPY-H1-aa6e548e4031,SUPPORTED,
SQX-XAUUSD-H1-aa72eb473eba,SUPPORTED,
SQX-XAUUSD-H4-aa7b17f495e0,SUPPORTED,
SQX-EURUSD-H4-aa7bbe36a09a,SUPPORTED,
SQX-USDCAD-H4-aa7e6a45722f,SUPPORTED,
SQX-USDCAD-H4-aa7f54bffe57,SUPPORTED,
SQX-NZDUSD-H4-aa846bc34aa7,SUPPORTED,
SQX-XAUUSD-H1-aa852b88a888,SUPPORTED,
SQX-USDJPY-H1-aa8a15e60d6c,SUPPORTED,
SQX-XAUUSD-H4-aa8d1c7e7773,SUPPORTED,
SQX-XAUUSD-H4-aa8de1875439,SUPPORTED,
SQX-USDJPY-H1-aa8e228e3d3e,SUPPORTED,
SQX-XAUUSD-H1-aa91a0136697,SUPPORTED,
SQX-USDCHF-H4-aa935c799cae,SUPPORTED,
SQX-XAUUSD-H4-aa96c84c63de,SUPPORTED,
SQX-XAUUSD-H4-aa971e730a66,SUPPORTED,
SQX-EURUSD-H1-aa9af7eb4f41,SUPPORTED,
SQX-XAUUSD-H4-aa9d7c30a02a,SUPPORTED,
SQX-XAUUSD-H4-aaa16ef5b283,SUPPORTED,
SQX-XAUUSD-H4-aaa490338237,SUPPORTED,
SQX-XAUUSD-H4-aab0c95788c1,SUPPORTED,
SQX-USDJPY-H4-aab1ff15b118,SUPPORTED,
SQX-EURUSD-H4-aab2503afde4,SUPPORTED,
SQX-XAUUSD-H4-aab841446559,SUPPORTED,
SQX-XAUUSD-H4-aab8c09564e9,SUPPORTED,
SQX-USDJPY-H4-aabb2bbd80cd,SUPPORTED,
SQX-XAUUSD-H1-aabec415c5bf,SUPPORTED,
SQX-XAUUSD-H1-aac0e88b1bda,SUPPORTED,
SQX-XAUUSD-H1-aadc4eb5e1a6,SUPPORTED,
SQX-XAUUSD-H4-aade0012fab9,SUPPORTED,
SQX-XAUUSD-H1-aade16799999,SUPPORTED,
SQX-XAUUSD-H4-aae0382ebda0,SUPPORTED,
SQX-XAUUSD-H4-aae5bf01b1cd,SUPPORTED,
SQX-XAUUSD-H4-aae5cdb6046f,SUPPORTED,
SQX-XAUUSD-H4-aaf0980989ee,SUPPORTED,
SQX-XAUUSD-H4-aaf41f60629d,SUPPORTED,
SQX-XAUUSD-H4-aaf5efdaca8a,SUPPORTED,
SQX-EURUSD-H4-aaff06885f01,SUPPORTED,
SQX-USDJPY-H4-ab0578c5254a,SUPPORTED,
SQX-XAUUSD-H4-ab058d0ba6fc,SUPPORTED,
SQX-XAUUSD-H1-ab106731d247,SUPPORTED,
SQX-USDJPY-H1-ab1d9736143c,SUPPORTED,
SQX-XAUUSD-H4-ab263661b5a8,SUPPORTED,
SQX-XAUUSD-H1-ab2c5ddcd2c2,SUPPORTED,
SQX-USDJPY-H4-ab3186e8513f,SUPPORTED,
SQX-USDCHF-H4-ab32adc6f6c7,SUPPORTED,
SQX-USDCAD-H4-ab344d6fba1b,SUPPORTED,
SQX-USDJPY-H1-ab4164c9ac41,SUPPORTED,
SQX-USDJPY-H1-ab4729ea5d6a,SUPPORTED,
SQX-USDJPY-M15-ab47fd50e8cb,SUPPORTED,
SQX-XAUUSD-H4-ab4858248f4c,SUPPORTED,
SQX-USDJPY-H1-ab4c17829dbc,SUPPORTED,
SQX-USDCHF-H4-ab4d5bd70b27,SUPPORTED,
SQX-XAUUSD-H4-ab4e94082fc3,SUPPORTED,
SQX-XAUUSD-H4-ab50ee75c96e,SUPPORTED,
SQX-GBPUSD-H4-ab5677da021d,SUPPORTED,
SQX-XAUUSD-H4-ab5ac6257b0e,SUPPORTED,
SQX-XAUUSD-H1-ab5c53e4d16e,SUPPORTED,
SQX-USDJPY-H4-ab5ffcad7bdb,SUPPORTED,
SQX-USDJPY-H1-ab69bf0d4eb8,SUPPORTED,
SQX-XAUUSD-H4-ab6dc69368e0,SUPPORTED,
SQX-USDCHF-H4-ab6f002d0dc8,SUPPORTED,
SQX-EURUSD-H4-ab7d282f97a0,SUPPORTED,
SQX-EURUSD-H1-ab8415f464cf,SUPPORTED,
SQX-XAUUSD-H4-ab8690dae2c4,SUPPORTED,
SQX-USDJPY-H1-ab88e34d7692,SUPPORTED,
SQX-XAUUSD-H4-ab8bcbad9c6b,SUPPORTED,
SQX-XAUUSD-H4-ab8ea643e42b,SUPPORTED,
SQX-USDJPY-H4-ab951a52cade,SUPPORTED,
SQX-EURUSD-H4-ab9b83d699bc,SUPPORTED,
SQX-XAUUSD-H4-aba00e664cf5,SUPPORTED,
SQX-USDJPY-H1-aba6e7a8afaa,SUPPORTED,
SQX-XAUUSD-H1-aba74936e5f7,SUPPORTED,
SQX-XAUUSD-H4-abaa9420af02,SUPPORTED,
SQX-XAUUSD-H4-abb1ce5baf48,SUPPORTED,
SQX-USDJPY-H4-abbc05b11511,SUPPORTED,
SQX-XAUUSD-H4-abc261a1be91,SUPPORTED,
SQX-XAUUSD-H4-abc2a9173489,SUPPORTED,
SQX-GBPUSD-H4-abd419de8047,SUPPORTED,
SQX-XAUUSD-H4-abd790bb8e07,SUPPORTED,
SQX-USDJPY-M15-abd8e6aabe50,SUPPORTED,
SQX-XAUUSD-H4-abe790f1fa80,SUPPORTED,
SQX-USDJPY-H4-abfc6820bae1,SUPPORTED,
SQX-XAUUSD-H4-ac0338ed18b0,SUPPORTED,
SQX-USDJPY-H1-ac03a14aba9c,SUPPORTED,
SQX-XAUUSD-H4-ac11933b6daa,SUPPORTED,
SQX-USDJPY-H4-ac125f4bb256,SUPPORTED,
SQX-USDJPY-H1-ac1b2f6f1238,SUPPORTED,
SQX-USDCHF-H4-ac36dabb1fb1,SUPPORTED,
SQX-XAUUSD-H4-ac3cdd9faed3,SUPPORTED,
SQX-XAUUSD-H4-ac3d52821145,SUPPORTED,
SQX-XAUUSD-H4-ac413d221337,SUPPORTED,
SQX-XAUUSD-H1-ac42e1e964ab,SUPPORTED,
SQX-XAUUSD-H4-ac43d25cfdd3,SUPPORTED,
SQX-XAUUSD-H4-ac47e58bde34,SUPPORTED,
SQX-USDCAD-H4-ac4b753b317a,SUPPORTED,
SQX-GBPUSD-H4-ac4efa4781f6,SUPPORTED,
SQX-GBPUSD-H1-ac52590f93e8,SUPPORTED,
SQX-USDJPY-H1-ac55e2374d5b,SUPPORTED,
SQX-EURUSD-H1-ac5da82211be,SUPPORTED,
SQX-XAUUSD-H1-ac60a481618d,SUPPORTED,
SQX-EURUSD-H1-ac630c7878af,SUPPORTED,
SQX-USDJPY-H4-ac646990826e,SUPPORTED,
SQX-XAUUSD-H4-ac6908a1fc4e,SUPPORTED,
SQX-USDJPY-H4-ac706cf86ea3,SUPPORTED,
SQX-USDCHF-H4-ac79e580a41a,SUPPORTED,
SQX-EURUSD-H1-ac7fe65ebfc2,SUPPORTED,
SQX-EURUSD-H1-ac800cb7b57d,SUPPORTED,
SQX-NZDUSD-H4-ac850c6658d3,SUPPORTED,
SQX-EURUSD-H4-ac93b4c41606,SUPPORTED,
SQX-USDJPY-H4-ac95f20068b9,SUPPORTED,
SQX-XAUUSD-H4-ac978a968efb,SUPPORTED,
SQX-XAUUSD-H4-ac9971ceeccc,SUPPORTED,
SQX-USDJPY-H4-ac9f0122fabf,SUPPORTED,
SQX-NZDUSD-H4-aca28c03c84b,SUPPORTED,
SQX-USDJPY-H1-aca63026f83e,SUPPORTED,
SQX-XAUUSD-H4-acaba076e438,SUPPORTED,
SQX-EURUSD-H4-acabf348f05a,SUPPORTED,
SQX-USDJPY-H1-acb2c46930dc,SUPPORTED,
SQX-XAUUSD-H1-acc1293e9f5a,SUPPORTED,
SQX-XAUUSD-H4-acc71766b42e,SUPPORTED,
SQX-XAUUSD-H4-accc8a0b7134,SUPPORTED,
SQX-EURUSD-H1-acd591c74de6,SUPPORTED,
SQX-GBPUSD-M15-acdc8a4e32c2,SUPPORTED,
SQX-USDJPY-M15-ace1b7a7de18,SUPPORTED,
SQX-USDJPY-H1-ace520349d29,SUPPORTED,
SQX-XAUUSD-H4-ace8ccd802b2,SUPPORTED,
SQX-EURUSD-M15-ace99232e738,SUPPORTED,
SQX-EURUSD-H1-acefa4aa221f,SUPPORTED,
SQX-XAUUSD-H4-acf076773278,SUPPORTED,
SQX-XAUUSD-H4-acfa52011142,SUPPORTED,
SQX-USDJPY-H4-ad09288d8804,SUPPORTED,
SQX-XAUUSD-H4-ad098e871ff8,SUPPORTED,
SQX-USDJPY-H4-ad0db681ed06,SUPPORTED,
SQX-USDJPY-H4-ad13b43ba0d0,SUPPORTED,
SQX-XAUUSD-H4-ad176c93a6e6,SUPPORTED,
SQX-XAUUSD-H4-ad18c0ea790c,SUPPORTED,
SQX-USDJPY-H4-ad1dfd15213e,SUPPORTED,
SQX-EURUSD-H4-ad21bbe954ab,SUPPORTED,
SQX-EURUSD-H1-ad25c6886105,SUPPORTED,
SQX-EURUSD-H4-ad2cea7a06b2,SUPPORTED,
SQX-USDJPY-H1-ad32ae713f25,SUPPORTED,
SQX-EURUSD-H1-ad391518f47f,SUPPORTED,
SQX-XAUUSD-H1-ad3a66cee45d,SUPPORTED,
SQX-EURUSD-H1-ad4f5f44e946,SUPPORTED,
SQX-USDJPY-H1-ad5860ffece3,SUPPORTED,
SQX-USDJPY-H4-ad59bf5e7883,SUPPORTED,
SQX-USDCAD-H4-ad5d93a3ffac,SUPPORTED,
SQX-USDJPY-H1-ad5f8e71d514,SUPPORTED,
SQX-EURUSD-H1-ad6596dab86a,SUPPORTED,
SQX-EURUSD-H1-ad67863d6bed,SUPPORTED,
SQX-XAUUSD-H1-ad67c06fa8f8,SUPPORTED,
SQX-XAUUSD-H4-ad778eba011c,SUPPORTED,
SQX-XAUUSD-H4-ad7a6d8b0a11,SUPPORTED,
SQX-XAUUSD-H4-ad7ab8eba22a,SUPPORTED,
SQX-XAUUSD-H4-ad7bd6c3b4cd,SUPPORTED,
SQX-GBPUSD-M15-ad7fc2bc0146,SUPPORTED,
SQX-USDCHF-H4-ad80281bd900,SUPPORTED,
SQX-USDJPY-H1-ad849bb96bb3,SUPPORTED,
SQX-XAUUSD-H4-ad88b2a24d76,SUPPORTED,
SQX-GBPUSD-H4-ad8bfadc2ed5,SUPPORTED,
SQX-XAUUSD-H4-ad8da6e6eb98,SUPPORTED,
SQX-XAUUSD-H4-ad91d3c41eb6,SUPPORTED,
SQX-EURUSD-H4-ad9b601a11c3,SUPPORTED,
SQX-XAUUSD-H4-ad9bb0304b84,SUPPORTED,
SQX-XAUUSD-H1-ad9c4fd9dc60,SUPPORTED,
SQX-GBPUSD-M15-ad9ca9ad3e1e,SUPPORTED,
SQX-USDJPY-H4-ad9da0ecf80e,SUPPORTED,
SQX-USDJPY-H4-ad9fe39feba7,SUPPORTED,
SQX-XAUUSD-H1-adab5657f332,SUPPORTED,
SQX-XAUUSD-H4-adacc1f6537a,SUPPORTED,
SQX-GBPUSD-H4-adb44d594f73,SUPPORTED,
SQX-XAUUSD-H4-adb90e40c9d0,SUPPORTED,
SQX-USDJPY-H4-adbce8024d38,SUPPORTED,
SQX-USDJPY-H1-adc2d73f6f64,SUPPORTED,
SQX-EURUSD-M15-addcc45a5d1f,SUPPORTED,
SQX-XAUUSD-H4-ade4ff746282,SUPPORTED,
SQX-XAUUSD-H1-ade7fd3ce40b,SUPPORTED,
SQX-XAUUSD-H4-ade80d0beee4,SUPPORTED,
SQX-XAUUSD-H1-adec0d28fe6d,SUPPORTED,
SQX-XAUUSD-H4-ae053284ac5a,SUPPORTED,
SQX-XAUUSD-H4-ae056e713163,SUPPORTED,
SQX-XAUUSD-H1-ae0c754d209c,SUPPORTED,
SQX-USDJPY-H4-ae19d562b6ec,SUPPORTED,
SQX-XAUUSD-H4-ae1b082205f3,SUPPORTED,
SQX-USDCHF-H4-ae1ce4b5384a,SUPPORTED,
SQX-XAUUSD-H1-ae1f737df1c6,SUPPORTED,
SQX-XAUUSD-H4-ae20c7e8f0c8,SUPPORTED,
SQX-EURUSD-H1-ae25e30b1d56,SUPPORTED,
SQX-NZDUSD-H4-ae291660fd0a,SUPPORTED,
SQX-XAUUSD-H1-ae2ad08cbe52,SUPPORTED,
SQX-XAUUSD-H4-ae36041f81c6,SUPPORTED,
SQX-XAUUSD-H4-ae3c7718ccbc,SUPPORTED,
SQX-USDJPY-H1-ae4e9e1a9d0b,SUPPORTED,
SQX-USDCHF-H4-ae537b685413,SUPPORTED,
SQX-XAUUSD-H4-ae56581b54f3,SUPPORTED,
SQX-XAUUSD-H4-ae56fec39742,SUPPORTED,
SQX-XAUUSD-H4-ae5ed8f585ac,SUPPORTED,
SQX-XAUUSD-H1-ae64f0aeeb28,SUPPORTED,
SQX-XAUUSD-H1-ae664e7b3080,SUPPORTED,
SQX-USDCHF-H4-ae6d9aa8ab5c,SUPPORTED,
SQX-XAUUSD-H4-ae6e88591fbd,SUPPORTED,
SQX-XAUUSD-H4-ae6ef7248326,SUPPORTED,
SQX-USDJPY-H4-ae70d68f8f2a,SUPPORTED,
SQX-EURUSD-M15-ae84be5f51c1,SUPPORTED,
SQX-USDJPY-M15-ae8a238b425f,SUPPORTED,
SQX-USDJPY-H1-ae8c5c0ea304,SUPPORTED,
SQX-EURUSD-H4-ae8e12879152,SUPPORTED,
SQX-EURUSD-H4-ae8e499179b7,SUPPORTED,
SQX-XAUUSD-H4-ae94d23afad4,SUPPORTED,
SQX-USDCAD-H4-ae9593b2c60c,SUPPORTED,
SQX-XAUUSD-H1-ae96b84d145b,SUPPORTED,
SQX-XAUUSD-H1-ae98d99e3983,SUPPORTED,
SQX-XAUUSD-H1-ae9c55232c12,SUPPORTED,
SQX-XAUUSD-H4-aeaabad3aa71,SUPPORTED,
SQX-EURUSD-H4-aeb0a64cf83b,SUPPORTED,
SQX-XAUUSD-H4-aec93974caa3,SUPPORTED,
SQX-XAUUSD-H1-aec9fbd6ab3c,SUPPORTED,
SQX-EURUSD-H4-aecad18f0d6f,SUPPORTED,
SQX-EURUSD-H4-aed173f58947,SUPPORTED,
SQX-GBPUSD-H4-aed294a00544,SUPPORTED,
SQX-XAUUSD-H4-aed45cd7f596,SUPPORTED,
SQX-XAUUSD-H4-aed71d9ff744,SUPPORTED,
SQX-USDJPY-H1-aee75755594c,SUPPORTED,
SQX-EURUSD-H4-aef284c68ccb,SUPPORTED,
SQX-GBPUSD-M15-aef34d57d874,SUPPORTED,
SQX-USDJPY-H1-aef3584b5698,SUPPORTED,
SQX-XAUUSD-H4-aefdf4849c2d,SUPPORTED,
SQX-USDJPY-H4-aeff023a4ca9,SUPPORTED,
SQX-USDCHF-H4-af0ae04a4a49,SUPPORTED,
SQX-EURUSD-H4-af176e4aebd8,SUPPORTED,
SQX-EURUSD-M15-af1b5bb8f83f,SUPPORTED,
SQX-XAUUSD-H1-af20d89c88a3,SUPPORTED,
SQX-XAUUSD-H4-af22fbbbbcf8,SUPPORTED,
SQX-XAUUSD-H1-af253a3c330a,SUPPORTED,
SQX-USDCHF-H4-af2e4e88e580,SUPPORTED,
SQX-USDJPY-H4-af39a73346e9,SUPPORTED,
SQX-XAUUSD-H4-af3ffe821fbc,SUPPORTED,
SQX-USDJPY-H1-af482a49de81,SUPPORTED,
SQX-USDCAD-H4-af4bb956ab11,SUPPORTED,
SQX-XAUUSD-H1-af4e2a1f28fb,SUPPORTED,
SQX-XAUUSD-H4-af56b907df81,SUPPORTED,
SQX-USDCHF-H4-af574133954c,SUPPORTED,
SQX-USDCAD-H1-af58cfb08b93,SUPPORTED,
SQX-USDCHF-H4-af5f21269d35,SUPPORTED,
SQX-XAUUSD-H4-af638c229d2d,SUPPORTED,
SQX-GBPUSD-H4-af67a6da91b3,SUPPORTED,
SQX-XAUUSD-H1-af687825e9ac,SUPPORTED,
SQX-USDJPY-H1-af6ca71c99d4,SUPPORTED,
SQX-USDJPY-H4-af6dbc2cfe2b,SUPPORTED,
SQX-XAUUSD-H1-af73704166e5,SUPPORTED,
SQX-EURUSD-H4-af8382dded66,SUPPORTED,
SQX-XAUUSD-H4-af85d87d5a93,SUPPORTED,
SQX-XAUUSD-H4-af91a0fab812,SUPPORTED,
SQX-USDJPY-H1-af9acad06689,SUPPORTED,
SQX-XAUUSD-H4-af9c831e07c7,SUPPORTED,
SQX-USDJPY-H4-afaa65aaf842,SUPPORTED,
SQX-XAUUSD-H1-afae324654f5,SUPPORTED,
SQX-XAUUSD-H1-afb0b7563c34,SUPPORTED,
SQX-XAUUSD-H4-afcb121a9671,SUPPORTED,
SQX-XAUUSD-H1-afcd056f2a41,SUPPORTED,
SQX-USDJPY-H1-afdbcdcf69ce,SUPPORTED,
SQX-EURUSD-H1-afdf10a5120d,SUPPORTED,
SQX-XAUUSD-H4-afe0f6d3bd20,SUPPORTED,
SQX-XAUUSD-H1-afe153a7e439,SUPPORTED,
SQX-XAUUSD-H4-aff56d33d851,SUPPORTED,
SQX-USDJPY-H1-affa105f9a06,SUPPORTED,
SQX-XAUUSD-H4-b00118314a34,SUPPORTED,
SQX-USDJPY-H1-b006344d27c2,SUPPORTED,
SQX-XAUUSD-H4-b0091eb8a1a1,SUPPORTED,
SQX-XAUUSD-H1-b01008091b96,SUPPORTED,
SQX-USDJPY-H4-b01090135db3,SUPPORTED,
SQX-USDJPY-H1-b01167d367d0,SUPPORTED,
SQX-EURUSD-H4-b0117cc74884,SUPPORTED,
SQX-XAUUSD-H4-b01796a14a68,SUPPORTED,
SQX-USDCHF-H4-b0282a9fde7e,SUPPORTED,
SQX-XAUUSD-H4-b0286179978e,SUPPORTED,
SQX-XAUUSD-H4-b02a1fec6c5b,SUPPORTED,
SQX-XAUUSD-H4-b02ba3c9d249,SUPPORTED,
SQX-USDJPY-H1-b03442bda8cf,SUPPORTED,
SQX-EURUSD-H4-b039ba5ce373,SUPPORTED,
SQX-EURUSD-H1-b04855947152,SUPPORTED,
SQX-XAUUSD-H4-b04cb9a039d7,SUPPORTED,
SQX-USDCAD-H4-b051520e291b,SUPPORTED,
SQX-XAUUSD-H4-b052ac9267cb,SUPPORTED,
SQX-XAUUSD-H4-b05cd438174d,SUPPORTED,
SQX-USDJPY-H4-b05df6bd55dd,SUPPORTED,
SQX-XAUUSD-H4-b061ec45cdde,SUPPORTED,
SQX-GBPUSD-H4-b06794d4b35e,SUPPORTED,
SQX-XAUUSD-H4-b06a1f92b2e8,SUPPORTED,
SQX-XAUUSD-M15-b07056e8b4b6,SUPPORTED,
SQX-XAUUSD-H4-b0706b7dd110,SUPPORTED,
SQX-USDJPY-H1-b07110f26cd4,SUPPORTED,
SQX-USDJPY-H1-b07545b08ac9,SUPPORTED,
SQX-XAUUSD-H4-b08c6480411f,SUPPORTED,
SQX-XAUUSD-H1-b08e2b91f9b0,SUPPORTED,
SQX-XAUUSD-H4-b0909ee20cdf,SUPPORTED,
SQX-USDJPY-H1-b0948beae4c4,SUPPORTED,
SQX-USDCHF-H4-b095159cb714,SUPPORTED,
SQX-USDJPY-H4-b0952c19d6d5,SUPPORTED,
SQX-XAUUSD-H4-b096d927302f,SUPPORTED,
SQX-XAUUSD-H1-b09aaa9dfea7,SUPPORTED,
SQX-USDCHF-H4-b09e989894c1,SUPPORTED,
SQX-EURUSD-H1-b0a89dea5f4e,SUPPORTED,
SQX-XAUUSD-H4-b0ad16fea6af,SUPPORTED,
SQX-XAUUSD-H1-b0b2ebe6c1a8,SUPPORTED,
SQX-XAUUSD-H4-b0b30de2f4c7,SUPPORTED,
SQX-XAUUSD-H1-b0b3745f495b,SUPPORTED,
SQX-GBPUSD-H4-b0b49e4baecb,SUPPORTED,
SQX-XAUUSD-H4-b0b8dcb7414f,SUPPORTED,
SQX-XAUUSD-H4-b0c6441d07b9,SUPPORTED,
SQX-USDCHF-H4-b0cb08cbcd05,SUPPORTED,
SQX-EURUSD-H1-b0d08ab310ca,SUPPORTED,
SQX-EURUSD-H4-b0d18d995275,SUPPORTED,
SQX-USDCHF-H4-b0d3a61b929d,SUPPORTED,
SQX-XAUUSD-H4-b0dae795aacb,SUPPORTED,
SQX-USDJPY-H4-b0ded60a621c,SUPPORTED,
SQX-XAUUSD-H4-b0e9a324a470,SUPPORTED,
SQX-USDJPY-H1-b0e9c30959a8,SUPPORTED,
SQX-XAUUSD-H4-b0f3047ed8d9,SUPPORTED,
SQX-EURUSD-H1-b0fd10e03a30,SUPPORTED,
SQX-EURUSD-H4-b103454ea22e,SUPPORTED,
SQX-USDCHF-H4-b107c9e82c52,SUPPORTED,
SQX-USDJPY-H1-b108c7b6c5ab,SUPPORTED,
SQX-EURUSD-H1-b10a171ec0d5,SUPPORTED,
SQX-GBPUSD-H4-b10d3a56b9e1,SUPPORTED,
SQX-XAUUSD-H4-b11934a88298,SUPPORTED,
SQX-XAUUSD-H4-b1216e8ae663,SUPPORTED,
SQX-XAUUSD-H4-b12422738747,SUPPORTED,
SQX-XAUUSD-H4-b126fbdeff6a,SUPPORTED,
SQX-EURUSD-H4-b12d3f02f5f1,SUPPORTED,
SQX-USDJPY-H1-b12e015385db,SUPPORTED,
SQX-XAUUSD-H4-b12fa92b6865,SUPPORTED,
SQX-XAUUSD-H4-b130b28415d3,SUPPORTED,
SQX-XAUUSD-H4-b1312061ba7e,SUPPORTED,
SQX-XAUUSD-H4-b1324a91f3aa,SUPPORTED,
SQX-XAUUSD-H4-b13508fb83ee,SUPPORTED,
SQX-EURUSD-H1-b1367830484c,SUPPORTED,
SQX-XAUUSD-H1-b1379e2a5046,SUPPORTED,
SQX-XAUUSD-H4-b13b5b4917b8,SUPPORTED,
SQX-XAUUSD-H4-b140cbc46273,SUPPORTED,
SQX-USDJPY-H4-b14425f2a5c2,SUPPORTED,
SQX-GBPUSD-H4-b149d2cdb926,SUPPORTED,
SQX-XAUUSD-H4-b14b2d0e9fdf,SUPPORTED,
SQX-XAUUSD-H4-b14b48e53d3b,SUPPORTED,
SQX-XAUUSD-H4-b14de70b2f3b,SUPPORTED,
SQX-USDJPY-H4-b151c494c813,SUPPORTED,
SQX-XAUUSD-H4-b152d33a1907,SUPPORTED,
SQX-XAUUSD-H4-b15e37121008,SUPPORTED,
SQX-XAUUSD-H4-b1681d2b1fc3,SUPPORTED,
SQX-XAUUSD-H4-b1770710bbe9,SUPPORTED,
SQX-USDCHF-H4-b17a4083d216,SUPPORTED,
SQX-XAUUSD-H4-b17caed9abbc,SUPPORTED,
SQX-XAUUSD-H1-b18368e533ac,SUPPORTED,
SQX-EURUSD-H4-b18682cbcf42,SUPPORTED,
SQX-XAUUSD-H4-b18826dbf367,SUPPORTED,
SQX-XAUUSD-H1-b189b4aa4ef0,SUPPORTED,
SQX-GBPUSD-H4-b18ad5669f06,SUPPORTED,
SQX-EURUSD-H1-b1a20f7b7360,SUPPORTED,
SQX-USDJPY-H1-b1a252d4afd5,SUPPORTED,
SQX-XAUUSD-H1-b1a7062d8f9b,SUPPORTED,
SQX-XAUUSD-H4-b1a7b61e8a7d,SUPPORTED,
SQX-USDCAD-H4-b1a956483e0e,SUPPORTED,
SQX-USDJPY-H4-b1aaf154efef,SUPPORTED,
SQX-XAUUSD-H1-b1addcb2bef5,SUPPORTED,
SQX-EURUSD-H1-b1ae692a80dc,SUPPORTED,
SQX-XAUUSD-H4-b1affa494e53,SUPPORTED,
SQX-USDJPY-H1-b1b24da3c45a,SUPPORTED,
SQX-XAUUSD-H4-b1b4e00afcd4,SUPPORTED,
SQX-USDCHF-H4-b1befa08a499,SUPPORTED,
SQX-XAUUSD-H4-b1c79429ba12,SUPPORTED,
SQX-USDJPY-H4-b1cecaf675df,SUPPORTED,
SQX-XAUUSD-H1-b1d07cb29ba0,SUPPORTED,
SQX-EURUSD-H4-b1d48c6c4342,SUPPORTED,
SQX-XAUUSD-H4-b1d4c17159a3,SUPPORTED,
SQX-USDJPY-H4-b1dc65e7721f,SUPPORTED,
SQX-USDJPY-H4-b1dd877003d4,SUPPORTED,
SQX-XAUUSD-H1-b1e0bd3b5f08,SUPPORTED,
SQX-XAUUSD-H4-b1e5414b9e7b,SUPPORTED,
SQX-XAUUSD-H4-b1ead732feda,SUPPORTED,
SQX-USDJPY-H1-b1ebb9e09f6a,SUPPORTED,
SQX-XAUUSD-H4-b1ef9e143ad6,SUPPORTED,
SQX-EURUSD-H1-b1f3c456374e,SUPPORTED,
SQX-USDCHF-H4-b203dbe3ac8c,SUPPORTED,
SQX-XAUUSD-H4-b205ca71b0fa,SUPPORTED,
SQX-XAUUSD-H4-b20a8d1ef677,SUPPORTED,
SQX-EURUSD-H1-b20f49f4f3fb,SUPPORTED,
SQX-USDJPY-H4-b21028267e6a,SUPPORTED,
SQX-XAUUSD-H4-b2109a016b50,SUPPORTED,
SQX-NZDUSD-H4-b212ae0185ac,SUPPORTED,
SQX-GBPUSD-H4-b219780e6fe7,SUPPORTED,
SQX-EURUSD-H1-b21e1a255268,SUPPORTED,
SQX-XAUUSD-H1-b2251840f986,SUPPORTED,
SQX-XAUUSD-H1-b23c663efddc,SUPPORTED,
SQX-USDJPY-H1-b23f255c5227,SUPPORTED,
SQX-USDJPY-H1-b23fefac2b93,SUPPORTED,
SQX-XAUUSD-H4-b240321fc305,SUPPORTED,
SQX-XAUUSD-H1-b24e27ed50f2,SUPPORTED,
SQX-XAUUSD-H4-b25128cede63,SUPPORTED,
SQX-XAUUSD-H4-b2535dc9abb0,SUPPORTED,
SQX-USDJPY-H1-b260fda7e264,SUPPORTED,
SQX-USDJPY-H4-b27127c2896e,SUPPORTED,
SQX-EURUSD-H4-b2713a9e3893,SUPPORTED,
SQX-USDJPY-H4-b27ae53a22cc,SUPPORTED,
SQX-XAUUSD-H4-b27c66e4a675,SUPPORTED,
SQX-EURUSD-H1-b27f87da9e57,SUPPORTED,
SQX-XAUUSD-H1-b28a123781e0,SUPPORTED,
SQX-USDJPY-H4-b28d6c56d7d3,SUPPORTED,
SQX-USDCHF-H4-b2988fcce9e4,SUPPORTED,
SQX-XAUUSD-H4-b29b720407fb,SUPPORTED,
SQX-XAUUSD-H4-b29bd93bce07,SUPPORTED,
SQX-XAUUSD-H4-b2a00a61aab2,SUPPORTED,
SQX-XAUUSD-H1-b2a56f642e3a,SUPPORTED,
SQX-USDCHF-H4-b2a9e80f17ad,SUPPORTED,
SQX-XAUUSD-H4-b2aa005b7070,SUPPORTED,
SQX-NZDUSD-H4-b2ade8ec3548,SUPPORTED,
SQX-XAUUSD-H4-b2afb94fcb0a,SUPPORTED,
SQX-EURUSD-H4-b2c3aea3f014,SUPPORTED,
SQX-XAUUSD-H4-b2d2a67eee2f,SUPPORTED,
SQX-USDJPY-H1-b2d3ff5d7207,SUPPORTED,
SQX-USDJPY-H1-b2d6ed07f285,SUPPORTED,
SQX-USDJPY-H1-b2df2b86fc0f,SUPPORTED,
SQX-XAUUSD-H4-b2e26acd5565,SUPPORTED,
SQX-XAUUSD-H4-b2e909564c6d,SUPPORTED,
SQX-XAUUSD-H4-b2ea2ac1c231,SUPPORTED,
SQX-XAUUSD-H4-b2ebbe9fe699,SUPPORTED,
SQX-XAUUSD-H4-b2f1eacd456d,SUPPORTED,
SQX-GBPUSD-H4-b2fa0713c0f3,SUPPORTED,
SQX-USDJPY-H1-b30f9ab2d9a9,SUPPORTED,
SQX-XAUUSD-H4-b326b7ae24d6,SUPPORTED,
SQX-XAUUSD-H4-b33c332ddb98,SUPPORTED,
SQX-USDJPY-H4-b345f8ef6e64,SUPPORTED,
SQX-EURUSD-M15-b34d7e3b8f87,SUPPORTED,
SQX-XAUUSD-H4-b351201ba4ff,SUPPORTED,
SQX-USDCHF-H4-b354f28b9d86,SUPPORTED,
SQX-EURUSD-H1-b357ee4d1cd0,SUPPORTED,
SQX-XAUUSD-H4-b3581e79b08f,SUPPORTED,
SQX-XAUUSD-H1-b359382e7a2b,SUPPORTED,
SQX-USDJPY-H1-b35a95dcc396,SUPPORTED,
SQX-XAUUSD-H1-b3608540f464,SUPPORTED,
SQX-XAUUSD-H4-b3692562ab06,SUPPORTED,
SQX-EURUSD-M15-b36d81d39901,SUPPORTED,
SQX-XAUUSD-H4-b376e869f152,SUPPORTED,
SQX-XAUUSD-H1-b379ac4c920e,SUPPORTED,
SQX-XAUUSD-H1-b380a6a08bd0,SUPPORTED,
SQX-USDCHF-H4-b380e62e53d0,SUPPORTED,
SQX-XAUUSD-H1-b38476df3bcf,SUPPORTED,
SQX-XAUUSD-H1-b3861cb9ff8c,SUPPORTED,
SQX-GBPUSD-H1-b38acfdd2d3f,SUPPORTED,
SQX-XAUUSD-H1-b3906820114c,SUPPORTED,
SQX-EURUSD-H4-b3998165e267,SUPPORTED,
SQX-XAUUSD-H4-b39b523bf7d0,SUPPORTED,
SQX-XAUUSD-H4-b39cb559fc88,SUPPORTED,
SQX-USDJPY-H1-b3aa6e757217,SUPPORTED,
SQX-USDJPY-H4-b3aac7d4f524,SUPPORTED,
SQX-XAUUSD-H4-b3ae9da1597c,SUPPORTED,
SQX-XAUUSD-H1-b3b075f8ed7a,SUPPORTED,
SQX-XAUUSD-H4-b3b51ebaf680,SUPPORTED,
SQX-GBPUSD-H1-b3b634470fde,SUPPORTED,
SQX-XAUUSD-H4-b3b86a54a777,SUPPORTED,
SQX-USDJPY-H4-b3b9792125f9,SUPPORTED,
SQX-USDJPY-H1-b3bde0e0c75f,SUPPORTED,
SQX-USDJPY-H4-b3c2ae9224df,SUPPORTED,
SQX-XAUUSD-H1-b3cf3f4e4445,SUPPORTED,
SQX-USDJPY-H4-b3db75c10062,SUPPORTED,
SQX-XAUUSD-H4-b3dd9fc3ab75,SUPPORTED,
SQX-NZDUSD-H4-b3e9d70c3d76,SUPPORTED,
SQX-XAUUSD-H4-b3eea82e7543,SUPPORTED,
SQX-XAUUSD-H4-b3f53f77e05e,SUPPORTED,
SQX-USDJPY-H4-b3fb7a0b592e,SUPPORTED,
SQX-EURUSD-H4-b40481c54941,SUPPORTED,
SQX-USDJPY-H4-b40b9f0aff5e,SUPPORTED,
SQX-USDCHF-H4-b40f146adec4,SUPPORTED,
SQX-XAUUSD-H4-b4259e795244,SUPPORTED,
SQX-USDJPY-H4-b42fa9896c26,SUPPORTED,
SQX-EURUSD-H1-b430bf0d3b50,SUPPORTED,
SQX-USDJPY-H1-b43439540914,SUPPORTED,
SQX-XAUUSD-H4-b43fdb9b986f,SUPPORTED,
SQX-XAUUSD-H4-b440fb3d139b,SUPPORTED,
SQX-EURUSD-H4-b4440c5a4a2a,SUPPORTED,
SQX-USDCAD-H1-b44980ef141e,SUPPORTED,
SQX-XAUUSD-H4-b44a71155f8e,SUPPORTED,
SQX-USDJPY-M15-b44bffe1928b,SUPPORTED,
SQX-XAUUSD-H1-b44d2ee12566,SUPPORTED,
SQX-EURUSD-M15-b45e86ce81ef,SUPPORTED,
SQX-GBPUSD-M15-b460478ff676,SUPPORTED,
SQX-EURUSD-H1-b464dda5e52f,SUPPORTED,
SQX-XAUUSD-H4-b46801f58ba0,SUPPORTED,
SQX-NZDUSD-H4-b474107b0acf,SUPPORTED,
SQX-USDJPY-H1-b4751fb7ceb9,SUPPORTED,
SQX-EURUSD-H1-b492ef882a43,SUPPORTED,
SQX-XAUUSD-H4-b4943cde7420,SUPPORTED,
SQX-USDCAD-H1-b497f79a1a4e,SUPPORTED,
SQX-GBPUSD-H4-b4a252da3ff3,SUPPORTED,
SQX-USDCHF-H4-b4a9f3281087,SUPPORTED,
SQX-EURUSD-H1-b4aa536f5a6c,SUPPORTED,
SQX-USDJPY-H1-b4ad48506afb,SUPPORTED,
SQX-GBPUSD-H4-b4b19815b2fb,SUPPORTED,
SQX-XAUUSD-H4-b4c182e308d5,SUPPORTED,
SQX-XAUUSD-H4-b4c45f18e208,SUPPORTED,
SQX-USDJPY-H4-b4cbe3254cb7,SUPPORTED,
SQX-EURUSD-H1-b4cee12f7f18,SUPPORTED,
SQX-USDJPY-H4-b4d0bb4829c3,SUPPORTED,
SQX-USDJPY-H1-b4d4437d8a75,SUPPORTED,
SQX-USDJPY-H4-b4d702fe01f6,SUPPORTED,
SQX-XAUUSD-H4-b4d9c979a543,SUPPORTED,
SQX-USDJPY-H4-b4ddda408985,SUPPORTED,
SQX-XAUUSD-H4-b4e51f48d1b4,SUPPORTED,
SQX-USDJPY-H4-b4e9e29bec8c,SUPPORTED,
SQX-EURUSD-H1-b4f2268d98e1,SUPPORTED,
SQX-XAUUSD-H4-b4f5f44f566d,SUPPORTED,
SQX-USDJPY-H4-b4f838eb6f0f,SUPPORTED,
SQX-XAUUSD-H1-b4f988a162fd,SUPPORTED,
SQX-EURUSD-H4-b50ca459d433,SUPPORTED,
SQX-XAUUSD-H4-b515296411a7,SUPPORTED,
SQX-XAUUSD-H4-b5160f3030ca,SUPPORTED,
SQX-USDJPY-H4-b51648b2de3f,SUPPORTED,
SQX-XAUUSD-H4-b5168918355a,SUPPORTED,
SQX-EURUSD-H4-b5188643dc6f,SUPPORTED,
SQX-XAUUSD-H4-b51d870aef02,SUPPORTED,
SQX-USDJPY-H4-b51ee1e690c4,SUPPORTED,
SQX-XAUUSD-H4-b52254815efc,SUPPORTED,
SQX-USDCHF-H4-b5240170448d,SUPPORTED,
SQX-EURUSD-H4-b52414d2de5b,SUPPORTED,
SQX-XAUUSD-H1-b525f778ad29,SUPPORTED,
SQX-XAUUSD-H1-b526d2c357c7,SUPPORTED,
SQX-USDJPY-H4-b5290692a6da,SUPPORTED,
SQX-EURUSD-H1-b529ab30376e,SUPPORTED,
SQX-EURUSD-H1-b5303f38dcd7,SUPPORTED,
SQX-XAUUSD-H4-b5376db0ee5e,SUPPORTED,
SQX-XAUUSD-H4-b5383a2fd729,SUPPORTED,
SQX-XAUUSD-H4-b5396ab04566,SUPPORTED,
SQX-XAUUSD-H4-b539a87e3e54,SUPPORTED,
SQX-XAUUSD-H4-b53d31e5319a,SUPPORTED,
SQX-XAUUSD-H4-b542a17892ec,SUPPORTED,
SQX-USDCHF-H4-b545afd7ae74,SUPPORTED,
SQX-XAUUSD-H4-b548b74e6959,SUPPORTED,
SQX-XAUUSD-H4-b54f262bc251,SUPPORTED,
SQX-XAUUSD-H4-b554040cd9b3,SUPPORTED,
SQX-USDJPY-H4-b55836438ffb,SUPPORTED,
SQX-USDJPY-H4-b55f8461a4af,SUPPORTED,
SQX-XAUUSD-H4-b560a3b9863e,SUPPORTED,
SQX-XAUUSD-H4-b561b578758a,SUPPORTED,
SQX-EURUSD-H4-b5691c686d91,SUPPORTED,
SQX-XAUUSD-H4-b56df45c0e05,SUPPORTED,
SQX-EURUSD-H4-b56f91265c4a,SUPPORTED,
SQX-XAUUSD-H4-b578489431c5,SUPPORTED,
SQX-XAUUSD-H4-b57a7ce0b8b0,SUPPORTED,
SQX-USDJPY-H4-b57f485943e8,SUPPORTED,
SQX-EURUSD-H1-b589cae5815b,SUPPORTED,
SQX-XAUUSD-H1-b58a01743c97,SUPPORTED,
SQX-XAUUSD-H4-b58d34a71856,SUPPORTED,
SQX-XAUUSD-H4-b58da6bc7c89,SUPPORTED,
SQX-XAUUSD-H4-b58f3d3b8c46,SUPPORTED,
SQX-USDJPY-H4-b59a7cd2f756,SUPPORTED,
SQX-USDJPY-H4-b59b3fb6a3cc,SUPPORTED,
SQX-XAUUSD-H4-b59bf4bc6819,SUPPORTED,
SQX-XAUUSD-H1-b5a2fa9a44eb,SUPPORTED,
SQX-EURUSD-H4-b5a9af4a96ad,SUPPORTED,
SQX-XAUUSD-H4-b5aa35f84af6,SUPPORTED,
SQX-NZDUSD-H4-b5b4c37f289f,SUPPORTED,
SQX-EURUSD-H1-b5b70f9f761d,SUPPORTED,
SQX-XAUUSD-H4-b5baeafa3ad4,SUPPORTED,
SQX-XAUUSD-H1-b5bcdb667840,SUPPORTED,
SQX-USDJPY-H1-b5bef2573fb3,SUPPORTED,
SQX-XAUUSD-H1-b5c122937e55,SUPPORTED,
SQX-USDJPY-H1-b5c4c3a7583e,SUPPORTED,
SQX-XAUUSD-H4-b5cb092a01b9,SUPPORTED,
SQX-EURUSD-H4-b5cbd84a5c35,SUPPORTED,
SQX-USDJPY-H4-b5d15627fe31,SUPPORTED,
SQX-USDCHF-H4-b5d9a14d8060,SUPPORTED,
SQX-XAUUSD-H1-b5da79db1aae,SUPPORTED,
SQX-EURUSD-H1-b5dda05df98a,SUPPORTED,
SQX-USDJPY-H4-b5e43cae1b20,SUPPORTED,
SQX-USDJPY-H4-b5e49e940b2d,SUPPORTED,
SQX-XAUUSD-H1-b5eb90a09d12,SUPPORTED,
SQX-XAUUSD-H4-b5eb9b19b13a,SUPPORTED,
SQX-XAUUSD-H4-b5fa632eaf04,SUPPORTED,
SQX-XAUUSD-H1-b5fdcd84c73f,SUPPORTED,
SQX-XAUUSD-H4-b605e6f97ee7,SUPPORTED,
SQX-EURUSD-H1-b609e146a880,SUPPORTED,
SQX-XAUUSD-H4-b60b6d265279,SUPPORTED,
SQX-USDJPY-H4-b60c302ea296,SUPPORTED,
SQX-XAUUSD-H4-b6114c18ea57,SUPPORTED,
SQX-USDJPY-H1-b61345dc2193,SUPPORTED,
SQX-GBPUSD-M15-b6201884666c,SUPPORTED,
SQX-EURUSD-H1-b62496b85be6,SUPPORTED,
SQX-GBPUSD-H4-b62598772ca0,SUPPORTED,
SQX-GBPUSD-H4-b629e5861825,SUPPORTED,
SQX-XAUUSD-H1-b63a2535ace5,SUPPORTED,
SQX-XAUUSD-H4-b63cc44d3fa6,SUPPORTED,
SQX-USDJPY-H1-b651c1e279cc,SUPPORTED,
SQX-USDCAD-H1-b65401c86263,SUPPORTED,
SQX-EURUSD-H4-b65cf183d7e5,SUPPORTED,
SQX-XAUUSD-H4-b664648a40ae,SUPPORTED,
SQX-USDJPY-H4-b66698d6e818,SUPPORTED,
SQX-USDJPY-H4-b6683b75912d,SUPPORTED,
SQX-EURUSD-H1-b66a6a29f104,SUPPORTED,
SQX-XAUUSD-H4-b66af4f5a4e9,SUPPORTED,
SQX-XAUUSD-H4-b6705fbd60be,SUPPORTED,
SQX-USDJPY-H4-b677eea6dc86,SUPPORTED,
SQX-USDJPY-H4-b678f849c9e5,SUPPORTED,
SQX-USDJPY-H1-b681aae46a21,SUPPORTED,
SQX-XAUUSD-H4-b68536a1f902,SUPPORTED,
SQX-USDCAD-H1-b686e102d9a7,SUPPORTED,
SQX-GBPUSD-M15-b68df5bbe537,SUPPORTED,
SQX-XAUUSD-H4-b69180e479d4,SUPPORTED,
SQX-XAUUSD-H4-b697d18ae66b,SUPPORTED,
SQX-USDJPY-H4-b69a69acd5cb,SUPPORTED,
SQX-USDJPY-H4-b69d8f3c2d3d,SUPPORTED,
SQX-XAUUSD-H4-b69d9f470747,SUPPORTED,
SQX-USDJPY-H4-b6a2938c7dff,SUPPORTED,
SQX-XAUUSD-H4-b6a4f30fb1b2,SUPPORTED,
SQX-XAUUSD-H4-b6ad07cf3d41,SUPPORTED,
SQX-XAUUSD-H4-b6b33d6714d4,SUPPORTED,
SQX-EURUSD-M15-b6b5aa9ea460,SUPPORTED,
SQX-XAUUSD-H4-b6bf19cca36e,SUPPORTED,
SQX-EURUSD-H4-b6c0ab215871,SUPPORTED,
SQX-XAUUSD-H4-b6cd9caae0c6,SUPPORTED,
SQX-XAUUSD-H4-b6d82a167c68,SUPPORTED,
SQX-XAUUSD-H4-b6e85fd2c5d9,SUPPORTED,
SQX-USDJPY-H1-b6e9594b2eeb,SUPPORTED,
SQX-GBPUSD-H4-b6f62ceae948,SUPPORTED,
SQX-USDJPY-H4-b6fa437120b8,SUPPORTED,
SQX-XAUUSD-H1-b6fb510d781d,SUPPORTED,
SQX-XAUUSD-H1-b700183bcb03,SUPPORTED,
SQX-XAUUSD-H1-b708aa22bb71,SUPPORTED,
SQX-XAUUSD-H4-b7102338db81,SUPPORTED,
SQX-XAUUSD-H4-b7106e23366d,SUPPORTED,
SQX-EURUSD-H1-b712445edfcb,SUPPORTED,
SQX-XAUUSD-H4-b7135dc2bc78,SUPPORTED,
SQX-USDJPY-H1-b71a8c8ae30f,SUPPORTED,
SQX-XAUUSD-H4-b71efd1c33a1,SUPPORTED,
SQX-XAUUSD-H4-b721a89e4861,SUPPORTED,
SQX-EURUSD-H4-b7263099c092,SUPPORTED,
SQX-XAUUSD-H4-b73d8f761464,SUPPORTED,
SQX-XAUUSD-H4-b7420c6ea50f,SUPPORTED,
SQX-EURUSD-H1-b75063efbad1,SUPPORTED,
SQX-USDJPY-H4-b752972d3b5d,SUPPORTED,
SQX-XAUUSD-H4-b758ec2827f3,SUPPORTED,
SQX-XAUUSD-H4-b75cc16a4631,SUPPORTED,
SQX-XAUUSD-H4-b75d3c491033,SUPPORTED,
SQX-USDJPY-H4-b7646941fb23,SUPPORTED,
SQX-EURUSD-H1-b767bbecaca3,SUPPORTED,
SQX-XAUUSD-H1-b78a9fa9381f,SUPPORTED,
SQX-USDJPY-H4-b78db713ace4,SUPPORTED,
SQX-EURUSD-H1-b79071682e13,SUPPORTED,
SQX-XAUUSD-H1-b79350e2c92e,SUPPORTED,
SQX-XAUUSD-H4-b79577411603,SUPPORTED,
SQX-XAUUSD-H1-b79ae65442b6,SUPPORTED,
SQX-USDCAD-H1-b79c0dbb0d3b,SUPPORTED,
SQX-USDCHF-H4-b79f2fb9c00d,SUPPORTED,
SQX-EURUSD-H4-b7a27da5659a,SUPPORTED,
SQX-XAUUSD-H4-b7a5c26aa59b,SUPPORTED,
SQX-USDJPY-H4-b7a6a10296e6,SUPPORTED,
SQX-USDJPY-H4-b7a8b02d564c,SUPPORTED,
SQX-XAUUSD-M15-b7abb4dba931,SUPPORTED,
SQX-USDJPY-H1-b7acbde114b0,SUPPORTED,
SQX-EURUSD-H4-b7ae9bf2ee6a,SUPPORTED,
SQX-EURUSD-H1-b7b20ae19fd5,SUPPORTED,
SQX-XAUUSD-H1-b7c73ac2506e,SUPPORTED,
SQX-XAUUSD-H4-b7c9a15afcc7,SUPPORTED,
SQX-EURUSD-H4-b7c9cd501c19,SUPPORTED,
SQX-XAUUSD-H4-b7cabd1ef19d,SUPPORTED,
SQX-XAUUSD-H1-b7d07868ca90,SUPPORTED,
SQX-GBPUSD-H4-b7d1de552f51,SUPPORTED,
SQX-XAUUSD-H4-b7d86742dc25,SUPPORTED,
SQX-XAUUSD-H4-b7e037f509bc,SUPPORTED,
SQX-USDJPY-H4-b7e15a72ce54,SUPPORTED,
SQX-XAUUSD-H4-b7e3ccc4d885,SUPPORTED,
SQX-XAUUSD-H1-b7e49c673fb7,SUPPORTED,
SQX-XAUUSD-H4-b7e7b13334f9,SUPPORTED,
SQX-XAUUSD-H4-b7e842886b62,SUPPORTED,
SQX-USDCAD-H4-b8002d76daa2,SUPPORTED,
SQX-EURUSD-H1-b802bca59fa3,SUPPORTED,
SQX-EURUSD-H1-b80474d179a8,SUPPORTED,
SQX-XAUUSD-H4-b80651b84983,SUPPORTED,
SQX-XAUUSD-H1-b808da12473f,SUPPORTED,
SQX-XAUUSD-H4-b8130349c632,SUPPORTED,
SQX-EURUSD-H1-b820f5620a81,SUPPORTED,
SQX-USDJPY-H1-b822c0f9f170,SUPPORTED,
SQX-GBPUSD-H1-b82f6c8e7c2f,SUPPORTED,
SQX-XAUUSD-H4-b831db6705a6,SUPPORTED,
SQX-GBPUSD-H1-b84166bdee23,SUPPORTED,
SQX-XAUUSD-H4-b847e29c9035,SUPPORTED,
SQX-USDJPY-H4-b8495036b5ba,SUPPORTED,
SQX-XAUUSD-H4-b84cea866324,SUPPORTED,
SQX-XAUUSD-H4-b84d7ae573da,SUPPORTED,
SQX-XAUUSD-H4-b84edfcbea78,SUPPORTED,
SQX-XAUUSD-H1-b8600c761a94,SUPPORTED,
SQX-EURUSD-H4-b8690b79d130,SUPPORTED,
SQX-GBPUSD-H4-b86a134e87b8,SUPPORTED,
SQX-USDCHF-H4-b86a877d51dc,SUPPORTED,
SQX-EURUSD-H1-b86b4656bff5,SUPPORTED,
SQX-USDJPY-H4-b875d8d236e8,SUPPORTED,
SQX-XAUUSD-H4-b87fc7703250,SUPPORTED,
SQX-XAUUSD-H4-b884decdab63,SUPPORTED,
SQX-USDJPY-H4-b8878509d84d,SUPPORTED,
SQX-GBPUSD-H4-b88ab082665a,SUPPORTED,
SQX-USDJPY-H4-b88f76b20164,SUPPORTED,
SQX-XAUUSD-H1-b897e664e082,SUPPORTED,
SQX-XAUUSD-H4-b8980b268a65,SUPPORTED,
SQX-XAUUSD-H4-b899fc424e8b,SUPPORTED,
SQX-USDJPY-H4-b8a0a5540775,SUPPORTED,
SQX-XAUUSD-H4-b8b294f0dee7,SUPPORTED,
SQX-EURUSD-H1-b8c16181c43d,SUPPORTED,
SQX-XAUUSD-H4-b8c4d784b814,SUPPORTED,
SQX-XAUUSD-H4-b8cd1695ace8,SUPPORTED,
SQX-XAUUSD-H4-b8cf095b19b8,SUPPORTED,
SQX-XAUUSD-H4-b8d8bfbfa3d4,SUPPORTED,
SQX-USDCAD-H4-b8dc184400d1,SUPPORTED,
SQX-XAUUSD-H4-b8deb515be23,SUPPORTED,
SQX-USDJPY-H4-b8e756e471e2,SUPPORTED,
SQX-EURUSD-H1-b8e92f02bf1e,SUPPORTED,
SQX-EURUSD-H1-b8f8f8f3ce3b,SUPPORTED,
SQX-EURUSD-H4-b8ff42740f2c,SUPPORTED,
SQX-USDCHF-H4-b90350acec55,SUPPORTED,
SQX-USDJPY-H1-b904d97b80c3,SUPPORTED,
SQX-XAUUSD-H4-b904db7ebf9f,SUPPORTED,
SQX-EURUSD-H1-b9055017440c,SUPPORTED,
SQX-USDJPY-H4-b906266440e7,SUPPORTED,
SQX-USDJPY-H4-b90c98f2502c,SUPPORTED,
SQX-USDJPY-H4-b9110b27849a,SUPPORTED,
SQX-EURUSD-H1-b9139bca06c0,SUPPORTED,
SQX-USDCHF-H4-b91534d8edfe,SUPPORTED,
SQX-USDJPY-H1-b91b9e35d600,SUPPORTED,
SQX-XAUUSD-H4-b91cbd128329,SUPPORTED,
SQX-XAUUSD-H4-b920dfe67684,SUPPORTED,
SQX-EURUSD-H4-b92afbc7bb8b,SUPPORTED,
SQX-XAUUSD-H4-b93fb28f3dd3,SUPPORTED,
SQX-USDJPY-M15-b93fc3aed07f,SUPPORTED,
SQX-NZDUSD-H4-b9434b4552c6,SUPPORTED,
SQX-XAUUSD-H4-b948a2124c30,SUPPORTED,
SQX-XAUUSD-H4-b948e15117bf,SUPPORTED,
SQX-XAUUSD-H1-b94c7a42ab7b,SUPPORTED,
SQX-XAUUSD-H4-b955bdb9ac91,SUPPORTED,
SQX-XAUUSD-H1-b95a43fb29cc,SUPPORTED,
SQX-XAUUSD-H1-b95cb635c367,SUPPORTED,
SQX-EURUSD-H1-b95dd97f5407,SUPPORTED,
SQX-EURUSD-H1-b964cf5ed95e,SUPPORTED,
SQX-XAUUSD-H1-b96a41530a6f,SUPPORTED,
SQX-USDJPY-H4-b96ecbf40f37,SUPPORTED,
SQX-XAUUSD-H1-b96edcd541a5,SUPPORTED,
SQX-XAUUSD-H4-b9738fd4e293,SUPPORTED,
SQX-USDJPY-H1-b976a7d59117,SUPPORTED,
SQX-XAUUSD-H4-b9899636b779,SUPPORTED,
SQX-EURUSD-H4-b99634e097f1,SUPPORTED,
SQX-XAUUSD-H1-b998df5d54b6,SUPPORTED,
SQX-EURUSD-H1-b9a28b1576e1,SUPPORTED,
SQX-USDCHF-H4-b9a4a073290a,SUPPORTED,
SQX-XAUUSD-H4-b9a522e870fe,SUPPORTED,
SQX-XAUUSD-H4-b9ae1a7f9ab5,SUPPORTED,
SQX-EURUSD-H1-b9afd3814342,SUPPORTED,
SQX-GBPUSD-H1-b9b01ae4ba11,SUPPORTED,
SQX-USDJPY-H4-b9b1ed7e19d2,SUPPORTED,
SQX-EURUSD-H1-b9b354ebd1e9,SUPPORTED,
SQX-XAUUSD-H4-b9b425501aa3,SUPPORTED,
SQX-XAUUSD-H4-b9b5561bf4c9,SUPPORTED,
SQX-USDJPY-H4-b9b6bdaca1e9,SUPPORTED,
SQX-XAUUSD-H4-b9b705bf259c,SUPPORTED,
SQX-XAUUSD-H4-b9b93c989e25,SUPPORTED,
SQX-EURUSD-H4-b9bbbeb5f86b,SUPPORTED,
SQX-USDJPY-H4-b9becb30002c,SUPPORTED,
SQX-EURUSD-H1-b9c0602a17ea,SUPPORTED,
SQX-XAUUSD-H1-b9c44808bef8,SUPPORTED,
SQX-XAUUSD-H1-b9cb20bba0b8,SUPPORTED,
SQX-XAUUSD-H4-b9d30133df0d,SUPPORTED,
SQX-USDJPY-H4-b9dad2432575,SUPPORTED,
SQX-XAUUSD-H1-b9dd2a118da5,SUPPORTED,
SQX-EURUSD-H4-b9de0652825a,SUPPORTED,
SQX-XAUUSD-H4-b9de38feec72,SUPPORTED,
SQX-EURUSD-H4-b9e34cbc79e6,SUPPORTED,
SQX-XAUUSD-H4-b9ef9c5425d3,SUPPORTED,
SQX-USDJPY-H4-b9fae71f02f2,SUPPORTED,
SQX-GBPUSD-H4-b9fc725b6653,SUPPORTED,
SQX-XAUUSD-H4-b9fdb94817a0,SUPPORTED,
SQX-XAUUSD-H1-ba016eafe646,SUPPORTED,
SQX-XAUUSD-H4-ba0bb09d7183,SUPPORTED,
SQX-XAUUSD-H4-ba0fddfa8ddf,SUPPORTED,
SQX-EURUSD-H4-ba213af1d86b,SUPPORTED,
SQX-USDJPY-H4-ba21b8e97258,SUPPORTED,
SQX-XAUUSD-H4-ba25c788c4c7,SUPPORTED,
SQX-EURUSD-H4-ba289ec85401,SUPPORTED,
SQX-XAUUSD-H4-ba29a8f95757,SUPPORTED,
SQX-EURUSD-H1-ba324af786f2,SUPPORTED,
SQX-GBPUSD-H4-ba32da4dbbca,SUPPORTED,
SQX-XAUUSD-H4-ba35706b3a7a,SUPPORTED,
SQX-USDCHF-H4-ba364af684a5,SUPPORTED,
SQX-USDJPY-H4-ba36a72a4d0b,SUPPORTED,
SQX-XAUUSD-H4-ba40648ced41,SUPPORTED,
SQX-USDJPY-H4-ba40ffd56f43,SUPPORTED,
SQX-GBPUSD-H4-ba46a33760af,SUPPORTED,
SQX-XAUUSD-H4-ba47de1cf6c6,SUPPORTED,
SQX-XAUUSD-H4-ba49fa6ddf52,SUPPORTED,
SQX-XAUUSD-H4-ba51c8316997,SUPPORTED,
SQX-XAUUSD-H4-ba523d8de63b,SUPPORTED,
SQX-XAUUSD-H4-ba611a22ad90,SUPPORTED,
SQX-USDCHF-H4-ba63592b18dd,SUPPORTED,
SQX-XAUUSD-H4-ba660a917c5c,SUPPORTED,
SQX-USDJPY-H4-ba6a496bad4e,SUPPORTED,
SQX-XAUUSD-H1-ba6b53d9c6c0,SUPPORTED,
SQX-EURUSD-H1-ba706de80905,SUPPORTED,
SQX-EURUSD-H1-ba72e2acc449,SUPPORTED,
SQX-USDCHF-H4-ba759d878dc3,SUPPORTED,
SQX-EURUSD-H4-ba7a06b1fe0e,SUPPORTED,
SQX-USDJPY-H4-ba7b14a65cbb,SUPPORTED,
SQX-EURUSD-H4-ba8aabdb7081,SUPPORTED,
SQX-XAUUSD-H4-ba8c7f00d5b9,SUPPORTED,
SQX-XAUUSD-H4-ba9dd5970858,SUPPORTED,
SQX-XAUUSD-H4-baa54777a317,SUPPORTED,
SQX-USDJPY-H1-baa6844b7616,SUPPORTED,
SQX-XAUUSD-H4-baaa95126582,SUPPORTED,
SQX-USDJPY-H1-baac7304c464,SUPPORTED,
SQX-GBPUSD-H4-bab0f5c9e1fe,SUPPORTED,
SQX-XAUUSD-H1-bab3b5fc21be,SUPPORTED,
SQX-USDJPY-H4-bab573aacdaf,SUPPORTED,
SQX-XAUUSD-H4-baba628b7339,SUPPORTED,
SQX-GBPUSD-H1-babc0258b69b,SUPPORTED,
SQX-USDCAD-H4-bac4db35d403,SUPPORTED,
SQX-XAUUSD-H4-bac7b44afc58,SUPPORTED,
SQX-USDJPY-H4-bac9726bd560,SUPPORTED,
SQX-USDJPY-H4-bac9863cdbc3,SUPPORTED,
SQX-XAUUSD-H4-bacce3618afe,SUPPORTED,
SQX-EURUSD-H1-bacda6508e28,SUPPORTED,
SQX-USDJPY-H1-bad2f9d7df06,SUPPORTED,
SQX-XAUUSD-H4-bad46d182eba,SUPPORTED,
SQX-XAUUSD-H4-bad641a07d0d,SUPPORTED,
SQX-XAUUSD-H4-badb7ba97d68,SUPPORTED,
SQX-XAUUSD-H4-baeaa8101143,SUPPORTED,
SQX-USDCHF-H4-baebebfa7b06,SUPPORTED,
SQX-USDJPY-H4-baef8a387459,SUPPORTED,
SQX-XAUUSD-H4-baf548d1c5ea,SUPPORTED,
SQX-XAUUSD-H1-bb002c152acf,SUPPORTED,
SQX-XAUUSD-H4-bb00b0a49b90,SUPPORTED,
SQX-XAUUSD-H1-bb0358026357,SUPPORTED,
SQX-EURUSD-H1-bb0d20a7c141,SUPPORTED,
SQX-XAUUSD-H1-bb180ecc0286,SUPPORTED,
SQX-EURUSD-M15-bb18920116a3,SUPPORTED,
SQX-USDCHF-H4-bb19dce403f8,SUPPORTED,
SQX-XAUUSD-H1-bb1a37d619ec,SUPPORTED,
SQX-XAUUSD-H4-bb22ebafce69,SUPPORTED,
SQX-USDJPY-H4-bb2d54dbbd6f,SUPPORTED,
SQX-USDJPY-H1-bb318cb1d3ad,SUPPORTED,
SQX-XAUUSD-H4-bb33aa1fd2b6,SUPPORTED,
SQX-EURUSD-H4-bb36580abd54,SUPPORTED,
SQX-XAUUSD-H4-bb405cdfe29d,SUPPORTED,
SQX-XAUUSD-H1-bb412fe4899a,SUPPORTED,
SQX-USDJPY-H1-bb43bef6b786,SUPPORTED,
SQX-XAUUSD-H4-bb47a9ea8f66,SUPPORTED,
SQX-GBPUSD-H4-bb53306ab4c5,SUPPORTED,
SQX-USDJPY-H4-bb575a058aaf,SUPPORTED,
SQX-USDJPY-H1-bb58f4c78611,SUPPORTED,
SQX-USDJPY-H4-bb5d7aa4ceec,SUPPORTED,
SQX-USDJPY-H4-bb5f3bc48f6b,SUPPORTED,
SQX-EURUSD-M15-bb5fce664a97,SUPPORTED,
SQX-XAUUSD-H4-bb6463a3aeb8,SUPPORTED,
SQX-USDJPY-H4-bb6e1e23b278,SUPPORTED,
SQX-XAUUSD-H4-bb70843f0575,SUPPORTED,
SQX-USDJPY-H1-bb74516f21a6,SUPPORTED,
SQX-USDJPY-H4-bb76c8a72c73,SUPPORTED,
SQX-XAUUSD-H4-bb7e57c18673,SUPPORTED,
SQX-XAUUSD-H4-bb80c2c7378f,SUPPORTED,
SQX-XAUUSD-H4-bb81702e7334,SUPPORTED,
SQX-XAUUSD-H4-bb8a1839ded0,SUPPORTED,
SQX-USDJPY-H1-bb8f459bbc05,SUPPORTED,
SQX-XAUUSD-H1-bb94c3846fe3,SUPPORTED,
SQX-GBPUSD-M15-bb96b7956aaa,SUPPORTED,
SQX-XAUUSD-H4-bb9d80674863,SUPPORTED,
SQX-XAUUSD-H4-bba0c44bb8b4,SUPPORTED,
SQX-USDJPY-H1-bba270c0ac10,SUPPORTED,
SQX-USDJPY-M15-bba2dfdc65cf,SUPPORTED,
SQX-XAUUSD-H4-bbb3cdb2ea8f,SUPPORTED,
SQX-XAUUSD-H4-bbb4ab0d1bf5,SUPPORTED,
SQX-GBPUSD-H4-bbbd3af41a2d,SUPPORTED,
SQX-GBPUSD-H1-bbc0bc6066a0,SUPPORTED,
SQX-USDJPY-M15-bbc1050c278c,SUPPORTED,
SQX-XAUUSD-H4-bbc19fcfc43f,SUPPORTED,
SQX-USDJPY-H4-bbc8efe30273,SUPPORTED,
SQX-USDJPY-H4-bbc8f29123bc,SUPPORTED,
SQX-USDJPY-H1-bbcb512f7269,SUPPORTED,
SQX-EURUSD-H1-bbccf1a39b17,SUPPORTED,
SQX-XAUUSD-H4-bbde852e2fd0,SUPPORTED,
SQX-EURUSD-H4-bbe7e0165ffb,SUPPORTED,
SQX-XAUUSD-H4-bbeafd7965a9,SUPPORTED,
SQX-GBPUSD-H1-bbee9f0c4df9,SUPPORTED,
SQX-XAUUSD-H4-bbef5ca4598a,SUPPORTED,
SQX-USDCHF-H4-bbf5ea3e03ad,SUPPORTED,
SQX-XAUUSD-H1-bbfc10669ed2,SUPPORTED,
SQX-EURUSD-H1-bc044225e47b,SUPPORTED,
SQX-XAUUSD-H4-bc0a41a9940a,SUPPORTED,
SQX-USDJPY-H4-bc0a7bd9db98,SUPPORTED,
SQX-XAUUSD-H4-bc0d86b4c05e,SUPPORTED,
SQX-XAUUSD-H1-bc18a3356f63,SUPPORTED,
SQX-XAUUSD-H1-bc18e3b48f65,SUPPORTED,
SQX-XAUUSD-H4-bc1e30f0bd5c,SUPPORTED,
SQX-XAUUSD-H4-bc22d7876de1,SUPPORTED,
SQX-XAUUSD-H4-bc2e2a79541f,SUPPORTED,
SQX-EURUSD-H4-bc2ea701ca21,SUPPORTED,
SQX-XAUUSD-H4-bc34c327f441,SUPPORTED,
SQX-GBPUSD-H1-bc36f0c78854,SUPPORTED,
SQX-XAUUSD-H4-bc41866234c9,SUPPORTED,
SQX-EURUSD-H4-bc4b642ca400,SUPPORTED,
SQX-USDJPY-H1-bc4ceab34208,SUPPORTED,
SQX-USDCHF-H4-bc6201412ec3,SUPPORTED,
SQX-XAUUSD-H1-bc6253407f5e,SUPPORTED,
SQX-USDJPY-H1-bc672a27b309,SUPPORTED,
SQX-USDCHF-H4-bc6f26317a76,SUPPORTED,
SQX-USDJPY-H4-bc7060abefb2,SUPPORTED,
SQX-XAUUSD-H4-bc721883a043,SUPPORTED,
SQX-USDJPY-H4-bc79a39f7ceb,SUPPORTED,
SQX-XAUUSD-H4-bc818153bd2f,SUPPORTED,
SQX-USDJPY-H4-bc8665eae980,SUPPORTED,
SQX-USDJPY-H4-bc912c243d56,SUPPORTED,
SQX-XAUUSD-H4-bc9c48567838,SUPPORTED,
SQX-XAUUSD-H4-bca2aef5f914,SUPPORTED,
SQX-GBPUSD-H4-bcb09a0e5c49,SUPPORTED,
SQX-USDJPY-H4-bcb0ddc2ef8e,SUPPORTED,
SQX-USDJPY-H1-bcb120dc2f52,SUPPORTED,
SQX-NZDUSD-H4-bcb9864ff2ec,SUPPORTED,
SQX-XAUUSD-H4-bcbbe0670cdf,SUPPORTED,
SQX-XAUUSD-H4-bcbcb27e930e,SUPPORTED,
SQX-XAUUSD-H4-bcc061007e80,SUPPORTED,
SQX-XAUUSD-H1-bcc2b143a7ee,SUPPORTED,
SQX-USDJPY-H4-bccab974a475,SUPPORTED,
SQX-USDCAD-H4-bcd031c1dcdf,SUPPORTED,
SQX-XAUUSD-H1-bcd16819e1d0,SUPPORTED,
SQX-EURUSD-H4-bcd3328a80ca,SUPPORTED,
SQX-USDJPY-H1-bcdb6e4c5c0c,SUPPORTED,
SQX-XAUUSD-H4-bcdd0f594241,SUPPORTED,
SQX-XAUUSD-H4-bcdd16b10327,SUPPORTED,
SQX-XAUUSD-H4-bce107b7b7db,SUPPORTED,
SQX-XAUUSD-H4-bce1f499b28d,SUPPORTED,
SQX-XAUUSD-H4-bce4f900eaca,SUPPORTED,
SQX-XAUUSD-H4-bce64c0733d7,SUPPORTED,
SQX-GBPUSD-M15-bcf36ad86144,SUPPORTED,
SQX-EURUSD-H1-bcf7a9b9c943,SUPPORTED,
SQX-EURUSD-H4-bcf919c93624,SUPPORTED,
SQX-USDJPY-H4-bd01d17df3e0,SUPPORTED,
SQX-GBPUSD-H4-bd04c6360864,SUPPORTED,
SQX-XAUUSD-H4-bd072277b693,SUPPORTED,
SQX-XAUUSD-H1-bd07662b73e9,SUPPORTED,
SQX-XAUUSD-H4-bd07abbf60e1,SUPPORTED,
SQX-XAUUSD-H4-bd08bc6731a8,SUPPORTED,
SQX-EURUSD-H4-bd09de84e1e1,SUPPORTED,
SQX-GBPUSD-H4-bd1322bda8c2,SUPPORTED,
SQX-USDCHF-H4-bd14889e1a7d,SUPPORTED,
SQX-XAUUSD-H4-bd250067b576,SUPPORTED,
SQX-USDJPY-H4-bd25c0f24025,SUPPORTED,
SQX-XAUUSD-H4-bd3c00fb3467,SUPPORTED,
SQX-XAUUSD-H1-bd3ca0bdd221,SUPPORTED,
SQX-GBPUSD-M15-bd404db3d0f3,SUPPORTED,
SQX-XAUUSD-H1-bd457001ba6a,SUPPORTED,
SQX-XAUUSD-H4-bd46b279facf,SUPPORTED,
SQX-EURUSD-H1-bd535cdc9023,SUPPORTED,
SQX-GBPUSD-H4-bd556d7dde39,SUPPORTED,
SQX-GBPUSD-H4-bd5e2fefdcf0,SUPPORTED,
SQX-EURUSD-H4-bd637d3b4692,SUPPORTED,
SQX-USDJPY-H1-bd6f0a71715a,SUPPORTED,
SQX-USDCAD-H1-bd7b2971668c,SUPPORTED,
SQX-XAUUSD-H1-bd854bc9d74e,SUPPORTED,
SQX-XAUUSD-H4-bd890cfa6d8c,SUPPORTED,
SQX-EURUSD-H1-bd8d39808e9a,SUPPORTED,
SQX-XAUUSD-H4-bd9359d2da96,SUPPORTED,
SQX-XAUUSD-H4-bd94e8305058,SUPPORTED,
SQX-USDJPY-H4-bd97bce51e2c,SUPPORTED,
SQX-XAUUSD-H4-bd9c4930aca1,SUPPORTED,
SQX-XAUUSD-H4-bdae196785e1,SUPPORTED,
SQX-EURUSD-H4-bdb2ed881b86,SUPPORTED,
SQX-EURUSD-H1-bdc6d699e26f,SUPPORTED,
SQX-EURUSD-H4-bdd092958984,SUPPORTED,
SQX-XAUUSD-H4-bdd679f6acf1,SUPPORTED,
SQX-XAUUSD-H4-bdd8f8ad8529,SUPPORTED,
SQX-XAUUSD-H1-bdd9e9a4100d,SUPPORTED,
SQX-XAUUSD-H1-bdd9fda101fd,SUPPORTED,
SQX-EURUSD-H1-bdda0f45fb60,SUPPORTED,
SQX-USDCHF-H4-bddc1526a124,SUPPORTED,
SQX-GBPUSD-M15-bddf36d0b9d1,SUPPORTED,
SQX-EURUSD-H4-bde477964548,SUPPORTED,
SQX-XAUUSD-H4-be17713a1ea5,SUPPORTED,
SQX-USDCAD-H4-be1b30e1c629,SUPPORTED,
SQX-EURUSD-H1-be2837e65461,SUPPORTED,
SQX-USDJPY-H4-be2a40b5bc1a,SUPPORTED,
SQX-USDJPY-H4-be2ddd283312,SUPPORTED,
SQX-XAUUSD-H1-be3090b43659,SUPPORTED,
SQX-XAUUSD-H4-be34bbda007d,SUPPORTED,
SQX-XAUUSD-H4-be34d7014e6d,SUPPORTED,
SQX-XAUUSD-H4-be38d712ef3e,SUPPORTED,
SQX-XAUUSD-H4-be4c9d25b885,SUPPORTED,
SQX-EURUSD-H4-be5ef9b90107,SUPPORTED,
SQX-XAUUSD-H4-be6894728a95,SUPPORTED,
SQX-USDJPY-H1-be7bc079d8ce,SUPPORTED,
SQX-XAUUSD-H4-be7e961d5cc5,SUPPORTED,
SQX-USDJPY-H4-be7e9bfbda92,SUPPORTED,
SQX-USDJPY-H4-be85ebc63872,SUPPORTED,
SQX-XAUUSD-H1-be86dee5b636,SUPPORTED,
SQX-XAUUSD-H1-be87ec249085,SUPPORTED,
SQX-USDJPY-H4-be883741cf5c,SUPPORTED,
SQX-USDJPY-H4-be886b2e2dbe,SUPPORTED,
SQX-XAUUSD-H4-be89430abad4,SUPPORTED,
SQX-XAUUSD-H4-be8ba2b8b9df,SUPPORTED,
SQX-XAUUSD-H4-be8f652e2cc3,SUPPORTED,
SQX-XAUUSD-H4-be901735e03c,SUPPORTED,
SQX-EURUSD-H1-be90850bc5de,SUPPORTED,
SQX-XAUUSD-H4-be96a67c08cf,SUPPORTED,
SQX-USDCHF-H4-be9af08140e5,SUPPORTED,
SQX-USDJPY-H1-be9db8f12815,SUPPORTED,
SQX-USDJPY-H1-bea56a50cd5d,SUPPORTED,
SQX-GBPUSD-H4-bea5942793d3,SUPPORTED,
SQX-XAUUSD-H1-bea5a2ba212e,SUPPORTED,
SQX-GBPUSD-H1-beb20f16ebc3,SUPPORTED,
SQX-XAUUSD-H1-beb2da2a1ec8,SUPPORTED,
SQX-EURUSD-H4-bec9c5cd8a52,SUPPORTED,
SQX-XAUUSD-H4-bece0a0fc910,SUPPORTED,
SQX-USDJPY-H4-becfa00440be,SUPPORTED,
SQX-USDJPY-H4-bed21d4d6f2a,SUPPORTED,
SQX-XAUUSD-H1-bed6671d190d,SUPPORTED,
SQX-XAUUSD-H4-bed972e78746,SUPPORTED,
SQX-USDCAD-H4-bedc5e93b2fe,SUPPORTED,
SQX-XAUUSD-H4-bee2cec010d4,SUPPORTED,
SQX-XAUUSD-H1-bee325eed480,SUPPORTED,
SQX-XAUUSD-H4-bee476de4960,SUPPORTED,
SQX-EURUSD-M15-bee70dc56859,SUPPORTED,
SQX-USDJPY-H4-bee7f8fa00d7,SUPPORTED,
SQX-USDCHF-H4-beec5d653247,SUPPORTED,
SQX-XAUUSD-H4-beeda56309e3,SUPPORTED,
SQX-XAUUSD-H4-beef027c6ef1,SUPPORTED,
SQX-XAUUSD-H1-bef341a2d3c2,SUPPORTED,
SQX-XAUUSD-H4-bef7baa72a37,SUPPORTED,
SQX-XAUUSD-H4-bef7e3a42895,SUPPORTED,
SQX-USDJPY-H1-bef964526105,SUPPORTED,
SQX-USDCHF-H4-befc6e5855f3,SUPPORTED,
SQX-USDJPY-H4-bf042d7e4faf,SUPPORTED,
SQX-EURUSD-H1-bf07d5a3355c,SUPPORTED,
SQX-USDJPY-H1-bf1d1b96a6d9,SUPPORTED,
SQX-XAUUSD-H1-bf25730f5755,SUPPORTED,
SQX-XAUUSD-H4-bf3075ef19bd,SUPPORTED,
SQX-XAUUSD-H1-bf369f5e4080,SUPPORTED,
SQX-EURUSD-H4-bf36f7fd2b7e,SUPPORTED,
SQX-XAUUSD-H4-bf4618a44005,SUPPORTED,
SQX-USDJPY-H4-bf5200c5208c,SUPPORTED,
SQX-XAUUSD-H4-bf52039246f1,SUPPORTED,
SQX-GBPUSD-H1-bf56f40bf049,SUPPORTED,
SQX-GBPUSD-H4-bf6ddefccb65,SUPPORTED,
SQX-USDJPY-H4-bf7419f50e4a,SUPPORTED,
SQX-USDJPY-H4-bf7a9bd3b792,SUPPORTED,
SQX-XAUUSD-H4-bf80a2d82ca7,SUPPORTED,
SQX-XAUUSD-H4-bf80ab216cba,SUPPORTED,
SQX-USDCAD-H4-bf811690a1de,SUPPORTED,
SQX-XAUUSD-H4-bf8967dc3581,SUPPORTED,
SQX-XAUUSD-H4-bf8d885b8a98,SUPPORTED,
SQX-USDCHF-H4-bf95cc1d53c5,SUPPORTED,
SQX-USDJPY-H4-bf96b30ae33f,SUPPORTED,
SQX-XAUUSD-H4-bfa091ccbdc1,SUPPORTED,
SQX-XAUUSD-H4-bfa304381074,SUPPORTED,
SQX-XAUUSD-H4-bfb5d7d412db,SUPPORTED,
SQX-EURUSD-H1-bfbb3a1e2129,SUPPORTED,
SQX-USDCHF-H4-bfbe733015a8,SUPPORTED,
SQX-GBPUSD-H1-bfc7eb9bc3e4,SUPPORTED,
SQX-XAUUSD-H4-bfccc73cd528,SUPPORTED,
SQX-USDJPY-H4-bfd0888daa91,SUPPORTED,
SQX-USDJPY-H1-bfd51bfcf448,SUPPORTED,
SQX-USDJPY-H4-bfd5e979934d,SUPPORTED,
SQX-EURUSD-H1-bfd8cb7060a1,SUPPORTED,
SQX-USDJPY-H4-bfda6f7d1939,SUPPORTED,
SQX-USDJPY-H4-bfe2fd9485d9,SUPPORTED,
SQX-NZDUSD-H4-bfe5892c7101,SUPPORTED,
SQX-USDJPY-H1-bfe8ba560390,SUPPORTED,
SQX-EURUSD-H1-bfe97b32ebb1,SUPPORTED,
SQX-XAUUSD-H4-bfea27773420,SUPPORTED,
SQX-USDJPY-H1-bff59002fa80,SUPPORTED,
SQX-XAUUSD-H4-bfffff728ec4,SUPPORTED,
SQX-USDCHF-H4-c005669bbad5,SUPPORTED,
SQX-XAUUSD-H4-c00671427f93,SUPPORTED,
SQX-EURUSD-H1-c00a5226a94e,SUPPORTED,
SQX-XAUUSD-H1-c019c92c5150,SUPPORTED,
SQX-USDCHF-H4-c01c1e507758,SUPPORTED,
SQX-USDJPY-H4-c01fab2bb95b,SUPPORTED,
SQX-XAUUSD-H4-c021411296cd,SUPPORTED,
SQX-XAUUSD-H1-c02163fef7a1,SUPPORTED,
SQX-XAUUSD-H4-c02243f0ccdf,SUPPORTED,
SQX-XAUUSD-H1-c025aa35e8af,SUPPORTED,
SQX-GBPUSD-H1-c02c8beb04dc,SUPPORTED,
SQX-XAUUSD-H1-c030160ce645,SUPPORTED,
SQX-XAUUSD-H4-c031ceb30fc1,SUPPORTED,
SQX-XAUUSD-H4-c0345cab30d6,SUPPORTED,
SQX-USDJPY-H1-c0364e7ef23b,SUPPORTED,
SQX-GBPUSD-H1-c038ce89254e,SUPPORTED,
SQX-XAUUSD-H4-c03ca85d4228,SUPPORTED,
SQX-USDJPY-H1-c045b0c9ab3f,SUPPORTED,
SQX-XAUUSD-H4-c04c351fa1c0,SUPPORTED,
SQX-GBPUSD-H4-c04f950c3046,SUPPORTED,
SQX-XAUUSD-H4-c05c62db5faa,SUPPORTED,
SQX-EURUSD-H1-c05efd2814bf,SUPPORTED,
SQX-XAUUSD-H4-c0623575c13b,SUPPORTED,
SQX-XAUUSD-H4-c06809f2b11a,SUPPORTED,
SQX-XAUUSD-H4-c06885a7533e,SUPPORTED,
SQX-XAUUSD-H4-c07837f86cdd,SUPPORTED,
SQX-XAUUSD-H4-c08720cb533e,SUPPORTED,
SQX-XAUUSD-H4-c08960953164,SUPPORTED,
SQX-USDCHF-H4-c0899aef1ad5,SUPPORTED,
SQX-EURUSD-H4-c08cb57780c7,SUPPORTED,
SQX-XAUUSD-H4-c092268fb4e9,SUPPORTED,
SQX-EURUSD-H4-c0946b421c33,SUPPORTED,
SQX-XAUUSD-H4-c09c1b1fc5f9,SUPPORTED,
SQX-XAUUSD-H4-c0b3c02d2dbf,SUPPORTED,
SQX-XAUUSD-H4-c0b4deebf57e,SUPPORTED,
SQX-GBPUSD-M15-c0b531924d6f,SUPPORTED,
SQX-USDJPY-H1-c0b5cb63b876,SUPPORTED,
SQX-USDCHF-H4-c0bb52ba5921,SUPPORTED,
SQX-EURUSD-H4-c0bd138eb154,SUPPORTED,
SQX-USDJPY-H4-c0c816a90345,SUPPORTED,
SQX-GBPUSD-H4-c0d2eb048e1f,SUPPORTED,
SQX-XAUUSD-H4-c0d35909a6a3,SUPPORTED,
SQX-XAUUSD-H1-c0d68c0b9317,SUPPORTED,
SQX-XAUUSD-H4-c0e93e523332,SUPPORTED,
SQX-USDJPY-M15-c0f1d82363c7,SUPPORTED,
SQX-XAUUSD-H4-c0f38293c503,SUPPORTED,
SQX-USDJPY-H1-c0f44c4189b3,SUPPORTED,
SQX-XAUUSD-H1-c0f604a9c860,SUPPORTED,
SQX-USDJPY-M15-c0f87fe3ea5f,SUPPORTED,
SQX-XAUUSD-H4-c0fc6af1abb5,SUPPORTED,
SQX-USDJPY-H1-c0fd377832c9,SUPPORTED,
SQX-USDJPY-H1-c109825dffb9,SUPPORTED,
SQX-XAUUSD-H4-c1138626b22c,SUPPORTED,
SQX-USDCHF-H4-c1190f484c00,SUPPORTED,
SQX-GBPUSD-H4-c1198def3e73,SUPPORTED,
SQX-GBPUSD-H1-c121446b7143,SUPPORTED,
SQX-XAUUSD-H4-c122110fdc8e,SUPPORTED,
SQX-USDCHF-H4-c12889e5fc47,SUPPORTED,
SQX-EURUSD-H4-c12b269e15e3,SUPPORTED,
SQX-XAUUSD-H4-c13a0b3f6073,SUPPORTED,
SQX-USDJPY-H4-c1426d947235,SUPPORTED,
SQX-XAUUSD-H4-c142a2af2a24,SUPPORTED,
SQX-XAUUSD-H4-c1493adecc75,SUPPORTED,
SQX-EURUSD-H1-c14e0b7f34bb,SUPPORTED,
SQX-USDJPY-H4-c14ed3f2d511,SUPPORTED,
SQX-EURUSD-H4-c15325df3500,SUPPORTED,
SQX-XAUUSD-H1-c156383ab7b3,SUPPORTED,
SQX-USDJPY-H1-c15a105ae30d,SUPPORTED,
SQX-USDJPY-H4-c15b90f8cfce,SUPPORTED,
SQX-USDCHF-H4-c15d4c4d72e8,SUPPORTED,
SQX-USDJPY-H1-c166df406290,SUPPORTED,
SQX-XAUUSD-H4-c1670f178267,SUPPORTED,
SQX-XAUUSD-H4-c1712c46810d,SUPPORTED,
SQX-XAUUSD-H4-c1756b90d14d,SUPPORTED,
SQX-USDJPY-H1-c17e4ba7028c,SUPPORTED,
SQX-XAUUSD-H4-c188e624749b,SUPPORTED,
SQX-XAUUSD-H4-c18ed9fdd145,SUPPORTED,
SQX-EURUSD-H1-c190492447e2,SUPPORTED,
SQX-XAUUSD-H4-c1958ed4b4b5,SUPPORTED,
SQX-XAUUSD-H1-c19861b645b9,SUPPORTED,
SQX-USDJPY-H4-c1a6d8e5ca07,SUPPORTED,
SQX-XAUUSD-H1-c1a8d39a3482,SUPPORTED,
SQX-EURUSD-H4-c1b1eba77406,SUPPORTED,
SQX-XAUUSD-H4-c1b2ed8ae0cd,SUPPORTED,
SQX-XAUUSD-H4-c1bfa9de67b5,SUPPORTED,
SQX-USDCHF-H4-c1c0878484cb,SUPPORTED,
SQX-XAUUSD-H4-c1c48d0c61a6,SUPPORTED,
SQX-NZDUSD-H4-c1d27b7987b9,SUPPORTED,
SQX-XAUUSD-H1-c1d574a3d6c6,SUPPORTED,
SQX-EURUSD-H4-c1ded2ddba7e,SUPPORTED,
SQX-XAUUSD-H4-c1dff9673d7d,SUPPORTED,
SQX-EURUSD-H4-c1e1e546d978,SUPPORTED,
SQX-USDJPY-H4-c1e9e28790e1,SUPPORTED,
SQX-USDJPY-H1-c1ee8470db77,SUPPORTED,
SQX-USDJPY-H1-c1f1d0552b47,SUPPORTED,
SQX-USDJPY-H4-c1f26619a10a,SUPPORTED,
SQX-GBPUSD-H4-c1f3dc422c85,SUPPORTED,
SQX-XAUUSD-H4-c1f8acf86992,SUPPORTED,
SQX-XAUUSD-H4-c1fe7168b28d,SUPPORTED,
SQX-XAUUSD-H4-c20a5343f151,SUPPORTED,
SQX-XAUUSD-H4-c20a6d1ed072,SUPPORTED,
SQX-USDJPY-H4-c20c85f9c08d,SUPPORTED,
SQX-EURUSD-H4-c213f324f82a,SUPPORTED,
SQX-USDJPY-H1-c21ba9cf7149,SUPPORTED,
SQX-USDJPY-H1-c21e81501c9c,SUPPORTED,
SQX-XAUUSD-H4-c21f0cd832fc,SUPPORTED,
SQX-USDCHF-H4-c21f5607e381,SUPPORTED,
SQX-USDJPY-H1-c2238c2aef7f,SUPPORTED,
SQX-XAUUSD-H4-c224dcd641c4,SUPPORTED,
SQX-USDCAD-H1-c23c45f96c99,SUPPORTED,
SQX-XAUUSD-H1-c23fe0f81f18,SUPPORTED,
SQX-XAUUSD-H4-c242d18a069d,SUPPORTED,
SQX-USDJPY-H4-c246d4acbc02,SUPPORTED,
SQX-XAUUSD-H4-c2485bd7762c,SUPPORTED,
SQX-XAUUSD-H4-c24bac1c8112,SUPPORTED,
SQX-XAUUSD-H4-c25494880e9d,SUPPORTED,
SQX-USDJPY-H1-c25ec034a2e3,SUPPORTED,
SQX-EURUSD-H4-c26c7f738d0d,SUPPORTED,
SQX-USDJPY-H1-c272f1e915ef,SUPPORTED,
SQX-XAUUSD-H4-c275da91bde2,SUPPORTED,
SQX-USDJPY-M15-c27b8f9fb446,SUPPORTED,
SQX-USDJPY-H1-c28591898c17,SUPPORTED,
SQX-XAUUSD-H4-c286b7865cd2,SUPPORTED,
SQX-USDCHF-H4-c288dcf27631,SUPPORTED,
SQX-XAUUSD-H4-c28bfad933f8,SUPPORTED,
SQX-USDJPY-H4-c29366884c0a,SUPPORTED,
SQX-XAUUSD-H4-c295dafdc9fa,SUPPORTED,
SQX-XAUUSD-H4-c2983414afca,SUPPORTED,
SQX-USDCHF-H4-c29a6264cc2e,SUPPORTED,
SQX-XAUUSD-H1-c29ac5eb9bdf,SUPPORTED,
SQX-XAUUSD-H1-c2a0a2ee193a,SUPPORTED,
SQX-XAUUSD-H4-c2a78f23a970,SUPPORTED,
SQX-XAUUSD-H4-c2b61aa80d6d,SUPPORTED,
SQX-XAUUSD-H4-c2b685eed336,SUPPORTED,
SQX-XAUUSD-H1-c2c288f82648,SUPPORTED,
SQX-XAUUSD-H4-c2c8deccd72a,SUPPORTED,
SQX-GBPUSD-H4-c2cb9b9c8440,SUPPORTED,
SQX-XAUUSD-H1-c2ccbbfbdf02,SUPPORTED,
SQX-USDJPY-H4-c2cde67ec8fc,SUPPORTED,
SQX-USDCHF-H4-c2d652c7a54b,SUPPORTED,
SQX-XAUUSD-H4-c2dff77ea572,SUPPORTED,
SQX-XAUUSD-H4-c2e33b7bfbb4,SUPPORTED,
SQX-USDJPY-H1-c2e3e6178dfb,SUPPORTED,
SQX-EURUSD-M15-c2e980e0524a,SUPPORTED,
SQX-XAUUSD-H4-c2e9a2505203,SUPPORTED,
SQX-USDJPY-H4-c2ebecf10cf6,SUPPORTED,
SQX-USDJPY-H4-c2f98ea06fc9,SUPPORTED,
SQX-USDCAD-H4-c301ab015777,SUPPORTED,
SQX-XAUUSD-H4-c301e0f54fe5,SUPPORTED,
SQX-XAUUSD-H4-c301e9e2415f,SUPPORTED,
SQX-EURUSD-H1-c3030a9200bb,SUPPORTED,
SQX-USDJPY-H1-c30a4334b2dd,SUPPORTED,
SQX-GBPUSD-H4-c30fc5a2d7fc,SUPPORTED,
SQX-XAUUSD-H4-c3119fa44764,SUPPORTED,
SQX-XAUUSD-H4-c3126b5cb230,SUPPORTED,
SQX-XAUUSD-H1-c31528d92735,SUPPORTED,
SQX-USDJPY-H4-c31628c0d6d5,SUPPORTED,
SQX-XAUUSD-H4-c320c9dfe743,SUPPORTED,
SQX-NZDUSD-H4-c32dde90c494,SUPPORTED,
SQX-USDJPY-H4-c32f6bde5c4b,SUPPORTED,
SQX-XAUUSD-H4-c332053422cf,SUPPORTED,
SQX-XAUUSD-H4-c333509f718e,SUPPORTED,
SQX-USDJPY-H4-c33cbf8ef473,SUPPORTED,
SQX-XAUUSD-H4-c33e4b098b65,SUPPORTED,
SQX-XAUUSD-H4-c33ebc8a153a,SUPPORTED,
SQX-GBPUSD-H4-c347c4e4722d,SUPPORTED,
SQX-EURUSD-H4-c34c7186d5f8,SUPPORTED,
SQX-XAUUSD-H4-c3514be5fbec,SUPPORTED,
SQX-USDJPY-H4-c3531c23e3c8,SUPPORTED,
SQX-XAUUSD-H4-c35a3c8090e8,SUPPORTED,
SQX-EURUSD-H4-c35ab1311446,SUPPORTED,
SQX-XAUUSD-H4-c360baf69f03,SUPPORTED,
SQX-XAUUSD-H4-c364389079ce,SUPPORTED,
SQX-EURUSD-H1-c369d020a475,SUPPORTED,
SQX-XAUUSD-H4-c36a4fac447a,SUPPORTED,
SQX-GBPUSD-M15-c36a8e1a57db,SUPPORTED,
SQX-XAUUSD-H1-c36b38af282d,SUPPORTED,
SQX-USDJPY-H4-c373d4bf5527,SUPPORTED,
SQX-USDJPY-H1-c37ec61cc4fe,SUPPORTED,
SQX-XAUUSD-H4-c3813def775a,SUPPORTED,
SQX-USDJPY-H1-c388e017917d,SUPPORTED,
SQX-XAUUSD-H1-c38eeaebda3f,SUPPORTED,
SQX-USDJPY-H1-c3937a855955,SUPPORTED,
SQX-EURUSD-H4-c3961c12f927,SUPPORTED,
SQX-XAUUSD-H4-c39ddbecde61,SUPPORTED,
SQX-XAUUSD-H4-c39f829d3cab,SUPPORTED,
SQX-XAUUSD-H4-c3a1f2e370e7,SUPPORTED,
SQX-USDJPY-H1-c3a5bc949313,SUPPORTED,
SQX-XAUUSD-H4-c3ba13f163dd,SUPPORTED,
SQX-USDJPY-H4-c3ba23332425,SUPPORTED,
SQX-XAUUSD-H4-c3ba8fed70f1,SUPPORTED,
SQX-EURUSD-H4-c3bc1692a427,SUPPORTED,
SQX-XAUUSD-H4-c3bcb728a708,SUPPORTED,
SQX-XAUUSD-H4-c3c92e0d05cb,SUPPORTED,
SQX-XAUUSD-H4-c3d25564fafe,SUPPORTED,
SQX-EURUSD-H1-c3d3c852999d,SUPPORTED,
SQX-XAUUSD-H4-c3d4adc0e2ac,SUPPORTED,
SQX-USDCAD-H4-c3d748c2506c,SUPPORTED,
SQX-USDJPY-H1-c3e986451353,SUPPORTED,
SQX-USDJPY-H4-c3f3133428de,SUPPORTED,
SQX-USDCHF-H4-c3f7d2933e34,SUPPORTED,
SQX-USDJPY-H4-c400a833de18,SUPPORTED,
SQX-USDJPY-H4-c404982f66ef,SUPPORTED,
SQX-USDCAD-H1-c4080b553f30,SUPPORTED,
SQX-USDJPY-H4-c41cecd16b49,SUPPORTED,
SQX-USDJPY-H4-c42232993b07,SUPPORTED,
SQX-XAUUSD-H4-c424eb9f7143,SUPPORTED,
SQX-USDCHF-H4-c42bf288e58b,SUPPORTED,
SQX-USDCAD-H4-c439f7dee4fe,SUPPORTED,
SQX-XAUUSD-H4-c43c7007ba39,SUPPORTED,
SQX-XAUUSD-H4-c4519fcde197,SUPPORTED,
SQX-GBPUSD-H1-c45554ea3554,SUPPORTED,
SQX-XAUUSD-H4-c4585426a361,SUPPORTED,
SQX-GBPUSD-H4-c45fd719c19a,SUPPORTED,
SQX-EURUSD-H4-c47714382942,SUPPORTED,
SQX-XAUUSD-H4-c47c2bdf86da,SUPPORTED,
SQX-XAUUSD-H1-c47c72c743e5,SUPPORTED,
SQX-USDJPY-H4-c47dd3077319,SUPPORTED,
SQX-USDJPY-H4-c47ec53b19e7,SUPPORTED,
SQX-USDJPY-H4-c4821b9a2d78,SUPPORTED,
SQX-XAUUSD-H4-c485a303e5e4,SUPPORTED,
SQX-XAUUSD-H4-c485bfaa5ceb,SUPPORTED,
SQX-USDJPY-H4-c48745430c8d,SUPPORTED,
SQX-USDJPY-H4-c48bb41aaa2a,SUPPORTED,
SQX-XAUUSD-H4-c49ee0b517c7,SUPPORTED,
SQX-XAUUSD-H4-c4a0bcaf752f,SUPPORTED,
SQX-XAUUSD-H4-c4ba8d7ef264,SUPPORTED,
SQX-USDCHF-H4-c4bc319a9b8f,SUPPORTED,
SQX-USDJPY-H4-c4bc71d33015,SUPPORTED,
SQX-USDJPY-H4-c4bda1e93a56,SUPPORTED,
SQX-USDJPY-H4-c4c5995cc4b3,SUPPORTED,
SQX-USDJPY-H4-c4d039f2f2bc,SUPPORTED,
SQX-XAUUSD-H4-c4d5a94e7415,SUPPORTED,
SQX-XAUUSD-H4-c4eefe11f08b,SUPPORTED,
SQX-USDCAD-H4-c4f635924bd1,SUPPORTED,
SQX-XAUUSD-H4-c50141943fa0,SUPPORTED,
SQX-XAUUSD-H1-c5060d177dff,SUPPORTED,
SQX-XAUUSD-H4-c50816ee696e,SUPPORTED,
SQX-XAUUSD-H4-c50bfad437f4,SUPPORTED,
SQX-XAUUSD-H4-c512d284e8c0,SUPPORTED,
SQX-USDJPY-H1-c51f549bad52,SUPPORTED,
SQX-XAUUSD-H4-c521d9d0e36f,SUPPORTED,
SQX-GBPUSD-H4-c522f9cea35d,SUPPORTED,
SQX-EURUSD-H1-c52622e89f38,SUPPORTED,
SQX-XAUUSD-H4-c52711458865,SUPPORTED,
SQX-USDJPY-H1-c52b95fca43f,SUPPORTED,
SQX-XAUUSD-H1-c52eb411a836,SUPPORTED,
SQX-XAUUSD-H4-c5352a98e009,SUPPORTED,
SQX-GBPUSD-M15-c53a47781eeb,SUPPORTED,
SQX-USDJPY-H1-c53d56166089,SUPPORTED,
SQX-USDJPY-H1-c54068809996,SUPPORTED,
SQX-XAUUSD-H4-c544d2ad3cc7,SUPPORTED,
SQX-XAUUSD-H4-c546e8fbf189,SUPPORTED,
SQX-USDJPY-H4-c548eb7c80c5,SUPPORTED,
SQX-NZDUSD-H4-c553e565469e,SUPPORTED,
SQX-USDJPY-H4-c55b1a851e5e,SUPPORTED,
SQX-EURUSD-H1-c560042b7607,SUPPORTED,
SQX-USDCHF-H4-c566a958b4d2,SUPPORTED,
SQX-USDCHF-H4-c5793c6fa936,SUPPORTED,
SQX-XAUUSD-H4-c57be9a1f5da,SUPPORTED,
SQX-XAUUSD-H4-c57dfeea569a,SUPPORTED,
SQX-USDCAD-H1-c5868199f644,SUPPORTED,
SQX-XAUUSD-H1-c586cbb6dab3,SUPPORTED,
SQX-XAUUSD-H4-c587de0c7f94,SUPPORTED,
SQX-EURUSD-H1-c58ce890bfac,SUPPORTED,
SQX-USDCHF-H4-c58da44df231,SUPPORTED,
SQX-XAUUSD-H4-c59a3b4d5665,SUPPORTED,
SQX-USDJPY-H4-c59b1f5e0258,SUPPORTED,
SQX-USDJPY-H1-c59f8be0735f,SUPPORTED,
SQX-XAUUSD-H4-c5a018277f2f,SUPPORTED,
SQX-XAUUSD-H4-c5b04a765104,SUPPORTED,
SQX-XAUUSD-H4-c5ba875e3129,SUPPORTED,
SQX-XAUUSD-H4-c5bdb800a523,SUPPORTED,
SQX-EURUSD-H1-c5c9e73b84b4,SUPPORTED,
SQX-XAUUSD-H4-c5e6ef3ee36c,SUPPORTED,
SQX-XAUUSD-H4-c5e7b607bd69,SUPPORTED,
SQX-GBPUSD-H1-c5e9e4318d73,SUPPORTED,
SQX-XAUUSD-H4-c5e9f70315f1,SUPPORTED,
SQX-GBPUSD-H4-c5ebc1018267,SUPPORTED,
SQX-USDJPY-H1-c5f3b6ff977d,SUPPORTED,
SQX-EURUSD-H4-c5f9f6f7422b,SUPPORTED,
SQX-USDJPY-H4-c60543d815b0,SUPPORTED,
SQX-USDJPY-H4-c61622b20be1,SUPPORTED,
SQX-XAUUSD-H1-c623d7e21696,SUPPORTED,
SQX-USDJPY-H4-c624da40d448,SUPPORTED,
SQX-XAUUSD-H1-c6320b199924,SUPPORTED,
SQX-USDJPY-H1-c633313061a2,SUPPORTED,
SQX-XAUUSD-H1-c63bf2be4ebc,SUPPORTED,
SQX-USDJPY-H4-c640a602c256,SUPPORTED,
SQX-XAUUSD-H4-c647b68fdb5c,SUPPORTED,
SQX-USDJPY-H4-c653e07676d1,SUPPORTED,
SQX-XAUUSD-H4-c65b194e55f1,SUPPORTED,
SQX-USDJPY-H4-c667bd8d798f,SUPPORTED,
SQX-XAUUSD-H4-c668ab642dbc,SUPPORTED,
SQX-EURUSD-H1-c66a02a98817,SUPPORTED,
SQX-XAUUSD-H1-c67379ad8a94,SUPPORTED,
SQX-XAUUSD-H4-c67ae9762218,SUPPORTED,
SQX-XAUUSD-H1-c683873c18bf,SUPPORTED,
SQX-XAUUSD-H1-c68607653924,SUPPORTED,
SQX-XAUUSD-H4-c6864cc4b33a,SUPPORTED,
SQX-USDJPY-H4-c689037bd53a,SUPPORTED,
SQX-USDJPY-H1-c68ba1980bee,SUPPORTED,
SQX-XAUUSD-H4-c69218b34d35,SUPPORTED,
SQX-USDJPY-H4-c6947f11e562,SUPPORTED,
SQX-XAUUSD-H1-c69a24b9194b,SUPPORTED,
SQX-USDCHF-H4-c6a0da3a3c7b,SUPPORTED,
SQX-USDJPY-H4-c6aab3e135c9,SUPPORTED,
SQX-USDJPY-H1-c6acf328a96b,SUPPORTED,
SQX-USDJPY-H1-c6b1eb68283e,SUPPORTED,
SQX-XAUUSD-M15-c6b39a158d8b,SUPPORTED,
SQX-USDJPY-H1-c6b80fd887cf,SUPPORTED,
SQX-USDCHF-H4-c6c020d4103d,SUPPORTED,
SQX-USDCHF-H4-c6c6c9ebff8c,SUPPORTED,
SQX-GBPUSD-H4-c6c75d32abe5,SUPPORTED,
SQX-XAUUSD-H4-c6cccdbc4fdb,SUPPORTED,
SQX-XAUUSD-H1-c6cea7e4b037,SUPPORTED,
SQX-EURUSD-H4-c6d37f5be790,SUPPORTED,
SQX-EURUSD-H1-c6d8625a4a1e,SUPPORTED,
SQX-EURUSD-H1-c6dbf7dd861b,SUPPORTED,
SQX-XAUUSD-H4-c6e2c8db880a,SUPPORTED,
SQX-GBPUSD-H4-c6e77fb5a27e,SUPPORTED,
SQX-XAUUSD-H4-c6eee5d17918,SUPPORTED,
SQX-USDCAD-H4-c6f59117c3e1,SUPPORTED,
SQX-USDJPY-M15-c6f995521657,SUPPORTED,
SQX-XAUUSD-H4-c6fddfbfdb8f,SUPPORTED,
SQX-USDJPY-H1-c701d21ce5a5,SUPPORTED,
SQX-XAUUSD-H4-c71d8483256c,SUPPORTED,
SQX-GBPUSD-H1-c7229793a9b8,SUPPORTED,
SQX-USDJPY-H4-c726ce4af003,SUPPORTED,
SQX-GBPUSD-H4-c72dfdeb8ab3,SUPPORTED,
SQX-USDCHF-H4-c7325ef5a62c,SUPPORTED,
SQX-XAUUSD-H4-c738dff45064,SUPPORTED,
SQX-EURUSD-H4-c73e08dd810d,SUPPORTED,
SQX-XAUUSD-H4-c73fa991cef3,SUPPORTED,
SQX-USDJPY-H4-c74091d4ad90,SUPPORTED,
SQX-XAUUSD-H4-c7459c67324a,SUPPORTED,
SQX-EURUSD-H1-c745c47f8ea1,SUPPORTED,
SQX-EURUSD-H4-c746333edaeb,SUPPORTED,
SQX-EURUSD-H1-c74ab4505596,SUPPORTED,
SQX-USDJPY-H4-c757e008fff2,SUPPORTED,
SQX-XAUUSD-H1-c7599331b8fc,SUPPORTED,
SQX-XAUUSD-H4-c762b58aab86,SUPPORTED,
SQX-EURUSD-H1-c76304652863,SUPPORTED,
SQX-XAUUSD-H4-c764d1a09f1a,SUPPORTED,
SQX-USDJPY-H1-c7662d32527d,SUPPORTED,
SQX-XAUUSD-H4-c769454fd3d6,SUPPORTED,
SQX-EURUSD-H1-c77029002374,SUPPORTED,
SQX-XAUUSD-H4-c77d36076a9f,SUPPORTED,
SQX-USDJPY-H4-c77f182256ec,SUPPORTED,
SQX-XAUUSD-H4-c78762b4f522,SUPPORTED,
SQX-EURUSD-H1-c78f25534622,SUPPORTED,
SQX-USDJPY-H4-c79ebe3e923c,SUPPORTED,
SQX-XAUUSD-H4-c7a477377941,SUPPORTED,
SQX-NZDUSD-H4-c7a5e0591f45,SUPPORTED,
SQX-USDJPY-H1-c7b3c2df3141,SUPPORTED,
SQX-USDJPY-M15-c7ba2b930fd2,SUPPORTED,
SQX-XAUUSD-H1-c7bb42cce450,SUPPORTED,
SQX-GBPUSD-H4-c7bcad34d845,SUPPORTED,
SQX-XAUUSD-H1-c7c50562871a,SUPPORTED,
SQX-XAUUSD-H4-c7d35f4db688,SUPPORTED,
SQX-USDCAD-H4-c7d71c5f2c7d,SUPPORTED,
SQX-XAUUSD-H4-c7d7beb41e27,SUPPORTED,
SQX-EURUSD-H4-c7e15c815307,SUPPORTED,
SQX-XAUUSD-H4-c7eac1a979a9,SUPPORTED,
SQX-EURUSD-H1-c7eaf12ed385,SUPPORTED,
SQX-EURUSD-H4-c7ede45af5a1,SUPPORTED,
SQX-USDJPY-H4-c7fada73122c,SUPPORTED,
SQX-USDJPY-M15-c7fc0d87a988,SUPPORTED,
SQX-XAUUSD-H4-c7fede37449e,SUPPORTED,
SQX-USDCAD-H4-c80af6855684,SUPPORTED,
SQX-XAUUSD-H1-c80b551136fa,SUPPORTED,
SQX-EURUSD-H1-c816d0bfa6e0,SUPPORTED,
SQX-USDJPY-H4-c816ee6123d1,SUPPORTED,
SQX-XAUUSD-H1-c81a6556d637,SUPPORTED,
SQX-XAUUSD-H1-c828732ba555,SUPPORTED,
SQX-USDCHF-H4-c82ac7736660,SUPPORTED,
SQX-GBPUSD-H4-c82c206c0ca6,SUPPORTED,
SQX-EURUSD-H1-c82e2fe63593,SUPPORTED,
SQX-EURUSD-H1-c84455ebcca4,SUPPORTED,
SQX-XAUUSD-H1-c851b6e21de7,SUPPORTED,
SQX-XAUUSD-H4-c8564df990f3,SUPPORTED,
SQX-USDJPY-H4-c85775c7267b,SUPPORTED,
SQX-USDJPY-H4-c86dbc55ca97,SUPPORTED,
SQX-USDJPY-H1-c87cb2698c5a,SUPPORTED,
SQX-USDCAD-H4-c87fc83f5ba5,SUPPORTED,
SQX-EURUSD-H1-c88c9729b342,SUPPORTED,
SQX-XAUUSD-H4-c896ec4f1d87,SUPPORTED,
SQX-GBPUSD-H1-c89b175f25f0,SUPPORTED,
SQX-XAUUSD-H4-c8a006d07846,SUPPORTED,
SQX-XAUUSD-H4-c8a99dc04858,SUPPORTED,
SQX-XAUUSD-H4-c8b248c20c18,SUPPORTED,
SQX-USDJPY-H1-c8b28a0d078b,SUPPORTED,
SQX-XAUUSD-H4-c8b2dd47828b,SUPPORTED,
SQX-XAUUSD-H1-c8b3b9e1ef36,SUPPORTED,
SQX-USDCHF-H4-c8ba36fc2a1a,SUPPORTED,
SQX-XAUUSD-H4-c8bb51e4d694,SUPPORTED,
SQX-XAUUSD-H4-c8bf488fc54e,SUPPORTED,
SQX-XAUUSD-H4-c8c4c6d233dc,SUPPORTED,
SQX-XAUUSD-H4-c8e2c8badb50,SUPPORTED,
SQX-XAUUSD-H1-c8f265d725c3,SUPPORTED,
SQX-GBPUSD-H4-c8f512752ded,SUPPORTED,
SQX-USDJPY-H1-c8f6ac56999d,SUPPORTED,
SQX-EURUSD-H1-c8fbea22514b,SUPPORTED,
SQX-XAUUSD-H4-c912a9a7b55a,SUPPORTED,
SQX-XAUUSD-H4-c912cec55c9a,SUPPORTED,
SQX-USDJPY-H4-c91452faf22d,SUPPORTED,
SQX-GBPUSD-H4-c9188886d0d7,SUPPORTED,
SQX-USDCAD-H4-c9275581bfd1,SUPPORTED,
SQX-XAUUSD-H4-c9292d2a5f80,SUPPORTED,
SQX-XAUUSD-H4-c92ce48ce838,SUPPORTED,
SQX-XAUUSD-H4-c93292101155,SUPPORTED,
SQX-GBPUSD-H4-c93ec4c21225,SUPPORTED,
SQX-USDJPY-H4-c940899ffc30,SUPPORTED,
SQX-USDJPY-H4-c9465a65253d,SUPPORTED,
SQX-USDJPY-H1-c947f1e571c7,SUPPORTED,
SQX-GBPUSD-M15-c94b85b5066e,SUPPORTED,
SQX-XAUUSD-H4-c951bcfe4529,SUPPORTED,
SQX-XAUUSD-H4-c95479ed0108,SUPPORTED,
SQX-USDJPY-H4-c95a3acea0f2,SUPPORTED,
SQX-USDJPY-H4-c95d36446e69,SUPPORTED,
SQX-USDJPY-H4-c963438b22ea,SUPPORTED,
SQX-USDJPY-H1-c9696c5dfcbd,SUPPORTED,
SQX-XAUUSD-H1-c9748a698226,SUPPORTED,
SQX-XAUUSD-H4-c974e12ea713,SUPPORTED,
SQX-EURUSD-H4-c9754b464271,SUPPORTED,
SQX-XAUUSD-H4-c97650a30370,SUPPORTED,
SQX-XAUUSD-H4-c97a0c0e1c9f,SUPPORTED,
SQX-USDJPY-H4-c97ad8aebe99,SUPPORTED,
SQX-XAUUSD-H4-c98503f187a4,SUPPORTED,
SQX-USDJPY-H4-c988da8efd4f,SUPPORTED,
SQX-XAUUSD-H4-c98bfe1578e5,SUPPORTED,
SQX-XAUUSD-H4-c98cfed72e28,SUPPORTED,
SQX-EURUSD-M15-c98f4fb77cdd,SUPPORTED,
SQX-XAUUSD-H4-c98f51833d70,SUPPORTED,
SQX-USDJPY-H4-c99251a8cb87,SUPPORTED,
SQX-XAUUSD-H4-c996e084d401,SUPPORTED,
SQX-XAUUSD-H4-c9a00ab0e299,SUPPORTED,
SQX-XAUUSD-H1-c9a1afc08e73,SUPPORTED,
SQX-USDCHF-H4-c9a4385a02db,SUPPORTED,
SQX-XAUUSD-H4-c9a741e23560,SUPPORTED,
SQX-USDJPY-H4-c9b178081500,SUPPORTED,
SQX-NZDUSD-H4-c9b30b8b3202,SUPPORTED,
SQX-USDCAD-H4-c9b6c137cc3f,SUPPORTED,
SQX-XAUUSD-H4-c9b9c701e678,SUPPORTED,
SQX-USDJPY-H1-c9c46ee36767,SUPPORTED,
SQX-USDCHF-H4-c9d2d59fed31,SUPPORTED,
SQX-XAUUSD-H4-c9dd865596db,SUPPORTED,
SQX-USDJPY-H4-c9e0fee759b1,SUPPORTED,
SQX-EURUSD-H1-c9e2e58e1912,SUPPORTED,
SQX-XAUUSD-H4-c9ec5d4bb9d8,SUPPORTED,
SQX-USDJPY-H4-c9f67a70d10d,SUPPORTED,
SQX-XAUUSD-H4-c9f736863d7c,SUPPORTED,
SQX-XAUUSD-H4-ca00dddd2300,SUPPORTED,
SQX-XAUUSD-H4-ca0cce3ac678,SUPPORTED,
SQX-XAUUSD-H4-ca237a89fbca,SUPPORTED,
SQX-XAUUSD-H4-ca245c411617,SUPPORTED,
SQX-GBPUSD-H1-ca25044969b6,SUPPORTED,
SQX-XAUUSD-H4-ca2594ce4003,SUPPORTED,
SQX-XAUUSD-H1-ca31dd67f546,SUPPORTED,
SQX-XAUUSD-H4-ca3531b5993e,SUPPORTED,
SQX-USDJPY-H1-ca36d0d92ff6,SUPPORTED,
SQX-USDCHF-H4-ca3a6f07117f,SUPPORTED,
SQX-USDJPY-M15-ca4574a08803,SUPPORTED,
SQX-USDJPY-H4-ca4758a3e70f,SUPPORTED,
SQX-USDJPY-H4-ca4809602eec,SUPPORTED,
SQX-USDJPY-H1-ca48ebd58c61,SUPPORTED,
SQX-XAUUSD-H4-ca48f6e562b2,SUPPORTED,
SQX-USDJPY-M15-ca495acdbddf,SUPPORTED,
SQX-XAUUSD-H4-ca4ae0db99ce,SUPPORTED,
SQX-USDCHF-H4-ca4ca2a00656,SUPPORTED,
SQX-XAUUSD-H4-ca4dd4cffe63,SUPPORTED,
SQX-XAUUSD-H4-ca504f7f142f,SUPPORTED,
SQX-XAUUSD-H1-ca515c818bd2,SUPPORTED,
SQX-XAUUSD-H4-ca529451cca3,SUPPORTED,
SQX-XAUUSD-H1-ca54b2441245,SUPPORTED,
SQX-XAUUSD-H4-ca58e1bf1d80,SUPPORTED,
SQX-EURUSD-H1-ca5a10b690e7,SUPPORTED,
SQX-USDJPY-H1-ca624e8a42fa,SUPPORTED,
SQX-USDJPY-H4-ca64f114c0de,SUPPORTED,
SQX-USDJPY-H4-ca672c8aa3d0,SUPPORTED,
SQX-XAUUSD-H1-ca69dd1598b6,SUPPORTED,
SQX-XAUUSD-H4-ca6c4920c757,SUPPORTED,
SQX-XAUUSD-H4-ca6c67e56c5a,SUPPORTED,
SQX-XAUUSD-H4-ca7098983100,SUPPORTED,
SQX-EURUSD-H4-ca7cf886b3d6,SUPPORTED,
SQX-XAUUSD-H4-ca8a1f5dd59d,SUPPORTED,
SQX-GBPUSD-H4-ca9304db4838,SUPPORTED,
SQX-USDJPY-H4-ca97007aeea2,SUPPORTED,
SQX-XAUUSD-H4-caac2b72d19d,SUPPORTED,
SQX-USDJPY-H1-caacd268a044,SUPPORTED,
SQX-XAUUSD-H4-cab0cda685e5,SUPPORTED,
SQX-USDJPY-H4-cabc88a0b843,SUPPORTED,
SQX-XAUUSD-H4-cac2ba9c3088,SUPPORTED,
SQX-XAUUSD-H4-cac51efb3863,SUPPORTED,
SQX-XAUUSD-H1-caceebc4486a,SUPPORTED,
SQX-XAUUSD-H4-cade752154ff,SUPPORTED,
SQX-GBPUSD-H1-cae4cd76d0bc,SUPPORTED,
SQX-NZDUSD-H1-caebfc4a9768,SUPPORTED,
SQX-XAUUSD-H1-caf83f3ca09f,SUPPORTED,
SQX-USDJPY-H4-cafcbc730964,SUPPORTED,
SQX-USDCHF-H1-cafd94f9af94,SUPPORTED,
SQX-XAUUSD-H4-cb015d12343e,SUPPORTED,
SQX-XAUUSD-H1-cb08f8cbe759,SUPPORTED,
SQX-XAUUSD-H1-cb098900f003,SUPPORTED,
SQX-XAUUSD-H4-cb0f28088f67,SUPPORTED,
SQX-XAUUSD-H4-cb14e4efca28,SUPPORTED,
SQX-XAUUSD-H4-cb153c88610c,SUPPORTED,
SQX-XAUUSD-H4-cb16b5da1404,SUPPORTED,
SQX-EURUSD-M15-cb18522d31ba,SUPPORTED,
SQX-XAUUSD-H4-cb1ac7ca6d03,SUPPORTED,
SQX-USDJPY-H1-cb1ed428d7b6,SUPPORTED,
SQX-XAUUSD-H4-cb210e3ea5f3,SUPPORTED,
SQX-XAUUSD-M15-cb27650ed086,SUPPORTED,
SQX-XAUUSD-H4-cb2a881af284,SUPPORTED,
SQX-USDJPY-H1-cb2b63ea1265,SUPPORTED,
SQX-XAUUSD-H4-cb2ea6bedd04,SUPPORTED,
SQX-EURUSD-H4-cb3359417be7,SUPPORTED,
SQX-USDJPY-H4-cb347e2a68c9,SUPPORTED,
SQX-XAUUSD-H4-cb366c399cb4,SUPPORTED,
SQX-EURUSD-H1-cb4137c7da4a,SUPPORTED,
SQX-XAUUSD-H4-cb41d20f69f0,SUPPORTED,
SQX-USDJPY-H1-cb440cf9dc08,SUPPORTED,
SQX-XAUUSD-H1-cb441027d8ac,SUPPORTED,
SQX-USDJPY-H4-cb44db41e77c,SUPPORTED,
SQX-XAUUSD-H4-cb46cfa4a6ce,SUPPORTED,
SQX-EURUSD-H1-cb4723f1a7a2,SUPPORTED,
SQX-USDJPY-H1-cb49aa2ed1b6,SUPPORTED,
SQX-XAUUSD-H4-cb4d1f7eaf4e,SUPPORTED,
SQX-XAUUSD-H4-cb52bc50a1bc,SUPPORTED,
SQX-USDJPY-H1-cb544da19779,SUPPORTED,
SQX-XAUUSD-H4-cb5fa015bab7,SUPPORTED,
SQX-USDJPY-H4-cb604f3a02de,SUPPORTED,
SQX-GBPUSD-M15-cb65587b877a,SUPPORTED,
SQX-USDJPY-H1-cb681a1119ad,SUPPORTED,
SQX-XAUUSD-H1-cb76d64a92d7,SUPPORTED,
SQX-EURUSD-H4-cb79862f32f2,SUPPORTED,
SQX-XAUUSD-H4-cb79da78da4b,SUPPORTED,
SQX-XAUUSD-H4-cb7ca5a46027,SUPPORTED,
SQX-USDJPY-H4-cb7cdc501d92,SUPPORTED,
SQX-XAUUSD-H4-cb7e5ac0ca99,SUPPORTED,
SQX-USDCHF-H4-cb85bbb4b30a,SUPPORTED,
SQX-EURUSD-H1-cb88566aa53d,SUPPORTED,
SQX-GBPUSD-M15-cb8d9df9197e,SUPPORTED,
SQX-USDJPY-H1-cb8f98842d97,SUPPORTED,
SQX-XAUUSD-H4-cb91476f07d3,SUPPORTED,
SQX-USDJPY-H1-cb92537aff21,SUPPORTED,
SQX-USDJPY-H4-cb94b49964ce,SUPPORTED,
SQX-XAUUSD-H1-cb98cae8960c,SUPPORTED,
SQX-GBPUSD-M15-cb997b74dd2c,SUPPORTED,
SQX-EURUSD-H1-cba538ed1c13,SUPPORTED,
SQX-XAUUSD-H4-cbab0de9b5af,SUPPORTED,
SQX-USDJPY-M15-cbae40756497,SUPPORTED,
SQX-GBPUSD-M15-cbaf3c1c15d1,SUPPORTED,
SQX-XAUUSD-H4-cbb0c9646d00,SUPPORTED,
SQX-USDJPY-H4-cbb4fe9b243e,SUPPORTED,
SQX-EURUSD-H4-cbb9f610ffff,SUPPORTED,
SQX-XAUUSD-H4-cbbd7b21e9c8,SUPPORTED,
SQX-XAUUSD-H4-cbd15309d5aa,SUPPORTED,
SQX-EURUSD-H1-cbd27b75d03c,SUPPORTED,
SQX-EURUSD-H4-cbdf61732ca4,SUPPORTED,
SQX-EURUSD-M15-cbe7a25ca829,SUPPORTED,
SQX-XAUUSD-H4-cbee136c5c05,SUPPORTED,
SQX-XAUUSD-H1-cbf246aaa25f,SUPPORTED,
SQX-USDJPY-H4-cbf4a5bad79b,SUPPORTED,
SQX-EURUSD-H1-cbf4e682b20e,SUPPORTED,
SQX-XAUUSD-H1-cbfa71067e79,SUPPORTED,
SQX-XAUUSD-H4-cc043e35c056,SUPPORTED,
SQX-XAUUSD-H1-cc04f7dacc05,SUPPORTED,
SQX-EURUSD-H1-cc05e25de8bc,SUPPORTED,
SQX-USDJPY-H4-cc07d06892da,SUPPORTED,
SQX-XAUUSD-H4-cc0adaaa73e2,SUPPORTED,
SQX-XAUUSD-H4-cc0d0723b79d,SUPPORTED,
SQX-XAUUSD-H4-cc0f0e9800de,SUPPORTED,
SQX-GBPUSD-H4-cc1ef5401e69,SUPPORTED,
SQX-XAUUSD-H4-cc1f95cda60e,SUPPORTED,
SQX-XAUUSD-H4-cc26727ce5bf,SUPPORTED,
SQX-XAUUSD-H4-cc276753cea8,SUPPORTED,
SQX-XAUUSD-H4-cc27b31f5e22,SUPPORTED,
SQX-USDJPY-H4-cc2e3eabea8e,SUPPORTED,
SQX-EURUSD-H4-cc31693666a7,SUPPORTED,
SQX-USDJPY-H4-cc3567649ccf,SUPPORTED,
SQX-XAUUSD-H4-cc3f489dd2e4,SUPPORTED,
SQX-XAUUSD-H4-cc46dbb92995,SUPPORTED,
SQX-EURUSD-M15-cc470cf9284c,SUPPORTED,
SQX-EURUSD-H1-cc499d183443,SUPPORTED,
SQX-GBPUSD-H4-cc4ac0175f48,SUPPORTED,
SQX-XAUUSD-H1-cc4cdcb259ff,SUPPORTED,
SQX-XAUUSD-H4-cc506f1d1322,SUPPORTED,
SQX-XAUUSD-H4-cc54b8dfdd4e,SUPPORTED,
SQX-USDJPY-H4-cc5d50b0d646,SUPPORTED,
SQX-XAUUSD-H4-cc658fcc1624,SUPPORTED,
SQX-XAUUSD-H4-cc65bbaf0ea5,SUPPORTED,
SQX-GBPUSD-H4-cc667ed0abca,SUPPORTED,
SQX-USDJPY-H4-cc6688cf118c,SUPPORTED,
SQX-XAUUSD-H4-cc693c85e248,SUPPORTED,
SQX-EURUSD-H1-cc6cbb6de3c3,SUPPORTED,
SQX-XAUUSD-H4-cc80d1d3e7e1,SUPPORTED,
SQX-GBPUSD-H4-cc83ce1c7f38,SUPPORTED,
SQX-XAUUSD-H4-cc85e30db25a,SUPPORTED,
SQX-XAUUSD-H4-cc866a65f23e,SUPPORTED,
SQX-EURUSD-H1-cc888f180122,SUPPORTED,
SQX-EURUSD-H1-cc8da47ed06b,SUPPORTED,
SQX-USDJPY-H1-cc8ed4719a4b,SUPPORTED,
SQX-EURUSD-H4-cc8f15e3abb3,SUPPORTED,
SQX-XAUUSD-H4-cc92ebd62a14,SUPPORTED,
SQX-XAUUSD-H4-cc9efcb6a5a6,SUPPORTED,
SQX-GBPUSD-M15-cca0c5655f72,SUPPORTED,
SQX-EURUSD-H1-cca5e4e5c50c,SUPPORTED,
SQX-NZDUSD-H4-cca6e00d25ab,SUPPORTED,
SQX-XAUUSD-H4-ccb3f4b8dc2f,SUPPORTED,
SQX-XAUUSD-H4-ccb437ea1274,SUPPORTED,
SQX-EURUSD-H4-ccb9697a3ac9,SUPPORTED,
SQX-GBPUSD-H1-ccbe6d073a53,SUPPORTED,
SQX-XAUUSD-H4-cccf5b848671,SUPPORTED,
SQX-XAUUSD-H1-ccda2c3429d6,SUPPORTED,
SQX-XAUUSD-H1-ccdec4876c32,SUPPORTED,
SQX-GBPUSD-M15-cce5afe86741,SUPPORTED,
SQX-USDJPY-H4-ccedb66f14d2,SUPPORTED,
SQX-GBPUSD-M15-ccf5c21e3992,SUPPORTED,
SQX-EURUSD-H4-ccffdc810a52,SUPPORTED,
SQX-XAUUSD-H4-cd1a7a8af020,SUPPORTED,
SQX-USDJPY-H4-cd24843372d2,SUPPORTED,
SQX-USDJPY-H4-cd26b32382d1,SUPPORTED,
SQX-XAUUSD-H4-cd28741f69dd,SUPPORTED,
SQX-USDJPY-H4-cd296ed2686b,SUPPORTED,
SQX-XAUUSD-H4-cd2d61c4841d,SUPPORTED,
SQX-USDJPY-H4-cd2e0c04fcae,SUPPORTED,
SQX-USDJPY-H4-cd2f21d95803,SUPPORTED,
SQX-XAUUSD-H4-cd369273113e,SUPPORTED,
SQX-GBPUSD-M15-cd36ae57e3e3,SUPPORTED,
SQX-USDCHF-H4-cd37b9df4aea,SUPPORTED,
SQX-EURUSD-H1-cd395b7e625e,SUPPORTED,
SQX-XAUUSD-H4-cd3ce740cb8d,SUPPORTED,
SQX-XAUUSD-H4-cd3fece9af08,SUPPORTED,
SQX-XAUUSD-H1-cd404a6dd01b,SUPPORTED,
SQX-GBPUSD-H1-cd421d538c3e,SUPPORTED,
SQX-XAUUSD-H4-cd45077258c1,SUPPORTED,
SQX-EURUSD-H4-cd48a2fce56b,SUPPORTED,
SQX-XAUUSD-H4-cd4d010b31e4,SUPPORTED,
SQX-XAUUSD-H4-cd4e8affb111,SUPPORTED,
SQX-XAUUSD-H4-cd5b7cfd451b,SUPPORTED,
SQX-USDJPY-H1-cd5fa67f3ca4,SUPPORTED,
SQX-XAUUSD-H4-cd69ff9fbf50,SUPPORTED,
SQX-USDJPY-H1-cd6c9356fefe,SUPPORTED,
SQX-XAUUSD-H4-cd7360e48abc,SUPPORTED,
SQX-XAUUSD-H1-cd78ee123915,SUPPORTED,
SQX-XAUUSD-H4-cd7ce0454a03,SUPPORTED,
SQX-GBPUSD-H1-cd7e71667b4f,SUPPORTED,
SQX-GBPUSD-H4-cd80ea3bfc31,SUPPORTED,
SQX-USDJPY-H1-cd8295a6e159,SUPPORTED,
SQX-GBPUSD-H4-cd8644f3bc38,SUPPORTED,
SQX-NZDUSD-H4-cd864abd50ae,SUPPORTED,
SQX-USDCAD-H4-cd8fecd0e2cb,SUPPORTED,
SQX-USDJPY-H4-cd94ddfdb0e4,SUPPORTED,
SQX-EURUSD-H4-cd9d39a94885,SUPPORTED,
SQX-XAUUSD-H1-cda33d481240,SUPPORTED,
SQX-XAUUSD-H4-cdaade48f033,SUPPORTED,
SQX-XAUUSD-H4-cdbf5138afd5,SUPPORTED,
SQX-GBPUSD-H4-cdc60bbbf1c0,SUPPORTED,
SQX-GBPUSD-M15-cdc718c1710e,SUPPORTED,
SQX-USDJPY-H1-cdc966232182,SUPPORTED,
SQX-USDJPY-H1-cdd0aa65d6fb,SUPPORTED,
SQX-USDCAD-H4-cdd3d0195e81,SUPPORTED,
SQX-XAUUSD-H1-cdd68b3190f6,SUPPORTED,
SQX-EURUSD-H1-cdd7d499036b,SUPPORTED,
SQX-XAUUSD-H4-cdde9b85c7b1,SUPPORTED,
SQX-USDJPY-H1-cddf50aec596,SUPPORTED,
SQX-XAUUSD-H4-cde25d241a19,SUPPORTED,
SQX-XAUUSD-H1-cde3ac2c705d,SUPPORTED,
SQX-XAUUSD-H4-cdf5b23766a6,SUPPORTED,
SQX-XAUUSD-H4-cdfcb2aa5e8d,SUPPORTED,
SQX-USDJPY-H4-cdfcdd4c151c,SUPPORTED,
SQX-XAUUSD-H4-ce0032853bfd,SUPPORTED,
SQX-XAUUSD-H4-ce08ed83f242,SUPPORTED,
SQX-XAUUSD-H4-ce0ccad4cd87,SUPPORTED,
SQX-XAUUSD-H4-ce1ad32a44e6,SUPPORTED,
SQX-XAUUSD-H4-ce278541e94e,SUPPORTED,
SQX-XAUUSD-H4-ce279b4b3b89,SUPPORTED,
SQX-XAUUSD-H4-ce28b3387c87,SUPPORTED,
SQX-XAUUSD-H4-ce2b5d47caec,SUPPORTED,
SQX-XAUUSD-M15-ce442b1ed5d6,SUPPORTED,
SQX-EURUSD-H1-ce4f646aef03,SUPPORTED,
SQX-EURUSD-H1-ce56546e088d,SUPPORTED,
SQX-USDJPY-H1-ce58ec5c4a8a,SUPPORTED,
SQX-XAUUSD-H4-ce5927bf9191,SUPPORTED,
SQX-XAUUSD-H4-ce59e8fe0891,SUPPORTED,
SQX-XAUUSD-H1-ce5ae8aa87e1,SUPPORTED,
SQX-XAUUSD-H4-ce5bc963ceb6,SUPPORTED,
SQX-XAUUSD-H4-ce5ec9c743f2,SUPPORTED,
SQX-USDJPY-H4-ce6355c4f581,SUPPORTED,
SQX-USDJPY-H4-ce663aea01f3,SUPPORTED,
SQX-XAUUSD-H4-ce6b1f730fb8,SUPPORTED,
SQX-XAUUSD-H4-ce6c255d4013,SUPPORTED,
SQX-USDCHF-H4-ce6c2863a068,SUPPORTED,
SQX-XAUUSD-H4-ce6de8841a7c,SUPPORTED,
SQX-USDJPY-H4-ce6e9937e81d,SUPPORTED,
SQX-XAUUSD-H4-ce72664fc62b,SUPPORTED,
SQX-XAUUSD-H1-ce728b4c9b11,SUPPORTED,
SQX-EURUSD-H1-ce782118404d,SUPPORTED,
SQX-EURUSD-H1-ce7a7791ffe4,SUPPORTED,
SQX-XAUUSD-H4-ce847a817ddc,SUPPORTED,
SQX-USDJPY-H4-ce84fc233412,SUPPORTED,
SQX-XAUUSD-H4-ce863212a751,SUPPORTED,
SQX-USDJPY-H4-ce86bf9f0e8a,SUPPORTED,
SQX-XAUUSD-H4-ce897b5969ce,SUPPORTED,
SQX-GBPUSD-H4-ce90b8c8a1a6,SUPPORTED,
SQX-USDJPY-H4-ce94d07fc6dd,SUPPORTED,
SQX-USDJPY-M15-ce968918c5ac,SUPPORTED,
SQX-USDJPY-M15-ce9c05ab88fb,SUPPORTED,
SQX-EURUSD-H1-ce9f7fc2a8e2,SUPPORTED,
SQX-USDJPY-M15-cea3bbec1abe,SUPPORTED,
SQX-XAUUSD-H4-cea6e9ba98b0,SUPPORTED,
SQX-EURUSD-H1-cea95c04967b,SUPPORTED,
SQX-XAUUSD-H4-ceac9f2eb578,SUPPORTED,
SQX-USDJPY-H4-ceb11ebd6471,SUPPORTED,
SQX-XAUUSD-H4-ceb62385a1bd,SUPPORTED,
SQX-USDCHF-H4-cebd191b9ce6,SUPPORTED,
SQX-USDJPY-H1-cebfc9fac743,SUPPORTED,
SQX-USDJPY-H1-cec70de75cab,SUPPORTED,
SQX-XAUUSD-H1-cec771de2984,SUPPORTED,
SQX-XAUUSD-H1-cec79804dd43,SUPPORTED,
SQX-USDJPY-H4-cec9c08dfea3,SUPPORTED,
SQX-EURUSD-H1-cecc385ab6d5,SUPPORTED,
SQX-XAUUSD-H4-ceded88986c1,SUPPORTED,
SQX-USDJPY-H4-cee632b7e426,SUPPORTED,
SQX-USDJPY-H4-ceeacfe5990e,SUPPORTED,
SQX-XAUUSD-H4-ceecca42cc07,SUPPORTED,
SQX-EURUSD-H1-cef51844b0ef,SUPPORTED,
SQX-XAUUSD-H4-cef6129c256a,SUPPORTED,
SQX-EURUSD-H1-cf0c647ab596,SUPPORTED,
SQX-USDJPY-H1-cf0ee463562f,SUPPORTED,
SQX-USDCHF-H4-cf142c776be4,SUPPORTED,
SQX-USDJPY-H4-cf1562107642,SUPPORTED,
SQX-XAUUSD-H4-cf176b917574,SUPPORTED,
SQX-XAUUSD-H4-cf2533185cca,SUPPORTED,
SQX-USDJPY-H4-cf26f48cb223,SUPPORTED,
SQX-XAUUSD-H4-cf2d65201962,SUPPORTED,
SQX-USDJPY-H4-cf2ebad1c292,SUPPORTED,
SQX-XAUUSD-H1-cf2feebf0c44,SUPPORTED,
SQX-XAUUSD-H1-cf34046d505c,SUPPORTED,
SQX-EURUSD-H4-cf3c27a49854,SUPPORTED,
SQX-XAUUSD-H4-cf40c1bbada6,SUPPORTED,
SQX-USDJPY-H4-cf4548a6ccef,SUPPORTED,
SQX-USDJPY-H4-cf4bc0a48bc2,SUPPORTED,
SQX-XAUUSD-H4-cf506b88ce0e,SUPPORTED,
SQX-USDJPY-H1-cf537f96d7e4,SUPPORTED,
SQX-XAUUSD-H4-cf54c20755b7,SUPPORTED,
SQX-USDJPY-H1-cf625f962b45,SUPPORTED,
SQX-XAUUSD-H4-cf647dc1aba9,SUPPORTED,
SQX-XAUUSD-H4-cf6967c5a7ca,SUPPORTED,
SQX-XAUUSD-H4-cf6cca08ad4f,SUPPORTED,
SQX-USDCHF-H4-cf6f6b4fa866,SUPPORTED,
SQX-EURUSD-H1-cf7103798cf1,SUPPORTED,
SQX-XAUUSD-H1-cf75d5fa3204,SUPPORTED,
SQX-EURUSD-H4-cf76a725350c,SUPPORTED,
SQX-XAUUSD-H4-cf8295e20b64,SUPPORTED,
SQX-EURUSD-H1-cf8f40d6efe9,SUPPORTED,
SQX-USDCHF-H4-cf906db7d3bc,SUPPORTED,
SQX-XAUUSD-H4-cf96dc8d0058,SUPPORTED,
SQX-XAUUSD-H4-cf9e3999434a,SUPPORTED,
SQX-USDJPY-H1-cfa52cc35e43,SUPPORTED,
SQX-USDJPY-H1-cfb6f49d8951,SUPPORTED,
SQX-USDCAD-H4-cfbdcc67b184,SUPPORTED,
SQX-USDJPY-H1-cfc838748b22,SUPPORTED,
SQX-XAUUSD-H4-cfc94fafd25c,SUPPORTED,
SQX-EURUSD-H1-cfccfa2a93f2,SUPPORTED,
SQX-XAUUSD-H4-cfd07c7e3b53,SUPPORTED,
SQX-GBPUSD-H1-cfd7d1857ce9,SUPPORTED,
SQX-USDJPY-H4-cfdd37952074,SUPPORTED,
SQX-EURUSD-H4-cfde39bf85e1,SUPPORTED,
SQX-XAUUSD-H1-cfe309f01553,SUPPORTED,
SQX-USDJPY-H1-cff32185bab8,SUPPORTED,
SQX-USDCHF-H4-cff643c73e43,SUPPORTED,
SQX-XAUUSD-H4-cff73eea297c,SUPPORTED,
SQX-XAUUSD-H4-d009118b2dd3,SUPPORTED,
SQX-XAUUSD-H4-d00b5ef75135,SUPPORTED,
SQX-XAUUSD-H4-d0167528b5ba,SUPPORTED,
SQX-XAUUSD-H1-d01df54577f1,SUPPORTED,
SQX-XAUUSD-H1-d01eb9fa8597,SUPPORTED,
SQX-USDCHF-H4-d02000ce6014,SUPPORTED,
SQX-XAUUSD-H1-d03a4ba18b86,SUPPORTED,
SQX-EURUSD-H4-d03aa01b0910,SUPPORTED,
SQX-USDJPY-H4-d042957a06d0,SUPPORTED,
SQX-GBPUSD-H4-d049c3936bfa,SUPPORTED,
SQX-XAUUSD-H1-d05305996e43,SUPPORTED,
SQX-EURUSD-H1-d05437e23984,SUPPORTED,
SQX-XAUUSD-H4-d0633fe1f520,SUPPORTED,
SQX-USDCAD-H4-d07ab74786bd,SUPPORTED,
SQX-XAUUSD-H4-d0818e32e4f6,SUPPORTED,
SQX-XAUUSD-H4-d08a85956ae0,SUPPORTED,
SQX-XAUUSD-H4-d08b393a736a,SUPPORTED,
SQX-USDJPY-H1-d08c4e19f7b7,SUPPORTED,
SQX-XAUUSD-H4-d092c741c8f4,SUPPORTED,
SQX-USDJPY-M15-d0958ef39971,SUPPORTED,
SQX-XAUUSD-H4-d09b9687ab41,SUPPORTED,
SQX-XAUUSD-H4-d09cf06d1d09,SUPPORTED,
SQX-EURUSD-H1-d0a460d3557a,SUPPORTED,
SQX-XAUUSD-H4-d0a7abf369bb,SUPPORTED,
SQX-XAUUSD-H1-d0af5520afd1,SUPPORTED,
SQX-USDJPY-H1-d0b832a7cbd4,SUPPORTED,
SQX-XAUUSD-H4-d0bbda87a6a7,SUPPORTED,
SQX-USDCAD-H4-d0bcfcef3895,SUPPORTED,
SQX-EURUSD-H4-d0be1c9c3f81,SUPPORTED,
SQX-USDCHF-H4-d0cb9a6bb4ed,SUPPORTED,
SQX-GBPUSD-H1-d0cc2c75bc28,SUPPORTED,
SQX-USDJPY-H4-d0dcf5893729,SUPPORTED,
SQX-XAUUSD-H4-d0e90f9f2ba9,SUPPORTED,
SQX-XAUUSD-H4-d0efdf238fcd,SUPPORTED,
SQX-XAUUSD-H4-d0f0921a7d5e,SUPPORTED,
SQX-EURUSD-H1-d0f0b49cc9fa,SUPPORTED,
SQX-XAUUSD-H4-d0f1577a19b6,SUPPORTED,
SQX-XAUUSD-H4-d0f8a7b8d633,SUPPORTED,
SQX-XAUUSD-H4-d10bc32b9c7f,SUPPORTED,
SQX-GBPUSD-H4-d10bd2b55046,SUPPORTED,
SQX-USDJPY-H1-d10f29ea60aa,SUPPORTED,
SQX-USDJPY-H1-d1191eb0581d,SUPPORTED,
SQX-USDJPY-H4-d1197f6c9342,SUPPORTED,
SQX-GBPUSD-M15-d12452d47cdc,SUPPORTED,
SQX-USDJPY-H1-d12d3b1450f5,SUPPORTED,
SQX-XAUUSD-H4-d132b7561b0b,SUPPORTED,
SQX-USDJPY-H1-d133e2dbe843,SUPPORTED,
SQX-USDJPY-H1-d139b305731e,SUPPORTED,
SQX-XAUUSD-H4-d13ad239d8b3,SUPPORTED,
SQX-EURUSD-H1-d13b245cc26e,SUPPORTED,
SQX-USDCHF-H4-d14425eb9e0a,SUPPORTED,
SQX-NZDUSD-H4-d1442c0822af,SUPPORTED,
SQX-XAUUSD-H1-d14e20f8c7b4,SUPPORTED,
SQX-XAUUSD-H1-d14e39c46ec4,SUPPORTED,
SQX-USDJPY-H4-d1518f7c1eab,SUPPORTED,
SQX-USDJPY-H4-d152f42c4fc3,SUPPORTED,
SQX-XAUUSD-H4-d153e2ea2895,SUPPORTED,
SQX-XAUUSD-H1-d154057dd8e0,SUPPORTED,
SQX-USDCAD-H4-d157ab511c12,SUPPORTED,
SQX-GBPUSD-H4-d15bf9eaade8,SUPPORTED,
SQX-EURUSD-H4-d161d6c81309,SUPPORTED,
SQX-XAUUSD-H4-d16d26d60d33,SUPPORTED,
SQX-GBPUSD-H4-d170af68d2cc,SUPPORTED,
SQX-USDJPY-H1-d17ef073a2c6,SUPPORTED,
SQX-USDJPY-H4-d18f995369b4,SUPPORTED,
SQX-EURUSD-H1-d19bb6d8a854,SUPPORTED,
SQX-XAUUSD-H4-d1abea852236,SUPPORTED,
SQX-XAUUSD-H4-d1ac2cc29d57,SUPPORTED,
SQX-XAUUSD-H4-d1b0e2217991,SUPPORTED,
SQX-EURUSD-H4-d1b4bb3d197b,SUPPORTED,
SQX-XAUUSD-H1-d1b4bcf01800,SUPPORTED,
SQX-GBPUSD-H4-d1c3ad8de650,SUPPORTED,
SQX-EURUSD-H1-d1cea698bff7,SUPPORTED,
SQX-USDJPY-H4-d1d12f8fab9e,SUPPORTED,
SQX-XAUUSD-H4-d1d21035686b,SUPPORTED,
SQX-XAUUSD-H4-d1d29ae5229f,SUPPORTED,
SQX-GBPUSD-H1-d1d72cd2ea61,SUPPORTED,
SQX-XAUUSD-H4-d1dbae36a942,SUPPORTED,
SQX-USDJPY-H4-d1dd1f1870f5,SUPPORTED,
SQX-USDCHF-H4-d1df06617608,SUPPORTED,
SQX-XAUUSD-H4-d1ef4f76da10,SUPPORTED,
SQX-USDJPY-H1-d1f0852e2a9d,SUPPORTED,
SQX-GBPUSD-H4-d1f31ea9d748,SUPPORTED,
SQX-XAUUSD-H1-d1f7428d6593,SUPPORTED,
SQX-XAUUSD-H4-d200a45d5791,SUPPORTED,
SQX-USDCAD-H4-d20ab26149ae,SUPPORTED,
SQX-XAUUSD-H4-d212873afae2,SUPPORTED,
SQX-XAUUSD-H1-d2166f40574e,SUPPORTED,
SQX-EURUSD-H4-d2228d8ddf92,SUPPORTED,
SQX-USDJPY-H1-d226d40e7cea,SUPPORTED,
SQX-USDJPY-H4-d2281123b958,SUPPORTED,
SQX-XAUUSD-H4-d22a811773a0,SUPPORTED,
SQX-USDCHF-H4-d22bad1f5f84,SUPPORTED,
SQX-XAUUSD-H4-d22c78b1e2d3,SUPPORTED,
SQX-EURUSD-H4-d23063e99b6c,SUPPORTED,
SQX-XAUUSD-H1-d23121e2b391,SUPPORTED,
SQX-XAUUSD-H4-d23516f6e3f9,SUPPORTED,
SQX-GBPUSD-H4-d23905c3aca0,SUPPORTED,
SQX-XAUUSD-H1-d23e03cf9825,SUPPORTED,
SQX-USDCAD-H1-d24bbd68848b,SUPPORTED,
SQX-NZDUSD-H4-d24c365314fd,SUPPORTED,
SQX-USDJPY-H4-d2574a6fab4d,SUPPORTED,
SQX-XAUUSD-H4-d257cc314b67,SUPPORTED,
SQX-USDJPY-H4-d25bdcc975d5,SUPPORTED,
SQX-XAUUSD-H4-d25ef8b3dc7a,SUPPORTED,
SQX-USDJPY-H1-d25f0e5d7433,SUPPORTED,
SQX-XAUUSD-H1-d26c93e11b69,SUPPORTED,
SQX-XAUUSD-H4-d27c326e5d11,SUPPORTED,
SQX-XAUUSD-H4-d27d427c8503,SUPPORTED,
SQX-XAUUSD-H1-d289bbcdd62e,SUPPORTED,
SQX-XAUUSD-H4-d290662d7893,SUPPORTED,
SQX-USDCHF-H4-d29080b453a3,SUPPORTED,
SQX-XAUUSD-H4-d29429163898,SUPPORTED,
SQX-XAUUSD-H4-d299f888fb73,SUPPORTED,
SQX-XAUUSD-H4-d2a0cd41cfdd,SUPPORTED,
SQX-USDCHF-H4-d2b170a86139,SUPPORTED,
SQX-XAUUSD-H4-d2b7f64a63cf,SUPPORTED,
SQX-USDJPY-H4-d2bcc5ceedeb,SUPPORTED,
SQX-USDCHF-H4-d2c09503c98e,SUPPORTED,
SQX-XAUUSD-H4-d2c19aa6d6be,SUPPORTED,
SQX-XAUUSD-H4-d2c201baa9e8,SUPPORTED,
SQX-EURUSD-H4-d2c3adb68d67,SUPPORTED,
SQX-XAUUSD-H4-d2c807c8db68,SUPPORTED,
SQX-XAUUSD-H4-d2d5b9b79481,SUPPORTED,
SQX-USDJPY-H1-d2dd27428ec7,SUPPORTED,
SQX-GBPUSD-H1-d2e04fb5f87b,SUPPORTED,
SQX-GBPUSD-H1-d2eb6d3be97d,SUPPORTED,
SQX-EURUSD-H1-d2ee977abced,SUPPORTED,
SQX-XAUUSD-H4-d2ef06f1bb09,SUPPORTED,
SQX-XAUUSD-H4-d2fddc60cd1a,SUPPORTED,
SQX-USDJPY-M15-d3019dae7259,SUPPORTED,
SQX-XAUUSD-H4-d303f03bcc3f,SUPPORTED,
SQX-USDJPY-H1-d30630087e72,SUPPORTED,
SQX-USDJPY-H1-d30825f47af1,SUPPORTED,
SQX-XAUUSD-H1-d31038cd2927,SUPPORTED,
SQX-GBPUSD-H1-d310df83dc0c,SUPPORTED,
SQX-XAUUSD-H4-d31280a3b4cd,SUPPORTED,
SQX-USDCAD-H4-d31cc6e1052c,SUPPORTED,
SQX-XAUUSD-H1-d31e8b6fb53a,SUPPORTED,
SQX-EURUSD-H1-d31fd557d2f5,SUPPORTED,
SQX-XAUUSD-H1-d3212a87aeee,SUPPORTED,
SQX-XAUUSD-H4-d32a03a42682,SUPPORTED,
SQX-USDJPY-H4-d331013cab8d,SUPPORTED,
SQX-USDJPY-H4-d33a6790bc75,SUPPORTED,
SQX-USDJPY-H1-d345162ce1c8,SUPPORTED,
SQX-EURUSD-H1-d34567c66fcf,SUPPORTED,
SQX-USDJPY-H4-d351235517f6,SUPPORTED,
SQX-XAUUSD-H4-d353733f8c6c,SUPPORTED,
SQX-USDCHF-H4-d357d6755cc9,SUPPORTED,
SQX-USDCHF-H4-d357e24a0f4b,SUPPORTED,
SQX-USDJPY-H4-d3605e05c10a,SUPPORTED,
SQX-XAUUSD-H4-d369ad355413,SUPPORTED,
SQX-GBPUSD-H4-d371de9570f1,SUPPORTED,
SQX-USDJPY-H1-d37f33de30e6,SUPPORTED,
SQX-GBPUSD-H1-d3842df1a66d,SUPPORTED,
SQX-GBPUSD-H4-d38e87ba3787,SUPPORTED,
SQX-EURUSD-H1-d399572e9d62,SUPPORTED,
SQX-USDJPY-H4-d39d952e9778,SUPPORTED,
SQX-XAUUSD-H1-d3a361033ba8,SUPPORTED,
SQX-USDJPY-H1-d3a681639179,SUPPORTED,
SQX-EURUSD-H1-d3abe45585bf,SUPPORTED,
SQX-XAUUSD-H4-d3afabe9cc85,SUPPORTED,
SQX-XAUUSD-H4-d3b186d905c4,SUPPORTED,
SQX-EURUSD-H1-d3b4c1add43b,SUPPORTED,
SQX-XAUUSD-H4-d3b4f0dda0ea,SUPPORTED,
SQX-USDJPY-H1-d3bb6a2def7a,SUPPORTED,
SQX-XAUUSD-H4-d3c69e4d0b20,SUPPORTED,
SQX-EURUSD-H1-d3cae3e83972,SUPPORTED,
SQX-XAUUSD-H1-d3cbb14a685a,SUPPORTED,
SQX-USDJPY-H4-d3da17b879ee,SUPPORTED,
SQX-XAUUSD-H4-d3e75139c986,SUPPORTED,
SQX-EURUSD-H1-d3e7d0341650,SUPPORTED,
SQX-GBPUSD-H1-d3e83b0268ff,SUPPORTED,
SQX-USDJPY-H1-d3e8b51a366f,SUPPORTED,
SQX-USDJPY-H4-d3e8bedb9a01,SUPPORTED,
SQX-XAUUSD-H4-d3ec75c9a2d5,SUPPORTED,
SQX-USDJPY-H4-d3ed56e2a0ee,SUPPORTED,
SQX-XAUUSD-H4-d3f0c02b86b1,SUPPORTED,
SQX-USDJPY-H4-d4056f28a627,SUPPORTED,
SQX-XAUUSD-H4-d409a41a42fd,SUPPORTED,
SQX-EURUSD-H4-d40a64ca1c5a,SUPPORTED,
SQX-NZDUSD-H4-d412afbcd28a,SUPPORTED,
SQX-XAUUSD-H1-d4167cf9b23a,SUPPORTED,
SQX-USDCHF-H4-d41dc6ef5000,SUPPORTED,
SQX-USDJPY-H4-d4202cd02f31,SUPPORTED,
SQX-EURUSD-H4-d42236994f3e,SUPPORTED,
SQX-EURUSD-H4-d42369ce6496,SUPPORTED,
SQX-XAUUSD-H4-d424d3962d70,SUPPORTED,
SQX-EURUSD-H1-d42f4d565d55,SUPPORTED,
SQX-USDJPY-H4-d431e4ff0a15,SUPPORTED,
SQX-XAUUSD-H4-d4333f82f142,SUPPORTED,
SQX-XAUUSD-H4-d4374e63da92,SUPPORTED,
SQX-XAUUSD-H4-d439b073020b,SUPPORTED,
SQX-XAUUSD-H1-d43fb88d03ec,SUPPORTED,
SQX-EURUSD-H4-d44768abff60,SUPPORTED,
SQX-EURUSD-H1-d451036e2f12,SUPPORTED,
SQX-XAUUSD-H1-d452706043ca,SUPPORTED,
SQX-XAUUSD-H1-d45346d2757a,SUPPORTED,
SQX-USDJPY-H4-d458cd2d47ba,SUPPORTED,
SQX-XAUUSD-H1-d45adf78daad,SUPPORTED,
SQX-XAUUSD-H4-d46ee4d6ff8f,SUPPORTED,
SQX-USDJPY-H4-d473fa4cc1bc,SUPPORTED,
SQX-XAUUSD-H1-d478ba23dcc8,SUPPORTED,
SQX-XAUUSD-H4-d47f06cc4234,SUPPORTED,
SQX-EURUSD-H1-d489c37d4820,SUPPORTED,
SQX-XAUUSD-H1-d48c94962c79,SUPPORTED,
SQX-XAUUSD-H4-d49b40f7caf2,SUPPORTED,
SQX-USDJPY-H4-d4a956f769f1,SUPPORTED,
SQX-XAUUSD-H1-d4ac9116e125,SUPPORTED,
SQX-XAUUSD-H4-d4b0fc0ab708,SUPPORTED,
SQX-XAUUSD-H1-d4b1cf099265,SUPPORTED,
SQX-XAUUSD-H4-d4b4ff4221d7,SUPPORTED,
SQX-XAUUSD-H4-d4b6e0af76a9,SUPPORTED,
SQX-XAUUSD-H4-d4c97cfe0dba,SUPPORTED,
SQX-XAUUSD-M15-d4c98c25f550,SUPPORTED,
SQX-USDCHF-H4-d4cb48dab342,SUPPORTED,
SQX-USDCHF-H4-d4dc35f3a114,SUPPORTED,
SQX-XAUUSD-H4-d4e4fe05fd5e,SUPPORTED,
SQX-EURUSD-H4-d4e5d4ca65d3,SUPPORTED,
SQX-XAUUSD-H4-d4ecb872d8ca,SUPPORTED,
SQX-USDCHF-H4-d4ececbae0b9,SUPPORTED,
SQX-XAUUSD-H4-d4ee8d1bcce0,SUPPORTED,
SQX-USDCHF-H4-d4ee9cad6ae8,SUPPORTED,
SQX-XAUUSD-H4-d4efaee529ad,SUPPORTED,
SQX-EURUSD-H4-d4f4638dc8f4,SUPPORTED,
SQX-XAUUSD-H1-d4f5797726f9,SUPPORTED,
SQX-XAUUSD-H1-d4fc394e3fd0,SUPPORTED,
SQX-USDJPY-H4-d5089bec4a02,SUPPORTED,
SQX-XAUUSD-H4-d513bfec8742,SUPPORTED,
SQX-EURUSD-H1-d516ab90dae8,SUPPORTED,
SQX-XAUUSD-H1-d51b92ec8926,SUPPORTED,
SQX-EURUSD-H1-d530eb6a9b9b,SUPPORTED,
SQX-USDJPY-H4-d53560d97aaf,SUPPORTED,
SQX-USDCHF-H4-d538797525e7,SUPPORTED,
SQX-XAUUSD-H4-d53a80e88de3,SUPPORTED,
SQX-USDCAD-H4-d53f9f0fd6aa,SUPPORTED,
SQX-GBPUSD-H4-d54063c45a02,SUPPORTED,
SQX-USDJPY-H4-d5410e2ef69a,SUPPORTED,
SQX-XAUUSD-H4-d544e8dbb552,SUPPORTED,
SQX-USDCHF-H4-d5481a869226,SUPPORTED,
SQX-EURUSD-H1-d54ba5fe274c,SUPPORTED,
SQX-GBPUSD-H4-d54df9ddd440,SUPPORTED,
SQX-USDJPY-H4-d55725b30d9e,SUPPORTED,
SQX-USDJPY-H1-d559c6e3af2e,SUPPORTED,
SQX-XAUUSD-H4-d55e128d66b1,SUPPORTED,
SQX-XAUUSD-H4-d5611ed8bc86,SUPPORTED,
SQX-USDCAD-H4-d562f6d8b533,SUPPORTED,
SQX-XAUUSD-H1-d56a0e66e208,SUPPORTED,
SQX-EURUSD-H1-d57594b5075b,SUPPORTED,
SQX-XAUUSD-H1-d5767785d77d,SUPPORTED,
SQX-EURUSD-H1-d577420639fe,SUPPORTED,
SQX-XAUUSD-H4-d57755a36b9a,SUPPORTED,
SQX-XAUUSD-H1-d5795f203bc1,SUPPORTED,
SQX-USDCHF-H4-d57c324d170a,SUPPORTED,
SQX-EURUSD-H4-d58186c19cf4,SUPPORTED,
SQX-USDJPY-H4-d583057b72e0,SUPPORTED,
SQX-USDJPY-H4-d583a1cf8f89,SUPPORTED,
SQX-XAUUSD-H4-d584ed2d3428,SUPPORTED,
SQX-XAUUSD-H4-d58694325a5b,SUPPORTED,
SQX-USDJPY-H4-d587aec7a5ae,SUPPORTED,
SQX-XAUUSD-H4-d58c436caf8d,SUPPORTED,
SQX-XAUUSD-H4-d594073e5d2d,SUPPORTED,
SQX-USDCAD-H4-d5a4bc093563,SUPPORTED,
SQX-XAUUSD-H1-d5ac41b497d3,SUPPORTED,
SQX-USDJPY-H4-d5b946657b0b,SUPPORTED,
SQX-XAUUSD-H1-d5cadd0fe5fb,SUPPORTED,
SQX-USDJPY-H1-d5d7c5f5db81,SUPPORTED,
SQX-NZDUSD-H4-d5e5d90d8f97,SUPPORTED,
SQX-XAUUSD-H4-d5eefacfdec8,SUPPORTED,
SQX-USDJPY-H1-d5f0e4038888,SUPPORTED,
SQX-XAUUSD-H4-d5f1172d711a,SUPPORTED,
SQX-XAUUSD-H4-d5f828f8e837,SUPPORTED,
SQX-GBPUSD-H4-d608525506fd,SUPPORTED,
SQX-USDJPY-H4-d608880e3361,SUPPORTED,
SQX-USDCHF-H4-d6147f2adcf5,SUPPORTED,
SQX-USDJPY-H1-d616fb264606,SUPPORTED,
SQX-USDJPY-H4-d626c9fe3eaa,SUPPORTED,
SQX-XAUUSD-H4-d627d88b6bd6,SUPPORTED,
SQX-EURUSD-H1-d6292473bed5,SUPPORTED,
SQX-EURUSD-H1-d62e83e3d158,SUPPORTED,
SQX-USDJPY-H4-d631fd7f7bb5,SUPPORTED,
SQX-USDJPY-M15-d635622b2798,SUPPORTED,
SQX-GBPUSD-H4-d6363b356350,SUPPORTED,
SQX-EURUSD-H1-d637472ec118,SUPPORTED,
SQX-XAUUSD-H4-d638dea86c3f,SUPPORTED,
SQX-USDJPY-H1-d63e802f0452,SUPPORTED,
SQX-XAUUSD-H1-d641d03d239c,SUPPORTED,
SQX-USDJPY-H1-d64346f1f61b,SUPPORTED,
SQX-USDJPY-H4-d6434fe8ac5e,SUPPORTED,
SQX-XAUUSD-H4-d643dcc75c66,SUPPORTED,
SQX-EURUSD-H1-d645daf5d397,SUPPORTED,
SQX-XAUUSD-H4-d6555e1eaf0b,SUPPORTED,
SQX-USDCHF-H4-d6575f964a1d,SUPPORTED,
SQX-XAUUSD-H4-d65bf6cac672,SUPPORTED,
SQX-USDJPY-H4-d66086ab7331,SUPPORTED,
SQX-XAUUSD-H4-d6624bdb787c,SUPPORTED,
SQX-XAUUSD-H4-d665ccb8cdc1,SUPPORTED,
SQX-XAUUSD-H1-d670cbe85af7,SUPPORTED,
SQX-XAUUSD-H1-d674e66811a4,SUPPORTED,
SQX-XAUUSD-H4-d67f93511b5e,SUPPORTED,
SQX-EURUSD-H1-d681eb58b12e,SUPPORTED,
SQX-XAUUSD-H4-d687aee0ab37,SUPPORTED,
SQX-USDCHF-H4-d68a9f4a04a1,SUPPORTED,
SQX-XAUUSD-H4-d691372b213c,SUPPORTED,
SQX-USDCHF-H4-d69297b4f97d,SUPPORTED,
SQX-USDJPY-H4-d6952831177e,SUPPORTED,
SQX-XAUUSD-H4-d6ab5bd268f9,SUPPORTED,
SQX-EURUSD-H4-d6b8fd55ae5d,SUPPORTED,
SQX-USDJPY-H1-d6b999d484ac,SUPPORTED,
SQX-GBPUSD-H1-d6bc6c51c18e,SUPPORTED,
SQX-USDJPY-H4-d6bebd454baf,SUPPORTED,
SQX-EURUSD-H1-d6c63f313e8f,SUPPORTED,
SQX-USDJPY-H4-d6c71defa7f8,SUPPORTED,
SQX-EURUSD-H1-d6cb00b2b1a1,SUPPORTED,
SQX-XAUUSD-H1-d6ce7d3db977,SUPPORTED,
SQX-USDJPY-H4-d6d358277e43,SUPPORTED,
SQX-XAUUSD-H1-d6dea3584362,SUPPORTED,
SQX-EURUSD-H4-d6e64a211e51,SUPPORTED,
SQX-XAUUSD-H4-d6e7ce7db389,SUPPORTED,
SQX-XAUUSD-H4-d6e969d6c053,SUPPORTED,
SQX-USDCHF-H4-d6ec3522fadf,SUPPORTED,
SQX-XAUUSD-H1-d6eceee44dec,SUPPORTED,
SQX-EURUSD-H4-d6ed6d10407a,SUPPORTED,
SQX-XAUUSD-H4-d6fd6f25f1e5,SUPPORTED,
SQX-XAUUSD-H4-d6fe7352a789,SUPPORTED,
SQX-XAUUSD-H1-d70b90a58015,SUPPORTED,
SQX-XAUUSD-H4-d71097117b5c,SUPPORTED,
SQX-XAUUSD-H4-d7119ba3f4eb,SUPPORTED,
SQX-XAUUSD-H4-d7142d423042,SUPPORTED,
SQX-XAUUSD-H4-d715eca8dad9,SUPPORTED,
SQX-XAUUSD-H4-d7208c9328a1,SUPPORTED,
SQX-USDCAD-H4-d72552edffb7,SUPPORTED,
SQX-XAUUSD-H4-d72912ca2a34,SUPPORTED,
SQX-XAUUSD-H4-d7302c93f56b,SUPPORTED,
SQX-XAUUSD-H4-d730a97f4bb5,SUPPORTED,
SQX-USDJPY-H4-d73265f679d0,SUPPORTED,
SQX-XAUUSD-H4-d733473e61c3,SUPPORTED,
SQX-GBPUSD-H1-d73e9a105cc9,SUPPORTED,
SQX-XAUUSD-H4-d741a14dd16e,SUPPORTED,
SQX-XAUUSD-H1-d74325099ba9,SUPPORTED,
SQX-USDJPY-H4-d74bdad26bde,SUPPORTED,
SQX-XAUUSD-H4-d74c5e3e380a,SUPPORTED,
SQX-GBPUSD-M15-d752511cb439,SUPPORTED,
SQX-GBPUSD-H4-d75d7b80d593,SUPPORTED,
SQX-USDCHF-H4-d7645646710a,SUPPORTED,
SQX-USDJPY-H4-d76ddc124d5b,SUPPORTED,
SQX-USDJPY-M15-d77315f15f03,SUPPORTED,
SQX-XAUUSD-H4-d77e849bc2e4,SUPPORTED,
SQX-USDJPY-H1-d788896754ea,SUPPORTED,
SQX-USDCAD-H4-d790b7e2a7b0,SUPPORTED,
SQX-USDJPY-M15-d79485acb358,SUPPORTED,
SQX-USDJPY-H1-d7978d11e347,SUPPORTED,
SQX-USDJPY-H1-d7a7862f289c,SUPPORTED,
SQX-GBPUSD-H4-d7b142022601,SUPPORTED,
SQX-EURUSD-H1-d7b50290ddf3,SUPPORTED,
SQX-XAUUSD-H1-d7c05b6948e5,SUPPORTED,
SQX-EURUSD-H1-d7c065638e6c,SUPPORTED,
SQX-USDJPY-H4-d7c070ee1aef,SUPPORTED,
SQX-XAUUSD-H4-d7c5ce3ea2c7,SUPPORTED,
SQX-USDJPY-H4-d7c7faf192f7,SUPPORTED,
SQX-XAUUSD-H1-d7c9c1054911,SUPPORTED,
SQX-USDJPY-H4-d7cd78884a17,SUPPORTED,
SQX-XAUUSD-H4-d7d9627ede8b,SUPPORTED,
SQX-XAUUSD-H1-d7e001a08f44,SUPPORTED,
SQX-XAUUSD-H4-d7eded643f50,SUPPORTED,
SQX-GBPUSD-H4-d7ee871baad2,SUPPORTED,
SQX-USDJPY-H4-d7f2e48b4e4e,SUPPORTED,
SQX-XAUUSD-H4-d7f4a0938fc3,SUPPORTED,
SQX-USDJPY-H1-d8097f24f744,SUPPORTED,
SQX-XAUUSD-H4-d818aeeefa4b,SUPPORTED,
SQX-XAUUSD-H4-d81a8cc31e54,SUPPORTED,
SQX-EURUSD-H1-d81b966d70c2,SUPPORTED,
SQX-XAUUSD-H4-d81bb8ebb590,SUPPORTED,
SQX-USDJPY-H1-d81c60682319,SUPPORTED,
SQX-EURUSD-H1-d821baa0c211,SUPPORTED,
SQX-USDJPY-H1-d83b4adf165f,SUPPORTED,
SQX-XAUUSD-H1-d83e6e45ca95,SUPPORTED,
SQX-XAUUSD-H1-d841d9b8b413,SUPPORTED,
SQX-XAUUSD-H4-d842e56c20d0,SUPPORTED,
SQX-XAUUSD-H4-d846b9209714,SUPPORTED,
SQX-USDJPY-H4-d84af0e4101c,SUPPORTED,
SQX-EURUSD-H1-d84c2319ce78,SUPPORTED,
SQX-GBPUSD-H1-d85003fc952e,SUPPORTED,
SQX-USDCHF-H4-d85a818e450a,SUPPORTED,
SQX-XAUUSD-H4-d865398e44e1,SUPPORTED,
SQX-EURUSD-H4-d8715429fb9b,SUPPORTED,
SQX-USDJPY-H4-d8718c1b442b,SUPPORTED,
SQX-EURUSD-H1-d872ded5de95,SUPPORTED,
SQX-USDCAD-H4-d878272aa2f2,SUPPORTED,
SQX-XAUUSD-H4-d8789dd8fd58,SUPPORTED,
SQX-USDJPY-H4-d88fb10074f8,SUPPORTED,
SQX-XAUUSD-H4-d89ebae5cb7c,SUPPORTED,
SQX-USDJPY-H4-d89fa267409a,SUPPORTED,
SQX-EURUSD-H1-d8a1a5ddef3a,SUPPORTED,
SQX-XAUUSD-H4-d8a30279c343,SUPPORTED,
SQX-USDCHF-H4-d8a3108c2dea,SUPPORTED,
SQX-USDCAD-H4-d8a6e1741e12,SUPPORTED,
SQX-XAUUSD-H4-d8b26395037f,SUPPORTED,
SQX-EURUSD-H1-d8b6428d055a,SUPPORTED,
SQX-XAUUSD-H4-d8b742382b07,SUPPORTED,
SQX-EURUSD-H4-d8bbdcad500c,SUPPORTED,
SQX-XAUUSD-H4-d8c4ffe01176,SUPPORTED,
SQX-USDJPY-H4-d8c7c828e1a1,SUPPORTED,
SQX-EURUSD-H4-d8c850219c0e,SUPPORTED,
SQX-XAUUSD-H4-d8cad63ded1f,SUPPORTED,
SQX-USDJPY-H1-d8cf61c771d2,SUPPORTED,
SQX-XAUUSD-H4-d8d4adce0061,SUPPORTED,
SQX-USDJPY-H1-d8d6f34748f6,SUPPORTED,
SQX-XAUUSD-H4-d8d9bbb2f81d,SUPPORTED,
SQX-USDCHF-H4-d8eaceb12f61,SUPPORTED,
SQX-USDJPY-H4-d8ec286aeb45,SUPPORTED,
SQX-XAUUSD-H4-d900a754281a,SUPPORTED,
SQX-USDCAD-H4-d9015a31e753,SUPPORTED,
SQX-USDCHF-H4-d9038505d108,SUPPORTED,
SQX-USDJPY-H4-d90c7c21be92,SUPPORTED,
SQX-XAUUSD-H4-d90f60cf2a6f,SUPPORTED,
SQX-GBPUSD-H4-d9219ab35de4,SUPPORTED,
SQX-USDJPY-H4-d9234a2c809c,SUPPORTED,
SQX-XAUUSD-H4-d923f074f034,SUPPORTED,
SQX-USDJPY-H4-d925b74f7dcd,SUPPORTED,
SQX-XAUUSD-H4-d926354c418a,SUPPORTED,
SQX-XAUUSD-H4-d926801dc336,SUPPORTED,
SQX-USDCHF-H4-d92d06eb836e,SUPPORTED,
SQX-USDCAD-H4-d92f1f3b9192,SUPPORTED,
SQX-USDJPY-H1-d93014d08067,SUPPORTED,
SQX-GBPUSD-H4-d934aabb2eba,SUPPORTED,
SQX-XAUUSD-H4-d936f8023372,SUPPORTED,
SQX-USDJPY-M15-d94607754ce2,SUPPORTED,
SQX-USDJPY-H1-d947392ff0ac,SUPPORTED,
SQX-XAUUSD-H4-d9537602bfc4,SUPPORTED,
SQX-NZDUSD-H4-d95640fbade1,SUPPORTED,
SQX-XAUUSD-H4-d958a60395cc,SUPPORTED,
SQX-XAUUSD-H4-d95d32d3eaf3,SUPPORTED,
SQX-XAUUSD-H4-d95fadf7fe1e,SUPPORTED,
SQX-USDJPY-H1-d964d425ca60,SUPPORTED,
SQX-XAUUSD-H4-d96d5dd96907,SUPPORTED,
SQX-EURUSD-H1-d971ec06a6b1,SUPPORTED,
SQX-GBPUSD-H4-d974320554e1,SUPPORTED,
SQX-USDJPY-H4-d97cc86da4dd,SUPPORTED,
SQX-USDJPY-H4-d9840c2d67ed,SUPPORTED,
SQX-USDCAD-H4-d9910e956a06,SUPPORTED,
SQX-NZDUSD-H4-d9937552864a,SUPPORTED,
SQX-XAUUSD-H1-d996ff1a1b7c,SUPPORTED,
SQX-EURUSD-H4-d9a06820c2a1,SUPPORTED,
SQX-XAUUSD-H4-d9a274ff515a,SUPPORTED,
SQX-USDJPY-H1-d9ab3628f360,SUPPORTED,
SQX-XAUUSD-H4-d9afe2b9697f,SUPPORTED,
SQX-USDJPY-H1-d9b09fd29e4f,SUPPORTED,
SQX-EURUSD-H1-d9b89f49a9da,SUPPORTED,
SQX-XAUUSD-H4-d9d5edd7e57b,SUPPORTED,
SQX-USDCHF-H4-d9df131cf302,SUPPORTED,
SQX-XAUUSD-H1-d9df695f98c7,SUPPORTED,
SQX-XAUUSD-H4-d9e0dbd9bc0c,SUPPORTED,
SQX-XAUUSD-H1-d9e25d25821c,SUPPORTED,
SQX-EURUSD-H4-d9e6d0786211,SUPPORTED,
SQX-USDJPY-H1-d9ef737b2183,SUPPORTED,
SQX-EURUSD-H1-d9f02e063fb0,SUPPORTED,
SQX-EURUSD-H1-d9f1191ff037,SUPPORTED,
SQX-XAUUSD-H4-d9f216cda573,SUPPORTED,
SQX-XAUUSD-H1-d9fa503b7f36,SUPPORTED,
SQX-USDJPY-H4-d9fbccb14479,SUPPORTED,
SQX-GBPUSD-H4-d9ffb0bc2ca8,SUPPORTED,
SQX-XAUUSD-H4-da0cd13b564e,SUPPORTED,
SQX-XAUUSD-H4-da1ffacf6208,SUPPORTED,
SQX-XAUUSD-H4-da28274acf80,SUPPORTED,
SQX-XAUUSD-H1-da2e100827b2,SUPPORTED,
SQX-XAUUSD-H4-da34c0470373,SUPPORTED,
SQX-USDJPY-H4-da38b4e749de,SUPPORTED,
SQX-XAUUSD-H4-da38da51e827,SUPPORTED,
SQX-XAUUSD-H1-da3bbd7beda9,SUPPORTED,
SQX-GBPUSD-H1-da40dda9f822,SUPPORTED,
SQX-EURUSD-H1-da436ac0a98c,SUPPORTED,
SQX-XAUUSD-H4-da4bcbfebc23,SUPPORTED,
SQX-USDJPY-H1-da4cbabaeed4,SUPPORTED,
SQX-XAUUSD-H4-da508b38c8b6,SUPPORTED,
SQX-GBPUSD-H4-da71e1ff5024,SUPPORTED,
SQX-EURUSD-H1-da798608f6f6,SUPPORTED,
SQX-XAUUSD-H4-da81710454e4,SUPPORTED,
SQX-EURUSD-H1-da824b6a0237,SUPPORTED,
SQX-USDCHF-H4-da845f29e341,SUPPORTED,
SQX-EURUSD-H1-da876c50b766,SUPPORTED,
SQX-XAUUSD-H1-da916a6b6088,SUPPORTED,
SQX-USDJPY-H4-da934eff6006,SUPPORTED,
SQX-USDJPY-H4-da9750f4026a,SUPPORTED,
SQX-XAUUSD-H4-da9a55b4f9ba,SUPPORTED,
SQX-USDJPY-H4-daa47e6392bf,SUPPORTED,
SQX-EURUSD-H1-daa4ee85d427,SUPPORTED,
SQX-EURUSD-H1-daa7de5fcabc,SUPPORTED,
SQX-USDCHF-H4-dab2932711d6,SUPPORTED,
SQX-XAUUSD-H4-dabaeb383fbc,SUPPORTED,
SQX-XAUUSD-H4-dac04a236dc8,SUPPORTED,
SQX-XAUUSD-H4-dac5f18c78c5,SUPPORTED,
SQX-USDJPY-H4-dac7fd4dd066,SUPPORTED,
SQX-XAUUSD-H4-dac9c2420054,SUPPORTED,
SQX-XAUUSD-H1-daca3f942417,SUPPORTED,
SQX-EURUSD-H1-dace7b8fb714,SUPPORTED,
SQX-USDJPY-H4-dad3168d5093,SUPPORTED,
SQX-USDJPY-H1-dad3565d46f2,SUPPORTED,
SQX-USDCHF-H4-dad5211a0782,SUPPORTED,
SQX-USDJPY-H1-dadca63cf37a,SUPPORTED,
SQX-XAUUSD-H4-dae3e4f3cbf4,SUPPORTED,
SQX-USDJPY-H4-dae6d11cc9d1,SUPPORTED,
SQX-XAUUSD-H4-dae76d24cd41,SUPPORTED,
SQX-USDJPY-H1-daf06780a047,SUPPORTED,
SQX-USDJPY-H4-db02e0d16f90,SUPPORTED,
SQX-XAUUSD-H4-db14e82ad0d5,SUPPORTED,
SQX-EURUSD-H4-db1861b8cf7d,SUPPORTED,
SQX-XAUUSD-H4-db2123c03b39,SUPPORTED,
SQX-XAUUSD-H4-db22b801a731,SUPPORTED,
SQX-XAUUSD-H1-db26d38b962b,SUPPORTED,
SQX-USDJPY-M15-db2cf43a7dff,SUPPORTED,
SQX-XAUUSD-H4-db2df30e008e,SUPPORTED,
SQX-XAUUSD-H1-db352ed2a652,SUPPORTED,
SQX-XAUUSD-H4-db3f09a016a5,SUPPORTED,
SQX-USDJPY-H1-db5134c934dc,SUPPORTED,
SQX-XAUUSD-H4-db553e186708,SUPPORTED,
SQX-XAUUSD-H4-db566ba1227c,SUPPORTED,
SQX-XAUUSD-H4-db58eb071d22,SUPPORTED,
SQX-GBPUSD-H1-db59613e8212,SUPPORTED,
SQX-XAUUSD-H4-db75d6d9652a,SUPPORTED,
SQX-XAUUSD-H4-db7e1678c8fb,SUPPORTED,
SQX-USDJPY-H4-db8ee55fe8dd,SUPPORTED,
SQX-USDCHF-H4-db9ae03f9559,SUPPORTED,
SQX-USDCAD-H4-dba0ce0f044e,SUPPORTED,
SQX-XAUUSD-H4-dba587eee143,SUPPORTED,
SQX-EURUSD-H1-dba5b72ad5ef,SUPPORTED,
SQX-XAUUSD-H1-dba749b4af48,SUPPORTED,
SQX-USDJPY-H1-dba9ce6bdd1d,SUPPORTED,
SQX-XAUUSD-H4-dbafdd6d8540,SUPPORTED,
SQX-USDJPY-H4-dbb71ca3b9ea,SUPPORTED,
SQX-XAUUSD-H4-dbbe16d982d0,SUPPORTED,
SQX-GBPUSD-H4-dbc0457a0d0f,SUPPORTED,
SQX-XAUUSD-H4-dbc076d9c1b2,SUPPORTED,
SQX-XAUUSD-H1-dbc7cfc81f64,SUPPORTED,
SQX-XAUUSD-H4-dbca6a701d1b,SUPPORTED,
SQX-USDCAD-H1-dbcafc74fd9b,SUPPORTED,
SQX-GBPUSD-H4-dbcfb9dd224d,SUPPORTED,
SQX-XAUUSD-H4-dbdb14fcc316,SUPPORTED,
SQX-XAUUSD-H4-dbdc82752b64,SUPPORTED,
SQX-XAUUSD-H1-dbe108870cba,SUPPORTED,
SQX-EURUSD-H4-dbe258e28984,SUPPORTED,
SQX-EURUSD-H4-dbea477f0566,SUPPORTED,
SQX-EURUSD-H1-dbebc3ffcdad,SUPPORTED,
SQX-XAUUSD-H4-dbef21309565,SUPPORTED,
SQX-USDJPY-H4-dbf24468293a,SUPPORTED,
SQX-XAUUSD-H4-dbf97597eb77,SUPPORTED,
SQX-USDJPY-H4-dbfa61ce85e6,SUPPORTED,
SQX-XAUUSD-H4-dbfaa23a7eba,SUPPORTED,
SQX-USDJPY-H1-dc02771026de,SUPPORTED,
SQX-USDJPY-H1-dc02abaf4ca2,SUPPORTED,
SQX-GBPUSD-H4-dc08aed38cb0,SUPPORTED,
SQX-EURUSD-H1-dc0cc8a79a2f,SUPPORTED,
SQX-USDCHF-H4-dc0d08d4422c,SUPPORTED,
SQX-XAUUSD-H4-dc0d5ccf4813,SUPPORTED,
SQX-XAUUSD-H4-dc0ee2afad4d,SUPPORTED,
SQX-USDJPY-H4-dc10735fc773,SUPPORTED,
SQX-EURUSD-H4-dc11990b3af0,SUPPORTED,
SQX-USDJPY-H4-dc152647ca17,SUPPORTED,
SQX-EURUSD-H1-dc24906eff1c,SUPPORTED,
SQX-USDJPY-H4-dc25b0fa18ab,SUPPORTED,
SQX-USDJPY-H1-dc2b1f686168,SUPPORTED,
SQX-XAUUSD-H1-dc2bedcb742e,SUPPORTED,
SQX-XAUUSD-H4-dc2ffe40bcf6,SUPPORTED,
SQX-XAUUSD-H4-dc321392da34,SUPPORTED,
SQX-USDJPY-H4-dc3a5adee5d6,SUPPORTED,
SQX-USDJPY-H4-dc4035865870,SUPPORTED,
SQX-XAUUSD-H4-dc4126f8fb28,SUPPORTED,
SQX-NZDUSD-H4-dc475d88081a,SUPPORTED,
SQX-XAUUSD-H1-dc48f9b08d4c,SUPPORTED,
SQX-USDJPY-H4-dc4f568a6774,SUPPORTED,
SQX-XAUUSD-H4-dc60b94a6246,SUPPORTED,
SQX-USDJPY-H4-dc6545e8975d,SUPPORTED,
SQX-XAUUSD-H4-dc68fbf373b5,SUPPORTED,
SQX-XAUUSD-H4-dc7a56630ada,SUPPORTED,
SQX-USDJPY-H4-dc80154fbc75,SUPPORTED,
SQX-USDJPY-H1-dc80bfc8afe8,SUPPORTED,
SQX-XAUUSD-H4-dc812a41e1aa,SUPPORTED,
SQX-EURUSD-H1-dc8dc2d50136,SUPPORTED,
SQX-XAUUSD-H4-dc8f11ff8047,SUPPORTED,
SQX-USDJPY-H1-dc932cf46f6a,SUPPORTED,
SQX-XAUUSD-H4-dc9400314a77,SUPPORTED,
SQX-GBPUSD-H1-dc9a1cfe6263,SUPPORTED,
SQX-GBPUSD-H4-dca294a63feb,SUPPORTED,
SQX-XAUUSD-H1-dca4f3261656,SUPPORTED,
SQX-XAUUSD-H4-dca6df797d77,SUPPORTED,
SQX-USDJPY-H4-dca9004c4b8d,SUPPORTED,
SQX-XAUUSD-H4-dcb15bcc8e3c,SUPPORTED,
SQX-XAUUSD-H1-dcb91f69d704,SUPPORTED,
SQX-USDJPY-H4-dcbcc36fbb3e,SUPPORTED,
SQX-EURUSD-H4-dcc1437b7ba7,SUPPORTED,
SQX-XAUUSD-H4-dcc62b48bf94,SUPPORTED,
SQX-EURUSD-H1-dcc6a596d35f,SUPPORTED,
SQX-XAUUSD-H4-dcca215ccf08,SUPPORTED,
SQX-XAUUSD-H4-dccc53b03f9b,SUPPORTED,
SQX-XAUUSD-H1-dccee00f3152,SUPPORTED,
SQX-USDJPY-H4-dcde5ebe4dab,SUPPORTED,
SQX-EURUSD-H1-dce15650e0f6,SUPPORTED,
SQX-EURUSD-H1-dce4546fb682,SUPPORTED,
SQX-XAUUSD-H4-dcecf7b4ba36,SUPPORTED,
SQX-USDCAD-H4-dcf626895c3d,SUPPORTED,
SQX-EURUSD-M15-dd0b46c24c88,SUPPORTED,
SQX-XAUUSD-H4-dd0d211d43e7,SUPPORTED,
SQX-EURUSD-H1-dd29f429178e,SUPPORTED,
SQX-EURUSD-H1-dd2a0ba60170,SUPPORTED,
SQX-XAUUSD-H4-dd2aa6a5a29f,SUPPORTED,
SQX-XAUUSD-H4-dd2b4198f4e1,SUPPORTED,
SQX-EURUSD-H1-dd2b5280ef2b,SUPPORTED,
SQX-XAUUSD-H4-dd2d1796bee6,SUPPORTED,
SQX-XAUUSD-H1-dd2d7435a196,SUPPORTED,
SQX-GBPUSD-H4-dd2fe33cca2a,SUPPORTED,
SQX-XAUUSD-H4-dd33bb87f08c,SUPPORTED,
SQX-XAUUSD-H1-dd3b3090b7de,SUPPORTED,
SQX-XAUUSD-H1-dd41f75af6c7,SUPPORTED,
SQX-XAUUSD-H1-dd4c73050654,SUPPORTED,
SQX-XAUUSD-H1-dd51da4b93fb,SUPPORTED,
SQX-USDCHF-H4-dd552f44b563,SUPPORTED,
SQX-EURUSD-H1-dd563c38d420,SUPPORTED,
SQX-XAUUSD-H4-dd5c14510610,SUPPORTED,
SQX-XAUUSD-H1-dd5ce3097bfe,SUPPORTED,
SQX-EURUSD-H4-dd5f28ce6ac0,SUPPORTED,
SQX-USDJPY-H4-dd5fe92570e4,SUPPORTED,
SQX-XAUUSD-H4-dd6441973fb6,SUPPORTED,
SQX-EURUSD-H1-dd712225d15a,SUPPORTED,
SQX-USDJPY-H4-dd71a9ab1b0f,SUPPORTED,
SQX-EURUSD-M15-dd71f76d3bc2,SUPPORTED,
SQX-EURUSD-H4-dd7599520f62,SUPPORTED,
SQX-EURUSD-H1-dd77ac948343,SUPPORTED,
SQX-XAUUSD-H4-dd79732f40a0,SUPPORTED,
SQX-USDJPY-H1-dd7f96cf30b4,SUPPORTED,
SQX-USDJPY-H4-dd8107ed369d,SUPPORTED,
SQX-EURUSD-H4-dd846e0010c4,SUPPORTED,
SQX-EURUSD-H4-dd882d801388,SUPPORTED,
SQX-XAUUSD-H1-dd95b3f7101a,SUPPORTED,
SQX-GBPUSD-M15-dd980e8d1688,SUPPORTED,
SQX-XAUUSD-H1-dda676b10632,SUPPORTED,
SQX-GBPUSD-H4-ddb54dbb47f1,SUPPORTED,
SQX-XAUUSD-H1-ddb87e046865,SUPPORTED,
SQX-XAUUSD-H4-ddb91592ba50,SUPPORTED,
SQX-USDJPY-H4-ddbfeb5998d5,SUPPORTED,
SQX-XAUUSD-H4-ddc096453661,SUPPORTED,
SQX-XAUUSD-H4-ddcdaf4e9c54,SUPPORTED,
SQX-EURUSD-H4-ddce89e44313,SUPPORTED,
SQX-XAUUSD-H4-ddd3f5b63801,SUPPORTED,
SQX-XAUUSD-H4-ddd42262d67d,SUPPORTED,
SQX-EURUSD-H1-ddd51306b6be,SUPPORTED,
SQX-EURUSD-H1-ddd71b6a3187,SUPPORTED,
SQX-XAUUSD-H4-ddec496b3428,SUPPORTED,
SQX-USDJPY-H1-ddf3501ec9d6,SUPPORTED,
SQX-XAUUSD-H4-ddf4e881e654,SUPPORTED,
SQX-XAUUSD-H1-ddf72731f9e3,SUPPORTED,
SQX-XAUUSD-H4-ddf760985e84,SUPPORTED,
SQX-XAUUSD-H4-ddf95d880824,SUPPORTED,
SQX-XAUUSD-H1-ddfef6245ae8,SUPPORTED,
SQX-USDJPY-H4-ddff87e2a936,SUPPORTED,
SQX-EURUSD-M15-de004efbaa06,SUPPORTED,
SQX-USDJPY-H4-de01b209756d,SUPPORTED,
SQX-XAUUSD-H4-de02a65d0214,SUPPORTED,
SQX-EURUSD-H1-de1d30befac9,SUPPORTED,
SQX-USDJPY-H1-de30b23fcb1d,SUPPORTED,
SQX-XAUUSD-H4-de3a6c6d1fe9,SUPPORTED,
SQX-GBPUSD-H1-de4b46ff7ee5,SUPPORTED,
SQX-XAUUSD-H4-de4ba33e9f65,SUPPORTED,
SQX-USDCAD-H4-de4edf760fed,SUPPORTED,
SQX-XAUUSD-H1-de4f063e96de,SUPPORTED,
SQX-EURUSD-H4-de57676b3a42,SUPPORTED,
SQX-XAUUSD-H4-de616892777f,SUPPORTED,
SQX-XAUUSD-H4-de638b70c9cc,SUPPORTED,
SQX-XAUUSD-H1-de6aeefd1584,SUPPORTED,
SQX-XAUUSD-H4-de74e7436212,SUPPORTED,
SQX-XAUUSD-H4-de7c59624d79,SUPPORTED,
SQX-USDCHF-H4-de7ca74ad561,SUPPORTED,
SQX-EURUSD-M15-de7dffa4a76b,SUPPORTED,
SQX-XAUUSD-H4-de81021a1093,SUPPORTED,
SQX-XAUUSD-H4-de8b0362aaf8,SUPPORTED,
SQX-USDJPY-H4-de8c17327b21,SUPPORTED,
SQX-USDCAD-H4-de8dc9c84b00,SUPPORTED,
SQX-XAUUSD-H4-de8f7b1d2f20,SUPPORTED,
SQX-XAUUSD-H4-de973da54023,SUPPORTED,
SQX-XAUUSD-H1-deaa44fec606,SUPPORTED,
SQX-XAUUSD-H1-deaa787de1c5,SUPPORTED,
SQX-XAUUSD-H1-deb15b24153f,SUPPORTED,
SQX-USDJPY-H4-dec8911a7a59,SUPPORTED,
SQX-XAUUSD-H1-dec99fe1bf69,SUPPORTED,
SQX-XAUUSD-H4-decead744379,SUPPORTED,
SQX-USDJPY-H1-dee2d4c5a04b,SUPPORTED,
SQX-EURUSD-H4-dee5f569031b,SUPPORTED,
SQX-XAUUSD-H4-deeb867c0c09,SUPPORTED,
SQX-USDJPY-H1-def1a0ff74a3,SUPPORTED,
SQX-USDJPY-H1-def1d18126e9,SUPPORTED,
SQX-XAUUSD-H4-def585f528f5,SUPPORTED,
SQX-GBPUSD-H4-def655ccb6eb,SUPPORTED,
SQX-USDCAD-H1-df0013ff8bec,SUPPORTED,
SQX-USDCAD-H4-df00e0d4ba84,SUPPORTED,
SQX-XAUUSD-H1-df06e02c63be,SUPPORTED,
SQX-XAUUSD-H4-df0d288456d9,SUPPORTED,
SQX-XAUUSD-H4-df0e22df4c20,SUPPORTED,
SQX-XAUUSD-H4-df1cdd90df46,SUPPORTED,
SQX-XAUUSD-H4-df22a9338117,SUPPORTED,
SQX-XAUUSD-H4-df2a02110f32,SUPPORTED,
SQX-XAUUSD-H4-df2a6e5207a6,SUPPORTED,
SQX-USDJPY-H4-df2bad9024ed,SUPPORTED,
SQX-USDCHF-H4-df33790208b7,SUPPORTED,
SQX-GBPUSD-M15-df342dae8369,SUPPORTED,
SQX-XAUUSD-H4-df345b4429dd,SUPPORTED,
SQX-EURUSD-H1-df34ccb7c2bb,SUPPORTED,
SQX-XAUUSD-H4-df4627f2757d,SUPPORTED,
SQX-XAUUSD-H4-df48bea11f1a,SUPPORTED,
SQX-XAUUSD-H4-df4948cafe65,SUPPORTED,
SQX-XAUUSD-H4-df4c3eaa458e,SUPPORTED,
SQX-XAUUSD-H4-df53f258d0a9,SUPPORTED,
SQX-XAUUSD-H4-df60a458962b,SUPPORTED,
SQX-EURUSD-H1-df689b3778cc,SUPPORTED,
SQX-EURUSD-H4-df6e5b95864d,SUPPORTED,
SQX-USDJPY-H4-df6f404776f2,SUPPORTED,
SQX-XAUUSD-H4-df717adb66d2,SUPPORTED,
SQX-EURUSD-H1-df750514bcbf,SUPPORTED,
SQX-XAUUSD-H4-df8446959f8a,SUPPORTED,
SQX-XAUUSD-H4-df8b9a7d39da,SUPPORTED,
SQX-XAUUSD-H4-df9ca5948803,SUPPORTED,
SQX-XAUUSD-H1-dfa2185751a3,SUPPORTED,
SQX-USDJPY-H4-dfaf1f756744,SUPPORTED,
SQX-XAUUSD-H1-dfb123bc6fbb,SUPPORTED,
SQX-XAUUSD-H4-dfb1b31ba472,SUPPORTED,
SQX-XAUUSD-H1-dfb607028cfa,SUPPORTED,
SQX-USDJPY-H4-dfbc064917ca,SUPPORTED,
SQX-XAUUSD-H4-dfc03a7d1bc7,SUPPORTED,
SQX-USDJPY-H1-dfc66eb31772,SUPPORTED,
SQX-XAUUSD-H4-dfccf7764ffc,SUPPORTED,
SQX-USDJPY-H4-dfcd9bb0b2d2,SUPPORTED,
SQX-XAUUSD-H4-dfcdaf561c11,SUPPORTED,
SQX-USDJPY-H4-dfce852770ea,SUPPORTED,
SQX-GBPUSD-H1-dfd7e73651a3,SUPPORTED,
SQX-GBPUSD-H4-dfe642c2abf4,SUPPORTED,
SQX-GBPUSD-H1-dfebb35f5e36,SUPPORTED,
SQX-XAUUSD-H4-dfebb4fe0934,SUPPORTED,
SQX-EURUSD-H4-dfed9c13fb9f,SUPPORTED,
SQX-XAUUSD-H4-dffb82199970,SUPPORTED,
SQX-XAUUSD-H4-dffe2c6b76b3,SUPPORTED,
SQX-XAUUSD-H4-dffec997cc08,SUPPORTED,
SQX-EURUSD-H4-e00284dd8595,SUPPORTED,
SQX-XAUUSD-H1-e003cf5991a8,SUPPORTED,
SQX-EURUSD-H4-e00792d346d0,SUPPORTED,
SQX-XAUUSD-H4-e00a68ca687c,SUPPORTED,
SQX-XAUUSD-H1-e00ab1c09338,SUPPORTED,
SQX-XAUUSD-H4-e00f02b3c14a,SUPPORTED,
SQX-XAUUSD-H4-e0171eb5f89d,SUPPORTED,
SQX-EURUSD-H4-e017d55dcdb9,SUPPORTED,
SQX-XAUUSD-H4-e01ae3d40d15,SUPPORTED,
SQX-EURUSD-H4-e02340288650,SUPPORTED,
SQX-USDCAD-H4-e0236d3b9199,SUPPORTED,
SQX-XAUUSD-H4-e02761b8df86,SUPPORTED,
SQX-GBPUSD-H4-e0295df60645,SUPPORTED,
SQX-GBPUSD-H1-e037aadfe7c0,SUPPORTED,
SQX-USDJPY-M15-e03af444c05f,SUPPORTED,
SQX-XAUUSD-H4-e03eec576262,SUPPORTED,
SQX-EURUSD-H4-e04c58612720,SUPPORTED,
SQX-XAUUSD-H1-e0522cd28361,SUPPORTED,
SQX-USDJPY-H4-e057d9bc9d09,SUPPORTED,
SQX-GBPUSD-H1-e05d4905b294,SUPPORTED,
SQX-XAUUSD-H4-e060f08cd915,SUPPORTED,
SQX-XAUUSD-H4-e067314b2bb0,SUPPORTED,
SQX-USDJPY-H1-e067c890151c,SUPPORTED,
SQX-USDJPY-H4-e06ab3193eb2,SUPPORTED,
SQX-XAUUSD-H4-e06e1cab586b,SUPPORTED,
SQX-GBPUSD-H4-e071d308267f,SUPPORTED,
SQX-USDJPY-H1-e0724c0cc3d5,SUPPORTED,
SQX-XAUUSD-H4-e074c0f2684d,SUPPORTED,
SQX-XAUUSD-H4-e077b4d4a373,SUPPORTED,
SQX-XAUUSD-H1-e084df688c5b,SUPPORTED,
SQX-USDJPY-H1-e090240a23d5,SUPPORTED,
SQX-EURUSD-M15-e090a2e315c5,SUPPORTED,
SQX-USDCAD-H4-e09b7e27d306,SUPPORTED,
SQX-XAUUSD-H4-e09e4b8695df,SUPPORTED,
SQX-XAUUSD-H4-e09ec90e77cb,SUPPORTED,
SQX-XAUUSD-H1-e0a0e1fe90e6,SUPPORTED,
SQX-NZDUSD-H4-e0a6844a2149,SUPPORTED,
SQX-XAUUSD-H4-e0a74b731b32,SUPPORTED,
SQX-XAUUSD-H4-e0ae9d513e58,SUPPORTED,
SQX-USDJPY-M15-e0aeabec2c77,SUPPORTED,
SQX-XAUUSD-H1-e0b21abdc7c1,SUPPORTED,
SQX-EURUSD-H4-e0b8555ad36f,SUPPORTED,
SQX-XAUUSD-H4-e0ba2d7aba76,SUPPORTED,
SQX-XAUUSD-H1-e0c11c02213f,SUPPORTED,
SQX-GBPUSD-H1-e0c7057be482,SUPPORTED,
SQX-EURUSD-H4-e0c7e526ea1c,SUPPORTED,
SQX-EURUSD-H1-e0d0ce898b3c,SUPPORTED,
SQX-USDJPY-H4-e0d410591a79,SUPPORTED,
SQX-USDJPY-M15-e0d4951f9910,SUPPORTED,
SQX-EURUSD-H4-e0d4d1555a77,SUPPORTED,
SQX-USDJPY-H4-e0d94516a2d2,SUPPORTED,
SQX-GBPUSD-H4-e0da65971f0b,SUPPORTED,
SQX-EURUSD-H4-e0e0d8e8a05e,SUPPORTED,
SQX-EURUSD-H4-e0f515d96997,SUPPORTED,
SQX-XAUUSD-H4-e0fca0190aa1,SUPPORTED,
SQX-XAUUSD-H4-e111afdd9444,SUPPORTED,
SQX-USDJPY-H4-e1182d4721fd,SUPPORTED,
SQX-USDJPY-H4-e11e296059db,SUPPORTED,
SQX-XAUUSD-H4-e11f38151dd8,SUPPORTED,
SQX-EURUSD-H1-e1230d425a84,SUPPORTED,
SQX-EURUSD-H4-e127efb8057b,SUPPORTED,
SQX-GBPUSD-H4-e12cc9b2b3db,SUPPORTED,
SQX-USDJPY-H4-e132e44c1931,SUPPORTED,
SQX-USDJPY-H4-e1343b1ef41c,SUPPORTED,
SQX-XAUUSD-H4-e1360096ea8f,SUPPORTED,
SQX-GBPUSD-H1-e13bfbf599ae,SUPPORTED,
SQX-XAUUSD-H4-e13cb10e2bb1,SUPPORTED,
SQX-XAUUSD-H4-e13cb764853e,SUPPORTED,
SQX-XAUUSD-H4-e13ed58bc680,SUPPORTED,
SQX-XAUUSD-H4-e142dd20cd44,SUPPORTED,
SQX-USDJPY-H1-e144dce3b5f5,SUPPORTED,
SQX-GBPUSD-M15-e14ad303cc49,SUPPORTED,
SQX-USDJPY-H4-e14da7b6c5a2,SUPPORTED,
SQX-XAUUSD-H1-e152aabebcd6,SUPPORTED,
SQX-XAUUSD-H4-e15763031844,SUPPORTED,
SQX-USDJPY-H4-e15b376c9500,SUPPORTED,
SQX-EURUSD-H1-e16054889d90,SUPPORTED,
SQX-XAUUSD-H1-e161a5e34982,SUPPORTED,
SQX-USDCAD-H4-e16ba4bf60c9,SUPPORTED,
SQX-GBPUSD-H4-e17084381880,SUPPORTED,
SQX-XAUUSD-H4-e1747cf8ed9b,SUPPORTED,
SQX-XAUUSD-H4-e17fc0f4ae96,SUPPORTED,
SQX-XAUUSD-H1-e1828b393855,SUPPORTED,
SQX-XAUUSD-H4-e18586cd8831,SUPPORTED,
SQX-XAUUSD-H1-e1864a03397f,SUPPORTED,
SQX-USDCHF-H4-e18821a1b8b3,SUPPORTED,
SQX-XAUUSD-H4-e18db5698ecd,SUPPORTED,
SQX-XAUUSD-H4-e19de171beb1,SUPPORTED,
SQX-USDJPY-H4-e1a2c8ca00d4,SUPPORTED,
SQX-XAUUSD-H1-e1a42df5d010,SUPPORTED,
SQX-XAUUSD-H1-e1a58d0d3628,SUPPORTED,
SQX-XAUUSD-H4-e1a9010aac1e,SUPPORTED,
SQX-XAUUSD-H4-e1acd83dfaa4,SUPPORTED,
SQX-EURUSD-H1-e1b7115c24e4,SUPPORTED,
SQX-XAUUSD-H4-e1c0c3b51859,SUPPORTED,
SQX-USDJPY-H1-e1c1b586169f,SUPPORTED,
SQX-XAUUSD-H4-e1c652e2a64a,SUPPORTED,
SQX-USDJPY-H4-e1ca85228e1c,SUPPORTED,
SQX-GBPUSD-M15-e1d247b020a4,SUPPORTED,
SQX-XAUUSD-H1-e1ef5bd479df,SUPPORTED,
SQX-USDJPY-H1-e1f2eb24fd8c,SUPPORTED,
SQX-USDJPY-H1-e1f34a6ed8fd,SUPPORTED,
SQX-XAUUSD-H4-e1f425a68582,SUPPORTED,
SQX-USDJPY-H1-e1f6ce21a750,SUPPORTED,
SQX-USDJPY-H1-e1fae87c0ec8,SUPPORTED,
SQX-GBPUSD-H4-e20455e88906,SUPPORTED,
SQX-GBPUSD-H4-e204efb7c85e,SUPPORTED,
SQX-XAUUSD-H4-e20b9746c3da,SUPPORTED,
SQX-USDJPY-M15-e21103af449f,SUPPORTED,
SQX-XAUUSD-H1-e21c0828efff,SUPPORTED,
SQX-EURUSD-H4-e2281d338832,SUPPORTED,
SQX-USDJPY-H1-e230015ce24c,SUPPORTED,
SQX-EURUSD-H4-e23305913967,SUPPORTED,
SQX-XAUUSD-H4-e23418f14a01,SUPPORTED,
SQX-GBPUSD-H4-e23d836b4312,SUPPORTED,
SQX-XAUUSD-H4-e23f34bdbe9f,SUPPORTED,
SQX-XAUUSD-H4-e253ecfde06c,SUPPORTED,
SQX-XAUUSD-H4-e254b6c95a52,SUPPORTED,
SQX-EURUSD-H4-e255046d2c4f,SUPPORTED,
SQX-USDCHF-H4-e2560bc7c358,SUPPORTED,
SQX-XAUUSD-H4-e2680527e008,SUPPORTED,
SQX-XAUUSD-H4-e26a65b04391,SUPPORTED,
SQX-GBPUSD-H4-e26e16908e5f,SUPPORTED,
SQX-USDJPY-H4-e26f6d0e379a,SUPPORTED,
SQX-XAUUSD-H4-e274771d8fd0,SUPPORTED,
SQX-XAUUSD-H1-e27a5ecbecf2,SUPPORTED,
SQX-USDJPY-H4-e27a66f41f98,SUPPORTED,
SQX-XAUUSD-H4-e28a05ab0e3f,SUPPORTED,
SQX-USDJPY-H4-e29a94a92ab0,SUPPORTED,
SQX-XAUUSD-H1-e2a6fc20b9d6,SUPPORTED,
SQX-XAUUSD-H1-e2a81645ffd4,SUPPORTED,
SQX-GBPUSD-H4-e2ab88ff8274,SUPPORTED,
SQX-EURUSD-H4-e2ae94ad6612,SUPPORTED,
SQX-XAUUSD-H4-e2b196934cf1,SUPPORTED,
SQX-EURUSD-H1-e2b5678793bc,SUPPORTED,
SQX-GBPUSD-H4-e2b600949950,SUPPORTED,
SQX-USDJPY-H4-e2b75ab25ad2,SUPPORTED,
SQX-XAUUSD-H4-e2b87690f921,SUPPORTED,
SQX-USDJPY-H4-e2bb9526e6d7,SUPPORTED,
SQX-XAUUSD-H4-e2bffa6810e0,SUPPORTED,
SQX-XAUUSD-H4-e2c4b470a566,SUPPORTED,
SQX-USDJPY-H4-e2d19e4f28b9,SUPPORTED,
SQX-XAUUSD-H1-e2da4f151b4a,SUPPORTED,
SQX-EURUSD-H1-e2e3ce85109e,SUPPORTED,
SQX-XAUUSD-H4-e2e611ac589c,SUPPORTED,
SQX-GBPUSD-H4-e2e695b19042,SUPPORTED,
SQX-USDJPY-H1-e2eafc3678e9,SUPPORTED,
SQX-XAUUSD-H4-e2fcef0abc49,SUPPORTED,
SQX-XAUUSD-H4-e2fff4238c69,SUPPORTED,
SQX-XAUUSD-H4-e30506b674a1,SUPPORTED,
SQX-XAUUSD-H1-e3095f03532d,SUPPORTED,
SQX-XAUUSD-H4-e312d143a5b4,SUPPORTED,
SQX-USDCHF-H4-e313f5f6f33d,SUPPORTED,
SQX-EURUSD-H1-e31504d3f273,SUPPORTED,
SQX-EURUSD-H1-e3163f9250c8,SUPPORTED,
SQX-USDCHF-H4-e31e0317af0c,SUPPORTED,
SQX-GBPUSD-H4-e31eb356eebf,SUPPORTED,
SQX-XAUUSD-H4-e31f77a883fa,SUPPORTED,
SQX-XAUUSD-H4-e329bb965c7c,SUPPORTED,
SQX-XAUUSD-H1-e32dad48cf35,SUPPORTED,
SQX-XAUUSD-H4-e32f2eba6e7e,SUPPORTED,
SQX-USDJPY-H1-e32f4a7c5de6,SUPPORTED,
SQX-EURUSD-H1-e3302c89186b,SUPPORTED,
SQX-XAUUSD-H1-e3334706e2e2,SUPPORTED,
SQX-USDJPY-H4-e341dc1256e8,SUPPORTED,
SQX-EURUSD-H4-e344dcd4f73b,SUPPORTED,
SQX-GBPUSD-H4-e3455a820d0b,SUPPORTED,
SQX-XAUUSD-H1-e347ee2bd799,SUPPORTED,
SQX-XAUUSD-H4-e347f0e58461,SUPPORTED,
SQX-USDCHF-H4-e34a46c26a44,SUPPORTED,
SQX-EURUSD-H1-e34f5f26c53a,SUPPORTED,
SQX-EURUSD-H1-e35349d0960c,SUPPORTED,
SQX-XAUUSD-H4-e3558aff213d,SUPPORTED,
SQX-USDJPY-H4-e356adedd10d,SUPPORTED,
SQX-EURUSD-H1-e3577cf3213b,SUPPORTED,
SQX-XAUUSD-H4-e357c8082e65,SUPPORTED,
SQX-XAUUSD-H4-e3610286c292,SUPPORTED,
SQX-XAUUSD-H4-e36811c089ed,SUPPORTED,
SQX-USDJPY-H4-e36d84360704,SUPPORTED,
SQX-USDJPY-H4-e372574405ab,SUPPORTED,
SQX-XAUUSD-H4-e377665b093f,SUPPORTED,
SQX-USDJPY-H1-e3785ff50f50,SUPPORTED,
SQX-USDJPY-H1-e378ae40c9ac,SUPPORTED,
SQX-USDJPY-H1-e378effe8f58,SUPPORTED,
SQX-XAUUSD-H4-e37b92706a01,SUPPORTED,
SQX-XAUUSD-H4-e3858aa3ff72,SUPPORTED,
SQX-XAUUSD-H4-e3891bbef9ee,SUPPORTED,
SQX-XAUUSD-H4-e3955a26ccd0,SUPPORTED,
SQX-GBPUSD-M15-e39606e54fee,SUPPORTED,
SQX-EURUSD-H1-e39644c18cad,SUPPORTED,
SQX-XAUUSD-H4-e39cb5023545,SUPPORTED,
SQX-XAUUSD-H1-e39f6074d6a1,SUPPORTED,
SQX-USDCHF-H4-e3a84b566e32,SUPPORTED,
SQX-USDJPY-H4-e3ada9523ca8,SUPPORTED,
SQX-USDJPY-H4-e3afd8798c98,SUPPORTED,
SQX-XAUUSD-H4-e3b50cb1f274,SUPPORTED,
SQX-USDCHF-H4-e3b53908d6c0,SUPPORTED,
SQX-XAUUSD-H4-e3c2b5971526,SUPPORTED,
SQX-XAUUSD-H4-e3c5a5b80702,SUPPORTED,
SQX-USDJPY-H4-e3c703bcc078,SUPPORTED,
SQX-XAUUSD-H4-e3c7a8628b49,SUPPORTED,
SQX-XAUUSD-H4-e3cc16a973aa,SUPPORTED,
SQX-USDJPY-H1-e3d158cfb084,SUPPORTED,
SQX-EURUSD-H4-e3d706baedb0,SUPPORTED,
SQX-USDJPY-H4-e3d9fe44f855,SUPPORTED,
SQX-XAUUSD-H4-e3f3e72f58f2,SUPPORTED,
SQX-XAUUSD-H4-e3f7d245f181,SUPPORTED,
SQX-USDJPY-H1-e409d52cb005,SUPPORTED,
SQX-XAUUSD-H4-e40a1e5a043a,SUPPORTED,
SQX-USDJPY-H4-e40a7a427a57,SUPPORTED,
SQX-EURUSD-H1-e40fc3185701,SUPPORTED,
SQX-EURUSD-H1-e41b773f6fc4,SUPPORTED,
SQX-GBPUSD-H4-e41d0e6a6ef0,SUPPORTED,
SQX-USDJPY-H4-e421f4455607,SUPPORTED,
SQX-XAUUSD-H4-e422a0ae29ad,SUPPORTED,
SQX-USDJPY-H4-e42e3499ab6f,SUPPORTED,
SQX-GBPUSD-H1-e42f0f09b23a,SUPPORTED,
SQX-EURUSD-H4-e431932c750c,SUPPORTED,
SQX-XAUUSD-H4-e4436292441b,SUPPORTED,
SQX-USDJPY-H4-e447b895684d,SUPPORTED,
SQX-EURUSD-H4-e44e707e2a1c,SUPPORTED,
SQX-XAUUSD-H4-e44f93a84aa1,SUPPORTED,
SQX-EURUSD-H4-e453e6a3b9d5,SUPPORTED,
SQX-XAUUSD-H1-e459bbce292e,SUPPORTED,
SQX-XAUUSD-H1-e45afa994d83,SUPPORTED,
SQX-XAUUSD-H1-e45bfd5ec1d1,SUPPORTED,
SQX-XAUUSD-H4-e461536b0595,SUPPORTED,
SQX-EURUSD-H4-e46c482d9933,SUPPORTED,
SQX-USDJPY-H4-e47104766a18,SUPPORTED,
SQX-EURUSD-H1-e474a5d812d8,SUPPORTED,
SQX-XAUUSD-H1-e477543348c7,SUPPORTED,
SQX-XAUUSD-H4-e4795b7c35ad,SUPPORTED,
SQX-EURUSD-H4-e47a270a69dc,SUPPORTED,
SQX-XAUUSD-H4-e47be27d4a58,SUPPORTED,
SQX-XAUUSD-H1-e487b7b1e9f0,SUPPORTED,
SQX-XAUUSD-H4-e4893080570a,SUPPORTED,
SQX-XAUUSD-H4-e48f161130d7,SUPPORTED,
SQX-XAUUSD-H4-e493177be5ef,SUPPORTED,
SQX-EURUSD-H1-e4973683fc1f,SUPPORTED,
SQX-XAUUSD-H4-e4977af33814,SUPPORTED,
SQX-XAUUSD-H1-e49c0183103b,SUPPORTED,
SQX-XAUUSD-H1-e4a2df8f34cf,SUPPORTED,
SQX-EURUSD-H1-e4a3306c2383,SUPPORTED,
SQX-USDCHF-H4-e4a57ab0bf1a,SUPPORTED,
SQX-XAUUSD-H4-e4abfce197ef,SUPPORTED,
SQX-USDJPY-H4-e4af1d906a99,SUPPORTED,
SQX-XAUUSD-H4-e4b233850da3,SUPPORTED,
SQX-XAUUSD-H4-e4b26c619478,SUPPORTED,
SQX-XAUUSD-H4-e4b376b1c0e5,SUPPORTED,
SQX-GBPUSD-H1-e4b584ce0db9,SUPPORTED,
SQX-USDJPY-H1-e4bca16920f6,SUPPORTED,
SQX-GBPUSD-H4-e4c0087558b7,SUPPORTED,
SQX-EURUSD-M15-e4c32f4e4fb6,SUPPORTED,
SQX-XAUUSD-H4-e4c34289dcdf,SUPPORTED,
SQX-XAUUSD-H4-e4c662db56b5,SUPPORTED,
SQX-USDJPY-H4-e4c86e833740,SUPPORTED,
SQX-EURUSD-H1-e4c9f03dd059,SUPPORTED,
SQX-XAUUSD-H1-e4cb79fba49c,SUPPORTED,
SQX-GBPUSD-H1-e4d34fd240f9,SUPPORTED,
SQX-EURUSD-H1-e4dc380a0d8b,SUPPORTED,
SQX-USDJPY-H4-e4e4fa9b3927,SUPPORTED,
SQX-USDCHF-H4-e4e5d49562d2,SUPPORTED,
SQX-USDJPY-M15-e4e67431d7b5,SUPPORTED,
SQX-USDJPY-M15-e4eb8b1f34b0,SUPPORTED,
SQX-EURUSD-H4-e4ed205126a4,SUPPORTED,
SQX-USDJPY-H4-e4f4f0bb9857,SUPPORTED,
SQX-USDJPY-H1-e51d173af8c1,SUPPORTED,
SQX-XAUUSD-H4-e520f03d5543,SUPPORTED,
SQX-EURUSD-H4-e52404bfdb7a,SUPPORTED,
SQX-XAUUSD-H4-e53106a02c03,SUPPORTED,
SQX-USDJPY-H4-e53788a3acc3,SUPPORTED,
SQX-XAUUSD-H1-e5389908e098,SUPPORTED,
SQX-XAUUSD-H1-e54811671b33,SUPPORTED,
SQX-USDJPY-M15-e557404872a3,SUPPORTED,
SQX-GBPUSD-H4-e55a13566bbb,SUPPORTED,
SQX-XAUUSD-H4-e55a1b1166d6,SUPPORTED,
SQX-XAUUSD-H4-e564560fd5b7,SUPPORTED,
SQX-XAUUSD-H4-e577b3d8d78a,SUPPORTED,
SQX-XAUUSD-H4-e57aed2d6771,SUPPORTED,
SQX-USDJPY-H1-e57de1fb5644,SUPPORTED,
SQX-USDJPY-H4-e58beba31d45,SUPPORTED,
SQX-EURUSD-H4-e590e2de98c4,SUPPORTED,
SQX-USDJPY-H1-e591c1547d9d,SUPPORTED,
SQX-USDJPY-H4-e596b2c09563,SUPPORTED,
SQX-XAUUSD-H1-e59dedd9393f,SUPPORTED,
SQX-NZDUSD-H4-e5a49a52336a,SUPPORTED,
SQX-XAUUSD-H4-e5a5766a2502,SUPPORTED,
SQX-XAUUSD-H4-e5aa545576b1,SUPPORTED,
SQX-USDJPY-H1-e5afa3aaab15,SUPPORTED,
SQX-NZDUSD-H4-e5b4e621043f,SUPPORTED,
SQX-XAUUSD-H4-e5b577ef1868,SUPPORTED,
SQX-XAUUSD-H4-e5b64c91aa75,SUPPORTED,
SQX-XAUUSD-H1-e5c7bdca3867,SUPPORTED,
SQX-USDJPY-H4-e5cdc07fab97,SUPPORTED,
SQX-XAUUSD-H4-e5ce7d3b63d9,SUPPORTED,
SQX-XAUUSD-H4-e5cfad4dd6cf,SUPPORTED,
SQX-USDCAD-H4-e5cfcd4f360d,SUPPORTED,
SQX-XAUUSD-H4-e5d22f7f7b98,SUPPORTED,
SQX-EURUSD-H1-e5d2aef76fcd,SUPPORTED,
SQX-NZDUSD-H4-e5d58d092541,SUPPORTED,
SQX-XAUUSD-H1-e5d58dae6c8d,SUPPORTED,
SQX-XAUUSD-M15-e5e0bf9c925c,SUPPORTED,
SQX-USDJPY-H4-e5e3276182b8,SUPPORTED,
SQX-XAUUSD-H1-e5e587b49239,SUPPORTED,
SQX-EURUSD-H4-e5f081859288,SUPPORTED,
SQX-USDJPY-H4-e5f6a40f6548,SUPPORTED,
SQX-XAUUSD-H4-e609e3517b47,SUPPORTED,
SQX-XAUUSD-H4-e60a77a7e73e,SUPPORTED,
SQX-XAUUSD-H1-e60da32eb6e5,SUPPORTED,
SQX-XAUUSD-H1-e60f15850db1,SUPPORTED,
SQX-XAUUSD-H4-e61d1bd00231,SUPPORTED,
SQX-XAUUSD-H4-e626ed1e03e6,SUPPORTED,
SQX-XAUUSD-H4-e62e98989f19,SUPPORTED,
SQX-EURUSD-H4-e62efc9711bf,SUPPORTED,
SQX-XAUUSD-H4-e636c70ec4a8,SUPPORTED,
SQX-XAUUSD-H4-e63c5b124d3f,SUPPORTED,
SQX-USDJPY-H4-e64567d328b6,SUPPORTED,
SQX-USDJPY-H4-e648dbe94fb7,SUPPORTED,
SQX-USDCHF-H4-e64fe4126962,SUPPORTED,
SQX-EURUSD-H1-e65223e10174,SUPPORTED,
SQX-XAUUSD-H4-e65c4fa26887,SUPPORTED,
SQX-XAUUSD-H4-e65cb014b126,SUPPORTED,
SQX-XAUUSD-H4-e664050a769b,SUPPORTED,
SQX-XAUUSD-H4-e66d3050c5a8,SUPPORTED,
SQX-USDCHF-H4-e66ebc7b5d76,SUPPORTED,
SQX-XAUUSD-H1-e66f80acfa11,SUPPORTED,
SQX-NZDUSD-H4-e6702126e23a,SUPPORTED,
SQX-XAUUSD-H4-e670b15ccbd1,SUPPORTED,
SQX-XAUUSD-H4-e670c8bad143,SUPPORTED,
SQX-EURUSD-H1-e6737d391b7b,SUPPORTED,
SQX-USDCHF-H4-e678a0b949fa,SUPPORTED,
SQX-XAUUSD-H4-e67a9a00b686,SUPPORTED,
SQX-XAUUSD-H4-e68125e9b9a2,SUPPORTED,
SQX-XAUUSD-H4-e696e194b27e,SUPPORTED,
SQX-USDJPY-H4-e699ec50a34d,SUPPORTED,
SQX-XAUUSD-H4-e69ef77b3387,SUPPORTED,
SQX-XAUUSD-H4-e6a2a8ed7f67,SUPPORTED,
SQX-XAUUSD-H4-e6a79316c8c2,SUPPORTED,
SQX-XAUUSD-H1-e6a7dcedde66,SUPPORTED,
SQX-EURUSD-H1-e6ac6961f611,SUPPORTED,
SQX-XAUUSD-H4-e6af722b1aec,SUPPORTED,
SQX-XAUUSD-H4-e6b10630166e,SUPPORTED,
SQX-XAUUSD-H4-e6b1b05294ee,SUPPORTED,
SQX-USDCAD-H1-e6b2e8913273,SUPPORTED,
SQX-USDJPY-H4-e6b3106b71b6,SUPPORTED,
SQX-XAUUSD-H4-e6b5b2192be8,SUPPORTED,
SQX-USDCHF-H4-e6ba547d9c40,SUPPORTED,
SQX-USDCHF-H4-e6bdc360e87e,SUPPORTED,
SQX-XAUUSD-H4-e6be1161b410,SUPPORTED,
SQX-USDJPY-H4-e6c0121c7553,SUPPORTED,
SQX-GBPUSD-H4-e6c42fb4a523,SUPPORTED,
SQX-XAUUSD-H4-e6c4ab076232,SUPPORTED,
SQX-XAUUSD-H1-e6ca93a557df,SUPPORTED,
SQX-USDJPY-H1-e6ce9880285e,SUPPORTED,
SQX-USDJPY-H1-e6d2209ae414,SUPPORTED,
SQX-XAUUSD-H4-e6d412721276,SUPPORTED,
SQX-EURUSD-H4-e6d74836d103,SUPPORTED,
SQX-GBPUSD-H4-e6e045566459,SUPPORTED,
SQX-XAUUSD-H4-e6e8ce03003e,SUPPORTED,
SQX-USDJPY-H4-e6f8382b064d,SUPPORTED,
SQX-USDJPY-H1-e6f95bc8b538,SUPPORTED,
SQX-XAUUSD-H4-e6fa009b4620,SUPPORTED,
SQX-XAUUSD-H4-e6fe79269ab5,SUPPORTED,
SQX-USDCAD-H4-e705599bd7b3,SUPPORTED,
SQX-XAUUSD-H1-e7062c93f86f,SUPPORTED,
SQX-USDJPY-H4-e70ad404b686,SUPPORTED,
SQX-EURUSD-H1-e70f66edbbee,SUPPORTED,
SQX-XAUUSD-H4-e710908a73ec,SUPPORTED,
SQX-XAUUSD-H4-e711148b3914,SUPPORTED,
SQX-USDJPY-H1-e7121679130a,SUPPORTED,
SQX-XAUUSD-H4-e715a3180b80,SUPPORTED,
SQX-XAUUSD-H4-e7172b09df9c,SUPPORTED,
SQX-EURUSD-H1-e717c30b333d,SUPPORTED,
SQX-EURUSD-H4-e72050f3841a,SUPPORTED,
SQX-XAUUSD-H4-e720a7465bbc,SUPPORTED,
SQX-USDJPY-H4-e721552161da,SUPPORTED,
SQX-USDJPY-H4-e7234d5cfb8f,SUPPORTED,
SQX-XAUUSD-H4-e72b11a66f65,SUPPORTED,
SQX-XAUUSD-H4-e72b1bfb4708,SUPPORTED,
SQX-XAUUSD-H4-e74038cba323,SUPPORTED,
SQX-GBPUSD-H1-e742afca9134,SUPPORTED,
SQX-XAUUSD-H4-e7433a3def71,SUPPORTED,
SQX-USDJPY-H4-e7442da397a0,SUPPORTED,
SQX-GBPUSD-H4-e745577de3a2,SUPPORTED,
SQX-USDCAD-H4-e7507f4908f6,SUPPORTED,
SQX-USDCHF-H4-e7577415d5e3,SUPPORTED,
SQX-XAUUSD-H4-e75d9888c27a,SUPPORTED,
SQX-XAUUSD-H4-e76224ae42a7,SUPPORTED,
SQX-USDJPY-H4-e76be23494ef,SUPPORTED,
SQX-USDCHF-H4-e7714d11f935,SUPPORTED,
SQX-XAUUSD-H4-e771743d6b12,SUPPORTED,
SQX-USDCHF-H4-e77380d80e7e,SUPPORTED,
SQX-XAUUSD-H4-e774da96fffe,SUPPORTED,
SQX-XAUUSD-H4-e777994bbdca,SUPPORTED,
SQX-EURUSD-H1-e77a25f9b936,SUPPORTED,
SQX-XAUUSD-H1-e787588a0ab1,SUPPORTED,
SQX-XAUUSD-H4-e7879e80b271,SUPPORTED,
SQX-XAUUSD-H4-e78d61f232cf,SUPPORTED,
SQX-EURUSD-H1-e79547542399,SUPPORTED,
SQX-GBPUSD-H4-e7958e7353fc,SUPPORTED,
SQX-XAUUSD-H4-e79d84b56cbb,SUPPORTED,
SQX-EURUSD-H4-e7a4465dbf10,SUPPORTED,
SQX-USDJPY-M15-e7a47396d40d,SUPPORTED,
SQX-XAUUSD-H1-e7ac26b673ea,SUPPORTED,
SQX-USDCAD-H4-e7b070856a5a,SUPPORTED,
SQX-XAUUSD-H4-e7bb6d93ebef,SUPPORTED,
SQX-XAUUSD-H4-e7bbf86fa94f,SUPPORTED,
SQX-USDJPY-H4-e7c09895a41f,SUPPORTED,
SQX-XAUUSD-H4-e7c29fbf0e35,SUPPORTED,
SQX-USDJPY-H4-e7cd900195e6,SUPPORTED,
SQX-XAUUSD-H4-e7d7f6125640,SUPPORTED,
SQX-XAUUSD-H1-e7db2e7c6335,SUPPORTED,
SQX-XAUUSD-H4-e7deaab1b3c5,SUPPORTED,
SQX-USDJPY-H1-e7df3d550124,SUPPORTED,
SQX-XAUUSD-H4-e7df3fb8634e,SUPPORTED,
SQX-EURUSD-H1-e7f30f047440,SUPPORTED,
SQX-XAUUSD-H4-e7f53d28a9c1,SUPPORTED,
SQX-XAUUSD-H4-e80653697b46,SUPPORTED,
SQX-XAUUSD-H1-e810b7b07deb,SUPPORTED,
SQX-XAUUSD-H4-e8129a1a5b31,SUPPORTED,
SQX-XAUUSD-H4-e81cf9a3c06d,SUPPORTED,
SQX-XAUUSD-H1-e821ee0e80d5,SUPPORTED,
SQX-XAUUSD-H1-e823b39d2bc7,SUPPORTED,
SQX-EURUSD-H1-e824af23356d,SUPPORTED,
SQX-XAUUSD-H1-e825088ba0d7,SUPPORTED,
SQX-XAUUSD-H4-e827eba26c31,SUPPORTED,
SQX-USDJPY-H4-e829aa6e9ec3,SUPPORTED,
SQX-USDJPY-H4-e831e1a91be3,SUPPORTED,
SQX-XAUUSD-H4-e838a98552e5,SUPPORTED,
SQX-EURUSD-H4-e83fc8f0a48a,SUPPORTED,
SQX-USDJPY-H1-e843e64f3874,SUPPORTED,
SQX-XAUUSD-H1-e8449fdd0838,SUPPORTED,
SQX-GBPUSD-H4-e8458741f09c,SUPPORTED,
SQX-XAUUSD-H4-e846e6a1f5e4,SUPPORTED,
SQX-NZDUSD-H4-e84938cd013c,SUPPORTED,
SQX-XAUUSD-H4-e84a60a7a752,SUPPORTED,
SQX-GBPUSD-H4-e84ebd70f1ba,SUPPORTED,
SQX-XAUUSD-H1-e8517fde39b1,SUPPORTED,
SQX-XAUUSD-H1-e852ecdf0936,SUPPORTED,
SQX-USDJPY-H4-e8532651efbf,SUPPORTED,
SQX-GBPUSD-H4-e8577a67417b,SUPPORTED,
SQX-XAUUSD-H1-e85ca7be488c,SUPPORTED,
SQX-XAUUSD-H4-e85fbf74be41,SUPPORTED,
SQX-USDJPY-H4-e8621db98a82,SUPPORTED,
SQX-XAUUSD-H4-e865aad21b55,SUPPORTED,
SQX-USDJPY-H1-e869edf58a28,SUPPORTED,
SQX-EURUSD-H4-e86ec505701b,SUPPORTED,
SQX-EURUSD-H4-e86efaa5c1ba,SUPPORTED,
SQX-XAUUSD-H4-e86f76b80974,SUPPORTED,
SQX-EURUSD-H1-e87374d4adb7,SUPPORTED,
SQX-XAUUSD-H4-e8777448ba98,SUPPORTED,
SQX-XAUUSD-H4-e87af61c7115,SUPPORTED,
SQX-XAUUSD-H1-e87d89e6f0ee,SUPPORTED,
SQX-XAUUSD-H4-e87ee226bf2a,SUPPORTED,
SQX-USDJPY-H4-e8813b99a812,SUPPORTED,
SQX-USDJPY-H4-e88a8b24cdfc,SUPPORTED,
SQX-XAUUSD-H4-e896092cf2b6,SUPPORTED,
SQX-XAUUSD-H4-e8aa8ca792b3,SUPPORTED,
SQX-GBPUSD-H1-e8afc1216ae7,SUPPORTED,
SQX-XAUUSD-H4-e8ba185e4df9,SUPPORTED,
SQX-USDCHF-H4-e8bb1163e120,SUPPORTED,
SQX-XAUUSD-H4-e8bf2b9248f4,SUPPORTED,
SQX-XAUUSD-H4-e8c3e81d0adc,SUPPORTED,
SQX-USDJPY-H4-e8c6bf02dbfa,SUPPORTED,
SQX-XAUUSD-H4-e8d093185b86,SUPPORTED,
SQX-GBPUSD-H4-e8da118139bc,SUPPORTED,
SQX-USDJPY-H1-e8de1889a9e4,SUPPORTED,
SQX-XAUUSD-H4-e8e950961776,SUPPORTED,
SQX-XAUUSD-H1-e8eae2e76b21,SUPPORTED,
SQX-USDCHF-H4-e8f1630018c9,SUPPORTED,
SQX-XAUUSD-H1-e8f28627cc82,SUPPORTED,
SQX-XAUUSD-H4-e8f5aa858113,SUPPORTED,
SQX-XAUUSD-H4-e8f70cbba222,SUPPORTED,
SQX-USDJPY-M15-e8f7f73b9f36,SUPPORTED,
SQX-GBPUSD-M15-e8fcd73fc2eb,SUPPORTED,
SQX-USDCHF-H4-e8fd3cd4b29f,SUPPORTED,
SQX-XAUUSD-H4-e9025b7e7a78,SUPPORTED,
SQX-XAUUSD-H4-e904db6133c4,SUPPORTED,
SQX-EURUSD-H4-e90b256b6113,SUPPORTED,
SQX-XAUUSD-H4-e91343f79b64,SUPPORTED,
SQX-EURUSD-H1-e9194190629e,SUPPORTED,
SQX-XAUUSD-H1-e91985107b34,SUPPORTED,
SQX-XAUUSD-H4-e91d73569f03,SUPPORTED,
SQX-XAUUSD-H4-e91e197d54ed,SUPPORTED,
SQX-XAUUSD-H4-e9216cfda14e,SUPPORTED,
SQX-USDCHF-H4-e9221cbb5fef,SUPPORTED,
SQX-XAUUSD-H1-e92669848e86,SUPPORTED,
SQX-XAUUSD-H4-e93c4d45385f,SUPPORTED,
SQX-USDJPY-H4-e94be6b43906,SUPPORTED,
SQX-XAUUSD-H4-e94c3266ba45,SUPPORTED,
SQX-EURUSD-H4-e94dd6b71caf,SUPPORTED,
SQX-XAUUSD-H1-e95437140fe5,SUPPORTED,
SQX-XAUUSD-H4-e96388f3fc94,SUPPORTED,
SQX-XAUUSD-H4-e96770c220df,SUPPORTED,
SQX-XAUUSD-H4-e969a8e6c199,SUPPORTED,
SQX-XAUUSD-H4-e96a1825c607,SUPPORTED,
SQX-XAUUSD-H4-e96a1c5ef404,SUPPORTED,
SQX-EURUSD-H4-e96f0cac5e2e,SUPPORTED,
SQX-XAUUSD-H4-e97296b25b2f,SUPPORTED,
SQX-XAUUSD-H1-e9733c01fa0e,SUPPORTED,
SQX-USDJPY-H4-e9782cbe51a5,SUPPORTED,
SQX-USDCHF-H4-e97f27d7a4f4,SUPPORTED,
SQX-EURUSD-H1-e9839744e438,SUPPORTED,
SQX-GBPUSD-H1-e987707613ac,SUPPORTED,
SQX-EURUSD-H1-e99251ae0ddb,SUPPORTED,
SQX-XAUUSD-H1-e9934db3059c,SUPPORTED,
SQX-XAUUSD-H4-e99c1db670d4,SUPPORTED,
SQX-XAUUSD-H4-e99d38386414,SUPPORTED,
SQX-XAUUSD-H1-e9a08281202d,SUPPORTED,
SQX-USDJPY-H1-e9a130e210de,SUPPORTED,
SQX-USDJPY-H4-e9a4ba015398,SUPPORTED,
SQX-XAUUSD-H4-e9a8d3029637,SUPPORTED,
SQX-XAUUSD-H4-e9ab5884b4f3,SUPPORTED,
SQX-USDCHF-H4-e9ab9201da50,SUPPORTED,
SQX-XAUUSD-H4-e9ac081d2ee0,SUPPORTED,
SQX-EURUSD-H1-e9b4b9b0f927,SUPPORTED,
SQX-XAUUSD-H1-e9b94ed0e9a4,SUPPORTED,
SQX-EURUSD-H1-e9c2a75966ee,SUPPORTED,
SQX-XAUUSD-H4-e9d29a6266f3,SUPPORTED,
SQX-XAUUSD-H4-e9dc913703f8,SUPPORTED,
SQX-XAUUSD-H1-e9dee08d11c5,SUPPORTED,
SQX-XAUUSD-H4-e9df37bff564,SUPPORTED,
SQX-XAUUSD-H4-e9e04e967c43,SUPPORTED,
SQX-USDJPY-H1-e9e13da44e01,SUPPORTED,
SQX-XAUUSD-H4-e9e24512a087,SUPPORTED,
SQX-USDJPY-H4-e9e4a4bc6ed4,SUPPORTED,
SQX-XAUUSD-H4-e9e6ccd9cf2a,SUPPORTED,
SQX-USDCHF-H4-e9ecc2bdfc33,SUPPORTED,
SQX-USDCAD-H4-e9effc518104,SUPPORTED,
SQX-EURUSD-H4-e9f06823d655,SUPPORTED,
SQX-USDCHF-H4-e9f1502950fb,SUPPORTED,
SQX-USDJPY-H4-e9f3ba60505d,SUPPORTED,
SQX-EURUSD-H4-e9f7ecf49688,SUPPORTED,
SQX-GBPUSD-H1-e9fc3e9c0128,SUPPORTED,
SQX-XAUUSD-H4-ea0617777c7b,SUPPORTED,
SQX-USDJPY-H4-ea13983a4691,SUPPORTED,
SQX-XAUUSD-H1-ea1645832ebc,SUPPORTED,
SQX-GBPUSD-M15-ea177b862d87,SUPPORTED,
SQX-XAUUSD-H4-ea180c4eb223,SUPPORTED,
SQX-USDJPY-H4-ea23cf686375,SUPPORTED,
SQX-EURUSD-H1-ea25c5d372a8,SUPPORTED,
SQX-XAUUSD-H1-ea292b42e4bf,SUPPORTED,
SQX-USDJPY-H4-ea2a86ac0cef,SUPPORTED,
SQX-EURUSD-H1-ea36d3fb05eb,SUPPORTED,
SQX-XAUUSD-H1-ea373ad18cdf,SUPPORTED,
SQX-USDCAD-H4-ea3844208c0a,SUPPORTED,
SQX-USDJPY-H4-ea3bdd54de84,SUPPORTED,
SQX-XAUUSD-H1-ea41fb342b45,SUPPORTED,
SQX-EURUSD-H1-ea5590b46cd9,SUPPORTED,
SQX-USDJPY-H1-ea736a48579b,SUPPORTED,
SQX-USDJPY-H4-ea78d1bcf561,SUPPORTED,
SQX-XAUUSD-H4-ea7aa45eb945,SUPPORTED,
SQX-EURUSD-H1-ea883cb3afe8,SUPPORTED,
SQX-XAUUSD-H1-eaa46aecd7b0,SUPPORTED,
SQX-USDJPY-H4-eaa77fb5c282,SUPPORTED,
SQX-EURUSD-H1-eaaaa2c450b3,SUPPORTED,
SQX-USDJPY-H4-eaac21c4780a,SUPPORTED,
SQX-USDJPY-H4-eab862efc539,SUPPORTED,
SQX-XAUUSD-H4-eabd410559b8,SUPPORTED,
SQX-EURUSD-H4-eac2dc6fb859,SUPPORTED,
SQX-USDCHF-H4-eac8c1ef0429,SUPPORTED,
SQX-XAUUSD-H4-eacc29571807,SUPPORTED,
SQX-XAUUSD-H4-ead87487a73d,SUPPORTED,
SQX-USDCAD-H4-eadfe6241245,SUPPORTED,
SQX-USDJPY-H4-eae327c996f4,SUPPORTED,
SQX-GBPUSD-H4-eae72d6ffa7b,SUPPORTED,
SQX-XAUUSD-H1-eaeecc03c8ea,SUPPORTED,
SQX-XAUUSD-H4-eaf04d55cd81,SUPPORTED,
SQX-USDJPY-H4-eaf1a172aa2e,SUPPORTED,
SQX-EURUSD-H1-eaf7dc3a9542,SUPPORTED,
SQX-XAUUSD-H4-eaf8edd32e4e,SUPPORTED,
SQX-XAUUSD-H4-eafe5abd54d3,SUPPORTED,
SQX-XAUUSD-H4-eb01867d60ce,SUPPORTED,
SQX-USDJPY-H4-eb0a7ec6cb55,SUPPORTED,
SQX-USDJPY-H4-eb0f2cfb8d05,SUPPORTED,
SQX-EURUSD-M15-eb1949c49928,SUPPORTED,
SQX-NZDUSD-H4-eb1b6b8d2ec4,SUPPORTED,
SQX-USDJPY-M15-eb2c218f1407,SUPPORTED,
SQX-XAUUSD-H4-eb2d2cc02847,SUPPORTED,
SQX-XAUUSD-H4-eb31a2184971,SUPPORTED,
SQX-XAUUSD-H4-eb3411c1fb90,SUPPORTED,
SQX-USDJPY-H1-eb39063772b9,SUPPORTED,
SQX-XAUUSD-H4-eb42de284b91,SUPPORTED,
SQX-XAUUSD-H1-eb4311662b69,SUPPORTED,
SQX-XAUUSD-H4-eb5042060b1b,SUPPORTED,
SQX-USDJPY-H4-eb5467c6e9bb,SUPPORTED,
SQX-EURUSD-H1-eb54ee7951de,SUPPORTED,
SQX-XAUUSD-H1-eb6132afe800,SUPPORTED,
SQX-XAUUSD-H4-eb6317fec1d5,SUPPORTED,
SQX-GBPUSD-H4-eb64dd15b5d4,SUPPORTED,
SQX-USDJPY-H4-eb657b74dcbb,SUPPORTED,
SQX-EURUSD-M15-eb6790fe8efd,SUPPORTED,
SQX-XAUUSD-H4-eb6d134038d6,SUPPORTED,
SQX-EURUSD-H1-eb6e4bf7cfe4,SUPPORTED,
SQX-XAUUSD-H1-eb7a332b5bad,SUPPORTED,
SQX-GBPUSD-H4-eb7ec708b93c,SUPPORTED,
SQX-XAUUSD-H1-eb884153241d,SUPPORTED,
SQX-USDJPY-H4-eb8c7646f1a7,SUPPORTED,
SQX-USDJPY-H1-eb91af532bd2,SUPPORTED,
SQX-XAUUSD-H4-eb98e25c0f98,SUPPORTED,
SQX-XAUUSD-H4-eb995a1659a4,SUPPORTED,
SQX-XAUUSD-H4-eb9f1d0dc895,SUPPORTED,
SQX-XAUUSD-H1-ebb068bb9d4a,SUPPORTED,
SQX-USDJPY-H4-ebb0a6c5b0c4,SUPPORTED,
SQX-XAUUSD-H1-ebb28688a640,SUPPORTED,
SQX-XAUUSD-H1-ebb2c871b83a,SUPPORTED,
SQX-USDJPY-M15-ebb674f0dac7,SUPPORTED,
SQX-XAUUSD-H1-ebbb7e92928e,SUPPORTED,
SQX-EURUSD-H4-ebbcb9d73e45,SUPPORTED,
SQX-EURUSD-H1-ebc509d675bf,SUPPORTED,
SQX-XAUUSD-H4-ebc612444d3b,SUPPORTED,
SQX-XAUUSD-H4-ebd572f89895,SUPPORTED,
SQX-EURUSD-H1-ebd675ba086c,SUPPORTED,
SQX-GBPUSD-H4-ebe092cae4a5,SUPPORTED,
SQX-XAUUSD-H4-ebe40f375f50,SUPPORTED,
SQX-USDJPY-H4-ebea8bd7a389,SUPPORTED,
SQX-XAUUSD-H4-ebebd214f7bb,SUPPORTED,
SQX-USDJPY-H1-ebf91bc0dc93,SUPPORTED,
SQX-USDJPY-H4-ebfbcc767744,SUPPORTED,
SQX-XAUUSD-H1-ec0709989407,SUPPORTED,
SQX-XAUUSD-H4-ec0e87e1d2c6,SUPPORTED,
SQX-XAUUSD-H1-ec141a517917,SUPPORTED,
SQX-USDCHF-H4-ec18f67beec9,SUPPORTED,
SQX-XAUUSD-H4-ec193628ca92,SUPPORTED,
SQX-EURUSD-H1-ec1f6fe3e1cc,SUPPORTED,
SQX-XAUUSD-H4-ec249273d6a3,SUPPORTED,
SQX-USDJPY-H4-ec291e7f7931,SUPPORTED,
SQX-USDCHF-H4-ec2de2b1aada,SUPPORTED,
SQX-USDJPY-H1-ec3238659aa2,SUPPORTED,
SQX-XAUUSD-H1-ec4cb9814e8b,SUPPORTED,
SQX-USDJPY-H1-ec4f5511ec88,SUPPORTED,
SQX-XAUUSD-H4-ec5165cdc126,SUPPORTED,
SQX-XAUUSD-H4-ec520ae3cfd1,SUPPORTED,
SQX-USDJPY-H4-ec52b215c8cf,SUPPORTED,
SQX-EURUSD-H1-ec563f616230,SUPPORTED,
SQX-XAUUSD-H1-ec56a6cef18c,SUPPORTED,
SQX-EURUSD-H4-ec6409e6dc3c,SUPPORTED,
SQX-XAUUSD-H4-ec7364d7dd37,SUPPORTED,
SQX-XAUUSD-H4-ec739438fb32,SUPPORTED,
SQX-EURUSD-H4-ec73c02a5415,SUPPORTED,
SQX-USDJPY-H4-ec76e8b7c917,SUPPORTED,
SQX-XAUUSD-H4-ec788b024d09,SUPPORTED,
SQX-USDCAD-H4-ec891673b117,SUPPORTED,
SQX-GBPUSD-H4-ec8b5408ab12,SUPPORTED,
SQX-XAUUSD-H4-ec8c412f3398,SUPPORTED,
SQX-USDCHF-H4-ec8f25f84642,SUPPORTED,
SQX-USDJPY-H1-ec9a1268cc81,SUPPORTED,
SQX-XAUUSD-H1-ec9a78c8ff10,SUPPORTED,
SQX-USDCHF-H4-eca6b1f0cdda,SUPPORTED,
SQX-USDCAD-H4-eca6fad6cd80,SUPPORTED,
SQX-GBPUSD-H4-ecb65776abed,SUPPORTED,
SQX-USDJPY-H1-ecb7de73def4,SUPPORTED,
SQX-EURUSD-H4-ecbd03267b90,SUPPORTED,
SQX-XAUUSD-H4-ecbf2a9083ce,SUPPORTED,
SQX-EURUSD-H1-ecc09a09e306,SUPPORTED,
SQX-XAUUSD-H4-ecc0d23af2a8,SUPPORTED,
SQX-EURUSD-H4-ecc295ed935b,SUPPORTED,
SQX-XAUUSD-H4-ecc350c8dff7,SUPPORTED,
SQX-XAUUSD-H4-ecc9796390a2,SUPPORTED,
SQX-XAUUSD-H1-ecc9faf4bb23,SUPPORTED,
SQX-EURUSD-H4-ecd170bfe029,SUPPORTED,
SQX-GBPUSD-H4-ecd180c14c13,SUPPORTED,
SQX-USDJPY-H4-ece5a1ef52fe,SUPPORTED,
SQX-XAUUSD-H4-ecea2ea8e503,SUPPORTED,
SQX-XAUUSD-H4-ecee07bec213,SUPPORTED,
SQX-EURUSD-H4-ecf0b3077083,SUPPORTED,
SQX-XAUUSD-H1-ecf709d4c3f2,SUPPORTED,
SQX-XAUUSD-H4-ed017ebd0c88,SUPPORTED,
SQX-USDJPY-H1-ed0202ffdf94,SUPPORTED,
SQX-XAUUSD-H4-ed0c596045cc,SUPPORTED,
SQX-XAUUSD-H4-ed1c3c06aa1c,SUPPORTED,
SQX-XAUUSD-H1-ed1cae61896d,SUPPORTED,
SQX-USDJPY-H1-ed2b5f3ae75b,SUPPORTED,
SQX-XAUUSD-H4-ed3212ea9045,SUPPORTED,
SQX-XAUUSD-H4-ed34baeed47c,SUPPORTED,
SQX-XAUUSD-H4-ed3a3940a0a0,SUPPORTED,
SQX-GBPUSD-M15-ed3ecd1043c3,SUPPORTED,
SQX-XAUUSD-H4-ed4047a8bf63,SUPPORTED,
SQX-NZDUSD-H4-ed4249b2654e,SUPPORTED,
SQX-USDJPY-H1-ed46185a6fab,SUPPORTED,
SQX-USDJPY-H1-ed479e724b3a,SUPPORTED,
SQX-XAUUSD-H4-ed4c03cf9e3c,SUPPORTED,
SQX-GBPUSD-H1-ed4d7abc8c68,SUPPORTED,
SQX-XAUUSD-H1-ed4faa846aad,SUPPORTED,
SQX-XAUUSD-H4-ed5e014d8618,SUPPORTED,
SQX-EURUSD-H4-ed62bc15fd28,SUPPORTED,
SQX-XAUUSD-H4-ed6a288d8e60,SUPPORTED,
SQX-GBPUSD-H1-ed781cfa6ba5,SUPPORTED,
SQX-XAUUSD-H4-ed78ce9d0c53,SUPPORTED,
SQX-XAUUSD-H4-ed7accc6dd95,SUPPORTED,
SQX-XAUUSD-H4-ed851959822e,SUPPORTED,
SQX-XAUUSD-H4-ed88faebfe92,SUPPORTED,
SQX-XAUUSD-H4-ed8f8019ab44,SUPPORTED,
SQX-EURUSD-H4-ed90fc17c0eb,SUPPORTED,
SQX-USDJPY-H4-ed95b8f5a0af,SUPPORTED,
SQX-GBPUSD-H4-ed9700688375,SUPPORTED,
SQX-USDJPY-H4-ed996aaa5ad8,SUPPORTED,
SQX-EURUSD-H1-ed9cd13effba,SUPPORTED,
SQX-GBPUSD-M15-eda678322f42,SUPPORTED,
SQX-GBPUSD-H1-edab32a66b77,SUPPORTED,
SQX-EURUSD-H1-edb18b3102f4,SUPPORTED,
SQX-XAUUSD-H4-edb2c3545e40,SUPPORTED,
SQX-XAUUSD-H4-edb7e942eaa8,SUPPORTED,
SQX-XAUUSD-H4-edbd118b708d,SUPPORTED,
SQX-XAUUSD-H1-edc1d60b8d9f,SUPPORTED,
SQX-XAUUSD-H4-edc36914e842,SUPPORTED,
SQX-USDCHF-H4-edc447f37a60,SUPPORTED,
SQX-USDJPY-H1-edc545b34ae2,SUPPORTED,
SQX-USDJPY-H1-edc572650693,SUPPORTED,
SQX-XAUUSD-H4-edc966ec0121,SUPPORTED,
SQX-XAUUSD-H4-edcfdbf95195,SUPPORTED,
SQX-USDJPY-H1-edd67ea64d4f,SUPPORTED,
SQX-XAUUSD-H4-eddbf4d206db,SUPPORTED,
SQX-XAUUSD-H4-ede53677c5f7,SUPPORTED,
SQX-XAUUSD-H4-ede6b9ee7133,SUPPORTED,
SQX-USDJPY-H4-ede72742a6c3,SUPPORTED,
SQX-XAUUSD-H4-edf1a167a910,SUPPORTED,
SQX-XAUUSD-H1-edf7e0316358,SUPPORTED,
SQX-USDJPY-H4-edfccde8d7ec,SUPPORTED,
SQX-USDJPY-H4-ee07303dea02,SUPPORTED,
SQX-EURUSD-H4-ee0dbfe4b240,SUPPORTED,
SQX-XAUUSD-H4-ee141fd870cc,SUPPORTED,
SQX-GBPUSD-H4-ee14e515c630,SUPPORTED,
SQX-USDJPY-H4-ee27fee4bf58,SUPPORTED,
SQX-EURUSD-H1-ee282a62c43d,SUPPORTED,
SQX-USDJPY-H1-ee2a796c93bb,SUPPORTED,
SQX-XAUUSD-H4-ee2bb3aef55f,SUPPORTED,
SQX-USDJPY-H1-ee319999831b,SUPPORTED,
SQX-XAUUSD-H4-ee35fe5b2ad4,SUPPORTED,
SQX-XAUUSD-H4-ee36c10564b8,SUPPORTED,
SQX-USDJPY-H1-ee3926895b24,SUPPORTED,
SQX-USDJPY-H4-ee3b79fae26a,SUPPORTED,
SQX-USDJPY-H1-ee454bf366bd,SUPPORTED,
SQX-XAUUSD-H4-ee4761f12293,SUPPORTED,
SQX-EURUSD-H4-ee4a0d38ac02,SUPPORTED,
SQX-XAUUSD-H1-ee6830c8dc74,SUPPORTED,
SQX-XAUUSD-H4-ee6fe43d52f8,SUPPORTED,
SQX-USDJPY-M15-ee70111628f6,SUPPORTED,
SQX-XAUUSD-H4-ee7a279ad430,SUPPORTED,
SQX-XAUUSD-H4-ee841a159cf5,SUPPORTED,
SQX-XAUUSD-H4-ee91b0530729,SUPPORTED,
SQX-XAUUSD-H4-ee9b1bd34f7f,SUPPORTED,
SQX-XAUUSD-H1-ee9eb8b9c132,SUPPORTED,
SQX-XAUUSD-H4-eeab6edf902d,SUPPORTED,
SQX-XAUUSD-H1-eeaefe2db0de,SUPPORTED,
SQX-XAUUSD-H4-eeb68acbcf07,SUPPORTED,
SQX-XAUUSD-H4-eeb92bc5ff9d,SUPPORTED,
SQX-EURUSD-H4-eebbf681ceb0,SUPPORTED,
SQX-USDJPY-H4-eec4fb490ab7,SUPPORTED,
SQX-XAUUSD-H4-eec608dcdd5b,SUPPORTED,
SQX-XAUUSD-H4-eecf3ea3866b,SUPPORTED,
SQX-XAUUSD-H4-eed68284b9f6,SUPPORTED,
SQX-XAUUSD-H4-eed96e6ad8c6,SUPPORTED,
SQX-XAUUSD-H4-eedacda14bcf,SUPPORTED,
SQX-USDJPY-H4-eee2f4f0e5bf,SUPPORTED,
SQX-XAUUSD-H1-eee5b7e6c01b,SUPPORTED,
SQX-USDJPY-H1-eee6756da228,SUPPORTED,
SQX-NZDUSD-H4-eee9cec32422,SUPPORTED,
SQX-XAUUSD-H4-eef399842ee6,SUPPORTED,
SQX-XAUUSD-H4-eef570a785e7,SUPPORTED,
SQX-XAUUSD-H1-eef813ae41dc,SUPPORTED,
SQX-USDCAD-H4-eefab559fe03,SUPPORTED,
SQX-XAUUSD-H4-eefaffda8727,SUPPORTED,
SQX-EURUSD-H4-eefccd9a21f9,SUPPORTED,
SQX-USDJPY-H4-eefd23740bdb,SUPPORTED,
SQX-XAUUSD-H4-eeffee29f87a,SUPPORTED,
SQX-XAUUSD-H1-ef002a3b827b,SUPPORTED,
SQX-XAUUSD-H4-ef074b00a16f,SUPPORTED,
SQX-USDJPY-H4-ef0c3885fbb8,SUPPORTED,
SQX-USDCAD-H4-ef1901820619,SUPPORTED,
SQX-USDJPY-H1-ef1dd1f8cdc8,SUPPORTED,
SQX-USDJPY-H1-ef2be3d39c01,SUPPORTED,
SQX-XAUUSD-H4-ef37e12c87d3,SUPPORTED,
SQX-XAUUSD-H1-ef3f8aa1e781,SUPPORTED,
SQX-XAUUSD-H4-ef3fcb9a4b7b,SUPPORTED,
SQX-XAUUSD-H4-ef41e954f462,SUPPORTED,
SQX-USDJPY-M15-ef44ddf56e03,SUPPORTED,
SQX-XAUUSD-H4-ef4849c71b51,SUPPORTED,
SQX-USDJPY-H4-ef51b36d96a9,SUPPORTED,
SQX-GBPUSD-H4-ef52d282d105,SUPPORTED,
SQX-XAUUSD-H4-ef5d6054972f,SUPPORTED,
SQX-USDJPY-H4-ef5f7d72b979,SUPPORTED,
SQX-XAUUSD-H4-ef60e428a236,SUPPORTED,
SQX-USDCHF-H4-ef676ca36e6c,SUPPORTED,
SQX-USDJPY-H4-ef6ade6b1993,SUPPORTED,
SQX-USDJPY-H4-ef70dbe5a3d0,SUPPORTED,
SQX-XAUUSD-H4-ef729d521d08,SUPPORTED,
SQX-EURUSD-H4-ef7b3c7a1092,SUPPORTED,
SQX-EURUSD-H4-ef7bb6e2ee3e,SUPPORTED,
SQX-XAUUSD-H1-ef7e04d6ffe2,SUPPORTED,
SQX-XAUUSD-H4-ef80b8f0432c,SUPPORTED,
SQX-GBPUSD-H1-ef83cd377276,SUPPORTED,
SQX-XAUUSD-H4-ef840068114b,SUPPORTED,
SQX-XAUUSD-H4-ef857a7f617b,SUPPORTED,
SQX-GBPUSD-M15-ef8623153e10,SUPPORTED,
SQX-EURUSD-H1-ef8915d12b7d,SUPPORTED,
SQX-USDJPY-H4-ef8d56aca2a3,SUPPORTED,
SQX-EURUSD-H1-ef8e4b7914ab,SUPPORTED,
SQX-XAUUSD-H4-ef9010925cfc,SUPPORTED,
SQX-USDJPY-H4-ef9092e44329,SUPPORTED,
SQX-XAUUSD-H4-ef935d298a2e,SUPPORTED,
SQX-XAUUSD-H4-ef969618c77c,SUPPORTED,
SQX-USDJPY-H1-ef9944ae90bd,SUPPORTED,
SQX-XAUUSD-H4-ef9b0e0f37c3,SUPPORTED,
SQX-USDJPY-H4-efa2aec99bb4,SUPPORTED,
SQX-USDJPY-H4-efa63b1aafb2,SUPPORTED,
SQX-XAUUSD-H4-efb2889d861e,SUPPORTED,
SQX-XAUUSD-H1-efb383c29824,SUPPORTED,
SQX-USDJPY-H4-efbcb5e8aaf8,SUPPORTED,
SQX-USDJPY-H4-efc05b33d8bf,SUPPORTED,
SQX-XAUUSD-H1-efc0ca79fa14,SUPPORTED,
SQX-XAUUSD-H4-efc3e6b60653,SUPPORTED,
SQX-USDJPY-H4-efc9a1be6b23,SUPPORTED,
SQX-XAUUSD-H4-efd715dc70f7,SUPPORTED,
SQX-XAUUSD-H1-efd97de5c655,SUPPORTED,
SQX-XAUUSD-H1-efe80c2ca368,SUPPORTED,
SQX-XAUUSD-H4-efebce282d08,SUPPORTED,
SQX-XAUUSD-H1-efedecb85aee,SUPPORTED,
SQX-USDJPY-M15-effb8c3daecb,SUPPORTED,
SQX-EURUSD-H1-effec3eb07f0,SUPPORTED,
SQX-XAUUSD-H4-effeef84efdd,SUPPORTED,
SQX-XAUUSD-H4-f0022c63f4b4,SUPPORTED,
SQX-USDCHF-H4-f0071a06b7f7,SUPPORTED,
SQX-EURUSD-H1-f008c0bcb4d2,SUPPORTED,
SQX-XAUUSD-H4-f00ba43b626c,SUPPORTED,
SQX-XAUUSD-H4-f0107e05bc48,SUPPORTED,
SQX-EURUSD-H4-f010b6ade2d0,SUPPORTED,
SQX-XAUUSD-H1-f015f89ee484,SUPPORTED,
SQX-USDJPY-M15-f016ab918b0a,SUPPORTED,
SQX-GBPUSD-H1-f019dd43058f,SUPPORTED,
SQX-USDJPY-H4-f01af5e73a28,SUPPORTED,
SQX-XAUUSD-H4-f0239da706f3,SUPPORTED,
SQX-USDJPY-H4-f028d8c38e74,SUPPORTED,
SQX-USDCHF-H4-f02c0312c5b1,SUPPORTED,
SQX-USDJPY-H4-f034188d940f,SUPPORTED,
SQX-USDJPY-M15-f03aabc645f5,SUPPORTED,
SQX-XAUUSD-H4-f03c1f6a4e7c,SUPPORTED,
SQX-XAUUSD-H4-f0415276b757,SUPPORTED,
SQX-XAUUSD-H4-f04560c5f9f4,SUPPORTED,
SQX-USDJPY-H1-f04dcb0710a5,SUPPORTED,
SQX-GBPUSD-H1-f0581bdad199,SUPPORTED,
SQX-XAUUSD-H4-f06b674c1103,SUPPORTED,
SQX-XAUUSD-H4-f071546de5cd,SUPPORTED,
SQX-XAUUSD-H4-f0738a3d1596,SUPPORTED,
SQX-EURUSD-H4-f075eaec7c0b,SUPPORTED,
SQX-XAUUSD-H4-f07bdc555fc2,SUPPORTED,
SQX-XAUUSD-H1-f07c79efacdb,SUPPORTED,
SQX-XAUUSD-H4-f07dfcb33ae0,SUPPORTED,
SQX-EURUSD-H4-f08105cec652,SUPPORTED,
SQX-XAUUSD-H4-f08162ca31b1,SUPPORTED,
SQX-USDJPY-H1-f0866ce85af3,SUPPORTED,
SQX-EURUSD-H4-f088c19b8bf3,SUPPORTED,
SQX-USDJPY-H4-f08cbf7265e7,SUPPORTED,
SQX-XAUUSD-H4-f08d3c6812a5,SUPPORTED,
SQX-USDJPY-H1-f08d46b475aa,SUPPORTED,
SQX-XAUUSD-H4-f091838ecc59,SUPPORTED,
SQX-EURUSD-H4-f0968f75b58a,SUPPORTED,
SQX-USDJPY-H4-f0994fff46c6,SUPPORTED,
SQX-XAUUSD-H4-f09b3132cf16,SUPPORTED,
SQX-XAUUSD-H4-f09b83fb5b48,SUPPORTED,
SQX-XAUUSD-H4-f09c447828a4,SUPPORTED,
SQX-USDJPY-H4-f0aecad72dea,SUPPORTED,
SQX-EURUSD-H1-f0b3fd431c16,SUPPORTED,
SQX-EURUSD-H1-f0bca6cc408a,SUPPORTED,
SQX-XAUUSD-H4-f0c1893492b0,SUPPORTED,
SQX-XAUUSD-H4-f0c56329c36f,SUPPORTED,
SQX-USDJPY-H4-f0c871324f60,SUPPORTED,
SQX-USDCHF-H4-f0ca7e7a1419,SUPPORTED,
SQX-USDCAD-H4-f0caf12038d9,SUPPORTED,
SQX-XAUUSD-H4-f0ccea303ae7,SUPPORTED,
SQX-USDCAD-H4-f0d447e8abdc,SUPPORTED,
SQX-XAUUSD-H4-f0dce4e0604d,SUPPORTED,
SQX-USDJPY-M15-f0df5f0b64c2,SUPPORTED,
SQX-EURUSD-H1-f0e425abb703,SUPPORTED,
SQX-USDJPY-H1-f0e877629c28,SUPPORTED,
SQX-XAUUSD-H4-f0ecc99dd4df,SUPPORTED,
SQX-XAUUSD-H1-f0f1593a477e,SUPPORTED,
SQX-GBPUSD-H4-f0f30296a582,SUPPORTED,
SQX-XAUUSD-H4-f0feef5304b3,SUPPORTED,
SQX-EURUSD-H1-f102d6141f5a,SUPPORTED,
SQX-XAUUSD-H4-f108c6e32fea,SUPPORTED,
SQX-XAUUSD-H4-f10ea1297010,SUPPORTED,
SQX-USDJPY-H4-f114c7883f29,SUPPORTED,
SQX-NZDUSD-H4-f118fc0035ae,SUPPORTED,
SQX-EURUSD-H4-f11cd49ffe30,SUPPORTED,
SQX-XAUUSD-H4-f1272b86a79d,SUPPORTED,
SQX-USDJPY-H4-f12c88377204,SUPPORTED,
SQX-XAUUSD-H4-f12dd2c6786a,SUPPORTED,
SQX-USDJPY-H4-f12eacea8806,SUPPORTED,
SQX-USDJPY-H1-f12fba0fee0d,SUPPORTED,
SQX-USDJPY-H4-f131195913df,SUPPORTED,
SQX-XAUUSD-H4-f1350c3f6da3,SUPPORTED,
SQX-XAUUSD-H1-f14229a4e9be,SUPPORTED,
SQX-EURUSD-H4-f143e3b1a1f5,SUPPORTED,
SQX-XAUUSD-H4-f14776fae1de,SUPPORTED,
SQX-USDJPY-H4-f1477b2b9a0c,SUPPORTED,
SQX-USDJPY-H4-f14806f00e51,SUPPORTED,
SQX-XAUUSD-H4-f151c0e8409f,SUPPORTED,
SQX-XAUUSD-H1-f15324a9a0b2,SUPPORTED,
SQX-GBPUSD-H1-f1593af209a1,SUPPORTED,
SQX-EURUSD-H4-f15940d38ea8,SUPPORTED,
SQX-XAUUSD-H4-f15e4185e214,SUPPORTED,
SQX-NZDUSD-H4-f16373159336,SUPPORTED,
SQX-USDJPY-H4-f1655600189d,SUPPORTED,
SQX-USDJPY-H4-f166c33173d9,SUPPORTED,
SQX-USDJPY-H1-f169c128d7bf,SUPPORTED,
SQX-XAUUSD-H1-f16d071ccf31,SUPPORTED,
SQX-USDJPY-H1-f17189dbddde,SUPPORTED,
SQX-XAUUSD-H1-f173cc2eecb4,SUPPORTED,
SQX-USDJPY-H4-f17879703810,SUPPORTED,
SQX-XAUUSD-H4-f18582e2c503,SUPPORTED,
SQX-EURUSD-H1-f1858ad42898,SUPPORTED,
SQX-USDJPY-M15-f18a7d879a98,SUPPORTED,
SQX-XAUUSD-H4-f18b55b106b4,SUPPORTED,
SQX-EURUSD-H1-f18c04ac1bf4,SUPPORTED,
SQX-XAUUSD-H1-f193952804e9,SUPPORTED,
SQX-XAUUSD-H4-f1a0e33456d6,SUPPORTED,
SQX-XAUUSD-H4-f1a64b2a10ec,SUPPORTED,
SQX-USDCAD-H4-f1abf6b64aa0,SUPPORTED,
SQX-EURUSD-H4-f1ad8028c509,SUPPORTED,
SQX-GBPUSD-H4-f1adc2d64bc7,SUPPORTED,
SQX-EURUSD-H4-f1adf94f6816,SUPPORTED,
SQX-XAUUSD-H1-f1b01f27fec3,SUPPORTED,
SQX-XAUUSD-H4-f1b4a1b9ee31,SUPPORTED,
SQX-XAUUSD-H4-f1b9c545d454,SUPPORTED,
SQX-XAUUSD-H4-f1be9dd43962,SUPPORTED,
SQX-USDJPY-H1-f1c33842180b,SUPPORTED,
SQX-USDJPY-H1-f1d3fe450742,SUPPORTED,
SQX-XAUUSD-H4-f1d6794115dd,SUPPORTED,
SQX-EURUSD-H4-f1d79951ba6f,SUPPORTED,
SQX-GBPUSD-M15-f1ddfe6469ed,SUPPORTED,
SQX-XAUUSD-H1-f1e0296cc763,SUPPORTED,
SQX-EURUSD-H1-f1e07f4e7ce9,SUPPORTED,
SQX-XAUUSD-H4-f1e51563b05b,SUPPORTED,
SQX-USDCHF-H4-f1e6097124b2,SUPPORTED,
SQX-USDJPY-H1-f1ec11e0499e,SUPPORTED,
SQX-XAUUSD-H4-f1f30081f670,SUPPORTED,
SQX-EURUSD-H4-f1f5e954a4ac,SUPPORTED,
SQX-USDJPY-H1-f20001fa72e6,SUPPORTED,
SQX-EURUSD-H1-f2037be9183d,SUPPORTED,
SQX-USDJPY-H4-f2098b8b0836,SUPPORTED,
SQX-XAUUSD-H1-f216ae8d3966,SUPPORTED,
SQX-XAUUSD-H1-f2277bc81632,SUPPORTED,
SQX-XAUUSD-H4-f229cc462efc,SUPPORTED,
SQX-XAUUSD-H4-f2500fcedad2,SUPPORTED,
SQX-EURUSD-H1-f25a0e98b24b,SUPPORTED,
SQX-EURUSD-H1-f2601cbbd61d,SUPPORTED,
SQX-XAUUSD-H4-f2629380cabe,SUPPORTED,
SQX-XAUUSD-H4-f277289dc0bb,SUPPORTED,
SQX-USDJPY-H4-f27f2da0a98f,SUPPORTED,
SQX-USDCHF-H4-f2869358ddc1,SUPPORTED,
SQX-XAUUSD-H4-f29356e4f9b0,SUPPORTED,
SQX-EURUSD-H1-f29ef03191b9,SUPPORTED,
SQX-GBPUSD-H4-f2a117373b2e,SUPPORTED,
SQX-XAUUSD-H4-f2a2e695ddf1,SUPPORTED,
SQX-XAUUSD-H4-f2ad55748357,SUPPORTED,
SQX-USDJPY-H4-f2b8adf7c75c,SUPPORTED,
SQX-GBPUSD-H4-f2b8e121fd28,SUPPORTED,
SQX-XAUUSD-H4-f2c029948e49,SUPPORTED,
SQX-USDCHF-H4-f2c2ea39c99f,SUPPORTED,
SQX-XAUUSD-H4-f2c7f84e60ea,SUPPORTED,
SQX-XAUUSD-M15-f2cc7777e21d,SUPPORTED,
SQX-EURUSD-H4-f2d1f1586e4e,SUPPORTED,
SQX-XAUUSD-H1-f2d41cad77fd,SUPPORTED,
SQX-XAUUSD-H1-f2d5449836ee,SUPPORTED,
SQX-XAUUSD-H1-f2d70b7d0d03,SUPPORTED,
SQX-USDJPY-H1-f2e8ebd56d35,SUPPORTED,
SQX-USDJPY-H1-f2eb4f57e985,SUPPORTED,
SQX-GBPUSD-M15-f2f158e6e1b9,SUPPORTED,
SQX-XAUUSD-H1-f2f5411f4a8b,SUPPORTED,
SQX-XAUUSD-H4-f30fd302993e,SUPPORTED,
SQX-XAUUSD-H4-f311232a6e2e,SUPPORTED,
SQX-EURUSD-H1-f31502ecb7f3,SUPPORTED,
SQX-XAUUSD-H1-f318d07f71e9,SUPPORTED,
SQX-USDCAD-H1-f31a65bc607d,SUPPORTED,
SQX-XAUUSD-H4-f3203abe521e,SUPPORTED,
SQX-USDJPY-H1-f3287a33c997,SUPPORTED,
SQX-USDCHF-H4-f32cf84dde28,SUPPORTED,
SQX-USDJPY-H1-f338f693da77,SUPPORTED,
SQX-XAUUSD-H4-f33a0ba50b83,SUPPORTED,
SQX-USDCHF-H4-f33c6653f078,SUPPORTED,
SQX-XAUUSD-H4-f34c1317d6d9,SUPPORTED,
SQX-USDCHF-H4-f3500c19b583,SUPPORTED,
SQX-XAUUSD-H4-f35aa4202443,SUPPORTED,
SQX-XAUUSD-H1-f35cae423db6,SUPPORTED,
SQX-XAUUSD-H4-f35f49dde99a,SUPPORTED,
SQX-USDJPY-M15-f36a093186e1,SUPPORTED,
SQX-USDJPY-H1-f36e755602a7,SUPPORTED,
SQX-USDJPY-H4-f371fb3b3d49,SUPPORTED,
SQX-GBPUSD-H1-f37d3d2f318e,SUPPORTED,
SQX-XAUUSD-H4-f383d9bd01d7,SUPPORTED,
SQX-XAUUSD-H4-f38bb66a25e0,SUPPORTED,
SQX-USDCHF-H4-f38c468b362a,SUPPORTED,
SQX-USDJPY-H4-f3925dfe9871,SUPPORTED,
SQX-EURUSD-H1-f396e8a5be30,SUPPORTED,
SQX-XAUUSD-H1-f39d02458833,SUPPORTED,
SQX-USDJPY-H1-f39f8e8fa14b,SUPPORTED,
SQX-XAUUSD-H4-f3a19f68f919,SUPPORTED,
SQX-XAUUSD-H4-f3a3c8a5dbc2,SUPPORTED,
SQX-XAUUSD-H4-f3a5a201b683,SUPPORTED,
SQX-XAUUSD-H4-f3afe9041145,SUPPORTED,
SQX-XAUUSD-H4-f3aff2bf3b3a,SUPPORTED,
SQX-XAUUSD-H4-f3b893229045,SUPPORTED,
SQX-XAUUSD-H4-f3b94e623a94,SUPPORTED,
SQX-USDJPY-H1-f3d273395844,SUPPORTED,
SQX-NZDUSD-H4-f3d6ad5ad23e,SUPPORTED,
SQX-USDJPY-H1-f3daf6dbe888,SUPPORTED,
SQX-NZDUSD-H4-f3e25fe32355,SUPPORTED,
SQX-XAUUSD-H1-f3f2c69428ca,SUPPORTED,
SQX-GBPUSD-H4-f3f370ea8db2,SUPPORTED,
SQX-GBPUSD-H1-f3f6cdf9ff4c,SUPPORTED,
SQX-USDJPY-H4-f4059576f84d,SUPPORTED,
SQX-XAUUSD-H4-f40c55580503,SUPPORTED,
SQX-XAUUSD-H4-f40ca66ff380,SUPPORTED,
SQX-XAUUSD-H4-f410942e83a7,SUPPORTED,
SQX-XAUUSD-H4-f41356aea8cf,SUPPORTED,
SQX-USDJPY-H4-f418a4d1e79e,SUPPORTED,
SQX-XAUUSD-H1-f42a15849cae,SUPPORTED,
SQX-EURUSD-M15-f42b0cf2a161,SUPPORTED,
SQX-USDJPY-H4-f432719c23e7,SUPPORTED,
SQX-XAUUSD-H4-f439431bd280,SUPPORTED,
SQX-USDJPY-H1-f43b144a3833,SUPPORTED,
SQX-USDJPY-H1-f43bdc1a0d66,SUPPORTED,
SQX-XAUUSD-H4-f43be0a90c03,SUPPORTED,
SQX-USDCAD-H1-f43c990b80f5,SUPPORTED,
SQX-XAUUSD-H1-f43d37df62e4,SUPPORTED,
SQX-XAUUSD-H4-f4431988b103,SUPPORTED,
SQX-EURUSD-H4-f447fd4f89e2,SUPPORTED,
SQX-XAUUSD-H4-f44893ea457a,SUPPORTED,
SQX-EURUSD-H1-f4499f78ac42,SUPPORTED,
SQX-EURUSD-H4-f453a77151a8,SUPPORTED,
SQX-XAUUSD-H4-f4577458181d,SUPPORTED,
SQX-XAUUSD-H4-f4578634cc9b,SUPPORTED,
SQX-USDJPY-H4-f46572957c14,SUPPORTED,
SQX-XAUUSD-H4-f46647a47cbf,SUPPORTED,
SQX-USDCAD-H4-f466b8002e69,SUPPORTED,
SQX-USDJPY-H4-f466ee68b7b7,SUPPORTED,
SQX-XAUUSD-H4-f469e37bbbaa,SUPPORTED,
SQX-XAUUSD-H4-f46a68f0c1c3,SUPPORTED,
SQX-XAUUSD-H4-f47257cc56e9,SUPPORTED,
SQX-GBPUSD-M15-f477c4d078f4,SUPPORTED,
SQX-XAUUSD-H4-f47aa51e2198,SUPPORTED,
SQX-EURUSD-H1-f47b50db4fc0,SUPPORTED,
SQX-USDJPY-H4-f47dbf99fb2d,SUPPORTED,
SQX-USDCAD-H4-f47ef3a8f49a,SUPPORTED,
SQX-XAUUSD-H4-f47f015474f8,SUPPORTED,
SQX-XAUUSD-H4-f48397045884,SUPPORTED,
SQX-EURUSD-H1-f485eda82eaa,SUPPORTED,
SQX-XAUUSD-H4-f4904521226e,SUPPORTED,
SQX-USDJPY-H1-f49554a973f6,SUPPORTED,
SQX-USDJPY-H1-f4974caaac53,SUPPORTED,
SQX-USDJPY-H4-f497f7bbbd79,SUPPORTED,
SQX-USDJPY-H4-f49811a35cfa,SUPPORTED,
SQX-XAUUSD-H4-f49dbefb5613,SUPPORTED,
SQX-XAUUSD-H4-f49f5cbf9dc7,SUPPORTED,
SQX-XAUUSD-H4-f4a4efdf1d39,SUPPORTED,
SQX-USDJPY-H4-f4a8b0b2a530,SUPPORTED,
SQX-XAUUSD-H4-f4aca83232ba,SUPPORTED,
SQX-XAUUSD-H4-f4ae5c2e49d0,SUPPORTED,
SQX-XAUUSD-H4-f4b607a934e9,SUPPORTED,
SQX-GBPUSD-H4-f4b71238b944,SUPPORTED,
SQX-EURUSD-H1-f4bd16300c4e,SUPPORTED,
SQX-XAUUSD-H4-f4c2d290647f,SUPPORTED,
SQX-XAUUSD-H4-f4c4260efb16,SUPPORTED,
SQX-XAUUSD-H4-f4c6363f1718,SUPPORTED,
SQX-XAUUSD-H4-f4c68d790ac4,SUPPORTED,
SQX-USDJPY-M15-f4c7a96a969b,SUPPORTED,
SQX-XAUUSD-H4-f4c9d88e34df,SUPPORTED,
SQX-XAUUSD-H1-f4cbda5f5b09,SUPPORTED,
SQX-USDJPY-H1-f4dc68dc93bb,SUPPORTED,
SQX-GBPUSD-H1-f4e180e46a5e,SUPPORTED,
SQX-XAUUSD-H4-f4e7ad9772e1,SUPPORTED,
SQX-XAUUSD-H4-f4e9b6f77bae,SUPPORTED,
SQX-XAUUSD-H4-f4efe2f621d8,SUPPORTED,
SQX-XAUUSD-H1-f4f6c105e529,SUPPORTED,
SQX-XAUUSD-H1-f4fa356116cd,SUPPORTED,
SQX-XAUUSD-H1-f50f9714badb,SUPPORTED,
SQX-XAUUSD-H1-f510979e7fc1,SUPPORTED,
SQX-XAUUSD-H4-f5186433b09c,SUPPORTED,
SQX-XAUUSD-H4-f518bd8bc43a,SUPPORTED,
SQX-XAUUSD-H4-f521f12801e9,SUPPORTED,
SQX-USDJPY-H4-f52237062b06,SUPPORTED,
SQX-USDCHF-H4-f525b0a7c7b2,SUPPORTED,
SQX-USDJPY-H4-f52bf14e2f33,SUPPORTED,
SQX-USDCHF-H4-f530e8eecc06,SUPPORTED,
SQX-USDJPY-H1-f5326345144d,SUPPORTED,
SQX-XAUUSD-H4-f5327c8df5e1,SUPPORTED,
SQX-USDJPY-H4-f53d13847873,SUPPORTED,
SQX-XAUUSD-H4-f53da0ad76b4,SUPPORTED,
SQX-XAUUSD-H4-f548f59cf539,SUPPORTED,
SQX-EURUSD-H1-f54f17cd0290,SUPPORTED,
SQX-XAUUSD-H4-f550de7b0791,SUPPORTED,
SQX-XAUUSD-H4-f5589bc313a6,SUPPORTED,
SQX-USDJPY-H4-f5606cdbe8e1,SUPPORTED,
SQX-EURUSD-H4-f566257192ec,SUPPORTED,
SQX-XAUUSD-H4-f567401ee227,SUPPORTED,
SQX-USDCHF-H4-f56a1864c8f9,SUPPORTED,
SQX-USDJPY-H4-f56c29593f79,SUPPORTED,
SQX-XAUUSD-H4-f56d47119d50,SUPPORTED,
SQX-USDJPY-H1-f56f50b86db8,SUPPORTED,
SQX-USDJPY-H4-f578091345b3,SUPPORTED,
SQX-XAUUSD-H4-f578416022af,SUPPORTED,
SQX-USDJPY-H1-f57dc73ccb14,SUPPORTED,
SQX-XAUUSD-H4-f5869ba74e28,SUPPORTED,
SQX-XAUUSD-H4-f58f5e11e858,SUPPORTED,
SQX-USDCAD-H4-f596182ae688,SUPPORTED,
SQX-XAUUSD-H4-f598f85744e9,SUPPORTED,
SQX-USDJPY-H1-f59d55488d25,SUPPORTED,
SQX-EURUSD-H1-f59dfce21203,SUPPORTED,
SQX-XAUUSD-H4-f5a22d45d5ec,SUPPORTED,
SQX-XAUUSD-H1-f5a8d26034b6,SUPPORTED,
SQX-XAUUSD-H1-f5ace0d2961f,SUPPORTED,
SQX-XAUUSD-H4-f5b7dc456f86,SUPPORTED,
SQX-USDCHF-H4-f5bdddc933c1,SUPPORTED,
SQX-XAUUSD-H4-f5bfb4d79c71,SUPPORTED,
SQX-XAUUSD-H4-f5c18696d507,SUPPORTED,
SQX-EURUSD-H1-f5d1eabfe42b,SUPPORTED,
SQX-USDCHF-H4-f5d3c447839c,SUPPORTED,
SQX-XAUUSD-H4-f5d7b5c1413d,SUPPORTED,
SQX-XAUUSD-H4-f5d8ba3671df,SUPPORTED,
SQX-XAUUSD-H1-f5e54ad019c0,SUPPORTED,
SQX-USDJPY-H4-f5ec890f4ba7,SUPPORTED,
SQX-EURUSD-H1-f6004d4c225d,SUPPORTED,
SQX-USDJPY-H1-f60391c375e8,SUPPORTED,
SQX-XAUUSD-H4-f60972cfe3d1,SUPPORTED,
SQX-XAUUSD-H4-f619e4052de0,SUPPORTED,
SQX-USDJPY-H1-f61d302d22ad,SUPPORTED,
SQX-XAUUSD-H4-f61f6d85b88b,SUPPORTED,
SQX-USDJPY-H1-f61f9ae20107,SUPPORTED,
SQX-XAUUSD-H4-f62210a0b595,SUPPORTED,
SQX-EURUSD-H4-f625a47ac13a,SUPPORTED,
SQX-XAUUSD-H4-f627535e6811,SUPPORTED,
SQX-EURUSD-H4-f62c28dc2dba,SUPPORTED,
SQX-USDJPY-H4-f62c67190258,SUPPORTED,
SQX-EURUSD-H1-f63615d78741,SUPPORTED,
SQX-XAUUSD-H4-f63ffb276be7,SUPPORTED,
SQX-USDJPY-H4-f646958847b4,SUPPORTED,
SQX-USDJPY-H1-f64f2170d136,SUPPORTED,
SQX-XAUUSD-H1-f65346a9ea96,SUPPORTED,
SQX-XAUUSD-H4-f6558ffaac5a,SUPPORTED,
SQX-GBPUSD-M15-f659a4e352ac,SUPPORTED,
SQX-XAUUSD-H4-f65c15a50ec6,SUPPORTED,
SQX-USDJPY-H4-f65cb5c75434,SUPPORTED,
SQX-USDJPY-M15-f663f223b16c,SUPPORTED,
SQX-XAUUSD-H4-f6673f057a83,SUPPORTED,
SQX-NZDUSD-H4-f669ca502274,SUPPORTED,
SQX-XAUUSD-H4-f672d001ea96,SUPPORTED,
SQX-XAUUSD-H1-f67424f87944,SUPPORTED,
SQX-XAUUSD-H4-f67624978db9,SUPPORTED,
SQX-USDJPY-H4-f67a5795d9d2,SUPPORTED,
SQX-GBPUSD-H4-f67b9a989e1e,SUPPORTED,
SQX-XAUUSD-H1-f6827be1a8a0,SUPPORTED,
SQX-EURUSD-H1-f68356254454,SUPPORTED,
SQX-EURUSD-M15-f684b8ec6a37,SUPPORTED,
SQX-USDJPY-H1-f687d94c8597,SUPPORTED,
SQX-XAUUSD-H1-f6974525f349,SUPPORTED,
SQX-EURUSD-H4-f69d2a489c29,SUPPORTED,
SQX-USDCHF-H4-f69db260b7a4,SUPPORTED,
SQX-GBPUSD-H4-f69e08b890b8,SUPPORTED,
SQX-EURUSD-H4-f69f9291d765,SUPPORTED,
SQX-XAUUSD-H4-f6a2b0d5f03c,SUPPORTED,
SQX-XAUUSD-H4-f6a2f367cbd4,SUPPORTED,
SQX-EURUSD-H1-f6a42924f5a9,SUPPORTED,
SQX-USDJPY-H4-f6a5369fbe9e,SUPPORTED,
SQX-XAUUSD-H4-f6a61d93574e,SUPPORTED,
SQX-USDJPY-H4-f6aaf893442e,SUPPORTED,
SQX-XAUUSD-H4-f6b361aeaf47,SUPPORTED,
SQX-EURUSD-H1-f6b9ba9ef563,SUPPORTED,
SQX-XAUUSD-H1-f6bd715a500f,SUPPORTED,
SQX-XAUUSD-H4-f6c18b4616ee,SUPPORTED,
SQX-EURUSD-H4-f6c52643afec,SUPPORTED,
SQX-USDCHF-H4-f6c87c7c0b04,SUPPORTED,
SQX-EURUSD-H1-f6d46acf78b7,SUPPORTED,
SQX-XAUUSD-H4-f6db563db274,SUPPORTED,
SQX-XAUUSD-H4-f6e1f802443b,SUPPORTED,
SQX-XAUUSD-H4-f6e41d7f7f82,SUPPORTED,
SQX-USDJPY-H4-f6e76c5d960d,SUPPORTED,
SQX-EURUSD-H4-f6e775aeaecd,SUPPORTED,
SQX-XAUUSD-H4-f6eba8e031bb,SUPPORTED,
SQX-USDJPY-H4-f6efaf229843,SUPPORTED,
SQX-XAUUSD-H4-f6fba25b8027,SUPPORTED,
SQX-USDJPY-H1-f6fc981530fd,SUPPORTED,
SQX-XAUUSD-H4-f70b8efa0c5f,SUPPORTED,
SQX-USDCHF-H4-f70dea706580,SUPPORTED,
SQX-XAUUSD-H4-f70e1f1f9d25,SUPPORTED,
SQX-USDCAD-H4-f712c3f3f30d,SUPPORTED,
SQX-USDCHF-H4-f7149e08b4d3,SUPPORTED,
SQX-EURUSD-H4-f718aa97daa1,SUPPORTED,
SQX-USDJPY-H4-f71c242612c2,SUPPORTED,
SQX-USDCAD-H4-f71c704294a7,SUPPORTED,
SQX-USDCHF-H4-f7203fa7a3c8,SUPPORTED,
SQX-EURUSD-H1-f72ae1fb9a3a,SUPPORTED,
SQX-XAUUSD-H4-f72bfa3ba0fa,SUPPORTED,
SQX-USDJPY-H1-f72cebb30149,SUPPORTED,
SQX-XAUUSD-H4-f73ab47d6f2c,SUPPORTED,
SQX-USDJPY-M15-f73e2c67cf35,SUPPORTED,
SQX-GBPUSD-H4-f73f705ade99,SUPPORTED,
SQX-XAUUSD-H1-f747036d0f6a,SUPPORTED,
SQX-XAUUSD-H4-f7548202146d,SUPPORTED,
SQX-XAUUSD-H1-f75cdc95d93d,SUPPORTED,
SQX-USDJPY-H1-f762376c57ba,SUPPORTED,
SQX-GBPUSD-H1-f76ca4b8605b,SUPPORTED,
SQX-USDJPY-H1-f76df40edd34,SUPPORTED,
SQX-EURUSD-H4-f77fa2895ff8,SUPPORTED,
SQX-USDCAD-H4-f77fabd8e6a0,SUPPORTED,
SQX-USDJPY-H4-f783c9486fd4,SUPPORTED,
SQX-XAUUSD-H4-f78e9d78f565,SUPPORTED,
SQX-USDJPY-H1-f795ef99addd,SUPPORTED,
SQX-XAUUSD-H4-f79a849a29a1,SUPPORTED,
SQX-USDCHF-H4-f79e4fbc8c08,SUPPORTED,
SQX-XAUUSD-H4-f79e92569685,SUPPORTED,
SQX-USDJPY-H4-f79ee73dee9b,SUPPORTED,
SQX-XAUUSD-H4-f7a3bf397651,SUPPORTED,
SQX-XAUUSD-H4-f7addc1c7005,SUPPORTED,
SQX-XAUUSD-H4-f7ae79ffb76f,SUPPORTED,
SQX-USDJPY-H4-f7b59710c8ab,SUPPORTED,
SQX-EURUSD-H1-f7b7ec5a6d8d,SUPPORTED,
SQX-XAUUSD-H4-f7b94f987288,SUPPORTED,
SQX-USDCAD-H4-f7bd4614873b,SUPPORTED,
SQX-XAUUSD-H4-f7bec95ffce1,SUPPORTED,
SQX-USDJPY-H4-f7c515e42551,SUPPORTED,
SQX-XAUUSD-H4-f7c91871d938,SUPPORTED,
SQX-USDJPY-H4-f7caa36ac24b,SUPPORTED,
SQX-USDJPY-H4-f7cd70f644d5,SUPPORTED,
SQX-USDJPY-H4-f7cd9318e39e,SUPPORTED,
SQX-USDJPY-H1-f7cfb376ad79,SUPPORTED,
SQX-USDCHF-H4-f7da3e768448,SUPPORTED,
SQX-EURUSD-H4-f7e1fb46b57d,SUPPORTED,
SQX-XAUUSD-H4-f7f1a8c15285,SUPPORTED,
SQX-XAUUSD-H4-f7f2fa992fee,SUPPORTED,
SQX-USDJPY-H1-f7f3b7ae71ca,SUPPORTED,
SQX-GBPUSD-H4-f7f3b8059aa3,SUPPORTED,
SQX-USDJPY-H1-f7fae6de9af7,SUPPORTED,
SQX-XAUUSD-H4-f7fea3ef61bf,SUPPORTED,
SQX-USDJPY-H4-f80272f0adf4,SUPPORTED,
SQX-XAUUSD-H4-f806d952b16f,SUPPORTED,
SQX-USDJPY-H4-f807438b3230,SUPPORTED,
SQX-EURUSD-H1-f808a4edd862,SUPPORTED,
SQX-XAUUSD-H4-f80b13645355,SUPPORTED,
SQX-USDJPY-H1-f80d925c5843,SUPPORTED,
SQX-XAUUSD-H4-f81648f31ee5,SUPPORTED,
SQX-NZDUSD-H4-f81ed83bb96d,SUPPORTED,
SQX-EURUSD-H4-f824b0b9909d,SUPPORTED,
SQX-XAUUSD-H1-f8279f76ba28,SUPPORTED,
SQX-XAUUSD-H4-f82ad4ae45c8,SUPPORTED,
SQX-USDJPY-H4-f82b14238c42,SUPPORTED,
SQX-XAUUSD-H4-f82d1cd818e1,SUPPORTED,
SQX-GBPUSD-H4-f82ddf8974cc,SUPPORTED,
SQX-GBPUSD-H4-f837e3ebb693,SUPPORTED,
SQX-USDJPY-H4-f83bb5a4def5,SUPPORTED,
SQX-GBPUSD-H4-f845361e30d8,SUPPORTED,
SQX-USDJPY-H1-f84aa06da2a7,SUPPORTED,
SQX-GBPUSD-M15-f84ad56eca8d,SUPPORTED,
SQX-EURUSD-H1-f84c902ddfec,SUPPORTED,
SQX-XAUUSD-H4-f852e74390c9,SUPPORTED,
SQX-XAUUSD-H4-f85471a93c06,SUPPORTED,
SQX-EURUSD-H1-f85a5e516afd,SUPPORTED,
SQX-USDJPY-H4-f866ddd14bbb,SUPPORTED,
SQX-XAUUSD-H4-f867e8a3b22b,SUPPORTED,
SQX-USDCHF-H4-f86ec5fee3c1,SUPPORTED,
SQX-XAUUSD-H1-f8713cdbbf7a,SUPPORTED,
SQX-XAUUSD-H1-f871a7c1df4d,SUPPORTED,
SQX-EURUSD-H1-f871ed945c64,SUPPORTED,
SQX-GBPUSD-H4-f876c899e11e,SUPPORTED,
SQX-XAUUSD-H4-f886b50a52eb,SUPPORTED,
SQX-EURUSD-H1-f88810ecc5b7,SUPPORTED,
SQX-USDJPY-H1-f88c78586320,SUPPORTED,
SQX-GBPUSD-H1-f88f83593458,SUPPORTED,
SQX-EURUSD-H1-f8921fc4b6f6,SUPPORTED,
SQX-NZDUSD-H4-f89694fca597,SUPPORTED,
SQX-GBPUSD-H4-f896b96ee720,SUPPORTED,
SQX-USDJPY-H4-f899bb3ed600,SUPPORTED,
SQX-EURUSD-H4-f89abb63df50,SUPPORTED,
SQX-USDJPY-H1-f89b2806c26c,SUPPORTED,
SQX-USDJPY-H4-f89c753e205f,SUPPORTED,
SQX-XAUUSD-H4-f89d26c84b4f,SUPPORTED,
SQX-USDCHF-H4-f8a0704b32c3,SUPPORTED,
SQX-GBPUSD-H4-f8a459cf0071,SUPPORTED,
SQX-USDJPY-H4-f8a4ffe8905d,SUPPORTED,
SQX-GBPUSD-H4-f8a5a814e418,SUPPORTED,
SQX-USDJPY-H4-f8a639c425af,SUPPORTED,
SQX-XAUUSD-H1-f8a64d507042,SUPPORTED,
SQX-XAUUSD-H4-f8c0023579d8,SUPPORTED,
SQX-XAUUSD-H4-f8cd4d0a217f,SUPPORTED,
SQX-XAUUSD-H4-f8d0816488f8,SUPPORTED,
SQX-XAUUSD-H4-f8ed324f0a61,SUPPORTED,
SQX-GBPUSD-M15-f8eff8abab92,SUPPORTED,
SQX-EURUSD-H4-f8f76c6b634d,SUPPORTED,
SQX-XAUUSD-H4-f8f8a6b6e81e,SUPPORTED,
SQX-XAUUSD-H4-f8f8d97ea4bc,SUPPORTED,
SQX-XAUUSD-H4-f8fb14e3fa43,SUPPORTED,
SQX-XAUUSD-H4-f9004e7b5b52,SUPPORTED,
SQX-USDJPY-H4-f90408af3690,SUPPORTED,
SQX-XAUUSD-H1-f90be9aa1e4d,SUPPORTED,
SQX-EURUSD-H1-f90f771dc10d,SUPPORTED,
SQX-XAUUSD-H4-f91086f8e4ce,SUPPORTED,
SQX-USDCAD-H4-f917e3e08091,SUPPORTED,
SQX-EURUSD-H4-f91a72adb7b3,SUPPORTED,
SQX-EURUSD-H1-f91bf5197751,SUPPORTED,
SQX-XAUUSD-H4-f91f10e56517,SUPPORTED,
SQX-XAUUSD-H1-f920077778b4,SUPPORTED,
SQX-XAUUSD-H4-f922f0a8c619,SUPPORTED,
SQX-EURUSD-H1-f9287297c5c7,SUPPORTED,
SQX-XAUUSD-H4-f93350243ba0,SUPPORTED,
SQX-XAUUSD-H1-f933ea6e3b04,SUPPORTED,
SQX-USDCHF-H4-f935565212a7,SUPPORTED,
SQX-XAUUSD-H4-f93ab19648e4,SUPPORTED,
SQX-USDCAD-H4-f948e5cc718e,SUPPORTED,
SQX-EURUSD-H1-f94d049b2649,SUPPORTED,
SQX-XAUUSD-H1-f94eed0dbb9a,SUPPORTED,
SQX-EURUSD-M15-f9521240a7d7,SUPPORTED,
SQX-USDJPY-H1-f953b3c002f7,SUPPORTED,
SQX-XAUUSD-H4-f95431fca54e,SUPPORTED,
SQX-XAUUSD-H4-f956a42ecd88,SUPPORTED,
SQX-XAUUSD-H4-f958290c3078,SUPPORTED,
SQX-EURUSD-H1-f95a3d05fbc2,SUPPORTED,
SQX-XAUUSD-H4-f962106a19b9,SUPPORTED,
SQX-XAUUSD-H4-f96770d83580,SUPPORTED,
SQX-XAUUSD-H4-f96b29d60fb1,SUPPORTED,
SQX-EURUSD-H4-f96cbaae0a73,SUPPORTED,
SQX-XAUUSD-H4-f979116c5a2c,SUPPORTED,
SQX-USDJPY-H1-f97ac0e5cb89,SUPPORTED,
SQX-USDCAD-H4-f98653cfc683,SUPPORTED,
SQX-USDCHF-H4-f98831c73976,SUPPORTED,
SQX-USDJPY-H1-f99468fd4b43,SUPPORTED,
SQX-USDJPY-H4-f9afc773f3c6,SUPPORTED,
SQX-XAUUSD-H4-f9b46ed50b73,SUPPORTED,
SQX-XAUUSD-H1-f9b7f4a45ef4,SUPPORTED,
SQX-EURUSD-H1-f9b8975bbc5e,SUPPORTED,
SQX-XAUUSD-H1-f9bcb5473a52,SUPPORTED,
SQX-XAUUSD-H1-f9c21aa90b92,SUPPORTED,
SQX-GBPUSD-H4-f9d6bc372876,SUPPORTED,
SQX-USDJPY-H1-f9dd756bc9e8,SUPPORTED,
SQX-USDJPY-H4-f9dd76041911,SUPPORTED,
SQX-NZDUSD-H4-f9e5fadc30f4,SUPPORTED,
SQX-XAUUSD-H4-f9ee3b43f6e7,SUPPORTED,
SQX-USDCHF-H4-f9f2ee2214b3,SUPPORTED,
SQX-XAUUSD-H4-f9f42a135456,SUPPORTED,
SQX-USDJPY-H4-f9fbdb1d7711,SUPPORTED,
SQX-XAUUSD-H1-f9fd4af85052,SUPPORTED,
SQX-XAUUSD-H4-f9fdc13d0ba2,SUPPORTED,
SQX-XAUUSD-H4-f9fee38a719a,SUPPORTED,
SQX-XAUUSD-H4-f9ff07f592bf,SUPPORTED,
SQX-EURUSD-H1-f9ff6d84344a,SUPPORTED,
SQX-USDCHF-H4-fa032ecd56d5,SUPPORTED,
SQX-XAUUSD-H4-fa04154eca30,SUPPORTED,
SQX-EURUSD-H1-fa0aa5f9dc40,SUPPORTED,
SQX-XAUUSD-H1-fa0afec7a16c,SUPPORTED,
SQX-XAUUSD-H1-fa0b1a6a0ef5,SUPPORTED,
SQX-XAUUSD-H1-fa19f37e0c31,SUPPORTED,
SQX-USDJPY-H4-fa1d43176a96,SUPPORTED,
SQX-XAUUSD-H4-fa1faae2b54e,SUPPORTED,
SQX-XAUUSD-H4-fa2290ce2527,SUPPORTED,
SQX-XAUUSD-H1-fa309ee6b414,SUPPORTED,
SQX-GBPUSD-M15-fa31bef3db96,SUPPORTED,
SQX-USDJPY-H4-fa3b7cc27035,SUPPORTED,
SQX-XAUUSD-H4-fa3c8023415d,SUPPORTED,
SQX-USDJPY-M15-fa3e5afee5f2,SUPPORTED,
SQX-XAUUSD-H4-fa40a6258230,SUPPORTED,
SQX-XAUUSD-H4-fa50f05cce4b,SUPPORTED,
SQX-USDJPY-H4-fa52a583d543,SUPPORTED,
SQX-XAUUSD-H4-fa5990b6a23c,SUPPORTED,
SQX-EURUSD-H1-fa60110e5598,SUPPORTED,
SQX-XAUUSD-H4-fa68ac436fb3,SUPPORTED,
SQX-XAUUSD-H4-fa69434f409b,SUPPORTED,
SQX-USDCHF-H4-fa6a4b6823ac,SUPPORTED,
SQX-USDJPY-H4-fa6d90bed375,SUPPORTED,
SQX-XAUUSD-H4-fa720b2f0f9c,SUPPORTED,
SQX-GBPUSD-M15-fa789dc04272,SUPPORTED,
SQX-XAUUSD-H4-fa8233c4141a,SUPPORTED,
SQX-XAUUSD-H4-fa85817425dc,SUPPORTED,
SQX-XAUUSD-H4-fa873ee68959,SUPPORTED,
SQX-XAUUSD-H4-fa8747b4eea6,SUPPORTED,
SQX-XAUUSD-H4-fa9eb30e0fbd,SUPPORTED,
SQX-XAUUSD-H4-fa9f51c55830,SUPPORTED,
SQX-XAUUSD-H1-faa518c538b1,SUPPORTED,
SQX-USDCHF-H4-faa903960005,SUPPORTED,
SQX-USDJPY-H4-fab0cd396b23,SUPPORTED,
SQX-XAUUSD-H1-fab69d15d5eb,SUPPORTED,
SQX-XAUUSD-H4-fabac3eeaf5a,SUPPORTED,
SQX-XAUUSD-H1-fabe3d7d4727,SUPPORTED,
SQX-XAUUSD-H4-fac11b86980a,SUPPORTED,
SQX-XAUUSD-H4-fac2776f0e05,SUPPORTED,
SQX-XAUUSD-H4-fac555892e99,SUPPORTED,
SQX-XAUUSD-H4-fac9ccc8a6f9,SUPPORTED,
SQX-XAUUSD-H4-facf041b6298,SUPPORTED,
SQX-EURUSD-H4-fad04f994a00,SUPPORTED,
SQX-EURUSD-H4-fad15896cc0c,SUPPORTED,
SQX-XAUUSD-H4-fad29513e739,SUPPORTED,
SQX-USDCAD-H4-fadac9268de9,SUPPORTED,
SQX-EURUSD-H1-fadb111ec5e1,SUPPORTED,
SQX-USDJPY-H1-fae6f7397258,SUPPORTED,
SQX-NZDUSD-H1-fae841cf010d,SUPPORTED,
SQX-XAUUSD-H4-faeafe33e340,SUPPORTED,
SQX-USDJPY-H4-faf07886ade3,SUPPORTED,
SQX-GBPUSD-H4-faf1f6a67cbe,SUPPORTED,
SQX-USDJPY-H4-faf21408d6b6,SUPPORTED,
SQX-XAUUSD-H1-faf9301b31b1,SUPPORTED,
SQX-XAUUSD-H4-fafef29dacaa,SUPPORTED,
SQX-USDCHF-H4-faff98d6aea5,SUPPORTED,
SQX-EURUSD-H4-fb00f2de65af,SUPPORTED,
SQX-USDJPY-H1-fb012b22fcb4,SUPPORTED,
SQX-GBPUSD-M15-fb04ce605d2d,SUPPORTED,
SQX-XAUUSD-H4-fb0c64a12379,SUPPORTED,
SQX-XAUUSD-H1-fb0daa2e58d9,SUPPORTED,
SQX-USDJPY-M15-fb1149c37d44,SUPPORTED,
SQX-USDJPY-H4-fb1d558fcb74,SUPPORTED,
SQX-EURUSD-H4-fb1d7eb09222,SUPPORTED,
SQX-USDJPY-H4-fb1fe5c4a83b,SUPPORTED,
SQX-XAUUSD-H4-fb25405c3f1b,SUPPORTED,
SQX-USDJPY-H4-fb25d2637815,SUPPORTED,
SQX-XAUUSD-H4-fb268d517585,SUPPORTED,
SQX-USDJPY-H1-fb327e4b6cd0,SUPPORTED,
SQX-XAUUSD-H4-fb3886889420,SUPPORTED,
SQX-USDCHF-H4-fb4b39ad4880,SUPPORTED,
SQX-XAUUSD-H4-fb4b39b7d785,SUPPORTED,
SQX-XAUUSD-H4-fb4b4d922e98,SUPPORTED,
SQX-USDJPY-M15-fb4cdbbee698,SUPPORTED,
SQX-XAUUSD-H1-fb50c1e2ca42,SUPPORTED,
SQX-XAUUSD-H4-fb535881a573,SUPPORTED,
SQX-XAUUSD-H4-fb54d33de870,SUPPORTED,
SQX-USDJPY-H1-fb5e412d0e4a,SUPPORTED,
SQX-GBPUSD-H4-fb5ef6ef903d,SUPPORTED,
SQX-XAUUSD-H4-fb628af3735a,SUPPORTED,
SQX-GBPUSD-H4-fb6d0a5ea604,SUPPORTED,
SQX-XAUUSD-H4-fb70dcb58c4d,SUPPORTED,
SQX-XAUUSD-H4-fb743c7678ae,SUPPORTED,
SQX-GBPUSD-H4-fb75f934ab19,SUPPORTED,
SQX-USDJPY-H4-fb7f54c3feca,SUPPORTED,
SQX-EURUSD-H1-fb84dceca9f7,SUPPORTED,
SQX-XAUUSD-H4-fb89f33eaed0,SUPPORTED,
SQX-XAUUSD-H4-fb8ae189c39a,SUPPORTED,
SQX-XAUUSD-H4-fb9002045634,SUPPORTED,
SQX-EURUSD-H1-fb943e6c010c,SUPPORTED,
SQX-XAUUSD-H4-fb94fe9f2104,SUPPORTED,
SQX-XAUUSD-H4-fb9c7a21bc24,SUPPORTED,
SQX-EURUSD-M15-fba04efc93d3,SUPPORTED,
SQX-EURUSD-H1-fba66e93f3d3,SUPPORTED,
SQX-XAUUSD-H4-fba6db1cb20c,SUPPORTED,
SQX-XAUUSD-H4-fba7bf351446,SUPPORTED,
SQX-XAUUSD-H1-fbac17bf7b89,SUPPORTED,
SQX-XAUUSD-H4-fbac27a4aaaf,SUPPORTED,
SQX-EURUSD-H1-fbb364bd664d,SUPPORTED,
SQX-NZDUSD-H4-fbba1ae497f0,SUPPORTED,
SQX-XAUUSD-H4-fbbbb9991d81,SUPPORTED,
SQX-XAUUSD-H4-fbc76e93c2aa,SUPPORTED,
SQX-USDJPY-H1-fbcb9f87e271,SUPPORTED,
SQX-EURUSD-H1-fbcbad2a6329,SUPPORTED,
SQX-XAUUSD-H4-fbd38351ed30,SUPPORTED,
SQX-XAUUSD-H4-fbd68632e7db,SUPPORTED,
SQX-XAUUSD-H1-fbda15002f46,SUPPORTED,
SQX-EURUSD-H4-fbdc0722048f,SUPPORTED,
SQX-XAUUSD-H4-fbdf72549c66,SUPPORTED,
SQX-USDJPY-H1-fbe046394867,SUPPORTED,
SQX-XAUUSD-H4-fbe12830d755,SUPPORTED,
SQX-USDJPY-M15-fbeca84c66a7,SUPPORTED,
SQX-XAUUSD-H4-fbf8d74328f0,SUPPORTED,
SQX-XAUUSD-H4-fbf9664ccec2,SUPPORTED,
SQX-XAUUSD-H4-fbfa85ac4cb2,SUPPORTED,
SQX-USDJPY-H1-fbfcdf70b203,SUPPORTED,
SQX-XAUUSD-H4-fbfee761d2c6,SUPPORTED,
SQX-EURUSD-H1-fc0d3632add3,SUPPORTED,
SQX-XAUUSD-H4-fc10159171a4,SUPPORTED,
SQX-EURUSD-H4-fc14bd7b76eb,SUPPORTED,
SQX-USDJPY-M15-fc2b3227305c,SUPPORTED,
SQX-XAUUSD-H4-fc2c9f81110b,SUPPORTED,
SQX-EURUSD-H1-fc34938d48e6,SUPPORTED,
SQX-XAUUSD-H4-fc386a0b21b4,SUPPORTED,
SQX-GBPUSD-H1-fc3968e908ab,SUPPORTED,
SQX-XAUUSD-H4-fc4884a83efa,SUPPORTED,
SQX-USDJPY-H4-fc50e3c47fde,SUPPORTED,
SQX-USDJPY-H4-fc5723d41086,SUPPORTED,
SQX-EURUSD-H4-fc58d00af900,SUPPORTED,
SQX-USDJPY-H4-fc5eacefa7c5,SUPPORTED,
SQX-GBPUSD-H4-fc6b554ca01d,SUPPORTED,
SQX-XAUUSD-H4-fc6baff080da,SUPPORTED,
SQX-USDCAD-H4-fc7667e5775d,SUPPORTED,
SQX-XAUUSD-H1-fc8405a9509d,SUPPORTED,
SQX-XAUUSD-H4-fc8ba8041ed3,SUPPORTED,
SQX-USDJPY-H4-fc8ca731ba85,SUPPORTED,
SQX-XAUUSD-H4-fc904a8a1d4a,SUPPORTED,
SQX-EURUSD-H1-fcaa55bd5da8,SUPPORTED,
SQX-XAUUSD-H4-fcb0a8e88150,SUPPORTED,
SQX-XAUUSD-H4-fcb0e0c97de7,SUPPORTED,
SQX-EURUSD-H1-fcb6343f36af,SUPPORTED,
SQX-XAUUSD-H4-fcb7497adb4b,SUPPORTED,
SQX-XAUUSD-H4-fcb7fe00b93c,SUPPORTED,
SQX-XAUUSD-H4-fcbdcabb1c16,SUPPORTED,
SQX-USDJPY-H4-fcc488e502ad,SUPPORTED,
SQX-XAUUSD-H4-fccc99fe82e4,SUPPORTED,
SQX-USDCHF-H4-fccf7c080283,SUPPORTED,
SQX-USDJPY-H4-fcd754ea11e8,SUPPORTED,
SQX-XAUUSD-H4-fcd7908c3233,SUPPORTED,
SQX-XAUUSD-H4-fcd89b0db38b,SUPPORTED,
SQX-XAUUSD-H4-fcdb100b8c5c,SUPPORTED,
SQX-USDJPY-H4-fcdc02fd5503,SUPPORTED,
SQX-USDJPY-H1-fce7c96cd4a8,SUPPORTED,
SQX-USDJPY-H1-fcec73c3ad17,SUPPORTED,
SQX-USDJPY-H1-fcf1a9ccdc48,SUPPORTED,
SQX-USDCHF-H4-fcf7b4640832,SUPPORTED,
SQX-XAUUSD-H4-fd000ed22f40,SUPPORTED,
SQX-EURUSD-H1-fd0bc415d375,SUPPORTED,
SQX-EURUSD-H1-fd0c8387e667,SUPPORTED,
SQX-GBPUSD-M15-fd129ba0bbe4,SUPPORTED,
SQX-EURUSD-H1-fd1ac112c67f,SUPPORTED,
SQX-GBPUSD-H1-fd1f0a98ca8e,SUPPORTED,
SQX-XAUUSD-H4-fd338cec7265,SUPPORTED,
SQX-XAUUSD-H4-fd3a70d9812a,SUPPORTED,
SQX-XAUUSD-H4-fd3e17daeee0,SUPPORTED,
SQX-XAUUSD-H4-fd40d0563245,SUPPORTED,
SQX-USDJPY-H4-fd413b79b9d6,SUPPORTED,
SQX-USDJPY-H1-fd5656594c58,SUPPORTED,
SQX-USDJPY-H1-fd576f0fc5b9,SUPPORTED,
SQX-XAUUSD-H4-fd5a281f754f,SUPPORTED,
SQX-XAUUSD-H4-fd5b35d65fdf,SUPPORTED,
SQX-XAUUSD-H4-fd5c8388e046,SUPPORTED,
SQX-XAUUSD-H4-fd6293fed401,SUPPORTED,
SQX-GBPUSD-H1-fd62b92b3210,SUPPORTED,
SQX-XAUUSD-H4-fd63d397b4f4,SUPPORTED,
SQX-XAUUSD-H4-fd726d5f13ef,SUPPORTED,
SQX-EURUSD-H4-fd7725958b87,SUPPORTED,
SQX-USDJPY-H1-fd7d764cad7c,SUPPORTED,
SQX-USDJPY-H1-fd7dbd657e90,SUPPORTED,
SQX-EURUSD-H1-fd83c19c9f7d,SUPPORTED,
SQX-XAUUSD-H4-fd8415e25d16,SUPPORTED,
SQX-XAUUSD-H4-fd88a3a6bc48,SUPPORTED,
SQX-XAUUSD-H4-fd92ce4f0322,SUPPORTED,
SQX-EURUSD-H1-fd931d6dfe42,SUPPORTED,
SQX-XAUUSD-H4-fd9cc7e5f2fa,SUPPORTED,
SQX-XAUUSD-H4-fd9f05448bd0,SUPPORTED,
SQX-GBPUSD-H1-fd9ff372b6bc,SUPPORTED,
SQX-USDJPY-H4-fda3aafac4b4,SUPPORTED,
SQX-XAUUSD-H4-fda6db95a50a,SUPPORTED,
SQX-XAUUSD-H4-fda8486fcd88,SUPPORTED,
SQX-GBPUSD-H4-fdb9a25cce99,SUPPORTED,
SQX-XAUUSD-H4-fdb9f2192fd9,SUPPORTED,
SQX-XAUUSD-H4-fdbc31bb91a8,SUPPORTED,
SQX-EURUSD-H1-fdbea404e789,SUPPORTED,
SQX-USDCHF-H4-fdbf8ae90d8d,SUPPORTED,
SQX-USDCAD-H4-fdc0545416d0,SUPPORTED,
SQX-USDCHF-H4-fdc44ed55c14,SUPPORTED,
SQX-XAUUSD-H4-fdce6028100f,SUPPORTED,
SQX-XAUUSD-H4-fdd17f4c277d,SUPPORTED,
SQX-XAUUSD-H4-fdd54b7f3bba,SUPPORTED,
SQX-XAUUSD-H4-fdd6905105f6,SUPPORTED,
SQX-XAUUSD-H4-fdd8dd5640e2,SUPPORTED,
SQX-XAUUSD-H4-fdd9649970cc,SUPPORTED,
SQX-GBPUSD-H4-fdda6da3a1b1,SUPPORTED,
SQX-XAUUSD-H1-fddbd540b09d,SUPPORTED,
SQX-XAUUSD-H4-fdde292bdae8,SUPPORTED,
SQX-XAUUSD-H4-fddf34707c90,SUPPORTED,
SQX-XAUUSD-H4-fde7ef567765,SUPPORTED,
SQX-XAUUSD-H4-fdf408e71591,SUPPORTED,
SQX-XAUUSD-H1-fdf9a072eac8,SUPPORTED,
SQX-USDCHF-H4-fdff97365805,SUPPORTED,
SQX-USDJPY-H4-fe06b8c264c9,SUPPORTED,
SQX-USDJPY-H4-fe0a68bfe841,SUPPORTED,
SQX-XAUUSD-H4-fe0aed0bec8f,SUPPORTED,
SQX-USDJPY-H1-fe176260acda,SUPPORTED,
SQX-XAUUSD-H1-fe265d6b0b58,SUPPORTED,
SQX-XAUUSD-H4-fe2b2e2099d1,SUPPORTED,
SQX-XAUUSD-H4-fe2b563461e9,SUPPORTED,
SQX-EURUSD-M15-fe2b76beca20,SUPPORTED,
SQX-XAUUSD-H1-fe2fb72100ed,SUPPORTED,
SQX-EURUSD-H1-fe3a817e114b,SUPPORTED,
SQX-XAUUSD-H4-fe4942333096,SUPPORTED,
SQX-USDCHF-H4-fe564178b401,SUPPORTED,
SQX-XAUUSD-H1-fe572bf5e0d8,SUPPORTED,
SQX-XAUUSD-H1-fe59b56173e2,SUPPORTED,
SQX-EURUSD-H1-fe634b22e35e,SUPPORTED,
SQX-XAUUSD-H1-fe685bdfeb07,SUPPORTED,
SQX-XAUUSD-H4-fe6866980953,SUPPORTED,
SQX-XAUUSD-H4-fe69145d7451,SUPPORTED,
SQX-USDJPY-H1-fe69b11de82d,SUPPORTED,
SQX-EURUSD-H1-fe6c34d45b03,SUPPORTED,
SQX-EURUSD-H4-fe760e1cadbe,SUPPORTED,
SQX-XAUUSD-H4-fe765f591e2f,SUPPORTED,
SQX-XAUUSD-H4-fe7728944d49,SUPPORTED,
SQX-XAUUSD-H4-fe7ac6f0ccb6,SUPPORTED,
SQX-USDJPY-M15-fe7db5eb60d3,SUPPORTED,
SQX-XAUUSD-H4-fe7e7f209d23,SUPPORTED,
SQX-USDCHF-H4-fe850c1d9dec,SUPPORTED,
SQX-USDCHF-H4-fe868ad95a79,SUPPORTED,
SQX-GBPUSD-H4-fe875e42e048,SUPPORTED,
SQX-GBPUSD-H4-fe96cf230822,SUPPORTED,
SQX-XAUUSD-H4-fe9ac1a2ee22,SUPPORTED,
SQX-USDJPY-H1-fe9e6f71d94d,SUPPORTED,
SQX-XAUUSD-H1-fe9f52b3e12c,SUPPORTED,
SQX-EURUSD-H4-fea51750795c,SUPPORTED,
SQX-XAUUSD-H4-feaeae5c4327,SUPPORTED,
SQX-GBPUSD-M15-feb1123fa957,SUPPORTED,
SQX-EURUSD-H4-feba0bd6b4ab,SUPPORTED,
SQX-EURUSD-H4-febe00881155,SUPPORTED,
SQX-GBPUSD-H4-fec13612fbc3,SUPPORTED,
SQX-USDCHF-H4-fec2f565cae2,SUPPORTED,
SQX-XAUUSD-H4-fec9f5272040,SUPPORTED,
SQX-USDJPY-H1-fecd67965425,SUPPORTED,
SQX-GBPUSD-H4-fed18b8516c2,SUPPORTED,
SQX-GBPUSD-M15-fed825092f6f,SUPPORTED,
SQX-EURUSD-H4-fedc68f62a26,SUPPORTED,
SQX-USDJPY-H1-feebd39eac4a,SUPPORTED,
SQX-XAUUSD-H4-feed14111524,SUPPORTED,
SQX-USDCHF-H4-fefef28c0cf8,SUPPORTED,
SQX-USDJPY-H1-fefff480b5e9,SUPPORTED,
SQX-XAUUSD-H1-ff0357de20c5,SUPPORTED,
SQX-USDJPY-H4-ff03b4c75317,SUPPORTED,
SQX-XAUUSD-H4-ff0cf5b67826,SUPPORTED,
SQX-XAUUSD-H1-ff0de5b1e029,SUPPORTED,
SQX-XAUUSD-H4-ff12b494719e,SUPPORTED,
SQX-USDCHF-H4-ff1d175827d0,SUPPORTED,
SQX-USDCAD-H4-ff2161768364,SUPPORTED,
SQX-EURUSD-H1-ff25c6371a24,SUPPORTED,
SQX-XAUUSD-H4-ff3284303716,SUPPORTED,
SQX-XAUUSD-H4-ff37ffdc46ea,SUPPORTED,
SQX-XAUUSD-H1-ff3961984122,SUPPORTED,
SQX-XAUUSD-H4-ff3a4b5b9d62,SUPPORTED,
SQX-XAUUSD-H1-ff4181f352a0,SUPPORTED,
SQX-XAUUSD-H1-ff42b2ac7cee,SUPPORTED,
SQX-XAUUSD-H4-ff457cd0a20b,SUPPORTED,
SQX-XAUUSD-H4-ff4f81844e42,SUPPORTED,
SQX-XAUUSD-H4-ff5b84920dc4,SUPPORTED,
SQX-USDJPY-H4-ff5d9b102f1d,SUPPORTED,
SQX-GBPUSD-H1-ff60d45bb975,SUPPORTED,
SQX-EURUSD-H4-ff61e40fc4c7,SUPPORTED,
SQX-GBPUSD-H4-ff6bc2820fad,SUPPORTED,
SQX-USDJPY-H4-ff79602c46e1,SUPPORTED,
SQX-USDJPY-H4-ff7afcd19b3f,SUPPORTED,
SQX-USDJPY-H1-ff7b041935b4,SUPPORTED,
SQX-XAUUSD-H1-ff7e0b123862,SUPPORTED,
SQX-XAUUSD-H1-ff81626e3868,SUPPORTED,
SQX-XAUUSD-H4-ff85358a6f6e,SUPPORTED,
SQX-USDJPY-H4-ff88d298eda1,SUPPORTED,
SQX-USDJPY-H4-ff8f58b7f6d2,SUPPORTED,
SQX-GBPUSD-H4-ff9acbb9ed17,SUPPORTED,
SQX-XAUUSD-H4-ff9b50b72cd7,SUPPORTED,
SQX-GBPUSD-H4-ffa4f4a8b943,SUPPORTED,
SQX-USDCHF-H1-ffac523bd191,SUPPORTED,
SQX-XAUUSD-H4-ffb1e89ab198,SUPPORTED,
SQX-USDJPY-H4-ffbd54331a3e,SUPPORTED,
SQX-XAUUSD-H4-ffbdbf6eb427,SUPPORTED,
SQX-EURUSD-H1-ffbdd24952b3,SUPPORTED,
SQX-USDCHF-H4-ffbe2066aa4c,SUPPORTED,
SQX-EURUSD-H4-ffbfd3e6a7b3,SUPPORTED,
SQX-XAUUSD-H4-ffcce2559a05,SUPPORTED,
SQX-XAUUSD-H4-ffce12c92734,SUPPORTED,
SQX-USDJPY-H4-ffd0b29f90df,SUPPORTED,
SQX-XAUUSD-H4-ffd44017c176,SUPPORTED,
SQX-EURUSD-H1-ffd4dfde5c3e,SUPPORTED,
SQX-XAUUSD-H4-ffd5863f69e7,SUPPORTED,
SQX-XAUUSD-H4-ffd760b8ff6b,SUPPORTED,
SQX-GBPUSD-H4-ffdd411fb9b9,SUPPORTED,
SQX-USDJPY-H4-ffdeb76d6fb3,SUPPORTED,
SQX-XAUUSD-H1-ffe3cbaeb546,SUPPORTED,
SQX-XAUUSD-H4-ffeb220d4f4e,SUPPORTED,
SQX-XAUUSD-H1-fff03948bf42,SUPPORTED,
SQX-XAUUSD-H1-fff37309633d,SUPPORTED,
SQX-XAUUSD-H4-fff7d9a02256,SUPPORTED,
SQX-XAUUSD-H4-fffd3e906fd2,SUPPORTED,
SQX-XAUUSD-H1-fffe4ced0701,SUPPORTED,
