asset,timeframe,segment,strategy_id,hash,strategy,direction,pf,expectancy_r,net_r,return,trades,maxdd,kind,median_window_expectancy,positive_window_ratio,active_windows,worst_window_expectancy,window_pfs,window_trades,fitness,dev_eligible,val_pf,val_expectancy_r,val_return,val_trades,val_maxdd,dev_pf,dev_expectancy_r,dev_return,dev_economic_expectancy,dev_trades,dev_maxdd,dev_minimum_equity,dev_ruin,val_economic_expectancy,val_minimum_equity,val_ruin,admitted,admission_reason,oos_hash,oos_pf,oos_expectancy_r,oos_economic_expectancy,oos_return,oos_maxdd,oos_ruin,group
ADA,M15,VAL,SQX-ADA-M15-e3098ff41a08,e3098ff41a080c146f6618678aff9b8449f5b703fec33cc2c0153c35cace79f1,"{""atr_period"":14,""direction"":""LONG"",""grammar_version"":""v1.7"",""logic"":""AND"",""market"":""ADA"",""predicates"":[{""feature"":""structure.break_high.2"",""operator"":"">"",""value"":0.0},{""feature"":""structure.break_low.2"",""operator"":""<"",""value"":0.0}],""stop_atr"":1.5,""target_atr"":4.0,""time_exit"":72,""timeframe"":""M15""}",LONG,1.1706158932020128,0.0985811436607277,0.1785129426677953,0.1785129426677962,41,0.5472544487411968,GENETIC,0.5482952200953524,0.75,4,-0.634963080933195,"[0.2541744346953299, 0.09609542342216196, 1.415767157222869, 1.2238768009485124, 1.3023574230963808, 0.0]","[10, 4, 5, 5, 13, 4]",0.6180544498620537,True,1.7912687845555797,0.5211365468985979,0.0784857283290474,15,-0.0505662746581586,1.1109755096254124,0.0985811436607277,0.0347106436294717,0.0008466010641334,41,-0.1061622977151854,0.9032398570458652,False,0.0052323818886031,0.9935747632348858,False,True,PASS,e3098ff41a080c146f6618678aff9b8449f5b703fec33cc2c0153c35cace79f1,0.4364239675775453,-0.5141664976463174,-0.0050864647622307,-0.0610375771467691,-0.102480001650348,False,ADMITTED
ADA,M15,VAL,SQX-ADA-M15-4a97d90f9040,4a97d90f904017698344f8e44d0188e2ac8d54065b71c4329edec88f2f436a72,"{""atr_period"":14,""direction"":""LONG"",""grammar_version"":""v1.7"",""logic"":""AND"",""market"":""ADA"",""predicates"":[{""feature"":""structure.break_high.2"",""operator"":"">"",""value"":0.0},{""feature"":""structure.break_low.2"",""operator"":""<"",""value"":0.0}],""stop_atr"":1.5,""target_atr"":4.0,""time_exit"":96,""timeframe"":""M15""}",LONG,1.1706158932020128,0.0985811436607277,0.1785129426677953,0.1785129426677962,41,0.5472544487411968,GENETIC,0.5482952200953524,0.75,4,-0.634963080933195,"[0.2541744346953299, 0.09609542342216196, 1.415767157222869, 1.2238768009485124, 1.3023574230963808, 0.0]","[10, 4, 5, 5, 13, 4]",0.6180544498620537,True,1.7912687845555797,0.5211365468985979,0.0784857283290474,15,-0.0505662746581586,1.1109755096254124,0.0985811436607277,0.0347106436294717,0.0008466010641334,41,-0.1061622977151854,0.9032398570458652,False,0.0052323818886031,0.9935747632348858,False,True,PASS,4a97d90f904017698344f8e44d0188e2ac8d54065b71c4329edec88f2f436a72,0.4364239675775453,-0.5141664976463174,-0.0050864647622307,-0.0610375771467691,-0.102480001650348,False,ADMITTED
ADA,M15,VAL,SQX-ADA-M15-db7684dc8a5e,db7684dc8a5e7cbb9bb474d343f4e85d071e2ec6354b4b644d9d7d0da13de42c,"{""atr_period"":14,""direction"":""LONG"",""grammar_version"":""v1.7"",""logic"":""AND"",""market"":""ADA"",""predicates"":[{""feature"":""structure.break_high.5"",""operator"":"">"",""value"":0.0},{""feature"":""structure.break_low.2"",""operator"":""<"",""value"":0.0}],""stop_atr"":2.0,""target_atr"":4.0,""time_exit"":96,""timeframe"":""M15""}",LONG,1.7798835187332054,0.1444635322231449,2.636779085166584,2.636779085166579,157,2.8656115327631624,GENETIC,0.2429973663638424,0.6666666666666666,6,-0.343938064782546,"[3.0849709916905472, 1.2260752657959857, 0.8590258243324705, 3.211644281379399, 1.2209859249561037, 1.5276691411854681]","[18, 22, 25, 31, 28, 33]",0.4806795168348725,True,1.2828412477339166,0.1840904765976599,0.0717455848397989,40,-0.077156732324544,1.2106823980007448,0.1444635322231449,0.2326242582599385,0.0014816831736301,157,-0.1750976635166423,0.922375312556141,False,0.0017936396209949,0.950456349692312,False,True,PASS,db7684dc8a5e7cbb9bb474d343f4e85d071e2ec6354b4b644d9d7d0da13de42c,1.26124642963393,0.1641494254777292,0.0016031141490916,0.0897743923491323,-0.0982962772684011,False,ADMITTED
ADA,M15,VAL,SQX-ADA-M15-da1e1e733aa9,da1e1e733aa99a7339e23c1c06af1cafe8898fa684b22b56b37ed5708ba89fc9,"{""atr_period"":14,""direction"":""LONG"",""grammar_version"":""v1.7"",""logic"":""AND"",""market"":""ADA"",""predicates"":[{""feature"":""structure.break_high.5"",""operator"":"">"",""value"":0.0},{""feature"":""structure.break_low.2"",""operator"":""<"",""value"":0.0}],""stop_atr"":2.0,""target_atr"":4.0,""time_exit"":24,""timeframe"":""M15""}",LONG,1.692795147317331,0.1269568792224276,1.78020175863673,1.780201758636728,158,2.0120829378005207,GENETIC,0.245789947863603,0.6666666666666666,6,-0.4111588608688059,"[3.148261983992276, 1.263780819664289, 0.7053214216583312, 1.993455964755666, 1.5795682724062918, 1.4727747375979368]","[18, 22, 25, 32, 28, 33]",0.4676668993130682,True,1.2717141638850245,0.1424736228530098,0.0568063733119645,41,-0.0631871535510905,1.2473573427498617,0.1269568792224276,0.2062712626373035,0.0013055143204892,158,-0.2012847977788985,0.8767814564292766,False,0.0013855213002918,0.987355513165851,False,True,PASS,da1e1e733aa99a7339e23c1c06af1cafe8898fa684b22b56b37ed5708ba89fc9,1.3709650434902425,0.1616613329685003,0.0016170143033464,0.092169815290747,-0.0766961038729755,False,ADMITTED
ADA,M15,VAL,SQX-ADA-M15-824d00bf03a3,824d00bf03a39f526a8f5e0ab6f4ea4481830cd7fdf50d1cf736db25b373e0bc,"{""atr_period"":14,""direction"":""LONG"",""grammar_version"":""v1.7"",""logic"":""AND"",""market"":""ADA"",""predicates"":[{""feature"":""structure.break_high.5"",""operator"":"">"",""value"":0.0},{""feature"":""structure.break_low.2"",""operator"":""<"",""value"":0.0}],""stop_atr"":1.5,""target_atr"":4.0,""time_exit"":24,""timeframe"":""M15""}",LONG,1.7411600265532965,0.1595367892922646,1.857855535587252,1.8578555355872508,165,2.033887518385986,GENETIC,0.2629795719007284,0.6666666666666666,6,-0.514553733076408,"[1.655354493538231, 1.2662522119172368, 0.7709367493715042, 1.749966733053307, 1.8007764907306074, 1.7540778635806253]","[18, 22, 27, 35, 29, 34]",0.4660078052982932,True,1.4061313473860269,0.255954779772184,0.1103540820363768,43,-0.0759460448428904,1.256472387326656,0.1595367892922646,0.2741186174969259,0.0016613249545268,165,-0.2459231401870854,0.8253639529999437,False,0.0025663740008459,0.9962231914895292,False,True,PASS,824d00bf03a39f526a8f5e0ab6f4ea4481830cd7fdf50d1cf736db25b373e0bc,1.245018513882024,0.1440800490260475,0.0013846917458803,0.0816968130069395,-0.115630767482802,False,ADMITTED
ADA,M15,VAL,SQX-ADA-M15-bae2f9999a29,bae2f9999a29cccd3a04dcef4c7caf2801832525944e230d55f7783639db047a,"{""atr_period"":14,""direction"":""LONG"",""grammar_version"":""v1.7"",""logic"":""AND"",""market"":""ADA"",""predicates"":[{""feature"":""structure.break_high.5"",""operator"":"">"",""value"":0.0},{""feature"":""structure.break_low.2"",""operator"":""<"",""value"":0.0}],""stop_atr"":2.0,""target_atr"":3.0,""time_exit"":24,""timeframe"":""M15""}",LONG,1.5290324405430735,0.1056583627058162,1.3448268448837433,1.3448268448837437,158,1.556302917154729,GENETIC,0.2304217373110473,0.6666666666666666,6,-0.4001395771222485,"[4.993366774169952, 1.1177218229911312, 0.5683945390130855, 1.613132223576657, 1.503784785271673, 1.352426018855488]","[18, 22, 25, 32, 28, 33]",0.4550535096971518,True,1.388481025472016,0.1878413706175779,0.0791045115631667,42,-0.0505177909670158,1.2159781388975024,0.1056583627058162,0.1694778926554627,0.0010726448902244,158,-0.2108124188006589,0.908849241232203,False,0.0018834407515039,0.999749620423926,False,True,PASS,bae2f9999a29cccd3a04dcef4c7caf2801832525944e230d55f7783639db047a,1.3132346033221014,0.1354616617751742,0.001345241730035,0.0766787786120004,-0.0746457907755373,False,ADMITTED
ADA,M15,VAL,SQX-ADA-M15-6ac8c13ada07,6ac8c13ada07af5484bc7deb2cfc155b485ce8b88b3537c822adb30f4c14d199,"{""atr_period"":14,""direction"":""LONG"",""grammar_version"":""v1.7"",""logic"":""AND"",""market"":""ADA"",""predicates"":[{""feature"":""structure.break_high.5"",""operator"":"">"",""value"":0.0},{""feature"":""structure.break_low.2"",""operator"":""<"",""value"":0.0}],""stop_atr"":1.5,""target_atr"":2.0,""time_exit"":24,""timeframe"":""M15""}",LONG,1.432019097701086,0.0109216019860177,1.0095005134705786,1.0095005134705817,165,1.2111666276215107,GENETIC,0.1106607833263355,0.6666666666666666,6,-0.4793534626198295,"[2.312651839201074, 0.9451219843919626, 0.650054404754808, 1.9031172228436277, 1.1678286781701854, 1.143714013073091]","[18, 22, 27, 35, 29, 34]",0.3224890843380448,True,1.3820729215611527,0.1942489402226879,0.0901918605768077,46,-0.0745538350080024,1.0073103257467428,0.0109216019860177,0.0064578756904549,3.9138640548214734e-05,165,-0.2495775183285907,0.8366197437537386,False,0.0019606926212349,1.0,False,True,PASS,6ac8c13ada07af5484bc7deb2cfc155b485ce8b88b3537c822adb30f4c14d199,0.9695742140091378,-0.0100653216586073,-0.0001600574987859,-0.0096034499271586,-0.1033591601797657,False,ADMITTED
ADA,M15,VAL,SQX-ADA-M15-65fa6fe8f33b,65fa6fe8f33b177635aa98719b15e91f9c5e3a95461a7590146e7ff0d3e198fa,"{""atr_period"":14,""direction"":""LONG"",""grammar_version"":""v1.7"",""logic"":""AND"",""market"":""ADA"",""predicates"":[{""feature"":""structure.break_high.5"",""operator"":"">"",""value"":0.0},{""feature"":""structure.break_low.2"",""operator"":""<"",""value"":0.0}],""stop_atr"":2.5,""target_atr"":2.0,""time_exit"":96,""timeframe"":""M15""}",LONG,1.1488714451648698,0.033837188136534,0.5131130838722096,0.5131130838722124,155,1.2996849483587658,GENETIC,0.0407827541750816,0.5,6,-0.2669585868946759,"[4.948020453726674, 1.5154931991851726, 0.6937251478853071, 2.2638771508532525, 0.7154394655729275, 0.964266025728072]","[18, 21, 24, 32, 28, 32]",0.2540431074514127,True,1.4040197536003325,0.14435524023996,0.0608960436205745,42,-0.0571684784228122,1.074422790049332,0.033837188136534,0.0474394421242259,0.0003060609169304,155,-0.1475040316077477,0.944079125967106,False,0.0014499058004898,0.999174765857392,False,True,PASS,65fa6fe8f33b177635aa98719b15e91f9c5e3a95461a7590146e7ff0d3e198fa,1.2293236655024802,0.0919488566852113,0.0009032103450308,0.0505797793217248,-0.0786412183717126,False,ADMITTED
ADA,M15,VAL,SQX-ADA-M15-2ca887d2332d,2ca887d2332d36f6b566dee82d48eb972e14706653ecd25663b5f7f9898a558b,"{""atr_period"":14,""direction"":""LONG"",""grammar_version"":""v1.7"",""logic"":""AND"",""market"":""ADA"",""predicates"":[{""feature"":""rsi_14"",""operator"":"">"",""value"":65.0},{""feature"":""structure.break_low.2"",""operator"":""<"",""value"":0.0}],""stop_atr"":2.5,""target_atr"":3.0,""time_exit"":96,""timeframe"":""M15""}",LONG,1.2521514445387658,0.0651332379437003,0.6936680690831852,0.6936680690831905,104,0.8738484646694804,GENETIC,0.0238963281300286,0.5,6,-0.057727371841393,"[1.0078697999236566, 1.8219754785659037, 1.4442613830214912, 1.288508667559802, 1.396522173804592, 0.7626949448948313]","[11, 13, 19, 21, 20, 20]",0.2384644851696803,True,1.5882506023757306,0.2383546375030654,0.0648175252915335,27,-0.0441753771352849,1.121313479384779,0.0651332379437003,0.0637065469969404,0.0006125629518936,104,-0.0763242204322116,0.9687503192429382,False,0.0024006490848716,0.9770555825102144,False,True,PASS,2ca887d2332d36f6b566dee82d48eb972e14706653ecd25663b5f7f9898a558b,0.8341493965435575,-0.0898456624686874,-0.0009418531664331,-0.0310811544922947,-0.0619832859475388,False,ADMITTED
AVAX,M15,VAL,SQX-AVAX-M15-9f8d8f8d7ccb,9f8d8f8d7ccbabd97a7546bc4b2f64d655ce1c58b977f69408af66405c02daf5,"{""atr_period"":14,""direction"":""SHORT"",""grammar_version"":""v1.7"",""logic"":""AND"",""market"":""AVAX"",""predicates"":[{""feature"":""momentum.roc.32"",""operator"":""<"",""value"":-0.005},{""feature"":""structure.break_high.5"",""operator"":"">"",""value"":0.0}],""stop_atr"":1.0,""target_atr"":3.0,""time_exit"":72,""timeframe"":""M15""}",SHORT,1.046785820665436,0.11168211413643,1.051423280423288,1.0514232804233052,475,3.3080846560846497,GENETIC,0.1504700015936448,0.8333333333333334,6,-0.1294706305038222,"[1.1393511294962126, 1.1817203222590877, 0.832543460146843, 1.425123160563114, 1.7781152654953185, 1.4691560057901887]","[111, 96, 107, 65, 48, 48]",0.8014356773010226,True,1.0247148742997214,0.0381611035976757,0.0215352688657568,99,-0.1794567250069497,1.1336257871152848,0.11168211413643,0.5740504058800087,0.0012085271702737,475,-0.3386011041638574,0.9304538098106756,False,0.0002175279683409,0.964623644131829,False,True,PASS,9f8d8f8d7ccbabd97a7546bc4b2f64d655ce1c58b977f69408af66405c02daf5,0.8108309880462004,-0.173212770648629,-0.0017209544570216,-0.1720954457021649,-0.3919026493020988,False,ADMITTED
AVAX,M15,VAL,SQX-AVAX-M15-73dc01afd888,73dc01afd888cb61200fb2f34e71bf24a00c5fb51ba72dc71d57a2af06ff7d85,"{""atr_period"":14,""direction"":""SHORT"",""grammar_version"":""v1.7"",""logic"":""AND"",""market"":""AVAX"",""predicates"":[{""feature"":""structure.break_high.2"",""operator"":"">"",""value"":0.0},{""feature"":""trend.close_ema.50"",""operator"":""<"",""value"":0.0}],""stop_atr"":2.5,""target_atr"":4.0,""time_exit"":96,""timeframe"":""M15""}",SHORT,1.2915023629491498,0.0876522287319934,19.01928597883596,19.01928597883605,817,19.137249470899544,GENETIC,0.1057762934523548,0.6666666666666666,6,-0.0455378368339929,"[1.1045549666473122, 1.282805943490729, 1.3566117824344364, 1.517383696143089, 0.9039901722617899, 1.2850201016745464]","[169, 147, 153, 127, 115, 107]",0.7610585009105233,True,1.0658231528067166,0.0461278936016199,0.0786169289928895,198,-0.1697221140513202,1.153897832807409,0.0876522287319934,0.9209101581178958,0.0011271850160561,817,-0.2398930104586946,0.8795187566008054,False,0.0003970551969337,0.8971843962363611,False,True,PASS,73dc01afd888cb61200fb2f34e71bf24a00c5fb51ba72dc71d57a2af06ff7d85,0.8698252207756888,-0.0767622838872586,-0.0007757386822022,-0.1566992138048624,-0.3172296757224531,False,ADMITTED
AVAX,M15,VAL,SQX-AVAX-M15-a494cb9fba35,a494cb9fba3597935f7c5a02f62d8bb398e02a134381d51067c187dd5563c30d,"{""atr_period"":14,""direction"":""SHORT"",""grammar_version"":""v1.7"",""logic"":""AND"",""market"":""AVAX"",""predicates"":[{""feature"":""trend.breakout_low.20"",""operator"":""<"",""value"":0.0},{""feature"":""trend.ema_pair.50.200"",""operator"":""<"",""value"":0.0}],""stop_atr"":2.5,""target_atr"":3.0,""time_exit"":72,""timeframe"":""M15""}",SHORT,1.0774339683809813,0.0457277755341211,7.021496031746029,7.021496031746132,1185,10.854777513227544,GENETIC,0.0608600020657994,0.8333333333333334,6,-0.0543159526850452,"[0.7989173142193148, 1.1557800222268106, 1.110410734584788, 1.0999027640181631, 1.096362301051301, 1.108377892849655]","[177, 192, 257, 224, 166, 170]",0.7556143472278715,True,1.0313043986160335,0.0231650175309944,0.0606412950171957,341,-0.1687021859265465,1.0893684424198362,0.0457277755341211,0.6050791959658359,0.0005106153552454,1185,-0.2506873273790432,0.7993724552263364,False,0.0001778337097278,0.9492256234536686,False,True,PASS,a494cb9fba3597935f7c5a02f62d8bb398e02a134381d51067c187dd5563c30d,0.8047709100368736,-0.1167623013890438,-0.0009988301245136,-0.3475928833307474,-0.419526834515136,False,ADMITTED
AVAX,M15,VAL,SQX-AVAX-M15-173e4590a298,173e4590a2985f65f3cbc7694ccb3d93838e6b014a99fcd41091d13d73fc5984,"{""atr_period"":14,""direction"":""SHORT"",""grammar_version"":""v1.7"",""logic"":""AND"",""market"":""AVAX"",""predicates"":[{""feature"":""trend.close_ema.50"",""operator"":""<"",""value"":0.0},{""feature"":""trend.ema_slope.10.1"",""operator"":"">"",""value"":0.0}],""stop_atr"":2.0,""target_atr"":3.0,""time_exit"":72,""timeframe"":""M15""}",SHORT,1.1665750220092153,0.0483978827498327,24.408660582010583,24.408660582010576,2164,24.66517063492063,GENETIC,0.0534789339130575,0.8333333333333334,6,-0.0361761869427214,"[1.110881257718018, 1.0822966993394452, 1.2526018449905911, 1.2048247941873185, 0.9829933077812399, 1.057268706239263]","[377, 337, 391, 383, 319, 362]",0.7527682205107105,True,1.0099896594107427,0.0136292704599893,0.0361749602211769,570,-0.277838662792806,1.0744443754674946,0.0483978827498327,1.4324058549622825,0.0006619250716091,2164,-0.3109627689570265,0.7926985035953164,False,6.346484249328641e-05,0.8659686273768379,False,True,PASS,173e4590a2985f65f3cbc7694ccb3d93838e6b014a99fcd41091d13d73fc5984,0.9733438044825732,-0.0103031607634139,-0.0001692215807612,-0.0976408520992682,-0.2890093457243586,False,ADMITTED
AVAX,M15,VAL,SQX-AVAX-M15-c749fe4779e1,c749fe4779e192f0dafc4b66b1638fa032bfbd6989941bd8f906b0bb5df6916d,"{""atr_period"":14,""direction"":""SHORT"",""grammar_version"":""v1.7"",""logic"":""AND"",""market"":""AVAX"",""predicates"":[{""feature"":""rsi_14"",""operator"":""<"",""value"":35.0},{""feature"":""structure.fractal_high.5"",""operator"":""=="",""value"":1.0}],""stop_atr"":2.0,""target_atr"":4.0,""time_exit"":72,""timeframe"":""M15""}",SHORT,1.112189837170158,0.0386359050459717,5.371017460317471,5.371017460317517,612,5.75192857142862,GENETIC,0.0310066027756178,0.8333333333333334,6,-0.002219116870229,"[1.0213045801272131, 1.2527414524510598, 1.0958311354156534, 0.9524161303755377, 0.8524042129557171, 1.4098315094226488]","[122, 116, 116, 90, 86, 82]",0.7387851568913939,True,1.1559482137099488,0.1064176498118246,0.1669340745776808,161,-0.1157696666362295,1.0471339482729751,0.0386359050459717,0.1940781210494182,0.0003171211128258,612,-0.2560436737047908,0.9143388086919728,False,0.0010368576060725,0.8939497741314169,False,True,PASS,c749fe4779e192f0dafc4b66b1638fa032bfbd6989941bd8f906b0bb5df6916d,0.8468587460364934,-0.1028391605871647,-0.0010319408332263,-0.1609827699833177,-0.2510070751855767,False,ADMITTED
AVAX,M15,VAL,SQX-AVAX-M15-0ded107197b2,0ded107197b28d4b336864275dd4fa58b274e798a84293c0254866f86340d685,"{""atr_period"":14,""direction"":""SHORT"",""grammar_version"":""v1.7"",""logic"":""AND"",""market"":""AVAX"",""predicates"":[{""feature"":""trend.breakout_low.20"",""operator"":""<"",""value"":0.0},{""feature"":""trend.ema_slope.200.12"",""operator"":""<"",""value"":0.0}],""stop_atr"":2.5,""target_atr"":3.0,""time_exit"":72,""timeframe"":""M15""}",SHORT,1.0521386780237516,0.036331719771305,5.314180687830721,5.314180687830848,1311,10.49825370370377,GENETIC,0.0547389483803224,0.8333333333333334,6,-0.1014332970379374,"[0.6299006217908364, 1.1014738339718, 1.172702151690828, 1.062949469037964, 1.0758559567340527, 0.9419321076321421]","[211, 209, 278, 237, 185, 192]",0.7377139574541715,True,1.051359438112316,0.0343071789642413,0.1080975316305954,361,-0.2004566498608997,1.066485967147425,0.036331719771305,0.492919564667061,0.0003759874635141,1311,-0.3109773754189339,0.7326497481022839,False,0.0002994391457911,0.928837900614681,False,True,PASS,0ded107197b28d4b336864275dd4fa58b274e798a84293c0254866f86340d685,0.8672316692915968,-0.0743682932968681,-0.0006932293903785,-0.261347480172703,-0.3570614204295209,False,ADMITTED
AVAX,M15,VAL,SQX-AVAX-M15-9f985eccfe97,9f985eccfe97bded418b9570d5db45aa6a1dee43dc11a23521912c8c61351e7b,"{""atr_period"":14,""direction"":""SHORT"",""grammar_version"":""v1.7"",""logic"":""AND"",""market"":""AVAX"",""predicates"":[{""feature"":""trend.breakout_low.20"",""operator"":""<"",""value"":0.0},{""feature"":""trend.ema_pair.100.200"",""operator"":""<"",""value"":0.0}],""stop_atr"":1.5,""target_atr"":4.0,""time_exit"":96,""timeframe"":""M15""}",SHORT,1.0842181976039331,0.0582391820032327,6.361444047619031,6.361444047619091,1242,7.540458333333376,GENETIC,0.0867127612122842,0.8333333333333334,6,-0.2357135823798004,"[0.9404176722383184, 0.8026622855232997, 1.2719112491325415, 1.1857659956582365, 1.199137863167793, 0.9476824059276479]","[195, 202, 249, 236, 183, 178]",0.7361176989506676,True,1.1217868132561537,0.1134701823520706,0.4069156417934449,346,-0.4978803323426813,1.0743536539801573,0.0582391820032327,0.7354011692202014,0.0005921104422062,1242,-0.4685222380273692,0.5371097478987134,False,0.0011760567681891,0.5664709759168237,False,True,PASS,9f985eccfe97bded418b9570d5db45aa6a1dee43dc11a23521912c8c61351e7b,0.785878271495075,-0.1828967440467002,-0.0014175802276787,-0.4975706599152514,-0.5655408390592046,False,ADMITTED
AVAX,M15,VAL,SQX-AVAX-M15-a47bb11a09fa,a47bb11a09faac851d818188061aa6c581e58687a54bcdd5c6e2d4d261187e99,"{""atr_period"":14,""direction"":""SHORT"",""grammar_version"":""v1.7"",""logic"":""AND"",""market"":""AVAX"",""predicates"":[{""feature"":""trend.breakout_low.20"",""operator"":""<"",""value"":0.0},{""feature"":""trend.ema_pair.100.200"",""operator"":""<"",""value"":0.0}],""stop_atr"":2.5,""target_atr"":3.0,""time_exit"":72,""timeframe"":""M15""}",SHORT,1.0750403685036978,0.0358523456278471,6.491777645502651,6.491777645502783,1164,8.934327380952428,GENETIC,0.0434589830448621,0.8333333333333334,6,-0.0730207792892108,"[0.784291082333738, 1.1026115264697838, 1.1160444367774762, 1.1363708236389787, 1.0580732870004612, 1.197947444860982]","[180, 181, 250, 228, 165, 161]",0.7335371215558928,True,1.144164237747917,0.0826850011136054,0.2881046330113737,330,-0.1319763511305356,1.0665497336628278,0.0358523456278471,0.4183952536601025,0.0003594460942097,1164,-0.274060302005909,0.7902648991685338,False,0.0008730443424587,0.9820408025623631,False,True,PASS,a47bb11a09faac851d818188061aa6c581e58687a54bcdd5c6e2d4d261187e99,0.8428122855426243,-0.0921720788423319,-0.0008369304958771,-0.2795347856229578,-0.3598374916212265,False,ADMITTED
AVAX,M15,VAL,SQX-AVAX-M15-d111bb27293e,d111bb27293ecc59a1f7fb82a3e7ef6a9a220d015a479e123c6dd548b439c842,"{""atr_period"":14,""direction"":""SHORT"",""grammar_version"":""v1.7"",""logic"":""AND"",""market"":""AVAX"",""predicates"":[{""feature"":""momentum.roc.8"",""operator"":"">"",""value"":0.005},{""feature"":""trend.ema_slope.100.1"",""operator"":""<"",""value"":0.0}],""stop_atr"":2.0,""target_atr"":4.0,""time_exit"":72,""timeframe"":""M15""}",SHORT,1.152037927861411,0.0652784110256985,19.17144550264548,19.171445502645565,1573,19.29811587301593,GENETIC,0.0241946084968306,0.8333333333333334,6,-0.0237323244149885,"[1.0827583129755078, 1.0062928530955337, 1.2933706495081347, 1.2331488323903992, 0.8638706352529394, 1.0606655208645648]","[298, 280, 295, 260, 212, 230]",0.7265948607264169,True,1.0046360649681878,0.0123191158198587,0.0120832124564367,395,-0.1788407245568386,1.0933408120935992,0.0652784110256985,1.4087717121737988,0.000895595494071,1573,-0.2866108858312646,0.9395370319639432,False,3.0590411282119096e-05,0.9005486328698598,False,True,PASS,d111bb27293ecc59a1f7fb82a3e7ef6a9a220d015a479e123c6dd548b439c842,0.921825258311593,-0.0412118505262649,-0.0004604796915202,-0.182349957842027,-0.2923118021243356,False,ADMITTED
AVAX,M15,VAL,SQX-AVAX-M15-623dd37533ad,623dd37533adbc2ff331866b1efc0c624478e5714b2d5677ff0697d5fa41f293,"{""atr_period"":14,""direction"":""LONG"",""grammar_version"":""v1.7"",""logic"":""AND"",""market"":""AVAX"",""predicates"":[{""feature"":""rsi_14"",""operator"":""<"",""value"":35.0},{""feature"":""trend.ema_slope.100.3"",""operator"":"">"",""value"":0.0}],""stop_atr"":2.5,""target_atr"":4.0,""time_exit"":96,""timeframe"":""M15""}",LONG,1.0703334304405416,0.0316588723143068,5.407494179894166,5.407494179894274,866,7.906196296296301,GENETIC,0.0630126835576276,0.8333333333333334,6,-0.200115118350562,"[1.1577479704328286, 1.103399606190123, 1.0498213556457792, 1.2039781314357416, 0.7009270605171317, 1.0817186612002598]","[158, 149, 132, 136, 147, 144]",0.7213172373033204,True,1.0897112746482134,0.0642683948733042,0.1256304379842996,211,-0.1276811364050513,1.0332026314799043,0.0316588723143068,0.2294486105321411,0.0002649522061572,866,-0.4016240286786738,0.9545071005247998,False,0.0005954049193568,0.9620106356005124,False,True,PASS,623dd37533adbc2ff331866b1efc0c624478e5714b2d5677ff0697d5fa41f293,0.8566845242849433,-0.0887007454199499,-0.0008651180949755,-0.1998422799393426,-0.2541375978219679,False,ADMITTED
AVAX,M15,VAL,SQX-AVAX-M15-c38015937e29,c38015937e29433a0dce5846c45e3b98c02761e3cbca25d3bb67ac7353aa71c3,"{""atr_period"":14,""direction"":""SHORT"",""grammar_version"":""v1.7"",""logic"":""AND"",""market"":""AVAX"",""predicates"":[{""feature"":""trend.breakout_low.20"",""operator"":""<"",""value"":0.0},{""feature"":""volatility.compression.20.2.1.5"",""operator"":""=="",""value"":-1.0}],""stop_atr"":2.5,""target_atr"":3.0,""time_exit"":48,""timeframe"":""M15""}",SHORT,1.0187973966930577,0.0358240099256489,2.3003084656084063,2.300308465608353,1562,8.199882539682523,GENETIC,0.081529471654303,0.6666666666666666,6,-0.1375962192200913,"[0.6842503852949532, 0.9609348945209321, 1.1555235378235655, 1.1479385481521962, 1.0439825613847489, 0.9881989783504582]","[291, 270, 294, 270, 215, 222]",0.7137970835159468,True,1.0364366099569975,0.0247302153003795,0.0881444159778119,443,-0.2195342594752911,1.0849217648786034,0.0358240099256489,0.6063109648291787,0.0003881632297241,1562,-0.4574847616482667,0.6015622157205587,False,0.0001989715936293,0.9238587760992772,False,True,PASS,c38015937e29433a0dce5846c45e3b98c02761e3cbca25d3bb67ac7353aa71c3,0.9459650155647396,-0.0240489727868058,-0.0002781176886195,-0.1279341367649994,-0.3608870075750109,False,ADMITTED
AVAX,M15,VAL,SQX-AVAX-M15-fbadb2452a2c,fbadb2452a2c5162d38be44ca06980f0892b7352c8921abf63a5fa7083eb2396,"{""atr_period"":14,""direction"":""SHORT"",""grammar_version"":""v1.7"",""logic"":""AND"",""market"":""AVAX"",""predicates"":[{""feature"":""rsi_14"",""operator"":""<"",""value"":35.0},{""feature"":""trend.ema_pair.20.200"",""operator"":""<"",""value"":0.0}],""stop_atr"":2.0,""target_atr"":4.0,""time_exit"":96,""timeframe"":""M15""}",SHORT,1.0501130934206226,0.0403717540283968,6.586525396825414,6.586525396825611,1712,11.84879788359783,GENETIC,0.0766259438439939,0.6666666666666666,6,-0.1496441359974821,"[0.7609956484641714, 0.849263259201891, 1.2560857166272676, 1.0860628830772172, 1.0389783622805107, 1.0473206015768894]","[292, 271, 323, 305, 272, 251]",0.70588157651129,True,1.0080334172601733,0.0156721069196599,0.0246594072301389,445,-0.3222160393121388,1.0653498715859635,0.0403717540283968,0.6841893240235797,0.0003996432967427,1712,-0.5691266107054742,0.5005968170483803,False,5.541439826997432e-05,0.8548230612877794,False,True,PASS,fbadb2452a2c5162d38be44ca06980f0892b7352c8921abf63a5fa7083eb2396,0.9068400782575594,-0.0625174478462102,-0.0006213503815378,-0.2709087663504816,-0.4143224354752933,False,ADMITTED
AVAX,M15,VAL,SQX-AVAX-M15-847337e7eb42,847337e7eb42fb4e43cf37bbc86760617333a943981245a9530ee153e7890334,"{""atr_period"":14,""direction"":""LONG"",""grammar_version"":""v1.7"",""logic"":""AND"",""market"":""AVAX"",""predicates"":[{""feature"":""rsi_14"",""operator"":"">"",""value"":75.0},{""feature"":""trend.breakout_high.100"",""operator"":"">"",""value"":0.0}],""stop_atr"":2.0,""target_atr"":4.0,""time_exit"":24,""timeframe"":""M15""}",LONG,0.8933449692683456,0.0338262015469192,-4.925393650793639,-4.925393650793614,599,7.724352380952375,GENETIC,0.0576885536918678,0.6666666666666666,6,-0.0797277362028036,"[0.575808704505279, 1.043677485386311, 0.769571892275168, 1.054674044178197, 1.3713691400115087, 1.290853871242506]","[109, 108, 96, 86, 98, 102]",0.7044232863078336,True,1.1773540637093771,0.0971250225209452,0.1476456666724392,155,-0.1329836305685438,1.0509122499543746,0.0338262015469192,0.1681623948651271,0.0002807385557013,599,-0.2109187817535378,0.8355692840158547,False,0.0009525526882092,0.886586666048428,False,True,PASS,847337e7eb42fb4e43cf37bbc86760617333a943981245a9530ee153e7890334,0.919469632405673,-0.0432898404052851,-0.0004967706702289,-0.0794833072366302,-0.1507444610576407,False,ADMITTED
AVAX,M15,VAL,SQX-AVAX-M15-9f80709ff19c,9f80709ff19c8aeddf18d8b956ebe74b31f8f66c51d47cd255aae9288aaa4c6f,"{""atr_period"":14,""direction"":""SHORT"",""grammar_version"":""v1.7"",""logic"":""AND"",""market"":""AVAX"",""predicates"":[{""feature"":""structure.break_high.3"",""operator"":"">"",""value"":0.0},{""feature"":""trend.ema_pair.20.200"",""operator"":""<"",""value"":0.0}],""stop_atr"":2.0,""target_atr"":4.0,""time_exit"":48,""timeframe"":""M15""}",SHORT,1.0922754082675283,0.0366372167739253,10.059246031746046,10.059246031746245,1630,11.031384656084768,GENETIC,0.0502275242708416,0.6666666666666666,6,-0.0619105360697399,"[1.3676838420382615, 1.1936803908253864, 0.9679213273937247, 1.3697391428337604, 0.9066394374916862, 1.1668784804861696]","[295, 251, 324, 262, 257, 242]",0.7014165569200734,True,1.0756652042927075,0.0579091805082545,0.222471961831314,415,-0.3163345672094563,1.0432736339994382,0.0366372167739253,0.567469122802873,0.0003481405661367,1630,-0.5285809256279033,0.7286829337014341,False,0.000536077016461,0.902260393796255,False,True,PASS,9f80709ff19c8aeddf18d8b956ebe74b31f8f66c51d47cd255aae9288aaa4c6f,0.907448730183962,-0.0567453943034957,-0.0005776899321543,-0.2380082520475956,-0.4247635679580024,False,ADMITTED
AVAX,M15,VAL,SQX-AVAX-M15-68ea9eeaedd0,68ea9eeaedd01a5a0d00be52d95f9f72527f7cdc80b51ac9048bf998f4beebfe,"{""atr_period"":14,""direction"":""SHORT"",""grammar_version"":""v1.7"",""logic"":""AND"",""market"":""AVAX"",""predicates"":[{""feature"":""trend.ema_pair.50.100"",""operator"":""<"",""value"":0.0}],""stop_atr"":2.5,""target_atr"":4.0,""time_exit"":72,""timeframe"":""M15""}",SHORT,1.0504621663846363,0.0312974128803395,10.667596957671956,10.66759695767207,2488,11.797404894180016,GENETIC,0.0442500544457034,0.6666666666666666,6,-0.0443757724857815,"[1.0580249351468216, 0.8968373276765822, 1.1122666010354791, 1.1562544684325518, 1.0393994498143415, 1.016816315168364]","[404, 377, 486, 425, 401, 398]",0.6998227779909246,True,1.0765686735091045,0.0533037237473479,0.3338639015039655,628,-0.2164593533035663,1.0508155304345672,0.0312974128803395,0.8129606718246734,0.0003267526816015,2488,-0.4498287302778999,0.6427076123733553,False,0.0005316304164075,0.9016808471698772,False,True,PASS,68ea9eeaedd01a5a0d00be52d95f9f72527f7cdc80b51ac9048bf998f4beebfe,0.9494494258798152,-0.0266209374630882,-0.0003069742127565,-0.1973844188024887,-0.3796482253834842,False,ADMITTED
AVAX,M15,VAL,SQX-AVAX-M15-d639482c875d,d639482c875d3c5809c74e91e55a1bbd78ef3e4781e64335b8981869be6dd8ae,"{""atr_period"":14,""direction"":""SHORT"",""grammar_version"":""v1.7"",""logic"":""AND"",""market"":""AVAX"",""predicates"":[{""feature"":""momentum.willr.28"",""operator"":"">"",""value"":-20.0},{""feature"":""trend.ema_slope.100.12"",""operator"":""<"",""value"":0.0}],""stop_atr"":2.5,""target_atr"":4.0,""time_exit"":96,""timeframe"":""M15""}",SHORT,1.0507942360299127,0.0204777884657282,4.795356878306873,4.795356878306853,1213,7.224698412698435,GENETIC,0.0606594140077378,0.6666666666666666,6,-0.119183954282372,"[0.9622059369686647, 1.0235868127045207, 1.079574204088706, 0.9899113282008865, 0.7978776630651824, 1.3137133145824906]","[200, 183, 201, 209, 207, 213]",0.6975300921038116,True,1.064299388123115,0.0473473465781583,0.1281458712038237,307,-0.1602796117747455,1.022296044189299,0.0204777884657282,0.1652861341833666,0.0001362622705551,1213,-0.3345599423578699,0.7637194414887573,False,0.0004174132612502,0.8733827180240715,False,True,PASS,d639482c875d3c5809c74e91e55a1bbd78ef3e4781e64335b8981869be6dd8ae,0.8717992402751835,-0.0726672787857991,-0.0007196297055216,-0.2036552066626303,-0.2667041232097641,False,ADMITTED
AVAX,M15,VAL,SQX-AVAX-M15-c6ab8f91d654,c6ab8f91d65488d2503622f4b332fc198481eefb89e74a6af16eb68656d26912,"{""atr_period"":14,""direction"":""SHORT"",""grammar_version"":""v1.7"",""logic"":""AND"",""market"":""AVAX"",""predicates"":[{""feature"":""structure.break_high.5"",""operator"":"">"",""value"":0.0},{""feature"":""trend.ema_slope.100.1"",""operator"":""<"",""value"":0.0}],""stop_atr"":2.0,""target_atr"":4.0,""time_exit"":96,""timeframe"":""M15""}",SHORT,0.9991023927519792,0.0357981136455474,-0.0405375661375291,-0.040537566137539,561,5.389442857142834,GENETIC,0.065470396349704,0.6666666666666666,6,-0.1392278821556233,"[1.034405142483566, 1.1125186429051293, 0.8708021226059663, 1.4097798724009394, 0.7754138379139904, 1.310418905083663]","[89, 104, 126, 84, 88, 70]",0.6973300924774648,True,1.0008759394314406,0.0109564824857225,0.0010137454969236,155,-0.2288943034198258,1.0389375605280415,0.0357981136455474,0.1561953140541736,0.0002784230197044,561,-0.2541384156288443,0.9493929316855464,False,6.540293528546044e-06,0.9661162906996508,False,True,PASS,c6ab8f91d65488d2503622f4b332fc198481eefb89e74a6af16eb68656d26912,0.6958787434993281,-0.2283454131799952,-0.0020290053958956,-0.2779737392376984,-0.3503863412631821,False,ADMITTED
AVAX,M15,VAL,SQX-AVAX-M15-180751c6f8da,180751c6f8da2b6302a4057e3edb177e3765eb284eeb514c30f19d80cffdf10d,"{""atr_period"":14,""direction"":""SHORT"",""grammar_version"":""v1.7"",""logic"":""AND"",""market"":""AVAX"",""predicates"":[{""feature"":""rsi_14"",""operator"":""<"",""value"":35.0},{""feature"":""trend.ema_slope.10.3"",""operator"":"">"",""value"":0.0}],""stop_atr"":1.5,""target_atr"":2.0,""time_exit"":48,""timeframe"":""M15""}",SHORT,1.0910324320153826,0.0951925762252779,1.553819047619031,1.5538190476190403,377,1.776765079365073,GENETIC,0.1269703744357326,0.8333333333333334,6,-0.0778474042414468,"[1.0391876281404964, 0.9207061571364852, 1.1884923604254354, 0.7245083258778633, 1.0850284254673608, 1.4536475780546292]","[62, 46, 63, 68, 64, 74]",0.6928418567087042,True,1.061589551262687,0.0386133950722149,0.0263218041520421,81,-0.3234447254215301,1.172286431175661,0.0951925762252779,0.3963774131796571,0.0010513989739513,377,-0.3046183938983088,0.9963086517948327,False,0.0003249605450869,0.7880732023120456,False,True,PASS,180751c6f8da2b6302a4057e3edb177e3765eb284eeb514c30f19d80cffdf10d,0.9327027115529352,-0.0334163256995034,-0.000393352896404,-0.0377618780547888,-0.1724401189707728,False,ADMITTED
AVAX,M15,VAL,SQX-AVAX-M15-3658e052ed6b,3658e052ed6bb2603ac4c00dd418a1052b0af43a49d16e46c3c5d868cdbfd5a5,"{""atr_period"":14,""direction"":""LONG"",""grammar_version"":""v1.7"",""logic"":""AND"",""market"":""AVAX"",""predicates"":[{""feature"":""trend.breakout_low.20"",""operator"":""<"",""value"":0.0},{""feature"":""trend.ema_pair.10.100"",""operator"":"">"",""value"":0.0}],""stop_atr"":2.5,""target_atr"":4.0,""time_exit"":48,""timeframe"":""M15""}",LONG,1.1433263142921026,0.032873653764079,8.831378439153454,8.831378439153502,806,9.561043518518591,GENETIC,0.0368588150062394,0.6666666666666666,6,-0.0705447376543146,"[0.9603187619880513, 1.1374687886504085, 1.2131299952236312, 1.031865779457813, 1.016731411033934, 1.2402248519704417]","[142, 142, 135, 134, 126, 127]",0.6858892972593275,True,1.0344072125452448,0.026305034194532,0.0420154091621638,216,-0.149298810233028,1.0476131743797297,0.032873653764079,0.2326331585105183,0.0002886267475316,806,-0.3730707403084722,0.8892377749059861,False,0.0001945157831581,0.9213027917069312,False,True,PASS,3658e052ed6bb2603ac4c00dd418a1052b0af43a49d16e46c3c5d868cdbfd5a5,0.8754067082830186,-0.0730085333907018,-0.0007354280244879,-0.1617941653873579,-0.2246353560396268,False,ADMITTED
AVAX,M15,VAL,SQX-AVAX-M15-bb7abeddd102,bb7abeddd1020136c6470d4011cfdbd8a67d248b9c761b9c3c4fa85c626c7325,"{""atr_period"":14,""direction"":""SHORT"",""grammar_version"":""v1.7"",""logic"":""AND"",""market"":""AVAX"",""predicates"":[{""feature"":""rsi_14"",""operator"":""<"",""value"":25.0}],""stop_atr"":2.5,""target_atr"":4.0,""time_exit"":96,""timeframe"":""M15""}",SHORT,0.945998975711206,0.0098284804314105,-7.252333333333397,-7.2523333333332,1410,18.27811481481479,GENETIC,0.0567575740974859,0.6666666666666666,6,-0.1540491989410192,"[0.7711583112398752, 0.7265593038303316, 1.1295749296749613, 1.203733543238441, 0.9647492315406235, 0.8828713988204447]","[228, 241, 259, 230, 222, 231]",0.6849119410288977,True,1.0089342659599838,0.013552664602533,0.0200937891580821,357,-0.1929595310250894,1.00456418384639,0.0098284804314105,0.030556182235836,2.16710512310911e-05,1410,-0.5340200328122724,0.511390026507479,False,5.6285123692104384e-05,0.8638445130713944,False,True,PASS,bb7abeddd1020136c6470d4011cfdbd8a67d248b9c761b9c3c4fa85c626c7325,0.971686227323869,-0.0107715084120301,-0.0001808793486696,-0.0700003079351534,-0.3026707828686176,False,ADMITTED
AVAX,M15,VAL,SQX-AVAX-M15-47d160519af1,47d160519af1de2616a98c5278ccc0335222116bbbdc489e5e589c6a5f7a2e8b,"{""atr_period"":14,""direction"":""SHORT"",""grammar_version"":""v1.7"",""logic"":""AND"",""market"":""AVAX"",""predicates"":[{""feature"":""rsi_14"",""operator"":""<"",""value"":35.0},{""feature"":""trend.ema_slope.10.3"",""operator"":"">"",""value"":0.0}],""stop_atr"":1.5,""target_atr"":2.0,""time_exit"":72,""timeframe"":""M15""}",SHORT,1.0881234482813795,0.0903098184500753,1.5223342592592446,1.522334259259256,377,1.745280291005289,GENETIC,0.116996076785151,0.8333333333333334,6,-0.0777658953364082,"[1.0353346148379379, 0.9013603749326023, 1.171906584302208, 0.7250437036222063, 1.145843448914341, 1.5029465521549557]","[62, 46, 63, 68, 64, 74]",0.6828879362843823,True,1.0269375271932333,0.0213627234681561,0.0119440286263106,81,-0.3234447254215301,1.159708923392314,0.0903098184500753,0.3701099348003402,0.0009817239649876,377,-0.3212032530976749,0.9880731554172896,False,0.0001474571435347,0.7880732023120456,False,True,PASS,47d160519af1de2616a98c5278ccc0335222116bbbdc489e5e589c6a5f7a2e8b,0.9398452767702672,-0.0296226079621084,-0.0003580227064237,-0.0343701798166841,-0.1777788686912498,False,ADMITTED
AVAX,M15,VAL,SQX-AVAX-M15-1f4e8a06cfae,1f4e8a06cfae804fd697cd4c966e54a12120dbfcc93715f693ceb4312b128b01,"{""atr_period"":14,""direction"":""SHORT"",""grammar_version"":""v1.7"",""logic"":""AND"",""market"":""AVAX"",""predicates"":[{""feature"":""structure.break_high.2"",""operator"":"">"",""value"":0.0},{""feature"":""trend.ema_pair.50.100"",""operator"":""<"",""value"":0.0}],""stop_atr"":2.5,""target_atr"":3.0,""time_exit"":96,""timeframe"":""M15""}",SHORT,1.105631274703094,0.0138590804024183,13.483807275132284,13.48380727513246,1728,13.615265476190665,GENETIC,0.0222517714104612,0.6666666666666666,6,-0.0544123916997683,"[1.3018992648879681, 1.1196997672308642, 1.0519457693520369, 1.1694383287329475, 0.8515116514460125, 1.2086214745648005]","[299, 269, 316, 299, 280, 266]",0.6753153401521859,True,1.1693975199234066,0.0931793161718772,0.4896968707193276,457,-0.2541055215766371,1.0149043077449669,0.0138590804024183,0.1480260136737217,8.566320235747711e-05,1728,-0.6806678523074705,0.4966261202555063,False,0.0010715467630619,0.8329086257237963,False,True,PASS,1f4e8a06cfae804fd697cd4c966e54a12120dbfcc93715f693ceb4312b128b01,0.8906421755210037,-0.0581847089949891,-0.0005613341019344,-0.2368829910163474,-0.3441263908431718,False,ADMITTED
AVAX,M15,VAL,SQX-AVAX-M15-fc90cbbc56fe,fc90cbbc56fedad1d54adae2d8aab4d1360a719df9dd3fb0ea6dcb7e5779d4d8,"{""atr_period"":14,""direction"":""SHORT"",""grammar_version"":""v1.7"",""logic"":""AND"",""market"":""AVAX"",""predicates"":[{""feature"":""rsi_14"",""operator"":""<"",""value"":35.0},{""feature"":""trend.ema_slope.10.3"",""operator"":"">"",""value"":0.0}],""stop_atr"":2.0,""target_atr"":2.0,""time_exit"":48,""timeframe"":""M15""}",SHORT,0.9673626765714046,0.0522214129959391,-0.6841068783068902,-0.6841068783068891,377,2.544885714285715,GENETIC,0.0472067885643758,1.0,6,0.0041144468189149,"[1.0009843692421418, 0.8362924732492423, 0.9925982286672903, 0.9315986819014362, 0.9099133775793082, 1.136904195581453]","[62, 46, 63, 68, 64, 74]",0.6742067885643759,True,1.0619393025591306,0.0320464660572467,0.0224093714311175,81,-0.0948491211694383,1.104182117177054,0.0522214129959391,0.195785790030692,0.0005193257029991,377,-0.2194169457682526,0.9699564365927742,False,0.000276658906557,0.915406494659926,False,True,PASS,fc90cbbc56fedad1d54adae2d8aab4d1360a719df9dd3fb0ea6dcb7e5779d4d8,0.8733104107675783,-0.0612100980756765,-0.0006396260998798,-0.0607644794885908,-0.1205568651699684,False,ADMITTED
AVAX,M15,VAL,SQX-AVAX-M15-3af282dfc5b3,3af282dfc5b345653b1334372423d89e168bd258e61ae809c742682a000a0e17,"{""atr_period"":14,""direction"":""SHORT"",""grammar_version"":""v1.7"",""logic"":""AND"",""market"":""AVAX"",""predicates"":[{""feature"":""rsi_14"",""operator"":""<"",""value"":35.0},{""feature"":""volatility.compression.20.2.1.5"",""operator"":""=="",""value"":-1.0}],""stop_atr"":2.5,""target_atr"":3.0,""time_exit"":96,""timeframe"":""M15""}",SHORT,1.0530172494282544,0.0093371869040949,9.87247486772485,9.872474867725042,2290,11.730217195767349,GENETIC,0.0321149100996615,0.6666666666666666,6,-0.0987947541191388,"[0.8689533862141262, 0.9213554931725743, 1.2074328939645744, 1.120900921970974, 1.009083268145202, 0.9797953504167386]","[403, 376, 421, 389, 354, 349]",0.6740828882365435,True,1.0119710703254818,0.0123610759088419,0.0400672657564038,611,-0.2338140249290538,1.008491131958318,0.0093371869040949,0.0837112324385098,3.6555123335593005e-05,2290,-0.60091257786557,0.4326504125847291,False,6.557653969951558e-05,0.8547110832601221,False,True,PASS,3af282dfc5b345653b1334372423d89e168bd258e61ae809c742682a000a0e17,0.9417035639700686,-0.0282746998350996,-0.0003072719650153,-0.1981904174349074,-0.4177568192086244,False,ADMITTED
AVAX,M15,VAL,SQX-AVAX-M15-d4fb3941fad5,d4fb3941fad5a00c69fa7bd06cea211ed637a441eb30b289b6f5480c777e3aea,"{""atr_period"":14,""direction"":""SHORT"",""grammar_version"":""v1.7"",""logic"":""AND"",""market"":""AVAX"",""predicates"":[{""feature"":""trend.ema_pair.20.100"",""operator"":""<"",""value"":0.0}],""stop_atr"":2.5,""target_atr"":4.0,""time_exit"":96,""timeframe"":""M15""}",SHORT,1.0168093078620966,0.0111359567162094,3.472298544973476,3.4722985449736576,2257,12.853849603174586,GENETIC,0.0259300016323345,0.6666666666666666,6,-0.0810581806685712,"[0.9424896257856403, 0.8661832339241458, 1.1281605782043527, 1.0875427254799739, 0.9245380386743642, 0.9419077672228771]","[400, 362, 414, 400, 341, 346]",0.6723321231318584,True,1.060471510523374,0.0429633035238538,0.2208092367073098,568,-0.3047547909950777,1.0074329079160282,0.0111359567162094,0.0839169146996021,3.718073314116154e-05,2257,-0.5575038676190821,0.4887968411571421,False,0.0003887486561748,0.8363328104113735,False,True,PASS,d4fb3941fad5a00c69fa7bd06cea211ed637a441eb30b289b6f5480c777e3aea,0.9385345466518858,-0.0372015769725676,-0.0003947151542392,-0.2340660864639011,-0.3995527099872943,False,ADMITTED
AVAX,M15,VAL,SQX-AVAX-M15-de2cb7313c50,de2cb7313c508f6dc35d732c09699179a20556ff9d4e71f5e600fdfb4861b017,"{""atr_period"":14,""direction"":""SHORT"",""grammar_version"":""v1.7"",""logic"":""AND"",""market"":""AVAX"",""predicates"":[{""feature"":""trend.breakout_low.20"",""operator"":""<"",""value"":0.0},{""feature"":""trend.ema_pair.50.100"",""operator"":""<"",""value"":0.0}],""stop_atr"":2.5,""target_atr"":3.0,""time_exit"":96,""timeframe"":""M15""}",SHORT,1.0360725447444317,0.0150552614258452,3.608840740740788,3.60884074074091,1231,9.1639222222222,GENETIC,0.0343032158029317,0.6666666666666666,6,-0.120177832899174,"[0.6254035001589786, 0.9724735818153613, 1.1835680543440126, 1.0629072564758453, 1.0903413861381188, 1.0066102870828302]","[198, 203, 258, 220, 168, 184]",0.670925424244805,True,1.1517124136588006,0.0865685588889021,0.3141576035262279,339,-0.1318001260942939,1.0201357956307662,0.0150552614258452,0.1191386980593243,9.678204553966096e-05,1231,-0.4042870514474299,0.6355479632302106,False,0.0009267185944726,0.9639334169244812,False,True,PASS,de2cb7313c508f6dc35d732c09699179a20556ff9d4e71f5e600fdfb4861b017,0.8267253073018972,-0.1060054112335797,-0.0009272281830157,-0.3236026358724826,-0.3844716127084892,False,ADMITTED
AVAX,M15,VAL,SQX-AVAX-M15-c27a2ed4ac5a,c27a2ed4ac5ab8685e6d095ce37ab9e2a57f784b76d63b67c030c44559df799e,"{""atr_period"":14,""direction"":""SHORT"",""grammar_version"":""v1.7"",""logic"":""AND"",""market"":""AVAX"",""predicates"":[{""feature"":""rsi_14"",""operator"":""<"",""value"":35.0},{""feature"":""trend.ema_slope.200.1"",""operator"":""<"",""value"":0.0}],""stop_atr"":1.5,""target_atr"":4.0,""time_exit"":72,""timeframe"":""M15""}",SHORT,1.0232330082753802,0.02328400484708,3.513197883597809,3.513197883598088,2381,13.788474338624296,GENETIC,0.0430642136970919,0.6666666666666666,6,-0.1600673224288827,"[0.8087085277533165, 0.8024958924899593, 1.215673144054029, 1.1113652245160843, 0.9738243194599145, 0.9466923075644812]","[399, 385, 428, 405, 398, 368]",0.6697140497565379,True,1.022241164538805,0.0299594338453182,0.1024867525536761,608,-0.4964861208703025,1.020594176747372,0.02328400484708,0.2749776891561564,0.0001154883196791,2381,-0.7611329263682327,0.3022943909031382,False,0.0001685637377527,0.661792860507725,False,True,PASS,c27a2ed4ac5ab8685e6d095ce37ab9e2a57f784b76d63b67c030c44559df799e,0.8580319793296114,-0.1190075728686691,-0.000894459661012,-0.5688763444036677,-0.7115555557088877,False,ADMITTED
AVAX,M15,VAL,SQX-AVAX-M15-4345436901c5,4345436901c565ed24211de9f0a6b88bafe998b15bbe48fcce1e3ba125516cd9,"{""atr_period"":14,""direction"":""SHORT"",""grammar_version"":""v1.7"",""logic"":""AND"",""market"":""AVAX"",""predicates"":[{""feature"":""trend.breakout_low.20"",""operator"":""<"",""value"":0.0},{""feature"":""trend.ema_slope.100.3"",""operator"":""<"",""value"":0.0}],""stop_atr"":2.5,""target_atr"":4.0,""time_exit"":96,""timeframe"":""M15""}",SHORT,1.0344835660718708,0.0261251377579957,4.631427777777748,4.631427777777895,1489,9.73773134920633,GENETIC,0.0434758616672378,0.6666666666666666,6,-0.1640938965397246,"[0.66885803914813, 1.049684803595523, 1.16539379122092, 1.0740120294137676, 1.0014600321547553, 0.8910549562887542]","[256, 259, 272, 256, 224, 223]",0.6691190541989734,True,1.0498419608775342,0.0405671125976132,0.1428306816646356,410,-0.2387145486576466,1.038756926748616,0.0261251377579957,0.3135088830633721,0.0002105499550459,1489,-0.6536926732055355,0.3868686744725866,False,0.0003483675162552,0.9554352098875994,False,True,PASS,4345436901c565ed24211de9f0a6b88bafe998b15bbe48fcce1e3ba125516cd9,0.8664324453905967,-0.0856503314753757,-0.0007753584395695,-0.3217737524213488,-0.489983144035388,False,ADMITTED
AVAX,M15,VAL,SQX-AVAX-M15-e5d591d8f9d9,e5d591d8f9d95de3805972cb18fe658122b11d56ca4182518f017f826f3b7de2,"{""atr_period"":14,""direction"":""SHORT"",""grammar_version"":""v1.7"",""logic"":""AND"",""market"":""AVAX"",""predicates"":[{""feature"":""rsi_14"",""operator"":""<"",""value"":35.0},{""feature"":""trend.breakout_low.20"",""operator"":""<"",""value"":0.0}],""stop_atr"":2.5,""target_atr"":4.0,""time_exit"":96,""timeframe"":""M15""}",SHORT,1.0283118781717029,0.0384063897526032,3.900209523809483,3.900209523809624,1509,11.412137566137528,GENETIC,0.0451194341246631,0.6666666666666666,6,-0.1846448561012041,"[0.7294175283478295, 0.9313671347886981, 1.189017186246876, 1.1374322434039026, 1.3494167430551762, 0.851063416408905]","[260, 254, 282, 262, 223, 228]",0.6656248867660288,True,1.0020898170995522,0.009350748714018,0.0056004519805621,416,-0.2282393898346054,1.071700251913516,0.0384063897526032,0.5862067131926758,0.0003884736336598,1509,-0.5191890684515788,0.4899231011402709,False,1.3462624953275673e-05,0.8999197646620241,False,True,PASS,e5d591d8f9d95de3805972cb18fe658122b11d56ca4182518f017f826f3b7de2,0.8706533524317345,-0.0865916030601021,-0.0007730963074606,-0.3401623752826952,-0.5007603917307215,False,ADMITTED
AVAX,M15,VAL,SQX-AVAX-M15-76886d475afe,76886d475afee8221d30e0025606327c49009c6b6bbae1686a5ded8f5bdaa860,"{""atr_period"":14,""direction"":""LONG"",""grammar_version"":""v1.7"",""logic"":""AND"",""market"":""AVAX"",""predicates"":[{""feature"":""rsi_14"",""operator"":"">"",""value"":75.0},{""feature"":""trend.breakout_high.100"",""operator"":"">"",""value"":0.0}],""stop_atr"":1.5,""target_atr"":4.0,""time_exit"":96,""timeframe"":""M15""}",LONG,1.0121272908683996,0.0310657830029568,0.5458235449735493,0.5458235449735471,611,5.399875132275135,GENETIC,0.013021603587695,0.6666666666666666,6,-0.0913344652783214,"[0.6595952985723549, 1.1059317427697912, 0.9879252617843033, 1.2671800562666993, 1.080172449144047, 1.1832679132172448]","[111, 115, 96, 84, 100, 105]",0.6568546539347814,True,1.0500372143739698,0.0486557637398392,0.056819687225289,161,-0.2298062660008558,1.0243369234105442,0.0310657830029568,0.1126946336125014,0.000184442935536,611,-0.2947479519819221,0.7993933829450217,False,0.0003529173119583,0.7891432202645946,False,True,PASS,76886d475afee8221d30e0025606327c49009c6b6bbae1686a5ded8f5bdaa860,1.013192600972875,0.0259602480228912,0.0001143653009845,0.0188702746624602,-0.2080181331320474,False,ADMITTED
AVAX,M15,VAL,SQX-AVAX-M15-974979b616be,974979b616be28c07cf92b9ab88fd13f3ee9bf4c964c3fe1cf4a26b2f46e5619,"{""atr_period"":14,""direction"":""SHORT"",""grammar_version"":""v1.7"",""logic"":""AND"",""market"":""AVAX"",""predicates"":[{""feature"":""rsi_14"",""operator"":""<"",""value"":35.0},{""feature"":""trend.breakout_low.20"",""operator"":""<"",""value"":0.0}],""stop_atr"":2.0,""target_atr"":4.0,""time_exit"":96,""timeframe"":""M15""}",SHORT,0.9504525521222652,0.0136741935832799,-6.70769312169316,-6.707693121692927,1625,14.571047089947028,GENETIC,0.0435158440580421,0.6666666666666666,6,-0.2343989465717276,"[0.5452239268535404, 0.9298236857813033, 1.0846066783873591, 1.0881105042445636, 1.225268039190729, 0.8240945074335175]","[285, 265, 307, 281, 246, 241]",0.6515827740817769,True,1.0676673248265645,0.0580453332416101,0.2311721386800058,437,-0.2757853291617267,1.0083375852861365,0.0136741935832799,0.0630852720822505,3.8821705896768826e-05,1625,-0.6128116436120035,0.4200849023566876,False,0.000528998029016,0.8973584389441069,False,True,PASS,974979b616be28c07cf92b9ab88fd13f3ee9bf4c964c3fe1cf4a26b2f46e5619,0.8894669444049762,-0.0799303410882262,-0.0007364157295845,-0.3394876513384929,-0.5409504594017238,False,ADMITTED
AVAX,M15,VAL,SQX-AVAX-M15-0c29c2e20a0c,0c29c2e20a0c5e79a5534880ff5d47272b916398146f6d359141a89ce95ef4f1,"{""atr_period"":14,""direction"":""SHORT"",""grammar_version"":""v1.7"",""logic"":""AND"",""market"":""AVAX"",""predicates"":[{""feature"":""trend.ema_pair.20.200"",""operator"":""<"",""value"":0.0}],""stop_atr"":2.0,""target_atr"":3.0,""time_exit"":48,""timeframe"":""M15""}",SHORT,1.0757632935371282,0.0097524422693014,18.22221772486772,18.22221772486773,3766,21.266115079365125,GENETIC,0.0034601878863226,0.6666666666666666,6,-0.0787943749886007,"[0.9847510402153643, 0.9510081234889473, 1.1890940164469062, 1.1280888883136673, 0.9959061400026961, 0.8897255375715956]","[598, 547, 719, 676, 618, 611]",0.650428260805839,True,1.0013890052709389,0.0080718656020878,0.0084718284917177,1007,-0.3107050635765689,1.0053951840397,0.0097524422693014,0.1084859643531683,2.880668198437816e-05,3766,-0.5555411879580976,0.4522047689099893,False,8.412937926236537e-06,0.8219388758935577,False,True,PASS,0c29c2e20a0c5e79a5534880ff5d47272b916398146f6d359141a89ce95ef4f1,0.9291658509755656,-0.046117809515595,-0.0004154657265416,-0.4054945491046883,-0.619212850040362,False,ADMITTED
AVAX,M15,VAL,SQX-AVAX-M15-14297090bfac,14297090bfac833872ddb79d022005c9d9e257b63e607b83dcd486cac7482485,"{""atr_period"":14,""direction"":""SHORT"",""grammar_version"":""v1.7"",""logic"":""AND"",""market"":""AVAX"",""predicates"":[{""feature"":""rsi_14"",""operator"":""<"",""value"":25.0},{""feature"":""trend.ema_slope.200.1"",""operator"":""<"",""value"":0.0}],""stop_atr"":2.5,""target_atr"":2.0,""time_exit"":96,""timeframe"":""M15""}",SHORT,0.995430498222228,0.0118643906143833,-0.4808156084656361,-0.4808156084655159,1509,13.27655899470897,GENETIC,0.0062786879905837,0.6666666666666666,6,-0.1275302338447175,"[0.7501774548346215, 0.7549258137706941, 1.1691994823789353, 1.3341478319407747, 0.8422255674629661, 0.989275811504723]","[224, 242, 305, 266, 230, 243]",0.641062796196071,True,1.017753147379698,0.0118160480691839,0.0319102861402902,395,-0.2185930564159766,1.0205623785911109,0.0118643906143833,0.1272028014487756,8.429609108600108e-05,1509,-0.4435883866511664,0.6200619369771739,False,8.078553453237693e-05,0.919020070012288,False,True,PASS,14297090bfac833872ddb79d022005c9d9e257b63e607b83dcd486cac7482485,0.8727473311442727,-0.0600643077481441,-0.0005597145695757,-0.2412369794871598,-0.4373919418857817,False,ADMITTED
AVAX,M15,VAL,SQX-AVAX-M15-7ace312ace99,7ace312ace99daa1c41a95b9e95647f442e0d9abb8f2af46d2d6e117790e6077,"{""atr_period"":14,""direction"":""SHORT"",""grammar_version"":""v1.7"",""logic"":""AND"",""market"":""AVAX"",""predicates"":[{""feature"":""structure.break_high.5"",""operator"":"">"",""value"":0.0},{""feature"":""volatility.bb_middle.50.2"",""operator"":""<"",""value"":0.0}],""stop_atr"":1.5,""target_atr"":4.0,""time_exit"":24,""timeframe"":""M15""}",SHORT,1.1867161121678804,0.17834520490321,2.863278835978853,2.863278835978834,283,3.3683666666666694,GENETIC,0.1978673069328985,0.8333333333333334,6,-0.2289159258507624,"[1.5658928160341485, 1.4297463009714972, 0.767097192685176, 2.3062370681510878, 1.5100677836345522, 2.360782793542842]","[52, 54, 64, 39, 41, 33]",0.6319716588035413,True,1.1651744166404856,0.1182856405659043,0.0785298906214384,71,-0.1083923240211379,1.3290886813405296,0.17834520490321,0.6028543530801527,0.0021302273960429,283,-0.2296528776079129,0.8849808430246328,False,0.001106054797485,0.9873642426976832,False,True,PASS,7ace312ace99daa1c41a95b9e95647f442e0d9abb8f2af46d2d6e117790e6077,1.006896965462151,0.0158601861397064,4.643078963314492e-05,0.003621601591385,-0.1185979934877422,False,ADMITTED
AVAX,M15,VAL,SQX-AVAX-M15-cf88fe005294,cf88fe005294409e7db4d3fd225b6d49491a01a0cce7b3a217e1b37f1af7fd4e,"{""atr_period"":14,""direction"":""SHORT"",""grammar_version"":""v1.7"",""logic"":""AND"",""market"":""AVAX"",""predicates"":[{""feature"":""trend.ema_slope.200.1"",""operator"":""<"",""value"":0.0},{""feature"":""volatility.bb_lower.20.2"",""operator"":""<"",""value"":0.0}],""stop_atr"":2.0,""target_atr"":4.0,""time_exit"":96,""timeframe"":""M15""}",SHORT,1.013100868053059,0.0192832483256189,1.7925608465608278,1.792560846560758,1780,10.280991005290971,GENETIC,0.0453311640980834,0.5,6,-0.16884862175752,"[0.8039252321276592, 0.8575389634575097, 1.166492436767848, 1.1327530853770928, 0.8471549869123931, 1.0331319372956904]","[278, 307, 328, 303, 293, 272]",0.6281190086587033,True,1.0173778939381215,0.022177107773043,0.0559930805539217,455,-0.2757853291617267,1.02040003544018,0.0192832483256189,0.1809423978701587,0.0001016530325113,1780,-0.6257563803741212,0.4430602871050574,False,0.0001230617155031,0.8340301559920296,False,True,PASS,cf88fe005294409e7db4d3fd225b6d49491a01a0cce7b3a217e1b37f1af7fd4e,0.9416037358132509,-0.0366257656243366,-0.0004222154059774,-0.1929524405316921,-0.4713862947512987,False,ADMITTED
AVAX,M15,VAL,SQX-AVAX-M15-03b6a4a51e04,03b6a4a51e041357d9d720e3b9052e01d69bb3258bd31d26d9b3050dc2f52bf4,"{""atr_period"":14,""direction"":""SHORT"",""grammar_version"":""v1.7"",""logic"":""AND"",""market"":""AVAX"",""predicates"":[{""feature"":""trend.ema_pair.50.100"",""operator"":""<"",""value"":0.0}],""stop_atr"":2.5,""target_atr"":4.0,""time_exit"":24,""timeframe"":""M15""}",SHORT,1.0550715521973844,0.0143984718208806,12.924620502645508,12.9246205026457,3851,14.115642195767329,GENETIC,0.0068951684051813,0.5,6,-0.0371261136679991,"[1.0086980571296842, 0.9390480529299735, 1.1292238245608408, 1.145467237359989, 0.9339562388285181, 1.0019104048235352]","[630, 565, 710, 674, 652, 621]",0.6226136399881815,True,1.0002144981280296,0.0055812047916311,0.001074611602011,1000,-0.3257975642236243,1.0228415335913732,0.0143984718208806,0.4122399926573699,0.0001070475182179,3851,-0.7459282658864353,0.3015964085263318,False,1.074611602011777e-06,0.8338748596541672,False,True,PASS,03b6a4a51e041357d9d720e3b9052e01d69bb3258bd31d26d9b3050dc2f52bf4,0.8680354145663088,-0.0672044178245019,-0.0005228523773968,-0.500892577546217,-0.6268086923865686,False,ADMITTED
AVAX,M15,VAL,SQX-AVAX-M15-62a4bbad83ec,62a4bbad83ecc7f5b5eb5ce63732959c5e287f36819d1116ba21e0e5752536fc,"{""atr_period"":14,""direction"":""LONG"",""grammar_version"":""v1.7"",""logic"":""AND"",""market"":""AVAX"",""predicates"":[{""feature"":""rsi_14"",""operator"":"">"",""value"":75.0},{""feature"":""trend.breakout_high.100"",""operator"":"">"",""value"":0.0}],""stop_atr"":1.5,""target_atr"":4.0,""time_exit"":48,""timeframe"":""M15""}",LONG,0.9728376793791084,0.020893193174548,-1.2083210317460211,-1.2083210317460211,618,5.343900529100531,GENETIC,0.0122067568103976,0.5,6,-0.0662305581553031,"[0.6641560086104364, 1.1152807775470905, 0.9229432958496024, 1.2267673005212014, 1.1309089096763907, 1.0322959022494935]","[113, 115, 97, 85, 101, 107]",0.6206491172715718,True,1.0514083590119614,0.0478828284178278,0.0569998733712717,162,-0.2215427863737751,1.0111426390816964,0.020893193174548,0.0513679096619736,8.311959492228822e-05,618,-0.2487133253371588,0.8465926661719736,False,0.000351851070193,0.8022091377819006,False,True,PASS,62a4bbad83ecc7f5b5eb5ce63732959c5e287f36819d1116ba21e0e5752536fc,0.9608247905813015,-0.0197755244919318,-0.0003249210087412,-0.0539368874510554,-0.2213318116810785,False,ADMITTED
AVAX,M15,VAL,SQX-AVAX-M15-2b797d2ad31d,2b797d2ad31da279e4ea2ece042dd68354f4d6133615fb790df61489582deb0a,"{""atr_period"":14,""direction"":""LONG"",""grammar_version"":""v1.7"",""logic"":""AND"",""market"":""AVAX"",""predicates"":[{""feature"":""momentum.willr.28"",""operator"":"">"",""value"":-20.0},{""feature"":""trend.ema_slope.200.12"",""operator"":"">"",""value"":0.0}],""stop_atr"":2.0,""target_atr"":4.0,""time_exit"":96,""timeframe"":""M15""}",LONG,1.0468497049981684,0.0162540617826778,6.531907407407423,6.5319074074076005,1760,10.393319047619078,GENETIC,0.0018558934669588,0.5,6,-0.1004271341571418,"[1.0340091138760692, 1.04464759531618, 1.0619462863397346, 0.9870271207655471, 1.0160294759486308, 1.0640193845138568]","[319, 330, 251, 269, 287, 308]",0.6017491099276734,True,1.0006285607736092,0.0106049268312836,0.0018219060495534,431,-0.2233629802697977,1.0113595919697131,0.0162540617826778,0.1166181948324782,6.626033797299894e-05,1760,-0.4354556576588141,0.5756678165796772,False,4.227160207778356e-06,0.8305453583740957,False,True,PASS,2b797d2ad31da279e4ea2ece042dd68354f4d6133615fb790df61489582deb0a,0.8653693222869069,-0.0873462595946998,-0.0007969293245543,-0.3394918922601486,-0.4038923031131814,False,ADMITTED
AVAX,M15,VAL,SQX-AVAX-M15-d889a97f3c62,d889a97f3c623271b55b74fbaf97b077aa52b6b8fb4d4f3a2a94804bff46dd0b,"{""atr_period"":14,""direction"":""SHORT"",""grammar_version"":""v1.7"",""logic"":""AND"",""market"":""AVAX"",""predicates"":[{""feature"":""rsi_14"",""operator"":""<"",""value"":35.0},{""feature"":""trend.breakout_low.20"",""operator"":""<"",""value"":0.0}],""stop_atr"":2.5,""target_atr"":4.0,""time_exit"":72,""timeframe"":""M15""}",SHORT,0.9923400785372152,0.0238814618085429,-1.0658642857143406,-1.0658642857142484,1551,14.177608201058176,GENETIC,0.0160213710314555,0.5,6,-0.1763382650290081,"[0.7481153216942183, 0.847498309247714, 1.1579487596221858, 1.0474477916918497, 1.3441891450317984, 0.8557783176509135]","[263, 262, 291, 273, 227, 235]",0.5969368047742035,True,1.0285572742204934,0.025346938004076,0.0775042323220276,425,-0.2378791763227249,1.038975345963183,0.0238814618085429,0.2883033921112707,0.0001858822644173,1551,-0.5364120830475142,0.4728164538780884,False,0.0001823628995812,0.9004588828089802,False,True,PASS,d889a97f3c623271b55b74fbaf97b077aa52b6b8fb4d4f3a2a94804bff46dd0b,0.876420785445194,-0.0803126844417876,-0.0007274953954353,-0.325190441759587,-0.4924409233980374,False,ADMITTED
AVAX,M15,VAL,SQX-AVAX-M15-04f399d1f5cd,04f399d1f5cd929916cb0ad934b9aeab6348b2cdcbc7ccb1648fce7349a9c283,"{""atr_period"":14,""direction"":""LONG"",""grammar_version"":""v1.7"",""logic"":""AND"",""market"":""AVAX"",""predicates"":[{""feature"":""momentum.roc.32"",""operator"":"">"",""value"":0.005},{""feature"":""rsi_14"",""operator"":""<"",""value"":35.0}],""stop_atr"":2.0,""target_atr"":4.0,""time_exit"":72,""timeframe"":""M15""}",LONG,1.1300438227587326,0.0158913037858605,8.191134391534346,8.191134391534382,756,8.755000529100508,GENETIC,0.015835455679289,0.5,6,-0.2424416381253948,"[1.136873134062996, 0.8789314661659126, 1.4159505197788613, 1.0374366137966504, 0.6197527230304657, 1.15947578299704]","[168, 156, 132, 103, 100, 97]",0.5802250461479403,True,1.1163622645443592,0.0875227750291862,0.1531927381969371,185,-0.1640777629968819,1.0097305910916283,0.0158913037858605,0.0475589450782321,6.290865751089094e-05,756,-0.8978832769846726,0.1431424511098625,False,0.0008280688551185,0.943333963192458,False,True,PASS,04f399d1f5cd929916cb0ad934b9aeab6348b2cdcbc7ccb1648fce7349a9c283,0.8696049715330673,-0.0938206127694623,-0.0009374302512907,-0.1856111897555742,-0.3220637945840559,False,ADMITTED
AVAX,M15,VAL,SQX-AVAX-M15-94f0c57e2139,94f0c57e2139859b31982824b49b0673f96e9179741a1c76772d4fa775a76bb5,"{""atr_period"":14,""direction"":""LONG"",""grammar_version"":""v1.7"",""logic"":""AND"",""market"":""AVAX"",""predicates"":[{""feature"":""trend.breakout_low.20"",""operator"":""<"",""value"":0.0},{""feature"":""volatility.compression.20.2.1.5"",""operator"":""=="",""value"":1.0}],""stop_atr"":2.5,""target_atr"":3.0,""time_exit"":48,""timeframe"":""M15""}",LONG,0.9336996831907824,0.0207206223136475,-1.965957936507944,-1.9659579365079656,373,5.701735449735452,GENETIC,0.0306659876748512,0.6666666666666666,6,-0.1268342272252013,"[0.7947799385875126, 0.9354824233246561, 0.8272109707088086, 1.1164978692424445, 1.0370403486369617, 1.735485817353454]","[53, 56, 74, 63, 62, 65]",0.5386240975352176,True,1.0328223715949452,0.0228776190307143,0.0172910800938679,99,-0.1167676017432632,1.030198804628972,0.0207206223136475,0.0575815347654542,0.000154374087843,373,-0.1879499891361581,0.8681205491216337,False,0.0001746573746855,0.9652327149596324,False,True,PASS,94f0c57e2139859b31982824b49b0673f96e9179741a1c76772d4fa775a76bb5,0.7982259763384822,-0.1162324846143108,-0.0011583616980631,-0.098460744335368,-0.1656882850264519,False,ADMITTED
AVAX,M15,VAL,SQX-AVAX-M15-d00b5a8a7774,d00b5a8a77747f5024304edf97b235f60b5df9f33f324f6b8a5e17640fbc3751,"{""atr_period"":14,""direction"":""LONG"",""grammar_version"":""v1.7"",""logic"":""AND"",""market"":""AVAX"",""predicates"":[{""feature"":""momentum.roc.16"",""operator"":""<"",""value"":-0.005},{""feature"":""momentum.willr.28"",""operator"":"">"",""value"":-20.0}],""stop_atr"":2.5,""target_atr"":2.0,""time_exit"":48,""timeframe"":""M15""}",LONG,1.8055883794860008,0.1972365647052167,2.482857804232808,2.4828578042328053,50,2.840247222222226,GENETIC,0.2596856854452459,0.8,5,-0.0618647686017822,"[1.2143287792140218, 5.1234203640817135, 2.038429210823083, 2.0278623329534344, 0.6120349674082142, 0.6374033302264643]","[12, 11, 12, 5, 2, 8]",0.4942194932948004,True,6.492116526463482,0.568053648927541,0.0581271930985016,10,-0.0296503793807782,1.6077562649967745,0.1972365647052167,0.1017014018705926,0.0020340280374118,50,-0.0471016800905779,0.9877215671382756,False,0.0058127193098501,0.9900792124449566,False,True,PASS,d00b5a8a77747f5024304edf97b235f60b5df9f33f324f6b8a5e17640fbc3751,0.5586702337315615,-0.2408461348152709,-0.002420710251563,-0.0217863922640678,-0.0362814625410952,False,ADMITTED
AVAX,M15,VAL,SQX-AVAX-M15-6dc9cb2d07b9,6dc9cb2d07b952eb834482499cdea5e607cb5f417c4670eb1c86259838b282c7,"{""atr_period"":14,""direction"":""SHORT"",""grammar_version"":""v1.7"",""logic"":""AND"",""market"":""AVAX"",""predicates"":[{""feature"":""rsi_14"",""operator"":""<"",""value"":25.0},{""feature"":""structure.fractal_high.3"",""operator"":""=="",""value"":1.0}],""stop_atr"":2.5,""target_atr"":1.5,""time_exit"":48,""timeframe"":""M15""}",SHORT,0.9348122455357506,0.0028596435928673,-1.1605391534391485,-1.1605391534391478,279,4.349294179894176,GENETIC,0.0663580085792394,0.6666666666666666,6,-0.2583574780148643,"[0.3295824609889693, 1.0878524791870146, 1.226583222329641, 1.1904827726111966, 1.3159675091030543, 0.33608623946280936]","[56, 51, 55, 48, 30, 39]",0.44743530574219,True,1.4709805179738733,0.1226658112822617,0.0891636447741726,71,-0.0533532830940586,1.0000324998115515,0.0028596435928673,3.29230006963499e-05,1.1800358672151301e-07,279,-0.2189477815773184,0.907973080377803,False,0.0012558259827348,0.9844908111560832,False,True,PASS,6dc9cb2d07b952eb834482499cdea5e607cb5f417c4670eb1c86259838b282c7,0.924189195691457,-0.0253668008818164,-0.0002788097220979,-0.0211895388794468,-0.1090328544650027,False,ADMITTED
AVAX,M15,VAL,SQX-AVAX-M15-9d9a39ebf1be,9d9a39ebf1beb156d383d708dd8540ab0f443354722948392c1fde7bec36c496,"{""atr_period"":14,""direction"":""LONG"",""grammar_version"":""v1.7"",""logic"":""AND"",""market"":""AVAX"",""predicates"":[{""feature"":""rsi_14"",""operator"":""<"",""value"":25.0},{""feature"":""structure.last.5"",""operator"":""=="",""value"":2.0}],""stop_atr"":1.0,""target_atr"":4.0,""time_exit"":96,""timeframe"":""M15""}",LONG,1.0703834941015744,0.0483579761892318,1.115766666666657,1.1157666666666533,336,2.8877095238095287,GENETIC,0.0396645418578122,0.5,6,-0.2714003323628292,"[0.9204688310593702, 1.4260967907138065, 0.7305222514268466, 0.8065181923235253, 0.9111985691897644, 2.42678643087069]","[42, 57, 57, 62, 63, 55]",0.432814458767105,True,1.0541814940246277,0.0717061484534296,0.0364020288680422,74,-0.5840643660887318,1.038073400306159,0.0483579761892318,0.0972015922040896,0.0002892904529883,336,-0.3367778823696082,0.7311337178759396,False,0.0004919193090275,0.513114223701543,False,True,PASS,9d9a39ebf1beb156d383d708dd8540ab0f443354722948392c1fde7bec36c496,0.7522294944709904,-0.2246087916025985,-0.0022260894120973,-0.1736349741435916,-0.2777617158463867,False,ADMITTED
AVAX,M15,VAL,SQX-AVAX-M15-6a4dfd8ab264,6a4dfd8ab26420006c165b8f614580cf3e7f76048abc80e8f01d86af85672663,"{""atr_period"":14,""direction"":""LONG"",""grammar_version"":""v1.7"",""logic"":""AND"",""market"":""AVAX"",""predicates"":[{""feature"":""momentum.roc.16"",""operator"":""<"",""value"":-0.005},{""feature"":""momentum.willr.28"",""operator"":"">"",""value"":-20.0}],""stop_atr"":1.5,""target_atr"":3.0,""time_exit"":24,""timeframe"":""M15""}",LONG,1.1694795683455963,0.2266620508913384,0.6986263227513222,0.6986263227513223,50,1.353904761904762,GENETIC,0.220213747378684,0.8,5,-0.4252312618227536,"[1.3635888362323014, 1.1116983777142309, 1.4879754472305269, 0.1631659209598747, 1.5264191257146154, 0.618040635784766]","[12, 11, 12, 5, 2, 8]",0.3639059319229957,True,1.443530905864856,0.2506266765776718,0.0243213450813901,10,-0.0572879304899641,1.3712185040162352,0.2266620508913384,0.1141699698102489,0.0022833993962049,50,-0.9591966754668592,0.108607139180384,False,0.002432134508139,0.970619990703106,False,True,PASS,6a4dfd8ab26420006c165b8f614580cf3e7f76048abc80e8f01d86af85672663,1.284182946928479,0.1896174226735569,0.0018020370382358,0.0162183333441225,-0.0405403190216963,False,ADMITTED
AVAX,M15,VAL,SQX-AVAX-M15-47181b451803,47181b451803a5684e864ada99f480bbb31c82e8f23b19a41f2d87a0851a9557,"{""atr_period"":14,""direction"":""SHORT"",""grammar_version"":""v1.7"",""logic"":""AND"",""market"":""AVAX"",""predicates"":[{""feature"":""structure.last.3"",""operator"":""=="",""value"":3.0},{""feature"":""trend.breakout_high.100"",""operator"":"">"",""value"":0.0}],""stop_atr"":1.5,""target_atr"":3.0,""time_exit"":24,""timeframe"":""M15""}",SHORT,1.891430965825861,0.2007419800603203,4.376127645502646,4.376127645502657,110,4.461037169312176,GENETIC,0.1519376021926761,0.6666666666666666,6,-0.2730755933592469,"[2.083697737935294, 1.3668086717631267, 3.6801784801021813, 1.2389611151379003, 0.38276603555882033, 1.2042586415938161]","[16, 20, 19, 20, 14, 21]",0.360335370519531,True,1.0843626190453268,0.0582458046789855,0.012932850804328,26,-0.0820328613557801,1.3115288183110547,0.2007419800603203,0.2332457399492644,0.0021204158177205,110,-0.140855686670085,0.9979416870390104,False,0.000497417338628,0.9723138581725576,False,True,PASS,47181b451803a5684e864ada99f480bbb31c82e8f23b19a41f2d87a0851a9557,0.9833752659571678,-0.0017870070959133,-0.0001074778292916,-0.0032243348787491,-0.1086217079617676,False,ADMITTED
AVAX,M15,VAL,SQX-AVAX-M15-2b2d4ab2ef1a,2b2d4ab2ef1a9c1150ff498509cd80a81c4f77bfa08fcf2cc69b5d40e33e8a71,"{""atr_period"":14,""direction"":""LONG"",""grammar_version"":""v1.7"",""logic"":""AND"",""market"":""AVAX"",""predicates"":[{""feature"":""trend.breakout_low.20"",""operator"":""<"",""value"":0.0},{""feature"":""trend.ema_slope.20.6"",""operator"":"">"",""value"":0.0}],""stop_atr"":2.5,""target_atr"":2.0,""time_exit"":72,""timeframe"":""M15""}",LONG,0.9295002156652716,0.0280683793060527,-0.6766845238095215,-0.6766845238095198,155,2.4017,GENETIC,0.055370282088411,0.6666666666666666,6,-0.1682848431103936,"[0.788622552137667, 1.231818240100478, 0.6495719318589261, 1.3633082408525041, 0.936066658069559, 1.4804568387204067]","[26, 33, 22, 31, 26, 17]",0.3349657379774793,True,1.6340654071080407,0.19710970746736,0.0952392632976129,47,-0.044877338656296,1.057172994329607,0.0280683793060527,0.038210998463835,0.0002465225707344,155,-0.1480392759543617,0.9243233070740108,False,0.0020263673042045,0.9712009317674088,False,True,PASS,2b2d4ab2ef1a9c1150ff498509cd80a81c4f77bfa08fcf2cc69b5d40e33e8a71,1.2172309392837106,0.0860742924222471,0.0008351721250801,0.0267255080025652,-0.0496225546515416,False,ADMITTED
AVAX,M15,VAL,SQX-AVAX-M15-c26c33a01fdd,c26c33a01fddc2b43eaa717361fa9a1ed1b610d96eefc75404339362b43727c4,"{""atr_period"":14,""direction"":""LONG"",""grammar_version"":""v1.7"",""logic"":""AND"",""market"":""AVAX"",""predicates"":[{""feature"":""trend.breakout_low.20"",""operator"":""<"",""value"":0.0},{""feature"":""trend.ema_slope.20.6"",""operator"":"">"",""value"":0.0}],""stop_atr"":1.5,""target_atr"":2.0,""time_exit"":72,""timeframe"":""M15""}",LONG,1.142609776059488,0.0707944787756601,0.9642076719576732,0.96420767195768,155,1.2863203703703725,GENETIC,0.0390215218587045,0.6666666666666666,6,-0.1456108943511515,"[1.045822609864967, 1.400537990987338, 0.9769022774152575, 1.1828140233263102, 0.7963111870539745, 1.5464540956569548]","[26, 33, 22, 31, 26, 17]",0.3242854649375833,True,1.3685926021110335,0.1795800088995011,0.0845973268819575,47,-0.0572726191954403,1.1143617599148503,0.0707944787756601,0.1044046928395523,0.0006735786634809,155,-0.1969544984988242,0.9556377073778504,False,0.001799943125148,0.9530643331731544,False,True,PASS,c26c33a01fddc2b43eaa717361fa9a1ed1b610d96eefc75404339362b43727c4,1.1172161769251412,0.0717659775664913,0.0006562686309093,0.0210005961891013,-0.076212820226689,False,ADMITTED
AVAX,M15,VAL,SQX-AVAX-M15-84d059566292,84d0595662928b026f35512f5968f86207fd828abb4eb3fa65cd1f3ed64645dc,"{""atr_period"":14,""direction"":""SHORT"",""grammar_version"":""v1.7"",""logic"":""AND"",""market"":""AVAX"",""predicates"":[{""feature"":""trend.ema_pair.10.20"",""operator"":"">"",""value"":0.0},{""feature"":""volatility.compression.50.2.1.5"",""operator"":""=="",""value"":1.0}],""stop_atr"":1.5,""target_atr"":4.0,""time_exit"":72,""timeframe"":""M15""}",SHORT,1.1855060163634878,0.0686403194288311,0.3727906084656097,0.3727906084656145,62,0.8101731481481496,GENETIC,0.2090865224701136,0.6,5,-0.4308622908617889,"[7.568264972077818, 0.9821711825390145, 1.2598270775050062, 1.506799558679509, 0.1862221771504671, 1.1546227353932041]","[2, 6, 6, 19, 9, 20]",0.3133709497546664,True,1.732774702919233,0.4666698293553489,0.0744706897487608,16,-0.0749315304442488,1.075620979031587,0.0686403194288311,0.0347557414539465,0.0005605764750636,62,-0.1286789656361918,0.9693211736595696,False,0.0046544181092975,0.9355219470903772,False,True,PASS,84d0595662928b026f35512f5968f86207fd828abb4eb3fa65cd1f3ed64645dc,0.4100062179094246,-0.5589555171467248,-0.0055092075949722,-0.066110491139667,-0.0996630416001346,False,ADMITTED
AVAX,M15,VAL,SQX-AVAX-M15-93083a51c675,93083a51c67526fd317a08271c0e3532236b137d32e49aedc38f27c6bb9e7018,"{""atr_period"":14,""direction"":""SHORT"",""grammar_version"":""v1.7"",""logic"":""AND"",""market"":""AVAX"",""predicates"":[{""feature"":""momentum.roc.8"",""operator"":"">"",""value"":0.0},{""feature"":""rsi_14"",""operator"":""<"",""value"":25.0}],""stop_atr"":1.0,""target_atr"":3.0,""time_exit"":24,""timeframe"":""M15""}",SHORT,1.2378756783233844,0.0704340692884158,0.5785206349206433,0.578520634920648,86,1.0730148148148224,GENETIC,0.1448514721673998,0.6666666666666666,6,-0.3525827424306165,"[1.5946852031646326, 1.9038398262700778, 1.4166538083109848, 1.375407592231513, 0.37434448913652585, 0.4672024248204503]","[12, 15, 7, 23, 18, 11]",0.3093724532264124,True,1.4811414839389514,0.3036981118790763,0.0535067831218438,18,-0.0468485368776673,1.0807779564069864,0.0704340692884158,0.0503090097522813,0.0005849884854916,86,-0.1232945231760888,1.0,False,0.0029725990623246,0.9937808037529292,False,True,PASS,93083a51c67526fd317a08271c0e3532236b137d32e49aedc38f27c6bb9e7018,1.1350861732290722,0.1121954339357869,0.000982086641445,0.0176775595460108,-0.0747801116307688,False,ADMITTED
AVAX,M15,VAL,SQX-AVAX-M15-2844f49bbf1c,2844f49bbf1c5ff19d6c6de0924748750d6a3d8e2c56ef7bdca802c6f6460e68,"{""atr_period"":14,""direction"":""SHORT"",""grammar_version"":""v1.7"",""logic"":""AND"",""market"":""AVAX"",""predicates"":[{""feature"":""structure.fractal_low.5"",""operator"":""=="",""value"":1.0},{""feature"":""volatility.bb_lower.50.2"",""operator"":""<"",""value"":0.0}],""stop_atr"":2.5,""target_atr"":2.0,""time_exit"":72,""timeframe"":""M15""}",SHORT,1.067667313385538,0.0251411946137121,0.7980798941798868,0.798079894179881,184,3.901236904761905,GENETIC,0.0515538713725569,0.5,6,-0.2860748883090279,"[1.7615651026917147, 0.37234496271812695, 2.759906583090222, 1.4367096678755997, 1.0721813052213602, 0.7671818731732677]","[23, 26, 23, 34, 43, 35]",0.2890351492952999,True,1.1477125804697612,0.0590083893936629,0.0292284580398074,52,-0.0599679987340075,1.0519824822117956,0.0251411946137121,0.0404045341588705,0.000219589859559,184,-0.4628816959603511,0.7061668106806384,False,0.0005620857315347,0.9569547854739112,False,True,PASS,2844f49bbf1c5ff19d6c6de0924748750d6a3d8e2c56ef7bdca802c6f6460e68,1.063907062018829,0.0300766948494573,0.0002653096522506,0.0103470764377762,-0.0728626669552052,False,ADMITTED
AVAX,M15,VAL,SQX-AVAX-M15-b59426b031a1,b59426b031a101da5025c94cd6d346f64524dacf016d23c7b19303c56a89efa1,"{""atr_period"":14,""direction"":""LONG"",""grammar_version"":""v1.7"",""logic"":""AND"",""market"":""AVAX"",""predicates"":[{""feature"":""momentum.roc.8"",""operator"":""<"",""value"":-0.005},{""feature"":""structure.break_high.2"",""operator"":"">"",""value"":0.0}],""stop_atr"":1.5,""target_atr"":1.5,""time_exit"":72,""timeframe"":""M15""}",LONG,1.3149399028274875,0.0797791116021336,1.8771531746031784,1.87715317460317,128,1.948886507936504,GENETIC,0.0293701306732304,0.5,6,-0.0624112857474025,"[1.3859299754891603, 1.250204917631437, 1.2520893687886665, 2.474352647667608, 0.958528826522903, 1.4428622848541723]","[24, 22, 21, 17, 24, 20]",0.2667673092363798,True,1.1543849098914691,0.0759264158598988,0.0244594324430718,34,-0.0468253420352607,1.1644032829982074,0.0797791116021336,0.1004174642575088,0.0007845114395117,128,-0.0691267475743179,0.9462776859241948,False,0.000719395071855,0.9950087610911368,False,True,PASS,b59426b031a101da5025c94cd6d346f64524dacf016d23c7b19303c56a89efa1,0.5538959620753993,-0.2860508724605183,-0.0027900328933957,-0.0837009868018736,-0.1008796364074615,False,ADMITTED
AVAX,M15,VAL,SQX-AVAX-M15-82356fcb13e5,82356fcb13e5e9683c394e7d05208c7eb98123971cd9b462df8b7cd3e43f5ec3,"{""atr_period"":14,""direction"":""SHORT"",""grammar_version"":""v1.7"",""logic"":""AND"",""market"":""AVAX"",""predicates"":[{""feature"":""structure.last.2"",""operator"":""=="",""value"":3.0},{""feature"":""trend.breakout_high.100"",""operator"":"">"",""value"":0.0}],""stop_atr"":1.5,""target_atr"":1.5,""time_exit"":96,""timeframe"":""M15""}",SHORT,1.4253959238370033,0.0921066017889472,1.9502662698412752,1.950266269841269,98,2.073228174603181,GENETIC,0.0646373691986046,0.5,6,-0.1063955798373798,"[0.8709984721847746, 0.9218743837216868, 2.1041372695906904, 0.8942148001316346, 2.231801918277756, 1.251915358298332]","[14, 17, 22, 16, 14, 15]",0.2610384742392596,True,1.2788254233276684,0.1263693695057302,0.0258424170768258,21,-0.0433511246934308,1.19106682511442,0.0921066017889472,0.0891832223785267,0.0009100328814135,98,-0.1089390209613914,0.9997634889105907,False,0.0012305912893726,1.0,False,True,PASS,82356fcb13e5e9683c394e7d05208c7eb98123971cd9b462df8b7cd3e43f5ec3,0.5796301036046744,-0.2605835246664449,-0.0025385763466705,-0.0888501721334689,-0.1396971516515318,False,ADMITTED
AVAX,M15,VAL,SQX-AVAX-M15-4d5503c1c135,4d5503c1c13592902c04dd29c704d5b958233190bfd327bd83c7131c239de093,"{""atr_period"":14,""direction"":""LONG"",""grammar_version"":""v1.7"",""logic"":""AND"",""market"":""AVAX"",""predicates"":[{""feature"":""momentum.roc.16"",""operator"":""<"",""value"":-0.005},{""feature"":""momentum.willr.28"",""operator"":"">"",""value"":-20.0}],""stop_atr"":2.0,""target_atr"":3.0,""time_exit"":24,""timeframe"":""M15""}",LONG,1.3050569969241028,0.1720549280599664,1.199564814814812,1.1995648148148097,50,1.9528537037037013,GENETIC,0.0193269772006789,0.6,5,-0.0796036880249543,"[1.0250681806738082, 1.325897411632543, 2.4492991777460937, 0.4504942183108265, 1.4630541871921179, 0.46433029722977043]","[12, 11, 12, 5, 2, 8]",0.1994260551944403,True,2.4033078959932928,0.4516111963929125,0.0454721190266149,10,-0.0259598014611745,1.3314609245476892,0.1720549280599664,0.0859553601184854,0.0017191072023697,50,-0.0766230255735163,0.980374235737914,False,0.0045472119026614,0.9890878700187062,False,True,PASS,4d5503c1c13592902c04dd29c704d5b958233190bfd327bd83c7131c239de093,1.2148393028825957,0.1144352892273887,0.0010813818583157,0.0097324367248419,-0.0315332816065196,False,ADMITTED
AVAX,M15,VAL,SQX-AVAX-M15-0f3e2882fb52,0f3e2882fb52bffb7e4ea1b5f3de21b39ba6ec8acfec1d46f0dd295a2a697b5c,"{""atr_period"":14,""direction"":""LONG"",""grammar_version"":""v1.7"",""logic"":""AND"",""market"":""AVAX"",""predicates"":[{""feature"":""momentum.willr.7"",""operator"":""<"",""value"":-50.0},{""feature"":""volatility.bb_upper.50.2"",""operator"":"">"",""value"":0.0}],""stop_atr"":1.5,""target_atr"":1.5,""time_exit"":48,""timeframe"":""M15""}",LONG,0.8710150543989573,0.0463300123900903,-0.5656858465608446,-0.5656858465608441,85,1.7079654761904766,GENETIC,0.0162977092055418,0.5,6,-0.1497443978585837,"[0.5895439456072146, 1.1314838413680903, 0.866764138390375, 0.9913924834891356, 1.6199314069460329, 1.0143394001915818]","[19, 8, 7, 13, 26, 12]",0.188861609740896,True,1.0036341144765697,0.0065270123463332,0.000192721511613,11,-0.0374219766960086,1.0891090370501455,0.0463300123900903,0.035832249213008,0.0004215558730942,85,-0.0623867414104441,0.9622029740607316,False,1.7520137419404176e-05,0.9727035818646234,False,True,PASS,0f3e2882fb52bffb7e4ea1b5f3de21b39ba6ec8acfec1d46f0dd295a2a697b5c,1.4131720848475342,0.1703096837441056,0.0016796866543817,0.0285546731244905,-0.0378925456657065,False,ADMITTED
AVAX,M15,VAL,SQX-AVAX-M15-1abd9fbf46ca,1abd9fbf46ca2aa05f4ac34b3e735b9cb63e2018963ad99dbcc84429b93a0edb,"{""atr_period"":14,""direction"":""LONG"",""grammar_version"":""v1.7"",""logic"":""AND"",""market"":""AVAX"",""predicates"":[{""feature"":""momentum.willr.28"",""operator"":"">"",""value"":-20.0},{""feature"":""volatility.bb_middle.20.2"",""operator"":""<"",""value"":0.0}],""stop_atr"":2.5,""target_atr"":3.0,""time_exit"":24,""timeframe"":""M15""}",LONG,4.103768295712474,0.3017699695050206,1.9302679894179853,1.930267989417984,31,1.951684920634916,GENETIC,0.0156038009130868,0.5,4,-0.1412154460465272,"[inf, 2.2123939860368016, inf, 1.0545048268051211, 0.5538342233736961, 3.038271060751415]","[1, 6, 4, 5, 5, 10]",0.136299939401455,True,1.2302442903543624,0.0865811330236432,0.0132909103674914,16,-0.0431323884301213,1.9016122485526088,0.3017699695050206,0.0962840276032277,0.0031059363742976,31,-0.033203723328947,0.991642426677576,False,0.0008306818979682,0.970229423771814,False,True,PASS,1abd9fbf46ca2aa05f4ac34b3e735b9cb63e2018963ad99dbcc84429b93a0edb,1.2999989896832072,0.1147501281616055,0.0011159263494123,0.020086674289423,-0.033755181182055,False,ADMITTED
AVAX,M15,VAL,SQX-AVAX-M15-412fb5d9c90b,412fb5d9c90b135ec30164597864f1e64dd1084ba7aa2642026f96ad5174283a,"{""atr_period"":14,""direction"":""SHORT"",""grammar_version"":""v1.7"",""logic"":""AND"",""market"":""AVAX"",""predicates"":[{""feature"":""volatility.bb_middle.20.2"",""operator"":""<"",""value"":0.0},{""feature"":""volatility.compression.50.2.1.5"",""operator"":""=="",""value"":1.0}],""stop_atr"":1.5,""target_atr"":4.0,""time_exit"":96,""timeframe"":""M15""}",SHORT,0.9432729121585391,0.0295397403796095,-0.1415308201058174,-0.1415308201058146,72,0.825778571428566,GENETIC,0.0044225607156191,0.5,6,-0.5334573378842041,"[3.2937956111188087, 0.553002730995043, 0.8820338710245317, 1.6566642900689201, 0.45302247305613286, 0.43617210913911764]","[5, 6, 7, 25, 9, 20]",0.0680582262445681,True,1.1229025051326198,0.1011126509979942,0.0209432778123246,24,-0.111824214682712,1.022139273949517,0.0295397403796095,0.011900833678301,0.000165289356643,72,-0.1512595782376441,0.954202702746174,False,0.0008726365755135,0.8981390452183823,False,True,PASS,412fb5d9c90b135ec30164597864f1e64dd1084ba7aa2642026f96ad5174283a,0.7432355677991745,-0.2080400904573451,-0.0021795981841119,-0.0326939727616786,-0.1939176708291517,False,ADMITTED
BNB,M15,VAL,SQX-BNB-M15-652e92477931,652e9247793147c789fd78cdca38149c0a4c1108578a3b8456dfd248bcf4359a,"{""atr_period"":14,""direction"":""LONG"",""grammar_version"":""v1.7"",""logic"":""AND"",""market"":""BNB"",""predicates"":[{""feature"":""structure.last.3"",""operator"":""=="",""value"":4.0},{""feature"":""trend.breakout_low.50"",""operator"":""<"",""value"":0.0}],""stop_atr"":2.0,""target_atr"":2.0,""time_exit"":96,""timeframe"":""M15""}",LONG,1.2182041890721886,0.0534820892376095,88.9284571428574,88.92845714285711,616,101.9176470588236,GENETIC,0.0511842741877654,0.6666666666666666,6,-0.0764067589478506,"[0.8926897381326534, 0.98979778045866, 0.8600585735396596, 0.9491679213640308, 1.2261094165791957, 1.4067703717963922]","[101, 92, 93, 103, 113, 114]",0.6987492511174694,True,1.0998698905911766,0.0508203102572437,0.0706877623662411,149,-0.1981598004982277,1.1181471286175348,0.0534820892376095,0.348266264770652,0.0005653673129393,616,-0.245641554295287,0.8255324199725516,False,0.0004744145125251,0.901486053717898,False,True,PASS,652e9247793147c789fd78cdca38149c0a4c1108578a3b8456dfd248bcf4359a,0.5923340873715066,-0.2560416623453706,-0.0021829163354079,-0.3099741196279334,-0.3554278726340077,False,ADMITTED
BNB,M15,VAL,SQX-BNB-M15-a807d8f4db9b,a807d8f4db9b6d79040be7e9753eff796a5c8c499c8cf1ae6c9f62ab64813915,"{""atr_period"":14,""direction"":""LONG"",""grammar_version"":""v1.7"",""logic"":""AND"",""market"":""BNB"",""predicates"":[{""feature"":""rsi_14"",""operator"":""<"",""value"":25.0},{""feature"":""volatility.atr_regime.28.50"",""operator"":"">"",""value"":0.0}],""stop_atr"":2.5,""target_atr"":1.5,""time_exit"":72,""timeframe"":""M15""}",LONG,1.0438071335174652,0.0249404040168203,56.1631382352938,56.16313823529295,1738,182.87391470588244,GENETIC,0.0304367078854375,0.6666666666666666,6,-0.0371085586754038,"[1.3803280490244392, 1.1724867008878153, 0.9405875186240858, 1.555899495967084, 1.022104060740795, 0.94174206029728]","[283, 272, 303, 239, 319, 322]",0.6878262348832533,True,1.0277287573175748,0.0114199043509373,0.0343622481722585,388,-0.4682583534722291,1.0503213689394568,0.0249404040168203,0.4664923679251118,0.0002684075764816,1738,-0.3195957623571516,1.0,False,8.856249528932718e-05,0.7296276830918682,False,True,PASS,a807d8f4db9b6d79040be7e9753eff796a5c8c499c8cf1ae6c9f62ab64813915,0.773410211753083,-0.0938104592019309,-0.0007888629202889,-0.3470996849271466,-0.3672245855288961,False,ADMITTED
BNB,M15,VAL,SQX-BNB-M15-afbe1434ddc8,afbe1434ddc808cd9dcc2fd3b26cd3096501c2d134182463f88cdf34bf881c12,"{""atr_period"":14,""direction"":""LONG"",""grammar_version"":""v1.7"",""logic"":""AND"",""market"":""BNB"",""predicates"":[{""feature"":""trend.breakout_low.100"",""operator"":""<"",""value"":0.0},{""feature"":""trend.ema_pair.100.200"",""operator"":"">"",""value"":0.0}],""stop_atr"":2.0,""target_atr"":2.0,""time_exit"":72,""timeframe"":""M15""}",LONG,1.0339310632764227,0.0310200995879041,11.044036134453856,11.0440361344538,477,47.21662689075624,GENETIC,0.0211139699127854,0.6666666666666666,6,-0.0444489406431925,"[1.0439613472270204, 1.2465182225153872, 0.9954114296822613, 1.4743708803660587, 0.8968446828252512, 1.1496199701837169]","[85, 88, 74, 66, 83, 81]",0.653668401418654,True,1.0234342860972063,0.0162426249662671,0.0128585245378978,113,-0.2173253337551038,1.0557164865851325,0.0310200995879041,0.1323855135470555,0.0002775377642495,477,-0.2062573044275341,0.9207458928124104,False,0.0001137922525477,0.9638434575909748,False,True,PASS,afbe1434ddc808cd9dcc2fd3b26cd3096501c2d134182463f88cdf34bf881c12,0.842195825038708,-0.0806363526728884,-0.0008121107443701,-0.1023259537906436,-0.5480495908414958,False,ADMITTED
BNB,M15,VAL,SQX-BNB-M15-e5260fc5df96,e5260fc5df96f99474c96c591b4a9027396f96a10296b97b5863edea937ca5c2,"{""atr_period"":14,""direction"":""SHORT"",""grammar_version"":""v1.7"",""logic"":""AND"",""market"":""BNB"",""predicates"":[{""feature"":""structure.last.3"",""operator"":""=="",""value"":1.0},{""feature"":""trend.breakout_low.50"",""operator"":""<"",""value"":0.0}],""stop_atr"":2.5,""target_atr"":1.5,""time_exit"":48,""timeframe"":""M15""}",SHORT,1.1807581780566607,0.0260162309672736,54.71090210084016,54.71090210083992,479,74.85464159663843,GENETIC,0.028787524306859,0.6666666666666666,6,-0.1060528339249432,"[1.4702235184683534, 1.0980422634235152, 1.3601828628199797, 0.7858490934779772, 1.1232409715729317, 1.545409335352883]","[81, 82, 74, 68, 89, 85]",0.6479409824922898,True,1.054527972249124,0.020611948879212,0.0182252264688986,100,-0.0938301817284645,1.0696796595759823,0.0260162309672736,0.1174760376357277,0.0002452526881747,479,-0.2125046384836111,0.8636754553084739,False,0.0001822522646889,0.9931121728114848,False,True,PASS,e5260fc5df96f99474c96c591b4a9027396f96a10296b97b5863edea937ca5c2,0.8225112643898127,-0.0663492454107043,-0.0006616075555742,-0.0873321973357995,-0.1898533167881928,False,ADMITTED
BNB,M15,VAL,SQX-BNB-M15-3ffb48d81400,3ffb48d814009a5ee1a8456f526954bdabf6c99fa167ec90abad7ea813e13f1f,"{""atr_period"":14,""direction"":""SHORT"",""grammar_version"":""v1.7"",""logic"":""AND"",""market"":""BNB"",""predicates"":[{""feature"":""structure.last.3"",""operator"":""=="",""value"":1.0},{""feature"":""trend.breakout_low.50"",""operator"":""<"",""value"":0.0}],""stop_atr"":2.5,""target_atr"":4.0,""time_exit"":96,""timeframe"":""M15""}",SHORT,1.2663337665934151,0.0512006621278829,117.63576890756276,117.63576890756258,425,119.6324672268903,GENETIC,0.0340721526908679,0.5,6,-0.1697273587754442,"[0.9395542336690818, 0.8537454041301016, 1.3665330422489987, 0.6928679029279219, 1.243780271454581, 1.7081726441496559]","[70, 72, 64, 65, 78, 76]",0.5416403129970069,True,1.1813595956162846,0.1051062764082933,0.0928311447908438,91,-0.1028605274952708,1.0821943789579018,0.0512006621278829,0.2021678027451079,0.0004756889476355,425,-0.1784301330622716,0.8653929507628965,False,0.001020122470229,0.958846105401069,False,True,PASS,3ffb48d814009a5ee1a8456f526954bdabf6c99fa167ec90abad7ea813e13f1f,0.7288474426787921,-0.1925568986385,-0.0017891676906448,-0.2039651167335182,-0.2513070852474429,False,ADMITTED
BNB,M15,VAL,SQX-BNB-M15-b2f867c34978,b2f867c34978c804adc55087db2902025b374cdca62ababdeb6469caa794bc5e,"{""atr_period"":14,""direction"":""LONG"",""grammar_version"":""v1.7"",""logic"":""AND"",""market"":""BNB"",""predicates"":[{""feature"":""trend.breakout_low.100"",""operator"":""<"",""value"":0.0},{""feature"":""trend.ema_pair.20.200"",""operator"":"">"",""value"":0.0}],""stop_atr"":2.5,""target_atr"":2.0,""time_exit"":72,""timeframe"":""M15""}",LONG,1.3130417081795989,0.0659049658823593,45.764955882352666,45.76495588235256,225,53.55965252100831,GENETIC,0.0927587679573417,0.8333333333333334,6,-0.2185806924871279,"[0.6091966925309816, 1.9302873653301953, 1.396731991786556, 1.7599120147372864, 1.3565589980417248, 1.0910105797565692]","[32, 42, 36, 34, 40, 41]",0.4714469281688931,True,1.1677514426135829,0.0684526426093761,0.0361895469460147,55,-0.0639641507706138,1.16025695520844,0.0659049658823593,0.1499455150983901,0.0006664245115484,225,-0.0914673168604588,0.9321286870844856,False,0.0006579917626548,0.9635313709382712,False,True,PASS,b2f867c34978c804adc55087db2902025b374cdca62ababdeb6469caa794bc5e,0.9705972973952998,-0.0088224855801985,-0.0001255636361055,-0.0069059999858068,-0.0927085050705849,False,ADMITTED
BNB,M15,VAL,SQX-BNB-M15-b6939e360e42,b6939e360e4213e6d57fa9c205678a0a31e89b9b800cb8d658f94126d7a46eb1,"{""atr_period"":14,""direction"":""LONG"",""grammar_version"":""v1.7"",""logic"":""AND"",""market"":""BNB"",""predicates"":[{""feature"":""structure.break_high.3"",""operator"":"">"",""value"":0.0},{""feature"":""structure.break_low.2"",""operator"":""<"",""value"":0.0}],""stop_atr"":2.5,""target_atr"":2.0,""time_exit"":96,""timeframe"":""M15""}",LONG,1.154328841207698,0.1719996475132812,9.166717647058896,9.166717647058894,76,17.416834453781487,GENETIC,0.13594954688037,0.8333333333333334,6,-0.1073963722337977,"[2.8742615328973993, 0.49067442349734397, inf, 1.4125593516937747, 1.1286685925622508, 1.0150338993697656]","[12, 8, 8, 17, 15, 16]",0.3934337871552539,True,1.5141912874975825,0.1624013560356086,0.0422172814963288,26,-0.0392304808044371,1.4741280225037752,0.1719996475132812,0.1363951135191852,0.001794672546305,76,-0.0501419345020383,0.9993841751246976,False,0.0016237415960126,0.98454841992358,False,True,PASS,b6939e360e4213e6d57fa9c205678a0a31e89b9b800cb8d658f94126d7a46eb1,0.8967273929627956,-0.0426215340050737,-0.000463178495784,-0.0069476774367601,-0.0224237579975173,False,ADMITTED
BNB,M15,VAL,SQX-BNB-M15-bb6cc22f84bc,bb6cc22f84bc9cb23ec84e227ecbb1e933009332643a92205dfbf1266558e935,"{""atr_period"":14,""direction"":""LONG"",""grammar_version"":""v1.7"",""logic"":""AND"",""market"":""BNB"",""predicates"":[{""feature"":""trend.ema_slope.20.3"",""operator"":"">"",""value"":0.0},{""feature"":""volatility.bb_lower.20.2"",""operator"":""<"",""value"":0.0}],""stop_atr"":2.5,""target_atr"":1.5,""time_exit"":96,""timeframe"":""M15""}",LONG,2.827518404765232,0.1063210783180729,29.65141470588232,29.65141470588231,69,32.3707995798319,GENETIC,0.0981539962040407,0.8333333333333334,6,-0.1249301216912089,"[0.5436844541112469, 3.034638612780401, 1.9542944322773033, 15.576783816801365, 3.0900764800302163, 0.9454348401050426]","[9, 12, 11, 14, 16, 7]",0.3442547991145719,True,1.0797888426927802,0.0277559754434714,0.0045394789152968,18,-0.0333092628753683,1.344951829124244,0.1063210783180729,0.0740517919774126,0.0010732143764842,69,-0.0517069782608941,0.9708144815697471,False,0.000252193273072,0.991632920838964,False,True,PASS,bb6cc22f84bc9cb23ec84e227ecbb1e933009332643a92205dfbf1266558e935,0.8615462387260452,-0.0502130673756815,-0.0005306787529393,-0.0079601812940897,-0.0468205446717626,False,ADMITTED
BNB,M15,VAL,SQX-BNB-M15-d948d173030a,d948d173030a5af6fd8c915608f3e760db671af2d258e67bff55e6c9499fadb7,"{""atr_period"":14,""direction"":""LONG"",""grammar_version"":""v1.7"",""logic"":""AND"",""market"":""BNB"",""predicates"":[{""feature"":""trend.ema_slope.20.3"",""operator"":"">"",""value"":0.0},{""feature"":""volatility.bb_lower.20.2"",""operator"":""<"",""value"":0.0}],""stop_atr"":2.5,""target_atr"":2.0,""time_exit"":72,""timeframe"":""M15""}",LONG,2.4434985654108137,0.0889297739702471,33.010042857142835,33.01004285714282,69,36.13699075630248,GENETIC,0.0818729520883108,0.6666666666666666,6,-0.2138190105800987,"[0.4907064572318227, 4.05472781169518, 2.612112167110902, 1.219939797457942, 4.120461843820265, 0.882828385377945]","[9, 12, 11, 14, 16, 7]",0.2640848661099528,True,1.5346350884762212,0.1722004198879143,0.0308477389348993,18,-0.0384897058070334,1.2184383575105229,0.0889297739702471,0.0604156700400353,0.00087558942087,69,-0.0693118506456921,0.968527970534904,False,0.001713763274161,0.996171136340404,False,True,PASS,d948d173030a5af6fd8c915608f3e760db671af2d258e67bff55e6c9499fadb7,0.9114677066049878,-0.0368797340423449,-0.0004092730357373,-0.0061390955360608,-0.0441737894008853,False,ADMITTED
BNB,M15,VAL,SQX-BNB-M15-2169141dc188,2169141dc188371d6f8febd493c7f68842b889553b59dabd11c517d3613a20ca,"{""atr_period"":14,""direction"":""LONG"",""grammar_version"":""v1.7"",""logic"":""AND"",""market"":""BNB"",""predicates"":[{""feature"":""trend.ema_slope.20.3"",""operator"":"">"",""value"":0.0},{""feature"":""volatility.bb_lower.20.2"",""operator"":""<"",""value"":0.0}],""stop_atr"":2.5,""target_atr"":2.0,""time_exit"":96,""timeframe"":""M15""}",LONG,2.4434985654108137,0.0889297739702471,33.010042857142835,33.01004285714282,69,36.13699075630248,GENETIC,0.0818729520883108,0.6666666666666666,6,-0.2138190105800987,"[0.4907064572318227, 4.05472781169518, 2.612112167110902, 1.219939797457942, 4.120461843820265, 0.882828385377945]","[9, 12, 11, 14, 16, 7]",0.2640848661099528,True,1.5346350884762212,0.1722004198879143,0.0308477389348993,18,-0.0384897058070334,1.2184383575105229,0.0889297739702471,0.0604156700400353,0.00087558942087,69,-0.0693118506456921,0.968527970534904,False,0.001713763274161,0.996171136340404,False,True,PASS,2169141dc188371d6f8febd493c7f68842b889553b59dabd11c517d3613a20ca,0.9114677066049878,-0.0368797340423449,-0.0004092730357373,-0.0061390955360608,-0.0441737894008853,False,ADMITTED
BNB,M15,VAL,SQX-BNB-M15-c2bbf380fc44,c2bbf380fc446c766b9d32ef9254b1893152871a3f6c62489022e071f87426cf,"{""atr_period"":14,""direction"":""LONG"",""grammar_version"":""v1.7"",""logic"":""AND"",""market"":""BNB"",""predicates"":[{""feature"":""trend.ema_slope.20.3"",""operator"":"">"",""value"":0.0},{""feature"":""volatility.bb_lower.20.2"",""operator"":""<"",""value"":0.0}],""stop_atr"":2.0,""target_atr"":3.0,""time_exit"":96,""timeframe"":""M15""}",LONG,2.4542529434276568,0.1126202564432625,40.80637058823506,40.80637058823505,69,44.75474705882326,GENETIC,0.1323468733055447,0.6666666666666666,6,-0.4617182076695692,"[0.5753805570183408, 2.5180924922412586, 2.422913938952304, 2.2845254327223294, 3.353245416848123, 0.6945493083923903]","[9, 12, 11, 14, 16, 7]",0.2525839880548191,True,1.4305284371011284,0.2291394137487733,0.0406222514956902,18,-0.0575309764187793,1.2011727307454318,0.1126202564432625,0.0752465125538315,0.0010905291674468,69,-0.1161846737844126,0.9301000330111489,False,0.0022567917497605,0.9785301661700052,False,True,PASS,c2bbf380fc446c766b9d32ef9254b1893152871a3f6c62489022e071f87426cf,1.0199970115113204,0.0205669991137317,0.0001254566334261,0.0018818495013919,-0.0670044582189039,False,ADMITTED
BNB,M15,VAL,SQX-BNB-M15-73217bd31f2c,73217bd31f2c7c86eb7132966b54170ced55a65ca08b1b3daa823bb1bc8d40fc,"{""atr_period"":14,""direction"":""LONG"",""grammar_version"":""v1.7"",""logic"":""AND"",""market"":""BNB"",""predicates"":[{""feature"":""trend.ema_slope.20.3"",""operator"":"">"",""value"":0.0},{""feature"":""volatility.bb_lower.20.2"",""operator"":""<"",""value"":0.0}],""stop_atr"":2.0,""target_atr"":2.0,""time_exit"":96,""timeframe"":""M15""}",LONG,2.801350384368296,0.1510172899265759,35.15226134453781,35.152261344537806,69,38.74769663865541,GENETIC,0.0721889778215086,0.5,6,-0.1436629399429352,"[0.6121198719366212, 2.4363868840679093, 3.2562280187573274, 1.5245309645140361, 5.150113961322458, 0.7072579190083571]","[9, 12, 11, 14, 16, 7]",0.2302732428357748,True,1.862571304716805,0.2846949693043328,0.0517408711621696,18,-0.0407030517447436,1.347947053871947,0.1510172899265759,0.1060046284915632,0.0015362989636458,69,-0.1161846737844127,0.9739245779167628,False,0.0028744928423427,1.0,False,True,PASS,73217bd31f2c7c86eb7132966b54170ced55a65ca08b1b3daa823bb1bc8d40fc,0.6513563999802886,-0.2127663342195991,-0.0021467492821694,-0.0322012392325414,-0.0744000797093301,False,ADMITTED
BNB,M15,VAL,SQX-BNB-M15-b53b55b7f06c,b53b55b7f06cdbfa94684caf405c7ed7caa7873f19ca87849c6b279bd9325b04,"{""atr_period"":14,""direction"":""LONG"",""grammar_version"":""v1.7"",""logic"":""AND"",""market"":""BNB"",""predicates"":[{""feature"":""trend.ema_slope.20.3"",""operator"":"">"",""value"":0.0},{""feature"":""volatility.bb_lower.20.2"",""operator"":""<"",""value"":0.0}],""stop_atr"":2.0,""target_atr"":1.5,""time_exit"":72,""timeframe"":""M15""}",LONG,2.8986212735979047,0.1075390290570105,28.94305336134455,28.943053361344543,69,33.5174802521008,GENETIC,0.0533557162174638,0.6666666666666666,6,-0.2508057970857945,"[0.6782767056761531, 1.823329071254199, 2.436200239563686, 12.86668013494728, 3.8622481227985275, 0.5303214442147417]","[9, 12, 11, 14, 16, 7]",0.2263209336126819,True,1.3112349400532597,0.1041394137487791,0.0183434132981352,18,-0.0342336905268639,1.286050724590231,0.1075390290570105,0.0743412840477408,0.0010774099137353,69,-0.1161846737844126,0.9831596619838592,False,0.001019078516563,0.9970183189613514,False,True,PASS,b53b55b7f06cdbfa94684caf405c7ed7caa7873f19ca87849c6b279bd9325b04,0.6010791638316992,-0.2127663342196016,-0.0021346942128152,-0.0320204131922287,-0.0640278569978596,False,ADMITTED
BNB,M15,VAL,SQX-BNB-M15-1353562862cd,1353562862cdba28e74a6c5d50121f944f0f7e0d12f82d93c69608763b66c9fb,"{""atr_period"":14,""direction"":""LONG"",""grammar_version"":""v1.7"",""logic"":""AND"",""market"":""BNB"",""predicates"":[{""feature"":""trend.ema_slope.20.3"",""operator"":"">"",""value"":0.0},{""feature"":""volatility.bb_lower.20.2"",""operator"":""<"",""value"":0.0}],""stop_atr"":2.0,""target_atr"":2.0,""time_exit"":48,""timeframe"":""M15""}",LONG,2.799168844510344,0.1403441848451581,35.109689915966385,35.10968991596638,69,38.70512521008399,GENETIC,0.0415038007124325,0.5,6,-0.1436629399429352,"[0.6121198719366212, 2.329320638677823, 3.2562280187573274, 1.5245309645140361, 5.150113961322458, 0.7072579190083571]","[9, 12, 11, 14, 16, 7]",0.1995880657266987,True,1.862571304716805,0.2846949693043328,0.0517408711621696,18,-0.0407030517447436,1.3232815411872625,0.1403441848451581,0.0979389222956768,0.0014194046709518,69,-0.1161846737844125,0.9739245779167628,False,0.0028744928423427,1.0,False,True,PASS,1353562862cdba28e74a6c5d50121f944f0f7e0d12f82d93c69608763b66c9fb,0.6513563999802886,-0.2127663342195991,-0.0021467492821694,-0.0322012392325414,-0.0744000797093301,False,ADMITTED
BNB,M15,VAL,SQX-BNB-M15-2e4ec38900df,2e4ec38900df6b8540e4ce00359e85df6c296b23d8a714a7c97fe6f70e23ee81,"{""atr_period"":14,""direction"":""LONG"",""grammar_version"":""v1.7"",""logic"":""AND"",""market"":""BNB"",""predicates"":[{""feature"":""structure.break_high.3"",""operator"":"">"",""value"":0.0},{""feature"":""structure.break_low.2"",""operator"":""<"",""value"":0.0}],""stop_atr"":2.5,""target_atr"":1.5,""time_exit"":96,""timeframe"":""M15""}",LONG,0.816540419172242,0.0559674239063551,-11.655442857142726,-11.655442857142727,77,18.078437394957945,GENETIC,0.0256881399100289,0.5,6,-0.1534081420039584,"[2.1526640729340474, 0.6630575436458922, inf, 1.0589468333871594, 0.8464464547474115, 0.595879470537987]","[12, 8, 8, 17, 15, 17]",0.1893361044090394,True,1.068961039476089,0.0239398175740695,0.0055745465740184,26,-0.0434642516473731,1.15128949286637,0.0559674239063551,0.0417264288896914,0.000541901673892,77,-0.0677210301046511,0.9977839737606377,False,0.0002144056374622,0.9763192735413928,False,True,PASS,2e4ec38900df6b8540e4ce00359e85df6c296b23d8a714a7c97fe6f70e23ee81,0.8436281422156308,-0.0559548673384062,-0.0005855465725286,-0.0087831985879291,-0.0239394494455242,False,ADMITTED
BNB,M15,VAL,SQX-BNB-M15-f87468eb5b59,f87468eb5b59f6a6152b150174934677d73b5e5223d1b9994798a64cebab7f13,"{""atr_period"":14,""direction"":""LONG"",""grammar_version"":""v1.7"",""logic"":""AND"",""market"":""BNB"",""predicates"":[{""feature"":""trend.breakout_high.20"",""operator"":"">"",""value"":0.0},{""feature"":""volatility.compression.50.2.1.5"",""operator"":""=="",""value"":1.0}],""stop_atr"":2.0,""target_atr"":2.0,""time_exit"":72,""timeframe"":""M15""}",LONG,2.170909083410624,0.080513381835683,10.97484621848739,10.974846218487391,53,14.886909243697456,GENETIC,0.1565249457856089,0.5,6,-0.6008518838939375,"[0.5703295798611477, 0.28335603945093973, 12.062415363781724, 9.991674839598536, 5.2068113092882555, 0.2141911157533981]","[8, 17, 10, 6, 7, 5]",0.1843119748121245,True,1.256805583108417,0.1048894212794004,0.0162306520847654,16,-0.0360434012655387,1.168761129275476,0.080513381835683,0.0408365804211237,0.0007705015173796,53,-0.0950242317055668,0.9229903833704638,False,0.0010144157552978,0.9961589953488376,False,True,PASS,f87468eb5b59f6a6152b150174934677d73b5e5223d1b9994798a64cebab7f13,0.0,-1.2128858151476198,-0.0120559351622554,-0.0241118703245107,-0.015877422200239,False,ADMITTED
BNB,M15,VAL,SQX-BNB-M15-cf58c69b35a0,cf58c69b35a019954b43cddd1a727463d65b7fc1a4208a48c472c489dd0e2233,"{""atr_period"":14,""direction"":""LONG"",""grammar_version"":""v1.7"",""logic"":""AND"",""market"":""BNB"",""predicates"":[{""feature"":""structure.break_high.3"",""operator"":"">"",""value"":0.0},{""feature"":""structure.break_low.5"",""operator"":""<"",""value"":0.0}],""stop_atr"":2.5,""target_atr"":2.0,""time_exit"":48,""timeframe"":""M15""}",LONG,1.1202426215968957,0.0689497857111257,3.9194504201681175,3.9194504201681166,44,17.564674789915948,GENETIC,0.0210554607410995,0.8,5,-0.3329244569967986,"[inf, 0.5979077610603457, 0.4156445695665202, 3.708918488984097, 0.9217579303245649, 1.681606732352337]","[5, 7, 8, 2, 10, 12]",0.1818243464918998,True,1.0128041722225445,0.0085211109338106,0.0008514383410704,17,-0.051700843204683,1.167785769665736,0.0689497857111257,0.0291049272729431,0.0006614756198396,44,-0.0872749861892197,0.9720660192024072,False,5.008460829825151e-05,0.958430671819326,False,True,PASS,cf58c69b35a019954b43cddd1a727463d65b7fc1a4208a48c472c489dd0e2233,2.6624632070678564,0.3431692638294237,0.0034962587029611,0.055940139247379,-0.0320254616393098,False,ADMITTED
BNB,M15,VAL,SQX-BNB-M15-1f9f424d6a89,1f9f424d6a897ddc3e1d55c4bcac73fc9ec13ea3bf2ad3d10b1e8e400e4af00b,"{""atr_period"":14,""direction"":""LONG"",""grammar_version"":""v1.7"",""logic"":""AND"",""market"":""BNB"",""predicates"":[{""feature"":""trend.breakout_high.20"",""operator"":"">"",""value"":0.0},{""feature"":""volatility.compression.50.2.1.5"",""operator"":""=="",""value"":1.0}],""stop_atr"":2.0,""target_atr"":1.5,""time_exit"":72,""timeframe"":""M15""}",LONG,1.6678471138447362,0.0097586648545522,6.15431890756312,6.1543189075631215,53,10.333188655462257,GENETIC,0.1565249457856071,0.5,6,-0.6508518838939363,"[0.4252979756862861, 0.2525833868053422, 9.00443186015008, 18.46447698342696, 3.9046708712526175, 0.16059814148005255]","[8, 17, 10, 6, 7, 5]",0.171811974812123,True,1.129691811813879,0.0423894212794023,0.0063628613132467,16,-0.0276326190790456,1.014617834953329,0.0097586648545522,0.0032008648409584,6.03936762445e-05,53,-0.0994345265556148,0.9162181658252732,False,0.0003976788320779,0.9898975773443546,False,True,PASS,1f9f424d6a897ddc3e1d55c4bcac73fc9ec13ea3bf2ad3d10b1e8e400e4af00b,0.0,-1.2128858151476198,-0.0120559351622554,-0.0241118703245107,-0.015877422200239,False,ADMITTED
BNB,M15,VAL,SQX-BNB-M15-50b144fc1f9e,50b144fc1f9ebe46d885debd826afbee0c475028cf424a0cdea55fa40793c7a1,"{""atr_period"":14,""direction"":""LONG"",""grammar_version"":""v1.7"",""logic"":""AND"",""market"":""BNB"",""predicates"":[{""feature"":""trend.ema_slope.20.3"",""operator"":"">"",""value"":0.0},{""feature"":""volatility.bb_lower.20.2"",""operator"":""<"",""value"":0.0}],""stop_atr"":1.5,""target_atr"":2.0,""time_exit"":48,""timeframe"":""M15""}",LONG,2.7652908309641497,0.0905072223056202,31.94176344537805,31.941763445378044,69,33.66114831932764,GENETIC,0.0064654783112373,0.5,6,-0.1754329822863825,"[0.8133680821707772, 1.149181742316007, 0.8719111587694405, 0.9771681253787314, 5.472004233342681, 0.9428060828249597]","[9, 12, 11, 14, 16, 7]",0.1566072327396417,True,1.4364242900980908,0.2129266257391107,0.0378127824818734,18,-0.0660375918412701,1.161611983035786,0.0905072223056202,0.0595098235157129,0.0008624612103726,69,-0.0917074924941114,0.9425861933973898,False,0.0021007101378818,0.9828579355528372,False,True,PASS,50b144fc1f9ebe46d885debd826afbee0c475028cf424a0cdea55fa40793c7a1,0.3595019810696057,-0.5725773345150239,-0.0055555300351,-0.0833329505265003,-0.0919552706225614,False,ADMITTED
BTC,M15,VAL,SQX-BTC-M15-ce73bdc54fe0,ce73bdc54fe0c7d98cfb0981c3e46fb6bb6803c8e7fcb2f3dbc7635b485b1363,"{""atr_period"":14,""direction"":""SHORT"",""grammar_version"":""v1.7"",""logic"":""AND"",""market"":""BTC"",""predicates"":[{""feature"":""momentum.roc.32"",""operator"":""<"",""value"":0.0},{""feature"":""volatility.bb_upper.20.2"",""operator"":"">"",""value"":0.0}],""stop_atr"":2.5,""target_atr"":2.0,""time_exit"":48,""timeframe"":""M15""}",SHORT,1.3187352224449596,0.0807769069290761,5.366855960839889,5.3668559608399535,755,5.451197996135533,GENETIC,0.090016559450363,1.0,6,0.0141314967309094,"[1.2085012523059264, 1.6718716028816456, 1.224255044738495, 2.1896301942227296, 1.2661307433909221, 1.199744179004164]","[108, 120, 124, 126, 121, 156]",0.840016559450363,True,1.0182820837711797,0.0106924881141612,0.0136462689568956,192,-0.2936794264609784,1.2104656445896276,0.0807769069290761,0.7892895930129145,0.0010454166794873,755,-0.4893084758820443,0.7826201119624063,False,7.107431748383046e-05,0.8513014430130659,False,True,PASS,ce73bdc54fe0c7d98cfb0981c3e46fb6bb6803c8e7fcb2f3dbc7635b485b1363,0.898190298307612,-0.0418388377565317,-0.0004378255431336,-0.0783707722209318,-0.140416345798138,False,ADMITTED
BTC,M15,VAL,SQX-BTC-M15-ba40d4b253dc,ba40d4b253dc7fe22fed2a320b0e0fc4bd7e1c22263f8767d63da9c1b80d4355,"{""atr_period"":14,""direction"":""SHORT"",""grammar_version"":""v1.7"",""logic"":""AND"",""market"":""BTC"",""predicates"":[{""feature"":""momentum.roc.32"",""operator"":""<"",""value"":0.0},{""feature"":""volatility.bb_upper.20.2"",""operator"":"">"",""value"":0.0}],""stop_atr"":2.5,""target_atr"":4.0,""time_exit"":72,""timeframe"":""M15""}",SHORT,1.2246045121856015,0.0750165418592983,5.393996911602814,5.393996911602852,737,5.455578360703699,GENETIC,0.0715710966205882,1.0,6,0.0090677372928247,"[1.4394834849596037, 1.3935886776624018, 1.1588643284568587, 1.6460283025447735, 1.1465228737446955, 1.1368980361977243]","[105, 118, 123, 118, 119, 154]",0.8215710966205882,True,1.128590018525319,0.0782570477409671,0.1388305677829051,185,-0.1495011074899382,1.13205783735004,0.0750165418592983,0.6424221576553959,0.0008716718557061,737,-0.3096099931552789,0.914791920531185,False,0.0007504355015292,0.887237403718333,False,True,PASS,ba40d4b253dc7fe22fed2a320b0e0fc4bd7e1c22263f8767d63da9c1b80d4355,0.9378430177069612,-0.0324258794114165,-0.0003887178603489,-0.0676369077007168,-0.1376811204380232,False,ADMITTED
BTC,M15,VAL,SQX-BTC-M15-3320def213a5,3320def213a5780e3279ae2e4a4072d8298e4dfc88dca332723a74a9cf5b8fc0,"{""atr_period"":14,""direction"":""SHORT"",""grammar_version"":""v1.7"",""logic"":""AND"",""market"":""BTC"",""predicates"":[{""feature"":""momentum.roc.32"",""operator"":""<"",""value"":0.0},{""feature"":""volatility.bb_upper.20.2"",""operator"":"">"",""value"":0.0}],""stop_atr"":2.5,""target_atr"":3.0,""time_exit"":72,""timeframe"":""M15""}",SHORT,1.1600733674469184,0.0513770567964029,3.570660940598782,3.5706609405988328,746,3.6598730143384666,GENETIC,0.0646292547995291,0.8333333333333334,6,-0.0356855063330313,"[1.2774570015270315, 1.2843625409888755, 1.01260222023128, 1.5478870449695619, 1.1369015316922821, 1.051700118128345]","[106, 119, 124, 122, 120, 155]",0.7640412115496047,True,1.1184012749565124,0.0622765252758055,0.1117668591927161,188,-0.149808069391895,1.095852092161253,0.0513770567964029,0.4048883922880417,0.0005427458341662,746,-0.250931453107301,0.9188419579868394,False,0.000594504570174,0.8764580396934262,False,True,PASS,3320def213a5780e3279ae2e4a4072d8298e4dfc88dca332723a74a9cf5b8fc0,0.9348911597934476,-0.0314919599466808,-0.000360956546747,-0.0638893087742202,-0.153181491803834,False,ADMITTED
BTC,M15,VAL,SQX-BTC-M15-f23a07a90d9a,f23a07a90d9a328e086eeda4bda177309a7f3951fa78c69d620fe7eddcf95156,"{""atr_period"":14,""direction"":""SHORT"",""grammar_version"":""v1.7"",""logic"":""AND"",""market"":""BTC"",""predicates"":[{""feature"":""momentum.roc.32"",""operator"":""<"",""value"":0.0},{""feature"":""volatility.bb_upper.20.2"",""operator"":"">"",""value"":0.0}],""stop_atr"":2.0,""target_atr"":4.0,""time_exit"":72,""timeframe"":""M15""}",SHORT,1.3075543756896972,0.079180354294486,6.444504131629659,6.44450413162969,743,6.445856667100261,GENETIC,0.053255909956648,0.8333333333333334,6,-0.0237280158579964,"[1.5443284851841703, 1.368134128931395, 1.1837050505600772, 1.5097024928448557, 1.2433662612458385, 1.2783107434639118]","[105, 118, 124, 121, 119, 156]",0.7556572393254822,True,1.1298973173563218,0.0895980347157589,0.160903451496754,189,-0.5992420019355803,1.1263692863954429,0.079180354294486,0.6721615318410064,0.000904658858467,743,-0.3530163515917362,0.8994279359853605,False,0.0008513410132103,0.579891672712022,False,True,PASS,f23a07a90d9a328e086eeda4bda177309a7f3951fa78c69d620fe7eddcf95156,0.840423448906073,-0.1061829115713091,-0.0010498575204152,-0.1847749235930774,-0.2690555001415137,False,ADMITTED
BTC,M15,VAL,SQX-BTC-M15-cc8273ff6c3f,cc8273ff6c3f519339b8d9d7d3ec9ba1b2ebf35697418e3eb27810a133e9d250,"{""atr_period"":14,""direction"":""SHORT"",""grammar_version"":""v1.7"",""logic"":""AND"",""market"":""BTC"",""predicates"":[{""feature"":""volatility.bb_middle.50.2"",""operator"":""<"",""value"":0.0},{""feature"":""volatility.bb_upper.20.2"",""operator"":"">"",""value"":0.0}],""stop_atr"":2.5,""target_atr"":3.0,""time_exit"":48,""timeframe"":""M15""}",SHORT,1.5626832015671164,0.2289388812819992,3.6289882547847263,3.6289882547847454,276,3.720332131962225,GENETIC,0.2225636222731567,1.0,6,0.1458568510771568,"[1.3398454478399004, 1.6605113198822248, 1.1527927211883353, 2.8663004654695237, 1.5157888622172422, 1.5848614176700762]","[34, 45, 52, 39, 43, 63]",0.7485636222731568,True,1.000855299559812,0.0056791164119531,0.0002359328006993,58,-0.2936794264609783,1.5638881300248808,0.2289388812819992,0.8522095835517134,0.0030877158824337,276,-0.1678983795722038,0.998286798595587,False,4.067806908605386e-06,0.8458508117032653,False,True,PASS,cc8273ff6c3f519339b8d9d7d3ec9ba1b2ebf35697418e3eb27810a133e9d250,0.9144643527175128,-0.0406838696168254,-0.0004516885911928,-0.0302631356099238,-0.1419590224644686,False,ADMITTED
BTC,M15,VAL,SQX-BTC-M15-6cd58f878ed3,6cd58f878ed3bc45a5b308404c7816c1e380ec186abdfd84d9c7222d4d0f2469,"{""atr_period"":14,""direction"":""SHORT"",""grammar_version"":""v1.7"",""logic"":""AND"",""market"":""BTC"",""predicates"":[{""feature"":""momentum.roc.32"",""operator"":""<"",""value"":0.0},{""feature"":""volatility.bb_upper.20.2"",""operator"":"">"",""value"":0.0}],""stop_atr"":2.5,""target_atr"":3.0,""time_exit"":96,""timeframe"":""M15""}",SHORT,1.1471949483324468,0.0392171436223092,3.382542102073203,3.382542102073244,745,3.667611876222783,GENETIC,0.0461879122316597,0.8333333333333334,6,-0.0447568562784106,"[1.1887412606852394, 1.1726560736708191, 0.9685672761371213, 1.6218239682558202, 1.1716846661708105, 0.9843919432147383]","[106, 119, 123, 122, 120, 155]",0.7433320314953904,True,1.119830999576855,0.0637949658092096,0.1147608748169968,188,-0.5366920644267429,1.0686568087415107,0.0392171436223092,0.2814339543093946,0.0003777636970595,745,-0.2812367311998131,0.889034269247375,False,0.0006104301851967,0.748120683613114,False,True,PASS,6cd58f878ed3bc45a5b308404c7816c1e380ec186abdfd84d9c7222d4d0f2469,0.9501824881504184,-0.0225153925306075,-0.0002771511667901,-0.0485014541882706,-0.1355543776108238,False,ADMITTED
BTC,M15,VAL,SQX-BTC-M15-15699c6b38e9,15699c6b38e98169c079a4484674591be1cf3210c9ddd05d2ca44b2ba8e79524,"{""atr_period"":14,""direction"":""SHORT"",""grammar_version"":""v1.7"",""logic"":""AND"",""market"":""BTC"",""predicates"":[{""feature"":""momentum.roc.32"",""operator"":""<"",""value"":0.0},{""feature"":""volatility.bb_upper.20.2"",""operator"":"">"",""value"":0.0}],""stop_atr"":2.5,""target_atr"":3.0,""time_exit"":24,""timeframe"":""M15""}",SHORT,1.4147162923317775,0.0606825677508622,6.869342958247927,6.869342958248017,758,6.93512370229535,GENETIC,0.0739332623729831,0.6666666666666666,6,-0.046060660984427,"[1.3498532427132268, 1.1224677240722567, 1.113416989972013, 2.2143983756872254, 1.511562674870014, 1.1770781228983367]","[109, 120, 126, 126, 121, 156]",0.729084763793543,True,1.110331457416925,0.049401247988666,0.0894472898318301,193,-0.1760885394981434,1.1564101464794312,0.0606825677508622,0.5308894313315096,0.0007003818355296,758,-0.287251196044506,0.8841511416957649,False,0.0004634574602685,0.8496887569066849,False,True,PASS,15699c6b38e98169c079a4484674591be1cf3210c9ddd05d2ca44b2ba8e79524,0.9429880992693036,-0.0226602186783466,-0.0002659043965247,-0.047065078184878,-0.2636709379116221,False,ADMITTED
BTC,M15,VAL,SQX-BTC-M15-3aa186383ebe,3aa186383ebe9a4f3c95cd84621d0886008be849a88b12929a6bf5ce5dc6635a,"{""atr_period"":14,""direction"":""SHORT"",""grammar_version"":""v1.7"",""logic"":""AND"",""market"":""BTC"",""predicates"":[{""feature"":""trend.ema_slope.50.1"",""operator"":""<"",""value"":0.0},{""feature"":""volatility.bb_upper.20.2"",""operator"":"">"",""value"":0.0}],""stop_atr"":2.0,""target_atr"":4.0,""time_exit"":96,""timeframe"":""M15""}",SHORT,1.5733307720854823,0.2710879759882602,3.0884676301593426,3.08846763015935,206,3.1649800145891724,GENETIC,0.2399403753299174,1.0,6,0.1369198873374872,"[1.4119749462678388, 1.8240775419048896, 1.8045007780741744, 3.180254082299863, 1.482983645779036, 1.4535685212091758]","[26, 32, 38, 27, 30, 53]",0.6959403753299174,True,1.1826639262043908,0.1246121551346057,0.0527531047680744,45,-0.1152509889516346,1.447657314076202,0.2710879759882602,0.7083803771131703,0.0034387396947241,206,-0.7735118029305105,0.9752842736755936,False,0.0011722912170683,0.8913207722808816,False,True,PASS,3aa186383ebe9a4f3c95cd84621d0886008be849a88b12929a6bf5ce5dc6635a,0.7081491648419014,-0.2273818074500916,-0.0022608481822529,-0.0904339272901186,-0.1445180187140358,False,ADMITTED
BTC,M15,VAL,SQX-BTC-M15-b634e1e9581c,b634e1e9581ce3e77687da9aa060b45088a845c2c346f02f3a19e474a5d5394b,"{""atr_period"":14,""direction"":""SHORT"",""grammar_version"":""v1.7"",""logic"":""AND"",""market"":""BTC"",""predicates"":[{""feature"":""trend.ema_slope.50.1"",""operator"":""<"",""value"":0.0},{""feature"":""volatility.bb_upper.20.2"",""operator"":"">"",""value"":0.0}],""stop_atr"":2.0,""target_atr"":2.0,""time_exit"":48,""timeframe"":""M15""}",SHORT,1.5934338837178394,0.1937173894608337,2.2386340387444235,2.238634038744428,209,2.3347794177475665,GENETIC,0.2137541998432388,1.0,6,0.0037128522714828,"[1.564936423397222, 1.6336385960335076, 1.4092613450455334, 1.5029326117601587, 1.5356204540997809, 1.7319125146859493]","[26, 33, 39, 27, 31, 53]",0.6727541998432388,True,1.0762329579130774,0.0396186055162274,0.0157903784581396,45,-0.3531318918754256,1.476505369712218,0.1937173894608337,0.4839924579248345,0.0023157533872001,209,-0.7782368927267713,0.9989794736871812,False,0.0003508972990697,0.8177827058636036,False,True,PASS,b634e1e9581ce3e77687da9aa060b45088a845c2c346f02f3a19e474a5d5394b,0.5661816814162441,-0.2749875958890194,-0.0026463498522117,-0.1085003439406829,-0.1631241561870974,False,ADMITTED
BTC,M15,VAL,SQX-BTC-M15-b65634a6da71,b65634a6da719a44bf98cc35092454bf21cb3769b40129d331fd764d427e316c,"{""atr_period"":14,""direction"":""SHORT"",""grammar_version"":""v1.7"",""logic"":""AND"",""market"":""BTC"",""predicates"":[{""feature"":""structure.fractal_high.2"",""operator"":""=="",""value"":1.0},{""feature"":""volatility.bb_upper.20.2"",""operator"":"">"",""value"":0.0}],""stop_atr"":2.0,""target_atr"":4.0,""time_exit"":72,""timeframe"":""M15""}",SHORT,1.011130668587121,0.0262059216901421,0.1209166014758194,0.1209166014758502,402,1.3603173290567008,GENETIC,0.0455327944301327,0.6666666666666666,6,-0.0952498226180755,"[1.6359635933138912, 1.1558965747936876, 1.0345439215159526, 0.8909836800537202, 1.066182501386997, 0.8156200245768016]","[62, 81, 67, 73, 45, 74]",0.5903870054422805,True,1.0503334137948197,0.0421231776178288,0.0448202910342245,136,-0.3982583040922202,1.0266898052658366,0.0262059216901421,0.0704886776676307,0.0001753449693224,402,-0.3660712531554929,0.7571742227789894,False,0.0003295609634869,0.7878342633591733,False,True,PASS,b65634a6da719a44bf98cc35092454bf21cb3769b40129d331fd764d427e316c,0.5944671955587345,-0.2952325185145587,-0.0027202269393005,-0.2040170204475379,-0.2617614129139958,False,ADMITTED
BTC,M15,VAL,SQX-BTC-M15-4f561f36260c,4f561f36260cc2e88cd6326da9d4b0f3f0d1fc7fd8c70f80bcf88e436e30012d,"{""atr_period"":14,""direction"":""LONG"",""grammar_version"":""v1.7"",""logic"":""AND"",""market"":""BTC"",""predicates"":[{""feature"":""trend.breakout_low.100"",""operator"":""<"",""value"":0.0},{""feature"":""volatility.atr_regime.28.50"",""operator"":""<"",""value"":0.0}],""stop_atr"":1.0,""target_atr"":3.0,""time_exit"":48,""timeframe"":""M15""}",LONG,1.349268770020155,0.0427621039944345,2.384783637073092,2.384783637073077,366,2.39679396225856,GENETIC,0.0655159286573698,0.5,6,-0.2167186820736674,"[0.8677153386760859, 0.851704458571491, 0.8388188579472494, 1.4571279127175043, 1.6026554151904726, 1.547090419749798]","[88, 42, 67, 33, 57, 79]",0.5023362581389529,True,1.0079734125855448,0.0258943558526473,0.0036581387616687,51,-0.1896632699370775,1.0407824161847512,0.0427621039944345,0.1032057170931786,0.0002819828335879,366,-0.451535326813748,0.6468856173698796,False,7.172821101310799e-05,0.8932993441587114,False,True,PASS,4f561f36260cc2e88cd6326da9d4b0f3f0d1fc7fd8c70f80bcf88e436e30012d,0.8068187091187086,-0.1775532414189824,-0.0017632223866675,-0.1745590162800868,-0.8249085056657789,False,ADMITTED
BTC,M15,VAL,SQX-BTC-M15-ca2488123127,ca2488123127d75d0421f9b30e39e6c33c56bc5e04a44f5e415601dd4bb07e5f,"{""atr_period"":14,""direction"":""SHORT"",""grammar_version"":""v1.7"",""logic"":""AND"",""market"":""BTC"",""predicates"":[{""feature"":""volatility.bb_lower.20.2"",""operator"":""<"",""value"":0.0},{""feature"":""volatility.compression.50.2.1.5"",""operator"":""=="",""value"":1.0}],""stop_atr"":2.0,""target_atr"":4.0,""time_exit"":96,""timeframe"":""M15""}",SHORT,1.2132630466748735,0.2194175803706616,0.2997198531965398,0.2997198531965503,120,0.3651484121546018,GENETIC,0.1888502649865171,0.6666666666666666,6,-0.1668229187420916,"[1.878540365845638, 1.4899433768030306, 1.612579206323388, 0.5668352803034178, 0.916532952916421, 1.2356683657082856]","[15, 33, 32, 13, 6, 21]",0.4338112019676609,True,1.0293834096992662,0.0340166896551186,0.0041624259028119,19,-0.1060038465640922,1.3248522629954615,0.2194175803706616,0.2841190170747063,0.0023676584756225,120,-0.574627283508894,0.5008754508974056,False,0.0002190750475164,0.938264933672067,False,True,PASS,ca2488123127d75d0421f9b30e39e6c33c56bc5e04a44f5e415601dd4bb07e5f,0.5141657058899065,-0.4210581980504279,-0.0042321662894516,-0.033857330315613,-0.0750643226139295,False,ADMITTED
BTC,M15,VAL,SQX-BTC-M15-52cbbb3edf91,52cbbb3edf9182b264daf735651e3c3c5b9828fde53aff8ad18cfa594a6cac02,"{""atr_period"":14,""direction"":""LONG"",""grammar_version"":""v1.7"",""logic"":""AND"",""market"":""BTC"",""predicates"":[{""feature"":""momentum.roc.4"",""operator"":""<"",""value"":-0.005},{""feature"":""rsi_14"",""operator"":"">"",""value"":75.0}],""stop_atr"":1.0,""target_atr"":3.0,""time_exit"":96,""timeframe"":""M15""}",LONG,1.3063257350101294,0.1461863381186252,1.3360468642014334,1.3360468642014327,136,1.3761726730753447,GENETIC,0.076819189596027,0.8333333333333334,6,-0.0890349090897293,"[0.9495705911269062, 1.0787759427267505, 0.7659574438413753, 0.6478588684145025, 1.744108637418937, 1.731944088560594]","[36, 17, 24, 17, 31, 11]",0.398893795656928,True,1.3224501288822803,0.2484575227806534,0.0352133012152144,15,-0.1915546852990721,1.197761617021292,0.1461863381186252,0.1940364950262936,0.0014267389340168,136,-0.1566840829599322,0.8927620285626054,False,0.0023475534143476,0.8425650498578798,False,True,PASS,52cbbb3edf9182b264daf735651e3c3c5b9828fde53aff8ad18cfa594a6cac02,0.96255249920632,-0.0154980116477436,-0.0003100226064076,-0.0068204973409674,-0.1185161792845903,False,ADMITTED
BTC,M15,VAL,SQX-BTC-M15-3df96f16f552,3df96f16f5525b003c576ebecd91992ce7b67a8e1e7d017a1e91422f93814a3c,"{""atr_period"":14,""direction"":""SHORT"",""grammar_version"":""v1.7"",""logic"":""AND"",""market"":""BTC"",""predicates"":[{""feature"":""structure.break_low.5"",""operator"":""<"",""value"":0.0},{""feature"":""volatility.bb_middle.20.2"",""operator"":"">"",""value"":0.0}],""stop_atr"":2.5,""target_atr"":3.0,""time_exit"":48,""timeframe"":""M15""}",SHORT,1.3467586716946562,0.0959141404188553,1.971107084728448,1.971107084728448,136,2.382656277027841,GENETIC,0.1548057193238468,0.8333333333333334,6,-0.4288098250554906,"[1.3657358446051775, 0.6971724041059197, 1.547081302149564, 0.9936629182533859, 1.5318062785325328, 1.0568263182825652]","[38, 12, 22, 14, 29, 21]",0.3919365963933075,True,1.04861952396358,0.0293417183402991,0.008907801876536,37,-0.1996880112626475,1.208426277451596,0.0959141404188553,0.1312679118575164,0.0009652052342464,136,-0.1588702711149568,0.9738154133320024,False,0.0002407514020685,0.894902589527671,False,True,PASS,3df96f16f5525b003c576ebecd91992ce7b67a8e1e7d017a1e91422f93814a3c,0.6182104530695364,-0.2193723888301495,-0.0021306374027814,-0.0980093205279466,-0.134939947688191,False,ADMITTED
BTC,M15,VAL,SQX-BTC-M15-a4ba0f076580,a4ba0f0765801fc0c6fcb74d668316773579bc93ad648afcf69389153fb600cd,"{""atr_period"":14,""direction"":""SHORT"",""grammar_version"":""v1.7"",""logic"":""AND"",""market"":""BTC"",""predicates"":[{""feature"":""structure.break_low.5"",""operator"":""<"",""value"":0.0},{""feature"":""volatility.compression.50.2.1.5"",""operator"":""=="",""value"":1.0}],""stop_atr"":1.5,""target_atr"":4.0,""time_exit"":96,""timeframe"":""M15""}",SHORT,1.1090044871226974,0.1953439408268829,0.1298043416170615,0.1298043416170713,115,0.4280676880869015,GENETIC,0.1537844440141454,0.6666666666666666,6,-0.2526814963192966,"[6.305207475157923, 1.2365125988385899, 1.87852318236575, 0.732929312223449, 1.1574228789979681, 0.6115363544214174]","[7, 36, 31, 17, 6, 18]",0.3722807366009879,True,1.0928997768113344,0.1083246797511387,0.0115393302330559,13,-0.2265399993978675,1.2278185120262664,0.1953439408268829,0.2299714315896996,0.0019997515790408,115,-0.175514192137635,0.9892673444087984,False,0.0008876407871581,0.9704807780471386,False,True,PASS,a4ba0f0765801fc0c6fcb74d668316773579bc93ad648afcf69389153fb600cd,0.309063938740768,-0.8421091322353274,-0.008308115335871,-0.058156807351097,-0.1125422787392509,False,ADMITTED
BTC,M15,VAL,SQX-BTC-M15-6a213373b540,6a213373b540b5ec9daacea2c37329788106e118cb1955c3d521c769d36198fb,"{""atr_period"":14,""direction"":""LONG"",""grammar_version"":""v1.7"",""logic"":""AND"",""market"":""BTC"",""predicates"":[{""feature"":""trend.breakout_low.100"",""operator"":""<"",""value"":0.0},{""feature"":""volatility.compression.20.2.1.5"",""operator"":""=="",""value"":1.0}],""stop_atr"":1.5,""target_atr"":3.0,""time_exit"":96,""timeframe"":""M15""}",LONG,1.1923770132334488,0.2108583514654066,0.4793648926798061,0.4793648926798073,70,0.843018214597477,GENETIC,0.1780980723739003,0.6666666666666666,6,-0.4193791658487547,"[0.6084634836497596, 1.1234304609238777, 0.35507085350648776, 2.208838289862411, 1.1841829822971621, 2.005178793038025]","[11, 8, 9, 7, 23, 12]",0.3099199475783784,True,1.6089045701568674,0.3663649939074674,0.0471116126888444,13,-0.2410601478334433,1.3461329410547327,0.2108583514654066,0.1501369301967972,0.0021448132885256,70,-0.217394167295969,0.8166059437429187,False,0.0036239702068341,0.8199199767273445,False,True,PASS,6a213373b540b5ec9daacea2c37329788106e118cb1955c3d521c769d36198fb,0.8104321982937975,-0.1343041897505477,-0.0014237950875438,-0.0256283115757889,-0.1054405319075528,False,ADMITTED
BTC,M15,VAL,SQX-BTC-M15-ab3d17d8f827,ab3d17d8f8270ebb3374e89870a1660975d143961edfcfab174816d128941a02,"{""atr_period"":14,""direction"":""SHORT"",""grammar_version"":""v1.7"",""logic"":""AND"",""market"":""BTC"",""predicates"":[{""feature"":""trend.breakout_high.10"",""operator"":"">"",""value"":0.0},{""feature"":""trend.close_ema.20"",""operator"":""<"",""value"":0.0}],""stop_atr"":1.5,""target_atr"":4.0,""time_exit"":48,""timeframe"":""M15""}",SHORT,1.8501651099909664,0.1990424768332955,0.7354727297960847,0.7354727297960884,50,0.7563979658307853,GENETIC,0.3031041036581798,0.6,5,-0.8357024499167678,"[11.049950026083291, 0.08395532147002223, 1.1419901038282068, 1.4235684800724406, 0.6083853681707703, 5.979086271634636]","[6, 13, 9, 4, 6, 12]",0.294178491178988,True,1.5064317533963592,0.2909613187670167,0.0749400987913651,26,-0.1136864532386378,1.350279958741884,0.1990424768332955,0.0984504873815577,0.0019690097476311,50,-0.1273216818204853,0.9493859186840774,False,0.0028823114919755,0.9670985269849036,False,True,PASS,ab3d17d8f8270ebb3374e89870a1660975d143961edfcfab174816d128941a02,1.466991609356204,0.2857497595851669,0.0028280449845354,0.0763572145824575,-0.0578263826619324,False,ADMITTED
BTC,M15,VAL,SQX-BTC-M15-45e64e54fe91,45e64e54fe91888b7671fce0892b38e9fe8926624f0babc79fa780f8fefebbf4,"{""atr_period"":14,""direction"":""SHORT"",""grammar_version"":""v1.7"",""logic"":""AND"",""market"":""BTC"",""predicates"":[{""feature"":""structure.break_low.5"",""operator"":""<"",""value"":0.0},{""feature"":""volatility.compression.50.2.1.5"",""operator"":""=="",""value"":1.0}],""stop_atr"":2.0,""target_atr"":4.0,""time_exit"":96,""timeframe"":""M15""}",SHORT,0.9324053279818596,0.1035023280794858,-0.1013772642368427,-0.1013772642368345,112,0.6951519701404878,GENETIC,0.0584617676923795,0.5,6,-0.3360415246229199,"[15.385663067088318, 1.579362817007758, 1.5054191821809277, 0.5955998701279163, 0.8706318599763604, 0.4617382231664789]","[7, 35, 30, 16, 6, 18]",0.2114513865366496,True,1.565957783743058,0.3587344609461355,0.0424572446511877,12,-0.0500687255181843,1.1266445497388382,0.1035023280794858,0.1096376920937123,0.0009789079651224,112,-0.2560010508420235,0.9919505083065988,False,0.0035381037209323,0.997275768225521,False,True,PASS,45e64e54fe91888b7671fce0892b38e9fe8926624f0babc79fa780f8fefebbf4,0.5500186014995508,-0.4172961348907639,-0.004222929041694,-0.0295605032918583,-0.0863956790998502,False,ADMITTED
BTC,M15,VAL,SQX-BTC-M15-ee6fb8c7d7cd,ee6fb8c7d7cd813bdcc7040e6e599c48723d946afa3a0839e7a0222821c9ecfa,"{""atr_period"":14,""direction"":""SHORT"",""grammar_version"":""v1.7"",""logic"":""AND"",""market"":""BTC"",""predicates"":[{""feature"":""momentum.willr.28"",""operator"":""<"",""value"":-50.0},{""feature"":""volatility.bb_upper.20.2"",""operator"":"">"",""value"":0.0}],""stop_atr"":1.5,""target_atr"":4.0,""time_exit"":72,""timeframe"":""M15""}",SHORT,1.739478629573851,0.1231075629940244,0.9834165227640528,0.983416522764056,79,1.2553419391519278,GENETIC,0.0620640425966964,0.5,6,-0.283598924336372,"[3.487379687971934, 0.8672404301977386, 0.9430085004476567, 0.6307680815300922, 2.5434269730646304, 1.1153228072886001]","[11, 18, 14, 11, 12, 13]",0.1951643115126034,True,1.604479551547174,0.4129008269585674,0.0737325697591744,18,-0.105431339768577,1.1526779822618858,0.1231075629940244,0.0896794812381003,0.0011351833068114,79,-0.211063147230239,0.8759223512575092,False,0.0040962538755096,0.9099737017238058,False,True,PASS,ee6fb8c7d7cd813bdcc7040e6e599c48723d946afa3a0839e7a0222821c9ecfa,1.1841571567651128,0.1616409040649677,0.0014705648392955,0.0235290374287286,-0.0591633370655803,False,ADMITTED
BTC,M15,VAL,SQX-BTC-M15-d14b39a14932,d14b39a1493201a6dfbbccd0a14d591aa1f4007efc014ab5ca076495620f8271,"{""atr_period"":14,""direction"":""SHORT"",""grammar_version"":""v1.7"",""logic"":""AND"",""market"":""BTC"",""predicates"":[{""feature"":""structure.break_low.5"",""operator"":""<"",""value"":0.0},{""feature"":""volatility.compression.50.2.1.5"",""operator"":""=="",""value"":1.0}],""stop_atr"":2.5,""target_atr"":4.0,""time_exit"":72,""timeframe"":""M15""}",SHORT,0.8503429431479738,0.1588700128081705,-0.2616441987290858,-0.2616441987290784,110,0.904805664430466,GENETIC,0.0361167970448027,0.5,6,-0.3042477431883121,"[12.517341132741189, 1.977727757591136, 1.402805258640949, 0.6730205907375878, 0.6977423741060964, 0.4055257540713521]","[7, 34, 30, 15, 6, 18]",0.1950548612477247,True,1.51728779238306,0.2701822237454023,0.0319318863016644,12,-0.041856798373768,1.246915339615819,0.1588700128081705,0.1804111012263662,0.0016401009202396,110,-0.2153109479359648,0.9935604066452792,False,0.0026609905251386,0.9978206145804168,False,True,PASS,d14b39a1493201a6dfbbccd0a14d591aa1f4007efc014ab5ca076495620f8271,0.4636949527825038,-0.4766940507697702,-0.0047747956920814,-0.0334235698445701,-0.0747833784917246,False,ADMITTED
BTC,M15,VAL,SQX-BTC-M15-d7c98e96db83,d7c98e96db83f16abb27add0c124bbf88ccab8c986e76576f18d6a930cf671fb,"{""atr_period"":14,""direction"":""SHORT"",""grammar_version"":""v1.7"",""logic"":""AND"",""market"":""BTC"",""predicates"":[{""feature"":""momentum.willr.28"",""operator"":""<"",""value"":-50.0},{""feature"":""volatility.bb_upper.20.2"",""operator"":"">"",""value"":0.0}],""stop_atr"":1.5,""target_atr"":3.0,""time_exit"":72,""timeframe"":""M15""}",SHORT,1.7505213605463064,0.103631719758967,0.8985932923370692,0.8985932923370745,79,1.036211999050637,GENETIC,0.0561461207396251,0.5,6,-0.404811045548491,"[2.599335869854744, 1.1671649560280852, 0.6993980195202739, 0.5040861226471703, 2.7072942913233624, 1.2666953663731526]","[11, 18, 14, 11, 12, 13]",0.1589433593525023,True,1.1589480079616172,0.1166045306622715,0.01909457435075,18,-0.105431339768577,1.1431618262132306,0.103631719758967,0.0760361489560212,0.0009624828981774,79,-0.1988131966348496,0.871965326992733,False,0.0010608096861527,0.9099737017238058,False,True,PASS,d7c98e96db83f16abb27add0c124bbf88ccab8c986e76576f18d6a930cf671fb,1.1297222947507903,0.0991409040649658,0.0008917658247224,0.0142682531955593,-0.0560926955103391,False,ADMITTED
DOGE,M15,VAL,SQX-DOGE-M15-27a02fb2e0db,27a02fb2e0db9ca039c299f92ea684b7685f1f655179257f4f4080fb5f61dc91,"{""atr_period"":14,""direction"":""SHORT"",""grammar_version"":""v1.7"",""logic"":""AND"",""market"":""DOGE"",""predicates"":[{""feature"":""structure.break_high.3"",""operator"":"">"",""value"":0.0},{""feature"":""volatility.bb_middle.50.2"",""operator"":""<"",""value"":0.0}],""stop_atr"":2.5,""target_atr"":4.0,""time_exit"":72,""timeframe"":""M15""}",SHORT,1.240461312419311,0.0327479306115915,61.31025422665202,61.31025422665223,748,91.39545596160954,GENETIC,0.0467191587285829,0.6666666666666666,6,-0.1136712569064019,"[0.9705994086440478, 0.8458470153818862, 1.8042089452120365, 0.7272453293629509, 1.0194104957713763, 1.0095467337924446]","[112, 95, 133, 125, 134, 149]",0.684968011168649,True,1.016359672530866,0.0171214827164763,0.0222129903935965,229,-0.1589740629210949,1.0511556612042372,0.0327479306115915,0.2099686472906092,0.0002807067477147,748,-0.7573027649491292,0.561444972406708,False,9.69999580506376e-05,0.9044134547814684,False,True,PASS,27a02fb2e0db9ca039c299f92ea684b7685f1f655179257f4f4080fb5f61dc91,1.066504273810026,0.0465328430105395,0.0004050033615952,0.0878857294661734,-0.3902579586261295,False,ADMITTED
DOGE,M15,VAL,SQX-DOGE-M15-ea070447b946,ea070447b946487c4622d48705b40e31a1f0b1e160728fad9de6179152cc45c4,"{""atr_period"":14,""direction"":""SHORT"",""grammar_version"":""v1.7"",""logic"":""AND"",""market"":""DOGE"",""predicates"":[{""feature"":""structure.break_high.3"",""operator"":"">"",""value"":0.0},{""feature"":""volatility.bb_middle.50.2"",""operator"":""<"",""value"":0.0}],""stop_atr"":2.5,""target_atr"":2.0,""time_exit"":72,""timeframe"":""M15""}",SHORT,1.33220928492128,0.0254056581742906,69.1647530823182,69.16475308231858,794,92.09468224437066,GENETIC,0.0201177525134527,0.6666666666666666,6,-0.0209508444862042,"[1.3779037986818343, 0.8292994060379286, 1.8016451960871795, 0.9640605125226298, 0.8876235198469519, 0.9750295030086966]","[123, 101, 142, 128, 144, 156]",0.6815467080585683,True,1.064066655475957,0.0293221010958137,0.0636695290466295,243,-0.1611324031558823,1.050096793331839,0.0254056581742906,0.1867848826436877,0.0002352454441356,794,-0.1673032282403648,0.9627899536503336,False,0.0002620145228256,0.8534478222064212,False,True,PASS,ea070447b946487c4622d48705b40e31a1f0b1e160728fad9de6179152cc45c4,1.091230255408367,0.0401401381786561,0.0003780253396338,0.0854337267572487,-0.3706660936490165,False,ADMITTED
DOGE,M15,VAL,SQX-DOGE-M15-c4153c2ad5f7,c4153c2ad5f75a94bac0ed875a9673622918615554f4d38c486f5329fd5edf5d,"{""atr_period"":14,""direction"":""SHORT"",""grammar_version"":""v1.7"",""logic"":""AND"",""market"":""DOGE"",""predicates"":[{""feature"":""structure.break_high.3"",""operator"":"">"",""value"":0.0},{""feature"":""volatility.bb_middle.50.2"",""operator"":""<"",""value"":0.0}],""stop_atr"":2.0,""target_atr"":3.0,""time_exit"":48,""timeframe"":""M15""}",SHORT,1.3743099382413395,0.030224376905802,75.54555142118872,75.54555142118886,802,94.01413133997792,GENETIC,0.0313275589509329,0.5,6,-0.1120568870303099,"[0.9173411165585162, 0.8090418903604937, 2.0440208174483754, 0.7771822009760689, 1.0368217691082187, 1.0900438976311557]","[124, 101, 142, 131, 144, 160]",0.6283133371933555,True,1.00514462481322,0.0100981233919465,0.007317183946905,243,-0.1602909959187672,1.0481830065706288,0.030224376905802,0.2058442286810995,0.0002566636267844,802,-0.2804285075102444,0.7685226559677584,False,3.0111868094258776e-05,0.8947919212998815,False,True,PASS,c4153c2ad5f75a94bac0ed875a9673622918615554f4d38c486f5329fd5edf5d,1.1181029754849738,0.0700760137251047,0.0006769832658383,0.1570601176744881,-0.1271849767811605,False,ADMITTED
DOGE,M15,VAL,SQX-DOGE-M15-c83d0f311479,c83d0f31147978d5f45d90e611d92a6144156c6b8b166839644f102ec79ee9cc,"{""atr_period"":14,""direction"":""LONG"",""grammar_version"":""v1.7"",""logic"":""AND"",""market"":""DOGE"",""predicates"":[{""feature"":""rsi_14"",""operator"":""<"",""value"":25.0},{""feature"":""structure.fractal_high.3"",""operator"":""=="",""value"":1.0}],""stop_atr"":2.0,""target_atr"":1.5,""time_exit"":72,""timeframe"":""M15""}",LONG,0.733382948759599,0.0748658604759006,-19.56656840162421,-19.566568401624465,298,31.2203563307494,GENETIC,0.1087848076629951,0.8333333333333334,6,-0.1144825338634599,"[0.8322718052395724, 1.975117467372106, 0.4452722268352195, 1.1884183889521058, 1.097527222302475, 1.113960595636267]","[48, 38, 43, 42, 69, 58]",0.5864975075304635,True,1.0248630026497796,0.0137290087761794,0.0064521074060712,64,-0.0675424647050029,1.1961070766848414,0.0748658604759006,0.2366517548815709,0.0007941334056428,298,-0.1625164830425675,0.9023516899142,False,0.0001008141782198,0.948683666496635,False,True,PASS,c83d0f31147978d5f45d90e611d92a6144156c6b8b166839644f102ec79ee9cc,0.8248372629725729,-0.076157527904228,-0.000773503009426,-0.0649742527917893,-0.1214964068961527,False,ADMITTED
DOGE,M15,VAL,SQX-DOGE-M15-00938f2987c3,00938f2987c360f76f4b2b05842d7cc9968511f392ee5a8166da3a280d57a731,"{""atr_period"":14,""direction"":""LONG"",""grammar_version"":""v1.7"",""logic"":""AND"",""market"":""DOGE"",""predicates"":[{""feature"":""rsi_14"",""operator"":""<"",""value"":25.0},{""feature"":""structure.fractal_high.3"",""operator"":""=="",""value"":1.0}],""stop_atr"":2.0,""target_atr"":2.0,""time_exit"":72,""timeframe"":""M15""}",LONG,0.7263431922520294,0.0840317520623318,-22.84735906238464,-22.84735906238487,297,40.92236814322632,GENETIC,0.1342125465856413,0.6666666666666666,6,-0.0884408671967939,"[0.959311476857799, 1.393192700150406, 0.36046653523542355, 1.466222645548862, 1.1451757289435947, 1.193521204073422]","[48, 38, 43, 42, 68, 58]",0.5757689964531094,True,1.055191473833838,0.0312250697005491,0.0169660405681568,64,-0.0847248870022131,1.1816466676628543,0.0840317520623318,0.2648608776210461,0.0008917874667375,297,-0.136104798423396,0.9258521790602366,False,0.0002650943838774,0.9665109811731898,False,True,PASS,00938f2987c360f76f4b2b05842d7cc9968511f392ee5a8166da3a280d57a731,0.7559102962653504,-0.1297289564756563,-0.0012740985520278,-0.1070242783703361,-0.1548959490506237,False,ADMITTED
DOGE,M15,VAL,SQX-DOGE-M15-5d15830af801,5d15830af801eed456a6d3e7d5cac6271fa95d8f7be8f11da17a8730118d32c5,"{""atr_period"":14,""direction"":""LONG"",""grammar_version"":""v1.7"",""logic"":""AND"",""market"":""DOGE"",""predicates"":[{""feature"":""rsi_14"",""operator"":""<"",""value"":25.0},{""feature"":""structure.fractal_high.2"",""operator"":""=="",""value"":1.0}],""stop_atr"":2.0,""target_atr"":3.0,""time_exit"":96,""timeframe"":""M15""}",LONG,1.328452545808302,0.0173286969544502,42.75932251753421,42.759322517534095,463,45.92383794758212,GENETIC,0.0207886575890724,0.5,6,-0.1551686244788035,"[0.8932341150962545, 0.7098275866310495, 1.46243269685071, 1.518861757059033, 0.819039478690017, 1.2275780842571975]","[65, 60, 69, 87, 101, 81]",0.5699965014693715,True,1.0240733880167747,0.0211690060101415,0.0185212192821475,133,-0.0965528726765872,1.0167780521733063,0.0173286969544502,0.0470669339365399,0.0001016564447873,463,-0.4856251648967025,0.72728047884095,False,0.0001392572878357,0.913252556370999,False,True,PASS,5d15830af801eed456a6d3e7d5cac6271fa95d8f7be8f11da17a8730118d32c5,0.8062852858614916,-0.1182381827077032,-0.0011575307408531,-0.150478996310906,-0.1833897469282293,False,ADMITTED
DOGE,M15,VAL,SQX-DOGE-M15-d70d55e82ca7,d70d55e82ca7d437ae5d08ea67e2f72c03bf5828fdf3c9a1b3a058ff6d4c71c6,"{""atr_period"":14,""direction"":""LONG"",""grammar_version"":""v1.7"",""logic"":""AND"",""market"":""DOGE"",""predicates"":[{""feature"":""structure.fractal_low.5"",""operator"":""=="",""value"":1.0},{""feature"":""volatility.bb_lower.20.2"",""operator"":""<"",""value"":0.0}],""stop_atr"":1.0,""target_atr"":2.0,""time_exit"":24,""timeframe"":""M15""}",LONG,0.992302468073495,0.2449136272112057,-0.0399173126614949,-0.0399173126614942,60,3.1892250276854943,GENETIC,0.3153453270488253,0.8,5,-0.030257290462866,"[0.8239418477974073, 1.2394357159547564, 0.0, 1.9189417917516935, 4.715339712458254, 2.110355757461811]","[12, 14, 1, 7, 10, 16]",0.5677810044331089,True,1.3001598881277372,0.2061861845584056,0.0255097396325969,13,-0.4536652789200224,1.4307120998231395,0.2449136272112057,0.151000051503402,0.0025166675250567,60,-0.0729535409085554,0.9680084061631316,False,0.0019622876640459,0.5829445525249837,False,True,PASS,d70d55e82ca7d437ae5d08ea67e2f72c03bf5828fdf3c9a1b3a058ff6d4c71c6,0.0,-1.069924825491499,-0.0101986392879253,-0.1019863928792538,-0.2488373764091494,False,ADMITTED
DOGE,M15,VAL,SQX-DOGE-M15-7b65b84e976c,7b65b84e976c9f0516b045de054cdc7d07b28b2245949949cbfd4a180653bf00,"{""atr_period"":14,""direction"":""SHORT"",""grammar_version"":""v1.7"",""logic"":""AND"",""market"":""DOGE"",""predicates"":[{""feature"":""structure.break_high.5"",""operator"":"">"",""value"":0.0},{""feature"":""volatility.bb_middle.50.2"",""operator"":""<"",""value"":0.0}],""stop_atr"":2.5,""target_atr"":1.5,""time_exit"":72,""timeframe"":""M15""}",SHORT,1.2933765731318088,0.0296875364360237,18.916708859357623,18.9167088593574,347,21.4302223698782,GENETIC,0.0130871217997091,0.8333333333333334,6,-0.0025733237779045,"[1.3861389008818639, 1.108559891828097, 1.3192136574230142, 1.4070094121742904, 0.9667972033485491, 1.2799456304192995]","[61, 47, 55, 52, 58, 74]",0.5677771241885664,True,1.057789903119604,0.022355326295815,0.0182771070943559,93,-0.0789014850566906,1.0797713652004064,0.0296875364360237,0.0977300047964282,0.0002816426651193,347,-0.1817915850113946,0.9467140783826642,False,0.0001965280332726,0.9343726158303718,False,True,PASS,7b65b84e976c9f0516b045de054cdc7d07b28b2245949949cbfd4a180653bf00,1.1088483360329136,0.0393083849937774,0.0003715792317211,0.0367863439403963,-0.3477332335125003,False,ADMITTED
DOGE,M15,VAL,SQX-DOGE-M15-ad40b580d7be,ad40b580d7bea0646ad0c40a37fff4499227d571f382fdda47a5d7ee83ee93e5,"{""atr_period"":14,""direction"":""LONG"",""grammar_version"":""v1.7"",""logic"":""AND"",""market"":""DOGE"",""predicates"":[{""feature"":""rsi_14"",""operator"":""<"",""value"":25.0},{""feature"":""structure.last.2"",""operator"":""=="",""value"":1.0}],""stop_atr"":1.0,""target_atr"":3.0,""time_exit"":96,""timeframe"":""M15""}",LONG,0.8151229640670153,0.1362098865449983,-9.491425064599486,-9.491425064599524,255,25.498324880029585,GENETIC,0.1196672348051502,0.6666666666666666,6,-0.0745492653631415,"[1.2854011503790133, 1.4742227317504857, 0.2718511646372218, 1.0659475118330988, 1.3847296163494456, 2.3189362341129085]","[37, 24, 40, 49, 64, 41]",0.5226965851310315,True,1.1722867876800105,0.1486605110674336,0.0925226743444167,67,-0.2928995428837058,1.1756262300468117,0.1362098865449983,0.3557907030706777,0.0013952576591007,255,-0.49665615289576,0.7696965455879824,False,0.0013809354379763,0.9903660410196802,False,True,PASS,ad40b580d7bea0646ad0c40a37fff4499227d571f382fdda47a5d7ee83ee93e5,0.9243337270195424,-0.044643233005066,-0.0005822820821986,-0.0454180024114986,-0.5472092857220721,False,ADMITTED
DOGE,M15,VAL,SQX-DOGE-M15-46ac3c755f15,46ac3c755f15d6d98246fbdc706871ffe6f547a75432de4791e745431c91b7c9,"{""atr_period"":14,""direction"":""LONG"",""grammar_version"":""v1.7"",""logic"":""AND"",""market"":""DOGE"",""predicates"":[{""feature"":""rsi_14"",""operator"":""<"",""value"":25.0},{""feature"":""trend.ema_slope.50.6"",""operator"":"">"",""value"":0.0}],""stop_atr"":1.0,""target_atr"":3.0,""time_exit"":24,""timeframe"":""M15""}",LONG,1.374525461458458,0.1570783474253168,11.925873791066843,11.925873791066884,209,12.780561092654152,GENETIC,0.1962818186031904,0.8333333333333334,6,-0.4650745437017445,"[0.47860159053752666, 1.4220976440379334, 0.7736125829703155, 1.773839875772944, 1.7310584301220426, 1.1410926706480347]","[12, 20, 27, 40, 60, 50]",0.4973465160110876,True,1.1797898595925258,0.1427999741279001,0.0760321803887646,58,-0.1279719672074523,1.2021916539727744,0.1570783474253168,0.3454990137914397,0.0016531053291456,209,-0.2115202403039185,0.9158939446615773,False,0.0013108996618752,0.8947845384167866,False,True,PASS,46ac3c755f15d6d98246fbdc706871ffe6f547a75432de4791e745431c91b7c9,1.044840091479006,0.047902744924356,0.0003315492782422,0.0235399987551978,-0.190876338797329,False,ADMITTED
DOGE,M15,VAL,SQX-DOGE-M15-e04617bd765f,e04617bd765f8f599620e2f64b3018ecb8f2e9abb5a3c442586f2ac7501119d2,"{""atr_period"":14,""direction"":""LONG"",""grammar_version"":""v1.7"",""logic"":""AND"",""market"":""DOGE"",""predicates"":[{""feature"":""momentum.roc.4"",""operator"":"">"",""value"":0.005},{""feature"":""momentum.willr.28"",""operator"":""<"",""value"":-80.0}],""stop_atr"":1.0,""target_atr"":1.5,""time_exit"":96,""timeframe"":""M15""}",LONG,1.1950580389405672,0.0342617731484902,11.263657585825054,11.263657585825102,236,14.772424843115571,GENETIC,0.1419852675664296,0.6666666666666666,6,-0.2701842739406397,"[0.9572327460940041, 0.9944527601834631, 1.4771685580759555, 0.6166397835062012, 1.3886295594683027, 1.2917704898333253]","[41, 16, 66, 41, 59, 13]",0.4771058657479363,True,1.3059331412729784,0.1704214623722786,0.0688808758859778,41,-0.0448871870516146,1.0463237722000145,0.0342617731484902,0.0648736719876106,0.0002748884406254,236,-0.2593473909551018,0.768374918353616,False,0.0016800213630726,0.9818242445318528,False,True,PASS,e04617bd765f8f599620e2f64b3018ecb8f2e9abb5a3c442586f2ac7501119d2,0.768418228240376,-0.1546287788728117,-0.0015372670763504,-0.0999223599627804,-0.2577182991879586,False,ADMITTED
DOGE,M15,VAL,SQX-DOGE-M15-2f0bee061cee,2f0bee061cee16200f48aa85222b25d57b72bb0e1dc178198055711f99b1b521,"{""atr_period"":14,""direction"":""LONG"",""grammar_version"":""v1.7"",""logic"":""AND"",""market"":""DOGE"",""predicates"":[{""feature"":""momentum.willr.7"",""operator"":""<"",""value"":-80.0},{""feature"":""structure.break_high.3"",""operator"":"">"",""value"":0.0}],""stop_atr"":1.5,""target_atr"":1.5,""time_exit"":72,""timeframe"":""M15""}",LONG,1.6440850001515788,0.0272829435746778,20.0946396825397,20.094639682539505,256,23.195771797711227,GENETIC,0.0632393092308722,0.6666666666666666,6,-0.2436537161387288,"[1.0797659583061088, 2.1512683508428236, 3.702130195312035, 1.1350381823152036, 1.3498036725584863, 0.5413282248786087]","[53, 39, 32, 48, 50, 34]",0.4249925468628566,True,1.5656274079726793,0.2193464057571518,0.1721803267349355,74,-0.0665258735220369,1.046442493375291,0.0272829435746778,0.0588122305328837,0.000229735275519,256,-0.1800094590677989,0.9162992561303442,False,0.0023267611720937,0.9633291280435512,False,True,PASS,2f0bee061cee16200f48aa85222b25d57b72bb0e1dc178198055711f99b1b521,0.8838827917395241,-0.0561331043938228,-0.0006000876981684,-0.0348050864937717,-0.0868943035846936,False,ADMITTED
DOGE,M15,VAL,SQX-DOGE-M15-fb3ac344fc7e,fb3ac344fc7ecbbd596948993de26df8d26158308e85675f55b221da8af9ab0a,"{""atr_period"":14,""direction"":""SHORT"",""grammar_version"":""v1.7"",""logic"":""AND"",""market"":""DOGE"",""predicates"":[{""feature"":""trend.breakout_high.20"",""operator"":"">"",""value"":0.0},{""feature"":""volatility.bb_middle.50.2"",""operator"":""<"",""value"":0.0}],""stop_atr"":2.0,""target_atr"":3.0,""time_exit"":48,""timeframe"":""M15""}",SHORT,0.9442764974624346,0.0679437251717491,-2.453496050202988,-2.4534960502029977,168,16.343704761904757,GENETIC,0.1019223195621622,0.6666666666666666,6,-0.0789090637553615,"[1.3112737790038305, 1.1703549389990289, 0.7015503365986804, 1.1298674838866876, 1.1748769262434882, 1.2661350298934084]","[18, 13, 22, 29, 38, 48]",0.4168617202899885,True,1.067830976028925,0.0472615870085933,0.0252581616544771,63,-0.0679855804645767,1.1125839296870046,0.0679437251717491,0.1075333527608051,0.000640079480719,168,-0.1282009743600479,0.9675786548382288,False,0.0004009232008647,0.9528666009211146,False,True,PASS,fb3ac344fc7ecbbd596948993de26df8d26158308e85675f55b221da8af9ab0a,1.146730959415566,0.0900278524860438,0.0008437687236345,0.0413446674580946,-0.0904006942236507,False,ADMITTED
DOGE,M15,VAL,SQX-DOGE-M15-5fdff6cd9c41,5fdff6cd9c41262406a13656e0230ceddc9b0b7323a4cf724f34c222688857f7,"{""atr_period"":14,""direction"":""LONG"",""grammar_version"":""v1.7"",""logic"":""AND"",""market"":""DOGE"",""predicates"":[{""feature"":""momentum.roc.8"",""operator"":""<"",""value"":-0.005},{""feature"":""structure.break_high.5"",""operator"":"">"",""value"":0.0}],""stop_atr"":2.5,""target_atr"":1.5,""time_exit"":72,""timeframe"":""M15""}",LONG,0.8597753743327416,0.0183773113056545,-14.600318383167174,-14.600318383167265,250,29.972575599852327,GENETIC,0.0191723620946768,0.6666666666666666,6,-0.2023587847191736,"[1.0943428574736043, 3.1160857565826086, 0.7909595249407575, 0.7825674674037542, 1.3266308964446372, 0.8399128420346016]","[52, 34, 44, 50, 52, 18]",0.3852493325815501,True,2.273000438896785,0.2463582252140916,0.1465042730684593,56,-0.0415270497913019,1.0447592467911135,0.0183773113056545,0.0399535625476297,0.0001598142501905,250,-0.2138710342188205,0.9135766611475108,False,0.0026161477333653,0.9897773384689904,False,True,PASS,5fdff6cd9c41262406a13656e0230ceddc9b0b7323a4cf724f34c222688857f7,0.98828402793436,-0.0014554961451882,-4.390232946577135e-05,-0.0024146281206169,-0.0999812407269188,False,ADMITTED
DOGE,M15,VAL,SQX-DOGE-M15-1c7ec67d81a3,1c7ec67d81a3d469ce3ab7f05363d71770bf7e8d6e971494bc0f2b8557d6cb2e,"{""atr_period"":14,""direction"":""LONG"",""grammar_version"":""v1.7"",""logic"":""AND"",""market"":""DOGE"",""predicates"":[{""feature"":""rsi_14"",""operator"":""<"",""value"":25.0},{""feature"":""trend.ema_slope.50.6"",""operator"":"">"",""value"":0.0}],""stop_atr"":2.0,""target_atr"":3.0,""time_exit"":96,""timeframe"":""M15""}",LONG,1.3676132860501358,0.1307939944085537,18.89429494278336,18.8942949427833,200,19.60175688445922,GENETIC,0.1696958039236523,0.6666666666666666,6,-0.6075372718508745,"[0.2703232663507472, 1.4999005805444199, 0.6306438614100085, 2.2706288579549536, 1.5936034031298296, 1.1480942201258302]","[12, 20, 27, 39, 55, 47]",0.3844781526276003,True,1.5552918307021502,0.2805698157258843,0.1520689935294754,52,-0.0687550139128949,1.2277692312367312,0.1307939944085537,0.2794128716295525,0.0013970643581477,200,-0.2572238464544015,0.8230826140995838,False,0.0029244037217206,0.976588375737028,False,True,PASS,1c7ec67d81a3d469ce3ab7f05363d71770bf7e8d6e971494bc0f2b8557d6cb2e,1.093439195767728,0.0609767032063053,0.0005428856093987,0.0369162214391169,-0.0822478991777892,False,ADMITTED
DOGE,M15,VAL,SQX-DOGE-M15-da58a7c971cb,da58a7c971cb00864b194100582b78b34ed61e8603be321d2d9898671431ffd3,"{""atr_period"":14,""direction"":""SHORT"",""grammar_version"":""v1.7"",""logic"":""AND"",""market"":""DOGE"",""predicates"":[{""feature"":""structure.break_high.3"",""operator"":"">"",""value"":0.0},{""feature"":""volatility.bb_middle.20.2"",""operator"":""<"",""value"":0.0}],""stop_atr"":1.5,""target_atr"":2.0,""time_exit"":96,""timeframe"":""M15""}",SHORT,1.2922885348599946,0.0378190243278689,5.734387855297159,5.734387855297189,168,6.635577925433763,GENETIC,0.0889680013607533,0.6666666666666666,6,-0.256374650944639,"[0.5460954630719408, 0.9644061505617474, 1.0141005884295566, 1.557658196404533, 1.1938349644521098, 1.3517921091225216]","[32, 28, 15, 20, 35, 38]",0.3595410052912603,True,1.0549962147734395,0.03735623783777,0.0122593496021456,40,-0.0794978574581345,1.058959822212972,0.0378190243278689,0.0534964130725388,0.0003184310301936,168,-0.1504507731548102,0.8820329577050617,False,0.0003064837400536,0.9512295135003114,False,True,PASS,da58a7c971cb00864b194100582b78b34ed61e8603be321d2d9898671431ffd3,1.0818984141844734,0.0519994926064335,0.0004561433840672,0.0200703088989593,-0.0590078843365334,False,ADMITTED
DOGE,M15,VAL,SQX-DOGE-M15-51997dae10a3,51997dae10a35317d1ec3f1b7e394b6c5d5ed162490618b5e387755d07c754b7,"{""atr_period"":14,""direction"":""LONG"",""grammar_version"":""v1.7"",""logic"":""AND"",""market"":""DOGE"",""predicates"":[{""feature"":""rsi_14"",""operator"":""<"",""value"":25.0},{""feature"":""trend.ema_slope.20.12"",""operator"":"">"",""value"":0.0}],""stop_atr"":2.5,""target_atr"":3.0,""time_exit"":48,""timeframe"":""M15""}",LONG,1.7340833270433955,0.0788718853817881,19.804522074566307,19.804522074566204,137,22.289670394979662,GENETIC,0.1299738171295087,0.6666666666666666,6,-0.3406764866572845,"[1.1032600742119636, 1.72109936649254, 1.1282993727668766, 4.899332697664667, 0.837462904028394, 0.8045498806553338]","[13, 14, 19, 25, 36, 30]",0.3484713621318542,True,1.1023881512621423,0.0524040041366455,0.0156886595456777,33,-0.0518713215166274,1.1519369572164155,0.0788718853817881,0.1058539103551399,0.0007726562799645,137,-0.1340243193156438,0.9505395732632536,False,0.0004754139256265,0.97985559029723,False,True,PASS,51997dae10a35317d1ec3f1b7e394b6c5d5ed162490618b5e387755d07c754b7,0.9470181696312804,-0.0233671622688984,-0.00029000197325,-0.0104400710370023,-0.0826878334227626,False,ADMITTED
DOGE,M15,VAL,SQX-DOGE-M15-f8046d48904d,f8046d48904dfbab3c1a29eba8d645b55a40c2b07285396140547320965b204e,"{""atr_period"":14,""direction"":""SHORT"",""grammar_version"":""v1.7"",""logic"":""AND"",""market"":""DOGE"",""predicates"":[{""feature"":""rsi_14"",""operator"":""<"",""value"":40.0},{""feature"":""structure.break_high.3"",""operator"":"">"",""value"":0.0}],""stop_atr"":2.5,""target_atr"":4.0,""time_exit"":24,""timeframe"":""M15""}",SHORT,1.4040304886536934,0.1353903642477142,4.489765374676987,4.489765374676999,76,7.371783905500173,GENETIC,0.1734658781820287,0.6666666666666666,6,-0.2883398527488292,"[3.1004023142388983, 6.20403203277779, 0.449776214186435, 3.0151156390241884, 1.4032479887850702, 0.7680793798045847]","[11, 8, 11, 9, 17, 20]",0.3440475816614881,True,1.151848301689537,0.0565400672189537,0.0111060791757837,21,-0.0469848548825348,1.4078143955843343,0.1353903642477142,0.1048016982953445,0.0013789697144124,76,-0.0613513838370069,0.9850124665132032,False,0.0005288609131325,0.9940035419746772,False,True,PASS,f8046d48904dfbab3c1a29eba8d645b55a40c2b07285396140547320965b204e,2.030747170448056,0.2650312350558157,0.0026704657096645,0.0507388484836259,-0.0359225514893256,False,ADMITTED
DOGE,M15,VAL,SQX-DOGE-M15-9d761a20fcf5,9d761a20fcf57837a1ec8cdb2416c75e6a6d83fb5b278b1e9c41882831695723,"{""atr_period"":14,""direction"":""LONG"",""grammar_version"":""v1.7"",""logic"":""AND"",""market"":""DOGE"",""predicates"":[{""feature"":""rsi_14"",""operator"":""<"",""value"":25.0},{""feature"":""structure.fractal_low.5"",""operator"":""=="",""value"":1.0}],""stop_atr"":2.5,""target_atr"":2.0,""time_exit"":96,""timeframe"":""M15""}",LONG,1.0890525728602778,0.0108484985955813,5.6625641196013365,5.662564119601371,223,18.250418826135085,GENETIC,0.0278519602621015,0.5,6,-0.1333892167869064,"[2.256101299902742, 0.9407097385994893, 0.8602997168344139, 1.5043313275662618, 0.9077413053828352, 0.9955419407020676]","[33, 26, 26, 38, 56, 44]",0.342504656065375,True,1.1593605756426777,0.0619952437184937,0.0344993177371257,58,-0.0602752916209995,1.0155659297279025,0.0108484985955813,0.0158193071490768,7.093859708105721e-05,223,-0.1740194748410789,0.9856838707756376,False,0.0005948158230538,0.9679960758237266,False,True,PASS,9d761a20fcf57837a1ec8cdb2416c75e6a6d83fb5b278b1e9c41882831695723,0.6374211155737224,-0.192307130124205,-0.0018801473850636,-0.0846066323278632,-0.117216186124446,False,ADMITTED
DOGE,M15,VAL,SQX-DOGE-M15-a8433da8c535,a8433da8c535492c49ed3866846100f9a47a1286265bd5d0eb9245f2ddebb716,"{""atr_period"":14,""direction"":""LONG"",""grammar_version"":""v1.7"",""logic"":""AND"",""market"":""DOGE"",""predicates"":[{""feature"":""rsi_14"",""operator"":""<"",""value"":25.0},{""feature"":""trend.ema_slope.50.3"",""operator"":"">"",""value"":0.0}],""stop_atr"":2.0,""target_atr"":4.0,""time_exit"":96,""timeframe"":""M15""}",LONG,1.3655037189263044,0.0740711267028352,13.146474677002615,13.146474677002637,121,13.888449427833187,GENETIC,0.1090887515038317,0.6666666666666666,6,-0.2677282133022418,"[0.49968761214817403, 0.9023799079108845, 0.840846681727244, 1.7100536725430926, 1.4732779965680873, 1.1125559340706064]","[9, 11, 15, 27, 33, 26]",0.3298233648449379,True,1.749951666293815,0.4226387542133448,0.1641379812084333,37,-0.0662778337245977,1.1023002451085846,0.0740711267028352,0.0809328045421149,0.0006688661532406,121,-0.2572238464544016,0.8556584846555408,False,0.0044361616542819,0.9940013990106178,False,True,PASS,a8433da8c535492c49ed3866846100f9a47a1286265bd5d0eb9245f2ddebb716,1.1624798803890637,0.1128563548798334,0.001043267559758,0.0406874348305634,-0.0867700354017301,False,ADMITTED
DOGE,M15,VAL,SQX-DOGE-M15-b8e2e89f9048,b8e2e89f9048feb367f142aa6965b9b8de9a74c049c7de9985d7003b7d1e0b44,"{""atr_period"":14,""direction"":""LONG"",""grammar_version"":""v1.7"",""logic"":""AND"",""market"":""DOGE"",""predicates"":[{""feature"":""rsi_14"",""operator"":""<"",""value"":25.0},{""feature"":""trend.close_ema.50"",""operator"":"">"",""value"":0.0}],""stop_atr"":2.0,""target_atr"":3.0,""time_exit"":48,""timeframe"":""M15""}",LONG,2.0754851012617017,0.0607864903280594,18.913528829826568,18.91352882982649,84,21.183403580657107,GENETIC,0.1334934552394404,0.5,4,-0.0771834976720389,"[0.3706924668011935, 0.46334278234385, 2.430900952192858, 4.733576592947142, 0.6117684333775358, 1.2728692681084768]","[4, 3, 11, 19, 27, 20]",0.3231975808214307,True,2.127027888921909,0.4494995500993136,0.1568813828529482,33,-0.0394874401644858,1.099745312683588,0.0607864903280594,0.0463303259263381,0.000551551499123,84,-0.1153274485423502,0.927993158805166,False,0.0047539812985741,0.9956085418677606,False,True,PASS,b8e2e89f9048feb367f142aa6965b9b8de9a74c049c7de9985d7003b7d1e0b44,0.9259055594878816,-0.039159685521514,-0.0004626332535727,-0.0138789976071808,-0.089901632655029,False,ADMITTED
DOGE,M15,VAL,SQX-DOGE-M15-691b3171841c,691b3171841c4875f78253e9c42f10233a4be834cb4df20e7253973d91442b3b,"{""atr_period"":14,""direction"":""SHORT"",""grammar_version"":""v1.7"",""logic"":""AND"",""market"":""DOGE"",""predicates"":[{""feature"":""structure.break_high.3"",""operator"":"">"",""value"":0.0},{""feature"":""volatility.compression.50.2.1.5"",""operator"":""=="",""value"":1.0}],""stop_atr"":2.0,""target_atr"":2.0,""time_exit"":48,""timeframe"":""M15""}",SHORT,1.2991202875676346,0.0884222911827223,2.438151790328549,2.438151790328547,128,2.601705389442612,GENETIC,0.0836126701819811,0.5,6,-0.2141719019593975,"[0.6719101447344046, 1.4378304124062844, 0.6400835549221536, 1.2710921640372832, 2.021614997418394, 1.8661965516704393]","[12, 55, 15, 20, 13, 13]",0.2830696946921318,True,1.3323549974781896,0.1420778245146118,0.0179981492046843,13,-0.0370626980718547,1.19417617526737,0.0884222911827223,0.1130972444831897,0.0008835722225249,128,-0.370955435582944,0.8054436925143127,False,0.0013844730157449,0.9759812021067596,False,True,PASS,691b3171841c4875f78253e9c42f10233a4be834cb4df20e7253973d91442b3b,2.31102640323038,0.3975116793314597,0.0039805731274054,0.027864011891838,-0.0271593074457437,False,ADMITTED
DOGE,M15,VAL,SQX-DOGE-M15-003478dba724,003478dba7247f2b48c3864b3908554e3f9d4968335b8bb25133f045d745c3f3,"{""atr_period"":14,""direction"":""SHORT"",""grammar_version"":""v1.7"",""logic"":""AND"",""market"":""DOGE"",""predicates"":[{""feature"":""rsi_14"",""operator"":""<"",""value"":40.0},{""feature"":""structure.break_high.3"",""operator"":"">"",""value"":0.0}],""stop_atr"":2.0,""target_atr"":2.0,""time_exit"":72,""timeframe"":""M15""}",SHORT,1.109444595648482,0.0992328679534105,1.4178790697674488,1.4178790697674502,76,5.0989407530454,GENETIC,0.0186128989850982,0.5,6,-0.1133347858724445,"[0.7004058900943063, 4.20886799923743, 0.5514932336357351, 3.187769892415435, 1.1381433588937397, 0.5883167109027152]","[11, 8, 11, 9, 17, 20]",0.1912792025169871,True,1.0505682560448455,0.0262097149537693,0.0045957165264061,21,-0.0477802570504414,1.2107005043171404,0.0992328679534105,0.0743571934512961,0.0009783841243591,76,-0.0664241164181714,0.9650759748500078,False,0.0002188436441145,0.963060248659892,False,True,PASS,003478dba7247f2b48c3864b3908554e3f9d4968335b8bb25133f045d745c3f3,1.968586275443163,0.3313415598227157,0.0033681971500304,0.0639957458505782,-0.0483962891679134,False,ADMITTED
DOGE,M15,VAL,SQX-DOGE-M15-11ddb6779ea7,11ddb6779ea7c4501fa6edf7eda8afa4513be7a0f317395ebe6d017e087e14f2,"{""atr_period"":14,""direction"":""LONG"",""grammar_version"":""v1.7"",""logic"":""AND"",""market"":""DOGE"",""predicates"":[{""feature"":""momentum.willr.28"",""operator"":"">"",""value"":-50.0},{""feature"":""rsi_14"",""operator"":""<"",""value"":25.0}],""stop_atr"":2.0,""target_atr"":2.0,""time_exit"":48,""timeframe"":""M15""}",LONG,5.541490269945579,0.1479793892546646,11.537100959763764,11.53710095976377,35,12.257686674049484,GENETIC,0.0971669228195051,0.5,4,-0.3200509040361811,"[3.9311399062867247, inf, 23.955007877988493, 7.143822983885042, 27.787647011864188, 0.638361091987407]","[6, 1, 3, 7, 7, 11]",0.1771541968104598,True,1.8396371133951883,0.2925609732734184,0.0351205802554643,12,-0.0312315195370584,1.3251614884204048,0.1479793892546646,0.051196463058819,0.0014627560873948,35,-0.1128188282386851,0.96168150955641,False,0.0029267150212887,0.9791209637488216,False,True,PASS,11ddb6779ea7c4501fa6edf7eda8afa4513be7a0f317395ebe6d017e087e14f2,0.4486504485035356,-0.3844521565570438,-0.0038511285413774,-0.0231067712482648,-0.0379733198258016,False,ADMITTED
DOGE,M15,VAL,SQX-DOGE-M15-7112ae66f281,7112ae66f281e01c4926b6031e047cf722dca5bc61b5234ace42498e99419c4b,"{""atr_period"":14,""direction"":""LONG"",""grammar_version"":""v1.7"",""logic"":""AND"",""market"":""DOGE"",""predicates"":[{""feature"":""rsi_14"",""operator"":""<"",""value"":25.0},{""feature"":""trend.ema_slope.50.3"",""operator"":"">"",""value"":0.0}],""stop_atr"":2.0,""target_atr"":1.5,""time_exit"":48,""timeframe"":""M15""}",LONG,2.5074151823142885,0.0448690643838771,22.92244898486529,22.922448984865188,122,24.75959593946102,GENETIC,0.0045576174257874,0.5,6,-0.3335630022981655,"[0.5059534036631068, 0.4820434968589356, 2.797509494730762, 5.199796092711107, 1.416109235350734, 0.6846880061806774]","[9, 11, 15, 27, 33, 27]",0.168166866851246,True,1.3860108794026629,0.1334711005038587,0.0492741225588868,37,-0.046864032397729,1.1028214010081796,0.0448690643838771,0.0516647527924145,0.0004234815802656,122,-0.1182259884781479,0.9322619937242412,False,0.001331733042132,0.9864250410926244,False,True,PASS,7112ae66f281e01c4926b6031e047cf722dca5bc61b5234ace42498e99419c4b,0.9707129607572224,-0.0089385169150387,-0.0001256827574138,-0.0049016275391392,-0.0664810196721881,False,ADMITTED
DOGE,M15,VAL,SQX-DOGE-M15-3679d152276b,3679d152276b1927052cee1bcc67a70ce395947611ef288d1afaf561e2da6e73,"{""atr_period"":14,""direction"":""SHORT"",""grammar_version"":""v1.7"",""logic"":""AND"",""market"":""DOGE"",""predicates"":[{""feature"":""momentum.willr.14"",""operator"":"">"",""value"":-50.0},{""feature"":""momentum.willr.28"",""operator"":""<"",""value"":-80.0}],""stop_atr"":2.0,""target_atr"":4.0,""time_exit"":72,""timeframe"":""M15""}",SHORT,1.2973928991812205,0.0122505391026276,5.1520780361757215,5.152078036175738,126,6.558328903654486,GENETIC,0.0160611550609515,0.5,6,-0.4900296277008092,"[0.9362492949027974, 0.4830978328832762, 1.521277212985468, 1.6874300059015717, 0.7417046800124588, 1.4538615584499548]","[33, 17, 14, 14, 26, 22]",0.1445537481357492,True,1.197720475630533,0.1281959164529985,0.0337895832645955,28,-0.0800038470246688,1.0039107024743876,0.0122505391026276,0.0030274481597711,2.4027366347390065e-05,126,-0.1971954649485036,0.8395527225898598,False,0.0012067708308784,0.9582025414861736,False,True,PASS,3679d152276b1927052cee1bcc67a70ce395947611ef288d1afaf561e2da6e73,1.1632141209308575,0.1110018610438466,0.001025313795751,0.0287087862810304,-0.0942439116392727,False,ADMITTED
DOGE,M15,VAL,SQX-DOGE-M15-53ef44f4a93f,53ef44f4a93f9c8e3632352aafcc61b388328c76f4a4f7fc06fc79bcf3d3d63b,"{""atr_period"":14,""direction"":""SHORT"",""grammar_version"":""v1.7"",""logic"":""AND"",""market"":""DOGE"",""predicates"":[{""feature"":""rsi_14"",""operator"":""<"",""value"":40.0},{""feature"":""structure.break_high.3"",""operator"":"">"",""value"":0.0}],""stop_atr"":1.5,""target_atr"":4.0,""time_exit"":24,""timeframe"":""M15""}",SHORT,1.9538685308631945,0.2198284541855517,7.528824067921715,7.528824067921729,76,8.581846659283848,GENETIC,0.0267931075505979,0.5,6,-0.3808622672885144,"[0.3891352991296455, 6.4803204201868, 0.7473386957658981, 3.556675726751474, 1.9188207621286015, 1.1229438890361365]","[11, 8, 11, 9, 17, 20]",0.1325775407284693,True,1.5486537902542143,0.2424570505204382,0.0503593067539622,21,-0.0528177520405531,1.482793537450795,0.2198284541855517,0.1733615220344795,0.0022810726583484,76,-0.0986095495477506,0.909898227781014,False,0.0023980622263791,0.9900040741634502,False,True,PASS,53ef44f4a93f9c8e3632352aafcc61b388328c76f4a4f7fc06fc79bcf3d3d63b,1.047506341199122,0.0312257630858075,0.0002355717670114,0.0044758635732182,-0.058775938040771,False,ADMITTED
DOGE,M15,VAL,SQX-DOGE-M15-17f415e680ea,17f415e680eaaf310e2a0ecc627951c8f7214577b6fafec9bac3e6af519fda7f,"{""atr_period"":14,""direction"":""LONG"",""grammar_version"":""v1.7"",""logic"":""AND"",""market"":""DOGE"",""predicates"":[{""feature"":""momentum.willr.28"",""operator"":"">"",""value"":-50.0},{""feature"":""rsi_14"",""operator"":""<"",""value"":25.0}],""stop_atr"":1.5,""target_atr"":2.0,""time_exit"":96,""timeframe"":""M15""}",LONG,5.288516779638768,0.1777403222000024,10.88960649686232,10.889606496862328,35,11.531196271686987,GENETIC,0.0356809295450151,0.5,4,-0.3726671345830981,"[4.768252698525553, inf, 31.813849893495778, 5.982928276500994, 36.95761916650124, 0.5951686806115779]","[6, 1, 3, 7, 7, 11]",0.1025141458992406,True,1.6954570582618067,0.3067479643645579,0.0366132347551577,12,-0.1074186453944252,1.3199339470813574,0.1777403222000024,0.0613316918172961,0.0017523340519227,35,-0.1476488427466673,0.9587827946177844,False,0.0030511028962631,0.9140456776150376,False,True,PASS,17f415e680eaaf310e2a0ecc627951c8f7214577b6fafec9bac3e6af519fda7f,0.5871686241032886,-0.2903806531871718,-0.0029419812851288,-0.0176518877107728,-0.035545315664998,False,ADMITTED
ETH,M15,VAL,SQX-ETH-M15-4158a114ec23,4158a114ec2305d412b35d172229e833312191a807f5fcce3ca942d0aee6f44b,"{""atr_period"":14,""direction"":""SHORT"",""grammar_version"":""v1.7"",""logic"":""AND"",""market"":""ETH"",""predicates"":[{""feature"":""momentum.roc.8"",""operator"":"">"",""value"":0.0},{""feature"":""volatility.bb_lower.50.2"",""operator"":""<"",""value"":0.0}],""stop_atr"":2.0,""target_atr"":2.0,""time_exit"":72,""timeframe"":""M15""}",SHORT,2.133235679973494,0.3033553773080686,0.9949091083413224,0.9949091083413248,54,1.081234515819752,GENETIC,0.3044736613374445,1.0,5,0.0387321929906356,"[2.8560491920664033, 2.708156060468911, 3.0905114045376516, 0.5521130742986161, 2.5202750344484257, 4.089700226406278]","[7, 10, 12, 12, 4, 9]",0.6084736613374446,True,1.4230591573948208,0.1543253338120774,0.0398659773128682,26,-0.0436663961491076,1.8715578324389688,0.3033553773080686,0.1749233673278718,0.0032393216171828,54,-0.0571530124624714,0.9996221759559628,False,0.0015333068197256,0.9979218001496396,False,True,PASS,4158a114ec2305d412b35d172229e833312191a807f5fcce3ca942d0aee6f44b,0.3257645811323112,-0.5305020408728977,-0.0051647557320519,-0.0723065802487271,-0.0819753276938064,False,ADMITTED
ETH,M15,VAL,SQX-ETH-M15-4ce41eb39508,4ce41eb395088de09cc753668b99d7af5c1093ae7a50a455abe2956a820fe506,"{""atr_period"":14,""direction"":""SHORT"",""grammar_version"":""v1.7"",""logic"":""AND"",""market"":""ETH"",""predicates"":[{""feature"":""momentum.roc.8"",""operator"":"">"",""value"":0.0},{""feature"":""volatility.bb_lower.50.2"",""operator"":""<"",""value"":0.0}],""stop_atr"":1.0,""target_atr"":2.0,""time_exit"":24,""timeframe"":""M15""}",SHORT,2.1484050783461424,0.3001953995557931,0.7520951102588673,0.7520951102588695,54,0.9146967401725794,GENETIC,0.2552655267523148,1.0,5,0.0157839229786002,"[0.9005553490420347, 2.117219917012444, 1.250820992857133, 1.2807920036956477, 5.009590898265013, 3.3957386338509394]","[7, 10, 12, 12, 4, 9]",0.5592655267523149,True,1.2049654732642292,0.1355990985583306,0.0332562294901532,26,-0.0681264449246509,1.493917226383915,0.3001953995557931,0.1687140775026308,0.0031243347685672,54,-0.0761475115612551,1.0,False,0.0012790857496212,0.995843600299279,False,True,PASS,4ce41eb395088de09cc753668b99d7af5c1093ae7a50a455abe2956a820fe506,0.2502838204987282,-0.775289796031504,-0.0074260953063955,-0.1039653342895375,-0.2335635627979294,False,ADMITTED
ETH,M15,VAL,SQX-ETH-M15-89b1fba69bde,89b1fba69bde453f76993ccb00253ab49abced8c72734d6d8db7ebd11d9f7a88,"{""atr_period"":14,""direction"":""SHORT"",""grammar_version"":""v1.7"",""logic"":""AND"",""market"":""ETH"",""predicates"":[{""feature"":""momentum.roc.8"",""operator"":"">"",""value"":0.0},{""feature"":""structure.break_low.3"",""operator"":""<"",""value"":0.0}],""stop_atr"":2.5,""target_atr"":3.0,""time_exit"":24,""timeframe"":""M15""}",SHORT,1.1960629972501622,0.0839190529446001,1.2868594918504304,1.2868594918504392,239,1.9272074304889832,GENETIC,0.120413568983017,0.8333333333333334,6,-0.2851962685720741,"[1.665072600876518, 1.5225512080579946, 0.552997271516929, 1.7855840670273617, 1.044991464904232, 1.2301464706539982]","[79, 39, 27, 25, 46, 23]",0.4964478351733318,True,1.171598362537163,0.0676568590473545,0.0179712395168678,28,-0.0836700252777954,1.2198259315076014,0.0839190529446001,0.2104493531694846,0.0008805412266505,239,-0.1534573131724214,0.9959748100858788,False,0.0006418299827452,0.9906938426738674,False,True,PASS,89b1fba69bde453f76993ccb00253ab49abced8c72734d6d8db7ebd11d9f7a88,0.887485757031767,-0.0435117444724292,-0.0004723410653806,-0.0132255498306582,-0.0609438382568472,False,ADMITTED
ETH,M15,VAL,SQX-ETH-M15-703150a26daf,703150a26daf1fc4905df46edc50f531aa7cdfcd659d8f1e3ca7322090d0e687,"{""atr_period"":14,""direction"":""SHORT"",""grammar_version"":""v1.7"",""logic"":""AND"",""market"":""ETH"",""predicates"":[{""feature"":""momentum.roc.8"",""operator"":"">"",""value"":0.0},{""feature"":""structure.break_low.3"",""operator"":""<"",""value"":0.0}],""stop_atr"":2.5,""target_atr"":2.0,""time_exit"":96,""timeframe"":""M15""}",SHORT,1.199452296764049,0.0812714516713382,1.5274731543624205,1.5274731543624238,240,2.163330441035482,GENETIC,0.1020508541600037,0.8333333333333334,6,-0.316868455088698,"[1.4346226023831912, 2.4829090588480414, 0.6147923805630099, 0.6700532575739656, 1.1679979375104284, 1.2148057629991906]","[79, 39, 27, 25, 47, 23]",0.4711670737211625,True,1.3385150240046089,0.1235667111604972,0.0341321795161109,28,-0.0930318747172739,1.1959903104197716,0.0812714516713382,0.2043604268318128,0.0008515017784658,240,-0.1593130205913941,0.9722293392245156,False,0.0012190064112896,0.9766901827389884,False,True,PASS,703150a26daf1fc4905df46edc50f531aa7cdfcd659d8f1e3ca7322090d0e687,0.7299517502893578,-0.1322450222543219,-0.0013380478498441,-0.0374653397956347,-0.0738349563658035,False,ADMITTED
ETH,M15,VAL,SQX-ETH-M15-d61e4fb6034f,d61e4fb6034fb4931feed56c0af64ea7d0c72a3f607980dfcd7b796437196522,"{""atr_period"":14,""direction"":""SHORT"",""grammar_version"":""v1.7"",""logic"":""AND"",""market"":""ETH"",""predicates"":[{""feature"":""structure.break_high.3"",""operator"":"">"",""value"":0.0},{""feature"":""trend.ema_slope.20.1"",""operator"":""<"",""value"":0.0}],""stop_atr"":2.0,""target_atr"":4.0,""time_exit"":72,""timeframe"":""M15""}",SHORT,1.025974603802918,0.0551085119484632,0.2302148609779535,0.2302148609779624,257,1.8252461169702725,GENETIC,0.0935062481248166,0.8333333333333334,6,-0.3539372228761878,"[1.1301764989183531, 2.049289357824728, 2.236837428770378, 0.7062070461069819, 0.9785683844205366, 1.0411754170378564]","[46, 44, 36, 43, 37, 51]",0.4703552757391029,True,1.0674660256553532,0.0555635295193106,0.0308994222847054,67,-0.1609417824271401,1.07196626464124,0.0551085119484632,0.1246285303684402,0.0004849359158305,257,-0.2151177304096962,0.9552631575221552,False,0.0004611854072344,0.9638304522008604,False,True,PASS,d61e4fb6034fb4931feed56c0af64ea7d0c72a3f607980dfcd7b796437196522,1.2897672235812785,0.1800733310478756,0.0018071025799002,0.130111385752822,-0.086702051579556,False,ADMITTED
ETH,M15,VAL,SQX-ETH-M15-af6e1a6f08b6,af6e1a6f08b6743c07cd88be606c0fd9190db17b2f849e71dd3bd31ff38b99bd,"{""atr_period"":14,""direction"":""SHORT"",""grammar_version"":""v1.7"",""logic"":""AND"",""market"":""ETH"",""predicates"":[{""feature"":""structure.break_high.3"",""operator"":"">"",""value"":0.0},{""feature"":""trend.close_ema.20"",""operator"":""<"",""value"":0.0}],""stop_atr"":2.0,""target_atr"":4.0,""time_exit"":72,""timeframe"":""M15""}",SHORT,1.025974603802918,0.0551085119484632,0.2302148609779535,0.2302148609779624,257,1.8252461169702725,GENETIC,0.0935062481248166,0.8333333333333334,6,-0.3539372228761878,"[1.1301764989183531, 2.049289357824728, 2.236837428770378, 0.7062070461069819, 0.9785683844205366, 1.0411754170378564]","[46, 44, 36, 43, 37, 51]",0.4703552757391029,True,1.0674660256553532,0.0555635295193106,0.0308994222847054,67,-0.1609417824271401,1.07196626464124,0.0551085119484632,0.1246285303684402,0.0004849359158305,257,-0.2151177304096962,0.9552631575221552,False,0.0004611854072344,0.9638304522008604,False,True,PASS,af6e1a6f08b6743c07cd88be606c0fd9190db17b2f849e71dd3bd31ff38b99bd,1.2897672235812785,0.1800733310478756,0.0018071025799002,0.130111385752822,-0.086702051579556,False,ADMITTED
ETH,M15,VAL,SQX-ETH-M15-61bd7b8dfef0,61bd7b8dfef0a9ede266ac2edbef8c78aa713964c32758826d1e820c2810969d,"{""atr_period"":14,""direction"":""SHORT"",""grammar_version"":""v1.7"",""logic"":""AND"",""market"":""ETH"",""predicates"":[{""feature"":""trend.close_ema.20"",""operator"":""<"",""value"":0.0},{""feature"":""volatility.compression.50.2.1.5"",""operator"":""=="",""value"":1.0}],""stop_atr"":2.0,""target_atr"":4.0,""time_exit"":72,""timeframe"":""M15""}",SHORT,1.2426405045688538,0.1339285879687046,0.7159099712368118,0.7159099712368202,207,0.6725709491850469,GENETIC,0.126461593487282,0.6666666666666666,6,-0.2089427144924954,"[1.4453650466807335, 1.3862883130289614, 2.2168586832991304, 1.2845897203416636, 0.8520676997897321, 1.502282324465544]","[51, 55, 32, 27, 15, 27]",0.4478925815308249,True,1.0956444867930084,0.074371228884921,0.0174199197856927,27,-0.0544099213828467,1.1914903048767995,0.1339285879687046,0.2909551723043377,0.001405580542533,207,-0.3015554428986139,0.9242134835922846,False,0.0006451822142849,0.9622540090470956,False,True,PASS,61bd7b8dfef0a9ede266ac2edbef8c78aa713964c32758826d1e820c2810969d,0.9879556473134764,0.0021392283069833,-8.49161614692564e-05,-0.0019530717137928,-0.0730817156291715,False,ADMITTED
ETH,M15,VAL,SQX-ETH-M15-b0126dcd869b,b0126dcd869ba720743a2ffa3d4ffbde322cb6e6a97d19fbdd1e7314353ff556,"{""atr_period"":14,""direction"":""SHORT"",""grammar_version"":""v1.7"",""logic"":""AND"",""market"":""ETH"",""predicates"":[{""feature"":""volatility.compression.50.2.1.5"",""operator"":""=="",""value"":1.0}],""stop_atr"":2.5,""target_atr"":4.0,""time_exit"":96,""timeframe"":""M15""}",SHORT,1.062640747587327,0.0900071154392144,0.26108715244487,0.2610871524448757,228,1.0851120325982748,GENETIC,0.087340570329772,0.8333333333333334,6,-0.35691651433049,"[1.0050658521547249, 1.7703053909933286, 1.8870888383671618, 1.314979659608575, 0.5856634553789573, 1.6751353220596454]","[63, 55, 37, 28, 16, 29]",0.4344447750804828,True,1.0778347266871608,0.0550817855082013,0.0146574423708267,31,-0.1214042847928278,1.1432997232855335,0.0900071154392144,0.2050261922551617,0.0008992376853296,228,-0.1714769040884254,0.914432452231635,False,0.0004728207216395,0.9561776892284052,False,True,PASS,b0126dcd869ba720743a2ffa3d4ffbde322cb6e6a97d19fbdd1e7314353ff556,1.0067040554020228,0.0127488786262577,4.31954481515058e-05,0.0011662771000908,-0.0542018458465921,False,ADMITTED
ETH,M15,VAL,SQX-ETH-M15-d4337607e16c,d4337607e16c6990e4da50e0756bff8e8b0524c5af9a0dbb985ca2fd4c6d87e3,"{""atr_period"":14,""direction"":""SHORT"",""grammar_version"":""v1.7"",""logic"":""AND"",""market"":""ETH"",""predicates"":[{""feature"":""momentum.roc.8"",""operator"":"">"",""value"":0.0},{""feature"":""volatility.bb_lower.50.2"",""operator"":""<"",""value"":0.0}],""stop_atr"":2.5,""target_atr"":2.0,""time_exit"":96,""timeframe"":""M15""}",SHORT,1.5807514343853082,0.2036004180837151,0.6881377756471707,0.6881377756471732,54,0.8001354266538836,GENETIC,0.1902478396799453,0.8,5,-0.0672931773582321,"[2.2877767837724234, 2.1341898491113116, 2.847085172164743, 0.36282149535686536, 2.0187151513361705, 3.28213773797379]","[7, 10, 12, 12, 4, 9]",0.4274245453403873,True,1.5207045715653793,0.1608836661146078,0.0418600276664915,26,-0.0385745735964603,1.6223034045412073,0.2036004180837151,0.1140291284488348,0.0021116505268302,54,-0.0555101875171377,0.9997439873039372,False,0.0016100010640958,0.9983374401197116,False,True,PASS,d4337607e16c6990e4da50e0756bff8e8b0524c5af9a0dbb985ca2fd4c6d87e3,0.367284793593849,-0.4386873469840338,-0.004300104217556,-0.0602014590457852,-0.0846820201555584,False,ADMITTED
ETH,M15,VAL,SQX-ETH-M15-ce706770f2ca,ce706770f2ca615a9791d32054b619c64f38ac02a8cf7b91cc594f79bd51ac7a,"{""atr_period"":14,""direction"":""SHORT"",""grammar_version"":""v1.7"",""logic"":""AND"",""market"":""ETH"",""predicates"":[{""feature"":""structure.break_high.3"",""operator"":"">"",""value"":0.0},{""feature"":""trend.close_ema.20"",""operator"":""<"",""value"":0.0}],""stop_atr"":2.0,""target_atr"":4.0,""time_exit"":96,""timeframe"":""M15""}",SHORT,0.9281764105585352,0.0143816358651558,-0.7105725790987473,-0.7105725790987418,256,2.0615836049856133,GENETIC,0.0469748851902053,0.8333333333333334,6,-0.3595103381680199,"[0.9739827280838286, 1.7896013531890949, 1.5166920230614636, 0.7028726678067069, 0.887576736199135, 0.9446153276661213]","[45, 44, 36, 43, 37, 51]",0.4214306339815337,True,1.0681117724227005,0.0560948297188274,0.0312479122678523,67,-0.1618613040945827,1.0068765354051517,0.0143816358651558,0.0118845200186743,4.64239063229515e-05,256,-0.2183269549590804,0.9124366102862118,False,0.0004663867502664,0.9651869071498425,False,True,PASS,ce706770f2ca615a9791d32054b619c64f38ac02a8cf7b91cc594f79bd51ac7a,1.2681485352250017,0.1768946314140247,0.0017647162876078,0.127059572707763,-0.0781316819813156,False,ADMITTED
ETH,M15,VAL,SQX-ETH-M15-3dbb784e18c7,3dbb784e18c75bb7f4843977098a9332475a47d92d5c4c5023f0d5796c965e49,"{""atr_period"":14,""direction"":""SHORT"",""grammar_version"":""v1.7"",""logic"":""AND"",""market"":""ETH"",""predicates"":[{""feature"":""volatility.compression.50.2.1.5"",""operator"":""=="",""value"":1.0}],""stop_atr"":2.5,""target_atr"":4.0,""time_exit"":72,""timeframe"":""M15""}",SHORT,1.0070445903781762,0.0654540447976687,0.029322051773727,0.0293220517737322,233,1.0851120325982748,GENETIC,0.0654875053748723,0.8333333333333334,6,-0.35691651433049,"[0.9939157333514776, 1.666955988796899, 1.8870888383671618, 1.2823448228469283, 0.5856634553789573, 1.4620090056641675]","[63, 60, 37, 28, 16, 29]",0.4175917101255832,True,1.140125558869203,0.0882048176474531,0.0252053693337745,31,-0.1214042847928277,1.101510569478073,0.0654540447976687,0.1437348222975651,0.0006168876493457,233,-0.2279190390567159,0.7803531751351515,False,0.0008130764301217,0.9112677352439872,False,True,PASS,3dbb784e18c75bb7f4843977098a9332475a47d92d5c4c5023f0d5796c965e49,1.0067040554020228,0.0127488786262577,4.31954481515058e-05,0.0011662771000908,-0.0542018458465921,False,ADMITTED
ETH,M15,VAL,SQX-ETH-M15-ae49827dd00c,ae49827dd00c528bce46b4f868f5998357fd89cd342c96fb4cfa42f194cd947e,"{""atr_period"":14,""direction"":""SHORT"",""grammar_version"":""v1.7"",""logic"":""AND"",""market"":""ETH"",""predicates"":[{""feature"":""trend.close_ema.20"",""operator"":""<"",""value"":0.0},{""feature"":""volatility.compression.50.2.1.5"",""operator"":""=="",""value"":1.0}],""stop_atr"":2.0,""target_atr"":4.0,""time_exit"":48,""timeframe"":""M15""}",SHORT,1.2181870627461149,0.1317758546720666,0.6092612655800513,0.6092612655800598,215,0.6197645254074791,GENETIC,0.0881539230578879,0.6666666666666666,6,-0.2089427144924954,"[1.3675432414310662, 1.2123789135897334, 2.299762646557926, 1.3114183677259699, 0.8520676997897321, 1.561758340723971]","[55, 58, 32, 27, 15, 28]",0.4175849111014307,True,1.1243025380749936,0.0823525459222791,0.0200348892706014,27,-0.0518202846600607,1.2058380316131123,0.1317758546720666,0.2996458622690574,0.0013937016849723,215,-0.3109236756135162,0.9047127769727548,False,0.0007420329359482,0.9762554203659242,False,True,PASS,ae49827dd00c528bce46b4f868f5998357fd89cd342c96fb4cfa42f194cd947e,0.8710856198058023,-0.0822821973438271,-0.000912501613479,-0.0209875371100185,-0.0730817156291715,False,ADMITTED
ETH,M15,VAL,SQX-ETH-M15-dd2b6b1854ab,dd2b6b1854ab638caa8b8506f6c21adcec06faa5698959d5d10956e963c28c93,"{""atr_period"":14,""direction"":""SHORT"",""grammar_version"":""v1.7"",""logic"":""AND"",""market"":""ETH"",""predicates"":[{""feature"":""trend.ema_slope.100.1"",""operator"":"">"",""value"":0.0},{""feature"":""volatility.compression.50.2.1.5"",""operator"":""=="",""value"":1.0}],""stop_atr"":2.5,""target_atr"":4.0,""time_exit"":96,""timeframe"":""M15""}",SHORT,0.84001895411799,0.0275823395207907,-0.5226920901246416,-0.5226920901246425,168,1.073860690316396,GENETIC,0.1764900152139941,0.6666666666666666,6,-0.5742225077601487,"[0.5626502008633338, 1.8399786682745023, 1.3778821072948735, 1.4921423622911703, 0.3871957622621981, 1.6901475072771028]","[50, 38, 23, 21, 12, 24]",0.3676010549406237,True,1.0989238939215766,0.0679309395545643,0.0144201543936037,24,-0.1060670989048124,1.0341219571459723,0.0275823395207907,0.0335313091680069,0.000199591126,168,-0.1523625375601026,0.8567192025695687,False,0.0006008397664001,0.9562205668998208,False,True,PASS,dd2b6b1854ab638caa8b8506f6c21adcec06faa5698959d5d10956e963c28c93,0.7382882323795629,-0.1825866121245506,-0.0018721877920474,-0.0355715680489012,-0.0560358096449976,False,ADMITTED
ETH,M15,VAL,SQX-ETH-M15-a8332571f440,a8332571f440a1bb97273fb019b964c6a879ab72a884e285a721ab1e651361f9,"{""atr_period"":14,""direction"":""SHORT"",""grammar_version"":""v1.7"",""logic"":""AND"",""market"":""ETH"",""predicates"":[{""feature"":""momentum.roc.8"",""operator"":"">"",""value"":0.0},{""feature"":""volatility.bb_lower.50.2"",""operator"":""<"",""value"":0.0}],""stop_atr"":2.5,""target_atr"":4.0,""time_exit"":96,""timeframe"":""M15""}",SHORT,1.5569801291502436,0.1746177717774012,0.8727518696069024,0.8727518696069039,54,0.9802086289549377,GENETIC,0.2063135691914404,0.6,5,-0.1872931773582316,"[1.673759229658626, 1.2635361872053463, 3.5255304328985417, 0.2256141169258023, 1.5632782896156738, 5.261482200497091]","[7, 10, 12, 12, 4, 9]",0.3634902748518825,True,1.0405547133533004,0.0306479700869557,0.0060555633284244,26,-0.0955358341483584,1.3174857234010553,0.1746177717774012,0.0941383012349126,0.0017433018747206,54,-0.0789175622065351,0.998051288494247,False,0.0002329062818624,0.9694141907914664,False,True,PASS,a8332571f440a1bb97273fb019b964c6a879ab72a884e285a721ab1e651361f9,0.307596682568373,-0.5363238077913142,-0.0052225103638203,-0.0731151450934854,-0.1038308109719229,False,ADMITTED
ETH,M15,VAL,SQX-ETH-M15-9d884cbe9397,9d884cbe93974e91677b1a3993e623825ac2a581cece49475c585d4f7c460557,"{""atr_period"":14,""direction"":""SHORT"",""grammar_version"":""v1.7"",""logic"":""AND"",""market"":""ETH"",""predicates"":[{""feature"":""trend.ema_pair.100.200"",""operator"":"">"",""value"":0.0},{""feature"":""volatility.compression.50.2.1.5"",""operator"":""=="",""value"":1.0}],""stop_atr"":2.5,""target_atr"":4.0,""time_exit"":72,""timeframe"":""M15""}",SHORT,0.8564115215168566,0.1151778021535034,-0.3928117929050805,-0.3928117929050781,121,1.2325858101629912,GENETIC,0.2279580594551037,0.6666666666666666,6,-0.7904729706296552,"[1.0232041509756644, 1.5270627650753708, 2.0371091278748286, 2.343224601570421, 0.2739415915975391, 1.9214387400996096]","[42, 23, 14, 16, 12, 14]",0.3180064834643565,True,1.9381714922554096,0.4096969602417157,0.0663273053681245,16,-0.0761121212414173,1.1928924046253389,0.1151778021535034,0.1384940901956632,0.0011445792578154,121,-0.1215868906077689,0.9289556050290522,False,0.0041454565855077,0.932084471840297,False,True,PASS,9d884cbe93974e91677b1a3993e623825ac2a581cece49475c585d4f7c460557,1.7067749749061158,0.3550785676923461,0.0035481355246775,0.0496738973454864,-0.0296240399504778,False,ADMITTED
ETH,M15,VAL,SQX-ETH-M15-69102ff53048,69102ff5304823798b816db56ff68bc58008e43df7acbb4153e6b91cbea72e26,"{""atr_period"":14,""direction"":""SHORT"",""grammar_version"":""v1.7"",""logic"":""AND"",""market"":""ETH"",""predicates"":[{""feature"":""momentum.roc.8"",""operator"":"">"",""value"":0.0},{""feature"":""volatility.bb_lower.50.2"",""operator"":""<"",""value"":0.0}],""stop_atr"":1.5,""target_atr"":4.0,""time_exit"":96,""timeframe"":""M15""}",SHORT,1.788254392226577,0.3236182009544791,0.9423803451581976,0.9423803451581984,54,1.1483293384467883,GENETIC,0.0878447044029464,0.8,5,-0.1673323967834853,"[1.3086262420516923, 2.0195027099189637, 3.0459616505840277, 0.2252711117113984, 2.5958970251794504, 4.453375809106706]","[7, 10, 12, 12, 4, 9]",0.3000116052070751,True,1.0481220951345245,0.0501907255756344,0.0095171887639613,26,-0.1174807937652055,1.469899130456359,0.3236182009544791,0.1809786922751355,0.0033514572643543,54,-0.1075603875860241,0.9967521474904116,False,0.0003660457216907,0.9890827255223424,False,True,PASS,69102ff5304823798b816db56ff68bc58008e43df7acbb4153e6b91cbea72e26,0.3542886045134201,-0.6120979592591045,-0.0059588401788333,-0.0834237625036664,-0.1106093904063015,False,ADMITTED
ETH,M15,VAL,SQX-ETH-M15-318b79cfe3ad,318b79cfe3ad9f90887e672098598a122ddbe4102a4eb91296f9e87bb42b7135,"{""atr_period"":14,""direction"":""SHORT"",""grammar_version"":""v1.7"",""logic"":""AND"",""market"":""ETH"",""predicates"":[{""feature"":""momentum.roc.8"",""operator"":"">"",""value"":0.0},{""feature"":""volatility.compression.50.2.1.5"",""operator"":""=="",""value"":1.0}],""stop_atr"":1.5,""target_atr"":4.0,""time_exit"":96,""timeframe"":""M15""}",SHORT,0.8005503998184003,0.0172956729257041,-0.6179922818791934,-0.6179922818791883,231,1.1210264141898358,GENETIC,0.0768331527120401,0.5,6,-0.8105126080234447,"[1.0010420159683402, 1.4400848738661134, 1.5654596100278562, 1.849457944766632, 0.31512621160782783, 1.0332906223255696]","[73, 52, 35, 26, 18, 27]",0.2302050007061789,True,1.003981820290412,0.0174814451747134,0.0008246520289389,27,-0.1086930489342248,1.0041457806669445,0.0172956729257041,0.0071838195832945,3.109878607486788e-05,231,-0.3348502421029122,0.7073381796705451,False,3.054266773847978e-05,0.9020711356955616,False,True,PASS,318b79cfe3ad9f90887e672098598a122ddbe4102a4eb91296f9e87bb42b7135,0.8982166287252651,-0.0713269224204464,-0.0008550621613356,-0.018811367549384,-0.1243654141893537,False,ADMITTED
ETH,M15,VAL,SQX-ETH-M15-7c0f8cba624c,7c0f8cba624cc8cb372f574416031b2cdaf97da77d1d34f8673de16abf3e8839,"{""atr_period"":14,""direction"":""SHORT"",""grammar_version"":""v1.7"",""logic"":""AND"",""market"":""ETH"",""predicates"":[{""feature"":""trend.ema_slope.20.3"",""operator"":""<"",""value"":0.0},{""feature"":""volatility.bb_upper.20.2"",""operator"":"">"",""value"":0.0}],""stop_atr"":2.0,""target_atr"":2.0,""time_exit"":48,""timeframe"":""M15""}",SHORT,1.6498249094030104,0.0940664419925624,0.6941460210929981,0.6941460210929986,61,0.7730636625119818,GENETIC,0.1209744256817884,0.5,6,-0.4851243020059088,"[0.3593989183921006, 0.3670553867543548, 1.347146944450043, 2.626946939076394, 2.5548086328648316, 1.7020029049090282]","[9, 10, 9, 11, 10, 12]",0.1856933501803112,True,1.2946510433993286,0.1244047391515545,0.0169188603410621,14,-0.04889526075613,1.2206613064034073,0.0940664419925624,0.0560848836351188,0.0009194243218871,61,-0.1560682052736426,0.8942825207004977,False,0.0012084900243615,0.9788759281255816,False,True,PASS,7c0f8cba624cc8cb372f574416031b2cdaf97da77d1d34f8673de16abf3e8839,2.255661436939832,0.3813460567487429,0.0038515043327062,0.046218051992475,-0.0398966916998394,False,ADMITTED
LINK,M15,VAL,SQX-LINK-M15-9f49fd9cf001,9f49fd9cf001f5440bfe9115c7e678fa27182c94aefaa813f6bdeb0371fe1c3a,"{""atr_period"":14,""direction"":""SHORT"",""grammar_version"":""v1.7"",""logic"":""AND"",""market"":""LINK"",""predicates"":[{""feature"":""structure.break_high.3"",""operator"":"">"",""value"":0.0},{""feature"":""volatility.bb_middle.50.2"",""operator"":""<"",""value"":0.0}],""stop_atr"":1.0,""target_atr"":4.0,""time_exit"":48,""timeframe"":""M15""}",SHORT,1.4273704113642212,0.2216903358018668,69.0373464547811,69.03734645478093,1086,69.7907108756826,GENETIC,0.1903796829519505,1.0,6,0.0209288602186103,"[1.355441626930484, 1.0431308902368157, 1.4115684037710452, 1.6894296114269383, 0.7811228189945953, 1.6433001015363427]","[176, 186, 192, 179, 166, 187]",0.9403796829519506,True,1.1909665328570669,0.1774915260455324,0.5489364703168427,283,-0.7205246332153185,1.3353198970361002,0.2216903358018668,7.773327405235737,0.0071577600416535,1086,-0.6252500473814394,0.7897114977591445,False,0.0019397048421089,0.5380192316288256,False,True,PASS,9f49fd9cf001f5440bfe9115c7e678fa27182c94aefaa813f6bdeb0371fe1c3a,1.0931807014128485,0.0988033319184343,0.0008421002584651,0.1717884527268887,-0.2991541725699139,False,ADMITTED
LINK,M15,VAL,SQX-LINK-M15-d63d1ccba360,d63d1ccba3604cd6a1fa332e6896ddb500015cde9a1dd844d49db474704b176f,"{""atr_period"":14,""direction"":""SHORT"",""grammar_version"":""v1.7"",""logic"":""AND"",""market"":""LINK"",""predicates"":[{""feature"":""rsi_14"",""operator"":""<"",""value"":25.0},{""feature"":""structure.fractal_low.3"",""operator"":""=="",""value"":1.0}],""stop_atr"":1.0,""target_atr"":4.0,""time_exit"":72,""timeframe"":""M15""}",SHORT,1.6711793638749042,0.1949994280935792,50.361055410252206,50.36105541025197,504,52.10757297908724,GENETIC,0.2077709279914279,0.8333333333333334,6,-0.088792910716666,"[1.3429995183036554, 1.1151471244627391, 1.9483296970490243, 1.852342443755798, 1.604020166625575, 0.8441358456356717]","[81, 71, 65, 88, 110, 89]",0.8939060336455947,True,1.0123456275215104,0.0304253139111154,0.0113059264102692,115,-0.2353439586698859,1.2404761744388948,0.1949994280935792,1.3913250526965664,0.0027605655807471,504,-0.3114926441820963,0.7818004369080773,False,9.831240356756294e-05,0.7943509798621105,False,True,PASS,d63d1ccba3604cd6a1fa332e6896ddb500015cde9a1dd844d49db474704b176f,0.7640815861483871,-0.1909544029799021,-0.0018973075509857,-0.1783469097926642,-0.312916238931048,False,ADMITTED
LINK,M15,VAL,SQX-LINK-M15-fb61f135f049,fb61f135f0490aefec8cc9c05a61a9c831833127b2a714939e6e87397585f011,"{""atr_period"":14,""direction"":""SHORT"",""grammar_version"":""v1.7"",""logic"":""AND"",""market"":""LINK"",""predicates"":[{""feature"":""structure.break_high.3"",""operator"":"">"",""value"":0.0},{""feature"":""volatility.bb_middle.50.2"",""operator"":""<"",""value"":0.0}],""stop_atr"":2.0,""target_atr"":2.0,""time_exit"":96,""timeframe"":""M15""}",SHORT,1.451546691577119,0.1184581174629632,78.84800999834465,78.84800999834465,964,79.03467137891077,GENETIC,0.1328772741969678,1.0,6,0.0060627541419918,"[1.114413315527754, 1.5602062755052741, 1.5773734790859795, 1.5754072723469608, 0.9831446138673435, 1.2897883069405016]","[158, 171, 170, 163, 134, 168]",0.8828772741969678,True,1.0114457485143964,0.010622457185061,0.0142559844459611,250,-0.1549226161827967,1.2778738855138787,0.1184581174629632,1.9860063632740528,0.0020601725760104,964,-0.5076953483890102,0.8968030326482709,False,5.702393778384546e-05,0.9412720968882904,False,True,PASS,fb61f135f0490aefec8cc9c05a61a9c831833127b2a714939e6e87397585f011,1.083383811895933,0.0435568502144198,0.0003994173676524,0.0679009525009162,-0.1823652768528177,False,ADMITTED
LINK,M15,VAL,SQX-LINK-M15-7cd2f7744687,7cd2f7744687f1b1773bc372f6af80aa0af4c339ae3f229a98d6b85897b1c6e8,"{""atr_period"":14,""direction"":""LONG"",""grammar_version"":""v1.7"",""logic"":""AND"",""market"":""LINK"",""predicates"":[{""feature"":""rsi_14"",""operator"":""<"",""value"":25.0},{""feature"":""trend.ema_pair.10.100"",""operator"":"">"",""value"":0.0}],""stop_atr"":2.0,""target_atr"":2.0,""time_exit"":48,""timeframe"":""M15""}",LONG,1.121838686330995,0.1009096599063674,12.997058836837171,12.997058836837253,561,17.48667937979367,GENETIC,0.099937526476267,1.0,6,0.0342150890789011,"[1.5575039769829309, 1.3122809536699327, 1.2470937674968559, 0.9933187488027544, 1.1706584614846263, 1.2882277830310542]","[86, 80, 86, 102, 111, 96]",0.849937526476267,True,1.0258138708461664,0.0174692289327289,0.0173738052910084,138,-0.1378272422489782,1.2213548745694445,0.1009096599063674,0.7136589454877629,0.0012721193324202,561,-0.1437987874827103,0.9376389091733012,False,0.0001258971397899,0.8848600320914775,False,True,PASS,7cd2f7744687f1b1773bc372f6af80aa0af4c339ae3f229a98d6b85897b1c6e8,0.9534759073059864,-0.0178773927989283,-0.0002228585387243,-0.0369945174282462,-0.1736578497186634,False,ADMITTED
LINK,M15,VAL,SQX-LINK-M15-9fd32b2cbd1a,9fd32b2cbd1a1af0dcbc5c06b9b8cd8bce44aed3a7b5048d8dc08354c29d82dc,"{""atr_period"":14,""direction"":""LONG"",""grammar_version"":""v1.7"",""logic"":""AND"",""market"":""LINK"",""predicates"":[{""feature"":""rsi_14"",""operator"":""<"",""value"":25.0},{""feature"":""trend.ema_pair.20.50"",""operator"":"">"",""value"":0.0}],""stop_atr"":2.0,""target_atr"":2.0,""time_exit"":96,""timeframe"":""M15""}",LONG,1.0900227097977346,0.0832007674636617,9.815026546377544,9.815026546377636,577,18.5812739612647,GENETIC,0.0943839798989152,0.8333333333333334,6,-0.0241736380295531,"[1.4056120821144826, 1.3723951550307742, 1.094824180913542, 0.9629112640886929, 1.3008779760478097, 1.345993631767915]","[94, 74, 79, 111, 122, 97]",0.7966739037248604,True,1.144630263696056,0.070797923836216,0.0971806755175617,141,-0.1270784780197206,1.1773775132151894,0.0832007674636617,0.5703429224866576,0.000988462603963,577,-0.1662648696287983,0.8983328507011603,False,0.0006892246490607,0.8959003068793872,False,True,PASS,9fd32b2cbd1a1af0dcbc5c06b9b8cd8bce44aed3a7b5048d8dc08354c29d82dc,1.0335906573159817,0.0216408480597526,0.0001694407272497,0.0271105163599609,-0.1199907492185146,False,ADMITTED
LINK,M15,VAL,SQX-LINK-M15-5e5c839b2755,5e5c839b27551d98233b7a29e64ce7950752f56a4631532f4425ab73622f37db,"{""atr_period"":14,""direction"":""SHORT"",""grammar_version"":""v1.7"",""logic"":""AND"",""market"":""LINK"",""predicates"":[{""feature"":""rsi_14"",""operator"":""<"",""value"":25.0},{""feature"":""structure.fractal_low.3"",""operator"":""=="",""value"":1.0}],""stop_atr"":2.5,""target_atr"":4.0,""time_exit"":96,""timeframe"":""M15""}",SHORT,1.3564951682022035,0.0946569387828046,46.62940402251291,46.62940402251268,487,49.723034508635365,GENETIC,0.1026686923245478,0.8333333333333334,6,-0.0163045246948209,"[1.0100854866311573, 1.2608487090829301, 1.5431864312630426, 1.4717194402205849, 1.1375639427018087, 1.1513117530135668]","[79, 69, 63, 86, 106, 84]",0.793925894484176,True,1.1078568310782606,0.0662088070050721,0.0669877650423806,111,-0.144112468187082,1.1663322530602298,0.0946569387828046,0.5275691724081573,0.0010833042554582,487,-0.1811520771246762,0.8891966551126099,False,0.0006034933787601,0.8734273377670794,False,True,PASS,5e5c839b27551d98233b7a29e64ce7950752f56a4631532f4425ab73622f37db,0.7577533664364255,-0.1501406920877443,-0.0014609838109614,-0.13733247823038,-0.1749270781473096,False,ADMITTED
LINK,M15,VAL,SQX-LINK-M15-c71f9af88271,c71f9af882712b75ac921d62f4e11cfd9345f183d2ee7aa39fff18c7cc5f5c35,"{""atr_period"":14,""direction"":""SHORT"",""grammar_version"":""v1.7"",""logic"":""AND"",""market"":""LINK"",""predicates"":[{""feature"":""momentum.roc.8"",""operator"":"">"",""value"":0.0},{""feature"":""rsi_14"",""operator"":""<"",""value"":25.0}],""stop_atr"":1.5,""target_atr"":4.0,""time_exit"":96,""timeframe"":""M15""}",SHORT,1.2841898993376732,0.3603181548442105,5.592510191469397,5.592510191469419,104,8.661719362136521,GENETIC,0.4293871859680084,1.0,6,0.080021025125705,"[1.4017683416498259, 0.9168538113201935, 2.1038756770737654, 0.9339949567479229, 1.4558112669645054, 0.7920124680860369]","[16, 9, 16, 14, 27, 22]",0.7833871859680084,True,1.46559476512387,0.3096984452804684,0.0730939357649667,24,-0.072460277323922,1.519199726533547,0.3603181548442105,0.4310179089375106,0.0041444029705529,104,-0.0809630530899741,0.9751732951408963,False,0.0030455806568736,0.9446219938099758,False,True,PASS,c71f9af882712b75ac921d62f4e11cfd9345f183d2ee7aa39fff18c7cc5f5c35,1.2036929705721555,0.1576919559341419,0.0014457994910701,0.0260243908392621,-0.2746334971925041,False,ADMITTED
LINK,M15,VAL,SQX-LINK-M15-282b4b00a159,282b4b00a1590a1734f9f25917c4697fc5bc70abba99d7d915311b888efdb22e,"{""atr_period"":14,""direction"":""SHORT"",""grammar_version"":""v1.7"",""logic"":""AND"",""market"":""LINK"",""predicates"":[{""feature"":""rsi_14"",""operator"":""<"",""value"":25.0},{""feature"":""structure.fractal_low.3"",""operator"":""=="",""value"":1.0}],""stop_atr"":2.5,""target_atr"":4.0,""time_exit"":24,""timeframe"":""M15""}",SHORT,1.5206926019710991,0.088242997462123,49.3565128345197,49.356512834519485,497,54.30987110853602,GENETIC,0.0871304524549913,0.8333333333333334,6,-0.0555618043033617,"[1.3472270699833433, 1.1890515719845154, 1.505464245988729, 1.8682896413821717, 1.3909457062695967, 0.6119824059657067]","[80, 71, 65, 87, 108, 86]",0.7785733347124844,True,1.041819053855277,0.0229049019436001,0.0202475469244121,113,-0.1388859576945254,1.200654151792986,0.088242997462123,0.5112580931942372,0.0010286883162861,497,-0.1342533716314147,0.924426024402788,False,0.0001791818311894,0.9060243706694862,False,True,PASS,282b4b00a1590a1734f9f25917c4697fc5bc70abba99d7d915311b888efdb22e,1.061705509335663,0.0271060535329057,0.0002308164508104,0.0216967463761872,-0.0660776656047012,False,ADMITTED
LINK,M15,VAL,SQX-LINK-M15-3d8bd04f2b7d,3d8bd04f2b7d18876369ae8793a4e2dbc2a155d1218d545faa4448d6e7d9d72d,"{""atr_period"":14,""direction"":""SHORT"",""grammar_version"":""v1.7"",""logic"":""AND"",""market"":""LINK"",""predicates"":[{""feature"":""trend.ema_pair.10.100"",""operator"":""<"",""value"":0.0},{""feature"":""volatility.bb_middle.20.2"",""operator"":"">"",""value"":0.0}],""stop_atr"":2.0,""target_atr"":4.0,""time_exit"":96,""timeframe"":""M15""}",SHORT,1.148574335417478,0.0555201400645024,87.53534427523037,87.53534427523012,2351,88.17248726480143,GENETIC,0.0638077725243805,0.8333333333333334,6,-0.0247889365095343,"[1.0894639134058992, 1.0394246214642726, 1.1642025372303877, 1.2108206397360592, 1.0533186592831478, 1.0397307645036593]","[401, 381, 344, 371, 423, 432]",0.7659438717303303,True,1.166086207589694,0.0977776103746054,0.7285922621508267,626,-0.5090254468242712,1.0847230794622391,0.0555201400645024,1.92721325104137,0.0008197419187755,2351,-0.4010143118382807,0.7036970266213889,False,0.0011638854027968,0.8479192704271662,False,True,PASS,3d8bd04f2b7d18876369ae8793a4e2dbc2a155d1218d545faa4448d6e7d9d72d,0.961678905374286,-0.0164402852612445,-0.0002447658634063,-0.1378031810977957,-0.2792236305983418,False,ADMITTED
LINK,M15,VAL,SQX-LINK-M15-8d56d7085d23,8d56d7085d23499f3dc328129887d6552a42ddc00c5255eb39ad4694fff006e7,"{""atr_period"":14,""direction"":""LONG"",""grammar_version"":""v1.7"",""logic"":""AND"",""market"":""LINK"",""predicates"":[{""feature"":""rsi_14"",""operator"":""<"",""value"":25.0},{""feature"":""trend.ema_slope.100.6"",""operator"":"">"",""value"":0.0}],""stop_atr"":2.0,""target_atr"":4.0,""time_exit"":48,""timeframe"":""M15""}",LONG,1.3220804201788114,0.1346217118476231,32.05624459526567,32.056244595265504,456,33.045715720355176,GENETIC,0.1024520487995405,0.8333333333333334,6,-0.0297451321022364,"[1.4554560771788754, 1.0503348786413254, 1.1775694512568031, 1.2104199479530404, 1.880530402383534, 1.4803009761004111]","[74, 63, 67, 84, 91, 77]",0.7593490991073147,True,1.1495045821155263,0.0959516384926782,0.1044258432617399,115,-0.1203304019886324,1.232141549510866,0.1346217118476231,0.7689970472238052,0.0016863970333855,456,-0.5021526988681468,0.5889068384920555,False,0.0009080508109716,0.920795355906745,False,True,PASS,8d56d7085d23499f3dc328129887d6552a42ddc00c5255eb39ad4694fff006e7,0.9011673351166376,-0.0536468197880568,-0.0005979870406447,-0.0831201986496229,-0.2939513572443505,False,ADMITTED
LINK,M15,VAL,SQX-LINK-M15-de3d47924c21,de3d47924c21e2e318809fcbe3c7f405684a05f32896807a476a9c4da32924a8,"{""atr_period"":14,""direction"":""LONG"",""grammar_version"":""v1.7"",""logic"":""AND"",""market"":""LINK"",""predicates"":[{""feature"":""rsi_14"",""operator"":""<"",""value"":25.0},{""feature"":""trend.ema_pair.100.200"",""operator"":"">"",""value"":0.0}],""stop_atr"":2.0,""target_atr"":2.0,""time_exit"":48,""timeframe"":""M15""}",LONG,0.987069295779132,0.0579706447561544,-3.077994382828514,-3.077994382828481,1046,35.70448813110414,GENETIC,0.0646528271785043,0.8333333333333334,6,-0.0869554585062836,"[1.7034118692356128, 1.327212472580094, 1.2939655101489071, 0.7882069713665733, 0.9518144185614518, 1.1929915849029726]","[158, 165, 174, 194, 182, 173]",0.7512472958852667,True,1.0126079008068445,0.010894534927657,0.0150474401547455,250,-0.9060959127758508,1.0928007687381234,0.0579706447561544,0.7422793734355186,0.000709636112271,1046,-0.262616356222539,0.9843858571807071,False,6.018976061898373e-05,0.1060903657281741,False,True,PASS,de3d47924c21e2e318809fcbe3c7f405684a05f32896807a476a9c4da32924a8,0.9432513455534,-0.0220972722723923,-0.0002596145547767,-0.0737305335566044,-0.1726760261534853,False,ADMITTED
LINK,M15,VAL,SQX-LINK-M15-05e8472d0335,05e8472d0335318fd3255d72170dd88511619bc8ccca8d10b8d70b57340c930d,"{""atr_period"":14,""direction"":""SHORT"",""grammar_version"":""v1.7"",""logic"":""AND"",""market"":""LINK"",""predicates"":[{""feature"":""trend.ema_slope.200.1"",""operator"":""<"",""value"":0.0},{""feature"":""volatility.bb_middle.20.2"",""operator"":"">"",""value"":0.0}],""stop_atr"":2.0,""target_atr"":4.0,""time_exit"":72,""timeframe"":""M15""}",SHORT,1.098973724807752,0.0419363217530179,54.60766898968157,54.60766898968092,2207,54.90248296087776,GENETIC,0.0613615943845208,0.8333333333333334,6,-0.0744097994241105,"[1.0502247620341036, 1.0423621231662146, 1.0126961268622339, 1.1702467248561805, 1.0788919836297448, 1.0550540962331942]","[374, 354, 306, 351, 417, 406]",0.7510924778618265,True,1.0363752661572272,0.0317590196733386,0.1385014485691742,590,-0.5037037228267541,1.0719499264294363,0.0419363217530179,1.0480658231919562,0.0004748825660135,2207,-0.5244989943420217,0.5184200118319643,False,0.0002347482179138,0.8273593965262025,False,True,PASS,05e8472d0335318fd3255d72170dd88511619bc8ccca8d10b8d70b57340c930d,1.0022494944355398,0.0111415665400085,1.6268620008588345e-05,0.0087687861846246,-0.2715602662600013,False,ADMITTED
LINK,M15,VAL,SQX-LINK-M15-4e04e9a16382,4e04e9a16382d90c1bda7f977585aeade2fd504800ee193478bfac75b786b584,"{""atr_period"":14,""direction"":""SHORT"",""grammar_version"":""v1.7"",""logic"":""AND"",""market"":""LINK"",""predicates"":[{""feature"":""volatility.bb_middle.20.2"",""operator"":"">"",""value"":0.0},{""feature"":""volatility.bb_middle.50.2"",""operator"":""<"",""value"":0.0}],""stop_atr"":1.5,""target_atr"":4.0,""time_exit"":48,""timeframe"":""M15""}",SHORT,1.2226394006599293,0.0559309583206674,112.9138964685758,112.91389646857576,2699,115.20798733653383,GENETIC,0.053636122383543,0.8333333333333334,6,-0.0473147444386782,"[1.0478487870569044, 1.018194669976204, 1.1640826294154565, 1.415959195539285, 1.0266705909418798, 1.020899493530016]","[486, 443, 423, 410, 477, 460]",0.7501407696072068,True,1.036155131233149,0.0367663711853795,0.1763428573816425,677,-0.4770083927022645,1.083551419671478,0.0559309583206674,2.234391504674276,0.0008278590235918,2699,-0.8358229690122582,0.5125962558205337,False,0.0002604768942121,0.6956709509311432,False,True,PASS,4e04e9a16382d90c1bda7f977585aeade2fd504800ee193478bfac75b786b584,0.9406697148740394,-0.030799515696245,-0.000374957589489,-0.2448473059363577,-0.3250552932762995,False,ADMITTED
LINK,M15,VAL,SQX-LINK-M15-1bcc2c008537,1bcc2c008537e15da1be73e7c4090073da9275d4034f93ea79568dca00a2d25c,"{""atr_period"":14,""direction"":""SHORT"",""grammar_version"":""v1.7"",""logic"":""AND"",""market"":""LINK"",""predicates"":[{""feature"":""volatility.bb_middle.20.2"",""operator"":"">"",""value"":0.0},{""feature"":""volatility.bb_middle.50.2"",""operator"":""<"",""value"":0.0}],""stop_atr"":1.5,""target_atr"":4.0,""time_exit"":96,""timeframe"":""M15""}",SHORT,1.2039811074886722,0.0597248319293482,104.44972080229532,104.44972080229536,2557,106.59566607625686,GENETIC,0.0516649763917394,0.8333333333333334,6,-0.042298933123665,"[1.0773445275676468, 0.9551482694865313, 1.1626854247239273, 1.3797301283225274, 1.030421699056903, 1.0065311896343156]","[455, 421, 398, 389, 454, 440]",0.7494235764441566,True,1.0827739915573198,0.0698093821253838,0.4350825600270656,648,-0.4807530094532322,1.0829251420100527,0.0597248319293482,2.2692342896779487,0.0008874596361665,2557,-0.8358229690122582,0.5437811115008906,False,0.0006714237037454,0.7309125819126008,False,True,PASS,1bcc2c008537e15da1be73e7c4090073da9275d4034f93ea79568dca00a2d25c,0.9764278512529606,-0.0045054746349593,-0.0001724170417181,-0.1065537317818431,-0.2967645514163334,False,ADMITTED
LINK,M15,VAL,SQX-LINK-M15-a18fc1586f88,a18fc1586f889b254b55fcd7124194674bf9b1b7cab2d75bdd5cb4b7c060916b,"{""atr_period"":14,""direction"":""SHORT"",""grammar_version"":""v1.7"",""logic"":""AND"",""market"":""LINK"",""predicates"":[{""feature"":""trend.close_ema.50"",""operator"":""<"",""value"":0.0},{""feature"":""volatility.bb_middle.20.2"",""operator"":"">"",""value"":0.0}],""stop_atr"":2.0,""target_atr"":4.0,""time_exit"":24,""timeframe"":""M15""}",SHORT,1.193600181316065,0.0442906941512227,94.02369377034712,94.02369377034668,2654,94.4705030568887,GENETIC,0.0622809949443427,0.8333333333333334,6,-0.0866132026996493,"[1.0489939673264015, 0.9829200685160485, 1.2427121787557616, 1.2578565472711962, 1.0348670217293496, 1.2014130956017623]","[475, 447, 410, 413, 452, 458]",0.7489610276027637,True,1.0014463628024288,0.0078989036368687,0.0048811458680706,683,-0.5119681484111993,1.1114579213088485,0.0442906941512227,1.6958390714956053,0.0006389747820254,2654,-0.5169915569509852,0.5084823435805199,False,7.146626453982117e-06,0.7646588806809796,False,True,PASS,a18fc1586f889b254b55fcd7124194674bf9b1b7cab2d75bdd5cb4b7c060916b,1.039394315633022,0.0269913642048167,0.0002116441476387,0.1348173220458661,-0.2057469986046854,False,ADMITTED
LINK,M15,VAL,SQX-LINK-M15-89384f3b9c96,89384f3b9c967a5d5fbd99a685e8d63130ff005dcf960623ca99c3decf618c00,"{""atr_period"":14,""direction"":""LONG"",""grammar_version"":""v1.7"",""logic"":""AND"",""market"":""LINK"",""predicates"":[{""feature"":""rsi_14"",""operator"":""<"",""value"":25.0},{""feature"":""trend.ema_slope.200.12"",""operator"":"">"",""value"":0.0}],""stop_atr"":2.5,""target_atr"":3.0,""time_exit"":72,""timeframe"":""M15""}",LONG,0.9207822877359306,0.0475330972098994,-17.988411708878274,-17.988411708878438,772,42.9327873089445,GENETIC,0.0664132837626226,0.8333333333333334,6,-0.113137440837169,"[1.540053932806451, 1.1024529501733764, 1.1225427386040556, 0.72486627653375, 1.1059057858623862, 1.1796143669324626]","[118, 122, 120, 147, 140, 125]",0.7464622568866638,True,1.0136420384728198,0.0126574227228134,0.0130848944581947,189,-0.2431577187978397,1.0794531695260543,0.0475330972098994,0.380122404011169,0.0004923865336932,772,-0.4055955623833283,0.9763223433260456,False,6.923224581055644e-05,0.8375666407121589,False,True,PASS,89384f3b9c967a5d5fbd99a685e8d63130ff005dcf960623ca99c3decf618c00,0.8560599675858621,-0.0771699307232523,-0.0007603031905921,-0.1619445795961276,-0.222432413314902,False,ADMITTED
LINK,M15,VAL,SQX-LINK-M15-bae1486ecf79,bae1486ecf79a9ef9f115e282ad428a608e174f4b381d5cde1a76b91d4c8d83e,"{""atr_period"":14,""direction"":""SHORT"",""grammar_version"":""v1.7"",""logic"":""AND"",""market"":""LINK"",""predicates"":[{""feature"":""trend.ema_slope.50.3"",""operator"":""<"",""value"":0.0},{""feature"":""volatility.bb_middle.20.2"",""operator"":"">"",""value"":0.0}],""stop_atr"":1.5,""target_atr"":4.0,""time_exit"":96,""timeframe"":""M15""}",SHORT,1.189155968187878,0.0544098361078658,100.04749321856208,100.04749321856208,2622,101.20983417204684,GENETIC,0.0500310492428687,0.8333333333333334,6,-0.0487523872606681,"[1.055405678026668, 0.9627055746026772, 1.16984519118036, 1.3423759045019654, 1.0182961934943267, 0.9967500870973917]","[454, 422, 408, 404, 462, 472]",0.746176285761035,True,1.1269735447785216,0.0890040249541328,0.657393563973967,676,-0.5130998963220066,1.073659718505768,0.0544098361078658,1.935290903921674,0.0007380972173614,2622,-0.7994581256179291,0.4952341352164282,False,0.000972475686352,0.6563666508072908,False,True,PASS,bae1486ecf79a9ef9f115e282ad428a608e174f4b381d5cde1a76b91d4c8d83e,0.9365479869971072,-0.0398587680837158,-0.0004535083681995,-0.2820822050200949,-0.3546277039685186,False,ADMITTED
LINK,M15,VAL,SQX-LINK-M15-66cd6c2c4f12,66cd6c2c4f1208041f2f502172382a580f2d0e94b6598c35c8af1fe7e2ed52ee,"{""atr_period"":14,""direction"":""LONG"",""grammar_version"":""v1.7"",""logic"":""AND"",""market"":""LINK"",""predicates"":[{""feature"":""rsi_14"",""operator"":""<"",""value"":25.0},{""feature"":""volatility.atr_regime.14.50"",""operator"":""<"",""value"":0.0}],""stop_atr"":2.5,""target_atr"":2.0,""time_exit"":48,""timeframe"":""M15""}",LONG,0.9980135608182849,0.039138168105299,-0.3831439055343806,-0.3831439055343405,1060,22.3712952380952,GENETIC,0.0373646659704486,0.8333333333333334,6,-0.0024463368857358,"[1.2798485175860213, 0.8648486928276371, 1.0536335634756036, 0.9293670638023741, 1.0843390925375356, 1.0600640172102351]","[197, 196, 155, 171, 176, 165]",0.7450864150823481,True,1.0524616396339646,0.0267201238687174,0.0639462771435481,271,-0.1511236238045401,1.0797127934603703,0.039138168105299,0.4529102197837713,0.0004272737922488,1060,-0.4055955623833283,0.9027611908826696,False,0.0002359641223009,0.9320995564898285,False,True,PASS,66cd6c2c4f1208041f2f502172382a580f2d0e94b6598c35c8af1fe7e2ed52ee,0.8369102181772036,-0.0733744448010011,-0.0006915719060843,-0.2033221403887998,-0.2477119779889288,False,ADMITTED
LINK,M15,VAL,SQX-LINK-M15-19665ba84bfb,19665ba84bfbf4c2bad3ca0298822025e3e1ec259d8f6a11fc49c321be639f2e,"{""atr_period"":14,""direction"":""SHORT"",""grammar_version"":""v1.7"",""logic"":""AND"",""market"":""LINK"",""predicates"":[{""feature"":""structure.break_high.3"",""operator"":"">"",""value"":0.0},{""feature"":""structure.fractal_low.2"",""operator"":""=="",""value"":1.0}],""stop_atr"":1.5,""target_atr"":3.0,""time_exit"":72,""timeframe"":""M15""}",SHORT,1.1179742190200326,0.062096461592696,51.10721345803675,51.107213458036135,2065,51.76253668818576,GENETIC,0.0587412972803395,0.8333333333333334,6,-0.0946813446914536,"[0.7718227173627707, 1.0033410513072647, 1.014611998463507, 1.1374294426186975, 1.2991662383689941, 1.3308045241202415]","[301, 341, 372, 387, 314, 350]",0.7434042944408095,True,1.086678367810713,0.0539838374733973,0.2773466139283613,562,-0.5285290214741906,1.118681837747219,0.062096461592696,1.9228264963796573,0.0009311508457044,2065,-0.7298201241198752,0.3210526586757846,False,0.0004934993130397,0.5329436810851953,False,True,PASS,19665ba84bfbf4c2bad3ca0298822025e3e1ec259d8f6a11fc49c321be639f2e,0.8014295516330202,-0.1230830529850199,-0.0009855451380008,-0.4661628502744228,-0.4841000919527843,False,ADMITTED
LINK,M15,VAL,SQX-LINK-M15-2d69bdab1522,2d69bdab152283038a68210a776f6c0cf4b2c7e3e0af50451d1bc3ebf835dead,"{""atr_period"":14,""direction"":""SHORT"",""grammar_version"":""v1.7"",""logic"":""AND"",""market"":""LINK"",""predicates"":[{""feature"":""volatility.bb_middle.20.2"",""operator"":"">"",""value"":0.0},{""feature"":""volatility.bb_middle.50.2"",""operator"":""<"",""value"":0.0}],""stop_atr"":2.0,""target_atr"":4.0,""time_exit"":48,""timeframe"":""M15""}",SHORT,1.1774445772651734,0.0376187660552692,96.06947933013306,96.06947933013303,2423,96.48519314683008,GENETIC,0.0514931875246869,0.8333333333333334,6,-0.075076450395401,"[0.9478635718853827, 1.0933754877463808, 1.2033897538409777, 1.2805783989859634, 0.9767327153975456, 1.1348336836369337]","[433, 397, 373, 378, 428, 414]",0.74105740825917,True,1.005659343796602,0.0122913620027635,0.0200642240604265,607,-0.5169719625940429,1.0667856463936891,0.0376187660552692,1.0108632731036202,0.0004171949125479,2423,-0.4892699996494027,0.5918608513332897,False,3.3054734860670584e-05,0.7938807211456799,False,True,PASS,2d69bdab152283038a68210a776f6c0cf4b2c7e3e0af50451d1bc3ebf835dead,0.9491509903481892,-0.0226615922532928,-0.0002867029447273,-0.1688680344444133,-0.283772861671006,False,ADMITTED
LINK,M15,VAL,SQX-LINK-M15-54252d716a5f,54252d716a5fa9e487d2b6c55817c183692b96e6af7c00dfed40d86b0008b184,"{""atr_period"":14,""direction"":""SHORT"",""grammar_version"":""v1.7"",""logic"":""AND"",""market"":""LINK"",""predicates"":[{""feature"":""momentum.roc.16"",""operator"":""<"",""value"":-0.005},{""feature"":""structure.break_high.3"",""operator"":"">"",""value"":0.0}],""stop_atr"":2.0,""target_atr"":4.0,""time_exit"":72,""timeframe"":""M15""}",SHORT,1.1373071409082067,0.1479546015537617,14.38251735363907,14.38251735363911,340,24.82083597086569,GENETIC,0.150646586388174,1.0,6,0.0460152928888127,"[1.465585632355186, 1.4764550363193025, 1.08598721773626, 1.1086134168866943, 1.1774348684733766, 1.5563209870512251]","[68, 58, 75, 60, 45, 34]",0.740646586388174,True,1.095879387410139,0.0693792829209354,0.0382071388359197,63,-0.0675503713540047,1.264133485224169,0.1479546015537617,0.6007967263656364,0.001767049195193,340,-0.1928336250654647,0.8387617848377162,False,0.000606462521205,0.9667568004669136,False,True,PASS,54252d716a5fa9e487d2b6c55817c183692b96e6af7c00dfed40d86b0008b184,1.0986761436529775,0.0686066017353485,0.0006050329298172,0.0471925685257423,-0.2032369771000304,False,ADMITTED
LINK,M15,VAL,SQX-LINK-M15-751898724464,751898724464a2bc5f00c15f35592b81d46e9c6f7c3bc2aa1ad92e5d7e80df35,"{""atr_period"":14,""direction"":""SHORT"",""grammar_version"":""v1.7"",""logic"":""AND"",""market"":""LINK"",""predicates"":[{""feature"":""trend.ema_pair.10.100"",""operator"":""<"",""value"":0.0},{""feature"":""volatility.bb_middle.20.2"",""operator"":"">"",""value"":0.0}],""stop_atr"":2.5,""target_atr"":4.0,""time_exit"":48,""timeframe"":""M15""}",SHORT,1.1092488649767782,0.0279930091701785,67.86751440158926,67.8675144015882,2445,70.21776812889632,GENETIC,0.0431652643152467,0.8333333333333334,6,-0.0599697430740857,"[1.0110260646647802, 1.1099497239824028, 1.044218116098812, 1.19371227494925, 1.0451428199460686, 1.0021525931784976]","[419, 404, 367, 386, 428, 443]",0.7365061618800587,True,1.0100425615592803,0.0115629197763181,0.0291966470875726,616,-0.3650342189902471,1.0479216990894438,0.0279930091701785,0.6843458251965324,0.0002798960430251,2445,-0.4169700268881552,0.6542042186571899,False,4.739715436294205e-05,0.6687501007989701,False,True,PASS,751898724464a2bc5f00c15f35592b81d46e9c6f7c3bc2aa1ad92e5d7e80df35,0.9708307491918832,-0.0090440299114277,-0.000150559938474,-0.0897337233305608,-0.238947443294313,False,ADMITTED
LINK,M15,VAL,SQX-LINK-M15-e679df9b5b47,e679df9b5b472728216d4b5f2d6c7bb7fbcf044e6c2341626d477b73bf4b9d2a,"{""atr_period"":14,""direction"":""LONG"",""grammar_version"":""v1.7"",""logic"":""AND"",""market"":""LINK"",""predicates"":[{""feature"":""momentum.willr.14"",""operator"":""<"",""value"":-80.0},{""feature"":""rsi_14"",""operator"":""<"",""value"":25.0}],""stop_atr"":2.5,""target_atr"":2.0,""time_exit"":96,""timeframe"":""M15""}",LONG,0.9475059375196836,0.0268128446674864,-26.909356099983512,-26.90935609998416,2008,77.61032726921616,GENETIC,0.0451113249397228,0.8333333333333334,6,-0.0756807870473079,"[1.6128810061598404, 0.9568013918071262, 1.250373254264072, 0.7944087112851993, 0.9228516458550736, 1.216602989856296]","[331, 303, 294, 358, 405, 317]",0.7345244615112292,True,1.0364313609507287,0.0203138926615586,0.0765580410685753,450,-0.208982950318895,1.0450422510288937,0.0268128446674864,0.5825894883101754,0.0002901342073257,2008,-0.4026311348609643,0.8677807383232994,False,0.0001701289801523,0.9494362855864116,False,True,PASS,e679df9b5b472728216d4b5f2d6c7bb7fbcf044e6c2341626d477b73bf4b9d2a,0.8950373356454056,-0.0431853377252666,-0.0004168219387867,-0.2229997372509112,-0.2636386064210325,False,ADMITTED
LINK,M15,VAL,SQX-LINK-M15-c48841943037,c48841943037b498e8b79b172d6d0bf56a949053d5f0c25b32ccbe9674ac4f29,"{""atr_period"":14,""direction"":""SHORT"",""grammar_version"":""v1.7"",""logic"":""AND"",""market"":""LINK"",""predicates"":[{""feature"":""trend.ema_slope.100.6"",""operator"":""<"",""value"":0.0},{""feature"":""volatility.bb_middle.20.2"",""operator"":"">"",""value"":0.0}],""stop_atr"":1.0,""target_atr"":3.0,""time_exit"":24,""timeframe"":""M15""}",SHORT,1.0669779011452751,0.0278248798308379,44.77916813993289,44.77916813993083,4994,44.9264358163641,GENETIC,0.0473634526378224,0.8333333333333334,6,-0.0934298506837841,"[1.0917452275204724, 0.9290747410201555, 1.0851143381437616, 1.0857604339794091, 1.0222565634697283, 1.052785674666014]","[892, 770, 799, 773, 861, 900]",0.7323393233002098,True,1.0170079386325144,0.0245850910041148,0.1334497118333386,1265,-0.8839070222571844,1.0387723463744998,0.0278248798308379,1.0221399532116178,0.000204673598961,4994,-0.8314426911678814,0.2026473293211377,False,0.0001054938433465,0.4600983927744284,False,True,PASS,c48841943037b498e8b79b172d6d0bf56a949053d5f0c25b32ccbe9674ac4f29,0.90403755757266,-0.0485303756906246,-0.0004418346733757,-0.5257832613170921,-0.6485295536458677,False,ADMITTED
LINK,M15,VAL,SQX-LINK-M15-6a2e8b8b5336,6a2e8b8b5336c66d9c8221f8d4aadb06f7efe7fce185cb03456ba701657994b8,"{""atr_period"":14,""direction"":""LONG"",""grammar_version"":""v1.7"",""logic"":""AND"",""market"":""LINK"",""predicates"":[{""feature"":""rsi_14"",""operator"":""<"",""value"":25.0},{""feature"":""trend.breakout_low.50"",""operator"":""<"",""value"":0.0}],""stop_atr"":1.5,""target_atr"":1.5,""time_exit"":48,""timeframe"":""M15""}",LONG,1.092532551016358,0.0262143132849518,18.02650427633398,18.02650427633389,1090,23.92296137504828,GENETIC,0.0379544901371484,0.8333333333333334,6,-0.0854888884997293,"[1.1681151322342436, 0.9281793956299266, 1.3591436176383587, 0.949411617711272, 1.0570555721536616, 1.4941363893665724]","[157, 178, 174, 190, 216, 174]",0.7249156013455496,True,1.19986127519658,0.0912506407556591,0.2311077199207918,241,-0.1352512621377622,1.0460479819549329,0.0262143132849518,0.2603285571744143,0.0002388335386921,1090,-0.5173647260039753,0.9056164017792004,False,0.000958953194692,0.8909312997686984,False,True,PASS,6a2e8b8b5336c66d9c8221f8d4aadb06f7efe7fce185cb03456ba701657994b8,0.8741711188008935,-0.058089691307632,-0.0005779888925752,-0.1635708565987825,-0.2313207739475511,False,ADMITTED
LINK,M15,VAL,SQX-LINK-M15-0126551c3bf9,0126551c3bf98f5cc1436e09a4d7771078b9b39ff731944235534dc1499339ca,"{""atr_period"":14,""direction"":""SHORT"",""grammar_version"":""v1.7"",""logic"":""AND"",""market"":""LINK"",""predicates"":[{""feature"":""structure.break_high.3"",""operator"":"">"",""value"":0.0},{""feature"":""structure.fractal_low.2"",""operator"":""=="",""value"":1.0}],""stop_atr"":2.5,""target_atr"":4.0,""time_exit"":24,""timeframe"":""M15""}",SHORT,1.059918098096252,0.0248119740900059,27.30353298019082,27.30353298019062,1974,28.627637030292764,GENETIC,0.0253288497294704,0.8333333333333334,6,-0.0366378324767105,"[0.9101399547614702, 1.0378630108097173, 1.017278539336071, 1.034667246714715, 1.2101570750584718, 1.2720363671047592]","[290, 339, 361, 365, 279, 340]",0.7245027249436261,True,1.0893928705915945,0.0430151289412741,0.2211081088740509,541,-0.3460792564640997,1.0501097608608845,0.0248119740900059,0.465552989023879,0.000235842446314,1974,-0.3932041775242799,0.7706053812660192,False,0.0004087026042034,0.6832712532084804,False,True,PASS,0126551c3bf98f5cc1436e09a4d7771078b9b39ff731944235534dc1499339ca,0.7993718799525877,-0.0842882518551894,-0.0007354373289408,-0.3302113606944205,-0.3625211451669327,False,ADMITTED
LINK,M15,VAL,SQX-LINK-M15-13de58fffb31,13de58fffb313ccea8bccbfab509ae831785193ff29c499d4a6977b7afd7e4cf,"{""atr_period"":14,""direction"":""SHORT"",""grammar_version"":""v1.7"",""logic"":""AND"",""market"":""LINK"",""predicates"":[{""feature"":""trend.close_ema.100"",""operator"":""<"",""value"":0.0},{""feature"":""trend.ema_slope.20.6"",""operator"":"">"",""value"":0.0}],""stop_atr"":1.5,""target_atr"":3.0,""time_exit"":48,""timeframe"":""M15""}",SHORT,1.1107038080990197,0.0467011347544737,60.09651420294648,60.09651420294519,2883,65.01053414445673,GENETIC,0.0676494158008907,0.6666666666666666,6,-0.0645096306048681,"[1.159983993829396, 1.0635064327113204, 1.2759649508422464, 1.0783320283985305, 0.9145315501984285, 1.2606396522516323]","[497, 441, 473, 465, 504, 504]",0.7181886748163404,True,1.0657260642116315,0.0468556725620985,0.324259101435244,767,-0.3245372798919548,1.0731994835364982,0.0467011347544737,1.8911936330656487,0.0006559811422357,2883,-0.7799416859782008,0.2512815619253781,False,0.0004227628441137,0.7501582400521564,False,True,PASS,13de58fffb313ccea8bccbfab509ae831785193ff29c499d4a6977b7afd7e4cf,0.9555637824018856,-0.0211465730464495,-0.0002797150248354,-0.196639662459339,-0.306467500190306,False,ADMITTED
LINK,M15,VAL,SQX-LINK-M15-57623b5a454e,57623b5a454e747b6867c98495009945554fbf6eceefd29398340f83b48b924c,"{""atr_period"":14,""direction"":""SHORT"",""grammar_version"":""v1.7"",""logic"":""AND"",""market"":""LINK"",""predicates"":[{""feature"":""trend.ema_pair.50.200"",""operator"":""<"",""value"":0.0}],""stop_atr"":2.0,""target_atr"":4.0,""time_exit"":48,""timeframe"":""M15""}",SHORT,1.0249553736092327,0.021898928683584,25.03154418694508,25.031544186944306,4021,49.936218539976885,GENETIC,0.0262867675569391,0.8333333333333334,6,-0.0734853572079991,"[1.0153956124563608, 1.0493175133137114, 0.9583345218518796, 1.0469871434072417, 1.068222813754764, 1.0187358817649708]","[673, 653, 605, 661, 711, 717]",0.7162487615882727,True,1.0031767111534793,0.0107297684618488,0.0172742175663185,1019,-0.411263306836639,1.0309961834059893,0.021898928683584,0.689674652417112,0.0001715181925931,4021,-0.8644646349188848,0.1594996997148289,False,1.69521271504611e-05,0.680338358680734,False,True,PASS,57623b5a454e747b6867c98495009945554fbf6eceefd29398340f83b48b924c,0.9200871986970992,-0.0488817610095439,-0.0004437381757373,-0.4246574341806589,-0.5192630451718169,False,ADMITTED
LINK,M15,VAL,SQX-LINK-M15-dde9e2d6ceb4,dde9e2d6ceb41e4a9c76ee0ee8e76184c062bed4a317082147cf384dbacf4626,"{""atr_period"":14,""direction"":""SHORT"",""grammar_version"":""v1.7"",""logic"":""AND"",""market"":""LINK"",""predicates"":[{""feature"":""trend.ema_slope.50.3"",""operator"":""<"",""value"":0.0},{""feature"":""volatility.bb_middle.20.2"",""operator"":"">"",""value"":0.0}],""stop_atr"":2.5,""target_atr"":4.0,""time_exit"":96,""timeframe"":""M15""}",SHORT,1.1318891130636046,0.0342322573008457,78.43732259559678,78.43732259559634,2068,82.2536109253432,GENETIC,0.0632125196234413,0.6666666666666666,6,-0.0745549580333363,"[0.9959193233042122, 1.043528998238865, 1.2045969499160283, 1.1872351462685446, 0.971418347132366, 1.0467802074821184]","[353, 333, 312, 328, 366, 376]",0.7112404467817739,True,1.1530439439379272,0.0838161123919503,0.5270779080222072,558,-0.2805893446701646,1.052678193896045,0.0342322573008457,0.7341592615020411,0.0003550093140725,2068,-0.4237614916043575,0.6293615813572638,False,0.0009445840645559,0.8952782471049783,False,True,PASS,dde9e2d6ceb41e4a9c76ee0ee8e76184c062bed4a317082147cf384dbacf4626,0.984899650712892,-0.0016521738068281,-9.219191600015568e-05,-0.0469256852440784,-0.1996560515961178,False,ADMITTED
LINK,M15,VAL,SQX-LINK-M15-044750f68c19,044750f68c198a1b9ae859df6d88d631d26fe8473fae8bcf0f68cbc8bd9a54f5,"{""atr_period"":14,""direction"":""LONG"",""grammar_version"":""v1.7"",""logic"":""AND"",""market"":""LINK"",""predicates"":[{""feature"":""rsi_14"",""operator"":""<"",""value"":25.0},{""feature"":""trend.ema_slope.100.12"",""operator"":"">"",""value"":0.0}],""stop_atr"":2.5,""target_atr"":3.0,""time_exit"":72,""timeframe"":""M15""}",LONG,0.9013000744365972,0.0483430931256513,-18.52177903216912,-18.521779032169352,652,39.961717618495946,GENETIC,0.062694981851802,0.6666666666666666,6,-0.0804666608546525,"[1.8438691281703103, 1.0976734249951818, 1.0101317476758698, 0.7220248831528664, 0.9573982014897325, 1.8012493730724994]","[101, 93, 93, 123, 131, 111]",0.7092449833048055,True,1.0725850124668683,0.0420177584122739,0.0587315582841245,158,-0.2115281013211705,1.0888742376827591,0.0483430931256513,0.3195023376858779,0.0004900342602544,652,-0.4055955623833283,0.8376048063396243,False,0.0003717187233172,0.8723745348045693,False,True,PASS,044750f68c198a1b9ae859df6d88d631d26fe8473fae8bcf0f68cbc8bd9a54f5,0.846728624619939,-0.0796256461768941,-0.0007907032622538,-0.1439079937301933,-0.2551204697558774,False,ADMITTED
LINK,M15,VAL,SQX-LINK-M15-2e0c67e4cb0c,2e0c67e4cb0c3b7ede80fec415642f54e1213d01830489ed67bd9ca329ceb014,"{""atr_period"":14,""direction"":""LONG"",""grammar_version"":""v1.7"",""logic"":""AND"",""market"":""LINK"",""predicates"":[{""feature"":""structure.last.5"",""operator"":""=="",""value"":3.0},{""feature"":""volatility.bb_upper.50.2"",""operator"":"">"",""value"":0.0}],""stop_atr"":1.5,""target_atr"":4.0,""time_exit"":48,""timeframe"":""M15""}",LONG,1.2717183175191575,0.1466064875043037,12.73019905644762,12.730199056447663,325,13.14931327594774,GENETIC,0.1281976359264485,1.0,6,0.0230417177801273,"[1.0034012098206357, 1.1770886419359934, 1.0597493321533247, 1.5072369019226595, 1.1578630652625423, 1.7617094728860139]","[88, 43, 42, 36, 70, 46]",0.7031976359264485,True,1.0535343247303623,0.0514970066839672,0.0267232805457338,69,-0.0960487591288419,1.198243004847778,0.1466064875043037,0.5399579346711296,0.0016614090297573,325,-0.179078846724235,0.9274729212110456,False,0.0003872939209526,0.9351347839541526,False,True,PASS,2e0c67e4cb0c3b7ede80fec415642f54e1213d01830489ed67bd9ca329ceb014,0.8923864789883305,-0.0701216531261045,-0.0008066343707235,-0.0500113309848587,-0.1329366189485491,False,ADMITTED
LINK,M15,VAL,SQX-LINK-M15-bb23c9fb38d4,bb23c9fb38d4ee3d21ffb49bd61282e0a9f580e50903d94ebac92254e194cac7,"{""atr_period"":14,""direction"":""LONG"",""grammar_version"":""v1.7"",""logic"":""AND"",""market"":""LINK"",""predicates"":[{""feature"":""rsi_14"",""operator"":""<"",""value"":25.0},{""feature"":""trend.ema_slope.200.1"",""operator"":"">"",""value"":0.0}],""stop_atr"":2.5,""target_atr"":2.0,""time_exit"":72,""timeframe"":""M15""}",LONG,1.0473189802178786,0.0824094561672825,4.922649947580426,4.922649947580452,450,16.38823906637972,GENETIC,0.0885069897337204,0.6666666666666666,6,-0.0197384145710175,"[2.168207255541526, 1.2211163242253968, 0.98782422454839, 0.9075895044662062, 1.314267296823452, 1.8235794743600748]","[71, 68, 77, 88, 78, 68]",0.7002390527576328,True,1.0254877001766296,0.0147333464181143,0.0128555679772142,118,-0.1635285793255763,1.2086120811730738,0.0824094561672825,0.4237977929555558,0.0009417728732345,450,-0.4055955623833283,0.8861582561220325,False,0.0001089454913323,0.9379387594518336,False,True,PASS,bb23c9fb38d4ee3d21ffb49bd61282e0a9f580e50903d94ebac92254e194cac7,1.0498491212405348,0.0250148308204833,0.0002146409489238,0.0283326052579453,-0.0799903472211421,False,ADMITTED
LINK,M15,VAL,SQX-LINK-M15-7ececeac3200,7ececeac320038171e467489e4d3eb79732393777467f46f6ffbae9d5c5168e8,"{""atr_period"":14,""direction"":""SHORT"",""grammar_version"":""v1.7"",""logic"":""AND"",""market"":""LINK"",""predicates"":[{""feature"":""trend.ema_pair.20.100"",""operator"":""<"",""value"":0.0},{""feature"":""volatility.bb_middle.20.2"",""operator"":"">"",""value"":0.0}],""stop_atr"":2.0,""target_atr"":4.0,""time_exit"":48,""timeframe"":""M15""}",SHORT,1.067733378591936,0.0267640760639489,45.67507973293607,45.67507973293464,2900,47.68167824863383,GENETIC,0.0484957306718971,0.6666666666666666,6,-0.0669732180017989,"[1.0349013432585523, 1.1001018911002465, 1.0441567565608654, 1.0837028240979956, 1.071183701661758, 1.030683289496842]","[504, 478, 417, 464, 518, 520]",0.6984190928381141,True,1.0866828018163874,0.0520343269627586,0.3723192590430269,740,-0.512582462380043,1.040564506863962,0.0267640760639489,0.6831453710749973,0.0002355673693362,2900,-0.5403974193053316,0.5199178388735693,False,0.0005031341338419,0.7186205056669915,False,True,PASS,7ececeac320038171e467489e4d3eb79732393777467f46f6ffbae9d5c5168e8,0.9298784138138506,-0.0340477293325859,-0.0003709453664542,-0.254097576021158,-0.4109490694027766,False,ADMITTED
LINK,M15,VAL,SQX-LINK-M15-7f7dac09ab0c,7f7dac09ab0cb50d1ba9e39dba2979613b85d0474192a4170726780f5ff70520,"{""atr_period"":14,""direction"":""SHORT"",""grammar_version"":""v1.7"",""logic"":""AND"",""market"":""LINK"",""predicates"":[{""feature"":""structure.fractal_low.5"",""operator"":""=="",""value"":1.0},{""feature"":""trend.ema_slope.50.3"",""operator"":""<"",""value"":0.0}],""stop_atr"":2.0,""target_atr"":2.0,""time_exit"":96,""timeframe"":""M15""}",SHORT,1.1649688598413694,0.0288312989283238,109.8413341444574,109.84133414445756,3159,111.7849009656244,GENETIC,0.0384629249177122,0.6666666666666666,6,-0.04335796375554,"[0.9691730385700118, 0.9180828941279323, 1.2640428077573043, 1.1907689562005945, 1.0702799940823289, 1.0231923376759233]","[527, 541, 546, 515, 494, 536]",0.6942901006454939,True,1.0556763378623517,0.0298058192565107,0.2165677155700633,789,-0.6259748294179676,1.0637982112163993,0.0288312989283238,1.1258474960520788,0.0003563936359772,3159,-0.8001704487708217,0.3543812337737835,False,0.0002744837966667,0.6010726360298294,False,True,PASS,7f7dac09ab0cb50d1ba9e39dba2979613b85d0474192a4170726780f5ff70520,0.9587421730072292,-0.0163282886967885,-0.0001988150783943,-0.13141676681865,-0.2970352815809727,False,ADMITTED
LINK,M15,VAL,SQX-LINK-M15-838f600aec11,838f600aec1172d012f4938f3e4ae6efaafea76ca9ecfc0fc7ba867b7efbeea0,"{""atr_period"":14,""direction"":""SHORT"",""grammar_version"":""v1.7"",""logic"":""AND"",""market"":""LINK"",""predicates"":[{""feature"":""volatility.bb_middle.20.2"",""operator"":"">"",""value"":0.0},{""feature"":""volatility.bb_middle.50.2"",""operator"":""<"",""value"":0.0}],""stop_atr"":1.5,""target_atr"":3.0,""time_exit"":96,""timeframe"":""M15""}",SHORT,1.2353739498143783,0.0518090967304805,123.29571489819546,123.29571489819564,2877,125.26178767864054,GENETIC,0.0337834418454189,0.6666666666666666,6,-0.0320168711385009,"[1.1166791156529805, 0.8839452404466571, 1.2516738193071257, 1.4133752584672037, 0.9821107395879864, 1.0851923545591182]","[515, 460, 470, 432, 502, 498]",0.6924458907274603,True,1.06933377837808,0.0556566341512005,0.3942411188089891,735,-0.7175763864502782,1.0741672913808458,0.0518090967304805,2.315354205882532,0.000804780745875,2877,-0.8358229690122582,0.5270855011620079,False,0.00053638247457,0.7971146244226077,False,True,PASS,838f600aec1172d012f4938f3e4ae6efaafea76ca9ecfc0fc7ba867b7efbeea0,1.0108834112824117,0.017587034161528,7.382196795449582e-05,0.0521921313438298,-0.3035060056488539,False,ADMITTED
LINK,M15,VAL,SQX-LINK-M15-22e936d75ac7,22e936d75ac71aa521464e345d613e4a71f0aed36b07ccb8a9a6891d0ae0458e,"{""atr_period"":14,""direction"":""LONG"",""grammar_version"":""v1.7"",""logic"":""AND"",""market"":""LINK"",""predicates"":[{""feature"":""momentum.willr.28"",""operator"":"">"",""value"":-80.0},{""feature"":""rsi_14"",""operator"":""<"",""value"":25.0}],""stop_atr"":2.0,""target_atr"":2.0,""time_exit"":72,""timeframe"":""M15""}",LONG,1.0497647965275412,0.0339787016770388,10.223794449042623,10.223794449042764,876,22.38064173701929,GENETIC,0.0378514779673865,0.6666666666666666,6,-0.0544244665505896,"[1.2864709565102346, 1.1348624721901333, 1.138870952232295, 0.993598622138314, 1.0278376862224188, 0.9555913171811368]","[127, 145, 174, 132, 131, 167]",0.6909120279964057,True,1.0430702916335508,0.0267290284237818,0.0489021584896656,219,-0.1452364879814287,1.0531077228639072,0.0339787016770388,0.2898119638674041,0.000330835575191,876,-0.2438224336503763,0.9904865456842784,False,0.00022329752735,0.950003019583176,False,True,PASS,22e936d75ac71aa521464e345d613e4a71f0aed36b07ccb8a9a6891d0ae0458e,0.7593739524906544,-0.1274518502218319,-0.0011667390172689,-0.2286808473847215,-0.2514258056043186,False,ADMITTED
LINK,M15,VAL,SQX-LINK-M15-ec29418fc2e5,ec29418fc2e5fa164a27192e73e20f2582c2c50806b56b66a2c6f0eff4a652cf,"{""atr_period"":14,""direction"":""SHORT"",""grammar_version"":""v1.7"",""logic"":""AND"",""market"":""LINK"",""predicates"":[{""feature"":""structure.fractal_high.3"",""operator"":""=="",""value"":1.0},{""feature"":""volatility.atr_regime.14.50"",""operator"":"">"",""value"":0.0}],""stop_atr"":1.5,""target_atr"":2.0,""time_exit"":96,""timeframe"":""M15""}",SHORT,1.2056391982679109,0.0265410429164873,178.54392448270175,178.54392448270278,4538,179.35935296032784,GENETIC,0.0323834799685161,0.6666666666666666,6,-0.0420759502977006,"[1.0419066478584418, 1.0037525811767505, 1.1257204600485191, 1.3174905494292208, 1.1739824616452663, 1.1358479730250282]","[765, 758, 779, 751, 744, 741]",0.6885311590607577,True,1.0162402610878791,0.0137606459504978,0.086694217865638,1184,-0.5709541933136655,1.045619496773501,0.0265410429164873,1.4612468958328542,0.0003220024010209,4538,-0.6649385399787527,0.4635150320989217,False,7.322146779192321e-05,0.5352814520559809,False,True,PASS,ec29418fc2e5fa164a27192e73e20f2582c2c50806b56b66a2c6f0eff4a652cf,0.8689621614315908,-0.073661604283502,-0.0005501802891565,-0.5556820920481237,-0.6142713738136099,False,ADMITTED
LINK,M15,VAL,SQX-LINK-M15-8124a58fbe89,8124a58fbe8943842b97710e931500a8b66ffbf203f8f417862e734d759c7f16,"{""atr_period"":14,""direction"":""SHORT"",""grammar_version"":""v1.7"",""logic"":""AND"",""market"":""LINK"",""predicates"":[{""feature"":""structure.break_high.3"",""operator"":"">"",""value"":0.0},{""feature"":""structure.last.5"",""operator"":""=="",""value"":1.0}],""stop_atr"":2.0,""target_atr"":3.0,""time_exit"":24,""timeframe"":""M15""}",SHORT,1.148360873308482,0.0260405005193466,25.257873530872324,25.257873530872068,940,25.842010533575976,GENETIC,0.034557289547782,0.6666666666666666,6,-0.0594758163530717,"[1.2891769657501904, 0.8975332891305652, 0.875119340438104, 1.3715085486924308, 1.285717538763278, 1.095939384167291]","[145, 145, 172, 155, 170, 153]",0.6863550021261807,True,1.10361321966055,0.0583025367425031,0.1291857056870919,234,-0.414659021633289,1.04427466970747,0.0260405005193466,0.2085926324280944,0.0002219070557745,940,-0.4222053168972519,0.8132807727210006,False,0.0005520756653294,0.9000392067311993,False,True,PASS,8124a58fbe8943842b97710e931500a8b66ffbf203f8f417862e734d759c7f16,0.9414145702642388,-0.024413660142403,-0.0002935109535579,-0.0798349793677642,-0.2056389382188309,False,ADMITTED
LINK,M15,VAL,SQX-LINK-M15-a2e27e57fe02,a2e27e57fe02ef6e03c15971eba286f1f3fefe7a38e29b8278255c14549c6f19,"{""atr_period"":14,""direction"":""LONG"",""grammar_version"":""v1.7"",""logic"":""AND"",""market"":""LINK"",""predicates"":[{""feature"":""rsi_14"",""operator"":""<"",""value"":25.0},{""feature"":""trend.ema_pair.50.200"",""operator"":"">"",""value"":0.0}],""stop_atr"":2.5,""target_atr"":3.0,""time_exit"":96,""timeframe"":""M15""}",LONG,0.9005044107364851,0.0137121176765265,-27.619679297025968,-27.61967929702624,897,49.61262211002606,GENETIC,0.0516060638456008,0.6666666666666666,6,-0.1298946031168051,"[1.1772831100398624, 1.1942857387938854, 1.1534319544910143, 0.6894156140351377, 1.1030119788485164, 1.1134418505364332]","[137, 142, 142, 168, 163, 145]",0.6857990797330662,True,1.0652936533536297,0.0390821802592629,0.0759154952061302,221,-0.2380586755925864,1.0140142518950002,0.0137121176765265,0.0731826307956839,8.158598750912529e-05,897,-0.4055955623833283,0.9218864035339828,False,0.000343509028082,0.8422730533169216,False,True,PASS,a2e27e57fe02ef6e03c15971eba286f1f3fefe7a38e29b8278255c14549c6f19,0.8408080797261083,-0.0886326976051512,-0.0008438256910954,-0.2067372943183963,-0.2243856296381224,False,ADMITTED
LINK,M15,VAL,SQX-LINK-M15-6b519cb51f95,6b519cb51f9542dadc914ad0b23b84f536262afb0b5b5e52c5efd252b227a507,"{""atr_period"":14,""direction"":""SHORT"",""grammar_version"":""v1.7"",""logic"":""AND"",""market"":""LINK"",""predicates"":[{""feature"":""structure.last.2"",""operator"":""=="",""value"":2.0},{""feature"":""volatility.atr_regime.14.50"",""operator"":"">"",""value"":0.0}],""stop_atr"":2.0,""target_atr"":3.0,""time_exit"":24,""timeframe"":""M15""}",SHORT,1.0752848289596235,0.0154094129701494,59.68038456657289,59.68038456657157,3915,61.240229183908845,GENETIC,0.0262522787146463,0.6666666666666666,6,-0.0289954804059915,"[1.078443961453291, 0.8850836274652709, 1.0494023263104084, 1.1297559763605425, 1.0311750828700263, 1.0599569586529414]","[663, 670, 661, 647, 603, 672]",0.6856700752798152,True,1.012910702188301,0.0114544520466603,0.0568054720901969,982,-0.3751170656272623,1.0270582150291132,0.0154094129701494,0.4792282121863036,0.0001224082278892,3915,-0.5212283017936411,0.619833549754603,False,5.784671292280958e-05,0.7003257979461175,False,True,PASS,6b519cb51f9542dadc914ad0b23b84f536262afb0b5b5e52c5efd252b227a507,0.8451506300122542,-0.0839189071612261,-0.0006171279059043,-0.5480095804430986,-0.5926697336317651,False,ADMITTED
LINK,M15,VAL,SQX-LINK-M15-33481bd7cced,33481bd7cced61a746bd2c0489ca6830d38295d828cf39b44ec8e96eb291fcfe,"{""atr_period"":14,""direction"":""LONG"",""grammar_version"":""v1.7"",""logic"":""AND"",""market"":""LINK"",""predicates"":[{""feature"":""rsi_14"",""operator"":""<"",""value"":25.0},{""feature"":""trend.breakout_low.100"",""operator"":""<"",""value"":0.0}],""stop_atr"":2.5,""target_atr"":3.0,""time_exit"":72,""timeframe"":""M15""}",LONG,1.047671265552388,0.0198300644430602,10.553853379683243,10.55385337968327,686,45.25583274292337,GENETIC,0.0386248460625095,0.6666666666666666,6,-0.0805774569349125,"[1.0895109861591872, 0.8972664213330309, 1.4537904909491608, 0.8207926199177923, 1.1758188466072999, 0.9681441333276739]","[107, 117, 113, 109, 138, 101]",0.6851471484954481,True,1.1803269341557123,0.0941178142651987,0.1287228454335856,137,-0.1148973144724579,1.0257846720487356,0.0198300644430602,0.1014271288353096,0.0001478529574858,686,-0.175631489296014,0.9302037095829172,False,0.0009395828133838,0.9669632871491886,False,True,PASS,33481bd7cced61a746bd2c0489ca6830d38295d828cf39b44ec8e96eb291fcfe,0.9205683833544984,-0.0381275372878792,-0.0004214211083047,-0.0750129572782426,-0.1832849102156208,False,ADMITTED
LINK,M15,VAL,SQX-LINK-M15-13be13fdc25d,13be13fdc25dab254c3aeee1edfc3814183a337c33b31eac3769cb3ee2883a14,"{""atr_period"":14,""direction"":""SHORT"",""grammar_version"":""v1.7"",""logic"":""AND"",""market"":""LINK"",""predicates"":[{""feature"":""structure.last.2"",""operator"":""=="",""value"":2.0},{""feature"":""volatility.compression.20.2.1.5"",""operator"":""=="",""value"":-1.0}],""stop_atr"":2.0,""target_atr"":3.0,""time_exit"":48,""timeframe"":""M15""}",SHORT,1.08412419716311,0.0268112344744277,93.72539317441942,93.72539317441898,4785,94.29706925453814,GENETIC,0.0191094680269493,0.6666666666666666,6,-0.0337641972866422,"[1.0603755753661326, 1.0044676718477568, 1.0421129898477977, 1.11707934706782, 1.050188065804523, 1.186886036584219]","[809, 805, 814, 813, 754, 792]",0.6773350853719554,True,1.044506032992672,0.0272414797988486,0.2861253259191616,1251,-0.496348982428024,1.0552911937849796,0.0268112344744277,1.5878882203693667,0.0003318470679977,4785,-0.5008709000947699,0.5913310453178795,False,0.0002287172869058,0.5473354134117996,False,True,PASS,13be13fdc25dab254c3aeee1edfc3814183a337c33b31eac3769cb3ee2883a14,0.885785028567893,-0.0647958541439147,-0.0005101406227465,-0.5152420289740052,-0.5584066530073591,False,ADMITTED
LINK,M15,VAL,SQX-LINK-M15-1b0f7364e469,1b0f7364e4691be3c3d322f96d485243d78289945c2f57c7fd8f3fbe4daeef33,"{""atr_period"":14,""direction"":""LONG"",""grammar_version"":""v1.7"",""logic"":""AND"",""market"":""LINK"",""predicates"":[{""feature"":""rsi_14"",""operator"":""<"",""value"":25.0},{""feature"":""structure.break_low.2"",""operator"":""<"",""value"":0.0}],""stop_atr"":2.5,""target_atr"":1.5,""time_exit"":48,""timeframe"":""M15""}",LONG,0.987717924623131,0.0074378934935942,-5.255284296198347,-5.255284296198663,2039,48.6709070187058,GENETIC,0.0267987152844549,0.6666666666666666,6,-0.0658491351055107,"[1.4537248150680933, 1.0362468547034893, 1.3314183593298263, 0.883823855888359, 0.8041360681068319, 1.1475462568450565]","[331, 328, 312, 353, 381, 333]",0.6770030981747439,True,1.0220017339486462,0.0109271302054366,0.0375815983068148,456,-0.1635598719358608,1.0105933960118716,0.0074378934935942,0.0962681297284009,4.72134034960277e-05,2039,-0.3933676651035536,0.8520186496385169,False,8.24157857605579e-05,0.9232507898946796,False,True,PASS,1b0f7364e4691be3c3d322f96d485243d78289945c2f57c7fd8f3fbe4daeef33,0.8233433440592807,-0.0638898959183399,-0.0005648668753683,-0.2942956420668948,-0.3236566210491279,False,ADMITTED
LINK,M15,VAL,SQX-LINK-M15-1cdd36c076c2,1cdd36c076c2e066bd7cc7990e0c6b6f23e8dad2e6d4df44292e4aa7bb4542db,"{""atr_period"":14,""direction"":""SHORT"",""grammar_version"":""v1.7"",""logic"":""AND"",""market"":""LINK"",""predicates"":[{""feature"":""momentum.roc.4"",""operator"":"">"",""value"":0.0},{""feature"":""rsi_14"",""operator"":""<"",""value"":25.0}],""stop_atr"":1.0,""target_atr"":4.0,""time_exit"":72,""timeframe"":""M15""}",SHORT,1.4430197718224995,0.1001448436159435,36.164386624731065,36.16438662473082,516,41.197096126469056,GENETIC,0.0677399456348333,0.6666666666666666,6,-0.2315949417891527,"[1.5998727841634257, 0.9326822950061239, 1.3295424948912702, 1.5258575920500534, 1.7603658813184386, 0.6428873079881088]","[70, 60, 68, 99, 125, 94]",0.6765078768542119,True,1.0727761904357702,0.078084946011233,0.0613111341905159,106,-0.3048081815999004,1.096572574300117,0.1001448436159435,0.5072077150142094,0.000982960688012,516,-0.3162177029062648,0.7861368578710874,False,0.0005784069263256,0.7693268444953252,False,True,PASS,1cdd36c076c2e066bd7cc7990e0c6b6f23e8dad2e6d4df44292e4aa7bb4542db,0.9910183011567516,0.013047435881746,-7.864628098667339e-05,-0.0095161999993881,-0.2652568952471256,False,ADMITTED
LINK,M15,VAL,SQX-LINK-M15-183cbecc7a02,183cbecc7a021391aee74ce9e8fc2f84404fba803c43debc9c0024aba53e0b50,"{""atr_period"":14,""direction"":""SHORT"",""grammar_version"":""v1.7"",""logic"":""AND"",""market"":""LINK"",""predicates"":[{""feature"":""trend.ema_slope.50.3"",""operator"":""<"",""value"":0.0},{""feature"":""volatility.bb_middle.20.2"",""operator"":"">"",""value"":0.0}],""stop_atr"":2.0,""target_atr"":2.0,""time_exit"":48,""timeframe"":""M15""}",SHORT,1.115531144036332,0.0107155582731332,71.25477848590182,71.2547784859019,3285,87.87771212823498,GENETIC,0.0237982601543494,0.6666666666666666,6,-0.0595023112386939,"[0.9983150378505526, 0.9747466745705221, 1.1584946024195686, 1.234569153252115, 0.8419503276289562, 1.0264083513736537]","[590, 532, 496, 528, 560, 579]",0.6755893490113426,True,1.014755307204793,0.0109757714554871,0.0557590923254054,891,-0.502139239251777,1.0132413903972055,0.0107155582731332,0.2128659760121727,6.479938386976272e-05,3285,-0.5076953483890101,0.7013954506626721,False,6.258035053356409e-05,0.647375093312064,False,True,PASS,183cbecc7a021391aee74ce9e8fc2f84404fba803c43debc9c0024aba53e0b50,0.9171332435302344,-0.0367065390341179,-0.0003529401568409,-0.2869403475116951,-0.3501874476042324,False,ADMITTED
LINK,M15,VAL,SQX-LINK-M15-d61bb442a5f5,d61bb442a5f537e3fbdcbf96e684d270c5584c00dc36b79a73aef2f372ec242f,"{""atr_period"":14,""direction"":""SHORT"",""grammar_version"":""v1.7"",""logic"":""AND"",""market"":""LINK"",""predicates"":[{""feature"":""trend.ema_slope.200.12"",""operator"":""<"",""value"":0.0},{""feature"":""volatility.bb_middle.20.2"",""operator"":"">"",""value"":0.0}],""stop_atr"":2.5,""target_atr"":4.0,""time_exit"":96,""timeframe"":""M15""}",SHORT,1.067234571114522,0.01298288222333,42.27740002207153,42.27740002207055,2192,42.98634847431381,GENETIC,0.0270485832879777,0.6666666666666666,6,-0.0826690038129939,"[0.9503267557655724, 0.9399719096388686, 1.1057454486560347, 1.069625089724212, 1.0718606705629357, 1.015113714639975]","[392, 351, 298, 361, 394, 398]",0.6730479990013959,True,1.1095470258427511,0.0666366868325643,0.397068058540813,569,-0.2805893446701646,1.0122476551850763,0.01298288222333,0.1273970392027266,5.811908722752096e-05,2192,-0.4410409103028799,0.6079158749160901,False,0.0006978349007747,0.9164411511297448,False,True,PASS,d61bb442a5f537e3fbdcbf96e684d270c5584c00dc36b79a73aef2f372ec242f,1.0396165048151371,0.0325113338535275,0.00026356174363,0.1396877241239316,-0.1628847383956105,False,ADMITTED
LINK,M15,VAL,SQX-LINK-M15-b76003fbbb4c,b76003fbbb4c6d0dbd91e182de7ebdbba5b77c69d06d5e807e3091d4288b4d4a,"{""atr_period"":14,""direction"":""SHORT"",""grammar_version"":""v1.7"",""logic"":""AND"",""market"":""LINK"",""predicates"":[{""feature"":""trend.ema_slope.200.6"",""operator"":""<"",""value"":0.0},{""feature"":""volatility.bb_middle.20.2"",""operator"":"">"",""value"":0.0}],""stop_atr"":2.5,""target_atr"":3.0,""time_exit"":24,""timeframe"":""M15""}",SHORT,1.054263414925182,0.0084094896400461,36.52162731335878,36.5216273133566,3376,39.561785405285306,GENETIC,0.0112149306099746,0.6666666666666666,6,-0.045451040496239,"[1.0769032728032601, 0.9279600693329311, 1.110131810211343, 1.042934088375338, 1.0146353341205485, 1.0922853812064828]","[579, 514, 518, 547, 607, 613]",0.6665188371525815,True,1.080724050928096,0.035008509635772,0.3035160716589571,872,-0.5473430530222543,1.0130890590634165,0.0084094896400461,0.1457162126707769,4.316238526978003e-05,3376,-0.4681918716065762,0.5457319451242205,False,0.0003480688895171,0.8357948531007918,False,True,PASS,b76003fbbb4c6d0dbd91e182de7ebdbba5b77c69d06d5e807e3091d4288b4d4a,0.9245989581810922,-0.0278156018079445,-0.0002837317283578,-0.230673895154902,-0.3439638130155879,False,ADMITTED
LINK,M15,VAL,SQX-LINK-M15-abbfcc24fb83,abbfcc24fb835cb0c8d7392fa47d0cf2b31e85fa1e3e612949b63f43950e1ff4,"{""atr_period"":14,""direction"":""SHORT"",""grammar_version"":""v1.7"",""logic"":""AND"",""market"":""LINK"",""predicates"":[{""feature"":""structure.fractal_low.5"",""operator"":""=="",""value"":1.0},{""feature"":""volatility.bb_middle.20.2"",""operator"":"">"",""value"":0.0}],""stop_atr"":2.5,""target_atr"":3.0,""time_exit"":48,""timeframe"":""M15""}",SHORT,1.1148683979487517,0.0152224843442877,89.16677138994648,89.16677138994704,3103,92.69620602549276,GENETIC,0.0123131768703301,0.6666666666666666,6,-0.0549488937310369,"[0.9209676352020336, 0.8927823499582856, 1.0475594622845796, 1.2375291781756266, 0.9902601719703815, 1.120982662617935]","[487, 529, 546, 524, 496, 522]",0.6652426201042375,True,1.021744867528764,0.0151626062233689,0.0838432949536756,838,-0.3648097031890159,1.027526803803798,0.0152224843442877,0.3553219576406272,0.0001145091710089,3103,-0.5384774981337153,0.5158223999042852,False,0.0001000516646225,0.7379917452354643,False,True,PASS,abbfcc24fb835cb0c8d7392fa47d0cf2b31e85fa1e3e612949b63f43950e1ff4,0.810346565991326,-0.0951799232295975,-0.0007320761856436,-0.4912231205669026,-0.5420038243804931,False,ADMITTED
LINK,M15,VAL,SQX-LINK-M15-095227e4f14b,095227e4f14ba2c14ac155e7628623eb9b4ee629119d0bd169d582ed0d5cf44d,"{""atr_period"":14,""direction"":""SHORT"",""grammar_version"":""v1.7"",""logic"":""AND"",""market"":""LINK"",""predicates"":[{""feature"":""structure.break_high.3"",""operator"":"">"",""value"":0.0},{""feature"":""trend.ema_pair.100.200"",""operator"":""<"",""value"":0.0}],""stop_atr"":1.5,""target_atr"":3.0,""time_exit"":48,""timeframe"":""M15""}",SHORT,1.0668614598919115,0.0366737239716413,35.790511344700114,35.790511344698814,2847,38.56001148816347,GENETIC,0.0017255103200597,0.6666666666666666,6,-0.0136894953468819,"[1.3272863753188535, 1.1229419634173174, 1.0477131549711016, 1.0607415673449294, 1.031211648151492, 1.1583353834374754]","[458, 435, 433, 496, 484, 542]",0.6649698031500059,True,1.001042080813664,0.0107344856956927,0.0047454138415241,734,-0.4866215255281739,1.060860863304853,0.0366737239716413,1.150926574498313,0.0004042594220225,2847,-0.7951125083323377,0.2139880288246503,False,6.4651414734629816e-06,0.6029884568753731,False,True,PASS,095227e4f14ba2c14ac155e7628623eb9b4ee629119d0bd169d582ed0d5cf44d,0.9236788201265572,-0.0424865218765107,-0.0004404942427328,-0.2938096599027812,-0.4891145447957191,False,ADMITTED
LINK,M15,VAL,SQX-LINK-M15-910486583c7b,910486583c7b977353970fe3f954ff014cbce2e62d31c8475f46e39f2816a974,"{""atr_period"":14,""direction"":""LONG"",""grammar_version"":""v1.7"",""logic"":""AND"",""market"":""LINK"",""predicates"":[{""feature"":""rsi_14"",""operator"":""<"",""value"":25.0}],""stop_atr"":2.5,""target_atr"":2.0,""time_exit"":96,""timeframe"":""M15""}",LONG,0.9670607166927164,0.0129559266039617,-19.07834498151523,-19.07834498151584,2273,69.1503386083983,GENETIC,0.0173853836912316,0.6666666666666666,6,-0.0824435659710051,"[1.6294255147995027, 1.0094542180191903, 1.1845155344497849, 0.8463094969255757, 0.9292811423133718, 1.100579108132379]","[366, 357, 360, 392, 433, 365]",0.6634411588651471,True,1.0347552589476747,0.0199946903996163,0.086352323971345,515,-0.1809418394113564,1.0166043187327096,0.0129559266039617,0.2268705193051123,9.981105116810946e-05,2273,-0.5449313694012866,0.8744541048820723,False,0.0001676744154783,0.9565430016344428,False,True,PASS,910486583c7b977353970fe3f954ff014cbce2e62d31c8475f46e39f2816a974,0.9149266368150872,-0.0331170268812141,-0.0003341143897379,-0.1911134309300908,-0.2539531433362117,False,ADMITTED
LINK,M15,VAL,SQX-LINK-M15-57e5cccf95e4,57e5cccf95e409f664844accf52ccceb3b3de77ebac7bb0a6a39bae387625a95,"{""atr_period"":14,""direction"":""LONG"",""grammar_version"":""v1.7"",""logic"":""AND"",""market"":""LINK"",""predicates"":[{""feature"":""rsi_14"",""operator"":""<"",""value"":25.0}],""stop_atr"":2.5,""target_atr"":2.0,""time_exit"":72,""timeframe"":""M15""}",LONG,0.963029894366524,0.0101224142808492,-21.41236429950893,-21.41236429950959,2276,69.1503386083983,GENETIC,0.0159449818987282,0.6666666666666666,6,-0.0839103550154339,"[1.6122186324027976, 1.0019974786850807, 1.1843216886751247, 0.8418347222742598, 0.9244272199403032, 1.0935508056309702]","[366, 357, 360, 392, 433, 368]",0.6616340598115363,True,1.035825662511331,0.0200466673981775,0.087626093475801,519,-0.1635514965734013,1.0114084497805895,0.0101224142808492,0.1509225614743805,6.631044001510537e-05,2276,-0.5475271728645164,0.8685836659616668,False,0.0001688364036142,0.948747026532959,False,True,PASS,57e5cccf95e409f664844accf52ccceb3b3de77ebac7bb0a6a39bae387625a95,0.9184266943189756,-0.0312848459275186,-0.0003189075873525,-0.1824151399656767,-0.2560498741872761,False,ADMITTED
LINK,M15,VAL,SQX-LINK-M15-9da50173cdfa,9da50173cdfaa53bf379d1f7f4d9559123b735dc784243d08be372d835844a47,"{""atr_period"":14,""direction"":""LONG"",""grammar_version"":""v1.7"",""logic"":""AND"",""market"":""LINK"",""predicates"":[{""feature"":""rsi_14"",""operator"":""<"",""value"":25.0},{""feature"":""volatility.bb_middle.20.2"",""operator"":""<"",""value"":0.0}],""stop_atr"":2.5,""target_atr"":2.0,""time_exit"":72,""timeframe"":""M15""}",LONG,0.9630539311349818,0.0101223905605005,-21.3979075318656,-21.39790753186626,2276,69.13585425150374,GENETIC,0.0159449818987282,0.6666666666666666,6,-0.0839104346444174,"[1.6122157457645914, 1.0019974786850807, 1.1843216886751247, 0.8418767170192754, 0.9244272199403032, 1.0935508056309702]","[366, 357, 360, 392, 433, 368]",0.6616340399042905,True,1.035825662511331,0.0200466673981775,0.087626093475801,519,-0.1635514965734013,1.0114084064056037,0.0101223905605005,0.1509219385033804,6.631016630200988e-05,2276,-0.5475273155305503,0.8685834696819346,False,0.0001688364036142,0.948747026532959,False,True,PASS,9da50173cdfaa53bf379d1f7f4d9559123b735dc784243d08be372d835844a47,0.9184266943189756,-0.0312848459275186,-0.0003189075873525,-0.1824151399656767,-0.2560498741872761,False,ADMITTED
LINK,M15,VAL,SQX-LINK-M15-c801c5072233,c801c507223315f539c7cebe1c901849fee91b3be09b4f6a0b4feee8126c6272,"{""atr_period"":14,""direction"":""SHORT"",""grammar_version"":""v1.7"",""logic"":""AND"",""market"":""LINK"",""predicates"":[{""feature"":""structure.break_high.3"",""operator"":"">"",""value"":0.0},{""feature"":""trend.ema_pair.10.100"",""operator"":""<"",""value"":0.0}],""stop_atr"":2.5,""target_atr"":4.0,""time_exit"":48,""timeframe"":""M15""}",SHORT,1.045237459666439,0.0301126736915419,19.31134264746449,19.311342647464,1646,34.92097175964217,GENETIC,0.004152924139392,0.6666666666666666,6,-0.049623158277537,"[1.1723279596098821, 1.125343717997226, 1.0868429646790767, 1.0545391201868117, 0.8414755625709073, 1.220521771209218]","[270, 274, 269, 273, 252, 309]",0.6584138012366744,True,1.1053615587546686,0.0580212953306225,0.2467452427731191,435,-0.263186003870715,1.0489168604253944,0.0301126736915419,0.4682041528819118,0.0002844496676074,1646,-0.3195355977223237,0.8420822515706722,False,0.0005672304431565,0.8516873573019326,False,True,PASS,c801c507223315f539c7cebe1c901849fee91b3be09b4f6a0b4feee8126c6272,0.9562077420405236,-0.019282766525248,-0.0002502960462739,-0.0896059845660816,-0.2369989193994978,False,ADMITTED
LINK,M15,VAL,SQX-LINK-M15-213a55ec9824,213a55ec982427f13184fd7bba0186c6be9f172f447ff0e7a2d10307e2232554,"{""atr_period"":14,""direction"":""LONG"",""grammar_version"":""v1.7"",""logic"":""AND"",""market"":""LINK"",""predicates"":[{""feature"":""rsi_14"",""operator"":""<"",""value"":25.0}],""stop_atr"":2.5,""target_atr"":2.0,""time_exit"":48,""timeframe"":""M15""}",LONG,0.9474295247343112,0.0085004569184305,-30.04001542239147,-30.040015422391964,2285,71.5375499199915,GENETIC,0.0131831309035289,0.6666666666666666,6,-0.0882334173424506,"[1.5928516199238452, 1.0349121260347593, 1.1365495965883479, 0.8278660198553134, 0.9356656793553384, 1.0903296716483137]","[367, 360, 360, 392, 433, 373]",0.6577914432345829,True,1.007425700487106,0.0070925768517535,0.0174441467820405,522,-0.2070852626571489,1.00876695252473,0.0085004569184305,0.1121658237372287,4.908788784999171e-05,2285,-0.5627595084308037,0.8647215328963785,False,3.341790571272283e-05,0.9361123556414388,False,True,PASS,213a55ec982427f13184fd7bba0186c6be9f172f447ff0e7a2d10307e2232554,0.9053457370362942,-0.0359681644205412,-0.0003556963208734,-0.2055924734648642,-0.2891730188507753,False,ADMITTED
LINK,M15,VAL,SQX-LINK-M15-45303c106505,45303c106505b740063b26e43db05d5aadb190b5c9fe6752a1402900474f8717,"{""atr_period"":14,""direction"":""LONG"",""grammar_version"":""v1.7"",""logic"":""AND"",""market"":""LINK"",""predicates"":[{""feature"":""rsi_14"",""operator"":""<"",""value"":25.0},{""feature"":""volatility.bb_middle.20.2"",""operator"":""<"",""value"":0.0}],""stop_atr"":2.5,""target_atr"":2.0,""time_exit"":48,""timeframe"":""M15""}",LONG,0.9474534923529144,0.0085004332915099,-30.02555865474814,-30.02555865474864,2285,71.52306556309696,GENETIC,0.0131831309035289,0.6666666666666666,6,-0.0882334969714342,"[1.5928486986046997, 1.0349121260347593, 1.1365495965883479, 0.8279075964494872, 0.9356656793553384, 1.0903296716483137]","[367, 360, 360, 392, 433, 373]",0.6577914233273371,True,1.007425700487106,0.0070925768517535,0.0174441467820405,522,-0.2070852626571489,1.008766908310562,0.0085004332915099,0.1121652217444624,4.908762439582525e-05,2285,-0.5627596462940371,0.8647213374893992,False,3.341790571272283e-05,0.9361123556414388,False,True,PASS,45303c106505b740063b26e43db05d5aadb190b5c9fe6752a1402900474f8717,0.9053457370362942,-0.0359681644205412,-0.0003556963208734,-0.2055924734648642,-0.2891730188507753,False,ADMITTED
LINK,M15,VAL,SQX-LINK-M15-c3ba21ee3b2f,c3ba21ee3b2f09887374f1f958ac8c679c2198fae1961f08516f55b572a75942,"{""atr_period"":14,""direction"":""LONG"",""grammar_version"":""v1.7"",""logic"":""AND"",""market"":""LINK"",""predicates"":[{""feature"":""rsi_14"",""operator"":""<"",""value"":25.0},{""feature"":""structure.last.3"",""operator"":""=="",""value"":2.0}],""stop_atr"":1.0,""target_atr"":3.0,""time_exit"":72,""timeframe"":""M15""}",LONG,1.0532316247716045,0.1657027187662522,2.862895889201553,2.8628958892015586,354,15.009980384042397,GENETIC,0.1567405472312048,0.6666666666666666,6,-0.1220141656602628,"[1.2656779791103807, 0.9087351887820381, 0.9432628208118733, 0.7937082921216868, 1.53642026149035, 1.3765343788958746]","[72, 47, 39, 50, 90, 55]",0.6469036724828058,True,1.10310766122025,0.1025369981652045,0.0638693779302621,72,-0.3779100007484584,1.2258433574383036,0.1657027187662522,0.6966762950357699,0.0019680121328694,354,-0.2387247769948715,0.989056259263242,False,0.0008870746934758,0.7857313733860161,False,True,PASS,c3ba21ee3b2f09887374f1f958ac8c679c2198fae1961f08516f55b572a75942,0.7492619452810589,-0.1963748490592883,-0.0018757182362094,-0.2138318789278752,-0.3570415728731381,False,ADMITTED
LINK,M15,VAL,SQX-LINK-M15-95be945b3521,95be945b352182bb4ed8eb87ddf20c92e05a53ef76a5906d02be3affd11e878b,"{""atr_period"":14,""direction"":""SHORT"",""grammar_version"":""v1.7"",""logic"":""AND"",""market"":""LINK"",""predicates"":[{""feature"":""rsi_14"",""operator"":""<"",""value"":25.0},{""feature"":""structure.fractal_low.5"",""operator"":""=="",""value"":1.0}],""stop_atr"":2.0,""target_atr"":1.5,""time_exit"":72,""timeframe"":""M15""}",SHORT,1.7277939672603928,0.1577326187307268,25.237255719251788,25.237255719251685,228,25.32888887601382,GENETIC,0.1687910245233463,1.0,6,0.0313327798680965,"[2.1026413264469537, 4.058959233171505, 1.655528028038459, 2.0025134848565482, 1.2306038951106046, 1.6970439337241212]","[23, 27, 40, 39, 49, 50]",0.6467910245233464,True,1.0164113562170942,0.0104913906623146,0.0038909825819508,57,-0.0680959602362852,1.473554371888214,0.1577326187307268,0.4214956428947112,0.0018486651004154,228,-0.3022695177549594,0.92363993982212,False,6.826285231493015e-05,0.9489068692483908,False,True,PASS,95be945b352182bb4ed8eb87ddf20c92e05a53ef76a5906d02be3affd11e878b,1.2804148169382183,0.1050951789457613,0.0010374780974184,0.0425366019941571,-0.0719642793292675,False,ADMITTED
LINK,M15,VAL,SQX-LINK-M15-9240767002f0,9240767002f097368055f6ecb8b7ae3dc1874977a0b1f03b8d4430fd7e4af490,"{""atr_period"":14,""direction"":""SHORT"",""grammar_version"":""v1.7"",""logic"":""AND"",""market"":""LINK"",""predicates"":[{""feature"":""trend.ema_pair.10.20"",""operator"":""<"",""value"":0.0},{""feature"":""volatility.bb_middle.20.2"",""operator"":"">"",""value"":0.0}],""stop_atr"":1.5,""target_atr"":3.0,""time_exit"":96,""timeframe"":""M15""}",SHORT,1.1876706211663748,0.0380765087106091,112.33991766815618,112.33991766815672,3203,120.20844273575044,GENETIC,0.0145904752887248,0.5,6,-0.0160576934392126,"[1.1818949507648249, 0.855733730775164, 1.2552540606318696, 1.3015600742257383, 0.9689847119314204, 1.0268719105747806]","[550, 518, 520, 495, 554, 568]",0.6355760519289216,True,1.0341078923941005,0.030211589531876,0.1806075685380841,835,-0.797721347069518,1.0459799428591108,0.0380765087106091,1.451605301111366,0.0004532017799286,3203,-0.6647223223834297,0.5789620926202841,False,0.0002162964892671,0.544157761984519,False,True,PASS,9240767002f097368055f6ecb8b7ae3dc1874977a0b1f03b8d4430fd7e4af490,0.965254570862263,-0.0135940990431481,-0.0002178252980275,-0.1694680818654431,-0.3610966451022431,False,ADMITTED
LINK,M15,VAL,SQX-LINK-M15-a0edaca648ec,a0edaca648ec60c37a5d325c7e893127359ac28129d522a0187cec4b2671b7e1,"{""atr_period"":14,""direction"":""SHORT"",""grammar_version"":""v1.7"",""logic"":""AND"",""market"":""LINK"",""predicates"":[{""feature"":""rsi_14"",""operator"":""<"",""value"":25.0},{""feature"":""structure.fractal_low.5"",""operator"":""=="",""value"":1.0}],""stop_atr"":2.0,""target_atr"":1.5,""time_exit"":96,""timeframe"":""M15""}",SHORT,1.6089448431172495,0.1473032659751476,22.65691916901176,22.656919169011665,227,22.94636725707656,GENETIC,0.150677954321149,1.0,6,0.0313327798680965,"[2.1026413264469537, 4.058959233171505, 1.7011851579773074, 1.702677223533562, 1.2306038951106046, 1.5461772074307467]","[23, 27, 40, 39, 49, 49]",0.627677954321149,True,1.043823583248531,0.0217300335414698,0.0101414667051078,56,-0.0680959602362852,1.4240489393045777,0.1473032659751476,0.3859305111069988,0.0017001344101629,227,-0.3022695177549595,0.9257533609215832,False,0.000181097619734,0.9489068692483908,False,True,PASS,a0edaca648ec60c37a5d325c7e893127359ac28129d522a0187cec4b2671b7e1,1.2804148169382183,0.1050951789457613,0.0010374780974184,0.0425366019941571,-0.0719642793292675,False,ADMITTED
LINK,M15,VAL,SQX-LINK-M15-76c4aa5bd411,76c4aa5bd411b78581a157f61be9add58c752ef0eab1c077d8ed4caa4722d790,"{""atr_period"":14,""direction"":""LONG"",""grammar_version"":""v1.7"",""logic"":""AND"",""market"":""LINK"",""predicates"":[{""feature"":""rsi_14"",""operator"":""<"",""value"":25.0},{""feature"":""trend.ema_pair.20.100"",""operator"":""<"",""value"":0.0}],""stop_atr"":2.5,""target_atr"":3.0,""time_exit"":96,""timeframe"":""M15""}",LONG,0.97787858945282,0.0078920097181391,-11.15487967775772,-11.154879677757757,1592,60.91845656900085,GENETIC,0.0317523640220544,0.5,6,-0.1317619751260881,"[1.191227121518297, 1.08848588274568, 1.2238476258257993, 0.8634611859908196, 0.9588606191182449, 0.974085879023994]","[255, 266, 251, 269, 307, 244]",0.6238118702405324,True,1.0156037756234049,0.0146986813060187,0.0318890376219318,358,-0.187222188111375,1.0028621058821148,0.0078920097181391,0.0326839990875869,2.053015018064511e-05,1592,-0.5662772772780575,0.8520402814571345,False,8.907552408360855e-05,0.9469979059849885,False,True,PASS,76c4aa5bd411b78581a157f61be9add58c752ef0eab1c077d8ed4caa4722d790,0.7742803966038379,-0.1257938339779694,-0.0010380277512081,-0.3902984344542568,-0.4143580142975704,False,ADMITTED
LINK,M15,VAL,SQX-LINK-M15-43d10a2d7402,43d10a2d7402dff1aee3d6905d2ba5a737d0bd3793b92daded9d15c2d77fb230,"{""atr_period"":14,""direction"":""LONG"",""grammar_version"":""v1.7"",""logic"":""AND"",""market"":""LINK"",""predicates"":[{""feature"":""momentum.roc.4"",""operator"":""<"",""value"":-0.005},{""feature"":""rsi_14"",""operator"":""<"",""value"":25.0}],""stop_atr"":2.5,""target_atr"":3.0,""time_exit"":48,""timeframe"":""M15""}",LONG,0.9626336927016258,0.0102290440926182,-21.682348672957296,-21.682348672957943,1900,59.119445229818965,GENETIC,0.0191931153409417,0.5,6,-0.0876753901421583,"[1.2614991950144252, 1.0705181895633107, 1.0760976333048313, 0.8591747386657813, 1.0452842480721014, 1.0738750993028623]","[309, 295, 300, 341, 374, 281]",0.6222742678054022,True,1.0575381871961362,0.0331858343696991,0.1165060953661905,398,-0.2239329795159199,1.008618896163258,0.0102290440926182,0.0955936291360388,5.031243638739177e-05,1900,-0.537384813814789,0.8857326732487808,False,0.0002927288828296,0.8587397670470334,False,True,PASS,43d10a2d7402dff1aee3d6905d2ba5a737d0bd3793b92daded9d15c2d77fb230,0.8102841186041241,-0.0953654280234513,-0.0008001817436069,-0.3808865099569112,-0.4090724302612185,False,ADMITTED
LINK,M15,VAL,SQX-LINK-M15-0991ea932f72,0991ea932f72d48358f8e8db962839786ea7516c14caa57beb247539c48fa960,"{""atr_period"":14,""direction"":""LONG"",""grammar_version"":""v1.7"",""logic"":""AND"",""market"":""LINK"",""predicates"":[{""feature"":""rsi_14"",""operator"":""<"",""value"":25.0},{""feature"":""structure.last.3"",""operator"":""=="",""value"":2.0}],""stop_atr"":1.5,""target_atr"":1.5,""time_exit"":48,""timeframe"":""M15""}",LONG,1.039324554434217,0.0928530827147754,1.9176449704794885,1.9176449704794925,336,9.199268250289675,GENETIC,0.1046181375952381,0.8333333333333334,6,-0.1129194749052918,"[0.9845907607761486, 1.1443367384137593, 1.4863781234396731, 0.7402191237733245, 1.126063194330675, 1.4823804092450645]","[67, 47, 38, 44, 87, 52]",0.6207216022022486,True,1.205066270913181,0.0951264880924707,0.0662325533500949,71,-0.0537250323096468,1.1940232553455783,0.0928530827147754,0.3438338808662047,0.0010233151216256,336,-0.3245222099468021,0.989347949941864,False,0.0009328528640858,0.9698046317997578,False,True,PASS,0991ea932f72d48358f8e8db962839786ea7516c14caa57beb247539c48fa960,0.7802576236296273,-0.1126391655129057,-0.0011082125529698,-0.1152541055088616,-0.1970262637243282,False,ADMITTED
LINK,M15,VAL,SQX-LINK-M15-449592217c7e,449592217c7e73f201786bed8ffa85ab9b7b714cd16a492a1c4971ba2251370b,"{""atr_period"":14,""direction"":""LONG"",""grammar_version"":""v1.7"",""logic"":""AND"",""market"":""LINK"",""predicates"":[{""feature"":""rsi_14"",""operator"":""<"",""value"":25.0},{""feature"":""volatility.bb_middle.50.2"",""operator"":""<"",""value"":0.0}],""stop_atr"":2.5,""target_atr"":2.0,""time_exit"":96,""timeframe"":""M15""}",LONG,0.9808809310792126,0.0096751670583114,-10.7843654141147,-10.784365414114816,2192,65.7864166859794,GENETIC,0.012919236101715,0.5,6,-0.0749527261584225,"[1.5342333441657074, 0.9897831158478468, 1.1829649288433277, 0.8824157284379922, 0.9233504518036068, 1.0649301841178378]","[352, 342, 348, 383, 415, 352]",0.6191810545621094,True,1.0071079626689037,0.0072906976423956,0.0169175506955028,499,-0.1912983434215782,1.0103667828807203,0.0096751670583114,0.1333805492029469,6.084879069477375e-05,2192,-0.5334582423365143,0.8675692176157815,False,3.39029072054201e-05,0.9612933417403612,False,True,PASS,449592217c7e73f201786bed8ffa85ab9b7b714cd16a492a1c4971ba2251370b,0.9164625919652084,-0.0328960430803539,-0.0003337905806688,-0.1825834476258679,-0.2332894258451017,False,ADMITTED
LINK,M15,VAL,SQX-LINK-M15-72ceb883de0c,72ceb883de0c034e73cc7d19658367ea6928a3d7e6f7b038fd3fcb0c58df0605,"{""atr_period"":14,""direction"":""LONG"",""grammar_version"":""v1.7"",""logic"":""AND"",""market"":""LINK"",""predicates"":[{""feature"":""rsi_14"",""operator"":""<"",""value"":25.0},{""feature"":""structure.last.2"",""operator"":""=="",""value"":4.0}],""stop_atr"":2.5,""target_atr"":2.0,""time_exit"":24,""timeframe"":""M15""}",LONG,0.9126202580575504,0.009130704068028,-24.852379793632394,-24.852379793632693,1220,49.88446956353815,GENETIC,0.0251770549220512,0.5,6,-0.1278296357010112,"[1.298115804908183, 1.3050219733758697, 1.1073563513569538, 0.8102653830787196, 0.7927189245955133, 1.2580258426087405]","[185, 190, 194, 211, 241, 199]",0.6182196459967985,True,1.0128301940796391,0.0084642086290558,0.0130997055282273,255,-0.1671271687536862,1.012473477630378,0.009130704068028,0.0728464631775789,5.971021571932672e-05,1220,-0.3860608209271573,0.967565175273902,False,5.1371394228340334e-05,0.9359402769316062,False,True,PASS,72ceb883de0c034e73cc7d19658367ea6928a3d7e6f7b038fd3fcb0c58df0605,0.8144124156789037,-0.0752815016002356,-0.0007105581040838,-0.1854556651658782,-0.2511108419642765,False,ADMITTED
LINK,M15,VAL,SQX-LINK-M15-feaf234f3dad,feaf234f3dad0a829a20e18e1d666e4d2ecabdcd257e0165a145d7810f4273d4,"{""atr_period"":14,""direction"":""LONG"",""grammar_version"":""v1.7"",""logic"":""AND"",""market"":""LINK"",""predicates"":[{""feature"":""rsi_14"",""operator"":""<"",""value"":25.0}],""stop_atr"":2.5,""target_atr"":2.0,""time_exit"":24,""timeframe"":""M15""}",LONG,0.9721416924612298,0.0036064636518681,-14.535556778679158,-14.535556778679425,2315,57.85052670087764,GENETIC,0.0082904715145475,0.5,6,-0.0742124708526356,"[1.4000546982176765, 1.0999595185254694, 1.2051668921383962, 0.8689218421292694, 0.8806682306832797, 1.0943321750410198]","[373, 368, 363, 395, 439, 377]",0.6147373538013886,True,1.0720032966846935,0.0323672974393104,0.167475493083604,534,-0.1816461583564075,1.0002415627359849,0.0036064636518681,0.0027679788202237,1.1956711966408227e-06,2315,-0.552283905862338,0.870287827469662,False,0.0003136245188831,0.9408540460890444,False,True,PASS,feaf234f3dad0a829a20e18e1d666e4d2ecabdcd257e0165a145d7810f4273d4,0.8770558532018825,-0.0445711768715362,-0.0004182879873588,-0.2467899125416999,-0.2992114692807227,False,ADMITTED
LINK,M15,VAL,SQX-LINK-M15-2a94d596e4df,2a94d596e4dfeb6c0a9b2611fcb2d9f8384c6d56eefc75a64508d78f7219fd0c,"{""atr_period"":14,""direction"":""LONG"",""grammar_version"":""v1.7"",""logic"":""AND"",""market"":""LINK"",""predicates"":[{""feature"":""rsi_14"",""operator"":""<"",""value"":25.0},{""feature"":""volatility.bb_middle.20.2"",""operator"":""<"",""value"":0.0}],""stop_atr"":2.5,""target_atr"":2.0,""time_exit"":24,""timeframe"":""M15""}",LONG,0.9721686271605297,0.0036064403311278,-14.521100011035829,-14.52110001103609,2315,57.83604234398308,GENETIC,0.0082904715145475,0.5,6,-0.0742125498768421,"[1.4000517717708476, 1.0999595185254694, 1.2051668921383962, 0.8689702591210594, 0.8806682306832797, 1.0943321750410198]","[373, 368, 363, 395, 439, 377]",0.614737334045337,True,1.0720032966846935,0.0323672974393104,0.167475493083604,534,-0.1816461583564075,1.000241515444288,0.0036064403311278,0.0027674360422842,1.1954367353283989e-06,2315,-0.5522840470285605,0.8702876308048291,False,0.0003136245188831,0.9408540460890444,False,True,PASS,2a94d596e4dfeb6c0a9b2611fcb2d9f8384c6d56eefc75a64508d78f7219fd0c,0.8770558532018825,-0.0445711768715362,-0.0004182879873588,-0.2467899125416999,-0.2992114692807227,False,ADMITTED
LINK,M15,VAL,SQX-LINK-M15-330751288e62,330751288e622ca1acdb40d2b4b346f9c386a541682028232e53b43b0725a615,"{""atr_period"":14,""direction"":""SHORT"",""grammar_version"":""v1.7"",""logic"":""AND"",""market"":""LINK"",""predicates"":[{""feature"":""structure.break_high.3"",""operator"":"">"",""value"":0.0},{""feature"":""trend.ema_pair.50.100"",""operator"":""<"",""value"":0.0}],""stop_atr"":1.5,""target_atr"":2.0,""time_exit"":24,""timeframe"":""M15""}",SHORT,1.035707072556938,0.0082639153578765,17.35847510345973,17.358475103458005,3101,30.07357254317649,GENETIC,0.0008116177426226,0.5,6,-0.0444727182727079,"[1.426068315307128, 1.027350092273163, 1.099272893944896, 1.0011913193761517, 1.0030200258902235, 0.9923086677869276]","[514, 529, 495, 524, 515, 524]",0.6146934381744457,True,1.0335698573400656,0.0231338585745044,0.1437861548361811,806,-0.6135560833700755,1.003593670619694,0.0082639153578765,0.0620556016519908,2.0011480700416696e-05,3101,-0.8070464839708131,0.5758902619406593,False,0.0001783947330473,0.6823336707136861,False,True,PASS,330751288e622ca1acdb40d2b4b346f9c386a541682028232e53b43b0725a615,0.8919129979990571,-0.059693670612785,-0.0005352174518349,-0.3521730833073826,-0.4624061753728718,False,ADMITTED
LINK,M15,VAL,SQX-LINK-M15-6e9b555095c9,6e9b555095c99a022fd4bb26e346d41c2c82902ac668fd1f48949c366fa77a3e,"{""atr_period"":14,""direction"":""SHORT"",""grammar_version"":""v1.7"",""logic"":""AND"",""market"":""LINK"",""predicates"":[{""feature"":""volatility.atr_regime.28.50"",""operator"":""<"",""value"":0.0},{""feature"":""volatility.bb_upper.20.2"",""operator"":"">"",""value"":0.0}],""stop_atr"":2.0,""target_atr"":3.0,""time_exit"":96,""timeframe"":""M15""}",SHORT,1.0707603767562788,0.0284276746697935,33.99524778458328,33.99524778458208,2292,41.098550366936834,GENETIC,0.0040139689808845,0.5,6,-0.0587581658687282,"[0.9713580549847419, 1.0468250078780172, 1.1990743502437624, 1.0021976041530667, 1.043256411575221, 1.1741873541718675]","[385, 383, 401, 379, 396, 348]",0.6143244275137024,True,1.0288785891275158,0.0218926199347443,0.0821214609977585,555,-0.5837711849073817,1.0449725147154287,0.0284276746697935,0.6130848606918387,0.0002674890317154,2292,-0.6545426239841412,0.4550192615947088,False,0.0001479665963923,0.4497617831308017,False,True,PASS,6e9b555095c99a022fd4bb26e346d41c2c82902ac668fd1f48949c366fa77a3e,0.9435129397040348,-0.0240030496551999,-0.0002913604227544,-0.1523815011005609,-0.3167686742874206,False,ADMITTED
LINK,M15,VAL,SQX-LINK-M15-a96bad0928b6,a96bad0928b6d0fc31461119f6da83fb71d6e7c0cedc1c40e15bbd5fa798943e,"{""atr_period"":14,""direction"":""SHORT"",""grammar_version"":""v1.7"",""logic"":""AND"",""market"":""LINK"",""predicates"":[{""feature"":""momentum.willr.28"",""operator"":""<"",""value"":-80.0},{""feature"":""rsi_14"",""operator"":""<"",""value"":25.0}],""stop_atr"":2.5,""target_atr"":4.0,""time_exit"":96,""timeframe"":""M15""}",SHORT,1.10578632514573,0.0109879712879043,53.04540429288773,53.045404292887326,1590,63.12370376317384,GENETIC,0.015593480815234,0.5,6,-0.1367481219845751,"[0.6830390210113783, 1.0827050594843686, 0.9333379163850307, 1.2363137372903084, 1.1340420859000524, 0.9939316466643057]","[251, 242, 243, 278, 321, 256]",0.6064064503190902,True,1.000935069641146,0.0081874922090172,0.0019709779050576,359,-0.2328155865606152,1.0065830038526555,0.0109879712879043,0.0543346340592365,3.417272582341887e-05,1590,-0.6962102571200443,0.4994140301855777,False,5.490189150577608e-06,0.8574371250753527,False,True,PASS,a96bad0928b6d0fc31461119f6da83fb71d6e7c0cedc1c40e15bbd5fa798943e,0.8877488917261732,-0.0617190401617213,-0.0006029438219318,-0.2478099108139956,-0.3649805319876579,False,ADMITTED
LINK,M15,VAL,SQX-LINK-M15-b5a1da22cbcd,b5a1da22cbcd70120fd634b978bb27361e9cfa4d8eb63b3b891c88996d0eb790,"{""atr_period"":14,""direction"":""LONG"",""grammar_version"":""v1.7"",""logic"":""AND"",""market"":""LINK"",""predicates"":[{""feature"":""rsi_14"",""operator"":""<"",""value"":25.0},{""feature"":""rsi_14"",""operator"":""<"",""value"":60.0}],""stop_atr"":1.5,""target_atr"":2.0,""time_exit"":24,""timeframe"":""M15""}",LONG,0.953642906380064,0.0064405597518604,-24.08409913921544,-24.08409913921631,2741,63.79729511670281,GENETIC,0.0074931092403258,0.5,6,-0.114497906072905,"[1.3306768837831415, 1.1671679738729022, 1.16762098352497, 0.8360705517344755, 0.9025929449259039, 1.075080925466743]","[437, 422, 426, 472, 537, 447]",0.6038686327220997,True,1.0441716893452773,0.0319066738316008,0.173562248323831,626,-0.9970522717476484,1.0001759571875872,0.0064405597518604,0.0037474341282932,1.3671777191878602e-06,2741,-0.6751780494310314,0.8992716222874062,False,0.0002772559877377,0.0075573653515375,False,True,PASS,b5a1da22cbcd70120fd634b978bb27361e9cfa4d8eb63b3b891c88996d0eb790,0.7739118293777374,-0.1111759266375692,-0.0007968562297772,-0.5657679231418395,-0.5799628879819243,False,ADMITTED
LINK,M15,VAL,SQX-LINK-M15-362316bfd663,362316bfd66318cc88c6836bfe506c9db44a2daaa2c5a1f2ddfa1554b3d085d3,"{""atr_period"":14,""direction"":""LONG"",""grammar_version"":""v1.7"",""logic"":""AND"",""market"":""LINK"",""predicates"":[{""feature"":""rsi_14"",""operator"":""<"",""value"":25.0}],""stop_atr"":1.5,""target_atr"":2.0,""time_exit"":24,""timeframe"":""M15""}",LONG,0.953642906380064,0.0064405597518604,-24.08409913921544,-24.08409913921631,2741,63.79729511670281,GENETIC,0.0074931092403258,0.5,6,-0.114497906072905,"[1.3306768837831415, 1.1671679738729022, 1.16762098352497, 0.8360705517344755, 0.9025929449259039, 1.075080925466743]","[437, 422, 426, 472, 537, 447]",0.6038686327220997,True,1.0441716893452773,0.0319066738316008,0.173562248323831,626,-0.9970522717476484,1.0001759571875872,0.0064405597518604,0.0037474341282932,1.3671777191878602e-06,2741,-0.6751780494310314,0.8992716222874062,False,0.0002772559877377,0.0075573653515375,False,True,PASS,362316bfd66318cc88c6836bfe506c9db44a2daaa2c5a1f2ddfa1554b3d085d3,0.7739118293777374,-0.1111759266375692,-0.0007968562297772,-0.5657679231418395,-0.5799628879819243,False,ADMITTED
LINK,M15,VAL,SQX-LINK-M15-23d84642677b,23d84642677b62f911d5665b3bcf88738bd4b4bbeb20a07c99fd0bf7d50841d6,"{""atr_period"":14,""direction"":""SHORT"",""grammar_version"":""v1.7"",""logic"":""AND"",""market"":""LINK"",""predicates"":[{""feature"":""rsi_14"",""operator"":""<"",""value"":25.0},{""feature"":""structure.fractal_high.3"",""operator"":""=="",""value"":1.0}],""stop_atr"":2.0,""target_atr"":4.0,""time_exit"":48,""timeframe"":""M15""}",SHORT,1.3692761549249224,0.0705754175016939,34.621086376427726,34.62108637642755,388,40.64661654251494,GENETIC,0.0755556142290133,0.8333333333333334,6,-0.2850729983795373,"[0.5221484737279838, 1.8688180307308506, 1.5164274533367224, 1.4637547797263604, 0.9957249633679586, 1.4875357191909007]","[52, 54, 63, 69, 80, 70]",0.6006206979674623,True,1.0960354699104329,0.0676504494896398,0.0575155659366743,96,-0.1775109218868324,1.1125170098259958,0.0705754175016939,0.2687638635125517,0.0006926903698777,388,-0.3128292424458236,0.7477833743604242,False,0.000599120478507,0.9242724556766092,False,True,PASS,23d84642677b62f911d5665b3bcf88738bd4b4bbeb20a07c99fd0bf7d50841d6,1.119826336078222,0.0819447354971633,0.0007407346564878,0.0511106912976624,-0.1004304839724667,False,ADMITTED
LINK,M15,VAL,SQX-LINK-M15-07a11892a2a2,07a11892a2a2c5a275004b29456b0a2a079bf71568ea768ce13281f0deb5aba7,"{""atr_period"":14,""direction"":""SHORT"",""grammar_version"":""v1.7"",""logic"":""AND"",""market"":""LINK"",""predicates"":[{""feature"":""rsi_14"",""operator"":""<"",""value"":25.0},{""feature"":""volatility.bb_lower.50.2"",""operator"":""<"",""value"":0.0}],""stop_atr"":2.5,""target_atr"":4.0,""time_exit"":72,""timeframe"":""M15""}",SHORT,1.033618349778796,0.0203475149609205,14.51890729459828,14.518907294598248,1233,43.79922280527512,GENETIC,0.0011402707777999,0.5,6,-0.1071155747967865,"[0.7649302609423047, 1.2410735327896123, 0.7750594660709614, 1.1471957381016162, 1.1561627431362924, 1.1762888633995943]","[185, 198, 212, 212, 225, 201]",0.5993613770786033,True,1.0116054530528686,0.0140302088692,0.0173980426169335,262,-0.165319042963505,1.0275633610005004,0.0203475149609205,0.1726198806037719,0.000139999903166,1233,-0.7834770605202797,0.241266956392994,False,6.640474281272424e-05,0.8892806399709159,False,True,PASS,07a11892a2a2c5a275004b29456b0a2a079bf71568ea768ce13281f0deb5aba7,0.8792976382221773,-0.0688721237775598,-0.0006848690121847,-0.1958725374848294,-0.4500454442398223,False,ADMITTED
LINK,M15,VAL,SQX-LINK-M15-0e3dbe8ee9e8,0e3dbe8ee9e8672f42392a1ef2cfbdcad242ea2062fb32bb382f4b3214278508,"{""atr_period"":14,""direction"":""LONG"",""grammar_version"":""v1.7"",""logic"":""AND"",""market"":""LINK"",""predicates"":[{""feature"":""momentum.roc.8"",""operator"":""<"",""value"":0.0},{""feature"":""structure.break_high.3"",""operator"":"">"",""value"":0.0}],""stop_atr"":1.0,""target_atr"":1.5,""time_exit"":24,""timeframe"":""M15""}",LONG,1.0553891526239776,0.0149059699149488,3.03628019643544,3.03628019643549,420,9.633097417646118,GENETIC,0.0471159326115152,0.6666666666666666,6,-0.1501671551757222,"[1.195506991877006, 0.5480092625375161, 1.0103504166768404, 1.0902963960523218, 1.187298333275362, 0.7983154482547398]","[64, 57, 46, 76, 100, 77]",0.5962408104842514,True,1.112215017530544,0.0737484224513678,0.0663983770131573,97,-0.2498939661672413,1.0125452147552487,0.0149059699149488,0.0318211660124103,7.576468098192965e-05,420,-0.7130322565236111,0.4006334496738286,False,0.0006845193506511,0.928865417502382,False,True,PASS,0e3dbe8ee9e8672f42392a1ef2cfbdcad242ea2062fb32bb382f4b3214278508,0.9074824400033806,-0.0503337462375887,-0.0005435143277595,-0.1239212667291862,-0.2560770793296029,False,ADMITTED
LINK,M15,VAL,SQX-LINK-M15-d967b4b15126,d967b4b1512662d01c44193ac10707153198afa4cc4944362be1f2da3109ffdf,"{""atr_period"":14,""direction"":""LONG"",""grammar_version"":""v1.7"",""logic"":""AND"",""market"":""LINK"",""predicates"":[{""feature"":""rsi_14"",""operator"":""<"",""value"":25.0},{""feature"":""structure.last.3"",""operator"":""=="",""value"":2.0}],""stop_atr"":1.5,""target_atr"":2.0,""time_exit"":48,""timeframe"":""M15""}",LONG,0.9845475391604572,0.0801982007104391,-0.8684388180764886,-0.8684388180764826,331,10.7279137835899,GENETIC,0.0853941615289937,0.8333333333333334,6,-0.1280709900568069,"[1.0878420650698777, 0.9394872861421897, 0.9131744768899268, 0.7797085518979091, 1.2814741601405222, 1.090559384356694]","[66, 46, 38, 44, 85, 51]",0.5927097473481254,True,1.2202552175666204,0.1233018339195964,0.0863394229321148,71,-0.063843390664674,1.1385666504104774,0.0801982007104391,0.2756553602941276,0.0008327956504354,331,-0.3245222099468021,0.931822797577015,False,0.0012160482103114,0.97790082635681,False,True,PASS,d967b4b1512662d01c44193ac10707153198afa4cc4944362be1f2da3109ffdf,0.8437030951561822,-0.0876118689399733,-0.0008996424637864,-0.0917635313062225,-0.1821407817282513,False,ADMITTED
LINK,M15,VAL,SQX-LINK-M15-1d9c71497cf7,1d9c71497cf77e1fb556575389c47134d1022c4f8d678682166f522cd1887db3,"{""atr_period"":14,""direction"":""SHORT"",""grammar_version"":""v1.7"",""logic"":""AND"",""market"":""LINK"",""predicates"":[{""feature"":""structure.break_low.5"",""operator"":""<"",""value"":0.0},{""feature"":""volatility.bb_middle.20.2"",""operator"":"">"",""value"":0.0}],""stop_atr"":1.5,""target_atr"":4.0,""time_exit"":48,""timeframe"":""M15""}",SHORT,1.492256490228401,0.135884072236128,18.567027456822824,18.56702745682272,202,21.697982337361328,GENETIC,0.20223568697339,0.8333333333333334,6,-0.1492770510311855,"[2.0473729394415567, 0.6090846257556858, 4.032605688710905, 1.3800091962609442, 1.0517034057685637, 1.0111961448285016]","[38, 28, 17, 28, 61, 30]",0.5752497575489269,True,1.4220340185474138,0.3007590104931207,0.1147866858360462,38,-0.1168664957822831,1.1854344165287436,0.135884072236128,0.2833401030542626,0.0014026737774963,202,-0.2228300097223252,0.936072472649647,False,0.0030207022588433,0.9953511641577062,False,True,PASS,1d9c71497cf77e1fb556575389c47134d1022c4f8d678682166f522cd1887db3,1.4804929943128116,0.3057604674437927,0.0033571809954292,0.3222893755612055,-0.132084355419885,False,ADMITTED
LINK,M15,VAL,SQX-LINK-M15-6d58ad13dfc3,6d58ad13dfc34dba3313b79bfe78b0fd562e256904f6c8be519dc7205fb8f929,"{""atr_period"":14,""direction"":""LONG"",""grammar_version"":""v1.7"",""logic"":""AND"",""market"":""LINK"",""predicates"":[{""feature"":""volatility.compression.50.2.1.5"",""operator"":""=="",""value"":1.0}],""stop_atr"":1.5,""target_atr"":4.0,""time_exit"":72,""timeframe"":""M15""}",LONG,1.4823228578094,0.1976481192596691,6.522936428847324,6.522936428847338,133,7.487459377586509,GENETIC,0.186460705834185,1.0,6,0.0053124721046876,"[3.264917009276503, 1.5600433937088767, 1.2241087472012, 2.4660868169171724, 0.9661154137632759, 1.347175473036662]","[44, 20, 21, 8, 23, 17]",0.5694607058341851,True,1.3467874210889934,0.250008125400879,0.0528575413453233,22,-0.0874888464791268,1.268513962655841,0.1976481192596691,0.2759111768855475,0.002074520126959,133,-0.4755489592137816,0.6983634675422875,False,0.0024026155156965,0.9368527897117972,False,True,PASS,6d58ad13dfc34dba3313b79bfe78b0fd562e256904f6c8be519dc7205fb8f929,0.9577465181320952,-0.0193584643157929,-0.0003259426035307,-0.0117339337271075,-0.1000944874371314,False,ADMITTED
LINK,M15,VAL,SQX-LINK-M15-a4010e828796,a4010e8287965249f221667df7fcffcad5505d9a6b1884ca7ae7ae7cdff67547,"{""atr_period"":14,""direction"":""SHORT"",""grammar_version"":""v1.7"",""logic"":""AND"",""market"":""LINK"",""predicates"":[{""feature"":""rsi_14"",""operator"":""<"",""value"":25.0},{""feature"":""structure.last.3"",""operator"":""=="",""value"":1.0}],""stop_atr"":1.0,""target_atr"":4.0,""time_exit"":48,""timeframe"":""M15""}",SHORT,1.4046217543082202,0.0935702511565876,30.96479979583961,30.96479979583952,419,32.94164605749601,GENETIC,0.1052935247273162,0.6666666666666666,6,-0.5946681318802667,"[0.8460630284227618, 0.8770610883889746, 1.0391096344640722, 1.6145238255982586, 1.8905801870023087, 0.8263682186343809]","[41, 57, 75, 94, 79, 73]",0.5422931584239162,True,1.437950587271848,0.3404051153539584,0.3937590549408889,105,-0.146855668484919,1.1188229847092093,0.0935702511565876,0.3608247916902014,0.0008611570207403,419,-0.7745801784183071,0.3491313077955511,False,0.0037500862375322,0.9751736948813442,False,True,PASS,a4010e8287965249f221667df7fcffcad5505d9a6b1884ca7ae7ae7cdff67547,0.7614616410096273,-0.2069654330254123,-0.0019220461901543,-0.2806187437625337,-0.4203018707729127,False,ADMITTED
LINK,M15,VAL,SQX-LINK-M15-58c5bcbb419c,58c5bcbb419cd393c7dd82cd3495913ffa681dc4eefcfdcc652c25b9a4346bdc,"{""atr_period"":14,""direction"":""LONG"",""grammar_version"":""v1.7"",""logic"":""AND"",""market"":""LINK"",""predicates"":[{""feature"":""volatility.compression.50.2.1.5"",""operator"":""=="",""value"":1.0}],""stop_atr"":1.5,""target_atr"":4.0,""time_exit"":96,""timeframe"":""M15""}",LONG,1.4657058331275854,0.199656325019132,6.360232169066933,6.360232169066945,132,7.475806268277896,GENETIC,0.2090799748753732,0.8333333333333334,6,-0.0481776910263076,"[3.20153601096811, 1.5600433937088767, 1.2241087472012, 2.4660868169171724, 0.9267567268755389, 1.3712037332265743]","[43, 20, 21, 8, 23, 17]",0.5373688854521296,True,1.3467874210889934,0.250008125400879,0.0528575413453233,22,-0.0874888464791268,1.267127158577732,0.199656325019132,0.2765958316828474,0.0020954229672943,132,-0.4755489592137816,0.6983634675422875,False,0.0024026155156965,0.9368527897117972,False,True,PASS,58c5bcbb419cd393c7dd82cd3495913ffa681dc4eefcfdcc652c25b9a4346bdc,0.9790151119645945,-0.0025907655182993,-0.0001689530956063,-0.0060823114418302,-0.1000944874371314,False,ADMITTED
LINK,M15,VAL,SQX-LINK-M15-f1e19e594f2d,f1e19e594f2dca52874aad757e808895032dccf37e520966cfa348c985914bde,"{""atr_period"":14,""direction"":""SHORT"",""grammar_version"":""v1.7"",""logic"":""AND"",""market"":""LINK"",""predicates"":[{""feature"":""rsi_14"",""operator"":""<"",""value"":25.0},{""feature"":""structure.last.5"",""operator"":""=="",""value"":2.0}],""stop_atr"":1.5,""target_atr"":4.0,""time_exit"":48,""timeframe"":""M15""}",SHORT,1.1220913148027765,0.0978556948774682,7.561359934889385,7.56135993488941,327,8.991486332284918,GENETIC,0.1130328629677412,0.6666666666666666,6,-0.291783964948956,"[0.3983514320954648, 1.399702294019842, 1.1452223444469314, 0.9516624738254217, 1.2869269263695988, 2.0694098361660718]","[62, 58, 43, 39, 71, 54]",0.533753538397169,True,1.033392196543189,0.0372129087296536,0.015085467319555,62,-0.0956807418254925,1.149587980780258,0.0978556948774682,0.3192314193999226,0.0009762428727826,327,-0.9685342736065216,0.0340572964896791,False,0.000243313989025,0.9707501222225908,False,True,PASS,f1e19e594f2dca52874aad757e808895032dccf37e520966cfa348c985914bde,0.6938842506328258,-0.2451392688996816,-0.0023201217799369,-0.1832896206150204,-0.2636377604066106,False,ADMITTED
LINK,M15,VAL,SQX-LINK-M15-a13be3a8e0d3,a13be3a8e0d3e9fdd5368268b1dd449c635970be456797841a2c3381a4bf3e5e,"{""atr_period"":14,""direction"":""LONG"",""grammar_version"":""v1.7"",""logic"":""AND"",""market"":""LINK"",""predicates"":[{""feature"":""rsi_14"",""operator"":""<"",""value"":25.0},{""feature"":""structure.last.3"",""operator"":""=="",""value"":2.0}],""stop_atr"":2.5,""target_atr"":4.0,""time_exit"":96,""timeframe"":""M15""}",LONG,0.9520519838916306,0.0894291302330593,-4.340393775864916,-4.340393775864905,302,18.543739579539825,GENETIC,0.1064017468087113,0.6666666666666666,6,-0.1879924504514593,"[1.9551596180994255, 0.9313059292779089, 0.5344508480459843, 1.0170867750348318, 1.1089193914291156, 0.8852903009083539]","[59, 41, 37, 42, 72, 50]",0.5280703008625132,True,1.464295998062704,0.2495250848689489,0.1668468798455835,64,-0.0677683136560375,1.1381433447629918,0.0894291302330593,0.2796368865073586,0.0009259499553223,302,-0.1552103181023741,0.9896000197869692,False,0.0026069824975872,0.9797289472933128,False,True,PASS,a13be3a8e0d3e9fdd5368268b1dd449c635970be456797841a2c3381a4bf3e5e,0.8371856486893162,-0.0871996743139769,-0.0009087560540508,-0.0781530206483708,-0.2379316007515884,False,ADMITTED
LINK,M15,VAL,SQX-LINK-M15-bc0ec04445f2,bc0ec04445f2a1173251c746e0f4be7af10e1cbbba8641566e4cb4ee166d6f7b,"{""atr_period"":14,""direction"":""LONG"",""grammar_version"":""v1.7"",""logic"":""AND"",""market"":""LINK"",""predicates"":[{""feature"":""rsi_14"",""operator"":""<"",""value"":25.0},{""feature"":""structure.last.3"",""operator"":""=="",""value"":2.0}],""stop_atr"":2.5,""target_atr"":4.0,""time_exit"":72,""timeframe"":""M15""}",LONG,0.994268528877716,0.0965262587204011,-0.4903585002483179,-0.4903585002483163,303,13.906078469348373,GENETIC,0.1171962496070329,0.6666666666666666,6,-0.2472895569323755,"[2.148162900389662, 0.9227620755163213, 0.5264527622409415, 1.0697640324823643, 1.194190500851232, 0.9130435774391858]","[60, 41, 37, 42, 72, 50]",0.5250405270406057,True,1.3680229115117857,0.1980741143393533,0.1294499903628803,64,-0.067928762171825,1.158463005214086,0.0965262587204011,0.3099459354235607,0.0010229238792856,303,-0.1731196298065481,0.9896000197869692,False,0.00202265609942,0.9797289472933128,False,True,PASS,bc0ec04445f2a1173251c746e0f4be7af10e1cbbba8641566e4cb4ee166d6f7b,0.9045570458835748,-0.0452654375389689,-0.0005138498833293,-0.0447049398496524,-0.2209611379328821,False,ADMITTED
LINK,M15,VAL,SQX-LINK-M15-e8e866edfe76,e8e866edfe76e9756543733ac1e97143dac2df47bdb993271b77d0668f484882,"{""atr_period"":14,""direction"":""LONG"",""grammar_version"":""v1.7"",""logic"":""AND"",""market"":""LINK"",""predicates"":[{""feature"":""rsi_14"",""operator"":""<"",""value"":25.0},{""feature"":""structure.last.3"",""operator"":""=="",""value"":2.0}],""stop_atr"":2.5,""target_atr"":3.0,""time_exit"":96,""timeframe"":""M15""}",LONG,1.006546062436701,0.0881962935620866,0.5378792970258601,0.5378792970258608,305,15.765221547205217,GENETIC,0.083441564795066,0.6666666666666666,6,-0.1285329909919996,"[1.7607157303001262, 0.930266879205722, 0.5930537530660223, 0.9988147694360436, 1.373023545607528, 0.7744921996756093]","[60, 42, 37, 42, 73, 50]",0.5229749837137329,True,1.2279864446096476,0.1203973210569284,0.0758857492188058,64,-0.0640537262261615,1.1583233816143468,0.0881962935620866,0.2853827875749404,0.0009356812707375,305,-0.1243308772323035,0.9896224575996188,False,0.0011857148315438,0.975869714234653,False,True,PASS,e8e866edfe76e9756543733ac1e97143dac2df47bdb993271b77d0668f484882,0.9548925863056074,-0.0172895809916623,-0.000229961113154,-0.0204665390707101,-0.200320190483102,False,ADMITTED
LINK,M15,VAL,SQX-LINK-M15-69c61981daaa,69c61981daaa137cb03aee4c072f4dd25064e61efdb43020f038bcf2abb17f18,"{""atr_period"":14,""direction"":""LONG"",""grammar_version"":""v1.7"",""logic"":""AND"",""market"":""LINK"",""predicates"":[{""feature"":""rsi_14"",""operator"":""<"",""value"":25.0},{""feature"":""trend.ema_slope.20.12"",""operator"":"">"",""value"":0.0}],""stop_atr"":2.5,""target_atr"":3.0,""time_exit"":48,""timeframe"":""M15""}",LONG,1.120353592227525,0.1456276454273197,3.7277890029244345,3.727789002924454,157,7.650101362909005,GENETIC,0.1771231979630625,0.8333333333333334,6,-0.0844860126351707,"[3.409038248359083, 1.9004942919743284, 1.545831505105367, 0.8925924929814082, 0.7537004897201878, 1.7234776438101262]","[29, 24, 25, 24, 31, 24]",0.5213350281376032,True,2.193039145217919,0.3862203852340809,0.1468203692995975,36,-0.1511236238045401,1.3059214785440942,0.1456276454273197,0.2458908375305395,0.0015661836785384,157,-0.0845896429215413,0.9763223433260456,False,0.0040783435916554,0.9311512790266546,False,True,PASS,69c61981daaa137cb03aee4c072f4dd25064e61efdb43020f038bcf2abb17f18,0.713420880079067,-0.1637637910666922,-0.0016268777717347,-0.0797170108150021,-0.1610692782728295,False,ADMITTED
LINK,M15,VAL,SQX-LINK-M15-f0e15ab82df2,f0e15ab82df2903cf06f9e1944406174a6f5d0051204f7a682fd32f3fe3ce7e5,"{""atr_period"":14,""direction"":""SHORT"",""grammar_version"":""v1.7"",""logic"":""AND"",""market"":""LINK"",""predicates"":[{""feature"":""structure.break_low.5"",""operator"":""<"",""value"":0.0},{""feature"":""volatility.bb_middle.20.2"",""operator"":"">"",""value"":0.0}],""stop_atr"":2.0,""target_atr"":4.0,""time_exit"":96,""timeframe"":""M15""}",SHORT,1.351951229853967,0.1138094003955277,16.721023163935357,16.721023163935335,196,19.307298615019583,GENETIC,0.1613675399981727,0.6666666666666666,6,-0.0397448716147437,"[0.9817239219333125, 0.7319494239037572, 3.1358845950462686, 1.135394861204876, 1.206627770360462, 1.1875729364606469]","[37, 28, 16, 28, 58, 29]",0.5140979887611534,True,1.326186953056815,0.2183342871769156,0.0820650612734588,38,-0.1100313189267817,1.1691769203004003,0.1138094003955277,0.2256847564393791,0.0011514528389764,196,-0.1382101497429475,0.976049555090071,False,0.0021596068756173,0.9965133731182796,False,True,PASS,f0e15ab82df2903cf06f9e1944406174a6f5d0051204f7a682fd32f3fe3ce7e5,1.309520653061831,0.1961940974167146,0.002016905852556,0.1835384325825966,-0.1046900586519261,False,ADMITTED
LINK,M15,VAL,SQX-LINK-M15-2f0badf44e05,2f0badf44e05a0fc6dcbca4eaa47887a095611708eb2115eb4e3a175652c5179,"{""atr_period"":14,""direction"":""LONG"",""grammar_version"":""v1.7"",""logic"":""AND"",""market"":""LINK"",""predicates"":[{""feature"":""volatility.bb_middle.20.2"",""operator"":"">"",""value"":0.0},{""feature"":""volatility.compression.50.2.1.5"",""operator"":""=="",""value"":1.0}],""stop_atr"":1.0,""target_atr"":4.0,""time_exit"":72,""timeframe"":""M15""}",LONG,1.8346213938339628,0.2178070147611795,6.651346454781227,6.65134645478124,126,7.599282359432779,GENETIC,0.3309546760559303,0.6666666666666666,6,-0.4622818924017216,"[3.7489377120768475, 1.461251756452137, 1.0674515913096345, 3.354591280839032, 1.5849695879034855, 0.5267151529074418]","[50, 17, 15, 9, 17, 18]",0.5080508696221666,True,1.1677191248259555,0.1600865035050137,0.0319950640931507,23,-0.1557263504118691,1.2428593065669489,0.2178070147611795,0.2781535413304707,0.002207567788337,126,-0.2174183570343037,0.8639844867928612,False,0.0013910897431804,0.8778731322724956,False,True,PASS,2f0badf44e05a0fc6dcbca4eaa47887a095611708eb2115eb4e3a175652c5179,0.8974344822981377,-0.0738189022290308,-0.0009387283464103,-0.0337942204707719,-0.1908186298613385,False,ADMITTED
LINK,M15,VAL,SQX-LINK-M15-43ffea197391,43ffea197391392fad85f44f6efc6be8a981aa68dbb52f28fc7c6003933f1b11,"{""atr_period"":14,""direction"":""LONG"",""grammar_version"":""v1.7"",""logic"":""AND"",""market"":""LINK"",""predicates"":[{""feature"":""momentum.roc.32"",""operator"":"">"",""value"":0.0},{""feature"":""rsi_14"",""operator"":""<"",""value"":25.0}],""stop_atr"":2.5,""target_atr"":4.0,""time_exit"":72,""timeframe"":""M15""}",LONG,1.0605699370988424,0.0645704312392585,4.787772885283845,4.787772885283852,310,21.91332101749164,GENETIC,0.0610893453621987,0.6666666666666666,6,-0.1412456330456244,"[0.6994907727537648, 1.17897845281606, 2.0085765660363073, 0.8578484681236751, 0.8394344582386977, 1.128193295259981]","[48, 50, 43, 51, 62, 56]",0.5024446037674593,True,1.0951340773473806,0.061086380571503,0.0446668468086162,82,-0.15512907363999,1.1026129363638462,0.0645704312392585,0.193207921793463,0.000623251360624,310,-0.4116744798733733,0.6356654109103093,False,0.0005447176440075,0.9227876801264094,False,True,PASS,43ffea197391392fad85f44f6efc6be8a981aa68dbb52f28fc7c6003933f1b11,0.8453627382146639,-0.0830787726585959,-0.0008637563538566,-0.0811930972625275,-0.1579187299221299,False,ADMITTED
LINK,M15,VAL,SQX-LINK-M15-e62901e5cf0b,e62901e5cf0bbe33237d401dd06c02d0516b681ddf11563edc348550b880b812,"{""atr_period"":14,""direction"":""LONG"",""grammar_version"":""v1.7"",""logic"":""AND"",""market"":""LINK"",""predicates"":[{""feature"":""structure.last.5"",""operator"":""=="",""value"":3.0},{""feature"":""volatility.bb_upper.50.2"",""operator"":"">"",""value"":0.0}],""stop_atr"":2.0,""target_atr"":2.0,""time_exit"":48,""timeframe"":""M15""}",LONG,1.2251229180193806,0.0728458182274016,11.483462903492764,11.48346290349281,374,12.198787926943668,GENETIC,0.0018119188548375,0.5,6,-0.0216772910047885,"[0.9222614505918801, 0.9624324502628107, 0.7931007735402673, 1.437883487820062, 1.581808212131586, 1.3234041658321758]","[100, 50, 46, 44, 84, 50]",0.4953925961036404,True,1.270225039805578,0.1206340929693039,0.0820049199274317,68,-0.094220194565269,1.15266533598774,0.0728458182274016,0.2893797980963837,0.0007737427756587,374,-0.3042209493857717,0.93479068661904,False,0.0012059547048151,1.0,False,True,PASS,e62901e5cf0bbe33237d401dd06c02d0516b681ddf11563edc348550b880b812,0.96165928612944,-0.0140021812428376,-0.0001875155105997,-0.0138761477843791,-0.2519942164127706,False,ADMITTED
LINK,M15,VAL,SQX-LINK-M15-47311b08fc31,47311b08fc31da2916e2da6f1b62acb5eeeac615249179e3912f8f1e785baec2,"{""atr_period"":14,""direction"":""LONG"",""grammar_version"":""v1.7"",""logic"":""AND"",""market"":""LINK"",""predicates"":[{""feature"":""rsi_14"",""operator"":""<"",""value"":25.0},{""feature"":""structure.last.3"",""operator"":""=="",""value"":2.0}],""stop_atr"":2.5,""target_atr"":3.0,""time_exit"":48,""timeframe"":""M15""}",LONG,0.9511454875619572,0.0866253739440704,-3.6456168128896937,-3.64561681288968,305,15.810218595155275,GENETIC,0.0677098661811748,0.6666666666666666,6,-0.1799251456282821,"[1.8596974817061114, 0.8631583522483519, 0.5592169213739314, 0.9122946015510217, 1.3231637169304462, 0.8532226700247777]","[60, 42, 37, 42, 73, 50]",0.4943952464407709,True,1.1543360993631808,0.079982388893334,0.048776515350855,64,-0.0644104296406801,1.1727153405125532,0.0866253739440704,0.2813038188902867,0.0009223076029189,305,-0.1482094444554365,0.9896224575996188,False,0.0007621330523571,0.975869714234653,False,True,PASS,47311b08fc31da2916e2da6f1b62acb5eeeac615249179e3912f8f1e785baec2,0.9622095117799128,-0.0129254828988765,-0.0001826698540874,-0.0164402868678753,-0.1878564354725243,False,ADMITTED
LINK,M15,VAL,SQX-LINK-M15-01d221be8877,01d221be8877c3726c4cee9e5c3a1e897b5dd1c31f83d6a03a646d7180bce88a,"{""atr_period"":14,""direction"":""SHORT"",""grammar_version"":""v1.7"",""logic"":""AND"",""market"":""LINK"",""predicates"":[{""feature"":""rsi_14"",""operator"":""<"",""value"":25.0},{""feature"":""structure.fractal_high.3"",""operator"":""=="",""value"":1.0}],""stop_atr"":2.5,""target_atr"":4.0,""time_exit"":48,""timeframe"":""M15""}",SHORT,1.3147396554991573,0.0386626811178162,33.02791392705403,33.02791392705383,387,43.19976368702744,GENETIC,0.0229599307500577,0.5,6,-0.1799321564486752,"[0.5261698034608197, 1.539977390739798, 1.68104450368903, 1.4053082663821106, 0.8119904352071324, 1.3861887341893289]","[52, 53, 63, 69, 80, 70]",0.4899768916378889,True,1.1631101360704783,0.0926991837745869,0.0855255618927726,96,-0.1626623436244611,1.0609133301353324,0.0386626811178162,0.13029696977614,0.0003366846764241,387,-0.2116687424931019,0.7964066632232081,False,0.0008908912697163,0.96000289757133,False,True,PASS,01d221be8877c3726c4cee9e5c3a1e897b5dd1c31f83d6a03a646d7180bce88a,1.0708254642717423,0.0438865677747038,0.000372631010355,0.0257115397145,-0.1035291646214939,False,ADMITTED
LINK,M15,VAL,SQX-LINK-M15-5fd40ed0bf53,5fd40ed0bf53120226ae14dbf3a67b43038b38e615045d9041d0c8ea442b75ee,"{""atr_period"":14,""direction"":""LONG"",""grammar_version"":""v1.7"",""logic"":""AND"",""market"":""LINK"",""predicates"":[{""feature"":""volatility.bb_middle.20.2"",""operator"":"">"",""value"":0.0},{""feature"":""volatility.compression.50.2.1.5"",""operator"":""=="",""value"":1.0}],""stop_atr"":1.0,""target_atr"":4.0,""time_exit"":48,""timeframe"":""M15""}",LONG,1.817105122086716,0.2217735634935925,6.504616371461687,6.504616371461699,125,7.587739607129075,GENETIC,0.3099638760079544,0.6666666666666666,6,-0.4622818924017216,"[3.785286218835981, 1.461251756452137, 1.0674515913096345, 3.354591280839032, 1.5137035537293682, 0.5267151529074418]","[49, 17, 15, 9, 17, 18]",0.4860600695741906,True,1.1178889752253576,0.1186341114214854,0.0224891783934915,23,-0.1557263504118691,1.248674870063249,0.2217735634935925,0.2821699743411894,0.0022573597947295,125,-0.203830867003173,0.8789853249889397,False,0.0009777903649344,0.8778731322724956,False,True,PASS,5fd40ed0bf53120226ae14dbf3a67b43038b38e615045d9041d0c8ea442b75ee,0.8974344822981377,-0.0738189022290308,-0.0009387283464103,-0.0337942204707719,-0.1908186298613385,False,ADMITTED
LINK,M15,VAL,SQX-LINK-M15-98e76f25f62c,98e76f25f62c333fed64712d2787d1b26b9b9285c43de2c02344eb82ba6bbb1f,"{""atr_period"":14,""direction"":""LONG"",""grammar_version"":""v1.7"",""logic"":""AND"",""market"":""LINK"",""predicates"":[{""feature"":""volatility.bb_middle.20.2"",""operator"":"">"",""value"":0.0},{""feature"":""volatility.compression.50.2.1.5"",""operator"":""=="",""value"":1.0}],""stop_atr"":1.5,""target_atr"":4.0,""time_exit"":72,""timeframe"":""M15""}",LONG,1.7060575640231157,0.1917874926390711,6.700580637863491,6.700580637863501,103,7.853001771229941,GENETIC,0.231212454293509,0.8333333333333334,6,-0.2263083521349751,"[4.234115680913652, 1.2016872285018796, 1.579258620920477, 2.4999667329193436, 1.2213893382649346, 0.6702819641064912]","[38, 15, 13, 8, 15, 14]",0.4859686995930986,True,1.5117096439476652,0.3379564336337788,0.0563308720894211,17,-0.142223126694796,1.2607628920202651,0.1917874926390711,0.2002649704441492,0.0019443201013994,103,-0.2396709009077633,0.8716970931570953,False,0.0033135807111424,0.8815270143260651,False,True,PASS,98e76f25f62c333fed64712d2787d1b26b9b9285c43de2c02344eb82ba6bbb1f,1.157222126311482,0.1302518354352584,0.0011733307763073,0.0328532617366064,-0.1024405493152733,False,ADMITTED
LINK,M15,VAL,SQX-LINK-M15-6b54752da688,6b54752da6882480d978233e9310c1e993817d5b8de6c9e13f975c29854fae43,"{""atr_period"":14,""direction"":""LONG"",""grammar_version"":""v1.7"",""logic"":""AND"",""market"":""LINK"",""predicates"":[{""feature"":""rsi_14"",""operator"":""<"",""value"":25.0},{""feature"":""trend.ema_slope.20.12"",""operator"":"">"",""value"":0.0}],""stop_atr"":2.0,""target_atr"":3.0,""time_exit"":96,""timeframe"":""M15""}",LONG,1.0995450082730354,0.1593460595502654,2.933646200960082,2.9336462009600868,157,5.205293775864917,GENETIC,0.171114887629431,0.6666666666666666,6,-0.0400267568321273,"[1.235426072418227, 2.251526613730394, 1.2173658374105016, 0.9958715708620332, 0.8312028788712115, 1.9712520443864325]","[29, 24, 25, 24, 31, 24]",0.4847748650880659,True,2.4457747874377507,0.546225658703407,0.2135006264845027,36,-0.0384861416417597,1.2833220201242417,0.1593460595502654,0.2686105274698454,0.0017108950794257,157,-0.2011673144326704,0.9686206463167352,False,0.0059305729579028,0.9789891635669984,False,True,PASS,6b54752da6882480d978233e9310c1e993817d5b8de6c9e13f975c29854fae43,0.7116373091936357,-0.180442071713556,-0.0017928734004066,-0.087850796619926,-0.1743388122117674,False,ADMITTED
LINK,M15,VAL,SQX-LINK-M15-c3a09300b7e6,c3a09300b7e69abd03b1023d45321b7ba68ab7ffc38919acab06c1d2aa108a18,"{""atr_period"":14,""direction"":""LONG"",""grammar_version"":""v1.7"",""logic"":""AND"",""market"":""LINK"",""predicates"":[{""feature"":""rsi_14"",""operator"":""<"",""value"":25.0},{""feature"":""structure.last.3"",""operator"":""=="",""value"":2.0}],""stop_atr"":2.5,""target_atr"":2.0,""time_exit"":24,""timeframe"":""M15""}",LONG,1.0008958997311146,0.0659020663112275,0.053684588644304,0.0536845886443146,306,12.335086188820782,GENETIC,0.06567680083161,0.5,6,-0.0654392986350484,"[1.0970043583283013, 0.9945843232935543, 0.7674526289674933, 0.8312281201260283, 1.4187871550755424, 1.819535795583566]","[60, 43, 37, 42, 73, 50]",0.4803169761728479,True,1.3660216502278404,0.1256156188228388,0.0827483673736817,65,-0.0525932546953889,1.181724455566172,0.0659020663112275,0.2108042123138365,0.0006889026546203,306,-0.1266993908113343,0.9624963365262788,False,0.0012730518057489,0.9720104811759932,False,True,PASS,c3a09300b7e69abd03b1023d45321b7ba68ab7ffc38919acab06c1d2aa108a18,0.8568116454310895,-0.0545312245771892,-0.0005647747440313,-0.0508297269628192,-0.1307547920327162,False,ADMITTED
LINK,M15,VAL,SQX-LINK-M15-20b8f2297414,20b8f2297414f5fa893e41fac522a4698396d36974e385ae60e12c0657254499,"{""atr_period"":14,""direction"":""LONG"",""grammar_version"":""v1.7"",""logic"":""AND"",""market"":""LINK"",""predicates"":[{""feature"":""rsi_14"",""operator"":""<"",""value"":25.0},{""feature"":""trend.ema_slope.50.3"",""operator"":"">"",""value"":0.0}],""stop_atr"":2.0,""target_atr"":4.0,""time_exit"":96,""timeframe"":""M15""}",LONG,1.1860297578555836,0.2016672383702211,6.674265060972253,6.674265060972271,149,11.175504083209171,GENETIC,0.1318322140311593,0.8333333333333334,6,-0.0369363216326286,"[1.7235570275822352, 1.6612260775414531, 1.6992750230019864, 0.6057151540649435, 2.571062300739373, 1.3399233537096251]","[24, 19, 24, 28, 32, 22]",0.4799314669563355,True,1.4296734759425491,0.2537916198435341,0.0913057557057588,36,-0.0523714237467301,1.3302176943931217,0.2016672383702211,0.3293532899733746,0.0022104247649219,149,-0.0946453072182367,0.9936771610809744,False,0.0025362709918266,0.959072966441022,False,True,PASS,20b8f2297414f5fa893e41fac522a4698396d36974e385ae60e12c0657254499,0.8851595056725639,-0.0681824700870924,-0.0007636579988135,-0.0374192419418634,-0.170410541764766,False,ADMITTED
LINK,M15,VAL,SQX-LINK-M15-683b57e7dde0,683b57e7dde0fd2777198e1c0eac3dff051365ae50ff49c0572a97050b05e22a,"{""atr_period"":14,""direction"":""SHORT"",""grammar_version"":""v1.7"",""logic"":""AND"",""market"":""LINK"",""predicates"":[{""feature"":""momentum.roc.8"",""operator"":"">"",""value"":0.0},{""feature"":""rsi_14"",""operator"":""<"",""value"":25.0}],""stop_atr"":2.0,""target_atr"":3.0,""time_exit"":96,""timeframe"":""M15""}",SHORT,1.247244494331859,0.1577637228095924,5.076460144567676,5.076460144567699,104,7.916199067483326,GENETIC,0.2204358041457764,0.8333333333333334,6,-0.2337279988998787,"[3.6243968611838726, 0.6378716380663266, 1.383985831117831, 1.33652682988649, 1.5206307133315444, 0.4617511307564936]","[15, 9, 16, 14, 27, 23]",0.4743371377541401,True,1.1637906549842207,0.0968571672936845,0.0216343912286494,24,-0.070269690784447,1.2835287757446194,0.1577637228095924,0.1693315620359974,0.0016281880964999,104,-0.0933529204126732,0.9768288495644728,False,0.0009014329678603,0.93959293059618,False,True,PASS,683b57e7dde0fd2777198e1c0eac3dff051365ae50ff49c0572a97050b05e22a,1.0947234259654357,0.0627134113950506,0.0005522747876741,0.0099409461781347,-0.0543351787329376,False,ADMITTED
LINK,M15,VAL,SQX-LINK-M15-5c215f6735bd,5c215f6735bdb5c718829ac5bcd3a95b60a706351da417a8ee2d1ae328f5aae5,"{""atr_period"":14,""direction"":""LONG"",""grammar_version"":""v1.7"",""logic"":""AND"",""market"":""LINK"",""predicates"":[{""feature"":""rsi_14"",""operator"":""<"",""value"":25.0},{""feature"":""structure.last.3"",""operator"":""=="",""value"":2.0}],""stop_atr"":2.5,""target_atr"":2.0,""time_exit"":72,""timeframe"":""M15""}",LONG,1.049085865042951,0.0627247646204783,3.2308661093638262,3.2308661093638387,305,10.171839425039977,GENETIC,0.0321892048396434,0.6666666666666666,6,-0.1259293958719166,"[1.486452476432553, 1.0011356194811962, 0.6309720787624079, 1.000869337502982, 1.5569626238306726, 1.042151681975111]","[60, 42, 37, 42, 73, 50]",0.4723735225383308,True,1.2097884223718791,0.0862586634003432,0.0550817710153042,65,-0.0557295433538727,1.1504615972477648,0.0627247646204783,0.1967593161530505,0.0006451125119772,305,-0.1300962128877141,0.97942158381997,False,0.0008474118617738,0.9720104811759932,False,True,PASS,5c215f6735bdb5c718829ac5bcd3a95b60a706351da417a8ee2d1ae328f5aae5,0.9773036948723132,-0.0055702823513837,-9.455792462911692e-05,-0.0085102132166198,-0.1409626821186918,False,ADMITTED
LINK,M15,VAL,SQX-LINK-M15-4509c469a227,4509c469a227e2bbca0d04b50fec79cab3ccfd2164ac89142259cfbbd5c74608,"{""atr_period"":14,""direction"":""LONG"",""grammar_version"":""v1.7"",""logic"":""AND"",""market"":""LINK"",""predicates"":[{""feature"":""structure.break_high.3"",""operator"":"">"",""value"":0.0},{""feature"":""trend.ema_slope.10.3"",""operator"":""<"",""value"":0.0}],""stop_atr"":2.0,""target_atr"":4.0,""time_exit"":24,""timeframe"":""M15""}",LONG,1.4356530820891775,0.0328512169219653,28.378569138663583,28.378569138663423,345,36.35773698615012,GENETIC,0.0134155947063024,0.6666666666666666,6,-0.2162742336797999,"[0.36836300324171256, 1.3642107930745913, 1.213876796536622, 2.058523280331531, 0.7615418671143865, 0.8047839978449982]","[55, 47, 47, 65, 68, 63]",0.4710137029530191,True,1.100040464831296,0.0596322048604587,0.0561421416529734,105,-0.1198611537725271,1.0484165313804954,0.0328512169219653,0.092871699982727,0.0002691933332832,345,-0.2716865659001115,0.8928005136684165,False,0.0005346870633616,0.9547788947958388,False,True,PASS,4509c469a227e2bbca0d04b50fec79cab3ccfd2164ac89142259cfbbd5c74608,0.910837238236196,-0.0429567123247121,-0.0004779390512409,-0.0669114671737377,-0.1941680063411417,False,ADMITTED
LINK,M15,VAL,SQX-LINK-M15-5f44ae7d370f,5f44ae7d370f01f4cd6f71402ecc1f40292cb659d70ef48f82bd2e19e32b47c2,"{""atr_period"":14,""direction"":""LONG"",""grammar_version"":""v1.7"",""logic"":""AND"",""market"":""LINK"",""predicates"":[{""feature"":""rsi_14"",""operator"":""<"",""value"":25.0},{""feature"":""trend.ema_slope.20.12"",""operator"":"">"",""value"":0.0}],""stop_atr"":2.5,""target_atr"":3.0,""time_exit"":24,""timeframe"":""M15""}",LONG,1.088315205394438,0.107645245808351,2.391048397064459,2.391048397064471,157,8.842887954532907,GENETIC,0.1400366957899595,0.8333333333333334,6,-0.1497042360756336,"[1.9791380094328415, 1.9879033852154873, 2.226392106738209, 0.800694786618483, 0.6064241210772857, 1.707928037152718]","[29, 24, 25, 24, 31, 24]",0.4679439701043845,True,2.271320705641105,0.3816234520991194,0.1450451159060208,36,-0.1511236238045401,1.2457834379121968,0.107645245808351,0.1752887297606025,0.0011164887245898,157,-0.0970985494130425,0.9622640767170512,False,0.0040290309973894,0.9311512790266546,False,True,PASS,5f44ae7d370f01f4cd6f71402ecc1f40292cb659d70ef48f82bd2e19e32b47c2,0.5714470098150928,-0.2438374186392877,-0.0023435249912289,-0.1148327245702203,-0.1850355537318562,False,ADMITTED
LINK,M15,VAL,SQX-LINK-M15-cec071e7a132,cec071e7a1324e635692a4c680a08d5c43d28e8bb14e09a4c7055d4b76995fe6,"{""atr_period"":14,""direction"":""LONG"",""grammar_version"":""v1.7"",""logic"":""AND"",""market"":""LINK"",""predicates"":[{""feature"":""momentum.roc.32"",""operator"":"">"",""value"":0.005},{""feature"":""rsi_14"",""operator"":""<"",""value"":25.0}],""stop_atr"":2.5,""target_atr"":3.0,""time_exit"":72,""timeframe"":""M15""}",LONG,1.0860347721743029,0.1377423140952616,4.353079512222058,4.353079512222073,200,14.077002963085588,GENETIC,0.0579655818805338,0.8333333333333334,6,-0.0009160623514176,"[0.8952719690771893, 1.1475301752212177, 1.5671371475344569, 0.9518783925813924, 0.8899762219378387, 1.9506430145464244]","[38, 33, 28, 33, 41, 27]",0.4660698996260128,True,1.7317699518397844,0.2896720309653097,0.1265730978038897,42,-0.1511236238045401,1.2813754540458344,0.1377423140952616,0.3015267571324673,0.0015076337856623,200,-0.1484119936288802,0.958406522841886,False,0.0030136451858068,0.9311512790266546,False,True,PASS,cec071e7a1324e635692a4c680a08d5c43d28e8bb14e09a4c7055d4b76995fe6,0.8703059883733067,-0.0654824207732417,-0.0006955465816856,-0.0445149812278802,-0.1225667291533374,False,ADMITTED
LINK,M15,VAL,SQX-LINK-M15-05fdae904dda,05fdae904ddaad7ef34224a56f3933f12bbd1d9fb20a7ca677e8a1716539f31b,"{""atr_period"":14,""direction"":""SHORT"",""grammar_version"":""v1.7"",""logic"":""AND"",""market"":""LINK"",""predicates"":[{""feature"":""structure.break_low.5"",""operator"":""<"",""value"":0.0},{""feature"":""volatility.bb_middle.20.2"",""operator"":"">"",""value"":0.0}],""stop_atr"":2.5,""target_atr"":4.0,""time_exit"":48,""timeframe"":""M15""}",SHORT,1.435888164609788,0.1212083021599158,20.272418192352298,20.272418192352227,193,20.698935981901435,GENETIC,0.1136790559338831,0.6666666666666666,6,-0.0322668308233013,"[1.5540530881035068, 0.5735308441572905, 5.1340717084061405, 1.0551236348445086, 1.3227425881090247, 1.151375395028875]","[36, 28, 16, 27, 56, 30]",0.4652790148947244,True,1.0634446695869024,0.0442927028062186,0.0141328085917826,38,-0.0878165238415243,1.238998168820432,0.1212083021599158,0.2473268446054808,0.0012814862414791,193,-0.0982920980942919,0.9955082751871298,False,0.0003719160155732,0.9972106984946236,False,True,PASS,05fdae904ddaad7ef34224a56f3933f12bbd1d9fb20a7ca677e8a1716539f31b,1.1985637451305755,0.1076247521813669,0.0010515173179245,0.0946365586132056,-0.0993165505809528,False,ADMITTED
LINK,M15,VAL,SQX-LINK-M15-498bfc7c13bf,498bfc7c13bf3601c997018a37f9a6ac7160f49ef7479940c4dbe97bd633c227,"{""atr_period"":14,""direction"":""LONG"",""grammar_version"":""v1.7"",""logic"":""AND"",""market"":""LINK"",""predicates"":[{""feature"":""momentum.roc.32"",""operator"":"">"",""value"":0.005},{""feature"":""rsi_14"",""operator"":""<"",""value"":25.0}],""stop_atr"":2.5,""target_atr"":4.0,""time_exit"":48,""timeframe"":""M15""}",LONG,1.1230840676385605,0.1711601237174589,6.415193362026185,6.415193362026204,201,15.827540953484526,GENETIC,0.1057577378246226,0.6666666666666666,6,-0.062283154780628,"[1.2597815976108642, 1.465344921171749, 1.567464544380739, 0.9677555977346342, 0.9285702144543987, 2.1426393761685434]","[39, 33, 28, 33, 41, 27]",0.4578536157961322,True,1.4651218467038047,0.219221079328245,0.0929542384270647,42,-0.1511236238045401,1.3367305009509052,0.1711601237174589,0.3899383739202704,0.001939991910051,201,-0.2581024350552295,0.8857285432298694,False,0.0022131961530253,0.9311512790266546,False,True,PASS,498bfc7c13bf3601c997018a37f9a6ac7160f49ef7479940c4dbe97bd633c227,0.8193685307281603,-0.0971172506718297,-0.0010031213716149,-0.0641997677833544,-0.1357371249611168,False,ADMITTED
LINK,M15,VAL,SQX-LINK-M15-c62c0be0680e,c62c0be0680e46d4227e45deb9bfb43d8a62094e0648240d0afcdf0e97fed9c5,"{""atr_period"":14,""direction"":""LONG"",""grammar_version"":""v1.7"",""logic"":""AND"",""market"":""LINK"",""predicates"":[{""feature"":""momentum.roc.32"",""operator"":"">"",""value"":0.005},{""feature"":""rsi_14"",""operator"":""<"",""value"":25.0}],""stop_atr"":2.5,""target_atr"":2.0,""time_exit"":96,""timeframe"":""M15""}",LONG,0.9448097969080654,0.0642304750518253,-2.463503597638347,-2.4635035976383453,201,13.753058632676698,GENETIC,0.0626604243919206,0.8333333333333334,6,-0.0736433350786902,"[1.3681953128114244, 0.8496353963589682, 1.5065428224543032, 0.740149124034471, 0.9560615284860043, 1.2975431958253316]","[39, 33, 28, 33, 41, 27]",0.4535829239555815,True,1.321803748199357,0.1213651362745663,0.0506262869819194,42,-0.1511236238045401,1.1455764552110888,0.0642304750518253,0.1288920658921593,0.0006412540591649,201,-0.1120985351314084,0.9691787703453644,False,0.0012053877852838,0.9311512790266546,False,True,PASS,c62c0be0680e46d4227e45deb9bfb43d8a62094e0648240d0afcdf0e97fed9c5,0.8988502632671281,-0.0427657673270322,-0.0004604236018889,-0.029467110520894,-0.0721207745642145,False,ADMITTED
LINK,M15,VAL,SQX-LINK-M15-5a206235dca1,5a206235dca1e64ae3941cb7af6f313a9aa6547aa6320cdec50be5efec9436d4,"{""atr_period"":14,""direction"":""LONG"",""grammar_version"":""v1.7"",""logic"":""AND"",""market"":""LINK"",""predicates"":[{""feature"":""rsi_14"",""operator"":""<"",""value"":25.0},{""feature"":""structure.last.3"",""operator"":""=="",""value"":2.0}],""stop_atr"":2.0,""target_atr"":2.0,""time_exit"":72,""timeframe"":""M15""}",LONG,1.0573944988440749,0.0731863698509948,3.480346454781205,3.4803464547812144,316,9.051140594824274,GENETIC,0.0245956172364945,0.5,6,-0.0503571145869606,"[0.8641425818815923, 1.1767301782339623, 0.8885774956812227, 0.9194186359675586, 1.4206108702477453, 1.0553392482187578]","[64, 44, 38, 42, 77, 50]",0.4530063385897544,True,1.141472072315855,0.0711198472023314,0.0467612147165483,69,-0.0576312194361982,1.151774961317126,0.0731863698509948,0.2407905215778003,0.0007619953214487,316,-0.2679298537021895,0.9487166584260192,False,0.0006776987640079,0.9731322228719504,False,True,PASS,5a206235dca1e64ae3941cb7af6f313a9aa6547aa6320cdec50be5efec9436d4,0.92868584554676,-0.0300227700570971,-0.0003449957957369,-0.0331195963907504,-0.1531526278064226,False,ADMITTED
LINK,M15,VAL,SQX-LINK-M15-0004d1f7247c,0004d1f7247c8d2e3f5727e592f1a2fd22e4af197d0f4e6a1ce3124f062c35f3,"{""atr_period"":14,""direction"":""SHORT"",""grammar_version"":""v1.7"",""logic"":""AND"",""market"":""LINK"",""predicates"":[{""feature"":""structure.break_low.5"",""operator"":""<"",""value"":0.0},{""feature"":""volatility.bb_middle.20.2"",""operator"":"">"",""value"":0.0}],""stop_atr"":2.5,""target_atr"":3.0,""time_exit"":24,""timeframe"":""M15""}",SHORT,1.740897042195693,0.0610209264076248,23.32919726866409,23.32919726866399,197,24.657001059427177,GENETIC,0.1242799939248009,0.6666666666666666,6,-0.1468378197231738,"[1.85104586122002, 0.4995891075094425, 4.879920116295993, 2.063520218587152, 1.0456634033213896, 1.1895282534385077]","[37, 28, 16, 27, 57, 32]",0.4512372056606741,True,1.369773541338742,0.1645001945893339,0.0641179480717626,39,-0.0768434915220956,1.138146851530349,0.0610209264076248,0.1181334340926696,0.0005996621019932,197,-0.1250447528352363,0.9964041244005502,False,0.001644049950558,0.9807254173629648,False,True,PASS,0004d1f7247c8d2e3f5727e592f1a2fd22e4af197d0f4e6a1ce3124f062c35f3,1.5229217812922269,0.1838636838617389,0.0019525013972617,0.1815826299453442,-0.0879092604257075,False,ADMITTED
LINK,M15,VAL,SQX-LINK-M15-125570f9663f,125570f9663feba561b8515ba3a354cea4814c9f8d5d544873d24e067b17cd62,"{""atr_period"":14,""direction"":""SHORT"",""grammar_version"":""v1.7"",""logic"":""AND"",""market"":""LINK"",""predicates"":[{""feature"":""structure.break_high.3"",""operator"":"">"",""value"":0.0},{""feature"":""trend.close_ema.20"",""operator"":""<"",""value"":0.0}],""stop_atr"":2.5,""target_atr"":2.0,""time_exit"":24,""timeframe"":""M15""}",SHORT,1.264215050638148,0.0460574653424473,10.714043110963978,10.71404311096402,231,12.27428100755945,GENETIC,0.0339223289540169,0.8333333333333334,6,-0.0881266134210192,"[2.6277396751345825, 1.26301935643799, 0.968764411046984, 1.505306272485212, 1.1504292415292514, 1.1373120490751305]","[39, 37, 31, 36, 50, 38]",0.4512240089320954,True,1.064135193950441,0.0271248853270695,0.0175194862694876,73,-0.0599576753559961,1.1126247289026587,0.0460574653424473,0.1037592147550281,0.0004491740898486,231,-0.1359859249175463,0.9032502666912948,False,0.0002399929625957,0.9799433905331988,False,True,PASS,125570f9663feba561b8515ba3a354cea4814c9f8d5d544873d24e067b17cd62,0.8423238332918298,-0.0666232347244475,-0.0006792014290327,-0.0631657329000445,-0.1446158101174129,False,ADMITTED
LINK,M15,VAL,SQX-LINK-M15-fd9fa5d08404,fd9fa5d08404764399817995b3d230e71db8b4eed8625262bafe2d70cf4f0c03,"{""atr_period"":14,""direction"":""SHORT"",""grammar_version"":""v1.7"",""logic"":""AND"",""market"":""LINK"",""predicates"":[{""feature"":""rsi_14"",""operator"":""<"",""value"":25.0},{""feature"":""structure.last.3"",""operator"":""=="",""value"":1.0}],""stop_atr"":1.5,""target_atr"":4.0,""time_exit"":24,""timeframe"":""M15""}",SHORT,1.3037709921289673,0.0209147775180246,26.99006581691785,26.99006581691772,396,29.53442632566355,GENETIC,0.0421345007429064,0.5,6,-0.4525192092685895,"[0.410454740886444, 0.4542335895869509, 0.9833532144826669, 1.5836320473674559, 1.5582451241360558, 0.7443057622058471]","[41, 50, 71, 89, 76, 69]",0.4500046984257591,True,1.0235253877642445,0.0259806284429293,0.0151899995427966,100,-0.139209317929875,1.0177220882726148,0.0209147775180246,0.0395300998426244,9.982348445107116e-05,396,-0.8487990538268037,0.312559959107174,False,0.0001518999954279,0.9385504699010574,False,True,PASS,fd9fa5d08404764399817995b3d230e71db8b4eed8625262bafe2d70cf4f0c03,0.7722575677483553,-0.1476951951963951,-0.0014164414119656,-0.1954689148512539,-0.2670677263838477,False,ADMITTED
LINK,M15,VAL,SQX-LINK-M15-8612280a080d,8612280a080d1dfa209acdf15752fc7a652d9d7c7598d19ce419f81213c25b9e,"{""atr_period"":14,""direction"":""LONG"",""grammar_version"":""v1.7"",""logic"":""AND"",""market"":""LINK"",""predicates"":[{""feature"":""rsi_14"",""operator"":""<"",""value"":25.0},{""feature"":""structure.last.2"",""operator"":""=="",""value"":2.0}],""stop_atr"":2.5,""target_atr"":4.0,""time_exit"":96,""timeframe"":""M15""}",LONG,0.985619774475284,0.0930631468220771,-0.9340260166639354,-0.9340260166639284,255,16.6472999779286,GENETIC,0.1119529813129725,0.6666666666666666,6,-0.3367060215964886,"[2.3532664709323443, 1.5908235474199637, 0.6941772010502898, 0.6280279972446423, 1.3292489201349307, 1.3164493882474368]","[41, 35, 28, 31, 65, 54]",0.449443142580517,True,1.1789430581265632,0.1153000122858287,0.0642525446456834,58,-0.15112362380454,1.1505795249171,0.0930631468220771,0.243224165864816,0.0009538202582933,255,-0.4055955623833283,0.8979925833188999,False,0.001107802493891,0.985313083852845,False,True,PASS,8612280a080d1dfa209acdf15752fc7a652d9d7c7598d19ce419f81213c25b9e,0.7270443305893306,-0.1673472553405421,-0.0016413470542434,-0.1181769879055307,-0.2086230447923959,False,ADMITTED
LINK,M15,VAL,SQX-LINK-M15-a4e16c89874b,a4e16c89874bbe4a123cadc4306eaaf637710621c16cd17a72778a066549c506,"{""atr_period"":14,""direction"":""LONG"",""grammar_version"":""v1.7"",""logic"":""AND"",""market"":""LINK"",""predicates"":[{""feature"":""volatility.bb_middle.20.2"",""operator"":"">"",""value"":0.0},{""feature"":""volatility.compression.50.2.1.5"",""operator"":""=="",""value"":1.0}],""stop_atr"":1.0,""target_atr"":4.0,""time_exit"":96,""timeframe"":""M15""}",LONG,1.7891209236486132,0.2019079626898213,6.37161194062794,6.371611940627954,124,7.569230568890374,GENETIC,0.2631025501404239,0.6666666666666666,6,-0.4622818924017216,"[3.597541715058034, 1.461251756452137, 1.0674515913096345, 3.354591280839032, 1.431489949438472, 0.5267151529074418]","[48, 17, 15, 9, 17, 18]",0.4381987437066602,True,1.1918848740683508,0.1801893553049204,0.0366050612933612,23,-0.1557263504118691,1.2173154911672153,0.2019079626898213,0.248082289282133,0.002000663623243,124,-0.2155802095664881,0.8660138353099205,False,0.0015915244040591,0.8778731322724956,False,True,PASS,a4e16c89874bbe4a123cadc4306eaaf637710621c16cd17a72778a066549c506,0.8974344822981377,-0.0738189022290308,-0.0009387283464103,-0.0337942204707719,-0.1908186298613385,False,ADMITTED
LINK,M15,VAL,SQX-LINK-M15-9e74c739d879,9e74c739d8797a9a68ad65af316174ef44a53735e427b4477f875324df26e99a,"{""atr_period"":14,""direction"":""LONG"",""grammar_version"":""v1.7"",""logic"":""AND"",""market"":""LINK"",""predicates"":[{""feature"":""volatility.compression.50.2.1.5"",""operator"":""=="",""value"":1.0}],""stop_atr"":2.0,""target_atr"":4.0,""time_exit"":96,""timeframe"":""M15""}",LONG,1.2572976555300892,0.1053087271235615,4.089104309441049,4.089104309441058,118,6.174624063344931,GENETIC,0.1724055577559052,0.6666666666666666,6,-0.1033789288784197,"[2.6935941751639607, 1.4319819048240932, 1.0010538300408567, 2.0871937517672277, 0.787197623959415, 1.6090647558292308]","[41, 18, 19, 7, 20, 13]",0.4312274922029669,True,1.2996200747186113,0.1871804762515061,0.0323022377314856,18,-0.0772118018071291,1.1513901190729594,0.1053087271235615,0.1186615635167105,0.0010056064704806,118,-0.467767270175727,0.6966369010697009,False,0.0017945687628603,0.9568444008775068,False,True,PASS,9e74c739d8797a9a68ad65af316174ef44a53735e427b4477f875324df26e99a,0.9210022158268822,-0.0468018196162558,-0.0005643686789904,-0.0180597977276936,-0.0829977144385189,False,ADMITTED
LINK,M15,VAL,SQX-LINK-M15-2f68700001b3,2f68700001b3724d7fb8aa229838ca65d08a22e2936abd299e2c05dc4b64399f,"{""atr_period"":14,""direction"":""SHORT"",""grammar_version"":""v1.7"",""logic"":""AND"",""market"":""LINK"",""predicates"":[{""feature"":""momentum.roc.4"",""operator"":"">"",""value"":0.005},{""feature"":""rsi_14"",""operator"":""<"",""value"":25.0}],""stop_atr"":2.0,""target_atr"":4.0,""time_exit"":48,""timeframe"":""M15""}",SHORT,1.6453037208935644,0.130571470447742,26.93660455222646,26.936604552226363,151,29.488468371682337,GENETIC,0.1471767229256875,0.6666666666666666,6,-0.163590062491752,"[1.1809294809549697, 0.6924514515547612, 2.8483049244127074, 1.5896685409940434, 1.3521030312739482, 0.9690577389412146]","[21, 13, 23, 34, 41, 19]",0.4239458739694163,True,1.6433649238300996,0.2663881922389037,0.0449312213454713,17,-0.0485143384377687,1.2357654404734644,0.130571470447742,0.2033952177979299,0.0013469881973372,151,-0.126145667871615,0.9863452804239444,False,0.0026430130203218,0.9611392572330644,False,True,PASS,2f68700001b3724d7fb8aa229838ca65d08a22e2936abd299e2c05dc4b64399f,1.1926941471863928,0.1071332326306712,0.0010088603185381,0.0383366921044492,-0.078316879748,False,ADMITTED
LINK,M15,VAL,SQX-LINK-M15-09ac5c9278d3,09ac5c9278d3acf2ef0a84345d2bb7451882fb1097a11ad506e41725a7e73ee9,"{""atr_period"":14,""direction"":""SHORT"",""grammar_version"":""v1.7"",""logic"":""AND"",""market"":""LINK"",""predicates"":[{""feature"":""rsi_14"",""operator"":""<"",""value"":25.0},{""feature"":""structure.fractal_high.5"",""operator"":""=="",""value"":1.0}],""stop_atr"":2.0,""target_atr"":3.0,""time_exit"":72,""timeframe"":""M15""}",SHORT,1.7502304051912947,0.1555976122083991,26.594176642939946,26.594176642939868,181,26.371603707995323,GENETIC,0.1454497576702628,0.6666666666666666,6,-0.2902105264145267,"[0.5490365266069115, 0.7913976204769536, 1.1080650036725481, 3.044313398251645, 1.5402276563122328, 1.3571158159014027]","[25, 29, 30, 31, 34, 32]",0.4205637927332978,True,1.0239796074309897,0.0212272845581852,0.0052699521603232,38,-0.0968116022395285,1.306289803745177,0.1555976122083991,0.3071161712810637,0.0016967744269672,181,-0.1545527543354048,0.8667560650745386,False,0.0001386829515874,0.9397211227916054,False,True,PASS,09ac5c9278d3acf2ef0a84345d2bb7451882fb1097a11ad506e41725a7e73ee9,0.8972054229144852,-0.0557876892738552,-0.0006216970326557,-0.0254895783388855,-0.0785601508666691,False,ADMITTED
LINK,M15,VAL,SQX-LINK-M15-790465de6e88,790465de6e88546b8dece27c73bf8594914006fef6d8094749fb018c931906c6,"{""atr_period"":14,""direction"":""LONG"",""grammar_version"":""v1.7"",""logic"":""AND"",""market"":""LINK"",""predicates"":[{""feature"":""volatility.compression.50.2.1.5"",""operator"":""=="",""value"":1.0}],""stop_atr"":2.0,""target_atr"":4.0,""time_exit"":48,""timeframe"":""M15""}",LONG,1.3709777434270758,0.1112784025513334,5.287506108260238,5.287506108260248,124,6.232689786459207,GENETIC,0.1607978716220093,0.6666666666666666,6,-0.1317543666950139,"[2.9539686188035903, 1.4319819048240932, 0.9353711249609737, 3.2070204706063166, 0.8116233881835527, 1.6630907802964507]","[46, 18, 20, 7, 20, 13]",0.4185259466149225,True,1.3442239530623423,0.1978470899930668,0.0382951854574886,20,-0.077211801807129,1.1800150067666872,0.1112784025513334,0.134953303559322,0.0010883330932203,124,-0.1294160639685177,0.9325467665947124,False,0.0019147592728744,0.9568189525958326,False,True,PASS,790465de6e88546b8dece27c73bf8594914006fef6d8094749fb018c931906c6,0.7466616694004876,-0.1681237354477075,-0.0017157234030008,-0.0549031488960283,-0.083289426356574,False,ADMITTED
LINK,M15,VAL,SQX-LINK-M15-65728ac2790e,65728ac2790e3cb308276bd3d06446de93a6760e6c22ac3a6006306855424815,"{""atr_period"":14,""direction"":""SHORT"",""grammar_version"":""v1.7"",""logic"":""AND"",""market"":""LINK"",""predicates"":[{""feature"":""momentum.roc.4"",""operator"":"">"",""value"":0.005},{""feature"":""rsi_14"",""operator"":""<"",""value"":25.0}],""stop_atr"":2.5,""target_atr"":3.0,""time_exit"":48,""timeframe"":""M15""}",SHORT,1.7084674038078702,0.1435494841214316,29.040454041825303,29.040454041825207,152,29.23109179495661,GENETIC,0.1385887563009101,0.8333333333333334,6,-0.3234055958948233,"[1.1672583262139848, 0.48548240261969955, 5.871956707101806, 1.3506856271715904, 1.5678291555673423, 1.1287665496307056]","[21, 13, 23, 35, 41, 19]",0.4180706906605376,True,1.6256843017846163,0.2438980928625638,0.0413712713816651,17,-0.0439070032997701,1.3688019163499905,0.1435494841214316,0.2348800498403522,0.0015452634857917,152,-0.0831767956996676,0.974062644501452,False,0.0024336041989214,0.9660752331567872,False,True,PASS,65728ac2790e3cb308276bd3d06446de93a6760e6c22ac3a6006306855424815,1.1415640374335303,0.058606045506266,0.0005498636021048,0.020894816879984,-0.058749295406392,False,ADMITTED
LINK,M15,VAL,SQX-LINK-M15-c4644c893185,c4644c893185ac2ac015451654bc2e12b6ccea460f76b37bcd01278dd0a254fa,"{""atr_period"":14,""direction"":""SHORT"",""grammar_version"":""v1.7"",""logic"":""AND"",""market"":""LINK"",""predicates"":[{""feature"":""momentum.roc.8"",""operator"":"">"",""value"":0.0},{""feature"":""rsi_14"",""operator"":""<"",""value"":25.0}],""stop_atr"":1.0,""target_atr"":4.0,""time_exit"":48,""timeframe"":""M15""}",SHORT,1.0176489439509664,0.1420098741418497,0.2784134635546,0.278413463554598,104,4.684866490095452,GENETIC,0.166304715311722,0.8333333333333334,6,-0.2433202920069434,"[0.5539425305744857, 0.2886999914415904, 1.760100400245428, 0.7703266847222173, 1.194288273805822, 0.5777607657255728]","[16, 9, 16, 14, 27, 22]",0.4178079756433195,True,1.4669171119692876,0.3585015880514384,0.0835952438773928,24,-0.0814761689291215,1.153153568422592,0.1420098741418497,0.1341380840501671,0.0012897892697131,104,-0.1308469951378248,0.9727140240213374,False,0.003483135161558,0.9676840359591028,False,True,PASS,c4644c893185ac2ac015451654bc2e12b6ccea460f76b37bcd01278dd0a254fa,0.9382306818759406,-0.0318058816124129,-0.0005110305388416,-0.009198549699149,-0.0808968505258431,False,ADMITTED
LINK,M15,VAL,SQX-LINK-M15-8082d0f1c5bd,8082d0f1c5bd0f4b65046c62abae40fa12a2a7f819a9a93ef82ff9578e052884,"{""atr_period"":14,""direction"":""SHORT"",""grammar_version"":""v1.7"",""logic"":""AND"",""market"":""LINK"",""predicates"":[{""feature"":""rsi_14"",""operator"":""<"",""value"":25.0},{""feature"":""structure.fractal_high.5"",""operator"":""=="",""value"":1.0}],""stop_atr"":2.5,""target_atr"":3.0,""time_exit"":72,""timeframe"":""M15""}",SHORT,1.857679046744816,0.1335983961765539,30.61633770898861,30.616337708988542,181,30.393764774044,GENETIC,0.1124938228445627,0.6666666666666666,6,-0.1809894299365914,"[0.48736897963420467, 1.3082024135157004, 1.223904727793241, 3.1774137297974248, 1.4529604018696356, 1.475736221104038]","[25, 29, 30, 31, 34, 32]",0.4149131320270815,True,1.1652214256375406,0.0866352294437234,0.031195433703985,38,-0.0625665146444422,1.298572962644552,0.1335983961765539,0.2604978105307789,0.0014392144228219,181,-0.1400398103505233,0.9030686291835422,False,0.0008209324658943,0.9765370345491428,False,True,PASS,8082d0f1c5bd0f4b65046c62abae40fa12a2a7f819a9a93ef82ff9578e052884,1.033792399351353,0.0228176619952698,0.000172722650544,0.0070816286723047,-0.0729898928762814,False,ADMITTED
LINK,M15,VAL,SQX-LINK-M15-d8c32d1b4e0f,d8c32d1b4e0f4660352892f1f89d6fdd997be6e05164392b9bb75d8c3d5edb46,"{""atr_period"":14,""direction"":""LONG"",""grammar_version"":""v1.7"",""logic"":""AND"",""market"":""LINK"",""predicates"":[{""feature"":""rsi_14"",""operator"":""<"",""value"":25.0},{""feature"":""structure.last.2"",""operator"":""=="",""value"":2.0}],""stop_atr"":2.5,""target_atr"":2.0,""time_exit"":96,""timeframe"":""M15""}",LONG,1.0096313746786392,0.0291784201315679,0.4751470176018983,0.4751470176018944,258,10.694017039121576,GENETIC,0.0379351647553185,0.6666666666666666,6,-0.1989693842752409,"[2.7185140747292396, 1.499842823234113, 1.268734218575537, 0.6400867672565369, 1.0711658620852775, 1.157875899284468]","[42, 35, 28, 31, 66, 55]",0.412859485353175,True,1.176966570199463,0.0759335547379391,0.0427023199684948,58,-0.15112362380454,1.0587673037083374,0.0291784201315679,0.0674720260231467,0.0002615194807098,258,-0.4055955623833284,0.8492032589106907,False,0.0007362468960085,0.958605104453038,False,True,PASS,d8c32d1b4e0f4660352892f1f89d6fdd997be6e05164392b9bb75d8c3d5edb46,0.7692506953045012,-0.1062790930988985,-0.0010601480186571,-0.077390805361969,-0.1446219875838539,False,ADMITTED
LINK,M15,VAL,SQX-LINK-M15-75ffce2ff7dc,75ffce2ff7dc8cd957387797340d8eb8848caeb1f962cf1a25aedd9d99abf403,"{""atr_period"":14,""direction"":""LONG"",""grammar_version"":""v1.7"",""logic"":""AND"",""market"":""LINK"",""predicates"":[{""feature"":""volatility.compression.50.2.1.5"",""operator"":""=="",""value"":1.0}],""stop_atr"":2.0,""target_atr"":3.0,""time_exit"":96,""timeframe"":""M15""}",LONG,1.1909501965797649,0.0867175122236261,2.7824468299950302,2.7824468299950333,123,4.755264492633673,GENETIC,0.1444140799528731,0.6666666666666666,6,-0.1283789288784196,"[2.269835724807723, 1.176833446456502, 0.8517069616999071, 2.9536102450361548, 0.6736558809008429, 1.222543275572853]","[44, 19, 19, 7, 20, 14]",0.4019860143999348,True,1.199794169111275,0.119786108451104,0.021480445396157,19,-0.0678733782731053,1.139429935739375,0.0867175122236261,0.1023029737124001,0.0008317314935967,123,-0.4677672701757271,0.710090788113986,False,0.0011305497576924,0.960546534586838,False,True,PASS,75ffce2ff7dc8cd957387797340d8eb8848caeb1f962cf1a25aedd9d99abf403,1.008810701702786,0.0134702616501657,5.602039489726784e-05,0.0019046934265074,-0.0747039170931696,False,ADMITTED
LINK,M15,VAL,SQX-LINK-M15-79179cefd649,79179cefd649ee91ddaa700ac2d1f6dd0ffd83705fe3387b9c6e2948a6aac7fa,"{""atr_period"":14,""direction"":""SHORT"",""grammar_version"":""v1.7"",""logic"":""AND"",""market"":""LINK"",""predicates"":[{""feature"":""momentum.roc.8"",""operator"":"">"",""value"":0.0},{""feature"":""rsi_14"",""operator"":""<"",""value"":25.0}],""stop_atr"":1.0,""target_atr"":4.0,""time_exit"":24,""timeframe"":""M15""}",SHORT,1.2268000434226929,0.1942026147132319,3.110639877503723,3.1106398775037336,105,4.3563682558075385,GENETIC,0.1820355615804667,0.8333333333333334,6,-0.4077982090315402,"[0.5358524232085823, 0.3123564861265496, 1.7284986246397844, 0.9649603444888301, 1.870289963840258, 0.461290033153778]","[16, 9, 16, 14, 27, 23]",0.393419342655915,True,1.2459615995281517,0.1817336415711724,0.0403431713840842,24,-0.078048703688954,1.2467474458106962,0.1942026147132319,0.2023073199178355,0.0019267363801698,105,-0.141130584416391,0.9727140240213374,False,0.0016809654743368,0.9705910790005812,False,True,PASS,79179cefd649ee91ddaa700ac2d1f6dd0ffd83705fe3387b9c6e2948a6aac7fa,1.3534046217158753,0.2339208669491263,0.002231660873124,0.0401698957162328,-0.0633443097979008,False,ADMITTED
LINK,M15,VAL,SQX-LINK-M15-426f378a48a7,426f378a48a71fe638f26282b5cc845d680c79ffd58a5ec18f25c48bcd0d1bc8,"{""atr_period"":14,""direction"":""LONG"",""grammar_version"":""v1.7"",""logic"":""AND"",""market"":""LINK"",""predicates"":[{""feature"":""rsi_14"",""operator"":""<"",""value"":25.0},{""feature"":""trend.ema_slope.20.12"",""operator"":"">"",""value"":0.0}],""stop_atr"":2.5,""target_atr"":1.5,""time_exit"":48,""timeframe"":""M15""}",LONG,1.188163276694439,0.0716393814554783,4.047624295094608,4.047624295094634,157,9.340567306737295,GENETIC,0.1227761068377151,0.6666666666666666,6,-0.2283799193774954,"[4.660383739403899, 1.1981680206469023, 3.2947557974663697, 0.8784393065599043, 0.5513853428755344, 1.5983286549407307]","[29, 24, 25, 24, 31, 24]",0.389347793660008,True,1.8714390574570008,0.2036471936293933,0.0751221779944346,36,-0.1511236238045401,1.1991661487403935,0.0716393814554783,0.1140748497484942,0.0007265913996719,157,-0.1059899392127545,0.9909957877385228,False,0.002086727166512,0.9311512790266546,False,True,PASS,426f378a48a71fe638f26282b5cc845d680c79ffd58a5ec18f25c48bcd0d1bc8,0.6308211890554767,-0.1706162836334703,-0.0016676203764615,-0.0817133984466174,-0.1218314312336999,False,ADMITTED
LINK,M15,VAL,SQX-LINK-M15-fdaa52a1f173,fdaa52a1f17328a8fb35789510012688257e6d2749eed00fff8275652df89357,"{""atr_period"":14,""direction"":""LONG"",""grammar_version"":""v1.7"",""logic"":""AND"",""market"":""LINK"",""predicates"":[{""feature"":""momentum.roc.32"",""operator"":"">"",""value"":0.005},{""feature"":""rsi_14"",""operator"":""<"",""value"":25.0}],""stop_atr"":2.5,""target_atr"":4.0,""time_exit"":72,""timeframe"":""M15""}",LONG,1.1209624562326814,0.1594817183934426,6.4703062406886485,6.470306240688667,200,17.3990471555482,GENETIC,0.0736755585702976,0.5,6,-0.0656629086475073,"[0.8240956555230403, 1.3696648464486885, 1.6637136566050281, 0.9082389263416798, 1.0088051198692698, 2.3847421053359485]","[38, 33, 28, 33, 41, 27]",0.3822598314084208,True,1.58787170372143,0.2746732663539725,0.1185115356967274,42,-0.1511236238045401,1.3061751817558764,0.1594817183934426,0.3544582113895838,0.0017722910569479,200,-0.4088600954828407,0.6968287403564,False,0.0028217032308744,0.9311512790266546,False,True,PASS,fdaa52a1f17328a8fb35789510012688257e6d2749eed00fff8275652df89357,0.7250616253307796,-0.1632185118333964,-0.0016103464996131,-0.1030621759752414,-0.1515471422527168,False,ADMITTED
LINK,M15,VAL,SQX-LINK-M15-85207b8d260b,85207b8d260bfc9649c30ccdd463a5a0cf9d495d38b965ed60fe968baf4f49be,"{""atr_period"":14,""direction"":""LONG"",""grammar_version"":""v1.7"",""logic"":""AND"",""market"":""LINK"",""predicates"":[{""feature"":""volatility.compression.50.2.1.5"",""operator"":""=="",""value"":1.0}],""stop_atr"":2.5,""target_atr"":4.0,""time_exit"":96,""timeframe"":""M15""}",LONG,1.3178727397861705,0.1126286624022964,5.07968158693372,5.079681586933731,108,7.806023975059315,GENETIC,0.1362785904835489,0.6666666666666666,6,-0.1352945644357855,"[2.8259087996903296, 1.3093762786909604, 0.8528189615973657, 5.36386804952753, 0.6973333967560612, 1.2640930752972104]","[36, 17, 18, 6, 18, 13]",0.3771216160412692,True,1.0527758513932286,0.0386332698900953,0.0055576180246721,18,-0.0823257114752394,1.1849793027504434,0.1126286624022964,0.1196846684968131,0.0011081913749704,108,-0.1029265063599855,0.9660229047145988,False,0.0003087565569262,0.9447043208339788,False,True,PASS,85207b8d260bfc9649c30ccdd463a5a0cf9d495d38b965ed60fe968baf4f49be,1.04545123571877,0.0361623683168986,0.0002808840587298,0.0087074058206251,-0.079981677400091,False,ADMITTED
LINK,M15,VAL,SQX-LINK-M15-9a4ffc623381,9a4ffc623381272256727c18e5f0020ecf4bf72d2935cfdca1cda2df7bc2b059,"{""atr_period"":14,""direction"":""SHORT"",""grammar_version"":""v1.7"",""logic"":""AND"",""market"":""LINK"",""predicates"":[{""feature"":""momentum.roc.8"",""operator"":"">"",""value"":0.0},{""feature"":""rsi_14"",""operator"":""<"",""value"":25.0}],""stop_atr"":1.0,""target_atr"":4.0,""time_exit"":72,""timeframe"":""M15""}",SHORT,0.9709017643507364,0.092055333173339,-0.4743040776913347,-0.474304077691335,104,4.684866490095452,GENETIC,0.147176103695168,0.8333333333333334,6,-0.331140608913621,"[0.5418952926269842, 0.2886999914415904, 1.760100400245428, 0.7703266847222173, 1.118062798958561, 0.4479630011625397]","[16, 9, 16, 14, 27, 22]",0.3767242848000962,True,1.535554583286785,0.4017210077872382,0.0946293581662391,24,-0.0814761689291216,1.0851177648954935,0.092055333173339,0.0766861819377351,0.0007373671340166,104,-0.1399242932940475,0.9727140240213374,False,0.0039428899235933,0.9737087894094149,False,True,PASS,9a4ffc623381272256727c18e5f0020ecf4bf72d2935cfdca1cda2df7bc2b059,0.9918336264245474,0.0143157116789912,-6.782683711847061e-05,-0.0012208830681323,-0.0780191856091504,False,ADMITTED
LINK,M15,VAL,SQX-LINK-M15-833c3c6a11f5,833c3c6a11f5a8e47ccba8dad7c0de5f45d331153e3446b8252a3e26748a548b,"{""atr_period"":14,""direction"":""LONG"",""grammar_version"":""v1.7"",""logic"":""AND"",""market"":""LINK"",""predicates"":[{""feature"":""volatility.compression.50.2.1.5"",""operator"":""=="",""value"":1.0}],""stop_atr"":2.0,""target_atr"":3.0,""time_exit"":24,""timeframe"":""M15""}",LONG,0.9984575654013352,0.0377837318795424,-0.0196158472659286,-0.019615847265924,140,2.585342012911778,GENETIC,0.112870219202369,0.6666666666666666,6,-0.1814145020009496,"[2.140503291336467, 1.1106655860684185, 0.7337464825331723, 1.8381368102002649, 0.6387513815529399, 1.5249021302082961]","[55, 19, 22, 8, 20, 16]",0.3741832603687983,True,1.142372652030735,0.0768873054250873,0.0170057400699654,24,-0.0678733782731056,1.0656482162468333,0.0377837318795424,0.0458576865181907,0.0003275549037013,140,-0.4131321099234279,0.7775537726684755,False,0.0007085725029152,0.9576042786536794,False,True,PASS,833c3c6a11f5a8e47ccba8dad7c0de5f45d331153e3446b8252a3e26748a548b,0.943824315752158,-0.0261004088493799,-0.0003273344244541,-0.0114567048558953,-0.0733897192133351,False,ADMITTED
LINK,M15,VAL,SQX-LINK-M15-3e187a8fd2b8,3e187a8fd2b80ef56ed6f5b93e1d8e8bf7381b6a2486d51056ff270d9e67540e,"{""atr_period"":14,""direction"":""LONG"",""grammar_version"":""v1.7"",""logic"":""AND"",""market"":""LINK"",""predicates"":[{""feature"":""momentum.willr.14"",""operator"":""<"",""value"":-20.0},{""feature"":""volatility.compression.50.2.1.5"",""operator"":""=="",""value"":1.0}],""stop_atr"":2.0,""target_atr"":3.0,""time_exit"":96,""timeframe"":""M15""}",LONG,1.2048924543474042,0.0651415150072231,2.95080313965679,2.9508031396567937,121,4.923620802295432,GENETIC,0.1148881021720173,0.6666666666666666,6,-0.1283789288784196,"[2.2250368144920207, 1.2082348113065542, 0.8791561468235903, 2.9536102450361548, 0.6736558809008429, 1.222543275572853]","[42, 19, 19, 7, 20, 14]",0.370460036619079,True,1.1990134148126446,0.1194109982202806,0.0214070769703662,19,-0.0678733782731054,1.1010257766327434,0.0651415150072231,0.0722424774487011,0.000597045268171,121,-0.467767270175727,0.7004244517136176,False,0.0011266882615982,0.9604775427745532,False,True,PASS,3e187a8fd2b80ef56ed6f5b93e1d8e8bf7381b6a2486d51056ff270d9e67540e,0.922055430074771,-0.0437193672433381,-0.0005109859108693,-0.0158405632369493,-0.0840023062631281,False,ADMITTED
LINK,M15,VAL,SQX-LINK-M15-cd4a4b52032c,cd4a4b52032c2637a894876d6594453a7b42aa5120ad10ddcf3a94b8da03dfa4,"{""atr_period"":14,""direction"":""SHORT"",""grammar_version"":""v1.7"",""logic"":""AND"",""market"":""LINK"",""predicates"":[{""feature"":""rsi_14"",""operator"":""<"",""value"":25.0},{""feature"":""structure.last.2"",""operator"":""=="",""value"":1.0}],""stop_atr"":2.0,""target_atr"":2.0,""time_exit"":48,""timeframe"":""M15""}",SHORT,1.4149625076741457,0.0170332592792507,23.630143828284588,23.63014382828445,262,24.49093652816859,GENETIC,0.0165263584278522,0.6666666666666666,6,-0.3291148406603293,"[1.402917729834751, 0.7802972196135559, 1.6684366052949668, 1.33968401239187, 1.665568066908701, 0.9624345384638708]","[30, 37, 46, 65, 52, 32]",0.3629143149294366,True,1.3038359344405024,0.1352329136058089,0.0940946381735494,69,-0.0516806648252482,1.0261309712077415,0.0170332592792507,0.0320974006971512,0.0001225091629662,262,-0.3191400924780371,0.8512768833240321,False,0.0013636904083123,0.96821588541945,False,True,PASS,cd4a4b52032c2637a894876d6594453a7b42aa5120ad10ddcf3a94b8da03dfa4,0.6045503376889892,-0.2400684578890165,-0.0021709476359943,-0.2192657112354269,-0.2402076911177792,False,ADMITTED
LINK,M15,VAL,SQX-LINK-M15-fbb05c77f625,fbb05c77f62586635fc7f54f5be09c63a8584842d612897d7b2be1953f51df2e,"{""atr_period"":14,""direction"":""SHORT"",""grammar_version"":""v1.7"",""logic"":""AND"",""market"":""LINK"",""predicates"":[{""feature"":""momentum.roc.8"",""operator"":"">"",""value"":0.0},{""feature"":""rsi_14"",""operator"":""<"",""value"":25.0}],""stop_atr"":1.0,""target_atr"":4.0,""time_exit"":96,""timeframe"":""M15""}",SHORT,0.9705403661417245,0.0862913423957243,-0.4803737129614336,-0.4803737129614347,104,4.684866490095452,GENETIC,0.1284431336679201,0.8333333333333334,6,-0.331140608913621,"[0.5329483995025025, 0.2886999914415904, 1.760100400245428, 0.7703266847222173, 1.118062798958561, 0.4479630011625397]","[16, 9, 16, 14, 27, 22]",0.3579913147728482,True,1.7765568525097206,0.5687143345873686,0.1385082271392881,24,-0.0814761689291216,1.077848191623759,0.0862913423957243,0.0702001878405569,0.0006750018061591,104,-0.1399242932940475,0.9727140240213374,False,0.0057711761308036,0.9737087894094149,False,True,PASS,fbb05c77f62586635fc7f54f5be09c63a8584842d612897d7b2be1953f51df2e,0.9918336264245474,0.0143157116789912,-6.782683711847061e-05,-0.0012208830681323,-0.0780191856091504,False,ADMITTED
LINK,M15,VAL,SQX-LINK-M15-49f981b4ccd3,49f981b4ccd3c496ca6d67ad146a0d4f31698e8bfef4798b2bb8ef35a602b249,"{""atr_period"":14,""direction"":""LONG"",""grammar_version"":""v1.7"",""logic"":""AND"",""market"":""LINK"",""predicates"":[{""feature"":""rsi_14"",""operator"":""<"",""value"":25.0},{""feature"":""trend.close_ema.100"",""operator"":"">"",""value"":0.0}],""stop_atr"":2.5,""target_atr"":4.0,""time_exit"":96,""timeframe"":""M15""}",LONG,0.9619040596036916,0.0314174069460543,-3.189217706781479,-3.1892177067814607,275,15.781691165921766,GENETIC,0.0109197394584593,0.5,6,-0.2320348396137299,"[0.9239980189864253, 1.1800769312651467, 0.7551864916985885, 0.8425724281656649, 1.6137403174661145, 1.3980839216119223]","[48, 38, 39, 53, 56, 41]",0.3529110295550268,True,1.0413399562235317,0.032121278358998,0.0171091225475705,70,-0.1511236238045402,1.0427115590378888,0.0314174069460543,0.0669487461090827,0.0002434499858512,275,-0.2581024350552297,0.814008907902358,False,0.0002444160363938,0.9015649689706184,False,True,PASS,49f981b4ccd3c496ca6d67ad146a0d4f31698e8bfef4798b2bb8ef35a602b249,0.8223315028831151,-0.1078165248688163,-0.0010990791234818,-0.0923226463724783,-0.2305333236244931,False,ADMITTED
LINK,M15,VAL,SQX-LINK-M15-0cef9bdcbd66,0cef9bdcbd66bc52550967993ae922348d1da5c25db01706b8af8dfb7479c01a,"{""atr_period"":14,""direction"":""SHORT"",""grammar_version"":""v1.7"",""logic"":""AND"",""market"":""LINK"",""predicates"":[{""feature"":""structure.fractal_high.5"",""operator"":""=="",""value"":1.0},{""feature"":""volatility.bb_upper.50.2"",""operator"":"">"",""value"":0.0}],""stop_atr"":2.0,""target_atr"":2.0,""time_exit"":24,""timeframe"":""M15""}",SHORT,0.9708287411407532,0.0078153486333981,-1.021209667273573,-1.0212096672735758,204,12.816816227997547,GENETIC,0.0384746161617837,0.6666666666666666,6,-0.2437357383945321,"[0.9235157414523424, 1.3438063900776305, 0.7984955538874668, 1.2271601656956126, 0.7123262968823874, 1.318436150074996]","[43, 44, 44, 16, 23, 34]",0.3482073482298173,True,1.081135205224194,0.0354692804941407,0.0175095678036638,55,-0.0705332942031806,1.008606345132503,0.0078153486333981,0.0076526605442952,3.7513041883801486e-05,204,-0.180094515631766,0.9715714264035696,False,0.0003183557782484,0.9582049418279353,False,True,PASS,0cef9bdcbd66bc52550967993ae922348d1da5c25db01706b8af8dfb7479c01a,0.6478469785833396,-0.178335422289855,-0.0017676029034459,-0.0618661016206065,-0.090977451685445,False,ADMITTED
LINK,M15,VAL,SQX-LINK-M15-a56508bd4293,a56508bd42932fc9e8d9f0ced3d9113a1152a4d173a32acd61ecfa8e9c94ef19,"{""atr_period"":14,""direction"":""LONG"",""grammar_version"":""v1.7"",""logic"":""AND"",""market"":""LINK"",""predicates"":[{""feature"":""volatility.compression.50.2.1.5"",""operator"":""=="",""value"":1.0}],""stop_atr"":2.0,""target_atr"":2.0,""time_exit"":96,""timeframe"":""M15""}",LONG,1.1266427270412105,0.0223586459078188,1.7515723003917418,1.7515723003917412,136,3.3351846493406034,GENETIC,0.0485626013946405,0.6666666666666666,6,-0.0693817002993758,"[1.7112634371891806, 0.7807262609399019, 1.0160856456835745, 1.96850417187449, 0.858056370875131, 1.025879519735216]","[50, 19, 21, 7, 23, 16]",0.3338838429864632,True,1.2638197820341686,0.1199240377244304,0.025606005664758,22,-0.0565518092731859,1.0357056945152228,0.0223586459078188,0.0240071878012533,0.000176523439715,136,-0.085545219815033,0.9829381977354174,False,0.001163909348398,0.9663524018228546,False,True,PASS,a56508bd42932fc9e8d9f0ced3d9113a1152a4d173a32acd61ecfa8e9c94ef19,0.9720296294290626,-0.0097542266752192,-0.0001478877620645,-0.005471847196389,-0.0928144390732687,False,ADMITTED
LINK,M15,VAL,SQX-LINK-M15-bd4dce8e1152,bd4dce8e11526790c800b9413daa4816e31d3a3567a9ee5106d043650e625c3f,"{""atr_period"":14,""direction"":""LONG"",""grammar_version"":""v1.7"",""logic"":""AND"",""market"":""LINK"",""predicates"":[{""feature"":""momentum.willr.28"",""operator"":""<"",""value"":-20.0},{""feature"":""volatility.compression.50.2.1.5"",""operator"":""=="",""value"":1.0}],""stop_atr"":2.0,""target_atr"":2.0,""time_exit"":72,""timeframe"":""M15""}",LONG,1.1316127284297202,0.0295442880283054,1.8225527451304664,1.8225527451304648,138,3.4282364950615047,GENETIC,0.0448534547156085,0.6666666666666666,6,-0.0693757803690098,"[1.7864967796720124, 0.806361823063321, 1.0160856456835745, 1.9842114172610685, 0.8575236861155557, 1.0079512469437226]","[52, 19, 21, 7, 23, 16]",0.3321761762900227,True,1.2628068454383403,0.1195538082766224,0.0255219501717758,22,-0.0565518092731859,1.051151087643681,0.0295442880283054,0.0346879435462905,0.0002513619097557,138,-0.1015586920735254,0.9950832185456856,False,0.0011600886441716,0.966293844397714,False,True,PASS,bd4dce8e11526790c800b9413daa4816e31d3a3567a9ee5106d043650e625c3f,1.042550680879137,0.0267338542424413,0.0002182304915498,0.0074198367126949,-0.0918133179075634,False,ADMITTED
LINK,M15,VAL,SQX-LINK-M15-3ef0b408f5d0,3ef0b408f5d0980165b470be9677116eee7eb24dfcb70515c0042b401f9ff3e9,"{""atr_period"":14,""direction"":""LONG"",""grammar_version"":""v1.7"",""logic"":""AND"",""market"":""LINK"",""predicates"":[{""feature"":""volatility.compression.50.2.1.5"",""operator"":""=="",""value"":1.0}],""stop_atr"":2.0,""target_atr"":2.0,""time_exit"":72,""timeframe"":""M15""}",LONG,1.12421907983952,0.0294503320135825,1.720334569331763,1.7203345693317624,138,3.323259394140029,GENETIC,0.0448534547156085,0.6666666666666666,6,-0.0693817002993758,"[1.6892520907430932, 0.7807262609399019, 1.0160856456835745, 1.96850417187449, 0.858056370875131, 1.0079512469437226]","[52, 19, 21, 7, 23, 16]",0.3321746963074312,True,1.2638197820341686,0.1199240377244304,0.025606005664758,22,-0.0565518092731859,1.0509451523984012,0.0294503320135825,0.0345551984450613,0.0002503999887323,138,-0.1016642891700793,0.9949555545254364,False,0.001163909348398,0.9663524018228546,False,True,PASS,3ef0b408f5d0980165b470be9677116eee7eb24dfcb70515c0042b401f9ff3e9,0.9720296294290626,-0.0097542266752192,-0.0001478877620645,-0.005471847196389,-0.0928144390732687,False,ADMITTED
LINK,M15,VAL,SQX-LINK-M15-7d25c75d8eb2,7d25c75d8eb2ca8577b527d5d7ceaffe12acabc43dc6415e0b97dcfc72fa98bf,"{""atr_period"":14,""direction"":""LONG"",""grammar_version"":""v1.7"",""logic"":""AND"",""market"":""LINK"",""predicates"":[{""feature"":""structure.break_low.3"",""operator"":""<"",""value"":0.0},{""feature"":""volatility.bb_middle.20.2"",""operator"":"">"",""value"":0.0}],""stop_atr"":2.0,""target_atr"":4.0,""time_exit"":72,""timeframe"":""M15""}",LONG,1.0198526519104678,0.1289608761259514,0.7373600893891892,0.7373600893891867,133,12.4984145836782,GENETIC,0.1253140890492928,0.6666666666666666,6,-0.4014620355568342,"[2.1580427846316654, 1.0129621931912394, 0.27544491980467517, 1.656809602553776, 1.0769562810046638, 0.8350769791629142]","[18, 22, 15, 22, 31, 25]",0.3246152468267509,True,1.2072253176538474,0.1399258720561965,0.0438240734593369,33,-0.0938763983834171,1.1838223819951998,0.1289608761259514,0.1711098904964958,0.0012865405300488,133,-0.1042733415642613,0.9927796524725826,False,0.0013280022260405,0.987433398356832,False,True,PASS,7d25c75d8eb2ca8577b527d5d7ceaffe12acabc43dc6415e0b97dcfc72fa98bf,0.7388099520024579,-0.1894419816379023,-0.0018633090737435,-0.1211150897933281,-0.1634172050104094,False,ADMITTED
LINK,M15,VAL,SQX-LINK-M15-018391b89bf6,018391b89bf65f5fb8d013768329805c6c98ea85e7a4e8f1d1d3424acc8cfa85,"{""atr_period"":14,""direction"":""LONG"",""grammar_version"":""v1.7"",""logic"":""AND"",""market"":""LINK"",""predicates"":[{""feature"":""volatility.compression.50.2.1.5"",""operator"":""=="",""value"":1.0}],""stop_atr"":2.0,""target_atr"":4.0,""time_exit"":24,""timeframe"":""M15""}",LONG,1.068785641260943,0.037692182859883,0.8691300998730803,0.8691300998730807,136,2.8543696242343954,GENETIC,0.0662662504736339,0.6666666666666666,6,-0.2050172041869162,"[2.5014899002567135, 1.197259007144012, 0.8066196120183429, 2.165560886108739, 0.541394176273659, 1.6733864667652658]","[52, 19, 22, 8, 20, 15]",0.3176786160935715,True,1.2136694816057711,0.1184514051613412,0.0255900276442526,23,-0.077211801807129,1.0609467388948082,0.037692182859883,0.042812981132422,0.000314801331856,136,-0.1204766837847063,0.9489936525815978,False,0.0011126098975761,0.9539152853094685,False,True,PASS,018391b89bf65f5fb8d013768329805c6c98ea85e7a4e8f1d1d3424acc8cfa85,0.8830610759583278,-0.0635493663039948,-0.0007021446868196,-0.023872919351869,-0.0733897192133352,False,ADMITTED
LINK,M15,VAL,SQX-LINK-M15-b25fbe5b531b,b25fbe5b531be87de2e735a1008f3fac7486c04af5a4d0e0aa512eb280ec25d4,"{""atr_period"":14,""direction"":""LONG"",""grammar_version"":""v1.7"",""logic"":""AND"",""market"":""LINK"",""predicates"":[{""feature"":""volatility.compression.50.2.1.5"",""operator"":""=="",""value"":1.0}],""stop_atr"":1.5,""target_atr"":4.0,""time_exit"":24,""timeframe"":""M15""}",LONG,0.9893668891044176,0.045488444242705,-0.1347514980963509,-0.1347514980963525,152,3.463173034265857,GENETIC,0.0607798300789406,0.6666666666666666,6,-0.2590706676112854,"[2.886916998512298, 1.2819116054428357, 0.7883903666966707, 1.3818362683780183, 0.5687504729653153, 1.4782855227347018]","[56, 22, 23, 9, 23, 19]",0.3146788298427859,True,1.1650958189268257,0.1204584007472614,0.0272178923251678,25,-0.0874888464791268,1.0572219290669809,0.045488444242705,0.0551361455917405,0.0003627377999456,152,-0.2104132009646902,0.9124868779764982,False,0.0010887156930067,0.9461937892791916,False,True,PASS,b25fbe5b531be87de2e735a1008f3fac7486c04af5a4d0e0aa512eb280ec25d4,0.930266471611929,-0.0375285289256372,-0.0004764058224321,-0.0181034212524213,-0.1046881454174365,False,ADMITTED
LINK,M15,VAL,SQX-LINK-M15-7cc6b6d495af,7cc6b6d495af6797e1c36a67a513186576d7fc73c512567f5217d4f7799264e2,"{""atr_period"":14,""direction"":""LONG"",""grammar_version"":""v1.7"",""logic"":""AND"",""market"":""LINK"",""predicates"":[{""feature"":""momentum.willr.14"",""operator"":""<"",""value"":-20.0},{""feature"":""volatility.compression.50.2.1.5"",""operator"":""=="",""value"":1.0}],""stop_atr"":2.0,""target_atr"":2.0,""time_exit"":96,""timeframe"":""M15""}",LONG,1.141273341506656,0.0088202400571543,1.9246739612646744,1.9246739612646728,134,3.511045235336308,GENETIC,0.0302673858681609,0.6666666666666666,6,-0.0693483448338631,"[1.621861045853692, 0.8016605041732685, 1.0610951499029455, 1.96850417187449, 0.8575236861155557, 1.025879519735216]","[48, 19, 21, 7, 23, 16]",0.3135969663263619,True,1.262870926768597,0.1195811298121623,0.0255280488401923,22,-0.0565518092731859,1.0079093919886717,0.0088202400571543,0.005234581629568,3.906404201169748e-05,134,-0.0944091664333904,0.964918488599572,False,0.0011603658563723,0.9662829392189582,False,True,PASS,7cc6b6d495af6797e1c36a67a513186576d7fc73c512567f5217d4f7799264e2,0.831973792358254,-0.0912353610249904,-0.0009493960281565,-0.0303806729010099,-0.091709033006853,False,ADMITTED
LINK,M15,VAL,SQX-LINK-M15-9f03bc0d303d,9f03bc0d303d0b859228efe740949f618857226e9c1557eecf9d233e30613645,"{""atr_period"":14,""direction"":""LONG"",""grammar_version"":""v1.7"",""logic"":""AND"",""market"":""LINK"",""predicates"":[{""feature"":""rsi_14"",""operator"":""<"",""value"":65.0},{""feature"":""volatility.compression.50.2.1.5"",""operator"":""=="",""value"":1.0}],""stop_atr"":1.0,""target_atr"":3.0,""time_exit"":72,""timeframe"":""M15""}",LONG,1.4078655214363294,0.0826453088670865,4.661448888153159,4.66144888815318,174,5.822059090658274,GENETIC,0.0536429785829157,0.5,6,-0.1719093922528575,"[2.0721385851861363, 1.2437479766752113, 1.0147380391050755, 2.8903166302561547, 0.9117659690597738, 0.8076042275714649]","[68, 26, 24, 11, 26, 19]",0.3096656305197014,True,1.2611164889583586,0.2083057492180408,0.0587754590421294,30,-0.1042625004107933,1.085463488683215,0.0826453088670865,0.1235590524433403,0.0007101094968008,174,-0.2629906855823368,0.8810935547399846,False,0.0019591819680709,0.9158680307264452,False,True,PASS,9f03bc0d303d0b859228efe740949f618857226e9c1557eecf9d233e30613645,0.7319137187641397,-0.2397857297796481,-0.0023762175062989,-0.130691962846443,-0.1684543979909758,False,ADMITTED
LINK,M15,VAL,SQX-LINK-M15-ef52345bae8c,ef52345bae8c1f020d842be3542aa2cada3d9032afb6416490240558237e1e57,"{""atr_period"":14,""direction"":""LONG"",""grammar_version"":""v1.7"",""logic"":""AND"",""market"":""LINK"",""predicates"":[{""feature"":""volatility.compression.50.2.1.5"",""operator"":""=="",""value"":1.0}],""stop_atr"":1.0,""target_atr"":3.0,""time_exit"":96,""timeframe"":""M15""}",LONG,1.3802097974698313,0.0755481457706648,4.440976482922234,4.440976482922257,176,5.772719064172592,GENETIC,0.0465878737997493,0.5,6,-0.1719093922528575,"[1.9301108605226116, 1.2437479766752113, 1.0147380391050755, 2.8903166302561547, 0.9117659690597738, 0.6991167520979416]","[67, 26, 24, 11, 26, 22]",0.3046105257365349,True,1.2611164889583586,0.2083057492180408,0.0587754590421294,30,-0.1042625004107933,1.0751158783753654,0.0755481457706648,0.1107876058120904,0.0006294750330232,176,-0.2764348214484912,0.904372842848844,False,0.0019591819680709,0.9158680307264452,False,True,PASS,ef52345bae8c1f020d842be3542aa2cada3d9032afb6416490240558237e1e57,0.7718464505809107,-0.1996834515508972,-0.002022336536836,-0.1152731825996543,-0.1772490091438069,False,ADMITTED
LINK,M15,VAL,SQX-LINK-M15-47fc0a154a8e,47fc0a154a8eb9f41ae9165cbbd143c9c25b8baea9ae80dc99234faee51d4fb2,"{""atr_period"":14,""direction"":""LONG"",""grammar_version"":""v1.7"",""logic"":""AND"",""market"":""LINK"",""predicates"":[{""feature"":""momentum.roc.8"",""operator"":""<"",""value"":-0.005},{""feature"":""structure.break_high.3"",""operator"":"">"",""value"":0.0}],""stop_atr"":1.5,""target_atr"":1.5,""time_exit"":48,""timeframe"":""M15""}",LONG,1.024218837087079,0.0705668771500142,0.6690735419080613,0.6690735419080589,136,5.898948832974666,GENETIC,0.0459969416518868,0.5,6,-0.0826991968684296,"[0.7687327749063774, 1.1731991302104412, 0.9854612046188146, 0.928179439487039, 1.4553846159985229, 0.6545255074038377]","[27, 23, 12, 27, 35, 12]",0.2863221424347795,True,1.0112506855173051,0.0104646192321373,0.0011749804629179,21,-0.050698565104717,1.1457610502408326,0.0705668771500142,0.0934922024464042,0.000687442665047,136,-0.0770738824918776,0.9843225120039436,False,5.59514506151051e-05,0.9933161214311356,False,True,PASS,47fc0a154a8eb9f41ae9165cbbd143c9c25b8baea9ae80dc99234faee51d4fb2,0.9651099596815856,-0.0117491134024235,-0.0001666380953994,-0.0151640666813464,-0.1215114919984973,False,ADMITTED
LINK,M15,VAL,SQX-LINK-M15-28ca06d94d2b,28ca06d94d2b6202506e3527a8721e412ad385598634cfdc574fe8fb07e4c25e,"{""atr_period"":14,""direction"":""LONG"",""grammar_version"":""v1.7"",""logic"":""AND"",""market"":""LINK"",""predicates"":[{""feature"":""rsi_14"",""operator"":""<"",""value"":25.0},{""feature"":""volatility.bb_middle.50.2"",""operator"":"">"",""value"":0.0}],""stop_atr"":2.5,""target_atr"":2.0,""time_exit"":48,""timeframe"":""M15""}",LONG,0.7395988184361398,0.00887027698379,-5.579424035755662,-5.579424035755644,124,10.498144992550907,GENETIC,0.0541093801542012,0.6666666666666666,6,-0.2667999683947242,"[3.354541972377842, 1.3307826909409004, 0.6230663132384103, 0.38387258739138946, 1.4175486918394158, 1.7319402165223874]","[26, 20, 15, 19, 26, 18]",0.2780760547221869,True,1.2132849600188995,0.084232484861136,0.0236086475512049,29,-0.1511236238045401,1.0120553928636586,0.00887027698379,0.0062898258712684,5.072440218764624e-05,124,-0.1131178374668101,0.933594746791772,False,0.0008140912948691,0.9311512790266546,False,True,PASS,28ca06d94d2b6202506e3527a8721e412ad385598634cfdc574fe8fb07e4c25e,0.7411195411979203,-0.1283605936080241,-0.0012881641564987,-0.0553910587294477,-0.0959892472707724,False,ADMITTED
LINK,M15,VAL,SQX-LINK-M15-5dd75aab3ea0,5dd75aab3ea062e786a297bfab4564ee1d4c0cbbbfc901383ee24ba5cd6625df,"{""atr_period"":14,""direction"":""LONG"",""grammar_version"":""v1.7"",""logic"":""AND"",""market"":""LINK"",""predicates"":[{""feature"":""rsi_14"",""operator"":""<"",""value"":25.0},{""feature"":""volatility.bb_middle.50.2"",""operator"":"">"",""value"":0.0}],""stop_atr"":2.5,""target_atr"":3.0,""time_exit"":96,""timeframe"":""M15""}",LONG,0.7352834164843598,0.0630920496922572,-6.921779054240444,-6.921779054240426,124,13.1469643657231,GENETIC,0.1274309802903705,0.5,6,-0.415729292118028,"[2.7606590639275197, 1.820522609454511, 0.5563073394794017, 0.35630901377384794, 1.3112519857049603, 2.6033078311975117]","[26, 20, 15, 19, 26, 18]",0.2724986572608636,True,1.5592242774477747,0.2428277259859601,0.0710169386387271,29,-0.1511236238045401,1.1163447261326591,0.0630920496922572,0.073479288230966,0.0005925749050884,124,-0.1562031001877399,0.9105343435388982,False,0.0024488599530595,0.9311512790266546,False,True,PASS,5dd75aab3ea062e786a297bfab4564ee1d4c0cbbbfc901383ee24ba5cd6625df,0.7285981423417353,-0.1588985311227053,-0.001590058358533,-0.0683725094169213,-0.1810697589680805,False,ADMITTED
LINK,M15,VAL,SQX-LINK-M15-3e9c48344a88,3e9c48344a88b23ab95fd11c19f14f985b66e5ca4d86a175d859a59b0b876195,"{""atr_period"":14,""direction"":""LONG"",""grammar_version"":""v1.7"",""logic"":""AND"",""market"":""LINK"",""predicates"":[{""feature"":""rsi_14"",""operator"":""<"",""value"":25.0},{""feature"":""volatility.bb_middle.50.2"",""operator"":"">"",""value"":0.0}],""stop_atr"":2.5,""target_atr"":4.0,""time_exit"":72,""timeframe"":""M15""}",LONG,0.7404016260427292,0.0843578914491914,-7.18028344093141,-7.180283440931394,124,15.33722614357446,GENETIC,0.1619966545072654,0.5,6,-0.5592994571345292,"[3.0115609606741716, 2.333101742226546, 0.37067910507069673, 0.31739822505780446, 1.5293336802609596, 2.3209949882735375]","[26, 20, 15, 19, 26, 18]",0.2711717902236331,True,1.5940087678454102,0.2806689800372012,0.082254765759778,29,-0.1511236238045401,1.1444497764123316,0.0843578914491914,0.0996911270166083,0.0008039607017468,124,-0.2581024350552296,0.8426052150130137,False,0.0028363712330958,0.9311512790266546,False,True,PASS,3e9c48344a88b23ab95fd11c19f14f985b66e5ca4d86a175d859a59b0b876195,0.6105708927256553,-0.2660860702929537,-0.00257710158068,-0.1108153679692405,-0.1810697589680807,False,ADMITTED
LINK,M15,VAL,SQX-LINK-M15-8ac88ffff95c,8ac88ffff95cc53d95b837f1d28a3d3cfe930e178aaf3d0e1e263276d5244e59,"{""atr_period"":14,""direction"":""LONG"",""grammar_version"":""v1.7"",""logic"":""AND"",""market"":""LINK"",""predicates"":[{""feature"":""rsi_14"",""operator"":""<"",""value"":25.0},{""feature"":""volatility.bb_middle.50.2"",""operator"":"">"",""value"":0.0}],""stop_atr"":2.5,""target_atr"":2.0,""time_exit"":96,""timeframe"":""M15""}",LONG,0.7549814201047977,0.0052499697032291,-5.381457363571141,-5.3814573635711245,124,10.315469662859352,GENETIC,0.0505568176629211,0.6666666666666666,6,-0.282395958784695,"[3.2244425991054406, 1.333840967738721, 0.7274600862073929, 0.38387258739138946, 1.4175486918394158, 1.7319402165223874]","[26, 20, 15, 19, 26, 18]",0.270624494633414,True,1.3617102936907797,0.132482898399754,0.0380256960097615,29,-0.1511236238045401,1.0028740476127165,0.0052499697032291,0.001558404841641,1.2567780980981718e-05,124,-0.1154026170502931,0.929205126918297,False,0.0013112308968883,0.9311512790266546,False,True,PASS,8ac88ffff95cc53d95b837f1d28a3d3cfe930e178aaf3d0e1e263276d5244e59,0.7411195411979203,-0.1283605936080241,-0.0012881641564987,-0.0553910587294477,-0.0959892472707724,False,ADMITTED
LINK,M15,VAL,SQX-LINK-M15-ecf7e584d799,ecf7e584d79901f9a62a533c072dd6d34cdcb1669219af5fd743c84dc1d37a15,"{""atr_period"":14,""direction"":""LONG"",""grammar_version"":""v1.7"",""logic"":""AND"",""market"":""LINK"",""predicates"":[{""feature"":""volatility.compression.50.2.1.5"",""operator"":""=="",""value"":1.0}],""stop_atr"":2.0,""target_atr"":2.0,""time_exit"":48,""timeframe"":""M15""}",LONG,1.1023423734450453,0.0055279617637344,1.418991370082194,1.4189913700821926,142,3.0238474424763977,GENETIC,0.0071622179002859,0.5,6,-0.0693817002993758,"[1.6431973967280904, 0.7807262609399019, 0.9589832765661562, 1.96850417187449, 0.858056370875131, 1.0061904563970243]","[55, 19, 22, 7, 23, 16]",0.256816792825442,True,1.2208406499396476,0.0958795862728425,0.0221494059982603,24,-0.0565518092731859,1.0016478916544451,0.0055279617637344,0.0011313056720738,7.966941352638797e-06,142,-0.1137593155741274,0.9629945360097528,False,0.0009228919165941,0.9663256106203044,False,True,PASS,ecf7e584d79901f9a62a533c072dd6d34cdcb1669219af5fd743c84dc1d37a15,0.9720296294290626,-0.0097542266752192,-0.0001478877620645,-0.005471847196389,-0.0928144390732687,False,ADMITTED
LINK,M15,VAL,SQX-LINK-M15-3a8aa5543960,3a8aa5543960580de1fb611cdca262ebbf841096037827427adb5a0746bbc18e,"{""atr_period"":14,""direction"":""LONG"",""grammar_version"":""v1.7"",""logic"":""AND"",""market"":""LINK"",""predicates"":[{""feature"":""trend.ema_slope.10.6"",""operator"":""<"",""value"":0.0},{""feature"":""volatility.compression.50.2.1.5"",""operator"":""=="",""value"":1.0}],""stop_atr"":2.0,""target_atr"":1.5,""time_exit"":24,""timeframe"":""M15""}",LONG,1.2716510992439043,0.0168144005496601,2.8411173591568737,2.8411173591568777,143,4.957425922860471,GENETIC,0.0385942750356823,0.5,6,-0.2251059218028394,"[1.2305399392707002, 0.7181831874962047, 1.1840441589859774, 4.147598427881418, 0.4753192088579575, 3.739457339226725]","[56, 16, 21, 9, 24, 17]",0.2503177945849725,True,1.6131514978203365,0.1756221559440151,0.0351179639832592,20,-0.0529643813159962,1.0360266685327668,0.0168144005496601,0.0194893609185939,0.0001362892371929,143,-0.1267632825479579,0.9424455953110088,False,0.0017558981991629,0.9817467620467712,False,True,PASS,3a8aa5543960580de1fb611cdca262ebbf841096037827427adb5a0746bbc18e,0.7159166875469185,-0.1431133832289857,-0.0014455567098338,-0.0346933610360122,-0.0679787924950714,False,ADMITTED
LINK,M15,VAL,SQX-LINK-M15-9e85a697e702,9e85a697e702573a0fbbc726e623fecd09ad5b9ff4dca546d6be057300e88b62,"{""atr_period"":14,""direction"":""LONG"",""grammar_version"":""v1.7"",""logic"":""AND"",""market"":""LINK"",""predicates"":[{""feature"":""momentum.roc.8"",""operator"":""<"",""value"":-0.005},{""feature"":""volatility.compression.50.2.1.5"",""operator"":""=="",""value"":1.0}],""stop_atr"":2.0,""target_atr"":2.0,""time_exit"":24,""timeframe"":""M15""}",LONG,1.182076545918644,0.0165906926022826,1.5970827125751488,1.597082712575149,100,3.675402466479036,GENETIC,0.0637133095353601,0.6666666666666666,6,-0.3486646092460861,"[1.6377398511644874, 0.6239943733022482, 1.3233086901495128, 3.423082794028019, 0.3559886321381864, 3.428512554906177]","[43, 9, 16, 6, 17, 9]",0.2432138238905052,True,2.3297190488415365,0.3668089279138702,0.0444378262455844,12,-0.042149271670018,1.027996176968574,0.0165906926022826,0.0123747560217541,0.0001237475602175,100,-0.1346645982695793,0.953178501077025,False,0.003703152187132,0.9943050246591356,False,True,PASS,9e85a697e702573a0fbbc726e623fecd09ad5b9ff4dca546d6be057300e88b62,0.8713476667407842,-0.0627815093733739,-0.0006733993328267,-0.0101009899924017,-0.0462184696395401,False,ADMITTED
LINK,M15,VAL,SQX-LINK-M15-37415a0a4e17,37415a0a4e17ad4bbe7311c8e8fe38fa5664e6214f392c04463d9ba71699388e,"{""atr_period"":14,""direction"":""LONG"",""grammar_version"":""v1.7"",""logic"":""AND"",""market"":""LINK"",""predicates"":[{""feature"":""rsi_14"",""operator"":""<"",""value"":25.0},{""feature"":""volatility.bb_middle.50.2"",""operator"":"">"",""value"":0.0}],""stop_atr"":1.5,""target_atr"":4.0,""time_exit"":72,""timeframe"":""M15""}",LONG,0.825305561446583,0.1475882562880415,-3.531435683937536,-3.5314356839375205,127,9.670376400154488,GENETIC,0.0837751763115482,0.5,6,-0.5151043757522662,"[0.7054154304215792, 3.398398519694925, 0.41034527773679536, 0.4626221141592647, 1.4704173845167032, 2.2899051555841172]","[26, 20, 15, 20, 28, 18]",0.2069990823734817,True,1.532965844360449,0.3528813973872241,0.1063396723537875,30,-0.0456836878851303,1.2099828920781035,0.1475882562880415,0.1846706394380441,0.0014540995231341,127,-0.2159690280735653,0.8772468223470341,False,0.0035446557451262,0.9769761189409104,False,True,PASS,37415a0a4e17ad4bbe7311c8e8fe38fa5664e6214f392c04463d9ba71699388e,0.3754806994608752,-0.5705234699668613,-0.0051349534912265,-0.2208030001227429,-0.2327627706865426,False,ADMITTED
LINK,M15,VAL,SQX-LINK-M15-755108203b6e,755108203b6e751cde4c66b35796229cfc6dccd930d7562b5dd9fb9ec321e25e,"{""atr_period"":14,""direction"":""LONG"",""grammar_version"":""v1.7"",""logic"":""AND"",""market"":""LINK"",""predicates"":[{""feature"":""volatility.bb_middle.20.2"",""operator"":"">"",""value"":0.0},{""feature"":""volatility.compression.50.2.1.5"",""operator"":""=="",""value"":1.0}],""stop_atr"":2.5,""target_atr"":4.0,""time_exit"":24,""timeframe"":""M15""}",LONG,1.3710194424327455,0.0568244471291511,3.078311179164566,3.0783111791645723,95,4.529458279534261,GENETIC,0.0149442318731918,0.5,6,-0.1765494259004313,"[4.603510682968587, 0.7770895281511935, 1.1899800776637857, 3.8042132204610204, 0.6200101259235727, 0.9305985514742402]","[37, 13, 13, 6, 14, 12]",0.190806875398084,True,1.864104525951828,0.2976788036259274,0.0476981963358087,16,-0.0380138215499793,1.1185494376113794,0.0568244471291511,0.0501313288027116,0.0005276981979232,95,-0.274651860940956,0.9494683440142276,False,0.002981137270988,0.9806341723223144,False,True,PASS,755108203b6e751cde4c66b35796229cfc6dccd930d7562b5dd9fb9ec321e25e,1.0235007846974746,0.0161248662773698,0.0001074945391922,0.0025798689406142,-0.0541546847616461,False,ADMITTED
LINK,M15,VAL,SQX-LINK-M15-2c6dac242552,2c6dac242552194221b32499ddf2a8b0e8b5b62b8904d2db3439d692fbcb8728,"{""atr_period"":14,""direction"":""LONG"",""grammar_version"":""v1.7"",""logic"":""AND"",""market"":""LINK"",""predicates"":[{""feature"":""momentum.roc.16"",""operator"":"">"",""value"":0.0},{""feature"":""volatility.compression.50.2.1.5"",""operator"":""=="",""value"":1.0}],""stop_atr"":1.0,""target_atr"":4.0,""time_exit"":24,""timeframe"":""M15""}",LONG,1.3142974576111537,0.04523005660859,2.542662346189936,2.542662346189942,129,4.3829792804723375,GENETIC,0.0800127664056336,0.5,6,-0.6099736133491309,"[3.4674678551412406, 1.4175612201529109, 1.186001374185245, 2.372375409282424, 0.5713922310802423, 0.42675760794320344]","[51, 18, 17, 10, 14, 19]",0.1815193630683509,True,1.0126100187559504,0.0300903684012548,0.0025441746527683,25,-0.1440057805088457,1.0334539798479965,0.04523005660859,0.0358176095381592,0.0002776558878926,129,-0.292014057585537,0.8544975600355746,False,0.0001017669861107,0.920897291362116,False,True,PASS,2c6dac242552194221b32499ddf2a8b0e8b5b62b8904d2db3439d692fbcb8728,0.7979004651983633,-0.1555707405187237,-0.0016623732977176,-0.0698196785041396,-0.1211784892606812,False,ADMITTED
LINK,M15,VAL,SQX-LINK-M15-b92648de41b7,b92648de41b74c646760984717614bac5d04f64f7520228367b98d4e66dffdc6,"{""atr_period"":14,""direction"":""LONG"",""grammar_version"":""v1.7"",""logic"":""AND"",""market"":""LINK"",""predicates"":[{""feature"":""momentum.roc.32"",""operator"":""<"",""value"":-0.005},{""feature"":""volatility.compression.50.2.1.5"",""operator"":""=="",""value"":1.0}],""stop_atr"":2.0,""target_atr"":2.0,""time_exit"":96,""timeframe"":""M15""}",LONG,1.3825596175779835,0.0551867369391068,3.2908412293770346,3.290841229377042,92,3.913452971362366,GENETIC,0.0663395808710365,0.5,6,-0.4706496618009707,"[1.8377989210197454, 0.3247608809645124, 0.8328311982447821, 5.733862287526155, 0.8380873533199422, 1.9641290337235722]","[33, 11, 14, 7, 17, 10]",0.1656771654207938,True,1.3649512389642848,0.1586973851670603,0.0154846311527412,10,-0.0444321352523426,1.1059929050089845,0.0551867369391068,0.0473407525979427,0.0005145733978037,92,-0.1344454110640136,0.9514603899877432,False,0.0015484631152741,0.9746799928779404,False,True,PASS,b92648de41b74c646760984717614bac5d04f64f7520228367b98d4e66dffdc6,0.9411191703682232,-0.0261171571682861,-0.0003108515722633,-0.0052844767284763,-0.0511336085052865,False,ADMITTED
LINK,M15,VAL,SQX-LINK-M15-22665e777349,22665e7773491a01546184902bf010ae4f4013277debebb45be749b0fcfa507a,"{""atr_period"":14,""direction"":""LONG"",""grammar_version"":""v1.7"",""logic"":""AND"",""market"":""LINK"",""predicates"":[{""feature"":""rsi_14"",""operator"":""<"",""value"":25.0},{""feature"":""volatility.bb_middle.50.2"",""operator"":"">"",""value"":0.0}],""stop_atr"":2.0,""target_atr"":4.0,""time_exit"":72,""timeframe"":""M15""}",LONG,0.7533595516341945,0.0884266441939488,-6.03567438062129,-6.03567438062127,124,12.635390674833062,GENETIC,0.0594529622843182,0.5,6,-0.6029949484808649,"[0.5572056804168845, 2.9080963417024552, 0.30802078185348525, 0.3693949688176061, 1.7379838068350433, 2.4486332244975686]","[26, 20, 15, 19, 26, 18]",0.157704225164102,True,1.4356247420189396,0.2575576459881953,0.0740900345979578,29,-0.0556304790929169,1.1321794475395754,0.0884266441939488,0.1019397634996708,0.0008220948669328,124,-0.1849945550423704,0.8763978339417561,False,0.0025548287792399,0.9710780658053288,False,True,PASS,22665e7773491a01546184902bf010ae4f4013277debebb45be749b0fcfa507a,0.6569166956944504,-0.2476151167268241,-0.0024281975231863,-0.1044124934970116,-0.1475361146369974,False,ADMITTED
LINK,M15,VAL,SQX-LINK-M15-29afc7d4c8c9,29afc7d4c8c926c2dc1e2c76ed7c75d5c78c4cddbf9213e5caf52e7807cf86b0,"{""atr_period"":14,""direction"":""LONG"",""grammar_version"":""v1.7"",""logic"":""AND"",""market"":""LINK"",""predicates"":[{""feature"":""structure.break_high.3"",""operator"":"">"",""value"":0.0},{""feature"":""structure.break_low.2"",""operator"":""<"",""value"":0.0}],""stop_atr"":1.5,""target_atr"":1.5,""time_exit"":48,""timeframe"":""M15""}",LONG,1.4752927262964328,0.0270499230741417,4.355711024664801,4.35571102466481,63,8.434182519450415,GENETIC,0.0213775436955163,0.5,6,-0.2595146287518297,"[1.0733815846861778, 0.5193740449931316, 2.457031492185206, 1.469570964740591, 1.5111419117453149, 0.44088788439619503]","[10, 12, 5, 14, 14, 8]",0.1444988865075589,True,1.062319400397623,0.0351897070417231,0.0054457876647113,18,-0.0485783485103578,1.0455013544104357,0.0270499230741417,0.0139781247669694,0.0002218749963011,63,-0.0702063016342764,0.952000096285828,False,0.0003025437591506,0.980662846987146,False,True,PASS,29afc7d4c8c926c2dc1e2c76ed7c75d5c78c4cddbf9213e5caf52e7807cf86b0,0.7584700612974887,-0.128762703508736,-0.0013094878526396,-0.04321309913711,-0.1029108923646713,False,ADMITTED
SOL,M15,VAL,SQX-SOL-M15-ccfab81a54c6,ccfab81a54c6fb3b482fae1e0d79805aa6f2d662775084584956b82621305181,"{""atr_period"":14,""direction"":""SHORT"",""grammar_version"":""v1.7"",""logic"":""AND"",""market"":""SOL"",""predicates"":[{""feature"":""structure.last.5"",""operator"":""=="",""value"":1.0},{""feature"":""trend.ema_slope.50.1"",""operator"":""<"",""value"":0.0}],""stop_atr"":2.5,""target_atr"":4.0,""time_exit"":72,""timeframe"":""M15""}",SHORT,1.1415599462952482,0.0894033265042874,43.22307101338084,43.22307101338059,1523,42.933337622131184,GENETIC,0.0957462981818055,1.0,6,0.0161703733348546,"[1.136230796843222, 0.9263672919138255, 1.158722851849082, 1.390199996336768, 1.0787519135161694, 1.287506209041905]","[267, 236, 260, 270, 237, 253]",0.8457462981818056,True,1.0460465917381492,0.032622318701623,0.1125806182370345,425,-0.1639687293445568,1.164378787137944,0.0894033265042874,2.48188502311152,0.00162960277289,1523,-0.2043027690702683,0.9096100478746222,False,0.0002648955723224,0.9116328111232602,False,True,PASS,ccfab81a54c6fb3b482fae1e0d79805aa6f2d662775084584956b82621305181,0.8835415194217399,-0.0628744113372397,-0.0006110763250527,-0.249319140621535,-0.6702250424893239,False,ADMITTED
SOL,M15,VAL,SQX-SOL-M15-4e011d69727d,4e011d69727d0fbeaef3746553522fca934f1f79b065245e0fccd57c26f1956b,"{""atr_period"":14,""direction"":""SHORT"",""grammar_version"":""v1.7"",""logic"":""AND"",""market"":""SOL"",""predicates"":[{""feature"":""trend.close_ema.10"",""operator"":"">"",""value"":0.0},{""feature"":""trend.ema_slope.10.3"",""operator"":""<"",""value"":0.0}],""stop_atr"":2.0,""target_atr"":3.0,""time_exit"":96,""timeframe"":""M15""}",SHORT,1.1326896911998687,0.0525691112593257,81.7766532504457,81.77665325044504,3343,85.59495674797421,GENETIC,0.0533797347526784,1.0,6,0.0055567724874936,"[0.8908109692286953, 1.2454267600099704, 1.1344176263205032, 1.1134375636570224, 0.9961298701816271, 1.0037299749037691]","[581, 585, 551, 555, 521, 550]",0.8033797347526785,True,1.01134102353235,0.0144848501299813,0.0606035539451621,841,-0.4108387466676332,1.0731055322785377,0.0525691112593257,3.51132584399541,0.0010503517331724,3343,-0.3247706124587645,0.8675489387762929,False,7.206130076713678e-05,0.8424460679425151,False,True,PASS,4e011d69727d0fbeaef3746553522fca934f1f79b065245e0fccd57c26f1956b,0.8927681337736841,-0.0664517459185455,-0.0005484662017911,-0.4683901363296291,-0.606177497891982,False,ADMITTED
SOL,M15,VAL,SQX-SOL-M15-4243f2051953,4243f205195341b3fc69b23e6120a34f1ae414269502f0755411e7ce6a7791be,"{""atr_period"":14,""direction"":""SHORT"",""grammar_version"":""v1.7"",""logic"":""AND"",""market"":""SOL"",""predicates"":[{""feature"":""momentum.roc.4"",""operator"":"">"",""value"":0.005},{""feature"":""trend.ema_slope.20.3"",""operator"":""<"",""value"":0.0}],""stop_atr"":2.0,""target_atr"":4.0,""time_exit"":72,""timeframe"":""M15""}",SHORT,1.077337931897819,0.0431812736959371,35.84350300336226,35.843503003361626,2158,35.78753736038037,GENETIC,0.0338887497265607,1.0,6,0.023231955464727,"[0.9684640908700739, 1.097829134415221, 1.0501879450616283, 1.1228569829763333, 1.0623500790502283, 1.07051321138038]","[429, 417, 361, 365, 290, 296]",0.7838887497265608,True,1.0335077150060168,0.0307420589347645,0.1085419399593288,482,-0.2733713964011204,1.0589269191792088,0.0431812736959371,1.0786865052890091,0.0004998547290495,2158,-0.963720844495782,0.129569312968068,False,0.0002251907468035,0.9132292704999482,False,True,PASS,4243f205195341b3fc69b23e6120a34f1ae414269502f0755411e7ce6a7791be,0.938709842832102,-0.0325052672269388,-0.0003788450707912,-0.1875283100416711,-0.3991434906016699,False,ADMITTED
SOL,M15,VAL,SQX-SOL-M15-9542adb48ea3,9542adb48ea3ca96230d2faf45d47203436ba851d704e843cff2e65444a44413,"{""atr_period"":14,""direction"":""SHORT"",""grammar_version"":""v1.7"",""logic"":""AND"",""market"":""SOL"",""predicates"":[{""feature"":""rsi_14"",""operator"":""<"",""value"":60.0},{""feature"":""trend.ema_pair.100.200"",""operator"":""<"",""value"":0.0}],""stop_atr"":2.0,""target_atr"":4.0,""time_exit"":72,""timeframe"":""M15""}",SHORT,1.041000146413938,0.06468534217337,19.575442717241764,19.57544271724144,2367,25.47234561003669,GENETIC,0.0782679551264946,0.8333333333333334,6,-0.0276542880892007,"[0.9528933496052112, 0.8814095332940148, 1.123972740147942, 1.1558059890820604, 1.0993373429749154, 0.9157735751571141]","[416, 330, 447, 437, 403, 336]",0.7796877164375279,True,1.0768101005945587,0.05773198734562,0.3225104879206641,584,-0.4988119681907135,1.0853643276141938,0.06468534217337,2.6788691070608146,0.0011317571216986,2367,-0.3365000977540736,0.8342151783546345,False,0.0005522439861655,0.7855534056426082,False,True,PASS,9542adb48ea3ca96230d2faf45d47203436ba851d704e843cff2e65444a44413,0.8571945100085576,-0.0898328409337252,-0.0007214861398566,-0.4913320612423953,-0.8201384939856287,False,ADMITTED
SOL,M15,VAL,SQX-SOL-M15-4a87fe755978,4a87fe7559783d8983bfa62c5e7d89da60730a774e907293b7dbd4824a3a7f31,"{""atr_period"":14,""direction"":""SHORT"",""grammar_version"":""v1.7"",""logic"":""AND"",""market"":""SOL"",""predicates"":[{""feature"":""rsi_14"",""operator"":"">"",""value"":75.0},{""feature"":""structure.last.5"",""operator"":""=="",""value"":1.0}],""stop_atr"":1.5,""target_atr"":4.0,""time_exit"":96,""timeframe"":""M15""}",SHORT,0.980897635715855,0.0713803442159516,-2.10642425028771,-2.1064242502877017,595,10.408888974885468,GENETIC,0.1161363868863031,0.6666666666666666,6,-0.0894934846944597,"[1.2171824171944068, 0.9570510355734655, 0.9022487504182308, 1.5158589899686163, 0.9242836295884053, 0.8784445109490169]","[102, 94, 86, 109, 105, 99]",0.7604296823793548,True,1.0205064970737172,0.0277425776353152,0.0186626093281681,129,-0.1704480633318248,1.0727058840767285,0.0713803442159516,0.4096940470940966,0.0006885614236875,595,-0.2987531968620674,0.9761989393191932,False,0.0001446713901408,0.8515376584366405,False,True,PASS,4a87fe7559783d8983bfa62c5e7d89da60730a774e907293b7dbd4824a3a7f31,0.739440563213253,-0.1958749308351761,-0.0017784234668327,-0.2774340608259134,-0.3236750414327943,False,ADMITTED
SOL,M15,VAL,SQX-SOL-M15-726b35f33c43,726b35f33c43a91a4cc8aa29862c799c6d88bdb5a8dd10aa6c477646f8dabda9,"{""atr_period"":14,""direction"":""SHORT"",""grammar_version"":""v1.7"",""logic"":""AND"",""market"":""SOL"",""predicates"":[{""feature"":""structure.break_high.3"",""operator"":"">"",""value"":0.0},{""feature"":""trend.ema_slope.100.12"",""operator"":""<"",""value"":0.0}],""stop_atr"":2.5,""target_atr"":4.0,""time_exit"":72,""timeframe"":""M15""}",SHORT,1.1735625095611295,0.0628272897909643,51.69320411580211,51.69320411580173,1444,53.693193034275446,GENETIC,0.0612574636645086,0.8333333333333334,6,-0.0395400101707948,"[0.9539280896900125, 1.1038205484586086, 1.1241103014775402, 1.52545146111175, 1.0973996714611503, 1.2604604457615065]","[273, 225, 268, 248, 218, 212]",0.7597057944551432,True,1.072894096203086,0.0488631656557701,0.1532907093697035,346,-0.502188724708744,1.1108960127252956,0.0628272897909643,1.2192104145843956,0.0008443285419559,1444,-0.7627231636458213,0.6032092284574074,False,0.0004430367322823,0.6298230560322482,False,True,PASS,726b35f33c43a91a4cc8aa29862c799c6d88bdb5a8dd10aa6c477646f8dabda9,0.9001793032093458,-0.0558713865223625,-0.0005701377283539,-0.1949871030970389,-0.2782468680809274,False,ADMITTED
SOL,M15,VAL,SQX-SOL-M15-6c03668124ff,6c03668124ff49f18dbba350c4dc0b9d898963f1ff5efc413bb3120b107db1ae,"{""atr_period"":14,""direction"":""SHORT"",""grammar_version"":""v1.7"",""logic"":""AND"",""market"":""SOL"",""predicates"":[{""feature"":""trend.ema_slope.100.3"",""operator"":""<"",""value"":0.0},{""feature"":""volatility.atr_regime.14.50"",""operator"":"">"",""value"":0.0}],""stop_atr"":2.5,""target_atr"":3.0,""time_exit"":96,""timeframe"":""M15""}",SHORT,1.0681030669943776,0.0404546164895867,35.1129863415845,35.11298634158403,2331,43.00717324502966,GENETIC,0.0465292394582074,0.8333333333333334,6,-0.0329516017998102,"[0.9620881355376344, 0.9771673519367233, 1.167157074874783, 1.1713729991741733, 0.924326190449787, 0.9226634774552661]","[432, 367, 398, 412, 386, 336]",0.7466246723415882,True,1.0181130711628386,0.0155108239720327,0.0587579876821482,589,-0.2320428026804586,1.0685822808879206,0.0404546164895867,1.241299925295249,0.0005325182004698,2331,-0.6302421015044904,0.7793368116492493,False,9.975889249940429e-05,0.8826910511940924,False,True,PASS,6c03668124ff49f18dbba350c4dc0b9d898963f1ff5efc413bb3120b107db1ae,0.979328594988366,-0.0062222765851942,-0.0001167238682957,-0.0686336345578785,-0.3249667483191147,False,ADMITTED
SOL,M15,VAL,SQX-SOL-M15-b1e8af780251,b1e8af780251528f3b5ab307e301fc230026c77ad9323ea7b08835bfd239759c,"{""atr_period"":14,""direction"":""SHORT"",""grammar_version"":""v1.7"",""logic"":""AND"",""market"":""SOL"",""predicates"":[{""feature"":""structure.break_low.3"",""operator"":""<"",""value"":0.0},{""feature"":""trend.ema_pair.50.200"",""operator"":""<"",""value"":0.0}],""stop_atr"":2.5,""target_atr"":4.0,""time_exit"":24,""timeframe"":""M15""}",SHORT,1.0713191178658792,0.0335330923826518,22.900230038134428,22.900230038133813,1918,28.652191104993445,GENETIC,0.0269186879519115,0.8333333333333334,6,-0.0033789080198754,"[0.8902453603665824, 0.9608638262281565, 1.2271514072068455, 0.9658690436659195, 0.8945263532903459, 1.002124440669982]","[354, 273, 355, 366, 303, 267]",0.7344072942802761,True,1.002955668086022,0.0075040608596203,0.006781115810174,463,-0.6184866464646601,1.057140386390237,0.0335330923826518,0.7027795192134556,0.0003664126794647,1918,-0.2668254920339726,0.9378228395316652,False,1.464603846689924e-05,0.6643352256944192,False,True,PASS,b1e8af780251528f3b5ab307e301fc230026c77ad9323ea7b08835bfd239759c,0.920827762041294,-0.0371972932082176,-0.00038762062557,-0.191484589031608,-0.3633001282057551,False,ADMITTED
SOL,M15,VAL,SQX-SOL-M15-0032b53d39d6,0032b53d39d666bf98a22c89fa787feae286d54d1c8b8dcdafb6b20ce46454a4,"{""atr_period"":14,""direction"":""SHORT"",""grammar_version"":""v1.7"",""logic"":""AND"",""market"":""SOL"",""predicates"":[{""feature"":""rsi_14"",""operator"":"">"",""value"":75.0},{""feature"":""volatility.atr_regime.28.50"",""operator"":""<"",""value"":0.0}],""stop_atr"":1.5,""target_atr"":4.0,""time_exit"":72,""timeframe"":""M15""}",SHORT,1.154626965158439,0.0328242291817532,26.77999296432518,26.779992964324723,1306,32.8758767741495,GENETIC,0.03825697279467,0.8333333333333334,6,-0.058952132969799,"[1.0110873023476792, 1.0595945100505515, 1.3535390540202685, 1.2480323309833015, 1.059961807071821, 0.9274546577365592]","[293, 256, 192, 202, 173, 190]",0.7318522728855537,True,1.0611949903030369,0.0600856315884827,0.1437659010841192,291,-0.7655403580447468,1.0289794852303369,0.0328242291817532,0.287292720372317,0.0002199791120768,1306,-0.5718859408333979,0.4991093320149996,False,0.0004940408971962,0.3972143866332452,False,True,PASS,0032b53d39d666bf98a22c89fa787feae286d54d1c8b8dcdafb6b20ce46454a4,0.7376397264546212,-0.2173247614460186,-0.0016092338577214,-0.5342656407635188,-0.6656961696275628,False,ADMITTED
SOL,M15,VAL,SQX-SOL-M15-7d4190997bb6,7d4190997bb6316c4f7a1fb9c36c7d74acbe60ba9f6b9ea840d74719424f352e,"{""atr_period"":14,""direction"":""SHORT"",""grammar_version"":""v1.7"",""logic"":""AND"",""market"":""SOL"",""predicates"":[{""feature"":""momentum.willr.14"",""operator"":"">"",""value"":-80.0},{""feature"":""volatility.bb_lower.20.2"",""operator"":""<"",""value"":0.0}],""stop_atr"":2.5,""target_atr"":1.5,""time_exit"":72,""timeframe"":""M15""}",SHORT,0.9278196131766172,0.0314047329937358,-8.405501056028223,-8.405501056028122,851,23.725617659137548,GENETIC,0.0268496017884376,0.8333333333333334,6,-0.026799960384161,"[1.1849008778725194, 0.9572291136686384, 0.8057676931219421, 0.8562920222886345, 1.243447153141295, 1.0607464787739953]","[105, 112, 110, 135, 214, 175]",0.7284829450257306,True,1.0564017406032722,0.0227684987152807,0.0371130907879526,183,-0.1407385664205386,1.0834926940830707,0.0314047329937358,0.2744821660365162,0.000322540735648,851,-0.2566037973293394,0.9265783270505328,False,0.0002028037747975,0.9638922302648314,False,True,PASS,7d4190997bb6316c4f7a1fb9c36c7d74acbe60ba9f6b9ea840d74719424f352e,1.011740566776825,0.0068900303264567,4.068723890281762e-05,0.00549277725188,-0.2782189398877496,False,ADMITTED
SOL,M15,VAL,SQX-SOL-M15-00e0bfe2a1f1,00e0bfe2a1f1dd3bfcbaa070d3843f96d19daf2340ef821dac19d070153f6315,"{""atr_period"":14,""direction"":""LONG"",""grammar_version"":""v1.7"",""logic"":""AND"",""market"":""SOL"",""predicates"":[{""feature"":""structure.last.5"",""operator"":""=="",""value"":4.0},{""feature"":""volatility.bb_upper.50.2"",""operator"":"">"",""value"":0.0}],""stop_atr"":2.5,""target_atr"":3.0,""time_exit"":72,""timeframe"":""M15""}",LONG,1.3184948149530165,0.0698228036440286,29.55091686034699,29.550916860346835,475,32.040985274273766,GENETIC,0.0889117969814438,0.6666666666666666,6,-0.0477535931788574,"[0.9252574699021983, 1.4148177464948486, 1.5069689399251012, 0.770321561283975, 0.9489813927111336, 1.3821880155572501]","[74, 97, 79, 75, 84, 66]",0.7186400653533962,True,1.1227160119518504,0.0633028007812589,0.069240988665701,116,-0.0998342099428251,1.1290813403023443,0.0698228036440286,0.3555472771285095,0.0007485205834284,475,-0.2572016223756095,0.8835146889350582,False,0.0005969050747043,0.9279654223763528,False,True,PASS,00e0bfe2a1f1dd3bfcbaa070d3843f96d19daf2340ef821dac19d070153f6315,1.016090534862654,0.0143014905536765,8.522043582346e-05,0.012612624501872,-1.778457699843601,True,ADMITTED
SOL,M15,VAL,SQX-SOL-M15-d3976d8437af,d3976d8437afbe41c12fbc5e5a3ce503f9b19f6a970afa0a416b27e174d6a935,"{""atr_period"":14,""direction"":""SHORT"",""grammar_version"":""v1.7"",""logic"":""AND"",""market"":""SOL"",""predicates"":[{""feature"":""structure.last.5"",""operator"":""=="",""value"":1.0},{""feature"":""volatility.bb_lower.20.2"",""operator"":""<"",""value"":0.0}],""stop_atr"":1.5,""target_atr"":4.0,""time_exit"":72,""timeframe"":""M15""}",SHORT,1.0588042247616305,0.0676081723173331,7.05309842724012,7.053098427240254,790,8.828975625606432,GENETIC,0.0657595183839709,0.6666666666666666,6,-0.0619335680074579,"[1.2672678363343524, 0.8882371784744614, 1.128085857874213, 1.1026372842092864, 0.7035130367751151, 1.1599784901188046]","[134, 127, 130, 146, 120, 133]",0.716942793048773,True,1.071447966214962,0.0624559659997619,0.1236829677342175,239,-0.1902059793819016,1.0717686328013445,0.0676081723173331,0.5355604359364787,0.0006779246024512,790,-0.497931980880308,0.9039003710720458,False,0.0005175019570469,0.8192855350007393,False,True,PASS,d3976d8437afbe41c12fbc5e5a3ce503f9b19f6a970afa0a416b27e174d6a935,1.2739685723078902,0.1857250390082968,0.0020799192235949,0.4659019060852591,-0.2037536733391929,False,ADMITTED
SOL,M15,VAL,SQX-SOL-M15-75358de402fb,75358de402fbb42f5809f05f35ebde00cf935f14bb19192291a65522447f004a,"{""atr_period"":14,""direction"":""LONG"",""grammar_version"":""v1.7"",""logic"":""AND"",""market"":""SOL"",""predicates"":[{""feature"":""momentum.willr.7"",""operator"":""<"",""value"":-20.0},{""feature"":""rsi_14"",""operator"":"">"",""value"":75.0}],""stop_atr"":2.5,""target_atr"":2.0,""time_exit"":72,""timeframe"":""M15""}",LONG,0.9900686814771924,0.0208816212665533,-2.0056864769728406,-2.005686476972824,1292,19.248866421463603,GENETIC,0.0208639692966933,0.8333333333333334,6,-0.0614915814693134,"[1.0631733930105562, 1.0123618430035672, 0.9358253921430795, 0.9396505464155323, 1.2525125760948523, 0.9750827671928828]","[247, 214, 163, 219, 235, 214]",0.7138244072626984,True,1.016849038417533,0.0108615881163222,0.0208041646159342,292,-0.5496970232860735,1.041691247708867,0.0208816212665533,0.2453036480635082,0.0001898635046931,1292,-0.3681701598576354,0.8653268002078507,False,7.12471390956688e-05,0.8640649285614022,False,True,PASS,75358de402fbb42f5809f05f35ebde00cf935f14bb19192291a65522447f004a,0.8844348290130163,-0.0503346465567274,-0.0004952769841967,-0.1693847285952718,-0.4068478881416921,False,ADMITTED
SOL,M15,VAL,SQX-SOL-M15-21f4dc04a1dc,21f4dc04a1dcd553e575b66733d8f74fa7cd9311595736f6304d1153c7eb183d,"{""atr_period"":14,""direction"":""LONG"",""grammar_version"":""v1.7"",""logic"":""AND"",""market"":""SOL"",""predicates"":[{""feature"":""trend.ema_pair.20.200"",""operator"":""<"",""value"":0.0},{""feature"":""volatility.bb_upper.50.2"",""operator"":"">"",""value"":0.0}],""stop_atr"":2.5,""target_atr"":4.0,""time_exit"":72,""timeframe"":""M15""}",LONG,1.2001315280242966,0.0776809863050561,21.34542373806889,21.345423738068657,554,23.16544292709343,GENETIC,0.0675697900437778,0.6666666666666666,6,-0.1070358231159013,"[1.3809226181209233, 1.412240639037763, 1.1211197814353584, 0.9594535875678458, 0.9339851995556188, 1.5793546643928702]","[87, 90, 101, 96, 102, 79]",0.7074775009314691,True,1.0124201141474145,0.0143095391013089,0.0077033092336131,111,-0.1508080716140984,1.1269003310534669,0.0776809863050561,0.472552138129702,0.00085298219879,554,-0.253301903711454,0.8288609819401018,False,6.93991822848065e-05,0.8862767658765358,False,True,PASS,21f4dc04a1dcd553e575b66733d8f74fa7cd9311595736f6304d1153c7eb183d,0.8370153692841604,-0.0951318277009917,-0.0009468177956879,-0.1439163049445707,-0.2351372673534265,False,ADMITTED
SOL,M15,VAL,SQX-SOL-M15-5792708632d0,5792708632d0c2f851c6096a84f9e680b538fc0725a93044454681ed54541d85,"{""atr_period"":14,""direction"":""SHORT"",""grammar_version"":""v1.7"",""logic"":""AND"",""market"":""SOL"",""predicates"":[{""feature"":""structure.break_high.3"",""operator"":"">"",""value"":0.0},{""feature"":""structure.last.5"",""operator"":""=="",""value"":3.0}],""stop_atr"":2.5,""target_atr"":4.0,""time_exit"":72,""timeframe"":""M15""}",SHORT,1.058370528230005,0.0264275834305313,9.39861130040385,9.398611300403868,810,12.942040332152416,GENETIC,0.0355885239007924,0.8333333333333334,6,-0.1698788965943227,"[0.602475643493915, 0.8989009597956603, 0.9659918254639639, 1.7101531286372813, 0.9538947098221469, 1.358793278148145]","[149, 123, 133, 126, 139, 140]",0.701452133085545,True,1.0259588777319222,0.0226065672848122,0.0311893104538563,205,-0.5021887247087441,1.0355183155361547,0.0264275834305313,0.1646918732075402,0.0002033233002562,810,-0.3557920296890745,0.7721067299995232,False,0.0001521429778236,0.5809932115165933,False,True,PASS,5792708632d0c2f851c6096a84f9e680b538fc0725a93044454681ed54541d85,0.9105618636753204,-0.0481152587059185,-0.0005313230622367,-0.0956381512026114,-0.2583069288808994,False,ADMITTED
SOL,M15,VAL,SQX-SOL-M15-6b930ff65c63,6b930ff65c63a03d709f199b926ed8d0011e0483a310abe21cc229cc13033c05,"{""atr_period"":14,""direction"":""SHORT"",""grammar_version"":""v1.7"",""logic"":""AND"",""market"":""SOL"",""predicates"":[{""feature"":""structure.break_high.3"",""operator"":"">"",""value"":0.0},{""feature"":""structure.last.2"",""operator"":""=="",""value"":3.0}],""stop_atr"":1.5,""target_atr"":2.0,""time_exit"":96,""timeframe"":""M15""}",SHORT,1.2756045444800832,0.0438868666534555,23.50252727847098,23.50252727847065,762,24.9605342374255,GENETIC,0.053805342737418,0.6666666666666666,6,-0.1335494257942902,"[0.9427266071337097, 1.4470094052631504, 1.3413182744375873, 1.1141574737958324, 1.2110835012338175, 1.0139902366193871]","[147, 119, 108, 133, 129, 126]",0.6870846529555121,True,1.2121883178428017,0.12770557368871,0.1843696384595747,140,-0.1190572405947458,1.0680309418790377,0.0438868666534555,0.3267801036531328,0.0004288452803846,762,-0.5753636628288674,0.756373922287953,False,0.0013169259889969,0.9922752509581408,False,True,PASS,6b930ff65c63a03d709f199b926ed8d0011e0483a310abe21cc229cc13033c05,0.7837912312998675,-0.1316032505453256,-0.0012691163401923,-0.162446891544621,-0.2474094581394727,False,ADMITTED
SOL,M15,VAL,SQX-SOL-M15-b86a6252b3af,b86a6252b3af085b502fc61a3637945d8a55110769e3958208c79b460dab6e01,"{""atr_period"":14,""direction"":""SHORT"",""grammar_version"":""v1.7"",""logic"":""AND"",""market"":""SOL"",""predicates"":[{""feature"":""momentum.roc.32"",""operator"":""<"",""value"":-0.005},{""feature"":""structure.break_high.3"",""operator"":"">"",""value"":0.0}],""stop_atr"":1.5,""target_atr"":2.0,""time_exit"":48,""timeframe"":""M15""}",SHORT,1.233878219031021,0.0296125129661146,31.74990329670329,31.749903296702897,1052,33.96706608524906,GENETIC,0.066042656229601,0.6666666666666666,6,-0.1854311460330724,"[0.7525077543617087, 1.5142065667842295, 1.105400683345773, 1.3867839415668188, 1.3951882986186868, 1.0274938842464099]","[240, 201, 202, 155, 116, 138]",0.6863515363879995,True,1.0228461317872626,0.0192554837356103,0.0315789436878841,247,-0.4790066109814215,1.059501426274618,0.0296125129661146,0.2726277642472536,0.0002591518671551,1052,-0.5440918192945381,0.4952551843384193,False,0.0001278499744448,0.5480784097249372,False,True,PASS,b86a6252b3af085b502fc61a3637945d8a55110769e3958208c79b460dab6e01,0.863685653430793,-0.0739305340670954,-0.0007379190656186,-0.1652938706985722,-0.2541082647817413,False,ADMITTED
SOL,M15,VAL,SQX-SOL-M15-84bb64be7baf,84bb64be7baf2497f93625f39c0cbd04e02b58b9ea1bd657972971abf270f662,"{""atr_period"":14,""direction"":""SHORT"",""grammar_version"":""v1.7"",""logic"":""AND"",""market"":""SOL"",""predicates"":[{""feature"":""momentum.roc.32"",""operator"":""<"",""value"":-0.005},{""feature"":""structure.fractal_high.2"",""operator"":""=="",""value"":1.0}],""stop_atr"":2.5,""target_atr"":4.0,""time_exit"":24,""timeframe"":""M15""}",SHORT,1.0830101267344667,0.0214469348944241,38.07162167791149,38.07162167791108,2657,49.23358584516069,GENETIC,0.0258603013378617,0.6666666666666666,6,-0.0463072884596474,"[0.7596615689447234, 1.0377420582990338, 1.2203875353710294, 1.063411089111202, 1.0419359331872309, 0.8368613491888172]","[519, 453, 478, 453, 387, 368]",0.6809501458896167,True,1.0001190266260265,0.0053328239453738,0.0003222603219379,649,-0.2042777026047663,1.042016951654893,0.0214469348944241,0.5448303557206446,0.000205054706707,2657,-0.4279894487278956,0.6447943561900988,False,4.96549032259496e-07,0.8064990629587594,False,True,PASS,84bb64be7baf2497f93625f39c0cbd04e02b58b9ea1bd657972971abf270f662,1.0148341376380396,0.0122057276661442,6.946941483843888e-05,0.0436962619333789,-0.3602701506181952,False,ADMITTED
SOL,M15,VAL,SQX-SOL-M15-346bf7620baf,346bf7620baf50a15a618577916af987c001df4739332f99b00c47b6699f233f,"{""atr_period"":14,""direction"":""LONG"",""grammar_version"":""v1.7"",""logic"":""AND"",""market"":""SOL"",""predicates"":[{""feature"":""rsi_14"",""operator"":""<"",""value"":30.0},{""feature"":""trend.ema_slope.20.6"",""operator"":"">"",""value"":0.0}],""stop_atr"":1.0,""target_atr"":4.0,""time_exit"":24,""timeframe"":""M15""}",LONG,1.428292922043637,0.3531931908969634,4.627814236071928,4.627814236071943,105,6.702121880993757,GENETIC,0.4556761401303112,0.8333333333333334,6,-0.383047288708048,"[0.36775363200064753, 1.7217841817145092, 1.0516036332611125, 3.8005462724953705, 1.1293231120226592, 1.0397785438819387]","[18, 17, 18, 15, 25, 12]",0.6732476512866326,True,1.821298910200458,0.6005310286040315,0.1214648419847697,20,-0.3705334826282407,1.5162782234047598,0.3531931908969634,0.4160629366490258,0.0039625041585621,105,-0.2412012128500293,0.9082373041597236,False,0.0060732420992384,0.7507696411723421,False,True,PASS,346bf7620baf50a15a618577916af987c001df4739332f99b00c47b6699f233f,0.9889213635928954,0.0086386773209636,-8.763560089388445e-05,-0.0013145340134083,-0.1138114238495859,False,ADMITTED
SOL,M15,VAL,SQX-SOL-M15-80b4cfb093e1,80b4cfb093e1c1bd04cab2491f3f173013f65c0fb39f8098f93418fc495b84c5,"{""atr_period"":14,""direction"":""LONG"",""grammar_version"":""v1.7"",""logic"":""AND"",""market"":""SOL"",""predicates"":[{""feature"":""structure.break_high.5"",""operator"":"">"",""value"":0.0},{""feature"":""structure.last.5"",""operator"":""=="",""value"":4.0}],""stop_atr"":2.5,""target_atr"":4.0,""time_exit"":48,""timeframe"":""M15""}",LONG,1.162039318361061,0.0301016165843472,23.66609172326648,23.66609172326617,727,33.89470820452645,GENETIC,0.0518344610544568,0.6666666666666666,6,-0.1887545547471768,"[0.8358053682425529, 1.3384898474377076, 1.2381091421642143, 0.6540170771581736, 0.7222413679040495, 1.4888581728898833]","[134, 130, 128, 128, 107, 99]",0.6713124890343293,True,1.0696524142685069,0.0430465465445229,0.0744742738299961,199,-0.1446360261501283,1.0436768924669289,0.0301016165843472,0.1836689559157789,0.000252639554217,727,-0.4499171265941991,0.8611495322941318,False,0.0003742425820602,0.8999146148637742,False,True,PASS,80b4cfb093e1c1bd04cab2491f3f173013f65c0fb39f8098f93418fc495b84c5,0.8920647368677885,-0.0551161234591632,-0.0005776592896846,-0.1305509994687219,-0.2306189188051232,False,ADMITTED
SOL,M15,VAL,SQX-SOL-M15-c825047fb39b,c825047fb39be48e163e73f967d55f3df6793429f367d6404c19a8142ae9dbb5,"{""atr_period"":14,""direction"":""SHORT"",""grammar_version"":""v1.7"",""logic"":""AND"",""market"":""SOL"",""predicates"":[{""feature"":""momentum.roc.16"",""operator"":""<"",""value"":-0.005},{""feature"":""structure.fractal_low.3"",""operator"":""=="",""value"":1.0}],""stop_atr"":2.5,""target_atr"":1.5,""time_exit"":24,""timeframe"":""M15""}",SHORT,1.100439160112108,0.0096044723747097,49.57777123677137,49.57777123677073,3557,53.04983487600622,GENETIC,0.0048708430732725,0.6666666666666666,6,-0.0215790093175755,"[0.9008274120275206, 1.0089136441110265, 1.1823683139674943, 1.1838756588732617, 1.0404093697287236, 1.0449189407839308]","[666, 648, 629, 587, 499, 528]",0.6661427574105453,True,1.0353508713561257,0.0133610353160696,0.092792913955749,820,-0.2865631769196667,1.0230761742232244,0.0096044723747097,0.2843996409469393,7.995491733116035e-05,3557,-0.5053431356601683,0.715779529790039,False,0.0001131620901899,0.7782645964777143,False,True,PASS,c825047fb39be48e163e73f967d55f3df6793429f367d6404c19a8142ae9dbb5,0.8325561124799694,-0.0600120991473934,-0.000492005697835,-0.3965565924550677,-0.5002476679911502,False,ADMITTED
SOL,M15,VAL,SQX-SOL-M15-ad1635e53f1c,ad1635e53f1c6d12edcade0e291cc1279d72c470990e9805df9525bd6d98e8a0,"{""atr_period"":14,""direction"":""LONG"",""grammar_version"":""v1.7"",""logic"":""AND"",""market"":""SOL"",""predicates"":[{""feature"":""momentum.willr.14"",""operator"":"">"",""value"":-20.0},{""feature"":""structure.last.5"",""operator"":""=="",""value"":4.0}],""stop_atr"":2.5,""target_atr"":4.0,""time_exit"":48,""timeframe"":""M15""}",LONG,0.940753513636271,0.0179404911833412,-21.283608292528832,-21.283608292528854,1679,33.63426452151548,GENETIC,0.0100792163855684,0.6666666666666666,6,-0.0527400613327907,"[1.092802974189674, 0.9863455279971749, 0.9443819836467496, 0.7789219063894041, 0.9851741313515341, 0.9633576713088953]","[277, 299, 270, 294, 272, 267]",0.6635608677190373,True,1.096669489492154,0.0582955560202344,0.2424495749747257,422,-0.1138787022997836,1.0212544080497747,0.0179404911833412,0.2067865857931039,0.0001231605633073,1679,-0.4315588835318067,0.7957257392783839,False,0.0005745250591818,0.973553860743678,False,True,PASS,ad1635e53f1c6d12edcade0e291cc1279d72c470990e9805df9525bd6d98e8a0,0.9616870994828236,-0.0144270561684683,-0.0002027354994277,-0.0950829492315964,-1.671133007038351,True,ADMITTED
SOL,M15,VAL,SQX-SOL-M15-bdc416f9bea7,bdc416f9bea7963e54610747ac01e35111455363c09f8524b77b2778b2f82bf6,"{""atr_period"":14,""direction"":""LONG"",""grammar_version"":""v1.7"",""logic"":""AND"",""market"":""SOL"",""predicates"":[{""feature"":""trend.ema_slope.200.3"",""operator"":""<"",""value"":0.0},{""feature"":""volatility.bb_upper.50.2"",""operator"":"">"",""value"":0.0}],""stop_atr"":2.0,""target_atr"":1.5,""time_exit"":48,""timeframe"":""M15""}",LONG,1.2171144158243026,0.0342243366478445,9.755455888259576,9.755455888259627,438,9.746188830471418,GENETIC,0.0500010563885507,0.8333333333333334,6,-0.1564458857516173,"[2.0611654771776777, 1.4010452686248354, 1.1901616360478544, 1.08561342298547, 0.7453859084335513, 1.6577550466371997]","[59, 52, 87, 90, 91, 60]",0.6572229182839797,True,1.0304092842778616,0.0158148638002476,0.0099588801096062,81,-0.0726279920346963,1.0703251562136828,0.0342243366478445,0.1432748629481688,0.0003271115592423,438,-0.2208713645830375,0.927862389271496,False,0.0001229491371556,0.9529378923560948,False,True,PASS,bdc416f9bea7963e54610747ac01e35111455363c09f8524b77b2778b2f82bf6,0.8641608464618223,-0.0543815222642219,-0.0005615237864013,-0.0645752354361569,-0.3695573550732977,False,ADMITTED
SOL,M15,VAL,SQX-SOL-M15-85541a204629,85541a204629a95e95079311fab8ee85f569a39080cdaa8653c8a048e2aca975,"{""atr_period"":14,""direction"":""SHORT"",""grammar_version"":""v1.7"",""logic"":""AND"",""market"":""SOL"",""predicates"":[{""feature"":""structure.break_low.3"",""operator"":""<"",""value"":0.0},{""feature"":""trend.ema_slope.10.6"",""operator"":"">"",""value"":0.0}],""stop_atr"":1.5,""target_atr"":4.0,""time_exit"":48,""timeframe"":""M15""}",SHORT,1.0001450195578063,0.0378568932576645,0.0104081751922806,0.0104081751922695,453,9.995508240630048,GENETIC,0.0949348290706028,0.6666666666666666,6,-0.2389222294156216,"[0.6210702628317278, 1.1402486947295287, 0.8064453127170029, 1.242069768722298, 1.52512852604525, 1.104131535030427]","[87, 75, 78, 80, 61, 72]",0.6548709383833641,True,1.079058665582998,0.0655505832354094,0.0702074385075688,130,-0.2089051378005119,1.04185739540523,0.0378568932576645,0.1212797689684019,0.0002677257593121,453,-0.9296960237787868,0.0852358860416243,False,0.0005400572192889,0.8328109495584611,False,True,PASS,85541a204629a95e95079311fab8ee85f569a39080cdaa8653c8a048e2aca975,0.8152322195691131,-0.1341314027209096,-0.0013483076741367,-0.1483138441550376,-0.2924201363259444,False,ADMITTED
SOL,M15,VAL,SQX-SOL-M15-d238cde440ab,d238cde440ab64cf0e4140dec063b145c8847447e42fa0f66d3cd968721e509b,"{""atr_period"":14,""direction"":""LONG"",""grammar_version"":""v1.7"",""logic"":""AND"",""market"":""SOL"",""predicates"":[{""feature"":""rsi_14"",""operator"":"">"",""value"":75.0},{""feature"":""structure.last.5"",""operator"":""=="",""value"":1.0}],""stop_atr"":2.5,""target_atr"":2.0,""time_exit"":72,""timeframe"":""M15""}",LONG,1.175351921331008,0.0114487550032541,16.546963977706067,16.546963977706064,558,18.465896804837904,GENETIC,0.0139530513871281,0.6666666666666666,6,-0.1159986466873399,"[0.792088032775832, 1.3676361966258113, 1.1649885328045035, 0.8197953899097058, 1.27030078509127, 1.2430657697838075]","[97, 88, 81, 103, 98, 91]",0.6516200563819599,True,1.0460618896523544,0.0223301499237657,0.0228348799065971,121,-0.0881653011658049,1.019160195192803,0.0114487550032541,0.042902640520021,7.688645254484064e-05,558,-0.4070302896034546,0.7891447316254732,False,0.000188718015757,0.953592020746024,False,True,PASS,d238cde440ab64cf0e4140dec063b145c8847447e42fa0f66d3cd968721e509b,1.1117929204902246,0.050188281838112,0.0004801452388117,0.0691409143888877,-0.1166606384644827,False,ADMITTED
SOL,M15,VAL,SQX-SOL-M15-f4096f4ace34,f4096f4ace3430b4298159a3a1a9b8520501fea36b4bbf781f414f54318e5eef,"{""atr_period"":14,""direction"":""SHORT"",""grammar_version"":""v1.7"",""logic"":""AND"",""market"":""SOL"",""predicates"":[{""feature"":""structure.last.5"",""operator"":""=="",""value"":1.0},{""feature"":""volatility.bb_lower.20.2"",""operator"":""<"",""value"":0.0}],""stop_atr"":2.5,""target_atr"":4.0,""time_exit"":72,""timeframe"":""M15""}",SHORT,0.9921858133686642,0.0129840844462588,-1.2504463501590704,-1.250446350159057,753,14.197619107791578,GENETIC,0.0038913157015349,0.6666666666666666,6,-0.0769090136120364,"[1.1562052251966979, 0.7841959237152943, 1.124176372450717, 0.9817575972801714, 0.797493552040777, 0.9920328860710108]","[127, 123, 126, 141, 110, 126]",0.6513307289651924,True,1.0516979786142544,0.0366205090378261,0.067502057315447,224,-0.1193359414856767,1.0091475287483227,0.0129840844462588,0.0433438548241074,5.756156019138017e-05,753,-0.2151044286997836,0.9485938326093736,False,0.0003013484701582,0.9148244920321814,False,True,PASS,f4096f4ace3430b4298159a3a1a9b8520501fea36b4bbf781f414f54318e5eef,1.149513552305985,0.0871002568730582,0.0008648323596661,0.1859389573282206,-0.1606418042665108,False,ADMITTED
SOL,M15,VAL,SQX-SOL-M15-ccd58752aa07,ccd58752aa07586591f18139377bd4cee7b6ace9e41f580ca1f02d80c51e7f78,"{""atr_period"":14,""direction"":""LONG"",""grammar_version"":""v1.7"",""logic"":""AND"",""market"":""SOL"",""predicates"":[{""feature"":""trend.breakout_low.100"",""operator"":""<"",""value"":0.0},{""feature"":""volatility.bb_lower.20.2"",""operator"":""<"",""value"":0.0}],""stop_atr"":1.5,""target_atr"":1.5,""time_exit"":24,""timeframe"":""M15""}",LONG,1.256309154775453,0.0418277722075851,30.38860654602077,30.388606546020227,1029,31.73703260825411,GENETIC,0.0382070756187477,0.5,6,-0.0876662417908637,"[0.9332965796868476, 2.054827198226268, 0.9236702498950058, 1.191969973677473, 1.0208586253950487, 1.7152397530933599]","[189, 176, 198, 194, 142, 130]",0.6412905151710317,True,1.1046724176556455,0.0512699785571254,0.1270062919647516,258,-0.1983773051076938,1.0854591457724034,0.0418277722075851,0.4618766276154309,0.0004488596964192,1029,-0.536667851839215,0.6575892665727978,False,0.0004922724494757,0.8752240863147147,False,True,PASS,ccd58752aa07586591f18139377bd4cee7b6ace9e41f580ca1f02d80c51e7f78,0.6512468374512936,-0.2002078019762123,-0.0015898341792813,-0.4133568866131495,-0.5392478840155331,False,ADMITTED
SOL,M15,VAL,SQX-SOL-M15-e41e583bd981,e41e583bd981f79f1c9b83fe40599eb8f335b522c8fcba971938ceba0bddc228,"{""atr_period"":14,""direction"":""SHORT"",""grammar_version"":""v1.7"",""logic"":""AND"",""market"":""SOL"",""predicates"":[{""feature"":""structure.break_low.5"",""operator"":""<"",""value"":0.0}],""stop_atr"":2.5,""target_atr"":4.0,""time_exit"":72,""timeframe"":""M15""}",SHORT,1.006915871173639,0.0288522353292801,3.613764629826002,3.6137646298262407,2293,22.635504612225542,GENETIC,0.0164033234648975,0.5,6,-0.0265387735030514,"[0.8427369441552228, 0.9032630181964345, 1.1258995730894765, 0.9405636712240931, 1.01171409233327, 0.9423447234718931]","[433, 380, 398, 387, 353, 342]",0.6347686300891346,True,1.001345133665278,0.0082975887076597,0.0047552079934476,596,-0.2726455859328712,1.0435953204178725,0.0288522353292801,0.6364345483501854,0.0002775554070432,2293,-0.3505437482875466,0.7304794561975633,False,7.978536901756937e-06,0.8568810263997018,False,True,PASS,e41e583bd981f79f1c9b83fe40599eb8f335b522c8fcba971938ceba0bddc228,0.8661080130662987,-0.0846184476451855,-0.0007002663118895,-0.4369661786190688,-0.5060333478717842,False,ADMITTED
SOL,M15,VAL,SQX-SOL-M15-6a01abb271dd,6a01abb271ddb7c4e243237da8d99aaf269916837bb849661c2ae635f006cd3e,"{""atr_period"":14,""direction"":""SHORT"",""grammar_version"":""v1.7"",""logic"":""AND"",""market"":""SOL"",""predicates"":[{""feature"":""momentum.roc.4"",""operator"":"">"",""value"":0.005},{""feature"":""structure.break_low.3"",""operator"":""<"",""value"":0.0}],""stop_atr"":1.5,""target_atr"":1.5,""time_exit"":48,""timeframe"":""M15""}",SHORT,1.0691969459046793,0.0277247284261126,8.470837606336202,8.47083760633626,766,11.613138170453771,GENETIC,0.026585694495737,0.5,6,-0.0678766060473598,"[1.0089111343312551, 0.9129550277290832, 1.2036282200558146, 1.3270505636170455, 1.2481021585336767, 0.8451709970827818]","[179, 181, 140, 121, 74, 71]",0.634616542983897,True,1.0831006186796777,0.0434160961740755,0.0644325677506547,162,-0.4153716693803773,1.0467453114220722,0.0277247284261126,0.190804420315817,0.0002490919325271,766,-0.8469975015263689,0.887381533511143,False,0.0003977318996953,0.7524215742591256,False,True,PASS,6a01abb271ddb7c4e243237da8d99aaf269916837bb849661c2ae635f006cd3e,0.8594797303855933,-0.0647618768406022,-0.0006599165907854,-0.1016271549809574,-0.5278695115120062,False,ADMITTED
SOL,M15,VAL,SQX-SOL-M15-f034bd35bc59,f034bd35bc59d50a20f7557737c73232398457721944ff609343ffbfb11febc4,"{""atr_period"":14,""direction"":""LONG"",""grammar_version"":""v1.7"",""logic"":""AND"",""market"":""SOL"",""predicates"":[{""feature"":""structure.last.5"",""operator"":""=="",""value"":4.0},{""feature"":""volatility.bb_upper.50.2"",""operator"":"">"",""value"":0.0}],""stop_atr"":1.5,""target_atr"":2.0,""time_exit"":48,""timeframe"":""M15""}",LONG,1.2717020241843668,0.0527956300129512,22.112520743732563,22.11252074373237,594,24.62968634835374,GENETIC,0.0279819406281513,0.5,6,-0.0890756829498538,"[0.9729256011926386, 1.1917675085485218, 1.6510371625314952, 0.7623710969342258, 0.8306944887865759, 1.197054716920951]","[95, 121, 100, 94, 102, 82]",0.630713019890688,True,1.0185130603825665,0.0172258003866195,0.0144956326535472,136,-0.1319251453201036,1.0864728904136225,0.0527956300129512,0.3151979980657178,0.0005306363603799,594,-0.625727322859295,0.6482054491251058,False,0.0001065855342172,0.934941102342708,False,True,PASS,f034bd35bc59d50a20f7557737c73232398457721944ff609343ffbfb11febc4,0.8994249540839933,-0.051125889702154,-0.0005488375656636,-0.0976930866881307,-0.2452681316836316,False,ADMITTED
SOL,M15,VAL,SQX-SOL-M15-728fc8cf50e5,728fc8cf50e590c74f6774475a8dfd41f6fef2cc4e0b56dbc72e5fa410154027,"{""atr_period"":14,""direction"":""LONG"",""grammar_version"":""v1.7"",""logic"":""AND"",""market"":""SOL"",""predicates"":[{""feature"":""rsi_14"",""operator"":"">"",""value"":75.0},{""feature"":""volatility.bb_upper.50.2"",""operator"":"">"",""value"":0.0}],""stop_atr"":2.5,""target_atr"":4.0,""time_exit"":72,""timeframe"":""M15""}",LONG,1.197770751494184,0.0374409077389063,42.66208850102657,42.662088501026346,1063,47.7648119457543,GENETIC,0.0255809667307333,0.5,6,-0.0868139666902962,"[0.9867830964210043, 1.4483257758923898, 1.1090746188177452, 1.0122164108526701, 0.9799428800730646, 1.2337344521687392]","[195, 200, 152, 155, 179, 183]",0.6288774750581594,True,1.1385824341782849,0.0872862553974859,0.1973190173498646,226,-0.0968526634635918,1.0525579619082774,0.0374409077389063,0.3730794748824657,0.0003509684617897,1063,-0.3368072683324991,0.705616911348756,False,0.0008730929971232,0.9964910982679788,False,True,PASS,728fc8cf50e590c74f6774475a8dfd41f6fef2cc4e0b56dbc72e5fa410154027,1.0275313067715313,0.0244950424474969,0.0001735644164636,0.0425232820335925,-0.1610577678639795,False,ADMITTED
SOL,M15,VAL,SQX-SOL-M15-5d11e56c77f2,5d11e56c77f260e896ae60efac67dbd47a60b098acd9da95c1ca932c0241ba26,"{""atr_period"":14,""direction"":""LONG"",""grammar_version"":""v1.7"",""logic"":""AND"",""market"":""SOL"",""predicates"":[{""feature"":""structure.last.5"",""operator"":""=="",""value"":4.0},{""feature"":""volatility.bb_upper.50.2"",""operator"":"">"",""value"":0.0}],""stop_atr"":1.5,""target_atr"":2.0,""time_exit"":72,""timeframe"":""M15""}",LONG,1.2916447833587896,0.0607681903437384,23.77636126994146,23.77636126994127,592,25.870893711216645,GENETIC,0.0237169167949107,0.5,6,-0.0890756829498538,"[0.9807506657765263, 1.187932356432798, 1.6906494289077374, 0.7623710969342258, 0.8650732128356572, 1.2566144391774352]","[94, 121, 100, 94, 101, 82]",0.6264479960574473,True,1.0429093237994025,0.031312079725462,0.0336874300890499,135,-0.1259475226548765,1.103072181329518,0.0607681903437384,0.3766994538851997,0.0006363166450763,592,-0.6202055217112897,0.6457705415409856,False,0.0002495365191781,0.941379170550636,False,True,PASS,5d11e56c77f260e896ae60efac67dbd47a60b098acd9da95c1ca932c0241ba26,0.8985136134888437,-0.0529030134350209,-0.0005664485719597,-0.1002613972368738,-0.2393950060635262,False,ADMITTED
SOL,M15,VAL,SQX-SOL-M15-455b75a0ffd2,455b75a0ffd2a097b51dc8b539457dd45c5cdf2d31305f5bf013b9e54212cfe4,"{""atr_period"":14,""direction"":""LONG"",""grammar_version"":""v1.7"",""logic"":""AND"",""market"":""SOL"",""predicates"":[{""feature"":""rsi_14"",""operator"":"">"",""value"":75.0},{""feature"":""structure.last.3"",""operator"":""=="",""value"":1.0}],""stop_atr"":2.0,""target_atr"":4.0,""time_exit"":96,""timeframe"":""M15""}",LONG,1.0712867625073763,0.0357278972330716,10.729705268858387,10.729705268858476,772,24.89366224699326,GENETIC,0.0125720253832889,0.5,6,-0.0564272421642427,"[0.9501282595464088, 1.105273490116368, 0.9460448901211213, 0.9561623172311894, 1.3509963251811918, 1.3278463229944155]","[144, 127, 108, 121, 137, 135]",0.6234652148422283,True,1.1090562084111264,0.0793906502405903,0.1332426670423678,180,-0.2440383080130527,1.044584872899945,0.0357278972330716,0.2212943498217949,0.0002866507122044,772,-0.3910005424420059,0.8210131290371455,False,0.0007402370391242,0.9137222543228632,False,True,PASS,455b75a0ffd2a097b51dc8b539457dd45c5cdf2d31305f5bf013b9e54212cfe4,0.8395483791051268,-0.1193383265044717,-0.0011393689834337,-0.2221769517695843,-0.3924750232283944,False,ADMITTED
SOL,M15,VAL,SQX-SOL-M15-66c7f27cdd1b,66c7f27cdd1b9b6373ae3016357d4e4772396dbc7e261ed5740a4a1fc53c6f71,"{""atr_period"":14,""direction"":""LONG"",""grammar_version"":""v1.7"",""logic"":""AND"",""market"":""SOL"",""predicates"":[{""feature"":""rsi_14"",""operator"":"">"",""value"":75.0},{""feature"":""volatility.bb_upper.50.2"",""operator"":"">"",""value"":0.0}],""stop_atr"":2.5,""target_atr"":4.0,""time_exit"":96,""timeframe"":""M15""}",LONG,1.208210951211284,0.0295720040581243,45.92249474693672,45.92249474693651,1051,49.53492119953936,GENETIC,0.0224333753339733,0.5,6,-0.1022167699968596,"[0.9435709542987757, 1.4761374504956297, 1.1390206263056186, 0.9689943713142303, 1.0167370552997461, 1.2258446881227676]","[195, 196, 148, 154, 177, 182]",0.6218791828347585,True,1.1143326859986424,0.0766560817552602,0.1656811673022236,223,-0.1042442458034116,1.0370524840875412,0.0295720040581243,0.2561676080425326,0.0002437370200214,1051,-0.3555416424314511,0.6856841066653924,False,0.0007429648757947,0.9964910982679788,False,True,PASS,66c7f27cdd1b9b6373ae3016357d4e4772396dbc7e261ed5740a4a1fc53c6f71,0.9689429290856756,-0.0125202614815041,-0.000198548771632,-0.048445900278231,-0.2052329855846253,False,ADMITTED
SOL,M15,VAL,SQX-SOL-M15-f28f34a37c8b,f28f34a37c8bafe0d3d78536e4c60c61c9e1b7d358a58d89910b53681e089702,"{""atr_period"":14,""direction"":""LONG"",""grammar_version"":""v1.7"",""logic"":""AND"",""market"":""SOL"",""predicates"":[{""feature"":""structure.last.3"",""operator"":""=="",""value"":1.0},{""feature"":""volatility.bb_upper.50.2"",""operator"":"">"",""value"":0.0}],""stop_atr"":2.5,""target_atr"":4.0,""time_exit"":72,""timeframe"":""M15""}",LONG,1.322254835551927,0.0888099037226586,49.54598716745259,49.54598716745246,739,53.79024086919222,GENETIC,0.0026879649278157,0.5,6,-0.0409399837072563,"[1.4004529627708577, 2.0634094793346445, 1.1390058137331016, 0.8212960714881085, 0.9036587414337655, 1.3840121342241112]","[107, 115, 119, 123, 139, 136]",0.6174529690010017,True,1.1469049316442377,0.0835098422253975,0.1490743690054485,182,-0.1106793889011961,1.163501617975883,0.0888099037226586,0.8243182615903999,0.0011154509629098,739,-0.229312281674485,0.8700088004552734,False,0.0008190899395903,0.975863667086742,False,True,PASS,f28f34a37c8bafe0d3d78536e4c60c61c9e1b7d358a58d89910b53681e089702,0.9987224395469548,0.0062799333834854,-7.846622676826732e-06,-0.0014202387045044,-0.1977603449209402,False,ADMITTED
SOL,M15,VAL,SQX-SOL-M15-d3750518689e,d3750518689e86c75f4b451f153dfedfe124b12af8bef5b151fc9a07f55d8e10,"{""atr_period"":14,""direction"":""SHORT"",""grammar_version"":""v1.7"",""logic"":""AND"",""market"":""SOL"",""predicates"":[{""feature"":""structure.break_low.3"",""operator"":""<"",""value"":0.0},{""feature"":""trend.ema_slope.20.6"",""operator"":"">"",""value"":0.0}],""stop_atr"":2.0,""target_atr"":1.5,""time_exit"":24,""timeframe"":""M15""}",SHORT,1.1900018943782296,0.0114418671697579,21.29709122233005,21.29709122232997,911,22.39560467540669,GENETIC,0.0061893343410415,0.5,6,-0.0615608936901608,"[0.8795785903254972, 1.2396729835684392, 1.13170563997251, 0.9655012866589711, 1.2769101820146331, 1.5498948730061943]","[157, 164, 165, 148, 130, 147]",0.6157991109185013,True,1.1698741723095911,0.0660685920959145,0.1776262739475889,261,-0.1432206840670377,1.0214478420614124,0.0114418671697579,0.0747330383840163,8.203407067400203e-05,911,-0.4757314040505939,0.7701268959290767,False,0.0006805604365808,0.9766288780883992,False,True,PASS,d3750518689e86c75f4b451f153dfedfe124b12af8bef5b151fc9a07f55d8e10,0.7515244238422158,-0.1172745204781288,-0.0010513591010112,-0.2491721069396691,-0.293192043252107,False,ADMITTED
SOL,M15,VAL,SQX-SOL-M15-562827e11a01,562827e11a01433eaf767d899922a98a41962b6b1c7e83a6ba9c6b96720290cf,"{""atr_period"":14,""direction"":""LONG"",""grammar_version"":""v1.7"",""logic"":""AND"",""market"":""SOL"",""predicates"":[{""feature"":""rsi_14"",""operator"":"">"",""value"":75.0},{""feature"":""structure.fractal_low.2"",""operator"":""=="",""value"":1.0}],""stop_atr"":1.5,""target_atr"":2.0,""time_exit"":24,""timeframe"":""M15""}",LONG,1.031047199706993,0.0124183716997873,2.3470415596724123,2.347041559672412,564,8.481464174018987,GENETIC,0.008625748377583,0.5,6,-0.0834438496530156,"[1.0001106226378436, 0.9886796518694445, 0.9992385054796002, 0.787875310356356, 1.7348511592494633, 1.3793862462170527]","[129, 113, 79, 90, 76, 77]",0.612764785964329,True,1.0123198646939124,0.0127511576390375,0.009760799065865,146,-0.2159121383090816,1.0117792086974908,0.0124183716997873,0.0343632805263594,6.092780235169786e-05,564,-0.5481692305289462,0.6910821072496209,False,6.68547881223604e-05,0.8257673720701164,False,True,PASS,562827e11a01433eaf767d899922a98a41962b6b1c7e83a6ba9c6b96720290cf,0.7094662343716129,-0.1704105837853987,-0.0015488498436929,-0.2338763263976274,-0.2620151261973031,False,ADMITTED
SOL,M15,VAL,SQX-SOL-M15-05bca8535ca4,05bca8535ca4c7fa7e5333594bead2b6126b9481199c389dae35ab58e74e6988,"{""atr_period"":14,""direction"":""LONG"",""grammar_version"":""v1.7"",""logic"":""AND"",""market"":""SOL"",""predicates"":[{""feature"":""rsi_14"",""operator"":"">"",""value"":75.0},{""feature"":""structure.last.3"",""operator"":""=="",""value"":4.0}],""stop_atr"":1.5,""target_atr"":1.5,""time_exit"":96,""timeframe"":""M15""}",LONG,1.0055831325430244,0.0119782793975042,0.2545079044159171,0.2545079044159677,444,7.2804391948913505,GENETIC,0.0222307436389325,0.6666666666666666,6,-0.0891357016280337,"[0.6503394959174584, 0.6358635437671996, 1.68033128220616, 0.991613989248217, 1.2060486492316487, 0.6525574616130306]","[107, 85, 58, 60, 70, 64]",0.6106134848985908,True,1.0107502133755497,0.0105919617315708,0.0052869808340825,94,-0.22865256639178,1.0149568376467355,0.0119782793975042,0.0314693667152741,7.087695206143059e-05,444,-0.1789868277903204,0.8294054102418504,False,5.624447695832264e-05,1.0,False,True,PASS,05bca8535ca4c7fa7e5333594bead2b6126b9481199c389dae35ab58e74e6988,0.7219317133411668,-0.1517796166078875,-0.0014162115624099,-0.1883561378005277,-0.2827545338113514,False,ADMITTED
SOL,M15,VAL,SQX-SOL-M15-302055043a44,302055043a4410f31d0854cf8c88680536a2d4a035c2e748ead384515c695b24,"{""atr_period"":14,""direction"":""SHORT"",""grammar_version"":""v1.7"",""logic"":""AND"",""market"":""SOL"",""predicates"":[{""feature"":""volatility.compression.20.2.1.5"",""operator"":""=="",""value"":1.0},{""feature"":""volatility.compression.50.2.1.5"",""operator"":""=="",""value"":1.0}],""stop_atr"":1.5,""target_atr"":3.0,""time_exit"":96,""timeframe"":""M15""}",SHORT,1.0721507914667978,0.3167465363475224,0.76388451609992,0.7638845160999219,83,5.996705225985504,GENETIC,0.4827721263145001,0.6666666666666666,6,-0.5020973013897149,"[3.981552367248289, 5.700217284717481, 0.17066545806059838, 0.5376668587872521, 2.928932066218737, 0.9285053828566362]","[5, 8, 12, 24, 27, 7]",0.606914467633738,True,1.0789795131745867,0.0636850932718347,0.0095859781537328,18,-0.0608345846074195,1.563094228147938,0.3167465363475224,0.2883649513814763,0.0034742765226683,83,-0.1254243473830374,0.9838246547003824,False,0.000532554341874,0.9652613772111402,False,True,PASS,302055043a4410f31d0854cf8c88680536a2d4a035c2e748ead384515c695b24,0.0,-1.1779474562058472,-0.0116413662916185,-0.0349240988748555,-0.0518543105635877,False,ADMITTED
SOL,M15,VAL,SQX-SOL-M15-5443a740ac94,5443a740ac9434f407f97a4b61773a5bac77d991e1ff5dddf93a20d1e5bd534e,"{""atr_period"":14,""direction"":""SHORT"",""grammar_version"":""v1.7"",""logic"":""AND"",""market"":""SOL"",""predicates"":[{""feature"":""structure.break_high.3"",""operator"":"">"",""value"":0.0},{""feature"":""trend.ema_slope.20.1"",""operator"":""<"",""value"":0.0}],""stop_atr"":2.5,""target_atr"":4.0,""time_exit"":24,""timeframe"":""M15""}",SHORT,1.160466181226839,0.1700308603804723,4.8849780535686165,4.884978053568639,192,10.354455269986694,GENETIC,0.1838840071367187,0.8333333333333334,6,-0.0535973218028445,"[0.7067467736098534, 1.8049639795986827, 0.8585473111559238, 2.8688749725719767, 1.35919836959646, 1.118071810379538]","[45, 26, 38, 31, 34, 18]",0.570818010019341,True,1.3362642714104624,0.1245382686550543,0.0578679046326797,47,-0.0559514916648343,1.4763049654780254,0.1700308603804723,0.3713700648258429,0.0019342190876345,192,-0.1500332576927787,0.9129769259091872,False,0.0012312320134612,0.9540428936177072,False,True,PASS,5443a740ac9434f407f97a4b61773a5bac77d991e1ff5dddf93a20d1e5bd534e,0.5939691916260437,-0.2191302580025396,-0.0021013698219795,-0.1218794496748126,-0.21495376613777,False,ADMITTED
SOL,M15,VAL,SQX-SOL-M15-8d785db0cbf6,8d785db0cbf60a85ab356a12fd4a2eecc20198c50cf0edbfa65280e3f7abdb86,"{""atr_period"":14,""direction"":""SHORT"",""grammar_version"":""v1.7"",""logic"":""AND"",""market"":""SOL"",""predicates"":[{""feature"":""structure.break_high.5"",""operator"":"">"",""value"":0.0},{""feature"":""volatility.bb_middle.50.2"",""operator"":""<"",""value"":0.0}],""stop_atr"":2.0,""target_atr"":4.0,""time_exit"":24,""timeframe"":""M15""}",SHORT,1.2641448017212538,0.1196187092046909,10.09804831328836,10.098048313288386,293,11.65498443937993,GENETIC,0.1351324519810506,0.6666666666666666,6,-0.1724269662378148,"[1.1010257124942011, 1.1209349494434955, 1.1167919608219266, 2.168116877368204, 3.3293538268430556, 1.14989694044745]","[67, 48, 56, 40, 39, 43]",0.5516923770882636,True,1.0032127738416756,0.0095185411636035,0.001440186503294,80,-0.4728384818157918,1.2487961946051829,0.1196187092046909,0.3863397678333815,0.0013185657605234,293,-0.2004387643703265,0.8307904489918247,False,1.800233129119039e-05,0.62338248472322,False,True,PASS,8d785db0cbf60a85ab356a12fd4a2eecc20198c50cf0edbfa65280e3f7abdb86,1.0355757051440648,0.0252122576600864,0.00018313527071,0.0133688747618314,-0.0894848911730086,False,ADMITTED
SOL,M15,VAL,SQX-SOL-M15-e62c60eeb04c,e62c60eeb04c750b9b2668f0baa10cf837e1ca36d3cdf7441ef45a39092898fb,"{""atr_period"":14,""direction"":""LONG"",""grammar_version"":""v1.7"",""logic"":""AND"",""market"":""SOL"",""predicates"":[{""feature"":""momentum.roc.8"",""operator"":""<"",""value"":0.0},{""feature"":""rsi_14"",""operator"":"">"",""value"":75.0}],""stop_atr"":1.5,""target_atr"":3.0,""time_exit"":48,""timeframe"":""M15""}",LONG,1.3459344852529556,0.2311277384787781,5.815494106099259,5.81549410609927,109,6.012030092289669,GENETIC,0.2061641474269684,0.8333333333333334,6,-0.0171873829789346,"[1.0559234083506412, 1.723187898274933, 1.0377198712324573, 0.7597755807465136, 1.8248497324113195, 2.3470220758249742]","[27, 17, 15, 16, 20, 14]",0.5192006350155681,True,1.082959834892445,0.0612157790219796,0.0134807423409053,26,-0.0631662852444811,1.3959448160047478,0.2311277384787781,0.2718781093191651,0.0024942945809097,109,-0.0761459644078731,0.9728181805394888,False,0.0005184900900348,0.9818325861591054,False,True,PASS,e62c60eeb04c750b9b2668f0baa10cf837e1ca36d3cdf7441ef45a39092898fb,0.5937178922635953,-0.3010069767516983,-0.0029379302020977,-0.0969516966692248,-0.1092948797642932,False,ADMITTED
SOL,M15,VAL,SQX-SOL-M15-bfde0d019b66,bfde0d019b66131a8bf9f7e04382379fc30c4bf83ebfbb95fd19ebd03f913a8f,"{""atr_period"":14,""direction"":""LONG"",""grammar_version"":""v1.7"",""logic"":""AND"",""market"":""SOL"",""predicates"":[{""feature"":""structure.break_low.2"",""operator"":""<"",""value"":0.0},{""feature"":""trend.close_ema.20"",""operator"":"">"",""value"":0.0}],""stop_atr"":2.0,""target_atr"":3.0,""time_exit"":24,""timeframe"":""M15""}",LONG,1.0277707504314828,0.0560380209980318,1.5171261682875414,1.517126168287557,332,12.324728406706235,GENETIC,0.0234796455319346,0.6666666666666666,6,-0.0302830152341483,"[0.9234063292490887, 0.810464904566618, 0.9544570637132571, 1.6583719033674766, 1.1574126509147564, 1.4261424314605087]","[58, 74, 61, 49, 45, 45]",0.5145755583900643,True,1.0667609397733324,0.0362987662837746,0.0278994714911566,90,-0.1975702843794594,1.116749875555242,0.0560380209980318,0.1818698708586279,0.0005478008158392,332,-0.1711223887197353,0.9037364112939724,False,0.0003099941276795,0.8718281219303357,False,True,PASS,bfde0d019b66131a8bf9f7e04382379fc30c4bf83ebfbb95fd19ebd03f913a8f,0.6885165982387245,-0.1921569952620706,-0.0018055475187317,-0.1751381093169821,-0.2018306525957179,False,ADMITTED
SOL,M15,VAL,SQX-SOL-M15-85243f314f0b,85243f314f0b62fb46cff8c3a02303bbc8abaf0bed9307ed6a9672fbda4e05f7,"{""atr_period"":14,""direction"":""LONG"",""grammar_version"":""v1.7"",""logic"":""AND"",""market"":""SOL"",""predicates"":[{""feature"":""momentum.willr.14"",""operator"":""<"",""value"":-50.0},{""feature"":""rsi_14"",""operator"":"">"",""value"":65.0}],""stop_atr"":1.0,""target_atr"":1.5,""time_exit"":48,""timeframe"":""M15""}",LONG,1.1640879379077518,0.2002761058550057,1.3423378725996735,1.3423378725996722,125,2.789825509398203,GENETIC,0.1780975338029815,0.8333333333333334,6,-0.0313379875076556,"[1.7836725757740344, 0.6519707297422773, 0.8461672621937105, 2.8496312482501223, 1.6512735598778163, 1.032637080078551]","[25, 7, 18, 23, 38, 14]",0.5035963702594008,True,1.6209033597795302,0.3122610913208709,0.0724466542739932,23,-0.0444691253623676,1.3748008989641765,0.2002761058550057,0.2717772641568508,0.0021742181132548,125,-0.0757444984146067,0.9882207125213988,False,0.0031498545336518,0.9980035324670706,False,True,PASS,85243f314f0b62fb46cff8c3a02303bbc8abaf0bed9307ed6a9672fbda4e05f7,0.3103979772565438,-0.6171110444415977,-0.0059052406845279,-0.1062943323215029,-0.1064809015541242,False,ADMITTED
SOL,M15,VAL,SQX-SOL-M15-cb461d9f3970,cb461d9f3970bd5cf84d6d249f35be0dfe9c69ecf7ddf13320058b6c46d2b47c,"{""atr_period"":14,""direction"":""SHORT"",""grammar_version"":""v1.7"",""logic"":""AND"",""market"":""SOL"",""predicates"":[{""feature"":""rsi_14"",""operator"":"">"",""value"":75.0},{""feature"":""structure.last.5"",""operator"":""=="",""value"":3.0}],""stop_atr"":2.5,""target_atr"":4.0,""time_exit"":96,""timeframe"":""M15""}",SHORT,1.026948890550817,0.0712839939814001,1.3055198230927156,1.3055198230927,260,7.762072983279539,GENETIC,0.1334821243070069,0.6666666666666666,6,-0.2453721261381002,"[1.0435674894199098, 1.118432017547204, 0.7988002726056121, 2.31791090870706, 0.6500882608632037, 1.0404212927373975]","[56, 36, 32, 36, 50, 50]",0.4988057594391486,True,1.1163331230245144,0.0729831836369558,0.0407509573388085,61,-0.0910799888078212,1.1064507708592697,0.0712839939814001,0.1790489140145488,0.0006886496692867,260,-0.1609164711507593,0.9965057962801694,False,0.000668048480964,0.969215474072896,False,True,PASS,cb461d9f3970bd5cf84d6d249f35be0dfe9c69ecf7ddf13320058b6c46d2b47c,0.8667226258388249,-0.0805307954761847,-0.0008635819249939,-0.0457698420246802,-0.1142814908819691,False,ADMITTED
SOL,M15,VAL,SQX-SOL-M15-0f5f2bfde0a9,0f5f2bfde0a9ceec57a4a9886edfbc3a7876bb4dc51f437228995d467fe63938,"{""atr_period"":14,""direction"":""LONG"",""grammar_version"":""v1.7"",""logic"":""AND"",""market"":""SOL"",""predicates"":[{""feature"":""volatility.bb_upper.50.2"",""operator"":"">"",""value"":0.0},{""feature"":""volatility.compression.20.2.1.5"",""operator"":""=="",""value"":1.0}],""stop_atr"":1.0,""target_atr"":1.5,""time_exit"":72,""timeframe"":""M15""}",LONG,1.5895675545837735,0.0974668076075096,5.4278947988356645,5.4278947988357045,154,5.376159986009888,GENETIC,0.1585935689902491,0.8333333333333334,6,-0.1338055310157064,"[6.0347990066127775, 1.443138962757726, 2.089012440938671, 1.0947455724728148, 0.8737390086916094, 1.6279991085484493]","[12, 16, 22, 37, 39, 28]",0.4874755195696558,True,1.0408862243964734,0.0319746633590094,0.0102329575551649,42,-0.0648488602356182,1.154586015486592,0.0974668076075096,0.1481050083407502,0.0009617208333814,154,-0.2773820865968953,0.904971176215823,False,0.0002436418465515,0.9472720925445548,False,True,PASS,0f5f2bfde0a9ceec57a4a9886edfbc3a7876bb4dc51f437228995d467fe63938,0.6062046409590741,-0.2971302823718014,-0.0028483319278367,-0.1281749367526561,-0.1498248647582026,False,ADMITTED
SOL,M15,VAL,SQX-SOL-M15-e1c741afba11,e1c741afba114d575e97fe08fbbeb47b28a5fd431b5352f51f093ff03babdebe,"{""atr_period"":14,""direction"":""LONG"",""grammar_version"":""v1.7"",""logic"":""AND"",""market"":""SOL"",""predicates"":[{""feature"":""momentum.roc.4"",""operator"":""<"",""value"":0.0},{""feature"":""volatility.bb_upper.50.2"",""operator"":"">"",""value"":0.0}],""stop_atr"":2.5,""target_atr"":4.0,""time_exit"":48,""timeframe"":""M15""}",LONG,0.9245372768595256,0.0368669567719769,-5.456683640589357,-5.456683640589365,313,22.654765825755327,GENETIC,0.0750991895530149,0.6666666666666666,6,-0.3401105314116585,"[0.6739385338126034, 2.463109752049791, 0.4635008246996612, 1.359688202139661, 0.836678067362482, 0.9116655419260763]","[46, 52, 54, 41, 70, 50]",0.4697382233667669,True,1.2737998697006714,0.1278159183914106,0.0981877565693361,77,-0.0730011329149407,1.0644704054598493,0.0368669567719769,0.1012242308433533,0.000323400098541,313,-0.1956568026737124,0.958671041975529,False,0.0012751656697316,0.9957281854795388,False,True,PASS,e1c741afba114d575e97fe08fbbeb47b28a5fd431b5352f51f093ff03babdebe,1.08792108718529,0.0462491319240982,0.0004114268730571,0.0296227348601145,-0.0905732067305442,False,ADMITTED
SOL,M15,VAL,SQX-SOL-M15-a7871f5dee4c,a7871f5dee4ca083286a8eccbc698720632f19827c69c4117ec3e7b5175cf6b0,"{""atr_period"":14,""direction"":""LONG"",""grammar_version"":""v1.7"",""logic"":""AND"",""market"":""SOL"",""predicates"":[{""feature"":""structure.fractal_high.5"",""operator"":""=="",""value"":1.0},{""feature"":""volatility.bb_upper.50.2"",""operator"":"">"",""value"":0.0}],""stop_atr"":1.5,""target_atr"":3.0,""time_exit"":24,""timeframe"":""M15""}",LONG,1.826738956013901,0.0818137565239886,15.445719721551544,15.445719721551496,147,18.19724682176136,GENETIC,0.2155523199318355,0.6666666666666666,6,-0.3519631038840819,"[0.9070611640429607, 2.844235721076891, 2.3655758175950155, 1.459610161354475, 0.9031688747928283, 0.8018398291810925]","[21, 20, 24, 22, 30, 30]",0.4412282106274817,True,1.3510167079462103,0.1837168525259627,0.0898391941832044,49,-0.0653529559536327,1.1197645360325683,0.0818137565239886,0.1136329541096694,0.000773013293263,147,-0.1832523011104207,0.9758115412116372,False,0.0018334529425143,0.996547409016949,False,True,PASS,a7871f5dee4ca083286a8eccbc698720632f19827c69c4117ec3e7b5175cf6b0,1.426988349336436,0.1924764195058953,0.0019091709421947,0.0687301539190121,-0.1350186966586225,False,ADMITTED
SOL,M15,VAL,SQX-SOL-M15-b57f4bfc1f98,b57f4bfc1f98c8084d6ebd116992d86832fa7b69629090673ae68544feea9d70,"{""atr_period"":14,""direction"":""SHORT"",""grammar_version"":""v1.7"",""logic"":""AND"",""market"":""SOL"",""predicates"":[{""feature"":""volatility.compression.50.2.1.5"",""operator"":""=="",""value"":1.0}],""stop_atr"":1.5,""target_atr"":3.0,""time_exit"":72,""timeframe"":""M15""}",SHORT,1.0596734516615605,0.2096562768248809,0.6788734503689361,0.678873450368938,101,6.296351558092823,GENETIC,0.2916157577944057,0.6666666666666666,6,-0.5406727983425511,"[2.435494715037449, 6.031874124934834, 0.1637792826259298, 0.5378756205625655, 1.942773098037583, 0.9876033645757748]","[8, 9, 13, 28, 33, 10]",0.4241142248754346,True,1.5441703211466284,0.3208169690055187,0.0670910591335784,21,-0.0422621506041912,1.3388284387918084,0.2096562768248809,0.2223256018500554,0.0022012435826738,101,-0.1571905346193327,0.9640170120438292,False,0.0031948123396941,0.9764417262167006,False,True,PASS,b57f4bfc1f98c8084d6ebd116992d86832fa7b69629090673ae68544feea9d70,1.5461386569358804,0.3275191702242518,0.0031813492104416,0.0127253968417666,-0.0345918580448541,False,ADMITTED
SOL,M15,VAL,SQX-SOL-M15-6f6fb2dff70b,6f6fb2dff70bc9c95397e76127eea8bf0f74e86bdb33fbe0eeb298fcb22658c2,"{""atr_period"":14,""direction"":""SHORT"",""grammar_version"":""v1.7"",""logic"":""AND"",""market"":""SOL"",""predicates"":[{""feature"":""volatility.compression.50.2.1.5"",""operator"":""=="",""value"":1.0}],""stop_atr"":1.5,""target_atr"":4.0,""time_exit"":24,""timeframe"":""M15""}",SHORT,1.4723741935797872,0.30982213220696,4.94402611413226,4.9440261141322805,99,8.608321860685495,GENETIC,0.3172307420553056,0.5,6,-0.4909208296703741,"[3.275382549916346, 8.043988573336813, 0.29643254220490595, 0.6684997784555526, 2.3356948121168797, 1.028377372693979]","[8, 9, 13, 29, 31, 9]",0.4185005346377121,True,1.187392887743625,0.1224685632658722,0.0257699662411605,23,-0.0504300526706606,1.5009250709963002,0.30982213220696,0.3403779081962248,0.0034381606888507,99,-0.7868300511367887,0.2963928599359755,False,0.001120433314833,0.963497293427512,False,True,PASS,6f6fb2dff70bc9c95397e76127eea8bf0f74e86bdb33fbe0eeb298fcb22658c2,0.6985948082546865,-0.2558141631090856,-0.0026734019807446,-0.0106936079229786,-0.0364259084752546,False,ADMITTED
SOL,M15,VAL,SQX-SOL-M15-2329c5090edb,2329c5090edb77dc7d751dd1be5bb8360eb9634a7d7dec6a44fd60627e6d1849,"{""atr_period"":14,""direction"":""SHORT"",""grammar_version"":""v1.7"",""logic"":""AND"",""market"":""SOL"",""predicates"":[{""feature"":""rsi_14"",""operator"":"">"",""value"":75.0},{""feature"":""trend.ema_pair.10.50"",""operator"":""<"",""value"":0.0}],""stop_atr"":1.5,""target_atr"":4.0,""time_exit"":72,""timeframe"":""M15""}",SHORT,1.3333374059982213,0.0239861879180564,10.874091628494703,10.87409162849474,321,13.348682990725944,GENETIC,0.0398263253423293,0.5,6,-0.2869903597688832,"[1.1432325460369195, 2.0235837779841552, 1.1191276440911033, 2.0140305441002795, 0.766796428982615, 0.8062041603265464]","[76, 57, 38, 46, 57, 47]",0.4140787354001086,True,1.1106251871347863,0.0964020324696381,0.0574534235559835,68,-0.1213402950211369,1.0144103721234448,0.0239861879180564,0.0356245549922267,0.0001109799220941,321,-0.238431249714622,0.8756286558409456,False,0.0008449032875879,0.952710014214084,False,True,PASS,2329c5090edb77dc7d751dd1be5bb8360eb9634a7d7dec6a44fd60627e6d1849,0.7420674937488175,-0.211067875263903,-0.0020281128938867,-0.1805020475559201,-0.2182549498680397,False,ADMITTED
SOL,M15,VAL,SQX-SOL-M15-480ee56515f9,480ee56515f9b4c235d9629ddf0640cf6d53e5b7d144b9625b5c558c0893a33b,"{""atr_period"":14,""direction"":""LONG"",""grammar_version"":""v1.7"",""logic"":""AND"",""market"":""SOL"",""predicates"":[{""feature"":""momentum.willr.14"",""operator"":""<"",""value"":-50.0},{""feature"":""structure.break_high.2"",""operator"":"">"",""value"":0.0}],""stop_atr"":1.5,""target_atr"":2.0,""time_exit"":48,""timeframe"":""M15""}",LONG,1.4207800058398043,0.0100444758841617,14.733979874540235,14.733979874540116,363,19.57043225173182,GENETIC,0.0297611324740593,0.5,6,-0.4224481391259482,"[0.904786801677086, 2.8311941961855402, 1.5063433749034578, 0.8801244740408282, 2.0354391584314073, 0.37159899386067274]","[88, 50, 54, 58, 65, 48]",0.4121490976925722,True,1.1912425739302288,0.1122443637571628,0.1018846474211629,92,-0.0910917191031777,1.0057123623409676,0.0100444758841617,0.0124001611449846,3.416022353990302e-05,363,-0.6367923857997794,0.4929069625471853,False,0.0011074418197952,0.9807035327647748,False,True,PASS,480ee56515f9b4c235d9629ddf0640cf6d53e5b7d144b9625b5c558c0893a33b,1.0893530727607088,0.0537367738832704,0.0004792255889469,0.0464848821278558,-0.1292850739328652,False,ADMITTED
SOL,M15,VAL,SQX-SOL-M15-070fc69cde7d,070fc69cde7d02e5c573324d7be6f0bc5bd963d202ace47b03954c0552981f71,"{""atr_period"":14,""direction"":""SHORT"",""grammar_version"":""v1.7"",""logic"":""AND"",""market"":""SOL"",""predicates"":[{""feature"":""structure.break_high.5"",""operator"":"">"",""value"":0.0},{""feature"":""trend.ema_slope.20.3"",""operator"":""<"",""value"":0.0}],""stop_atr"":2.5,""target_atr"":4.0,""time_exit"":48,""timeframe"":""M15""}",SHORT,0.8667785488843478,0.0216656732519378,-4.459355082699628,-4.459355082699629,164,11.550471539138467,GENETIC,0.1055487177675536,0.6666666666666666,6,-0.2150133827441979,"[0.6493113861485139, 1.0113299933367277, 0.6437266706297771, 2.5531786450209513, 0.8621698788667059, 1.0923499197845923]","[39, 28, 30, 19, 28, 20]",0.3824620387481708,True,1.173140362385998,0.0942511389689097,0.0410281665236862,46,-0.0861196925766542,1.0298059904990808,0.0216656732519378,0.0248332379966345,0.0001514221829063,164,-0.1454396662653823,0.8641500917651226,False,0.0008919166635584,0.9927590591644564,False,True,PASS,070fc69cde7d02e5c573324d7be6f0bc5bd963d202ace47b03954c0552981f71,0.9142265685301404,-0.0442988147814115,-0.0005102780955476,-0.0219419581085477,-0.1212267506035962,False,ADMITTED
SOL,M15,VAL,SQX-SOL-M15-6fbc6000a9f0,6fbc6000a9f0cee46abe354351c92b0fb83e0780ee0e64bdb3b8a732bf0bc14e,"{""atr_period"":14,""direction"":""LONG"",""grammar_version"":""v1.7"",""logic"":""AND"",""market"":""SOL"",""predicates"":[{""feature"":""rsi_14"",""operator"":"">"",""value"":75.0},{""feature"":""structure.fractal_high.5"",""operator"":""=="",""value"":1.0}],""stop_atr"":2.0,""target_atr"":2.0,""time_exit"":48,""timeframe"":""M15""}",LONG,1.7170602692042491,0.0722266550652249,18.45113092944014,18.451130929440104,202,19.873150829252825,GENETIC,0.0418184233350004,0.6666666666666666,6,-0.1500715896860122,"[0.6695456917104493, 1.6223506683970363, 2.7856794695226257, 0.8486254519872464, 1.0844633966314254, 1.8364214975448496]","[37, 37, 26, 35, 36, 31]",0.372967192580164,True,1.0386054157317248,0.0233586259596118,0.0082116982452686,44,-0.0832221454873368,1.157434524770284,0.0722266550652249,0.1459410189907037,0.0007224802920331,202,-0.296594849887647,0.8940884113409622,False,0.0001866295055742,0.9829108915091233,False,True,PASS,6fbc6000a9f0cee46abe354351c92b0fb83e0780ee0e64bdb3b8a732bf0bc14e,0.8745626816689467,-0.0586116448219469,-0.0006231809694381,-0.0330285913802218,-0.0970856932114958,False,ADMITTED
SOL,M15,VAL,SQX-SOL-M15-69cecc61c746,69cecc61c746b640d6310c1b214d89529e6e24aa4dd10b8d67c652a8024dd580,"{""atr_period"":14,""direction"":""LONG"",""grammar_version"":""v1.7"",""logic"":""AND"",""market"":""SOL"",""predicates"":[{""feature"":""structure.fractal_high.5"",""operator"":""=="",""value"":1.0},{""feature"":""volatility.bb_upper.50.2"",""operator"":"">"",""value"":0.0}],""stop_atr"":2.5,""target_atr"":4.0,""time_exit"":24,""timeframe"":""M15""}",LONG,1.4971668894248145,0.0616927664662233,10.962498835661275,10.962498835661297,147,14.881862206376825,GENETIC,0.090118084207215,0.6666666666666666,6,-0.1486647141831044,"[0.9042774530167959, 2.1345098633333026, 1.7262219216688646, 1.4348695915526046, 1.1466499229140845, 0.8035240828702332]","[21, 20, 24, 22, 30, 30]",0.3666185723281056,True,1.7889194461600413,0.2268521213466369,0.1127468369657509,48,-0.0569946922692402,1.1510350132387717,0.0616927664662233,0.0877082965538416,0.0005966550785975,147,-0.0882369516432318,0.9466270999583092,False,0.0023488924367864,0.9971996318508474,False,True,PASS,69cecc61c746b640d6310c1b214d89529e6e24aa4dd10b8d67c652a8024dd580,0.9788618179519136,-0.0038967363113507,-7.838234578306543e-05,-0.0028217644481902,-0.0767139168042887,False,ADMITTED
SOL,M15,VAL,SQX-SOL-M15-14817a0b7f6a,14817a0b7f6adc4acdc53e84a21f4aae00dd98c01af63dd2d694aa5a354fa840,"{""atr_period"":14,""direction"":""LONG"",""grammar_version"":""v1.7"",""logic"":""AND"",""market"":""SOL"",""predicates"":[{""feature"":""rsi_14"",""operator"":"">"",""value"":65.0},{""feature"":""trend.ema_slope.20.3"",""operator"":""<"",""value"":0.0}],""stop_atr"":2.5,""target_atr"":2.0,""time_exit"":24,""timeframe"":""M15""}",LONG,0.9454291144609084,0.011896813240425,-1.678508547510018,-1.6785085475100114,261,7.60156335492024,GENETIC,0.0014734986787263,0.5,6,-0.14214469460204,"[0.5108983655151113, 0.48407653867050376, 2.7048316018342877, 0.4929859343960588, 0.7890508504790114, 0.5572830025984555]","[51, 32, 40, 52, 51, 35]",0.3519373250282164,True,1.2463722839108953,0.0852038223880049,0.0392756033106946,47,-0.049041194768736,1.0228252592612137,0.011896813240425,0.0230663938609403,8.837698797294898e-05,261,-0.3736627924599955,0.8595960681519466,False,0.00083565113427,0.9787633005909576,False,True,PASS,14817a0b7f6adc4acdc53e84a21f4aae00dd98c01af63dd2d694aa5a354fa840,0.5110813704961593,-0.2606035325855005,-0.0024620813636816,-0.1354144750024924,-0.1524559951078326,False,ADMITTED
SOL,M15,VAL,SQX-SOL-M15-6531e6be47ee,6531e6be47ee4983f392a6e69735457f4b6d4f9d108b174821bf6ab1476ec8c6,"{""atr_period"":14,""direction"":""LONG"",""grammar_version"":""v1.7"",""logic"":""AND"",""market"":""SOL"",""predicates"":[{""feature"":""rsi_14"",""operator"":"">"",""value"":75.0},{""feature"":""structure.fractal_high.5"",""operator"":""=="",""value"":1.0}],""stop_atr"":2.0,""target_atr"":2.0,""time_exit"":24,""timeframe"":""M15""}",LONG,1.6305471362308672,0.0349931754430443,15.472883304375252,15.47288330437526,202,16.894903204187976,GENETIC,0.021809587548837,0.6666666666666666,6,-0.1805107162099312,"[0.7341371036294169, 1.4790467150190718, 2.7538803580621694, 0.7166778002585776, 1.1163899361977598, 1.6976719318276827]","[37, 37, 26, 35, 36, 31]",0.345348575163021,True,1.0403888216989343,0.0214846915477935,0.0078429717824588,45,-0.0902591788426635,1.0742160696616316,0.0349931754430443,0.0640319301122125,0.0003169897530307,202,-0.2980787000211852,0.8744930874775098,False,0.0001742882618324,0.9913834778263242,False,True,PASS,6531e6be47ee4983f392a6e69735457f4b6d4f9d108b174821bf6ab1476ec8c6,0.8337035248867944,-0.0742699257774163,-0.0007680565296996,-0.0414750526037835,-0.1035404674898186,False,ADMITTED
SOL,M15,VAL,SQX-SOL-M15-f843ea923d14,f843ea923d14327c43527f705c19ac1a845cf32af8282798c0cf8f8378f79046,"{""atr_period"":14,""direction"":""LONG"",""grammar_version"":""v1.7"",""logic"":""AND"",""market"":""SOL"",""predicates"":[{""feature"":""structure.last.2"",""operator"":""=="",""value"":3.0},{""feature"":""volatility.bb_upper.50.2"",""operator"":"">"",""value"":0.0}],""stop_atr"":1.5,""target_atr"":4.0,""time_exit"":72,""timeframe"":""M15""}",LONG,0.8977230052289333,0.0150198205965034,-4.0018594264052085,-4.0018594264052165,214,11.10269568788502,GENETIC,0.0114208962344641,0.5,6,-0.1175709012968397,"[1.2550487928529588, 0.6624989574462, 1.087677829143056, 0.9559152219831083, 1.2188351192293383, 0.8473771847937044]","[38, 29, 28, 38, 36, 45]",0.3210281709102542,True,1.0602604855264828,0.0550768086751399,0.0206638564711767,49,-0.1572244496988877,1.002409102574615,0.0150198205965034,0.0037632683201302,1.758536598191037e-05,214,-0.2446866761300458,0.794540807359652,False,0.0004217113565546,0.8694891153735099,False,True,PASS,f843ea923d14327c43527f705c19ac1a845cf32af8282798c0cf8f8378f79046,0.6595178754960797,-0.2933051496607227,-0.0028427404004065,-0.1336087988191073,-0.1769922018073648,False,ADMITTED
SOL,M15,VAL,SQX-SOL-M15-d55f98544c69,d55f98544c690dd56c126a962e1a4f944f32965fb4a8cb111f692c334837fe41,"{""atr_period"":14,""direction"":""LONG"",""grammar_version"":""v1.7"",""logic"":""AND"",""market"":""SOL"",""predicates"":[{""feature"":""rsi_14"",""operator"":"">"",""value"":65.0},{""feature"":""structure.break_low.2"",""operator"":""<"",""value"":0.0}],""stop_atr"":2.0,""target_atr"":4.0,""time_exit"":96,""timeframe"":""M15""}",LONG,1.327190927709471,0.0475451985127658,6.524193002685194,6.5241930026852,79,6.289649439267099,GENETIC,0.1049419856985958,0.6666666666666666,6,-0.1848650369980829,"[0.7605674719481172, 0.9377213292786272, 1.4588727903730734, 2.692149494959418, 2.921465888859226, 2.796287813150582]","[17, 22, 17, 9, 6, 8]",0.3043923931157418,True,1.6581937558886353,0.3585202423537136,0.0832266918766921,23,-0.1975702843794594,1.0663146763697011,0.0475451985127658,0.0307230414401651,0.0003888992587362,79,-0.1091349314450211,0.917814183845916,False,0.0036185518207257,0.9409072537287152,False,True,PASS,d55f98544c690dd56c126a962e1a4f944f32965fb4a8cb111f692c334837fe41,0.6666418160782501,-0.2517756843167886,-0.002513632051909,-0.0728953295053618,-0.2096131149841493,False,ADMITTED
SOL,M15,VAL,SQX-SOL-M15-65a852f09747,65a852f097475874d171bfbcf6f8889aba6a4424d60e67ebb24d6fd2ee77c50f,"{""atr_period"":14,""direction"":""LONG"",""grammar_version"":""v1.7"",""logic"":""AND"",""market"":""SOL"",""predicates"":[{""feature"":""momentum.roc.16"",""operator"":""<"",""value"":0.005},{""feature"":""rsi_14"",""operator"":"">"",""value"":75.0}],""stop_atr"":2.0,""target_atr"":4.0,""time_exit"":48,""timeframe"":""M15""}",LONG,0.7892998456447086,0.1592798086190031,-1.2119244601394474,-1.2119244601394477,71,2.145322675271337,GENETIC,0.1900180236439883,0.6666666666666666,6,-0.5030245392793629,"[2.6717375549885753, 0.8233309787747357, 0.5059187315314753, 2.4748478800801674, 0.96320572612682, 0.3282646457638904]","[10, 12, 6, 6, 23, 14]",0.3019285554908142,True,1.000774886823392,0.0099338163208321,8.753575188569229e-05,18,-0.0834992202383325,1.2474020949760116,0.1592798086190031,0.1115879753035116,0.0015716616239931,71,-0.1908604056907872,0.9649234161171686,False,4.863097326977508e-06,0.9443690300249789,False,True,PASS,65a852f097475874d171bfbcf6f8889aba6a4424d60e67ebb24d6fd2ee77c50f,0.6191939423507044,-0.2973527292300575,-0.0029835187748646,-0.0537033379475637,-0.0832648633699621,False,ADMITTED
SOL,M15,VAL,SQX-SOL-M15-7a176f4a545f,7a176f4a545f55030cec955d9cf6f571588e30129324c8b2ea669982b11c9c86,"{""atr_period"":14,""direction"":""SHORT"",""grammar_version"":""v1.7"",""logic"":""AND"",""market"":""SOL"",""predicates"":[{""feature"":""momentum.willr.7"",""operator"":"">"",""value"":-20.0},{""feature"":""structure.break_low.3"",""operator"":""<"",""value"":0.0}],""stop_atr"":1.5,""target_atr"":1.5,""time_exit"":96,""timeframe"":""M15""}",SHORT,1.118970238945226,0.0192636982680057,3.562446460726154,3.5624464607261928,234,8.56059419635806,GENETIC,0.0002847519357938,0.5,6,-0.3054194380341333,"[2.4964554888105526, 0.7223571588046164, 2.3223026265807265, 0.5294873359790806, 0.7233657322990547, 0.5423105918924649]","[56, 34, 39, 37, 38, 30]",0.2829298924272604,True,1.4035673853823412,0.1697767419357124,0.1131377865649065,65,-0.1192174488595954,1.0265691508728636,0.0192636982680057,0.033851103542291,0.0001446628356508,234,-0.4262148178223178,0.9458763427989464,False,0.0017405813317677,0.9540944246737936,False,True,PASS,7a176f4a545f55030cec955d9cf6f571588e30129324c8b2ea669982b11c9c86,0.9118411433387136,-0.0413984694791113,-0.000456574067673,-0.0301338884664195,-0.1188059101174324,False,ADMITTED
SOL,M15,VAL,SQX-SOL-M15-783da0baad7c,783da0baad7cc85c635c081f49fd2ae84cd03f469055ba53a1fc5e8ea03f8208,"{""atr_period"":14,""direction"":""LONG"",""grammar_version"":""v1.7"",""logic"":""AND"",""market"":""SOL"",""predicates"":[{""feature"":""momentum.roc.16"",""operator"":""<"",""value"":0.005},{""feature"":""volatility.bb_upper.50.2"",""operator"":"">"",""value"":0.0}],""stop_atr"":2.5,""target_atr"":1.5,""time_exit"":72,""timeframe"":""M15""}",LONG,0.7514789620832616,0.0148047632090919,-1.433398490421271,-1.4333984904212729,53,3.5089191642033457,GENETIC,0.0515934766637066,0.75,4,-0.0544238109774875,"[0.0, 0.0, 2.713540246178401, 1.2213480360598985, 1.8345416069198188, 1.5742350908320821]","[0, 2, 6, 14, 16, 15]",0.2784875239193348,True,1.462042119128497,0.1281184375514832,0.0292993938735972,23,-0.0628047770927559,1.0325484526819673,0.0148047632090919,0.0063015124864111,0.0001188964620077,53,-0.4343728976305631,0.9150951091729232,False,0.0012738866901563,0.9472495542595136,False,True,PASS,783da0baad7cc85c635c081f49fd2ae84cd03f469055ba53a1fc5e8ea03f8208,0.5677080013212773,-0.2135657335990427,-0.0021150655078301,-0.0507615721879234,-0.0772172902030353,False,ADMITTED
SOL,M15,VAL,SQX-SOL-M15-f098a5c01b55,f098a5c01b5588da52a700b7abf19598273654d6b2c7146976be04229c5e63b0,"{""atr_period"":14,""direction"":""LONG"",""grammar_version"":""v1.7"",""logic"":""AND"",""market"":""SOL"",""predicates"":[{""feature"":""momentum.roc.8"",""operator"":""<"",""value"":0.0},{""feature"":""rsi_14"",""operator"":"">"",""value"":75.0}],""stop_atr"":1.5,""target_atr"":4.0,""time_exit"":72,""timeframe"":""M15""}",LONG,1.2891770529209738,0.0580666824644988,5.411785596949282,5.411785596949288,109,6.629542103481725,GENETIC,0.0735673894703572,0.6666666666666666,6,-0.2915434419597824,"[0.9106486150456672, 1.9582109434690012, 0.9337750633459585, 0.5453549248117417, 1.5435716615642951, 2.117696643968833]","[27, 17, 15, 16, 20, 14]",0.2763481956470783,True,1.042705527201282,0.0421410202625461,0.0076599345501562,26,-0.0840743322520157,1.0683104608566818,0.0580666824644988,0.0506739928881179,0.0004648990173221,109,-0.1305731043426148,0.9373405390646142,False,0.0002946128673137,0.9512449593414966,False,True,PASS,f098a5c01b5588da52a700b7abf19598273654d6b2c7146976be04229c5e63b0,0.7065296661303102,-0.226329300710054,-0.0022882699340568,-0.0755129078238779,-0.1144600394394863,False,ADMITTED
SOL,M15,VAL,SQX-SOL-M15-4e3930be053b,4e3930be053b597bc49bd7b5fd1053cdc5bdab82684a6085c2751b22d7523d68,"{""atr_period"":14,""direction"":""LONG"",""grammar_version"":""v1.7"",""logic"":""AND"",""market"":""SOL"",""predicates"":[{""feature"":""rsi_14"",""operator"":"">"",""value"":70.0},{""feature"":""trend.ema_slope.20.3"",""operator"":""<"",""value"":0.0}],""stop_atr"":1.5,""target_atr"":2.0,""time_exit"":24,""timeframe"":""M15""}",LONG,1.0132475415446756,0.1411123032442775,0.0875615294356541,0.0875615294356539,69,3.260126840715745,GENETIC,0.060844050430315,0.6666666666666666,6,-0.2090348307875243,"[0.3491266597963566, 0.4530930343695601, 3.7836847220651832, 2.6153194615762, 0.7242378392162341, 0.29890045870738696]","[11, 8, 7, 13, 18, 12]",0.2442520094001006,True,2.023561104572539,0.368626402553192,0.0596869102358217,16,-0.035881309956878,1.308674188641341,0.1411123032442775,0.0978935791477939,0.001418747523881,69,-0.3653406289219291,0.8585725077979609,False,0.0037304318897388,0.99517611028348,False,True,PASS,4e3930be053b597bc49bd7b5fd1053cdc5bdab82684a6085c2751b22d7523d68,0.4391198458620955,-0.4342208282702766,-0.0041828210327769,-0.1003877047866468,-0.1055556823664726,False,ADMITTED
SOL,M15,VAL,SQX-SOL-M15-230d4a09f2c0,230d4a09f2c0a29aba7bf083a2733921514046c92f5f32a7f996b49aa3227e57,"{""atr_period"":14,""direction"":""SHORT"",""grammar_version"":""v1.7"",""logic"":""AND"",""market"":""SOL"",""predicates"":[{""feature"":""volatility.compression.50.2.1.5"",""operator"":""=="",""value"":1.0}],""stop_atr"":2.0,""target_atr"":4.0,""time_exit"":48,""timeframe"":""M15""}",SHORT,1.1438447228519828,0.177201706908999,1.861035124218688,1.8610351242186831,88,8.834696283593182,GENETIC,0.187406850892167,0.5,6,-0.6434994233856312,"[2.5093389172776503, 10.031931002537952, 0.08719882449708531, 0.8111340459591598, 1.7626643163762634, 0.8216724627567963]","[8, 8, 12, 21, 30, 9]",0.2395319950457592,True,1.4642848073076102,0.2593029174255243,0.0510303949444768,20,-0.0517503669071416,1.2739947071356512,0.177201706908999,0.1581617840756715,0.0017972930008599,88,-0.1244735107180421,1.0,False,0.0025515197472238,0.958347428937904,False,True,PASS,230d4a09f2c0a29aba7bf083a2733921514046c92f5f32a7f996b49aa3227e57,0.5466239267752229,-0.3793606223318143,-0.0038557002438237,-0.0154228009752951,-0.0864720483610976,False,ADMITTED
SOL,M15,VAL,SQX-SOL-M15-aaa1b77538e8,aaa1b77538e8cd0124acbd0f6b58514e76ca345d69df10e81a7123224d2f7a52,"{""atr_period"":14,""direction"":""LONG"",""grammar_version"":""v1.7"",""logic"":""AND"",""market"":""SOL"",""predicates"":[{""feature"":""momentum.willr.7"",""operator"":""<"",""value"":-50.0},{""feature"":""volatility.bb_upper.50.2"",""operator"":"">"",""value"":0.0}],""stop_atr"":2.5,""target_atr"":4.0,""time_exit"":72,""timeframe"":""M15""}",LONG,1.265188731307047,0.1066713633789336,4.629672841121912,4.629672841121924,79,7.253795247873276,GENETIC,0.0814871164522396,0.5,6,-0.2038643517405021,"[1.0846851462477363, 1.3399360621851353, 1.422611732859635, 0.7612569352754089, 0.6723938027319748, 1.6632040481542263]","[7, 11, 10, 13, 21, 17]",0.2345210285171141,True,1.0251467996574948,0.02039334910836,0.0021856565366382,16,-0.0893176825313766,1.204862530205628,0.1066713633789336,0.0819854038393994,0.0010377899220177,79,-0.1230039967502483,0.958526415896761,False,0.0001366035335398,0.9342480481931394,False,True,PASS,aaa1b77538e8cd0124acbd0f6b58514e76ca345d69df10e81a7123224d2f7a52,0.8297556873464058,-0.087238026363061,-0.0009283438694625,-0.010211782564088,-0.0407776841590025,False,ADMITTED
SOL,M15,VAL,SQX-SOL-M15-450e569651c4,450e569651c4a7693e487b6a8a80726179dd0ad7c5adc081a0db16603a9b7381,"{""atr_period"":14,""direction"":""SHORT"",""grammar_version"":""v1.7"",""logic"":""AND"",""market"":""SOL"",""predicates"":[{""feature"":""volatility.compression.50.2.1.5"",""operator"":""=="",""value"":1.0}],""stop_atr"":2.5,""target_atr"":3.0,""time_exit"":48,""timeframe"":""M15""}",SHORT,0.7720785834566245,0.100260185686016,-3.679102640070384,-3.679102640070388,89,10.329928566915616,GENETIC,0.103252578340379,0.6666666666666666,6,-0.6628652174670682,"[1.8113307488861183, 6.020280880753681, 0.09832982134592894, 0.6654370917213357, 1.930277374424277, 0.6050052628316414]","[7, 8, 13, 21, 31, 9]",0.1932029406402786,True,1.3827436160420945,0.1680720760766684,0.0330259467179325,20,-0.0466747178355812,1.194803107338767,0.100260185686016,0.0876119412805878,0.0009844038346133,89,-0.1367468255608306,0.9349840655331207,False,0.0016512973358966,0.9752889978146334,False,True,PASS,450e569651c4a7693e487b6a8a80726179dd0ad7c5adc081a0db16603a9b7381,0.9828603475352224,-0.003488497865451,-9.39452783231343e-05,-0.0003757811132923,-0.0227011231404958,False,ADMITTED
SOL,M15,VAL,SQX-SOL-M15-2b6d8f7a8da8,2b6d8f7a8da8571dc959345757c1988f327ea90efed72caaf60c309c233391ed,"{""atr_period"":14,""direction"":""LONG"",""grammar_version"":""v1.7"",""logic"":""AND"",""market"":""SOL"",""predicates"":[{""feature"":""structure.fractal_low.3"",""operator"":""=="",""value"":1.0},{""feature"":""volatility.bb_lower.20.2"",""operator"":""<"",""value"":0.0}],""stop_atr"":1.0,""target_atr"":1.5,""time_exit"":24,""timeframe"":""M15""}",LONG,1.5726873587099022,0.0479896319038966,1.7741570322900873,1.7741570322900817,76,2.2570339395717096,GENETIC,0.0614181318135713,0.6,5,-0.5098287866684575,"[0.7052116203798869, 1.1373204213966086, 4.169083886963459, 2.0379958995005665, 0.7210248792195787, 1.1965453806191393]","[9, 7, 4, 21, 19, 16]",0.1599609351464569,True,1.9035780439717669,0.4185843213216812,0.0854762510338515,20,-0.0697782103080534,1.0695342551963771,0.0479896319038966,0.0311814032309314,0.0004102816214596,76,-0.1041962210728272,0.9332732906598832,False,0.0042738125516925,0.9921622796075726,False,True,PASS,2b6d8f7a8da8571dc959345757c1988f327ea90efed72caaf60c309c233391ed,0.7404808106484084,-0.1843295667599423,-0.001893775469888,-0.0284066320483208,-0.1483713330830821,False,ADMITTED
TRX,M15,VAL,SQX-TRX-M15-f682b0eed0ee,f682b0eed0eeb89ff947554a5aead9993282f8366d1285a255cc3330c04e9384,"{""atr_period"":14,""direction"":""SHORT"",""grammar_version"":""v1.7"",""logic"":""AND"",""market"":""TRX"",""predicates"":[{""feature"":""trend.ema_pair.100.200"",""operator"":""<"",""value"":0.0},{""feature"":""volatility.compression.50.2.1.5"",""operator"":""=="",""value"":1.0}],""stop_atr"":2.5,""target_atr"":4.0,""time_exit"":96,""timeframe"":""M15""}",SHORT,1.0222995831357866,0.052816360482591,0.0102971058212121,0.0102971058212124,94,0.1280278098025745,GENETIC,0.2358477845993306,0.6,5,-0.2317178844722381,"[0.686583619924641, 1.1858380634124925, 1.0595334285131965, 0.6865433578231241, 1.4233400986593812, 7.1713221508414975]","[44, 18, 15, 4, 6, 7]",0.4219183134812711,True,1.5598449972495567,0.268582457166414,0.0264026111895265,10,-0.1004647945454408,1.0787221386639765,0.052816360482591,0.0429441170861173,0.0004568523094267,94,-0.4246436946583954,0.838356793009756,False,0.0026402611189526,0.9196065863118952,False,True,PASS,f682b0eed0eeb89ff947554a5aead9993282f8366d1285a255cc3330c04e9384,0.6864723324114845,-0.2246439569280931,-0.0022962562453792,-0.0252588186991722,-0.0555734506108575,False,ADMITTED
TRX,M15,VAL,SQX-TRX-M15-96a53eed5b7b,96a53eed5b7b544c90b7a7cb3dfc37e771a34ff8a77842af9cad968e8196c613,"{""atr_period"":14,""direction"":""SHORT"",""grammar_version"":""v1.7"",""logic"":""AND"",""market"":""TRX"",""predicates"":[{""feature"":""structure.last.2"",""operator"":""=="",""value"":4.0},{""feature"":""volatility.compression.50.2.1.5"",""operator"":""=="",""value"":1.0}],""stop_atr"":2.5,""target_atr"":4.0,""time_exit"":48,""timeframe"":""M15""}",SHORT,1.1622358264617094,0.0558740649549789,0.0581964636659589,0.0581964636659593,98,0.1032674143544102,GENETIC,0.14728145203242,0.6,5,-0.1418513698573539,"[0.5747598987252073, 0.7541015817671187, 1.7612707361583713, 0.3303382003591777, 1.2523052310357996, 9.721059225553171]","[35, 25, 18, 3, 6, 11]",0.3598186095680816,True,1.0330255019679346,0.0272682325254641,0.0023378862379757,12,-0.0483019280256703,1.0971467653492122,0.0558740649549789,0.0488486075263991,0.0004984551788408,98,-0.4246436946583954,0.8307917465193213,False,0.0001948238531646,0.976513890041175,False,True,PASS,96a53eed5b7b544c90b7a7cb3dfc37e771a34ff8a77842af9cad968e8196c613,0.4693157403156262,-0.3536043174031026,-0.00349840827579,-0.0524761241368514,-0.0672613683327914,False,ADMITTED
