mt5_timestamp_raw,mt5_timestamp_utc_interpretation,python_timestamp,timestamp_delta_hours,mt5_open,python_open,open_delta,mt5_high,python_high,high_delta,mt5_low,python_low,low_delta,mt5_close,python_close,close_delta,classification
2023.11.01 00:00:00,2023-11-01T00:00:00+00:00,2023-11-01T00:00:00+00:00,0,1.05733,1.05749,-0.00015999999999993797,1.05759,1.05794,-0.0003500000000000725,1.05716,1.05748,-0.00031999999999987594,1.05758,1.05793,-0.0003500000000000725,PRICE_FEED_DIFFERENCE
2023.11.01 01:00:00,2023-11-01T01:00:00+00:00,2023-11-01T01:00:00+00:00,0,1.05759,1.05795,-0.00035999999999991594,1.05796,1.05804,-8.000000000008001e-05,1.05754,1.05771,-0.00017000000000000348,1.05795,1.0578,0.00014999999999987246,PRICE_FEED_DIFFERENCE
2023.11.01 02:00:00,2023-11-01T02:00:00+00:00,2023-11-01T02:00:00+00:00,0,1.05795,1.05778,0.00017000000000000348,1.05805,1.05806,-1.0000000000065512e-05,1.05771,1.05686,0.0008500000000000174,1.05778,1.05733,0.0004499999999998394,PRICE_FEED_DIFFERENCE
2023.11.01 03:00:00,2023-11-01T03:00:00+00:00,2023-11-01T03:00:00+00:00,0,1.05779,1.05733,0.00045999999999990493,1.05806,1.05764,0.00042000000000008697,1.05685,1.05673,0.00012000000000012001,1.05734,1.0569,0.00043999999999999595,PRICE_FEED_DIFFERENCE
2023.11.01 04:00:00,2023-11-01T04:00:00+00:00,2023-11-01T04:00:00+00:00,0,1.05734,1.0569,0.00043999999999999595,1.05764,1.05729,0.00034999999999985043,1.05672,1.05664,8.000000000008001e-05,1.0569,1.05702,-0.00012000000000012001,PRICE_FEED_DIFFERENCE
2023.11.01 05:00:00,2023-11-01T05:00:00+00:00,2023-11-01T05:00:00+00:00,0,1.05689,1.05703,-0.00013999999999980695,1.05729,1.05738,-8.999999999992347e-05,1.05664,1.05687,-0.00022999999999995246,1.05703,1.05705,-2.0000000000131024e-05,PRICE_FEED_DIFFERENCE
2023.11.01 06:00:00,2023-11-01T06:00:00+00:00,2023-11-01T06:00:00+00:00,0,1.05703,1.05704,-1.0000000000065512e-05,1.05736,1.05718,0.000180000000000069,1.05687,1.05659,0.000280000000000058,1.05705,1.05672,0.00032999999999994145,PRICE_FEED_DIFFERENCE
2023.11.01 07:00:00,2023-11-01T07:00:00+00:00,2023-11-01T07:00:00+00:00,0,1.05704,1.05671,0.00032999999999994145,1.05721,1.05692,0.00028999999999990145,1.05659,1.05651,7.999999999985796e-05,1.05672,1.05678,-5.999999999994898e-05,PRICE_FEED_DIFFERENCE
2023.11.01 08:00:00,2023-11-01T08:00:00+00:00,2023-11-01T08:00:00+00:00,0,1.0567,1.05679,-8.999999999992347e-05,1.05692,1.05763,-0.0007099999999999884,1.05652,1.05679,-0.00026999999999999247,1.05679,1.05739,-0.000600000000000156,PRICE_FEED_DIFFERENCE
2023.11.01 09:00:00,2023-11-01T09:00:00+00:00,2023-11-01T09:00:00+00:00,0,1.05679,1.05739,-0.000600000000000156,1.05764,1.05774,-9.999999999998899e-05,1.05679,1.0559,0.0008899999999998354,1.0574,1.05646,0.0009399999999999409,PRICE_FEED_DIFFERENCE
2023.11.01 10:00:00,2023-11-01T10:00:00+00:00,2023-11-01T10:00:00+00:00,0,1.05739,1.05646,0.0009300000000000974,1.05775,1.0568,0.0009500000000000064,1.05588,1.05572,0.00015999999999993797,1.05646,1.05582,0.0006399999999999739,PRICE_FEED_DIFFERENCE
2023.11.01 11:00:00,2023-11-01T11:00:00+00:00,2023-11-01T11:00:00+00:00,0,1.05647,1.05581,0.000660000000000105,1.0568,1.05626,0.0005399999999999849,1.05572,1.05454,0.0011799999999999589,1.05581,1.05492,0.0008899999999998354,PRICE_FEED_DIFFERENCE
2023.11.01 12:00:00,2023-11-01T12:00:00+00:00,2023-11-01T12:00:00+00:00,0,1.0558,1.05493,0.0008700000000001484,1.05627,1.05537,0.0009000000000001229,1.05454,1.05456,-1.999999999990898e-05,1.05492,1.05481,0.0001100000000000545,PRICE_FEED_DIFFERENCE
2023.11.01 13:00:00,2023-11-01T13:00:00+00:00,2023-11-01T13:00:00+00:00,0,1.05493,1.05482,0.00010999999999983245,1.05537,1.05506,0.00030999999999981043,1.05455,1.05408,0.0004700000000001925,1.05482,1.05428,0.0005399999999999849,PRICE_FEED_DIFFERENCE
2023.11.01 14:00:00,2023-11-01T14:00:00+00:00,2023-11-01T14:00:00+00:00,0,1.05481,1.05429,0.000520000000000076,1.05507,1.05575,-0.0006800000000000139,1.05407,1.05368,0.0003900000000001125,1.0543,1.05385,0.00045000000000006146,PRICE_FEED_DIFFERENCE
2023.11.01 15:00:00,2023-11-01T15:00:00+00:00,2023-11-01T15:00:00+00:00,0,1.05429,1.05385,0.00043999999999999595,1.05577,1.05396,0.0018100000000000893,1.05368,1.05216,0.0015199999999999658,1.05384,1.05308,0.0007600000000000939,PRICE_FEED_DIFFERENCE
2023.11.01 16:00:00,2023-11-01T16:00:00+00:00,2023-11-01T16:00:00+00:00,0,1.05384,1.0531,0.000740000000000185,1.05396,1.05708,-0.0031200000000000117,1.05215,1.05308,-0.0009300000000000974,1.05308,1.05525,-0.0021700000000000053,PRICE_FEED_DIFFERENCE
2023.11.01 17:00:00,2023-11-01T17:00:00+00:00,2023-11-01T17:00:00+00:00,0,1.05305,1.05524,-0.0021899999999999142,1.05707,1.05591,0.0011600000000000499,1.05305,1.05358,-0.0005299999999999194,1.05525,1.05372,0.0015300000000000313,PRICE_FEED_DIFFERENCE
2023.11.01 18:00:00,2023-11-01T18:00:00+00:00,2023-11-01T18:00:00+00:00,0,1.05524,1.05372,0.0015199999999999658,1.05591,1.05417,0.0017399999999998528,1.05358,1.05321,0.00036999999999998145,1.05372,1.05337,0.0003500000000000725,PRICE_FEED_DIFFERENCE
2023.11.01 19:00:00,2023-11-01T19:00:00+00:00,2023-11-01T19:00:00+00:00,0,1.05372,1.05338,0.00034000000000000696,1.05415,1.05357,0.0005800000000000249,1.05322,1.05275,0.00046999999999997044,1.05339,1.05337,2.0000000000131024e-05,PRICE_FEED_DIFFERENCE
2023.11.01 20:00:00,2023-11-01T20:00:00+00:00,2023-11-01T20:00:00+00:00,0,1.05338,1.05339,-1.0000000000065512e-05,1.05357,1.05522,-0.0016500000000001513,1.05275,1.05167,0.0010799999999999699,1.05333,1.0542,-0.0008699999999999264,PRICE_FEED_DIFFERENCE
2023.11.01 21:00:00,2023-11-01T21:00:00+00:00,2023-11-01T21:00:00+00:00,0,1.05343,1.0542,-0.0007699999999999374,1.05522,1.05706,-0.0018400000000000638,1.05168,1.05414,-0.0024600000000001288,1.05418,1.05672,-0.0025400000000002088,PRICE_FEED_DIFFERENCE
2023.11.01 22:00:00,2023-11-01T22:00:00+00:00,2023-11-01T22:00:00+00:00,0,1.05418,1.05671,-0.0025300000000001432,1.05705,1.05757,-0.0005199999999998539,1.05413,1.05671,-0.0025800000000000267,1.05671,1.05697,-0.00025999999999992696,PRICE_FEED_DIFFERENCE
2023.11.01 23:00:00,2023-11-01T23:00:00+00:00,2023-11-01T23:00:00+00:00,0,1.05672,1.05694,-0.00021999999999988695,1.05756,1.0571,0.000460000000000127,1.05671,1.05667,4.0000000000040004e-05,1.05702,1.05682,0.00019999999999997797,PRICE_FEED_DIFFERENCE
2023.11.02 00:00:00,2023-11-02T00:00:00+00:00,2023-11-02T00:00:00+00:00,0,1.05656,1.05683,-0.00026999999999999247,1.05709,1.05788,-0.0007899999999998464,1.05644,1.05681,-0.00036999999999998145,1.05683,1.05783,-0.001000000000000112,PRICE_FEED_DIFFERENCE
2023.11.02 01:00:00,2023-11-02T01:00:00+00:00,2023-11-02T01:00:00+00:00,0,1.05678,1.05785,-0.0010699999999999044,1.05787,1.05867,-0.0007999999999999119,1.05678,1.05772,-0.0009399999999999409,1.05783,1.05866,-0.0008299999999998864,PRICE_FEED_DIFFERENCE
2023.11.02 02:00:00,2023-11-02T02:00:00+00:00,2023-11-02T02:00:00+00:00,0,1.05786,1.05866,-0.0007999999999999119,1.05867,1.0602,-0.0015300000000000313,1.05772,1.05837,-0.0006500000000000394,1.05866,1.06017,-0.0015100000000001224,PRICE_FEED_DIFFERENCE
2023.11.02 03:00:00,2023-11-02T03:00:00+00:00,2023-11-02T03:00:00+00:00,0,1.05866,1.06018,-0.0015199999999999658,1.0602,1.06021,-1.0000000000065512e-05,1.05836,1.05964,-0.0012799999999999478,1.06019,1.05977,0.0004199999999998649,PRICE_FEED_DIFFERENCE
2023.11.02 04:00:00,2023-11-02T04:00:00+00:00,2023-11-02T04:00:00+00:00,0,1.0602,1.05976,0.00043999999999999595,1.06022,1.05986,0.00035999999999991594,1.05965,1.05932,0.00032999999999994145,1.05976,1.05958,0.000180000000000069,PRICE_FEED_DIFFERENCE
2023.11.02 05:00:00,2023-11-02T05:00:00+00:00,2023-11-02T05:00:00+00:00,0,1.05976,1.05956,0.00019999999999997797,1.05986,1.06003,-0.00017000000000000348,1.05932,1.05939,-7.00000000000145e-05,1.05958,1.05998,-0.00039999999999995595,PRICE_FEED_DIFFERENCE
2023.11.02 06:00:00,2023-11-02T06:00:00+00:00,2023-11-02T06:00:00+00:00,0,1.05955,1.05999,-0.00043999999999999595,1.06004,1.05999,5.0000000000105516e-05,1.05939,1.05951,-0.00011999999999989797,1.05999,1.05959,0.00039999999999995595,PRICE_FEED_DIFFERENCE
2023.11.02 07:00:00,2023-11-02T07:00:00+00:00,2023-11-02T07:00:00+00:00,0,1.06,1.05958,0.00042000000000008697,1.06,1.06019,-0.00018999999999991246,1.05949,1.05953,-4.0000000000040004e-05,1.0596,1.05971,-0.00010999999999983245,PRICE_FEED_DIFFERENCE
2023.11.02 08:00:00,2023-11-02T08:00:00+00:00,2023-11-02T08:00:00+00:00,0,1.0596,1.05971,-0.00010999999999983245,1.06018,1.06018,0.0,1.05953,1.05936,0.00017000000000000348,1.05971,1.05999,-0.000280000000000058,PRICE_FEED_DIFFERENCE
2023.11.02 09:00:00,2023-11-02T09:00:00+00:00,2023-11-02T09:00:00+00:00,0,1.0597,1.06,-0.00029999999999996696,1.06019,1.061,-0.0008099999999999774,1.05935,1.05963,-0.000280000000000058,1.05999,1.06033,-0.00034000000000000696,PRICE_FEED_DIFFERENCE
2023.11.02 10:00:00,2023-11-02T10:00:00+00:00,2023-11-02T10:00:00+00:00,0,1.06,1.06032,-0.00031999999999987594,1.061,1.06084,0.00015999999999993797,1.05963,1.0591,0.0005300000000001415,1.06033,1.06003,0.00029999999999996696,PRICE_FEED_DIFFERENCE
2023.11.02 11:00:00,2023-11-02T11:00:00+00:00,2023-11-02T11:00:00+00:00,0,1.06032,1.06004,0.00027999999999983594,1.06083,1.06247,-0.0016400000000000858,1.0591,1.05989,-0.0007900000000000684,1.06003,1.06236,-0.0023299999999999432,PRICE_FEED_DIFFERENCE
2023.11.02 12:00:00,2023-11-02T12:00:00+00:00,2023-11-02T12:00:00+00:00,0,1.06005,1.06238,-0.0023300000000001653,1.06248,1.0637,-0.0012199999999999989,1.05989,1.06209,-0.0021999999999999797,1.06237,1.06344,-0.0010699999999999044,PRICE_FEED_DIFFERENCE
2023.11.02 13:00:00,2023-11-02T13:00:00+00:00,2023-11-02T13:00:00+00:00,0,1.06239,1.06344,-0.0010499999999999954,1.06371,1.06388,-0.00017000000000000348,1.06208,1.06304,-0.0009600000000000719,1.06345,1.06337,8.000000000008001e-05,PRICE_FEED_DIFFERENCE
2023.11.02 14:00:00,2023-11-02T14:00:00+00:00,2023-11-02T14:00:00+00:00,0,1.06344,1.06338,5.999999999994898e-05,1.06388,1.06675,-0.00287000000000015,1.06303,1.06324,-0.00021000000000004349,1.06337,1.0664,-0.003030000000000088,PRICE_FEED_DIFFERENCE
2023.11.02 15:00:00,2023-11-02T15:00:00+00:00,2023-11-02T15:00:00+00:00,0,1.06339,1.0664,-0.003009999999999957,1.06677,1.06668,8.999999999992347e-05,1.06322,1.06418,-0.0009599999999998499,1.0664,1.06477,0.0016300000000000203,PRICE_FEED_DIFFERENCE
2023.11.02 16:00:00,2023-11-02T16:00:00+00:00,2023-11-02T16:00:00+00:00,0,1.0664,1.06475,0.0016499999999999293,1.06667,1.06478,0.0018899999999999473,1.06419,1.06272,0.0014699999999998603,1.06476,1.06396,0.0007999999999999119,PRICE_FEED_DIFFERENCE
2023.11.02 17:00:00,2023-11-02T17:00:00+00:00,2023-11-02T17:00:00+00:00,0,1.06472,1.06396,0.0007600000000000939,1.06477,1.06431,0.00045999999999990493,1.0627,1.06168,0.0010200000000000209,1.06397,1.06173,0.0022400000000000198,PRICE_FEED_DIFFERENCE
2023.11.02 18:00:00,2023-11-02T18:00:00+00:00,2023-11-02T18:00:00+00:00,0,1.06395,1.06172,0.0022299999999999542,1.06433,1.06229,0.0020400000000000418,1.06169,1.06105,0.0006399999999999739,1.06173,1.06153,0.00019999999999997797,PRICE_FEED_DIFFERENCE
2023.11.02 19:00:00,2023-11-02T19:00:00+00:00,2023-11-02T19:00:00+00:00,0,1.06173,1.06154,0.0001900000000001345,1.0623,1.06298,-0.0006800000000000139,1.06104,1.06138,-0.00034000000000000696,1.06153,1.06282,-0.0012900000000000134,PRICE_FEED_DIFFERENCE
2023.11.02 20:00:00,2023-11-02T20:00:00+00:00,2023-11-02T20:00:00+00:00,0,1.06154,1.06282,-0.0012800000000001699,1.06298,1.06323,-0.00024999999999986144,1.06137,1.06233,-0.0009600000000000719,1.06283,1.06258,0.00024999999999986144,PRICE_FEED_DIFFERENCE
2023.11.02 21:00:00,2023-11-02T21:00:00+00:00,2023-11-02T21:00:00+00:00,0,1.06283,1.06257,0.00025999999999992696,1.06326,1.06263,0.0006300000000001305,1.06234,1.06166,0.0006800000000000139,1.06258,1.06231,0.00026999999999999247,PRICE_FEED_DIFFERENCE
2023.11.02 22:00:00,2023-11-02T22:00:00+00:00,2023-11-02T22:00:00+00:00,0,1.06259,1.06231,0.00027999999999983594,1.06263,1.06234,0.00028999999999990145,1.06166,1.06169,-2.999999999997449e-05,1.06232,1.06211,0.00020999999999982144,PRICE_FEED_DIFFERENCE
2023.11.02 23:00:00,2023-11-02T23:00:00+00:00,2023-11-02T23:00:00+00:00,0,1.06231,1.06213,0.000180000000000069,1.06234,1.06244,-9.999999999998899e-05,1.06168,1.06179,-0.0001100000000000545,1.06215,1.06207,7.999999999985796e-05,PRICE_FEED_DIFFERENCE
2023.11.03 00:00:00,2023-11-03T00:00:00+00:00,2023-11-03T00:00:00+00:00,0,1.06191,1.06207,-0.00016000000000016001,1.0623,1.06224,5.999999999994898e-05,1.06153,1.0617,-0.00017000000000000348,1.06208,1.06171,0.00036999999999998145,PRICE_FEED_DIFFERENCE
2023.11.03 01:00:00,2023-11-03T01:00:00+00:00,2023-11-03T01:00:00+00:00,0,1.06202,1.0617,0.00031999999999987594,1.06226,1.06187,0.00038999999999989043,1.06172,1.06154,0.000180000000000069,1.06173,1.06155,0.000180000000000069,PRICE_FEED_DIFFERENCE
2023.11.03 02:00:00,2023-11-03T02:00:00+00:00,2023-11-03T02:00:00+00:00,0,1.06174,1.06158,0.00015999999999993797,1.06187,1.06217,-0.00029999999999996696,1.06154,1.06148,5.999999999994898e-05,1.06155,1.0618,-0.0002500000000000835,PRICE_FEED_DIFFERENCE
2023.11.03 03:00:00,2023-11-03T03:00:00+00:00,2023-11-03T03:00:00+00:00,0,1.0616,1.0618,-0.00019999999999997797,1.06218,1.06226,-8.000000000008001e-05,1.06148,1.06146,1.999999999990898e-05,1.0618,1.06221,-0.00041000000000002146,PRICE_FEED_DIFFERENCE
2023.11.03 04:00:00,2023-11-03T04:00:00+00:00,2023-11-03T04:00:00+00:00,0,1.0618,1.06221,-0.00041000000000002146,1.06227,1.06284,-0.0005699999999999594,1.06146,1.06214,-0.0006800000000000139,1.06221,1.06262,-0.0004099999999997994,PRICE_FEED_DIFFERENCE
2023.11.03 05:00:00,2023-11-03T05:00:00+00:00,2023-11-03T05:00:00+00:00,0,1.06221,1.06263,-0.0004199999999998649,1.06285,1.06287,-1.999999999990898e-05,1.06212,1.06243,-0.00031000000000003247,1.06262,1.06253,8.999999999992347e-05,PRICE_FEED_DIFFERENCE
2023.11.03 06:00:00,2023-11-03T06:00:00+00:00,2023-11-03T06:00:00+00:00,0,1.06263,1.06254,8.999999999992347e-05,1.06287,1.06286,1.0000000000065512e-05,1.06243,1.06248,-5.0000000000105516e-05,1.06254,1.06264,-9.999999999998899e-05,PRICE_FEED_DIFFERENCE
2023.11.03 07:00:00,2023-11-03T07:00:00+00:00,2023-11-03T07:00:00+00:00,0,1.06254,1.06264,-9.999999999998899e-05,1.06287,1.06314,-0.00026999999999999247,1.06246,1.0626,-0.000140000000000029,1.06262,1.06297,-0.0003500000000000725,PRICE_FEED_DIFFERENCE
2023.11.03 08:00:00,2023-11-03T08:00:00+00:00,2023-11-03T08:00:00+00:00,0,1.06263,1.06298,-0.0003500000000000725,1.06316,1.06338,-0.00021999999999988695,1.06259,1.06279,-0.00019999999999997797,1.06297,1.0631,-0.00012999999999996348,PRICE_FEED_DIFFERENCE
2023.11.03 09:00:00,2023-11-03T09:00:00+00:00,2023-11-03T09:00:00+00:00,0,1.063,1.0631,-9.999999999998899e-05,1.06337,1.06336,9.999999999843467e-06,1.06279,1.0625,0.00028999999999990145,1.06312,1.06292,0.00019999999999997797,PRICE_FEED_DIFFERENCE
2023.11.03 10:00:00,2023-11-03T10:00:00+00:00,2023-11-03T10:00:00+00:00,0,1.06312,1.06291,0.00021000000000004349,1.06336,1.06322,0.000140000000000029,1.06251,1.06197,0.0005399999999999849,1.06292,1.0627,0.000220000000000109,PRICE_FEED_DIFFERENCE
2023.11.03 11:00:00,2023-11-03T11:00:00+00:00,2023-11-03T11:00:00+00:00,0,1.06292,1.06269,0.0002300000000001745,1.06321,1.06483,-0.0016199999999999548,1.06197,1.06241,-0.00043999999999999595,1.0627,1.06479,-0.0020899999999999253,PRICE_FEED_DIFFERENCE
2023.11.03 12:00:00,2023-11-03T12:00:00+00:00,2023-11-03T12:00:00+00:00,0,1.0627,1.06478,-0.002080000000000082,1.06484,1.06481,2.999999999997449e-05,1.06242,1.06419,-0.0017700000000000493,1.0648,1.0643,0.0004999999999999449,PRICE_FEED_DIFFERENCE
2023.11.03 13:00:00,2023-11-03T13:00:00+00:00,2023-11-03T13:00:00+00:00,0,1.0648,1.06428,0.000520000000000076,1.0648,1.06526,-0.000460000000000127,1.0642,1.06408,0.00012000000000012001,1.0643,1.06467,-0.00036999999999998145,PRICE_FEED_DIFFERENCE
2023.11.03 14:00:00,2023-11-03T14:00:00+00:00,2023-11-03T14:00:00+00:00,0,1.0643,1.06469,-0.00038999999999989043,1.06526,1.07194,-0.006679999999999797,1.06408,1.06454,-0.000460000000000127,1.06467,1.07096,-0.006289999999999907,PRICE_FEED_DIFFERENCE
2023.11.03 15:00:00,2023-11-03T15:00:00+00:00,2023-11-03T15:00:00+00:00,0,1.06468,1.07095,-0.006269999999999998,1.07194,1.07243,-0.0004900000000001015,1.06454,1.0696,-0.0050600000000000644,1.07095,1.07163,-0.0006800000000000139,PRICE_FEED_DIFFERENCE
2023.11.03 16:00:00,2023-11-03T16:00:00+00:00,2023-11-03T16:00:00+00:00,0,1.07094,1.07164,-0.0006999999999999229,1.07242,1.07343,-0.0010100000000001774,1.06961,1.06934,0.00026999999999999247,1.07154,1.07197,-0.0004300000000001525,PRICE_FEED_DIFFERENCE
2023.11.03 17:00:00,2023-11-03T17:00:00+00:00,2023-11-03T17:00:00+00:00,0,1.07168,1.07199,-0.00031000000000003247,1.07346,1.07353,-7.00000000000145e-05,1.06933,1.07153,-0.002200000000000202,1.07198,1.07321,-0.0012300000000000644,PRICE_FEED_DIFFERENCE
2023.11.03 18:00:00,2023-11-03T18:00:00+00:00,2023-11-03T18:00:00+00:00,0,1.07199,1.0732,-0.0012099999999999334,1.07354,1.07393,-0.0003900000000001125,1.07152,1.07253,-0.0010099999999999554,1.07321,1.07391,-0.0006999999999999229,PRICE_FEED_DIFFERENCE
2023.11.03 19:00:00,2023-11-03T19:00:00+00:00,2023-11-03T19:00:00+00:00,0,1.07321,1.07391,-0.0006999999999999229,1.07394,1.07467,-0.0007300000000001194,1.07253,1.07307,-0.0005399999999999849,1.07392,1.07366,0.00025999999999992696,PRICE_FEED_DIFFERENCE
2023.11.03 20:00:00,2023-11-03T20:00:00+00:00,2023-11-03T20:00:00+00:00,0,1.07393,1.07366,0.00026999999999999247,1.07466,1.07397,0.0006899999999998574,1.07307,1.07326,-0.0001900000000001345,1.07366,1.07356,9.999999999998899e-05,PRICE_FEED_DIFFERENCE
2023.11.03 21:00:00,2023-11-03T21:00:00+00:00,2023-11-03T21:00:00+00:00,0,1.07365,1.07357,8.000000000008001e-05,1.07397,1.07374,0.0002300000000001745,1.07325,1.07224,0.0010099999999999554,1.07358,1.07247,0.0011099999999999444,PRICE_FEED_DIFFERENCE
2023.11.03 22:00:00,2023-11-03T22:00:00+00:00,2023-11-03T22:00:00+00:00,0,1.07359,1.07248,0.0011099999999999444,1.07375,1.07325,0.0004999999999999449,1.07222,1.07247,-0.0002500000000000835,1.07247,1.07295,-0.00048000000000003595,PRICE_FEED_DIFFERENCE
2023.11.06 00:00:00,2023-11-06T00:00:00+00:00,2023-11-06T00:00:00+00:00,0,1.07249,1.07232,0.00017000000000000348,1.07267,1.07264,2.999999999997449e-05,1.07218,1.07207,0.00010999999999983245,1.07261,1.07256,5.0000000000105516e-05,PRICE_FEED_DIFFERENCE
2023.11.06 01:00:00,2023-11-06T01:00:00+00:00,2023-11-06T01:00:00+00:00,0,1.0727,1.07257,0.00012999999999996348,1.07334,1.07334,0.0,1.07237,1.07238,-1.0000000000065512e-05,1.07312,1.07313,-9.999999999843467e-06,PRICE_FEED_DIFFERENCE
2023.11.06 02:00:00,2023-11-06T02:00:00+00:00,2023-11-06T02:00:00+00:00,0,1.07312,1.07316,-3.999999999981796e-05,1.07318,1.07321,-2.999999999997449e-05,1.07227,1.07227,0.0,1.07242,1.07242,0.0,PRICE_FEED_DIFFERENCE
2023.11.06 03:00:00,2023-11-06T03:00:00+00:00,2023-11-06T03:00:00+00:00,0,1.07243,1.07243,0.0,1.07294,1.07294,0.0,1.07222,1.07222,0.0,1.07283,1.07283,0.0,EXACT_MATCH
2023.11.06 04:00:00,2023-11-06T04:00:00+00:00,2023-11-06T04:00:00+00:00,0,1.07284,1.07284,0.0,1.07334,1.07333,1.0000000000065512e-05,1.07264,1.07263,1.0000000000065512e-05,1.0733,1.07329,9.999999999843467e-06,PRICE_FEED_DIFFERENCE
2023.11.06 05:00:00,2023-11-06T05:00:00+00:00,2023-11-06T05:00:00+00:00,0,1.07329,1.07329,0.0,1.07344,1.07343,9.999999999843467e-06,1.0731,1.07311,-1.0000000000065512e-05,1.07344,1.07343,9.999999999843467e-06,PRICE_FEED_DIFFERENCE
2023.11.06 06:00:00,2023-11-06T06:00:00+00:00,2023-11-06T06:00:00+00:00,0,1.07343,1.07343,0.0,1.07376,1.07375,1.0000000000065512e-05,1.0734,1.07338,1.999999999990898e-05,1.07356,1.07356,0.0,PRICE_FEED_DIFFERENCE
2023.11.06 07:00:00,2023-11-06T07:00:00+00:00,2023-11-06T07:00:00+00:00,0,1.07355,1.07355,0.0,1.07387,1.07387,0.0,1.07329,1.07331,-1.999999999990898e-05,1.07355,1.07355,0.0,PRICE_FEED_DIFFERENCE
2023.11.06 08:00:00,2023-11-06T08:00:00+00:00,2023-11-06T08:00:00+00:00,0,1.07355,1.07355,0.0,1.074,1.074,0.0,1.07343,1.07344,-9.999999999843467e-06,1.07359,1.0736,-1.0000000000065512e-05,PRICE_FEED_DIFFERENCE
2023.11.06 09:00:00,2023-11-06T09:00:00+00:00,2023-11-06T09:00:00+00:00,0,1.07364,1.07363,9.999999999843467e-06,1.07438,1.07437,9.999999999843467e-06,1.07317,1.07318,-1.0000000000065512e-05,1.07329,1.0733,-9.999999999843467e-06,PRICE_FEED_DIFFERENCE
2023.11.06 10:00:00,2023-11-06T10:00:00+00:00,2023-11-06T10:00:00+00:00,0,1.07329,1.07333,-3.999999999981796e-05,1.07562,1.07562,0.0,1.07314,1.07315,-1.0000000000065512e-05,1.07499,1.07501,-2.0000000000131024e-05,PRICE_FEED_DIFFERENCE
2023.11.06 11:00:00,2023-11-06T11:00:00+00:00,2023-11-06T11:00:00+00:00,0,1.07499,1.07502,-3.0000000000196536e-05,1.07561,1.07561,0.0,1.07426,1.07426,0.0,1.07472,1.07471,9.999999999843467e-06,PRICE_FEED_DIFFERENCE
2023.11.06 12:00:00,2023-11-06T12:00:00+00:00,2023-11-06T12:00:00+00:00,0,1.07473,1.07472,1.0000000000065512e-05,1.07557,1.07557,0.0,1.07449,1.07449,0.0,1.07484,1.07483,1.0000000000065512e-05,PRICE_FEED_DIFFERENCE
2023.11.06 13:00:00,2023-11-06T13:00:00+00:00,2023-11-06T13:00:00+00:00,0,1.07483,1.07484,-1.0000000000065512e-05,1.0754,1.0754,0.0,1.07441,1.07441,0.0,1.07516,1.07514,1.999999999990898e-05,PRICE_FEED_DIFFERENCE
2023.11.06 14:00:00,2023-11-06T14:00:00+00:00,2023-11-06T14:00:00+00:00,0,1.07512,1.07513,-9.999999999843467e-06,1.07541,1.07541,0.0,1.07388,1.0739,-2.0000000000131024e-05,1.07437,1.07435,2.0000000000131024e-05,PRICE_FEED_DIFFERENCE
2023.11.06 15:00:00,2023-11-06T15:00:00+00:00,2023-11-06T15:00:00+00:00,0,1.07434,1.07436,-1.999999999990898e-05,1.07446,1.07446,0.0,1.07351,1.07351,0.0,1.07375,1.07373,1.999999999990898e-05,PRICE_FEED_DIFFERENCE
2023.11.06 16:00:00,2023-11-06T16:00:00+00:00,2023-11-06T16:00:00+00:00,0,1.07376,1.07373,2.999999999997449e-05,1.0746,1.07459,1.0000000000065512e-05,1.07363,1.07361,2.0000000000131024e-05,1.07388,1.07388,0.0,PRICE_FEED_DIFFERENCE
2023.11.06 17:00:00,2023-11-06T17:00:00+00:00,2023-11-06T17:00:00+00:00,0,1.07389,1.07388,1.0000000000065512e-05,1.07442,1.07442,0.0,1.0726,1.07261,-1.0000000000065512e-05,1.07437,1.07436,1.0000000000065512e-05,PRICE_FEED_DIFFERENCE
2023.11.06 18:00:00,2023-11-06T18:00:00+00:00,2023-11-06T18:00:00+00:00,0,1.07438,1.07437,9.999999999843467e-06,1.07492,1.07492,0.0,1.07399,1.074,-1.0000000000065512e-05,1.0746,1.07459,1.0000000000065512e-05,PRICE_FEED_DIFFERENCE
2023.11.06 19:00:00,2023-11-06T19:00:00+00:00,2023-11-06T19:00:00+00:00,0,1.0746,1.0746,0.0,1.07461,1.07461,0.0,1.07338,1.07338,0.0,1.07355,1.07355,0.0,EXACT_MATCH
2023.11.06 20:00:00,2023-11-06T20:00:00+00:00,2023-11-06T20:00:00+00:00,0,1.07356,1.07354,2.0000000000131024e-05,1.07368,1.07368,0.0,1.0729,1.07289,1.0000000000065512e-05,1.07358,1.07358,0.0,PRICE_FEED_DIFFERENCE
2023.11.06 21:00:00,2023-11-06T21:00:00+00:00,2023-11-06T21:00:00+00:00,0,1.07359,1.07359,0.0,1.0737,1.07368,2.0000000000131024e-05,1.0722,1.0722,0.0,1.07242,1.07242,0.0,PRICE_FEED_DIFFERENCE
2023.11.06 22:00:00,2023-11-06T22:00:00+00:00,2023-11-06T22:00:00+00:00,0,1.07234,1.07238,-4.0000000000040004e-05,1.07242,1.0724,1.999999999990898e-05,1.07191,1.07193,-2.0000000000131024e-05,1.07197,1.07198,-9.999999999843467e-06,PRICE_FEED_DIFFERENCE
2023.11.06 23:00:00,2023-11-06T23:00:00+00:00,2023-11-06T23:00:00+00:00,0,1.07198,1.07199,-1.0000000000065512e-05,1.07206,1.07207,-1.0000000000065512e-05,1.07164,1.07161,2.999999999997449e-05,1.0717,1.07168,2.0000000000131024e-05,PRICE_FEED_DIFFERENCE
2023.11.07 00:00:00,2023-11-07T00:00:00+00:00,2023-11-07T00:00:00+00:00,0,1.07162,1.07168,-5.999999999994898e-05,1.07209,1.07218,-8.999999999992347e-05,1.07146,1.07149,-2.999999999997449e-05,1.07205,1.07205,0.0,PRICE_FEED_DIFFERENCE
2023.11.07 01:00:00,2023-11-07T01:00:00+00:00,2023-11-07T01:00:00+00:00,0,1.07216,1.07209,7.00000000000145e-05,1.07222,1.07221,9.999999999843467e-06,1.07175,1.07176,-1.0000000000065512e-05,1.07183,1.07182,1.0000000000065512e-05,PRICE_FEED_DIFFERENCE
2023.11.07 02:00:00,2023-11-07T02:00:00+00:00,2023-11-07T02:00:00+00:00,0,1.07183,1.07184,-9.999999999843467e-06,1.07192,1.07193,-1.0000000000065512e-05,1.07116,1.07117,-1.0000000000065512e-05,1.07137,1.07138,-1.0000000000065512e-05,PRICE_FEED_DIFFERENCE
2023.11.07 03:00:00,2023-11-07T03:00:00+00:00,2023-11-07T03:00:00+00:00,0,1.07139,1.07136,2.999999999997449e-05,1.07139,1.07136,2.999999999997449e-05,1.07079,1.07079,0.0,1.07104,1.07103,1.0000000000065512e-05,PRICE_FEED_DIFFERENCE
2023.11.07 04:00:00,2023-11-07T04:00:00+00:00,2023-11-07T04:00:00+00:00,0,1.07106,1.07105,9.999999999843467e-06,1.07124,1.07124,0.0,1.07059,1.07058,9.999999999843467e-06,1.07112,1.07112,0.0,PRICE_FEED_DIFFERENCE
2023.11.07 05:00:00,2023-11-07T05:00:00+00:00,2023-11-07T05:00:00+00:00,0,1.07112,1.07113,-9.999999999843467e-06,1.07138,1.07139,-1.0000000000065512e-05,1.07075,1.07075,0.0,1.07088,1.07089,-9.999999999843467e-06,PRICE_FEED_DIFFERENCE
2023.11.07 06:00:00,2023-11-07T06:00:00+00:00,2023-11-07T06:00:00+00:00,0,1.0709,1.07089,1.0000000000065512e-05,1.07112,1.0711,2.0000000000131024e-05,1.0705,1.07051,-1.0000000000065512e-05,1.07065,1.07064,1.0000000000065512e-05,PRICE_FEED_DIFFERENCE
2023.11.07 07:00:00,2023-11-07T07:00:00+00:00,2023-11-07T07:00:00+00:00,0,1.07065,1.07065,0.0,1.07108,1.07107,1.0000000000065512e-05,1.07052,1.07051,9.999999999843467e-06,1.07105,1.07104,1.0000000000065512e-05,PRICE_FEED_DIFFERENCE
2023.11.07 08:00:00,2023-11-07T08:00:00+00:00,2023-11-07T08:00:00+00:00,0,1.07106,1.07105,9.999999999843467e-06,1.07115,1.07116,-9.999999999843467e-06,1.07,1.07,0.0,1.07005,1.07006,-1.0000000000065512e-05,PRICE_FEED_DIFFERENCE
2023.11.07 09:00:00,2023-11-07T09:00:00+00:00,2023-11-07T09:00:00+00:00,0,1.07004,1.07005,-9.999999999843467e-06,1.07014,1.07013,1.0000000000065512e-05,1.06918,1.06918,0.0,1.06969,1.06968,1.0000000000065512e-05,PRICE_FEED_DIFFERENCE
2023.11.07 10:00:00,2023-11-07T10:00:00+00:00,2023-11-07T10:00:00+00:00,0,1.06966,1.06966,0.0,1.07064,1.07063,1.0000000000065512e-05,1.06948,1.06948,0.0,1.07036,1.07036,0.0,PRICE_FEED_DIFFERENCE
2023.11.07 11:00:00,2023-11-07T11:00:00+00:00,2023-11-07T11:00:00+00:00,0,1.07036,1.07037,-1.0000000000065512e-05,1.07038,1.07037,1.0000000000065512e-05,1.06829,1.0683,-1.0000000000065512e-05,1.06836,1.06836,0.0,PRICE_FEED_DIFFERENCE
2023.11.07 12:00:00,2023-11-07T12:00:00+00:00,2023-11-07T12:00:00+00:00,0,1.06835,1.06835,0.0,1.06976,1.06974,2.0000000000131024e-05,1.06805,1.06805,0.0,1.06816,1.06815,1.0000000000065512e-05,PRICE_FEED_DIFFERENCE
2023.11.07 13:00:00,2023-11-07T13:00:00+00:00,2023-11-07T13:00:00+00:00,0,1.06815,1.06815,0.0,1.06833,1.06832,1.0000000000065512e-05,1.06656,1.06655,9.999999999843467e-06,1.0674,1.06738,1.999999999990898e-05,PRICE_FEED_DIFFERENCE
2023.11.07 14:00:00,2023-11-07T14:00:00+00:00,2023-11-07T14:00:00+00:00,0,1.0674,1.0674,0.0,1.06847,1.06846,1.0000000000065512e-05,1.0674,1.06739,9.999999999843467e-06,1.06786,1.06786,0.0,PRICE_FEED_DIFFERENCE
2023.11.07 15:00:00,2023-11-07T15:00:00+00:00,2023-11-07T15:00:00+00:00,0,1.06789,1.06787,1.999999999990898e-05,1.06868,1.06867,1.0000000000065512e-05,1.0672,1.0672,0.0,1.0676,1.06761,-9.999999999843467e-06,PRICE_FEED_DIFFERENCE
2023.11.07 16:00:00,2023-11-07T16:00:00+00:00,2023-11-07T16:00:00+00:00,0,1.0676,1.06762,-1.999999999990898e-05,1.06771,1.0677,9.999999999843467e-06,1.06641,1.0664,1.0000000000065512e-05,1.0676,1.0676,0.0,PRICE_FEED_DIFFERENCE
2023.11.07 17:00:00,2023-11-07T17:00:00+00:00,2023-11-07T17:00:00+00:00,0,1.06761,1.0676,9.999999999843467e-06,1.069,1.06898,1.999999999990898e-05,1.06738,1.06738,0.0,1.06849,1.06849,0.0,PRICE_FEED_DIFFERENCE
2023.11.07 18:00:00,2023-11-07T18:00:00+00:00,2023-11-07T18:00:00+00:00,0,1.06848,1.06849,-9.999999999843467e-06,1.06928,1.06927,1.0000000000065512e-05,1.06833,1.06834,-1.0000000000065512e-05,1.06858,1.06858,0.0,PRICE_FEED_DIFFERENCE
2023.11.07 19:00:00,2023-11-07T19:00:00+00:00,2023-11-07T19:00:00+00:00,0,1.06857,1.06858,-1.0000000000065512e-05,1.06863,1.06863,0.0,1.06724,1.06724,0.0,1.06773,1.06773,0.0,PRICE_FEED_DIFFERENCE
2023.11.07 20:00:00,2023-11-07T20:00:00+00:00,2023-11-07T20:00:00+00:00,0,1.06774,1.06772,1.999999999990898e-05,1.06997,1.06997,0.0,1.06761,1.0676,9.999999999843467e-06,1.06988,1.06989,-1.0000000000065512e-05,PRICE_FEED_DIFFERENCE
2023.11.07 21:00:00,2023-11-07T21:00:00+00:00,2023-11-07T21:00:00+00:00,0,1.06989,1.06988,1.0000000000065512e-05,1.07048,1.07047,1.0000000000065512e-05,1.06939,1.06941,-1.999999999990898e-05,1.06952,1.06952,0.0,PRICE_FEED_DIFFERENCE
2023.11.07 22:00:00,2023-11-07T22:00:00+00:00,2023-11-07T22:00:00+00:00,0,1.06951,1.06951,0.0,1.06982,1.06982,0.0,1.06895,1.06894,1.0000000000065512e-05,1.06947,1.06948,-1.0000000000065512e-05,PRICE_FEED_DIFFERENCE
2023.11.07 23:00:00,2023-11-07T23:00:00+00:00,2023-11-07T23:00:00+00:00,0,1.06947,1.06947,0.0,1.07009,1.07008,1.0000000000065512e-05,1.06947,1.06945,1.999999999990898e-05,1.06992,1.06992,0.0,PRICE_FEED_DIFFERENCE
2023.11.08 00:00:00,2023-11-08T00:00:00+00:00,2023-11-08T00:00:00+00:00,0,1.06992,1.06993,-1.0000000000065512e-05,1.06998,1.07002,-4.0000000000040004e-05,1.06959,1.06961,-1.999999999990898e-05,1.06978,1.0698,-2.0000000000131024e-05,PRICE_FEED_DIFFERENCE
2023.11.08 01:00:00,2023-11-08T01:00:00+00:00,2023-11-08T01:00:00+00:00,0,1.06983,1.06981,2.0000000000131024e-05,1.06991,1.06993,-2.0000000000131024e-05,1.06951,1.06952,-1.0000000000065512e-05,1.06957,1.06956,9.999999999843467e-06,PRICE_FEED_DIFFERENCE
2023.11.08 02:00:00,2023-11-08T02:00:00+00:00,2023-11-08T02:00:00+00:00,0,1.06956,1.06956,0.0,1.06977,1.06977,0.0,1.06893,1.06894,-1.0000000000065512e-05,1.06901,1.06902,-1.0000000000065512e-05,PRICE_FEED_DIFFERENCE
2023.11.08 03:00:00,2023-11-08T03:00:00+00:00,2023-11-08T03:00:00+00:00,0,1.06903,1.06903,0.0,1.0694,1.06938,1.999999999990898e-05,1.06864,1.06863,1.0000000000065512e-05,1.06918,1.06918,0.0,PRICE_FEED_DIFFERENCE
2023.11.08 04:00:00,2023-11-08T04:00:00+00:00,2023-11-08T04:00:00+00:00,0,1.06921,1.06919,1.999999999990898e-05,1.06993,1.06992,1.0000000000065512e-05,1.06892,1.06891,1.0000000000065512e-05,1.06937,1.06936,9.999999999843467e-06,PRICE_FEED_DIFFERENCE
2023.11.08 05:00:00,2023-11-08T05:00:00+00:00,2023-11-08T05:00:00+00:00,0,1.06935,1.06935,0.0,1.06958,1.06957,1.0000000000065512e-05,1.06883,1.06884,-1.0000000000065512e-05,1.069,1.06898,1.999999999990898e-05,PRICE_FEED_DIFFERENCE
2023.11.08 06:00:00,2023-11-08T06:00:00+00:00,2023-11-08T06:00:00+00:00,0,1.06902,1.06899,2.999999999997449e-05,1.06926,1.06926,0.0,1.06885,1.06886,-9.999999999843467e-06,1.0692,1.0692,0.0,PRICE_FEED_DIFFERENCE
2023.11.08 07:00:00,2023-11-08T07:00:00+00:00,2023-11-08T07:00:00+00:00,0,1.0692,1.0692,0.0,1.06928,1.06928,0.0,1.06853,1.06852,1.0000000000065512e-05,1.06862,1.0686,1.999999999990898e-05,PRICE_FEED_DIFFERENCE
2023.11.08 08:00:00,2023-11-08T08:00:00+00:00,2023-11-08T08:00:00+00:00,0,1.06861,1.0686,1.0000000000065512e-05,1.06879,1.0688,-1.0000000000065512e-05,1.06811,1.0681,9.999999999843467e-06,1.06816,1.06815,1.0000000000065512e-05,PRICE_FEED_DIFFERENCE
2023.11.08 09:00:00,2023-11-08T09:00:00+00:00,2023-11-08T09:00:00+00:00,0,1.06817,1.06819,-1.999999999990898e-05,1.06842,1.06841,9.999999999843467e-06,1.06754,1.06755,-1.0000000000065512e-05,1.06803,1.06803,0.0,PRICE_FEED_DIFFERENCE
2023.11.08 10:00:00,2023-11-08T10:00:00+00:00,2023-11-08T10:00:00+00:00,0,1.06804,1.06804,0.0,1.06828,1.06827,9.999999999843467e-06,1.06712,1.06713,-9.999999999843467e-06,1.06725,1.06724,1.0000000000065512e-05,PRICE_FEED_DIFFERENCE
2023.11.08 11:00:00,2023-11-08T11:00:00+00:00,2023-11-08T11:00:00+00:00,0,1.06732,1.06731,1.0000000000065512e-05,1.06742,1.06742,0.0,1.06602,1.06602,0.0,1.06652,1.0665,1.999999999990898e-05,PRICE_FEED_DIFFERENCE
2023.11.08 12:00:00,2023-11-08T12:00:00+00:00,2023-11-08T12:00:00+00:00,0,1.06646,1.06651,-5.0000000000105516e-05,1.06689,1.06689,0.0,1.06592,1.06593,-1.0000000000065512e-05,1.06682,1.06681,1.0000000000065512e-05,PRICE_FEED_DIFFERENCE
2023.11.08 13:00:00,2023-11-08T13:00:00+00:00,2023-11-08T13:00:00+00:00,0,1.06683,1.06682,9.999999999843467e-06,1.06779,1.06777,1.999999999990898e-05,1.06683,1.06682,9.999999999843467e-06,1.06771,1.0677,9.999999999843467e-06,PRICE_FEED_DIFFERENCE
2023.11.08 14:00:00,2023-11-08T14:00:00+00:00,2023-11-08T14:00:00+00:00,0,1.0677,1.06771,-9.999999999843467e-06,1.06772,1.06772,0.0,1.06668,1.0667,-1.999999999990898e-05,1.0668,1.06681,-1.0000000000065512e-05,PRICE_FEED_DIFFERENCE
2023.11.08 15:00:00,2023-11-08T15:00:00+00:00,2023-11-08T15:00:00+00:00,0,1.06681,1.0668,1.0000000000065512e-05,1.06726,1.06724,2.0000000000131024e-05,1.06601,1.06601,0.0,1.06693,1.06692,9.999999999843467e-06,PRICE_FEED_DIFFERENCE
2023.11.08 16:00:00,2023-11-08T16:00:00+00:00,2023-11-08T16:00:00+00:00,0,1.06694,1.06692,1.999999999990898e-05,1.06923,1.06921,1.999999999990898e-05,1.06688,1.06689,-9.999999999843467e-06,1.06904,1.06904,0.0,PRICE_FEED_DIFFERENCE
2023.11.08 17:00:00,2023-11-08T17:00:00+00:00,2023-11-08T17:00:00+00:00,0,1.06905,1.06904,1.0000000000065512e-05,1.07077,1.07077,0.0,1.06826,1.06826,0.0,1.07052,1.07051,9.999999999843467e-06,PRICE_FEED_DIFFERENCE
2023.11.08 18:00:00,2023-11-08T18:00:00+00:00,2023-11-08T18:00:00+00:00,0,1.07052,1.07052,0.0,1.07159,1.0716,-1.0000000000065512e-05,1.07036,1.07036,0.0,1.07144,1.07143,9.999999999843467e-06,PRICE_FEED_DIFFERENCE
2023.11.08 19:00:00,2023-11-08T19:00:00+00:00,2023-11-08T19:00:00+00:00,0,1.07144,1.07144,0.0,1.07146,1.07146,0.0,1.0701,1.07011,-9.999999999843467e-06,1.07076,1.07077,-1.0000000000065512e-05,PRICE_FEED_DIFFERENCE
2023.11.08 20:00:00,2023-11-08T20:00:00+00:00,2023-11-08T20:00:00+00:00,0,1.07079,1.07078,9.999999999843467e-06,1.07141,1.07141,0.0,1.0702,1.07021,-1.0000000000065512e-05,1.07092,1.0709,2.0000000000131024e-05,PRICE_FEED_DIFFERENCE
2023.11.08 21:00:00,2023-11-08T21:00:00+00:00,2023-11-08T21:00:00+00:00,0,1.07091,1.07089,2.0000000000131024e-05,1.07107,1.07108,-1.0000000000065512e-05,1.07011,1.07012,-1.0000000000065512e-05,1.0702,1.07021,-1.0000000000065512e-05,PRICE_FEED_DIFFERENCE
2023.11.08 22:00:00,2023-11-08T22:00:00+00:00,2023-11-08T22:00:00+00:00,0,1.07022,1.07022,0.0,1.07108,1.07108,0.0,1.07,1.06999,1.0000000000065512e-05,1.07096,1.07097,-1.0000000000065512e-05,PRICE_FEED_DIFFERENCE
2023.11.08 23:00:00,2023-11-08T23:00:00+00:00,2023-11-08T23:00:00+00:00,0,1.07094,1.07096,-1.999999999990898e-05,1.07108,1.0711,-1.999999999990898e-05,1.07085,1.0708,5.0000000000105516e-05,1.07097,1.0708,0.00017000000000000348,PRICE_FEED_DIFFERENCE
2023.11.09 00:00:00,2023-11-09T00:00:00+00:00,2023-11-09T00:00:00+00:00,0,1.07054,1.07079,-0.00024999999999986144,1.07099,1.07097,2.0000000000131024e-05,1.07038,1.07041,-2.999999999997449e-05,1.07069,1.07079,-9.999999999998899e-05,PRICE_FEED_DIFFERENCE
2023.11.09 01:00:00,2023-11-09T01:00:00+00:00,2023-11-09T01:00:00+00:00,0,1.0707,1.07073,-2.999999999997449e-05,1.07112,1.07112,0.0,1.07063,1.07066,-2.999999999997449e-05,1.07111,1.07112,-1.0000000000065512e-05,PRICE_FEED_DIFFERENCE
2023.11.09 02:00:00,2023-11-09T02:00:00+00:00,2023-11-09T02:00:00+00:00,0,1.07112,1.07113,-9.999999999843467e-06,1.07126,1.07127,-9.999999999843467e-06,1.07022,1.07024,-2.0000000000131024e-05,1.07034,1.07033,1.0000000000065512e-05,PRICE_FEED_DIFFERENCE
2023.11.09 03:00:00,2023-11-09T03:00:00+00:00,2023-11-09T03:00:00+00:00,0,1.07033,1.07034,-1.0000000000065512e-05,1.07145,1.07146,-1.0000000000065512e-05,1.07029,1.07028,1.0000000000065512e-05,1.07121,1.0712,1.0000000000065512e-05,PRICE_FEED_DIFFERENCE
2023.11.09 04:00:00,2023-11-09T04:00:00+00:00,2023-11-09T04:00:00+00:00,0,1.0712,1.07118,1.999999999990898e-05,1.07157,1.07156,9.999999999843467e-06,1.07087,1.07088,-1.0000000000065512e-05,1.07096,1.07095,9.999999999843467e-06,PRICE_FEED_DIFFERENCE
2023.11.09 05:00:00,2023-11-09T05:00:00+00:00,2023-11-09T05:00:00+00:00,0,1.07095,1.07095,0.0,1.07115,1.07114,1.0000000000065512e-05,1.07064,1.07065,-1.0000000000065512e-05,1.07078,1.07078,0.0,PRICE_FEED_DIFFERENCE
2023.11.09 06:00:00,2023-11-09T06:00:00+00:00,2023-11-09T06:00:00+00:00,0,1.07078,1.07079,-9.999999999843467e-06,1.07117,1.07117,0.0,1.07078,1.07078,0.0,1.07089,1.07088,9.999999999843467e-06,PRICE_FEED_DIFFERENCE
2023.11.09 07:00:00,2023-11-09T07:00:00+00:00,2023-11-09T07:00:00+00:00,0,1.07089,1.07088,9.999999999843467e-06,1.07101,1.071,1.0000000000065512e-05,1.07019,1.07022,-2.999999999997449e-05,1.07025,1.07024,9.999999999843467e-06,PRICE_FEED_DIFFERENCE
2023.11.09 08:00:00,2023-11-09T08:00:00+00:00,2023-11-09T08:00:00+00:00,0,1.07024,1.07025,-9.999999999843467e-06,1.07096,1.07095,9.999999999843467e-06,1.07013,1.07014,-1.0000000000065512e-05,1.07075,1.07074,1.0000000000065512e-05,PRICE_FEED_DIFFERENCE
2023.11.09 09:00:00,2023-11-09T09:00:00+00:00,2023-11-09T09:00:00+00:00,0,1.07077,1.07075,1.999999999990898e-05,1.07094,1.07094,0.0,1.07023,1.07022,1.0000000000065512e-05,1.07053,1.07052,1.0000000000065512e-05,PRICE_FEED_DIFFERENCE
2023.11.09 10:00:00,2023-11-09T10:00:00+00:00,2023-11-09T10:00:00+00:00,0,1.07053,1.07052,1.0000000000065512e-05,1.07098,1.07098,0.0,1.06936,1.06936,0.0,1.07015,1.07015,0.0,PRICE_FEED_DIFFERENCE
2023.11.09 11:00:00,2023-11-09T11:00:00+00:00,2023-11-09T11:00:00+00:00,0,1.07014,1.07015,-9.999999999843467e-06,1.07047,1.07047,0.0,1.0694,1.06941,-1.0000000000065512e-05,1.06976,1.06978,-1.999999999990898e-05,PRICE_FEED_DIFFERENCE
2023.11.09 12:00:00,2023-11-09T12:00:00+00:00,2023-11-09T12:00:00+00:00,0,1.06978,1.06978,0.0,1.06997,1.06996,1.0000000000065512e-05,1.06848,1.0685,-1.999999999990898e-05,1.06865,1.06865,0.0,PRICE_FEED_DIFFERENCE
2023.11.09 13:00:00,2023-11-09T13:00:00+00:00,2023-11-09T13:00:00+00:00,0,1.06864,1.06866,-1.999999999990898e-05,1.0692,1.0692,0.0,1.06803,1.06804,-1.0000000000065512e-05,1.06883,1.06882,9.999999999843467e-06,PRICE_FEED_DIFFERENCE
2023.11.09 14:00:00,2023-11-09T14:00:00+00:00,2023-11-09T14:00:00+00:00,0,1.06883,1.06882,9.999999999843467e-06,1.06928,1.06927,1.0000000000065512e-05,1.06872,1.06871,9.999999999843467e-06,1.06903,1.06902,9.999999999843467e-06,PRICE_FEED_DIFFERENCE
2023.11.09 15:00:00,2023-11-09T15:00:00+00:00,2023-11-09T15:00:00+00:00,0,1.06903,1.06904,-1.0000000000065512e-05,1.07086,1.07087,-1.0000000000065512e-05,1.06864,1.06865,-1.0000000000065512e-05,1.07073,1.07074,-1.0000000000065512e-05,PRICE_FEED_DIFFERENCE
2023.11.09 16:00:00,2023-11-09T16:00:00+00:00,2023-11-09T16:00:00+00:00,0,1.07074,1.07074,0.0,1.07254,1.07254,0.0,1.07001,1.07002,-1.0000000000065512e-05,1.0724,1.07241,-1.0000000000065512e-05,PRICE_FEED_DIFFERENCE
2023.11.09 17:00:00,2023-11-09T17:00:00+00:00,2023-11-09T17:00:00+00:00,0,1.07242,1.07241,9.999999999843467e-06,1.07245,1.07247,-2.0000000000131024e-05,1.07074,1.07075,-1.0000000000065512e-05,1.07149,1.0715,-9.999999999843467e-06,PRICE_FEED_DIFFERENCE
2023.11.09 18:00:00,2023-11-09T18:00:00+00:00,2023-11-09T18:00:00+00:00,0,1.07149,1.0715,-9.999999999843467e-06,1.07168,1.0717,-2.0000000000131024e-05,1.0705,1.07051,-1.0000000000065512e-05,1.07098,1.07097,1.0000000000065512e-05,PRICE_FEED_DIFFERENCE
2023.11.09 19:00:00,2023-11-09T19:00:00+00:00,2023-11-09T19:00:00+00:00,0,1.07097,1.07097,0.0,1.07128,1.07126,1.999999999990898e-05,1.06999,1.06999,0.0,1.07048,1.07047,1.0000000000065512e-05,PRICE_FEED_DIFFERENCE
2023.11.09 20:00:00,2023-11-09T20:00:00+00:00,2023-11-09T20:00:00+00:00,0,1.07047,1.07046,1.0000000000065512e-05,1.07055,1.07055,0.0,1.06727,1.06727,0.0,1.06943,1.06943,0.0,PRICE_FEED_DIFFERENCE
2023.11.09 21:00:00,2023-11-09T21:00:00+00:00,2023-11-09T21:00:00+00:00,0,1.06944,1.06943,9.999999999843467e-06,1.06949,1.06953,-4.0000000000040004e-05,1.06601,1.06601,0.0,1.06674,1.06672,2.0000000000131024e-05,PRICE_FEED_DIFFERENCE
2023.11.09 22:00:00,2023-11-09T22:00:00+00:00,2023-11-09T22:00:00+00:00,0,1.06673,1.06673,0.0,1.06759,1.06755,4.0000000000040004e-05,1.06624,1.06624,0.0,1.06638,1.06638,0.0,PRICE_FEED_DIFFERENCE
2023.11.09 23:00:00,2023-11-09T23:00:00+00:00,2023-11-09T23:00:00+00:00,0,1.06639,1.06639,0.0,1.06689,1.06689,0.0,1.06638,1.06637,1.0000000000065512e-05,1.0668,1.06671,8.999999999992347e-05,PRICE_FEED_DIFFERENCE
2023.11.10 00:00:00,2023-11-10T00:00:00+00:00,2023-11-10T00:00:00+00:00,0,1.06665,1.06671,-5.999999999994898e-05,1.06702,1.06702,0.0,1.06661,1.06651,9.999999999998899e-05,1.06682,1.0668,2.0000000000131024e-05,PRICE_FEED_DIFFERENCE
2023.11.10 01:00:00,2023-11-10T01:00:00+00:00,2023-11-10T01:00:00+00:00,0,1.06686,1.06681,4.999999999988347e-05,1.06696,1.06695,9.999999999843467e-06,1.06636,1.06642,-5.999999999994898e-05,1.06668,1.06669,-9.999999999843467e-06,PRICE_FEED_DIFFERENCE
2023.11.10 02:00:00,2023-11-10T02:00:00+00:00,2023-11-10T02:00:00+00:00,0,1.06672,1.06671,9.999999999843467e-06,1.06703,1.06704,-1.0000000000065512e-05,1.06626,1.06629,-2.999999999997449e-05,1.06683,1.06683,0.0,PRICE_FEED_DIFFERENCE
2023.11.10 03:00:00,2023-11-10T03:00:00+00:00,2023-11-10T03:00:00+00:00,0,1.06682,1.06683,-9.999999999843467e-06,1.06751,1.0675,1.0000000000065512e-05,1.06667,1.06667,0.0,1.06718,1.06718,0.0,PRICE_FEED_DIFFERENCE
2023.11.10 04:00:00,2023-11-10T04:00:00+00:00,2023-11-10T04:00:00+00:00,0,1.06717,1.06717,0.0,1.06743,1.06743,0.0,1.067,1.06701,-1.0000000000065512e-05,1.06724,1.06723,1.0000000000065512e-05,PRICE_FEED_DIFFERENCE
2023.11.10 05:00:00,2023-11-10T05:00:00+00:00,2023-11-10T05:00:00+00:00,0,1.06725,1.06723,2.0000000000131024e-05,1.06742,1.06741,1.0000000000065512e-05,1.06688,1.06689,-9.999999999843467e-06,1.06698,1.06699,-1.0000000000065512e-05,PRICE_FEED_DIFFERENCE
2023.11.10 06:00:00,2023-11-10T06:00:00+00:00,2023-11-10T06:00:00+00:00,0,1.06699,1.067,-9.999999999843467e-06,1.06714,1.06713,1.0000000000065512e-05,1.06671,1.0667,1.0000000000065512e-05,1.06712,1.06712,0.0,PRICE_FEED_DIFFERENCE
2023.11.10 07:00:00,2023-11-10T07:00:00+00:00,2023-11-10T07:00:00+00:00,0,1.06713,1.06712,9.999999999843467e-06,1.06718,1.06719,-1.0000000000065512e-05,1.06658,1.06657,1.0000000000065512e-05,1.06693,1.0669,2.999999999997449e-05,PRICE_FEED_DIFFERENCE
2023.11.10 08:00:00,2023-11-10T08:00:00+00:00,2023-11-10T08:00:00+00:00,0,1.06692,1.06689,3.0000000000196536e-05,1.06701,1.06699,1.999999999990898e-05,1.06636,1.06635,1.0000000000065512e-05,1.06654,1.06655,-1.0000000000065512e-05,PRICE_FEED_DIFFERENCE
2023.11.10 09:00:00,2023-11-10T09:00:00+00:00,2023-11-10T09:00:00+00:00,0,1.06653,1.06654,-1.0000000000065512e-05,1.06696,1.06696,0.0,1.06561,1.0656,9.999999999843467e-06,1.06629,1.06629,0.0,PRICE_FEED_DIFFERENCE
2023.11.10 10:00:00,2023-11-10T10:00:00+00:00,2023-11-10T10:00:00+00:00,0,1.06634,1.0663,4.0000000000040004e-05,1.06782,1.06783,-1.0000000000065512e-05,1.06632,1.0663,1.999999999990898e-05,1.06711,1.0671,1.0000000000065512e-05,PRICE_FEED_DIFFERENCE
2023.11.10 11:00:00,2023-11-10T11:00:00+00:00,2023-11-10T11:00:00+00:00,0,1.06712,1.0671,2.0000000000131024e-05,1.068,1.068,0.0,1.06643,1.06643,0.0,1.06771,1.06771,0.0,PRICE_FEED_DIFFERENCE
2023.11.10 12:00:00,2023-11-10T12:00:00+00:00,2023-11-10T12:00:00+00:00,0,1.0677,1.06771,-9.999999999843467e-06,1.06879,1.0688,-1.0000000000065512e-05,1.06691,1.06692,-1.0000000000065512e-05,1.06867,1.06868,-1.0000000000065512e-05,PRICE_FEED_DIFFERENCE
2023.11.10 13:00:00,2023-11-10T13:00:00+00:00,2023-11-10T13:00:00+00:00,0,1.06867,1.06869,-1.999999999990898e-05,1.06889,1.06889,0.0,1.06739,1.06739,0.0,1.06769,1.06768,1.0000000000065512e-05,PRICE_FEED_DIFFERENCE
2023.11.10 14:00:00,2023-11-10T14:00:00+00:00,2023-11-10T14:00:00+00:00,0,1.06768,1.06769,-1.0000000000065512e-05,1.06883,1.06883,0.0,1.06699,1.06699,0.0,1.06817,1.06817,0.0,PRICE_FEED_DIFFERENCE
2023.11.10 15:00:00,2023-11-10T15:00:00+00:00,2023-11-10T15:00:00+00:00,0,1.06817,1.06818,-9.999999999843467e-06,1.06927,1.06927,0.0,1.06772,1.06771,1.0000000000065512e-05,1.06886,1.06886,0.0,PRICE_FEED_DIFFERENCE
2023.11.10 16:00:00,2023-11-10T16:00:00+00:00,2023-11-10T16:00:00+00:00,0,1.06887,1.06889,-1.999999999990898e-05,1.06896,1.06896,0.0,1.06703,1.06703,0.0,1.06727,1.06726,9.999999999843467e-06,PRICE_FEED_DIFFERENCE
2023.11.10 17:00:00,2023-11-10T17:00:00+00:00,2023-11-10T17:00:00+00:00,0,1.06727,1.06726,9.999999999843467e-06,1.06795,1.06796,-1.0000000000065512e-05,1.06624,1.06624,0.0,1.06698,1.06698,0.0,PRICE_FEED_DIFFERENCE
2023.11.10 18:00:00,2023-11-10T18:00:00+00:00,2023-11-10T18:00:00+00:00,0,1.06698,1.067,-1.999999999990898e-05,1.06797,1.06795,2.0000000000131024e-05,1.06631,1.0663,1.0000000000065512e-05,1.06693,1.06694,-1.0000000000065512e-05,PRICE_FEED_DIFFERENCE
2023.11.10 19:00:00,2023-11-10T19:00:00+00:00,2023-11-10T19:00:00+00:00,0,1.06691,1.06693,-1.999999999990898e-05,1.06818,1.06818,0.0,1.06641,1.0664,1.0000000000065512e-05,1.06792,1.06792,0.0,PRICE_FEED_DIFFERENCE
2023.11.10 20:00:00,2023-11-10T20:00:00+00:00,2023-11-10T20:00:00+00:00,0,1.06793,1.06793,0.0,1.06844,1.06845,-9.999999999843467e-06,1.06729,1.06729,0.0,1.06812,1.06812,0.0,PRICE_FEED_DIFFERENCE
2023.11.10 21:00:00,2023-11-10T21:00:00+00:00,2023-11-10T21:00:00+00:00,0,1.06812,1.06813,-1.0000000000065512e-05,1.06874,1.06875,-1.0000000000065512e-05,1.06788,1.06789,-1.0000000000065512e-05,1.06796,1.06796,0.0,PRICE_FEED_DIFFERENCE
2023.11.10 22:00:00,2023-11-10T22:00:00+00:00,2023-11-10T22:00:00+00:00,0,1.06795,1.06795,0.0,1.06874,1.06874,0.0,1.0677,1.0677,0.0,1.06852,1.06852,0.0,EXACT_MATCH
2023.11.10 23:00:00,2023-11-10T23:00:00+00:00,2023-11-10T23:00:00+00:00,0,1.06852,1.0685,1.999999999990898e-05,1.06873,1.06871,1.999999999990898e-05,1.06824,1.06825,-9.999999999843467e-06,1.06839,1.06848,-9.000000000014552e-05,PRICE_FEED_DIFFERENCE
2023.11.13 00:00:00,2023-11-13T00:00:00+00:00,2023-11-13T00:00:00+00:00,0,1.0683,1.06818,0.00012000000000012001,1.06856,1.06851,4.999999999988347e-05,1.06785,1.06799,-0.000140000000000029,1.06848,1.06835,0.00013000000000018552,PRICE_FEED_DIFFERENCE
2023.11.13 01:00:00,2023-11-13T01:00:00+00:00,2023-11-13T01:00:00+00:00,0,1.06851,1.06842,9.000000000014552e-05,1.06906,1.06906,0.0,1.0685,1.06842,8.000000000008001e-05,1.06905,1.06905,0.0,PRICE_FEED_DIFFERENCE
2023.11.13 02:00:00,2023-11-13T02:00:00+00:00,2023-11-13T02:00:00+00:00,0,1.06904,1.06902,1.999999999990898e-05,1.06904,1.06905,-1.0000000000065512e-05,1.0682,1.06821,-1.0000000000065512e-05,1.06838,1.06838,0.0,PRICE_FEED_DIFFERENCE
2023.11.13 03:00:00,2023-11-13T03:00:00+00:00,2023-11-13T03:00:00+00:00,0,1.06839,1.06838,9.999999999843467e-06,1.06885,1.06886,-9.999999999843467e-06,1.06809,1.0681,-1.0000000000065512e-05,1.06867,1.06866,1.0000000000065512e-05,PRICE_FEED_DIFFERENCE
2023.11.13 04:00:00,2023-11-13T04:00:00+00:00,2023-11-13T04:00:00+00:00,0,1.06868,1.06868,0.0,1.06874,1.06873,1.0000000000065512e-05,1.06812,1.06814,-2.0000000000131024e-05,1.06833,1.06831,1.999999999990898e-05,PRICE_FEED_DIFFERENCE
2023.11.13 05:00:00,2023-11-13T05:00:00+00:00,2023-11-13T05:00:00+00:00,0,1.06832,1.06831,9.999999999843467e-06,1.06861,1.0686,1.0000000000065512e-05,1.06816,1.06816,0.0,1.06856,1.06856,0.0,PRICE_FEED_DIFFERENCE
2023.11.13 06:00:00,2023-11-13T06:00:00+00:00,2023-11-13T06:00:00+00:00,0,1.06856,1.06856,0.0,1.0689,1.0689,0.0,1.06841,1.06841,0.0,1.06842,1.06842,0.0,EXACT_MATCH
2023.11.13 07:00:00,2023-11-13T07:00:00+00:00,2023-11-13T07:00:00+00:00,0,1.0684,1.06842,-1.999999999990898e-05,1.06867,1.06866,1.0000000000065512e-05,1.06834,1.06835,-9.999999999843467e-06,1.06858,1.06857,1.0000000000065512e-05,PRICE_FEED_DIFFERENCE
2023.11.13 08:00:00,2023-11-13T08:00:00+00:00,2023-11-13T08:00:00+00:00,0,1.06856,1.06858,-2.0000000000131024e-05,1.06923,1.06922,9.999999999843467e-06,1.06835,1.06836,-1.0000000000065512e-05,1.069,1.069,0.0,PRICE_FEED_DIFFERENCE
2023.11.13 09:00:00,2023-11-13T09:00:00+00:00,2023-11-13T09:00:00+00:00,0,1.06902,1.06901,1.0000000000065512e-05,1.06973,1.06974,-9.999999999843467e-06,1.06888,1.06888,0.0,1.06926,1.06927,-9.999999999843467e-06,PRICE_FEED_DIFFERENCE
2023.11.13 10:00:00,2023-11-13T10:00:00+00:00,2023-11-13T10:00:00+00:00,0,1.06927,1.06924,2.999999999997449e-05,1.06949,1.06947,2.0000000000131024e-05,1.06854,1.06855,-1.0000000000065512e-05,1.06913,1.06913,0.0,PRICE_FEED_DIFFERENCE
2023.11.13 11:00:00,2023-11-13T11:00:00+00:00,2023-11-13T11:00:00+00:00,0,1.06914,1.06914,0.0,1.07013,1.07013,0.0,1.06854,1.06856,-1.999999999990898e-05,1.06896,1.06896,0.0,PRICE_FEED_DIFFERENCE
2023.11.13 12:00:00,2023-11-13T12:00:00+00:00,2023-11-13T12:00:00+00:00,0,1.06895,1.06895,0.0,1.06996,1.06995,1.0000000000065512e-05,1.06871,1.06871,0.0,1.06972,1.06972,0.0,PRICE_FEED_DIFFERENCE
2023.11.13 13:00:00,2023-11-13T13:00:00+00:00,2023-11-13T13:00:00+00:00,0,1.06973,1.06973,0.0,1.0698,1.0698,0.0,1.06849,1.0685,-1.0000000000065512e-05,1.06871,1.06871,0.0,PRICE_FEED_DIFFERENCE
2023.11.13 14:00:00,2023-11-13T14:00:00+00:00,2023-11-13T14:00:00+00:00,0,1.06871,1.06872,-9.999999999843467e-06,1.0688,1.06879,1.0000000000065512e-05,1.06698,1.06697,1.0000000000065512e-05,1.0673,1.06731,-1.0000000000065512e-05,PRICE_FEED_DIFFERENCE
2023.11.13 15:00:00,2023-11-13T15:00:00+00:00,2023-11-13T15:00:00+00:00,0,1.06727,1.0673,-2.999999999997449e-05,1.06736,1.06737,-9.999999999843467e-06,1.0665,1.0665,0.0,1.06727,1.06725,1.999999999990898e-05,PRICE_FEED_DIFFERENCE
2023.11.13 16:00:00,2023-11-13T16:00:00+00:00,2023-11-13T16:00:00+00:00,0,1.06729,1.06726,2.999999999997449e-05,1.06802,1.06801,1.0000000000065512e-05,1.0668,1.0668,0.0,1.06769,1.06769,0.0,PRICE_FEED_DIFFERENCE
2023.11.13 17:00:00,2023-11-13T17:00:00+00:00,2023-11-13T17:00:00+00:00,0,1.0677,1.06769,1.0000000000065512e-05,1.06927,1.06927,0.0,1.06748,1.06749,-1.0000000000065512e-05,1.06888,1.06887,1.0000000000065512e-05,PRICE_FEED_DIFFERENCE
2023.11.13 18:00:00,2023-11-13T18:00:00+00:00,2023-11-13T18:00:00+00:00,0,1.06889,1.06887,1.999999999990898e-05,1.07037,1.07038,-1.0000000000065512e-05,1.06852,1.06852,0.0,1.06992,1.06993,-1.0000000000065512e-05,PRICE_FEED_DIFFERENCE
2023.11.13 19:00:00,2023-11-13T19:00:00+00:00,2023-11-13T19:00:00+00:00,0,1.06991,1.06991,0.0,1.07061,1.07061,0.0,1.06936,1.06935,1.0000000000065512e-05,1.06957,1.06958,-1.0000000000065512e-05,PRICE_FEED_DIFFERENCE
2023.11.13 20:00:00,2023-11-13T20:00:00+00:00,2023-11-13T20:00:00+00:00,0,1.0696,1.06957,3.0000000000196536e-05,1.07049,1.07051,-2.0000000000131024e-05,1.06901,1.069,1.0000000000065512e-05,1.07017,1.07016,1.0000000000065512e-05,PRICE_FEED_DIFFERENCE
2023.11.13 21:00:00,2023-11-13T21:00:00+00:00,2023-11-13T21:00:00+00:00,0,1.07016,1.07017,-1.0000000000065512e-05,1.07057,1.07056,1.0000000000065512e-05,1.0697,1.06972,-1.999999999990898e-05,1.07021,1.0702,1.0000000000065512e-05,PRICE_FEED_DIFFERENCE
2023.11.13 22:00:00,2023-11-13T22:00:00+00:00,2023-11-13T22:00:00+00:00,0,1.07019,1.07019,0.0,1.07042,1.07042,0.0,1.06989,1.06989,0.0,1.0699,1.0699,0.0,EXACT_MATCH
2023.11.13 23:00:00,2023-11-13T23:00:00+00:00,2023-11-13T23:00:00+00:00,0,1.06993,1.06993,0.0,1.06994,1.06994,0.0,1.06975,1.06975,0.0,1.06993,1.06975,0.000180000000000069,PRICE_FEED_DIFFERENCE
2023.11.14 00:00:00,2023-11-14T00:00:00+00:00,2023-11-14T00:00:00+00:00,0,1.06942,1.06975,-0.00032999999999994145,1.07007,1.07014,-7.00000000000145e-05,1.06942,1.06975,-0.00032999999999994145,1.06984,1.0699,-6.000000000017103e-05,PRICE_FEED_DIFFERENCE
2023.11.14 01:00:00,2023-11-14T01:00:00+00:00,2023-11-14T01:00:00+00:00,0,1.06992,1.06989,2.999999999997449e-05,1.07014,1.07013,1.0000000000065512e-05,1.06975,1.06978,-2.999999999997449e-05,1.07014,1.07012,2.0000000000131024e-05,PRICE_FEED_DIFFERENCE
2023.11.14 02:00:00,2023-11-14T02:00:00+00:00,2023-11-14T02:00:00+00:00,0,1.07015,1.07013,1.999999999990898e-05,1.07024,1.07023,1.0000000000065512e-05,1.06981,1.06981,0.0,1.06998,1.06996,1.999999999990898e-05,PRICE_FEED_DIFFERENCE
2023.11.14 03:00:00,2023-11-14T03:00:00+00:00,2023-11-14T03:00:00+00:00,0,1.06999,1.06998,1.0000000000065512e-05,1.07005,1.07004,9.999999999843467e-06,1.06946,1.06945,1.0000000000065512e-05,1.06987,1.06987,0.0,PRICE_FEED_DIFFERENCE
2023.11.14 04:00:00,2023-11-14T04:00:00+00:00,2023-11-14T04:00:00+00:00,0,1.06984,1.06987,-3.0000000000196536e-05,1.07022,1.07022,0.0,1.06966,1.06966,0.0,1.06979,1.06979,0.0,PRICE_FEED_DIFFERENCE
2023.11.14 05:00:00,2023-11-14T05:00:00+00:00,2023-11-14T05:00:00+00:00,0,1.06979,1.0698,-1.0000000000065512e-05,1.06983,1.06983,0.0,1.06951,1.06952,-1.0000000000065512e-05,1.06965,1.06965,0.0,PRICE_FEED_DIFFERENCE
2023.11.14 06:00:00,2023-11-14T06:00:00+00:00,2023-11-14T06:00:00+00:00,0,1.06964,1.06964,0.0,1.06997,1.06997,0.0,1.06959,1.0696,-1.0000000000065512e-05,1.06963,1.06963,0.0,PRICE_FEED_DIFFERENCE
2023.11.14 07:00:00,2023-11-14T07:00:00+00:00,2023-11-14T07:00:00+00:00,0,1.06963,1.06962,1.0000000000065512e-05,1.06966,1.06964,2.0000000000131024e-05,1.06928,1.06928,0.0,1.06956,1.06955,1.0000000000065512e-05,PRICE_FEED_DIFFERENCE
2023.11.14 08:00:00,2023-11-14T08:00:00+00:00,2023-11-14T08:00:00+00:00,0,1.06955,1.06954,1.0000000000065512e-05,1.06997,1.06997,0.0,1.06941,1.06941,0.0,1.06989,1.06991,-1.999999999990898e-05,PRICE_FEED_DIFFERENCE
2023.11.14 09:00:00,2023-11-14T09:00:00+00:00,2023-11-14T09:00:00+00:00,0,1.0699,1.06992,-1.999999999990898e-05,1.07096,1.07096,0.0,1.06977,1.06977,0.0,1.07061,1.07061,0.0,PRICE_FEED_DIFFERENCE
2023.11.14 10:00:00,2023-11-14T10:00:00+00:00,2023-11-14T10:00:00+00:00,0,1.07063,1.07061,1.999999999990898e-05,1.07099,1.07099,0.0,1.06962,1.06962,0.0,1.06981,1.06981,0.0,PRICE_FEED_DIFFERENCE
2023.11.14 11:00:00,2023-11-14T11:00:00+00:00,2023-11-14T11:00:00+00:00,0,1.0698,1.0698,0.0,1.07175,1.07176,-1.0000000000065512e-05,1.06959,1.0696,-1.0000000000065512e-05,1.07155,1.07156,-1.0000000000065512e-05,PRICE_FEED_DIFFERENCE
2023.11.14 12:00:00,2023-11-14T12:00:00+00:00,2023-11-14T12:00:00+00:00,0,1.07157,1.07157,0.0,1.07306,1.07305,9.999999999843467e-06,1.07148,1.07148,0.0,1.07216,1.07217,-1.0000000000065512e-05,PRICE_FEED_DIFFERENCE
2023.11.14 13:00:00,2023-11-14T13:00:00+00:00,2023-11-14T13:00:00+00:00,0,1.07216,1.07217,-1.0000000000065512e-05,1.07236,1.07236,0.0,1.0715,1.07149,9.999999999843467e-06,1.07193,1.07193,0.0,PRICE_FEED_DIFFERENCE
2023.11.14 14:00:00,2023-11-14T14:00:00+00:00,2023-11-14T14:00:00+00:00,0,1.07194,1.07193,9.999999999843467e-06,1.07267,1.07268,-1.0000000000065512e-05,1.07182,1.07184,-1.999999999990898e-05,1.0721,1.0721,0.0,PRICE_FEED_DIFFERENCE
2023.11.14 15:00:00,2023-11-14T15:00:00+00:00,2023-11-14T15:00:00+00:00,0,1.0721,1.0721,0.0,1.08001,1.08001,0.0,1.07162,1.07049,0.0011300000000000754,1.07891,1.07893,-1.999999999990898e-05,PRICE_FEED_DIFFERENCE
2023.11.14 16:00:00,2023-11-14T16:00:00+00:00,2023-11-14T16:00:00+00:00,0,1.07892,1.0789,2.0000000000131024e-05,1.08355,1.08355,0.0,1.07885,1.07887,-1.999999999990898e-05,1.08334,1.08333,1.0000000000065512e-05,PRICE_FEED_DIFFERENCE
2023.11.14 17:00:00,2023-11-14T17:00:00+00:00,2023-11-14T17:00:00+00:00,0,1.08333,1.08331,1.999999999990898e-05,1.08424,1.08423,1.0000000000065512e-05,1.0823,1.0823,0.0,1.08377,1.08376,9.999999999843467e-06,PRICE_FEED_DIFFERENCE
2023.11.14 18:00:00,2023-11-14T18:00:00+00:00,2023-11-14T18:00:00+00:00,0,1.08376,1.08373,2.999999999997449e-05,1.0864,1.0864,0.0,1.08365,1.08364,1.0000000000065512e-05,1.08603,1.08603,0.0,PRICE_FEED_DIFFERENCE
2023.11.14 19:00:00,2023-11-14T19:00:00+00:00,2023-11-14T19:00:00+00:00,0,1.08604,1.08604,0.0,1.08739,1.08736,2.999999999997449e-05,1.08541,1.08541,0.0,1.08729,1.08729,0.0,PRICE_FEED_DIFFERENCE
2023.11.14 20:00:00,2023-11-14T20:00:00+00:00,2023-11-14T20:00:00+00:00,0,1.0873,1.08728,1.999999999990898e-05,1.08766,1.08765,1.0000000000065512e-05,1.08688,1.08687,1.0000000000065512e-05,1.08699,1.08698,9.999999999843467e-06,PRICE_FEED_DIFFERENCE
2023.11.14 21:00:00,2023-11-14T21:00:00+00:00,2023-11-14T21:00:00+00:00,0,1.08698,1.08699,-9.999999999843467e-06,1.08829,1.08826,2.999999999997449e-05,1.08677,1.08677,0.0,1.08814,1.08814,0.0,PRICE_FEED_DIFFERENCE
2023.11.14 22:00:00,2023-11-14T22:00:00+00:00,2023-11-14T22:00:00+00:00,0,1.08815,1.08813,1.999999999990898e-05,1.08874,1.08875,-1.0000000000065512e-05,1.08774,1.08774,0.0,1.08825,1.08825,0.0,PRICE_FEED_DIFFERENCE
2023.11.14 23:00:00,2023-11-14T23:00:00+00:00,2023-11-14T23:00:00+00:00,0,1.08826,1.08824,1.999999999990898e-05,1.08826,1.08824,1.999999999990898e-05,1.08755,1.08755,0.0,1.0879,1.08784,6.000000000017103e-05,PRICE_FEED_DIFFERENCE
2023.11.15 00:00:00,2023-11-15T00:00:00+00:00,2023-11-15T00:00:00+00:00,0,1.0878,1.08784,-3.999999999981796e-05,1.08788,1.08791,-2.999999999997449e-05,1.08725,1.08727,-1.999999999990898e-05,1.08739,1.08729,9.999999999998899e-05,PRICE_FEED_DIFFERENCE
2023.11.15 01:00:00,2023-11-15T01:00:00+00:00,2023-11-15T01:00:00+00:00,0,1.08741,1.08743,-1.999999999990898e-05,1.08826,1.08828,-1.999999999990898e-05,1.08736,1.08743,-6.999999999979245e-05,1.08776,1.08777,-9.999999999843467e-06,PRICE_FEED_DIFFERENCE
2023.11.15 02:00:00,2023-11-15T02:00:00+00:00,2023-11-15T02:00:00+00:00,0,1.08778,1.08776,1.999999999990898e-05,1.08782,1.08782,0.0,1.08655,1.08656,-1.0000000000065512e-05,1.08694,1.08695,-1.0000000000065512e-05,PRICE_FEED_DIFFERENCE
2023.11.15 03:00:00,2023-11-15T03:00:00+00:00,2023-11-15T03:00:00+00:00,0,1.08695,1.08694,1.0000000000065512e-05,1.08742,1.08741,1.0000000000065512e-05,1.08672,1.08673,-1.0000000000065512e-05,1.08719,1.08719,0.0,PRICE_FEED_DIFFERENCE
2023.11.15 04:00:00,2023-11-15T04:00:00+00:00,2023-11-15T04:00:00+00:00,0,1.08721,1.0872,1.0000000000065512e-05,1.08796,1.08798,-1.999999999990898e-05,1.08706,1.08707,-1.0000000000065512e-05,1.08785,1.08785,0.0,PRICE_FEED_DIFFERENCE
2023.11.15 05:00:00,2023-11-15T05:00:00+00:00,2023-11-15T05:00:00+00:00,0,1.08785,1.08784,1.0000000000065512e-05,1.08826,1.08827,-1.0000000000065512e-05,1.08758,1.08759,-1.0000000000065512e-05,1.08822,1.0882,1.999999999990898e-05,PRICE_FEED_DIFFERENCE
2023.11.15 06:00:00,2023-11-15T06:00:00+00:00,2023-11-15T06:00:00+00:00,0,1.08821,1.08824,-3.0000000000196536e-05,1.08838,1.08836,1.999999999990898e-05,1.08776,1.08777,-9.999999999843467e-06,1.08777,1.08777,0.0,PRICE_FEED_DIFFERENCE
2023.11.15 07:00:00,2023-11-15T07:00:00+00:00,2023-11-15T07:00:00+00:00,0,1.08778,1.08778,0.0,1.08794,1.08794,0.0,1.08725,1.08725,0.0,1.08727,1.08727,0.0,EXACT_MATCH
2023.11.15 08:00:00,2023-11-15T08:00:00+00:00,2023-11-15T08:00:00+00:00,0,1.08728,1.08727,1.0000000000065512e-05,1.08768,1.08768,0.0,1.08714,1.08714,0.0,1.08729,1.0873,-9.999999999843467e-06,PRICE_FEED_DIFFERENCE
2023.11.15 09:00:00,2023-11-15T09:00:00+00:00,2023-11-15T09:00:00+00:00,0,1.08752,1.08732,0.00019999999999997797,1.08762,1.08764,-1.999999999990898e-05,1.08645,1.08647,-2.0000000000131024e-05,1.08726,1.08727,-1.0000000000065512e-05,PRICE_FEED_DIFFERENCE
2023.11.15 10:00:00,2023-11-15T10:00:00+00:00,2023-11-15T10:00:00+00:00,0,1.08728,1.08728,0.0,1.08794,1.08794,0.0,1.08666,1.08666,0.0,1.08703,1.08704,-1.0000000000065512e-05,PRICE_FEED_DIFFERENCE
2023.11.15 11:00:00,2023-11-15T11:00:00+00:00,2023-11-15T11:00:00+00:00,0,1.08701,1.08704,-2.999999999997449e-05,1.08703,1.08705,-2.0000000000131024e-05,1.08439,1.08439,0.0,1.0852,1.08521,-1.0000000000065512e-05,PRICE_FEED_DIFFERENCE
2023.11.15 12:00:00,2023-11-15T12:00:00+00:00,2023-11-15T12:00:00+00:00,0,1.0852,1.0852,0.0,1.08588,1.08587,1.0000000000065512e-05,1.08504,1.08505,-1.0000000000065512e-05,1.08571,1.08568,2.999999999997449e-05,PRICE_FEED_DIFFERENCE
2023.11.15 13:00:00,2023-11-15T13:00:00+00:00,2023-11-15T13:00:00+00:00,0,1.0857,1.08569,1.0000000000065512e-05,1.08682,1.08681,9.999999999843467e-06,1.08557,1.08557,0.0,1.0866,1.08661,-1.0000000000065512e-05,PRICE_FEED_DIFFERENCE
2023.11.15 14:00:00,2023-11-15T14:00:00+00:00,2023-11-15T14:00:00+00:00,0,1.08661,1.08662,-9.999999999843467e-06,1.08681,1.0868,1.0000000000065512e-05,1.08541,1.08542,-1.0000000000065512e-05,1.08636,1.08636,0.0,PRICE_FEED_DIFFERENCE
2023.11.15 15:00:00,2023-11-15T15:00:00+00:00,2023-11-15T15:00:00+00:00,0,1.08636,1.08636,0.0,1.08856,1.08858,-2.0000000000131024e-05,1.08399,1.08399,0.0,1.08588,1.0859,-2.0000000000131024e-05,PRICE_FEED_DIFFERENCE
2023.11.15 16:00:00,2023-11-15T16:00:00+00:00,2023-11-15T16:00:00+00:00,0,1.08589,1.08589,0.0,1.08608,1.0861,-2.0000000000131024e-05,1.08314,1.08315,-1.0000000000065512e-05,1.08361,1.0836,1.0000000000065512e-05,PRICE_FEED_DIFFERENCE
2023.11.15 17:00:00,2023-11-15T17:00:00+00:00,2023-11-15T17:00:00+00:00,0,1.08358,1.08359,-1.0000000000065512e-05,1.08653,1.08653,0.0,1.08339,1.08338,1.0000000000065512e-05,1.08653,1.08651,1.999999999990898e-05,PRICE_FEED_DIFFERENCE
2023.11.15 18:00:00,2023-11-15T18:00:00+00:00,2023-11-15T18:00:00+00:00,0,1.08654,1.08652,2.0000000000131024e-05,1.08686,1.08687,-1.0000000000065512e-05,1.08482,1.08483,-1.0000000000065512e-05,1.08522,1.08522,0.0,PRICE_FEED_DIFFERENCE
2023.11.15 19:00:00,2023-11-15T19:00:00+00:00,2023-11-15T19:00:00+00:00,0,1.08523,1.08522,9.999999999843467e-06,1.08564,1.08562,1.999999999990898e-05,1.08432,1.08432,0.0,1.0854,1.08541,-1.0000000000065512e-05,PRICE_FEED_DIFFERENCE
2023.11.15 20:00:00,2023-11-15T20:00:00+00:00,2023-11-15T20:00:00+00:00,0,1.08539,1.08539,0.0,1.08546,1.08546,0.0,1.08421,1.08421,0.0,1.0846,1.08461,-1.0000000000065512e-05,PRICE_FEED_DIFFERENCE
2023.11.15 21:00:00,2023-11-15T21:00:00+00:00,2023-11-15T21:00:00+00:00,0,1.08461,1.0846,1.0000000000065512e-05,1.08482,1.0848,1.999999999990898e-05,1.0841,1.0841,0.0,1.08463,1.08462,1.0000000000065512e-05,PRICE_FEED_DIFFERENCE
2023.11.15 22:00:00,2023-11-15T22:00:00+00:00,2023-11-15T22:00:00+00:00,0,1.08462,1.08463,-1.0000000000065512e-05,1.08472,1.0847,1.999999999990898e-05,1.08424,1.08423,1.0000000000065512e-05,1.0843,1.0843,0.0,PRICE_FEED_DIFFERENCE
2023.11.15 23:00:00,2023-11-15T23:00:00+00:00,2023-11-15T23:00:00+00:00,0,1.0843,1.0843,0.0,1.0847,1.08475,-5.0000000000105516e-05,1.08425,1.08426,-1.0000000000065512e-05,1.08465,1.08461,3.999999999981796e-05,PRICE_FEED_DIFFERENCE
2023.11.16 00:00:00,2023-11-16T00:00:00+00:00,2023-11-16T00:00:00+00:00,0,1.08473,1.08461,0.00011999999999989797,1.0851,1.0851,0.0,1.08437,1.08454,-0.00017000000000000348,1.08481,1.08477,4.0000000000040004e-05,PRICE_FEED_DIFFERENCE
2023.11.16 01:00:00,2023-11-16T01:00:00+00:00,2023-11-16T01:00:00+00:00,0,1.08491,1.08472,0.0001900000000001345,1.08541,1.08541,0.0,1.08478,1.08472,6.000000000017103e-05,1.0854,1.08541,-1.0000000000065512e-05,PRICE_FEED_DIFFERENCE
2023.11.16 02:00:00,2023-11-16T02:00:00+00:00,2023-11-16T02:00:00+00:00,0,1.08543,1.08542,9.999999999843467e-06,1.08555,1.08555,0.0,1.08507,1.08507,0.0,1.08552,1.08551,1.0000000000065512e-05,PRICE_FEED_DIFFERENCE
2023.11.16 03:00:00,2023-11-16T03:00:00+00:00,2023-11-16T03:00:00+00:00,0,1.08553,1.08552,1.0000000000065512e-05,1.08557,1.08558,-1.0000000000065512e-05,1.08419,1.08419,0.0,1.08437,1.08438,-9.999999999843467e-06,PRICE_FEED_DIFFERENCE
2023.11.16 04:00:00,2023-11-16T04:00:00+00:00,2023-11-16T04:00:00+00:00,0,1.08437,1.08438,-9.999999999843467e-06,1.08439,1.0844,-1.0000000000065512e-05,1.08298,1.083,-1.999999999990898e-05,1.08332,1.08333,-9.999999999843467e-06,PRICE_FEED_DIFFERENCE
2023.11.16 05:00:00,2023-11-16T05:00:00+00:00,2023-11-16T05:00:00+00:00,0,1.08331,1.08333,-1.999999999990898e-05,1.08358,1.08358,0.0,1.08315,1.08316,-9.999999999843467e-06,1.08325,1.08324,1.0000000000065512e-05,PRICE_FEED_DIFFERENCE
2023.11.16 06:00:00,2023-11-16T06:00:00+00:00,2023-11-16T06:00:00+00:00,0,1.08328,1.08326,2.0000000000131024e-05,1.08374,1.08373,9.999999999843467e-06,1.0832,1.08322,-2.0000000000131024e-05,1.08372,1.08369,2.999999999997449e-05,PRICE_FEED_DIFFERENCE
2023.11.16 07:00:00,2023-11-16T07:00:00+00:00,2023-11-16T07:00:00+00:00,0,1.08371,1.08369,1.999999999990898e-05,1.08396,1.08395,1.0000000000065512e-05,1.08335,1.08334,1.0000000000065512e-05,1.0838,1.08379,1.0000000000065512e-05,PRICE_FEED_DIFFERENCE
2023.11.16 08:00:00,2023-11-16T08:00:00+00:00,2023-11-16T08:00:00+00:00,0,1.0838,1.0838,0.0,1.08409,1.08409,0.0,1.08363,1.08363,0.0,1.0839,1.08391,-9.999999999843467e-06,PRICE_FEED_DIFFERENCE
2023.11.16 09:00:00,2023-11-16T09:00:00+00:00,2023-11-16T09:00:00+00:00,0,1.0839,1.0839,0.0,1.0846,1.08458,1.999999999990898e-05,1.08339,1.08339,0.0,1.0841,1.08409,1.0000000000065512e-05,PRICE_FEED_DIFFERENCE
2023.11.16 10:00:00,2023-11-16T10:00:00+00:00,2023-11-16T10:00:00+00:00,0,1.08409,1.08407,1.999999999990898e-05,1.08551,1.0855,1.0000000000065512e-05,1.08383,1.08383,0.0,1.08548,1.08549,-1.0000000000065512e-05,PRICE_FEED_DIFFERENCE
2023.11.16 11:00:00,2023-11-16T11:00:00+00:00,2023-11-16T11:00:00+00:00,0,1.08549,1.08549,0.0,1.08609,1.08607,1.999999999990898e-05,1.08478,1.08479,-9.999999999843467e-06,1.08509,1.08509,0.0,PRICE_FEED_DIFFERENCE
2023.11.16 12:00:00,2023-11-16T12:00:00+00:00,2023-11-16T12:00:00+00:00,0,1.08509,1.08509,0.0,1.08517,1.08516,1.0000000000065512e-05,1.08429,1.08429,0.0,1.08449,1.0845,-1.0000000000065512e-05,PRICE_FEED_DIFFERENCE
2023.11.16 13:00:00,2023-11-16T13:00:00+00:00,2023-11-16T13:00:00+00:00,0,1.08449,1.08451,-2.0000000000131024e-05,1.08583,1.08583,0.0,1.08445,1.08446,-1.0000000000065512e-05,1.08523,1.08522,9.999999999843467e-06,PRICE_FEED_DIFFERENCE
2023.11.16 14:00:00,2023-11-16T14:00:00+00:00,2023-11-16T14:00:00+00:00,0,1.08524,1.08521,2.999999999997449e-05,1.08532,1.08531,1.0000000000065512e-05,1.08389,1.0839,-1.0000000000065512e-05,1.08425,1.08424,9.999999999843467e-06,PRICE_FEED_DIFFERENCE
2023.11.16 15:00:00,2023-11-16T15:00:00+00:00,2023-11-16T15:00:00+00:00,0,1.08424,1.08424,0.0,1.08814,1.08814,0.0,1.08416,1.08416,0.0,1.08811,1.0881,9.999999999843467e-06,PRICE_FEED_DIFFERENCE
2023.11.16 16:00:00,2023-11-16T16:00:00+00:00,2023-11-16T16:00:00+00:00,0,1.08809,1.0881,-1.0000000000065512e-05,1.08811,1.08811,0.0,1.08581,1.08583,-2.0000000000131024e-05,1.08759,1.0876,-9.999999999843467e-06,PRICE_FEED_DIFFERENCE
2023.11.16 17:00:00,2023-11-16T17:00:00+00:00,2023-11-16T17:00:00+00:00,0,1.08761,1.08762,-1.0000000000065512e-05,1.08955,1.08955,0.0,1.08717,1.08717,0.0,1.08781,1.08781,0.0,PRICE_FEED_DIFFERENCE
2023.11.16 18:00:00,2023-11-16T18:00:00+00:00,2023-11-16T18:00:00+00:00,0,1.08782,1.08782,0.0,1.08828,1.08828,0.0,1.08465,1.08463,1.999999999990898e-05,1.08499,1.08499,0.0,PRICE_FEED_DIFFERENCE
2023.11.16 19:00:00,2023-11-16T19:00:00+00:00,2023-11-16T19:00:00+00:00,0,1.08498,1.08499,-9.999999999843467e-06,1.08608,1.08608,0.0,1.08472,1.08472,0.0,1.08598,1.08598,0.0,PRICE_FEED_DIFFERENCE
2023.11.16 20:00:00,2023-11-16T20:00:00+00:00,2023-11-16T20:00:00+00:00,0,1.086,1.086,0.0,1.08657,1.08655,2.0000000000131024e-05,1.08564,1.08563,9.999999999843467e-06,1.0859,1.0859,0.0,PRICE_FEED_DIFFERENCE
2023.11.16 21:00:00,2023-11-16T21:00:00+00:00,2023-11-16T21:00:00+00:00,0,1.0859,1.08589,1.0000000000065512e-05,1.08601,1.08601,0.0,1.08518,1.08519,-1.0000000000065512e-05,1.08555,1.08556,-1.0000000000065512e-05,PRICE_FEED_DIFFERENCE
2023.11.16 22:00:00,2023-11-16T22:00:00+00:00,2023-11-16T22:00:00+00:00,0,1.08557,1.08557,0.0,1.08581,1.08581,0.0,1.08448,1.08449,-9.999999999843467e-06,1.08461,1.08462,-9.999999999843467e-06,PRICE_FEED_DIFFERENCE
2023.11.16 23:00:00,2023-11-16T23:00:00+00:00,2023-11-16T23:00:00+00:00,0,1.08461,1.08463,-1.999999999990898e-05,1.08538,1.08537,1.0000000000065512e-05,1.08461,1.08463,-1.999999999990898e-05,1.08537,1.08517,0.00019999999999997797,PRICE_FEED_DIFFERENCE
2023.11.17 00:00:00,2023-11-17T00:00:00+00:00,2023-11-17T00:00:00+00:00,0,1.08458,1.08517,-0.0005899999999998684,1.08537,1.08526,0.0001100000000000545,1.08452,1.08434,0.00017999999999984695,1.08524,1.08526,-1.999999999990898e-05,PRICE_FEED_DIFFERENCE
2023.11.17 01:00:00,2023-11-17T01:00:00+00:00,2023-11-17T01:00:00+00:00,0,1.08529,1.08526,3.0000000000196536e-05,1.08557,1.08556,9.999999999843467e-06,1.0851,1.0851,0.0,1.08531,1.08529,1.999999999990898e-05,PRICE_FEED_DIFFERENCE
2023.11.17 02:00:00,2023-11-17T02:00:00+00:00,2023-11-17T02:00:00+00:00,0,1.08532,1.0853,2.0000000000131024e-05,1.08558,1.08557,1.0000000000065512e-05,1.08486,1.08487,-1.0000000000065512e-05,1.08531,1.08531,0.0,PRICE_FEED_DIFFERENCE
2023.11.17 03:00:00,2023-11-17T03:00:00+00:00,2023-11-17T03:00:00+00:00,0,1.08532,1.08533,-9.999999999843467e-06,1.08569,1.08569,0.0,1.08503,1.08505,-2.0000000000131024e-05,1.08529,1.08529,0.0,PRICE_FEED_DIFFERENCE
2023.11.17 04:00:00,2023-11-17T04:00:00+00:00,2023-11-17T04:00:00+00:00,0,1.08528,1.08528,0.0,1.08569,1.08569,0.0,1.08492,1.08492,0.0,1.0855,1.08551,-1.0000000000065512e-05,PRICE_FEED_DIFFERENCE
2023.11.17 05:00:00,2023-11-17T05:00:00+00:00,2023-11-17T05:00:00+00:00,0,1.08551,1.08552,-1.0000000000065512e-05,1.0857,1.08569,1.0000000000065512e-05,1.08532,1.08531,1.0000000000065512e-05,1.08541,1.08539,1.999999999990898e-05,PRICE_FEED_DIFFERENCE
2023.11.17 06:00:00,2023-11-17T06:00:00+00:00,2023-11-17T06:00:00+00:00,0,1.0854,1.0854,0.0,1.0855,1.0855,0.0,1.08499,1.085,-1.0000000000065512e-05,1.08504,1.08502,1.999999999990898e-05,PRICE_FEED_DIFFERENCE
2023.11.17 07:00:00,2023-11-17T07:00:00+00:00,2023-11-17T07:00:00+00:00,0,1.08505,1.08504,1.0000000000065512e-05,1.08557,1.08557,0.0,1.08478,1.08479,-9.999999999843467e-06,1.08531,1.08531,0.0,PRICE_FEED_DIFFERENCE
2023.11.17 08:00:00,2023-11-17T08:00:00+00:00,2023-11-17T08:00:00+00:00,0,1.08531,1.08533,-1.999999999990898e-05,1.08564,1.08563,9.999999999843467e-06,1.0851,1.0851,0.0,1.0851,1.08511,-1.0000000000065512e-05,PRICE_FEED_DIFFERENCE
2023.11.17 09:00:00,2023-11-17T09:00:00+00:00,2023-11-17T09:00:00+00:00,0,1.08513,1.08512,9.999999999843467e-06,1.08513,1.08512,9.999999999843467e-06,1.0835,1.08351,-1.0000000000065512e-05,1.08383,1.08383,0.0,PRICE_FEED_DIFFERENCE
2023.11.17 10:00:00,2023-11-17T10:00:00+00:00,2023-11-17T10:00:00+00:00,0,1.08382,1.08385,-2.999999999997449e-05,1.08493,1.08494,-1.0000000000065512e-05,1.08249,1.08247,1.999999999990898e-05,1.08481,1.08482,-9.999999999843467e-06,PRICE_FEED_DIFFERENCE
2023.11.17 11:00:00,2023-11-17T11:00:00+00:00,2023-11-17T11:00:00+00:00,0,1.08481,1.08481,0.0,1.08584,1.08583,9.999999999843467e-06,1.08451,1.08452,-9.999999999843467e-06,1.08528,1.08528,0.0,PRICE_FEED_DIFFERENCE
2023.11.17 12:00:00,2023-11-17T12:00:00+00:00,2023-11-17T12:00:00+00:00,0,1.0853,1.08528,1.999999999990898e-05,1.08713,1.08712,9.999999999843467e-06,1.08515,1.08515,0.0,1.08707,1.08706,1.0000000000065512e-05,PRICE_FEED_DIFFERENCE
2023.11.17 13:00:00,2023-11-17T13:00:00+00:00,2023-11-17T13:00:00+00:00,0,1.08708,1.08707,1.0000000000065512e-05,1.08746,1.08746,0.0,1.08585,1.08586,-1.0000000000065512e-05,1.08661,1.08662,-9.999999999843467e-06,PRICE_FEED_DIFFERENCE
2023.11.17 14:00:00,2023-11-17T14:00:00+00:00,2023-11-17T14:00:00+00:00,0,1.08657,1.0866,-2.999999999997449e-05,1.08688,1.08686,2.0000000000131024e-05,1.08573,1.08573,0.0,1.08632,1.08631,9.999999999843467e-06,PRICE_FEED_DIFFERENCE
2023.11.17 15:00:00,2023-11-17T15:00:00+00:00,2023-11-17T15:00:00+00:00,0,1.08633,1.08632,1.0000000000065512e-05,1.08774,1.08774,0.0,1.08611,1.08613,-2.0000000000131024e-05,1.08711,1.08711,0.0,PRICE_FEED_DIFFERENCE
2023.11.17 16:00:00,2023-11-17T16:00:00+00:00,2023-11-17T16:00:00+00:00,0,1.08712,1.0871,2.0000000000131024e-05,1.08846,1.08845,1.0000000000065512e-05,1.08584,1.08585,-1.0000000000065512e-05,1.08693,1.08691,1.999999999990898e-05,PRICE_FEED_DIFFERENCE
2023.11.17 17:00:00,2023-11-17T17:00:00+00:00,2023-11-17T17:00:00+00:00,0,1.08694,1.08693,1.0000000000065512e-05,1.08932,1.08933,-9.999999999843467e-06,1.08686,1.08684,1.999999999990898e-05,1.08865,1.08867,-2.0000000000131024e-05,PRICE_FEED_DIFFERENCE
2023.11.17 18:00:00,2023-11-17T18:00:00+00:00,2023-11-17T18:00:00+00:00,0,1.08866,1.08868,-2.0000000000131024e-05,1.08899,1.089,-1.0000000000065512e-05,1.08748,1.08748,0.0,1.08784,1.08784,0.0,PRICE_FEED_DIFFERENCE
2023.11.17 19:00:00,2023-11-17T19:00:00+00:00,2023-11-17T19:00:00+00:00,0,1.08785,1.08785,0.0,1.08911,1.08912,-1.0000000000065512e-05,1.0878,1.08781,-9.999999999843467e-06,1.08903,1.08903,0.0,PRICE_FEED_DIFFERENCE
2023.11.17 20:00:00,2023-11-17T20:00:00+00:00,2023-11-17T20:00:00+00:00,0,1.08901,1.08903,-1.999999999990898e-05,1.09044,1.09045,-9.999999999843467e-06,1.08884,1.08884,0.0,1.09031,1.09031,0.0,PRICE_FEED_DIFFERENCE
2023.11.17 21:00:00,2023-11-17T21:00:00+00:00,2023-11-17T21:00:00+00:00,0,1.09032,1.09032,0.0,1.09036,1.09035,1.0000000000065512e-05,1.08954,1.08954,0.0,1.08995,1.08996,-1.0000000000065512e-05,PRICE_FEED_DIFFERENCE
2023.11.17 22:00:00,2023-11-17T22:00:00+00:00,2023-11-17T22:00:00+00:00,0,1.08996,1.08997,-1.0000000000065512e-05,1.09092,1.09091,9.999999999843467e-06,1.08971,1.08972,-1.0000000000065512e-05,1.09084,1.09083,1.0000000000065512e-05,PRICE_FEED_DIFFERENCE
2023.11.17 23:00:00,2023-11-17T23:00:00+00:00,2023-11-17T23:00:00+00:00,0,1.09082,1.09082,0.0,1.09137,1.09148,-0.0001100000000000545,1.09045,1.09047,-2.0000000000131024e-05,1.0913,1.09138,-8.000000000008001e-05,PRICE_FEED_DIFFERENCE
2023.11.20 00:00:00,2023-11-20T00:00:00+00:00,2023-11-20T00:00:00+00:00,0,1.09088,1.09095,-7.00000000000145e-05,1.09102,1.09109,-6.999999999979245e-05,1.09064,1.09074,-9.999999999998899e-05,1.09091,1.09092,-9.999999999843467e-06,PRICE_FEED_DIFFERENCE
2023.11.20 01:00:00,2023-11-20T01:00:00+00:00,2023-11-20T01:00:00+00:00,0,1.09093,1.09091,1.999999999990898e-05,1.09111,1.0911,1.0000000000065512e-05,1.09053,1.09054,-1.0000000000065512e-05,1.09055,1.09055,0.0,PRICE_FEED_DIFFERENCE
2023.11.20 02:00:00,2023-11-20T02:00:00+00:00,2023-11-20T02:00:00+00:00,0,1.09054,1.09054,0.0,1.09056,1.09055,1.0000000000065512e-05,1.08974,1.08974,0.0,1.09011,1.09012,-1.0000000000065512e-05,PRICE_FEED_DIFFERENCE
2023.11.20 03:00:00,2023-11-20T03:00:00+00:00,2023-11-20T03:00:00+00:00,0,1.09011,1.09014,-3.0000000000196536e-05,1.09106,1.09106,0.0,1.09011,1.09014,-3.0000000000196536e-05,1.09083,1.09082,1.0000000000065512e-05,PRICE_FEED_DIFFERENCE
2023.11.20 04:00:00,2023-11-20T04:00:00+00:00,2023-11-20T04:00:00+00:00,0,1.09084,1.09084,0.0,1.09238,1.09239,-1.0000000000065512e-05,1.0908,1.09081,-1.0000000000065512e-05,1.09223,1.09223,0.0,PRICE_FEED_DIFFERENCE
2023.11.20 05:00:00,2023-11-20T05:00:00+00:00,2023-11-20T05:00:00+00:00,0,1.09222,1.09223,-1.0000000000065512e-05,1.09249,1.09249,0.0,1.09176,1.09176,0.0,1.09238,1.09238,0.0,PRICE_FEED_DIFFERENCE
2023.11.20 06:00:00,2023-11-20T06:00:00+00:00,2023-11-20T06:00:00+00:00,0,1.0924,1.09238,2.0000000000131024e-05,1.09356,1.09358,-1.999999999990898e-05,1.09216,1.09217,-1.0000000000065512e-05,1.0922,1.0922,0.0,PRICE_FEED_DIFFERENCE
2023.11.20 07:00:00,2023-11-20T07:00:00+00:00,2023-11-20T07:00:00+00:00,0,1.09219,1.09219,0.0,1.09277,1.09277,0.0,1.09185,1.09185,0.0,1.09186,1.09186,0.0,EXACT_MATCH
2023.11.20 08:00:00,2023-11-20T08:00:00+00:00,2023-11-20T08:00:00+00:00,0,1.09189,1.09189,0.0,1.0923,1.09231,-9.999999999843467e-06,1.09157,1.09157,0.0,1.09168,1.09169,-1.0000000000065512e-05,PRICE_FEED_DIFFERENCE
2023.11.20 09:00:00,2023-11-20T09:00:00+00:00,2023-11-20T09:00:00+00:00,0,1.09166,1.09169,-2.999999999997449e-05,1.09195,1.09196,-1.0000000000065512e-05,1.0913,1.09129,9.999999999843467e-06,1.0916,1.0916,0.0,PRICE_FEED_DIFFERENCE
2023.11.20 10:00:00,2023-11-20T10:00:00+00:00,2023-11-20T10:00:00+00:00,0,1.09161,1.0916,1.0000000000065512e-05,1.09295,1.09296,-9.999999999843467e-06,1.09152,1.09152,0.0,1.09191,1.09191,0.0,PRICE_FEED_DIFFERENCE
2023.11.20 11:00:00,2023-11-20T11:00:00+00:00,2023-11-20T11:00:00+00:00,0,1.0919,1.09192,-1.999999999990898e-05,1.09402,1.09401,1.0000000000065512e-05,1.09184,1.09184,0.0,1.09365,1.09366,-1.0000000000065512e-05,PRICE_FEED_DIFFERENCE
2023.11.20 12:00:00,2023-11-20T12:00:00+00:00,2023-11-20T12:00:00+00:00,0,1.09367,1.09367,0.0,1.09367,1.09367,0.0,1.09226,1.09226,0.0,1.09261,1.0926,1.0000000000065512e-05,PRICE_FEED_DIFFERENCE
2023.11.20 13:00:00,2023-11-20T13:00:00+00:00,2023-11-20T13:00:00+00:00,0,1.09259,1.0926,-1.0000000000065512e-05,1.09294,1.09294,0.0,1.09212,1.09213,-1.0000000000065512e-05,1.09228,1.09228,0.0,PRICE_FEED_DIFFERENCE
2023.11.20 14:00:00,2023-11-20T14:00:00+00:00,2023-11-20T14:00:00+00:00,0,1.09226,1.09228,-1.999999999990898e-05,1.09305,1.09305,0.0,1.09206,1.09206,0.0,1.09298,1.09297,1.0000000000065512e-05,PRICE_FEED_DIFFERENCE
2023.11.20 15:00:00,2023-11-20T15:00:00+00:00,2023-11-20T15:00:00+00:00,0,1.09299,1.09298,9.999999999843467e-06,1.09322,1.09322,0.0,1.09245,1.09245,0.0,1.09265,1.09264,9.999999999843467e-06,PRICE_FEED_DIFFERENCE
2023.11.20 16:00:00,2023-11-20T16:00:00+00:00,2023-11-20T16:00:00+00:00,0,1.09266,1.09265,1.0000000000065512e-05,1.09457,1.09457,0.0,1.09187,1.09187,0.0,1.09404,1.09404,0.0,PRICE_FEED_DIFFERENCE
2023.11.20 17:00:00,2023-11-20T17:00:00+00:00,2023-11-20T17:00:00+00:00,0,1.09405,1.09405,0.0,1.09415,1.09416,-1.0000000000065512e-05,1.09263,1.09263,0.0,1.09381,1.09382,-1.0000000000065512e-05,PRICE_FEED_DIFFERENCE
2023.11.20 18:00:00,2023-11-20T18:00:00+00:00,2023-11-20T18:00:00+00:00,0,1.09382,1.09381,1.0000000000065512e-05,1.0945,1.0945,0.0,1.09376,1.09376,0.0,1.09444,1.09443,1.0000000000065512e-05,PRICE_FEED_DIFFERENCE
2023.11.20 19:00:00,2023-11-20T19:00:00+00:00,2023-11-20T19:00:00+00:00,0,1.09442,1.09442,0.0,1.09516,1.09515,9.999999999843467e-06,1.09352,1.09351,1.0000000000065512e-05,1.09376,1.09376,0.0,PRICE_FEED_DIFFERENCE
2023.11.20 20:00:00,2023-11-20T20:00:00+00:00,2023-11-20T20:00:00+00:00,0,1.09375,1.09376,-1.0000000000065512e-05,1.09517,1.09517,0.0,1.09369,1.09369,0.0,1.09453,1.09452,1.0000000000065512e-05,PRICE_FEED_DIFFERENCE
2023.11.20 21:00:00,2023-11-20T21:00:00+00:00,2023-11-20T21:00:00+00:00,0,1.09452,1.09453,-1.0000000000065512e-05,1.0947,1.09471,-1.0000000000065512e-05,1.09388,1.09388,0.0,1.09464,1.09464,0.0,PRICE_FEED_DIFFERENCE
2023.11.20 22:00:00,2023-11-20T22:00:00+00:00,2023-11-20T22:00:00+00:00,0,1.09463,1.09463,0.0,1.09476,1.09475,1.0000000000065512e-05,1.09418,1.09418,0.0,1.09418,1.09418,0.0,PRICE_FEED_DIFFERENCE
2023.11.20 23:00:00,2023-11-20T23:00:00+00:00,2023-11-20T23:00:00+00:00,0,1.09419,1.09418,1.0000000000065512e-05,1.09446,1.09445,1.0000000000065512e-05,1.09393,1.09393,0.0,1.09405,1.09394,0.0001100000000000545,PRICE_FEED_DIFFERENCE
2023.11.21 00:00:00,2023-11-21T00:00:00+00:00,2023-11-21T00:00:00+00:00,0,1.09364,1.09394,-0.00029999999999996696,1.0943,1.09433,-2.999999999997449e-05,1.09354,1.09379,-0.0002500000000000835,1.09401,1.09406,-5.0000000000105516e-05,PRICE_FEED_DIFFERENCE
2023.11.21 01:00:00,2023-11-21T01:00:00+00:00,2023-11-21T01:00:00+00:00,0,1.09411,1.09413,-2.0000000000131024e-05,1.09469,1.09468,9.999999999843467e-06,1.09402,1.09407,-5.0000000000105516e-05,1.09446,1.09446,0.0,PRICE_FEED_DIFFERENCE
2023.11.21 02:00:00,2023-11-21T02:00:00+00:00,2023-11-21T02:00:00+00:00,0,1.09446,1.09447,-1.0000000000065512e-05,1.0952,1.0952,0.0,1.09419,1.09421,-1.999999999990898e-05,1.09454,1.09454,0.0,PRICE_FEED_DIFFERENCE
2023.11.21 03:00:00,2023-11-21T03:00:00+00:00,2023-11-21T03:00:00+00:00,0,1.09453,1.09454,-1.0000000000065512e-05,1.09574,1.09574,0.0,1.09429,1.0943,-1.0000000000065512e-05,1.09522,1.09522,0.0,PRICE_FEED_DIFFERENCE
2023.11.21 04:00:00,2023-11-21T04:00:00+00:00,2023-11-21T04:00:00+00:00,0,1.09521,1.09514,7.00000000000145e-05,1.09621,1.09621,0.0,1.0948,1.09481,-1.0000000000065512e-05,1.09597,1.09598,-9.999999999843467e-06,PRICE_FEED_DIFFERENCE
2023.11.21 05:00:00,2023-11-21T05:00:00+00:00,2023-11-21T05:00:00+00:00,0,1.09598,1.09601,-2.999999999997449e-05,1.09642,1.09641,9.999999999843467e-06,1.09582,1.09583,-1.0000000000065512e-05,1.09636,1.09635,1.0000000000065512e-05,PRICE_FEED_DIFFERENCE
2023.11.21 06:00:00,2023-11-21T06:00:00+00:00,2023-11-21T06:00:00+00:00,0,1.09634,1.09633,1.0000000000065512e-05,1.09651,1.09651,0.0,1.09578,1.0958,-2.0000000000131024e-05,1.09587,1.09586,9.999999999843467e-06,PRICE_FEED_DIFFERENCE
2023.11.21 07:00:00,2023-11-21T07:00:00+00:00,2023-11-21T07:00:00+00:00,0,1.09589,1.09589,0.0,1.09638,1.09637,9.999999999843467e-06,1.09537,1.09537,0.0,1.09559,1.09558,1.0000000000065512e-05,PRICE_FEED_DIFFERENCE
2023.11.21 08:00:00,2023-11-21T08:00:00+00:00,2023-11-21T08:00:00+00:00,0,1.09559,1.0956,-9.999999999843467e-06,1.09609,1.09609,0.0,1.09521,1.09522,-1.0000000000065512e-05,1.09585,1.09585,0.0,PRICE_FEED_DIFFERENCE
2023.11.21 09:00:00,2023-11-21T09:00:00+00:00,2023-11-21T09:00:00+00:00,0,1.09583,1.09584,-9.999999999843467e-06,1.0963,1.0963,0.0,1.09506,1.09507,-1.0000000000065512e-05,1.09538,1.09538,0.0,PRICE_FEED_DIFFERENCE
2023.11.21 10:00:00,2023-11-21T10:00:00+00:00,2023-11-21T10:00:00+00:00,0,1.09538,1.09538,0.0,1.09639,1.09639,0.0,1.09436,1.09436,0.0,1.0946,1.0946,0.0,EXACT_MATCH
2023.11.21 11:00:00,2023-11-21T11:00:00+00:00,2023-11-21T11:00:00+00:00,0,1.09457,1.09459,-1.999999999990898e-05,1.09507,1.09507,0.0,1.09424,1.09424,0.0,1.09438,1.09436,1.999999999990898e-05,PRICE_FEED_DIFFERENCE
2023.11.21 12:00:00,2023-11-21T12:00:00+00:00,2023-11-21T12:00:00+00:00,0,1.09437,1.09437,0.0,1.09537,1.09537,0.0,1.09423,1.09424,-1.0000000000065512e-05,1.09453,1.09452,1.0000000000065512e-05,PRICE_FEED_DIFFERENCE
2023.11.21 13:00:00,2023-11-21T13:00:00+00:00,2023-11-21T13:00:00+00:00,0,1.09451,1.09452,-9.999999999843467e-06,1.09466,1.09466,0.0,1.0939,1.0939,0.0,1.09392,1.09392,0.0,PRICE_FEED_DIFFERENCE
2023.11.21 14:00:00,2023-11-21T14:00:00+00:00,2023-11-21T14:00:00+00:00,0,1.09393,1.09393,0.0,1.09508,1.09506,2.0000000000131024e-05,1.09391,1.09391,0.0,1.09481,1.09481,0.0,PRICE_FEED_DIFFERENCE
2023.11.21 15:00:00,2023-11-21T15:00:00+00:00,2023-11-21T15:00:00+00:00,0,1.09482,1.09482,0.0,1.09613,1.09612,1.0000000000065512e-05,1.0939,1.0939,0.0,1.0945,1.09449,1.0000000000065512e-05,PRICE_FEED_DIFFERENCE
2023.11.21 16:00:00,2023-11-21T16:00:00+00:00,2023-11-21T16:00:00+00:00,0,1.0945,1.0945,0.0,1.09594,1.09593,9.999999999843467e-06,1.09439,1.09439,0.0,1.0953,1.09529,9.999999999843467e-06,PRICE_FEED_DIFFERENCE
2023.11.21 17:00:00,2023-11-21T17:00:00+00:00,2023-11-21T17:00:00+00:00,0,1.09533,1.09531,1.999999999990898e-05,1.09592,1.09591,1.0000000000065512e-05,1.09313,1.09313,0.0,1.09342,1.09341,1.0000000000065512e-05,PRICE_FEED_DIFFERENCE
2023.11.21 18:00:00,2023-11-21T18:00:00+00:00,2023-11-21T18:00:00+00:00,0,1.09342,1.09342,0.0,1.09438,1.09437,9.999999999843467e-06,1.09222,1.09223,-1.0000000000065512e-05,1.09228,1.09228,0.0,PRICE_FEED_DIFFERENCE
2023.11.21 19:00:00,2023-11-21T19:00:00+00:00,2023-11-21T19:00:00+00:00,0,1.09237,1.09235,2.0000000000131024e-05,1.09265,1.09265,0.0,1.09188,1.09188,0.0,1.0921,1.09209,1.0000000000065512e-05,PRICE_FEED_DIFFERENCE
2023.11.21 20:00:00,2023-11-21T20:00:00+00:00,2023-11-21T20:00:00+00:00,0,1.09209,1.09208,1.0000000000065512e-05,1.09215,1.09215,0.0,1.09024,1.09027,-2.999999999997449e-05,1.09083,1.09082,1.0000000000065512e-05,PRICE_FEED_DIFFERENCE
2023.11.21 21:00:00,2023-11-21T21:00:00+00:00,2023-11-21T21:00:00+00:00,0,1.09086,1.09085,9.999999999843467e-06,1.09158,1.09158,0.0,1.09,1.09001,-9.999999999843467e-06,1.09151,1.09151,0.0,PRICE_FEED_DIFFERENCE
2023.11.21 22:00:00,2023-11-21T22:00:00+00:00,2023-11-21T22:00:00+00:00,0,1.09152,1.09152,0.0,1.09166,1.09166,0.0,1.09113,1.09112,9.999999999843467e-06,1.09119,1.09117,2.0000000000131024e-05,PRICE_FEED_DIFFERENCE
2023.11.21 23:00:00,2023-11-21T23:00:00+00:00,2023-11-21T23:00:00+00:00,0,1.09121,1.09118,2.999999999997449e-05,1.09146,1.09145,1.0000000000065512e-05,1.09111,1.091,0.0001100000000000545,1.09122,1.09101,0.00021000000000004349,PRICE_FEED_DIFFERENCE
2023.11.22 00:00:00,2023-11-22T00:00:00+00:00,2023-11-22T00:00:00+00:00,0,1.09113,1.091,0.00012999999999996348,1.09129,1.09125,4.0000000000040004e-05,1.09076,1.09098,-0.000220000000000109,1.09108,1.09107,1.0000000000065512e-05,PRICE_FEED_DIFFERENCE
2023.11.22 01:00:00,2023-11-22T01:00:00+00:00,2023-11-22T01:00:00+00:00,0,1.091,1.09103,-2.999999999997449e-05,1.09185,1.09185,0.0,1.09093,1.091,-7.00000000000145e-05,1.09171,1.09169,1.999999999990898e-05,PRICE_FEED_DIFFERENCE
2023.11.22 02:00:00,2023-11-22T02:00:00+00:00,2023-11-22T02:00:00+00:00,0,1.09172,1.0917,2.0000000000131024e-05,1.09195,1.09196,-1.0000000000065512e-05,1.09143,1.09143,0.0,1.09195,1.09196,-1.0000000000065512e-05,PRICE_FEED_DIFFERENCE
2023.11.22 03:00:00,2023-11-22T03:00:00+00:00,2023-11-22T03:00:00+00:00,0,1.09195,1.09195,0.0,1.09227,1.09229,-1.999999999990898e-05,1.09089,1.09088,9.999999999843467e-06,1.09134,1.09134,0.0,PRICE_FEED_DIFFERENCE
2023.11.22 04:00:00,2023-11-22T04:00:00+00:00,2023-11-22T04:00:00+00:00,0,1.09135,1.09135,0.0,1.09202,1.09202,0.0,1.09116,1.09117,-1.0000000000065512e-05,1.0916,1.09161,-1.0000000000065512e-05,PRICE_FEED_DIFFERENCE
2023.11.22 05:00:00,2023-11-22T05:00:00+00:00,2023-11-22T05:00:00+00:00,0,1.0916,1.09159,9.999999999843467e-06,1.09191,1.0919,9.999999999843467e-06,1.09128,1.09128,0.0,1.09143,1.09142,9.999999999843467e-06,PRICE_FEED_DIFFERENCE
2023.11.22 06:00:00,2023-11-22T06:00:00+00:00,2023-11-22T06:00:00+00:00,0,1.0914,1.09142,-2.0000000000131024e-05,1.09156,1.09156,0.0,1.09108,1.09107,1.0000000000065512e-05,1.09137,1.09137,0.0,PRICE_FEED_DIFFERENCE
2023.11.22 07:00:00,2023-11-22T07:00:00+00:00,2023-11-22T07:00:00+00:00,0,1.09137,1.09136,9.999999999843467e-06,1.09146,1.09145,1.0000000000065512e-05,1.0905,1.0905,0.0,1.09073,1.09072,1.0000000000065512e-05,PRICE_FEED_DIFFERENCE
2023.11.22 08:00:00,2023-11-22T08:00:00+00:00,2023-11-22T08:00:00+00:00,0,1.09071,1.09072,-9.999999999843467e-06,1.09075,1.09075,0.0,1.08954,1.08956,-2.0000000000131024e-05,1.09002,1.09003,-1.0000000000065512e-05,PRICE_FEED_DIFFERENCE
2023.11.22 09:00:00,2023-11-22T09:00:00+00:00,2023-11-22T09:00:00+00:00,0,1.09001,1.09001,0.0,1.09166,1.09166,0.0,1.08998,1.08998,0.0,1.09144,1.09145,-1.0000000000065512e-05,PRICE_FEED_DIFFERENCE
2023.11.22 10:00:00,2023-11-22T10:00:00+00:00,2023-11-22T10:00:00+00:00,0,1.09148,1.09145,2.999999999997449e-05,1.09198,1.09197,9.999999999843467e-06,1.08825,1.08826,-1.0000000000065512e-05,1.08854,1.08855,-9.999999999843467e-06,PRICE_FEED_DIFFERENCE
2023.11.22 11:00:00,2023-11-22T11:00:00+00:00,2023-11-22T11:00:00+00:00,0,1.08854,1.08854,0.0,1.09122,1.09121,1.0000000000065512e-05,1.08851,1.08851,0.0,1.09025,1.09025,0.0,PRICE_FEED_DIFFERENCE
2023.11.22 12:00:00,2023-11-22T12:00:00+00:00,2023-11-22T12:00:00+00:00,0,1.09024,1.09024,0.0,1.09056,1.09056,0.0,1.0895,1.0895,0.0,1.09007,1.09008,-9.999999999843467e-06,PRICE_FEED_DIFFERENCE
2023.11.22 13:00:00,2023-11-22T13:00:00+00:00,2023-11-22T13:00:00+00:00,0,1.09007,1.09008,-9.999999999843467e-06,1.09077,1.09078,-1.0000000000065512e-05,1.08978,1.08978,0.0,1.09,1.08999,1.0000000000065512e-05,PRICE_FEED_DIFFERENCE
2023.11.22 14:00:00,2023-11-22T14:00:00+00:00,2023-11-22T14:00:00+00:00,0,1.08999,1.09,-1.0000000000065512e-05,1.09121,1.09121,0.0,1.08978,1.0898,-2.0000000000131024e-05,1.09065,1.09066,-1.0000000000065512e-05,PRICE_FEED_DIFFERENCE
2023.11.22 15:00:00,2023-11-22T15:00:00+00:00,2023-11-22T15:00:00+00:00,0,1.09061,1.09064,-2.999999999997449e-05,1.09177,1.09177,0.0,1.0891,1.08913,-2.999999999997449e-05,1.08961,1.0896,1.0000000000065512e-05,PRICE_FEED_DIFFERENCE
2023.11.22 16:00:00,2023-11-22T16:00:00+00:00,2023-11-22T16:00:00+00:00,0,1.08965,1.08963,1.999999999990898e-05,1.08984,1.08984,0.0,1.08712,1.08713,-9.999999999843467e-06,1.08744,1.08744,0.0,PRICE_FEED_DIFFERENCE
2023.11.22 17:00:00,2023-11-22T17:00:00+00:00,2023-11-22T17:00:00+00:00,0,1.08739,1.08744,-4.999999999988347e-05,1.08739,1.08744,-4.999999999988347e-05,1.08523,1.08522,9.999999999843467e-06,1.08656,1.08657,-1.0000000000065512e-05,PRICE_FEED_DIFFERENCE
2023.11.22 18:00:00,2023-11-22T18:00:00+00:00,2023-11-22T18:00:00+00:00,0,1.08657,1.08657,0.0,1.08733,1.08733,0.0,1.08614,1.08614,0.0,1.08704,1.08703,1.0000000000065512e-05,PRICE_FEED_DIFFERENCE
2023.11.22 19:00:00,2023-11-22T19:00:00+00:00,2023-11-22T19:00:00+00:00,0,1.08702,1.08704,-1.999999999990898e-05,1.08836,1.08835,1.0000000000065512e-05,1.08686,1.08687,-1.0000000000065512e-05,1.08786,1.08786,0.0,PRICE_FEED_DIFFERENCE
2023.11.22 20:00:00,2023-11-22T20:00:00+00:00,2023-11-22T20:00:00+00:00,0,1.08786,1.08784,2.0000000000131024e-05,1.08871,1.0887,1.0000000000065512e-05,1.08775,1.08775,0.0,1.08846,1.08846,0.0,PRICE_FEED_DIFFERENCE
2023.11.22 21:00:00,2023-11-22T21:00:00+00:00,2023-11-22T21:00:00+00:00,0,1.08844,1.08845,-9.999999999843467e-06,1.08878,1.08878,0.0,1.08797,1.08798,-9.999999999843467e-06,1.08839,1.08838,1.0000000000065512e-05,PRICE_FEED_DIFFERENCE
2023.11.22 22:00:00,2023-11-22T22:00:00+00:00,2023-11-22T22:00:00+00:00,0,1.08838,1.08838,0.0,1.08882,1.08882,0.0,1.08816,1.08817,-1.0000000000065512e-05,1.08874,1.08873,1.0000000000065512e-05,PRICE_FEED_DIFFERENCE
2023.11.22 23:00:00,2023-11-22T23:00:00+00:00,2023-11-22T23:00:00+00:00,0,1.08874,1.08873,1.0000000000065512e-05,1.08894,1.08893,1.0000000000065512e-05,1.08862,1.08861,9.999999999843467e-06,1.08886,1.08881,4.999999999988347e-05,PRICE_FEED_DIFFERENCE
2023.11.23 00:00:00,2023-11-23T00:00:00+00:00,2023-11-23T00:00:00+00:00,0,1.08881,1.08875,5.999999999994898e-05,1.08882,1.08875,6.999999999979245e-05,1.08816,1.08838,-0.00021999999999988695,1.08864,1.08859,5.0000000000105516e-05,PRICE_FEED_DIFFERENCE
2023.11.23 01:00:00,2023-11-23T01:00:00+00:00,2023-11-23T01:00:00+00:00,0,1.08863,1.08858,4.999999999988347e-05,1.08883,1.08883,0.0,1.08833,1.08834,-1.0000000000065512e-05,1.0888,1.08878,1.999999999990898e-05,PRICE_FEED_DIFFERENCE
2023.11.23 02:00:00,2023-11-23T02:00:00+00:00,2023-11-23T02:00:00+00:00,0,1.08881,1.0888,1.0000000000065512e-05,1.08925,1.08924,1.0000000000065512e-05,1.08878,1.08878,0.0,1.08921,1.08919,1.999999999990898e-05,PRICE_FEED_DIFFERENCE
2023.11.23 03:00:00,2023-11-23T03:00:00+00:00,2023-11-23T03:00:00+00:00,0,1.0892,1.08919,9.999999999843467e-06,1.08958,1.08958,0.0,1.08885,1.08885,0.0,1.08951,1.08948,2.999999999997449e-05,PRICE_FEED_DIFFERENCE
2023.11.23 04:00:00,2023-11-23T04:00:00+00:00,2023-11-23T04:00:00+00:00,0,1.0895,1.0895,0.0,1.09046,1.09046,0.0,1.08947,1.08946,9.999999999843467e-06,1.09036,1.09035,1.0000000000065512e-05,PRICE_FEED_DIFFERENCE
2023.11.23 05:00:00,2023-11-23T05:00:00+00:00,2023-11-23T05:00:00+00:00,0,1.09035,1.09035,0.0,1.09058,1.09057,1.0000000000065512e-05,1.09013,1.09014,-1.0000000000065512e-05,1.09051,1.09049,2.0000000000131024e-05,PRICE_FEED_DIFFERENCE
2023.11.23 06:00:00,2023-11-23T06:00:00+00:00,2023-11-23T06:00:00+00:00,0,1.09052,1.0905,1.999999999990898e-05,1.09055,1.09054,9.999999999843467e-06,1.09017,1.09019,-1.999999999990898e-05,1.09025,1.09025,0.0,PRICE_FEED_DIFFERENCE
2023.11.23 07:00:00,2023-11-23T07:00:00+00:00,2023-11-23T07:00:00+00:00,0,1.09025,1.09025,0.0,1.09117,1.09116,1.0000000000065512e-05,1.09008,1.09009,-1.0000000000065512e-05,1.09105,1.09105,0.0,PRICE_FEED_DIFFERENCE
2023.11.23 08:00:00,2023-11-23T08:00:00+00:00,2023-11-23T08:00:00+00:00,0,1.09106,1.09106,0.0,1.09176,1.09176,0.0,1.09064,1.09065,-9.999999999843467e-06,1.09082,1.09083,-1.0000000000065512e-05,PRICE_FEED_DIFFERENCE
2023.11.23 09:00:00,2023-11-23T09:00:00+00:00,2023-11-23T09:00:00+00:00,0,1.09082,1.09082,0.0,1.09147,1.09147,0.0,1.09056,1.09055,1.0000000000065512e-05,1.09137,1.09138,-1.0000000000065512e-05,PRICE_FEED_DIFFERENCE
2023.11.23 10:00:00,2023-11-23T10:00:00+00:00,2023-11-23T10:00:00+00:00,0,1.09136,1.09137,-9.999999999843467e-06,1.093,1.09303,-2.999999999997449e-05,1.08953,1.08955,-1.999999999990898e-05,1.09176,1.09175,1.0000000000065512e-05,PRICE_FEED_DIFFERENCE
2023.11.23 11:00:00,2023-11-23T11:00:00+00:00,2023-11-23T11:00:00+00:00,0,1.09176,1.09179,-2.999999999997449e-05,1.09237,1.09237,0.0,1.09057,1.09055,2.0000000000131024e-05,1.0923,1.09231,-9.999999999843467e-06,PRICE_FEED_DIFFERENCE
2023.11.23 12:00:00,2023-11-23T12:00:00+00:00,2023-11-23T12:00:00+00:00,0,1.09231,1.09231,0.0,1.09241,1.0924,1.0000000000065512e-05,1.09151,1.09151,0.0,1.0919,1.09189,1.0000000000065512e-05,PRICE_FEED_DIFFERENCE
2023.11.23 13:00:00,2023-11-23T13:00:00+00:00,2023-11-23T13:00:00+00:00,0,1.0919,1.09193,-2.999999999997449e-05,1.09197,1.09198,-9.999999999843467e-06,1.09122,1.09122,0.0,1.09146,1.09146,0.0,PRICE_FEED_DIFFERENCE
2023.11.23 14:00:00,2023-11-23T14:00:00+00:00,2023-11-23T14:00:00+00:00,0,1.09144,1.09146,-2.0000000000131024e-05,1.09151,1.09151,0.0,1.09002,1.09002,0.0,1.09033,1.09033,0.0,PRICE_FEED_DIFFERENCE
2023.11.23 15:00:00,2023-11-23T15:00:00+00:00,2023-11-23T15:00:00+00:00,0,1.09033,1.09033,0.0,1.09054,1.09055,-9.999999999843467e-06,1.08965,1.08967,-1.999999999990898e-05,1.09017,1.09017,0.0,PRICE_FEED_DIFFERENCE
2023.11.23 16:00:00,2023-11-23T16:00:00+00:00,2023-11-23T16:00:00+00:00,0,1.09015,1.09016,-1.0000000000065512e-05,1.0903,1.09029,1.0000000000065512e-05,1.0887,1.0887,0.0,1.08962,1.08962,0.0,PRICE_FEED_DIFFERENCE
2023.11.23 17:00:00,2023-11-23T17:00:00+00:00,2023-11-23T17:00:00+00:00,0,1.08962,1.08962,0.0,1.09105,1.09104,1.0000000000065512e-05,1.08959,1.08959,0.0,1.09097,1.09097,0.0,PRICE_FEED_DIFFERENCE
2023.11.23 18:00:00,2023-11-23T18:00:00+00:00,2023-11-23T18:00:00+00:00,0,1.09095,1.09096,-9.999999999843467e-06,1.09099,1.09099,0.0,1.09026,1.09027,-1.0000000000065512e-05,1.09061,1.09061,0.0,PRICE_FEED_DIFFERENCE
2023.11.23 19:00:00,2023-11-23T19:00:00+00:00,2023-11-23T19:00:00+00:00,0,1.09062,1.09062,0.0,1.09069,1.09069,0.0,1.09025,1.09024,9.999999999843467e-06,1.09058,1.09057,1.0000000000065512e-05,PRICE_FEED_DIFFERENCE
2023.11.23 20:00:00,2023-11-23T20:00:00+00:00,2023-11-23T20:00:00+00:00,0,1.09057,1.09057,0.0,1.0906,1.0906,0.0,1.09031,1.09032,-1.0000000000065512e-05,1.09035,1.09035,0.0,PRICE_FEED_DIFFERENCE
2023.11.23 21:00:00,2023-11-23T21:00:00+00:00,2023-11-23T21:00:00+00:00,0,1.09035,1.09035,0.0,1.09072,1.09073,-1.0000000000065512e-05,1.09033,1.09034,-1.0000000000065512e-05,1.09036,1.09036,0.0,PRICE_FEED_DIFFERENCE
2023.11.23 22:00:00,2023-11-23T22:00:00+00:00,2023-11-23T22:00:00+00:00,0,1.09036,1.09037,-1.0000000000065512e-05,1.09064,1.09064,0.0,1.09026,1.09026,0.0,1.09055,1.09055,0.0,PRICE_FEED_DIFFERENCE
2023.11.23 23:00:00,2023-11-23T23:00:00+00:00,2023-11-23T23:00:00+00:00,0,1.09054,1.09053,1.0000000000065512e-05,1.09067,1.09067,0.0,1.09044,1.09021,0.0002300000000001745,1.09064,1.09037,0.00026999999999999247,PRICE_FEED_DIFFERENCE
2023.11.24 00:00:00,2023-11-24T00:00:00+00:00,2023-11-24T00:00:00+00:00,0,1.09034,1.09037,-2.999999999997449e-05,1.09056,1.09067,-0.0001100000000000545,1.09002,1.09037,-0.0003500000000000725,1.09049,1.09064,-0.0001500000000000945,PRICE_FEED_DIFFERENCE
2023.11.24 01:00:00,2023-11-24T01:00:00+00:00,2023-11-24T01:00:00+00:00,0,1.09061,1.09064,-2.999999999997449e-05,1.09068,1.0907,-1.999999999990898e-05,1.09037,1.09036,1.0000000000065512e-05,1.09039,1.09038,1.0000000000065512e-05,PRICE_FEED_DIFFERENCE
2023.11.24 02:00:00,2023-11-24T02:00:00+00:00,2023-11-24T02:00:00+00:00,0,1.09044,1.09037,7.00000000000145e-05,1.09097,1.09098,-1.0000000000065512e-05,1.09027,1.09028,-9.999999999843467e-06,1.09069,1.09067,1.999999999990898e-05,PRICE_FEED_DIFFERENCE
2023.11.24 03:00:00,2023-11-24T03:00:00+00:00,2023-11-24T03:00:00+00:00,0,1.09071,1.09069,2.0000000000131024e-05,1.09104,1.09102,1.999999999990898e-05,1.0901,1.09012,-1.999999999990898e-05,1.09017,1.09019,-1.999999999990898e-05,PRICE_FEED_DIFFERENCE
2023.11.24 04:00:00,2023-11-24T04:00:00+00:00,2023-11-24T04:00:00+00:00,0,1.09018,1.09019,-1.0000000000065512e-05,1.09035,1.09034,9.999999999843467e-06,1.08951,1.08951,0.0,1.08955,1.08954,1.0000000000065512e-05,PRICE_FEED_DIFFERENCE
2023.11.24 05:00:00,2023-11-24T05:00:00+00:00,2023-11-24T05:00:00+00:00,0,1.08954,1.08953,9.999999999843467e-06,1.08995,1.08994,1.0000000000065512e-05,1.0895,1.08949,9.999999999843467e-06,1.0899,1.0899,0.0,PRICE_FEED_DIFFERENCE
2023.11.24 06:00:00,2023-11-24T06:00:00+00:00,2023-11-24T06:00:00+00:00,0,1.0899,1.08992,-1.999999999990898e-05,1.09035,1.09035,0.0,1.08973,1.08973,0.0,1.09035,1.09035,0.0,PRICE_FEED_DIFFERENCE
2023.11.24 07:00:00,2023-11-24T07:00:00+00:00,2023-11-24T07:00:00+00:00,0,1.09034,1.09035,-9.999999999843467e-06,1.09119,1.09119,0.0,1.09034,1.09034,0.0,1.09118,1.09116,2.0000000000131024e-05,PRICE_FEED_DIFFERENCE
2023.11.24 08:00:00,2023-11-24T08:00:00+00:00,2023-11-24T08:00:00+00:00,0,1.09116,1.09116,0.0,1.09116,1.09116,0.0,1.09036,1.09038,-1.999999999990898e-05,1.09072,1.09073,-1.0000000000065512e-05,PRICE_FEED_DIFFERENCE
2023.11.24 09:00:00,2023-11-24T09:00:00+00:00,2023-11-24T09:00:00+00:00,0,1.0907,1.09073,-2.999999999997449e-05,1.09108,1.09108,0.0,1.0903,1.0903,0.0,1.09079,1.09079,0.0,PRICE_FEED_DIFFERENCE
2023.11.24 10:00:00,2023-11-24T10:00:00+00:00,2023-11-24T10:00:00+00:00,0,1.09079,1.09079,0.0,1.09193,1.09193,0.0,1.09052,1.09052,0.0,1.09191,1.09189,1.999999999990898e-05,PRICE_FEED_DIFFERENCE
2023.11.24 11:00:00,2023-11-24T11:00:00+00:00,2023-11-24T11:00:00+00:00,0,1.09188,1.09187,1.0000000000065512e-05,1.09207,1.09207,0.0,1.09014,1.09014,0.0,1.09028,1.09027,9.999999999843467e-06,PRICE_FEED_DIFFERENCE
2023.11.24 12:00:00,2023-11-24T12:00:00+00:00,2023-11-24T12:00:00+00:00,0,1.09029,1.09028,1.0000000000065512e-05,1.09102,1.09102,0.0,1.09017,1.09017,0.0,1.09096,1.09096,0.0,PRICE_FEED_DIFFERENCE
2023.11.24 13:00:00,2023-11-24T13:00:00+00:00,2023-11-24T13:00:00+00:00,0,1.09091,1.09094,-2.999999999997449e-05,1.09166,1.09165,1.0000000000065512e-05,1.09067,1.09067,0.0,1.0914,1.09141,-1.0000000000065512e-05,PRICE_FEED_DIFFERENCE
2023.11.24 14:00:00,2023-11-24T14:00:00+00:00,2023-11-24T14:00:00+00:00,0,1.09141,1.09141,0.0,1.09282,1.09282,0.0,1.0912,1.09121,-1.0000000000065512e-05,1.09166,1.09166,0.0,PRICE_FEED_DIFFERENCE
2023.11.24 15:00:00,2023-11-24T15:00:00+00:00,2023-11-24T15:00:00+00:00,0,1.09167,1.09167,0.0,1.09225,1.09225,0.0,1.09068,1.09068,0.0,1.0922,1.09219,1.0000000000065512e-05,PRICE_FEED_DIFFERENCE
2023.11.24 16:00:00,2023-11-24T16:00:00+00:00,2023-11-24T16:00:00+00:00,0,1.09219,1.09219,0.0,1.09385,1.09385,0.0,1.09172,1.09173,-1.0000000000065512e-05,1.09366,1.09367,-9.999999999843467e-06,PRICE_FEED_DIFFERENCE
2023.11.24 17:00:00,2023-11-24T17:00:00+00:00,2023-11-24T17:00:00+00:00,0,1.09367,1.09366,9.999999999843467e-06,1.09453,1.09452,1.0000000000065512e-05,1.0934,1.09342,-2.0000000000131024e-05,1.09398,1.09398,0.0,PRICE_FEED_DIFFERENCE
2023.11.24 18:00:00,2023-11-24T18:00:00+00:00,2023-11-24T18:00:00+00:00,0,1.09397,1.09397,0.0,1.09414,1.09414,0.0,1.093,1.093,0.0,1.09333,1.09332,9.999999999843467e-06,PRICE_FEED_DIFFERENCE
2023.11.24 19:00:00,2023-11-24T19:00:00+00:00,2023-11-24T19:00:00+00:00,0,1.09333,1.09332,9.999999999843467e-06,1.09407,1.09406,1.0000000000065512e-05,1.09282,1.09282,0.0,1.09405,1.09404,1.0000000000065512e-05,PRICE_FEED_DIFFERENCE
2023.11.24 20:00:00,2023-11-24T20:00:00+00:00,2023-11-24T20:00:00+00:00,0,1.09405,1.09405,0.0,1.09486,1.09486,0.0,1.094,1.094,0.0,1.09476,1.09475,1.0000000000065512e-05,PRICE_FEED_DIFFERENCE
2023.11.24 21:00:00,2023-11-24T21:00:00+00:00,2023-11-24T21:00:00+00:00,0,1.09477,1.09476,1.0000000000065512e-05,1.09478,1.09476,2.0000000000131024e-05,1.09379,1.09381,-1.999999999990898e-05,1.0946,1.09459,1.0000000000065512e-05,PRICE_FEED_DIFFERENCE
2023.11.24 22:00:00,2023-11-24T22:00:00+00:00,2023-11-24T22:00:00+00:00,0,1.0946,1.09458,1.999999999990898e-05,1.09477,1.09475,2.0000000000131024e-05,1.09412,1.09407,4.999999999988347e-05,1.09439,1.09434,4.999999999988347e-05,PRICE_FEED_DIFFERENCE
2023.11.24 23:00:00,2023-11-24T23:00:00+00:00,2023-11-24T23:00:00+00:00,0,1.09438,1.09435,2.999999999997449e-05,1.09466,1.0946,5.999999999994898e-05,1.09344,1.09341,2.999999999997449e-05,1.09358,1.09341,0.00017000000000000348,PRICE_FEED_DIFFERENCE
2023.11.27 00:00:00,2023-11-27T00:00:00+00:00,2023-11-27T00:00:00+00:00,0,1.09445,1.09438,7.00000000000145e-05,1.09454,1.09456,-1.999999999990898e-05,1.09417,1.09424,-7.00000000000145e-05,1.09444,1.09442,2.0000000000131024e-05,PRICE_FEED_DIFFERENCE
2023.11.27 01:00:00,2023-11-27T01:00:00+00:00,2023-11-27T01:00:00+00:00,0,1.09443,1.09443,0.0,1.09475,1.09474,9.999999999843467e-06,1.09384,1.09384,0.0,1.09394,1.09396,-2.0000000000131024e-05,PRICE_FEED_DIFFERENCE
2023.11.27 02:00:00,2023-11-27T02:00:00+00:00,2023-11-27T02:00:00+00:00,0,1.09395,1.09397,-2.0000000000131024e-05,1.09404,1.09405,-1.0000000000065512e-05,1.09283,1.09285,-2.0000000000131024e-05,1.09287,1.09286,1.0000000000065512e-05,PRICE_FEED_DIFFERENCE
2023.11.27 03:00:00,2023-11-27T03:00:00+00:00,2023-11-27T03:00:00+00:00,0,1.09288,1.09287,1.0000000000065512e-05,1.09497,1.09496,1.0000000000065512e-05,1.09266,1.09267,-1.0000000000065512e-05,1.09467,1.09467,0.0,PRICE_FEED_DIFFERENCE
2023.11.27 04:00:00,2023-11-27T04:00:00+00:00,2023-11-27T04:00:00+00:00,0,1.09469,1.09468,9.999999999843467e-06,1.09471,1.09471,0.0,1.09379,1.09379,0.0,1.09429,1.09428,1.0000000000065512e-05,PRICE_FEED_DIFFERENCE
2023.11.27 05:00:00,2023-11-27T05:00:00+00:00,2023-11-27T05:00:00+00:00,0,1.0943,1.0943,0.0,1.09457,1.09457,0.0,1.09391,1.09392,-1.0000000000065512e-05,1.09453,1.09452,1.0000000000065512e-05,PRICE_FEED_DIFFERENCE
2023.11.27 06:00:00,2023-11-27T06:00:00+00:00,2023-11-27T06:00:00+00:00,0,1.09452,1.09453,-1.0000000000065512e-05,1.09496,1.09497,-1.0000000000065512e-05,1.09418,1.09419,-1.0000000000065512e-05,1.09473,1.09473,0.0,PRICE_FEED_DIFFERENCE
2023.11.27 07:00:00,2023-11-27T07:00:00+00:00,2023-11-27T07:00:00+00:00,0,1.09474,1.09472,2.0000000000131024e-05,1.09506,1.09504,1.999999999990898e-05,1.09442,1.09442,0.0,1.09495,1.09493,2.0000000000131024e-05,PRICE_FEED_DIFFERENCE
2023.11.27 08:00:00,2023-11-27T08:00:00+00:00,2023-11-27T08:00:00+00:00,0,1.09494,1.09494,0.0,1.09561,1.0956,1.0000000000065512e-05,1.09479,1.0948,-1.0000000000065512e-05,1.09499,1.095,-1.0000000000065512e-05,PRICE_FEED_DIFFERENCE
2023.11.27 09:00:00,2023-11-27T09:00:00+00:00,2023-11-27T09:00:00+00:00,0,1.09502,1.09501,1.0000000000065512e-05,1.09591,1.09592,-1.0000000000065512e-05,1.09453,1.09454,-1.0000000000065512e-05,1.09474,1.09475,-9.999999999843467e-06,PRICE_FEED_DIFFERENCE
2023.11.27 10:00:00,2023-11-27T10:00:00+00:00,2023-11-27T10:00:00+00:00,0,1.09475,1.09474,9.999999999843467e-06,1.09521,1.09521,0.0,1.09391,1.09392,-1.0000000000065512e-05,1.0943,1.09429,1.0000000000065512e-05,PRICE_FEED_DIFFERENCE
2023.11.27 11:00:00,2023-11-27T11:00:00+00:00,2023-11-27T11:00:00+00:00,0,1.09429,1.09429,0.0,1.09523,1.09522,9.999999999843467e-06,1.09409,1.09409,0.0,1.09484,1.09483,1.0000000000065512e-05,PRICE_FEED_DIFFERENCE
2023.11.27 12:00:00,2023-11-27T12:00:00+00:00,2023-11-27T12:00:00+00:00,0,1.09483,1.09483,0.0,1.09564,1.09564,0.0,1.09454,1.09454,0.0,1.09547,1.09546,9.999999999843467e-06,PRICE_FEED_DIFFERENCE
2023.11.27 13:00:00,2023-11-27T13:00:00+00:00,2023-11-27T13:00:00+00:00,0,1.09547,1.09545,1.999999999990898e-05,1.09554,1.09555,-1.0000000000065512e-05,1.09457,1.09456,1.0000000000065512e-05,1.09537,1.09536,1.0000000000065512e-05,PRICE_FEED_DIFFERENCE
2023.11.27 14:00:00,2023-11-27T14:00:00+00:00,2023-11-27T14:00:00+00:00,0,1.09538,1.09537,1.0000000000065512e-05,1.09552,1.09551,1.0000000000065512e-05,1.09457,1.09458,-1.0000000000065512e-05,1.09495,1.09496,-9.999999999843467e-06,PRICE_FEED_DIFFERENCE
2023.11.27 15:00:00,2023-11-27T15:00:00+00:00,2023-11-27T15:00:00+00:00,0,1.09496,1.09497,-1.0000000000065512e-05,1.09551,1.09551,0.0,1.09433,1.09435,-1.999999999990898e-05,1.09436,1.09438,-1.999999999990898e-05,PRICE_FEED_DIFFERENCE
2023.11.27 16:00:00,2023-11-27T16:00:00+00:00,2023-11-27T16:00:00+00:00,0,1.09438,1.09437,9.999999999843467e-06,1.09451,1.09449,2.0000000000131024e-05,1.09254,1.09254,0.0,1.09281,1.09281,0.0,PRICE_FEED_DIFFERENCE
2023.11.27 17:00:00,2023-11-27T17:00:00+00:00,2023-11-27T17:00:00+00:00,0,1.09281,1.0928,1.0000000000065512e-05,1.09392,1.09392,0.0,1.09251,1.09251,0.0,1.09326,1.09326,0.0,PRICE_FEED_DIFFERENCE
2023.11.27 18:00:00,2023-11-27T18:00:00+00:00,2023-11-27T18:00:00+00:00,0,1.09326,1.09327,-1.0000000000065512e-05,1.09379,1.09377,2.0000000000131024e-05,1.09276,1.09278,-2.0000000000131024e-05,1.09364,1.09363,9.999999999843467e-06,PRICE_FEED_DIFFERENCE
2023.11.27 19:00:00,2023-11-27T19:00:00+00:00,2023-11-27T19:00:00+00:00,0,1.09363,1.09362,1.0000000000065512e-05,1.09383,1.09383,0.0,1.09293,1.09293,0.0,1.09343,1.09343,0.0,PRICE_FEED_DIFFERENCE
2023.11.27 20:00:00,2023-11-27T20:00:00+00:00,2023-11-27T20:00:00+00:00,0,1.09342,1.09341,1.0000000000065512e-05,1.09425,1.09424,9.999999999843467e-06,1.09323,1.09322,9.999999999843467e-06,1.0942,1.0942,0.0,PRICE_FEED_DIFFERENCE
2023.11.27 21:00:00,2023-11-27T21:00:00+00:00,2023-11-27T21:00:00+00:00,0,1.0942,1.09422,-1.999999999990898e-05,1.09565,1.09566,-1.0000000000065512e-05,1.0942,1.09421,-9.999999999843467e-06,1.09561,1.09562,-1.0000000000065512e-05,PRICE_FEED_DIFFERENCE
2023.11.27 22:00:00,2023-11-27T22:00:00+00:00,2023-11-27T22:00:00+00:00,0,1.09561,1.09562,-1.0000000000065512e-05,1.09574,1.09574,0.0,1.09505,1.09506,-9.999999999843467e-06,1.09568,1.09568,0.0,PRICE_FEED_DIFFERENCE
2023.11.27 23:00:00,2023-11-27T23:00:00+00:00,2023-11-27T23:00:00+00:00,0,1.09568,1.09569,-1.0000000000065512e-05,1.09569,1.09569,0.0,1.09519,1.09519,0.0,1.09547,1.09531,0.00015999999999993797,PRICE_FEED_DIFFERENCE
2023.11.28 00:00:00,2023-11-28T00:00:00+00:00,2023-11-28T00:00:00+00:00,0,1.09527,1.09528,-1.0000000000065512e-05,1.09556,1.0956,-3.999999999981796e-05,1.09472,1.095,-0.000280000000000058,1.0954,1.09537,2.999999999997449e-05,PRICE_FEED_DIFFERENCE
2023.11.28 01:00:00,2023-11-28T01:00:00+00:00,2023-11-28T01:00:00+00:00,0,1.09547,1.09536,0.0001100000000000545,1.09591,1.09591,0.0,1.09534,1.09536,-1.999999999990898e-05,1.09589,1.09589,0.0,PRICE_FEED_DIFFERENCE
2023.11.28 02:00:00,2023-11-28T02:00:00+00:00,2023-11-28T02:00:00+00:00,0,1.0959,1.09589,1.0000000000065512e-05,1.09617,1.09615,2.0000000000131024e-05,1.09552,1.09553,-9.999999999843467e-06,1.09581,1.0958,9.999999999843467e-06,PRICE_FEED_DIFFERENCE
2023.11.28 03:00:00,2023-11-28T03:00:00+00:00,2023-11-28T03:00:00+00:00,0,1.09582,1.0958,1.999999999990898e-05,1.09618,1.09617,9.999999999843467e-06,1.09542,1.09541,1.0000000000065512e-05,1.09578,1.09577,1.0000000000065512e-05,PRICE_FEED_DIFFERENCE
2023.11.28 04:00:00,2023-11-28T04:00:00+00:00,2023-11-28T04:00:00+00:00,0,1.09577,1.09577,0.0,1.09627,1.09628,-9.999999999843467e-06,1.09532,1.09533,-9.999999999843467e-06,1.09578,1.09576,1.999999999990898e-05,PRICE_FEED_DIFFERENCE
2023.11.28 05:00:00,2023-11-28T05:00:00+00:00,2023-11-28T05:00:00+00:00,0,1.09577,1.09576,9.999999999843467e-06,1.09591,1.09591,0.0,1.09544,1.09543,1.0000000000065512e-05,1.0955,1.0955,0.0,PRICE_FEED_DIFFERENCE
2023.11.28 06:00:00,2023-11-28T06:00:00+00:00,2023-11-28T06:00:00+00:00,0,1.0955,1.0955,0.0,1.09553,1.09552,9.999999999843467e-06,1.09521,1.0952,1.0000000000065512e-05,1.09524,1.09524,0.0,PRICE_FEED_DIFFERENCE
2023.11.28 07:00:00,2023-11-28T07:00:00+00:00,2023-11-28T07:00:00+00:00,0,1.09523,1.09523,0.0,1.09534,1.09533,1.0000000000065512e-05,1.095,1.09498,1.999999999990898e-05,1.09511,1.0951,1.0000000000065512e-05,PRICE_FEED_DIFFERENCE
2023.11.28 08:00:00,2023-11-28T08:00:00+00:00,2023-11-28T08:00:00+00:00,0,1.0951,1.0951,0.0,1.0952,1.0952,0.0,1.09459,1.0946,-1.0000000000065512e-05,1.09469,1.09469,0.0,PRICE_FEED_DIFFERENCE
2023.11.28 09:00:00,2023-11-28T09:00:00+00:00,2023-11-28T09:00:00+00:00,0,1.09468,1.09468,0.0,1.09475,1.09474,9.999999999843467e-06,1.09344,1.09344,0.0,1.09357,1.09358,-1.0000000000065512e-05,PRICE_FEED_DIFFERENCE
2023.11.28 10:00:00,2023-11-28T10:00:00+00:00,2023-11-28T10:00:00+00:00,0,1.09359,1.09358,1.0000000000065512e-05,1.09499,1.095,-1.0000000000065512e-05,1.09358,1.09358,0.0,1.09473,1.09474,-1.0000000000065512e-05,PRICE_FEED_DIFFERENCE
2023.11.28 11:00:00,2023-11-28T11:00:00+00:00,2023-11-28T11:00:00+00:00,0,1.09476,1.09474,1.999999999990898e-05,1.09551,1.0955,1.0000000000065512e-05,1.09467,1.09468,-1.0000000000065512e-05,1.09536,1.09536,0.0,PRICE_FEED_DIFFERENCE
2023.11.28 12:00:00,2023-11-28T12:00:00+00:00,2023-11-28T12:00:00+00:00,0,1.09537,1.09535,1.999999999990898e-05,1.09568,1.09568,0.0,1.09464,1.09465,-9.999999999843467e-06,1.0952,1.0952,0.0,PRICE_FEED_DIFFERENCE
2023.11.28 13:00:00,2023-11-28T13:00:00+00:00,2023-11-28T13:00:00+00:00,0,1.09521,1.0952,1.0000000000065512e-05,1.09575,1.09575,0.0,1.09487,1.09486,1.0000000000065512e-05,1.095,1.09499,1.0000000000065512e-05,PRICE_FEED_DIFFERENCE
2023.11.28 14:00:00,2023-11-28T14:00:00+00:00,2023-11-28T14:00:00+00:00,0,1.09501,1.09499,2.0000000000131024e-05,1.09623,1.09624,-1.0000000000065512e-05,1.09472,1.09472,0.0,1.09505,1.09507,-1.999999999990898e-05,PRICE_FEED_DIFFERENCE
2023.11.28 15:00:00,2023-11-28T15:00:00+00:00,2023-11-28T15:00:00+00:00,0,1.09507,1.09507,0.0,1.09739,1.09738,1.0000000000065512e-05,1.09453,1.09454,-1.0000000000065512e-05,1.09723,1.09723,0.0,PRICE_FEED_DIFFERENCE
2023.11.28 16:00:00,2023-11-28T16:00:00+00:00,2023-11-28T16:00:00+00:00,0,1.09723,1.09721,1.999999999990898e-05,1.09847,1.09847,0.0,1.09641,1.09641,0.0,1.09788,1.09788,0.0,PRICE_FEED_DIFFERENCE
2023.11.28 17:00:00,2023-11-28T17:00:00+00:00,2023-11-28T17:00:00+00:00,0,1.09787,1.09787,0.0,1.10019,1.10019,0.0,1.09679,1.09679,0.0,1.09809,1.09809,0.0,EXACT_MATCH
2023.11.28 18:00:00,2023-11-28T18:00:00+00:00,2023-11-28T18:00:00+00:00,0,1.09808,1.09809,-1.0000000000065512e-05,1.10058,1.10058,0.0,1.09774,1.09775,-1.0000000000065512e-05,1.10052,1.10051,9.999999999843467e-06,PRICE_FEED_DIFFERENCE
2023.11.28 19:00:00,2023-11-28T19:00:00+00:00,2023-11-28T19:00:00+00:00,0,1.10052,1.10055,-2.999999999997449e-05,1.10088,1.10088,0.0,1.09851,1.09852,-9.999999999843467e-06,1.09868,1.09868,0.0,PRICE_FEED_DIFFERENCE
2023.11.28 20:00:00,2023-11-28T20:00:00+00:00,2023-11-28T20:00:00+00:00,0,1.09871,1.09869,2.0000000000131024e-05,1.09882,1.09881,9.999999999843467e-06,1.09731,1.09732,-1.0000000000065512e-05,1.0981,1.09811,-9.999999999843467e-06,PRICE_FEED_DIFFERENCE
2023.11.28 21:00:00,2023-11-28T21:00:00+00:00,2023-11-28T21:00:00+00:00,0,1.09812,1.09811,1.0000000000065512e-05,1.09937,1.09936,1.0000000000065512e-05,1.09811,1.09811,0.0,1.0991,1.09911,-1.0000000000065512e-05,PRICE_FEED_DIFFERENCE
2023.11.28 22:00:00,2023-11-28T22:00:00+00:00,2023-11-28T22:00:00+00:00,0,1.09909,1.0991,-1.0000000000065512e-05,1.0991,1.09912,-2.0000000000131024e-05,1.09759,1.09759,0.0,1.09881,1.09882,-9.999999999843467e-06,PRICE_FEED_DIFFERENCE
2023.11.28 23:00:00,2023-11-28T23:00:00+00:00,2023-11-28T23:00:00+00:00,0,1.09881,1.0988,1.0000000000065512e-05,1.09951,1.09953,-1.999999999990898e-05,1.09858,1.09859,-1.0000000000065512e-05,1.09949,1.09918,0.00031000000000003247,PRICE_FEED_DIFFERENCE
2023.11.29 00:00:00,2023-11-29T00:00:00+00:00,2023-11-29T00:00:00+00:00,0,1.09919,1.09918,9.999999999843467e-06,1.09954,1.09953,1.0000000000065512e-05,1.09901,1.09904,-2.999999999997449e-05,1.09933,1.09936,-2.999999999997449e-05,PRICE_FEED_DIFFERENCE
2023.11.29 01:00:00,2023-11-29T01:00:00+00:00,2023-11-29T01:00:00+00:00,0,1.09936,1.09936,0.0,1.10054,1.10055,-9.999999999843467e-06,1.09929,1.0993,-9.999999999843467e-06,1.10039,1.10039,0.0,PRICE_FEED_DIFFERENCE
2023.11.29 02:00:00,2023-11-29T02:00:00+00:00,2023-11-29T02:00:00+00:00,0,1.10041,1.10041,0.0,1.10075,1.10076,-1.0000000000065512e-05,1.09974,1.09975,-1.0000000000065512e-05,1.10057,1.10059,-1.999999999990898e-05,PRICE_FEED_DIFFERENCE
2023.11.29 03:00:00,2023-11-29T03:00:00+00:00,2023-11-29T03:00:00+00:00,0,1.10057,1.10061,-4.0000000000040004e-05,1.10171,1.10171,0.0,1.10047,1.10048,-9.999999999843467e-06,1.10058,1.1006,-2.0000000000131024e-05,PRICE_FEED_DIFFERENCE
2023.11.29 04:00:00,2023-11-29T04:00:00+00:00,2023-11-29T04:00:00+00:00,0,1.10062,1.10062,0.0,1.10085,1.10084,1.0000000000065512e-05,1.09977,1.09978,-1.0000000000065512e-05,1.10066,1.10065,1.0000000000065512e-05,PRICE_FEED_DIFFERENCE
2023.11.29 05:00:00,2023-11-29T05:00:00+00:00,2023-11-29T05:00:00+00:00,0,1.10065,1.10065,0.0,1.10076,1.10076,0.0,1.09981,1.09982,-1.0000000000065512e-05,1.09983,1.09984,-9.999999999843467e-06,PRICE_FEED_DIFFERENCE
2023.11.29 06:00:00,2023-11-29T06:00:00+00:00,2023-11-29T06:00:00+00:00,0,1.09983,1.09983,0.0,1.10034,1.10033,1.0000000000065512e-05,1.09966,1.09967,-9.999999999843467e-06,1.10024,1.10025,-9.999999999843467e-06,PRICE_FEED_DIFFERENCE
2023.11.29 07:00:00,2023-11-29T07:00:00+00:00,2023-11-29T07:00:00+00:00,0,1.10025,1.10024,9.999999999843467e-06,1.10043,1.10043,0.0,1.09979,1.09979,0.0,1.1002,1.1002,0.0,PRICE_FEED_DIFFERENCE
2023.11.29 08:00:00,2023-11-29T08:00:00+00:00,2023-11-29T08:00:00+00:00,0,1.1002,1.10018,2.0000000000131024e-05,1.10045,1.10045,0.0,1.09961,1.09962,-1.0000000000065512e-05,1.10011,1.10011,0.0,PRICE_FEED_DIFFERENCE
2023.11.29 09:00:00,2023-11-29T09:00:00+00:00,2023-11-29T09:00:00+00:00,0,1.10008,1.1001,-2.0000000000131024e-05,1.10008,1.1001,-2.0000000000131024e-05,1.09819,1.09819,0.0,1.09847,1.09845,2.0000000000131024e-05,PRICE_FEED_DIFFERENCE
2023.11.29 10:00:00,2023-11-29T10:00:00+00:00,2023-11-29T10:00:00+00:00,0,1.09841,1.09845,-3.999999999981796e-05,1.09984,1.09983,9.999999999843467e-06,1.09758,1.09764,-5.999999999994898e-05,1.09897,1.09897,0.0,PRICE_FEED_DIFFERENCE
2023.11.29 11:00:00,2023-11-29T11:00:00+00:00,2023-11-29T11:00:00+00:00,0,1.09892,1.09893,-1.0000000000065512e-05,1.09906,1.09906,0.0,1.09717,1.09717,0.0,1.09743,1.09744,-1.0000000000065512e-05,PRICE_FEED_DIFFERENCE
2023.11.29 12:00:00,2023-11-29T12:00:00+00:00,2023-11-29T12:00:00+00:00,0,1.09744,1.09744,0.0,1.09778,1.09777,1.0000000000065512e-05,1.0969,1.09691,-1.0000000000065512e-05,1.09767,1.09766,9.999999999843467e-06,PRICE_FEED_DIFFERENCE
2023.11.29 13:00:00,2023-11-29T13:00:00+00:00,2023-11-29T13:00:00+00:00,0,1.09766,1.09766,0.0,1.09849,1.09849,0.0,1.09712,1.09712,0.0,1.09847,1.09847,0.0,EXACT_MATCH
2023.11.29 14:00:00,2023-11-29T14:00:00+00:00,2023-11-29T14:00:00+00:00,0,1.09847,1.09845,2.0000000000131024e-05,1.09885,1.09886,-9.999999999843467e-06,1.09792,1.0979,1.999999999990898e-05,1.0985,1.0985,0.0,PRICE_FEED_DIFFERENCE
2023.11.29 15:00:00,2023-11-29T15:00:00+00:00,2023-11-29T15:00:00+00:00,0,1.09858,1.09852,5.999999999994898e-05,1.09945,1.09948,-2.999999999997449e-05,1.09715,1.09717,-1.999999999990898e-05,1.09727,1.09726,1.0000000000065512e-05,PRICE_FEED_DIFFERENCE
2023.11.29 16:00:00,2023-11-29T16:00:00+00:00,2023-11-29T16:00:00+00:00,0,1.09728,1.09726,2.0000000000131024e-05,1.09905,1.09907,-1.999999999990898e-05,1.09618,1.09643,-0.0002500000000000835,1.09768,1.09766,1.999999999990898e-05,PRICE_FEED_DIFFERENCE
2023.11.29 17:00:00,2023-11-29T17:00:00+00:00,2023-11-29T17:00:00+00:00,0,1.09767,1.09767,0.0,1.09909,1.09909,0.0,1.096,1.09601,-9.999999999843467e-06,1.09748,1.09747,1.0000000000065512e-05,PRICE_FEED_DIFFERENCE
2023.11.29 18:00:00,2023-11-29T18:00:00+00:00,2023-11-29T18:00:00+00:00,0,1.09747,1.09746,9.999999999843467e-06,1.09777,1.09777,0.0,1.09614,1.09615,-1.0000000000065512e-05,1.09682,1.09683,-1.0000000000065512e-05,PRICE_FEED_DIFFERENCE
2023.11.29 19:00:00,2023-11-29T19:00:00+00:00,2023-11-29T19:00:00+00:00,0,1.09682,1.09683,-1.0000000000065512e-05,1.09781,1.09783,-2.0000000000131024e-05,1.09658,1.0966,-1.999999999990898e-05,1.0976,1.09759,9.999999999843467e-06,PRICE_FEED_DIFFERENCE
2023.11.29 20:00:00,2023-11-29T20:00:00+00:00,2023-11-29T20:00:00+00:00,0,1.09759,1.09758,1.0000000000065512e-05,1.09856,1.09855,1.0000000000065512e-05,1.09723,1.09723,0.0,1.09845,1.09844,9.999999999843467e-06,PRICE_FEED_DIFFERENCE
2023.11.29 21:00:00,2023-11-29T21:00:00+00:00,2023-11-29T21:00:00+00:00,0,1.09844,1.09844,0.0,1.09948,1.09947,1.0000000000065512e-05,1.0977,1.09771,-1.0000000000065512e-05,1.09829,1.09831,-1.999999999990898e-05,PRICE_FEED_DIFFERENCE
2023.11.29 22:00:00,2023-11-29T22:00:00+00:00,2023-11-29T22:00:00+00:00,0,1.09829,1.0983,-1.0000000000065512e-05,1.09837,1.09838,-9.999999999843467e-06,1.0971,1.09711,-1.0000000000065512e-05,1.09722,1.09723,-9.999999999843467e-06,PRICE_FEED_DIFFERENCE
2023.11.29 23:00:00,2023-11-29T23:00:00+00:00,2023-11-29T23:00:00+00:00,0,1.09722,1.09725,-2.999999999997449e-05,1.09748,1.09746,1.999999999990898e-05,1.09703,1.09682,0.00021000000000004349,1.09703,1.09686,0.00017000000000000348,PRICE_FEED_DIFFERENCE
2023.11.30 00:00:00,2023-11-30T00:00:00+00:00,2023-11-30T00:00:00+00:00,0,1.09716,1.09681,0.00034999999999985043,1.09719,1.09723,-3.999999999981796e-05,1.09678,1.09678,0.0,1.09711,1.09714,-2.999999999997449e-05,PRICE_FEED_DIFFERENCE
2023.11.30 01:00:00,2023-11-30T01:00:00+00:00,2023-11-30T01:00:00+00:00,0,1.09707,1.09716,-8.999999999992347e-05,1.0974,1.09741,-1.0000000000065512e-05,1.09698,1.09702,-4.0000000000040004e-05,1.09732,1.09732,0.0,PRICE_FEED_DIFFERENCE
2023.11.30 02:00:00,2023-11-30T02:00:00+00:00,2023-11-30T02:00:00+00:00,0,1.09733,1.09731,1.999999999990898e-05,1.09839,1.09838,1.0000000000065512e-05,1.09719,1.0972,-9.999999999843467e-06,1.09825,1.09825,0.0,PRICE_FEED_DIFFERENCE
2023.11.30 03:00:00,2023-11-30T03:00:00+00:00,2023-11-30T03:00:00+00:00,0,1.09824,1.09825,-9.999999999843467e-06,1.09824,1.09825,-9.999999999843467e-06,1.09684,1.09685,-1.0000000000065512e-05,1.09694,1.09695,-1.0000000000065512e-05,PRICE_FEED_DIFFERENCE
2023.11.30 04:00:00,2023-11-30T04:00:00+00:00,2023-11-30T04:00:00+00:00,0,1.09694,1.09694,0.0,1.09778,1.09778,0.0,1.09671,1.09672,-9.999999999843467e-06,1.09765,1.09765,0.0,PRICE_FEED_DIFFERENCE
2023.11.30 05:00:00,2023-11-30T05:00:00+00:00,2023-11-30T05:00:00+00:00,0,1.09766,1.09764,2.0000000000131024e-05,1.09771,1.09772,-1.0000000000065512e-05,1.09731,1.0973,1.0000000000065512e-05,1.09743,1.09742,9.999999999843467e-06,PRICE_FEED_DIFFERENCE
2023.11.30 06:00:00,2023-11-30T06:00:00+00:00,2023-11-30T06:00:00+00:00,0,1.09744,1.09742,1.999999999990898e-05,1.0976,1.09761,-1.0000000000065512e-05,1.09681,1.09682,-9.999999999843467e-06,1.09688,1.09689,-9.999999999843467e-06,PRICE_FEED_DIFFERENCE
2023.11.30 07:00:00,2023-11-30T07:00:00+00:00,2023-11-30T07:00:00+00:00,0,1.09688,1.0969,-1.999999999990898e-05,1.0973,1.0973,0.0,1.09651,1.09651,0.0,1.09722,1.09722,0.0,PRICE_FEED_DIFFERENCE
2023.11.30 08:00:00,2023-11-30T08:00:00+00:00,2023-11-30T08:00:00+00:00,0,1.09721,1.09722,-1.0000000000065512e-05,1.09818,1.09817,9.999999999843467e-06,1.09721,1.0972,1.0000000000065512e-05,1.09787,1.09786,9.999999999843467e-06,PRICE_FEED_DIFFERENCE
2023.11.30 09:00:00,2023-11-30T09:00:00+00:00,2023-11-30T09:00:00+00:00,0,1.09786,1.09787,-9.999999999843467e-06,1.09787,1.09787,0.0,1.09403,1.09404,-9.999999999843467e-06,1.09514,1.09514,0.0,PRICE_FEED_DIFFERENCE
2023.11.30 10:00:00,2023-11-30T10:00:00+00:00,2023-11-30T10:00:00+00:00,0,1.09513,1.09515,-2.0000000000131024e-05,1.09592,1.09592,0.0,1.09204,1.09204,0.0,1.09232,1.09232,0.0,PRICE_FEED_DIFFERENCE
2023.11.30 11:00:00,2023-11-30T11:00:00+00:00,2023-11-30T11:00:00+00:00,0,1.09231,1.09231,0.0,1.0939,1.09388,2.0000000000131024e-05,1.092,1.092,0.0,1.09248,1.09249,-1.0000000000065512e-05,PRICE_FEED_DIFFERENCE
2023.11.30 12:00:00,2023-11-30T12:00:00+00:00,2023-11-30T12:00:00+00:00,0,1.09244,1.09248,-3.999999999981796e-05,1.09303,1.09303,0.0,1.09095,1.09095,0.0,1.09181,1.0918,9.999999999843467e-06,PRICE_FEED_DIFFERENCE
2023.11.30 13:00:00,2023-11-30T13:00:00+00:00,2023-11-30T13:00:00+00:00,0,1.09181,1.0918,9.999999999843467e-06,1.09194,1.09193,9.999999999843467e-06,1.09091,1.0909,1.0000000000065512e-05,1.09157,1.09157,0.0,PRICE_FEED_DIFFERENCE
2023.11.30 14:00:00,2023-11-30T14:00:00+00:00,2023-11-30T14:00:00+00:00,0,1.09158,1.09157,1.0000000000065512e-05,1.09318,1.09318,0.0,1.09109,1.0911,-1.0000000000065512e-05,1.09254,1.09254,0.0,PRICE_FEED_DIFFERENCE
2023.11.30 15:00:00,2023-11-30T15:00:00+00:00,2023-11-30T15:00:00+00:00,0,1.09258,1.09255,3.0000000000196536e-05,1.09495,1.09496,-9.999999999843467e-06,1.0914,1.0914,0.0,1.09157,1.09157,0.0,PRICE_FEED_DIFFERENCE
2023.11.30 16:00:00,2023-11-30T16:00:00+00:00,2023-11-30T16:00:00+00:00,0,1.09158,1.09159,-1.0000000000065512e-05,1.09226,1.09224,1.999999999990898e-05,1.08923,1.08924,-1.0000000000065512e-05,1.09084,1.09084,0.0,PRICE_FEED_DIFFERENCE
2023.11.30 17:00:00,2023-11-30T17:00:00+00:00,2023-11-30T17:00:00+00:00,0,1.09086,1.09085,9.999999999843467e-06,1.09182,1.09182,0.0,1.08941,1.08941,0.0,1.0911,1.0911,0.0,PRICE_FEED_DIFFERENCE
2023.11.30 18:00:00,2023-11-30T18:00:00+00:00,2023-11-30T18:00:00+00:00,0,1.09111,1.0911,1.0000000000065512e-05,1.09169,1.09168,1.0000000000065512e-05,1.09015,1.09016,-1.0000000000065512e-05,1.09068,1.09068,0.0,PRICE_FEED_DIFFERENCE
2023.11.30 19:00:00,2023-11-30T19:00:00+00:00,2023-11-30T19:00:00+00:00,0,1.09068,1.09067,1.0000000000065512e-05,1.09122,1.09121,1.0000000000065512e-05,1.0888,1.08881,-1.0000000000065512e-05,1.08899,1.08901,-2.0000000000131024e-05,PRICE_FEED_DIFFERENCE
2023.11.30 20:00:00,2023-11-30T20:00:00+00:00,2023-11-30T20:00:00+00:00,0,1.08899,1.089,-1.0000000000065512e-05,1.08999,1.08998,1.0000000000065512e-05,1.08836,1.08836,0.0,1.08893,1.08894,-1.0000000000065512e-05,PRICE_FEED_DIFFERENCE
2023.11.30 21:00:00,2023-11-30T21:00:00+00:00,2023-11-30T21:00:00+00:00,0,1.08895,1.08895,0.0,1.08947,1.08947,0.0,1.08847,1.08848,-9.999999999843467e-06,1.089,1.08901,-1.0000000000065512e-05,PRICE_FEED_DIFFERENCE
2023.11.30 22:00:00,2023-11-30T22:00:00+00:00,2023-11-30T22:00:00+00:00,0,1.08897,1.089,-2.999999999997449e-05,1.08918,1.08919,-1.0000000000065512e-05,1.08793,1.08794,-9.999999999843467e-06,1.0885,1.08849,1.0000000000065512e-05,PRICE_FEED_DIFFERENCE
2023.11.30 23:00:00,2023-11-30T23:00:00+00:00,2023-11-30T23:00:00+00:00,0,1.08849,1.08849,0.0,1.08912,1.08912,0.0,1.08837,1.08837,0.0,1.08894,1.08865,0.0002900000000001235,PRICE_FEED_DIFFERENCE
2023.12.01 00:00:00,2023-12-01T00:00:00+00:00,2023-12-01T00:00:00+00:00,0,1.08852,1.08854,-2.0000000000131024e-05,1.08922,1.08914,8.000000000008001e-05,1.08841,1.08814,0.00026999999999999247,1.08908,1.08912,-4.0000000000040004e-05,PRICE_FEED_DIFFERENCE
2023.12.01 01:00:00,2023-12-01T01:00:00+00:00,2023-12-01T01:00:00+00:00,0,1.08916,1.08911,4.999999999988347e-05,1.08945,1.08946,-1.0000000000065512e-05,1.08897,1.08894,2.999999999997449e-05,1.08917,1.08916,1.0000000000065512e-05,PRICE_FEED_DIFFERENCE
2023.12.01 02:00:00,2023-12-01T02:00:00+00:00,2023-12-01T02:00:00+00:00,0,1.08916,1.08917,-1.0000000000065512e-05,1.0903,1.09029,1.0000000000065512e-05,1.08916,1.08916,0.0,1.09017,1.09017,0.0,PRICE_FEED_DIFFERENCE
2023.12.01 03:00:00,2023-12-01T03:00:00+00:00,2023-12-01T03:00:00+00:00,0,1.09017,1.09017,0.0,1.09101,1.091,1.0000000000065512e-05,1.09015,1.09013,1.999999999990898e-05,1.09068,1.09069,-9.999999999843467e-06,PRICE_FEED_DIFFERENCE
2023.12.01 04:00:00,2023-12-01T04:00:00+00:00,2023-12-01T04:00:00+00:00,0,1.09067,1.09068,-1.0000000000065512e-05,1.09127,1.09127,0.0,1.09062,1.09062,0.0,1.09076,1.09076,0.0,PRICE_FEED_DIFFERENCE
2023.12.01 05:00:00,2023-12-01T05:00:00+00:00,2023-12-01T05:00:00+00:00,0,1.09077,1.09077,0.0,1.09093,1.09094,-1.0000000000065512e-05,1.08996,1.08997,-1.0000000000065512e-05,1.09007,1.09006,1.0000000000065512e-05,PRICE_FEED_DIFFERENCE
2023.12.01 06:00:00,2023-12-01T06:00:00+00:00,2023-12-01T06:00:00+00:00,0,1.09004,1.09005,-1.0000000000065512e-05,1.09066,1.09066,0.0,1.08981,1.08982,-1.0000000000065512e-05,1.09066,1.09066,0.0,PRICE_FEED_DIFFERENCE
2023.12.01 07:00:00,2023-12-01T07:00:00+00:00,2023-12-01T07:00:00+00:00,0,1.09065,1.09066,-1.0000000000065512e-05,1.09123,1.09122,9.999999999843467e-06,1.09047,1.09048,-9.999999999843467e-06,1.09119,1.09109,0.00010000000000021103,PRICE_FEED_DIFFERENCE
2023.12.01 08:00:00,2023-12-01T08:00:00+00:00,2023-12-01T08:00:00+00:00,0,1.09114,1.09107,7.00000000000145e-05,1.09118,1.09117,1.0000000000065512e-05,1.09061,1.09062,-9.999999999843467e-06,1.09086,1.09087,-1.0000000000065512e-05,PRICE_FEED_DIFFERENCE
2023.12.01 09:00:00,2023-12-01T09:00:00+00:00,2023-12-01T09:00:00+00:00,0,1.09073,1.09087,-0.000140000000000029,1.09118,1.09118,0.0,1.08943,1.08944,-1.0000000000065512e-05,1.08945,1.08946,-1.0000000000065512e-05,PRICE_FEED_DIFFERENCE
2023.12.01 10:00:00,2023-12-01T10:00:00+00:00,2023-12-01T10:00:00+00:00,0,1.08946,1.08949,-2.999999999997449e-05,1.09029,1.09029,0.0,1.08858,1.0886,-1.999999999990898e-05,1.08932,1.08933,-9.999999999843467e-06,PRICE_FEED_DIFFERENCE
2023.12.01 11:00:00,2023-12-01T11:00:00+00:00,2023-12-01T11:00:00+00:00,0,1.08931,1.08929,1.999999999990898e-05,1.09046,1.09046,0.0,1.08896,1.08896,0.0,1.08978,1.08978,0.0,PRICE_FEED_DIFFERENCE
2023.12.01 12:00:00,2023-12-01T12:00:00+00:00,2023-12-01T12:00:00+00:00,0,1.08977,1.08977,0.0,1.09037,1.09037,0.0,1.08853,1.08853,0.0,1.08906,1.08906,0.0,EXACT_MATCH
2023.12.01 13:00:00,2023-12-01T13:00:00+00:00,2023-12-01T13:00:00+00:00,0,1.08906,1.08906,0.0,1.08972,1.08973,-1.0000000000065512e-05,1.08825,1.08826,-1.0000000000065512e-05,1.08972,1.08973,-1.0000000000065512e-05,PRICE_FEED_DIFFERENCE
2023.12.01 14:00:00,2023-12-01T14:00:00+00:00,2023-12-01T14:00:00+00:00,0,1.08973,1.08974,-9.999999999843467e-06,1.0901,1.0901,0.0,1.08755,1.08756,-1.0000000000065512e-05,1.08767,1.08766,9.999999999843467e-06,PRICE_FEED_DIFFERENCE
2023.12.01 15:00:00,2023-12-01T15:00:00+00:00,2023-12-01T15:00:00+00:00,0,1.08768,1.08767,1.0000000000065512e-05,1.08846,1.08846,0.0,1.08662,1.08662,0.0,1.08674,1.08675,-1.0000000000065512e-05,PRICE_FEED_DIFFERENCE
2023.12.01 16:00:00,2023-12-01T16:00:00+00:00,2023-12-01T16:00:00+00:00,0,1.08673,1.08674,-1.0000000000065512e-05,1.08702,1.08702,0.0,1.08412,1.08415,-2.999999999997449e-05,1.08443,1.08439,4.0000000000040004e-05,PRICE_FEED_DIFFERENCE
2023.12.01 17:00:00,2023-12-01T17:00:00+00:00,2023-12-01T17:00:00+00:00,0,1.08443,1.0844,2.999999999997449e-05,1.08664,1.08663,1.0000000000065512e-05,1.08326,1.08327,-1.0000000000065512e-05,1.08377,1.08378,-1.0000000000065512e-05,PRICE_FEED_DIFFERENCE
2023.12.01 18:00:00,2023-12-01T18:00:00+00:00,2023-12-01T18:00:00+00:00,0,1.08376,1.08377,-9.999999999843467e-06,1.08853,1.08854,-1.0000000000065512e-05,1.08286,1.08287,-1.0000000000065512e-05,1.08771,1.08772,-1.0000000000065512e-05,PRICE_FEED_DIFFERENCE
2023.12.01 19:00:00,2023-12-01T19:00:00+00:00,2023-12-01T19:00:00+00:00,0,1.08772,1.08771,1.0000000000065512e-05,1.08842,1.08842,0.0,1.08715,1.08716,-9.999999999843467e-06,1.08816,1.08816,0.0,PRICE_FEED_DIFFERENCE
2023.12.01 20:00:00,2023-12-01T20:00:00+00:00,2023-12-01T20:00:00+00:00,0,1.08816,1.08815,1.0000000000065512e-05,1.08927,1.08928,-1.0000000000065512e-05,1.08785,1.08785,0.0,1.0889,1.0889,0.0,PRICE_FEED_DIFFERENCE
2023.12.01 21:00:00,2023-12-01T21:00:00+00:00,2023-12-01T21:00:00+00:00,0,1.08891,1.08891,0.0,1.08926,1.08925,9.999999999843467e-06,1.08699,1.087,-1.0000000000065512e-05,1.08721,1.08719,1.999999999990898e-05,PRICE_FEED_DIFFERENCE
2023.12.01 22:00:00,2023-12-01T22:00:00+00:00,2023-12-01T22:00:00+00:00,0,1.0872,1.08721,-1.0000000000065512e-05,1.08798,1.08797,9.999999999843467e-06,1.08708,1.08707,1.0000000000065512e-05,1.08793,1.08793,0.0,PRICE_FEED_DIFFERENCE
2023.12.01 23:00:00,2023-12-01T23:00:00+00:00,2023-12-01T23:00:00+00:00,0,1.08794,1.08794,0.0,1.0882,1.08846,-0.00025999999999992696,1.08775,1.08776,-1.0000000000065512e-05,1.08809,1.08788,0.00021000000000004349,PRICE_FEED_DIFFERENCE
2023.12.04 00:00:00,2023-12-04T00:00:00+00:00,2023-12-04T00:00:00+00:00,0,1.08786,1.08771,0.0001500000000000945,1.08884,1.08896,-0.00011999999999989797,1.08765,1.08766,-1.0000000000065512e-05,1.08842,1.08829,0.00012999999999996348,PRICE_FEED_DIFFERENCE
2023.12.04 01:00:00,2023-12-04T01:00:00+00:00,2023-12-04T01:00:00+00:00,0,1.08843,1.08834,8.999999999992347e-05,1.08948,1.08948,0.0,1.088,1.08795,5.0000000000105516e-05,1.08857,1.08857,0.0,PRICE_FEED_DIFFERENCE
2023.12.04 02:00:00,2023-12-04T02:00:00+00:00,2023-12-04T02:00:00+00:00,0,1.08857,1.08858,-1.0000000000065512e-05,1.08865,1.08865,0.0,1.087,1.08699,1.0000000000065512e-05,1.08716,1.08716,0.0,PRICE_FEED_DIFFERENCE
2023.12.04 03:00:00,2023-12-04T03:00:00+00:00,2023-12-04T03:00:00+00:00,0,1.08716,1.08715,9.999999999843467e-06,1.08772,1.08772,0.0,1.08665,1.08665,0.0,1.0873,1.08731,-1.0000000000065512e-05,PRICE_FEED_DIFFERENCE
2023.12.04 04:00:00,2023-12-04T04:00:00+00:00,2023-12-04T04:00:00+00:00,0,1.08732,1.0873,2.0000000000131024e-05,1.08842,1.08843,-1.0000000000065512e-05,1.08699,1.08699,0.0,1.08825,1.08826,-1.0000000000065512e-05,PRICE_FEED_DIFFERENCE
2023.12.04 05:00:00,2023-12-04T05:00:00+00:00,2023-12-04T05:00:00+00:00,0,1.08825,1.08826,-1.0000000000065512e-05,1.08859,1.08858,9.999999999843467e-06,1.08799,1.088,-1.0000000000065512e-05,1.088,1.08801,-9.999999999843467e-06,PRICE_FEED_DIFFERENCE
2023.12.04 06:00:00,2023-12-04T06:00:00+00:00,2023-12-04T06:00:00+00:00,0,1.088,1.088,0.0,1.08804,1.08805,-1.0000000000065512e-05,1.08699,1.08699,0.0,1.08714,1.08714,0.0,PRICE_FEED_DIFFERENCE
2023.12.04 07:00:00,2023-12-04T07:00:00+00:00,2023-12-04T07:00:00+00:00,0,1.08715,1.08715,0.0,1.08727,1.08726,1.0000000000065512e-05,1.08682,1.08682,0.0,1.08692,1.08693,-9.999999999843467e-06,PRICE_FEED_DIFFERENCE
2023.12.04 08:00:00,2023-12-04T08:00:00+00:00,2023-12-04T08:00:00+00:00,0,1.0869,1.08692,-2.0000000000131024e-05,1.08764,1.08764,0.0,1.08668,1.08668,0.0,1.08685,1.08686,-9.999999999843467e-06,PRICE_FEED_DIFFERENCE
2023.12.04 09:00:00,2023-12-04T09:00:00+00:00,2023-12-04T09:00:00+00:00,0,1.08683,1.08686,-2.999999999997449e-05,1.0869,1.0869,0.0,1.08497,1.08498,-1.0000000000065512e-05,1.08538,1.08538,0.0,PRICE_FEED_DIFFERENCE
2023.12.04 10:00:00,2023-12-04T10:00:00+00:00,2023-12-04T10:00:00+00:00,0,1.08536,1.08538,-1.999999999990898e-05,1.08729,1.0873,-9.999999999843467e-06,1.08536,1.08538,-1.999999999990898e-05,1.08639,1.08638,1.0000000000065512e-05,PRICE_FEED_DIFFERENCE
2023.12.04 11:00:00,2023-12-04T11:00:00+00:00,2023-12-04T11:00:00+00:00,0,1.08638,1.08639,-1.0000000000065512e-05,1.08807,1.08807,0.0,1.08626,1.08627,-1.0000000000065512e-05,1.08746,1.08746,0.0,PRICE_FEED_DIFFERENCE
2023.12.04 12:00:00,2023-12-04T12:00:00+00:00,2023-12-04T12:00:00+00:00,0,1.08746,1.08746,0.0,1.08759,1.08756,2.999999999997449e-05,1.08587,1.08587,0.0,1.08682,1.08681,9.999999999843467e-06,PRICE_FEED_DIFFERENCE
2023.12.04 13:00:00,2023-12-04T13:00:00+00:00,2023-12-04T13:00:00+00:00,0,1.08683,1.08681,1.999999999990898e-05,1.08788,1.08788,0.0,1.08677,1.08677,0.0,1.0869,1.0869,0.0,PRICE_FEED_DIFFERENCE
2023.12.04 14:00:00,2023-12-04T14:00:00+00:00,2023-12-04T14:00:00+00:00,0,1.08689,1.0869,-1.0000000000065512e-05,1.08724,1.08724,0.0,1.08593,1.08594,-9.999999999843467e-06,1.08692,1.08691,1.0000000000065512e-05,PRICE_FEED_DIFFERENCE
2023.12.04 15:00:00,2023-12-04T15:00:00+00:00,2023-12-04T15:00:00+00:00,0,1.0869,1.0869,0.0,1.0876,1.08759,9.999999999843467e-06,1.08531,1.08533,-1.999999999990898e-05,1.08546,1.08544,2.0000000000131024e-05,PRICE_FEED_DIFFERENCE
2023.12.04 16:00:00,2023-12-04T16:00:00+00:00,2023-12-04T16:00:00+00:00,0,1.08546,1.08544,2.0000000000131024e-05,1.0855,1.0855,0.0,1.08195,1.08196,-1.0000000000065512e-05,1.08399,1.08396,2.999999999997449e-05,PRICE_FEED_DIFFERENCE
2023.12.04 17:00:00,2023-12-04T17:00:00+00:00,2023-12-04T17:00:00+00:00,0,1.08395,1.08396,-1.0000000000065512e-05,1.08435,1.08434,9.999999999843467e-06,1.08039,1.0804,-1.0000000000065512e-05,1.08148,1.08147,1.0000000000065512e-05,PRICE_FEED_DIFFERENCE
2023.12.04 18:00:00,2023-12-04T18:00:00+00:00,2023-12-04T18:00:00+00:00,0,1.08146,1.08148,-1.999999999990898e-05,1.08246,1.08247,-1.0000000000065512e-05,1.08116,1.08116,0.0,1.08231,1.0823,1.0000000000065512e-05,PRICE_FEED_DIFFERENCE
2023.12.04 19:00:00,2023-12-04T19:00:00+00:00,2023-12-04T19:00:00+00:00,0,1.08232,1.08229,2.999999999997449e-05,1.08268,1.08267,1.0000000000065512e-05,1.08176,1.08176,0.0,1.08255,1.08256,-1.0000000000065512e-05,PRICE_FEED_DIFFERENCE
2023.12.04 20:00:00,2023-12-04T20:00:00+00:00,2023-12-04T20:00:00+00:00,0,1.08257,1.08256,1.0000000000065512e-05,1.08265,1.08265,0.0,1.08151,1.0815,1.0000000000065512e-05,1.08166,1.08165,1.0000000000065512e-05,PRICE_FEED_DIFFERENCE
2023.12.04 21:00:00,2023-12-04T21:00:00+00:00,2023-12-04T21:00:00+00:00,0,1.08167,1.08166,9.999999999843467e-06,1.08291,1.0829,1.0000000000065512e-05,1.08159,1.08159,0.0,1.08276,1.08276,0.0,PRICE_FEED_DIFFERENCE
2023.12.04 22:00:00,2023-12-04T22:00:00+00:00,2023-12-04T22:00:00+00:00,0,1.08277,1.08276,1.0000000000065512e-05,1.08354,1.08354,0.0,1.08277,1.08276,1.0000000000065512e-05,1.08338,1.08339,-1.0000000000065512e-05,PRICE_FEED_DIFFERENCE
2023.12.04 23:00:00,2023-12-04T23:00:00+00:00,2023-12-04T23:00:00+00:00,0,1.08341,1.0834,1.0000000000065512e-05,1.0837,1.08368,2.0000000000131024e-05,1.0833,1.08331,-1.0000000000065512e-05,1.08357,1.08356,9.999999999843467e-06,PRICE_FEED_DIFFERENCE
2023.12.05 00:00:00,2023-12-05T00:00:00+00:00,2023-12-05T00:00:00+00:00,0,1.08295,1.08351,-0.0005599999999998939,1.08354,1.08354,0.0,1.08289,1.0831,-0.00021000000000004349,1.08354,1.08346,7.999999999985796e-05,PRICE_FEED_DIFFERENCE
2023.12.05 01:00:00,2023-12-05T01:00:00+00:00,2023-12-05T01:00:00+00:00,0,1.08344,1.08346,-2.0000000000131024e-05,1.08378,1.08377,1.0000000000065512e-05,1.08338,1.0834,-1.999999999990898e-05,1.08372,1.08373,-1.0000000000065512e-05,PRICE_FEED_DIFFERENCE
2023.12.05 02:00:00,2023-12-05T02:00:00+00:00,2023-12-05T02:00:00+00:00,0,1.08373,1.08373,0.0,1.08461,1.08461,0.0,1.08363,1.08363,0.0,1.08433,1.08433,0.0,EXACT_MATCH
2023.12.05 03:00:00,2023-12-05T03:00:00+00:00,2023-12-05T03:00:00+00:00,0,1.08434,1.08433,1.0000000000065512e-05,1.08444,1.08443,1.0000000000065512e-05,1.08346,1.08345,1.0000000000065512e-05,1.08392,1.08391,1.0000000000065512e-05,PRICE_FEED_DIFFERENCE
2023.12.05 04:00:00,2023-12-05T04:00:00+00:00,2023-12-05T04:00:00+00:00,0,1.08393,1.08391,2.0000000000131024e-05,1.08428,1.08427,9.999999999843467e-06,1.08347,1.08346,9.999999999843467e-06,1.08366,1.08365,1.0000000000065512e-05,PRICE_FEED_DIFFERENCE
2023.12.05 05:00:00,2023-12-05T05:00:00+00:00,2023-12-05T05:00:00+00:00,0,1.08365,1.08365,0.0,1.0843,1.0843,0.0,1.0836,1.08361,-1.0000000000065512e-05,1.08402,1.08404,-1.999999999990898e-05,PRICE_FEED_DIFFERENCE
2023.12.05 06:00:00,2023-12-05T06:00:00+00:00,2023-12-05T06:00:00+00:00,0,1.08402,1.08403,-1.0000000000065512e-05,1.08445,1.08444,9.999999999843467e-06,1.08392,1.08393,-1.0000000000065512e-05,1.08442,1.0844,1.999999999990898e-05,PRICE_FEED_DIFFERENCE
2023.12.05 07:00:00,2023-12-05T07:00:00+00:00,2023-12-05T07:00:00+00:00,0,1.0844,1.0844,0.0,1.08475,1.08474,1.0000000000065512e-05,1.08396,1.08397,-1.0000000000065512e-05,1.08472,1.08473,-1.0000000000065512e-05,PRICE_FEED_DIFFERENCE
2023.12.05 08:00:00,2023-12-05T08:00:00+00:00,2023-12-05T08:00:00+00:00,0,1.08472,1.08473,-1.0000000000065512e-05,1.08473,1.08474,-1.0000000000065512e-05,1.08316,1.08316,0.0,1.0834,1.0834,0.0,PRICE_FEED_DIFFERENCE
2023.12.05 09:00:00,2023-12-05T09:00:00+00:00,2023-12-05T09:00:00+00:00,0,1.08339,1.08338,1.0000000000065512e-05,1.08339,1.08338,1.0000000000065512e-05,1.08039,1.0804,-1.0000000000065512e-05,1.08071,1.08071,0.0,PRICE_FEED_DIFFERENCE
2023.12.05 10:00:00,2023-12-05T10:00:00+00:00,2023-12-05T10:00:00+00:00,0,1.08071,1.08071,0.0,1.08344,1.08342,1.999999999990898e-05,1.08058,1.08059,-9.999999999843467e-06,1.08338,1.08338,0.0,PRICE_FEED_DIFFERENCE
2023.12.05 11:00:00,2023-12-05T11:00:00+00:00,2023-12-05T11:00:00+00:00,0,1.0834,1.08338,1.999999999990898e-05,1.08426,1.08425,1.0000000000065512e-05,1.08303,1.08305,-2.0000000000131024e-05,1.08318,1.08318,0.0,PRICE_FEED_DIFFERENCE
2023.12.05 12:00:00,2023-12-05T12:00:00+00:00,2023-12-05T12:00:00+00:00,0,1.08316,1.08318,-2.0000000000131024e-05,1.08396,1.08396,0.0,1.08294,1.08295,-1.0000000000065512e-05,1.08322,1.08322,0.0,PRICE_FEED_DIFFERENCE
2023.12.05 13:00:00,2023-12-05T13:00:00+00:00,2023-12-05T13:00:00+00:00,0,1.08323,1.08324,-1.0000000000065512e-05,1.08364,1.08365,-1.0000000000065512e-05,1.08151,1.08152,-1.0000000000065512e-05,1.08187,1.08187,0.0,PRICE_FEED_DIFFERENCE
2023.12.05 14:00:00,2023-12-05T14:00:00+00:00,2023-12-05T14:00:00+00:00,0,1.08187,1.08187,0.0,1.08215,1.08215,0.0,1.08123,1.08123,0.0,1.08141,1.08141,0.0,EXACT_MATCH
2023.12.05 15:00:00,2023-12-05T15:00:00+00:00,2023-12-05T15:00:00+00:00,0,1.08142,1.0814,2.0000000000131024e-05,1.08337,1.08338,-1.0000000000065512e-05,1.08137,1.08136,9.999999999843467e-06,1.08286,1.08285,9.999999999843467e-06,PRICE_FEED_DIFFERENCE
2023.12.05 16:00:00,2023-12-05T16:00:00+00:00,2023-12-05T16:00:00+00:00,0,1.08284,1.08284,0.0,1.08303,1.08302,9.999999999843467e-06,1.08013,1.08014,-1.0000000000065512e-05,1.08087,1.08091,-4.0000000000040004e-05,PRICE_FEED_DIFFERENCE
2023.12.05 17:00:00,2023-12-05T17:00:00+00:00,2023-12-05T17:00:00+00:00,0,1.08091,1.08091,0.0,1.08388,1.08388,0.0,1.07991,1.0799,9.999999999843467e-06,1.08056,1.08055,1.0000000000065512e-05,PRICE_FEED_DIFFERENCE
2023.12.05 18:00:00,2023-12-05T18:00:00+00:00,2023-12-05T18:00:00+00:00,0,1.08054,1.08055,-9.999999999843467e-06,1.08131,1.08132,-1.0000000000065512e-05,1.07819,1.07819,0.0,1.0786,1.07859,1.0000000000065512e-05,PRICE_FEED_DIFFERENCE
2023.12.05 19:00:00,2023-12-05T19:00:00+00:00,2023-12-05T19:00:00+00:00,0,1.0786,1.07859,1.0000000000065512e-05,1.07973,1.07975,-1.999999999990898e-05,1.07855,1.07856,-1.0000000000065512e-05,1.07918,1.07918,0.0,PRICE_FEED_DIFFERENCE
2023.12.05 20:00:00,2023-12-05T20:00:00+00:00,2023-12-05T20:00:00+00:00,0,1.07918,1.07919,-1.0000000000065512e-05,1.0793,1.0793,0.0,1.0778,1.07781,-9.999999999843467e-06,1.0785,1.07849,1.0000000000065512e-05,PRICE_FEED_DIFFERENCE
2023.12.05 21:00:00,2023-12-05T21:00:00+00:00,2023-12-05T21:00:00+00:00,0,1.07849,1.07848,9.999999999843467e-06,1.07865,1.07864,1.0000000000065512e-05,1.07809,1.0781,-1.0000000000065512e-05,1.07838,1.07838,0.0,PRICE_FEED_DIFFERENCE
2023.12.05 22:00:00,2023-12-05T22:00:00+00:00,2023-12-05T22:00:00+00:00,0,1.07838,1.07839,-1.0000000000065512e-05,1.07977,1.07978,-1.0000000000065512e-05,1.07818,1.07818,0.0,1.07951,1.07951,0.0,PRICE_FEED_DIFFERENCE
2023.12.05 23:00:00,2023-12-05T23:00:00+00:00,2023-12-05T23:00:00+00:00,0,1.07949,1.07952,-2.999999999997449e-05,1.07988,1.07987,9.999999999843467e-06,1.07935,1.07935,0.0,1.07982,1.07954,0.000280000000000058,PRICE_FEED_DIFFERENCE
2023.12.06 00:00:00,2023-12-06T00:00:00+00:00,2023-12-06T00:00:00+00:00,0,1.07953,1.0795,3.0000000000196536e-05,1.07981,1.07981,0.0,1.07928,1.07913,0.0001500000000000945,1.07972,1.07973,-1.0000000000065512e-05,PRICE_FEED_DIFFERENCE
2023.12.06 01:00:00,2023-12-06T01:00:00+00:00,2023-12-06T01:00:00+00:00,0,1.07974,1.07973,9.999999999843467e-06,1.07974,1.07973,9.999999999843467e-06,1.07907,1.07907,0.0,1.07933,1.07932,9.999999999843467e-06,PRICE_FEED_DIFFERENCE
2023.12.06 02:00:00,2023-12-06T02:00:00+00:00,2023-12-06T02:00:00+00:00,0,1.07934,1.07933,1.0000000000065512e-05,1.07965,1.07965,0.0,1.07891,1.07892,-1.0000000000065512e-05,1.07952,1.07952,0.0,PRICE_FEED_DIFFERENCE
2023.12.06 03:00:00,2023-12-06T03:00:00+00:00,2023-12-06T03:00:00+00:00,0,1.07953,1.07953,0.0,1.07984,1.07984,0.0,1.07879,1.07879,0.0,1.0792,1.0792,0.0,EXACT_MATCH
2023.12.06 04:00:00,2023-12-06T04:00:00+00:00,2023-12-06T04:00:00+00:00,0,1.07919,1.07919,0.0,1.07935,1.07935,0.0,1.0788,1.07881,-1.0000000000065512e-05,1.0792,1.0792,0.0,PRICE_FEED_DIFFERENCE
2023.12.06 05:00:00,2023-12-06T05:00:00+00:00,2023-12-06T05:00:00+00:00,0,1.07921,1.07921,0.0,1.07985,1.07985,0.0,1.07916,1.07916,0.0,1.07968,1.07966,1.999999999990898e-05,PRICE_FEED_DIFFERENCE
2023.12.06 06:00:00,2023-12-06T06:00:00+00:00,2023-12-06T06:00:00+00:00,0,1.07969,1.07965,4.0000000000040004e-05,1.07995,1.07996,-1.0000000000065512e-05,1.07935,1.07935,0.0,1.07942,1.07943,-9.999999999843467e-06,PRICE_FEED_DIFFERENCE
2023.12.06 07:00:00,2023-12-06T07:00:00+00:00,2023-12-06T07:00:00+00:00,0,1.07943,1.07942,9.999999999843467e-06,1.08018,1.08017,9.999999999843467e-06,1.07915,1.07916,-9.999999999843467e-06,1.08011,1.08011,0.0,PRICE_FEED_DIFFERENCE
2023.12.06 08:00:00,2023-12-06T08:00:00+00:00,2023-12-06T08:00:00+00:00,0,1.08011,1.08011,0.0,1.08011,1.08011,0.0,1.07878,1.07876,2.0000000000131024e-05,1.07878,1.07877,1.0000000000065512e-05,PRICE_FEED_DIFFERENCE
2023.12.06 09:00:00,2023-12-06T09:00:00+00:00,2023-12-06T09:00:00+00:00,0,1.07878,1.07876,2.0000000000131024e-05,1.07932,1.07933,-9.999999999843467e-06,1.07779,1.0778,-1.0000000000065512e-05,1.07899,1.07901,-2.0000000000131024e-05,PRICE_FEED_DIFFERENCE
2023.12.06 10:00:00,2023-12-06T10:00:00+00:00,2023-12-06T10:00:00+00:00,0,1.079,1.07898,1.999999999990898e-05,1.079,1.07901,-1.0000000000065512e-05,1.0775,1.0775,0.0,1.07867,1.07866,1.0000000000065512e-05,PRICE_FEED_DIFFERENCE
2023.12.06 11:00:00,2023-12-06T11:00:00+00:00,2023-12-06T11:00:00+00:00,0,1.07866,1.07863,2.999999999997449e-05,1.07977,1.07977,0.0,1.0786,1.0786,0.0,1.0791,1.0791,0.0,PRICE_FEED_DIFFERENCE
2023.12.06 12:00:00,2023-12-06T12:00:00+00:00,2023-12-06T12:00:00+00:00,0,1.07911,1.07911,0.0,1.07958,1.0796,-1.999999999990898e-05,1.07874,1.07875,-1.0000000000065512e-05,1.07908,1.07908,0.0,PRICE_FEED_DIFFERENCE
2023.12.06 13:00:00,2023-12-06T13:00:00+00:00,2023-12-06T13:00:00+00:00,0,1.07907,1.07907,0.0,1.07907,1.07907,0.0,1.07779,1.0778,-1.0000000000065512e-05,1.07798,1.07798,0.0,PRICE_FEED_DIFFERENCE
2023.12.06 14:00:00,2023-12-06T14:00:00+00:00,2023-12-06T14:00:00+00:00,0,1.07799,1.07798,1.0000000000065512e-05,1.07806,1.07805,1.0000000000065512e-05,1.07724,1.07725,-1.0000000000065512e-05,1.07773,1.07773,0.0,PRICE_FEED_DIFFERENCE
2023.12.06 15:00:00,2023-12-06T15:00:00+00:00,2023-12-06T15:00:00+00:00,0,1.07772,1.07772,0.0,1.07996,1.07996,0.0,1.0777,1.0777,0.0,1.0798,1.07981,-9.999999999843467e-06,PRICE_FEED_DIFFERENCE
2023.12.06 16:00:00,2023-12-06T16:00:00+00:00,2023-12-06T16:00:00+00:00,0,1.07979,1.07979,0.0,1.08045,1.08047,-2.0000000000131024e-05,1.07887,1.07886,1.0000000000065512e-05,1.07946,1.07947,-9.999999999843467e-06,PRICE_FEED_DIFFERENCE
2023.12.06 17:00:00,2023-12-06T17:00:00+00:00,2023-12-06T17:00:00+00:00,0,1.07944,1.07946,-2.0000000000131024e-05,1.08005,1.08004,1.0000000000065512e-05,1.07854,1.07854,0.0,1.07901,1.079,1.0000000000065512e-05,PRICE_FEED_DIFFERENCE
2023.12.06 18:00:00,2023-12-06T18:00:00+00:00,2023-12-06T18:00:00+00:00,0,1.07899,1.07899,0.0,1.08003,1.08002,1.0000000000065512e-05,1.07836,1.07836,0.0,1.07892,1.07891,1.0000000000065512e-05,PRICE_FEED_DIFFERENCE
2023.12.06 19:00:00,2023-12-06T19:00:00+00:00,2023-12-06T19:00:00+00:00,0,1.07891,1.0789,1.0000000000065512e-05,1.07918,1.07918,0.0,1.07807,1.07808,-9.999999999843467e-06,1.07813,1.07815,-1.999999999990898e-05,PRICE_FEED_DIFFERENCE
2023.12.06 20:00:00,2023-12-06T20:00:00+00:00,2023-12-06T20:00:00+00:00,0,1.07811,1.07814,-3.0000000000196536e-05,1.07842,1.07842,0.0,1.0771,1.07711,-1.0000000000065512e-05,1.07783,1.07782,1.0000000000065512e-05,PRICE_FEED_DIFFERENCE
2023.12.06 21:00:00,2023-12-06T21:00:00+00:00,2023-12-06T21:00:00+00:00,0,1.07783,1.07782,1.0000000000065512e-05,1.07787,1.07787,0.0,1.07671,1.07671,0.0,1.07684,1.07684,0.0,PRICE_FEED_DIFFERENCE
2023.12.06 22:00:00,2023-12-06T22:00:00+00:00,2023-12-06T22:00:00+00:00,0,1.07684,1.07683,1.0000000000065512e-05,1.07695,1.07695,0.0,1.07584,1.07586,-2.0000000000131024e-05,1.07621,1.07621,0.0,PRICE_FEED_DIFFERENCE
2023.12.06 23:00:00,2023-12-06T23:00:00+00:00,2023-12-06T23:00:00+00:00,0,1.07621,1.07621,0.0,1.07662,1.07661,9.999999999843467e-06,1.0762,1.07619,1.0000000000065512e-05,1.07633,1.07636,-2.999999999997449e-05,PRICE_FEED_DIFFERENCE
2023.12.07 00:00:00,2023-12-07T00:00:00+00:00,2023-12-07T00:00:00+00:00,0,1.07659,1.07631,0.00027999999999983594,1.07683,1.07682,9.999999999843467e-06,1.07622,1.07631,-9.000000000014552e-05,1.0767,1.07671,-1.0000000000065512e-05,PRICE_FEED_DIFFERENCE
2023.12.07 01:00:00,2023-12-07T01:00:00+00:00,2023-12-07T01:00:00+00:00,0,1.07687,1.0767,0.00017000000000000348,1.07687,1.07674,0.00012999999999996348,1.07644,1.07644,0.0,1.07661,1.07661,0.0,PRICE_FEED_DIFFERENCE
2023.12.07 02:00:00,2023-12-07T02:00:00+00:00,2023-12-07T02:00:00+00:00,0,1.07666,1.07664,1.999999999990898e-05,1.07722,1.07721,1.0000000000065512e-05,1.07654,1.07655,-9.999999999843467e-06,1.07687,1.07687,0.0,PRICE_FEED_DIFFERENCE
2023.12.07 03:00:00,2023-12-07T03:00:00+00:00,2023-12-07T03:00:00+00:00,0,1.07687,1.07686,1.0000000000065512e-05,1.07712,1.07711,1.0000000000065512e-05,1.07641,1.0764,1.0000000000065512e-05,1.07672,1.07671,9.999999999843467e-06,PRICE_FEED_DIFFERENCE
2023.12.07 04:00:00,2023-12-07T04:00:00+00:00,2023-12-07T04:00:00+00:00,0,1.07672,1.0767,1.999999999990898e-05,1.07708,1.07708,0.0,1.0762,1.0762,0.0,1.07647,1.07649,-1.999999999990898e-05,PRICE_FEED_DIFFERENCE
2023.12.07 05:00:00,2023-12-07T05:00:00+00:00,2023-12-07T05:00:00+00:00,0,1.0765,1.07648,1.999999999990898e-05,1.07654,1.07654,0.0,1.07591,1.07593,-2.0000000000131024e-05,1.07595,1.07596,-1.0000000000065512e-05,PRICE_FEED_DIFFERENCE
2023.12.07 06:00:00,2023-12-07T06:00:00+00:00,2023-12-07T06:00:00+00:00,0,1.07594,1.07595,-1.0000000000065512e-05,1.07626,1.07626,0.0,1.07578,1.0758,-2.0000000000131024e-05,1.07604,1.07603,1.0000000000065512e-05,PRICE_FEED_DIFFERENCE
2023.12.07 07:00:00,2023-12-07T07:00:00+00:00,2023-12-07T07:00:00+00:00,0,1.07604,1.07604,0.0,1.0763,1.07629,1.0000000000065512e-05,1.07568,1.07569,-1.0000000000065512e-05,1.07616,1.07616,0.0,PRICE_FEED_DIFFERENCE
2023.12.07 08:00:00,2023-12-07T08:00:00+00:00,2023-12-07T08:00:00+00:00,0,1.07616,1.07616,0.0,1.07668,1.07667,1.0000000000065512e-05,1.07585,1.07585,0.0,1.07639,1.07639,0.0,PRICE_FEED_DIFFERENCE
2023.12.07 09:00:00,2023-12-07T09:00:00+00:00,2023-12-07T09:00:00+00:00,0,1.07637,1.07638,-9.999999999843467e-06,1.07811,1.07811,0.0,1.0755,1.07552,-2.0000000000131024e-05,1.07808,1.07807,9.999999999843467e-06,PRICE_FEED_DIFFERENCE
2023.12.07 10:00:00,2023-12-07T10:00:00+00:00,2023-12-07T10:00:00+00:00,0,1.07809,1.07808,1.0000000000065512e-05,1.07828,1.07827,9.999999999843467e-06,1.07719,1.07719,0.0,1.078,1.07801,-9.999999999843467e-06,PRICE_FEED_DIFFERENCE
2023.12.07 11:00:00,2023-12-07T11:00:00+00:00,2023-12-07T11:00:00+00:00,0,1.078,1.07801,-9.999999999843467e-06,1.07846,1.07845,1.0000000000065512e-05,1.07717,1.07717,0.0,1.07798,1.07797,9.999999999843467e-06,PRICE_FEED_DIFFERENCE
2023.12.07 12:00:00,2023-12-07T12:00:00+00:00,2023-12-07T12:00:00+00:00,0,1.07798,1.07797,9.999999999843467e-06,1.07832,1.07832,0.0,1.07638,1.07638,0.0,1.07711,1.07711,0.0,PRICE_FEED_DIFFERENCE
2023.12.07 13:00:00,2023-12-07T13:00:00+00:00,2023-12-07T13:00:00+00:00,0,1.07711,1.07711,0.0,1.07773,1.07772,1.0000000000065512e-05,1.07635,1.07636,-1.0000000000065512e-05,1.07706,1.07707,-1.0000000000065512e-05,PRICE_FEED_DIFFERENCE
2023.12.07 14:00:00,2023-12-07T14:00:00+00:00,2023-12-07T14:00:00+00:00,0,1.07707,1.07706,1.0000000000065512e-05,1.07742,1.07742,0.0,1.07592,1.07593,-1.0000000000065512e-05,1.07691,1.07692,-1.0000000000065512e-05,PRICE_FEED_DIFFERENCE
2023.12.07 15:00:00,2023-12-07T15:00:00+00:00,2023-12-07T15:00:00+00:00,0,1.07692,1.07691,1.0000000000065512e-05,1.07979,1.07979,0.0,1.0761,1.07611,-9.999999999843467e-06,1.07902,1.07901,1.0000000000065512e-05,PRICE_FEED_DIFFERENCE
2023.12.07 16:00:00,2023-12-07T16:00:00+00:00,2023-12-07T16:00:00+00:00,0,1.07903,1.07902,9.999999999843467e-06,1.07918,1.07916,2.0000000000131024e-05,1.07702,1.07703,-9.999999999843467e-06,1.07702,1.07703,-9.999999999843467e-06,PRICE_FEED_DIFFERENCE
2023.12.07 17:00:00,2023-12-07T17:00:00+00:00,2023-12-07T17:00:00+00:00,0,1.077,1.07702,-2.0000000000131024e-05,1.07935,1.07934,1.0000000000065512e-05,1.07669,1.0767,-1.0000000000065512e-05,1.0784,1.07839,1.0000000000065512e-05,PRICE_FEED_DIFFERENCE
2023.12.07 18:00:00,2023-12-07T18:00:00+00:00,2023-12-07T18:00:00+00:00,0,1.07839,1.07839,0.0,1.07956,1.07955,1.0000000000065512e-05,1.07839,1.07839,0.0,1.07938,1.07937,1.0000000000065512e-05,PRICE_FEED_DIFFERENCE
2023.12.07 19:00:00,2023-12-07T19:00:00+00:00,2023-12-07T19:00:00+00:00,0,1.07939,1.07936,2.999999999997449e-05,1.08174,1.08175,-1.0000000000065512e-05,1.0789,1.0789,0.0,1.08135,1.08137,-1.999999999990898e-05,PRICE_FEED_DIFFERENCE
2023.12.07 20:00:00,2023-12-07T20:00:00+00:00,2023-12-07T20:00:00+00:00,0,1.08131,1.08136,-5.0000000000105516e-05,1.08136,1.08137,-9.999999999843467e-06,1.08026,1.08027,-1.0000000000065512e-05,1.08054,1.08053,1.0000000000065512e-05,PRICE_FEED_DIFFERENCE
2023.12.07 21:00:00,2023-12-07T21:00:00+00:00,2023-12-07T21:00:00+00:00,0,1.08052,1.08053,-1.0000000000065512e-05,1.0806,1.08061,-1.0000000000065512e-05,1.07981,1.07981,0.0,1.07981,1.07981,0.0,PRICE_FEED_DIFFERENCE
2023.12.07 22:00:00,2023-12-07T22:00:00+00:00,2023-12-07T22:00:00+00:00,0,1.07983,1.07982,1.0000000000065512e-05,1.08037,1.08037,0.0,1.07951,1.07951,0.0,1.07953,1.07953,0.0,PRICE_FEED_DIFFERENCE
2023.12.07 23:00:00,2023-12-07T23:00:00+00:00,2023-12-07T23:00:00+00:00,0,1.07952,1.07953,-1.0000000000065512e-05,1.07961,1.07962,-1.0000000000065512e-05,1.07905,1.07905,0.0,1.07959,1.07933,0.000260000000000149,PRICE_FEED_DIFFERENCE
2023.12.08 00:00:00,2023-12-08T00:00:00+00:00,2023-12-08T00:00:00+00:00,0,1.07909,1.07931,-0.00021999999999988695,1.07957,1.07974,-0.00017000000000000348,1.07886,1.07907,-0.00021000000000004349,1.07924,1.07919,4.999999999988347e-05,PRICE_FEED_DIFFERENCE
2023.12.08 01:00:00,2023-12-08T01:00:00+00:00,2023-12-08T01:00:00+00:00,0,1.07919,1.07924,-4.999999999988347e-05,1.07968,1.07967,1.0000000000065512e-05,1.07894,1.07894,0.0,1.07897,1.07895,1.999999999990898e-05,PRICE_FEED_DIFFERENCE
2023.12.08 02:00:00,2023-12-08T02:00:00+00:00,2023-12-08T02:00:00+00:00,0,1.07899,1.07896,2.999999999997449e-05,1.07976,1.07979,-2.999999999997449e-05,1.07883,1.07884,-1.0000000000065512e-05,1.0796,1.07959,9.999999999843467e-06,PRICE_FEED_DIFFERENCE
2023.12.08 03:00:00,2023-12-08T03:00:00+00:00,2023-12-08T03:00:00+00:00,0,1.07961,1.0796,1.0000000000065512e-05,1.08006,1.08005,1.0000000000065512e-05,1.07851,1.07852,-9.999999999843467e-06,1.0788,1.0788,0.0,PRICE_FEED_DIFFERENCE
2023.12.08 04:00:00,2023-12-08T04:00:00+00:00,2023-12-08T04:00:00+00:00,0,1.0788,1.0788,0.0,1.079,1.07898,1.999999999990898e-05,1.07837,1.07836,1.0000000000065512e-05,1.07894,1.07894,0.0,PRICE_FEED_DIFFERENCE
2023.12.08 05:00:00,2023-12-08T05:00:00+00:00,2023-12-08T05:00:00+00:00,0,1.07894,1.07895,-1.0000000000065512e-05,1.07955,1.07955,0.0,1.07878,1.07879,-9.999999999843467e-06,1.07918,1.07919,-1.0000000000065512e-05,PRICE_FEED_DIFFERENCE
2023.12.08 06:00:00,2023-12-08T06:00:00+00:00,2023-12-08T06:00:00+00:00,0,1.07919,1.07917,2.0000000000131024e-05,1.0792,1.07919,9.999999999843467e-06,1.07825,1.07827,-2.0000000000131024e-05,1.07828,1.07829,-1.0000000000065512e-05,PRICE_FEED_DIFFERENCE
2023.12.08 07:00:00,2023-12-08T07:00:00+00:00,2023-12-08T07:00:00+00:00,0,1.0783,1.07828,2.0000000000131024e-05,1.07892,1.07891,1.0000000000065512e-05,1.07822,1.07823,-1.0000000000065512e-05,1.07839,1.07838,1.0000000000065512e-05,PRICE_FEED_DIFFERENCE
2023.12.08 08:00:00,2023-12-08T08:00:00+00:00,2023-12-08T08:00:00+00:00,0,1.0784,1.07836,4.0000000000040004e-05,1.07871,1.07872,-9.999999999843467e-06,1.07789,1.07787,1.999999999990898e-05,1.07795,1.07792,2.999999999997449e-05,PRICE_FEED_DIFFERENCE
2023.12.08 09:00:00,2023-12-08T09:00:00+00:00,2023-12-08T09:00:00+00:00,0,1.07796,1.07795,1.0000000000065512e-05,1.07824,1.07824,0.0,1.0773,1.0773,0.0,1.07791,1.07791,0.0,PRICE_FEED_DIFFERENCE
2023.12.08 10:00:00,2023-12-08T10:00:00+00:00,2023-12-08T10:00:00+00:00,0,1.07792,1.07792,0.0,1.07911,1.07911,0.0,1.07769,1.07768,1.0000000000065512e-05,1.07893,1.07893,0.0,PRICE_FEED_DIFFERENCE
2023.12.08 11:00:00,2023-12-08T11:00:00+00:00,2023-12-08T11:00:00+00:00,0,1.07893,1.07892,9.999999999843467e-06,1.07894,1.07893,1.0000000000065512e-05,1.07722,1.07723,-9.999999999843467e-06,1.07769,1.07767,2.0000000000131024e-05,PRICE_FEED_DIFFERENCE
2023.12.08 12:00:00,2023-12-08T12:00:00+00:00,2023-12-08T12:00:00+00:00,0,1.07768,1.07767,1.0000000000065512e-05,1.07898,1.07898,0.0,1.0775,1.07752,-2.0000000000131024e-05,1.07839,1.0784,-1.0000000000065512e-05,PRICE_FEED_DIFFERENCE
2023.12.08 13:00:00,2023-12-08T13:00:00+00:00,2023-12-08T13:00:00+00:00,0,1.07837,1.0784,-2.999999999997449e-05,1.07872,1.07873,-1.0000000000065512e-05,1.07779,1.0778,-1.0000000000065512e-05,1.07829,1.07827,1.999999999990898e-05,PRICE_FEED_DIFFERENCE
2023.12.08 14:00:00,2023-12-08T14:00:00+00:00,2023-12-08T14:00:00+00:00,0,1.07828,1.07827,9.999999999843467e-06,1.07861,1.07859,2.0000000000131024e-05,1.0775,1.07751,-1.0000000000065512e-05,1.07773,1.07773,0.0,PRICE_FEED_DIFFERENCE
2023.12.08 15:00:00,2023-12-08T15:00:00+00:00,2023-12-08T15:00:00+00:00,0,1.07774,1.07772,1.999999999990898e-05,1.07797,1.07797,0.0,1.07233,1.07236,-2.999999999997449e-05,1.07468,1.07469,-9.999999999843467e-06,PRICE_FEED_DIFFERENCE
2023.12.08 16:00:00,2023-12-08T16:00:00+00:00,2023-12-08T16:00:00+00:00,0,1.07469,1.07469,0.0,1.07531,1.07531,0.0,1.07303,1.07304,-1.0000000000065512e-05,1.07461,1.0746,1.0000000000065512e-05,PRICE_FEED_DIFFERENCE
2023.12.08 17:00:00,2023-12-08T17:00:00+00:00,2023-12-08T17:00:00+00:00,0,1.07461,1.07464,-2.999999999997449e-05,1.07856,1.07856,0.0,1.07461,1.07464,-2.999999999997449e-05,1.07684,1.07682,1.999999999990898e-05,PRICE_FEED_DIFFERENCE
2023.12.08 18:00:00,2023-12-08T18:00:00+00:00,2023-12-08T18:00:00+00:00,0,1.07683,1.07683,0.0,1.07704,1.07703,1.0000000000065512e-05,1.07436,1.07437,-1.0000000000065512e-05,1.07448,1.07447,1.0000000000065512e-05,PRICE_FEED_DIFFERENCE
2023.12.08 19:00:00,2023-12-08T19:00:00+00:00,2023-12-08T19:00:00+00:00,0,1.07446,1.07448,-2.0000000000131024e-05,1.07576,1.07575,1.0000000000065512e-05,1.07401,1.07402,-1.0000000000065512e-05,1.0756,1.0756,0.0,PRICE_FEED_DIFFERENCE
2023.12.08 20:00:00,2023-12-08T20:00:00+00:00,2023-12-08T20:00:00+00:00,0,1.0756,1.0756,0.0,1.07623,1.07623,0.0,1.07528,1.07528,0.0,1.07571,1.07571,0.0,EXACT_MATCH
2023.12.08 21:00:00,2023-12-08T21:00:00+00:00,2023-12-08T21:00:00+00:00,0,1.07572,1.07572,0.0,1.07616,1.07616,0.0,1.07565,1.07565,0.0,1.07587,1.07587,0.0,EXACT_MATCH
2023.12.08 22:00:00,2023-12-08T22:00:00+00:00,2023-12-08T22:00:00+00:00,0,1.07586,1.07587,-1.0000000000065512e-05,1.07663,1.07664,-1.0000000000065512e-05,1.07568,1.07569,-1.0000000000065512e-05,1.07635,1.07636,-1.0000000000065512e-05,PRICE_FEED_DIFFERENCE
2023.12.08 23:00:00,2023-12-08T23:00:00+00:00,2023-12-08T23:00:00+00:00,0,1.07637,1.07636,1.0000000000065512e-05,1.07641,1.07642,-9.999999999843467e-06,1.07607,1.07578,0.0002900000000001235,1.07624,1.07592,0.000320000000000098,PRICE_FEED_DIFFERENCE
2023.12.11 00:00:00,2023-12-11T00:00:00+00:00,2023-12-11T00:00:00+00:00,0,1.0759,1.07592,-1.999999999990898e-05,1.07613,1.07617,-4.0000000000040004e-05,1.07553,1.07556,-2.999999999997449e-05,1.07605,1.07611,-5.999999999994898e-05,PRICE_FEED_DIFFERENCE
2023.12.11 01:00:00,2023-12-11T01:00:00+00:00,2023-12-11T01:00:00+00:00,0,1.07604,1.07614,-9.999999999998899e-05,1.07677,1.07676,1.0000000000065512e-05,1.07604,1.07614,-9.999999999998899e-05,1.07652,1.07651,9.999999999843467e-06,PRICE_FEED_DIFFERENCE
2023.12.11 02:00:00,2023-12-11T02:00:00+00:00,2023-12-11T02:00:00+00:00,0,1.07654,1.07653,1.0000000000065512e-05,1.07735,1.07734,1.0000000000065512e-05,1.07649,1.0765,-1.0000000000065512e-05,1.0772,1.07719,9.999999999843467e-06,PRICE_FEED_DIFFERENCE
2023.12.11 03:00:00,2023-12-11T03:00:00+00:00,2023-12-11T03:00:00+00:00,0,1.07723,1.0772,2.999999999997449e-05,1.07738,1.07739,-1.0000000000065512e-05,1.07671,1.07671,0.0,1.07674,1.07674,0.0,PRICE_FEED_DIFFERENCE
2023.12.11 04:00:00,2023-12-11T04:00:00+00:00,2023-12-11T04:00:00+00:00,0,1.07674,1.07673,1.0000000000065512e-05,1.0768,1.07679,1.0000000000065512e-05,1.07639,1.07639,0.0,1.07659,1.0766,-1.0000000000065512e-05,PRICE_FEED_DIFFERENCE
2023.12.11 05:00:00,2023-12-11T05:00:00+00:00,2023-12-11T05:00:00+00:00,0,1.07659,1.0766,-1.0000000000065512e-05,1.07678,1.07678,0.0,1.07635,1.07635,0.0,1.0765,1.07649,1.0000000000065512e-05,PRICE_FEED_DIFFERENCE
2023.12.11 06:00:00,2023-12-11T06:00:00+00:00,2023-12-11T06:00:00+00:00,0,1.07648,1.07648,0.0,1.07649,1.0765,-1.0000000000065512e-05,1.07608,1.07608,0.0,1.0763,1.0763,0.0,PRICE_FEED_DIFFERENCE
2023.12.11 07:00:00,2023-12-11T07:00:00+00:00,2023-12-11T07:00:00+00:00,0,1.07629,1.07629,0.0,1.07683,1.07683,0.0,1.0762,1.0762,0.0,1.07681,1.07679,2.0000000000131024e-05,PRICE_FEED_DIFFERENCE
2023.12.11 08:00:00,2023-12-11T08:00:00+00:00,2023-12-11T08:00:00+00:00,0,1.07681,1.07678,2.999999999997449e-05,1.07707,1.07709,-2.0000000000131024e-05,1.07664,1.07665,-1.0000000000065512e-05,1.07695,1.07694,1.0000000000065512e-05,PRICE_FEED_DIFFERENCE
2023.12.11 09:00:00,2023-12-11T09:00:00+00:00,2023-12-11T09:00:00+00:00,0,1.07694,1.07694,0.0,1.07695,1.07694,1.0000000000065512e-05,1.07529,1.0753,-9.999999999843467e-06,1.07557,1.07557,0.0,PRICE_FEED_DIFFERENCE
2023.12.11 10:00:00,2023-12-11T10:00:00+00:00,2023-12-11T10:00:00+00:00,0,1.07558,1.07557,1.0000000000065512e-05,1.07707,1.07706,1.0000000000065512e-05,1.07513,1.07513,0.0,1.0765,1.07651,-1.0000000000065512e-05,PRICE_FEED_DIFFERENCE
2023.12.11 11:00:00,2023-12-11T11:00:00+00:00,2023-12-11T11:00:00+00:00,0,1.07651,1.0765,1.0000000000065512e-05,1.07679,1.07679,0.0,1.07574,1.07573,9.999999999843467e-06,1.07669,1.07669,0.0,PRICE_FEED_DIFFERENCE
2023.12.11 12:00:00,2023-12-11T12:00:00+00:00,2023-12-11T12:00:00+00:00,0,1.07669,1.07668,9.999999999843467e-06,1.07788,1.07789,-1.0000000000065512e-05,1.07666,1.07667,-1.0000000000065512e-05,1.07734,1.07733,1.0000000000065512e-05,PRICE_FEED_DIFFERENCE
2023.12.11 13:00:00,2023-12-11T13:00:00+00:00,2023-12-11T13:00:00+00:00,0,1.07734,1.07732,1.999999999990898e-05,1.07776,1.07779,-2.999999999997449e-05,1.07634,1.07635,-9.999999999843467e-06,1.07682,1.07682,0.0,PRICE_FEED_DIFFERENCE
2023.12.11 14:00:00,2023-12-11T14:00:00+00:00,2023-12-11T14:00:00+00:00,0,1.07682,1.07681,1.0000000000065512e-05,1.07704,1.07704,0.0,1.07553,1.07553,0.0,1.07611,1.07611,0.0,PRICE_FEED_DIFFERENCE
2023.12.11 15:00:00,2023-12-11T15:00:00+00:00,2023-12-11T15:00:00+00:00,0,1.07611,1.0761,9.999999999843467e-06,1.07667,1.07666,1.0000000000065512e-05,1.07521,1.07522,-1.0000000000065512e-05,1.07636,1.07635,1.0000000000065512e-05,PRICE_FEED_DIFFERENCE
2023.12.11 16:00:00,2023-12-11T16:00:00+00:00,2023-12-11T16:00:00+00:00,0,1.07636,1.07636,0.0,1.07637,1.07636,1.0000000000065512e-05,1.07439,1.07439,0.0,1.0753,1.0753,0.0,PRICE_FEED_DIFFERENCE
2023.12.11 17:00:00,2023-12-11T17:00:00+00:00,2023-12-11T17:00:00+00:00,0,1.0753,1.0753,0.0,1.07601,1.076,9.999999999843467e-06,1.07417,1.07417,0.0,1.07441,1.07441,0.0,PRICE_FEED_DIFFERENCE
2023.12.11 18:00:00,2023-12-11T18:00:00+00:00,2023-12-11T18:00:00+00:00,0,1.0744,1.07442,-1.999999999990898e-05,1.07496,1.07496,0.0,1.07415,1.07415,0.0,1.07458,1.07459,-9.999999999843467e-06,PRICE_FEED_DIFFERENCE
2023.12.11 19:00:00,2023-12-11T19:00:00+00:00,2023-12-11T19:00:00+00:00,0,1.07458,1.07458,0.0,1.0755,1.0755,0.0,1.07431,1.07432,-9.999999999843467e-06,1.0744,1.0744,0.0,PRICE_FEED_DIFFERENCE
2023.12.11 20:00:00,2023-12-11T20:00:00+00:00,2023-12-11T20:00:00+00:00,0,1.0744,1.0744,0.0,1.0765,1.0765,0.0,1.07424,1.07425,-9.999999999843467e-06,1.07633,1.07634,-1.0000000000065512e-05,PRICE_FEED_DIFFERENCE
2023.12.11 21:00:00,2023-12-11T21:00:00+00:00,2023-12-11T21:00:00+00:00,0,1.07633,1.07634,-1.0000000000065512e-05,1.07697,1.07696,1.0000000000065512e-05,1.07608,1.07607,9.999999999843467e-06,1.07612,1.07612,0.0,PRICE_FEED_DIFFERENCE
2023.12.11 22:00:00,2023-12-11T22:00:00+00:00,2023-12-11T22:00:00+00:00,0,1.07611,1.07612,-1.0000000000065512e-05,1.0765,1.07649,1.0000000000065512e-05,1.07606,1.07605,1.0000000000065512e-05,1.07648,1.07646,2.0000000000131024e-05,PRICE_FEED_DIFFERENCE
2023.12.11 23:00:00,2023-12-11T23:00:00+00:00,2023-12-11T23:00:00+00:00,0,1.07643,1.07645,-1.999999999990898e-05,1.0765,1.0765,0.0,1.07636,1.07636,0.0,1.0764,1.0764,0.0,PRICE_FEED_DIFFERENCE
2023.12.12 00:00:00,2023-12-12T00:00:00+00:00,2023-12-12T00:00:00+00:00,0,1.07606,1.0764,-0.00034000000000000696,1.0765,1.07643,7.00000000000145e-05,1.07572,1.07586,-0.000140000000000029,1.07647,1.07635,0.00012000000000012001,PRICE_FEED_DIFFERENCE
2023.12.12 01:00:00,2023-12-12T01:00:00+00:00,2023-12-12T01:00:00+00:00,0,1.07646,1.07634,0.00011999999999989797,1.07654,1.07654,0.0,1.07635,1.07632,2.999999999997449e-05,1.07653,1.07653,0.0,PRICE_FEED_DIFFERENCE
2023.12.12 02:00:00,2023-12-12T02:00:00+00:00,2023-12-12T02:00:00+00:00,0,1.07653,1.07653,0.0,1.07661,1.0766,1.0000000000065512e-05,1.0763,1.07633,-2.999999999997449e-05,1.07649,1.07649,0.0,PRICE_FEED_DIFFERENCE
2023.12.12 03:00:00,2023-12-12T03:00:00+00:00,2023-12-12T03:00:00+00:00,0,1.0765,1.07649,1.0000000000065512e-05,1.07696,1.07696,0.0,1.07641,1.07641,0.0,1.07647,1.07648,-1.0000000000065512e-05,PRICE_FEED_DIFFERENCE
2023.12.12 04:00:00,2023-12-12T04:00:00+00:00,2023-12-12T04:00:00+00:00,0,1.07646,1.07647,-1.0000000000065512e-05,1.07701,1.07703,-1.999999999990898e-05,1.07615,1.07615,0.0,1.07616,1.07617,-1.0000000000065512e-05,PRICE_FEED_DIFFERENCE
2023.12.12 05:00:00,2023-12-12T05:00:00+00:00,2023-12-12T05:00:00+00:00,0,1.07616,1.07616,0.0,1.07692,1.07692,0.0,1.07611,1.07612,-1.0000000000065512e-05,1.07682,1.07682,0.0,PRICE_FEED_DIFFERENCE
2023.12.12 06:00:00,2023-12-12T06:00:00+00:00,2023-12-12T06:00:00+00:00,0,1.07682,1.07682,0.0,1.07693,1.07693,0.0,1.0764,1.07641,-1.0000000000065512e-05,1.07651,1.07651,0.0,PRICE_FEED_DIFFERENCE
2023.12.12 07:00:00,2023-12-12T07:00:00+00:00,2023-12-12T07:00:00+00:00,0,1.07651,1.07654,-2.999999999997449e-05,1.07709,1.07709,0.0,1.07651,1.07653,-1.999999999990898e-05,1.07691,1.07689,2.0000000000131024e-05,PRICE_FEED_DIFFERENCE
2023.12.12 08:00:00,2023-12-12T08:00:00+00:00,2023-12-12T08:00:00+00:00,0,1.07692,1.07692,0.0,1.07798,1.07798,0.0,1.07685,1.07685,0.0,1.07792,1.07793,-1.0000000000065512e-05,PRICE_FEED_DIFFERENCE
2023.12.12 09:00:00,2023-12-12T09:00:00+00:00,2023-12-12T09:00:00+00:00,0,1.07798,1.07792,5.999999999994898e-05,1.07831,1.07832,-9.999999999843467e-06,1.07736,1.07738,-1.999999999990898e-05,1.07778,1.07777,1.0000000000065512e-05,PRICE_FEED_DIFFERENCE
2023.12.12 10:00:00,2023-12-12T10:00:00+00:00,2023-12-12T10:00:00+00:00,0,1.07778,1.07777,1.0000000000065512e-05,1.0792,1.0792,0.0,1.07731,1.07731,0.0,1.07852,1.07852,0.0,PRICE_FEED_DIFFERENCE
2023.12.12 11:00:00,2023-12-12T11:00:00+00:00,2023-12-12T11:00:00+00:00,0,1.0785,1.07852,-1.999999999990898e-05,1.07976,1.07975,1.0000000000065512e-05,1.07804,1.07805,-9.999999999843467e-06,1.07932,1.07932,0.0,PRICE_FEED_DIFFERENCE
2023.12.12 12:00:00,2023-12-12T12:00:00+00:00,2023-12-12T12:00:00+00:00,0,1.07933,1.07931,1.999999999990898e-05,1.08072,1.08072,0.0,1.07926,1.07926,0.0,1.08009,1.0801,-1.0000000000065512e-05,PRICE_FEED_DIFFERENCE
2023.12.12 13:00:00,2023-12-12T13:00:00+00:00,2023-12-12T13:00:00+00:00,0,1.08011,1.08011,0.0,1.08016,1.08016,0.0,1.0792,1.07921,-1.0000000000065512e-05,1.07965,1.07963,1.999999999990898e-05,PRICE_FEED_DIFFERENCE
2023.12.12 14:00:00,2023-12-12T14:00:00+00:00,2023-12-12T14:00:00+00:00,0,1.07964,1.07963,9.999999999843467e-06,1.08058,1.08058,0.0,1.07955,1.07956,-1.0000000000065512e-05,1.07981,1.07981,0.0,PRICE_FEED_DIFFERENCE
2023.12.12 15:00:00,2023-12-12T15:00:00+00:00,2023-12-12T15:00:00+00:00,0,1.0798,1.07981,-9.999999999843467e-06,1.08279,1.08279,0.0,1.07734,1.07735,-1.0000000000065512e-05,1.07765,1.07766,-1.0000000000065512e-05,PRICE_FEED_DIFFERENCE
2023.12.12 16:00:00,2023-12-12T16:00:00+00:00,2023-12-12T16:00:00+00:00,0,1.07763,1.07764,-9.999999999843467e-06,1.08001,1.08001,0.0,1.07669,1.07671,-2.0000000000131024e-05,1.07743,1.07742,1.0000000000065512e-05,PRICE_FEED_DIFFERENCE
2023.12.12 17:00:00,2023-12-12T17:00:00+00:00,2023-12-12T17:00:00+00:00,0,1.07744,1.07742,1.999999999990898e-05,1.07899,1.07898,9.999999999843467e-06,1.07692,1.07692,0.0,1.07842,1.07842,0.0,PRICE_FEED_DIFFERENCE
2023.12.12 18:00:00,2023-12-12T18:00:00+00:00,2023-12-12T18:00:00+00:00,0,1.07843,1.07846,-2.999999999997449e-05,1.07933,1.07931,1.999999999990898e-05,1.07811,1.0781,9.999999999843467e-06,1.07888,1.07887,1.0000000000065512e-05,PRICE_FEED_DIFFERENCE
2023.12.12 19:00:00,2023-12-12T19:00:00+00:00,2023-12-12T19:00:00+00:00,0,1.07888,1.07888,0.0,1.07957,1.07956,9.999999999843467e-06,1.07838,1.07839,-1.0000000000065512e-05,1.07882,1.0788,1.999999999990898e-05,PRICE_FEED_DIFFERENCE
2023.12.12 20:00:00,2023-12-12T20:00:00+00:00,2023-12-12T20:00:00+00:00,0,1.07881,1.07879,2.0000000000131024e-05,1.07985,1.07986,-1.0000000000065512e-05,1.07867,1.07868,-1.0000000000065512e-05,1.0793,1.07931,-1.0000000000065512e-05,PRICE_FEED_DIFFERENCE
2023.12.12 21:00:00,2023-12-12T21:00:00+00:00,2023-12-12T21:00:00+00:00,0,1.0793,1.07931,-1.0000000000065512e-05,1.07938,1.07936,1.999999999990898e-05,1.07874,1.07875,-1.0000000000065512e-05,1.07901,1.07902,-1.0000000000065512e-05,PRICE_FEED_DIFFERENCE
2023.12.12 22:00:00,2023-12-12T22:00:00+00:00,2023-12-12T22:00:00+00:00,0,1.07901,1.07901,0.0,1.07983,1.07983,0.0,1.0789,1.07891,-1.0000000000065512e-05,1.07973,1.07971,2.0000000000131024e-05,PRICE_FEED_DIFFERENCE
2023.12.12 23:00:00,2023-12-12T23:00:00+00:00,2023-12-12T23:00:00+00:00,0,1.07972,1.07971,1.0000000000065512e-05,1.07991,1.07991,0.0,1.07946,1.07937,9.000000000014552e-05,1.07951,1.07937,0.000140000000000029,PRICE_FEED_DIFFERENCE
2023.12.13 00:00:00,2023-12-13T00:00:00+00:00,2023-12-13T00:00:00+00:00,0,1.07931,1.07937,-5.999999999994898e-05,1.07964,1.07959,4.999999999988347e-05,1.07888,1.07934,-0.00045999999999990493,1.07959,1.07959,0.0,PRICE_FEED_DIFFERENCE
2023.12.13 01:00:00,2023-12-13T01:00:00+00:00,2023-12-13T01:00:00+00:00,0,1.07962,1.07959,2.999999999997449e-05,1.07993,1.07992,1.0000000000065512e-05,1.07949,1.07952,-2.999999999997449e-05,1.07983,1.07982,1.0000000000065512e-05,PRICE_FEED_DIFFERENCE
2023.12.13 02:00:00,2023-12-13T02:00:00+00:00,2023-12-13T02:00:00+00:00,0,1.07984,1.07983,9.999999999843467e-06,1.07999,1.07998,1.0000000000065512e-05,1.07912,1.07913,-9.999999999843467e-06,1.0794,1.07939,9.999999999843467e-06,PRICE_FEED_DIFFERENCE
2023.12.13 03:00:00,2023-12-13T03:00:00+00:00,2023-12-13T03:00:00+00:00,0,1.07938,1.07938,0.0,1.07961,1.07961,0.0,1.07911,1.07912,-1.0000000000065512e-05,1.07934,1.07934,0.0,PRICE_FEED_DIFFERENCE
2023.12.13 04:00:00,2023-12-13T04:00:00+00:00,2023-12-13T04:00:00+00:00,0,1.07934,1.07933,1.0000000000065512e-05,1.07939,1.07939,0.0,1.07841,1.07842,-9.999999999843467e-06,1.07876,1.07874,1.999999999990898e-05,PRICE_FEED_DIFFERENCE
2023.12.13 05:00:00,2023-12-13T05:00:00+00:00,2023-12-13T05:00:00+00:00,0,1.07875,1.07874,1.0000000000065512e-05,1.07885,1.07884,1.0000000000065512e-05,1.07844,1.07844,0.0,1.07872,1.07873,-1.0000000000065512e-05,PRICE_FEED_DIFFERENCE
2023.12.13 06:00:00,2023-12-13T06:00:00+00:00,2023-12-13T06:00:00+00:00,0,1.07871,1.07872,-9.999999999843467e-06,1.07896,1.07896,0.0,1.07857,1.07857,0.0,1.07861,1.07862,-9.999999999843467e-06,PRICE_FEED_DIFFERENCE
2023.12.13 07:00:00,2023-12-13T07:00:00+00:00,2023-12-13T07:00:00+00:00,0,1.07862,1.07864,-2.0000000000131024e-05,1.07911,1.07911,0.0,1.07861,1.07864,-2.999999999997449e-05,1.079,1.079,0.0,PRICE_FEED_DIFFERENCE
2023.12.13 08:00:00,2023-12-13T08:00:00+00:00,2023-12-13T08:00:00+00:00,0,1.07899,1.079,-1.0000000000065512e-05,1.07921,1.07922,-1.0000000000065512e-05,1.07808,1.0781,-2.0000000000131024e-05,1.07836,1.07838,-1.999999999990898e-05,PRICE_FEED_DIFFERENCE
2023.12.13 09:00:00,2023-12-13T09:00:00+00:00,2023-12-13T09:00:00+00:00,0,1.07838,1.07841,-3.0000000000196536e-05,1.07888,1.07889,-9.999999999843467e-06,1.07801,1.07801,0.0,1.07851,1.07853,-1.999999999990898e-05,PRICE_FEED_DIFFERENCE
2023.12.13 10:00:00,2023-12-13T10:00:00+00:00,2023-12-13T10:00:00+00:00,0,1.07853,1.07851,1.999999999990898e-05,1.07926,1.07928,-1.999999999990898e-05,1.07827,1.07827,0.0,1.07893,1.07893,0.0,PRICE_FEED_DIFFERENCE
2023.12.13 11:00:00,2023-12-13T11:00:00+00:00,2023-12-13T11:00:00+00:00,0,1.07894,1.07892,1.999999999990898e-05,1.07918,1.07917,1.0000000000065512e-05,1.07806,1.07806,0.0,1.07872,1.07872,0.0,PRICE_FEED_DIFFERENCE
2023.12.13 12:00:00,2023-12-13T12:00:00+00:00,2023-12-13T12:00:00+00:00,0,1.07873,1.07872,1.0000000000065512e-05,1.07873,1.07873,0.0,1.07731,1.07731,0.0,1.07777,1.07777,0.0,PRICE_FEED_DIFFERENCE
2023.12.13 13:00:00,2023-12-13T13:00:00+00:00,2023-12-13T13:00:00+00:00,0,1.07778,1.07776,1.999999999990898e-05,1.0785,1.07849,1.0000000000065512e-05,1.07737,1.07737,0.0,1.07837,1.07836,1.0000000000065512e-05,PRICE_FEED_DIFFERENCE
2023.12.13 14:00:00,2023-12-13T14:00:00+00:00,2023-12-13T14:00:00+00:00,0,1.07837,1.07836,1.0000000000065512e-05,1.07896,1.07895,9.999999999843467e-06,1.07809,1.0781,-1.0000000000065512e-05,1.07817,1.07817,0.0,PRICE_FEED_DIFFERENCE
2023.12.13 15:00:00,2023-12-13T15:00:00+00:00,2023-12-13T15:00:00+00:00,0,1.07818,1.07819,-1.0000000000065512e-05,1.08035,1.08036,-1.0000000000065512e-05,1.07818,1.07819,-1.0000000000065512e-05,1.08005,1.08005,0.0,PRICE_FEED_DIFFERENCE
2023.12.13 16:00:00,2023-12-13T16:00:00+00:00,2023-12-13T16:00:00+00:00,0,1.08004,1.08003,9.999999999843467e-06,1.08094,1.08093,1.0000000000065512e-05,1.07825,1.07825,0.0,1.0791,1.07911,-1.0000000000065512e-05,PRICE_FEED_DIFFERENCE
2023.12.13 17:00:00,2023-12-13T17:00:00+00:00,2023-12-13T17:00:00+00:00,0,1.07908,1.07909,-1.0000000000065512e-05,1.07957,1.07956,9.999999999843467e-06,1.07843,1.07844,-1.0000000000065512e-05,1.07946,1.07944,2.0000000000131024e-05,PRICE_FEED_DIFFERENCE
2023.12.13 18:00:00,2023-12-13T18:00:00+00:00,2023-12-13T18:00:00+00:00,0,1.07945,1.07945,0.0,1.07967,1.07967,0.0,1.07855,1.07856,-1.0000000000065512e-05,1.07919,1.07919,0.0,PRICE_FEED_DIFFERENCE
2023.12.13 19:00:00,2023-12-13T19:00:00+00:00,2023-12-13T19:00:00+00:00,0,1.0792,1.0792,0.0,1.0794,1.07939,9.999999999843467e-06,1.0783,1.07831,-1.0000000000065512e-05,1.07841,1.07841,0.0,PRICE_FEED_DIFFERENCE
2023.12.13 20:00:00,2023-12-13T20:00:00+00:00,2023-12-13T20:00:00+00:00,0,1.0784,1.07839,1.0000000000065512e-05,1.07896,1.07896,0.0,1.07801,1.07799,1.999999999990898e-05,1.07863,1.07856,7.00000000000145e-05,PRICE_FEED_DIFFERENCE
2023.12.13 21:00:00,2023-12-13T21:00:00+00:00,2023-12-13T21:00:00+00:00,0,1.07862,1.07853,8.999999999992347e-05,1.08915,1.08914,1.0000000000065512e-05,1.07794,1.07832,-0.00038000000000004697,1.08878,1.08878,0.0,PRICE_FEED_DIFFERENCE
2023.12.13 22:00:00,2023-12-13T22:00:00+00:00,2023-12-13T22:00:00+00:00,0,1.08879,1.08881,-2.0000000000131024e-05,1.08963,1.08965,-1.999999999990898e-05,1.08648,1.08648,0.0,1.08812,1.08812,0.0,PRICE_FEED_DIFFERENCE
2023.12.13 23:00:00,2023-12-13T23:00:00+00:00,2023-12-13T23:00:00+00:00,0,1.08812,1.08812,0.0,1.08839,1.08839,0.0,1.08734,1.08728,5.999999999994898e-05,1.08748,1.08728,0.00019999999999997797,PRICE_FEED_DIFFERENCE
2023.12.14 00:00:00,2023-12-14T00:00:00+00:00,2023-12-14T00:00:00+00:00,0,1.08722,1.08728,-5.999999999994898e-05,1.0882,1.08826,-5.999999999994898e-05,1.08719,1.08707,0.00012000000000012001,1.08767,1.08761,5.999999999994898e-05,PRICE_FEED_DIFFERENCE
2023.12.14 01:00:00,2023-12-14T01:00:00+00:00,2023-12-14T01:00:00+00:00,0,1.08766,1.0876,6.000000000017103e-05,1.08848,1.08847,9.999999999843467e-06,1.08756,1.08756,0.0,1.08825,1.08825,0.0,PRICE_FEED_DIFFERENCE
2023.12.14 02:00:00,2023-12-14T02:00:00+00:00,2023-12-14T02:00:00+00:00,0,1.08828,1.08826,1.999999999990898e-05,1.0895,1.0895,0.0,1.0879,1.08791,-9.999999999843467e-06,1.0893,1.08931,-1.0000000000065512e-05,PRICE_FEED_DIFFERENCE
2023.12.14 03:00:00,2023-12-14T03:00:00+00:00,2023-12-14T03:00:00+00:00,0,1.08931,1.08932,-1.0000000000065512e-05,1.08981,1.08983,-2.0000000000131024e-05,1.08853,1.08854,-1.0000000000065512e-05,1.08965,1.08964,1.0000000000065512e-05,PRICE_FEED_DIFFERENCE
2023.12.14 04:00:00,2023-12-14T04:00:00+00:00,2023-12-14T04:00:00+00:00,0,1.08965,1.08965,0.0,1.09049,1.0905,-1.0000000000065512e-05,1.0893,1.08931,-1.0000000000065512e-05,1.09043,1.09044,-1.0000000000065512e-05,PRICE_FEED_DIFFERENCE
2023.12.14 05:00:00,2023-12-14T05:00:00+00:00,2023-12-14T05:00:00+00:00,0,1.09045,1.09045,0.0,1.09153,1.09153,0.0,1.09043,1.09043,0.0,1.09059,1.09058,9.999999999843467e-06,PRICE_FEED_DIFFERENCE
2023.12.14 06:00:00,2023-12-14T06:00:00+00:00,2023-12-14T06:00:00+00:00,0,1.09058,1.09058,0.0,1.09094,1.09095,-1.0000000000065512e-05,1.0899,1.08992,-1.999999999990898e-05,1.08993,1.08993,0.0,PRICE_FEED_DIFFERENCE
2023.12.14 07:00:00,2023-12-14T07:00:00+00:00,2023-12-14T07:00:00+00:00,0,1.08992,1.08993,-1.0000000000065512e-05,1.08999,1.08999,0.0,1.08928,1.0893,-1.999999999990898e-05,1.08937,1.08938,-1.0000000000065512e-05,PRICE_FEED_DIFFERENCE
2023.12.14 08:00:00,2023-12-14T08:00:00+00:00,2023-12-14T08:00:00+00:00,0,1.08942,1.08938,4.0000000000040004e-05,1.0903,1.0903,0.0,1.0894,1.08938,1.999999999990898e-05,1.09014,1.09013,1.0000000000065512e-05,PRICE_FEED_DIFFERENCE
2023.12.14 09:00:00,2023-12-14T09:00:00+00:00,2023-12-14T09:00:00+00:00,0,1.09018,1.09015,2.999999999997449e-05,1.09079,1.09079,0.0,1.08808,1.08808,0.0,1.08809,1.08809,0.0,PRICE_FEED_DIFFERENCE
2023.12.14 10:00:00,2023-12-14T10:00:00+00:00,2023-12-14T10:00:00+00:00,0,1.0881,1.08811,-9.999999999843467e-06,1.09051,1.09049,2.0000000000131024e-05,1.08797,1.088,-2.999999999997449e-05,1.09019,1.09018,1.0000000000065512e-05,PRICE_FEED_DIFFERENCE
2023.12.14 11:00:00,2023-12-14T11:00:00+00:00,2023-12-14T11:00:00+00:00,0,1.09018,1.09017,9.999999999843467e-06,1.09129,1.0913,-9.999999999843467e-06,1.09,1.09,0.0,1.0904,1.09039,1.0000000000065512e-05,PRICE_FEED_DIFFERENCE
2023.12.14 12:00:00,2023-12-14T12:00:00+00:00,2023-12-14T12:00:00+00:00,0,1.09039,1.09039,0.0,1.09142,1.09142,0.0,1.08981,1.08982,-1.0000000000065512e-05,1.09132,1.09131,1.0000000000065512e-05,PRICE_FEED_DIFFERENCE
2023.12.14 13:00:00,2023-12-14T13:00:00+00:00,2023-12-14T13:00:00+00:00,0,1.09134,1.09131,2.999999999997449e-05,1.09318,1.09317,1.0000000000065512e-05,1.0913,1.0913,0.0,1.09294,1.09296,-1.999999999990898e-05,PRICE_FEED_DIFFERENCE
2023.12.14 14:00:00,2023-12-14T14:00:00+00:00,2023-12-14T14:00:00+00:00,0,1.09295,1.09295,0.0,1.09398,1.09397,9.999999999843467e-06,1.09229,1.0923,-1.0000000000065512e-05,1.09237,1.09237,0.0,PRICE_FEED_DIFFERENCE
2023.12.14 15:00:00,2023-12-14T15:00:00+00:00,2023-12-14T15:00:00+00:00,0,1.09237,1.0924,-2.999999999997449e-05,1.09512,1.09512,0.0,1.09055,1.09062,-7.00000000000145e-05,1.09438,1.09439,-1.0000000000065512e-05,PRICE_FEED_DIFFERENCE
2023.12.14 16:00:00,2023-12-14T16:00:00+00:00,2023-12-14T16:00:00+00:00,0,1.09437,1.09438,-9.999999999843467e-06,1.09925,1.09926,-9.999999999843467e-06,1.09358,1.09359,-1.0000000000065512e-05,1.09908,1.09908,0.0,PRICE_FEED_DIFFERENCE
2023.12.14 17:00:00,2023-12-14T17:00:00+00:00,2023-12-14T17:00:00+00:00,0,1.0991,1.0991,0.0,1.09971,1.09972,-1.0000000000065512e-05,1.0968,1.09681,-1.0000000000065512e-05,1.09933,1.09935,-2.0000000000131024e-05,PRICE_FEED_DIFFERENCE
2023.12.14 18:00:00,2023-12-14T18:00:00+00:00,2023-12-14T18:00:00+00:00,0,1.09934,1.09936,-1.999999999990898e-05,1.1003,1.1003,0.0,1.09904,1.09905,-1.0000000000065512e-05,1.09963,1.09961,2.0000000000131024e-05,PRICE_FEED_DIFFERENCE
2023.12.14 19:00:00,2023-12-14T19:00:00+00:00,2023-12-14T19:00:00+00:00,0,1.09963,1.09962,1.0000000000065512e-05,1.10091,1.10092,-9.999999999843467e-06,1.0989,1.09891,-1.0000000000065512e-05,1.10048,1.10048,0.0,PRICE_FEED_DIFFERENCE
2023.12.14 20:00:00,2023-12-14T20:00:00+00:00,2023-12-14T20:00:00+00:00,0,1.10047,1.1005,-2.999999999997449e-05,1.10059,1.10059,0.0,1.09821,1.09821,0.0,1.09827,1.09827,0.0,PRICE_FEED_DIFFERENCE
2023.12.14 21:00:00,2023-12-14T21:00:00+00:00,2023-12-14T21:00:00+00:00,0,1.09828,1.09827,9.999999999843467e-06,1.09953,1.09952,9.999999999843467e-06,1.09794,1.09795,-1.0000000000065512e-05,1.0992,1.0992,0.0,PRICE_FEED_DIFFERENCE
2023.12.14 22:00:00,2023-12-14T22:00:00+00:00,2023-12-14T22:00:00+00:00,0,1.09921,1.09922,-1.0000000000065512e-05,1.09968,1.09968,0.0,1.09881,1.09879,2.0000000000131024e-05,1.09928,1.09928,0.0,PRICE_FEED_DIFFERENCE
2023.12.14 23:00:00,2023-12-14T23:00:00+00:00,2023-12-14T23:00:00+00:00,0,1.09926,1.09928,-2.0000000000131024e-05,1.09935,1.09935,0.0,1.09881,1.0988,1.0000000000065512e-05,1.09912,1.09915,-2.999999999997449e-05,PRICE_FEED_DIFFERENCE
2023.12.15 00:00:00,2023-12-15T00:00:00+00:00,2023-12-15T00:00:00+00:00,0,1.09942,1.09915,0.00026999999999999247,1.09942,1.0995,-7.999999999985796e-05,1.09866,1.09906,-0.00039999999999995595,1.09913,1.09914,-1.0000000000065512e-05,PRICE_FEED_DIFFERENCE
2023.12.15 01:00:00,2023-12-15T01:00:00+00:00,2023-12-15T01:00:00+00:00,0,1.09913,1.09915,-2.0000000000131024e-05,1.09964,1.09964,0.0,1.09898,1.09898,0.0,1.09933,1.09932,9.999999999843467e-06,PRICE_FEED_DIFFERENCE
2023.12.15 02:00:00,2023-12-15T02:00:00+00:00,2023-12-15T02:00:00+00:00,0,1.09934,1.09934,0.0,1.0994,1.09942,-2.0000000000131024e-05,1.09768,1.09768,0.0,1.0983,1.09829,1.0000000000065512e-05,PRICE_FEED_DIFFERENCE
2023.12.15 03:00:00,2023-12-15T03:00:00+00:00,2023-12-15T03:00:00+00:00,0,1.0983,1.0983,0.0,1.09896,1.09895,9.999999999843467e-06,1.09816,1.09817,-1.0000000000065512e-05,1.09845,1.09845,0.0,PRICE_FEED_DIFFERENCE
2023.12.15 04:00:00,2023-12-15T04:00:00+00:00,2023-12-15T04:00:00+00:00,0,1.09845,1.09845,0.0,1.09987,1.09986,9.999999999843467e-06,1.09845,1.09845,0.0,1.09973,1.09973,0.0,PRICE_FEED_DIFFERENCE
2023.12.15 05:00:00,2023-12-15T05:00:00+00:00,2023-12-15T05:00:00+00:00,0,1.09972,1.09972,0.0,1.10008,1.10007,9.999999999843467e-06,1.09936,1.09936,0.0,1.09988,1.09989,-1.0000000000065512e-05,PRICE_FEED_DIFFERENCE
2023.12.15 06:00:00,2023-12-15T06:00:00+00:00,2023-12-15T06:00:00+00:00,0,1.09989,1.09991,-1.999999999990898e-05,1.10038,1.10036,1.999999999990898e-05,1.09966,1.09967,-9.999999999843467e-06,1.09979,1.0998,-1.0000000000065512e-05,PRICE_FEED_DIFFERENCE
2023.12.15 07:00:00,2023-12-15T07:00:00+00:00,2023-12-15T07:00:00+00:00,0,1.09979,1.0998,-1.0000000000065512e-05,1.09982,1.09981,1.0000000000065512e-05,1.09836,1.09835,1.0000000000065512e-05,1.09843,1.09842,1.0000000000065512e-05,PRICE_FEED_DIFFERENCE
2023.12.15 08:00:00,2023-12-15T08:00:00+00:00,2023-12-15T08:00:00+00:00,0,1.09844,1.09843,1.0000000000065512e-05,1.09878,1.09878,0.0,1.09806,1.09806,0.0,1.09871,1.09872,-9.999999999843467e-06,PRICE_FEED_DIFFERENCE
2023.12.15 09:00:00,2023-12-15T09:00:00+00:00,2023-12-15T09:00:00+00:00,0,1.09875,1.09874,9.999999999843467e-06,1.09953,1.09953,0.0,1.09828,1.09829,-1.0000000000065512e-05,1.09939,1.09938,1.0000000000065512e-05,PRICE_FEED_DIFFERENCE
2023.12.15 10:00:00,2023-12-15T10:00:00+00:00,2023-12-15T10:00:00+00:00,0,1.09937,1.09938,-1.0000000000065512e-05,1.09992,1.09992,0.0,1.09459,1.0946,-1.0000000000065512e-05,1.09561,1.0956,1.0000000000065512e-05,PRICE_FEED_DIFFERENCE
2023.12.15 11:00:00,2023-12-15T11:00:00+00:00,2023-12-15T11:00:00+00:00,0,1.09561,1.0956,1.0000000000065512e-05,1.09674,1.09675,-9.999999999843467e-06,1.0949,1.09491,-1.0000000000065512e-05,1.09603,1.09603,0.0,PRICE_FEED_DIFFERENCE
2023.12.15 12:00:00,2023-12-15T12:00:00+00:00,2023-12-15T12:00:00+00:00,0,1.09601,1.09602,-1.0000000000065512e-05,1.09675,1.09675,0.0,1.09564,1.09566,-2.0000000000131024e-05,1.09644,1.09643,1.0000000000065512e-05,PRICE_FEED_DIFFERENCE
2023.12.15 13:00:00,2023-12-15T13:00:00+00:00,2023-12-15T13:00:00+00:00,0,1.09643,1.09642,1.0000000000065512e-05,1.09692,1.09693,-1.0000000000065512e-05,1.09566,1.09567,-9.999999999843467e-06,1.09683,1.09683,0.0,PRICE_FEED_DIFFERENCE
2023.12.15 14:00:00,2023-12-15T14:00:00+00:00,2023-12-15T14:00:00+00:00,0,1.09685,1.09684,1.0000000000065512e-05,1.09694,1.09694,0.0,1.09407,1.09407,0.0,1.09432,1.09432,0.0,PRICE_FEED_DIFFERENCE
2023.12.15 15:00:00,2023-12-15T15:00:00+00:00,2023-12-15T15:00:00+00:00,0,1.09434,1.09434,0.0,1.09483,1.09482,1.0000000000065512e-05,1.09041,1.09041,0.0,1.09163,1.09164,-9.999999999843467e-06,PRICE_FEED_DIFFERENCE
2023.12.15 16:00:00,2023-12-15T16:00:00+00:00,2023-12-15T16:00:00+00:00,0,1.09162,1.09164,-1.999999999990898e-05,1.09281,1.09282,-9.999999999843467e-06,1.09103,1.09103,0.0,1.09197,1.09196,1.0000000000065512e-05,PRICE_FEED_DIFFERENCE
2023.12.15 17:00:00,2023-12-15T17:00:00+00:00,2023-12-15T17:00:00+00:00,0,1.09198,1.09198,0.0,1.09236,1.09235,1.0000000000065512e-05,1.09049,1.0905,-1.0000000000065512e-05,1.09156,1.09157,-9.999999999843467e-06,PRICE_FEED_DIFFERENCE
2023.12.15 18:00:00,2023-12-15T18:00:00+00:00,2023-12-15T18:00:00+00:00,0,1.09155,1.09157,-1.999999999990898e-05,1.09165,1.09166,-1.0000000000065512e-05,1.09015,1.09015,0.0,1.09053,1.09053,0.0,PRICE_FEED_DIFFERENCE
2023.12.15 19:00:00,2023-12-15T19:00:00+00:00,2023-12-15T19:00:00+00:00,0,1.09054,1.09053,1.0000000000065512e-05,1.09164,1.09163,9.999999999843467e-06,1.09042,1.09042,0.0,1.09103,1.09103,0.0,PRICE_FEED_DIFFERENCE
2023.12.15 20:00:00,2023-12-15T20:00:00+00:00,2023-12-15T20:00:00+00:00,0,1.09102,1.09102,0.0,1.09107,1.09108,-1.0000000000065512e-05,1.08885,1.08885,0.0,1.08936,1.08937,-9.999999999843467e-06,PRICE_FEED_DIFFERENCE
2023.12.15 21:00:00,2023-12-15T21:00:00+00:00,2023-12-15T21:00:00+00:00,0,1.08935,1.08936,-1.0000000000065512e-05,1.08997,1.08996,1.0000000000065512e-05,1.08897,1.08898,-1.0000000000065512e-05,1.08994,1.08995,-1.0000000000065512e-05,PRICE_FEED_DIFFERENCE
2023.12.15 22:00:00,2023-12-15T22:00:00+00:00,2023-12-15T22:00:00+00:00,0,1.08995,1.08995,0.0,1.09092,1.0909,1.999999999990898e-05,1.08941,1.08941,0.0,1.08941,1.08941,0.0,PRICE_FEED_DIFFERENCE
2023.12.15 23:00:00,2023-12-15T23:00:00+00:00,2023-12-15T23:00:00+00:00,0,1.08939,1.08942,-2.999999999997449e-05,1.08962,1.08964,-1.999999999990898e-05,1.0892,1.0892,0.0,1.08952,1.08922,0.00029999999999996696,PRICE_FEED_DIFFERENCE
2023.12.18 00:00:00,2023-12-18T00:00:00+00:00,2023-12-18T00:00:00+00:00,0,1.08946,1.08973,-0.00026999999999999247,1.08973,1.0898,-7.00000000000145e-05,1.08934,1.0895,-0.00015999999999993797,1.08943,1.0895,-7.00000000000145e-05,PRICE_FEED_DIFFERENCE
2023.12.18 01:00:00,2023-12-18T01:00:00+00:00,2023-12-18T01:00:00+00:00,0,1.08946,1.08952,-5.999999999994898e-05,1.08974,1.08973,9.999999999843467e-06,1.08919,1.0892,-9.999999999843467e-06,1.08949,1.08948,1.0000000000065512e-05,PRICE_FEED_DIFFERENCE
2023.12.18 02:00:00,2023-12-18T02:00:00+00:00,2023-12-18T02:00:00+00:00,0,1.0895,1.08948,1.999999999990898e-05,1.09012,1.09013,-1.0000000000065512e-05,1.08938,1.08939,-1.0000000000065512e-05,1.09006,1.09004,2.0000000000131024e-05,PRICE_FEED_DIFFERENCE
2023.12.18 03:00:00,2023-12-18T03:00:00+00:00,2023-12-18T03:00:00+00:00,0,1.09005,1.09005,0.0,1.09006,1.09005,1.0000000000065512e-05,1.08943,1.08945,-2.0000000000131024e-05,1.08975,1.08973,1.999999999990898e-05,PRICE_FEED_DIFFERENCE
2023.12.18 04:00:00,2023-12-18T04:00:00+00:00,2023-12-18T04:00:00+00:00,0,1.08974,1.08974,0.0,1.09053,1.09052,1.0000000000065512e-05,1.08974,1.08973,9.999999999843467e-06,1.09038,1.09038,0.0,PRICE_FEED_DIFFERENCE
2023.12.18 05:00:00,2023-12-18T05:00:00+00:00,2023-12-18T05:00:00+00:00,0,1.09039,1.09038,1.0000000000065512e-05,1.09136,1.09136,0.0,1.0903,1.0903,0.0,1.0911,1.09109,1.0000000000065512e-05,PRICE_FEED_DIFFERENCE
2023.12.18 06:00:00,2023-12-18T06:00:00+00:00,2023-12-18T06:00:00+00:00,0,1.0911,1.09109,1.0000000000065512e-05,1.0913,1.0913,0.0,1.09089,1.09089,0.0,1.09128,1.09128,0.0,PRICE_FEED_DIFFERENCE
2023.12.18 07:00:00,2023-12-18T07:00:00+00:00,2023-12-18T07:00:00+00:00,0,1.09128,1.0913,-1.999999999990898e-05,1.09158,1.09157,1.0000000000065512e-05,1.09107,1.09106,1.0000000000065512e-05,1.09154,1.09153,1.0000000000065512e-05,PRICE_FEED_DIFFERENCE
2023.12.18 08:00:00,2023-12-18T08:00:00+00:00,2023-12-18T08:00:00+00:00,0,1.09155,1.09153,2.0000000000131024e-05,1.092,1.09199,1.0000000000065512e-05,1.09117,1.09117,0.0,1.09185,1.09184,1.0000000000065512e-05,PRICE_FEED_DIFFERENCE
2023.12.18 09:00:00,2023-12-18T09:00:00+00:00,2023-12-18T09:00:00+00:00,0,1.09179,1.09183,-4.0000000000040004e-05,1.09299,1.09299,0.0,1.0916,1.09161,-1.0000000000065512e-05,1.09215,1.09216,-1.0000000000065512e-05,PRICE_FEED_DIFFERENCE
2023.12.18 10:00:00,2023-12-18T10:00:00+00:00,2023-12-18T10:00:00+00:00,0,1.09216,1.09215,1.0000000000065512e-05,1.09237,1.09236,1.0000000000065512e-05,1.09158,1.09158,0.0,1.0918,1.0918,0.0,PRICE_FEED_DIFFERENCE
2023.12.18 11:00:00,2023-12-18T11:00:00+00:00,2023-12-18T11:00:00+00:00,0,1.09176,1.0918,-4.0000000000040004e-05,1.09284,1.09282,2.0000000000131024e-05,1.09136,1.09138,-1.999999999990898e-05,1.09195,1.09196,-1.0000000000065512e-05,PRICE_FEED_DIFFERENCE
2023.12.18 12:00:00,2023-12-18T12:00:00+00:00,2023-12-18T12:00:00+00:00,0,1.09195,1.09195,0.0,1.09208,1.09207,9.999999999843467e-06,1.09081,1.09081,0.0,1.09103,1.09102,9.999999999843467e-06,PRICE_FEED_DIFFERENCE
2023.12.18 13:00:00,2023-12-18T13:00:00+00:00,2023-12-18T13:00:00+00:00,0,1.09104,1.09103,1.0000000000065512e-05,1.09134,1.09135,-1.0000000000065512e-05,1.09072,1.09071,9.999999999843467e-06,1.09126,1.09127,-1.0000000000065512e-05,PRICE_FEED_DIFFERENCE
2023.12.18 14:00:00,2023-12-18T14:00:00+00:00,2023-12-18T14:00:00+00:00,0,1.0913,1.09129,9.999999999843467e-06,1.09174,1.09175,-1.0000000000065512e-05,1.09091,1.0909,1.0000000000065512e-05,1.09137,1.09136,9.999999999843467e-06,PRICE_FEED_DIFFERENCE
2023.12.18 15:00:00,2023-12-18T15:00:00+00:00,2023-12-18T15:00:00+00:00,0,1.09137,1.09136,9.999999999843467e-06,1.09292,1.09291,9.999999999843467e-06,1.09137,1.09136,9.999999999843467e-06,1.09212,1.09211,1.0000000000065512e-05,PRICE_FEED_DIFFERENCE
2023.12.18 16:00:00,2023-12-18T16:00:00+00:00,2023-12-18T16:00:00+00:00,0,1.09213,1.09213,0.0,1.0931,1.09309,1.0000000000065512e-05,1.09205,1.09205,0.0,1.09291,1.0929,1.0000000000065512e-05,PRICE_FEED_DIFFERENCE
2023.12.18 17:00:00,2023-12-18T17:00:00+00:00,2023-12-18T17:00:00+00:00,0,1.09297,1.09291,5.999999999994898e-05,1.09311,1.09311,0.0,1.09109,1.09109,0.0,1.09141,1.09141,0.0,PRICE_FEED_DIFFERENCE
2023.12.18 18:00:00,2023-12-18T18:00:00+00:00,2023-12-18T18:00:00+00:00,0,1.0914,1.0914,0.0,1.09248,1.09247,9.999999999843467e-06,1.09132,1.09132,0.0,1.09191,1.09189,1.999999999990898e-05,PRICE_FEED_DIFFERENCE
2023.12.18 19:00:00,2023-12-18T19:00:00+00:00,2023-12-18T19:00:00+00:00,0,1.0919,1.09188,2.0000000000131024e-05,1.0928,1.09279,1.0000000000065512e-05,1.09184,1.09184,0.0,1.09277,1.09276,1.0000000000065512e-05,PRICE_FEED_DIFFERENCE
2023.12.18 20:00:00,2023-12-18T20:00:00+00:00,2023-12-18T20:00:00+00:00,0,1.09276,1.09275,9.999999999843467e-06,1.0928,1.09279,1.0000000000065512e-05,1.092,1.09199,1.0000000000065512e-05,1.09233,1.09231,2.0000000000131024e-05,PRICE_FEED_DIFFERENCE
2023.12.18 21:00:00,2023-12-18T21:00:00+00:00,2023-12-18T21:00:00+00:00,0,1.09232,1.09232,0.0,1.09232,1.09233,-1.0000000000065512e-05,1.09131,1.09131,0.0,1.09166,1.09166,0.0,PRICE_FEED_DIFFERENCE
2023.12.18 22:00:00,2023-12-18T22:00:00+00:00,2023-12-18T22:00:00+00:00,0,1.09167,1.09167,0.0,1.09196,1.09197,-1.0000000000065512e-05,1.09135,1.09137,-1.999999999990898e-05,1.09195,1.09195,0.0,PRICE_FEED_DIFFERENCE
2023.12.18 23:00:00,2023-12-18T23:00:00+00:00,2023-12-18T23:00:00+00:00,0,1.09193,1.09195,-1.999999999990898e-05,1.09244,1.09242,2.0000000000131024e-05,1.09175,1.09174,1.0000000000065512e-05,1.09234,1.09228,6.000000000017103e-05,PRICE_FEED_DIFFERENCE
2023.12.19 00:00:00,2023-12-19T00:00:00+00:00,2023-12-19T00:00:00+00:00,0,1.0915,1.09228,-0.0007800000000000029,1.0923,1.09232,-1.999999999990898e-05,1.0915,1.0918,-0.000300000000000189,1.09215,1.09212,2.999999999997449e-05,PRICE_FEED_DIFFERENCE
2023.12.19 01:00:00,2023-12-19T01:00:00+00:00,2023-12-19T01:00:00+00:00,0,1.09226,1.09214,0.00011999999999989797,1.09243,1.09243,0.0,1.0919,1.09191,-9.999999999843467e-06,1.09232,1.09231,1.0000000000065512e-05,PRICE_FEED_DIFFERENCE
2023.12.19 02:00:00,2023-12-19T02:00:00+00:00,2023-12-19T02:00:00+00:00,0,1.09233,1.09231,2.0000000000131024e-05,1.09247,1.09246,1.0000000000065512e-05,1.09177,1.09178,-1.0000000000065512e-05,1.09202,1.09201,1.0000000000065512e-05,PRICE_FEED_DIFFERENCE
2023.12.19 03:00:00,2023-12-19T03:00:00+00:00,2023-12-19T03:00:00+00:00,0,1.09203,1.09202,1.0000000000065512e-05,1.09258,1.09259,-9.999999999843467e-06,1.09174,1.09175,-1.0000000000065512e-05,1.09186,1.09186,0.0,PRICE_FEED_DIFFERENCE
2023.12.19 04:00:00,2023-12-19T04:00:00+00:00,2023-12-19T04:00:00+00:00,0,1.09185,1.09187,-1.999999999990898e-05,1.0923,1.09229,1.0000000000065512e-05,1.09146,1.09148,-1.999999999990898e-05,1.09215,1.09216,-1.0000000000065512e-05,PRICE_FEED_DIFFERENCE
2023.12.19 05:00:00,2023-12-19T05:00:00+00:00,2023-12-19T05:00:00+00:00,0,1.09215,1.09215,0.0,1.09291,1.09289,2.0000000000131024e-05,1.09202,1.09202,0.0,1.09255,1.09254,9.999999999843467e-06,PRICE_FEED_DIFFERENCE
2023.12.19 06:00:00,2023-12-19T06:00:00+00:00,2023-12-19T06:00:00+00:00,0,1.09254,1.09255,-9.999999999843467e-06,1.09269,1.0927,-1.0000000000065512e-05,1.09199,1.09201,-1.999999999990898e-05,1.0923,1.0923,0.0,PRICE_FEED_DIFFERENCE
2023.12.19 07:00:00,2023-12-19T07:00:00+00:00,2023-12-19T07:00:00+00:00,0,1.09227,1.09229,-1.999999999990898e-05,1.09284,1.09283,1.0000000000065512e-05,1.09208,1.09207,9.999999999843467e-06,1.09278,1.09278,0.0,PRICE_FEED_DIFFERENCE
2023.12.19 08:00:00,2023-12-19T08:00:00+00:00,2023-12-19T08:00:00+00:00,0,1.09278,1.09277,1.0000000000065512e-05,1.09308,1.09309,-9.999999999843467e-06,1.09229,1.0923,-1.0000000000065512e-05,1.09274,1.09276,-1.999999999990898e-05,PRICE_FEED_DIFFERENCE
2023.12.19 09:00:00,2023-12-19T09:00:00+00:00,2023-12-19T09:00:00+00:00,0,1.09273,1.09276,-2.999999999997449e-05,1.09412,1.09412,0.0,1.09238,1.09238,0.0,1.09283,1.09283,0.0,PRICE_FEED_DIFFERENCE
2023.12.19 10:00:00,2023-12-19T10:00:00+00:00,2023-12-19T10:00:00+00:00,0,1.09282,1.09285,-3.0000000000196536e-05,1.09423,1.09423,0.0,1.09273,1.09272,1.0000000000065512e-05,1.09408,1.09407,9.999999999843467e-06,PRICE_FEED_DIFFERENCE
2023.12.19 11:00:00,2023-12-19T11:00:00+00:00,2023-12-19T11:00:00+00:00,0,1.09405,1.09407,-2.0000000000131024e-05,1.09494,1.09493,1.0000000000065512e-05,1.09389,1.09389,0.0,1.09412,1.09412,0.0,PRICE_FEED_DIFFERENCE
2023.12.19 12:00:00,2023-12-19T12:00:00+00:00,2023-12-19T12:00:00+00:00,0,1.09413,1.09412,1.0000000000065512e-05,1.09452,1.09452,0.0,1.09359,1.0936,-9.999999999843467e-06,1.09382,1.09381,1.0000000000065512e-05,PRICE_FEED_DIFFERENCE
2023.12.19 13:00:00,2023-12-19T13:00:00+00:00,2023-12-19T13:00:00+00:00,0,1.0938,1.09381,-9.999999999843467e-06,1.09397,1.09397,0.0,1.09303,1.09304,-1.0000000000065512e-05,1.09372,1.09372,0.0,PRICE_FEED_DIFFERENCE
2023.12.19 14:00:00,2023-12-19T14:00:00+00:00,2023-12-19T14:00:00+00:00,0,1.09371,1.09371,0.0,1.09706,1.09707,-1.0000000000065512e-05,1.09371,1.09371,0.0,1.09685,1.09686,-9.999999999843467e-06,PRICE_FEED_DIFFERENCE
2023.12.19 15:00:00,2023-12-19T15:00:00+00:00,2023-12-19T15:00:00+00:00,0,1.09686,1.09685,9.999999999843467e-06,1.09737,1.09737,0.0,1.09535,1.09537,-1.999999999990898e-05,1.0962,1.0962,0.0,PRICE_FEED_DIFFERENCE
2023.12.19 16:00:00,2023-12-19T16:00:00+00:00,2023-12-19T16:00:00+00:00,0,1.0962,1.0962,0.0,1.09843,1.09841,1.999999999990898e-05,1.09589,1.0959,-1.0000000000065512e-05,1.09793,1.09791,2.0000000000131024e-05,PRICE_FEED_DIFFERENCE
2023.12.19 17:00:00,2023-12-19T17:00:00+00:00,2023-12-19T17:00:00+00:00,0,1.09792,1.09791,1.0000000000065512e-05,1.09874,1.09873,1.0000000000065512e-05,1.09693,1.09692,1.0000000000065512e-05,1.09858,1.09858,0.0,PRICE_FEED_DIFFERENCE
2023.12.19 18:00:00,2023-12-19T18:00:00+00:00,2023-12-19T18:00:00+00:00,0,1.0986,1.09858,2.0000000000131024e-05,1.09862,1.09862,0.0,1.09723,1.09723,0.0,1.09769,1.09769,0.0,PRICE_FEED_DIFFERENCE
2023.12.19 19:00:00,2023-12-19T19:00:00+00:00,2023-12-19T19:00:00+00:00,0,1.09768,1.09769,-1.0000000000065512e-05,1.09793,1.09793,0.0,1.09725,1.09725,0.0,1.09749,1.09748,1.0000000000065512e-05,PRICE_FEED_DIFFERENCE
2023.12.19 20:00:00,2023-12-19T20:00:00+00:00,2023-12-19T20:00:00+00:00,0,1.09748,1.09747,1.0000000000065512e-05,1.09764,1.09763,9.999999999843467e-06,1.09693,1.09693,0.0,1.09749,1.09749,0.0,PRICE_FEED_DIFFERENCE
2023.12.19 21:00:00,2023-12-19T21:00:00+00:00,2023-12-19T21:00:00+00:00,0,1.0975,1.09749,9.999999999843467e-06,1.09781,1.0978,9.999999999843467e-06,1.09723,1.09723,0.0,1.09761,1.09761,0.0,PRICE_FEED_DIFFERENCE
2023.12.19 22:00:00,2023-12-19T22:00:00+00:00,2023-12-19T22:00:00+00:00,0,1.09761,1.09763,-2.0000000000131024e-05,1.09784,1.09784,0.0,1.09721,1.0972,1.0000000000065512e-05,1.09784,1.09783,9.999999999843467e-06,PRICE_FEED_DIFFERENCE
2023.12.19 23:00:00,2023-12-19T23:00:00+00:00,2023-12-19T23:00:00+00:00,0,1.09785,1.09784,1.0000000000065512e-05,1.09802,1.09809,-7.00000000000145e-05,1.09763,1.09763,0.0,1.09801,1.09805,-4.0000000000040004e-05,PRICE_FEED_DIFFERENCE
2023.12.20 00:00:00,2023-12-20T00:00:00+00:00,2023-12-20T00:00:00+00:00,0,1.09811,1.09808,2.999999999997449e-05,1.09833,1.09843,-9.999999999998899e-05,1.09751,1.0977,-0.00018999999999991246,1.09824,1.09828,-3.999999999981796e-05,PRICE_FEED_DIFFERENCE
2023.12.20 01:00:00,2023-12-20T01:00:00+00:00,2023-12-20T01:00:00+00:00,0,1.09832,1.09827,4.999999999988347e-05,1.09832,1.09828,4.0000000000040004e-05,1.09776,1.09777,-9.999999999843467e-06,1.09792,1.09792,0.0,PRICE_FEED_DIFFERENCE
2023.12.20 02:00:00,2023-12-20T02:00:00+00:00,2023-12-20T02:00:00+00:00,0,1.09793,1.09793,0.0,1.09794,1.09793,9.999999999843467e-06,1.09715,1.09716,-9.999999999843467e-06,1.09731,1.0973,1.0000000000065512e-05,PRICE_FEED_DIFFERENCE
2023.12.20 03:00:00,2023-12-20T03:00:00+00:00,2023-12-20T03:00:00+00:00,0,1.0973,1.0973,0.0,1.09743,1.09742,9.999999999843467e-06,1.09679,1.09678,9.999999999843467e-06,1.09698,1.09698,0.0,PRICE_FEED_DIFFERENCE
2023.12.20 04:00:00,2023-12-20T04:00:00+00:00,2023-12-20T04:00:00+00:00,0,1.09697,1.09698,-1.0000000000065512e-05,1.09726,1.09727,-1.0000000000065512e-05,1.09671,1.09672,-9.999999999843467e-06,1.09699,1.09701,-2.0000000000131024e-05,PRICE_FEED_DIFFERENCE
2023.12.20 05:00:00,2023-12-20T05:00:00+00:00,2023-12-20T05:00:00+00:00,0,1.097,1.09702,-2.0000000000131024e-05,1.09714,1.09713,1.0000000000065512e-05,1.09681,1.0968,1.0000000000065512e-05,1.09699,1.09698,9.999999999843467e-06,PRICE_FEED_DIFFERENCE
2023.12.20 06:00:00,2023-12-20T06:00:00+00:00,2023-12-20T06:00:00+00:00,0,1.09699,1.09698,9.999999999843467e-06,1.0971,1.09708,1.999999999990898e-05,1.09658,1.09658,0.0,1.09687,1.09686,1.0000000000065512e-05,PRICE_FEED_DIFFERENCE
2023.12.20 07:00:00,2023-12-20T07:00:00+00:00,2023-12-20T07:00:00+00:00,0,1.09687,1.09686,1.0000000000065512e-05,1.09694,1.09692,2.0000000000131024e-05,1.09643,1.09644,-1.0000000000065512e-05,1.09649,1.09648,1.0000000000065512e-05,PRICE_FEED_DIFFERENCE
2023.12.20 08:00:00,2023-12-20T08:00:00+00:00,2023-12-20T08:00:00+00:00,0,1.09649,1.09649,0.0,1.0965,1.0965,0.0,1.09553,1.09555,-2.0000000000131024e-05,1.09588,1.09589,-1.0000000000065512e-05,PRICE_FEED_DIFFERENCE
2023.12.20 09:00:00,2023-12-20T09:00:00+00:00,2023-12-20T09:00:00+00:00,0,1.09589,1.09589,0.0,1.09704,1.09703,1.0000000000065512e-05,1.09505,1.09506,-9.999999999843467e-06,1.09668,1.09668,0.0,PRICE_FEED_DIFFERENCE
2023.12.20 10:00:00,2023-12-20T10:00:00+00:00,2023-12-20T10:00:00+00:00,0,1.09669,1.09665,4.0000000000040004e-05,1.09713,1.09713,0.0,1.09582,1.09581,1.0000000000065512e-05,1.09609,1.09607,1.999999999990898e-05,PRICE_FEED_DIFFERENCE
2023.12.20 11:00:00,2023-12-20T11:00:00+00:00,2023-12-20T11:00:00+00:00,0,1.09608,1.09608,0.0,1.09655,1.09654,9.999999999843467e-06,1.0953,1.0953,0.0,1.09644,1.09643,1.0000000000065512e-05,PRICE_FEED_DIFFERENCE
2023.12.20 12:00:00,2023-12-20T12:00:00+00:00,2023-12-20T12:00:00+00:00,0,1.09642,1.09643,-1.0000000000065512e-05,1.09652,1.09652,0.0,1.09469,1.0947,-1.0000000000065512e-05,1.09523,1.09525,-2.0000000000131024e-05,PRICE_FEED_DIFFERENCE
2023.12.20 13:00:00,2023-12-20T13:00:00+00:00,2023-12-20T13:00:00+00:00,0,1.09523,1.09524,-1.0000000000065512e-05,1.09559,1.09561,-1.999999999990898e-05,1.09354,1.09356,-2.0000000000131024e-05,1.09374,1.09374,0.0,PRICE_FEED_DIFFERENCE
2023.12.20 14:00:00,2023-12-20T14:00:00+00:00,2023-12-20T14:00:00+00:00,0,1.09374,1.09375,-1.0000000000065512e-05,1.09419,1.0942,-1.0000000000065512e-05,1.09339,1.09339,0.0,1.09368,1.09368,0.0,PRICE_FEED_DIFFERENCE
2023.12.20 15:00:00,2023-12-20T15:00:00+00:00,2023-12-20T15:00:00+00:00,0,1.09366,1.09367,-9.999999999843467e-06,1.0963,1.09629,1.0000000000065512e-05,1.09359,1.09358,1.0000000000065512e-05,1.09605,1.09605,0.0,PRICE_FEED_DIFFERENCE
2023.12.20 16:00:00,2023-12-20T16:00:00+00:00,2023-12-20T16:00:00+00:00,0,1.09607,1.09607,0.0,1.09722,1.09721,1.0000000000065512e-05,1.09592,1.0959,1.999999999990898e-05,1.09701,1.09702,-1.0000000000065512e-05,PRICE_FEED_DIFFERENCE
2023.12.20 17:00:00,2023-12-20T17:00:00+00:00,2023-12-20T17:00:00+00:00,0,1.09703,1.09702,9.999999999843467e-06,1.09749,1.09748,1.0000000000065512e-05,1.09534,1.09535,-1.0000000000065512e-05,1.0974,1.09738,1.999999999990898e-05,PRICE_FEED_DIFFERENCE
2023.12.20 18:00:00,2023-12-20T18:00:00+00:00,2023-12-20T18:00:00+00:00,0,1.09739,1.09739,0.0,1.09756,1.09756,0.0,1.09547,1.09546,9.999999999843467e-06,1.09563,1.09564,-9.999999999843467e-06,PRICE_FEED_DIFFERENCE
2023.12.20 19:00:00,2023-12-20T19:00:00+00:00,2023-12-20T19:00:00+00:00,0,1.09564,1.09564,0.0,1.09605,1.09604,1.0000000000065512e-05,1.09496,1.09496,0.0,1.09579,1.09578,1.0000000000065512e-05,PRICE_FEED_DIFFERENCE
2023.12.20 20:00:00,2023-12-20T20:00:00+00:00,2023-12-20T20:00:00+00:00,0,1.0958,1.09577,3.0000000000196536e-05,1.09636,1.09636,0.0,1.09552,1.0955,2.0000000000131024e-05,1.09599,1.09597,1.999999999990898e-05,PRICE_FEED_DIFFERENCE
2023.12.20 21:00:00,2023-12-20T21:00:00+00:00,2023-12-20T21:00:00+00:00,0,1.09598,1.09598,0.0,1.09607,1.09606,1.0000000000065512e-05,1.09426,1.09427,-1.0000000000065512e-05,1.09466,1.09465,1.0000000000065512e-05,PRICE_FEED_DIFFERENCE
2023.12.20 22:00:00,2023-12-20T22:00:00+00:00,2023-12-20T22:00:00+00:00,0,1.09465,1.09464,9.999999999843467e-06,1.09485,1.09486,-9.999999999843467e-06,1.0931,1.09311,-1.0000000000065512e-05,1.09316,1.09317,-1.0000000000065512e-05,PRICE_FEED_DIFFERENCE
2023.12.20 23:00:00,2023-12-20T23:00:00+00:00,2023-12-20T23:00:00+00:00,0,1.09314,1.09315,-1.0000000000065512e-05,1.09436,1.09439,-2.999999999997449e-05,1.09298,1.09298,0.0,1.09421,1.09412,8.999999999992347e-05,PRICE_FEED_DIFFERENCE
2023.12.21 00:00:00,2023-12-21T00:00:00+00:00,2023-12-21T00:00:00+00:00,0,1.09408,1.09394,0.000140000000000029,1.0945,1.09452,-1.999999999990898e-05,1.09369,1.09374,-4.999999999988347e-05,1.09433,1.09428,5.0000000000105516e-05,PRICE_FEED_DIFFERENCE
2023.12.21 01:00:00,2023-12-21T01:00:00+00:00,2023-12-21T01:00:00+00:00,0,1.09436,1.09429,7.00000000000145e-05,1.09459,1.09461,-2.0000000000131024e-05,1.09426,1.09426,0.0,1.09432,1.09432,0.0,PRICE_FEED_DIFFERENCE
2023.12.21 02:00:00,2023-12-21T02:00:00+00:00,2023-12-21T02:00:00+00:00,0,1.09434,1.09433,1.0000000000065512e-05,1.09501,1.09501,0.0,1.09408,1.0941,-2.0000000000131024e-05,1.09499,1.09497,1.999999999990898e-05,PRICE_FEED_DIFFERENCE
2023.12.21 03:00:00,2023-12-21T03:00:00+00:00,2023-12-21T03:00:00+00:00,0,1.09501,1.09497,4.0000000000040004e-05,1.09534,1.09534,0.0,1.09481,1.09482,-9.999999999843467e-06,1.09523,1.09522,9.999999999843467e-06,PRICE_FEED_DIFFERENCE
2023.12.21 04:00:00,2023-12-21T04:00:00+00:00,2023-12-21T04:00:00+00:00,0,1.09519,1.09521,-1.999999999990898e-05,1.09541,1.09542,-1.0000000000065512e-05,1.0945,1.09451,-1.0000000000065512e-05,1.09494,1.09494,0.0,PRICE_FEED_DIFFERENCE
2023.12.21 05:00:00,2023-12-21T05:00:00+00:00,2023-12-21T05:00:00+00:00,0,1.09494,1.09493,1.0000000000065512e-05,1.09499,1.09499,0.0,1.09464,1.09464,0.0,1.09491,1.0949,1.0000000000065512e-05,PRICE_FEED_DIFFERENCE
2023.12.21 06:00:00,2023-12-21T06:00:00+00:00,2023-12-21T06:00:00+00:00,0,1.0949,1.0949,0.0,1.09502,1.09502,0.0,1.09471,1.09471,0.0,1.09492,1.09491,9.999999999843467e-06,PRICE_FEED_DIFFERENCE
2023.12.21 07:00:00,2023-12-21T07:00:00+00:00,2023-12-21T07:00:00+00:00,0,1.09491,1.09492,-9.999999999843467e-06,1.09558,1.09558,0.0,1.09487,1.09487,0.0,1.09545,1.09545,0.0,PRICE_FEED_DIFFERENCE
2023.12.21 08:00:00,2023-12-21T08:00:00+00:00,2023-12-21T08:00:00+00:00,0,1.09546,1.09545,1.0000000000065512e-05,1.09546,1.09546,0.0,1.09429,1.09428,1.0000000000065512e-05,1.09448,1.09448,0.0,PRICE_FEED_DIFFERENCE
2023.12.21 09:00:00,2023-12-21T09:00:00+00:00,2023-12-21T09:00:00+00:00,0,1.09449,1.0945,-1.0000000000065512e-05,1.09502,1.09501,1.0000000000065512e-05,1.09423,1.09424,-1.0000000000065512e-05,1.0947,1.09469,1.0000000000065512e-05,PRICE_FEED_DIFFERENCE
2023.12.21 10:00:00,2023-12-21T10:00:00+00:00,2023-12-21T10:00:00+00:00,0,1.09471,1.09471,0.0,1.09549,1.09548,1.0000000000065512e-05,1.0939,1.0939,0.0,1.09397,1.09395,2.0000000000131024e-05,PRICE_FEED_DIFFERENCE
2023.12.21 11:00:00,2023-12-21T11:00:00+00:00,2023-12-21T11:00:00+00:00,0,1.09397,1.09397,0.0,1.09465,1.09465,0.0,1.09352,1.09352,0.0,1.09438,1.09438,0.0,EXACT_MATCH
2023.12.21 12:00:00,2023-12-21T12:00:00+00:00,2023-12-21T12:00:00+00:00,0,1.09438,1.09438,0.0,1.09562,1.09562,0.0,1.09398,1.09398,0.0,1.09537,1.09539,-2.0000000000131024e-05,PRICE_FEED_DIFFERENCE
2023.12.21 13:00:00,2023-12-21T13:00:00+00:00,2023-12-21T13:00:00+00:00,0,1.09539,1.09538,1.0000000000065512e-05,1.09847,1.09848,-9.999999999843467e-06,1.09537,1.09535,1.999999999990898e-05,1.09797,1.09798,-1.0000000000065512e-05,PRICE_FEED_DIFFERENCE
2023.12.21 14:00:00,2023-12-21T14:00:00+00:00,2023-12-21T14:00:00+00:00,0,1.09798,1.09799,-1.0000000000065512e-05,1.0987,1.09869,1.0000000000065512e-05,1.09766,1.09769,-2.999999999997449e-05,1.09807,1.09806,1.0000000000065512e-05,PRICE_FEED_DIFFERENCE
2023.12.21 15:00:00,2023-12-21T15:00:00+00:00,2023-12-21T15:00:00+00:00,0,1.09808,1.09805,2.999999999997449e-05,1.10022,1.10023,-1.0000000000065512e-05,1.09724,1.09724,0.0,1.0991,1.0991,0.0,PRICE_FEED_DIFFERENCE
2023.12.21 16:00:00,2023-12-21T16:00:00+00:00,2023-12-21T16:00:00+00:00,0,1.09911,1.0991,1.0000000000065512e-05,1.10012,1.10012,0.0,1.09822,1.09823,-1.0000000000065512e-05,1.09924,1.09921,2.999999999997449e-05,PRICE_FEED_DIFFERENCE
2023.12.21 17:00:00,2023-12-21T17:00:00+00:00,2023-12-21T17:00:00+00:00,0,1.09922,1.09922,0.0,1.09947,1.09946,9.999999999843467e-06,1.09753,1.09754,-1.0000000000065512e-05,1.09897,1.09896,1.0000000000065512e-05,PRICE_FEED_DIFFERENCE
2023.12.21 18:00:00,2023-12-21T18:00:00+00:00,2023-12-21T18:00:00+00:00,0,1.09898,1.09897,1.0000000000065512e-05,1.09946,1.09946,0.0,1.09793,1.09793,0.0,1.09894,1.09895,-1.0000000000065512e-05,PRICE_FEED_DIFFERENCE
2023.12.21 19:00:00,2023-12-21T19:00:00+00:00,2023-12-21T19:00:00+00:00,0,1.09894,1.09897,-2.999999999997449e-05,1.09911,1.09909,2.0000000000131024e-05,1.09779,1.0978,-1.0000000000065512e-05,1.09861,1.0986,1.0000000000065512e-05,PRICE_FEED_DIFFERENCE
2023.12.21 20:00:00,2023-12-21T20:00:00+00:00,2023-12-21T20:00:00+00:00,0,1.0986,1.09859,1.0000000000065512e-05,1.09912,1.09911,1.0000000000065512e-05,1.09784,1.09783,9.999999999843467e-06,1.09896,1.09896,0.0,PRICE_FEED_DIFFERENCE
2023.12.21 21:00:00,2023-12-21T21:00:00+00:00,2023-12-21T21:00:00+00:00,0,1.09896,1.09896,0.0,1.1001,1.10008,2.0000000000131024e-05,1.09882,1.09882,0.0,1.09992,1.09991,1.0000000000065512e-05,PRICE_FEED_DIFFERENCE
2023.12.21 22:00:00,2023-12-21T22:00:00+00:00,2023-12-21T22:00:00+00:00,0,1.09991,1.0999,9.999999999843467e-06,1.10031,1.10031,0.0,1.09926,1.09927,-1.0000000000065512e-05,1.10029,1.10028,1.0000000000065512e-05,PRICE_FEED_DIFFERENCE
2023.12.21 23:00:00,2023-12-21T23:00:00+00:00,2023-12-21T23:00:00+00:00,0,1.1003,1.10028,2.0000000000131024e-05,1.10123,1.10125,-2.0000000000131024e-05,1.10025,1.10024,9.999999999843467e-06,1.10118,1.10109,9.000000000014552e-05,PRICE_FEED_DIFFERENCE
2023.12.22 00:00:00,2023-12-22T00:00:00+00:00,2023-12-22T00:00:00+00:00,0,1.10096,1.10109,-0.00012999999999996348,1.10098,1.10109,-0.00010999999999983245,1.09935,1.0997,-0.00034999999999985043,1.10082,1.10079,2.999999999997449e-05,PRICE_FEED_DIFFERENCE
2023.12.22 01:00:00,2023-12-22T01:00:00+00:00,2023-12-22T01:00:00+00:00,0,1.10081,1.10082,-9.999999999843467e-06,1.10124,1.10125,-1.0000000000065512e-05,1.10054,1.10055,-9.999999999843467e-06,1.10055,1.10056,-1.0000000000065512e-05,PRICE_FEED_DIFFERENCE
2023.12.22 02:00:00,2023-12-22T02:00:00+00:00,2023-12-22T02:00:00+00:00,0,1.10056,1.10057,-1.0000000000065512e-05,1.10096,1.10096,0.0,1.10027,1.10029,-1.999999999990898e-05,1.10046,1.10046,0.0,PRICE_FEED_DIFFERENCE
2023.12.22 03:00:00,2023-12-22T03:00:00+00:00,2023-12-22T03:00:00+00:00,0,1.10047,1.10047,0.0,1.10065,1.10064,9.999999999843467e-06,1.09969,1.09971,-1.999999999990898e-05,1.0998,1.09979,1.0000000000065512e-05,PRICE_FEED_DIFFERENCE
2023.12.22 04:00:00,2023-12-22T04:00:00+00:00,2023-12-22T04:00:00+00:00,0,1.09982,1.09979,2.999999999997449e-05,1.10006,1.10006,0.0,1.09953,1.09954,-1.0000000000065512e-05,1.10001,1.10001,0.0,PRICE_FEED_DIFFERENCE
2023.12.22 05:00:00,2023-12-22T05:00:00+00:00,2023-12-22T05:00:00+00:00,0,1.10001,1.10001,0.0,1.10049,1.10049,0.0,1.09957,1.09958,-1.0000000000065512e-05,1.09978,1.09977,1.0000000000065512e-05,PRICE_FEED_DIFFERENCE
2023.12.22 06:00:00,2023-12-22T06:00:00+00:00,2023-12-22T06:00:00+00:00,0,1.09979,1.09977,2.0000000000131024e-05,1.10032,1.10031,1.0000000000065512e-05,1.09978,1.09977,1.0000000000065512e-05,1.10005,1.10004,1.0000000000065512e-05,PRICE_FEED_DIFFERENCE
2023.12.22 07:00:00,2023-12-22T07:00:00+00:00,2023-12-22T07:00:00+00:00,0,1.10005,1.10003,1.999999999990898e-05,1.10005,1.10003,1.999999999990898e-05,1.09956,1.09957,-9.999999999843467e-06,1.09966,1.09966,0.0,PRICE_FEED_DIFFERENCE
2023.12.22 08:00:00,2023-12-22T08:00:00+00:00,2023-12-22T08:00:00+00:00,0,1.09967,1.09967,0.0,1.10001,1.10001,0.0,1.09937,1.0994,-2.999999999997449e-05,1.09937,1.0994,-2.999999999997449e-05,PRICE_FEED_DIFFERENCE
2023.12.22 09:00:00,2023-12-22T09:00:00+00:00,2023-12-22T09:00:00+00:00,0,1.09937,1.0994,-2.999999999997449e-05,1.10076,1.10076,0.0,1.09936,1.09938,-2.0000000000131024e-05,1.10002,1.10002,0.0,PRICE_FEED_DIFFERENCE
2023.12.22 10:00:00,2023-12-22T10:00:00+00:00,2023-12-22T10:00:00+00:00,0,1.10002,1.10002,0.0,1.10119,1.10117,1.999999999990898e-05,1.09991,1.09992,-1.0000000000065512e-05,1.10072,1.10071,9.999999999843467e-06,PRICE_FEED_DIFFERENCE
2023.12.22 11:00:00,2023-12-22T11:00:00+00:00,2023-12-22T11:00:00+00:00,0,1.10071,1.10071,0.0,1.10136,1.10134,1.999999999990898e-05,1.10024,1.10025,-9.999999999843467e-06,1.10044,1.10043,1.0000000000065512e-05,PRICE_FEED_DIFFERENCE
2023.12.22 12:00:00,2023-12-22T12:00:00+00:00,2023-12-22T12:00:00+00:00,0,1.10042,1.10043,-1.0000000000065512e-05,1.1021,1.1021,0.0,1.10037,1.10037,0.0,1.10191,1.10191,0.0,PRICE_FEED_DIFFERENCE
2023.12.22 13:00:00,2023-12-22T13:00:00+00:00,2023-12-22T13:00:00+00:00,0,1.10191,1.1019,9.999999999843467e-06,1.10298,1.10298,0.0,1.1017,1.10168,1.999999999990898e-05,1.10257,1.10257,0.0,PRICE_FEED_DIFFERENCE
2023.12.22 14:00:00,2023-12-22T14:00:00+00:00,2023-12-22T14:00:00+00:00,0,1.10261,1.10258,3.0000000000196536e-05,1.10378,1.10379,-1.0000000000065512e-05,1.1016,1.1016,0.0,1.10186,1.10186,0.0,PRICE_FEED_DIFFERENCE
2023.12.22 15:00:00,2023-12-22T15:00:00+00:00,2023-12-22T15:00:00+00:00,0,1.1019,1.10187,3.0000000000196536e-05,1.1029,1.1029,0.0,1.10015,1.10016,-1.0000000000065512e-05,1.10286,1.10287,-1.0000000000065512e-05,PRICE_FEED_DIFFERENCE
2023.12.22 16:00:00,2023-12-22T16:00:00+00:00,2023-12-22T16:00:00+00:00,0,1.10287,1.10288,-1.0000000000065512e-05,1.104,1.104,0.0,1.10248,1.10249,-1.0000000000065512e-05,1.10374,1.10354,0.00019999999999997797,PRICE_FEED_DIFFERENCE
2023.12.22 17:00:00,2023-12-22T17:00:00+00:00,2023-12-22T17:00:00+00:00,0,1.10359,1.10361,-1.999999999990898e-05,1.10402,1.10401,1.0000000000065512e-05,1.1009,1.1009,0.0,1.10113,1.10113,0.0,PRICE_FEED_DIFFERENCE
2023.12.22 18:00:00,2023-12-22T18:00:00+00:00,2023-12-22T18:00:00+00:00,0,1.10112,1.10112,0.0,1.10239,1.10236,2.999999999997449e-05,1.10062,1.10062,0.0,1.10072,1.10072,0.0,PRICE_FEED_DIFFERENCE
2023.12.22 19:00:00,2023-12-22T19:00:00+00:00,2023-12-22T19:00:00+00:00,0,1.10073,1.10071,1.999999999990898e-05,1.10165,1.10164,1.0000000000065512e-05,1.1,1.1,0.0,1.10157,1.10157,0.0,PRICE_FEED_DIFFERENCE
2023.12.22 20:00:00,2023-12-22T20:00:00+00:00,2023-12-22T20:00:00+00:00,0,1.10157,1.10156,9.999999999843467e-06,1.10191,1.10191,0.0,1.10109,1.1011,-1.0000000000065512e-05,1.1013,1.10131,-1.0000000000065512e-05,PRICE_FEED_DIFFERENCE
2023.12.22 21:00:00,2023-12-22T21:00:00+00:00,2023-12-22T21:00:00+00:00,0,1.10131,1.10132,-1.0000000000065512e-05,1.10156,1.10156,0.0,1.10021,1.1002,9.999999999843467e-06,1.10156,1.10156,0.0,PRICE_FEED_DIFFERENCE
2023.12.22 22:00:00,2023-12-22T22:00:00+00:00,2023-12-22T22:00:00+00:00,0,1.10155,1.10155,0.0,1.10158,1.10157,1.0000000000065512e-05,1.10078,1.10077,1.0000000000065512e-05,1.10123,1.10125,-2.0000000000131024e-05,PRICE_FEED_DIFFERENCE
2023.12.22 23:00:00,2023-12-22T23:00:00+00:00,2023-12-22T23:00:00+00:00,0,1.10118,1.10125,-7.00000000000145e-05,1.1013,1.10139,-9.000000000014552e-05,1.101,1.10101,-1.0000000000065512e-05,1.10124,1.10135,-0.0001100000000000545,PRICE_FEED_DIFFERENCE
2023.12.26 00:00:00,2023-12-26T00:00:00+00:00,2023-12-26T00:00:00+00:00,0,1.10074,1.10009,0.0006500000000000394,1.10178,1.10182,-4.0000000000040004e-05,1.10056,1.10009,0.00046999999999997044,1.10108,1.10115,-7.00000000000145e-05,PRICE_FEED_DIFFERENCE
2023.12.26 01:00:00,2023-12-26T01:00:00+00:00,2023-12-26T01:00:00+00:00,0,1.1011,1.10115,-5.0000000000105516e-05,1.10229,1.1023,-1.0000000000065512e-05,1.1011,1.10115,-5.0000000000105516e-05,1.10187,1.10186,9.999999999843467e-06,PRICE_FEED_DIFFERENCE
2023.12.26 02:00:00,2023-12-26T02:00:00+00:00,2023-12-26T02:00:00+00:00,0,1.1019,1.10187,3.0000000000196536e-05,1.10202,1.10201,1.0000000000065512e-05,1.10156,1.10156,0.0,1.10193,1.10191,2.0000000000131024e-05,PRICE_FEED_DIFFERENCE
2023.12.26 03:00:00,2023-12-26T03:00:00+00:00,2023-12-26T03:00:00+00:00,0,1.10195,1.10194,1.0000000000065512e-05,1.10227,1.10227,0.0,1.10176,1.10177,-9.999999999843467e-06,1.10222,1.1022,1.999999999990898e-05,PRICE_FEED_DIFFERENCE
2023.12.26 04:00:00,2023-12-26T04:00:00+00:00,2023-12-26T04:00:00+00:00,0,1.10223,1.10219,4.0000000000040004e-05,1.10266,1.10266,0.0,1.10194,1.10195,-1.0000000000065512e-05,1.10258,1.10258,0.0,PRICE_FEED_DIFFERENCE
2023.12.26 05:00:00,2023-12-26T05:00:00+00:00,2023-12-26T05:00:00+00:00,0,1.10258,1.10258,0.0,1.10289,1.10286,2.999999999997449e-05,1.10254,1.10254,0.0,1.10277,1.10277,0.0,PRICE_FEED_DIFFERENCE
2023.12.26 06:00:00,2023-12-26T06:00:00+00:00,2023-12-26T06:00:00+00:00,0,1.10274,1.10275,-9.999999999843467e-06,1.10279,1.10277,1.999999999990898e-05,1.10223,1.10222,1.0000000000065512e-05,1.10225,1.10224,9.999999999843467e-06,PRICE_FEED_DIFFERENCE
2023.12.26 07:00:00,2023-12-26T07:00:00+00:00,2023-12-26T07:00:00+00:00,0,1.10225,1.10223,1.999999999990898e-05,1.10272,1.10272,0.0,1.10209,1.10209,0.0,1.10264,1.10266,-1.999999999990898e-05,PRICE_FEED_DIFFERENCE
2023.12.26 08:00:00,2023-12-26T08:00:00+00:00,2023-12-26T08:00:00+00:00,0,1.10264,1.10266,-1.999999999990898e-05,1.10266,1.10266,0.0,1.1022,1.10219,1.0000000000065512e-05,1.10238,1.10236,1.999999999990898e-05,PRICE_FEED_DIFFERENCE
2023.12.26 09:00:00,2023-12-26T09:00:00+00:00,2023-12-26T09:00:00+00:00,0,1.10237,1.10236,1.0000000000065512e-05,1.10254,1.10255,-9.999999999843467e-06,1.1021,1.1021,0.0,1.10224,1.10223,1.0000000000065512e-05,PRICE_FEED_DIFFERENCE
2023.12.26 10:00:00,2023-12-26T10:00:00+00:00,2023-12-26T10:00:00+00:00,0,1.10225,1.10226,-1.0000000000065512e-05,1.10265,1.10265,0.0,1.10137,1.10137,0.0,1.10149,1.10148,1.0000000000065512e-05,PRICE_FEED_DIFFERENCE
2023.12.26 11:00:00,2023-12-26T11:00:00+00:00,2023-12-26T11:00:00+00:00,0,1.10148,1.10147,1.0000000000065512e-05,1.1015,1.1015,0.0,1.10096,1.10096,0.0,1.10142,1.10141,1.0000000000065512e-05,PRICE_FEED_DIFFERENCE
2023.12.26 12:00:00,2023-12-26T12:00:00+00:00,2023-12-26T12:00:00+00:00,0,1.10143,1.10142,9.999999999843467e-06,1.10195,1.10194,1.0000000000065512e-05,1.10139,1.10138,1.0000000000065512e-05,1.10164,1.10163,9.999999999843467e-06,PRICE_FEED_DIFFERENCE
2023.12.26 13:00:00,2023-12-26T13:00:00+00:00,2023-12-26T13:00:00+00:00,0,1.10163,1.10162,1.0000000000065512e-05,1.10169,1.10168,1.0000000000065512e-05,1.10108,1.10109,-9.999999999843467e-06,1.10137,1.10137,0.0,PRICE_FEED_DIFFERENCE
2023.12.26 14:00:00,2023-12-26T14:00:00+00:00,2023-12-26T14:00:00+00:00,0,1.10135,1.10137,-1.999999999990898e-05,1.10173,1.10171,2.0000000000131024e-05,1.10086,1.10085,9.999999999843467e-06,1.10128,1.10128,0.0,PRICE_FEED_DIFFERENCE
2023.12.26 15:00:00,2023-12-26T15:00:00+00:00,2023-12-26T15:00:00+00:00,0,1.10127,1.10127,0.0,1.10244,1.10245,-9.999999999843467e-06,1.10119,1.10118,9.999999999843467e-06,1.10175,1.10175,0.0,PRICE_FEED_DIFFERENCE
2023.12.26 16:00:00,2023-12-26T16:00:00+00:00,2023-12-26T16:00:00+00:00,0,1.10176,1.10176,0.0,1.10273,1.10273,0.0,1.10139,1.10138,1.0000000000065512e-05,1.10264,1.10263,1.0000000000065512e-05,PRICE_FEED_DIFFERENCE
2023.12.26 17:00:00,2023-12-26T17:00:00+00:00,2023-12-26T17:00:00+00:00,0,1.10265,1.10264,9.999999999843467e-06,1.10326,1.10324,1.999999999990898e-05,1.10234,1.10233,1.0000000000065512e-05,1.10248,1.10249,-1.0000000000065512e-05,PRICE_FEED_DIFFERENCE
2023.12.26 18:00:00,2023-12-26T18:00:00+00:00,2023-12-26T18:00:00+00:00,0,1.10247,1.10249,-1.999999999990898e-05,1.10377,1.10376,9.999999999843467e-06,1.10241,1.10242,-1.0000000000065512e-05,1.10344,1.10342,1.999999999990898e-05,PRICE_FEED_DIFFERENCE
2023.12.26 19:00:00,2023-12-26T19:00:00+00:00,2023-12-26T19:00:00+00:00,0,1.10345,1.10343,2.0000000000131024e-05,1.10371,1.1037,1.0000000000065512e-05,1.103,1.103,0.0,1.10351,1.1035,1.0000000000065512e-05,PRICE_FEED_DIFFERENCE
2023.12.26 20:00:00,2023-12-26T20:00:00+00:00,2023-12-26T20:00:00+00:00,0,1.10352,1.10349,2.999999999997449e-05,1.10398,1.10397,1.0000000000065512e-05,1.1034,1.1034,0.0,1.10365,1.10363,1.999999999990898e-05,PRICE_FEED_DIFFERENCE
2023.12.26 21:00:00,2023-12-26T21:00:00+00:00,2023-12-26T21:00:00+00:00,0,1.10366,1.10365,1.0000000000065512e-05,1.10448,1.10448,0.0,1.10364,1.10363,9.999999999843467e-06,1.10444,1.10443,1.0000000000065512e-05,PRICE_FEED_DIFFERENCE
2023.12.26 22:00:00,2023-12-26T22:00:00+00:00,2023-12-26T22:00:00+00:00,0,1.10445,1.10444,9.999999999843467e-06,1.1045,1.1045,0.0,1.10402,1.10402,0.0,1.10423,1.10423,0.0,PRICE_FEED_DIFFERENCE
2023.12.26 23:00:00,2023-12-26T23:00:00+00:00,2023-12-26T23:00:00+00:00,0,1.10423,1.10423,0.0,1.10434,1.10434,0.0,1.10406,1.10405,1.0000000000065512e-05,1.10416,1.10417,-1.0000000000065512e-05,PRICE_FEED_DIFFERENCE
2023.12.27 00:00:00,2023-12-27T00:00:00+00:00,2023-12-27T00:00:00+00:00,0,1.10403,1.10417,-0.000140000000000029,1.10421,1.10419,1.999999999990898e-05,1.10397,1.10404,-7.00000000000145e-05,1.10399,1.1041,-0.0001100000000000545,PRICE_FEED_DIFFERENCE
2023.12.27 01:00:00,2023-12-27T01:00:00+00:00,2023-12-27T01:00:00+00:00,0,1.10412,1.10407,4.999999999988347e-05,1.10442,1.1044,1.999999999990898e-05,1.10404,1.10407,-3.0000000000196536e-05,1.10422,1.10422,0.0,PRICE_FEED_DIFFERENCE
2023.12.27 02:00:00,2023-12-27T02:00:00+00:00,2023-12-27T02:00:00+00:00,0,1.10423,1.10422,1.0000000000065512e-05,1.10425,1.10424,9.999999999843467e-06,1.10356,1.10358,-1.999999999990898e-05,1.10366,1.10367,-9.999999999843467e-06,PRICE_FEED_DIFFERENCE
2023.12.27 03:00:00,2023-12-27T03:00:00+00:00,2023-12-27T03:00:00+00:00,0,1.10364,1.10366,-2.0000000000131024e-05,1.10374,1.10374,0.0,1.10319,1.1032,-1.0000000000065512e-05,1.10362,1.10361,1.0000000000065512e-05,PRICE_FEED_DIFFERENCE
2023.12.27 04:00:00,2023-12-27T04:00:00+00:00,2023-12-27T04:00:00+00:00,0,1.10364,1.10362,1.999999999990898e-05,1.10367,1.10365,1.999999999990898e-05,1.10295,1.10294,1.0000000000065512e-05,1.10309,1.10309,0.0,PRICE_FEED_DIFFERENCE
2023.12.27 05:00:00,2023-12-27T05:00:00+00:00,2023-12-27T05:00:00+00:00,0,1.10308,1.1031,-1.999999999990898e-05,1.10365,1.10365,0.0,1.10285,1.10286,-9.999999999843467e-06,1.10364,1.10362,1.999999999990898e-05,PRICE_FEED_DIFFERENCE
2023.12.27 06:00:00,2023-12-27T06:00:00+00:00,2023-12-27T06:00:00+00:00,0,1.10365,1.10362,2.999999999997449e-05,1.10421,1.1042,9.999999999843467e-06,1.10364,1.10362,1.999999999990898e-05,1.10417,1.10416,1.0000000000065512e-05,PRICE_FEED_DIFFERENCE
2023.12.27 07:00:00,2023-12-27T07:00:00+00:00,2023-12-27T07:00:00+00:00,0,1.10416,1.10416,0.0,1.10438,1.10439,-1.0000000000065512e-05,1.10369,1.10369,0.0,1.10433,1.10433,0.0,PRICE_FEED_DIFFERENCE
2023.12.27 08:00:00,2023-12-27T08:00:00+00:00,2023-12-27T08:00:00+00:00,0,1.10434,1.10434,0.0,1.10451,1.10451,0.0,1.10403,1.10403,0.0,1.10444,1.10443,1.0000000000065512e-05,PRICE_FEED_DIFFERENCE
2023.12.27 09:00:00,2023-12-27T09:00:00+00:00,2023-12-27T09:00:00+00:00,0,1.10439,1.1044,-1.0000000000065512e-05,1.10491,1.10491,0.0,1.10365,1.10364,1.0000000000065512e-05,1.10413,1.10412,1.0000000000065512e-05,PRICE_FEED_DIFFERENCE
2023.12.27 10:00:00,2023-12-27T10:00:00+00:00,2023-12-27T10:00:00+00:00,0,1.10411,1.10411,0.0,1.10545,1.10543,2.0000000000131024e-05,1.10379,1.10379,0.0,1.1047,1.10469,1.0000000000065512e-05,PRICE_FEED_DIFFERENCE
2023.12.27 11:00:00,2023-12-27T11:00:00+00:00,2023-12-27T11:00:00+00:00,0,1.10469,1.10466,2.999999999997449e-05,1.10549,1.10547,2.0000000000131024e-05,1.10463,1.10463,0.0,1.10544,1.10543,1.0000000000065512e-05,PRICE_FEED_DIFFERENCE
2023.12.27 12:00:00,2023-12-27T12:00:00+00:00,2023-12-27T12:00:00+00:00,0,1.10545,1.10543,2.0000000000131024e-05,1.10593,1.10593,0.0,1.10519,1.10519,0.0,1.10561,1.1056,1.0000000000065512e-05,PRICE_FEED_DIFFERENCE
2023.12.27 13:00:00,2023-12-27T13:00:00+00:00,2023-12-27T13:00:00+00:00,0,1.10561,1.1056,1.0000000000065512e-05,1.10596,1.10594,2.0000000000131024e-05,1.105,1.10501,-1.0000000000065512e-05,1.10587,1.10589,-2.0000000000131024e-05,PRICE_FEED_DIFFERENCE
2023.12.27 14:00:00,2023-12-27T14:00:00+00:00,2023-12-27T14:00:00+00:00,0,1.1059,1.10589,1.0000000000065512e-05,1.10698,1.10699,-9.999999999843467e-06,1.10485,1.10485,0.0,1.10682,1.10683,-1.0000000000065512e-05,PRICE_FEED_DIFFERENCE
2023.12.27 15:00:00,2023-12-27T15:00:00+00:00,2023-12-27T15:00:00+00:00,0,1.10683,1.10684,-1.0000000000065512e-05,1.10739,1.10737,2.0000000000131024e-05,1.10621,1.10621,0.0,1.10704,1.10703,1.0000000000065512e-05,PRICE_FEED_DIFFERENCE
2023.12.27 16:00:00,2023-12-27T16:00:00+00:00,2023-12-27T16:00:00+00:00,0,1.10708,1.10707,1.0000000000065512e-05,1.11051,1.11053,-1.999999999990898e-05,1.10688,1.10688,0.0,1.11044,1.11045,-9.999999999843467e-06,PRICE_FEED_DIFFERENCE
2023.12.27 17:00:00,2023-12-27T17:00:00+00:00,2023-12-27T17:00:00+00:00,0,1.11042,1.11045,-2.999999999997449e-05,1.11156,1.11156,0.0,1.10987,1.1099,-3.0000000000196536e-05,1.11072,1.11072,0.0,PRICE_FEED_DIFFERENCE
2023.12.27 18:00:00,2023-12-27T18:00:00+00:00,2023-12-27T18:00:00+00:00,0,1.11073,1.11071,1.999999999990898e-05,1.11228,1.11226,1.999999999990898e-05,1.11025,1.11024,1.0000000000065512e-05,1.11126,1.11125,9.999999999843467e-06,PRICE_FEED_DIFFERENCE
2023.12.27 19:00:00,2023-12-27T19:00:00+00:00,2023-12-27T19:00:00+00:00,0,1.11125,1.11125,0.0,1.11128,1.11128,0.0,1.11036,1.11036,0.0,1.11053,1.11054,-1.0000000000065512e-05,PRICE_FEED_DIFFERENCE
2023.12.27 20:00:00,2023-12-27T20:00:00+00:00,2023-12-27T20:00:00+00:00,0,1.11052,1.11054,-2.0000000000131024e-05,1.11091,1.1109,1.0000000000065512e-05,1.11016,1.11015,1.0000000000065512e-05,1.11078,1.11078,0.0,PRICE_FEED_DIFFERENCE
2023.12.27 21:00:00,2023-12-27T21:00:00+00:00,2023-12-27T21:00:00+00:00,0,1.11077,1.11077,0.0,1.1114,1.11139,9.999999999843467e-06,1.10988,1.10988,0.0,1.11016,1.11014,2.0000000000131024e-05,PRICE_FEED_DIFFERENCE
2023.12.27 22:00:00,2023-12-27T22:00:00+00:00,2023-12-27T22:00:00+00:00,0,1.11017,1.11015,2.0000000000131024e-05,1.11076,1.11076,0.0,1.1101,1.11011,-9.999999999843467e-06,1.11063,1.11064,-1.0000000000065512e-05,PRICE_FEED_DIFFERENCE
2023.12.27 23:00:00,2023-12-27T23:00:00+00:00,2023-12-27T23:00:00+00:00,0,1.11063,1.11063,0.0,1.11076,1.11075,1.0000000000065512e-05,1.11024,1.11024,0.0,1.11065,1.11044,0.00020999999999982144,PRICE_FEED_DIFFERENCE
2023.12.28 00:00:00,2023-12-28T00:00:00+00:00,2023-12-28T00:00:00+00:00,0,1.11042,1.11047,-5.0000000000105516e-05,1.11061,1.1106,1.0000000000065512e-05,1.10974,1.10968,5.999999999994898e-05,1.11048,1.11038,9.999999999998899e-05,PRICE_FEED_DIFFERENCE
2023.12.28 01:00:00,2023-12-28T01:00:00+00:00,2023-12-28T01:00:00+00:00,0,1.11046,1.11038,8.000000000008001e-05,1.11098,1.11096,2.0000000000131024e-05,1.11041,1.11033,7.999999999985796e-05,1.11082,1.11082,0.0,PRICE_FEED_DIFFERENCE
2023.12.28 02:00:00,2023-12-28T02:00:00+00:00,2023-12-28T02:00:00+00:00,0,1.11083,1.11081,1.999999999990898e-05,1.11169,1.1117,-9.999999999843467e-06,1.1108,1.1108,0.0,1.11145,1.11146,-9.999999999843467e-06,PRICE_FEED_DIFFERENCE
2023.12.28 03:00:00,2023-12-28T03:00:00+00:00,2023-12-28T03:00:00+00:00,0,1.11145,1.11147,-1.999999999990898e-05,1.11219,1.11219,0.0,1.11132,1.11133,-9.999999999843467e-06,1.11219,1.11218,1.0000000000065512e-05,PRICE_FEED_DIFFERENCE
2023.12.28 04:00:00,2023-12-28T04:00:00+00:00,2023-12-28T04:00:00+00:00,0,1.11218,1.11218,0.0,1.11225,1.11224,1.0000000000065512e-05,1.11097,1.11096,1.0000000000065512e-05,1.11177,1.11177,0.0,PRICE_FEED_DIFFERENCE
2023.12.28 05:00:00,2023-12-28T05:00:00+00:00,2023-12-28T05:00:00+00:00,0,1.11178,1.11178,0.0,1.11208,1.11208,0.0,1.11143,1.11144,-1.0000000000065512e-05,1.11183,1.11184,-9.999999999843467e-06,PRICE_FEED_DIFFERENCE
2023.12.28 06:00:00,2023-12-28T06:00:00+00:00,2023-12-28T06:00:00+00:00,0,1.1118,1.11183,-3.0000000000196536e-05,1.11184,1.11184,0.0,1.11101,1.11101,0.0,1.11102,1.11102,0.0,PRICE_FEED_DIFFERENCE
2023.12.28 07:00:00,2023-12-28T07:00:00+00:00,2023-12-28T07:00:00+00:00,0,1.11101,1.11101,0.0,1.11176,1.11176,0.0,1.11084,1.11084,0.0,1.11092,1.11091,9.999999999843467e-06,PRICE_FEED_DIFFERENCE
2023.12.28 08:00:00,2023-12-28T08:00:00+00:00,2023-12-28T08:00:00+00:00,0,1.11091,1.11091,0.0,1.1115,1.11149,9.999999999843467e-06,1.11047,1.11048,-9.999999999843467e-06,1.11131,1.11132,-1.0000000000065512e-05,PRICE_FEED_DIFFERENCE
2023.12.28 09:00:00,2023-12-28T09:00:00+00:00,2023-12-28T09:00:00+00:00,0,1.11133,1.11134,-1.0000000000065512e-05,1.11257,1.11255,2.0000000000131024e-05,1.11132,1.11132,0.0,1.11166,1.11167,-9.999999999843467e-06,PRICE_FEED_DIFFERENCE
2023.12.28 10:00:00,2023-12-28T10:00:00+00:00,2023-12-28T10:00:00+00:00,0,1.11168,1.11167,1.0000000000065512e-05,1.11217,1.11217,0.0,1.11043,1.11042,1.0000000000065512e-05,1.1121,1.1121,0.0,PRICE_FEED_DIFFERENCE
2023.12.28 11:00:00,2023-12-28T11:00:00+00:00,2023-12-28T11:00:00+00:00,0,1.11211,1.1121,9.999999999843467e-06,1.11393,1.11394,-9.999999999843467e-06,1.11141,1.11142,-1.0000000000065512e-05,1.11291,1.11292,-9.999999999843467e-06,PRICE_FEED_DIFFERENCE
2023.12.28 12:00:00,2023-12-28T12:00:00+00:00,2023-12-28T12:00:00+00:00,0,1.11292,1.11292,0.0,1.11322,1.11323,-9.999999999843467e-06,1.11226,1.11226,0.0,1.11277,1.11278,-1.0000000000065512e-05,PRICE_FEED_DIFFERENCE
2023.12.28 13:00:00,2023-12-28T13:00:00+00:00,2023-12-28T13:00:00+00:00,0,1.11276,1.11278,-2.0000000000131024e-05,1.11324,1.11322,1.999999999990898e-05,1.11143,1.11144,-1.0000000000065512e-05,1.112,1.112,0.0,PRICE_FEED_DIFFERENCE
2023.12.28 14:00:00,2023-12-28T14:00:00+00:00,2023-12-28T14:00:00+00:00,0,1.112,1.11199,1.0000000000065512e-05,1.11203,1.112,2.999999999997449e-05,1.11109,1.1111,-1.0000000000065512e-05,1.11125,1.11124,1.0000000000065512e-05,PRICE_FEED_DIFFERENCE
2023.12.28 15:00:00,2023-12-28T15:00:00+00:00,2023-12-28T15:00:00+00:00,0,1.11125,1.11125,0.0,1.112,1.112,0.0,1.10724,1.10724,0.0,1.10732,1.10732,0.0,EXACT_MATCH
2023.12.28 16:00:00,2023-12-28T16:00:00+00:00,2023-12-28T16:00:00+00:00,0,1.10734,1.10732,1.999999999990898e-05,1.11048,1.11048,0.0,1.10722,1.10722,0.0,1.11027,1.11026,1.0000000000065512e-05,PRICE_FEED_DIFFERENCE
2023.12.28 17:00:00,2023-12-28T17:00:00+00:00,2023-12-28T17:00:00+00:00,0,1.11028,1.11027,9.999999999843467e-06,1.11133,1.11133,0.0,1.11,1.11,0.0,1.11069,1.11066,2.999999999997449e-05,PRICE_FEED_DIFFERENCE
2023.12.28 18:00:00,2023-12-28T18:00:00+00:00,2023-12-28T18:00:00+00:00,0,1.11067,1.11067,0.0,1.11069,1.11067,1.999999999990898e-05,1.1069,1.1069,0.0,1.10718,1.10718,0.0,PRICE_FEED_DIFFERENCE
2023.12.28 19:00:00,2023-12-28T19:00:00+00:00,2023-12-28T19:00:00+00:00,0,1.10719,1.10718,9.999999999843467e-06,1.10764,1.10764,0.0,1.10659,1.10659,0.0,1.10737,1.10736,1.0000000000065512e-05,PRICE_FEED_DIFFERENCE
2023.12.28 20:00:00,2023-12-28T20:00:00+00:00,2023-12-28T20:00:00+00:00,0,1.10738,1.10737,1.0000000000065512e-05,1.10739,1.10738,1.0000000000065512e-05,1.10551,1.10552,-1.0000000000065512e-05,1.10641,1.1064,9.999999999843467e-06,PRICE_FEED_DIFFERENCE
2023.12.28 21:00:00,2023-12-28T21:00:00+00:00,2023-12-28T21:00:00+00:00,0,1.10641,1.1064,9.999999999843467e-06,1.1066,1.1066,0.0,1.10576,1.10577,-9.999999999843467e-06,1.10645,1.10645,0.0,PRICE_FEED_DIFFERENCE
2023.12.28 22:00:00,2023-12-28T22:00:00+00:00,2023-12-28T22:00:00+00:00,0,1.10646,1.10645,1.0000000000065512e-05,1.10706,1.10706,0.0,1.10628,1.10629,-1.0000000000065512e-05,1.10654,1.10655,-9.999999999843467e-06,PRICE_FEED_DIFFERENCE
2023.12.28 23:00:00,2023-12-28T23:00:00+00:00,2023-12-28T23:00:00+00:00,0,1.10654,1.10655,-9.999999999843467e-06,1.10658,1.10656,1.999999999990898e-05,1.10598,1.10599,-1.0000000000065512e-05,1.10623,1.10603,0.00019999999999997797,PRICE_FEED_DIFFERENCE
2023.12.29 00:00:00,2023-12-29T00:00:00+00:00,2023-12-29T00:00:00+00:00,0,1.10605,1.10595,9.999999999998899e-05,1.10646,1.10643,2.999999999997449e-05,1.10598,1.10588,9.999999999998899e-05,1.10615,1.10617,-2.0000000000131024e-05,PRICE_FEED_DIFFERENCE
2023.12.29 01:00:00,2023-12-29T01:00:00+00:00,2023-12-29T01:00:00+00:00,0,1.1063,1.10618,0.00012000000000012001,1.10676,1.10678,-2.0000000000131024e-05,1.10611,1.10608,2.999999999997449e-05,1.10676,1.10677,-1.0000000000065512e-05,PRICE_FEED_DIFFERENCE
2023.12.29 02:00:00,2023-12-29T02:00:00+00:00,2023-12-29T02:00:00+00:00,0,1.10676,1.10678,-2.0000000000131024e-05,1.1079,1.10791,-9.999999999843467e-06,1.10664,1.10663,1.0000000000065512e-05,1.10762,1.10763,-9.999999999843467e-06,PRICE_FEED_DIFFERENCE
2023.12.29 03:00:00,2023-12-29T03:00:00+00:00,2023-12-29T03:00:00+00:00,0,1.10762,1.10766,-4.0000000000040004e-05,1.10842,1.10842,0.0,1.10751,1.10751,0.0,1.10789,1.10789,0.0,PRICE_FEED_DIFFERENCE
2023.12.29 04:00:00,2023-12-29T04:00:00+00:00,2023-12-29T04:00:00+00:00,0,1.10788,1.10788,0.0,1.10792,1.10793,-1.0000000000065512e-05,1.10707,1.10707,0.0,1.10715,1.10715,0.0,PRICE_FEED_DIFFERENCE
2023.12.29 05:00:00,2023-12-29T05:00:00+00:00,2023-12-29T05:00:00+00:00,0,1.10715,1.10716,-9.999999999843467e-06,1.10726,1.10726,0.0,1.10637,1.10637,0.0,1.10652,1.10651,9.999999999843467e-06,PRICE_FEED_DIFFERENCE
2023.12.29 06:00:00,2023-12-29T06:00:00+00:00,2023-12-29T06:00:00+00:00,0,1.10653,1.10652,1.0000000000065512e-05,1.10688,1.10686,2.0000000000131024e-05,1.10636,1.10637,-1.0000000000065512e-05,1.10666,1.10666,0.0,PRICE_FEED_DIFFERENCE
2023.12.29 07:00:00,2023-12-29T07:00:00+00:00,2023-12-29T07:00:00+00:00,0,1.10665,1.10666,-1.0000000000065512e-05,1.1067,1.10668,1.999999999990898e-05,1.10609,1.10608,1.0000000000065512e-05,1.10662,1.10661,9.999999999843467e-06,PRICE_FEED_DIFFERENCE
2023.12.29 08:00:00,2023-12-29T08:00:00+00:00,2023-12-29T08:00:00+00:00,0,1.10663,1.1066,2.999999999997449e-05,1.10748,1.10747,1.0000000000065512e-05,1.10655,1.10656,-1.0000000000065512e-05,1.10733,1.10733,0.0,PRICE_FEED_DIFFERENCE
2023.12.29 09:00:00,2023-12-29T09:00:00+00:00,2023-12-29T09:00:00+00:00,0,1.10734,1.10732,1.999999999990898e-05,1.10761,1.10762,-1.0000000000065512e-05,1.10639,1.10639,0.0,1.10659,1.10658,1.0000000000065512e-05,PRICE_FEED_DIFFERENCE
2023.12.29 10:00:00,2023-12-29T10:00:00+00:00,2023-12-29T10:00:00+00:00,0,1.10659,1.10655,4.0000000000040004e-05,1.10775,1.10774,1.0000000000065512e-05,1.10581,1.10581,0.0,1.10605,1.10605,0.0,PRICE_FEED_DIFFERENCE
2023.12.29 11:00:00,2023-12-29T11:00:00+00:00,2023-12-29T11:00:00+00:00,0,1.10605,1.10606,-1.0000000000065512e-05,1.10613,1.10612,1.0000000000065512e-05,1.10441,1.10442,-1.0000000000065512e-05,1.10491,1.1049,1.0000000000065512e-05,PRICE_FEED_DIFFERENCE
2023.12.29 12:00:00,2023-12-29T12:00:00+00:00,2023-12-29T12:00:00+00:00,0,1.10489,1.10489,0.0,1.10671,1.10672,-9.999999999843467e-06,1.10473,1.10474,-1.0000000000065512e-05,1.10649,1.10647,1.999999999990898e-05,PRICE_FEED_DIFFERENCE
2023.12.29 13:00:00,2023-12-29T13:00:00+00:00,2023-12-29T13:00:00+00:00,0,1.10648,1.10646,1.999999999990898e-05,1.10769,1.1077,-9.999999999843467e-06,1.10613,1.10614,-9.999999999843467e-06,1.10762,1.10763,-9.999999999843467e-06,PRICE_FEED_DIFFERENCE
2023.12.29 14:00:00,2023-12-29T14:00:00+00:00,2023-12-29T14:00:00+00:00,0,1.10763,1.10764,-1.0000000000065512e-05,1.10806,1.10806,0.0,1.1048,1.10478,1.999999999990898e-05,1.10516,1.10516,0.0,PRICE_FEED_DIFFERENCE
2023.12.29 15:00:00,2023-12-29T15:00:00+00:00,2023-12-29T15:00:00+00:00,0,1.10517,1.10515,1.999999999990898e-05,1.10586,1.10587,-9.999999999843467e-06,1.10466,1.10466,0.0,1.10486,1.10486,0.0,PRICE_FEED_DIFFERENCE
2023.12.29 16:00:00,2023-12-29T16:00:00+00:00,2023-12-29T16:00:00+00:00,0,1.10487,1.10484,2.999999999997449e-05,1.10702,1.10704,-2.0000000000131024e-05,1.1047,1.10469,1.0000000000065512e-05,1.10688,1.10686,2.0000000000131024e-05,PRICE_FEED_DIFFERENCE
2023.12.29 17:00:00,2023-12-29T17:00:00+00:00,2023-12-29T17:00:00+00:00,0,1.10688,1.10692,-3.999999999981796e-05,1.10786,1.10784,2.0000000000131024e-05,1.10424,1.10425,-9.999999999843467e-06,1.1047,1.10471,-1.0000000000065512e-05,PRICE_FEED_DIFFERENCE
2023.12.29 18:00:00,2023-12-29T18:00:00+00:00,2023-12-29T18:00:00+00:00,0,1.10472,1.10472,0.0,1.10612,1.10614,-1.999999999990898e-05,1.10433,1.10434,-1.0000000000065512e-05,1.106,1.10608,-7.999999999985796e-05,PRICE_FEED_DIFFERENCE
2023.12.29 19:00:00,2023-12-29T19:00:00+00:00,2023-12-29T19:00:00+00:00,0,1.10608,1.10607,9.999999999843467e-06,1.10668,1.10667,1.0000000000065512e-05,1.10528,1.10529,-1.0000000000065512e-05,1.10639,1.10639,0.0,PRICE_FEED_DIFFERENCE
2023.12.29 20:00:00,2023-12-29T20:00:00+00:00,2023-12-29T20:00:00+00:00,0,1.10638,1.1064,-2.0000000000131024e-05,1.10639,1.1064,-1.0000000000065512e-05,1.10491,1.10491,0.0,1.1053,1.1053,0.0,PRICE_FEED_DIFFERENCE
2023.12.29 21:00:00,2023-12-29T21:00:00+00:00,2023-12-29T21:00:00+00:00,0,1.10532,1.10532,0.0,1.10538,1.10538,0.0,1.1038,1.10381,-1.0000000000065512e-05,1.10408,1.10407,9.999999999843467e-06,PRICE_FEED_DIFFERENCE
2023.12.29 22:00:00,2023-12-29T22:00:00+00:00,2023-12-29T22:00:00+00:00,0,1.1041,1.10409,1.0000000000065512e-05,1.10508,1.10507,1.0000000000065512e-05,1.10383,1.10383,0.0,1.10409,1.10409,0.0,PRICE_FEED_DIFFERENCE
2023.12.29 23:00:00,2023-12-29T23:00:00+00:00,2023-12-29T23:00:00+00:00,0,1.10411,1.10411,0.0,1.10411,1.10411,0.0,1.1034,1.10339,9.999999999843467e-06,1.1039,1.10374,0.00016000000000016001,PRICE_FEED_DIFFERENCE
2024.01.02 00:00:00,2024-01-02T00:00:00+00:00,2024-01-02T00:00:00+00:00,0,1.10424,1.10427,-2.999999999997449e-05,1.10443,1.10447,-4.0000000000040004e-05,1.10416,1.1042,-4.0000000000040004e-05,1.10434,1.10438,-3.999999999981796e-05,PRICE_FEED_DIFFERENCE
2024.01.02 01:00:00,2024-01-02T01:00:00+00:00,2024-01-02T01:00:00+00:00,0,1.10438,1.10446,-8.000000000008001e-05,1.10442,1.10446,-4.0000000000040004e-05,1.10355,1.10356,-1.0000000000065512e-05,1.10364,1.10365,-1.0000000000065512e-05,PRICE_FEED_DIFFERENCE
2024.01.02 02:00:00,2024-01-02T02:00:00+00:00,2024-01-02T02:00:00+00:00,0,1.10366,1.10366,0.0,1.10383,1.10383,0.0,1.10341,1.10342,-1.0000000000065512e-05,1.10381,1.10381,0.0,PRICE_FEED_DIFFERENCE
2024.01.02 03:00:00,2024-01-02T03:00:00+00:00,2024-01-02T03:00:00+00:00,0,1.10381,1.1038,1.0000000000065512e-05,1.10433,1.10432,1.0000000000065512e-05,1.10342,1.10342,0.0,1.10349,1.10348,1.0000000000065512e-05,PRICE_FEED_DIFFERENCE
2024.01.02 04:00:00,2024-01-02T04:00:00+00:00,2024-01-02T04:00:00+00:00,0,1.1035,1.10347,2.999999999997449e-05,1.1036,1.10359,9.999999999843467e-06,1.10182,1.10182,0.0,1.10188,1.10187,1.0000000000065512e-05,PRICE_FEED_DIFFERENCE
2024.01.02 05:00:00,2024-01-02T05:00:00+00:00,2024-01-02T05:00:00+00:00,0,1.10187,1.10187,0.0,1.10248,1.10247,9.999999999843467e-06,1.10175,1.10176,-1.0000000000065512e-05,1.10245,1.10245,0.0,PRICE_FEED_DIFFERENCE
2024.01.02 06:00:00,2024-01-02T06:00:00+00:00,2024-01-02T06:00:00+00:00,0,1.10246,1.10245,1.0000000000065512e-05,1.1025,1.1025,0.0,1.10165,1.10165,0.0,1.10207,1.10208,-9.999999999843467e-06,PRICE_FEED_DIFFERENCE
2024.01.02 07:00:00,2024-01-02T07:00:00+00:00,2024-01-02T07:00:00+00:00,0,1.10207,1.10208,-9.999999999843467e-06,1.10338,1.10335,2.999999999997449e-05,1.10207,1.10208,-9.999999999843467e-06,1.10334,1.10333,1.0000000000065512e-05,PRICE_FEED_DIFFERENCE
2024.01.02 08:00:00,2024-01-02T08:00:00+00:00,2024-01-02T08:00:00+00:00,0,1.10336,1.10334,1.999999999990898e-05,1.10352,1.10351,1.0000000000065512e-05,1.10268,1.10268,0.0,1.10287,1.10286,1.0000000000065512e-05,PRICE_FEED_DIFFERENCE
2024.01.02 09:00:00,2024-01-02T09:00:00+00:00,2024-01-02T09:00:00+00:00,0,1.10286,1.10286,0.0,1.10379,1.1038,-9.999999999843467e-06,1.1015,1.10151,-1.0000000000065512e-05,1.10152,1.10153,-9.999999999843467e-06,PRICE_FEED_DIFFERENCE
2024.01.02 10:00:00,2024-01-02T10:00:00+00:00,2024-01-02T10:00:00+00:00,0,1.10155,1.10156,-1.0000000000065512e-05,1.10388,1.10387,1.0000000000065512e-05,1.10155,1.10156,-1.0000000000065512e-05,1.10297,1.10295,1.999999999990898e-05,PRICE_FEED_DIFFERENCE
2024.01.02 11:00:00,2024-01-02T11:00:00+00:00,2024-01-02T11:00:00+00:00,0,1.10296,1.10296,0.0,1.10378,1.10378,0.0,1.10106,1.10107,-1.0000000000065512e-05,1.10152,1.1015,2.0000000000131024e-05,PRICE_FEED_DIFFERENCE
2024.01.02 12:00:00,2024-01-02T12:00:00+00:00,2024-01-02T12:00:00+00:00,0,1.10151,1.10149,1.999999999990898e-05,1.10171,1.1017,1.0000000000065512e-05,1.09971,1.0997,1.0000000000065512e-05,1.10075,1.10075,0.0,PRICE_FEED_DIFFERENCE
2024.01.02 13:00:00,2024-01-02T13:00:00+00:00,2024-01-02T13:00:00+00:00,0,1.10074,1.10075,-9.999999999843467e-06,1.10076,1.10077,-1.0000000000065512e-05,1.09665,1.09665,0.0,1.09689,1.0969,-1.0000000000065512e-05,PRICE_FEED_DIFFERENCE
2024.01.02 14:00:00,2024-01-02T14:00:00+00:00,2024-01-02T14:00:00+00:00,0,1.09693,1.09691,1.999999999990898e-05,1.09719,1.09717,2.0000000000131024e-05,1.09537,1.09537,0.0,1.09538,1.09537,1.0000000000065512e-05,PRICE_FEED_DIFFERENCE
2024.01.02 15:00:00,2024-01-02T15:00:00+00:00,2024-01-02T15:00:00+00:00,0,1.09538,1.09538,0.0,1.0965,1.0965,0.0,1.09494,1.09494,0.0,1.09527,1.09527,0.0,EXACT_MATCH
2024.01.02 16:00:00,2024-01-02T16:00:00+00:00,2024-01-02T16:00:00+00:00,0,1.09527,1.09526,1.0000000000065512e-05,1.09642,1.09639,2.999999999997449e-05,1.09448,1.09448,0.0,1.09629,1.09631,-1.999999999990898e-05,PRICE_FEED_DIFFERENCE
2024.01.02 17:00:00,2024-01-02T17:00:00+00:00,2024-01-02T17:00:00+00:00,0,1.09631,1.09631,0.0,1.09683,1.09682,1.0000000000065512e-05,1.0941,1.0941,0.0,1.09435,1.09435,0.0,PRICE_FEED_DIFFERENCE
2024.01.02 18:00:00,2024-01-02T18:00:00+00:00,2024-01-02T18:00:00+00:00,0,1.09436,1.09436,0.0,1.09616,1.09616,0.0,1.09408,1.09408,0.0,1.09564,1.09564,0.0,EXACT_MATCH
2024.01.02 19:00:00,2024-01-02T19:00:00+00:00,2024-01-02T19:00:00+00:00,0,1.09564,1.09565,-1.0000000000065512e-05,1.09575,1.09575,0.0,1.09457,1.09459,-1.999999999990898e-05,1.09506,1.09504,1.999999999990898e-05,PRICE_FEED_DIFFERENCE
2024.01.02 20:00:00,2024-01-02T20:00:00+00:00,2024-01-02T20:00:00+00:00,0,1.09505,1.09504,1.0000000000065512e-05,1.09559,1.09558,1.0000000000065512e-05,1.09462,1.09462,0.0,1.09468,1.09467,1.0000000000065512e-05,PRICE_FEED_DIFFERENCE
2024.01.02 21:00:00,2024-01-02T21:00:00+00:00,2024-01-02T21:00:00+00:00,0,1.09467,1.09466,1.0000000000065512e-05,1.09502,1.09501,1.0000000000065512e-05,1.09428,1.09429,-1.0000000000065512e-05,1.09465,1.09465,0.0,PRICE_FEED_DIFFERENCE
2024.01.02 22:00:00,2024-01-02T22:00:00+00:00,2024-01-02T22:00:00+00:00,0,1.09465,1.09465,0.0,1.09511,1.09511,0.0,1.09421,1.09421,0.0,1.09432,1.09431,1.0000000000065512e-05,PRICE_FEED_DIFFERENCE
2024.01.02 23:00:00,2024-01-02T23:00:00+00:00,2024-01-02T23:00:00+00:00,0,1.0943,1.0943,0.0,1.09433,1.09432,1.0000000000065512e-05,1.09383,1.09383,0.0,1.09413,1.09396,0.00017000000000000348,PRICE_FEED_DIFFERENCE
2024.01.03 00:00:00,2024-01-03T00:00:00+00:00,2024-01-03T00:00:00+00:00,0,1.09423,1.09396,0.00026999999999999247,1.09426,1.09438,-0.00011999999999989797,1.09381,1.09375,5.999999999994898e-05,1.09407,1.09404,3.0000000000196536e-05,PRICE_FEED_DIFFERENCE
2024.01.03 01:00:00,2024-01-03T01:00:00+00:00,2024-01-03T01:00:00+00:00,0,1.0941,1.09404,6.000000000017103e-05,1.09439,1.09436,2.999999999997449e-05,1.09405,1.09404,1.0000000000065512e-05,1.09413,1.09416,-2.999999999997449e-05,PRICE_FEED_DIFFERENCE
2024.01.03 02:00:00,2024-01-03T02:00:00+00:00,2024-01-03T02:00:00+00:00,0,1.09416,1.09416,0.0,1.09507,1.09505,1.999999999990898e-05,1.09411,1.09412,-1.0000000000065512e-05,1.09494,1.09494,0.0,PRICE_FEED_DIFFERENCE
2024.01.03 03:00:00,2024-01-03T03:00:00+00:00,2024-01-03T03:00:00+00:00,0,1.09494,1.09493,1.0000000000065512e-05,1.09548,1.09546,1.999999999990898e-05,1.09448,1.09448,0.0,1.09513,1.09513,0.0,PRICE_FEED_DIFFERENCE
2024.01.03 04:00:00,2024-01-03T04:00:00+00:00,2024-01-03T04:00:00+00:00,0,1.09513,1.09513,0.0,1.09532,1.0953,2.0000000000131024e-05,1.09487,1.09486,1.0000000000065512e-05,1.09521,1.09522,-1.0000000000065512e-05,PRICE_FEED_DIFFERENCE
2024.01.03 05:00:00,2024-01-03T05:00:00+00:00,2024-01-03T05:00:00+00:00,0,1.09521,1.09522,-1.0000000000065512e-05,1.09621,1.09622,-1.0000000000065512e-05,1.09486,1.09488,-2.0000000000131024e-05,1.09609,1.09608,1.0000000000065512e-05,PRICE_FEED_DIFFERENCE
2024.01.03 06:00:00,2024-01-03T06:00:00+00:00,2024-01-03T06:00:00+00:00,0,1.09606,1.09607,-1.0000000000065512e-05,1.09623,1.09624,-1.0000000000065512e-05,1.09588,1.09588,0.0,1.09622,1.09622,0.0,PRICE_FEED_DIFFERENCE
2024.01.03 07:00:00,2024-01-03T07:00:00+00:00,2024-01-03T07:00:00+00:00,0,1.09622,1.09623,-1.0000000000065512e-05,1.09627,1.09627,0.0,1.09512,1.09512,0.0,1.09513,1.09512,9.999999999843467e-06,PRICE_FEED_DIFFERENCE
2024.01.03 08:00:00,2024-01-03T08:00:00+00:00,2024-01-03T08:00:00+00:00,0,1.09512,1.09512,0.0,1.09607,1.09607,0.0,1.0951,1.09511,-1.0000000000065512e-05,1.09587,1.09586,9.999999999843467e-06,PRICE_FEED_DIFFERENCE
2024.01.03 09:00:00,2024-01-03T09:00:00+00:00,2024-01-03T09:00:00+00:00,0,1.09577,1.09585,-8.000000000008001e-05,1.09627,1.09627,0.0,1.09515,1.09514,1.0000000000065512e-05,1.09603,1.09603,0.0,PRICE_FEED_DIFFERENCE
2024.01.03 10:00:00,2024-01-03T10:00:00+00:00,2024-01-03T10:00:00+00:00,0,1.09603,1.09602,1.0000000000065512e-05,1.09654,1.09654,0.0,1.09502,1.09502,0.0,1.09526,1.09526,0.0,PRICE_FEED_DIFFERENCE
2024.01.03 11:00:00,2024-01-03T11:00:00+00:00,2024-01-03T11:00:00+00:00,0,1.09526,1.09526,0.0,1.09564,1.09562,1.999999999990898e-05,1.09347,1.09348,-1.0000000000065512e-05,1.09364,1.09362,1.999999999990898e-05,PRICE_FEED_DIFFERENCE
2024.01.03 12:00:00,2024-01-03T12:00:00+00:00,2024-01-03T12:00:00+00:00,0,1.09362,1.09362,0.0,1.0939,1.0939,0.0,1.09261,1.09262,-9.999999999843467e-06,1.09279,1.09279,0.0,PRICE_FEED_DIFFERENCE
2024.01.03 13:00:00,2024-01-03T13:00:00+00:00,2024-01-03T13:00:00+00:00,0,1.09279,1.0928,-1.0000000000065512e-05,1.09297,1.09297,0.0,1.09153,1.09154,-1.0000000000065512e-05,1.09194,1.09195,-1.0000000000065512e-05,PRICE_FEED_DIFFERENCE
2024.01.03 14:00:00,2024-01-03T14:00:00+00:00,2024-01-03T14:00:00+00:00,0,1.09195,1.09195,0.0,1.09322,1.0932,2.0000000000131024e-05,1.09146,1.09145,1.0000000000065512e-05,1.09166,1.09168,-1.999999999990898e-05,PRICE_FEED_DIFFERENCE
2024.01.03 15:00:00,2024-01-03T15:00:00+00:00,2024-01-03T15:00:00+00:00,0,1.09167,1.09168,-1.0000000000065512e-05,1.09301,1.093,1.0000000000065512e-05,1.091,1.09101,-1.0000000000065512e-05,1.09216,1.09215,1.0000000000065512e-05,PRICE_FEED_DIFFERENCE
2024.01.03 16:00:00,2024-01-03T16:00:00+00:00,2024-01-03T16:00:00+00:00,0,1.09217,1.09216,1.0000000000065512e-05,1.09265,1.09265,0.0,1.09099,1.09099,0.0,1.09183,1.09183,0.0,PRICE_FEED_DIFFERENCE
2024.01.03 17:00:00,2024-01-03T17:00:00+00:00,2024-01-03T17:00:00+00:00,0,1.09161,1.09179,-0.000180000000000069,1.09387,1.09385,1.999999999990898e-05,1.0898,1.0898,0.0,1.09047,1.09044,2.999999999997449e-05,PRICE_FEED_DIFFERENCE
2024.01.03 18:00:00,2024-01-03T18:00:00+00:00,2024-01-03T18:00:00+00:00,0,1.09049,1.09045,4.0000000000040004e-05,1.09182,1.09182,0.0,1.09027,1.09026,1.0000000000065512e-05,1.09082,1.09081,9.999999999843467e-06,PRICE_FEED_DIFFERENCE
2024.01.03 19:00:00,2024-01-03T19:00:00+00:00,2024-01-03T19:00:00+00:00,0,1.09081,1.09081,0.0,1.09101,1.09101,0.0,1.09033,1.09032,1.0000000000065512e-05,1.09066,1.09066,0.0,PRICE_FEED_DIFFERENCE
2024.01.03 20:00:00,2024-01-03T20:00:00+00:00,2024-01-03T20:00:00+00:00,0,1.09065,1.09066,-1.0000000000065512e-05,1.09149,1.09148,1.0000000000065512e-05,1.09026,1.09026,0.0,1.09057,1.09054,2.999999999997449e-05,PRICE_FEED_DIFFERENCE
2024.01.03 21:00:00,2024-01-03T21:00:00+00:00,2024-01-03T21:00:00+00:00,0,1.09058,1.09055,3.0000000000196536e-05,1.09256,1.09257,-1.0000000000065512e-05,1.08929,1.08929,0.0,1.09175,1.09176,-1.0000000000065512e-05,PRICE_FEED_DIFFERENCE
2024.01.03 22:00:00,2024-01-03T22:00:00+00:00,2024-01-03T22:00:00+00:00,0,1.09177,1.09177,0.0,1.09232,1.09232,0.0,1.09149,1.0915,-9.999999999843467e-06,1.09212,1.09212,0.0,PRICE_FEED_DIFFERENCE
2024.01.03 23:00:00,2024-01-03T23:00:00+00:00,2024-01-03T23:00:00+00:00,0,1.0921,1.09211,-9.999999999843467e-06,1.09234,1.09236,-1.999999999990898e-05,1.09186,1.09187,-9.999999999843467e-06,1.09196,1.09206,-9.999999999998899e-05,PRICE_FEED_DIFFERENCE
2024.01.04 00:00:00,2024-01-04T00:00:00+00:00,2024-01-04T00:00:00+00:00,0,1.09163,1.09206,-0.00042999999999993044,1.09215,1.09225,-9.999999999998899e-05,1.0914,1.09167,-0.00026999999999999247,1.09207,1.09206,1.0000000000065512e-05,PRICE_FEED_DIFFERENCE
2024.01.04 01:00:00,2024-01-04T01:00:00+00:00,2024-01-04T01:00:00+00:00,0,1.09219,1.09207,0.00011999999999989797,1.09274,1.09275,-1.0000000000065512e-05,1.09216,1.09207,8.999999999992347e-05,1.09258,1.09258,0.0,PRICE_FEED_DIFFERENCE
2024.01.04 02:00:00,2024-01-04T02:00:00+00:00,2024-01-04T02:00:00+00:00,0,1.09259,1.09259,0.0,1.09265,1.09266,-1.0000000000065512e-05,1.09195,1.09194,1.0000000000065512e-05,1.09224,1.09225,-9.999999999843467e-06,PRICE_FEED_DIFFERENCE
2024.01.04 03:00:00,2024-01-04T03:00:00+00:00,2024-01-04T03:00:00+00:00,0,1.09223,1.09224,-1.0000000000065512e-05,1.0924,1.09241,-1.0000000000065512e-05,1.09161,1.09163,-2.0000000000131024e-05,1.09178,1.09178,0.0,PRICE_FEED_DIFFERENCE
2024.01.04 04:00:00,2024-01-04T04:00:00+00:00,2024-01-04T04:00:00+00:00,0,1.09178,1.09177,1.0000000000065512e-05,1.092,1.09199,1.0000000000065512e-05,1.09158,1.0916,-1.999999999990898e-05,1.09193,1.09193,0.0,PRICE_FEED_DIFFERENCE
2024.01.04 05:00:00,2024-01-04T05:00:00+00:00,2024-01-04T05:00:00+00:00,0,1.09193,1.09193,0.0,1.09306,1.09306,0.0,1.09193,1.09193,0.0,1.09261,1.09261,0.0,EXACT_MATCH
2024.01.04 06:00:00,2024-01-04T06:00:00+00:00,2024-01-04T06:00:00+00:00,0,1.09261,1.09261,0.0,1.09286,1.09285,9.999999999843467e-06,1.09246,1.09247,-1.0000000000065512e-05,1.09259,1.09258,9.999999999843467e-06,PRICE_FEED_DIFFERENCE
2024.01.04 07:00:00,2024-01-04T07:00:00+00:00,2024-01-04T07:00:00+00:00,0,1.09259,1.09259,0.0,1.09268,1.09268,0.0,1.09218,1.09219,-1.0000000000065512e-05,1.09266,1.09266,0.0,PRICE_FEED_DIFFERENCE
2024.01.04 08:00:00,2024-01-04T08:00:00+00:00,2024-01-04T08:00:00+00:00,0,1.09265,1.09265,0.0,1.09345,1.09346,-1.0000000000065512e-05,1.09208,1.09208,0.0,1.09324,1.09324,0.0,PRICE_FEED_DIFFERENCE
2024.01.04 09:00:00,2024-01-04T09:00:00+00:00,2024-01-04T09:00:00+00:00,0,1.09323,1.09323,0.0,1.09436,1.09436,0.0,1.09296,1.09295,9.999999999843467e-06,1.09375,1.09375,0.0,PRICE_FEED_DIFFERENCE
2024.01.04 10:00:00,2024-01-04T10:00:00+00:00,2024-01-04T10:00:00+00:00,0,1.09376,1.09375,1.0000000000065512e-05,1.09558,1.09559,-1.0000000000065512e-05,1.09346,1.09345,1.0000000000065512e-05,1.09531,1.09532,-1.0000000000065512e-05,PRICE_FEED_DIFFERENCE
2024.01.04 11:00:00,2024-01-04T11:00:00+00:00,2024-01-04T11:00:00+00:00,0,1.0953,1.09532,-2.0000000000131024e-05,1.09691,1.0969,1.0000000000065512e-05,1.09453,1.09453,0.0,1.09674,1.09675,-9.999999999843467e-06,PRICE_FEED_DIFFERENCE
2024.01.04 12:00:00,2024-01-04T12:00:00+00:00,2024-01-04T12:00:00+00:00,0,1.09674,1.09675,-9.999999999843467e-06,1.09721,1.09721,0.0,1.09543,1.09543,0.0,1.09554,1.09555,-1.0000000000065512e-05,PRICE_FEED_DIFFERENCE
2024.01.04 13:00:00,2024-01-04T13:00:00+00:00,2024-01-04T13:00:00+00:00,0,1.09554,1.09556,-2.0000000000131024e-05,1.09578,1.09578,0.0,1.0946,1.09462,-1.999999999990898e-05,1.09479,1.09479,0.0,PRICE_FEED_DIFFERENCE
2024.01.04 14:00:00,2024-01-04T14:00:00+00:00,2024-01-04T14:00:00+00:00,0,1.09476,1.09477,-1.0000000000065512e-05,1.09558,1.09557,1.0000000000065512e-05,1.09467,1.09468,-1.0000000000065512e-05,1.09522,1.09522,0.0,PRICE_FEED_DIFFERENCE
2024.01.04 15:00:00,2024-01-04T15:00:00+00:00,2024-01-04T15:00:00+00:00,0,1.09523,1.09523,0.0,1.09552,1.09552,0.0,1.09328,1.09327,1.0000000000065512e-05,1.09472,1.0947,1.999999999990898e-05,PRICE_FEED_DIFFERENCE
2024.01.04 16:00:00,2024-01-04T16:00:00+00:00,2024-01-04T16:00:00+00:00,0,1.09471,1.09469,2.0000000000131024e-05,1.09505,1.09505,0.0,1.09381,1.09381,0.0,1.09454,1.09453,1.0000000000065512e-05,PRICE_FEED_DIFFERENCE
2024.01.04 17:00:00,2024-01-04T17:00:00+00:00,2024-01-04T17:00:00+00:00,0,1.09453,1.09452,1.0000000000065512e-05,1.09653,1.09652,1.0000000000065512e-05,1.09453,1.09452,1.0000000000065512e-05,1.09552,1.0955,2.0000000000131024e-05,PRICE_FEED_DIFFERENCE
2024.01.04 18:00:00,2024-01-04T18:00:00+00:00,2024-01-04T18:00:00+00:00,0,1.09554,1.09551,2.999999999997449e-05,1.09639,1.09639,0.0,1.09542,1.09542,0.0,1.09561,1.0956,1.0000000000065512e-05,PRICE_FEED_DIFFERENCE
2024.01.04 19:00:00,2024-01-04T19:00:00+00:00,2024-01-04T19:00:00+00:00,0,1.09562,1.09561,1.0000000000065512e-05,1.096,1.09597,2.999999999997449e-05,1.09417,1.09418,-9.999999999843467e-06,1.09505,1.09504,1.0000000000065512e-05,PRICE_FEED_DIFFERENCE
2024.01.04 20:00:00,2024-01-04T20:00:00+00:00,2024-01-04T20:00:00+00:00,0,1.09504,1.09504,0.0,1.09544,1.09543,1.0000000000065512e-05,1.09459,1.09459,0.0,1.09469,1.09469,0.0,PRICE_FEED_DIFFERENCE
2024.01.04 21:00:00,2024-01-04T21:00:00+00:00,2024-01-04T21:00:00+00:00,0,1.09471,1.09471,0.0,1.09497,1.09498,-1.0000000000065512e-05,1.09433,1.09433,0.0,1.09469,1.0947,-1.0000000000065512e-05,PRICE_FEED_DIFFERENCE
2024.01.04 22:00:00,2024-01-04T22:00:00+00:00,2024-01-04T22:00:00+00:00,0,1.09469,1.09469,0.0,1.09493,1.09491,1.999999999990898e-05,1.0943,1.09431,-9.999999999843467e-06,1.09492,1.09491,9.999999999843467e-06,PRICE_FEED_DIFFERENCE
2024.01.04 23:00:00,2024-01-04T23:00:00+00:00,2024-01-04T23:00:00+00:00,0,1.09491,1.0949,1.0000000000065512e-05,1.095,1.095,0.0,1.09458,1.09435,0.0002300000000001745,1.09478,1.09441,0.00036999999999998145,PRICE_FEED_DIFFERENCE
2024.01.05 00:00:00,2024-01-05T00:00:00+00:00,2024-01-05T00:00:00+00:00,0,1.09442,1.09441,9.999999999843467e-06,1.09491,1.09498,-7.00000000000145e-05,1.0942,1.0943,-9.999999999998899e-05,1.09468,1.09463,5.0000000000105516e-05,PRICE_FEED_DIFFERENCE
2024.01.05 01:00:00,2024-01-05T01:00:00+00:00,2024-01-05T01:00:00+00:00,0,1.09472,1.0946,0.00011999999999989797,1.09489,1.09488,9.999999999843467e-06,1.09432,1.09431,1.0000000000065512e-05,1.09463,1.09462,1.0000000000065512e-05,PRICE_FEED_DIFFERENCE
2024.01.05 02:00:00,2024-01-05T02:00:00+00:00,2024-01-05T02:00:00+00:00,0,1.09462,1.09461,9.999999999843467e-06,1.09515,1.09514,1.0000000000065512e-05,1.09442,1.09443,-1.0000000000065512e-05,1.09509,1.09508,9.999999999843467e-06,PRICE_FEED_DIFFERENCE
2024.01.05 03:00:00,2024-01-05T03:00:00+00:00,2024-01-05T03:00:00+00:00,0,1.09509,1.09508,9.999999999843467e-06,1.09559,1.09558,1.0000000000065512e-05,1.095,1.09501,-1.0000000000065512e-05,1.09514,1.09515,-1.0000000000065512e-05,PRICE_FEED_DIFFERENCE
2024.01.05 04:00:00,2024-01-05T04:00:00+00:00,2024-01-05T04:00:00+00:00,0,1.09515,1.09515,0.0,1.09542,1.09541,1.0000000000065512e-05,1.09465,1.09466,-1.0000000000065512e-05,1.09468,1.09469,-9.999999999843467e-06,PRICE_FEED_DIFFERENCE
2024.01.05 05:00:00,2024-01-05T05:00:00+00:00,2024-01-05T05:00:00+00:00,0,1.09468,1.09468,0.0,1.09473,1.09473,0.0,1.0939,1.09391,-9.999999999843467e-06,1.09392,1.09392,0.0,PRICE_FEED_DIFFERENCE
2024.01.05 06:00:00,2024-01-05T06:00:00+00:00,2024-01-05T06:00:00+00:00,0,1.09392,1.09392,0.0,1.09411,1.09411,0.0,1.09363,1.09363,0.0,1.09371,1.09371,0.0,EXACT_MATCH
2024.01.05 07:00:00,2024-01-05T07:00:00+00:00,2024-01-05T07:00:00+00:00,0,1.09373,1.09371,2.0000000000131024e-05,1.09382,1.09381,1.0000000000065512e-05,1.0934,1.09341,-1.0000000000065512e-05,1.09374,1.09374,0.0,PRICE_FEED_DIFFERENCE
2024.01.05 08:00:00,2024-01-05T08:00:00+00:00,2024-01-05T08:00:00+00:00,0,1.09374,1.09374,0.0,1.09374,1.09374,0.0,1.09247,1.09247,0.0,1.09277,1.09276,1.0000000000065512e-05,PRICE_FEED_DIFFERENCE
2024.01.05 09:00:00,2024-01-05T09:00:00+00:00,2024-01-05T09:00:00+00:00,0,1.09276,1.09275,9.999999999843467e-06,1.09333,1.09333,0.0,1.09225,1.09226,-1.0000000000065512e-05,1.09232,1.09231,1.0000000000065512e-05,PRICE_FEED_DIFFERENCE
2024.01.05 10:00:00,2024-01-05T10:00:00+00:00,2024-01-05T10:00:00+00:00,0,1.09231,1.09231,0.0,1.09257,1.09257,0.0,1.09033,1.09034,-1.0000000000065512e-05,1.09077,1.09076,1.0000000000065512e-05,PRICE_FEED_DIFFERENCE
2024.01.05 11:00:00,2024-01-05T11:00:00+00:00,2024-01-05T11:00:00+00:00,0,1.09076,1.09075,9.999999999843467e-06,1.09304,1.09305,-1.0000000000065512e-05,1.09028,1.09028,0.0,1.09125,1.09126,-9.999999999843467e-06,PRICE_FEED_DIFFERENCE
2024.01.05 12:00:00,2024-01-05T12:00:00+00:00,2024-01-05T12:00:00+00:00,0,1.09127,1.09126,1.0000000000065512e-05,1.09138,1.09137,1.0000000000065512e-05,1.09036,1.09036,0.0,1.09127,1.09127,0.0,PRICE_FEED_DIFFERENCE
2024.01.05 13:00:00,2024-01-05T13:00:00+00:00,2024-01-05T13:00:00+00:00,0,1.09127,1.09126,1.0000000000065512e-05,1.09175,1.09175,0.0,1.09098,1.09099,-9.999999999843467e-06,1.09141,1.09142,-1.0000000000065512e-05,PRICE_FEED_DIFFERENCE
2024.01.05 14:00:00,2024-01-05T14:00:00+00:00,2024-01-05T14:00:00+00:00,0,1.09142,1.09142,0.0,1.09209,1.09208,1.0000000000065512e-05,1.09136,1.09136,0.0,1.09176,1.09176,0.0,PRICE_FEED_DIFFERENCE
2024.01.05 15:00:00,2024-01-05T15:00:00+00:00,2024-01-05T15:00:00+00:00,0,1.09177,1.09177,0.0,1.09278,1.09278,0.0,1.08765,1.08767,-1.999999999990898e-05,1.0921,1.0921,0.0,PRICE_FEED_DIFFERENCE
2024.01.05 16:00:00,2024-01-05T16:00:00+00:00,2024-01-05T16:00:00+00:00,0,1.0921,1.09212,-1.999999999990898e-05,1.09548,1.09548,0.0,1.0921,1.09212,-1.999999999990898e-05,1.0949,1.0949,0.0,PRICE_FEED_DIFFERENCE
2024.01.05 17:00:00,2024-01-05T17:00:00+00:00,2024-01-05T17:00:00+00:00,0,1.0949,1.09492,-1.999999999990898e-05,1.09984,1.09984,0.0,1.0949,1.0949,0.0,1.09782,1.09781,1.0000000000065512e-05,PRICE_FEED_DIFFERENCE
2024.01.05 18:00:00,2024-01-05T18:00:00+00:00,2024-01-05T18:00:00+00:00,0,1.09782,1.09782,0.0,1.09805,1.09805,0.0,1.0953,1.0953,0.0,1.09559,1.09559,0.0,EXACT_MATCH
2024.01.05 19:00:00,2024-01-05T19:00:00+00:00,2024-01-05T19:00:00+00:00,0,1.09559,1.09558,1.0000000000065512e-05,1.09561,1.09561,0.0,1.0943,1.0943,0.0,1.09463,1.09462,1.0000000000065512e-05,PRICE_FEED_DIFFERENCE
2024.01.05 20:00:00,2024-01-05T20:00:00+00:00,2024-01-05T20:00:00+00:00,0,1.09462,1.09461,9.999999999843467e-06,1.09561,1.09562,-1.0000000000065512e-05,1.09353,1.09352,9.999999999843467e-06,1.0954,1.0954,0.0,PRICE_FEED_DIFFERENCE
2024.01.05 21:00:00,2024-01-05T21:00:00+00:00,2024-01-05T21:00:00+00:00,0,1.0954,1.09542,-2.0000000000131024e-05,1.09596,1.09597,-1.0000000000065512e-05,1.0943,1.09431,-9.999999999843467e-06,1.09452,1.09452,0.0,PRICE_FEED_DIFFERENCE
2024.01.05 22:00:00,2024-01-05T22:00:00+00:00,2024-01-05T22:00:00+00:00,0,1.09452,1.09452,0.0,1.0947,1.09471,-1.0000000000065512e-05,1.09356,1.09357,-9.999999999843467e-06,1.09393,1.09392,1.0000000000065512e-05,PRICE_FEED_DIFFERENCE
2024.01.05 23:00:00,2024-01-05T23:00:00+00:00,2024-01-05T23:00:00+00:00,0,1.09393,1.09393,0.0,1.09414,1.0942,-6.000000000017103e-05,1.09369,1.0937,-9.999999999843467e-06,1.09409,1.09392,0.00017000000000000348,PRICE_FEED_DIFFERENCE
2024.01.08 00:00:00,2024-01-08T00:00:00+00:00,2024-01-08T00:00:00+00:00,0,1.09411,1.09386,0.00024999999999986144,1.09454,1.09451,2.999999999997449e-05,1.09406,1.09376,0.00029999999999996696,1.09437,1.09444,-7.00000000000145e-05,PRICE_FEED_DIFFERENCE
2024.01.08 01:00:00,2024-01-08T01:00:00+00:00,2024-01-08T01:00:00+00:00,0,1.09454,1.09445,9.000000000014552e-05,1.09456,1.09456,0.0,1.09348,1.09349,-1.0000000000065512e-05,1.09415,1.09415,0.0,PRICE_FEED_DIFFERENCE
2024.01.08 02:00:00,2024-01-08T02:00:00+00:00,2024-01-08T02:00:00+00:00,0,1.09415,1.09413,1.999999999990898e-05,1.09491,1.09492,-9.999999999843467e-06,1.09401,1.09402,-1.0000000000065512e-05,1.09486,1.09485,9.999999999843467e-06,PRICE_FEED_DIFFERENCE
2024.01.08 03:00:00,2024-01-08T03:00:00+00:00,2024-01-08T03:00:00+00:00,0,1.09483,1.09484,-1.0000000000065512e-05,1.09531,1.0953,1.0000000000065512e-05,1.09468,1.09469,-9.999999999843467e-06,1.0948,1.09479,1.0000000000065512e-05,PRICE_FEED_DIFFERENCE
2024.01.08 04:00:00,2024-01-08T04:00:00+00:00,2024-01-08T04:00:00+00:00,0,1.09479,1.09479,0.0,1.09479,1.09479,0.0,1.09358,1.09359,-1.0000000000065512e-05,1.0937,1.09371,-1.0000000000065512e-05,PRICE_FEED_DIFFERENCE
2024.01.08 05:00:00,2024-01-08T05:00:00+00:00,2024-01-08T05:00:00+00:00,0,1.09369,1.0937,-9.999999999843467e-06,1.09391,1.09392,-1.0000000000065512e-05,1.09313,1.09313,0.0,1.09329,1.09329,0.0,PRICE_FEED_DIFFERENCE
2024.01.08 06:00:00,2024-01-08T06:00:00+00:00,2024-01-08T06:00:00+00:00,0,1.09329,1.09329,0.0,1.0937,1.09371,-1.0000000000065512e-05,1.09306,1.09306,0.0,1.09339,1.0934,-9.999999999843467e-06,PRICE_FEED_DIFFERENCE
2024.01.08 07:00:00,2024-01-08T07:00:00+00:00,2024-01-08T07:00:00+00:00,0,1.0934,1.09342,-2.0000000000131024e-05,1.09375,1.09374,1.0000000000065512e-05,1.0932,1.0932,0.0,1.09374,1.09374,0.0,PRICE_FEED_DIFFERENCE
2024.01.08 08:00:00,2024-01-08T08:00:00+00:00,2024-01-08T08:00:00+00:00,0,1.09374,1.09372,1.999999999990898e-05,1.09467,1.09466,1.0000000000065512e-05,1.09362,1.09363,-1.0000000000065512e-05,1.09456,1.09457,-1.0000000000065512e-05,PRICE_FEED_DIFFERENCE
2024.01.08 09:00:00,2024-01-08T09:00:00+00:00,2024-01-08T09:00:00+00:00,0,1.09459,1.09459,0.0,1.09522,1.09522,0.0,1.09393,1.09394,-9.999999999843467e-06,1.09451,1.09451,0.0,PRICE_FEED_DIFFERENCE
2024.01.08 10:00:00,2024-01-08T10:00:00+00:00,2024-01-08T10:00:00+00:00,0,1.09452,1.09454,-2.0000000000131024e-05,1.09454,1.09454,0.0,1.09294,1.09293,1.0000000000065512e-05,1.09336,1.09337,-9.999999999843467e-06,PRICE_FEED_DIFFERENCE
2024.01.08 11:00:00,2024-01-08T11:00:00+00:00,2024-01-08T11:00:00+00:00,0,1.09335,1.09336,-1.0000000000065512e-05,1.09422,1.09424,-2.0000000000131024e-05,1.09224,1.09226,-1.999999999990898e-05,1.09371,1.09369,1.999999999990898e-05,PRICE_FEED_DIFFERENCE
2024.01.08 12:00:00,2024-01-08T12:00:00+00:00,2024-01-08T12:00:00+00:00,0,1.09382,1.09369,0.00012999999999996348,1.09435,1.09434,9.999999999843467e-06,1.09343,1.09342,9.999999999843467e-06,1.09424,1.09424,0.0,PRICE_FEED_DIFFERENCE
2024.01.08 13:00:00,2024-01-08T13:00:00+00:00,2024-01-08T13:00:00+00:00,0,1.09425,1.09424,9.999999999843467e-06,1.09505,1.09506,-9.999999999843467e-06,1.09368,1.09368,0.0,1.09379,1.09379,0.0,PRICE_FEED_DIFFERENCE
2024.01.08 14:00:00,2024-01-08T14:00:00+00:00,2024-01-08T14:00:00+00:00,0,1.09378,1.09378,0.0,1.09482,1.0948,1.999999999990898e-05,1.09371,1.09372,-1.0000000000065512e-05,1.09446,1.09445,1.0000000000065512e-05,PRICE_FEED_DIFFERENCE
2024.01.08 15:00:00,2024-01-08T15:00:00+00:00,2024-01-08T15:00:00+00:00,0,1.09446,1.09446,0.0,1.09562,1.09561,1.0000000000065512e-05,1.09426,1.09426,0.0,1.09507,1.09507,0.0,PRICE_FEED_DIFFERENCE
2024.01.08 16:00:00,2024-01-08T16:00:00+00:00,2024-01-08T16:00:00+00:00,0,1.09507,1.09507,0.0,1.09625,1.09626,-1.0000000000065512e-05,1.09494,1.09493,1.0000000000065512e-05,1.09605,1.09603,1.999999999990898e-05,PRICE_FEED_DIFFERENCE
2024.01.08 17:00:00,2024-01-08T17:00:00+00:00,2024-01-08T17:00:00+00:00,0,1.09604,1.09602,1.999999999990898e-05,1.09746,1.09745,1.0000000000065512e-05,1.09552,1.09552,0.0,1.0969,1.09697,-7.00000000000145e-05,PRICE_FEED_DIFFERENCE
2024.01.08 18:00:00,2024-01-08T18:00:00+00:00,2024-01-08T18:00:00+00:00,0,1.09698,1.09696,2.0000000000131024e-05,1.09789,1.09787,2.0000000000131024e-05,1.09683,1.09683,0.0,1.09755,1.09754,1.0000000000065512e-05,PRICE_FEED_DIFFERENCE
2024.01.08 19:00:00,2024-01-08T19:00:00+00:00,2024-01-08T19:00:00+00:00,0,1.09754,1.09753,1.0000000000065512e-05,1.09788,1.09788,0.0,1.09626,1.09625,1.0000000000065512e-05,1.09646,1.09646,0.0,PRICE_FEED_DIFFERENCE
2024.01.08 20:00:00,2024-01-08T20:00:00+00:00,2024-01-08T20:00:00+00:00,0,1.09645,1.09646,-1.0000000000065512e-05,1.09658,1.09656,2.0000000000131024e-05,1.09488,1.09488,0.0,1.09554,1.09553,1.0000000000065512e-05,PRICE_FEED_DIFFERENCE
2024.01.08 21:00:00,2024-01-08T21:00:00+00:00,2024-01-08T21:00:00+00:00,0,1.09554,1.09553,1.0000000000065512e-05,1.09627,1.09628,-9.999999999843467e-06,1.09529,1.09529,0.0,1.09609,1.09609,0.0,PRICE_FEED_DIFFERENCE
2024.01.08 22:00:00,2024-01-08T22:00:00+00:00,2024-01-08T22:00:00+00:00,0,1.0961,1.0961,0.0,1.0961,1.0961,0.0,1.09494,1.09494,0.0,1.09545,1.09547,-1.999999999990898e-05,PRICE_FEED_DIFFERENCE
2024.01.08 23:00:00,2024-01-08T23:00:00+00:00,2024-01-08T23:00:00+00:00,0,1.09546,1.09548,-1.999999999990898e-05,1.09564,1.09564,0.0,1.095,1.09495,4.999999999988347e-05,1.09508,1.09495,0.00012999999999996348,PRICE_FEED_DIFFERENCE
2024.01.09 00:00:00,2024-01-09T00:00:00+00:00,2024-01-09T00:00:00+00:00,0,1.09501,1.09495,5.999999999994898e-05,1.09546,1.09548,-1.999999999990898e-05,1.09483,1.09493,-9.999999999998899e-05,1.09497,1.09501,-4.0000000000040004e-05,PRICE_FEED_DIFFERENCE
2024.01.09 01:00:00,2024-01-09T01:00:00+00:00,2024-01-09T01:00:00+00:00,0,1.09494,1.0951,-0.00015999999999993797,1.09526,1.09526,0.0,1.09487,1.09495,-8.000000000008001e-05,1.09497,1.09497,0.0,PRICE_FEED_DIFFERENCE
2024.01.09 02:00:00,2024-01-09T02:00:00+00:00,2024-01-09T02:00:00+00:00,0,1.09498,1.09497,1.0000000000065512e-05,1.09595,1.09593,1.999999999990898e-05,1.09493,1.09492,1.0000000000065512e-05,1.09551,1.09552,-1.0000000000065512e-05,PRICE_FEED_DIFFERENCE
2024.01.09 03:00:00,2024-01-09T03:00:00+00:00,2024-01-09T03:00:00+00:00,0,1.09551,1.0955,1.0000000000065512e-05,1.09618,1.09618,0.0,1.09513,1.09514,-1.0000000000065512e-05,1.09614,1.09615,-1.0000000000065512e-05,PRICE_FEED_DIFFERENCE
2024.01.09 04:00:00,2024-01-09T04:00:00+00:00,2024-01-09T04:00:00+00:00,0,1.09615,1.09615,0.0,1.09646,1.09646,0.0,1.09605,1.09605,0.0,1.09627,1.09626,1.0000000000065512e-05,PRICE_FEED_DIFFERENCE
2024.01.09 05:00:00,2024-01-09T05:00:00+00:00,2024-01-09T05:00:00+00:00,0,1.0963,1.09629,1.0000000000065512e-05,1.09662,1.09663,-1.0000000000065512e-05,1.09607,1.09608,-9.999999999843467e-06,1.09627,1.09627,0.0,PRICE_FEED_DIFFERENCE
2024.01.09 06:00:00,2024-01-09T06:00:00+00:00,2024-01-09T06:00:00+00:00,0,1.09628,1.09628,0.0,1.0963,1.09629,1.0000000000065512e-05,1.09533,1.09534,-1.0000000000065512e-05,1.09561,1.09561,0.0,PRICE_FEED_DIFFERENCE
2024.01.09 07:00:00,2024-01-09T07:00:00+00:00,2024-01-09T07:00:00+00:00,0,1.0956,1.0956,0.0,1.09562,1.09561,1.0000000000065512e-05,1.09481,1.0948,1.0000000000065512e-05,1.09496,1.09496,0.0,PRICE_FEED_DIFFERENCE
2024.01.09 08:00:00,2024-01-09T08:00:00+00:00,2024-01-09T08:00:00+00:00,0,1.09496,1.09496,0.0,1.09548,1.09549,-1.0000000000065512e-05,1.09479,1.0948,-1.0000000000065512e-05,1.09502,1.09501,1.0000000000065512e-05,PRICE_FEED_DIFFERENCE
2024.01.09 09:00:00,2024-01-09T09:00:00+00:00,2024-01-09T09:00:00+00:00,0,1.09502,1.09501,1.0000000000065512e-05,1.09628,1.09629,-1.0000000000065512e-05,1.0946,1.09461,-1.0000000000065512e-05,1.09563,1.09566,-2.999999999997449e-05,PRICE_FEED_DIFFERENCE
2024.01.09 10:00:00,2024-01-09T10:00:00+00:00,2024-01-09T10:00:00+00:00,0,1.09566,1.09566,0.0,1.09566,1.09566,0.0,1.09387,1.09389,-2.0000000000131024e-05,1.09497,1.09496,1.0000000000065512e-05,PRICE_FEED_DIFFERENCE
2024.01.09 11:00:00,2024-01-09T11:00:00+00:00,2024-01-09T11:00:00+00:00,0,1.09497,1.09497,0.0,1.09505,1.09504,1.0000000000065512e-05,1.09378,1.09379,-1.0000000000065512e-05,1.0944,1.0944,0.0,PRICE_FEED_DIFFERENCE
2024.01.09 12:00:00,2024-01-09T12:00:00+00:00,2024-01-09T12:00:00+00:00,0,1.09441,1.0944,1.0000000000065512e-05,1.09481,1.0948,1.0000000000065512e-05,1.09323,1.09324,-1.0000000000065512e-05,1.09355,1.09353,2.0000000000131024e-05,PRICE_FEED_DIFFERENCE
2024.01.09 13:00:00,2024-01-09T13:00:00+00:00,2024-01-09T13:00:00+00:00,0,1.09356,1.09354,2.0000000000131024e-05,1.09359,1.09359,0.0,1.09287,1.09287,0.0,1.09313,1.09314,-1.0000000000065512e-05,PRICE_FEED_DIFFERENCE
2024.01.09 14:00:00,2024-01-09T14:00:00+00:00,2024-01-09T14:00:00+00:00,0,1.09311,1.09313,-1.999999999990898e-05,1.09415,1.09415,0.0,1.09288,1.09288,0.0,1.09405,1.09405,0.0,PRICE_FEED_DIFFERENCE
2024.01.09 15:00:00,2024-01-09T15:00:00+00:00,2024-01-09T15:00:00+00:00,0,1.09406,1.09406,0.0,1.09467,1.09468,-1.0000000000065512e-05,1.09329,1.0933,-9.999999999843467e-06,1.09458,1.09459,-9.999999999843467e-06,PRICE_FEED_DIFFERENCE
2024.01.09 16:00:00,2024-01-09T16:00:00+00:00,2024-01-09T16:00:00+00:00,0,1.09461,1.0946,1.0000000000065512e-05,1.09512,1.09513,-9.999999999843467e-06,1.09381,1.09379,1.999999999990898e-05,1.09455,1.09455,0.0,PRICE_FEED_DIFFERENCE
2024.01.09 17:00:00,2024-01-09T17:00:00+00:00,2024-01-09T17:00:00+00:00,0,1.09456,1.09456,0.0,1.09467,1.09467,0.0,1.09175,1.09175,0.0,1.09179,1.09178,1.0000000000065512e-05,PRICE_FEED_DIFFERENCE
2024.01.09 18:00:00,2024-01-09T18:00:00+00:00,2024-01-09T18:00:00+00:00,0,1.09178,1.09178,0.0,1.09351,1.09351,0.0,1.09103,1.09103,0.0,1.09344,1.09343,1.0000000000065512e-05,PRICE_FEED_DIFFERENCE
2024.01.09 19:00:00,2024-01-09T19:00:00+00:00,2024-01-09T19:00:00+00:00,0,1.09343,1.09345,-2.0000000000131024e-05,1.09391,1.09391,0.0,1.093,1.09301,-1.0000000000065512e-05,1.0934,1.09339,9.999999999843467e-06,PRICE_FEED_DIFFERENCE
2024.01.09 20:00:00,2024-01-09T20:00:00+00:00,2024-01-09T20:00:00+00:00,0,1.09341,1.0934,1.0000000000065512e-05,1.09399,1.094,-1.0000000000065512e-05,1.09224,1.09223,1.0000000000065512e-05,1.09241,1.09241,0.0,PRICE_FEED_DIFFERENCE
2024.01.09 21:00:00,2024-01-09T21:00:00+00:00,2024-01-09T21:00:00+00:00,0,1.09241,1.0924,1.0000000000065512e-05,1.09286,1.09286,0.0,1.09199,1.092,-1.0000000000065512e-05,1.09252,1.09252,0.0,PRICE_FEED_DIFFERENCE
2024.01.09 22:00:00,2024-01-09T22:00:00+00:00,2024-01-09T22:00:00+00:00,0,1.09253,1.09252,1.0000000000065512e-05,1.09297,1.09295,1.999999999990898e-05,1.09248,1.0925,-2.0000000000131024e-05,1.0928,1.09279,1.0000000000065512e-05,PRICE_FEED_DIFFERENCE
2024.01.09 23:00:00,2024-01-09T23:00:00+00:00,2024-01-09T23:00:00+00:00,0,1.09281,1.0928,1.0000000000065512e-05,1.09312,1.09314,-1.999999999990898e-05,1.09277,1.09277,0.0,1.0931,1.09307,2.999999999997449e-05,PRICE_FEED_DIFFERENCE
2024.01.10 00:00:00,2024-01-10T00:00:00+00:00,2024-01-10T00:00:00+00:00,0,1.09276,1.09307,-0.00031000000000003247,1.09294,1.09307,-0.00012999999999996348,1.09251,1.09265,-0.00013999999999980695,1.0928,1.09282,-1.999999999990898e-05,PRICE_FEED_DIFFERENCE
2024.01.10 01:00:00,2024-01-10T01:00:00+00:00,2024-01-10T01:00:00+00:00,0,1.09285,1.09281,4.0000000000040004e-05,1.09329,1.09326,3.0000000000196536e-05,1.09281,1.0928,1.0000000000065512e-05,1.09317,1.09317,0.0,PRICE_FEED_DIFFERENCE
2024.01.10 02:00:00,2024-01-10T02:00:00+00:00,2024-01-10T02:00:00+00:00,0,1.09317,1.09316,1.0000000000065512e-05,1.09362,1.09363,-1.0000000000065512e-05,1.0929,1.09291,-1.0000000000065512e-05,1.09306,1.09308,-2.0000000000131024e-05,PRICE_FEED_DIFFERENCE
2024.01.10 03:00:00,2024-01-10T03:00:00+00:00,2024-01-10T03:00:00+00:00,0,1.09307,1.09307,0.0,1.09333,1.09333,0.0,1.0926,1.09261,-1.0000000000065512e-05,1.09321,1.09322,-1.0000000000065512e-05,PRICE_FEED_DIFFERENCE
2024.01.10 04:00:00,2024-01-10T04:00:00+00:00,2024-01-10T04:00:00+00:00,0,1.09322,1.09323,-9.999999999843467e-06,1.09357,1.09358,-1.0000000000065512e-05,1.09315,1.09316,-9.999999999843467e-06,1.09336,1.09337,-9.999999999843467e-06,PRICE_FEED_DIFFERENCE
2024.01.10 05:00:00,2024-01-10T05:00:00+00:00,2024-01-10T05:00:00+00:00,0,1.09336,1.09337,-9.999999999843467e-06,1.09359,1.0936,-9.999999999843467e-06,1.09276,1.09277,-1.0000000000065512e-05,1.0929,1.09292,-1.999999999990898e-05,PRICE_FEED_DIFFERENCE
2024.01.10 06:00:00,2024-01-10T06:00:00+00:00,2024-01-10T06:00:00+00:00,0,1.0929,1.09292,-1.999999999990898e-05,1.0933,1.09329,9.999999999843467e-06,1.09286,1.09288,-2.0000000000131024e-05,1.09319,1.09321,-1.999999999990898e-05,PRICE_FEED_DIFFERENCE
2024.01.10 07:00:00,2024-01-10T07:00:00+00:00,2024-01-10T07:00:00+00:00,0,1.09321,1.09321,0.0,1.0934,1.0934,0.0,1.09303,1.09304,-1.0000000000065512e-05,1.09323,1.09323,0.0,PRICE_FEED_DIFFERENCE
2024.01.10 08:00:00,2024-01-10T08:00:00+00:00,2024-01-10T08:00:00+00:00,0,1.09322,1.09323,-9.999999999843467e-06,1.09334,1.09334,0.0,1.09234,1.09235,-9.999999999843467e-06,1.09245,1.09246,-1.0000000000065512e-05,PRICE_FEED_DIFFERENCE
2024.01.10 09:00:00,2024-01-10T09:00:00+00:00,2024-01-10T09:00:00+00:00,0,1.0925,1.09246,4.0000000000040004e-05,1.09452,1.09453,-1.0000000000065512e-05,1.09245,1.09245,0.0,1.09261,1.0926,1.0000000000065512e-05,PRICE_FEED_DIFFERENCE
2024.01.10 10:00:00,2024-01-10T10:00:00+00:00,2024-01-10T10:00:00+00:00,0,1.09262,1.09261,9.999999999843467e-06,1.09448,1.09448,0.0,1.09227,1.09228,-9.999999999843467e-06,1.09433,1.09433,0.0,PRICE_FEED_DIFFERENCE
2024.01.10 11:00:00,2024-01-10T11:00:00+00:00,2024-01-10T11:00:00+00:00,0,1.09431,1.09432,-1.0000000000065512e-05,1.09518,1.09519,-1.0000000000065512e-05,1.09414,1.09415,-1.0000000000065512e-05,1.09472,1.09471,9.999999999843467e-06,PRICE_FEED_DIFFERENCE
2024.01.10 12:00:00,2024-01-10T12:00:00+00:00,2024-01-10T12:00:00+00:00,0,1.09469,1.0947,-1.0000000000065512e-05,1.09547,1.09548,-1.0000000000065512e-05,1.09451,1.09451,0.0,1.09492,1.09492,0.0,PRICE_FEED_DIFFERENCE
2024.01.10 13:00:00,2024-01-10T13:00:00+00:00,2024-01-10T13:00:00+00:00,0,1.09492,1.09496,-4.0000000000040004e-05,1.09552,1.09553,-9.999999999843467e-06,1.09415,1.09416,-1.0000000000065512e-05,1.09459,1.09459,0.0,PRICE_FEED_DIFFERENCE
2024.01.10 14:00:00,2024-01-10T14:00:00+00:00,2024-01-10T14:00:00+00:00,0,1.09459,1.09459,0.0,1.09504,1.09504,0.0,1.09431,1.09431,0.0,1.09437,1.09438,-9.999999999843467e-06,PRICE_FEED_DIFFERENCE
2024.01.10 15:00:00,2024-01-10T15:00:00+00:00,2024-01-10T15:00:00+00:00,0,1.09438,1.09438,0.0,1.09519,1.09519,0.0,1.09406,1.09404,2.0000000000131024e-05,1.09406,1.09405,1.0000000000065512e-05,PRICE_FEED_DIFFERENCE
2024.01.10 16:00:00,2024-01-10T16:00:00+00:00,2024-01-10T16:00:00+00:00,0,1.09405,1.09405,0.0,1.09416,1.09415,1.0000000000065512e-05,1.09318,1.0932,-1.999999999990898e-05,1.09399,1.09399,0.0,PRICE_FEED_DIFFERENCE
2024.01.10 17:00:00,2024-01-10T17:00:00+00:00,2024-01-10T17:00:00+00:00,0,1.09399,1.09399,0.0,1.09692,1.0969,1.999999999990898e-05,1.09355,1.09355,0.0,1.09672,1.09673,-1.0000000000065512e-05,PRICE_FEED_DIFFERENCE
2024.01.10 18:00:00,2024-01-10T18:00:00+00:00,2024-01-10T18:00:00+00:00,0,1.09675,1.09674,9.999999999843467e-06,1.0969,1.0969,0.0,1.09524,1.09523,1.0000000000065512e-05,1.09589,1.0959,-1.0000000000065512e-05,PRICE_FEED_DIFFERENCE
2024.01.10 19:00:00,2024-01-10T19:00:00+00:00,2024-01-10T19:00:00+00:00,0,1.0959,1.0959,0.0,1.09681,1.0968,1.0000000000065512e-05,1.09581,1.09582,-1.0000000000065512e-05,1.09672,1.09672,0.0,PRICE_FEED_DIFFERENCE
2024.01.10 20:00:00,2024-01-10T20:00:00+00:00,2024-01-10T20:00:00+00:00,0,1.09671,1.09672,-9.999999999843467e-06,1.09698,1.09697,1.0000000000065512e-05,1.09593,1.09593,0.0,1.09695,1.09695,0.0,PRICE_FEED_DIFFERENCE
2024.01.10 21:00:00,2024-01-10T21:00:00+00:00,2024-01-10T21:00:00+00:00,0,1.09696,1.09695,9.999999999843467e-06,1.09708,1.09707,1.0000000000065512e-05,1.09668,1.09669,-9.999999999843467e-06,1.09703,1.09703,0.0,PRICE_FEED_DIFFERENCE
2024.01.10 22:00:00,2024-01-10T22:00:00+00:00,2024-01-10T22:00:00+00:00,0,1.09703,1.09703,0.0,1.09728,1.09728,0.0,1.09614,1.09615,-1.0000000000065512e-05,1.09656,1.09654,1.999999999990898e-05,PRICE_FEED_DIFFERENCE
2024.01.10 23:00:00,2024-01-10T23:00:00+00:00,2024-01-10T23:00:00+00:00,0,1.09654,1.09654,0.0,1.09723,1.09729,-6.000000000017103e-05,1.09648,1.09648,0.0,1.0972,1.09722,-2.0000000000131024e-05,PRICE_FEED_DIFFERENCE
2024.01.11 00:00:00,2024-01-11T00:00:00+00:00,2024-01-11T00:00:00+00:00,0,1.09695,1.09722,-0.00026999999999999247,1.09724,1.09724,0.0,1.09691,1.09685,5.999999999994898e-05,1.09718,1.09716,2.0000000000131024e-05,PRICE_FEED_DIFFERENCE
2024.01.11 01:00:00,2024-01-11T01:00:00+00:00,2024-01-11T01:00:00+00:00,0,1.09709,1.09715,-6.000000000017103e-05,1.09746,1.09747,-9.999999999843467e-06,1.09709,1.09709,0.0,1.09739,1.0974,-9.999999999843467e-06,PRICE_FEED_DIFFERENCE
2024.01.11 02:00:00,2024-01-11T02:00:00+00:00,2024-01-11T02:00:00+00:00,0,1.09741,1.09742,-1.0000000000065512e-05,1.09788,1.09787,1.0000000000065512e-05,1.09729,1.0973,-9.999999999843467e-06,1.09779,1.09777,2.0000000000131024e-05,PRICE_FEED_DIFFERENCE
2024.01.11 03:00:00,2024-01-11T03:00:00+00:00,2024-01-11T03:00:00+00:00,0,1.0978,1.09778,2.0000000000131024e-05,1.09801,1.09802,-1.0000000000065512e-05,1.0975,1.09749,9.999999999843467e-06,1.0979,1.09788,2.0000000000131024e-05,PRICE_FEED_DIFFERENCE
2024.01.11 04:00:00,2024-01-11T04:00:00+00:00,2024-01-11T04:00:00+00:00,0,1.09791,1.09788,2.999999999997449e-05,1.09848,1.09847,9.999999999843467e-06,1.09771,1.0977,1.0000000000065512e-05,1.09781,1.09781,0.0,PRICE_FEED_DIFFERENCE
2024.01.11 05:00:00,2024-01-11T05:00:00+00:00,2024-01-11T05:00:00+00:00,0,1.0978,1.0978,0.0,1.09811,1.09811,0.0,1.0977,1.09772,-2.0000000000131024e-05,1.09802,1.09803,-1.0000000000065512e-05,PRICE_FEED_DIFFERENCE
2024.01.11 06:00:00,2024-01-11T06:00:00+00:00,2024-01-11T06:00:00+00:00,0,1.09801,1.09802,-1.0000000000065512e-05,1.09827,1.09827,0.0,1.09775,1.09775,0.0,1.09777,1.09777,0.0,PRICE_FEED_DIFFERENCE
2024.01.11 07:00:00,2024-01-11T07:00:00+00:00,2024-01-11T07:00:00+00:00,0,1.09777,1.09775,1.999999999990898e-05,1.09814,1.09813,9.999999999843467e-06,1.09755,1.09757,-1.999999999990898e-05,1.09784,1.09783,9.999999999843467e-06,PRICE_FEED_DIFFERENCE
2024.01.11 08:00:00,2024-01-11T08:00:00+00:00,2024-01-11T08:00:00+00:00,0,1.09783,1.09784,-9.999999999843467e-06,1.09885,1.09885,0.0,1.09744,1.09744,0.0,1.09856,1.09857,-1.0000000000065512e-05,PRICE_FEED_DIFFERENCE
2024.01.11 09:00:00,2024-01-11T09:00:00+00:00,2024-01-11T09:00:00+00:00,0,1.09862,1.09858,4.0000000000040004e-05,1.09867,1.09867,0.0,1.09772,1.09773,-1.0000000000065512e-05,1.09787,1.09788,-1.0000000000065512e-05,PRICE_FEED_DIFFERENCE
2024.01.11 10:00:00,2024-01-11T10:00:00+00:00,2024-01-11T10:00:00+00:00,0,1.09788,1.0979,-2.0000000000131024e-05,1.09814,1.09813,9.999999999843467e-06,1.09717,1.09717,0.0,1.09749,1.0975,-9.999999999843467e-06,PRICE_FEED_DIFFERENCE
2024.01.11 11:00:00,2024-01-11T11:00:00+00:00,2024-01-11T11:00:00+00:00,0,1.09749,1.09749,0.0,1.09752,1.09752,0.0,1.09588,1.09588,0.0,1.09638,1.09637,9.999999999843467e-06,PRICE_FEED_DIFFERENCE
2024.01.11 12:00:00,2024-01-11T12:00:00+00:00,2024-01-11T12:00:00+00:00,0,1.09637,1.09637,0.0,1.09696,1.09697,-1.0000000000065512e-05,1.09586,1.09585,1.0000000000065512e-05,1.09688,1.09689,-9.999999999843467e-06,PRICE_FEED_DIFFERENCE
2024.01.11 13:00:00,2024-01-11T13:00:00+00:00,2024-01-11T13:00:00+00:00,0,1.0969,1.09689,1.0000000000065512e-05,1.09825,1.09824,9.999999999843467e-06,1.09676,1.09676,0.0,1.09787,1.09785,1.999999999990898e-05,PRICE_FEED_DIFFERENCE
2024.01.11 14:00:00,2024-01-11T14:00:00+00:00,2024-01-11T14:00:00+00:00,0,1.09791,1.09786,4.999999999988347e-05,1.09905,1.09904,1.0000000000065512e-05,1.09761,1.09762,-1.0000000000065512e-05,1.09837,1.09837,0.0,PRICE_FEED_DIFFERENCE
2024.01.11 15:00:00,2024-01-11T15:00:00+00:00,2024-01-11T15:00:00+00:00,0,1.09838,1.09838,0.0,1.09985,1.1,-0.0001500000000000945,1.09354,1.09355,-1.0000000000065512e-05,1.09388,1.09394,-5.999999999994898e-05,PRICE_FEED_DIFFERENCE
2024.01.11 16:00:00,2024-01-11T16:00:00+00:00,2024-01-11T16:00:00+00:00,0,1.09393,1.09397,-4.0000000000040004e-05,1.09731,1.09737,-5.999999999994898e-05,1.09313,1.09314,-1.0000000000065512e-05,1.09539,1.09542,-2.999999999997449e-05,PRICE_FEED_DIFFERENCE
2024.01.11 17:00:00,2024-01-11T17:00:00+00:00,2024-01-11T17:00:00+00:00,0,1.09541,1.09542,-1.0000000000065512e-05,1.09628,1.09628,0.0,1.09302,1.09302,0.0,1.09463,1.09464,-1.0000000000065512e-05,PRICE_FEED_DIFFERENCE
2024.01.11 18:00:00,2024-01-11T18:00:00+00:00,2024-01-11T18:00:00+00:00,0,1.09463,1.09466,-2.999999999997449e-05,1.09571,1.09573,-2.0000000000131024e-05,1.09365,1.09366,-1.0000000000065512e-05,1.09423,1.09423,0.0,PRICE_FEED_DIFFERENCE
2024.01.11 19:00:00,2024-01-11T19:00:00+00:00,2024-01-11T19:00:00+00:00,0,1.09422,1.09422,0.0,1.09545,1.09545,0.0,1.09413,1.09415,-1.999999999990898e-05,1.09507,1.09508,-1.0000000000065512e-05,PRICE_FEED_DIFFERENCE
2024.01.11 20:00:00,2024-01-11T20:00:00+00:00,2024-01-11T20:00:00+00:00,0,1.09508,1.09508,0.0,1.09661,1.09661,0.0,1.09498,1.09498,0.0,1.09648,1.09647,9.999999999843467e-06,PRICE_FEED_DIFFERENCE
2024.01.11 21:00:00,2024-01-11T21:00:00+00:00,2024-01-11T21:00:00+00:00,0,1.09649,1.09648,1.0000000000065512e-05,1.09829,1.09829,0.0,1.09648,1.09648,0.0,1.09819,1.09819,0.0,PRICE_FEED_DIFFERENCE
2024.01.11 22:00:00,2024-01-11T22:00:00+00:00,2024-01-11T22:00:00+00:00,0,1.09821,1.0982,9.999999999843467e-06,1.09827,1.09825,2.0000000000131024e-05,1.0956,1.09561,-1.0000000000065512e-05,1.09713,1.09713,0.0,PRICE_FEED_DIFFERENCE
2024.01.11 23:00:00,2024-01-11T23:00:00+00:00,2024-01-11T23:00:00+00:00,0,1.09713,1.09714,-1.0000000000065512e-05,1.0975,1.09751,-1.0000000000065512e-05,1.09701,1.09702,-1.0000000000065512e-05,1.09727,1.09717,9.999999999998899e-05,PRICE_FEED_DIFFERENCE
2024.01.12 00:00:00,2024-01-12T00:00:00+00:00,2024-01-12T00:00:00+00:00,0,1.09724,1.09715,8.999999999992347e-05,1.09741,1.09739,1.999999999990898e-05,1.09705,1.09609,0.0009600000000000719,1.09719,1.09724,-4.999999999988347e-05,PRICE_FEED_DIFFERENCE
2024.01.12 01:00:00,2024-01-12T01:00:00+00:00,2024-01-12T01:00:00+00:00,0,1.0972,1.09725,-5.0000000000105516e-05,1.09825,1.09825,0.0,1.09698,1.097,-1.999999999990898e-05,1.09823,1.09824,-1.0000000000065512e-05,PRICE_FEED_DIFFERENCE
2024.01.12 02:00:00,2024-01-12T02:00:00+00:00,2024-01-12T02:00:00+00:00,0,1.09826,1.09823,2.999999999997449e-05,1.09847,1.09846,1.0000000000065512e-05,1.09739,1.09741,-1.999999999990898e-05,1.09756,1.09756,0.0,PRICE_FEED_DIFFERENCE
2024.01.12 03:00:00,2024-01-12T03:00:00+00:00,2024-01-12T03:00:00+00:00,0,1.09755,1.09754,1.0000000000065512e-05,1.09842,1.09842,0.0,1.09725,1.09725,0.0,1.09826,1.09826,0.0,PRICE_FEED_DIFFERENCE
2024.01.12 04:00:00,2024-01-12T04:00:00+00:00,2024-01-12T04:00:00+00:00,0,1.09825,1.09826,-1.0000000000065512e-05,1.09853,1.09853,0.0,1.0978,1.09781,-9.999999999843467e-06,1.09795,1.09796,-1.0000000000065512e-05,PRICE_FEED_DIFFERENCE
2024.01.12 05:00:00,2024-01-12T05:00:00+00:00,2024-01-12T05:00:00+00:00,0,1.09795,1.09796,-1.0000000000065512e-05,1.09828,1.09828,0.0,1.09771,1.0977,1.0000000000065512e-05,1.09778,1.09776,1.999999999990898e-05,PRICE_FEED_DIFFERENCE
2024.01.12 06:00:00,2024-01-12T06:00:00+00:00,2024-01-12T06:00:00+00:00,0,1.09777,1.09774,2.999999999997449e-05,1.09778,1.09774,4.0000000000040004e-05,1.0973,1.09731,-1.0000000000065512e-05,1.09755,1.09755,0.0,PRICE_FEED_DIFFERENCE
2024.01.12 07:00:00,2024-01-12T07:00:00+00:00,2024-01-12T07:00:00+00:00,0,1.09757,1.09756,9.999999999843467e-06,1.09802,1.09803,-1.0000000000065512e-05,1.09737,1.09736,1.0000000000065512e-05,1.09755,1.09755,0.0,PRICE_FEED_DIFFERENCE
2024.01.12 08:00:00,2024-01-12T08:00:00+00:00,2024-01-12T08:00:00+00:00,0,1.09759,1.09755,4.0000000000040004e-05,1.09787,1.09786,9.999999999843467e-06,1.0973,1.0973,0.0,1.09751,1.09752,-1.0000000000065512e-05,PRICE_FEED_DIFFERENCE
2024.01.12 09:00:00,2024-01-12T09:00:00+00:00,2024-01-12T09:00:00+00:00,0,1.09751,1.09752,-1.0000000000065512e-05,1.09776,1.09778,-1.999999999990898e-05,1.09608,1.09608,0.0,1.09666,1.09666,0.0,PRICE_FEED_DIFFERENCE
2024.01.12 10:00:00,2024-01-12T10:00:00+00:00,2024-01-12T10:00:00+00:00,0,1.09664,1.09666,-1.999999999990898e-05,1.09827,1.09827,0.0,1.09649,1.09649,0.0,1.09749,1.0975,-9.999999999843467e-06,PRICE_FEED_DIFFERENCE
2024.01.12 11:00:00,2024-01-12T11:00:00+00:00,2024-01-12T11:00:00+00:00,0,1.0975,1.09751,-1.0000000000065512e-05,1.09799,1.09798,1.0000000000065512e-05,1.09609,1.0961,-1.0000000000065512e-05,1.09624,1.09624,0.0,PRICE_FEED_DIFFERENCE
2024.01.12 12:00:00,2024-01-12T12:00:00+00:00,2024-01-12T12:00:00+00:00,0,1.09623,1.09625,-1.999999999990898e-05,1.0964,1.0964,0.0,1.09568,1.09568,0.0,1.09599,1.096,-1.0000000000065512e-05,PRICE_FEED_DIFFERENCE
2024.01.12 13:00:00,2024-01-12T13:00:00+00:00,2024-01-12T13:00:00+00:00,0,1.096,1.096,0.0,1.0962,1.0962,0.0,1.09465,1.09465,0.0,1.09495,1.09496,-9.999999999843467e-06,PRICE_FEED_DIFFERENCE
2024.01.12 14:00:00,2024-01-12T14:00:00+00:00,2024-01-12T14:00:00+00:00,0,1.09494,1.09495,-1.0000000000065512e-05,1.09517,1.09518,-1.0000000000065512e-05,1.0937,1.09371,-1.0000000000065512e-05,1.09377,1.09377,0.0,PRICE_FEED_DIFFERENCE
2024.01.12 15:00:00,2024-01-12T15:00:00+00:00,2024-01-12T15:00:00+00:00,0,1.09377,1.09377,0.0,1.09694,1.09695,-1.0000000000065512e-05,1.09359,1.09359,0.0,1.09553,1.09552,9.999999999843467e-06,PRICE_FEED_DIFFERENCE
2024.01.12 16:00:00,2024-01-12T16:00:00+00:00,2024-01-12T16:00:00+00:00,0,1.09552,1.09552,0.0,1.09849,1.09849,0.0,1.09527,1.09526,1.0000000000065512e-05,1.09755,1.09757,-1.999999999990898e-05,PRICE_FEED_DIFFERENCE
2024.01.12 17:00:00,2024-01-12T17:00:00+00:00,2024-01-12T17:00:00+00:00,0,1.09755,1.09755,0.0,1.09869,1.09868,9.999999999843467e-06,1.09623,1.09623,0.0,1.09664,1.09661,2.999999999997449e-05,PRICE_FEED_DIFFERENCE
2024.01.12 18:00:00,2024-01-12T18:00:00+00:00,2024-01-12T18:00:00+00:00,0,1.09662,1.09662,0.0,1.09739,1.09738,1.0000000000065512e-05,1.09581,1.09582,-1.0000000000065512e-05,1.09581,1.09583,-2.0000000000131024e-05,PRICE_FEED_DIFFERENCE
2024.01.12 19:00:00,2024-01-12T19:00:00+00:00,2024-01-12T19:00:00+00:00,0,1.0958,1.09582,-1.999999999990898e-05,1.09587,1.09587,0.0,1.09472,1.0947,1.999999999990898e-05,1.09496,1.09496,0.0,PRICE_FEED_DIFFERENCE
2024.01.12 20:00:00,2024-01-12T20:00:00+00:00,2024-01-12T20:00:00+00:00,0,1.09496,1.09496,0.0,1.09596,1.09596,0.0,1.09491,1.09491,0.0,1.09594,1.09594,0.0,EXACT_MATCH
2024.01.12 21:00:00,2024-01-12T21:00:00+00:00,2024-01-12T21:00:00+00:00,0,1.09593,1.09593,0.0,1.09635,1.09633,1.999999999990898e-05,1.09537,1.09536,1.0000000000065512e-05,1.09558,1.09559,-1.0000000000065512e-05,PRICE_FEED_DIFFERENCE
2024.01.12 22:00:00,2024-01-12T22:00:00+00:00,2024-01-12T22:00:00+00:00,0,1.09558,1.09559,-1.0000000000065512e-05,1.09564,1.09563,9.999999999843467e-06,1.09505,1.09504,1.0000000000065512e-05,1.09512,1.09512,0.0,PRICE_FEED_DIFFERENCE
2024.01.12 23:00:00,2024-01-12T23:00:00+00:00,2024-01-12T23:00:00+00:00,0,1.09511,1.09511,0.0,1.09527,1.09526,1.0000000000065512e-05,1.0948,1.09481,-1.0000000000065512e-05,1.09496,1.09483,0.00012999999999996348,PRICE_FEED_DIFFERENCE
2024.01.15 00:00:00,2024-01-15T00:00:00+00:00,2024-01-15T00:00:00+00:00,0,1.09462,1.0948,-0.000180000000000069,1.09503,1.09502,9.999999999843467e-06,1.09431,1.09444,-0.00013000000000018552,1.09481,1.09495,-0.000140000000000029,PRICE_FEED_DIFFERENCE
2024.01.15 01:00:00,2024-01-15T01:00:00+00:00,2024-01-15T01:00:00+00:00,0,1.09481,1.09495,-0.000140000000000029,1.09484,1.09495,-0.0001100000000000545,1.0944,1.0944,0.0,1.09449,1.09451,-2.0000000000131024e-05,PRICE_FEED_DIFFERENCE
2024.01.15 02:00:00,2024-01-15T02:00:00+00:00,2024-01-15T02:00:00+00:00,0,1.09451,1.09451,0.0,1.09538,1.0954,-1.999999999990898e-05,1.09407,1.09407,0.0,1.09534,1.09534,0.0,PRICE_FEED_DIFFERENCE
2024.01.15 03:00:00,2024-01-15T03:00:00+00:00,2024-01-15T03:00:00+00:00,0,1.09533,1.09533,0.0,1.09561,1.09561,0.0,1.09493,1.09494,-1.0000000000065512e-05,1.09546,1.09547,-9.999999999843467e-06,PRICE_FEED_DIFFERENCE
2024.01.15 04:00:00,2024-01-15T04:00:00+00:00,2024-01-15T04:00:00+00:00,0,1.09549,1.09548,1.0000000000065512e-05,1.09654,1.09655,-9.999999999843467e-06,1.09548,1.09548,0.0,1.09647,1.09648,-9.999999999843467e-06,PRICE_FEED_DIFFERENCE
2024.01.15 05:00:00,2024-01-15T05:00:00+00:00,2024-01-15T05:00:00+00:00,0,1.09647,1.09651,-4.0000000000040004e-05,1.09675,1.09675,0.0,1.09634,1.09635,-9.999999999843467e-06,1.09641,1.09643,-1.999999999990898e-05,PRICE_FEED_DIFFERENCE
2024.01.15 06:00:00,2024-01-15T06:00:00+00:00,2024-01-15T06:00:00+00:00,0,1.09642,1.09642,0.0,1.09645,1.09643,1.999999999990898e-05,1.09585,1.09587,-1.999999999990898e-05,1.09628,1.09628,0.0,PRICE_FEED_DIFFERENCE
2024.01.15 07:00:00,2024-01-15T07:00:00+00:00,2024-01-15T07:00:00+00:00,0,1.09628,1.09629,-1.0000000000065512e-05,1.0966,1.09659,1.0000000000065512e-05,1.09605,1.09607,-2.0000000000131024e-05,1.0964,1.09639,1.0000000000065512e-05,PRICE_FEED_DIFFERENCE
2024.01.15 08:00:00,2024-01-15T08:00:00+00:00,2024-01-15T08:00:00+00:00,0,1.09639,1.0964,-1.0000000000065512e-05,1.09666,1.09666,0.0,1.09625,1.09625,0.0,1.09639,1.09639,0.0,PRICE_FEED_DIFFERENCE
2024.01.15 09:00:00,2024-01-15T09:00:00+00:00,2024-01-15T09:00:00+00:00,0,1.09637,1.09637,0.0,1.09662,1.09662,0.0,1.09514,1.09515,-1.0000000000065512e-05,1.09533,1.09533,0.0,PRICE_FEED_DIFFERENCE
2024.01.15 10:00:00,2024-01-15T10:00:00+00:00,2024-01-15T10:00:00+00:00,0,1.09538,1.09535,2.999999999997449e-05,1.0965,1.09649,1.0000000000065512e-05,1.09538,1.09535,2.999999999997449e-05,1.09578,1.09579,-1.0000000000065512e-05,PRICE_FEED_DIFFERENCE
2024.01.15 11:00:00,2024-01-15T11:00:00+00:00,2024-01-15T11:00:00+00:00,0,1.09579,1.0958,-1.0000000000065512e-05,1.09588,1.09588,0.0,1.0943,1.0943,0.0,1.09468,1.09466,2.0000000000131024e-05,PRICE_FEED_DIFFERENCE
2024.01.15 12:00:00,2024-01-15T12:00:00+00:00,2024-01-15T12:00:00+00:00,0,1.09467,1.09465,2.0000000000131024e-05,1.09467,1.09466,1.0000000000065512e-05,1.09334,1.09335,-1.0000000000065512e-05,1.094,1.094,0.0,PRICE_FEED_DIFFERENCE
2024.01.15 13:00:00,2024-01-15T13:00:00+00:00,2024-01-15T13:00:00+00:00,0,1.094,1.094,0.0,1.0949,1.09489,1.0000000000065512e-05,1.09398,1.09399,-1.0000000000065512e-05,1.09452,1.09453,-1.0000000000065512e-05,PRICE_FEED_DIFFERENCE
2024.01.15 14:00:00,2024-01-15T14:00:00+00:00,2024-01-15T14:00:00+00:00,0,1.09453,1.09453,0.0,1.0959,1.09589,1.0000000000065512e-05,1.09437,1.09438,-9.999999999843467e-06,1.09537,1.09538,-1.0000000000065512e-05,PRICE_FEED_DIFFERENCE
2024.01.15 15:00:00,2024-01-15T15:00:00+00:00,2024-01-15T15:00:00+00:00,0,1.09537,1.09537,0.0,1.0954,1.09541,-1.0000000000065512e-05,1.09442,1.09443,-1.0000000000065512e-05,1.09505,1.09505,0.0,PRICE_FEED_DIFFERENCE
2024.01.15 16:00:00,2024-01-15T16:00:00+00:00,2024-01-15T16:00:00+00:00,0,1.09506,1.09505,9.999999999843467e-06,1.0952,1.09519,9.999999999843467e-06,1.09387,1.09385,1.999999999990898e-05,1.09433,1.09433,0.0,PRICE_FEED_DIFFERENCE
2024.01.15 17:00:00,2024-01-15T17:00:00+00:00,2024-01-15T17:00:00+00:00,0,1.09434,1.09433,1.0000000000065512e-05,1.0951,1.09508,1.999999999990898e-05,1.09381,1.09381,0.0,1.09497,1.09496,1.0000000000065512e-05,PRICE_FEED_DIFFERENCE
2024.01.15 18:00:00,2024-01-15T18:00:00+00:00,2024-01-15T18:00:00+00:00,0,1.09497,1.09497,0.0,1.09523,1.09523,0.0,1.09465,1.09466,-1.0000000000065512e-05,1.09473,1.09472,1.0000000000065512e-05,PRICE_FEED_DIFFERENCE
2024.01.15 19:00:00,2024-01-15T19:00:00+00:00,2024-01-15T19:00:00+00:00,0,1.09472,1.09472,0.0,1.09526,1.09524,1.999999999990898e-05,1.09462,1.0946,1.999999999990898e-05,1.09483,1.09481,1.999999999990898e-05,PRICE_FEED_DIFFERENCE
2024.01.15 20:00:00,2024-01-15T20:00:00+00:00,2024-01-15T20:00:00+00:00,0,1.0948,1.0948,0.0,1.09529,1.09528,1.0000000000065512e-05,1.09477,1.09477,0.0,1.09529,1.09528,1.0000000000065512e-05,PRICE_FEED_DIFFERENCE
2024.01.15 21:00:00,2024-01-15T21:00:00+00:00,2024-01-15T21:00:00+00:00,0,1.09528,1.09528,0.0,1.09536,1.09536,0.0,1.09498,1.09497,1.0000000000065512e-05,1.09505,1.09504,1.0000000000065512e-05,PRICE_FEED_DIFFERENCE
2024.01.15 22:00:00,2024-01-15T22:00:00+00:00,2024-01-15T22:00:00+00:00,0,1.09506,1.09506,0.0,1.09517,1.09517,0.0,1.09489,1.09491,-2.0000000000131024e-05,1.09517,1.09517,0.0,PRICE_FEED_DIFFERENCE
2024.01.15 23:00:00,2024-01-15T23:00:00+00:00,2024-01-15T23:00:00+00:00,0,1.09517,1.09516,1.0000000000065512e-05,1.09519,1.09517,2.0000000000131024e-05,1.09498,1.09489,9.000000000014552e-05,1.09504,1.09494,9.999999999998899e-05,PRICE_FEED_DIFFERENCE
2024.01.16 00:00:00,2024-01-16T00:00:00+00:00,2024-01-16T00:00:00+00:00,0,1.09469,1.09494,-0.0002500000000000835,1.09504,1.09504,0.0,1.09466,1.09454,0.00011999999999989797,1.09482,1.09488,-6.000000000017103e-05,PRICE_FEED_DIFFERENCE
2024.01.16 01:00:00,2024-01-16T01:00:00+00:00,2024-01-16T01:00:00+00:00,0,1.09482,1.09493,-0.0001100000000000545,1.09508,1.0951,-1.999999999990898e-05,1.09446,1.09447,-1.0000000000065512e-05,1.09449,1.09449,0.0,PRICE_FEED_DIFFERENCE
2024.01.16 02:00:00,2024-01-16T02:00:00+00:00,2024-01-16T02:00:00+00:00,0,1.09448,1.09447,9.999999999843467e-06,1.09461,1.09461,0.0,1.0919,1.09191,-9.999999999843467e-06,1.09196,1.09196,0.0,PRICE_FEED_DIFFERENCE
2024.01.16 03:00:00,2024-01-16T03:00:00+00:00,2024-01-16T03:00:00+00:00,0,1.09196,1.09197,-1.0000000000065512e-05,1.09314,1.09315,-1.0000000000065512e-05,1.09153,1.09154,-1.0000000000065512e-05,1.09275,1.09275,0.0,PRICE_FEED_DIFFERENCE
2024.01.16 04:00:00,2024-01-16T04:00:00+00:00,2024-01-16T04:00:00+00:00,0,1.09275,1.09276,-9.999999999843467e-06,1.09276,1.09276,0.0,1.09214,1.09215,-9.999999999843467e-06,1.09237,1.09238,-9.999999999843467e-06,PRICE_FEED_DIFFERENCE
2024.01.16 05:00:00,2024-01-16T05:00:00+00:00,2024-01-16T05:00:00+00:00,0,1.09236,1.09238,-1.999999999990898e-05,1.09253,1.09253,0.0,1.09161,1.09161,0.0,1.09187,1.09189,-2.0000000000131024e-05,PRICE_FEED_DIFFERENCE
2024.01.16 06:00:00,2024-01-16T06:00:00+00:00,2024-01-16T06:00:00+00:00,0,1.09186,1.09187,-9.999999999843467e-06,1.09201,1.092,9.999999999843467e-06,1.09134,1.09134,0.0,1.09174,1.09175,-1.0000000000065512e-05,PRICE_FEED_DIFFERENCE
2024.01.16 07:00:00,2024-01-16T07:00:00+00:00,2024-01-16T07:00:00+00:00,0,1.09175,1.09175,0.0,1.09184,1.09185,-1.0000000000065512e-05,1.09126,1.09126,0.0,1.09153,1.09153,0.0,PRICE_FEED_DIFFERENCE
2024.01.16 08:00:00,2024-01-16T08:00:00+00:00,2024-01-16T08:00:00+00:00,0,1.09153,1.09153,0.0,1.09215,1.09215,0.0,1.09127,1.09127,0.0,1.09171,1.09172,-1.0000000000065512e-05,PRICE_FEED_DIFFERENCE
2024.01.16 09:00:00,2024-01-16T09:00:00+00:00,2024-01-16T09:00:00+00:00,0,1.09174,1.09176,-2.0000000000131024e-05,1.09266,1.09265,1.0000000000065512e-05,1.09086,1.09086,0.0,1.09184,1.09184,0.0,PRICE_FEED_DIFFERENCE
2024.01.16 10:00:00,2024-01-16T10:00:00+00:00,2024-01-16T10:00:00+00:00,0,1.09183,1.09184,-9.999999999843467e-06,1.09232,1.09233,-1.0000000000065512e-05,1.08946,1.08944,2.0000000000131024e-05,1.09045,1.09046,-1.0000000000065512e-05,PRICE_FEED_DIFFERENCE
2024.01.16 11:00:00,2024-01-16T11:00:00+00:00,2024-01-16T11:00:00+00:00,0,1.09045,1.09045,0.0,1.09045,1.09045,0.0,1.08838,1.08839,-1.0000000000065512e-05,1.08861,1.0886,1.0000000000065512e-05,PRICE_FEED_DIFFERENCE
2024.01.16 12:00:00,2024-01-16T12:00:00+00:00,2024-01-16T12:00:00+00:00,0,1.08864,1.08864,0.0,1.08894,1.08893,1.0000000000065512e-05,1.0879,1.08792,-1.999999999990898e-05,1.0881,1.08811,-9.999999999843467e-06,PRICE_FEED_DIFFERENCE
2024.01.16 13:00:00,2024-01-16T13:00:00+00:00,2024-01-16T13:00:00+00:00,0,1.08811,1.08811,0.0,1.08947,1.08947,0.0,1.08738,1.08739,-1.0000000000065512e-05,1.08922,1.08922,0.0,PRICE_FEED_DIFFERENCE
2024.01.16 14:00:00,2024-01-16T14:00:00+00:00,2024-01-16T14:00:00+00:00,0,1.08921,1.08923,-1.999999999990898e-05,1.08933,1.08933,0.0,1.08836,1.08837,-1.0000000000065512e-05,1.08861,1.08862,-9.999999999843467e-06,PRICE_FEED_DIFFERENCE
2024.01.16 15:00:00,2024-01-16T15:00:00+00:00,2024-01-16T15:00:00+00:00,0,1.08862,1.08863,-1.0000000000065512e-05,1.08978,1.08979,-1.0000000000065512e-05,1.08715,1.08716,-9.999999999843467e-06,1.0874,1.08741,-1.0000000000065512e-05,PRICE_FEED_DIFFERENCE
2024.01.16 16:00:00,2024-01-16T16:00:00+00:00,2024-01-16T16:00:00+00:00,0,1.08741,1.0874,1.0000000000065512e-05,1.08893,1.08892,9.999999999843467e-06,1.08665,1.08665,0.0,1.08723,1.08724,-1.0000000000065512e-05,PRICE_FEED_DIFFERENCE
2024.01.16 17:00:00,2024-01-16T17:00:00+00:00,2024-01-16T17:00:00+00:00,0,1.08724,1.08726,-1.999999999990898e-05,1.08882,1.08882,0.0,1.08656,1.08656,0.0,1.08857,1.08857,0.0,PRICE_FEED_DIFFERENCE
2024.01.16 18:00:00,2024-01-16T18:00:00+00:00,2024-01-16T18:00:00+00:00,0,1.08857,1.08856,1.0000000000065512e-05,1.08946,1.08946,0.0,1.08619,1.0862,-1.0000000000065512e-05,1.08807,1.08809,-1.999999999990898e-05,PRICE_FEED_DIFFERENCE
2024.01.16 19:00:00,2024-01-16T19:00:00+00:00,2024-01-16T19:00:00+00:00,0,1.08808,1.0881,-2.0000000000131024e-05,1.08827,1.08828,-9.999999999843467e-06,1.08628,1.08628,0.0,1.0863,1.08629,1.0000000000065512e-05,PRICE_FEED_DIFFERENCE
2024.01.16 20:00:00,2024-01-16T20:00:00+00:00,2024-01-16T20:00:00+00:00,0,1.0863,1.08629,1.0000000000065512e-05,1.0877,1.0877,0.0,1.08629,1.08628,1.0000000000065512e-05,1.08698,1.08699,-9.999999999843467e-06,PRICE_FEED_DIFFERENCE
2024.01.16 21:00:00,2024-01-16T21:00:00+00:00,2024-01-16T21:00:00+00:00,0,1.08699,1.087,-1.0000000000065512e-05,1.08749,1.08747,2.0000000000131024e-05,1.08676,1.08677,-1.0000000000065512e-05,1.08736,1.08736,0.0,PRICE_FEED_DIFFERENCE
2024.01.16 22:00:00,2024-01-16T22:00:00+00:00,2024-01-16T22:00:00+00:00,0,1.08739,1.08737,2.0000000000131024e-05,1.08756,1.08756,0.0,1.08699,1.087,-1.0000000000065512e-05,1.08713,1.08714,-1.0000000000065512e-05,PRICE_FEED_DIFFERENCE
2024.01.16 23:00:00,2024-01-16T23:00:00+00:00,2024-01-16T23:00:00+00:00,0,1.08716,1.08716,0.0,1.08774,1.08774,0.0,1.08713,1.08714,-1.0000000000065512e-05,1.08756,1.08745,0.0001100000000000545,PRICE_FEED_DIFFERENCE
2024.01.17 00:00:00,2024-01-17T00:00:00+00:00,2024-01-17T00:00:00+00:00,0,1.08725,1.08744,-0.00018999999999991246,1.08769,1.08771,-1.999999999990898e-05,1.08694,1.08721,-0.00026999999999999247,1.08747,1.08757,-9.999999999998899e-05,PRICE_FEED_DIFFERENCE
2024.01.17 01:00:00,2024-01-17T01:00:00+00:00,2024-01-17T01:00:00+00:00,0,1.08748,1.08754,-5.999999999994898e-05,1.08786,1.08786,0.0,1.08741,1.08749,-8.000000000008001e-05,1.08785,1.08784,1.0000000000065512e-05,PRICE_FEED_DIFFERENCE
2024.01.17 02:00:00,2024-01-17T02:00:00+00:00,2024-01-17T02:00:00+00:00,0,1.08787,1.08786,9.999999999843467e-06,1.08787,1.08788,-1.0000000000065512e-05,1.08723,1.08723,0.0,1.08777,1.08779,-2.0000000000131024e-05,PRICE_FEED_DIFFERENCE
2024.01.17 03:00:00,2024-01-17T03:00:00+00:00,2024-01-17T03:00:00+00:00,0,1.08775,1.08778,-2.999999999997449e-05,1.08822,1.08822,0.0,1.08732,1.08733,-9.999999999843467e-06,1.08769,1.08772,-2.999999999997449e-05,PRICE_FEED_DIFFERENCE
2024.01.17 04:00:00,2024-01-17T04:00:00+00:00,2024-01-17T04:00:00+00:00,0,1.08771,1.08774,-2.999999999997449e-05,1.08844,1.08844,0.0,1.08739,1.08738,1.0000000000065512e-05,1.08749,1.08747,2.0000000000131024e-05,PRICE_FEED_DIFFERENCE
2024.01.17 05:00:00,2024-01-17T05:00:00+00:00,2024-01-17T05:00:00+00:00,0,1.08747,1.08747,0.0,1.08748,1.08747,1.0000000000065512e-05,1.0865,1.08651,-1.0000000000065512e-05,1.08662,1.08663,-1.0000000000065512e-05,PRICE_FEED_DIFFERENCE
2024.01.17 06:00:00,2024-01-17T06:00:00+00:00,2024-01-17T06:00:00+00:00,0,1.08662,1.08662,0.0,1.0871,1.08711,-1.0000000000065512e-05,1.08647,1.08647,0.0,1.08708,1.08709,-9.999999999843467e-06,PRICE_FEED_DIFFERENCE
2024.01.17 07:00:00,2024-01-17T07:00:00+00:00,2024-01-17T07:00:00+00:00,0,1.08708,1.08709,-9.999999999843467e-06,1.08721,1.08721,0.0,1.08608,1.08607,9.999999999843467e-06,1.08647,1.08647,0.0,PRICE_FEED_DIFFERENCE
2024.01.17 08:00:00,2024-01-17T08:00:00+00:00,2024-01-17T08:00:00+00:00,0,1.08649,1.08649,0.0,1.08649,1.08649,0.0,1.08554,1.08554,0.0,1.08622,1.08623,-1.0000000000065512e-05,PRICE_FEED_DIFFERENCE
2024.01.17 09:00:00,2024-01-17T09:00:00+00:00,2024-01-17T09:00:00+00:00,0,1.08624,1.08625,-9.999999999843467e-06,1.08737,1.08737,0.0,1.08585,1.08586,-1.0000000000065512e-05,1.087,1.08701,-1.0000000000065512e-05,PRICE_FEED_DIFFERENCE
2024.01.17 10:00:00,2024-01-17T10:00:00+00:00,2024-01-17T10:00:00+00:00,0,1.08699,1.08701,-2.0000000000131024e-05,1.08816,1.08814,1.999999999990898e-05,1.08661,1.08662,-9.999999999843467e-06,1.08666,1.08667,-1.0000000000065512e-05,PRICE_FEED_DIFFERENCE
2024.01.17 11:00:00,2024-01-17T11:00:00+00:00,2024-01-17T11:00:00+00:00,0,1.08666,1.08668,-2.0000000000131024e-05,1.08787,1.08786,9.999999999843467e-06,1.08609,1.08609,0.0,1.08762,1.08766,-4.0000000000040004e-05,PRICE_FEED_DIFFERENCE
2024.01.17 12:00:00,2024-01-17T12:00:00+00:00,2024-01-17T12:00:00+00:00,0,1.0876,1.08764,-4.0000000000040004e-05,1.08838,1.08839,-1.0000000000065512e-05,1.0867,1.0867,0.0,1.08718,1.08717,1.0000000000065512e-05,PRICE_FEED_DIFFERENCE
2024.01.17 13:00:00,2024-01-17T13:00:00+00:00,2024-01-17T13:00:00+00:00,0,1.08721,1.08719,1.999999999990898e-05,1.0883,1.08831,-1.0000000000065512e-05,1.08697,1.08697,0.0,1.08785,1.08785,0.0,PRICE_FEED_DIFFERENCE
2024.01.17 14:00:00,2024-01-17T14:00:00+00:00,2024-01-17T14:00:00+00:00,0,1.08784,1.08785,-1.0000000000065512e-05,1.0881,1.08813,-2.999999999997449e-05,1.08693,1.08694,-1.0000000000065512e-05,1.08742,1.08743,-9.999999999843467e-06,PRICE_FEED_DIFFERENCE
2024.01.17 15:00:00,2024-01-17T15:00:00+00:00,2024-01-17T15:00:00+00:00,0,1.08743,1.08744,-1.0000000000065512e-05,1.08786,1.08785,1.0000000000065512e-05,1.08511,1.08512,-1.0000000000065512e-05,1.08639,1.08638,1.0000000000065512e-05,PRICE_FEED_DIFFERENCE
2024.01.17 16:00:00,2024-01-17T16:00:00+00:00,2024-01-17T16:00:00+00:00,0,1.08638,1.08639,-1.0000000000065512e-05,1.08702,1.08702,0.0,1.08478,1.08477,1.0000000000065512e-05,1.08489,1.08488,9.999999999843467e-06,PRICE_FEED_DIFFERENCE
2024.01.17 17:00:00,2024-01-17T17:00:00+00:00,2024-01-17T17:00:00+00:00,0,1.08488,1.08488,0.0,1.08708,1.08708,0.0,1.08445,1.08445,0.0,1.0849,1.0849,0.0,EXACT_MATCH
2024.01.17 18:00:00,2024-01-17T18:00:00+00:00,2024-01-17T18:00:00+00:00,0,1.08491,1.08489,2.0000000000131024e-05,1.08647,1.08646,1.0000000000065512e-05,1.08476,1.08476,0.0,1.08572,1.08572,0.0,PRICE_FEED_DIFFERENCE
2024.01.17 19:00:00,2024-01-17T19:00:00+00:00,2024-01-17T19:00:00+00:00,0,1.08572,1.08573,-1.0000000000065512e-05,1.08701,1.087,1.0000000000065512e-05,1.08567,1.08568,-1.0000000000065512e-05,1.08669,1.08669,0.0,PRICE_FEED_DIFFERENCE
2024.01.17 20:00:00,2024-01-17T20:00:00+00:00,2024-01-17T20:00:00+00:00,0,1.0867,1.08671,-1.0000000000065512e-05,1.08673,1.08673,0.0,1.08565,1.08565,0.0,1.08658,1.08657,1.0000000000065512e-05,PRICE_FEED_DIFFERENCE
2024.01.17 21:00:00,2024-01-17T21:00:00+00:00,2024-01-17T21:00:00+00:00,0,1.08658,1.08657,1.0000000000065512e-05,1.08788,1.08787,1.0000000000065512e-05,1.08658,1.08657,1.0000000000065512e-05,1.08737,1.08738,-1.0000000000065512e-05,PRICE_FEED_DIFFERENCE
2024.01.17 22:00:00,2024-01-17T22:00:00+00:00,2024-01-17T22:00:00+00:00,0,1.08737,1.08737,0.0,1.08821,1.0882,9.999999999843467e-06,1.08701,1.08702,-1.0000000000065512e-05,1.08808,1.0881,-2.0000000000131024e-05,PRICE_FEED_DIFFERENCE
2024.01.17 23:00:00,2024-01-17T23:00:00+00:00,2024-01-17T23:00:00+00:00,0,1.08808,1.08809,-1.0000000000065512e-05,1.08827,1.08827,0.0,1.08808,1.08808,0.0,1.08815,1.08818,-2.999999999997449e-05,PRICE_FEED_DIFFERENCE
2024.01.18 00:00:00,2024-01-18T00:00:00+00:00,2024-01-18T00:00:00+00:00,0,1.08823,1.08816,7.00000000000145e-05,1.08833,1.08829,4.0000000000040004e-05,1.0879,1.08792,-1.999999999990898e-05,1.08814,1.08803,0.0001100000000000545,PRICE_FEED_DIFFERENCE
2024.01.18 01:00:00,2024-01-18T01:00:00+00:00,2024-01-18T01:00:00+00:00,0,1.08822,1.08804,0.000180000000000069,1.0886,1.0886,0.0,1.08807,1.08804,3.0000000000196536e-05,1.0886,1.0886,0.0,PRICE_FEED_DIFFERENCE
2024.01.18 02:00:00,2024-01-18T02:00:00+00:00,2024-01-18T02:00:00+00:00,0,1.0886,1.08861,-1.0000000000065512e-05,1.08942,1.08942,0.0,1.088,1.08802,-1.999999999990898e-05,1.08939,1.08938,1.0000000000065512e-05,PRICE_FEED_DIFFERENCE
2024.01.18 03:00:00,2024-01-18T03:00:00+00:00,2024-01-18T03:00:00+00:00,0,1.08939,1.08939,0.0,1.09008,1.09008,0.0,1.08921,1.08923,-1.999999999990898e-05,1.08959,1.0896,-9.999999999843467e-06,PRICE_FEED_DIFFERENCE
2024.01.18 04:00:00,2024-01-18T04:00:00+00:00,2024-01-18T04:00:00+00:00,0,1.0896,1.08961,-1.0000000000065512e-05,1.09028,1.09028,0.0,1.0893,1.0893,0.0,1.08933,1.08933,0.0,PRICE_FEED_DIFFERENCE
2024.01.18 05:00:00,2024-01-18T05:00:00+00:00,2024-01-18T05:00:00+00:00,0,1.08933,1.08932,9.999999999843467e-06,1.08981,1.0898,9.999999999843467e-06,1.08904,1.08905,-1.0000000000065512e-05,1.08955,1.08954,1.0000000000065512e-05,PRICE_FEED_DIFFERENCE
2024.01.18 06:00:00,2024-01-18T06:00:00+00:00,2024-01-18T06:00:00+00:00,0,1.08955,1.08953,1.999999999990898e-05,1.08963,1.08963,0.0,1.0891,1.08911,-1.0000000000065512e-05,1.0894,1.08941,-1.0000000000065512e-05,PRICE_FEED_DIFFERENCE
2024.01.18 07:00:00,2024-01-18T07:00:00+00:00,2024-01-18T07:00:00+00:00,0,1.08941,1.0894,1.0000000000065512e-05,1.08962,1.08961,1.0000000000065512e-05,1.08903,1.08904,-1.0000000000065512e-05,1.0895,1.08947,2.999999999997449e-05,PRICE_FEED_DIFFERENCE
2024.01.18 08:00:00,2024-01-18T08:00:00+00:00,2024-01-18T08:00:00+00:00,0,1.08949,1.08948,1.0000000000065512e-05,1.09066,1.09067,-1.0000000000065512e-05,1.08946,1.08947,-9.999999999843467e-06,1.09039,1.09039,0.0,PRICE_FEED_DIFFERENCE
2024.01.18 09:00:00,2024-01-18T09:00:00+00:00,2024-01-18T09:00:00+00:00,0,1.09037,1.0904,-2.999999999997449e-05,1.09064,1.09063,1.0000000000065512e-05,1.08862,1.08863,-1.0000000000065512e-05,1.0888,1.08881,-1.0000000000065512e-05,PRICE_FEED_DIFFERENCE
2024.01.18 10:00:00,2024-01-18T10:00:00+00:00,2024-01-18T10:00:00+00:00,0,1.08878,1.08878,0.0,1.08889,1.08889,0.0,1.08774,1.08775,-1.0000000000065512e-05,1.08799,1.08797,1.999999999990898e-05,PRICE_FEED_DIFFERENCE
2024.01.18 11:00:00,2024-01-18T11:00:00+00:00,2024-01-18T11:00:00+00:00,0,1.08798,1.08797,9.999999999843467e-06,1.08994,1.08995,-1.0000000000065512e-05,1.08765,1.08766,-1.0000000000065512e-05,1.08846,1.08845,1.0000000000065512e-05,PRICE_FEED_DIFFERENCE
2024.01.18 12:00:00,2024-01-18T12:00:00+00:00,2024-01-18T12:00:00+00:00,0,1.08845,1.08845,0.0,1.0896,1.08959,9.999999999843467e-06,1.08828,1.08828,0.0,1.08949,1.08949,0.0,PRICE_FEED_DIFFERENCE
2024.01.18 13:00:00,2024-01-18T13:00:00+00:00,2024-01-18T13:00:00+00:00,0,1.08948,1.08948,0.0,1.08952,1.08953,-1.0000000000065512e-05,1.08846,1.08846,0.0,1.0889,1.08891,-1.0000000000065512e-05,PRICE_FEED_DIFFERENCE
2024.01.18 14:00:00,2024-01-18T14:00:00+00:00,2024-01-18T14:00:00+00:00,0,1.0889,1.0889,0.0,1.08941,1.08939,1.999999999990898e-05,1.08745,1.08746,-1.0000000000065512e-05,1.08774,1.08774,0.0,PRICE_FEED_DIFFERENCE
2024.01.18 15:00:00,2024-01-18T15:00:00+00:00,2024-01-18T15:00:00+00:00,0,1.08774,1.08774,0.0,1.08776,1.08775,1.0000000000065512e-05,1.08503,1.08504,-1.0000000000065512e-05,1.08526,1.08524,1.999999999990898e-05,PRICE_FEED_DIFFERENCE
2024.01.18 16:00:00,2024-01-18T16:00:00+00:00,2024-01-18T16:00:00+00:00,0,1.08524,1.08523,1.0000000000065512e-05,1.08689,1.08688,9.999999999843467e-06,1.08492,1.08492,0.0,1.08594,1.08594,0.0,PRICE_FEED_DIFFERENCE
2024.01.18 17:00:00,2024-01-18T17:00:00+00:00,2024-01-18T17:00:00+00:00,0,1.08595,1.08595,0.0,1.08679,1.0868,-1.0000000000065512e-05,1.08466,1.08466,0.0,1.08522,1.08521,1.0000000000065512e-05,PRICE_FEED_DIFFERENCE
2024.01.18 18:00:00,2024-01-18T18:00:00+00:00,2024-01-18T18:00:00+00:00,0,1.0852,1.08519,9.999999999843467e-06,1.087,1.08701,-1.0000000000065512e-05,1.08503,1.08504,-1.0000000000065512e-05,1.08618,1.08618,0.0,PRICE_FEED_DIFFERENCE
2024.01.18 19:00:00,2024-01-18T19:00:00+00:00,2024-01-18T19:00:00+00:00,0,1.08619,1.08617,1.999999999990898e-05,1.08644,1.08644,0.0,1.08501,1.08501,0.0,1.08596,1.08596,0.0,PRICE_FEED_DIFFERENCE
2024.01.18 20:00:00,2024-01-18T20:00:00+00:00,2024-01-18T20:00:00+00:00,0,1.08597,1.08591,6.000000000017103e-05,1.08658,1.08658,0.0,1.08542,1.08542,0.0,1.08638,1.08637,9.999999999843467e-06,PRICE_FEED_DIFFERENCE
2024.01.18 21:00:00,2024-01-18T21:00:00+00:00,2024-01-18T21:00:00+00:00,0,1.08637,1.08636,1.0000000000065512e-05,1.0869,1.08691,-1.0000000000065512e-05,1.08601,1.08601,0.0,1.08618,1.08617,9.999999999843467e-06,PRICE_FEED_DIFFERENCE
2024.01.18 22:00:00,2024-01-18T22:00:00+00:00,2024-01-18T22:00:00+00:00,0,1.08617,1.08617,0.0,1.08693,1.08694,-1.0000000000065512e-05,1.08606,1.08607,-1.0000000000065512e-05,1.0869,1.0869,0.0,PRICE_FEED_DIFFERENCE
2024.01.18 23:00:00,2024-01-18T23:00:00+00:00,2024-01-18T23:00:00+00:00,0,1.08691,1.08689,2.0000000000131024e-05,1.08774,1.08773,9.999999999843467e-06,1.08683,1.08684,-1.0000000000065512e-05,1.08755,1.08757,-1.999999999990898e-05,PRICE_FEED_DIFFERENCE
2024.01.19 00:00:00,2024-01-19T00:00:00+00:00,2024-01-19T00:00:00+00:00,0,1.08745,1.08757,-0.00011999999999989797,1.08764,1.0876,4.0000000000040004e-05,1.08678,1.087,-0.00021999999999988695,1.08728,1.08722,5.999999999994898e-05,PRICE_FEED_DIFFERENCE
2024.01.19 01:00:00,2024-01-19T01:00:00+00:00,2024-01-19T01:00:00+00:00,0,1.08751,1.08724,0.00026999999999999247,1.08803,1.08804,-9.999999999843467e-06,1.08745,1.08724,0.00021000000000004349,1.08799,1.08799,0.0,PRICE_FEED_DIFFERENCE
2024.01.19 02:00:00,2024-01-19T02:00:00+00:00,2024-01-19T02:00:00+00:00,0,1.088,1.088,0.0,1.08818,1.08817,9.999999999843467e-06,1.08777,1.08777,0.0,1.08798,1.08798,0.0,PRICE_FEED_DIFFERENCE
2024.01.19 03:00:00,2024-01-19T03:00:00+00:00,2024-01-19T03:00:00+00:00,0,1.08801,1.08799,1.999999999990898e-05,1.08872,1.08873,-1.0000000000065512e-05,1.08761,1.08762,-1.0000000000065512e-05,1.08856,1.08855,1.0000000000065512e-05,PRICE_FEED_DIFFERENCE
2024.01.19 04:00:00,2024-01-19T04:00:00+00:00,2024-01-19T04:00:00+00:00,0,1.08855,1.08854,9.999999999843467e-06,1.08896,1.08896,0.0,1.08825,1.08826,-1.0000000000065512e-05,1.0888,1.08881,-1.0000000000065512e-05,PRICE_FEED_DIFFERENCE
2024.01.19 05:00:00,2024-01-19T05:00:00+00:00,2024-01-19T05:00:00+00:00,0,1.08882,1.08882,0.0,1.08893,1.08893,0.0,1.08853,1.08854,-1.0000000000065512e-05,1.08888,1.08889,-9.999999999843467e-06,PRICE_FEED_DIFFERENCE
2024.01.19 06:00:00,2024-01-19T06:00:00+00:00,2024-01-19T06:00:00+00:00,0,1.08888,1.0889,-1.999999999990898e-05,1.08893,1.08894,-1.0000000000065512e-05,1.08852,1.08853,-1.0000000000065512e-05,1.08864,1.08864,0.0,PRICE_FEED_DIFFERENCE
2024.01.19 07:00:00,2024-01-19T07:00:00+00:00,2024-01-19T07:00:00+00:00,0,1.08865,1.08865,0.0,1.08871,1.0887,1.0000000000065512e-05,1.08794,1.08795,-1.0000000000065512e-05,1.08809,1.08808,1.0000000000065512e-05,PRICE_FEED_DIFFERENCE
2024.01.19 08:00:00,2024-01-19T08:00:00+00:00,2024-01-19T08:00:00+00:00,0,1.08804,1.08809,-5.0000000000105516e-05,1.08824,1.08822,2.0000000000131024e-05,1.08755,1.08754,1.0000000000065512e-05,1.08808,1.08809,-1.0000000000065512e-05,PRICE_FEED_DIFFERENCE
2024.01.19 09:00:00,2024-01-19T09:00:00+00:00,2024-01-19T09:00:00+00:00,0,1.08813,1.08809,4.0000000000040004e-05,1.08864,1.08862,2.0000000000131024e-05,1.08745,1.08745,0.0,1.08794,1.08794,0.0,PRICE_FEED_DIFFERENCE
2024.01.19 10:00:00,2024-01-19T10:00:00+00:00,2024-01-19T10:00:00+00:00,0,1.08793,1.08793,0.0,1.08819,1.08818,1.0000000000065512e-05,1.0868,1.08681,-1.0000000000065512e-05,1.08771,1.08771,0.0,PRICE_FEED_DIFFERENCE
2024.01.19 11:00:00,2024-01-19T11:00:00+00:00,2024-01-19T11:00:00+00:00,0,1.0877,1.08771,-1.0000000000065512e-05,1.08849,1.08849,0.0,1.08712,1.08714,-1.999999999990898e-05,1.08828,1.08829,-1.0000000000065512e-05,PRICE_FEED_DIFFERENCE
2024.01.19 12:00:00,2024-01-19T12:00:00+00:00,2024-01-19T12:00:00+00:00,0,1.08828,1.08827,9.999999999843467e-06,1.08851,1.08849,2.0000000000131024e-05,1.0873,1.0873,0.0,1.0881,1.08808,2.0000000000131024e-05,PRICE_FEED_DIFFERENCE
2024.01.19 13:00:00,2024-01-19T13:00:00+00:00,2024-01-19T13:00:00+00:00,0,1.08812,1.08809,2.999999999997449e-05,1.0893,1.0893,0.0,1.0879,1.08791,-9.999999999843467e-06,1.08874,1.08873,1.0000000000065512e-05,PRICE_FEED_DIFFERENCE
2024.01.19 14:00:00,2024-01-19T14:00:00+00:00,2024-01-19T14:00:00+00:00,0,1.08873,1.08873,0.0,1.08881,1.0888,1.0000000000065512e-05,1.08801,1.088,9.999999999843467e-06,1.08826,1.08826,0.0,PRICE_FEED_DIFFERENCE
2024.01.19 15:00:00,2024-01-19T15:00:00+00:00,2024-01-19T15:00:00+00:00,0,1.08826,1.08825,1.0000000000065512e-05,1.08895,1.08896,-9.999999999843467e-06,1.08754,1.08754,0.0,1.08806,1.08805,1.0000000000065512e-05,PRICE_FEED_DIFFERENCE
2024.01.19 16:00:00,2024-01-19T16:00:00+00:00,2024-01-19T16:00:00+00:00,0,1.08805,1.08806,-1.0000000000065512e-05,1.08838,1.08837,9.999999999843467e-06,1.08656,1.08656,0.0,1.088,1.08801,-9.999999999843467e-06,PRICE_FEED_DIFFERENCE
2024.01.19 17:00:00,2024-01-19T17:00:00+00:00,2024-01-19T17:00:00+00:00,0,1.08799,1.08798,1.0000000000065512e-05,1.08898,1.089,-1.999999999990898e-05,1.08697,1.08697,0.0,1.08825,1.08825,0.0,PRICE_FEED_DIFFERENCE
2024.01.19 18:00:00,2024-01-19T18:00:00+00:00,2024-01-19T18:00:00+00:00,0,1.08826,1.08824,1.999999999990898e-05,1.08879,1.08879,0.0,1.08807,1.08806,1.0000000000065512e-05,1.08866,1.08866,0.0,PRICE_FEED_DIFFERENCE
2024.01.19 19:00:00,2024-01-19T19:00:00+00:00,2024-01-19T19:00:00+00:00,0,1.08868,1.08867,1.0000000000065512e-05,1.08932,1.08933,-9.999999999843467e-06,1.08799,1.088,-1.0000000000065512e-05,1.08896,1.08896,0.0,PRICE_FEED_DIFFERENCE
2024.01.19 20:00:00,2024-01-19T20:00:00+00:00,2024-01-19T20:00:00+00:00,0,1.08896,1.08896,0.0,1.08962,1.08963,-1.0000000000065512e-05,1.08856,1.08859,-2.999999999997449e-05,1.08919,1.0892,-9.999999999843467e-06,PRICE_FEED_DIFFERENCE
2024.01.19 21:00:00,2024-01-19T21:00:00+00:00,2024-01-19T21:00:00+00:00,0,1.0892,1.08921,-1.0000000000065512e-05,1.08949,1.08947,2.0000000000131024e-05,1.0888,1.0888,0.0,1.08923,1.08922,9.999999999843467e-06,PRICE_FEED_DIFFERENCE
2024.01.19 22:00:00,2024-01-19T22:00:00+00:00,2024-01-19T22:00:00+00:00,0,1.08923,1.08924,-1.0000000000065512e-05,1.08959,1.08957,2.0000000000131024e-05,1.08899,1.08899,0.0,1.08949,1.0895,-9.999999999843467e-06,PRICE_FEED_DIFFERENCE
2024.01.19 23:00:00,2024-01-19T23:00:00+00:00,2024-01-19T23:00:00+00:00,0,1.0895,1.08948,1.999999999990898e-05,1.08977,1.08983,-6.000000000017103e-05,1.08938,1.08937,1.0000000000065512e-05,1.08974,1.0896,0.000140000000000029,PRICE_FEED_DIFFERENCE
2024.01.22 00:00:00,2024-01-22T00:00:00+00:00,2024-01-22T00:00:00+00:00,0,1.08916,1.08906,9.999999999998899e-05,1.08947,1.08959,-0.00012000000000012001,1.08856,1.08878,-0.000220000000000109,1.08908,1.08924,-0.00015999999999993797,PRICE_FEED_DIFFERENCE
2024.01.22 01:00:00,2024-01-22T01:00:00+00:00,2024-01-22T01:00:00+00:00,0,1.08908,1.08918,-9.999999999998899e-05,1.08976,1.08976,0.0,1.08904,1.08904,0.0,1.08919,1.0892,-9.999999999843467e-06,PRICE_FEED_DIFFERENCE
2024.01.22 02:00:00,2024-01-22T02:00:00+00:00,2024-01-22T02:00:00+00:00,0,1.08916,1.0892,-4.0000000000040004e-05,1.09016,1.09014,1.999999999990898e-05,1.08912,1.08912,0.0,1.09011,1.09011,0.0,PRICE_FEED_DIFFERENCE
2024.01.22 03:00:00,2024-01-22T03:00:00+00:00,2024-01-22T03:00:00+00:00,0,1.09012,1.09012,0.0,1.09049,1.0905,-1.0000000000065512e-05,1.08987,1.08987,0.0,1.09018,1.09018,0.0,PRICE_FEED_DIFFERENCE
2024.01.22 04:00:00,2024-01-22T04:00:00+00:00,2024-01-22T04:00:00+00:00,0,1.09019,1.09018,1.0000000000065512e-05,1.09092,1.09091,9.999999999843467e-06,1.08996,1.08996,0.0,1.09072,1.09072,0.0,PRICE_FEED_DIFFERENCE
2024.01.22 05:00:00,2024-01-22T05:00:00+00:00,2024-01-22T05:00:00+00:00,0,1.09071,1.09073,-1.999999999990898e-05,1.09078,1.09077,1.0000000000065512e-05,1.09012,1.09013,-1.0000000000065512e-05,1.09018,1.09019,-1.0000000000065512e-05,PRICE_FEED_DIFFERENCE
2024.01.22 06:00:00,2024-01-22T06:00:00+00:00,2024-01-22T06:00:00+00:00,0,1.09021,1.09021,0.0,1.09047,1.09045,2.0000000000131024e-05,1.09007,1.09008,-9.999999999843467e-06,1.0903,1.09028,2.0000000000131024e-05,PRICE_FEED_DIFFERENCE
2024.01.22 07:00:00,2024-01-22T07:00:00+00:00,2024-01-22T07:00:00+00:00,0,1.09028,1.09029,-1.0000000000065512e-05,1.09045,1.09045,0.0,1.08984,1.08985,-1.0000000000065512e-05,1.09016,1.09014,1.999999999990898e-05,PRICE_FEED_DIFFERENCE
2024.01.22 08:00:00,2024-01-22T08:00:00+00:00,2024-01-22T08:00:00+00:00,0,1.09015,1.09015,0.0,1.09095,1.09094,1.0000000000065512e-05,1.09013,1.09013,0.0,1.09047,1.09048,-9.999999999843467e-06,PRICE_FEED_DIFFERENCE
2024.01.22 09:00:00,2024-01-22T09:00:00+00:00,2024-01-22T09:00:00+00:00,0,1.09047,1.09047,0.0,1.09079,1.09079,0.0,1.08972,1.08972,0.0,1.08976,1.08977,-9.999999999843467e-06,PRICE_FEED_DIFFERENCE
2024.01.22 10:00:00,2024-01-22T10:00:00+00:00,2024-01-22T10:00:00+00:00,0,1.08974,1.08975,-1.0000000000065512e-05,1.09009,1.09008,1.0000000000065512e-05,1.08871,1.0887,1.0000000000065512e-05,1.08918,1.08917,1.0000000000065512e-05,PRICE_FEED_DIFFERENCE
2024.01.22 11:00:00,2024-01-22T11:00:00+00:00,2024-01-22T11:00:00+00:00,0,1.08917,1.08916,1.0000000000065512e-05,1.09022,1.09023,-1.0000000000065512e-05,1.08898,1.08898,0.0,1.08968,1.08969,-1.0000000000065512e-05,PRICE_FEED_DIFFERENCE
2024.01.22 12:00:00,2024-01-22T12:00:00+00:00,2024-01-22T12:00:00+00:00,0,1.08967,1.08969,-2.0000000000131024e-05,1.08969,1.08969,0.0,1.08857,1.08858,-1.0000000000065512e-05,1.08867,1.08867,0.0,PRICE_FEED_DIFFERENCE
2024.01.22 13:00:00,2024-01-22T13:00:00+00:00,2024-01-22T13:00:00+00:00,0,1.08867,1.08867,0.0,1.08903,1.08904,-1.0000000000065512e-05,1.08816,1.08815,1.0000000000065512e-05,1.089,1.08898,1.999999999990898e-05,PRICE_FEED_DIFFERENCE
2024.01.22 14:00:00,2024-01-22T14:00:00+00:00,2024-01-22T14:00:00+00:00,0,1.08901,1.08899,2.0000000000131024e-05,1.08996,1.08995,1.0000000000065512e-05,1.08881,1.08881,0.0,1.08924,1.08925,-1.0000000000065512e-05,PRICE_FEED_DIFFERENCE
2024.01.22 15:00:00,2024-01-22T15:00:00+00:00,2024-01-22T15:00:00+00:00,0,1.08922,1.08925,-2.999999999997449e-05,1.08951,1.08952,-1.0000000000065512e-05,1.088,1.088,0.0,1.08916,1.08915,9.999999999843467e-06,PRICE_FEED_DIFFERENCE
2024.01.22 16:00:00,2024-01-22T16:00:00+00:00,2024-01-22T16:00:00+00:00,0,1.08917,1.08917,0.0,1.08963,1.08963,0.0,1.08853,1.08853,0.0,1.08897,1.08897,0.0,EXACT_MATCH
2024.01.22 17:00:00,2024-01-22T17:00:00+00:00,2024-01-22T17:00:00+00:00,0,1.08895,1.08896,-9.999999999843467e-06,1.08981,1.08981,0.0,1.08825,1.08824,9.999999999843467e-06,1.08854,1.08852,2.0000000000131024e-05,PRICE_FEED_DIFFERENCE
2024.01.22 18:00:00,2024-01-22T18:00:00+00:00,2024-01-22T18:00:00+00:00,0,1.08853,1.08851,1.999999999990898e-05,1.08943,1.08943,0.0,1.08817,1.08819,-1.999999999990898e-05,1.08938,1.08938,0.0,PRICE_FEED_DIFFERENCE
2024.01.22 19:00:00,2024-01-22T19:00:00+00:00,2024-01-22T19:00:00+00:00,0,1.08941,1.08938,2.999999999997449e-05,1.09,1.09,0.0,1.08907,1.08906,1.0000000000065512e-05,1.08963,1.08964,-9.999999999843467e-06,PRICE_FEED_DIFFERENCE
2024.01.22 20:00:00,2024-01-22T20:00:00+00:00,2024-01-22T20:00:00+00:00,0,1.08964,1.08963,9.999999999843467e-06,1.08964,1.08963,9.999999999843467e-06,1.08837,1.08838,-9.999999999843467e-06,1.08902,1.08901,1.0000000000065512e-05,PRICE_FEED_DIFFERENCE
2024.01.22 21:00:00,2024-01-22T21:00:00+00:00,2024-01-22T21:00:00+00:00,0,1.08901,1.089,1.0000000000065512e-05,1.08909,1.08911,-2.0000000000131024e-05,1.08803,1.08803,0.0,1.08848,1.08847,9.999999999843467e-06,PRICE_FEED_DIFFERENCE
2024.01.22 22:00:00,2024-01-22T22:00:00+00:00,2024-01-22T22:00:00+00:00,0,1.08849,1.08849,0.0,1.08855,1.08854,9.999999999843467e-06,1.08802,1.08803,-1.0000000000065512e-05,1.08842,1.08841,9.999999999843467e-06,PRICE_FEED_DIFFERENCE
2024.01.22 23:00:00,2024-01-22T23:00:00+00:00,2024-01-22T23:00:00+00:00,0,1.08841,1.08841,0.0,1.08849,1.08849,0.0,1.08815,1.08815,0.0,1.0882,1.08819,1.0000000000065512e-05,PRICE_FEED_DIFFERENCE
2024.01.23 00:00:00,2024-01-23T00:00:00+00:00,2024-01-23T00:00:00+00:00,0,1.08828,1.08816,0.00011999999999989797,1.08845,1.08846,-1.0000000000065512e-05,1.08795,1.08798,-2.999999999997449e-05,1.0882,1.08811,9.000000000014552e-05,PRICE_FEED_DIFFERENCE
2024.01.23 01:00:00,2024-01-23T01:00:00+00:00,2024-01-23T01:00:00+00:00,0,1.08814,1.0881,4.0000000000040004e-05,1.08817,1.08816,1.0000000000065512e-05,1.08768,1.08768,0.0,1.08773,1.08772,1.0000000000065512e-05,PRICE_FEED_DIFFERENCE
2024.01.23 02:00:00,2024-01-23T02:00:00+00:00,2024-01-23T02:00:00+00:00,0,1.08775,1.08776,-1.0000000000065512e-05,1.08839,1.08839,0.0,1.08755,1.08756,-1.0000000000065512e-05,1.08832,1.08831,9.999999999843467e-06,PRICE_FEED_DIFFERENCE
2024.01.23 03:00:00,2024-01-23T03:00:00+00:00,2024-01-23T03:00:00+00:00,0,1.08829,1.08831,-2.0000000000131024e-05,1.08884,1.08885,-1.0000000000065512e-05,1.08766,1.08766,0.0,1.08882,1.08883,-1.0000000000065512e-05,PRICE_FEED_DIFFERENCE
2024.01.23 04:00:00,2024-01-23T04:00:00+00:00,2024-01-23T04:00:00+00:00,0,1.08883,1.08883,0.0,1.08938,1.08939,-1.0000000000065512e-05,1.08848,1.08848,0.0,1.08873,1.08873,0.0,PRICE_FEED_DIFFERENCE
2024.01.23 05:00:00,2024-01-23T05:00:00+00:00,2024-01-23T05:00:00+00:00,0,1.08875,1.08875,0.0,1.08949,1.08949,0.0,1.08853,1.08853,0.0,1.08929,1.08927,2.0000000000131024e-05,PRICE_FEED_DIFFERENCE
2024.01.23 06:00:00,2024-01-23T06:00:00+00:00,2024-01-23T06:00:00+00:00,0,1.08928,1.08928,0.0,1.08987,1.08986,9.999999999843467e-06,1.08916,1.08916,0.0,1.08984,1.08983,9.999999999843467e-06,PRICE_FEED_DIFFERENCE
2024.01.23 07:00:00,2024-01-23T07:00:00+00:00,2024-01-23T07:00:00+00:00,0,1.08986,1.08984,2.0000000000131024e-05,1.09079,1.09079,0.0,1.08967,1.08967,0.0,1.09068,1.09069,-9.999999999843467e-06,PRICE_FEED_DIFFERENCE
2024.01.23 08:00:00,2024-01-23T08:00:00+00:00,2024-01-23T08:00:00+00:00,0,1.0907,1.09069,1.0000000000065512e-05,1.09141,1.09141,0.0,1.09015,1.09016,-1.0000000000065512e-05,1.09139,1.09139,0.0,PRICE_FEED_DIFFERENCE
2024.01.23 09:00:00,2024-01-23T09:00:00+00:00,2024-01-23T09:00:00+00:00,0,1.09137,1.0914,-2.999999999997449e-05,1.09159,1.09162,-2.999999999997449e-05,1.09036,1.09038,-1.999999999990898e-05,1.09083,1.09083,0.0,PRICE_FEED_DIFFERENCE
2024.01.23 10:00:00,2024-01-23T10:00:00+00:00,2024-01-23T10:00:00+00:00,0,1.09084,1.09084,0.0,1.09105,1.09105,0.0,1.08922,1.08924,-1.999999999990898e-05,1.08951,1.08951,0.0,PRICE_FEED_DIFFERENCE
2024.01.23 11:00:00,2024-01-23T11:00:00+00:00,2024-01-23T11:00:00+00:00,0,1.0895,1.0895,0.0,1.08951,1.08951,0.0,1.08837,1.08837,0.0,1.08875,1.08874,1.0000000000065512e-05,PRICE_FEED_DIFFERENCE
2024.01.23 12:00:00,2024-01-23T12:00:00+00:00,2024-01-23T12:00:00+00:00,0,1.08874,1.08873,1.0000000000065512e-05,1.08883,1.08882,1.0000000000065512e-05,1.08673,1.08674,-1.0000000000065512e-05,1.08694,1.08694,0.0,PRICE_FEED_DIFFERENCE
2024.01.23 13:00:00,2024-01-23T13:00:00+00:00,2024-01-23T13:00:00+00:00,0,1.08695,1.08695,0.0,1.08721,1.08719,1.999999999990898e-05,1.086,1.086,0.0,1.08664,1.08663,1.0000000000065512e-05,PRICE_FEED_DIFFERENCE
2024.01.23 14:00:00,2024-01-23T14:00:00+00:00,2024-01-23T14:00:00+00:00,0,1.08662,1.08663,-1.0000000000065512e-05,1.08732,1.08732,0.0,1.08603,1.08603,0.0,1.08637,1.08637,0.0,PRICE_FEED_DIFFERENCE
2024.01.23 15:00:00,2024-01-23T15:00:00+00:00,2024-01-23T15:00:00+00:00,0,1.08642,1.08639,2.999999999997449e-05,1.08758,1.08758,0.0,1.08641,1.08639,2.0000000000131024e-05,1.0874,1.0874,0.0,PRICE_FEED_DIFFERENCE
2024.01.23 16:00:00,2024-01-23T16:00:00+00:00,2024-01-23T16:00:00+00:00,0,1.08739,1.08739,0.0,1.0874,1.0874,0.0,1.08484,1.08484,0.0,1.08526,1.08526,0.0,EXACT_MATCH
2024.01.23 17:00:00,2024-01-23T17:00:00+00:00,2024-01-23T17:00:00+00:00,0,1.08527,1.08528,-1.0000000000065512e-05,1.08583,1.08582,1.0000000000065512e-05,1.08215,1.08215,0.0,1.08308,1.08308,0.0,PRICE_FEED_DIFFERENCE
2024.01.23 18:00:00,2024-01-23T18:00:00+00:00,2024-01-23T18:00:00+00:00,0,1.08309,1.0831,-9.999999999843467e-06,1.08394,1.08395,-1.0000000000065512e-05,1.08257,1.08256,1.0000000000065512e-05,1.0828,1.08282,-1.999999999990898e-05,PRICE_FEED_DIFFERENCE
2024.01.23 19:00:00,2024-01-23T19:00:00+00:00,2024-01-23T19:00:00+00:00,0,1.08281,1.08281,0.0,1.08356,1.08357,-9.999999999843467e-06,1.08245,1.08244,9.999999999843467e-06,1.08313,1.08314,-1.0000000000065512e-05,PRICE_FEED_DIFFERENCE
2024.01.23 20:00:00,2024-01-23T20:00:00+00:00,2024-01-23T20:00:00+00:00,0,1.08314,1.08315,-1.0000000000065512e-05,1.08393,1.08393,0.0,1.08302,1.08302,0.0,1.0837,1.0837,0.0,PRICE_FEED_DIFFERENCE
2024.01.23 21:00:00,2024-01-23T21:00:00+00:00,2024-01-23T21:00:00+00:00,0,1.08371,1.08371,0.0,1.08476,1.08477,-1.0000000000065512e-05,1.08358,1.08358,0.0,1.08451,1.08451,0.0,PRICE_FEED_DIFFERENCE
2024.01.23 22:00:00,2024-01-23T22:00:00+00:00,2024-01-23T22:00:00+00:00,0,1.08451,1.08452,-9.999999999843467e-06,1.08502,1.08501,1.0000000000065512e-05,1.08436,1.08435,1.0000000000065512e-05,1.08497,1.08496,1.0000000000065512e-05,PRICE_FEED_DIFFERENCE
2024.01.23 23:00:00,2024-01-23T23:00:00+00:00,2024-01-23T23:00:00+00:00,0,1.08497,1.08498,-1.0000000000065512e-05,1.08559,1.08559,0.0,1.08482,1.08482,0.0,1.08533,1.0853,2.999999999997449e-05,PRICE_FEED_DIFFERENCE
2024.01.24 00:00:00,2024-01-24T00:00:00+00:00,2024-01-24T00:00:00+00:00,0,1.08468,1.08529,-0.0006099999999999994,1.08548,1.08546,1.999999999990898e-05,1.08449,1.08446,2.999999999997449e-05,1.08533,1.08522,0.00010999999999983245,PRICE_FEED_DIFFERENCE
2024.01.24 01:00:00,2024-01-24T01:00:00+00:00,2024-01-24T01:00:00+00:00,0,1.08531,1.08522,8.999999999992347e-05,1.08593,1.08593,0.0,1.0853,1.08522,7.999999999985796e-05,1.08573,1.08572,1.0000000000065512e-05,PRICE_FEED_DIFFERENCE
2024.01.24 02:00:00,2024-01-24T02:00:00+00:00,2024-01-24T02:00:00+00:00,0,1.08574,1.08573,9.999999999843467e-06,1.08597,1.08599,-1.999999999990898e-05,1.08552,1.08552,0.0,1.08559,1.08559,0.0,PRICE_FEED_DIFFERENCE
2024.01.24 03:00:00,2024-01-24T03:00:00+00:00,2024-01-24T03:00:00+00:00,0,1.08559,1.08558,1.0000000000065512e-05,1.08595,1.08593,1.999999999990898e-05,1.08512,1.08514,-1.999999999990898e-05,1.0858,1.08579,1.0000000000065512e-05,PRICE_FEED_DIFFERENCE
2024.01.24 04:00:00,2024-01-24T04:00:00+00:00,2024-01-24T04:00:00+00:00,0,1.08581,1.0858,9.999999999843467e-06,1.08584,1.08584,0.0,1.08532,1.08533,-9.999999999843467e-06,1.0857,1.08569,1.0000000000065512e-05,PRICE_FEED_DIFFERENCE
2024.01.24 05:00:00,2024-01-24T05:00:00+00:00,2024-01-24T05:00:00+00:00,0,1.0857,1.08569,1.0000000000065512e-05,1.08613,1.08614,-1.0000000000065512e-05,1.08565,1.08565,0.0,1.0859,1.08589,1.0000000000065512e-05,PRICE_FEED_DIFFERENCE
2024.01.24 06:00:00,2024-01-24T06:00:00+00:00,2024-01-24T06:00:00+00:00,0,1.08592,1.08592,0.0,1.0866,1.0866,0.0,1.08582,1.08581,1.0000000000065512e-05,1.08646,1.08645,1.0000000000065512e-05,PRICE_FEED_DIFFERENCE
2024.01.24 07:00:00,2024-01-24T07:00:00+00:00,2024-01-24T07:00:00+00:00,0,1.08646,1.08644,1.999999999990898e-05,1.08646,1.08645,1.0000000000065512e-05,1.08592,1.08592,0.0,1.08619,1.08621,-1.999999999990898e-05,PRICE_FEED_DIFFERENCE
2024.01.24 08:00:00,2024-01-24T08:00:00+00:00,2024-01-24T08:00:00+00:00,0,1.08619,1.0862,-1.0000000000065512e-05,1.08665,1.08665,0.0,1.08606,1.08607,-1.0000000000065512e-05,1.08632,1.08633,-1.0000000000065512e-05,PRICE_FEED_DIFFERENCE
2024.01.24 09:00:00,2024-01-24T09:00:00+00:00,2024-01-24T09:00:00+00:00,0,1.0863,1.08633,-2.999999999997449e-05,1.08794,1.08794,0.0,1.08602,1.08602,0.0,1.08736,1.08732,4.0000000000040004e-05,PRICE_FEED_DIFFERENCE
2024.01.24 10:00:00,2024-01-24T10:00:00+00:00,2024-01-24T10:00:00+00:00,0,1.08734,1.08733,1.0000000000065512e-05,1.08799,1.08801,-1.999999999990898e-05,1.08624,1.08625,-9.999999999843467e-06,1.08698,1.08696,2.0000000000131024e-05,PRICE_FEED_DIFFERENCE
2024.01.24 11:00:00,2024-01-24T11:00:00+00:00,2024-01-24T11:00:00+00:00,0,1.08704,1.08701,2.999999999997449e-05,1.09076,1.09077,-1.0000000000065512e-05,1.08695,1.08695,0.0,1.09028,1.09027,9.999999999843467e-06,PRICE_FEED_DIFFERENCE
2024.01.24 12:00:00,2024-01-24T12:00:00+00:00,2024-01-24T12:00:00+00:00,0,1.09027,1.09027,0.0,1.09048,1.09048,0.0,1.08933,1.08931,1.999999999990898e-05,1.08976,1.08977,-9.999999999843467e-06,PRICE_FEED_DIFFERENCE
2024.01.24 13:00:00,2024-01-24T13:00:00+00:00,2024-01-24T13:00:00+00:00,0,1.08976,1.08976,0.0,1.09015,1.09014,9.999999999843467e-06,1.08907,1.08909,-1.999999999990898e-05,1.08926,1.08927,-1.0000000000065512e-05,PRICE_FEED_DIFFERENCE
2024.01.24 14:00:00,2024-01-24T14:00:00+00:00,2024-01-24T14:00:00+00:00,0,1.08926,1.08928,-2.0000000000131024e-05,1.08992,1.08991,1.0000000000065512e-05,1.08873,1.08874,-1.0000000000065512e-05,1.08947,1.08948,-1.0000000000065512e-05,PRICE_FEED_DIFFERENCE
2024.01.24 15:00:00,2024-01-24T15:00:00+00:00,2024-01-24T15:00:00+00:00,0,1.08946,1.08948,-1.999999999990898e-05,1.09271,1.09271,0.0,1.08934,1.08935,-1.0000000000065512e-05,1.0925,1.09249,1.0000000000065512e-05,PRICE_FEED_DIFFERENCE
2024.01.24 16:00:00,2024-01-24T16:00:00+00:00,2024-01-24T16:00:00+00:00,0,1.09246,1.09249,-2.999999999997449e-05,1.09324,1.09323,1.0000000000065512e-05,1.09014,1.09016,-1.999999999990898e-05,1.09032,1.09032,0.0,PRICE_FEED_DIFFERENCE
2024.01.24 17:00:00,2024-01-24T17:00:00+00:00,2024-01-24T17:00:00+00:00,0,1.09033,1.09033,0.0,1.09075,1.09075,0.0,1.08932,1.08932,0.0,1.09008,1.09007,9.999999999843467e-06,PRICE_FEED_DIFFERENCE
2024.01.24 18:00:00,2024-01-24T18:00:00+00:00,2024-01-24T18:00:00+00:00,0,1.09008,1.09007,9.999999999843467e-06,1.09052,1.09053,-1.0000000000065512e-05,1.08904,1.08904,0.0,1.09005,1.09005,0.0,PRICE_FEED_DIFFERENCE
2024.01.24 19:00:00,2024-01-24T19:00:00+00:00,2024-01-24T19:00:00+00:00,0,1.09002,1.09003,-1.0000000000065512e-05,1.09086,1.09086,0.0,1.08953,1.08954,-9.999999999843467e-06,1.09052,1.09052,0.0,PRICE_FEED_DIFFERENCE
2024.01.24 20:00:00,2024-01-24T20:00:00+00:00,2024-01-24T20:00:00+00:00,0,1.0905,1.09052,-1.999999999990898e-05,1.09059,1.0906,-1.0000000000065512e-05,1.08902,1.08903,-9.999999999843467e-06,1.08927,1.08927,0.0,PRICE_FEED_DIFFERENCE
2024.01.24 21:00:00,2024-01-24T21:00:00+00:00,2024-01-24T21:00:00+00:00,0,1.08925,1.08925,0.0,1.08932,1.08932,0.0,1.08813,1.08813,0.0,1.08884,1.08883,1.0000000000065512e-05,PRICE_FEED_DIFFERENCE
2024.01.24 22:00:00,2024-01-24T22:00:00+00:00,2024-01-24T22:00:00+00:00,0,1.08884,1.08882,2.0000000000131024e-05,1.08905,1.08905,0.0,1.08791,1.08791,0.0,1.08799,1.088,-1.0000000000065512e-05,PRICE_FEED_DIFFERENCE
2024.01.24 23:00:00,2024-01-24T23:00:00+00:00,2024-01-24T23:00:00+00:00,0,1.08797,1.08799,-1.999999999990898e-05,1.08847,1.08852,-4.999999999988347e-05,1.08775,1.08776,-1.0000000000065512e-05,1.08846,1.08844,1.999999999990898e-05,PRICE_FEED_DIFFERENCE
2024.01.25 00:00:00,2024-01-25T00:00:00+00:00,2024-01-25T00:00:00+00:00,0,1.08841,1.08843,-1.999999999990898e-05,1.08863,1.08861,1.999999999990898e-05,1.08812,1.08811,1.0000000000065512e-05,1.08848,1.08851,-3.0000000000196536e-05,PRICE_FEED_DIFFERENCE
2024.01.25 01:00:00,2024-01-25T01:00:00+00:00,2024-01-25T01:00:00+00:00,0,1.08846,1.08851,-5.0000000000105516e-05,1.08865,1.08861,3.999999999981796e-05,1.08809,1.0881,-1.0000000000065512e-05,1.0881,1.0881,0.0,PRICE_FEED_DIFFERENCE
2024.01.25 02:00:00,2024-01-25T02:00:00+00:00,2024-01-25T02:00:00+00:00,0,1.08811,1.08811,0.0,1.08812,1.08812,0.0,1.08726,1.08722,3.999999999981796e-05,1.08744,1.08742,1.999999999990898e-05,PRICE_FEED_DIFFERENCE
2024.01.25 03:00:00,2024-01-25T03:00:00+00:00,2024-01-25T03:00:00+00:00,0,1.08723,1.08742,-0.0001900000000001345,1.08787,1.08786,9.999999999843467e-06,1.08702,1.08702,0.0,1.08775,1.08775,0.0,PRICE_FEED_DIFFERENCE
2024.01.25 04:00:00,2024-01-25T04:00:00+00:00,2024-01-25T04:00:00+00:00,0,1.08776,1.08777,-9.999999999843467e-06,1.08799,1.08798,1.0000000000065512e-05,1.08748,1.08749,-1.0000000000065512e-05,1.08772,1.08772,0.0,PRICE_FEED_DIFFERENCE
2024.01.25 05:00:00,2024-01-25T05:00:00+00:00,2024-01-25T05:00:00+00:00,0,1.08771,1.08772,-1.0000000000065512e-05,1.08818,1.08818,0.0,1.08771,1.08772,-1.0000000000065512e-05,1.08778,1.08778,0.0,PRICE_FEED_DIFFERENCE
2024.01.25 06:00:00,2024-01-25T06:00:00+00:00,2024-01-25T06:00:00+00:00,0,1.08777,1.08777,0.0,1.08813,1.08812,1.0000000000065512e-05,1.08744,1.08744,0.0,1.08757,1.08754,2.999999999997449e-05,PRICE_FEED_DIFFERENCE
2024.01.25 07:00:00,2024-01-25T07:00:00+00:00,2024-01-25T07:00:00+00:00,0,1.08756,1.08754,2.0000000000131024e-05,1.08789,1.08788,1.0000000000065512e-05,1.08747,1.08748,-1.0000000000065512e-05,1.08782,1.08781,1.0000000000065512e-05,PRICE_FEED_DIFFERENCE
2024.01.25 08:00:00,2024-01-25T08:00:00+00:00,2024-01-25T08:00:00+00:00,0,1.08783,1.08781,2.0000000000131024e-05,1.08865,1.08865,0.0,1.08756,1.08757,-9.999999999843467e-06,1.08862,1.0886,1.999999999990898e-05,PRICE_FEED_DIFFERENCE
2024.01.25 09:00:00,2024-01-25T09:00:00+00:00,2024-01-25T09:00:00+00:00,0,1.0886,1.0886,0.0,1.08914,1.08913,1.0000000000065512e-05,1.0884,1.0884,0.0,1.08878,1.08878,0.0,PRICE_FEED_DIFFERENCE
2024.01.25 10:00:00,2024-01-25T10:00:00+00:00,2024-01-25T10:00:00+00:00,0,1.08879,1.08877,1.999999999990898e-05,1.08995,1.08996,-1.0000000000065512e-05,1.08829,1.08828,1.0000000000065512e-05,1.08988,1.08988,0.0,PRICE_FEED_DIFFERENCE
2024.01.25 11:00:00,2024-01-25T11:00:00+00:00,2024-01-25T11:00:00+00:00,0,1.08989,1.08988,1.0000000000065512e-05,1.08997,1.08996,1.0000000000065512e-05,1.08916,1.08917,-1.0000000000065512e-05,1.08958,1.08959,-1.0000000000065512e-05,PRICE_FEED_DIFFERENCE
2024.01.25 12:00:00,2024-01-25T12:00:00+00:00,2024-01-25T12:00:00+00:00,0,1.08959,1.08958,1.0000000000065512e-05,1.08987,1.08987,0.0,1.08918,1.08919,-1.0000000000065512e-05,1.08928,1.08929,-1.0000000000065512e-05,PRICE_FEED_DIFFERENCE
2024.01.25 13:00:00,2024-01-25T13:00:00+00:00,2024-01-25T13:00:00+00:00,0,1.08929,1.0893,-9.999999999843467e-06,1.08953,1.08951,2.0000000000131024e-05,1.08866,1.08866,0.0,1.08947,1.08948,-1.0000000000065512e-05,PRICE_FEED_DIFFERENCE
2024.01.25 14:00:00,2024-01-25T14:00:00+00:00,2024-01-25T14:00:00+00:00,0,1.0895,1.08949,9.999999999843467e-06,1.08957,1.08956,9.999999999843467e-06,1.08857,1.08856,1.0000000000065512e-05,1.08881,1.08881,0.0,PRICE_FEED_DIFFERENCE
2024.01.25 15:00:00,2024-01-25T15:00:00+00:00,2024-01-25T15:00:00+00:00,0,1.08883,1.08882,1.0000000000065512e-05,1.09017,1.09018,-9.999999999843467e-06,1.08668,1.08668,0.0,1.08788,1.08792,-4.0000000000040004e-05,PRICE_FEED_DIFFERENCE
2024.01.25 16:00:00,2024-01-25T16:00:00+00:00,2024-01-25T16:00:00+00:00,0,1.08791,1.08792,-1.0000000000065512e-05,1.08791,1.08792,-1.0000000000065512e-05,1.08528,1.0853,-1.999999999990898e-05,1.08603,1.086,2.999999999997449e-05,PRICE_FEED_DIFFERENCE
2024.01.25 17:00:00,2024-01-25T17:00:00+00:00,2024-01-25T17:00:00+00:00,0,1.08603,1.086,2.999999999997449e-05,1.08613,1.08613,0.0,1.08291,1.08293,-1.999999999990898e-05,1.08317,1.08317,0.0,PRICE_FEED_DIFFERENCE
2024.01.25 18:00:00,2024-01-25T18:00:00+00:00,2024-01-25T18:00:00+00:00,0,1.08317,1.08316,1.0000000000065512e-05,1.08397,1.08396,1.0000000000065512e-05,1.0824,1.08242,-1.999999999990898e-05,1.08362,1.08362,0.0,PRICE_FEED_DIFFERENCE
2024.01.25 19:00:00,2024-01-25T19:00:00+00:00,2024-01-25T19:00:00+00:00,0,1.08362,1.08363,-1.0000000000065512e-05,1.08518,1.08519,-1.0000000000065512e-05,1.08312,1.08312,0.0,1.08374,1.08375,-1.0000000000065512e-05,PRICE_FEED_DIFFERENCE
2024.01.25 20:00:00,2024-01-25T20:00:00+00:00,2024-01-25T20:00:00+00:00,0,1.08375,1.08375,0.0,1.08466,1.08467,-1.0000000000065512e-05,1.08298,1.083,-1.999999999990898e-05,1.083,1.08301,-1.0000000000065512e-05,PRICE_FEED_DIFFERENCE
2024.01.25 21:00:00,2024-01-25T21:00:00+00:00,2024-01-25T21:00:00+00:00,0,1.083,1.08301,-1.0000000000065512e-05,1.08363,1.08376,-0.00012999999999996348,1.08215,1.08216,-1.0000000000065512e-05,1.08359,1.08359,0.0,PRICE_FEED_DIFFERENCE
2024.01.25 22:00:00,2024-01-25T22:00:00+00:00,2024-01-25T22:00:00+00:00,0,1.08358,1.08358,0.0,1.08404,1.08404,0.0,1.08333,1.08334,-1.0000000000065512e-05,1.08396,1.08397,-1.0000000000065512e-05,PRICE_FEED_DIFFERENCE
2024.01.25 23:00:00,2024-01-25T23:00:00+00:00,2024-01-25T23:00:00+00:00,0,1.08397,1.08398,-9.999999999843467e-06,1.0848,1.08479,1.0000000000065512e-05,1.0839,1.0839,0.0,1.08473,1.0846,0.00012999999999996348,PRICE_FEED_DIFFERENCE
2024.01.26 00:00:00,2024-01-26T00:00:00+00:00,2024-01-26T00:00:00+00:00,0,1.08422,1.08449,-0.00026999999999999247,1.08472,1.08477,-5.0000000000105516e-05,1.08407,1.08436,-0.00028999999999990145,1.08465,1.08464,9.999999999843467e-06,PRICE_FEED_DIFFERENCE
2024.01.26 01:00:00,2024-01-26T01:00:00+00:00,2024-01-26T01:00:00+00:00,0,1.08469,1.08462,7.00000000000145e-05,1.08476,1.08475,9.999999999843467e-06,1.08427,1.08426,1.0000000000065512e-05,1.08455,1.08454,9.999999999843467e-06,PRICE_FEED_DIFFERENCE
2024.01.26 02:00:00,2024-01-26T02:00:00+00:00,2024-01-26T02:00:00+00:00,0,1.08454,1.08455,-9.999999999843467e-06,1.08459,1.08459,0.0,1.08374,1.08373,9.999999999843467e-06,1.08397,1.08398,-9.999999999843467e-06,PRICE_FEED_DIFFERENCE
2024.01.26 03:00:00,2024-01-26T03:00:00+00:00,2024-01-26T03:00:00+00:00,0,1.08398,1.08399,-1.0000000000065512e-05,1.08467,1.08466,1.0000000000065512e-05,1.08389,1.08391,-1.999999999990898e-05,1.08448,1.08443,5.0000000000105516e-05,PRICE_FEED_DIFFERENCE
2024.01.26 04:00:00,2024-01-26T04:00:00+00:00,2024-01-26T04:00:00+00:00,0,1.0844,1.08444,-4.0000000000040004e-05,1.08489,1.08488,9.999999999843467e-06,1.08438,1.08438,0.0,1.08441,1.08441,0.0,PRICE_FEED_DIFFERENCE
2024.01.26 05:00:00,2024-01-26T05:00:00+00:00,2024-01-26T05:00:00+00:00,0,1.08441,1.08441,0.0,1.08475,1.08475,0.0,1.08438,1.0844,-2.0000000000131024e-05,1.08451,1.08449,2.0000000000131024e-05,PRICE_FEED_DIFFERENCE
2024.01.26 06:00:00,2024-01-26T06:00:00+00:00,2024-01-26T06:00:00+00:00,0,1.0845,1.08449,1.0000000000065512e-05,1.08451,1.08449,2.0000000000131024e-05,1.08378,1.08379,-1.0000000000065512e-05,1.08396,1.08395,1.0000000000065512e-05,PRICE_FEED_DIFFERENCE
2024.01.26 07:00:00,2024-01-26T07:00:00+00:00,2024-01-26T07:00:00+00:00,0,1.08394,1.08395,-1.0000000000065512e-05,1.08437,1.08437,0.0,1.08383,1.08383,0.0,1.08424,1.08424,0.0,PRICE_FEED_DIFFERENCE
2024.01.26 08:00:00,2024-01-26T08:00:00+00:00,2024-01-26T08:00:00+00:00,0,1.08424,1.08423,1.0000000000065512e-05,1.08426,1.08427,-1.0000000000065512e-05,1.08285,1.08285,0.0,1.08292,1.08293,-9.999999999843467e-06,PRICE_FEED_DIFFERENCE
2024.01.26 09:00:00,2024-01-26T09:00:00+00:00,2024-01-26T09:00:00+00:00,0,1.08288,1.08292,-4.0000000000040004e-05,1.08304,1.08303,1.0000000000065512e-05,1.08128,1.08128,0.0,1.08194,1.08194,0.0,PRICE_FEED_DIFFERENCE
2024.01.26 10:00:00,2024-01-26T10:00:00+00:00,2024-01-26T10:00:00+00:00,0,1.08193,1.08193,0.0,1.0842,1.08421,-9.999999999843467e-06,1.08173,1.08173,0.0,1.084,1.08402,-1.999999999990898e-05,PRICE_FEED_DIFFERENCE
2024.01.26 11:00:00,2024-01-26T11:00:00+00:00,2024-01-26T11:00:00+00:00,0,1.08401,1.08403,-2.0000000000131024e-05,1.08505,1.08505,0.0,1.0834,1.08341,-1.0000000000065512e-05,1.08441,1.08441,0.0,PRICE_FEED_DIFFERENCE
2024.01.26 12:00:00,2024-01-26T12:00:00+00:00,2024-01-26T12:00:00+00:00,0,1.08442,1.08443,-1.0000000000065512e-05,1.08662,1.08662,0.0,1.08442,1.08442,0.0,1.08647,1.08647,0.0,PRICE_FEED_DIFFERENCE
2024.01.26 13:00:00,2024-01-26T13:00:00+00:00,2024-01-26T13:00:00+00:00,0,1.08648,1.08648,0.0,1.08761,1.08761,0.0,1.08643,1.08642,1.0000000000065512e-05,1.08745,1.08745,0.0,PRICE_FEED_DIFFERENCE
2024.01.26 14:00:00,2024-01-26T14:00:00+00:00,2024-01-26T14:00:00+00:00,0,1.08745,1.08745,0.0,1.08757,1.08757,0.0,1.08656,1.08656,0.0,1.08673,1.08673,0.0,EXACT_MATCH
2024.01.26 15:00:00,2024-01-26T15:00:00+00:00,2024-01-26T15:00:00+00:00,0,1.08674,1.08674,0.0,1.08855,1.08854,9.999999999843467e-06,1.08562,1.08563,-1.0000000000065512e-05,1.08733,1.08719,0.00013999999999980695,PRICE_FEED_DIFFERENCE
2024.01.26 16:00:00,2024-01-26T16:00:00+00:00,2024-01-26T16:00:00+00:00,0,1.08714,1.08718,-4.0000000000040004e-05,1.08803,1.08802,1.0000000000065512e-05,1.08609,1.08609,0.0,1.08738,1.08739,-1.0000000000065512e-05,PRICE_FEED_DIFFERENCE
2024.01.26 17:00:00,2024-01-26T17:00:00+00:00,2024-01-26T17:00:00+00:00,0,1.08734,1.08739,-5.0000000000105516e-05,1.08734,1.08739,-5.0000000000105516e-05,1.08551,1.0855,1.0000000000065512e-05,1.0864,1.08641,-1.0000000000065512e-05,PRICE_FEED_DIFFERENCE
2024.01.26 18:00:00,2024-01-26T18:00:00+00:00,2024-01-26T18:00:00+00:00,0,1.08638,1.0864,-2.0000000000131024e-05,1.08694,1.08694,0.0,1.08588,1.08589,-1.0000000000065512e-05,1.0865,1.08649,1.0000000000065512e-05,PRICE_FEED_DIFFERENCE
2024.01.26 19:00:00,2024-01-26T19:00:00+00:00,2024-01-26T19:00:00+00:00,0,1.08648,1.08649,-1.0000000000065512e-05,1.08704,1.08704,0.0,1.08591,1.08591,0.0,1.08637,1.08636,1.0000000000065512e-05,PRICE_FEED_DIFFERENCE
2024.01.26 20:00:00,2024-01-26T20:00:00+00:00,2024-01-26T20:00:00+00:00,0,1.08636,1.08636,0.0,1.08659,1.08658,9.999999999843467e-06,1.08537,1.08537,0.0,1.08558,1.08556,1.999999999990898e-05,PRICE_FEED_DIFFERENCE
2024.01.26 21:00:00,2024-01-26T21:00:00+00:00,2024-01-26T21:00:00+00:00,0,1.08557,1.08556,9.999999999843467e-06,1.08617,1.08616,1.0000000000065512e-05,1.08552,1.08552,0.0,1.08581,1.08581,0.0,PRICE_FEED_DIFFERENCE
2024.01.26 22:00:00,2024-01-26T22:00:00+00:00,2024-01-26T22:00:00+00:00,0,1.08584,1.08582,1.999999999990898e-05,1.08621,1.08622,-1.0000000000065512e-05,1.08532,1.08532,0.0,1.08543,1.08545,-2.0000000000131024e-05,PRICE_FEED_DIFFERENCE
2024.01.26 23:00:00,2024-01-26T23:00:00+00:00,2024-01-26T23:00:00+00:00,0,1.08542,1.08544,-1.999999999990898e-05,1.08567,1.08568,-1.0000000000065512e-05,1.08519,1.08502,0.00017000000000000348,1.08528,1.08504,0.00024000000000001798,PRICE_FEED_DIFFERENCE
2024.01.29 00:00:00,2024-01-29T00:00:00+00:00,2024-01-29T00:00:00+00:00,0,1.08432,1.08468,-0.000360000000000138,1.08466,1.08484,-0.000180000000000069,1.0841,1.08414,-4.0000000000040004e-05,1.08429,1.08451,-0.000220000000000109,PRICE_FEED_DIFFERENCE
2024.01.29 01:00:00,2024-01-29T01:00:00+00:00,2024-01-29T01:00:00+00:00,0,1.08443,1.08451,-8.000000000008001e-05,1.08491,1.0849,1.0000000000065512e-05,1.08417,1.08418,-9.999999999843467e-06,1.08423,1.08422,1.0000000000065512e-05,PRICE_FEED_DIFFERENCE
2024.01.29 02:00:00,2024-01-29T02:00:00+00:00,2024-01-29T02:00:00+00:00,0,1.08424,1.08423,1.0000000000065512e-05,1.0845,1.0845,0.0,1.08413,1.08413,0.0,1.08449,1.08448,9.999999999843467e-06,PRICE_FEED_DIFFERENCE
2024.01.29 03:00:00,2024-01-29T03:00:00+00:00,2024-01-29T03:00:00+00:00,0,1.08448,1.08448,0.0,1.08489,1.08489,0.0,1.08434,1.08433,1.0000000000065512e-05,1.08439,1.08439,0.0,PRICE_FEED_DIFFERENCE
2024.01.29 04:00:00,2024-01-29T04:00:00+00:00,2024-01-29T04:00:00+00:00,0,1.0844,1.08439,1.0000000000065512e-05,1.08452,1.08451,9.999999999843467e-06,1.08393,1.08393,0.0,1.08434,1.08435,-9.999999999843467e-06,PRICE_FEED_DIFFERENCE
2024.01.29 05:00:00,2024-01-29T05:00:00+00:00,2024-01-29T05:00:00+00:00,0,1.08436,1.08435,1.0000000000065512e-05,1.08466,1.08466,0.0,1.08424,1.08424,0.0,1.08451,1.08451,0.0,PRICE_FEED_DIFFERENCE
2024.01.29 06:00:00,2024-01-29T06:00:00+00:00,2024-01-29T06:00:00+00:00,0,1.08452,1.08452,0.0,1.08476,1.08476,0.0,1.08438,1.08437,9.999999999843467e-06,1.08446,1.08448,-2.0000000000131024e-05,PRICE_FEED_DIFFERENCE
2024.01.29 07:00:00,2024-01-29T07:00:00+00:00,2024-01-29T07:00:00+00:00,0,1.08445,1.08446,-1.0000000000065512e-05,1.08451,1.08449,2.0000000000131024e-05,1.08395,1.08395,0.0,1.08399,1.08399,0.0,PRICE_FEED_DIFFERENCE
2024.01.29 08:00:00,2024-01-29T08:00:00+00:00,2024-01-29T08:00:00+00:00,0,1.084,1.084,0.0,1.08472,1.08472,0.0,1.08392,1.08392,0.0,1.08465,1.08465,0.0,EXACT_MATCH
2024.01.29 09:00:00,2024-01-29T09:00:00+00:00,2024-01-29T09:00:00+00:00,0,1.08464,1.08464,0.0,1.085,1.085,0.0,1.08349,1.08349,0.0,1.08371,1.08371,0.0,EXACT_MATCH
2024.01.29 10:00:00,2024-01-29T10:00:00+00:00,2024-01-29T10:00:00+00:00,0,1.08371,1.0837,9.999999999843467e-06,1.08419,1.08418,1.0000000000065512e-05,1.0833,1.08331,-1.0000000000065512e-05,1.08347,1.08346,9.999999999843467e-06,PRICE_FEED_DIFFERENCE
2024.01.29 11:00:00,2024-01-29T11:00:00+00:00,2024-01-29T11:00:00+00:00,0,1.08346,1.08345,1.0000000000065512e-05,1.08355,1.08356,-1.0000000000065512e-05,1.0823,1.08231,-1.0000000000065512e-05,1.08251,1.08251,0.0,PRICE_FEED_DIFFERENCE
2024.01.29 12:00:00,2024-01-29T12:00:00+00:00,2024-01-29T12:00:00+00:00,0,1.08252,1.08248,3.999999999981796e-05,1.08253,1.08253,0.0,1.08139,1.08139,0.0,1.0819,1.08189,1.0000000000065512e-05,PRICE_FEED_DIFFERENCE
2024.01.29 13:00:00,2024-01-29T13:00:00+00:00,2024-01-29T13:00:00+00:00,0,1.0819,1.0819,0.0,1.08271,1.0827,1.0000000000065512e-05,1.08163,1.08163,0.0,1.08229,1.08228,1.0000000000065512e-05,PRICE_FEED_DIFFERENCE
2024.01.29 14:00:00,2024-01-29T14:00:00+00:00,2024-01-29T14:00:00+00:00,0,1.0823,1.08228,2.0000000000131024e-05,1.08368,1.08368,0.0,1.08203,1.08203,0.0,1.0822,1.08219,1.0000000000065512e-05,PRICE_FEED_DIFFERENCE
2024.01.29 15:00:00,2024-01-29T15:00:00+00:00,2024-01-29T15:00:00+00:00,0,1.08221,1.0822,9.999999999843467e-06,1.08245,1.08243,1.999999999990898e-05,1.08138,1.08138,0.0,1.08204,1.08203,9.999999999843467e-06,PRICE_FEED_DIFFERENCE
2024.01.29 16:00:00,2024-01-29T16:00:00+00:00,2024-01-29T16:00:00+00:00,0,1.08203,1.08201,2.0000000000131024e-05,1.08226,1.08226,0.0,1.08041,1.08042,-9.999999999843467e-06,1.08069,1.0807,-1.0000000000065512e-05,PRICE_FEED_DIFFERENCE
2024.01.29 17:00:00,2024-01-29T17:00:00+00:00,2024-01-29T17:00:00+00:00,0,1.0807,1.08068,1.999999999990898e-05,1.08106,1.08106,0.0,1.07959,1.07962,-2.999999999997449e-05,1.07973,1.07972,1.0000000000065512e-05,PRICE_FEED_DIFFERENCE
2024.01.29 18:00:00,2024-01-29T18:00:00+00:00,2024-01-29T18:00:00+00:00,0,1.07973,1.07974,-9.999999999843467e-06,1.08087,1.08087,0.0,1.07959,1.07958,1.0000000000065512e-05,1.0806,1.08059,1.0000000000065512e-05,PRICE_FEED_DIFFERENCE
2024.01.29 19:00:00,2024-01-29T19:00:00+00:00,2024-01-29T19:00:00+00:00,0,1.08059,1.08058,9.999999999843467e-06,1.08162,1.0816,2.0000000000131024e-05,1.08055,1.08055,0.0,1.08117,1.08116,1.0000000000065512e-05,PRICE_FEED_DIFFERENCE
2024.01.29 20:00:00,2024-01-29T20:00:00+00:00,2024-01-29T20:00:00+00:00,0,1.08118,1.08117,1.0000000000065512e-05,1.08133,1.08131,1.999999999990898e-05,1.08093,1.08092,9.999999999843467e-06,1.08114,1.08114,0.0,PRICE_FEED_DIFFERENCE
2024.01.29 21:00:00,2024-01-29T21:00:00+00:00,2024-01-29T21:00:00+00:00,0,1.08115,1.08114,1.0000000000065512e-05,1.08199,1.08199,0.0,1.081,1.08099,1.0000000000065512e-05,1.08186,1.08189,-2.999999999997449e-05,PRICE_FEED_DIFFERENCE
2024.01.29 22:00:00,2024-01-29T22:00:00+00:00,2024-01-29T22:00:00+00:00,0,1.08188,1.08189,-1.0000000000065512e-05,1.08403,1.08404,-9.999999999843467e-06,1.08188,1.08189,-1.0000000000065512e-05,1.08311,1.08311,0.0,PRICE_FEED_DIFFERENCE
2024.01.29 23:00:00,2024-01-29T23:00:00+00:00,2024-01-29T23:00:00+00:00,0,1.08311,1.08311,0.0,1.08349,1.08348,1.0000000000065512e-05,1.08266,1.08267,-1.0000000000065512e-05,1.08342,1.08323,0.0001900000000001345,PRICE_FEED_DIFFERENCE
2024.01.30 00:00:00,2024-01-30T00:00:00+00:00,2024-01-30T00:00:00+00:00,0,1.08318,1.08307,0.0001100000000000545,1.08336,1.08336,0.0,1.08287,1.08299,-0.00011999999999989797,1.08335,1.08325,9.999999999998899e-05,PRICE_FEED_DIFFERENCE
2024.01.30 01:00:00,2024-01-30T01:00:00+00:00,2024-01-30T01:00:00+00:00,0,1.0834,1.08325,0.00014999999999987246,1.08369,1.08368,1.0000000000065512e-05,1.08331,1.08325,5.999999999994898e-05,1.08335,1.08336,-1.0000000000065512e-05,PRICE_FEED_DIFFERENCE
2024.01.30 02:00:00,2024-01-30T02:00:00+00:00,2024-01-30T02:00:00+00:00,0,1.08337,1.08336,9.999999999843467e-06,1.0842,1.08422,-1.999999999990898e-05,1.08336,1.08336,0.0,1.0841,1.08408,2.0000000000131024e-05,PRICE_FEED_DIFFERENCE
2024.01.30 03:00:00,2024-01-30T03:00:00+00:00,2024-01-30T03:00:00+00:00,0,1.08408,1.08407,9.999999999843467e-06,1.08408,1.08407,9.999999999843467e-06,1.08324,1.08324,0.0,1.08348,1.08349,-1.0000000000065512e-05,PRICE_FEED_DIFFERENCE
2024.01.30 04:00:00,2024-01-30T04:00:00+00:00,2024-01-30T04:00:00+00:00,0,1.08347,1.08348,-1.0000000000065512e-05,1.08361,1.0836,1.0000000000065512e-05,1.08298,1.08299,-9.999999999843467e-06,1.08339,1.0834,-9.999999999843467e-06,PRICE_FEED_DIFFERENCE
2024.01.30 05:00:00,2024-01-30T05:00:00+00:00,2024-01-30T05:00:00+00:00,0,1.08338,1.08339,-1.0000000000065512e-05,1.08345,1.08344,1.0000000000065512e-05,1.08302,1.08302,0.0,1.08307,1.08305,1.999999999990898e-05,PRICE_FEED_DIFFERENCE
2024.01.30 06:00:00,2024-01-30T06:00:00+00:00,2024-01-30T06:00:00+00:00,0,1.08305,1.08307,-1.999999999990898e-05,1.08336,1.08335,1.0000000000065512e-05,1.0824,1.08241,-1.0000000000065512e-05,1.08252,1.08253,-1.0000000000065512e-05,PRICE_FEED_DIFFERENCE
2024.01.30 07:00:00,2024-01-30T07:00:00+00:00,2024-01-30T07:00:00+00:00,0,1.08253,1.08251,1.999999999990898e-05,1.0829,1.0829,0.0,1.08218,1.08218,0.0,1.08224,1.08224,0.0,PRICE_FEED_DIFFERENCE
2024.01.30 08:00:00,2024-01-30T08:00:00+00:00,2024-01-30T08:00:00+00:00,0,1.08225,1.08225,0.0,1.08259,1.08259,0.0,1.08138,1.08139,-1.0000000000065512e-05,1.08148,1.0815,-1.999999999990898e-05,PRICE_FEED_DIFFERENCE
2024.01.30 09:00:00,2024-01-30T09:00:00+00:00,2024-01-30T09:00:00+00:00,0,1.08149,1.08149,0.0,1.08243,1.08242,1.0000000000065512e-05,1.08119,1.08119,0.0,1.08228,1.08227,9.999999999843467e-06,PRICE_FEED_DIFFERENCE
2024.01.30 10:00:00,2024-01-30T10:00:00+00:00,2024-01-30T10:00:00+00:00,0,1.08227,1.08228,-9.999999999843467e-06,1.0832,1.08321,-1.0000000000065512e-05,1.08163,1.08162,1.0000000000065512e-05,1.08218,1.08219,-1.0000000000065512e-05,PRICE_FEED_DIFFERENCE
2024.01.30 11:00:00,2024-01-30T11:00:00+00:00,2024-01-30T11:00:00+00:00,0,1.08217,1.08219,-1.999999999990898e-05,1.08293,1.08293,0.0,1.08177,1.08177,0.0,1.08268,1.08269,-9.999999999843467e-06,PRICE_FEED_DIFFERENCE
2024.01.30 12:00:00,2024-01-30T12:00:00+00:00,2024-01-30T12:00:00+00:00,0,1.08268,1.08268,0.0,1.08405,1.08404,1.0000000000065512e-05,1.0823,1.0823,0.0,1.08383,1.08382,1.0000000000065512e-05,PRICE_FEED_DIFFERENCE
2024.01.30 13:00:00,2024-01-30T13:00:00+00:00,2024-01-30T13:00:00+00:00,0,1.08382,1.08385,-2.999999999997449e-05,1.08481,1.08481,0.0,1.08369,1.08371,-1.999999999990898e-05,1.08419,1.08419,0.0,PRICE_FEED_DIFFERENCE
2024.01.30 14:00:00,2024-01-30T14:00:00+00:00,2024-01-30T14:00:00+00:00,0,1.08417,1.08418,-9.999999999843467e-06,1.08498,1.08499,-9.999999999843467e-06,1.08365,1.08366,-1.0000000000065512e-05,1.08476,1.08476,0.0,PRICE_FEED_DIFFERENCE
2024.01.30 15:00:00,2024-01-30T15:00:00+00:00,2024-01-30T15:00:00+00:00,0,1.08476,1.08476,0.0,1.08486,1.08485,9.999999999843467e-06,1.08339,1.0834,-9.999999999843467e-06,1.08345,1.08345,0.0,PRICE_FEED_DIFFERENCE
2024.01.30 16:00:00,2024-01-30T16:00:00+00:00,2024-01-30T16:00:00+00:00,0,1.08344,1.08345,-1.0000000000065512e-05,1.08572,1.08573,-1.0000000000065512e-05,1.08294,1.08296,-1.999999999990898e-05,1.08499,1.08501,-2.0000000000131024e-05,PRICE_FEED_DIFFERENCE
2024.01.30 17:00:00,2024-01-30T17:00:00+00:00,2024-01-30T17:00:00+00:00,0,1.08499,1.085,-1.0000000000065512e-05,1.08558,1.08562,-4.0000000000040004e-05,1.0828,1.08281,-1.0000000000065512e-05,1.0837,1.08369,1.0000000000065512e-05,PRICE_FEED_DIFFERENCE
2024.01.30 18:00:00,2024-01-30T18:00:00+00:00,2024-01-30T18:00:00+00:00,0,1.0837,1.08368,2.0000000000131024e-05,1.08442,1.08441,9.999999999843467e-06,1.08343,1.08343,0.0,1.08431,1.0843,1.0000000000065512e-05,PRICE_FEED_DIFFERENCE
2024.01.30 19:00:00,2024-01-30T19:00:00+00:00,2024-01-30T19:00:00+00:00,0,1.0843,1.0843,0.0,1.08473,1.08471,1.999999999990898e-05,1.08366,1.08367,-9.999999999843467e-06,1.08388,1.08388,0.0,PRICE_FEED_DIFFERENCE
2024.01.30 20:00:00,2024-01-30T20:00:00+00:00,2024-01-30T20:00:00+00:00,0,1.08387,1.08388,-1.0000000000065512e-05,1.08387,1.08388,-1.0000000000065512e-05,1.08315,1.08315,0.0,1.08358,1.08358,0.0,PRICE_FEED_DIFFERENCE
2024.01.30 21:00:00,2024-01-30T21:00:00+00:00,2024-01-30T21:00:00+00:00,0,1.08355,1.08357,-1.999999999990898e-05,1.08471,1.08471,0.0,1.08355,1.08356,-1.0000000000065512e-05,1.08459,1.08459,0.0,PRICE_FEED_DIFFERENCE
2024.01.30 22:00:00,2024-01-30T22:00:00+00:00,2024-01-30T22:00:00+00:00,0,1.0846,1.0846,0.0,1.08485,1.08485,0.0,1.08408,1.08408,0.0,1.08447,1.08446,1.0000000000065512e-05,PRICE_FEED_DIFFERENCE
2024.01.30 23:00:00,2024-01-30T23:00:00+00:00,2024-01-30T23:00:00+00:00,0,1.08446,1.08447,-1.0000000000065512e-05,1.08469,1.0847,-1.0000000000065512e-05,1.08424,1.08425,-9.999999999843467e-06,1.08454,1.08447,7.00000000000145e-05,PRICE_FEED_DIFFERENCE
2024.01.31 00:00:00,2024-01-31T00:00:00+00:00,2024-01-31T00:00:00+00:00,0,1.08402,1.08446,-0.00043999999999999595,1.08443,1.0845,-7.00000000000145e-05,1.0837,1.08399,-0.00028999999999990145,1.08437,1.08431,5.999999999994898e-05,PRICE_FEED_DIFFERENCE
2024.01.31 01:00:00,2024-01-31T01:00:00+00:00,2024-01-31T01:00:00+00:00,0,1.08429,1.08432,-2.999999999997449e-05,1.08449,1.08448,9.999999999843467e-06,1.08425,1.08426,-1.0000000000065512e-05,1.08428,1.08428,0.0,PRICE_FEED_DIFFERENCE
2024.01.31 02:00:00,2024-01-31T02:00:00+00:00,2024-01-31T02:00:00+00:00,0,1.08431,1.08429,2.0000000000131024e-05,1.08482,1.08481,9.999999999843467e-06,1.0841,1.08411,-9.999999999843467e-06,1.08427,1.08428,-9.999999999843467e-06,PRICE_FEED_DIFFERENCE
2024.01.31 03:00:00,2024-01-31T03:00:00+00:00,2024-01-31T03:00:00+00:00,0,1.08429,1.08426,2.999999999997449e-05,1.08436,1.08436,0.0,1.08312,1.08313,-9.999999999843467e-06,1.08312,1.08313,-9.999999999843467e-06,PRICE_FEED_DIFFERENCE
2024.01.31 04:00:00,2024-01-31T04:00:00+00:00,2024-01-31T04:00:00+00:00,0,1.08311,1.08313,-1.999999999990898e-05,1.08312,1.08313,-9.999999999843467e-06,1.08161,1.08162,-1.0000000000065512e-05,1.0818,1.0818,0.0,PRICE_FEED_DIFFERENCE
2024.01.31 05:00:00,2024-01-31T05:00:00+00:00,2024-01-31T05:00:00+00:00,0,1.0818,1.0818,0.0,1.08189,1.08187,1.999999999990898e-05,1.08159,1.08159,0.0,1.08186,1.08186,0.0,PRICE_FEED_DIFFERENCE
2024.01.31 06:00:00,2024-01-31T06:00:00+00:00,2024-01-31T06:00:00+00:00,0,1.08186,1.08185,1.0000000000065512e-05,1.08221,1.08222,-1.0000000000065512e-05,1.08181,1.08181,0.0,1.08206,1.08205,1.0000000000065512e-05,PRICE_FEED_DIFFERENCE
2024.01.31 07:00:00,2024-01-31T07:00:00+00:00,2024-01-31T07:00:00+00:00,0,1.08206,1.08203,2.999999999997449e-05,1.0822,1.08219,1.0000000000065512e-05,1.08175,1.08175,0.0,1.08206,1.08204,2.0000000000131024e-05,PRICE_FEED_DIFFERENCE
2024.01.31 08:00:00,2024-01-31T08:00:00+00:00,2024-01-31T08:00:00+00:00,0,1.08204,1.08204,0.0,1.0822,1.0822,0.0,1.0815,1.0815,0.0,1.08155,1.08155,0.0,EXACT_MATCH
2024.01.31 09:00:00,2024-01-31T09:00:00+00:00,2024-01-31T09:00:00+00:00,0,1.08156,1.08155,1.0000000000065512e-05,1.08215,1.08214,9.999999999843467e-06,1.08059,1.0806,-1.0000000000065512e-05,1.08159,1.0816,-9.999999999843467e-06,PRICE_FEED_DIFFERENCE
2024.01.31 10:00:00,2024-01-31T10:00:00+00:00,2024-01-31T10:00:00+00:00,0,1.08161,1.08159,1.999999999990898e-05,1.08261,1.0826,1.0000000000065512e-05,1.08093,1.08092,9.999999999843467e-06,1.08188,1.08189,-1.0000000000065512e-05,PRICE_FEED_DIFFERENCE
2024.01.31 11:00:00,2024-01-31T11:00:00+00:00,2024-01-31T11:00:00+00:00,0,1.08191,1.0819,9.999999999843467e-06,1.08368,1.08367,1.0000000000065512e-05,1.0816,1.08162,-2.0000000000131024e-05,1.08223,1.08221,2.0000000000131024e-05,PRICE_FEED_DIFFERENCE
2024.01.31 12:00:00,2024-01-31T12:00:00+00:00,2024-01-31T12:00:00+00:00,0,1.08223,1.08222,1.0000000000065512e-05,1.08314,1.08315,-1.0000000000065512e-05,1.08212,1.08213,-1.0000000000065512e-05,1.08253,1.08253,0.0,PRICE_FEED_DIFFERENCE
2024.01.31 13:00:00,2024-01-31T13:00:00+00:00,2024-01-31T13:00:00+00:00,0,1.08255,1.08256,-1.0000000000065512e-05,1.08404,1.08404,0.0,1.08253,1.08254,-1.0000000000065512e-05,1.0839,1.08389,1.0000000000065512e-05,PRICE_FEED_DIFFERENCE
2024.01.31 14:00:00,2024-01-31T14:00:00+00:00,2024-01-31T14:00:00+00:00,0,1.0839,1.0839,0.0,1.08429,1.08429,0.0,1.08335,1.08335,0.0,1.08367,1.08366,9.999999999843467e-06,PRICE_FEED_DIFFERENCE
2024.01.31 15:00:00,2024-01-31T15:00:00+00:00,2024-01-31T15:00:00+00:00,0,1.08366,1.08366,0.0,1.08629,1.08628,1.0000000000065512e-05,1.08343,1.08344,-1.0000000000065512e-05,1.08575,1.08575,0.0,PRICE_FEED_DIFFERENCE
2024.01.31 16:00:00,2024-01-31T16:00:00+00:00,2024-01-31T16:00:00+00:00,0,1.08574,1.08575,-1.0000000000065512e-05,1.08865,1.08865,0.0,1.08522,1.08522,0.0,1.08799,1.08799,0.0,PRICE_FEED_DIFFERENCE
2024.01.31 17:00:00,2024-01-31T17:00:00+00:00,2024-01-31T17:00:00+00:00,0,1.08801,1.088,9.999999999843467e-06,1.08873,1.08874,-1.0000000000065512e-05,1.0854,1.0854,0.0,1.08612,1.08613,-1.0000000000065512e-05,PRICE_FEED_DIFFERENCE
2024.01.31 18:00:00,2024-01-31T18:00:00+00:00,2024-01-31T18:00:00+00:00,0,1.08614,1.08611,3.0000000000196536e-05,1.08676,1.08678,-2.0000000000131024e-05,1.08447,1.08448,-1.0000000000065512e-05,1.08545,1.08544,1.0000000000065512e-05,PRICE_FEED_DIFFERENCE
2024.01.31 19:00:00,2024-01-31T19:00:00+00:00,2024-01-31T19:00:00+00:00,0,1.08544,1.08543,1.0000000000065512e-05,1.08546,1.08544,2.0000000000131024e-05,1.08417,1.08418,-9.999999999843467e-06,1.08497,1.08495,1.999999999990898e-05,PRICE_FEED_DIFFERENCE
2024.01.31 20:00:00,2024-01-31T20:00:00+00:00,2024-01-31T20:00:00+00:00,0,1.08496,1.08493,2.999999999997449e-05,1.08525,1.08524,1.0000000000065512e-05,1.08438,1.08437,9.999999999843467e-06,1.0845,1.08458,-8.000000000008001e-05,PRICE_FEED_DIFFERENCE
2024.01.31 21:00:00,2024-01-31T21:00:00+00:00,2024-01-31T21:00:00+00:00,0,1.08451,1.08454,-2.999999999997449e-05,1.08641,1.08642,-9.999999999843467e-06,1.08156,1.08157,-9.999999999843467e-06,1.08405,1.08403,1.999999999990898e-05,PRICE_FEED_DIFFERENCE
2024.01.31 22:00:00,2024-01-31T22:00:00+00:00,2024-01-31T22:00:00+00:00,0,1.08404,1.08402,1.999999999990898e-05,1.08419,1.08417,1.999999999990898e-05,1.07945,1.07949,-4.0000000000040004e-05,1.08077,1.08077,0.0,PRICE_FEED_DIFFERENCE
2024.01.31 23:00:00,2024-01-31T23:00:00+00:00,2024-01-31T23:00:00+00:00,0,1.08078,1.08077,1.0000000000065512e-05,1.08191,1.08194,-2.999999999997449e-05,1.08054,1.08054,0.0,1.08181,1.0818,9.999999999843467e-06,PRICE_FEED_DIFFERENCE
2024.02.01 00:00:00,2024-02-01T00:00:00+00:00,2024-02-01T00:00:00+00:00,0,1.08166,1.0818,-0.000140000000000029,1.08197,1.08203,-5.999999999994898e-05,1.08078,1.08084,-5.999999999994898e-05,1.0813,1.08137,-7.00000000000145e-05,PRICE_FEED_DIFFERENCE
2024.02.01 01:00:00,2024-02-01T01:00:00+00:00,2024-02-01T01:00:00+00:00,0,1.08129,1.08136,-7.00000000000145e-05,1.08159,1.08169,-9.999999999998899e-05,1.0803,1.0803,0.0,1.08039,1.08039,0.0,PRICE_FEED_DIFFERENCE
2024.02.01 02:00:00,2024-02-01T02:00:00+00:00,2024-02-01T02:00:00+00:00,0,1.08038,1.08039,-1.0000000000065512e-05,1.08143,1.08144,-1.0000000000065512e-05,1.08017,1.08016,1.0000000000065512e-05,1.08081,1.08081,0.0,PRICE_FEED_DIFFERENCE
2024.02.01 03:00:00,2024-02-01T03:00:00+00:00,2024-02-01T03:00:00+00:00,0,1.08083,1.08082,1.0000000000065512e-05,1.08124,1.08124,0.0,1.08044,1.08045,-9.999999999843467e-06,1.08089,1.08089,0.0,PRICE_FEED_DIFFERENCE
2024.02.01 04:00:00,2024-02-01T04:00:00+00:00,2024-02-01T04:00:00+00:00,0,1.08086,1.08088,-2.0000000000131024e-05,1.08217,1.08217,0.0,1.08084,1.08084,0.0,1.08191,1.08192,-1.0000000000065512e-05,PRICE_FEED_DIFFERENCE
2024.02.01 05:00:00,2024-02-01T05:00:00+00:00,2024-02-01T05:00:00+00:00,0,1.0819,1.08191,-9.999999999843467e-06,1.08207,1.08207,0.0,1.08108,1.08109,-1.0000000000065512e-05,1.08117,1.08116,1.0000000000065512e-05,PRICE_FEED_DIFFERENCE
2024.02.01 06:00:00,2024-02-01T06:00:00+00:00,2024-02-01T06:00:00+00:00,0,1.08118,1.08117,1.0000000000065512e-05,1.08135,1.08135,0.0,1.08051,1.08052,-9.999999999843467e-06,1.08076,1.08076,0.0,PRICE_FEED_DIFFERENCE
2024.02.01 07:00:00,2024-02-01T07:00:00+00:00,2024-02-01T07:00:00+00:00,0,1.08075,1.08076,-9.999999999843467e-06,1.08075,1.08076,-9.999999999843467e-06,1.08027,1.08026,1.0000000000065512e-05,1.08027,1.08027,0.0,PRICE_FEED_DIFFERENCE
2024.02.01 08:00:00,2024-02-01T08:00:00+00:00,2024-02-01T08:00:00+00:00,0,1.08028,1.08026,1.999999999990898e-05,1.08049,1.0805,-1.0000000000065512e-05,1.07935,1.07938,-2.999999999997449e-05,1.07959,1.0796,-9.999999999843467e-06,PRICE_FEED_DIFFERENCE
2024.02.01 09:00:00,2024-02-01T09:00:00+00:00,2024-02-01T09:00:00+00:00,0,1.07956,1.07958,-1.999999999990898e-05,1.07973,1.07972,1.0000000000065512e-05,1.07838,1.07838,0.0,1.07933,1.07932,9.999999999843467e-06,PRICE_FEED_DIFFERENCE
2024.02.01 10:00:00,2024-02-01T10:00:00+00:00,2024-02-01T10:00:00+00:00,0,1.07929,1.07932,-2.999999999997449e-05,1.0794,1.07939,9.999999999843467e-06,1.07799,1.07799,0.0,1.07917,1.07916,1.0000000000065512e-05,PRICE_FEED_DIFFERENCE
2024.02.01 11:00:00,2024-02-01T11:00:00+00:00,2024-02-01T11:00:00+00:00,0,1.07916,1.07916,0.0,1.08015,1.08016,-1.0000000000065512e-05,1.07865,1.07866,-9.999999999843467e-06,1.07983,1.07983,0.0,PRICE_FEED_DIFFERENCE
2024.02.01 12:00:00,2024-02-01T12:00:00+00:00,2024-02-01T12:00:00+00:00,0,1.07987,1.07989,-1.999999999990898e-05,1.08026,1.08027,-1.0000000000065512e-05,1.07914,1.07914,0.0,1.07931,1.07931,0.0,PRICE_FEED_DIFFERENCE
2024.02.01 13:00:00,2024-02-01T13:00:00+00:00,2024-02-01T13:00:00+00:00,0,1.07932,1.07931,1.0000000000065512e-05,1.08131,1.08132,-1.0000000000065512e-05,1.07925,1.07926,-1.0000000000065512e-05,1.08083,1.08083,0.0,PRICE_FEED_DIFFERENCE
2024.02.01 14:00:00,2024-02-01T14:00:00+00:00,2024-02-01T14:00:00+00:00,0,1.08083,1.08084,-1.0000000000065512e-05,1.08198,1.08199,-1.0000000000065512e-05,1.08055,1.08056,-1.0000000000065512e-05,1.08152,1.08151,1.0000000000065512e-05,PRICE_FEED_DIFFERENCE
2024.02.01 15:00:00,2024-02-01T15:00:00+00:00,2024-02-01T15:00:00+00:00,0,1.0815,1.0815,0.0,1.08273,1.08272,1.0000000000065512e-05,1.08086,1.08087,-1.0000000000065512e-05,1.08138,1.08138,0.0,PRICE_FEED_DIFFERENCE
2024.02.01 16:00:00,2024-02-01T16:00:00+00:00,2024-02-01T16:00:00+00:00,0,1.08138,1.08137,1.0000000000065512e-05,1.08298,1.08298,0.0,1.08115,1.08115,0.0,1.08268,1.08265,3.0000000000196536e-05,PRICE_FEED_DIFFERENCE
2024.02.01 17:00:00,2024-02-01T17:00:00+00:00,2024-02-01T17:00:00+00:00,0,1.08265,1.08265,0.0,1.08318,1.08318,0.0,1.08038,1.08058,-0.00020000000000020002,1.08264,1.08264,0.0,PRICE_FEED_DIFFERENCE
2024.02.01 18:00:00,2024-02-01T18:00:00+00:00,2024-02-01T18:00:00+00:00,0,1.08264,1.08263,1.0000000000065512e-05,1.08659,1.08658,9.999999999843467e-06,1.08264,1.08263,1.0000000000065512e-05,1.08643,1.08645,-1.999999999990898e-05,PRICE_FEED_DIFFERENCE
2024.02.01 19:00:00,2024-02-01T19:00:00+00:00,2024-02-01T19:00:00+00:00,0,1.08648,1.08645,2.999999999997449e-05,1.08747,1.08747,0.0,1.08606,1.08607,-1.0000000000065512e-05,1.08728,1.08727,1.0000000000065512e-05,PRICE_FEED_DIFFERENCE
2024.02.01 20:00:00,2024-02-01T20:00:00+00:00,2024-02-01T20:00:00+00:00,0,1.08727,1.08727,0.0,1.08733,1.08732,9.999999999843467e-06,1.08627,1.08629,-1.999999999990898e-05,1.08696,1.08698,-2.0000000000131024e-05,PRICE_FEED_DIFFERENCE
2024.02.01 21:00:00,2024-02-01T21:00:00+00:00,2024-02-01T21:00:00+00:00,0,1.08698,1.08698,0.0,1.08748,1.08748,0.0,1.08678,1.08678,0.0,1.08719,1.08718,1.0000000000065512e-05,PRICE_FEED_DIFFERENCE
2024.02.01 22:00:00,2024-02-01T22:00:00+00:00,2024-02-01T22:00:00+00:00,0,1.08718,1.08719,-1.0000000000065512e-05,1.08748,1.08748,0.0,1.08681,1.08681,0.0,1.08715,1.08716,-9.999999999843467e-06,PRICE_FEED_DIFFERENCE
2024.02.01 23:00:00,2024-02-01T23:00:00+00:00,2024-02-01T23:00:00+00:00,0,1.08714,1.08715,-1.0000000000065512e-05,1.08731,1.08732,-1.0000000000065512e-05,1.08681,1.08681,0.0,1.08713,1.08712,9.999999999843467e-06,PRICE_FEED_DIFFERENCE
2024.02.02 00:00:00,2024-02-02T00:00:00+00:00,2024-02-02T00:00:00+00:00,0,1.08719,1.08712,7.00000000000145e-05,1.08739,1.08735,4.0000000000040004e-05,1.08638,1.08668,-0.000300000000000189,1.08726,1.08726,0.0,PRICE_FEED_DIFFERENCE
